0 1791334719781644 23632
1 1791334719814689 33034
2 1791334719826513 27427
3 1791334719846126 26213
4 1791334719869517 26816
5 1791334719886231 21877
6 1791334719902750 23928
7 1791334719923631 25124
8 1791334719946452 22817
9 1791334719965214 25611
10 1791334719980376 21642
11 1791334720006630 26249
12 1791334720022868 24090
13 1791334720040031 21254
14 1791334720068262 28225
15 1791334720090480 26767
16 1791334720107097 28511
17 1791334720121761 22046
18 1791334720139437 21206
19 1791334720160810 21370
20 1791334720185869 26270
21 1791334720213779 31632
22 1791334720226884 27192
23 1791334720240681 20916
24 1791334720268463 27906
25 1791334720288153 25211
26 1791334720307098 24744
27 1791334720325601 25138
28 1791334720342293 23894
29 1791334720368907 26610
30 1791334720386028 21411
31 1791334720402611 22434
32 1791334720427136 24522
33 1791334720444192 23403
34 1791334720459939 21636
35 1791334720485994 26557
36 1791334720507353 25182
37 1791334720528487 25601
38 1791334720545557 22898
39 1791334720565328 26690
40 1791334720587294 25471
41 1791334720605766 25492
42 1791334720624829 23956
43 1791334720647626 22795
44 1791334720667590 25949
45 1791334720690331 30165
46 1791334720700759 21160
47 1791334720727176 28034
48 1791334720753432 26253
49 1791334720764842 23958
50 1791334720781959 23337
51 1791334720807520 25620
52 1791334720827728 24148
53 1791334720845431 22587
54 1791334720865059 26225
55 1791334720884903 25567
56 1791334720905526 26921
57 1791334720931479 25998
58 1791334720944186 23328
59 1791334720965196 25457
60 1791334720981856 23433
61 1791334721006115 26257
62 1791334721020642 20521
63 1791334721040511 21572
64 1791334721066174 25660
65 1791334721086252 27540
66 1791334721100734 20985
67 1791334721119187 20781
68 1791334721146834 27642
69 1791334721165933 26034
70 1791334721188600 22767
71 1791334721205794 23981
72 1791334721224165 23777
73 1791334721242542 22998
74 1791334721265935 23389
75 1791334721287141 27186
76 1791334721307035 23768
77 1791334721327334 27807
78 1791334721345855 21860
79 1791334721368936 30165
80 1791334721386493 22519
81 1791334721402219 22572
82 1791334721429329 27106
83 1791334721446957 23727
84 1791334721460991 21347
85 1791334721487886 26891
86 1791334721506973 24663
87 1791334721525771 22225
88 1791334721547663 28241
89 1791334721569967 30284
90 1791334721588327 24655
91 1791334721607534 25621
92 1791334721629949 27997
93 1791334721648313 23646
94 1791334721662496 23131
95 1791334721685958 23458
96 1791334721707308 28606
97 1791334721726482 23508
98 1791334721747420 27793
99 1791334721769733 25186
100 1791334721790023 25963
101 1791334721807891 27636
102 1791334721825616 26862
103 1791334721847509 27957
104 1791334721867678 23719
105 1791334721887337 23158
106 1791334721901152 21594
107 1791334721927621 26464
108 1791334721947258 25440
109 1791334721968658 24801
110 1791334721986869 27059
111 1791334722016158 31436
112 1791334722026422 27127
113 1791334722045612 22060
114 1791334722067850 27198
115 1791334722092468 27424
116 1791334722109105 22911
117 1791334722127302 28076
118 1791334722141302 21169
119 1791334722167784 26654
120 1791334722182753 21039
121 1791334722203519 24260
122 1791334722228102 28847
123 1791334722256206 28162
124 1791334722266637 25460
125 1791334722291818 28708
126 1791334722309785 27532
127 1791334722325847 26456
128 1791334722347802 28723
129 1791334722363499 24561
130 1791334722385790 25250
131 1791334722402063 22139
132 1791334722426505 26847
133 1791334722446751 24073
134 1791334722462560 22626
135 1791334722486830 27821
136 1791334722506895 28072
137 1791334722530626 23783
138 1791334722543505 23387
139 1791334722564851 21388
140 1791334722585039 26384
141 1791334722605850 26556
142 1791334722626628 28201
143 1791334722645400 25717
144 1791334722662616 23826
145 1791334722678962 20419
146 1791334722706188 27224
147 1791334722729798 23665
148 1791334722740659 21952
149 1791334722768716 28053
150 1791334722789205 25133
151 1791334722806772 22704
152 1791334722826229 25542
153 1791334722845062 22301
154 1791334722871255 30984
155 1791334722887095 22072
156 1791334722904871 25171
157 1791334722920497 22179
158 1791334722946577 27146
159 1791334722967931 21743
160 1791334722980050 21213
161 1791334723001618 21563
162 1791334723026799 27251
163 1791334723049560 30708
164 1791334723067492 27835
165 1791334723083928 22797
166 1791334723101436 22822
167 1791334723122291 20852
168 1791334723142987 24281
169 1791334723160035 21501
170 1791334723186919 26881
171 1791334723207696 27738
172 1791334723226211 23097
173 1791334723248121 27585
174 1791334723265479 24655
175 1791334723285864 27061
176 1791334723306812 27606
177 1791334723325890 26809
178 1791334723342935 23932
179 1791334723366232 23291
180 1791334723386143 22180
181 1791334723401870 22270
182 1791334723427030 25155
183 1791334723448714 21727
184 1791334723467367 29162
185 1791334723480034 21164
186 1791334723505563 25914
187 1791334723527932 28004
188 1791334723548956 26992
189 1791334723566635 24435
190 1791334723585906 26688
191 1791334723603659 24765
192 1791334723626540 27469
193 1791334723647562 25110
194 1791334723664329 25108
195 1791334723681245 22445
196 1791334723706720 25462
197 1791334723726611 22960
198 1791334723747111 27593
199 1791334723766231 24223
200 1791334723786737 27762
201 1791334723807257 26111
202 1791334723826639 25190
203 1791334723846011 26659
204 1791334723867338 27832
205 1791334723886666 28312
206 1791334723906648 26151
207 1791334723922680 22809
208 1791334723944655 21972
209 1791334723965444 25433
210 1791334723986861 25858
211 1791334724007846 25751
212 1791334724028134 24101
213 1791334724046408 23613
214 1791334724067456 27767
215 1791334724086104 21436
216 1791334724102685 23722
217 1791334724125979 23290
218 1791334724147686 26958
219 1791334724161169 21147
220 1791334724185446 24274
221 1791334724207182 24702
222 1791334724227748 24818
223 1791334724248781 26978
224 1791334724269570 26940
225 1791334724292339 27630
226 1791334724303826 24848
227 1791334724326641 25982
228 1791334724342423 23025
229 1791334724366259 27364
230 1791334724387809 24320
231 1791334724402897 24102
232 1791334724426870 24014
233 1791334724447868 20996
234 1791334724468494 28711
235 1791334724489109 25022
236 1791334724508268 26574
237 1791334724525463 22489
238 1791334724546411 26690
239 1791334724568516 29706
240 1791334724586921 27265
241 1791334724605295 23564
242 1791334724632264 26966
243 1791334724645929 26030
244 1791334724665533 26957
245 1791334724684198 25119
246 1791334724705757 26436
247 1791334724723095 24204
248 1791334724746633 25683
249 1791334724766072 27311
250 1791334724787827 21895
251 1791334724803581 23622
252 1791334724826729 26879
253 1791334724847648 24848
254 1791334724864582 24996
255 1791334724883595 22763
256 1791334724907206 28192
257 1791334724925880 23908
258 1791334724944410 26074
259 1791334724966788 22375
260 1791334724985774 26975
261 1791334725008345 26256
262 1791334725026102 22835
263 1791334725040963 22048
264 1791334725063126 24147
265 1791334725082734 23243
266 1791334725106588 25428
267 1791334725123108 22150
268 1791334725144768 21808
269 1791334725167761 27243
270 1791334725194945 29083
271 1791334725211596 31619
272 1791334725227267 22496
273 1791334725241827 22445
274 1791334725267231 25609
275 1791334725283277 21905
276 1791334725308186 29298
277 1791334725329998 25695
278 1791334725341677 23044
279 1791334725366316 24633
280 1791334725386455 23431
281 1791334725404730 25119
282 1791334725432276 27542
283 1791334725449709 24184
284 1791334725465700 25744
285 1791334725485252 23495
286 1791334725507109 27651
287 1791334725530159 29185
288 1791334725547202 23458
289 1791334725568350 28634
290 1791334725586802 28268
291 1791334725608800 27834
292 1791334725627526 23850
293 1791334725641899 21996
294 1791334725661996 21578
295 1791334725685270 25255
296 1791334725700742 21134
297 1791334725725557 26818
298 1791334725745994 24340
299 1791334725760034 20356
300 1791334725787869 28161
301 1791334725803127 24944
302 1791334725824765 25058
303 1791334725850999 31377
304 1791334725866786 21910
305 1791334725884796 24886
306 1791334725910486 25688
307 1791334725922398 22647
308 1791334725945458 23057
309 1791334725969694 30938
310 1791334725986803 25070
311 1791334726006706 25851
312 1791334726024282 24625
313 1791334726048522 24236
314 1791334726071997 31275
315 1791334726087122 22159
316 1791334726105094 25664
317 1791334726125460 26506
318 1791334726145304 26746
319 1791334726164141 25597
320 1791334726185289 26840
321 1791334726204860 26477
322 1791334726221030 20739
323 1791334726247601 27812
324 1791334726261698 23319
325 1791334726286441 27156
326 1791334726308442 25853
327 1791334726326412 22550
328 1791334726349477 28899
329 1791334726368237 24593
330 1791334726386966 27570
331 1791334726407150 27656
332 1791334726425450 25666
333 1791334726446335 26564
334 1791334726467312 28365
335 1791334726484790 23991
336 1791334726512357 33308
337 1791334726527668 21972
338 1791334726547353 26530
339 1791334726566840 27243
340 1791334726585862 27010
341 1791334726610242 30686
342 1791334726628470 24455
343 1791334726647414 26713
344 1791334726665999 22921
345 1791334726686570 27961
346 1791334726706525 24918
347 1791334726725993 23363
348 1791334726745836 24674
349 1791334726765378 24402
350 1791334726780826 21247
351 1791334726806882 27235
352 1791334726830257 23433
353 1791334726846745 26777
354 1791334726864729 26264
355 1791334726891038 31661
356 1791334726905175 20800
357 1791334726920456 22174
358 1791334726948078 29196
359 1791334726972563 24481
360 1791334726984177 21975
361 1791334727005741 26183
362 1791334727026849 26086
363 1791334727047083 27336
364 1791334727067890 25385
365 1791334727080457 22233
366 1791334727110096 29635
367 1791334727127498 23766
368 1791334727139439 20609
369 1791334727168035 28594
370 1791334727184233 24807
371 1791334727209156 30290
372 1791334727227240 27703
373 1791334727243799 21282
374 1791334727270646 30624
375 1791334727291095 26907
376 1791334727304614 24775
377 1791334727326817 28014
378 1791334727340049 21024
379 1791334727362196 22829
380 1791334727387785 27758
381 1791334727399166 20803
382 1791334727429869 30938
383 1791334727448061 24005
384 1791334727466960 22681
385 1791334727486653 28085
386 1791334727506917 27153
387 1791334727526900 28146
388 1791334727552110 25207
389 1791334727565417 25401
390 1791334727585818 26824
391 1791334727601808 23170
392 1791334727635220 33407
393 1791334727647781 27998
394 1791334727667643 24662
395 1791334727687666 27644
396 1791334727706359 26519
397 1791334727725966 25922
398 1791334727745585 27091
399 1791334727769109 23566
400 1791334727787275 25841
401 1791334727805665 26690
402 1791334727825217 24421
403 1791334727846040 26674
404 1791334727868023 27585
405 1791334727886106 24930
406 1791334727904220 23515
407 1791334727930444 27677
408 1791334727957020 33294
409 1791334727967414 27708
410 1791334727997500 37873
411 1791334728009200 27922
412 1791334728027615 28922
413 1791334728051880 29910
414 1791334728070748 31369
415 1791334728086939 27423
416 1791334728115638 30330
417 1791334728127713 27790
418 1791334728151828 32378
419 1791334728169818 29805
420 1791334728189676 29847
421 1791334728218969 34052
422 1791334728239219 31421
423 1791334728246576 27645
424 1791334728268332 29108
425 1791334728287460 28807
426 1791334728308225 29538
427 1791334728325778 26787
428 1791334728343788 23855
429 1791334728372072 31859
430 1791334728395830 36792
431 1791334728406722 27847
432 1791334728428321 27974
433 1791334728448773 26485
434 1791334728467005 26120
435 1791334728487867 26180
436 1791334728512404 32149
437 1791334728528913 29578
438 1791334728550860 31322
439 1791334728581779 37347
440 1791334728596669 29250
441 1791334728609209 27427
442 1791334728627388 26555
443 1791334728646763 26916
444 1791334728677982 31216
445 1791334728688510 28572
446 1791334728706648 21492
447 1791334728727962 28317
448 1791334728752651 32796
449 1791334728778705 33496
450 1791334728789993 30767
451 1791334728807152 28443
452 1791334728831139 23984
453 1791334728845685 27005
454 1791334728867482 27748
455 1791334728890598 30697
456 1791334728916803 32879
457 1791334728927862 27917
458 1791334728957241 33309
459 1791334728975250 32175
460 1791334728989637 27180
461 1791334729009042 29721
462 1791334729030899 29178
463 1791334729047662 29430
464 1791334729071206 31160
465 1791334729087510 27558
466 1791334729107563 29265
467 1791334729128205 28556
468 1791334729157881 33097
469 1791334729169787 25990
470 1791334729189678 30602
471 1791334729205956 26630
472 1791334729221737 21945
473 1791334729247834 27186
474 1791334729274700 34533
475 1791334729288134 21630
476 1791334729311793 32887
477 1791334729327966 27258
478 1791334729347673 28112
479 1791334729366786 24854
480 1791334729387580 25838
481 1791334729410130 31169
482 1791334729428943 29510
483 1791334729446673 26334
484 1791334729472372 30401
485 1791334729499642 39972
486 1791334729516551 37555
487 1791334729544694 45050
488 1791334729568050 45734
489 1791334729598034 53329
490 1791334729611926 45593
491 1791334729625692 47083
492 1791334729651212 53174
493 1791334729674857 55340
494 1791334729694776 54238
495 1791334729718618 59160
496 1791334729743503 60013
497 1791334729760079 60525
498 1791334729781185 62564
499 1791334729797919 58870
500 1791334729820742 60659
501 1791334729847342 66418
502 1791334729855273 53482
503 1791334729887690 67842
504 1791334729908598 68520
505 1791334729926389 65366
506 1791334729948734 67427
507 1791334729965033 62697
508 1791334729987279 68010
509 1791334730007713 68558
510 1791334730026751 66814
511 1791334730047784 65157
512 1791334730066319 66248
513 1791334730090996 72084
514 1791334730109735 69448
515 1791334730133004 73457
516 1791334730156755 74665
517 1791334730176599 74893
518 1791334730197913 78530
519 1791334730217874 78125
520 1791334730245022 85438
521 1791334730256325 76008
522 1791334730274022 73350
523 1791334730297711 77434
524 1791334730317732 79127
525 1791334730343313 80512
526 1791334730364497 85024
527 1791334730382924 83914
528 1791334730400234 79798
529 1791334730430331 88426
530 1791334730447375 82869
531 1791334730460965 80961
532 1791334730482481 82236
533 1791334730505853 87137
534 1791334730518417 78447
535 1791334730537619 77391
536 1791334730556884 74398
537 1791334730576279 77515
538 1791334730592962 74540
539 1791334730617107 77241
540 1791334730637048 76467
541 1791334730657393 75822
542 1791334730673951 74456
543 1791334730699862 81321
544 1791334730712698 74265
545 1791334730738576 75715
546 1791334730753252 73692
547 1791334730771877 72008
548 1791334730785018 64876
549 1791334730808709 70128
550 1791334730820112 61450
551 1791334730839675 56569
552 1791334730855535 51944
553 1791334730872579 52460
554 1791334730887118 47435
555 1791334730910488 50439
556 1791334730922341 43216
557 1791334730937596 38266
558 1791334730950931 28581
559 1791334730975797 30820
560 1791334730987775 27973
561 1791334731008973 29307
562 1791334731029676 27782
563 1791334731051093 31103
564 1791334731077993 33204
565 1791334731088548 28251
566 1791334731108186 27401
567 1791334731128605 29963
568 1791334731162306 39668
569 1791334731177291 30442
570 1791334731187756 25446
571 1791334731206885 28309
572 1791334731233350 33411
573 1791334731248922 29084
574 1791334731276588 38167
575 1791334731294297 31861
576 1791334731306602 26989
577 1791334731331069 31034
578 1791334731347340 27549
579 1791334731366053 26644
580 1791334731391725 31616
581 1791334731408309 28584
582 1791334731434359 32079
583 1791334731447942 29153
584 1791334731468693 28720
585 1791334731487284 27584
586 1791334731506704 25160
587 1791334731528400 29755
588 1791334731548624 29812
589 1791334731587111 39765
590 1791334731599002 38466
591 1791334731620170 33051
592 1791334731632598 33590
593 1791334731649988 29812
594 1791334731670309 31168
595 1791334731687764 26344
596 1791334731707978 29381
597 1791334731727063 25125
598 1791334731757998 30932
599 1791334731770188 31458
600 1791334731797589 32357
601 1791334731810419 28293
602 1791334731828910 27621
603 1791334731849924 31245
604 1791334731878073 34217
605 1791334731895957 30344
606 1791334731907314 29238
607 1791334731927039 27164
608 1791334731951523 32723
609 1791334731970825 31067
610 1791334731987416 27723
611 1791334732007045 28110
612 1791334732024836 26232
613 1791334732046695 27029
614 1791334732070679 28823
615 1791334732086813 27809
616 1791334732104762 25308
617 1791334732126519 26690
618 1791334732147986 26305
619 1791334732166158 22205
620 1791334732195693 29532
621 1791334732206723 28393
622 1791334732226691 26980
623 1791334732246962 27313
624 1791334732263983 24349
625 1791334732287446 23460
626 1791334732302713 22752
627 1791334732325937 26827
628 1791334732349108 29215
629 1791334732366794 25998
630 1791334732388111 28973
631 1791334732406134 25114
632 1791334732427297 27467
633 1791334732448457 25995
634 1791334732468850 25869
635 1791334732488791 28730
636 1791334732511152 27108
637 1791334732533923 34263
638 1791334732556990 38596
639 1791334732567785 25919
640 1791334732588834 27071
641 1791334732605048 23055
642 1791334732627452 28279
643 1791334732647864 29420
644 1791334732666697 27925
645 1791334732691113 30413
646 1791334732715498 35506
647 1791334732726016 26931
648 1791334732760170 37714
649 1791334732777065 34886
650 1791334732798896 38723
651 1791334732821051 41257
652 1791334732847217 48318
653 1791334732868161 47099
654 1791334732889007 49932
655 1791334732916264 53723
656 1791334732928810 50493
657 1791334732955685 55552
658 1791334732978481 56441
659 1791334732996698 56611
660 1791334733011161 52157
661 1791334733036824 58339
662 1791334733067059 66792
663 1791334733078142 59574
664 1791334733109578 64865
665 1791334733117577 57425
666 1791334733136939 58794
667 1791334733167102 67177
668 1791334733185765 66567
669 1791334733206459 67387
670 1791334733224954 65063
671 1791334733247641 67078
672 1791334733272868 73648
673 1791334733286748 67851
674 1791334733309050 67199
675 1791334733326634 65510
676 1791334733354655 74655
677 1791334733370162 66729
678 1791334733389885 67756
679 1791334733417529 78806
680 1791334733430034 70723
681 1791334733451046 71463
682 1791334733479935 75883
683 1791334733497399 76537
684 1791334733508353 68623
685 1791334733536777 78466
686 1791334733557541 77753
687 1791334733577704 75718
688 1791334733596838 76934
689 1791334733615419 74899
690 1791334733632697 71184
691 1791334733662033 77754
692 1791334733678692 75151
693 1791334733696701 77803
694 1791334733721453 82413
695 1791334733739396 77357
696 1791334733757834 79138
697 1791334733780573 79892
698 1791334733812655 91731
699 1791334733824920 85519
700 1791334733840764 81861
701 1791334733863181 82743
702 1791334733882159 77311
703 1791334733906468 81541
704 1791334733917540 76770
705 1791334733938063 74877
706 1791334733955252 75338
707 1791334733967497 69033
708 1791334733980936 59013
709 1791334733999298 61223
710 1791334734018827 57506
711 1791334734036321 55648
712 1791334734056128 56825
713 1791334734067430 48598
714 1791334734085433 43713
715 1791334734098114 37834
716 1791334734114411 35371
717 1791334734130858 32739
718 1791334734145602 26448
719 1791334734166725 24762
720 1791334734191870 28757
721 1791334734207292 27200
722 1791334734234652 34810
723 1791334734249108 28241
724 1791334734266374 27478
725 1791334734293829 35378
726 1791334734311719 28826
727 1791334734337709 32745
728 1791334734349035 29596
729 1791334734367653 26204
730 1791334734393950 31570
731 1791334734409204 28456
732 1791334734432630 26654
733 1791334734455765 34351
734 1791334734467408 27590
735 1791334734485523 26460
736 1791334734507394 27785
737 1791334734534419 32335
738 1791334734546285 26538
739 1791334734572743 34201
740 1791334734589004 30000
741 1791334734609643 30768
742 1791334734627912 28485
743 1791334734654160 34245
744 1791334734668460 25792
745 1791334734687968 27870
746 1791334734709908 30505
747 1791334734728924 29762
748 1791334734755089 33020
749 1791334734769416 29951
750 1791334734787580 28837
751 1791334734809302 30372
752 1791334734829053 26904
753 1791334734846862 28091
754 1791334734869050 29218
755 1791334734887338 25442
756 1791334734908148 29703
757 1791334734931298 31389
758 1791334734955870 35550
759 1791334734970385 27012
760 1791334734987099 27046
761 1791334735010049 31035
762 1791334735031278 32689
763 1791334735046630 27416
764 1791334735068516 29495
765 1791334735088977 29664
766 1791334735109875 30562
767 1791334735126229 27106
768 1791334735151310 30438
769 1791334735167612 28574
770 1791334735191705 32738
771 1791334735219942 34839
772 1791334735238300 30848
773 1791334735245776 25830
774 1791334735268800 30496
775 1791334735290848 31739
776 1791334735306673 27471
777 1791334735331348 26692
778 1791334735346961 27161
779 1791334735368113 28490
780 1791334735387322 24577
781 1791334735408251 28560
782 1791334735425589 25928
783 1791334735449761 29834
784 1791334735471036 28735
785 1791334735494372 34273
786 1791334735521834 41468
787 1791334735533795 34752
788 1791334735555388 33547
789 1791334735565979 23123
790 1791334735587766 29225
791 1791334735618472 38977
792 1791334735636192 36392
793 1791334735648595 30115
794 1791334735667539 24151
795 1791334735696705 37565
796 1791334735707326 25466
797 1791334735733226 33593
798 1791334735757166 31779
799 1791334735772732 34076
800 1791334735783385 24677
801 1791334735808468 29028
802 1791334735827392 25162
803 1791334735847687 27230
804 1791334735867047 24101
805 1791334735893378 30269
806 1791334735905958 27415
807 1791334735936500 34736
808 1791334735947754 24349
809 1791334735967840 26657
810 1791334735988919 27754
811 1791334736006825 26419
812 1791334736028627 27065
813 1791334736048379 27257
814 1791334736077626 33766
815 1791334736097863 38967
816 1791334736114556 35729
817 1791334736144277 44439
818 1791334736160400 41430
819 1791334736186937 45931
820 1791334736207458 47224
821 1791334736239863 59190
822 1791334736252622 52516
823 1791334736278114 59192
824 1791334736304786 64916
825 1791334736326105 66188
826 1791334736345760 67636
827 1791334736376197 77533
828 1791334736397047 78110
829 1791334736419823 80976
830 1791334736452503 92164
831 1791334736469767 90803
832 1791334736490359 91436
833 1791334736512075 92247
834 1791334736534362 92472
835 1791334736551918 92528
836 1791334736575427 95890
837 1791334736601297 101600
838 1791334736618982 100354
839 1791334736646757 105049
840 1791334736661702 98435
841 1791334736682704 102506
842 1791334736698696 97394
843 1791334736726742 107886
844 1791334736747773 101012
845 1791334736758691 99366
846 1791334736781375 101256
847 1791334736808508 109808
848 1791334736828130 101383
849 1791334736840483 101641
850 1791334736858195 99499
851 1791334736875117 93739
852 1791334736909444 105139
853 1791334736923485 104656
854 1791334736934804 94690
855 1791334736957971 99773
856 1791334736965520 86911
857 1791334736992282 82834
858 1791334737004517 81026
859 1791334737021649 78486
860 1791334737036474 74133
861 1791334737057036 77439
862 1791334737067673 69053
863 1791334737090672 69017
864 1791334737107014 68369
865 1791334737122107 63795
866 1791334737136302 56412
867 1791334737147104 47464
868 1791334737168343 46234
869 1791334737175201 36382
870 1791334737191271 28296
871 1791334737208527 27645
872 1791334737230232 27820
873 1791334737246788 27976
874 1791334737266468 27444
875 1791334737289842 29701
876 1791334737307402 28665
877 1791334737329097 26279
878 1791334737350256 30621
879 1791334737372836 33411
880 1791334737399413 39390
881 1791334737415261 36169
882 1791334737429832 30411
883 1791334737447485 28405
884 1791334737466616 26371
885 1791334737489542 26470
886 1791334737511323 30218
887 1791334737530279 30655
888 1791334737556766 38100
889 1791334737569808 27690
890 1791334737584788 25861
891 1791334737617740 32949
892 1791334737629455 30111
893 1791334737650284 27065
894 1791334737667674 28290
895 1791334737689530 29840
896 1791334737708687 28760
897 1791334737736061 34823
898 1791334737748940 29312
899 1791334737767296 27203
900 1791334737788525 28652
901 1791334737809847 27765
902 1791334737820909 22099
903 1791334737851041 30128
904 1791334737878648 36622
905 1791334737893211 33885
906 1791334737908528 29878
907 1791334737927562 26030
908 1791334737948048 27789
909 1791334737970126 31337
910 1791334737987238 26123
911 1791334738015932 35241
912 1791334738028486 28181
913 1791334738053417 32251
914 1791334738068803 30027
915 1791334738092563 33328
916 1791334738111295 32134
917 1791334738129687 29363
918 1791334738147920 28124
919 1791334738168109 25969
920 1791334738188133 25393
921 1791334738205726 25670
922 1791334738228379 29674
923 1791334738245829 24610
924 1791334738265564 27064
925 1791334738295007 31941
926 1791334738310460 30879
927 1791334738327151 26398
928 1791334738348726 30133
929 1791334738367124 28541
930 1791334738389091 29201
931 1791334738416264 38046
932 1791334738432052 28023
933 1791334738447625 28521
934 1791334738475593 35425
935 1791334738486829 25335
936 1791334738505486 25668
937 1791334738528118 27914
938 1791334738551008 28260
939 1791334738568883 30252
940 1791334738587532 25685
941 1791334738606103 23562
942 1791334738631036 29775
943 1791334738647760 27845
944 1791334738672393 32537
945 1791334738697721 38338
946 1791334738708725 29584
947 1791334738728848 24962
948 1791334738752578 26006
949 1791334738766682 26669
950 1791334738795269 28585
951 1791334738807863 27975
952 1791334738828191 28271
953 1791334738846917 27556
954 1791334738868884 29078
955 1791334738889005 29481
956 1791334738906608 26807
957 1791334738929605 27219
958 1791334738945830 26637
959 1791334738974436 28603
960 1791334738990223 27202
961 1791334739007323 28046
962 1791334739027480 27467
963 1791334739048091 28020
964 1791334739070295 31658
965 1791334739091921 33563
966 1791334739111637 33090
967 1791334739131157 32144
968 1791334739156445 31941
969 1791334739167672 29364
970 1791334739186162 26299
971 1791334739208257 28440
972 1791334739225855 27353
973 1791334739250602 24742
974 1791334739276073 31688
975 1791334739286606 27421
976 1791334739307828 29606
977 1791334739330344 27249
978 1791334739347154 27960
979 1791334739376218 35903
980 1791334739387531 27083
981 1791334739406216 26096
982 1791334739422499 22523
983 1791334739447101 24945
984 1791334739467628 27320
985 1791334739488324 25007
986 1791334739506540 25350
987 1791334739532364 31984
988 1791334739556386 31800
989 1791334739568777 29721
990 1791334739587981 28733
991 1791334739607327 25965
992 1791334739627344 26622
993 1791334739647954 27733
994 1791334739671911 30659
995 1791334739694221 28295
996 1791334739705943 25857
997 1791334739734341 35591
998 1791334739747359 27755
999 1791334739768299 29350
1000 1791334739789136 27036
1001 1791334739814730 35988
1002 1791334739827881 29548
1003 1791334739847692 28749
1004 1791334739869091 27844
1005 1791334739897445 32035
1006 1791334739908479 28392
1007 1791334739933832 32160
1008 1791334739954860 34719
1009 1791334739977144 38010
1010 1791334740001140 41082
1011 1791334740018471 40189
1012 1791334740044874 43731
1013 1791334740068554 50066
1014 1791334740091040 50659
1015 1791334740112468 50908
1016 1791334740137547 57454
1017 1791334740154499 54484
1018 1791334740178393 59709
1019 1791334740200464 60098
1020 1791334740216058 57425
1021 1791334740242273 63876
1022 1791334740256819 56818
1023 1791334740277041 55250
1024 1791334740297288 57395
1025 1791334740326895 61101
1026 1791334740337187 58013
1027 1791334740365724 61655
1028 1791334740387596 67669
1029 1791334740407566 65895
1030 1791334740427244 67626
1031 1791334740448642 65503
1032 1791334740461052 62359
1033 1791334740489848 70791
1034 1791334740519498 81123
1035 1791334740535613 74713
1036 1791334740550806 71896
1037 1791334740574289 75258
1038 1791334740584759 65978
1039 1791334740614690 74455
1040 1791334740627065 67131
1041 1791334740656020 77134
1042 1791334740678636 74796
1043 1791334740706771 79703
1044 1791334740711989 73523
1045 1791334740728329 69666
1046 1791334740750883 72244
1047 1791334740770492 71005
1048 1791334740791106 71668
1049 1791334740815870 76856
1050 1791334740840736 80836
1051 1791334740866541 85717
1052 1791334740878094 79843
1053 1791334740900793 79840
1054 1791334740928278 87539
1055 1791334740940427 81380
1056 1791334740956912 78814
1057 1791334740979199 78403
1058 1791334740997500 77638
1059 1791334741021880 81449
1060 1791334741036185 76945
1061 1791334741050714 71513
1062 1791334741075813 75428
1063 1791334741087366 67862
1064 1791334741108073 68298
1065 1791334741129203 69628
1066 1791334741147302 67071
1067 1791334741166540 66578
1068 1791334741187306 68930
1069 1791334741198536 59633
1070 1791334741221363 62273
1071 1791334741234694 56009
1072 1791334741251328 52789
1073 1791334741271612 50245
1074 1791334741287551 48770
1075 1791334741307581 48325
1076 1791334741323860 42857
1077 1791334741338140 38636
1078 1791334741360150 39161
1079 1791334741375200 37057
1080 1791334741391909 31757
1081 1791334741408742 28656
1082 1791334741430758 28959
1083 1791334741450346 29929
1084 1791334741470300 30487
1085 1791334741490687 32178
1086 1791334741508502 29360
1087 1791334741527585 27805
1088 1791334741547436 28588
1089 1791334741569751 28882
1090 1791334741588387 29544
1091 1791334741607106 25393
1092 1791334741627964 27372
1093 1791334741652033 30895
1094 1791334741676840 31408
1095 1791334741687342 27510
1096 1791334741709253 27302
1097 1791334741731552 33009
1098 1791334741747670 29109
1099 1791334741768042 27235
1100 1791334741788900 30143
1101 1791334741815941 37449
1102 1791334741837937 36062
1103 1791334741860542 33779
1104 1791334741877180 32578
1105 1791334741889371 29492
1106 1791334741916797 32859
1107 1791334741927139 25476
1108 1791334741946089 26097
1109 1791334741972892 33584
1110 1791334741989173 28878
1111 1791334742011305 32796
1112 1791334742028835 25832
1113 1791334742045538 26206
1114 1791334742080116 34704
1115 1791334742098669 31579
1116 1791334742106172 26053
1117 1791334742128153 29744
1118 1791334742148056 26935
1119 1791334742169527 26774
1120 1791334742191160 26242
1121 1791334742210060 29957
1122 1791334742226448 27255
1123 1791334742253484 32615
1124 1791334742275040 29391
1125 1791334742296758 32357
1126 1791334742307100 28100
1127 1791334742329081 30114
1128 1791334742356157 31366
1129 1791334742366654 28402
1130 1791334742388115 29725
1131 1791334742408239 29462
1132 1791334742426126 26940
1133 1791334742446950 28281
1134 1791334742470737 31250
1135 1791334742485897 25531
1136 1791334742510092 29655
1137 1791334742541600 37578
1138 1791334742556328 37197
1139 1791334742566698 25094
1140 1791334742590338 31450
1141 1791334742605299 26478
1142 1791334742629866 30731
1143 1791334742645294 26712
1144 1791334742677834 32536
1145 1791334742690363 30305
1146 1791334742708741 29677
1147 1791334742726191 27580
1148 1791334742747263 27688
1149 1791334742777566 38833
1150 1791334742788334 29437
1151 1791334742809889 26249
1152 1791334742827260 28302
1153 1791334742848733 28696
1154 1791334742867031 26348
1155 1791334742891539 28560
1156 1791334742907077 28678
1157 1791334742942384 42782
1158 1791334742949252 25605
1159 1791334742968471 26084
1160 1791334742990971 28236
1161 1791334743004786 24987
1162 1791334743027585 22795
1163 1791334743045245 25715
1164 1791334743067207 25516
1165 1791334743087392 26670
1166 1791334743104926 23866
1167 1791334743124054 25291
1168 1791334743143905 24078
1169 1791334743161341 22912
1170 1791334743185155 23809
1171 1791334743202869 23054
1172 1791334743225879 26716
1173 1791334743247740 21857
1174 1791334743260232 20852
1175 1791334743286956 26720
1176 1791334743307198 24663
1177 1791334743328030 23805
1178 1791334743346400 24561
1179 1791334743366576 28263
1180 1791334743386425 27728
1181 1791334743405933 25932
1182 1791334743425706 27181
1183 1791334743448853 23144
1184 1791334743465011 26072
1185 1791334743486740 27326
1186 1791334743506619 26914
1187 1791334743527891 21266
1188 1791334743545332 26505
1189 1791334743570011 28873
1190 1791334743591088 27363
1191 1791334743601688 22993
1192 1791334743624597 22906
1193 1791334743645720 21120
1194 1791334743661335 22596
1195 1791334743688687 27644
1196 1791334743702070 23346
1197 1791334743725911 26042
1198 1791334743750263 29186
1199 1791334743766437 26147
1200 1791334743786258 25894
1201 1791334743802084 22118
1202 1791334743827256 28599
1203 1791334743845817 27392
1204 1791334743862849 24510
1205 1791334743889829 26976
1206 1791334743906974 22924
1207 1791334743922068 22044
1208 1791334743944124 24093
1209 1791334743965002 26559
1210 1791334743983951 25591
1211 1791334744006479 22524
1212 1791334744028946 22463
1213 1791334744044283 23525
1214 1791334744067956 23669
1215 1791334744085814 24491
1216 1791334744105076 24971
1217 1791334744125886 26929
1218 1791334744147664 28961
1219 1791334744163824 23182
1220 1791334744186862 23035
1221 1791334744207036 26929
1222 1791334744221184 22098
1223 1791334744244962 23775
1224 1791334744268896 30381
1225 1791334744290609 25329
1226 1791334744307438 27831
1227 1791334744325018 26190
1228 1791334744341163 22596
1229 1791334744367022 25857
1230 1791334744386064 23422
1231 1791334744412031 29641
1232 1791334744424795 25776
1233 1791334744446818 27252
1234 1791334744472391 25663
1235 1791334744483628 21662
1236 1791334744510563 31789
1237 1791334744527052 21327
1238 1791334744548006 25917
1239 1791334744565950 27756
1240 1791334744589941 24039
1241 1791334744607052 26241
1242 1791334744623888 22550
1243 1791334744642204 23832
1244 1791334744670125 27917
1245 1791334744687928 22067
1246 1791334744700711 22209
1247 1791334744723329 23979
1248 1791334744742546 22572
1249 1791334744767531 28101
1250 1791334744789878 22591
1251 1791334744806134 27420
1252 1791334744830537 24453
1253 1791334744846815 26817
1254 1791334744869694 22873
1255 1791334744885075 25503
1256 1791334744903729 24688
1257 1791334744929341 29980
1258 1791334744948066 22725
1259 1791334744966070 26071
1260 1791334744984525 24516
1261 1791334745006381 26576
1262 1791334745021585 22899
1263 1791334745047959 29356
1264 1791334745067106 24213
1265 1791334745081232 21270
1266 1791334745107964 26990
1267 1791334745122943 21829
1268 1791334745145681 22734
1269 1791334745167609 28059
1270 1791334745187484 22403
1271 1791334745204833 25273
1272 1791334745231302 26466
1273 1791334745247336 22382
1274 1791334745268807 27923
1275 1791334745284834 21145
1276 1791334745307632 26659
1277 1791334745332386 28495
1278 1791334745347374 25653
1279 1791334745361822 22527
1280 1791334745387595 28714
1281 1791334745407028 23062
1282 1791334745422945 21800
1283 1791334745439237 20926
1284 1791334745467711 28470
1285 1791334745486227 26966
1286 1791334745508718 27266
1287 1791334745527047 25011
1288 1791334745547879 26970
1289 1791334745565938 22453
1290 1791334745587166 26614
1291 1791334745608137 27130
1292 1791334745625043 25463
1293 1791334745646658 27913
1294 1791334745667098 28644
1295 1791334745687342 28363
1296 1791334745707255 23612
1297 1791334745727517 25414
1298 1791334745743637 22269
1299 1791334745765708 26109
1300 1791334745785142 23921
1301 1791334745810612 30475
1302 1791334745827185 22163
1303 1791334745849062 22100
1304 1791334745864088 25541
1305 1791334745888824 24733
1306 1791334745906438 27631
1307 1791334745925427 26461
1308 1791334745945351 23463
1309 1791334745968470 28603
1310 1791334745987692 24367
1311 1791334746006995 23514
1312 1791334746025131 25877
1313 1791334746050375 29132
1314 1791334746065873 27556
1315 1791334746080045 21409
1316 1791334746108094 28046
1317 1791334746127352 24367
1318 1791334746140989 22701
1319 1791334746172973 31982
1320 1791334746187768 26695
1321 1791334746219538 39923
1322 1791334746231033 31989
1323 1791334746264186 44645
1324 1791334746284785 46362
1325 1791334746303683 44996
1326 1791334746317346 38340
1327 1791334746345360 41675
1328 1791334746359649 39866
1329 1791334746391304 51864
1330 1791334746409967 50314
1331 1791334746431276 48295
1332 1791334746451160 48157
1333 1791334746466022 44558
1334 1791334746488912 49443
1335 1791334746520067 59254
1336 1791334746544489 63009
1337 1791334746567095 62506
1338 1791334746577142 57069
1339 1791334746607721 64276
1340 1791334746609190 48809
1341 1791334746639652 59374
1342 1791334746666851 64075
1343 1791334746682296 61130
1344 1791334746694055 54400
1345 1791334746726268 65068
1346 1791334746745299 63000
1347 1791334746768893 69876
1348 1791334746780545 61169
1349 1791334746821235 82238
1350 1791334746825756 66861
1351 1791334746855974 75974
1352 1791334746872870 68889
1353 1791334746897181 75944
1354 1791334746914545 73362
1355 1791334746937372 71539
1356 1791334746949103 69436
1357 1791334746985629 85811
1358 1791334746995919 70244
1359 1791334747011087 70432
1360 1791334747029361 70108
1361 1791334747049606 70504
1362 1791334747069857 69046
1363 1791334747100933 82593
1364 1791334747110644 67018
1365 1791334747129927 70832
1366 1791334747157656 75629
1367 1791334747171309 71852
1368 1791334747191454 72566
1369 1791334747227887 87711
1370 1791334747244749 84092
1371 1791334747263901 85501
1372 1791334747286440 86844
1373 1791334747299122 77528
1374 1791334747329038 86765
1375 1791334747350455 87566
1376 1791334747362248 82936
1377 1791334747387515 88386
1378 1791334747411397 88308
1379 1791334747427894 87956
1380 1791334747449024 88378
1381 1791334747478208 97059
1382 1791334747489086 89814
1383 1791334747523047 100125
1384 1791334747544046 104793
1385 1791334747555066 84817
1386 1791334747569680 91465
1387 1791334747591178 90832
1388 1791334747621219 98165
1389 1791334747621248 77199
1390 1791334747650162 80475
1391 1791334747675866 95456
1392 1791334747722071 122519
1393 1791334747730573 109348
1394 1791334747762517 122147
1395 1791334747780240 116247
1396 1791334747801687 121310
1397 1791334747818531 118128
1398 1791334747847767 125692
1399 1791334747870910 116788
1400 1791334747870968 108447
1401 1791334747885688 106279
1402 1791334747913668 111975
1403 1791334747945670 127134
1404 1791334747976277 136936
1405 1791334748000698 129767
1406 1791334748001886 117937
1407 1791334748018198 115729
1408 1791334748040893 121664
1409 1791334748057946 118793
1410 1791334748075086 111932
1411 1791334748096667 117483
1412 1791334748109759 109056
1413 1791334748151027 132823
1414 1791334748162553 121658
1415 1791334748188905 129760
1416 1791334748209781 130956
1417 1791334748228761 129240
1418 1791334748252330 125263
1419 1791334748260040 121841
1420 1791334748279655 117097
1421 1791334748297904 113082
1422 1791334748317443 115338
1423 1791334748330112 110760
1424 1791334748340671 98738
1425 1791334748362962 102916
1426 1791334748378407 98748
1427 1791334748397457 93444
1428 1791334748410086 86552
1429 1791334748428671 87995
1430 1791334748435791 73727
1431 1791334748446107 67694
1432 1791334748463300 62998
1433 1791334748477067 55532
1434 1791334748499437 60159
1435 1791334748505740 46186
1436 1791334748528251 48932
1437 1791334748531026 31582
1438 1791334748560525 34002
1439 1791334748568181 29400
1440 1791334748591715 31940
1441 1791334748610378 27855
1442 1791334748641698 42500
1443 1791334748660795 41774
1444 1791334748669304 27602
1445 1791334748704007 43831
1446 1791334748717228 38356
1447 1791334748729441 25428
1448 1791334748746385 26795
1449 1791334748767204 28272
1450 1791334748787999 28520
1451 1791334748810073 30808
1452 1791334748832950 33248
1453 1791334748847999 28841
1454 1791334748871538 32034
1455 1791334748906667 47506
1456 1791334748925784 46721
1457 1791334748948664 41986
1458 1791334748963209 40784
1459 1791334748978027 37912
1460 1791334748997104 38071
1461 1791334749021409 43378
1462 1791334749040908 41496
1463 1791334749062284 40870
1464 1791334749077102 36189
1465 1791334749103913 41620
1466 1791334749116806 35317
1467 1791334749135908 33691
1468 1791334749146723 26772
1469 1791334749163077 23326
1470 1791334749195454 35421
1471 1791334749213384 32423
1472 1791334749236311 37282
1473 1791334749248049 28779
1474 1791334749269788 28475
1475 1791334749286951 28318
1476 1791334749308005 27933
1477 1791334749328019 28262
1478 1791334749345089 25246
1479 1791334749376839 38126
1480 1791334749400674 42283
1481 1791334749408962 27841
1482 1791334749442605 41928
1483 1791334749458832 35523
1484 1791334749478748 36140
1485 1791334749487734 28899
1486 1791334749516186 37435
1487 1791334749532790 27278
1488 1791334749549108 29015
1489 1791334749571989 31326
1490 1791334749590380 31600
1491 1791334749606624 22974
1492 1791334749623939 25285
1493 1791334749663653 41571
1494 1791334749688790 45383
1495 1791334749698594 34939
1496 1791334749719577 34989
1497 1791334749735305 36707
1498 1791334749748987 29406
1499 1791334749767955 29329
1500 1791334749796345 35112
1501 1791334749805674 26282
1502 1791334749830116 29552
1503 1791334749849461 30419
1504 1791334749869794 29428
1505 1791334749887007 28252
1506 1791334749914190 35114
1507 1791334749933364 27963
1508 1791334749953022 30803
1509 1791334749975794 35395
1510 1791334749994824 36623
1511 1791334750013073 31908
1512 1791334750033883 33204
1513 1791334750058415 39823
1514 1791334750081338 41023
1515 1791334750098067 39649
1516 1791334750110159 29124
1517 1791334750138017 39947
1518 1791334750150532 31348
1519 1791334750180444 42424
1520 1791334750213668 45741
1521 1791334750217852 37405
1522 1791334750230933 30357
1523 1791334750258834 37264
1524 1791334750286368 38353
1525 1791334750295879 37042
1526 1791334750309827 30531
1527 1791334750329287 28637
1528 1791334750359561 36919
1529 1791334750377870 35743
1530 1791334750386459 26894
1531 1791334750407960 27551
1532 1791334750438364 36791
1533 1791334750457891 33231
1534 1791334750475803 37435
1535 1791334750489832 26457
1536 1791334750514356 35004
1537 1791334750536416 37264
1538 1791334750556204 37289
1539 1791334750577867 36483
1540 1791334750591292 31930
1541 1791334750617782 36444
1542 1791334750628176 26501
1543 1791334750653250 30360
1544 1791334750675848 36428
1545 1791334750696511 36797
1546 1791334750707692 22766
1547 1791334750729448 27878
1548 1791334750749982 29392
1549 1791334750768686 27786
1550 1791334750788850 28091
1551 1791334750819659 36502
1552 1791334750829412 29823
1553 1791334750852829 33168
1554 1791334750877890 37627
1555 1791334750896631 28867
1556 1791334750915832 34822
1557 1791334750930500 24178
1558 1791334750949841 28468
1559 1791334750978860 37962
1560 1791334751003183 43043
1561 1791334751010526 31662
1562 1791334751032263 33147
1563 1791334751056366 31490
1564 1791334751070367 31713
1565 1791334751097592 35702
1566 1791334751111771 33041
1567 1791334751136692 35797
1568 1791334751149704 30857
1569 1791334751169566 30820
1570 1791334751197359 34739
1571 1791334751212505 30295
1572 1791334751240048 37115
1573 1791334751252261 32207
1574 1791334751267830 29447
1575 1791334751299175 38996
1576 1791334751318562 34194
1577 1791334751346145 46968
1578 1791334751361258 42693
1579 1791334751372955 26806
1580 1791334751388685 30166
1581 1791334751409962 30507
1582 1791334751435676 36786
1583 1791334751458887 38712
1584 1791334751478082 38929
1585 1791334751487561 28663
1586 1791334751504406 26320
1587 1791334751530039 26543
1588 1791334751549093 29804
1589 1791334751577000 38198
1590 1791334751597656 37300
1591 1791334751625673 45700
1592 1791334751636606 36915
1593 1791334751648871 28883
1594 1791334751679918 40513
1595 1791334751703134 42498
1596 1791334751714080 34299
1597 1791334751736286 33148
1598 1791334751758197 37837
1599 1791334751776116 35032
1600 1791334751789724 31525
1601 1791334751827255 47502
1602 1791334751837548 38135
1603 1791334751861839 36993
1604 1791334751876028 37301
1605 1791334751895946 35539
1606 1791334751919838 41335
1607 1791334751937554 30707
1608 1791334751963456 43615
1609 1791334751979169 38808
1610 1791334752000921 42346
1611 1791334752016172 37001
1612 1791334752037522 38607
1613 1791334752067203 47047
1614 1791334752081181 42226
1615 1791334752098129 31637
1616 1791334752125925 44742
1617 1791334752135670 37538
1618 1791334752160927 40707
1619 1791334752176243 36309
1620 1791334752196401 35471
1621 1791334752230860 44176
1622 1791334752248579 49856
1623 1791334752266421 42471
1624 1791334752287539 47412
1625 1791334752305092 41068
1626 1791334752327604 46589
1627 1791334752339762 36208
1628 1791334752352521 31552
1629 1791334752377914 38791
1630 1791334752398184 39066
1631 1791334752435095 55593
1632 1791334752445686 47499
1633 1791334752471136 50782
1634 1791334752490583 51426
1635 1791334752517101 52019
1636 1791334752526504 47372
1637 1791334752541833 42153
1638 1791334752560519 39619
1639 1791334752580352 38509
1640 1791334752600958 40434
1641 1791334752626808 46449
1642 1791334752645664 45639
1643 1791334752671321 50360
1644 1791334752695821 55447
1645 1791334752712270 48713
1646 1791334752719335 36221
1647 1791334752747784 48674
1648 1791334752769298 50286
1649 1791334752796597 57116
1650 1791334752821588 58509
1651 1791334752836242 57674
1652 1791334752853276 53877
1653 1791334752878370 56776
1654 1791334752889547 50608
1655 1791334752902816 43793
1656 1791334752927240 48866
1657 1791334752949673 49664
1658 1791334752973874 53590
1659 1791334752997236 58587
1660 1791334753017508 58639
1661 1791334753042895 56667
1662 1791334753060188 59681
1663 1791334753078064 58030
1664 1791334753103164 60265
1665 1791334753118581 58389
1666 1791334753139545 61477
1667 1791334753157140 53972
1668 1791334753178118 59535
1669 1791334753197592 58044
1670 1791334753228073 67596
1671 1791334753230813 52691
1672 1791334753258340 55165
1673 1791334753280315 62018
1674 1791334753297715 58128
1675 1791334753326032 67689
1676 1791334753354387 74063
1677 1791334753371257 69912
1678 1791334753389703 70673
1679 1791334753407186 68018
1680 1791334753417044 57765
1681 1791334753436868 57111
1682 1791334753463509 60544
1683 1791334753486481 66070
1684 1791334753515035 75107
1685 1791334753526601 65735
1686 1791334753546639 63289
1687 1791334753559134 54912
1688 1791334753586142 67094
1689 1791334753645475 106031
1690 1791334753645561 86422
1691 1791334753645577 66596
1692 1791334753668491 69839
1693 1791334753704385 58901
1694 1791334753705454 59923
1695 1791334753705480 41094
1696 1791334753755289 74911
1697 1791334753762678 58289
1698 1791334753775049 53538
1699 1791334753800450 61231
1700 1791334753825520 62835
1701 1791334753846391 67467
1702 1791334753867304 66851
1703 1791334753903720 83930
1704 1791334753918234 73272
1705 1791334753929003 70091
1706 1791334753956766 68869
1707 1791334753977214 75329
1708 1791334753993922 75684
1709 1791334754014368 73923
1710 1791334754030225 71202
1711 1791334754048660 65520
1712 1791334754068091 67882
1713 1791334754086473 66470
1714 1791334754115383 75635
1715 1791334754129363 70252
1716 1791334754141792 63422
1717 1791334754168673 67161
1718 1791334754182561 63587
1719 1791334754216344 75813
1720 1791334754233970 72026
1721 1791334754253124 73675
1722 1791334754268706 69352
1723 1791334754296741 77485
1724 1791334754322192 76218
1725 1791334754334874 73882
1726 1791334754345693 65954
1727 1791334754362335 63050
1728 1791334754387889 65695
1729 1791334754407791 67394
1730 1791334754428171 68252
1731 1791334754442295 62412
1732 1791334754475224 75369
1733 1791334754487507 60580
1734 1791334754506367 65347
1735 1791334754520472 61724
1736 1791334754536790 57762
1737 1791334754553650 52786
1738 1791334754592373 71897
1739 1791334754594540 55295
1740 1791334754623035 61293
1741 1791334754647853 67186
1742 1791334754676132 77115
1743 1791334754683301 62285
1744 1791334754706400 68003
1745 1791334754721914 56238
1746 1791334754739874 58941
1747 1791334754757192 55370
1748 1791334754773575 54552
1749 1791334754791309 51431
1750 1791334754808672 49338
1751 1791334754829687 50757
1752 1791334754850044 50635
1753 1791334754868335 45763
1754 1791334754888733 48866
1755 1791334754899870 40601
1756 1791334754927374 44386
1757 1791334754941636 42117
1758 1791334754955466 35458
1759 1791334754969327 30438
1760 1791334754993349 31507
1761 1791334755008953 28611
1762 1791334755036558 36916
1763 1791334755048764 29619
1764 1791334755085224 43843
1765 1791334755099301 35591
1766 1791334755114772 35499
1767 1791334755145962 46658
1768 1791334755149780 28958
1769 1791334755178231 34594
1770 1791334755196880 36272
1771 1791334755208643 30410
1772 1791334755246209 46041
1773 1791334755248618 29575
1774 1791334755285227 46147
1775 1791334755300301 37482
1776 1791334755316575 33254
1777 1791334755337211 36907
1778 1791334755356296 37017
1779 1791334755377888 33956
1780 1791334755391976 32360
1781 1791334755414349 33172
1782 1791334755436902 37361
1783 1791334755463750 44972
1784 1791334755478144 39061
1785 1791334755499191 35439
1786 1791334755523736 45589
1787 1791334755538047 39422
1788 1791334755560749 38713
1789 1791334755577391 39339
1790 1791334755597042 36289
1791 1791334755632468 45002
1792 1791334755638738 38234
1793 1791334755657225 38411
1794 1791334755678856 40100
1795 1791334755696158 37711
1796 1791334755719762 40904
1797 1791334755740217 40924
1798 1791334755774309 54543
1799 1791334755785274 45053
1800 1791334755815651 56370
1801 1791334755829274 50001
1802 1791334755840227 39992
1803 1791334755862809 44063
1804 1791334755887725 48994
1805 1791334755914501 52642
1806 1791334755925067 45825
1807 1791334755947270 48336
1808 1791334755973284 52194
1809 1791334755990116 51595
1810 1791334756018349 58924
1811 1791334756029675 50420
1812 1791334756048413 49443
1813 1791334756063460 45108
1814 1791334756087863 42500
1815 1791334756112988 50362
1816 1791334756127469 43107
1817 1791334756142685 37896
1818 1791334756166056 46460
1819 1791334756198217 56276
1820 1791334756202209 38078
1821 1791334756228778 48930
1822 1791334756247502 49282
1823 1791334756259921 40978
1824 1791334756288248 48012
1825 1791334756318181 58258
1826 1791334756329000 44555
1827 1791334756349206 49523
1828 1791334756369648 51464
1829 1791334756388384 46899
1830 1791334756414828 56471
1831 1791334756437975 57934
1832 1791334756458484 58539
1833 1791334756471727 51443
1834 1791334756488545 48709
1835 1791334756505820 47333
1836 1791334756536067 51004
1837 1791334756547768 48148
1838 1791334756574359 54628
1839 1791334756595355 56539
1840 1791334756601681 39312
1841 1791334756632930 51609
1842 1791334756655400 53974
1843 1791334756671294 47274
1844 1791334756696410 56899
1845 1791334756717331 58427
1846 1791334756737230 57440
1847 1791334756757300 55460
1848 1791334756777930 55182
1849 1791334756795107 53708
1850 1791334756817997 58800
1851 1791334756837452 56399
1852 1791334756858952 59484
1853 1791334756879554 57431
1854 1791334756903649 62333
1855 1791334756906945 48274
1856 1791334756946393 67055
1857 1791334756962420 58769
1858 1791334756987195 67236
1859 1791334756999268 60075
1860 1791334757017137 58014
1861 1791334757037925 59139
1862 1791334757056645 57373
1863 1791334757078054 58550
1864 1791334757102727 63672
1865 1791334757121680 62442
1866 1791334757131849 53792
1867 1791334757161204 58472
1868 1791334757179960 59148
1869 1791334757206835 67667
1870 1791334757226835 65803
1871 1791334757236447 56547
1872 1791334757260053 60007
1873 1791334757277590 55831
1874 1791334757301046 62395
1875 1791334757323338 64012
1876 1791334757344035 60032
1877 1791334757376229 75180
1878 1791334757397275 73934
1879 1791334757415166 71976
1880 1791334757427170 63788
1881 1791334757446436 64632
1882 1791334757463024 62450
1883 1791334757487575 68537
1884 1791334757507811 68379
1885 1791334757527322 67281
1886 1791334757539169 60455
1887 1791334757567219 68168
1888 1791334757590151 70824
1889 1791334757606164 66992
1890 1791334757628089 69471
1891 1791334757651544 72988
1892 1791334757667109 67656
1893 1791334757683548 64714
1894 1791334757707661 67459
1895 1791334757723861 64140
1896 1791334757749128 68294
1897 1791334757768085 64712
1898 1791334757784208 62367
1899 1791334757811501 70304
1900 1791334757831328 71202
1901 1791334757851873 72532
1902 1791334757875423 70826
1903 1791334757885318 66376
1904 1791334757907826 65054
1905 1791334757930419 62897
1906 1791334757945478 64248
1907 1791334757962893 63489
1908 1791334757985425 64570
1909 1791334758011223 71946
1910 1791334758035156 73053
1911 1791334758061691 80687
1912 1791334758077672 77033
1913 1791334758097613 78829
1914 1791334758115046 75895
1915 1791334758134570 72876
1916 1791334758157136 72940
1917 1791334758169949 67309
1918 1791334758186167 67228
1919 1791334758210213 68944
1920 1791334758219637 61303
1921 1791334758252170 71210
1922 1791334758258931 60250
1923 1791334758275045 55927
1924 1791334758297013 58039
1925 1791334758311226 52293
1926 1791334758329869 51244
1927 1791334758347348 44304
1928 1791334758360452 41246
1929 1791334758379564 40104
1930 1791334758399717 41086
1931 1791334758414046 34477
1932 1791334758424155 24434
1933 1791334758445518 26864
1934 1791334758466540 27925
1935 1791334758496381 34029
1936 1791334758516268 35396
1937 1791334758534604 33842
1938 1791334758548425 29213
1939 1791334758577830 38494
1940 1791334758603514 44796
1941 1791334758620505 40806
1942 1791334758635379 31861
1943 1791334758657581 37071
1944 1791334758666172 27598
1945 1791334758698133 37906
1946 1791334758716418 31615
1947 1791334758734299 36163
1948 1791334758746579 27513
1949 1791334758767941 28917
1950 1791334758787975 27900
1951 1791334758809994 29760
1952 1791334758827203 26370
1953 1791334758848601 28381
1954 1791334758868718 28869
1955 1791334758893662 34194
1956 1791334758916757 37333
1957 1791334758928152 28822
1958 1791334758957482 35853
1959 1791334758976204 37830
1960 1791334758989706 30763
1961 1791334759011046 32722
1962 1791334759030099 30069
1963 1791334759050280 31692
1964 1791334759076902 37252
1965 1791334759094054 30929
1966 1791334759108117 28024
1967 1791334759129013 30827
1968 1791334759147037 28039
1969 1791334759177996 39303
1970 1791334759193819 31866
1971 1791334759208381 28334
1972 1791334759238533 38075
1973 1791334759261417 42641
1974 1791334759277604 39069
1975 1791334759307161 46653
1976 1791334759316403 37687
1977 1791334759337261 38142
1978 1791334759356460 36853
1979 1791334759374280 33522
1980 1791334759388158 27578
1981 1791334759416937 38064
1982 1791334759441778 43150
1983 1791334759465287 40980
1984 1791334759487235 45547
1985 1791334759508300 48199
1986 1791334759513379 28935
1987 1791334759536768 36870
1988 1791334759567367 41092
1989 1791334759584521 38452
1990 1791334759599191 40143
1991 1791334759620011 40887
1992 1791334759637816 38616
1993 1791334759657698 39060
1994 1791334759672106 30882
1995 1791334759703128 41253
1996 1791334759728290 48509
1997 1791334759732964 30744
1998 1791334759762066 40599
1999 1791334759786847 47015
2000 1791334759801801 40380
2001 1791334759828828 50204
2002 1791334759838185 37008
2003 1791334759866250 39466
2004 1791334759880603 42416
2005 1791334759912428 53672
2006 1791334759921129 40522
2007 1791334759946862 47697
2008 1791334759977624 58784
2009 1791334759996077 54506
2010 1791334760008611 45250
2011 1791334760032809 52022
2012 1791334760046909 45331
2013 1791334760067370 46822
2014 1791334760087798 48676
2015 1791334760110156 50893
2016 1791334760136284 57665
2017 1791334760151465 52309
2018 1791334760164829 43769
2019 1791334760186912 47930
2020 1791334760212116 50348
2021 1791334760227044 43765
2022 1791334760247043 44545
2023 1791334760270749 48234
2024 1791334760288324 49572
2025 1791334760309333 48981
2026 1791334760329664 47909
2027 1791334760355828 56635
2028 1791334760366086 44257
2029 1791334760387891 48333
2030 1791334760417384 57050
2031 1791334760435394 56839
2032 1791334760465397 58738
2033 1791334760475117 56230
2034 1791334760507123 61771
2035 1791334760516867 51467
2036 1791334760544270 65006
2037 1791334760554475 55273
2038 1791334760579825 60349
2039 1791334760591365 50410
2040 1791334760621025 61567
2041 1791334760628825 48996
2042 1791334760659054 58983
2043 1791334760677887 56855
2044 1791334760701443 60704
2045 1791334760718904 59925
2046 1791334760733399 45742
2047 1791334760758281 56836
2048 1791334760768065 49158
2049 1791334760788931 47998
2050 1791334760806026 47742
2051 1791334760833889 54823
2052 1791334760847105 46793
2053 1791334760880222 60876
2054 1791334760897250 58105
2055 1791334760917338 58428
2056 1791334760938098 57872
2057 1791334760957877 54363
2058 1791334760977055 57618
2059 1791334760989311 51210
2060 1791334761016914 57357
2061 1791334761032949 53186
2062 1791334761056558 54865
2063 1791334761078627 59521
2064 1791334761098665 57230
2065 1791334761127642 64496
2066 1791334761136856 58225
2067 1791334761157377 58697
2068 1791334761170533 49552
2069 1791334761207491 67127
2070 1791334761225162 65909
2071 1791334761246960 65511
2072 1791334761266238 59180
2073 1791334761291393 67188
2074 1791334761307395 64843
2075 1791334761326823 63847
2076 1791334761339192 58597
2077 1791334761355219 55375
2078 1791334761383498 62095
2079 1791334761403985 64790
2080 1791334761428527 66625
2081 1791334761447765 65629
2082 1791334761467938 65376
2083 1791334761488220 65130
2084 1791334761510827 71520
2085 1791334761528432 66095
2086 1791334761543413 60359
2087 1791334761567530 69009
2088 1791334761598485 77970
2089 1791334761624869 82244
2090 1791334761641453 77537
2091 1791334761662721 81176
2092 1791334761676411 77923
2093 1791334761687988 63116
2094 1791334761707704 66246
2095 1791334761735301 72577
2096 1791334761759357 79153
2097 1791334761771165 68708
2098 1791334761793160 74259
2099 1791334761811936 72960
2100 1791334761825110 65750
2101 1791334761852027 70611
2102 1791334761872217 73849
2103 1791334761896548 74851
2104 1791334761917500 78729
2105 1791334761936014 77375
2106 1791334761948478 69884
2107 1791334761975734 75616
2108 1791334761991226 71774
2109 1791334762008118 69286
2110 1791334762028184 69256
2111 1791334762039095 59666
2112 1791334762077427 77161
2113 1791334762095550 76734
2114 1791334762110312 71214
2115 1791334762128527 69968
2116 1791334762147592 64603
2117 1791334762167573 66370
2118 1791334762186837 66221
2119 1791334762209075 69403
2120 1791334762228253 69110
2121 1791334762254984 74695
2122 1791334762271989 72891
2123 1791334762294955 76191
2124 1791334762327932 87498
2125 1791334762336670 76498
2126 1791334762348651 69216
2127 1791334762372206 72225
2128 1791334762386115 61538
2129 1791334762407963 66595
2130 1791334762426557 62857
2131 1791334762438836 60068
2132 1791334762458802 58213
2133 1791334762477490 58102
2134 1791334762499327 60487
2135 1791334762509767 50962
2136 1791334762526261 43709
2137 1791334762547603 48272
2138 1791334762553872 34953
2139 1791334762576299 37659
2140 1791334762588293 29007
2141 1791334762610490 30945
2142 1791334762638178 36138
2143 1791334762651454 32011
2144 1791334762665576 27395
2145 1791334762698133 38828
2146 1791334762716687 32850
2147 1791334762739244 41109
2148 1791334762752139 33057
2149 1791334762773057 33810
2150 1791334762791112 30920
2151 1791334762810588 31339
2152 1791334762832363 33642
2153 1791334762859211 40180
2154 1791334762876807 38307
2155 1791334762896293 37079
2156 1791334762915878 36850
2157 1791334762932178 33167
2158 1791334762955316 36056
2159 1791334762968082 29625
2160 1791334762991168 31940
2161 1791334763007746 28863
2162 1791334763027727 29365
2163 1791334763057155 31002
2164 1791334763071002 31739
2165 1791334763085427 25895
2166 1791334763118495 37182
2167 1791334763136905 35153
2168 1791334763156183 37685
2169 1791334763174732 26709
2170 1791334763196563 36542
2171 1791334763218438 32443
2172 1791334763234378 28634
2173 1791334763257884 39443
2174 1791334763272520 33841
2175 1791334763287135 27037
2176 1791334763318157 39136
2177 1791334763332444 30796
2178 1791334763347970 29810
2179 1791334763384336 44476
2180 1791334763397797 37549
2181 1791334763412262 27923
2182 1791334763431195 32214
2183 1791334763440422 20934
2184 1791334763476271 35836
2185 1791334763493762 35053
2186 1791334763508164 23855
2187 1791334763530604 31599
2188 1791334763549589 30401
2189 1791334763574429 31361
2190 1791334763600180 33181
2191 1791334763613711 33101
2192 1791334763639558 39372
2193 1791334763652730 32730
2194 1791334763678867 39301
2195 1791334763700779 40803
2196 1791334763736980 58108
2197 1791334763751004 50219
2198 1791334763766835 41902
2199 1791334763783050 38052
2200 1791334763789537 31009
2201 1791334763819975 36922
2202 1791334763837703 37376
2203 1791334763859968 40898
2204 1791334763879329 40054
2205 1791334763901478 41507
2206 1791334763921840 42507
2207 1791334763942080 40597
2208 1791334763954531 35217
2209 1791334763984002 44489
2210 1791334764008449 49246
2211 1791334764029957 50211
2212 1791334764048140 47428
2213 1791334764072426 45693
2214 1791334764084408 44933
2215 1791334764098790 40332
2216 1791334764121406 40125
2217 1791334764136874 38298
2218 1791334764162366 41718
2219 1791334764188081 48875
2220 1791334764212778 51186
2221 1791334764227137 43656
2222 1791334764246760 44554
2223 1791334764274608 55243
2224 1791334764295750 56848
2225 1791334764309312 42861
2226 1791334764332650 52209
2227 1791334764351814 51655
2228 1791334764365497 44843
2229 1791334764388635 47277
2230 1791334764416702 53905
2231 1791334764439781 54489
2232 1791334764448717 45573
2233 1791334764477582 58513
2234 1791334764494990 55207
2235 1791334764509202 47013
2236 1791334764537679 56713
2237 1791334764564764 65485
2238 1791334764583894 62945
2239 1791334764602056 62694
2240 1791334764621987 57219
2241 1791334764641174 57273
2242 1791334764659529 57467
2243 1791334764687343 65351
2244 1791334764693227 52046
2245 1791334764722389 62853
2246 1791334764740955 57998
2247 1791334764757680 58233
2248 1791334764779505 58293
2249 1791334764794348 55484
2250 1791334764828073 64676
2251 1791334764859065 79554
2252 1791334764870085 70324
2253 1791334764882532 62921
2254 1791334764905509 66160
2255 1791334764920410 61338
2256 1791334764937835 59270
2257 1791334764960332 60893
2258 1791334764979897 59483
2259 1791334765010430 62361
2260 1791334765015901 55959
2261 1791334765045848 65944
2262 1791334765062852 63287
2263 1791334765079844 53008
2264 1791334765108819 62967
2265 1791334765135246 75102
2266 1791334765163276 83429
2267 1791334765177194 72223
2268 1791334765186992 67461
2269 1791334765206531 67456
2270 1791334765226935 64160
2271 1791334765249423 67898
2272 1791334765269752 70421
2273 1791334765282519 61696
2274 1791334765309771 70131
2275 1791334765331279 72462
2276 1791334765344056 61531
2277 1791334765358695 59558
2278 1791334765388390 67389
2279 1791334765418337 76519
2280 1791334765438894 80194
2281 1791334765453938 74940
2282 1791334765474846 76242
2283 1791334765488427 70086
2284 1791334765510076 71175
2285 1791334765530402 70722
2286 1791334765548839 69619
2287 1791334765567689 68670
2288 1791334765583314 63964
2289 1791334765614134 75439
2290 1791334765622918 62862
2291 1791334765640184 60895
2292 1791334765676832 76061
2293 1791334765685951 65111
2294 1791334765712514 72323
2295 1791334765725175 62645
2296 1791334765748977 65957
2297 1791334765769471 67559
2298 1791334765795272 73518
2299 1791334765809731 68313
2300 1791334765827519 67603
2301 1791334765846803 67302
2302 1791334765864016 65043
2303 1791334765892652 68604
2304 1791334765905572 66027
2305 1791334765926494 63830
2306 1791334765943001 64324
2307 1791334765966164 66682
2308 1791334765982564 62374
2309 1791334766008873 65867
2310 1791334766020557 60151
2311 1791334766030850 48997
2312 1791334766056928 57766
2313 1791334766071059 50496
2314 1791334766090960 48553
2315 1791334766108127 48977
2316 1791334766136042 53618
2317 1791334766147190 47415
2318 1791334766169947 51321
2319 1791334766179896 40889
2320 1791334766197774 36116
2321 1791334766216484 36581
2322 1791334766237050 37069
2323 1791334766258061 37964
2324 1791334766269179 26240
2325 1791334766290037 31960
2326 1791334766313679 33824
2327 1791334766324464 25362
2328 1791334766351974 33058
2329 1791334766370350 25126
2330 1791334766384482 25127
2331 1791334766401026 22263
2332 1791334766424164 23130
2333 1791334766446036 27545
2334 1791334766464396 25658
2335 1791334766484556 25870
2336 1791334766505517 26181
2337 1791334766522704 23601
2338 1791334766547487 28734
2339 1791334766565941 26865
2340 1791334766588095 27583
2341 1791334766607333 28058
2342 1791334766626530 26440
2343 1791334766648231 26749
2344 1791334766668633 23067
2345 1791334766687112 24221
2346 1791334766709047 29341
2347 1791334766727242 23962
2348 1791334766746846 25504
2349 1791334766766019 27489
2350 1791334766787023 20998
2351 1791334766801657 23437
2352 1791334766829924 28260
2353 1791334766847975 25538
2354 1791334766862405 21118
2355 1791334766887412 25003
2356 1791334766907205 25506
2357 1791334766926353 25625
2358 1791334766940350 21436
2359 1791334766968115 27960
2360 1791334766988924 25086
2361 1791334767008453 26614
2362 1791334767026503 23946
2363 1791334767046491 25112
2364 1791334767067432 27605
2365 1791334767091652 27841
2366 1791334767105035 26214
2367 1791334767128181 29319
2368 1791334767147823 25046
2369 1791334767169233 27430
2370 1791334767185585 25725
2371 1791334767205543 27182
2372 1791334767228528 22978
2373 1791334767247300 26515
2374 1791334767267082 23735
2375 1791334767285296 26686
2376 1791334767307267 27205
2377 1791334767323847 24890
2378 1791334767341883 23325
2379 1791334767368581 26692
2380 1791334767397329 28742
2381 1791334767407556 21037
2382 1791334767424664 25574
2383 1791334767447404 22738
2384 1791334767466945 24665
2385 1791334767485322 26533
2386 1791334767507032 21774
2387 1791334767522524 22453
2388 1791334767548056 27824
2389 1791334767568638 23710
2390 1791334767583756 23626
2391 1791334767609027 28294
2392 1791334767628380 24044
2393 1791334767647170 26699
2394 1791334767665966 25111
2395 1791334767691432 27817
2396 1791334767702144 21515
2397 1791334767720674 21785
2398 1791334767747645 27962
2399 1791334767775608 27958
2400 1791334767786812 26283
2401 1791334767806325 25885
2402 1791334767828050 21719
2403 1791334767846160 24889
2404 1791334767872152 32078
2405 1791334767888497 23624
2406 1791334767909257 29774
2407 1791334767926490 23683
2408 1791334767947721 26038
2409 1791334767964074 22662
2410 1791334767986342 27506
2411 1791334768007394 21383
2412 1791334768028570 29711
2413 1791334768045802 22999
2414 1791334768071115 25309
2415 1791334768085214 25935
2416 1791334768107556 28308
2417 1791334768119623 20643
2418 1791334768145308 25683
2419 1791334768168958 23646
2420 1791334768187131 28094
2421 1791334768205124 25123
2422 1791334768226182 27521
2423 1791334768246413 27406
2424 1791334768266977 27569
2425 1791334768280344 21805
2426 1791334768301150 20830
2427 1791334768326205 27678
2428 1791334768348239 25218
2429 1791334768366605 23709
2430 1791334768384280 24157
2431 1791334768404142 24514
2432 1791334768421328 22983
2433 1791334768440129 21907
2434 1791334768462861 24225
2435 1791334768483319 25029
2436 1791334768508085 24764
2437 1791334768522281 22349
2438 1791334768548705 26422
2439 1791334768567747 24492
2440 1791334768585922 26670
2441 1791334768609704 23779
2442 1791334768621599 22220
2443 1791334768650697 29094
2444 1791334768665931 21865
2445 1791334768682526 23570
2446 1791334768703326 24213
2447 1791334768727142 28409
2448 1791334768755996 28851
2449 1791334768766376 23162
2450 1791334768787148 24814
2451 1791334768802071 22077
2452 1791334768825024 22949
2453 1791334768847311 29010
2454 1791334768867663 22859
2455 1791334768885553 24369
2456 1791334768905510 25014
2457 1791334768927105 26738
2458 1791334768948242 24783
2459 1791334768970146 27848
2460 1791334768985868 21679
2461 1791334769009302 31056
2462 1791334769026170 23090
2463 1791334769050204 31452
2464 1791334769066911 22636
2465 1791334769086392 27930
2466 1791334769114373 27979
2467 1791334769126806 27301
2468 1791334769145695 25639
2469 1791334769163636 24648
2470 1791334769186707 27546
2471 1791334769205205 21817
2472 1791334769224043 25235
2473 1791334769243279 24685
2474 1791334769263161 24592
2475 1791334769287751 24587
2476 1791334769306552 25145
2477 1791334769321262 22328
2478 1791334769349725 28578
2479 1791334769371134 26657
2480 1791334769388037 29101
2481 1791334769402243 23905
2482 1791334769429236 30848
2483 1791334769445888 24971
2484 1791334769475066 35813
2485 1791334769490598 29944
2486 1791334769511560 31286
2487 1791334769539271 38512
2488 1791334769551059 31848
2489 1791334769580928 41655
2490 1791334769598631 40233
2491 1791334769631517 50895
2492 1791334769661389 62753
2493 1791334769688520 67299
2494 1791334769708928 68070
2495 1791334769737661 76269
2496 1791334769752530 70314
2497 1791334769785864 83154
2498 1791334769792321 73179
2499 1791334769818292 79114
2500 1791334769838326 78919
2501 1791334769850235 71392
2502 1791334769872459 73783
2503 1791334769891908 73613
2504 1791334769920792 82461
2505 1791334769939305 80113
2506 1791334769958262 78167
2507 1791334769986102 86594
2508 1791334770006706 87557
2509 1791334770037604 98296
2510 1791334770057458 99193
2511 1791334770070070 91050
2512 1791334770095542 96083
2513 1791334770117785 94403
2514 1791334770138007 94579
2515 1791334770153974 90399
2516 1791334770177865 97039
2517 1791334770198160 98893
2518 1791334770213978 89814
2519 1791334770236977 94593
2520 1791334770260427 100119
2521 1791334770271328 91120
2522 1791334770292101 93938
2523 1791334770309021 89575
2524 1791334770337425 98385
2525 1791334770357967 97537
2526 1791334770377864 98962
2527 1791334770405781 107283
2528 1791334770426742 107033
2529 1791334770446687 107616
2530 1791334770472925 111292
2531 1791334770486062 105921
2532 1791334770506155 107535
2533 1791334770527055 107213
2534 1791334770547981 108412
2535 1791334770564209 104701
2536 1791334770585196 103665
2537 1791334770612042 112420
2538 1791334770625386 106648
2539 1791334770645096 105776
2540 1791334770677218 117849
2541 1791334770705460 126489
2542 1791334770716663 117152
2543 1791334770733023 111255
2544 1791334770746941 108179
2545 1791334770760798 101980
2546 1791334770770473 86140
2547 1791334770792264 90105
2548 1791334770803154 84368
2549 1791334770818884 80140
2550 1791334770841827 81027
2551 1791334770860037 80078
2552 1791334770882255 79907
2553 1791334770882450 63563
2554 1791334770906835 65679
2555 1791334770917858 58855
2556 1791334770927653 48825
2557 1791334770950099 48490
2558 1791334770971130 52113
2559 1791334770988047 48070
2560 1791334771010097 47719
2561 1791334771028052 49773
2562 1791334771046383 42145
2563 1791334771063038 40555
2564 1791334771082308 42409
2565 1791334771098689 35993
2566 1791334771115793 33481
2567 1791334771133393 34701
2568 1791334771167754 41997
2569 1791334771175048 34594
2570 1791334771198297 35361
2571 1791334771216439 36159
2572 1791334771235201 36902
2573 1791334771266363 44017
2574 1791334771277939 38984
2575 1791334771302154 42647
2576 1791334771324115 42795
2577 1791334771343581 41424
2578 1791334771364584 41529
2579 1791334771381325 37739
2580 1791334771392365 32087
2581 1791334771413575 34643
2582 1791334771432843 33106
2583 1791334771451036 31841
2584 1791334771470709 30924
2585 1791334771494861 36269
2586 1791334771515731 35690
2587 1791334771539392 31839
2588 1791334771556928 36830
2589 1791334771578249 38854
2590 1791334771590803 30456
2591 1791334771616523 38272
2592 1791334771636861 37508
2593 1791334771652745 33584
2594 1791334771674794 34335
2595 1791334771697859 38056
2596 1791334771716491 36075
2597 1791334771737086 36053
2598 1791334771756184 36581
2599 1791334771776719 34923
2600 1791334771789525 30470
2601 1791334771817647 36801
2602 1791334771839141 40024
2603 1791334771857834 38505
2604 1791334771868118 28974
2605 1791334771897758 35944
2606 1791334771919881 40372
2607 1791334771939382 39998
2608 1791334771956223 36338
2609 1791334771978143 38758
2610 1791334772000934 41355
2611 1791334772017001 38855
2612 1791334772047059 46122
2613 1791334772065892 42954
2614 1791334772096896 52243
2615 1791334772099508 39988
2616 1791334772116944 34973
2617 1791334772141726 42488
2618 1791334772165946 40932
2619 1791334772178120 39458
2620 1791334772207453 44071
2621 1791334772218007 39883
2622 1791334772236921 38496
2623 1791334772262267 41912
2624 1791334772286597 39077
2625 1791334772300799 41210
2626 1791334772320982 41422
2627 1791334772338092 37525
2628 1791334772362161 42827
2629 1791334772386776 48681
2630 1791334772399277 40628
2631 1791334772427385 46933
2632 1791334772448028 48748
2633 1791334772465902 46719
2634 1791334772490860 49708
2635 1791334772503426 45183
2636 1791334772533150 51473
2637 1791334772560072 59907
2638 1791334772582142 59913
2639 1791334772600226 60590
2640 1791334772632264 72189
2641 1791334772645422 66956
2642 1791334772675909 77033
2643 1791334772685173 65349
2644 1791334772710971 71921
2645 1791334772735828 73587
2646 1791334772749948 70613
2647 1791334772770253 69644
2648 1791334772785594 66267
2649 1791334772816266 76651
2650 1791334772837268 77354
2651 1791334772854336 73986
2652 1791334772873035 71983
2653 1791334772907715 87208
2654 1791334772915110 75323
2655 1791334772938540 79010
2656 1791334772949488 71363
2657 1791334772964371 64057
2658 1791334772995833 77343
2659 1791334773014817 76264
2660 1791334773046659 84418
2661 1791334773056340 77105
2662 1791334773079221 79757
2663 1791334773101884 82528
2664 1791334773119117 79620
2665 1791334773137451 77736
2666 1791334773158088 78862
2667 1791334773188433 87598
2668 1791334773210918 91871
2669 1791334773231573 86605
2670 1791334773247187 89094
2671 1791334773259332 80352
2672 1791334773284518 82066
2673 1791334773301099 81844
2674 1791334773335573 93886
2675 1791334773353283 93948
2676 1791334773368578 84057
2677 1791334773388573 88069
2678 1791334773406101 87389
2679 1791334773430070 85379
2680 1791334773445040 84761
2681 1791334773456569 77800
2682 1791334773485841 83490
2683 1791334773496006 77303
2684 1791334773513425 73505
2685 1791334773528256 69245
2686 1791334773553751 72948
2687 1791334773567817 62465
2688 1791334773580206 61320
2689 1791334773597174 54243
2690 1791334773617803 58540
2691 1791334773639895 60740
2692 1791334773658349 56139
2693 1791334773671006 51735
2694 1791334773701417 61519
2695 1791334773726858 68492
2696 1791334773745804 62793
2697 1791334773759872 60951
2698 1791334773772211 52271
2699 1791334773799314 53505
2700 1791334773820190 60310
2701 1791334773836828 57231
2702 1791334773858687 59369
2703 1791334773883047 63728
2704 1791334773901359 59914
2705 1791334773921363 62673
2706 1791334773952781 71143
2707 1791334773962948 62818
2708 1791334773993691 72323
2709 1791334774002003 63025
2710 1791334774022431 63420
2711 1791334774056182 70353
2712 1791334774067245 67380
2713 1791334774089178 67667
2714 1791334774106810 59574
2715 1791334774121208 61845
2716 1791334774146733 67496
2717 1791334774167463 65981
2718 1791334774187070 65859
2719 1791334774198629 60089
2720 1791334774224243 63998
2721 1791334774243223 63322
2722 1791334774263794 65162
2723 1791334774287756 66742
2724 1791334774307437 65645
2725 1791334774322616 63544
2726 1791334774354360 75282
2727 1791334774362012 60949
2728 1791334774384157 62833
2729 1791334774407484 64449
2730 1791334774435399 76099
2731 1791334774452142 73059
2732 1791334774467564 68113
2733 1791334774487686 68559
2734 1791334774507541 67911
2735 1791334774525591 65692
2736 1791334774548563 69405
2737 1791334774568421 68480
2738 1791334774597425 77879
2739 1791334774614380 70607
2740 1791334774631508 71113
2741 1791334774647065 63912
2742 1791334774668053 64620
2743 1791334774684801 63949
2744 1791334774703454 63483
2745 1791334774728094 66750
2746 1791334774746505 65021
2747 1791334774770841 69293
2748 1791334774784390 65234
2749 1791334774798727 59839
2750 1791334774819163 55863
2751 1791334774846437 67127
2752 1791334774855386 56372
2753 1791334774880178 61014
2754 1791334774900110 58297
2755 1791334774919441 60794
2756 1791334774930516 50334
2757 1791334774952746 54087
2758 1791334774968037 48593
2759 1791334774983743 44362
2760 1791334775000772 40521
2761 1791334775017995 34248
2762 1791334775029072 29933
2763 1791334775059097 39085
2764 1791334775080118 38335
2765 1791334775089449 30349
2766 1791334775117943 37821
2767 1791334775132527 33840
2768 1791334775155246 34254
2769 1791334775177194 38492
2770 1791334775195152 36158
2771 1791334775217815 38304
2772 1791334775234721 36196
2773 1791334775261468 41855
2774 1791334775276848 31780
2775 1791334775295002 33530
2776 1791334775325681 38886
2777 1791334775339120 38510
2778 1791334775350185 31278
2779 1791334775371272 32149
2780 1791334775397419 37932
2781 1791334775417543 37709
2782 1791334775436825 36465
2783 1791334775455868 35616
2784 1791334775471815 32611
2785 1791334775492292 32819
2786 1791334775513346 34085
2787 1791334775531401 32768
2788 1791334775555894 34568
2789 1791334775583350 44210
2790 1791334775602671 42579
2791 1791334775629041 45688
2792 1791334775647495 46352
2793 1791334775683189 62716
2794 1791334775689526 51177
2795 1791334775720421 53319
2796 1791334775751596 68404
2797 1791334775753022 53549
2798 1791334775776101 57045
2799 1791334775803149 63170
2800 1791334775822912 63554
2801 1791334775838635 59665
2802 1791334775858354 58418
2803 1791334775892826 69908
2804 1791334775911267 72629
2805 1791334775929292 70935
2806 1791334775949866 70712
2807 1791334775982976 77815
2808 1791334775988748 69676
2809 1791334776007514 68599
2810 1791334776026211 66852
2811 1791334776055048 72069
2812 1791334776077819 78373
2813 1791334776096824 73679
2814 1791334776111926 71891
2815 1791334776135532 76935
2816 1791334776161908 75185
2817 1791334776184838 85495
2818 1791334776190712 71601
2819 1791334776207050 68069
2820 1791334776227409 66348
2821 1791334776251539 68031
2822 1791334776270756 71817
2823 1791334776287672 68546
2824 1791334776307746 68879
2825 1791334776338837 80036
2826 1791334776355245 69519
2827 1791334776366976 66965
2828 1791334776387232 68063
2829 1791334776397415 58574
2830 1791334776413834 54997
2831 1791334776438405 57999
2832 1791334776467795 66118
2833 1791334776487149 67324
2834 1791334776495749 57342
2835 1791334776522867 59649
2836 1791334776540457 61398
2837 1791334776555324 55618
2838 1791334776578670 58339
2839 1791334776612072 71611
2840 1791334776620430 61097
2841 1791334776627643 48971
2842 1791334776649792 46864
2843 1791334776682412 62508
2844 1791334776694709 54349
2845 1791334776729935 68993
2846 1791334776732675 50260
2847 1791334776764516 56172
2848 1791334776784447 64296
2849 1791334776802829 59599
2850 1791334776816762 53846
2851 1791334776833016 48563
2852 1791334776858538 57251
2853 1791334776866752 47728
2854 1791334776894983 56356
2855 1791334776914501 55959
2856 1791334776938979 53841
2857 1791334776958006 58036
2858 1791334776977506 51254
2859 1791334776986871 47889
2860 1791334777021561 60161
2861 1791334777040961 59926
2862 1791334777056978 57945
2863 1791334777072921 51357
2864 1791334777090303 51327
2865 1791334777112583 52331
2866 1791334777128990 45960
2867 1791334777149725 50571
2868 1791334777173621 53046
2869 1791334777193225 51615
2870 1791334777213015 53314
2871 1791334777241394 60896
2872 1791334777248958 49511
2873 1791334777269250 49678
2874 1791334777304878 63855
2875 1791334777318059 57951
2876 1791334777339942 58179
2877 1791334777358049 54100
2878 1791334777379047 60986
2879 1791334777393187 53241
2880 1791334777423027 64968
2881 1791334777437403 58353
2882 1791334777464736 64464
2883 1791334777470493 47462
2884 1791334777493465 53713
2885 1791334777517872 56639
2886 1791334777547801 68801
2887 1791334777565843 66447
2888 1791334777578648 58831
2889 1791334777592323 49715
2890 1791334777617909 57600
2891 1791334777638632 59980
2892 1791334777658864 59889
2893 1791334777679753 59535
2894 1791334777709175 70594
2895 1791334777721442 62617
2896 1791334777740311 60556
2897 1791334777760827 60926
2898 1791334777791709 70261
2899 1791334777817958 77642
2900 1791334777820356 61038
2901 1791334777847255 67520
2902 1791334777864136 59095
2903 1791334777887692 67872
2904 1791334777909521 70038
2905 1791334777936755 73272
2906 1791334777956974 78684
2907 1791334777976310 76015
2908 1791334777998252 79609
2909 1791334778015234 76374
2910 1791334778026492 67115
2911 1791334778061043 82603
2912 1791334778071532 73277
2913 1791334778098084 78555
2914 1791334778110553 67673
2915 1791334778128429 67944
2916 1791334778150385 71558
2917 1791334778174567 76479
2918 1791334778207564 86077
2919 1791334778225692 86484
2920 1791334778238104 74590
2921 1791334778269216 89929
2922 1791334778288108 87941
2923 1791334778309992 86317
2924 1791334778325829 87721
2925 1791334778349879 85390
2926 1791334778377587 96458
2927 1791334778391576 89995
2928 1791334778411397 85566
2929 1791334778424071 84475
2930 1791334778459650 96279
2931 1791334778470097 88602
2932 1791334778487682 88969
2933 1791334778516835 94206
2934 1791334778540416 96475
2935 1791334778552504 92851
2936 1791334778575860 95132
2937 1791334778602580 103500
2938 1791334778617685 97201
2939 1791334778631498 92485
2940 1791334778643939 83711
2941 1791334778667521 87313
2942 1791334778674475 75545
2943 1791334778698758 76811
2944 1791334778713237 74484
2945 1791334778732004 72614
2946 1791334778747251 68370
2947 1791334778776440 77679
2948 1791334778790361 68783
2949 1791334778817671 75665
2950 1791334778836678 73071
2951 1791334778849131 67890
2952 1791334778883784 80640
2953 1791334778888642 67930
2954 1791334778911177 71285
2955 1791334778940349 80171
2956 1791334778960543 81097
2957 1791334778997385 87439
2958 1791334778997394 79020
2959 1791334779008594 69397
2960 1791334779036181 76434
2961 1791334779055062 75914
2962 1791334779079407 80462
2963 1791334779102601 81112
2964 1791334779112158 71799
2965 1791334779134894 76059
2966 1791334779152395 73246
2967 1791334779173786 71559
2968 1791334779195782 76441
2969 1791334779216428 77263
2970 1791334779232117 73411
2971 1791334779250078 70400
2972 1791334779268836 69088
2973 1791334779295661 73933
2974 1791334779316991 77545
2975 1791334779338119 79116
2976 1791334779359481 77718
2977 1791334779375075 74877
2978 1791334779398040 77697
2979 1791334779419595 81472
2980 1791334779438996 79512
2981 1791334779464470 84932
2982 1791334779477166 79122
2983 1791334779501740 82142
2984 1791334779518473 79474
2985 1791334779536034 75297
2986 1791334779567316 88638
2987 1791334779581161 79417
2988 1791334779597907 79431
2989 1791334779623233 84606
2990 1791334779649433 88750
2991 1791334779666957 85793
2992 1791334779686358 86756
2993 1791334779715218 93473
2994 1791334779720815 76827
2995 1791334779746669 86103
2996 1791334779764713 85646
2997 1791334779784145 83573
2998 1791334779805208 86697
2999 1791334779827927 83410
3000 1791334779848364 85264
3001 1791334779864635 81465
3002 1791334779889007 86221
3003 1791334779908177 86140
3004 1791334779924276 84529
3005 1791334779945893 84168
3006 1791334779962069 80068
3007 1791334779975578 76475
3008 1791334779992049 70452
3009 1791334780004822 60685
3010 1791334780027424 65351
3011 1791334780037108 57585
3012 1791334780052192 52241
3013 1791334780074409 53955
3014 1791334780092782 51569
3015 1791334780092786 34216
3016 1791334780109644 30753
3017 1791334780133811 32984
3018 1791334780148499 29626
3019 1791334780166724 27388
3020 1791334780197791 32185
3021 1791334780214524 35230
3022 1791334780238160 38825
3023 1791334780250467 31338
3024 1791334780276648 38485
3025 1791334780293918 33828
3026 1791334780316652 37835
3027 1791334780337323 31617
3028 1791334780349842 30436
3029 1791334780374499 35191
3030 1791334780392779 32951
3031 1791334780413719 32821
3032 1791334780444400 37538
3033 1791334780467807 41296
3034 1791334780477480 34636
3035 1791334780490378 31016
3036 1791334780513099 34439
3037 1791334780536602 38000
3038 1791334780557510 38850
3039 1791334780571546 31176
3040 1791334780591630 32508
3041 1791334780616987 36978
3042 1791334780629358 29440
3043 1791334780653419 33872
3044 1791334780676963 38156
3045 1791334780702977 37611
3046 1791334780723355 38275
3047 1791334780731364 28384
3048 1791334780760005 36644
3049 1791334780777553 38578
3050 1791334780789531 30224
3051 1791334780817658 38756
3052 1791334780830389 29172
3053 1791334780857122 38225
3054 1791334780868969 28312
3055 1791334780887830 27804
3056 1791334780912610 30983
3057 1791334780937652 35250
3058 1791334780952217 32021
3059 1791334780975218 34140
3060 1791334780990795 32039
3061 1791334781013597 34945
3062 1791334781040744 33651
3063 1791334781063893 38627
3064 1791334781072458 32087
3065 1791334781086905 28006
3066 1791334781115657 36947
3067 1791334781146799 42349
3068 1791334781166321 39229
3069 1791334781171599 33024
3070 1791334781203153 37427
3071 1791334781211699 32996
3072 1791334781236578 35646
3073 1791334781251459 32481
3074 1791334781277721 38171
3075 1791334781289179 29916
3076 1791334781317250 36917
3077 1791334781334163 35758
3078 1791334781359469 40213
3079 1791334781379104 37612
3080 1791334781408053 48581
3081 1791334781430716 52025
3082 1791334781456232 52514
3083 1791334781478623 57562
3084 1791334781495051 55252
3085 1791334781523668 62745
3086 1791334781554596 75970
3087 1791334781559879 61488
3088 1791334781579561 57421
3089 1791334781605099 65901
3090 1791334781623357 63476
3091 1791334781638972 59669
3092 1791334781667910 68832
3093 1791334781686055 62694
3094 1791334781706904 67929
3095 1791334781736055 75447
3096 1791334781759555 74555
3097 1791334781773831 71325
3098 1791334781816875 95357
3099 1791334781816885 75418
3100 1791334781828202 68641
3101 1791334781847931 68896
3102 1791334781864873 65191
3103 1791334781880018 58527
3104 1791334781901219 60085
3105 1791334781922686 61796
3106 1791334781947455 67432
3107 1791334781977215 75994
3108 1791334781998136 78828
3109 1791334782005998 65061
3110 1791334782028989 70049
3111 1791334782051244 69121
3112 1791334782068736 70597
3113 1791334782097521 75438
3114 1791334782114955 74008
3115 1791334782144678 82642
3116 1791334782161972 82750
3117 1791334782180890 80927
3118 1791334782197515 76542
3119 1791334782229714 85031
3120 1791334782243099 81449
3121 1791334782261029 80327
3122 1791334782283114 80848
3123 1791334782316656 91740
3124 1791334782331504 89746
3125 1791334782348110 87078
3126 1791334782366958 88231
3127 1791334782384910 86195
3128 1791334782398914 76561
3129 1791334782420655 81927
3130 1791334782449353 90432
3131 1791334782473194 88281
3132 1791334782485999 87083
3133 1791334782504359 83771
3134 1791334782518657 79716
3135 1791334782539037 79330
3136 1791334782552272 73289
3137 1791334782570057 70848
3138 1791334782588350 69690
3139 1791334782610199 71157
3140 1791334782623098 63236
3141 1791334782636235 57734
3142 1791334782672677 71364
3143 1791334782679057 55956
3144 1791334782693634 54552
3145 1791334782710960 49500
3146 1791334782727570 48509
3147 1791334782749476 43638
3148 1791334782763796 42279
3149 1791334782781313 42073
3150 1791334782801333 37533
3151 1791334782824111 43914
3152 1791334782842699 41361
3153 1791334782860527 38334
3154 1791334782885590 46718
3155 1791334782899442 40454
3156 1791334782911926 33134
3157 1791334782934618 35173
3158 1791334782964581 44107
3159 1791334782981490 35214
3160 1791334783002341 42784
3161 1791334783013688 33073
3162 1791334783033002 31777
3163 1791334783052684 33615
3164 1791334783084331 38070
3165 1791334783090177 31384
3166 1791334783112411 33329
3167 1791334783132469 31911
3168 1791334783157218 38575
3169 1791334783176070 37042
3170 1791334783195244 35704
3171 1791334783220459 41558
3172 1791334783239383 40756
3173 1791334783258733 38270
3174 1791334783275974 36589
3175 1791334783297569 38826
3176 1791334783330363 49174
3177 1791334783340543 41858
3178 1791334783357730 33070
3179 1791334783379564 39887
3180 1791334783402447 43123
3181 1791334783425251 45684
3182 1791334783448703 47033
3183 1791334783475594 50591
3184 1791334783481685 43362
3185 1791334783506348 47457
3186 1791334783525187 45998
3187 1791334783543371 42531
3188 1791334783568119 48163
3189 1791334783588039 48609
3190 1791334783608317 48091
3191 1791334783624022 45558
3192 1791334783639372 39663
3193 1791334783669945 48611
3194 1791334783685721 46731
3195 1791334783709922 49216
3196 1791334783724343 44862
3197 1791334783745251 45822
3198 1791334783783000 61209
3199 1791334783792325 52600
3200 1791334783810749 51409
3201 1791334783827247 44971
3202 1791334783850849 50866
3203 1791334783868943 49422
3204 1791334783887892 48655
3205 1791334783908853 49469
3206 1791334783929007 47164
3207 1791334783959627 55867
3208 1791334783972538 51114
3209 1791334783998103 58673
3210 1791334784016876 57627
3211 1791334784037887 56996
3212 1791334784062130 64023
3213 1791334784076402 54793
3214 1791334784096562 57097
3215 1791334784107068 45184
3216 1791334784134955 55886
3217 1791334784157136 56672
3218 1791334784174655 55361
3219 1791334784191622 52071
3220 1791334784215677 54867
3221 1791334784239572 59102
3222 1791334784256929 56746
3223 1791334784270043 51030
3224 1791334784293072 53498
3225 1791334784317614 55983
3226 1791334784337789 58548
3227 1791334784357646 58548
3228 1791334784388764 66661
3229 1791334784400858 57846
3230 1791334784426570 67812
3231 1791334784439105 59510
3232 1791334784458505 59440
3233 1791334784477443 57950
3234 1791334784501386 62278
3235 1791334784519253 60744
3236 1791334784545796 67030
3237 1791334784563677 62288
3238 1791334784574288 55033
3239 1791334784604740 65815
3240 1791334784626535 66187
3241 1791334784644807 66155
3242 1791334784671002 67364
3243 1791334784684927 63182
3244 1791334784707873 66788
3245 1791334784731272 65129
3246 1791334784753921 71785
3247 1791334784767568 66624
3248 1791334784792624 73496
3249 1791334784805708 65046
3250 1791334784820323 61018
3251 1791334784850048 70811
3252 1791334784868083 67470
3253 1791334784891068 71375
3254 1791334784906220 63111
3255 1791334784925499 66399
3256 1791334784943904 65122
3257 1791334784968311 69976
3258 1791334784991048 71439
3259 1791334785008885 67162
3260 1791334785037242 75861
3261 1791334785055435 74341
3262 1791334785082827 83289
3263 1791334785107950 83093
3264 1791334785135336 93054
3265 1791334785147956 88230
3266 1791334785172242 89412
3267 1791334785196282 96967
3268 1791334785222687 99294
3269 1791334785234896 95660
3270 1791334785258160 97005
3271 1791334785281780 99720
3272 1791334785306435 103699
3273 1791334785319786 97400
3274 1791334785341583 100529
3275 1791334785349144 90981
3276 1791334785378866 97083
3277 1791334785398107 93347
3278 1791334785413008 93220
3279 1791334785433049 91463
3280 1791334785456180 95995
3281 1791334785469890 91021
3282 1791334785496306 98195
3283 1791334785525699 105725
3284 1791334785547314 108955
3285 1791334785560828 100510
3286 1791334785577817 96660
3287 1791334785597683 99225
3288 1791334785620415 100975
3289 1791334785647801 102560
3290 1791334785656856 98149
3291 1791334785661899 81431
3292 1791334785686270 87523
3293 1791334785707543 88030
3294 1791334785719038 74917
3295 1791334785739366 79833
3296 1791334785766915 83785
3297 1791334785789022 88675
3298 1791334785797264 78223
3299 1791334785826719 87348
3300 1791334785841233 79033
3301 1791334785862088 82089
3302 1791334785878126 78456
3303 1791334785902086 83101
3304 1791334785927526 86290
3305 1791334785934953 76462
3306 1791334785967303 89175
3307 1791334785979499 80003
3308 1791334786008397 89166
3309 1791334786033104 86215
3310 1791334786043774 83695
3311 1791334786068027 88525
3312 1791334786087942 89177
3313 1791334786101253 82080
3314 1791334786124450 85977
3315 1791334786135891 76477
3316 1791334786167811 87945
3317 1791334786182334 81307
3318 1791334786206637 87770
3319 1791334786227842 87899
3320 1791334786242544 83761
3321 1791334786267723 85384
3322 1791334786287775 87073
3323 1791334786307322 88150
3324 1791334786326659 84675
3325 1791334786346514 86944
3326 1791334786368469 88093
3327 1791334786393990 90525
3328 1791334786411210 90254
3329 1791334786428557 88162
3330 1791334786448049 86238
3331 1791334786474154 87757
3332 1791334786485366 85884
3333 1791334786507441 88493
3334 1791334786524403 82123
3335 1791334786542093 83502
3336 1791334786556965 77643
3337 1791334786574443 67489
3338 1791334786589256 65653
3339 1791334786596762 55133
3340 1791334786605965 42905
3341 1791334786618773 39780
3342 1791334786641341 39876
3343 1791334786652811 34035
3344 1791334786685838 46258
3345 1791334786706089 39448
3346 1791334786717477 36241
3347 1791334786742332 40615
3348 1791334786750349 28076
3349 1791334786773630 34973
3350 1791334786796513 37878
3351 1791334786821244 40410
3352 1791334786830121 31349
3353 1791334786857916 36667
3354 1791334786877708 38872
3355 1791334786890971 27481
3356 1791334786918633 35613
3357 1791334786932499 29476
3358 1791334786944448 25911
3359 1791334786970128 30290
3360 1791334786995302 35126
3361 1791334787012730 29193
3362 1791334787036615 37978
3363 1791334787051658 32356
3364 1791334787082371 43129
3365 1791334787096836 35354
3366 1791334787117368 34994
3367 1791334787136709 36618
3368 1791334787154820 32877
3369 1791334787174593 34273
3370 1791334787195027 35841
3371 1791334787214627 35094
3372 1791334787236759 37360
3373 1791334787247861 28907
3374 1791334787274538 35434
3375 1791334787290649 31194
3376 1791334787316716 38023
3377 1791334787326023 24524
3378 1791334787353455 31987
3379 1791334787376665 37988
3380 1791334787400385 32759
3381 1791334787409328 30256
3382 1791334787429481 30721
3383 1791334787446083 26165
3384 1791334787473130 34319
3385 1791334787495389 32149
3386 1791334787510633 29252
3387 1791334787531543 32830
3388 1791334787557963 36468
3389 1791334787577665 36278
3390 1791334787593334 28844
3391 1791334787610748 30733
3392 1791334787637525 39013
3393 1791334787656224 33681
3394 1791334787681527 39364
3395 1791334787689052 25890
3396 1791334787715224 33685
3397 1791334787732388 33566
3398 1791334787756687 38233
3399 1791334787780529 37367
3400 1791334787797107 33113
3401 1791334787814584 34047
3402 1791334787833363 34420
3403 1791334787851436 30431
3404 1791334787870602 31427
3405 1791334787899304 35984
3406 1791334787917983 39102
3407 1791334787927649 28341
3408 1791334787957339 36842
3409 1791334787977649 38233
3410 1791334787992841 28550
3411 1791334788011718 31069
3412 1791334788042390 35389
3413 1791334788054748 34614
3414 1791334788075535 34523
3415 1791334788091520 31839
3416 1791334788117172 36243
3417 1791334788127941 24296
3418 1791334788149105 29961
3419 1791334788177363 35230
3420 1791334788196468 37928
3421 1791334788219636 36834
3422 1791334788248536 42166
3423 1791334788261756 42116
3424 1791334788276098 36743
3425 1791334788295306 33547
3426 1791334788327440 48352
3427 1791334788335315 35280
3428 1791334788354473 33669
3429 1791334788366394 27801
3430 1791334788392781 31041
3431 1791334788416535 34568
3432 1791334788426874 26825
3433 1791334788454227 34723
3434 1791334788468355 28798
3435 1791334788495517 35870
3436 1791334788518727 32790
3437 1791334788539585 40493
3438 1791334788550362 31683
3439 1791334788571056 31467
3440 1791334788606056 42717
3441 1791334788630344 46220
3442 1791334788636185 33858
3443 1791334788661380 36148
3444 1791334788681206 41872
3445 1791334788699373 37986
3446 1791334788718438 37685
3447 1791334788744681 45305
3448 1791334788764046 45600
3449 1791334788799804 60835
3450 1791334788814216 50164
3451 1791334788826998 47615
3452 1791334788839729 39921
3453 1791334788867100 47174
3454 1791334788889696 49960
3455 1791334788901738 42499
3456 1791334788930135 44970
3457 1791334788949682 49790
3458 1791334788977931 54648
3459 1791334789002832 63215
3460 1791334789010214 49906
3461 1791334789036628 57087
3462 1791334789052324 49489
3463 1791334789083030 60212
3464 1791334789095866 53924
3465 1791334789117727 58851
3466 1791334789134482 51447
3467 1791334789150358 51345
3468 1791334789176407 55364
3469 1791334789200315 60127
3470 1791334789221751 59906
3471 1791334789249547 70638
3472 1791334789259955 60666
3473 1791334789279731 57974
3474 1791334789314805 75306
3475 1791334789321290 61994
3476 1791334789342660 62925
3477 1791334789374643 75157
3478 1791334789388733 67438
3479 1791334789410302 71094
3480 1791334789430891 71766
3481 1791334789450739 68589
3482 1791334789470720 71294
3483 1791334789492018 68622
3484 1791334789510399 70873
3485 1791334789528927 69766
3486 1791334789556710 77024
3487 1791334789571996 73187
3488 1791334789595894 75968
3489 1791334789609632 69886
3490 1791334789639322 80020
3491 1791334789659510 74918
3492 1791334789675603 76262
3493 1791334789698431 74250
3494 1791334789716590 77608
3495 1791334789735843 76330
3496 1791334789759523 77260
3497 1791334789779807 81373
3498 1791334789808440 85128
3499 1791334789832436 86968
3500 1791334789840661 81136
3501 1791334789860966 81155
3502 1791334789879684 78728
3503 1791334789901301 82254
3504 1791334789929194 90259
3505 1791334789941740 80770
3506 1791334789961807 82117
3507 1791334789988078 86774
3508 1791334790012609 90157
3509 1791334790027285 85538
3510 1791334790042253 82968
3511 1791334790060506 81021
3512 1791334790076864 77333
3513 1791334790106792 81448
3514 1791334790117809 75552
3515 1791334790133731 73220
3516 1791334790156776 73617
3517 1791334790171170 72680
3518 1791334790184926 65479
3519 1791334790200881 61692
3520 1791334790227591 63663
3521 1791334790251736 71824
3522 1791334790258741 58122
3523 1791334790273800 54621
3524 1791334790295549 55871
3525 1791334790313596 54851
3526 1791334790322952 43678
3527 1791334790350914 52063
3528 1791334790364146 41190
3529 1791334790377076 38045
3530 1791334790399082 39127
3531 1791334790422963 40153
3532 1791334790442932 43847
3533 1791334790464839 43373
3534 1791334790479058 37961
3535 1791334790503349 42624
3536 1791334790518959 39897
3537 1791334790551446 48545
3538 1791334790555748 36785
3539 1791334790587209 47425
3540 1791334790606461 46985
3541 1791334790617411 35685
3542 1791334790636669 35181
3543 1791334790658033 39132
3544 1791334790679673 39442
3545 1791334790701446 43397
3546 1791334790717316 37640
3547 1791334790739152 37701
3548 1791334790766794 47300
3549 1791334790782695 43540
3550 1791334790802529 41127
3551 1791334790826677 44889
3552 1791334790855202 52670
3553 1791334790873262 46579
3554 1791334790892901 49104
3555 1791334790922372 58570
3556 1791334790926028 46556
3557 1791334790956050 54380
3558 1791334790978281 55902
3559 1791334790989330 46513
3560 1791334791022944 57764
3561 1791334791031763 53475
3562 1791334791060118 53602
3563 1791334791072528 49578
3564 1791334791086496 47171
3565 1791334791110023 51430
3566 1791334791143133 61366
3567 1791334791162785 60629
3568 1791334791175794 57070
3569 1791334791198535 55399
3570 1791334791218005 59480
3571 1791334791238935 59564
3572 1791334791259817 61278
3573 1791334791282828 61530
3574 1791334791290148 51376
3575 1791334791316280 56460
3576 1791334791338876 59355
3577 1791334791359892 61137
3578 1791334791380541 60499
3579 1791334791397772 58890
3580 1791334791417509 57611
3581 1791334791440094 60365
3582 1791334791461443 61901
3583 1791334791479517 60813
3584 1791334791507225 67127
3585 1791334791517694 57254
3586 1791334791545338 65818
3587 1791334791603711 104974
3588 1791334791603727 84338
3589 1791334791640978 96347
3590 1791334791641003 81619
3591 1791334791657619 54023
3592 1791334791657627 53947
3593 1791334791678917 59910
3594 1791334791706399 65414
3595 1791334791729234 66008
3596 1791334791756614 77694
3597 1791334791776507 73280
3598 1791334791782076 60423
3599 1791334791804602 65059
3600 1791334791827588 68165
3601 1791334791846960 66771
3602 1791334791856466 58122
3603 1791334791881114 61516
3604 1791334791909452 62871
3605 1791334791925319 66612
3606 1791334791952985 73513
3607 1791334791974305 70068
3608 1791334791981996 62557
3609 1791334792005289 66708
3610 1791334792017346 57979
3611 1791334792039340 60365
3612 1791334792059338 59843
3613 1791334792076981 58199
3614 1791334792090636 51292
3615 1791334792117305 57964
3616 1791334792142708 63034
3617 1791334792166832 65160
3618 1791334792191288 69267
3619 1791334792207558 68768
3620 1791334792234629 75546
3621 1791334792248810 65023
3622 1791334792259414 60031
3623 1791334792287547 65648
3624 1791334792298609 58930
3625 1791334792328290 69207
3626 1791334792339753 60284
3627 1791334792357832 59220
3628 1791334792385771 63299
3629 1791334792406718 66962
3630 1791334792428492 68696
3631 1791334792442807 61144
3632 1791334792458479 56841
3633 1791334792487720 66042
3634 1791334792510062 68351
3635 1791334792528181 69698
3636 1791334792553617 74853
3637 1791334792568754 69698
3638 1791334792591809 72973
3639 1791334792607651 68609
3640 1791334792626804 67275
3641 1791334792642284 62877
3642 1791334792664016 56361
3643 1791334792687334 66105
3644 1791334792712346 72779
3645 1791334792729309 68071
3646 1791334792748034 69568
3647 1791334792777547 70645
3648 1791334792786468 66943
3649 1791334792811706 72537
3650 1791334792823675 64778
3651 1791334792843001 64360
3652 1791334792863057 63456
3653 1791334792879629 59883
3654 1791334792909923 66916
3655 1791334792924723 64694
3656 1791334792943329 63695
3657 1791334792984352 84985
3658 1791334793009450 84724
3659 1791334793020535 79524
3660 1791334793049592 83569
3661 1791334793064923 81127
3662 1791334793071574 73047
3663 1791334793089206 68667
3664 1791334793110985 71763
3665 1791334793129055 65145
3666 1791334793147901 68277
3667 1791334793166389 64859
3668 1791334793189728 69680
3669 1791334793215797 76982
3670 1791334793229838 67490
3671 1791334793255620 76174
3672 1791334793287338 87316
3673 1791334793296941 77257
3674 1791334793327203 79925
3675 1791334793340119 81082
3676 1791334793357001 78591
3677 1791334793377396 69462
3678 1791334793395845 74224
3679 1791334793420266 80142
3680 1791334793439988 80208
3681 1791334793452845 73473
3682 1791334793477865 78550
3683 1791334793493811 73987
3684 1791334793516645 76650
3685 1791334793540307 77930
3686 1791334793557199 77414
3687 1791334793577665 78010
3688 1791334793603881 84595
3689 1791334793630487 90174
3690 1791334793645077 80440
3691 1791334793659305 74215
3692 1791334793694913 91027
3693 1791334793702866 75591
3694 1791334793722780 82359
3695 1791334793737375 78058
3696 1791334793764343 83994
3697 1791334793773910 75102
3698 1791334793797301 74517
3699 1791334793815277 72630
3700 1791334793837622 77423
3701 1791334793852586 71263
3702 1791334793866082 67433
3703 1791334793893142 71661
3704 1791334793897296 56603
3705 1791334793927355 61268
3706 1791334793933521 54670
3707 1791334793957811 57750
3708 1791334793964422 44094
3709 1791334793978890 38146
3710 1791334794009114 45447
3711 1791334794017400 38504
3712 1791334794035937 36163
3713 1791334794061632 42285
3714 1791334794077028 34987
3715 1791334794098118 36482
3716 1791334794124288 45207
3717 1791334794133584 35460
3718 1791334794162517 41581
3719 1791334794191820 50609
3720 1791334794209328 47956
3721 1791334794232226 52258
3722 1791334794252176 51824
3723 1791334794270912 49474
3724 1791334794301112 61284
3725 1791334794315081 52986
3726 1791334794339677 52943
3727 1791334794355561 54445
3728 1791334794367644 48672
3729 1791334794402873 63191
3730 1791334794423577 62126
3731 1791334794429574 45602
3732 1791334794451522 48647
3733 1791334794468683 45102
3734 1791334794488413 48743
3735 1791334794513001 52467
3736 1791334794539693 57367
3737 1791334794546318 46893
3738 1791334794555701 35513
3739 1791334794576093 36808
3740 1791334794595924 36917
3741 1791334794610731 31852
3742 1791334794621574 21738
3743 1791334794646284 24707
3744 1791334794665810 26288
3745 1791334794689792 29854
3746 1791334794702238 22903
3747 1791334794727239 24994
3748 1791334794745931 24747
3749 1791334794762314 23776
3750 1791334794788184 25864
3751 1791334794807381 24264
3752 1791334794821929 23390
3753 1791334794848643 29598
3754 1791334794868660 25966
3755 1791334794889180 26240
3756 1791334794908549 25756
3757 1791334794927046 26498
3758 1791334794945171 22288
3759 1791334794966915 26999
3760 1791334794983823 24407
3761 1791334795001572 22065
3762 1791334795027317 25935
3763 1791334795047428 25274
3764 1791334795069103 27127
3765 1791334795085318 21232
3766 1791334795105877 26967
3767 1791334795124995 26598
3768 1791334795147341 22342
3769 1791334795165728 26501
3770 1791334795187574 25952
3771 1791334795207642 25158
3772 1791334795227664 27165
3773 1791334795244236 21653
3774 1791334795267161 26848
3775 1791334795286418 24537
3776 1791334795308717 28323
3777 1791334795325204 24895
3778 1791334795348086 28351
3779 1791334795365719 25897
3780 1791334795387346 27519
3781 1791334795406331 22428
3782 1791334795425729 25352
3783 1791334795442403 23892
3784 1791334795466930 24653
3785 1791334795487054 27859
3786 1791334795506567 22358
3787 1791334795522733 22428
3788 1791334795539326 20560
3789 1791334795574237 35261
3790 1791334795584805 26302
3791 1791334795602794 23909
3792 1791334795626460 23660
3793 1791334795647415 26473
3794 1791334795665756 22477
3795 1791334795679540 20835
3796 1791334795707880 28333
3797 1791334795728956 23855
3798 1791334795746925 25094
3799 1791334795766274 26774
3800 1791334795786138 25817
3801 1791334795807749 27132
3802 1791334795826975 26147
3803 1791334795844346 23690
3804 1791334795862742 23516
3805 1791334795885594 22845
3806 1791334795909292 30179
3807 1791334795927885 23001
3808 1791334795947310 28135
3809 1791334795962883 22597
3810 1791334795988230 29422
3811 1791334796006929 22692
3812 1791334796028123 27671
3813 1791334796046902 25863
3814 1791334796067378 27135
3815 1791334796091840 24456
3816 1791334796102744 24027
3817 1791334796123534 24601
3818 1791334796145861 27056
3819 1791334796171533 25668
3820 1791334796190885 25724
3821 1791334796204695 25129
3822 1791334796227980 23281
3823 1791334796246147 24229
3824 1791334796264818 24336
3825 1791334796286119 26982
3826 1791334796300522 21546
3827 1791334796328897 28372
3828 1791334796346809 27821
3829 1791334796367247 24635
3830 1791334796385354 23611
3831 1791334796404114 25388
3832 1791334796427524 28790
3833 1791334796445925 23599
3834 1791334796471003 31981
3835 1791334796487035 22288
3836 1791334796507555 27977
3837 1791334796528470 24638
3838 1791334796547349 25928
3839 1791334796570263 24899
3840 1791334796587922 24267
3841 1791334796606261 24286
3842 1791334796628679 29439
3843 1791334796647196 22656
3844 1791334796661280 21946
3845 1791334796691825 30542
3846 1791334796707325 28754
3847 1791334796730621 23291
3848 1791334796743804 24013
3849 1791334796764791 25669
3850 1791334796781113 22175
3851 1791334796808535 27415
3852 1791334796827021 26011
3853 1791334796847925 25517
3854 1791334796865528 24887
3855 1791334796882194 22562
3856 1791334796901676 22558
3857 1791334796920843 22338
3858 1791334796943534 24461
3859 1791334796966846 27767
3860 1791334796986077 26931
3861 1791334797004222 24940
3862 1791334797026082 27145
3863 1791334797044294 25895
3864 1791334797066140 27557
3865 1791334797087348 28342
3866 1791334797105546 26917
3867 1791334797120845 22049
3868 1791334797145227 24374
3869 1791334797161460 21465
3870 1791334797186230 27609
3871 1791334797204999 25998
3872 1791334797229823 31069
3873 1791334797246758 22891
3874 1791334797275765 29068
3875 1791334797286879 27071
3876 1791334797304738 24813
3877 1791334797330655 29254
3878 1791334797352506 28307
3879 1791334797364888 25653
3880 1791334797383118 23855
3881 1791334797402967 23532
3882 1791334797427636 24665
3883 1791334797446007 21152
3884 1791334797460466 21055
3885 1791334797487277 27589
3886 1791334797505271 22779
3887 1791334797520880 22136
3888 1791334797547841 26955
3889 1791334797568624 24410
3890 1791334797586016 25558
3891 1791334797606848 26248
3892 1791334797625751 22990
3893 1791334797647586 27133
3894 1791334797675019 33910
3895 1791334797686214 24882
3896 1791334797702938 22357
3897 1791334797725674 25771
3898 1791334797746881 26441
3899 1791334797765609 23189
3900 1791334797791083 25469
3901 1791334797802463 22326
3902 1791334797821927 21760
3903 1791334797847221 25380
3904 1791334797867069 25186
3905 1791334797886609 27608
3906 1791334797903763 24919
3907 1791334797920884 22070
3908 1791334797946112 25220
3909 1791334797965090 25978
3910 1791334797988077 27453
3911 1791334798006510 23672
3912 1791334798027613 25991
3913 1791334798047867 24137
3914 1791334798067659 23133
3915 1791334798081532 22356
3916 1791334798105736 24199
3917 1791334798124171 25271
3918 1791334798152838 28663
3919 1791334798166150 25149
3920 1791334798185821 26854
3921 1791334798203504 24801
3922 1791334798225682 24911
3923 1791334798247137 26591
3924 1791334798270565 28015
3925 1791334798288697 24284
3926 1791334798308186 27921
3927 1791334798329372 21235
3928 1791334798346259 27411
3929 1791334798375073 28812
3930 1791334798386238 26973
3931 1791334798404495 25376
3932 1791334798425495 25844
3933 1791334798444607 25625
3934 1791334798467342 28607
3935 1791334798489796 22451
3936 1791334798507491 26766
3937 1791334798523584 21128
3938 1791334798539576 20688
3939 1791334798559688 20950
3940 1791334798586738 27334
3941 1791334798603895 23715
3942 1791334798626665 25642
3943 1791334798649454 22786
3944 1791334798661470 21938
3945 1791334798686913 25439
3946 1791334798705806 26493
3947 1791334798725306 23500
3948 1791334798747964 22654
3949 1791334798767220 28412
3950 1791334798784558 25403
3951 1791334798806731 26917
3952 1791334798829487 22841
3953 1791334798839728 20892
3954 1791334798868131 28399
3955 1791334798886105 22793
3956 1791334798900975 22392
3957 1791334798926532 25553
3958 1791334798947159 20624
3959 1791334798967486 20990
3960 1791334798981235 22507
3961 1791334799006192 25110
3962 1791334799023462 23916
3963 1791334799050997 32429
3964 1791334799066483 22081
3965 1791334799087511 26826
3966 1791334799106796 24838
3967 1791334799128462 28408
3968 1791334799147949 24446
3969 1791334799164303 21576
3970 1791334799183365 22868
3971 1791334799206912 27805
3972 1791334799227017 25943
3973 1791334799242896 23276
3974 1791334799265406 22604
3975 1791334799285065 24349
3976 1791334799307824 28931
3977 1791334799328111 23621
3978 1791334799346679 26010
3979 1791334799366312 25355
3980 1791334799385294 24585
3981 1791334799406428 26677
3982 1791334799424552 25058
3983 1791334799441611 22974
3984 1791334799467401 25786
3985 1791334799486389 23796
3986 1791334799505179 25715
3987 1791334799526590 21407
3988 1791334799540786 22283
3989 1791334799568091 27301
3990 1791334799580902 21853
3991 1791334799608221 27455
3992 1791334799621816 21400
3993 1791334799646053 24232
3994 1791334799666891 27665
3995 1791334799686730 26023
3996 1791334799706821 26092
3997 1791334799722989 22462
3998 1791334799747695 24705
3999 1791334799766401 25699
4000 1791334799784223 21561
4001 1791334799808758 29780
4002 1791334799829364 24341
4003 1791334799847378 23903
4004 1791334799868046 27524
4005 1791334799887616 23773
4006 1791334799908666 24955
4007 1791334799926236 24600
4008 1791334799947163 28687
4009 1791334799966707 28248
4010 1791334799982551 23677
4011 1791334800005564 23011
4012 1791334800026385 27575
4013 1791334800047643 27389
4014 1791334800067477 23441
4015 1791334800083082 24067
4016 1791334800107682 24598
4017 1791334800135222 30456
4018 1791334800147565 25958
4019 1791334800167199 26505
4020 1791334800186360 24358
4021 1791334800207356 28770
4022 1791334800235966 31385
4023 1791334800250692 30727
4024 1791334800264758 25471
4025 1791334800287657 22881
4026 1791334800301001 22012
4027 1791334800326881 25877
4028 1791334800345643 27129
4029 1791334800366308 27281
4030 1791334800386132 27243
4031 1791334800407756 28686
4032 1791334800434945 30641
4033 1791334800450144 24048
4034 1791334800463241 23912
4035 1791334800484704 25116
4036 1791334800501427 22156
4037 1791334800525071 26092
4038 1791334800545505 26832
4039 1791334800564835 26091
4040 1791334800587583 22743
4041 1791334800607068 24323
4042 1791334800625137 24837
4043 1791334800649732 29408
4044 1791334800667862 22329
4045 1791334800685168 26282
4046 1791334800708372 23199
4047 1791334800727236 24615
4048 1791334800744989 22287
4049 1791334800763011 24608
4050 1791334800787568 24671
4051 1791334800806438 26420
4052 1791334800823052 24294
4053 1791334800846039 27427
4054 1791334800865606 27319
4055 1791334800879094 20757
4056 1791334800900641 21541
4057 1791334800924793 26397
4058 1791334800946825 28111
4059 1791334800967745 28860
4060 1791334800982275 20817
4061 1791334801006246 23966
4062 1791334801026913 26783
4063 1791334801049009 28272
4064 1791334801066646 23834
4065 1791334801088210 28662
4066 1791334801106569 22550
4067 1791334801127286 26997
4068 1791334801141739 21383
4069 1791334801164235 22802
4070 1791334801186186 26958
4071 1791334801205586 23577
4072 1791334801226372 25749
4073 1791334801247288 20975
4074 1791334801267496 28188
4075 1791334801285437 22736
4076 1791334801308454 28968
4077 1791334801327622 25844
4078 1791334801345275 24843
4079 1791334801367357 22146
4080 1791334801380513 21249
4081 1791334801407146 28661
4082 1791334801426644 22185
4083 1791334801440987 22448
4084 1791334801466199 25209
4085 1791334801485568 24740
4086 1791334801506570 26595
4087 1791334801526382 26080
4088 1791334801542538 23800
4089 1791334801568100 25612
4090 1791334801587091 24541
4091 1791334801605036 25516
4092 1791334801623049 20978
4093 1791334801639783 21304
4094 1791334801662359 24071
4095 1791334801680689 21738
4096 1791334801704499 25427
4097 1791334801724547 25173
4098 1791334801746474 27671
4099 1791334801769804 31141
4100 1791334801784651 25227
4101 1791334801800579 21531
4102 1791334801827894 28629
4103 1791334801846062 24289
4104 1791334801867020 20954
4105 1791334801889399 30206
4106 1791334801904864 25890
4107 1791334801925541 25812
4108 1791334801945376 26132
4109 1791334801969260 23881
4110 1791334801984613 23841
4111 1791334802007491 28157
4112 1791334802030925 27201
4113 1791334802050036 31262
4114 1791334802061102 21374
4115 1791334802086687 25580
4116 1791334802107781 26666
4117 1791334802123532 21877
4118 1791334802143617 21558
4119 1791334802164963 24968
4120 1791334802184791 25851
4121 1791334802208002 28609
4122 1791334802223576 22223
4123 1791334802247090 25257
4124 1791334802264480 25288
4125 1791334802284878 26290
4126 1791334802307786 23007
4127 1791334802324563 21843
4128 1791334802346762 27665
4129 1791334802367450 20681
4130 1791334802392844 25448
4131 1791334802406138 27350
4132 1791334802429003 22860
4133 1791334802440769 22105
4134 1791334802468020 27246
4135 1791334802483402 22754
4136 1791334802499433 20690
4137 1791334802521248 21810
4138 1791334802540376 21355
4139 1791334802565516 25136
4140 1791334802587808 28392
4141 1791334802607964 23973
# sent 4142 received 4142
