0 1791252498492929 25206
1 1791252498511230 22869
2 1791252498535232 23999
3 1791252498553498 23936
4 1791252498573698 24102
5 1791252498596488 23025
6 1791252498614335 22011
7 1791252498635083 21974
8 1791252498651167 22018
9 1791252498678448 27279
10 1791252498693594 20399
11 1791252498714024 23229
12 1791252498742969 28942
13 1791252498755176 23892
14 1791252498772000 22635
15 1791252498792687 20684
16 1791252498815990 23344
17 1791252498837219 24460
18 1791252498853870 22059
19 1791252498874710 22913
20 1791252498892189 24107
21 1791252498914608 22472
22 1791252498931965 21067
23 1791252498955296 23327
24 1791252498973791 22162
25 1791252499002484 28689
26 1791252499017829 29132
27 1791252499033290 21158
28 1791252499055213 26782
29 1791252499083163 34732
30 1791252499093647 24541
31 1791252499117043 25733
32 1791252499135318 22549
33 1791252499153795 25530
34 1791252499174120 24172
35 1791252499194621 25809
36 1791252499216974 22403
37 1791252499233084 20616
38 1791252499260249 27160
39 1791252499285428 32265
40 1791252499293086 24081
41 1791252499314020 24922
42 1791252499335350 21326
43 1791252499354057 25282
44 1791252499377606 27051
45 1791252499396192 23224
46 1791252499417994 25949
47 1791252499435322 22378
48 1791252499457525 26692
49 1791252499483621 32038
50 1791252499494497 23585
51 1791252499512464 23024
52 1791252499534212 21745
53 1791252499558193 27044
54 1791252499576606 23641
55 1791252499591832 20852
56 1791252499612547 20712
57 1791252499642003 29452
58 1791252499653846 24441
59 1791252499672194 24109
60 1791252499695244 23047
61 1791252499713127 22644
62 1791252499736609 23528
63 1791252499757987 26033
64 1791252499773910 20869
65 1791252499795308 22864
66 1791252499813891 24861
67 1791252499835034 26610
68 1791252499851873 22242
69 1791252499873818 24423
70 1791252499893311 24371
71 1791252499917741 24426
72 1791252499934473 20959
73 1791252499959374 25316
74 1791252499982969 29290
75 1791252499995869 24123
76 1791252500015956 24779
77 1791252500034627 23037
78 1791252500052664 23697
79 1791252500076199 23531
80 1791252500093411 21535
81 1791252500115949 25813
82 1791252500137825 25323
83 1791252500154208 22645
84 1791252500172586 24021
85 1791252500202637 30048
86 1791252500213273 23905
87 1791252500235599 26861
88 1791252500255234 26237
89 1791252500274107 22745
90 1791252500294716 24635
91 1791252500311688 23324
92 1791252500337679 25987
93 1791252500359571 26908
94 1791252500375334 21472
95 1791252500394071 21841
96 1791252500412114 23159
97 1791252500435676 23559
98 1791252500453431 21491
99 1791252500472605 22722
100 1791252500498321 25713
101 1791252500517291 24812
102 1791252500533971 21553
103 1791252500562898 31013
104 1791252500574504 22085
105 1791252500594484 21005
106 1791252500611422 22632
107 1791252500636672 25248
108 1791252500654240 23240
109 1791252500674272 23040
110 1791252500694760 24914
111 1791252500712737 24101
112 1791252500733659 22861
113 1791252500761058 27396
114 1791252500772398 22951
115 1791252500792599 23442
116 1791252500814357 25315
117 1791252500831171 22483
118 1791252500859573 28399
119 1791252500884322 31211
120 1791252500894552 21599
121 1791252500913674 25069
122 1791252500939164 25487
123 1791252500953367 20908
124 1791252500978256 24886
125 1791252500995503 21871
126 1791252501012385 23732
127 1791252501038140 25811
128 1791252501054231 20883
129 1791252501072650 23924
130 1791252501098744 26091
131 1791252501113547 24271
132 1791252501132055 24013
133 1791252501155416 23495
134 1791252501175642 24142
135 1791252501198101 27032
136 1791252501214584 23478
137 1791252501233789 23779
138 1791252501253996 25207
139 1791252501277020 28805
140 1791252501296458 23749
141 1791252501312842 24619
142 1791252501333706 24545
143 1791252501352813 22772
144 1791252501376073 26052
145 1791252501390756 22081
146 1791252501412494 23589
147 1791252501435967 27378
148 1791252501453189 24074
149 1791252501472544 24093
150 1791252501495157 22608
151 1791252501518838 25448
152 1791252501536485 23189
153 1791252501555208 23473
154 1791252501573235 22849
155 1791252501597053 24076
156 1791252501614458 21870
157 1791252501635012 26620
158 1791252501654402 22105
159 1791252501682974 28565
160 1791252501698008 27419
161 1791252501713963 21481
162 1791252501731658 22703
163 1791252501752622 23802
164 1791252501775714 26064
165 1791252501793158 21808
166 1791252501815574 22413
167 1791252501837468 26311
168 1791252501854175 22123
169 1791252501875815 26648
170 1791252501893877 25384
171 1791252501914039 25363
172 1791252501930941 22056
173 1791252501954187 23290
174 1791252501975131 26683
175 1791252501994596 20553
176 1791252502015977 25954
177 1791252502035961 23858
178 1791252502052928 22550
179 1791252502074963 22032
180 1791252502098245 29190
181 1791252502114440 24765
182 1791252502133684 25011
183 1791252502154222 20534
184 1791252502176560 26121
185 1791252502193362 21914
186 1791252502216102 22738
187 1791252502234326 21318
188 1791252502259401 25120
189 1791252502283475 28206
190 1791252502295254 23997
191 1791252502316023 25053
192 1791252502340220 31401
193 1791252502370054 29829
194 1791252502375589 26746
195 1791252502393122 23487
196 1791252502410997 20666
197 1791252502434528 23607
198 1791252502452405 23188
199 1791252502471868 23115
200 1791252502494132 22260
201 1791252502519455 25320
202 1791252502534300 20958
203 1791252502555514 22862
204 1791252502573296 21020
205 1791252502594108 25109
206 1791252502616394 22364
207 1791252502633633 25307
208 1791252502658257 24621
209 1791252502674298 26287
210 1791252502695158 24424
211 1791252502712784 21643
212 1791252502738215 25426
213 1791252502764350 31389
214 1791252502774764 20572
215 1791252502791997 23571
216 1791252502816035 24035
217 1791252502832351 21593
218 1791252502854053 21699
219 1791252502873628 22578
220 1791252502894394 22446
221 1791252502914954 26197
222 1791252502936061 27295
223 1791252502956298 27699
224 1791252502975581 25273
225 1791252502998703 27803
226 1791252503018141 24559
227 1791252503036820 24539
228 1791252503055177 22990
229 1791252503075129 26465
230 1791252503093231 24356
231 1791252503114553 26085
232 1791252503136165 25968
233 1791252503159182 26111
234 1791252503180217 25416
235 1791252503195214 21293
236 1791252503214869 25668
237 1791252503237086 26737
238 1791252503255689 26309
239 1791252503275729 27388
240 1791252503295062 24992
241 1791252503315524 27569
242 1791252503335656 25180
243 1791252503353650 21970
244 1791252503376146 22705
245 1791252503397789 24495
246 1791252503419454 26460
247 1791252503440110 26778
248 1791252503455208 21946
249 1791252503474083 23014
250 1791252503494818 25108
251 1791252503514295 24269
252 1791252503531459 23397
253 1791252503552292 23922
254 1791252503583272 30971
255 1791252503602959 31994
256 1791252503614011 22995
257 1791252503634948 26769
258 1791252503655307 24815
259 1791252503677846 27069
260 1791252503699208 26804
261 1791252503719364 26853
262 1791252503735689 21634
263 1791252503754502 25213
264 1791252503771389 22509
265 1791252503794243 22847
266 1791252503813913 23859
267 1791252503833746 23625
268 1791252503852767 22728
269 1791252503874798 24119
270 1791252503892681 23872
271 1791252503915767 23079
272 1791252503940722 28591
273 1791252503955740 21987
274 1791252503974855 24717
275 1791252503997844 22984
276 1791252504014924 23060
277 1791252504030718 21125
278 1791252504051759 21038
279 1791252504074790 23027
280 1791252504099807 25491
281 1791252504111291 22102
282 1791252504137173 25877
283 1791252504153745 24821
284 1791252504181599 27849
285 1791252504195342 23970
286 1791252504216900 25393
287 1791252504233552 21077
288 1791252504255370 24651
289 1791252504276250 24490
290 1791252504293120 21849
291 1791252504314113 21050
292 1791252504334738 21918
293 1791252504353471 25089
294 1791252504375686 22274
295 1791252504403234 27541
296 1791252504413544 25549
297 1791252504434986 23465
298 1791252504454393 25550
299 1791252504471398 22496
300 1791252504494589 24289
301 1791252504515241 25054
302 1791252504534263 24412
303 1791252504552733 23451
304 1791252504573784 24636
305 1791252504595266 26596
306 1791252504617778 28456
307 1791252504640041 27098
308 1791252504657944 24378
309 1791252504675210 26927
310 1791252504691316 21988
311 1791252504714271 23074
312 1791252504734652 26224
313 1791252504754485 25275
314 1791252504775496 23943
315 1791252504794238 24921
316 1791252504817941 23696
317 1791252504840350 26462
318 1791252504857577 23176
319 1791252504872048 23118
320 1791252504893729 21931
321 1791252504913129 23980
322 1791252504933840 25805
323 1791252504959098 30042
324 1791252504983059 32977
325 1791252504995608 24958
326 1791252505015088 24810
327 1791252505035535 25990
328 1791252505055634 24068
329 1791252505075537 26359
330 1791252505094289 23623
331 1791252505114602 22932
332 1791252505134264 25476
333 1791252505154166 23782
334 1791252505174681 26083
335 1791252505194665 26354
336 1791252505213831 24711
337 1791252505241546 30358
338 1791252505253233 22946
339 1791252505274395 21252
340 1791252505294457 24778
341 1791252505311213 21927
342 1791252505338475 27258
343 1791252505355022 22907
344 1791252505376414 27119
345 1791252505396541 24634
346 1791252505414248 21585
347 1791252505440747 30075
348 1791252505463322 32008
349 1791252505477262 27181
350 1791252505493213 22161
351 1791252505515897 22681
352 1791252505536019 22909
353 1791252505553314 22508
354 1791252505574722 25941
355 1791252505592862 21865
356 1791252505615266 22619
357 1791252505634602 21421
358 1791252505660915 26308
359 1791252505683064 28620
360 1791252505697395 28372
361 1791252505715752 22928
362 1791252505734670 25355
363 1791252505752623 24434
364 1791252505780688 28059
365 1791252505797472 25908
366 1791252505814281 23560
367 1791252505834754 25398
368 1791252505854870 25183
369 1791252505876585 25655
370 1791252505896333 24723
371 1791252505915423 26342
372 1791252505935170 23500
373 1791252505953686 24703
374 1791252505972211 23408
375 1791252505995625 23623
376 1791252506012832 22517
377 1791252506033581 20834
378 1791252506060481 26896
379 1791252506081812 27948
380 1791252506093722 22386
381 1791252506117274 23548
382 1791252506135878 24898
383 1791252506160802 29475
384 1791252506178122 23755
385 1791252506196583 23338
386 1791252506219185 26609
387 1791252506234657 22422
388 1791252506249891 21182
389 1791252506275999 26105
390 1791252506293255 22778
391 1791252506317700 24440
392 1791252506336705 24880
393 1791252506354516 22696
394 1791252506375384 26160
395 1791252506395027 24258
396 1791252506414577 25556
397 1791252506435493 26064
398 1791252506455322 25788
399 1791252506474140 25422
400 1791252506497300 23154
401 1791252506512348 23164
402 1791252506535466 25294
403 1791252506562749 32322
404 1791252506575665 24578
405 1791252506592074 23083
406 1791252506615411 23332
407 1791252506633807 24731
408 1791252506666763 33108
409 1791252506685485 32050
410 1791252506696918 23643
411 1791252506722784 33742
412 1791252506736569 28177
413 1791252506763899 27326
414 1791252506784508 31525
415 1791252506795120 26579
416 1791252506812960 23452
417 1791252506835828 27390
418 1791252506865187 31381
419 1791252506887330 33392
420 1791252506899630 28627
421 1791252506924247 30429
422 1791252506944575 30887
423 1791252506964729 31263
424 1791252506982686 33155
425 1791252507004320 33342
426 1791252507015656 24919
427 1791252507037885 27557
428 1791252507061009 31598
429 1791252507084369 30451
430 1791252507105748 32252
431 1791252507125191 32112
432 1791252507135880 27679
433 1791252507164801 28915
434 1791252507175636 26562
435 1791252507196593 27214
436 1791252507222114 32887
437 1791252507242981 33062
438 1791252507253659 25214
439 1791252507284087 30423
440 1791252507297995 26052
441 1791252507325247 32317
442 1791252507343020 29230
443 1791252507364272 32740
444 1791252507384790 31365
445 1791252507395912 25515
446 1791252507417285 26598
447 1791252507443899 32451
448 1791252507457733 25573
449 1791252507477338 28452
450 1791252507505584 34065
451 1791252507521545 28174
452 1791252507544007 31342
453 1791252507562491 30271
454 1791252507576234 24279
455 1791252507599033 25813
456 1791252507624937 31127
457 1791252507636036 23417
458 1791252507656228 25004
459 1791252507674047 25373
460 1791252507711887 39524
461 1791252507715339 24631
462 1791252507744222 32941
463 1791252507765769 33661
464 1791252507784333 29945
465 1791252507796377 26513
466 1791252507823713 30098
467 1791252507838319 26098
468 1791252507859912 28112
469 1791252507883000 29521
470 1791252507900309 27937
471 1791252507914599 25434
472 1791252507934106 24330
473 1791252507959267 29317
474 1791252507981623 28939
475 1791252507994524 25702
476 1791252508024050 31051
477 1791252508045637 36950
478 1791252508074093 39528
479 1791252508092662 40665
480 1791252508112710 42262
481 1791252508137818 45337
482 1791252508161108 48395
483 1791252508190700 55306
484 1791252508204771 56041
485 1791252508231711 57893
486 1791252508253808 65745
487 1791252508275749 66246
488 1791252508297313 65652
489 1791252508316155 66194
490 1791252508336637 64927
491 1791252508365463 69288
492 1791252508383436 73669
493 1791252508398603 69168
494 1791252508424232 74637
495 1791252508439606 69663
496 1791252508464470 71991
497 1791252508485433 75247
498 1791252508502580 73110
499 1791252508525364 71621
500 1791252508548428 77330
501 1791252508562182 71331
502 1791252508583997 75252
503 1791252508614362 82354
504 1791252508624867 76436
505 1791252508652741 82157
506 1791252508672856 78369
507 1791252508693620 83616
508 1791252508707149 74732
509 1791252508728261 75515
510 1791252508753465 80606
511 1791252508774454 84958
512 1791252508794792 86426
513 1791252508816023 87759
514 1791252508833828 83412
515 1791252508855563 86582
516 1791252508873207 82487
517 1791252508902536 89506
518 1791252508913880 85428
519 1791252508934889 84184
520 1791252508958351 85928
521 1791252508974118 84445
522 1791252509004072 94407
523 1791252509022999 94654
524 1791252509041699 92513
525 1791252509062179 91904
526 1791252509081382 92583
527 1791252509099180 89178
528 1791252509120019 89157
529 1791252509137716 86131
530 1791252509153316 83291
531 1791252509173840 84040
532 1791252509197683 83936
533 1791252509204961 74731
534 1791252509224009 72935
535 1791252509240800 70015
536 1791252509255592 64934
537 1791252509274192 64596
538 1791252509284550 55124
539 1791252509303606 54942
540 1791252509320896 51453
541 1791252509343444 52887
542 1791252509353942 43842
543 1791252509373064 42046
544 1791252509393286 40115
545 1791252509405830 32763
546 1791252509423700 30668
547 1791252509436071 23914
548 1791252509461637 29750
549 1791252509481831 33560
550 1791252509503332 31345
551 1791252509524132 34951
552 1791252509534321 25763
553 1791252509556244 27550
554 1791252509583644 30723
555 1791252509594214 25483
556 1791252509623021 28804
557 1791252509643350 32462
558 1791252509667111 34321
559 1791252509680228 30733
560 1791252509703386 30151
561 1791252509722968 31893
562 1791252509744892 33676
563 1791252509759372 31035
564 1791252509785013 31611
565 1791252509801121 30523
566 1791252509823203 32317
567 1791252509841305 29152
568 1791252509858745 28443
569 1791252509875277 26591
570 1791252509901306 28826
571 1791252509915350 25649
572 1791252509935809 23741
573 1791252509965311 33507
574 1791252509975797 27673
575 1791252510004270 33044
576 1791252510010551 22628
577 1791252510035568 27100
578 1791252510056032 26138
579 1791252510075813 25911
580 1791252510095905 25790
581 1791252510124131 34968
582 1791252510139828 29563
583 1791252510162986 29310
584 1791252510190687 37966
585 1791252510195154 26141
586 1791252510214589 24140
587 1791252510237726 29224
588 1791252510263302 31961
589 1791252510283764 31913
590 1791252510302630 29575
591 1791252510314661 24474
592 1791252510341406 30764
593 1791252510361150 31932
594 1791252510386357 35495
595 1791252510397935 25294
596 1791252510415680 25317
597 1791252510442766 32355
598 1791252510455075 24772
599 1791252510474326 25827
600 1791252510496451 25361
601 1791252510519230 26867
602 1791252510543436 31725
603 1791252510564835 31795
604 1791252510575510 26484
605 1791252510603432 34403
606 1791252510618845 29609
607 1791252510634946 26350
608 1791252510662345 33151
609 1791252510674387 24297
610 1791252510702014 33411
611 1791252510720683 30950
612 1791252510745232 31355
613 1791252510763640 30211
614 1791252510775811 23042
615 1791252510797208 24585
616 1791252510824997 33358
617 1791252510842459 29052
618 1791252510860550 31324
619 1791252510885614 30878
620 1791252510905137 30875
621 1791252510915425 26060
622 1791252510935275 25069
623 1791252510957611 27976
624 1791252510979248 27572
625 1791252511003700 30118
626 1791252511025769 33970
627 1791252511043554 30844
628 1791252511064588 31399
629 1791252511084328 31588
630 1791252511106680 33215
631 1791252511120226 26837
632 1791252511144529 31267
633 1791252511161091 27642
634 1791252511177429 27179
635 1791252511200699 29358
636 1791252511217705 28839
637 1791252511246261 33864
638 1791252511265300 30843
639 1791252511281511 26994
640 1791252511297810 26951
641 1791252511317304 28554
642 1791252511334552 26155
643 1791252511354124 25600
644 1791252511384249 30122
645 1791252511404648 31044
646 1791252511424909 31655
647 1791252511443119 29929
648 1791252511458630 26173
649 1791252511481261 28945
650 1791252511495106 25464
651 1791252511518056 24031
652 1791252511536404 24708
653 1791252511556650 25487
654 1791252511573308 24212
655 1791252511595073 24027
656 1791252511619885 28856
657 1791252511646380 32611
658 1791252511659108 29610
659 1791252511684103 33886
660 1791252511703891 35282
661 1791252511723881 35389
662 1791252511754583 46045
663 1791252511775300 45236
664 1791252511801276 53001
665 1791252511816606 47737
666 1791252511844917 54680
667 1791252511872801 60833
668 1791252511893685 64106
669 1791252511921847 68249
670 1791252511944856 72051
671 1791252511967534 73846
672 1791252511991565 81326
673 1791252512012511 80114
674 1791252512037243 88666
675 1791252512063074 92660
676 1791252512085457 93890
677 1791252512105766 96566
678 1791252512134616 103183
679 1791252512154901 106379
680 1791252512174575 105450
681 1791252512199955 105801
682 1791252512216121 107175
683 1791252512234133 104473
684 1791252512261286 110888
685 1791252512274124 105142
686 1791252512294764 105839
687 1791252512315198 106815
688 1791252512342715 108775
689 1791252512363698 110754
690 1791252512380062 110447
691 1791252512396387 106824
692 1791252512417359 107933
693 1791252512444134 111868
694 1791252512463689 111189
695 1791252512473627 104737
696 1791252512490514 100799
697 1791252512512237 99732
698 1791252512533364 99351
699 1791252512551064 97460
700 1791252512569262 95633
701 1791252512583639 94568
702 1791252512603245 91005
703 1791252512621296 87928
704 1791252512638407 87375
705 1791252512655313 86048
706 1791252512671801 82988
707 1791252512688430 78688
708 1791252512703604 74095
709 1791252512726661 76365
710 1791252512745996 74647
711 1791252512759326 70893
712 1791252512771682 60290
713 1791252512787890 53748
714 1791252512802459 49693
715 1791252512806232 36898
716 1791252512824378 36483
717 1791252512838487 30021
718 1791252512863137 30439
719 1791252512885889 33929
720 1791252512896945 27064
721 1791252512915626 25675
722 1791252512939122 27950
723 1791252512963298 29365
724 1791252512986504 33693
725 1791252513004936 31610
726 1791252513015510 26826
727 1791252513042925 33024
728 1791252513053332 23687
729 1791252513085602 32266
730 1791252513104152 30903
731 1791252513114521 25055
732 1791252513143157 33745
733 1791252513154677 25837
734 1791252513175809 25738
735 1791252513204887 34706
736 1791252513225723 32601
737 1791252513244202 30423
738 1791252513261098 32063
739 1791252513282899 33739
740 1791252513313389 42352
741 1791252513326145 34265
742 1791252513344833 31441
743 1791252513367597 33614
744 1791252513382602 32136
745 1791252513394170 24959
746 1791252513422615 31624
747 1791252513434556 25478
748 1791252513455170 26482
749 1791252513476773 27724
750 1791252513500464 30214
751 1791252513515362 27199
752 1791252513548655 36300
753 1791252513564744 32420
754 1791252513575771 27113
755 1791252513602523 30372
756 1791252513618769 29451
757 1791252513637129 27971
758 1791252513658513 27223
759 1791252513683793 33658
760 1791252513709351 36175
761 1791252513723357 30636
762 1791252513739277 29923
763 1791252513755325 25591
764 1791252513780432 30947
765 1791252513803848 31491
766 1791252513814908 22880
767 1791252513839458 28423
768 1791252513863145 29237
769 1791252513882864 30653
770 1791252513905566 35044
771 1791252513920802 29803
772 1791252513942620 28319
773 1791252513956279 27863
774 1791252513975568 25329
775 1791252514003925 32858
776 1791252514016820 24892
777 1791252514039080 27404
778 1791252514065450 30538
779 1791252514084643 31371
780 1791252514102780 29654
781 1791252514114771 23470
782 1791252514135688 27411
783 1791252514153170 23780
784 1791252514183759 30587
785 1791252514196909 24693
786 1791252514212966 24829
787 1791252514241757 28839
788 1791252514256461 24922
789 1791252514282708 32624
790 1791252514302345 29132
791 1791252514315380 24480
792 1791252514343796 31048
793 1791252514358510 27710
794 1791252514382698 33252
795 1791252514396957 25902
796 1791252514421094 30385
797 1791252514444126 33688
798 1791252514462963 30529
799 1791252514479907 30075
800 1791252514503212 31779
801 1791252514521766 31048
802 1791252514533849 24357
803 1791252514562519 28666
804 1791252514572920 24824
805 1791252514608010 35243
806 1791252514620424 29473
807 1791252514633635 25622
808 1791252514662944 29633
809 1791252514683495 30416
810 1791252514703081 32101
811 1791252514715802 26014
812 1791252514736835 24990
813 1791252514762779 30829
814 1791252514773240 24059
815 1791252514803770 35557
816 1791252514815143 25405
817 1791252514834892 25017
818 1791252514864499 31276
819 1791252514886896 33130
820 1791252514899268 28120
821 1791252514918846 30871
822 1791252514941624 33083
823 1791252514962802 31445
824 1791252514976462 27405
825 1791252514997866 26665
826 1791252515024342 31533
827 1791252515043698 30002
828 1791252515062869 29490
829 1791252515077783 27413
830 1791252515105668 33570
831 1791252515124143 30709
832 1791252515143959 31573
833 1791252515166454 33991
834 1791252515177716 28122
835 1791252515199557 27985
836 1791252515222051 27785
837 1791252515247025 35573
838 1791252515264157 27982
839 1791252515284252 30435
840 1791252515304042 30572
841 1791252515324224 30994
842 1791252515334599 25771
843 1791252515354619 24541
844 1791252515375976 24518
845 1791252515392899 23195
846 1791252515423162 33661
847 1791252515444177 35415
848 1791252515456853 27291
849 1791252515473882 24616
850 1791252515492722 23895
851 1791252515524167 31442
852 1791252515544198 31253
853 1791252515555466 24240
854 1791252515578713 30275
855 1791252515604174 32766
856 1791252515623121 33903
857 1791252515643352 34708
858 1791252515671142 42808
859 1791252515690190 39550
860 1791252515716714 47683
861 1791252515742137 52210
862 1791252515758890 42173
863 1791252515769851 40381
864 1791252515793446 40272
865 1791252515814294 44440
866 1791252515841825 52932
867 1791252515862657 53162
868 1791252515880149 51561
869 1791252515893309 44925
870 1791252515924684 55429
871 1791252515943432 50119
872 1791252515963613 53485
873 1791252515988015 57717
874 1791252516004446 53356
875 1791252516026895 57752
876 1791252516042843 54825
877 1791252516076072 61872
878 1791252516092097 60055
879 1791252516111677 61451
880 1791252516127523 55663
881 1791252516151875 59775
882 1791252516174093 63869
883 1791252516204184 70686
884 1791252516214277 62399
885 1791252516235533 65837
886 1791252516255142 64185
887 1791252516275871 62286
888 1791252516296263 65685
889 1791252516317918 69183
890 1791252516341980 72706
891 1791252516365119 75137
892 1791252516384234 75394
893 1791252516400908 72736
894 1791252516422052 69598
895 1791252516443858 70431
896 1791252516459323 70611
897 1791252516473307 64852
898 1791252516503815 75146
899 1791252516523393 75152
900 1791252516551636 78326
901 1791252516566444 73405
902 1791252516583227 74342
903 1791252516613789 79980
904 1791252516625676 74038
905 1791252516649659 81088
906 1791252516664581 76225
907 1791252516686091 72414
908 1791252516710960 78998
909 1791252516724781 75119
910 1791252516745656 76328
911 1791252516765764 76386
912 1791252516795536 84572
913 1791252516813004 78633
914 1791252516833820 80671
915 1791252516848056 79620
916 1791252516870907 81521
917 1791252516897969 86430
918 1791252516908943 77802
919 1791252516932637 84578
920 1791252516954051 83199
921 1791252516971254 78606
922 1791252516983743 74797
923 1791252517000404 70239
924 1791252517022146 71207
925 1791252517036749 65490
926 1791252517054568 66404
927 1791252517073525 62707
928 1791252517088876 55467
929 1791252517103515 54671
930 1791252517123160 49632
931 1791252517133940 45189
932 1791252517154299 44743
933 1791252517175178 42749
934 1791252517191167 43025
935 1791252517216966 44078
936 1791252517224273 33170
937 1791252517243958 32962
938 1791252517254660 22788
939 1791252517283140 30351
940 1791252517302578 30229
941 1791252517316538 26781
942 1791252517339808 28832
943 1791252517358509 26344
944 1791252517376212 27065
945 1791252517399733 28751
946 1791252517424112 31464
947 1791252517443152 30658
948 1791252517463961 31677
949 1791252517489985 37898
950 1791252517503880 35104
951 1791252517517620 27632
952 1791252517538159 29690
953 1791252517564330 30893
954 1791252517577168 28922
955 1791252517602473 29620
956 1791252517621030 31964
957 1791252517644471 31816
958 1791252517664081 30512
959 1791252517685172 32539
960 1791252517701627 28693
961 1791252517724837 31171
962 1791252517739830 29547
963 1791252517764517 31308
964 1791252517780028 30007
965 1791252517804090 30518
966 1791252517824368 32073
967 1791252517845236 32358
968 1791252517860737 27742
969 1791252517882366 28702
970 1791252517902262 30283
971 1791252517917551 26832
972 1791252517939799 27100
973 1791252517967842 38201
974 1791252517985848 30576
975 1791252517997267 29422
976 1791252518014491 26479
977 1791252518035553 26742
978 1791252518063193 30634
979 1791252518074717 26096
980 1791252518095491 26472
981 1791252518127503 36010
982 1791252518142514 32796
983 1791252518157825 28233
984 1791252518178401 29217
985 1791252518204768 31853
986 1791252518220121 28107
987 1791252518242951 30091
988 1791252518264169 31687
989 1791252518279534 27369
990 1791252518293721 25011
991 1791252518324757 31032
992 1791252518339036 26550
993 1791252518354608 26008
994 1791252518383368 30224
995 1791252518398173 28212
996 1791252518416188 27498
997 1791252518433678 25208
998 1791252518463772 31884
999 1791252518481182 28540
1000 1791252518504678 34186
1001 1791252518524059 30557
1002 1791252518535914 23538
1003 1791252518555126 23256
1004 1791252518577151 26854
1005 1791252518602809 31283
1006 1791252518616458 26311
1007 1791252518643943 31800
1008 1791252518656187 26877
1009 1791252518679669 31532
1010 1791252518695927 27001
1011 1791252518722017 32364
1012 1791252518736512 28079
1013 1791252518758065 29344
1014 1791252518775372 26562
1015 1791252518794555 25945
1016 1791252518820050 31363
1017 1791252518844937 32163
1018 1791252518861837 28235
1019 1791252518884227 33151
1020 1791252518898697 25407
1021 1791252518924746 30777
1022 1791252518940386 27736
1023 1791252518956435 28196
1024 1791252518982373 31846
1025 1791252518997368 27508
1026 1791252519017824 24327
1027 1791252519039809 31268
1028 1791252519063688 29580
1029 1791252519076503 27519
1030 1791252519105333 36048
1031 1791252519126754 32466
1032 1791252519146071 33022
1033 1791252519172321 38919
1034 1791252519198618 48300
1035 1791252519214781 45948
1036 1791252519239552 48058
1037 1791252519265837 57032
1038 1791252519281423 53457
1039 1791252519314565 60142
1040 1791252519334270 64733
1041 1791252519362519 69052
1042 1791252519385503 70935
1043 1791252519411162 76889
1044 1791252519430367 81160
1045 1791252519452946 84158
1046 1791252519475614 82746
1047 1791252519503304 92139
1048 1791252519523325 92955
1049 1791252519550787 97891
1050 1791252519575776 104692
1051 1791252519592951 100142
1052 1791252519614695 105961
1053 1791252519633372 103444
1054 1791252519654156 103368
1055 1791252519675132 103707
1056 1791252519693477 100701
1057 1791252519716455 102817
1058 1791252519735053 102785
1059 1791252519764339 110931
1060 1791252519776618 105087
1061 1791252519803221 114561
1062 1791252519824043 113015
1063 1791252519834311 102719
1064 1791252519861846 112461
1065 1791252519885048 112060
1066 1791252519897229 108361
1067 1791252519915929 103297
1068 1791252519929603 101249
1069 1791252519949084 98061
1070 1791252519964913 91429
1071 1791252519979265 90573
1072 1791252519997874 87657
1073 1791252520016229 86622
1074 1791252520033968 84880
1075 1791252520052199 83048
1076 1791252520073094 84023
1077 1791252520086972 77671
1078 1791252520104993 71022
1079 1791252520122806 70604
1080 1791252520144383 71285
1081 1791252520164185 70346
1082 1791252520176359 64032
1083 1791252520189821 60694
1084 1791252520207051 53928
1085 1791252520217484 46542
1086 1791252520235649 45825
1087 1791252520244718 32812
1088 1791252520263205 34022
1089 1791252520277269 28210
1090 1791252520294020 25474
1091 1791252520317012 28435
1092 1791252520342191 30167
1093 1791252520360671 30076
1094 1791252520378544 29410
1095 1791252520411361 40274
1096 1791252520424528 28774
1097 1791252520441996 30632
1098 1791252520462275 32509
1099 1791252520488441 40048
1100 1791252520500808 31629
1101 1791252520525250 36807
1102 1791252520550899 36719
1103 1791252520562956 32847
1104 1791252520584683 33782
1105 1791252520595095 26495
1106 1791252520624058 29976
1107 1791252520646276 33770
1108 1791252520664773 35394
1109 1791252520675407 26173
1110 1791252520699943 26648
1111 1791252520723259 30549
1112 1791252520733748 24692
1113 1791252520769539 35784
1114 1791252520781870 30543
1115 1791252520793082 23540
1116 1791252520822014 33773
1117 1791252520832515 24056
1118 1791252520863228 30710
1119 1791252520882041 29310
1120 1791252520904224 32883
1121 1791252520922690 29064
1122 1791252520940139 29377
1123 1791252520964928 32203
1124 1791252520980393 29770
1125 1791252521005211 34516
1126 1791252521025186 32146
1127 1791252521040492 31638
1128 1791252521062289 28764
1129 1791252521085217 33413
1130 1791252521102994 29370
1131 1791252521113473 25197
1132 1791252521144342 30983
1133 1791252521164311 31193
1134 1791252521182431 29662
1135 1791252521198340 28335
1136 1791252521224277 32304
1137 1791252521242407 28652
1138 1791252521257648 27936
1139 1791252521282585 30085
1140 1791252521306201 36658
1141 1791252521320523 26481
1142 1791252521343770 34372
1143 1791252521360373 29159
1144 1791252521383942 34645
1145 1791252521404547 33625
1146 1791252521428308 35736
1147 1791252521443808 31000
1148 1791252521461116 32805
1149 1791252521483339 34556
1150 1791252521503095 34486
1151 1791252521515475 26370
1152 1791252521537554 26560
1153 1791252521564694 31894
1154 1791252521586644 32820
1155 1791252521604282 30456
1156 1791252521618413 26583
1157 1791252521638008 29617
1158 1791252521660901 28233
1159 1791252521684748 31622
1160 1791252521700413 27139
1161 1791252521718982 25011
1162 1791252521736255 22148
1163 1791252521756124 23786
1164 1791252521778436 27086
1165 1791252521794387 22193
1166 1791252521812677 23643
1167 1791252521834098 21418
1168 1791252521852194 20963
1169 1791252521874326 23153
1170 1791252521893396 24999
1171 1791252521917833 24434
1172 1791252521933220 20786
1173 1791252521955191 21968
1174 1791252521976639 27162
1175 1791252521997947 26018
1176 1791252522013453 20706
1177 1791252522032735 22811
1178 1791252522053457 20710
1179 1791252522077177 23717
1180 1791252522098342 26201
1181 1791252522114568 21819
1182 1791252522132387 21844
1183 1791252522158395 26005
1184 1791252522174037 23077
1185 1791252522189734 20931
1186 1791252522214980 25243
1187 1791252522235049 23830
1188 1791252522251713 22591
1189 1791252522274419 22703
1190 1791252522293256 23325
1191 1791252522315577 22374
1192 1791252522333024 23756
1193 1791252522353623 24449
1194 1791252522376360 27669
1195 1791252522393108 22717
1196 1791252522415419 26242
1197 1791252522431657 22035
1198 1791252522453388 23735
1199 1791252522475511 26119
1200 1791252522493385 23817
1201 1791252522521103 27715
1202 1791252522532435 23926
1203 1791252522552168 23342
1204 1791252522574284 22195
1205 1791252522590307 22020
1206 1791252522613331 23065
1207 1791252522632270 21972
1208 1791252522662511 30366
1209 1791252522674360 24051
1210 1791252522695182 26013
1211 1791252522712074 22086
1212 1791252522734121 22044
1213 1791252522752112 22079
1214 1791252522773821 25540
1215 1791252522793673 23117
1216 1791252522811979 23270
1217 1791252522838030 26108
1218 1791252522854117 20632
1219 1791252522878219 24983
1220 1791252522894002 21213
1221 1791252522915522 21517
1222 1791252522932690 24346
1223 1791252522952805 23545
1224 1791252522972887 23064
1225 1791252522993563 25510
1226 1791252523018491 24925
1227 1791252523032618 20554
1228 1791252523053348 20726
1229 1791252523074727 21376
1230 1791252523097837 23640
1231 1791252523117866 25111
1232 1791252523135559 24045
1233 1791252523156335 25266
1234 1791252523180168 23829
1235 1791252523193286 24566
1236 1791252523218650 25361
1237 1791252523236634 23553
1238 1791252523254149 21721
1239 1791252523275315 22097
1240 1791252523293376 23593
1241 1791252523315255 21937
1242 1791252523333654 24201
1243 1791252523352967 24335
1244 1791252523388043 35073
1245 1791252523396334 22493
1246 1791252523408911 20866
1247 1791252523434621 25705
1248 1791252523455693 25135
1249 1791252523474378 23238
1250 1791252523492925 23447
1251 1791252523520203 27275
1252 1791252523533793 20745
1253 1791252523551124 20866
1254 1791252523581211 30084
1255 1791252523591849 21009
1256 1791252523614788 22936
1257 1791252523632662 23588
1258 1791252523658523 25858
1259 1791252523677045 24247
1260 1791252523698995 25695
1261 1791252523717220 24693
1262 1791252523735226 22013
1263 1791252523752242 23191
1264 1791252523774459 26020
1265 1791252523793748 25074
1266 1791252523818640 24887
1267 1791252523835403 22594
1268 1791252523859060 26665
1269 1791252523878274 25139
1270 1791252523899280 27281
1271 1791252523918101 24969
1272 1791252523934076 21066
1273 1791252523952815 22625
1274 1791252523977689 27654
1275 1791252523994317 24311
1276 1791252524016512 27507
1277 1791252524044697 28174
1278 1791252524055632 21647
1279 1791252524075293 25261
1280 1791252524096372 26141
1281 1791252524113447 25045
1282 1791252524138218 24767
1283 1791252524154978 21716
1284 1791252524175773 25975
1285 1791252524196256 26284
1286 1791252524212535 20706
1287 1791252524237492 24953
1288 1791252524259036 26144
1289 1791252524274319 20658
1290 1791252524294302 25793
1291 1791252524313482 24272
1292 1791252524333831 23964
1293 1791252524352861 22090
1294 1791252524375783 27585
1295 1791252524393450 20702
1296 1791252524412808 24735
1297 1791252524439142 26331
1298 1791252524458533 25885
1299 1791252524477485 24875
1300 1791252524495497 23021
1301 1791252524519703 24203
1302 1791252524537443 23216
1303 1791252524550167 20695
1304 1791252524571377 21207
1305 1791252524596753 28254
1306 1791252524616155 22764
1307 1791252524635445 22365
1308 1791252524652485 21094
1309 1791252524676593 24105
1310 1791252524696484 25173
1311 1791252524714639 22558
1312 1791252524736011 25154
1313 1791252524754183 23749
1314 1791252524771743 22662
1315 1791252524795365 26404
1316 1791252524819772 29481
1317 1791252524834316 24326
1318 1791252524861648 27331
1319 1791252524874464 24201
1320 1791252524891945 22119
1321 1791252524914264 22318
1322 1791252524953664 39397
1323 1791252524961411 28393
1324 1791252524984293 35554
1325 1791252525011423 37143
1326 1791252525033503 41307
1327 1791252525055967 47021
1328 1791252525087944 57746
1329 1791252525109288 57504
1330 1791252525135669 62083
1331 1791252525154060 66113
1332 1791252525173972 64681
1333 1791252525193546 63392
1334 1791252525215765 66186
1335 1791252525243307 74073
1336 1791252525266240 77166
1337 1791252525285277 76479
1338 1791252525304451 66771
1339 1791252525323394 72114
1340 1791252525357909 83196
1341 1791252525365664 71903
1342 1791252525389450 76440
1343 1791252525406419 77919
1344 1791252525436803 85000
1345 1791252525453232 80244
1346 1791252525465884 76603
1347 1791252525502908 91176
1348 1791252525508366 73184
1349 1791252525525068 72648
1350 1791252525550110 76203
1351 1791252525571881 82858
1352 1791252525596405 88036
1353 1791252525604225 71671
1354 1791252525634348 84317
1355 1791252525652810 83598
1356 1791252525675335 86083
1357 1791252525697098 84273
1358 1791252525724088 90233
1359 1791252525750488 98861
1360 1791252525768104 94231
1361 1791252525780527 87797
1362 1791252525804190 91195
1363 1791252525824903 90544
1364 1791252525842062 91573
1365 1791252525863211 95104
1366 1791252525889485 100175
1367 1791252525907421 98130
1368 1791252525932346 102531
1369 1791252525953738 102521
1370 1791252525972483 99679
1371 1791252525979622 90135
1372 1791252526020097 107494
1373 1791252526041407 109058
1374 1791252526060278 110789
1375 1791252526073447 103375
1376 1791252526103512 111029
1377 1791252526114841 101994
1378 1791252526136832 103047
1379 1791252526158443 105134
1380 1791252526167584 97596
1381 1791252526189693 97007
1382 1791252526208838 94422
1383 1791252526235936 104536
1384 1791252526252180 99714
1385 1791252526281381 110158
1386 1791252526291219 101911
1387 1791252526314864 106024
1388 1791252526329420 100427
1389 1791252526366566 114383
1390 1791252526378673 107121
1391 1791252526405893 116260
1392 1791252526422610 113717
1393 1791252526440178 110952
1394 1791252526462280 113036
1395 1791252526469381 98992
1396 1791252526487528 93492
1397 1791252526505788 90958
1398 1791252526522454 89748
1399 1791252526542713 91221
1400 1791252526553637 84252
1401 1791252526584592 91003
1402 1791252526598197 85831
1403 1791252526617832 83934
1404 1791252526635461 84984
1405 1791252526652181 82705
1406 1791252526667361 75330
1407 1791252526684863 73394
1408 1791252526697554 66021
1409 1791252526714895 63726
1410 1791252526727790 55801
1411 1791252526746790 57391
1412 1791252526768510 59792
1413 1791252526783212 55419
1414 1791252526801794 48340
1415 1791252526823565 55052
1416 1791252526842409 52943
1417 1791252526852860 44159
1418 1791252526874055 40801
1419 1791252526892997 43884
1420 1791252526905684 36655
1421 1791252526934185 41185
1422 1791252526946904 32896
1423 1791252526964551 31545
1424 1791252526977367 28777
1425 1791252527011159 40294
1426 1791252527026171 38203
1427 1791252527047717 36554
1428 1791252527055648 27203
1429 1791252527082783 32728
1430 1791252527102288 32941
1431 1791252527134069 40730
1432 1791252527156555 43593
1433 1791252527172199 38127
1434 1791252527187074 34479
1435 1791252527216045 45849
1436 1791252527240959 46508
1437 1791252527256275 42357
1438 1791252527266815 36838
1439 1791252527294243 39006
1440 1791252527312364 40869
1441 1791252527324747 35355
1442 1791252527352982 40941
1443 1791252527383600 49020
1444 1791252527406348 57346
1445 1791252527414428 46040
1446 1791252527435827 43255
1447 1791252527459430 48604
1448 1791252527465170 35687
1449 1791252527504543 51822
1450 1791252527516702 43128
1451 1791252527528377 39612
1452 1791252527554117 41379
1453 1791252527566208 37827
1454 1791252527585787 34569
1455 1791252527608598 34826
1456 1791252527627951 39753
1457 1791252527645991 37390
1458 1791252527672944 44990
1459 1791252527702156 49026
1460 1791252527712969 40019
1461 1791252527737933 49735
1462 1791252527747438 35016
1463 1791252527775342 42501
1464 1791252527794509 40515
1465 1791252527813851 42522
1466 1791252527842688 54115
1467 1791252527850259 39015
1468 1791252527881431 48167
1469 1791252527896123 46068
1470 1791252527914378 41571
1471 1791252527951771 56212
1472 1791252527972344 57963
1473 1791252527983924 49379
1474 1791252527996422 46301
1475 1791252528023744 51383
1476 1791252528034060 43195
1477 1791252528051988 42890
1478 1791252528070831 42732
1479 1791252528094628 44576
1480 1791252528108833 39229
1481 1791252528141856 53194
1482 1791252528152507 43671
1483 1791252528176200 43721
1484 1791252528195546 47614
1485 1791252528213642 44400
1486 1791252528233710 45157
1487 1791252528256000 43363
1488 1791252528275406 41693
1489 1791252528303572 53105
1490 1791252528315101 46370
1491 1791252528342689 50641
1492 1791252528354873 45702
1493 1791252528376132 47541
1494 1791252528397017 45917
1495 1791252528428395 56231
1496 1791252528435674 46221
1497 1791252528463535 51394
1498 1791252528483668 55270
1499 1791252528495823 41746
1500 1791252528515021 43765
1501 1791252528541662 47549
1502 1791252528558047 49129
1503 1791252528585259 53984
1504 1791252528606284 54017
1505 1791252528623732 55491
1506 1791252528637874 43322
1507 1791252528658993 46111
1508 1791252528674783 46661
1509 1791252528700762 50852
1510 1791252528734701 60928
1511 1791252528743120 49504
1512 1791252528765052 54650
1513 1791252528791953 59211
1514 1791252528806349 56880
1515 1791252528827600 54205
1516 1791252528847661 55705
1517 1791252528865477 51723
1518 1791252528886406 56898
1519 1791252528903079 52608
1520 1791252528922305 50261
1521 1791252528944869 53032
1522 1791252528968438 56390
1523 1791252528978361 46401
1524 1791252529004482 56327
1525 1791252529032780 64339
1526 1791252529058296 67482
1527 1791252529076320 65653
1528 1791252529085948 55405
1529 1791252529108639 59976
1530 1791252529123585 52355
1531 1791252529154645 64777
1532 1791252529173434 64792
1533 1791252529187681 54598
1534 1791252529203681 50094
1535 1791252529225919 53248
1536 1791252529252006 57624
1537 1791252529271554 60104
1538 1791252529299386 68731
1539 1791252529316963 65814
1540 1791252529333541 64695
1541 1791252529366206 73756
1542 1791252529374481 62578
1543 1791252529395450 64953
1544 1791252529420592 64823
1545 1791252529435126 66610
1546 1791252529457788 64329
1547 1791252529490056 77513
1548 1791252529497318 62972
1549 1791252529517498 64081
1550 1791252529536069 63465
1551 1791252529553230 63172
1552 1791252529567875 56835
1553 1791252529594809 66065
1554 1791252529614853 65496
1555 1791252529639246 71367
1556 1791252529658248 64212
1557 1791252529676317 67651
1558 1791252529706026 73965
1559 1791252529720175 67066
1560 1791252529744549 75682
1561 1791252529771870 81632
1562 1791252529798060 84460
1563 1791252529813284 81599
1564 1791252529821019 70823
1565 1791252529836614 64741
1566 1791252529853900 65285
1567 1791252529881469 68182
1568 1791252529885195 52819
1569 1791252529917326 64296
1570 1791252529928182 59770
1571 1791252529950583 62077
1572 1791252529976363 64724
1573 1791252529987728 59542
1574 1791252530004321 54193
1575 1791252530024947 53630
1576 1791252530036670 48939
1577 1791252530050950 41559
1578 1791252530065670 37229
1579 1791252530082771 32139
1580 1791252530098391 28589
1581 1791252530132339 39708
1582 1791252530136053 24419
1583 1791252530161989 32005
1584 1791252530180481 32069
1585 1791252530198339 27163
1586 1791252530221420 29006
1587 1791252530248477 34607
1588 1791252530258334 25597
1589 1791252530277932 29453
1590 1791252530310124 36225
1591 1791252530326460 38272
1592 1791252530343534 34354
1593 1791252530357063 27927
1594 1791252530382800 30266
1595 1791252530396525 25417
1596 1791252530416244 26722
1597 1791252530453417 42135
1598 1791252530462437 32551
1599 1791252530476262 24620
1600 1791252530498750 27182
1601 1791252530517760 28807
1602 1791252530553261 41129
1603 1791252530574188 44759
1604 1791252530583439 30813
1605 1791252530595761 25611
1606 1791252530622899 33654
1607 1791252530643410 35401
1608 1791252530664777 31074
1609 1791252530684406 35406
1610 1791252530708894 35259
1611 1791252530725415 36322
1612 1791252530742444 33883
1613 1791252530765725 31156
1614 1791252530793364 43027
1615 1791252530808624 36557
1616 1791252530829599 39034
1617 1791252530843804 35177
1618 1791252530875405 45803
1619 1791252530894559 40049
1620 1791252530910290 40134
1621 1791252530925568 36948
1622 1791252530944211 34151
1623 1791252530965720 34950
1624 1791252530986051 32463
1625 1791252531013417 41063
1626 1791252531023904 30893
1627 1791252531045980 32560
1628 1791252531075775 45141
1629 1791252531098793 48340
1630 1791252531113956 42806
1631 1791252531127224 35035
1632 1791252531154378 45263
1633 1791252531173134 44371
1634 1791252531191754 39056
1635 1791252531215048 41911
1636 1791252531245573 54281
1637 1791252531261530 47944
1638 1791252531285409 50468
1639 1791252531295946 42931
1640 1791252531313544 44196
1641 1791252531335575 46758
1642 1791252531364500 52321
1643 1791252531387964 56001
1644 1791252531391158 42398
1645 1791252531413547 41065
1646 1791252531434400 46432
1647 1791252531455881 47299
1648 1791252531484542 50139
1649 1791252531493490 42462
1650 1791252531516040 43766
1651 1791252531534272 42319
1652 1791252531557502 47742
1653 1791252531573094 43212
1654 1791252531588569 36998
1655 1791252531616091 42993
1656 1791252531632586 44015
1657 1791252531660553 50777
1658 1791252531679359 48286
1659 1791252531693613 43791
1660 1791252531715648 43552
1661 1791252531733764 41050
1662 1791252531752612 38943
1663 1791252531783457 50164
1664 1791252531795681 47479
1665 1791252531817290 43902
1666 1791252531832358 39104
1667 1791252531848658 36263
1668 1791252531865858 33497
1669 1791252531893005 44345
1670 1791252531921002 48471
1671 1791252531941153 48925
1672 1791252531969527 56612
1673 1791252531975446 41312
1674 1791252531989897 38333
1675 1791252532013368 43838
1676 1791252532028816 39719
1677 1791252532059146 46210
1678 1791252532065237 36418
1679 1791252532089739 37254
1680 1791252532107090 33098
1681 1791252532132233 43041
1682 1791252532148772 36533
1683 1791252532187056 55977
1684 1791252532205900 57124
1685 1791252532225764 47777
1686 1791252532239922 42117
1687 1791252532255893 41346
1688 1791252532273349 43646
1689 1791252532298664 50371
1690 1791252532319157 49221
1691 1791252532349846 56913
1692 1791252532357662 43430
1693 1791252532375576 46960
1694 1791252532396535 46684
1695 1791252532427751 52171
1696 1791252532434767 41733
1697 1791252532461469 46732
1698 1791252532479181 51427
1699 1791252532511057 62897
1700 1791252532525833 48961
1701 1791252532541972 51358
1702 1791252532567459 56398
1703 1791252532582905 53978
1704 1791252532604752 51965
1705 1791252532624296 55046
1706 1791252532646572 57940
1707 1791252532667621 59172
1708 1791252532686001 57172
1709 1791252532709394 60581
1710 1791252532729134 60227
1711 1791252532742406 54134
1712 1791252532764080 54683
1713 1791252532782960 53821
1714 1791252532804226 51737
1715 1791252532835723 61664
1716 1791252532861398 67523
1717 1791252532875277 60326
1718 1791252532886007 57880
1719 1791252532904594 50957
1720 1791252532931876 59632
1721 1791252532946468 52568
1722 1791252532974597 65549
1723 1791252532987031 56026
1724 1791252533011116 58125
1725 1791252533036082 61481
1726 1791252533046684 58529
1727 1791252533064913 56289
1728 1791252533084481 49144
1729 1791252533109294 59510
1730 1791252533127641 58089
1731 1791252533144417 49644
1732 1791252533172502 63205
1733 1791252533194708 60292
1734 1791252533213978 64609
1735 1791252533227129 55714
1736 1791252533262601 73684
1737 1791252533276912 62931
1738 1791252533292106 57742
1739 1791252533304548 54797
1740 1791252533328456 55965
1741 1791252533356740 67880
1742 1791252533375089 62233
1743 1791252533397348 68889
1744 1791252533416987 66741
1745 1791252533436879 61783
1746 1791252533466824 69471
1747 1791252533484192 71276
1748 1791252533504500 70470
1749 1791252533523808 66156
1750 1791252533544265 74693
1751 1791252533555837 64177
1752 1791252533582313 69071
1753 1791252533604464 72728
1754 1791252533628200 79036
1755 1791252533636971 68432
1756 1791252533665671 72667
1757 1791252533677198 66289
1758 1791252533698578 70374
1759 1791252533720641 70361
1760 1791252533736718 65353
1761 1791252533758515 65132
1762 1791252533781223 68381
1763 1791252533794527 58392
1764 1791252533816208 67856
1765 1791252533839694 70374
1766 1791252533861341 68153
1767 1791252533880529 66674
1768 1791252533901966 72001
1769 1791252533916708 63470
1770 1791252533958410 89187
1771 1791252533964877 69671
1772 1791252533978236 68829
1773 1791252534003317 69591
1774 1791252534025323 71548
1775 1791252534038425 66824
1776 1791252534072647 77701
1777 1791252534077001 68443
1778 1791252534106730 72877
1779 1791252534130052 76388
1780 1791252534143060 73124
1781 1791252534158342 64366
1782 1791252534183286 70742
1783 1791252534195441 65386
1784 1791252534214590 65337
1785 1791252534243938 70272
1786 1791252534264276 72423
1787 1791252534274231 64768
1788 1791252534290558 61761
1789 1791252534312812 55713
1790 1791252534326172 51934
1791 1791252534338998 50313
1792 1791252534354324 42917
1793 1791252534370669 39899
1794 1791252534392854 39068
1795 1791252534402977 33205
1796 1791252534417214 27547
1797 1791252534436314 27257
1798 1791252534468604 35610
1799 1791252534483434 34820
1800 1791252534504454 35847
1801 1791252534517060 27394
1802 1791252534544061 33957
1803 1791252534557512 27531
1804 1791252534584655 35449
1805 1791252534598914 25836
1806 1791252534618745 23060
1807 1791252534640699 29080
1808 1791252534657284 28525
1809 1791252534683733 30563
1810 1791252534695729 27095
1811 1791252534730222 40746
1812 1791252534745233 35608
1813 1791252534763390 33162
1814 1791252534783509 34639
1815 1791252534799090 30510
1816 1791252534825249 30227
1817 1791252534846490 34046
1818 1791252534867722 33482
1819 1791252534879692 30261
1820 1791252534892925 25199
1821 1791252534924204 34447
1822 1791252534939344 28526
1823 1791252534959086 25174
1824 1791252534992342 40285
1825 1791252535007086 32162
1826 1791252535025596 37505
1827 1791252535047632 34013
1828 1791252535063524 29846
1829 1791252535085644 36757
1830 1791252535110364 33345
1831 1791252535136206 45312
1832 1791252535146376 36008
1833 1791252535165925 34790
1834 1791252535182678 32770
1835 1791252535215787 42952
1836 1791252535229732 36841
1837 1791252535252162 37537
1838 1791252535275801 46583
1839 1791252535290385 41911
1840 1791252535310269 38476
1841 1791252535321738 31642
1842 1791252535333775 23498
1843 1791252535365821 33530
1844 1791252535387270 34885
1845 1791252535406756 33086
1846 1791252535430009 37632
1847 1791252535442797 32942
1848 1791252535464488 36278
1849 1791252535481625 32538
1850 1791252535503064 29476
1851 1791252535515525 23044
1852 1791252535564502 55425
1853 1791252535564509 33007
1854 1791252535595592 41700
1855 1791252535608124 33829
1856 1791252535623789 34742
1857 1791252535646326 38200
1858 1791252535685055 49857
1859 1791252535704539 50381
1860 1791252535705400 31961
1861 1791252535730446 40427
1862 1791252535752138 42414
1863 1791252535775722 45744
1864 1791252535803144 54057
1865 1791252535821270 51966
1866 1791252535835784 41918
1867 1791252535848769 34906
1868 1791252535874793 44616
1869 1791252535892152 43379
1870 1791252535908979 35538
1871 1791252535925199 33849
1872 1791252535960749 51766
1873 1791252535974706 39834
1874 1791252535998763 46051
1875 1791252536015472 47167
1876 1791252536037533 38762
1877 1791252536051534 39708
1878 1791252536076531 47228
1879 1791252536092468 40930
1880 1791252536117558 41023
1881 1791252536133658 43459
1882 1791252536156049 42519
1883 1791252536177785 48217
1884 1791252536194945 46048
1885 1791252536224237 49664
1886 1791252536236416 48164
1887 1791252536257777 43238
1888 1791252536277369 46661
1889 1791252536298910 46481
1890 1791252536324781 51616
1891 1791252536335414 45143
1892 1791252536376654 60159
1893 1791252536383956 49953
1894 1791252536409644 58376
1895 1791252536439047 62389
1896 1791252536443506 52579
1897 1791252536471890 62243
1898 1791252536487056 53500
1899 1791252536504452 53409
1900 1791252536531794 59896
1901 1791252536545571 56367
1902 1791252536565819 54221
1903 1791252536586048 56641
1904 1791252536608684 56757
1905 1791252536634619 57965
1906 1791252536643766 51044
1907 1791252536664795 56108
1908 1791252536691987 61923
1909 1791252536704181 51720
1910 1791252536723404 52970
1911 1791252536735044 43524
1912 1791252536762179 51119
1913 1791252536785129 56112
1914 1791252536804094 51209
1915 1791252536821717 48204
1916 1791252536839214 50068
1917 1791252536866024 52733
1918 1791252536886071 55573
1919 1791252536903955 49927
1920 1791252536924596 52640
1921 1791252536938724 50085
1922 1791252536965100 52202
1923 1791252536986576 54265
1924 1791252537008740 60382
1925 1791252537028912 55182
1926 1791252537052675 62700
1927 1791252537065992 57250
1928 1791252537087992 59271
1929 1791252537124632 72785
1930 1791252537133023 60907
1931 1791252537162442 74447
1932 1791252537180159 55519
1933 1791252537180178 47147
1934 1791252537217378 54919
1935 1791252537249164 73914
1936 1791252537260254 59189
1937 1791252537274686 57304
1938 1791252537287123 56346
1939 1791252537309637 60470
1940 1791252537330880 56973
1941 1791252537359328 69974
1942 1791252537364795 56077
1943 1791252537392688 63117
1944 1791252537420735 67131
1945 1791252537436900 63119
1946 1791252537461381 70941
1947 1791252537473740 60532
1948 1791252537493610 60483
1949 1791252537503261 53534
1950 1791252537527938 55205
1951 1791252537555944 66863
1952 1791252537575034 61506
1953 1791252537592730 64788
1954 1791252537621635 70460
1955 1791252537635193 63022
1956 1791252537651034 58961
1957 1791252537675810 62827
1958 1791252537702895 73782
1959 1791252537714838 65305
1960 1791252537733948 62333
1961 1791252537747849 58429
1962 1791252537772925 62310
1963 1791252537798957 66006
1964 1791252537811592 63740
1965 1791252537842293 73882
1966 1791252537853517 63469
1967 1791252537881494 72261
1968 1791252537898017 69098
1969 1791252537917905 64386
1970 1791252537950713 77099
1971 1791252537959189 67138
1972 1791252537981513 73056
1973 1791252538004015 75198
1974 1791252538022829 72113
1975 1791252538038930 69344
1976 1791252538057393 63604
1977 1791252538075928 64807
1978 1791252538100888 66461
1979 1791252538118590 69467
1980 1791252538136530 67114
1981 1791252538174212 79897
1982 1791252538186305 74052
1983 1791252538202869 73942
1984 1791252538219378 67053
1985 1791252538245580 75011
1986 1791252538256845 67967
1987 1791252538280173 67959
1988 1791252538298868 66777
1989 1791252538322014 69797
1990 1791252538356885 82528
1991 1791252538361880 68709
1992 1791252538379645 69632
1993 1791252538394759 63018
1994 1791252538424183 71821
1995 1791252538444687 75528
1996 1791252538461374 67444
1997 1791252538486750 73545
1998 1791252538494941 65933
1999 1791252538523742 69884
2000 1791252538535254 61922
2001 1791252538546504 57902
2002 1791252538558650 50575
2003 1791252538576628 47626
2004 1791252538596740 47753
2005 1791252538612519 39532
2006 1791252538633398 41371
2007 1791252538651438 39361
2008 1791252538663441 30703
2009 1791252538685601 34160
2010 1791252538704642 34506
2011 1791252538733517 40072
2012 1791252538759444 45574
2013 1791252538764093 30572
2014 1791252538797067 43200
2015 1791252538805917 33732
2016 1791252538826273 33359
2017 1791252538842973 34355
2018 1791252538862019 28285
2019 1791252538901416 47805
2020 1791252538903347 29651
2021 1791252538938399 43595
2022 1791252538951035 35888
2023 1791252538965928 33651
2024 1791252538994188 43150
2025 1791252539010287 36700
2026 1791252539027658 36740
2027 1791252539059563 49273
2028 1791252539065992 35911
2029 1791252539096098 41946
2030 1791252539102716 29381
2031 1791252539135338 42432
2032 1791252539151529 39398
2033 1791252539164273 34636
2034 1791252539184421 32963
2035 1791252539205620 35796
2036 1791252539236815 42731
2037 1791252539244912 32026
2038 1791252539267941 39732
2039 1791252539295296 45689
2040 1791252539314050 46106
2041 1791252539336597 42087
2042 1791252539338051 28261
2043 1791252539370413 42129
2044 1791252539388237 39996
2045 1791252539405953 35627
2046 1791252539427042 38803
2047 1791252539465673 51772
2048 1791252539484175 51267
2049 1791252539497287 45679
2050 1791252539515492 43633
2051 1791252539544826 50320
2052 1791252539550466 40646
2053 1791252539573442 44214
2054 1791252539588844 38374
2055 1791252539607353 35105
2056 1791252539636931 48083
2057 1791252539660199 47243
2058 1791252539673482 38906
2059 1791252539690360 40630
2060 1791252539708571 35086
2061 1791252539743433 53070
2062 1791252539752784 44211
2063 1791252539785119 52236
2064 1791252539795791 43004
2065 1791252539815998 42132
2066 1791252539828267 39319
2067 1791252539847415 33832
2068 1791252539883082 54812
2069 1791252539911667 63135
2070 1791252539926849 53248
2071 1791252539932495 39163
2072 1791252539964810 53140
2073 1791252539991387 60953
2074 1791252539994992 46033
2075 1791252540023328 50159
2076 1791252540034771 43380
2077 1791252540053810 43165
2078 1791252540084643 50597
2079 1791252540110559 61843
2080 1791252540128245 55569
2081 1791252540147882 56025
2082 1791252540165466 57422
2083 1791252540175672 47424
2084 1791252540207400 59515
2085 1791252540228060 56888
2086 1791252540251065 57747
2087 1791252540263408 54624
2088 1791252540285939 57876
2089 1791252540302748 51679
2090 1791252540317696 47753
2091 1791252540347393 53182
2092 1791252540363076 54426
2093 1791252540390561 57096
2094 1791252540410507 62011
2095 1791252540434534 66029
2096 1791252540455889 65869
2097 1791252540475087 64576
2098 1791252540494898 62746
2099 1791252540505017 54368
2100 1791252540537885 67975
2101 1791252540548848 56545
2102 1791252540568230 54591
2103 1791252540594904 62528
2104 1791252540603987 55124
2105 1791252540638244 70013
2106 1791252540645411 55575
2107 1791252540680449 68046
2108 1791252540693233 60768
2109 1791252540724170 69867
2110 1791252540732466 59645
2111 1791252540762163 70235
2112 1791252540766990 58152
2113 1791252540801076 69544
2114 1791252540808616 54736
2115 1791252540839368 70567
2116 1791252540846097 53116
2117 1791252540871569 62951
2118 1791252540888402 55504
2119 1791252540903782 52432
2120 1791252540922854 54367
2121 1791252540942172 53768
2122 1791252540971749 59328
2123 1791252540984072 55457
2124 1791252541012893 57769
2125 1791252541027850 56098
2126 1791252541043172 50257
2127 1791252541061488 51704
2128 1791252541083319 55467
2129 1791252541098579 50000
2130 1791252541132539 63780
2131 1791252541151666 57898
2132 1791252541164603 51823
2133 1791252541185809 53886
2134 1791252541204920 53347
2135 1791252541222172 49950
2136 1791252541243998 52109
2137 1791252541265649 55207
2138 1791252541300974 68887
2139 1791252541316180 63108
2140 1791252541333960 62217
2141 1791252541359186 64041
2142 1791252541365605 57109
2143 1791252541396455 65283
2144 1791252541416382 65017
2145 1791252541446927 72254
2146 1791252541454104 61773
2147 1791252541475973 65445
2148 1791252541499445 66800
2149 1791252541514115 65401
2150 1791252541536328 64524
2151 1791252541555977 62947
2152 1791252541578576 65468
2153 1791252541582563 53350
2154 1791252541619560 66462
2155 1791252541630705 61706
2156 1791252541648067 55193
2157 1791252541667024 53439
2158 1791252541688107 59278
2159 1791252541713559 65489
2160 1791252541744869 72464
2161 1791252541754711 66602
2162 1791252541779316 66670
2163 1791252541787543 53026
2164 1791252541806920 58367
2165 1791252541841245 67391
2166 1791252541841251 47736
2167 1791252541863797 55612
2168 1791252541881912 51162
2169 1791252541906015 55249
2170 1791252541936145 62348
2171 1791252541945611 51106
2172 1791252541973254 61939
2173 1791252541983856 54798
2174 1791252542014821 60787
2175 1791252542034690 61434
2176 1791252542045458 51589
2177 1791252542063587 52696
2178 1791252542087130 52430
2179 1791252542097038 44018
2180 1791252542116752 46863
2181 1791252542137029 47917
2182 1791252542151691 42511
2183 1791252542172381 42774
2184 1791252542188518 36825
2185 1791252542204666 35100
2186 1791252542228351 39830
2187 1791252542245743 35787
2188 1791252542261746 33392
2189 1791252542295980 41963
2190 1791252542302770 30517
2191 1791252542331043 41206
2192 1791252542358663 44751
2193 1791252542366591 36695
2194 1791252542378578 26024
2195 1791252542411700 40212
2196 1791252542423358 33684
2197 1791252542449134 37430
2198 1791252542464547 31939
2199 1791252542484716 35580
2200 1791252542511759 37255
2201 1791252542536594 44321
2202 1791252542554799 43376
2203 1791252542573615 41916
2204 1791252542592248 38909
2205 1791252542603292 35136
2206 1791252542625511 33259
2207 1791252542648886 37726
2208 1791252542671932 40366
2209 1791252542690840 42084
2210 1791252542711576 43602
2211 1791252542734094 44959
2212 1791252542752407 43515
2213 1791252542774906 41985
2214 1791252542794918 46419
2215 1791252542814626 41433
2216 1791252542838776 48697
2217 1791252542853070 39900
2218 1791252542877076 45965
2219 1791252542885550 36632
2220 1791252542915735 46741
2221 1791252542927695 35802
2222 1791252542953141 44944
2223 1791252542988718 55343
2224 1791252542994404 42305
2225 1791252543013620 42575
2226 1791252543027811 39059
2227 1791252543064057 55489
2228 1791252543086051 58235
2229 1791252543089133 40516
2230 1791252543106054 37414
2231 1791252543134692 46327
2232 1791252543159712 45542
2233 1791252543175243 42781
2234 1791252543194747 45762
2235 1791252543213318 41681
2236 1791252543238443 49533
2237 1791252543257571 49147
2238 1791252543270102 40631
2239 1791252543298098 44761
2240 1791252543312591 42487
2241 1791252543338796 49871
2242 1791252543350288 37929
2243 1791252543376831 44748
2244 1791252543402614 54481
2245 1791252543422118 51725
2246 1791252543436776 47301
2247 1791252543463058 52197
2248 1791252543486156 53771
2249 1791252543503663 50359
2250 1791252543518564 44777
2251 1791252543544355 54906
2252 1791252543563706 53373
2253 1791252543603096 73375
2254 1791252543616464 62295
2255 1791252543636562 63858
2256 1791252543644449 45997
2257 1791252543661067 51242
2258 1791252543691131 60836
2259 1791252543716249 61078
2260 1791252543725116 49555
2261 1791252543740609 49782
2262 1791252543768873 60073
2263 1791252543784034 54850
2264 1791252543793089 39605
2265 1791252543823025 54148
2266 1791252543841874 51083
2267 1791252543859847 49578
2268 1791252543878737 44991
2269 1791252543906176 52508
2270 1791252543929795 55613
2271 1791252543935104 40228
2272 1791252543963252 54751
2273 1791252543981297 51497
2274 1791252543995432 45804
2275 1791252544029892 57265
2276 1791252544038708 44583
2277 1791252544065415 50400
2278 1791252544076964 47908
2279 1791252544098359 48413
2280 1791252544114776 45712
2281 1791252544142096 49147
2282 1791252544174862 60075
2283 1791252544183996 55054
2284 1791252544208864 51893
2285 1791252544216382 41863
2286 1791252544227114 37010
2287 1791252544243797 34930
2288 1791252544269772 37967
2289 1791252544303271 50051
2290 1791252544328791 59013
2291 1791252544338629 47737
2292 1791252544356351 42495
2293 1791252544368609 40039
2294 1791252544390230 39204
2295 1791252544415366 46754
2296 1791252544444637 54402
2297 1791252544454829 43515
2298 1791252544474216 40185
2299 1791252544488605 38508
2300 1791252544510622 37257
2301 1791252544538465 49858
2302 1791252544547503 38548
2303 1791252544581490 48644
2304 1791252544587184 37690
2305 1791252544615221 42893
2306 1791252544650505 57248
2307 1791252544657206 43393
2308 1791252544682965 54463
2309 1791252544707850 57341
2310 1791252544718763 48857
2311 1791252544736502 43908
2312 1791252544754093 46239
2313 1791252544781591 53455
2314 1791252544802547 49156
2315 1791252544824785 50600
2316 1791252544845342 51527
2317 1791252544861979 52173
2318 1791252544874505 44180
2319 1791252544894602 45897
2320 1791252544925441 56253
2321 1791252544931661 41374
2322 1791252544967726 57858
2323 1791252544974805 45010
2324 1791252545005729 51848
2325 1791252545010872 43143
2326 1791252545023114 34812
2327 1791252545045490 35568
2328 1791252545053179 24585
2329 1791252545074506 21380
2330 1791252545097311 28301
2331 1791252545113982 21753
2332 1791252545133765 24241
2333 1791252545153064 24984
2334 1791252545173733 25325
2335 1791252545193647 23618
2336 1791252545217874 24224
2337 1791252545234233 20872
2338 1791252545255093 20911
2339 1791252545271035 22223
2340 1791252545295394 24356
2341 1791252545314044 22698
2342 1791252545331302 21118
2343 1791252545354717 25272
2344 1791252545377174 26480
2345 1791252545396293 23613
2346 1791252545425668 29583
2347 1791252545436355 22619
2348 1791252545466197 32260
2349 1791252545478237 25429
2350 1791252545493177 20676
2351 1791252545514587 21407
2352 1791252545534110 21594
2353 1791252545554194 23010
2354 1791252545571348 22114
2355 1791252545594912 23561
2356 1791252545610409 21959
2357 1791252545631846 21561
2358 1791252545652475 23751
2359 1791252545674204 26017
2360 1791252545698676 24977
2361 1791252545718283 24807
2362 1791252545735748 22600
2363 1791252545752867 21643
2364 1791252545775650 22780
2365 1791252545792299 23770
2366 1791252545813149 23019
2367 1791252545835539 26453
2368 1791252545857761 27082
2369 1791252545875503 23319
2370 1791252545893270 23341
2371 1791252545914205 20928
2372 1791252545935444 22225
2373 1791252545954411 24670
2374 1791252545972548 21914
2375 1791252545995554 27016
2376 1791252546014213 23763
2377 1791252546034981 22697
2378 1791252546054502 25890
2379 1791252546076226 24649
2380 1791252546098984 26794
2381 1791252546116897 23551
2382 1791252546133132 20754
2383 1791252546154909 21774
2384 1791252546174351 23603
2385 1791252546197337 24809
2386 1791252546212858 21725
2387 1791252546236505 23644
2388 1791252546253331 21697
2389 1791252546275721 23969
2390 1791252546293790 22481
2391 1791252546315613 25439
2392 1791252546337199 26312
2393 1791252546353912 20630
2394 1791252546375527 23940
2395 1791252546391935 23518
2396 1791252546417992 26054
2397 1791252546432140 23346
2398 1791252546460675 28520
2399 1791252546473635 22647
2400 1791252546495442 25735
2401 1791252546513625 21981
2402 1791252546530042 20762
2403 1791252546557820 27775
2404 1791252546583712 33000
2405 1791252546594151 21694
2406 1791252546613701 24887
2407 1791252546632098 23574
2408 1791252546654209 22155
2409 1791252546672660 22108
2410 1791252546696655 23994
2411 1791252546711871 20757
2412 1791252546734697 25733
2413 1791252546754068 22369
2414 1791252546778506 25294
2415 1791252546799054 26409
2416 1791252546815116 21736
2417 1791252546834886 25582
2418 1791252546850699 22334
2419 1791252546877615 26914
2420 1791252546896129 24633
2421 1791252546912927 20816
2422 1791252546933715 20785
2423 1791252546951683 22534
2424 1791252546979940 28255
2425 1791252546993064 23681
2426 1791252547018145 25078
2427 1791252547033272 20567
2428 1791252547053940 24446
2429 1791252547074051 24713
2430 1791252547094510 24530
2431 1791252547113288 23728
2432 1791252547135204 25701
2433 1791252547152965 22633
2434 1791252547174783 21815
2435 1791252547192988 24102
2436 1791252547212868 22439
2437 1791252547233463 23279
2438 1791252547253873 22855
2439 1791252547272231 22597
2440 1791252547294316 22082
2441 1791252547313457 22265
2442 1791252547334118 23690
2443 1791252547358440 24312
2444 1791252547373405 20680
2445 1791252547395222 23667
2446 1791252547414473 23833
2447 1791252547435106 25656
2448 1791252547455561 25279
2449 1791252547475361 26265
2450 1791252547492740 21622
2451 1791252547513470 20809
2452 1791252547538415 24941
2453 1791252547555489 22051
2454 1791252547574439 24708
2455 1791252547599548 26382
2456 1791252547615893 23166
2457 1791252547633043 21657
2458 1791252547656213 23168
2459 1791252547677981 29011
2460 1791252547695416 27026
2461 1791252547711357 23258
2462 1791252547732850 23488
2463 1791252547754098 23485
2464 1791252547784535 30433
2465 1791252547795408 22367
2466 1791252547814549 21080
2467 1791252547837543 23546
2468 1791252547854637 21790
2469 1791252547882245 28753
2470 1791252547893315 21637
2471 1791252547914662 25038
2472 1791252547933405 24228
2473 1791252547957039 27252
2474 1791252547982692 25649
2475 1791252547993035 21062
2476 1791252548015841 22796
2477 1791252548032491 23261
2478 1791252548050543 22380
2479 1791252548076404 26008
2480 1791252548095326 24009
2481 1791252548116267 25078
2482 1791252548134778 22859
2483 1791252548158984 29628
2484 1791252548172952 24887
2485 1791252548205155 32198
2486 1791252548223204 29794
2487 1791252548237726 25519
2488 1791252548264033 30472
2489 1791252548294573 41873
2490 1791252548302631 31030
2491 1791252548331782 38390
2492 1791252548364522 55217
2493 1791252548397882 66665
2494 1791252548428600 78694
2495 1791252548477072 104625
2496 1791252548496754 102984
2497 1791252548508506 93545
2498 1791252548528470 99852
2499 1791252548539008 89681
2500 1791252548558319 87420
2501 1791252548587518 99279
2502 1791252548607307 98798
2503 1791252548627007 98530
2504 1791252548655710 105669
2505 1791252548684134 110850
2506 1791252548704672 112624
2507 1791252548728644 114597
2508 1791252548735935 104149
2509 1791252548768248 116912
2510 1791252548784288 114099
2511 1791252548804164 114967
2512 1791252548825606 116773
2513 1791252548852017 123371
2514 1791252548874525 122853
2515 1791252548893263 125012
2516 1791252548917842 126274
2517 1791252548934303 123720
2518 1791252548957921 124774
2519 1791252548974522 122733
2520 1791252548994221 124826
2521 1791252549022454 129188
2522 1791252549029373 119677
2523 1791252549064845 131550
2524 1791252549074045 124693
2525 1791252549098009 123483
2526 1791252549114331 124163
2527 1791252549133040 124194
2528 1791252549156576 127200
2529 1791252549173353 120099
2530 1791252549196537 128253
2531 1791252549234520 141858
2532 1791252549254542 142089
2533 1791252549276392 144079
2534 1791252549294071 142001
2535 1791252549306339 135764
2536 1791252549336207 144001
2537 1791252549356714 146851
2538 1791252549369712 135583
2539 1791252549387797 134303
2540 1791252549403237 131018
2541 1791252549423239 132896
2542 1791252549444492 133187
2543 1791252549460341 128403
2544 1791252549479077 130558
2545 1791252549494640 124926
2546 1791252549500728 112927
2547 1791252549522822 109602
2548 1791252549537819 106501
2549 1791252549555534 102144
2550 1791252549564019 94676
2551 1791252549587787 97849
2552 1791252549594517 86377
2553 1791252549606760 73379
2554 1791252549627936 78905
2555 1791252549632193 62885
2556 1791252549650716 62927
2557 1791252549667841 53482
2558 1791252549676368 48428
2559 1791252549693785 44432
2560 1791252549704664 36820
2561 1791252549725044 33911
2562 1791252549746562 37792
2563 1791252549758926 27142
2564 1791252549780205 31524
2565 1791252549806222 34197
2566 1791252549831612 37295
2567 1791252549845351 33207
2568 1791252549867309 38412
2569 1791252549893044 39318
2570 1791252549906709 32659
2571 1791252549943071 50024
2572 1791252549954379 43156
2573 1791252549965169 31398
2574 1791252549993747 40253
2575 1791252550004756 29939
2576 1791252550021585 30508
2577 1791252550042312 33586
2578 1791252550066604 33175
2579 1791252550086366 35609
2580 1791252550108129 37679
2581 1791252550122838 34017
2582 1791252550143121 34982
2583 1791252550174044 42496
2584 1791252550184906 32711
2585 1791252550207659 33613
2586 1791252550233574 40133
2587 1791252550255658 42403
2588 1791252550268703 36264
2589 1791252550282915 32765
2590 1791252550304588 35882
2591 1791252550334218 41855
2592 1791252550351514 38051
2593 1791252550365357 31136
2594 1791252550383957 33470
2595 1791252550396190 27663
2596 1791252550424258 35261
2597 1791252550446930 35546
2598 1791252550461865 30958
2599 1791252550482732 34022
2600 1791252550498578 30226
2601 1791252550534770 42680
2602 1791252550556140 43243
2603 1791252550581245 47384
2604 1791252550592104 40155
2605 1791252550613843 40663
2606 1791252550637631 46258
2607 1791252550642982 34440
2608 1791252550666323 33634
2609 1791252550685835 36895
2610 1791252550705155 36681
2611 1791252550719936 27974
2612 1791252550744657 31610
2613 1791252550766043 33539
2614 1791252550790819 37286
2615 1791252550813946 40091
2616 1791252550821778 32005
2617 1791252550854793 43188
2618 1791252550873184 38843
2619 1791252550885936 35911
2620 1791252550909211 38111
2621 1791252550933074 42571
2622 1791252550946797 37583
2623 1791252550971021 37945
2624 1791252550980405 32551
2625 1791252550996564 26595
2626 1791252551022479 30035
2627 1791252551044565 33493
2628 1791252551060454 31319
2629 1791252551088182 35448
2630 1791252551103353 32401
2631 1791252551120433 32249
2632 1791252551161376 48358
2633 1791252551174150 40304
2634 1791252551186948 33471
2635 1791252551209615 36556
2636 1791252551218261 29927
2637 1791252551248981 39362
2638 1791252551263389 32489
2639 1791252551280979 31996
2640 1791252551303505 30552
2641 1791252551340296 47278
2642 1791252551358026 44112
2643 1791252551373367 39570
2644 1791252551392758 39821
2645 1791252551414762 41392
2646 1791252551425873 33720
2647 1791252551435516 26862
2648 1791252551463787 34977
2649 1791252551482412 33225
2650 1791252551504779 32896
2651 1791252551535805 45838
2652 1791252551547702 38999
2653 1791252551558901 24342
2654 1791252551582543 33241
2655 1791252551609161 37801
2656 1791252551627685 39008
2657 1791252551651380 42454
2658 1791252551664789 34245
2659 1791252551688005 36621
2660 1791252551708908 37873
2661 1791252551718763 30756
2662 1791252551736583 27672
2663 1791252551762154 32767
2664 1791252551794329 41110
2665 1791252551806682 34422
2666 1791252551833763 41390
2667 1791252551849614 36013
2668 1791252551864900 32623
2669 1791252551884720 35103
2670 1791252551908686 40411
2671 1791252551930623 40564
2672 1791252551944354 35665
2673 1791252551963116 32491
2674 1791252551985384 35652
2675 1791252552002107 31407
2676 1791252552028066 33218
2677 1791252552044864 34646
2678 1791252552062488 34418
2679 1791252552079953 30350
2680 1791252552106640 34170
2681 1791252552126090 36663
2682 1791252552149842 40911
2683 1791252552175970 43662
2684 1791252552201333 52813
2685 1791252552216112 47599
2686 1791252552251467 60911
2687 1791252552273518 62788
2688 1791252552280644 51659
2689 1791252552317589 66553
2690 1791252552330318 61486
2691 1791252552348633 56302
2692 1791252552364723 55198
2693 1791252552386689 56355
2694 1791252552403706 55176
2695 1791252552441681 68128
2696 1791252552464400 69955
2697 1791252552470754 58865
2698 1791252552500192 66303
2699 1791252552523032 70194
2700 1791252552532154 62953
2701 1791252552560959 67983
2702 1791252552582292 69830
2703 1791252552603324 74833
2704 1791252552618918 70622
2705 1791252552640140 66024
2706 1791252552664792 75499
2707 1791252552681842 73095
2708 1791252552704661 72187
2709 1791252552723413 70856
2710 1791252552751047 79371
2711 1791252552771767 77943
2712 1791252552784799 72181
2713 1791252552805609 71756
2714 1791252552825397 74347
2715 1791252552844784 73014
2716 1791252552861644 71893
2717 1791252552884754 72874
2718 1791252552899180 66885
2719 1791252552914313 63459
2720 1791252552946809 72721
2721 1791252552974416 81964
2722 1791252552985757 72270
2723 1791252553005256 72864
2724 1791252553022471 74201
2725 1791252553049806 77053
2726 1791252553068532 78790
2727 1791252553091240 77974
2728 1791252553107280 74551
2729 1791252553125999 76505
2730 1791252553149048 80511
2731 1791252553168931 79062
2732 1791252553194149 80766
2733 1791252553201139 70970
2734 1791252553226917 78430
2735 1791252553243152 74219
2736 1791252553266683 77388
2737 1791252553278209 66422
2738 1791252553293210 62614
2739 1791252553319090 67689
2740 1791252553342798 70013
2741 1791252553360705 68384
2742 1791252553379647 66747
2743 1791252553393964 60285
2744 1791252553414302 61730
2745 1791252553435675 61473
2746 1791252553458580 64722
2747 1791252553463347 49041
2748 1791252553482468 48775
2749 1791252553507096 54256
2750 1791252553522874 50921
2751 1791252553545930 54231
2752 1791252553565970 56212
2753 1791252553588799 58474
2754 1791252553602354 53364
2755 1791252553629096 58507
2756 1791252553642836 54034
2757 1791252553662757 51439
2758 1791252553676933 47832
2759 1791252553704383 50889
2760 1791252553718437 47312
2761 1791252553746315 52314
2762 1791252553762543 52537
2763 1791252553788746 56524
2764 1791252553796565 44629
2765 1791252553825158 53321
2766 1791252553844848 56098
2767 1791252553869784 56768
2768 1791252553890856 57115
2769 1791252553912694 60071
2770 1791252553928074 58286
2771 1791252553951667 62054
2772 1791252553963975 55276
2773 1791252553989065 60988
2774 1791252554003507 52510
2775 1791252554030115 54327
2776 1791252554041663 52923
2777 1791252554066223 52978
2778 1791252554084560 54442
2779 1791252554113751 62662
2780 1791252554124387 55466
2781 1791252554156783 66738
2782 1791252554163358 50284
2783 1791252554188551 54503
2784 1791252554215059 62242
2785 1791252554225266 53081
2786 1791252554242621 54067
2787 1791252554265360 55656
2788 1791252554292721 59708
2789 1791252554320668 67688
2790 1791252554331070 60276
2791 1791252554352578 63050
2792 1791252554366201 57555
2793 1791252554394268 63195
2794 1791252554403918 52901
2795 1791252554430495 57189
2796 1791252554449267 60525
2797 1791252554465928 56732
2798 1791252554495619 65515
2799 1791252554521079 71809
2800 1791252554536908 67614
2801 1791252554564057 70364
2802 1791252554583258 70581
2803 1791252554592332 61346
2804 1791252554615638 66725
2805 1791252554643894 74080
2806 1791252554656362 67171
2807 1791252554679763 70657
2808 1791252554696006 66799
2809 1791252554720663 69904
2810 1791252554746705 73774
2811 1791252554754828 61464
2812 1791252554775757 61587
2813 1791252554793338 58591
2814 1791252554809931 60723
2815 1791252554832938 61728
2816 1791252554846235 58268
2817 1791252554879805 69872
2818 1791252554894096 61822
2819 1791252554917617 65820
2820 1791252554930675 61841
2821 1791252554944620 50913
2822 1791252554965367 53339
2823 1791252554976030 45352
2824 1791252554995595 46668
2825 1791252555014095 44732
2826 1791252555034930 43373
2827 1791252555055824 42553
2828 1791252555081254 46318
2829 1791252555084956 34353
2830 1791252555104374 30710
2831 1791252555129700 39338
2832 1791252555152180 39074
2833 1791252555167995 38291
2834 1791252555194085 43007
2835 1791252555205417 37418
2836 1791252555236706 42618
2837 1791252555249733 39862
2838 1791252555268429 38413
2839 1791252555282328 32592
2840 1791252555311691 43238
2841 1791252555325908 37401
2842 1791252555342905 33357
2843 1791252555374909 41116
2844 1791252555385706 36124
2845 1791252555415101 40371
2846 1791252555426091 34664
2847 1791252555454230 40180
2848 1791252555469827 35818
2849 1791252555490942 37463
2850 1791252555512343 42513
2851 1791252555536687 45742
2852 1791252555562581 53670
2853 1791252555586159 53575
2854 1791252555598236 43625
2855 1791252555612507 39420
2856 1791252555628771 39587
2857 1791252555637881 28527
2858 1791252555667344 38631
2859 1791252555693517 39954
2860 1791252555713630 45042
2861 1791252555734241 41576
2862 1791252555745084 35300
2863 1791252555775667 41422
2864 1791252555793147 44257
2865 1791252555817284 44186
2866 1791252555823404 32268
2867 1791252555855678 42170
2868 1791252555875651 40965
2869 1791252555892269 43378
2870 1791252555912789 43488
2871 1791252555942446 50176
2872 1791252555960437 51340
2873 1791252555987975 55163
2874 1791252555993642 43401
2875 1791252556025573 56622
2876 1791252556039024 51046
2877 1791252556065838 53298
2878 1791252556084478 50736
2879 1791252556102279 51678
2880 1791252556134091 65523
2881 1791252556147370 58514
2882 1791252556162935 54078
2883 1791252556185635 56729
2884 1791252556209615 61013
2885 1791252556232614 61200
2886 1791252556257513 68406
2887 1791252556277289 67673
2888 1791252556293959 63719
2889 1791252556325007 70552
2890 1791252556330269 60548
2891 1791252556353054 60266
2892 1791252556373898 62489
2893 1791252556393737 63465
2894 1791252556423680 74654
2895 1791252556436550 67918
2896 1791252556471416 79038
2897 1791252556483931 72307
2898 1791252556501486 67800
2899 1791252556513689 63903
2900 1791252556547597 78806
2901 1791252556561210 68268
2902 1791252556579400 66643
2903 1791252556609816 76825
2904 1791252556621357 72469
2905 1791252556640815 72057
2906 1791252556664106 70619
2907 1791252556679310 70430
2908 1791252556704293 72613
2909 1791252556727797 74311
2910 1791252556746955 73005
2911 1791252556766235 72303
2912 1791252556788869 72890
2913 1791252556805114 77315
2914 1791252556824806 72124
2915 1791252556848084 75245
2916 1791252556864563 75731
2917 1791252556895761 81540
2918 1791252556914479 81825
2919 1791252556941928 93840
2920 1791252556954477 83075
2921 1791252556974498 83567
2922 1791252556997238 83979
2923 1791252557014785 80754
2924 1791252557021335 73248
2925 1791252557046078 71577
2926 1791252557066112 74612
2927 1791252557076399 65668
2928 1791252557106986 73142
2929 1791252557123271 68432
2930 1791252557134423 63477
2931 1791252557162540 71725
2932 1791252557172162 63941
2933 1791252557183643 55000
2934 1791252557213775 62824
2935 1791252557227219 57959
2936 1791252557249438 59349
2937 1791252557270221 60164
2938 1791252557293365 60153
2939 1791252557313390 63950
2940 1791252557326458 56233
2941 1791252557338599 46538
2942 1791252557365790 52396
2943 1791252557382140 51302
2944 1791252557394620 45744
2945 1791252557414360 46303
2946 1791252557438126 49328
2947 1791252557461557 49113
2948 1791252557477242 47204
2949 1791252557501200 48418
2950 1791252557523393 54124
2951 1791252557528032 39119
2952 1791252557562925 52031
2953 1791252557583021 54986
2954 1791252557612971 58072
2955 1791252557627767 56183
2956 1791252557640075 46821
2957 1791252557664713 53647
2958 1791252557678815 51044
2959 1791252557703175 52562
2960 1791252557735680 62444
2961 1791252557753996 58876
2962 1791252557773536 62732
2963 1791252557790860 60541
2964 1791252557813701 61739
2965 1791252557825661 56526
2966 1791252557856145 65281
2967 1791252557863573 52248
2968 1791252557884606 53873
2969 1791252557915741 62639
2970 1791252557931859 62773
2971 1791252557949612 58219
2972 1791252557973303 59237
2973 1791252557983042 52509
2974 1791252558002510 53701
2975 1791252558023312 50716
2976 1791252558047189 57540
2977 1791252558072288 59906
2978 1791252558088058 54867
2979 1791252558106981 58064
2980 1791252558128407 59024
2981 1791252558150498 62437
2982 1791252558164821 56699
2983 1791252558199738 71366
2984 1791252558207698 57198
2985 1791252558235961 62844
2986 1791252558255428 62845
2987 1791252558268240 59055
2988 1791252558287069 57898
2989 1791252558313917 65386
2990 1791252558334511 66268
2991 1791252558364384 71357
2992 1791252558384481 70681
2993 1791252558392344 59053
2994 1791252558414601 61239
2995 1791252558443057 70781
2996 1791252558458290 67882
2997 1791252558483426 70394
2998 1791252558502566 64609
2999 1791252558520402 70686
3000 1791252558535454 66945
3001 1791252558572187 80367
3002 1791252558587117 73268
3003 1791252558602240 69887
3004 1791252558605672 56386
3005 1791252558643430 72527
3006 1791252558655331 65900
3007 1791252558686116 70619
3008 1791252558698610 65940
3009 1791252558709096 59973
3010 1791252558733843 63778
3011 1791252558757404 67129
3012 1791252558778385 69286
3013 1791252558804380 75598
3014 1791252558837914 86188
3015 1791252558847734 74078
3016 1791252558857640 63872
3017 1791252558877151 65124
3018 1791252558899321 66588
3019 1791252558913258 65522
3020 1791252558940159 70560
3021 1791252558952144 60127
3022 1791252558974076 64533
3023 1791252558995646 66583
3024 1791252559016648 65468
3025 1791252559042433 73516
3026 1791252559054262 63498
3027 1791252559077878 69074
3028 1791252559102884 68776
3029 1791252559119498 69789
3030 1791252559143055 69755
3031 1791252559173790 79021
3032 1791252559185996 77405
3033 1791252559202626 70026
3034 1791252559226052 73404
3035 1791252559258202 86736
3036 1791252559258208 69154
3037 1791252559278381 66070
3038 1791252559295424 66926
3039 1791252559317120 64250
3040 1791252559340396 68478
3041 1791252559354698 66104
3042 1791252559373270 62075
3043 1791252559388890 56708
3044 1791252559402041 52485
3045 1791252559423554 54406
3046 1791252559446252 57359
3047 1791252559470667 56668
3048 1791252559497259 68327
3049 1791252559518272 66134
3050 1791252559546184 75514
3051 1791252559560418 71249
3052 1791252559592960 79294
3053 1791252559619866 86706
3054 1791252559629441 80559
3055 1791252559656693 86454
3056 1791252559682136 89271
3057 1791252559685667 76240
3058 1791252559704425 75182
3059 1791252559733766 82824
3060 1791252559753565 80955
3061 1791252559774933 83074
3062 1791252559794133 80227
3063 1791252559806426 73527
3064 1791252559829339 75764
3065 1791252559853935 81565
3066 1791252559877813 85036
3067 1791252559893484 81969
3068 1791252559916080 86738
3069 1791252559935077 81882
3070 1791252559962194 90249
3071 1791252559976581 83245
3072 1791252559991011 79580
3073 1791252560028036 99409
3074 1791252560033965 84481
3075 1791252560045333 75891
3076 1791252560066256 77429
3077 1791252560084540 73458
3078 1791252560106680 78643
3079 1791252560125661 75683
3080 1791252560141594 72784
3081 1791252560154316 64651
3082 1791252560182669 69547
3083 1791252560199151 67919
3084 1791252560219170 70026
3085 1791252560234961 65588
3086 1791252560258282 65233
3087 1791252560284616 72620
3088 1791252560296283 67728
3089 1791252560312261 63881
3090 1791252560348664 78453
3091 1791252560350559 58984
3092 1791252560369266 57002
3093 1791252560383268 50076
3094 1791252560404153 55486
3095 1791252560420946 51678
3096 1791252560455365 62754
3097 1791252560474875 60404
3098 1791252560488286 53627
3099 1791252560509823 59104
3100 1791252560515981 47134
3101 1791252560543946 55657
3102 1791252560562713 52888
3103 1791252560575946 45697
3104 1791252560597297 48385
3105 1791252560616591 46203
3106 1791252560642955 49321
3107 1791252560662357 47760
3108 1791252560676480 42429
3109 1791252560697098 44039
3110 1791252560724078 52452
3111 1791252560743781 49361
3112 1791252560755995 45945
3113 1791252560776636 45237
3114 1791252560790435 40938
3115 1791252560815595 46532
3116 1791252560846728 56290
3117 1791252560863862 50607
3118 1791252560872198 41655
3119 1791252560895482 44274
3120 1791252560912309 40598
3121 1791252560936021 46559
3122 1791252560955266 46287
3123 1791252560981904 52032
3124 1791252561001670 53073
3125 1791252561034175 60735
3126 1791252561042753 53987
3127 1791252561081220 64636
3128 1791252561093967 60717
3129 1791252561114444 61611
3130 1791252561126125 52112
3131 1791252561148538 55573
3132 1791252561165898 51994
3133 1791252561185765 54884
3134 1791252561210417 61876
3135 1791252561226058 52324
3136 1791252561243307 51171
3137 1791252561262657 52225
3138 1791252561282388 49640
3139 1791252561308058 55290
3140 1791252561329446 60097
3141 1791252561352209 62362
3142 1791252561364212 56150
3143 1791252561387110 57661
3144 1791252561399846 49223
3145 1791252561436472 62265
3146 1791252561444594 55880
3147 1791252561468324 55602
3148 1791252561484969 57048
3149 1791252561507485 54390
3150 1791252561530762 62434
3151 1791252561547104 55622
3152 1791252561566098 51770
3153 1791252561594550 63785
3154 1791252561617492 65736
3155 1791252561646278 72364
3156 1791252561655017 61260
3157 1791252561675064 61412
3158 1791252561703193 71515
3159 1791252561717334 62315
3160 1791252561734256 63913
3161 1791252561750849 61883
3162 1791252561789906 76943
3163 1791252561804102 71757
3164 1791252561816172 66308
3165 1791252561836109 66500
3166 1791252561859073 69164
3167 1791252561871497 59736
3168 1791252561896943 63510
3169 1791252561914893 66444
3170 1791252561936591 67165
3171 1791252561953031 63254
3172 1791252561975411 64211
3173 1791252561992864 61429
3174 1791252562024845 72495
3175 1791252562044291 69945
3176 1791252562064251 71384
3177 1791252562077133 68698
3178 1791252562105856 76886
3179 1791252562125002 70829
3180 1791252562144632 72559
3181 1791252562160912 68063
3182 1791252562186408 78331
3183 1791252562203121 73872
3184 1791252562223393 68529
3185 1791252562243289 74799
3186 1791252562255725 61365
3187 1791252562281961 69351
3188 1791252562297750 63025
3189 1791252562318480 69842
3190 1791252562342936 72825
3191 1791252562359036 69573
3192 1791252562388915 74888
3193 1791252562397389 66576
3194 1791252562417080 69038
3195 1791252562459665 85390
3196 1791252562468705 79788
3197 1791252562498466 89290
3198 1791252562519290 86175
3199 1791252562535889 83062
3200 1791252562560859 92149
3201 1791252562601998 109836
3202 1791252562609880 100028
3203 1791252562635331 104734
3204 1791252562647844 99588
3205 1791252562677898 105509
3206 1791252562697713 103710
3207 1791252562708636 98752
3208 1791252562728618 96511
3209 1791252562738077 90229
3210 1791252562769695 96418
3211 1791252562792972 101244
3212 1791252562807801 99163
3213 1791252562827649 99020
3214 1791252562846883 94369
3215 1791252562870013 100315
3216 1791252562885361 93254
3217 1791252562908813 101008
3218 1791252562935518 101757
3219 1791252562947957 99929
3220 1791252562967132 98598
3221 1791252562994617 105078
3222 1791252563008686 99870
3223 1791252563029966 97906
3224 1791252563042908 94949
3225 1791252563076816 103150
3226 1791252563089227 99646
3227 1791252563104832 96141
3228 1791252563123573 93603
3229 1791252563131950 83095
3230 1791252563153238 79892
3231 1791252563170519 80876
3232 1791252563189757 80657
3233 1791252563202862 70909
3234 1791252563221611 68371
3235 1791252563242867 72345
3236 1791252563262753 72993
3237 1791252563285526 72447
3238 1791252563298746 65246
3239 1791252563312982 64924
3240 1791252563325165 51382
3241 1791252563365225 74098
3242 1791252563372493 60299
3243 1791252563388268 55904
3244 1791252563396476 47209
3245 1791252563428838 59284
3246 1791252563450289 62017
3247 1791252563473928 64335
3248 1791252563494084 65243
3249 1791252563524890 75298
3250 1791252563536047 67113
3251 1791252563553533 59446
3252 1791252563568899 56146
3253 1791252563584848 56365
3254 1791252563612893 61327
3255 1791252563634076 65173
3256 1791252563643774 50799
3257 1791252563673799 61906
3258 1791252563690623 62182
3259 1791252563707000 54868
3260 1791252563737750 66420
3261 1791252563754229 63594
3262 1791252563776444 63362
3263 1791252563801920 68381
3264 1791252563827126 72885
3265 1791252563834930 66351
3266 1791252563854916 61079
3267 1791252563871973 59139
3268 1791252563896208 67227
3269 1791252563907883 58047
3270 1791252563925432 56420
3271 1791252563962086 73189
3272 1791252563980387 72498
3273 1791252563996940 63805
3274 1791252564024579 71531
3275 1791252564038300 63739
3276 1791252564056085 63396
3277 1791252564067044 58816
3278 1791252564097376 68323
3279 1791252564111099 61893
3280 1791252564140715 68035
3281 1791252564156782 65403
3282 1791252564175366 66175
3283 1791252564206416 71868
3284 1791252564222856 73418
3285 1791252564235251 67091
3286 1791252564258597 65844
3287 1791252564275633 60918
3288 1791252564299947 67225
3289 1791252564313054 60008
3290 1791252564335137 64007
3291 1791252564350816 61986
3292 1791252564379505 68080
3293 1791252564399144 65423
3294 1791252564414635 65854
3295 1791252564435472 66768
3296 1791252564468254 75492
3297 1791252564477121 62481
3298 1791252564515175 84999
3299 1791252564523814 72679
3300 1791252564535989 67727
3301 1791252564573915 79762
3302 1791252564587637 72455
3303 1791252564599110 70512
3304 1791252564633205 79128
3305 1791252564643992 71191
3306 1791252564667693 72730
3307 1791252564670156 57205
3308 1791252564702954 69744
3309 1791252564707683 56075
3310 1791252564735680 65883
3311 1791252564771446 76969
3312 1791252564782162 67852
3313 1791252564797882 67549
3314 1791252564807016 57947
3315 1791252564835328 63878
3316 1791252564856192 58304
3317 1791252564875104 60215
3318 1791252564900518 66872
3319 1791252564913659 57461
3320 1791252564922576 49108
3321 1791252564938591 45242
3322 1791252564965835 52171
3323 1791252564975364 42044
3324 1791252564993512 39773
3325 1791252565004085 35138
3326 1791252565025446 34346
3327 1791252565055520 46148
3328 1791252565084586 50860
3329 1791252565094386 45349
3330 1791252565100993 32148
3331 1791252565135888 44733
3332 1791252565145515 35316
3333 1791252565164456 35931
3334 1791252565183659 29379
3335 1791252565213679 38572
3336 1791252565232990 38835
3337 1791252565244496 32330
3338 1791252565274958 44341
3339 1791252565289916 36015
3340 1791252565309882 36491
3341 1791252565323886 35237
3342 1791252565342698 34244
3343 1791252565373040 41728
3344 1791252565397765 45268
3345 1791252565416559 43517
3346 1791252565424872 36639
3347 1791252565453608 39728
3348 1791252565475773 43627
3349 1791252565492458 38845
3350 1791252565517334 41555
3351 1791252565533751 41290
3352 1791252565549952 36447
3353 1791252565569886 37465
3354 1791252565591207 42187
3355 1791252565610193 40295
3356 1791252565636952 45740
3357 1791252565639510 30516
3358 1791252565677491 40534
3359 1791252565686380 35305
3360 1791252565704840 30927
3361 1791252565745115 50041
3362 1791252565756279 45120
3363 1791252565768367 38079
3364 1791252565782581 32232
3365 1791252565806015 37644
3366 1791252565826200 28708
3367 1791252565860825 47384
3368 1791252565875376 42653
3369 1791252565894633 41563
3370 1791252565907487 33504
3371 1791252565936002 42236
3372 1791252565957906 44603
3373 1791252565972939 40721
3374 1791252565985821 35787
3375 1791252566019905 46962
3376 1791252566025888 37778
3377 1791252566055754 42141
3378 1791252566075516 41391
3379 1791252566090943 40908
3380 1791252566113638 39935
3381 1791252566131135 40189
3382 1791252566162771 50629
3383 1791252566174906 44080
3384 1791252566191942 38701
3385 1791252566207768 39230
3386 1791252566232968 44096
3387 1791252566256258 48486
3388 1791252566277477 45677
3389 1791252566292780 44195
3390 1791252566324839 55429
3391 1791252566353027 60244
3392 1791252566366042 57759
3393 1791252566385268 55189
3394 1791252566418433 69070
3395 1791252566432449 63587
3396 1791252566469257 75632
3397 1791252566482723 73514
3398 1791252566506053 73710
3399 1791252566524940 72776
3400 1791252566551415 82154
3401 1791252566584404 92104
3402 1791252566604744 92428
3403 1791252566624937 92531
3404 1791252566636528 86482
3405 1791252566655375 85168
3406 1791252566682109 92398
3407 1791252566693767 81640
3408 1791252566705779 76735
3409 1791252566738676 88393
3410 1791252566756863 87893
3411 1791252566780113 91809
3412 1791252566812118 100793
3413 1791252566812125 82963
3414 1791252566836213 87260
3415 1791252566872190 97339
3416 1791252566883468 88698
3417 1791252566896802 87654
3418 1791252566915080 86253
3419 1791252566942149 92754
3420 1791252566969449 97254
3421 1791252566981129 85504
3422 1791252567001074 88118
3423 1791252567015202 82137
3424 1791252567033676 83138
3425 1791252567063016 93563
3426 1791252567088149 94854
3427 1791252567088178 74833
3428 1791252567113663 80527
3429 1791252567132074 78242
3430 1791252567142709 74290
3431 1791252567168681 80526
3432 1791252567181526 68385
3433 1791252567199602 68878
3434 1791252567216690 67658
3435 1791252567238676 69990
3436 1791252567250194 59788
3437 1791252567269633 56670
3438 1791252567281361 49494
3439 1791252567308709 59575
3440 1791252567327681 58045
3441 1791252567342774 52152
3442 1791252567354838 46123
3443 1791252567380339 49972
3444 1791252567394766 41162
3445 1791252567412839 38416
3446 1791252567434096 44572
3447 1791252567457652 45566
3448 1791252567471512 41384
3449 1791252567499473 50980
3450 1791252567519970 50209
3451 1791252567530412 40521
3452 1791252567552320 39142
3453 1791252567588562 58138
3454 1791252567603830 53597
3455 1791252567625889 52945
3456 1791252567633446 44879
3457 1791252567663716 51679
3458 1791252567688770 56679
3459 1791252567712560 56225
3460 1791252567729559 56182
3461 1791252567745828 57051
3462 1791252567758699 46134
3463 1791252567786151 56588
3464 1791252567807066 58181
3465 1791252567820898 50734
3466 1791252567836376 45770
3467 1791252567868005 54892
3468 1791252567885043 56157
3469 1791252567912820 62654
3470 1791252567915743 47734
3471 1791252567944505 56009
3472 1791252567971663 58839
3473 1791252567980642 47540
3474 1791252567997990 47928
3475 1791252568021691 52773
3476 1791252568042166 50342
3477 1791252568066516 54208
3478 1791252568085031 55685
3479 1791252568110373 60882
3480 1791252568138151 64561
3481 1791252568143490 50041
3482 1791252568167275 57860
3483 1791252568189557 56148
3484 1791252568212942 60879
3485 1791252568229767 61158
3486 1791252568245676 56117
3487 1791252568280705 68616
3488 1791252568284542 55089
3489 1791252568324010 71070
3490 1791252568333865 59952
3491 1791252568345979 53930
3492 1791252568375729 62153
3493 1791252568394207 65488
3494 1791252568415716 63063
3495 1791252568434569 61667
3496 1791252568446447 58542
3497 1791252568474756 64277
3498 1791252568504063 70841
3499 1791252568519577 65934
3500 1791252568542686 68823
3501 1791252568555397 61480
3502 1791252568574840 65968
3503 1791252568602904 68028
3504 1791252568627150 74305
3505 1791252568631924 60835
3506 1791252568655782 65823
3507 1791252568687906 75359
3508 1791252568707454 76868
3509 1791252568713399 63676
3510 1791252568734842 59653
3511 1791252568756092 68184
3512 1791252568774647 66009
3513 1791252568794238 64215
3514 1791252568815516 62115
3515 1791252568834686 65286
3516 1791252568854023 63716
3517 1791252568877214 67959
3518 1791252568893699 63907
3519 1791252568923513 74217
3520 1791252568941066 68291
3521 1791252568955638 64210
3522 1791252568975861 62649
3523 1791252569005521 71761
3524 1791252569028307 75435
3525 1791252569047121 75461
3526 1791252569056196 67673
3527 1791252569085280 75761
3528 1791252569100524 72214
3529 1791252569126658 77763
3530 1791252569143659 73454
3531 1791252569158275 64149
3532 1791252569194641 80183
3533 1791252569211069 78992
3534 1791252569225829 73032
3535 1791252569248636 77877
3536 1791252569264792 76744
3537 1791252569281928 70855
3538 1791252569306429 73292
3539 1791252569324334 75694
3540 1791252569352325 80527
3541 1791252569373831 81606
3542 1791252569393057 79005
3543 1791252569404246 75721
3544 1791252569425190 73092
3545 1791252569455022 81797
3546 1791252569475912 82853
3547 1791252569504462 90359
3548 1791252569511164 76119
3549 1791252569534991 82647
3550 1791252569547148 78269
3551 1791252569566373 72415
3552 1791252569585563 75635
3553 1791252569606412 72300
3554 1791252569627028 77324
3555 1791252569651063 77672
3556 1791252569671978 78072
3557 1791252569684273 72247
3558 1791252569704792 75299
3559 1791252569712397 61331
3560 1791252569729245 59233
3561 1791252569761494 68507
3562 1791252569785403 74404
3563 1791252569803786 74537
3564 1791252569833960 82690
3565 1791252569849569 80087
3566 1791252569879043 87585
3567 1791252569905265 93095
3568 1791252569925550 96728
3569 1791252569947652 99443
3570 1791252569984028 107473
3571 1791252570002737 110409
3572 1791252570023890 112077
3573 1791252570036369 103802
3574 1791252570057734 107565
3575 1791252570065709 92238
3576 1791252570078039 89494
3577 1791252570102263 93584
3578 1791252570120840 86835
3579 1791252570137672 85247
3580 1791252570146277 76930
3581 1791252570174427 80547
3582 1791252570197644 87463
3583 1791252570215078 82814
3584 1791252570244159 90439
3585 1791252570253801 83232
3586 1791252570276333 84485
3587 1791252570293013 82158
3588 1791252570309072 75668
3589 1791252570322797 70323
3590 1791252570338392 69122
3591 1791252570365070 74473
3592 1791252570376803 68248
3593 1791252570397299 64800
3594 1791252570408882 59267
3595 1791252570441069 69478
3596 1791252570455829 67388
3597 1791252570471685 62801
3598 1791252570487173 53763
3599 1791252570508035 55473
3600 1791252570522267 52764
3601 1791252570540065 50674
3602 1791252570557001 48962
3603 1791252570584519 49672
3604 1791252570595712 44899
3605 1791252570620459 46981
3606 1791252570639342 50611
3607 1791252570659639 49687
3608 1791252570665243 32814
3609 1791252570691391 37643
3610 1791252570706882 37401
3611 1791252570724320 32926
3612 1791252570743448 34934
3613 1791252570764252 35063
3614 1791252570785109 32139
3615 1791252570812067 38199
3616 1791252570829324 40177
3617 1791252570844720 35968
3618 1791252570863710 34383
3619 1791252570883830 34908
3620 1791252570907662 34102
3621 1791252570927961 37862
3622 1791252570944355 35417
3623 1791252570978260 50294
3624 1791252570982719 28857
3625 1791252571017212 45444
3626 1791252571027043 33299
3627 1791252571050725 38989
3628 1791252571070202 40860
3629 1791252571082353 33731
3630 1791252571098919 30207
3631 1791252571118156 25582
3632 1791252571145373 37363
3633 1791252571172373 37552
3634 1791252571189089 37593
3635 1791252571207350 35838
3636 1791252571218684 29893
3637 1791252571255120 46165
3638 1791252571269785 37208
3639 1791252571292787 41849
3640 1791252571307216 37449
3641 1791252571314456 24534
3642 1791252571355403 41921
3643 1791252571363223 31957
3644 1791252571400210 46820
3645 1791252571411680 37047
3646 1791252571423672 30203
3647 1791252571453111 41428
3648 1791252571459616 26181
3649 1791252571494440 41325
3650 1791252571517983 46011
3651 1791252571536076 42627
3652 1791252571554762 43990
3653 1791252571573277 41296
3654 1791252571582795 31051
3655 1791252571605857 32571
3656 1791252571623462 35067
3657 1791252571643589 31516
3658 1791252571671079 38718
3659 1791252571685968 32501
3660 1791252571710363 41273
3661 1791252571724518 32853
3662 1791252571745765 35399
3663 1791252571766678 36938
3664 1791252571784489 32356
3665 1791252571806245 36411
3666 1791252571817645 28622
3667 1791252571843337 34837
3668 1791252571863340 34220
3669 1791252571883560 34403
3670 1791252571905491 36741
3671 1791252571927379 33412
3672 1791252571945452 32752
3673 1791252571961347 31911
3674 1791252571991884 39597
3675 1791252572009726 35327
3676 1791252572024405 32986
3677 1791252572055644 45917
3678 1791252572064053 31251
3679 1791252572085981 33868
3680 1791252572106689 34734
3681 1791252572123430 31468
3682 1791252572145777 31589
3683 1791252572159342 29437
3684 1791252572183224 34637
3685 1791252572218035 45259
3686 1791252572237089 43922
3687 1791252572247261 34490
3688 1791252572264028 35231
3689 1791252572294652 41846
3690 1791252572306101 37283
3691 1791252572326377 36984
3692 1791252572359805 48043
3693 1791252572368620 37974
3694 1791252572384810 35399
3695 1791252572415656 47033
3696 1791252572435222 45414
3697 1791252572454237 42658
3698 1791252572474365 44211
3699 1791252572491974 43652
3700 1791252572511877 40031
3701 1791252572536203 46110
3702 1791252572545835 36529
3703 1791252572572271 42706
3704 1791252572588591 39830
3705 1791252572618457 46182
3706 1791252572643590 54997
3707 1791252572668903 59140
3708 1791252572688680 56210
3709 1791252572702785 52170
3710 1791252572726268 57360
3711 1791252572749195 60512
3712 1791252572759666 51000
3713 1791252572784461 55876
3714 1791252572810246 61048
3715 1791252572838819 66521
3716 1791252572858781 68458
3717 1791252572880461 70212
3718 1791252572902570 69205
3719 1791252572916144 62266
3720 1791252572932977 58677
3721 1791252572953948 60197
3722 1791252572971208 61981
3723 1791252573010492 78428
3724 1791252573022589 68738
3725 1791252573035538 64327
3726 1791252573051281 62581
3727 1791252573082647 72151
3728 1791252573095614 60070
3729 1791252573122213 72111
3730 1791252573152662 78308
3731 1791252573155944 63005
3732 1791252573180726 67929
3733 1791252573201275 69009
3734 1791252573215805 64007
3735 1791252573234824 65436
3736 1791252573257283 69301
3737 1791252573286324 72026
3738 1791252573315212 82669
3739 1791252573327031 78764
3740 1791252573340965 71809
3741 1791252573344899 54661
3742 1791252573349221 35951
3743 1791252573359841 27190
3744 1791252573378690 29465
3745 1791252573406182 33996
3746 1791252573422442 30381
3747 1791252573433744 23677
3748 1791252573456790 26754
3749 1791252573477044 26146
3750 1791252573495425 22809
3751 1791252573515406 25768
3752 1791252573536267 24678
3753 1791252573552218 22925
3754 1791252573572846 20755
3755 1791252573593361 21138
3756 1791252573612969 21603
3757 1791252573641429 29302
3758 1791252573651978 23167
3759 1791252573675458 26930
3760 1791252573696814 26188
3761 1791252573714184 25124
3762 1791252573730898 22143
3763 1791252573754024 23123
3764 1791252573778431 25312
3765 1791252573790424 22241
3766 1791252573813256 22828
3767 1791252573832346 23803
3768 1791252573854200 21902
3769 1791252573875850 26879
3770 1791252573897057 25696
3771 1791252573914055 22009
3772 1791252573929707 20620
3773 1791252573950931 21311
3774 1791252573982832 31898
3775 1791252573993987 21862
3776 1791252574013797 25365
3777 1791252574036163 22362
3778 1791252574055238 26027
3779 1791252574074734 25082
3780 1791252574093504 22394
3781 1791252574116314 22807
3782 1791252574134823 22519
3783 1791252574153946 24980
3784 1791252574174328 25339
3785 1791252574196493 26616
3786 1791252574212866 21975
3787 1791252574233730 20861
3788 1791252574252625 23375
3789 1791252574278870 30719
3790 1791252574297402 23840
3791 1791252574316675 26076
3792 1791252574333710 21519
3793 1791252574355765 23981
3794 1791252574373485 21075
3795 1791252574391867 23344
3796 1791252574415646 23776
3797 1791252574433807 24348
3798 1791252574454781 24583
3799 1791252574476820 27843
3800 1791252574494527 23708
3801 1791252574515007 24809
3802 1791252574533932 22676
3803 1791252574555948 27773
3804 1791252574573826 23103
3805 1791252574593839 20610
3806 1791252574617303 23507
3807 1791252574635617 23950
3808 1791252574656752 25227
3809 1791252574674907 23404
3810 1791252574691343 20636
3811 1791252574713214 21915
3812 1791252574734610 21393
3813 1791252574752987 21002
3814 1791252574771120 22019
3815 1791252574797819 27913
3816 1791252574817468 25450
3817 1791252574836448 23386
3818 1791252574857459 25536
3819 1791252574874589 21980
3820 1791252574892379 20649
3821 1791252574913403 24036
3822 1791252574932259 22694
3823 1791252574956184 23922
3824 1791252574975274 23056
3825 1791252574991760 23383
3826 1791252575012813 24250
3827 1791252575034105 24993
3828 1791252575062337 28228
3829 1791252575073067 23943
3830 1791252575097248 25588
3831 1791252575113642 21964
3832 1791252575134295 25428
3833 1791252575153519 23224
3834 1791252575174269 25479
3835 1791252575193482 23368
3836 1791252575222300 31974
3837 1791252575233491 24187
3838 1791252575252715 23358
3839 1791252575278547 25827
3840 1791252575294069 20553
3841 1791252575317785 23713
3842 1791252575335624 23491
3843 1791252575354067 25377
3844 1791252575372860 23897
3845 1791252575392721 23967
3846 1791252575414401 26157
3847 1791252575432420 23761
3848 1791252575450151 20705
3849 1791252575475869 25713
3850 1791252575493904 22510
3851 1791252575523052 29145
3852 1791252575533591 25445
3853 1791252575553980 23439
3854 1791252575575620 21637
3855 1791252575593659 24667
3856 1791252575616070 27120
3857 1791252575637710 25209
3858 1791252575651985 20764
3859 1791252575672194 23140
3860 1791252575694742 22545
3861 1791252575720017 30189
3862 1791252575732430 21824
3863 1791252575757698 25265
3864 1791252575774162 24856
3865 1791252575797942 23987
3866 1791252575814414 21715
3867 1791252575832672 23744
3868 1791252575852682 21943
3869 1791252575877199 24513
3870 1791252575895310 22875
3871 1791252575912079 23760
3872 1791252575934738 22657
3873 1791252575953334 23550
3874 1791252575972610 22971
3875 1791252575993913 21297
3876 1791252576012589 22744
3877 1791252576036342 23807
3878 1791252576056266 23865
3879 1791252576073556 24967
3880 1791252576099392 29795
3881 1791252576115324 21235
3882 1791252576132979 22714
3883 1791252576152206 22084
3884 1791252576177834 25624
3885 1791252576195701 24407
3886 1791252576213910 25219
3887 1791252576234996 24728
3888 1791252576254861 23716
3889 1791252576274530 23562
3890 1791252576292609 22608
3891 1791252576313796 21230
3892 1791252576340175 26376
3893 1791252576359327 24890
3894 1791252576374931 25325
3895 1791252576393772 22218
3896 1791252576415386 26844
3897 1791252576433836 25609
3898 1791252576454594 20755
3899 1791252576475273 26097
3900 1791252576495985 24008
3901 1791252576511151 20634
3902 1791252576533830 25580
3903 1791252576556928 28286
3904 1791252576574585 23312
3905 1791252576592364 23283
3906 1791252576615670 26218
3907 1791252576635158 25056
3908 1791252576654686 25086
3909 1791252576675965 25586
3910 1791252576693748 21404
3911 1791252576713655 23793
3912 1791252576732476 24303
3913 1791252576756478 24049
3914 1791252576775858 24529
3915 1791252576793176 21812
3916 1791252576812346 22641
3917 1791252576834085 21735
3918 1791252576852180 20840
3919 1791252576872545 22330
3920 1791252576893490 23425
3921 1791252576911786 22019
3922 1791252576933992 22261
3923 1791252576953745 23794
3924 1791252576972700 23868
3925 1791252576993591 23114
3926 1791252577016089 22495
3927 1791252577034130 23095
3928 1791252577054831 23886
3929 1791252577073678 24541
3930 1791252577093737 23461
3931 1791252577113704 24624
3932 1791252577134248 25257
3933 1791252577151587 21061
3934 1791252577173273 21684
3935 1791252577193942 21598
3936 1791252577211884 23415
3937 1791252577235842 25932
3938 1791252577253628 22900
3939 1791252577274104 24350
3940 1791252577293436 21677
3941 1791252577308594 20378
3942 1791252577332816 24220
3943 1791252577355707 22888
3944 1791252577373601 25387
3945 1791252577395586 21983
3946 1791252577415452 25427
3947 1791252577433619 23785
3948 1791252577459924 26350
3949 1791252577475182 21783
3950 1791252577493766 25124
3951 1791252577514650 24229
3952 1791252577530034 20609
3953 1791252577555085 25047
3954 1791252577577622 26817
3955 1791252577592305 24150
3956 1791252577614908 22672
3957 1791252577633666 22428
3958 1791252577662241 34052
3959 1791252577673419 24478
3960 1791252577692350 23461
3961 1791252577713889 21536
3962 1791252577734455 23657
3963 1791252577754817 26192
3964 1791252577775229 20408
3965 1791252577797649 29251
3966 1791252577814623 23030
3967 1791252577832307 23145
3968 1791252577853062 20752
3969 1791252577873947 23606
3970 1791252577895307 25112
3971 1791252577914508 22748
3972 1791252577936141 25647
3973 1791252577953342 23091
3974 1791252577980716 31764
3975 1791252577993314 24826
3976 1791252578015211 21894
3977 1791252578032922 23958
3978 1791252578054058 24937
3979 1791252578081760 27700
3980 1791252578092675 23390
3981 1791252578115107 22429
3982 1791252578133870 22592
3983 1791252578153080 24720
3984 1791252578177028 23937
3985 1791252578195237 22566
3986 1791252578213797 24712
3987 1791252578235069 25230
3988 1791252578253516 23210
3989 1791252578274366 24680
3990 1791252578290357 20821
3991 1791252578311467 21107
3992 1791252578333279 21960
3993 1791252578354848 21566
3994 1791252578370346 21078
3995 1791252578395731 27732
3996 1791252578415621 25390
3997 1791252578431948 22062
3998 1791252578455669 23718
3999 1791252578472720 24354
4000 1791252578492944 22480
4001 1791252578514980 22032
4002 1791252578534046 21954
4003 1791252578553858 23945
4004 1791252578572007 21167
4005 1791252578593335 25411
4006 1791252578614018 23330
4007 1791252578635118 25981
4008 1791252578653328 23742
4009 1791252578676305 27952
4010 1791252578692814 24371
4011 1791252578714364 25349
4012 1791252578732140 24102
4013 1791252578753944 21847
4014 1791252578780207 26260
4015 1791252578796200 22566
4016 1791252578812586 20884
4017 1791252578832373 23498
4018 1791252578853263 20937
4019 1791252578877087 26004
4020 1791252578897804 25295
4021 1791252578914709 21261
4022 1791252578931996 22655
4023 1791252578957477 25478
4024 1791252578973582 24845
4025 1791252578993837 24468
4026 1791252579017510 23670
4027 1791252579036699 24105
4028 1791252579057428 25674
4029 1791252579088091 37604
4030 1791252579102651 29070
4031 1791252579114292 26196
4032 1791252579133975 22592
4033 1791252579155082 25554
4034 1791252579174361 25933
4035 1791252579192375 24098
4036 1791252579217663 25285
4037 1791252579236606 24692
4038 1791252579255137 23142
4039 1791252579273665 24321
4040 1791252579294831 24180
4041 1791252579310931 21894
4042 1791252579333915 22981
4043 1791252579352887 23599
4044 1791252579377997 25106
4045 1791252579397263 25238
4046 1791252579416814 24170
4047 1791252579435876 24428
4048 1791252579458412 26934
4049 1791252579473508 25495
4050 1791252579492071 22419
4051 1791252579511096 20719
4052 1791252579532794 21823
4053 1791252579552081 23439
4054 1791252579574101 22683
4055 1791252579592504 21258
4056 1791252579613174 22605
4057 1791252579634729 21552
4058 1791252579654522 25221
4059 1791252579673346 23419
4060 1791252579693810 20461
4061 1791252579712389 23947
4062 1791252579730710 22518
4063 1791252579757031 27285
4064 1791252579783943 32722
4065 1791252579794138 21832
4066 1791252579813755 25548
4067 1791252579834023 23121
4068 1791252579853424 23542
4069 1791252579874495 25190
4070 1791252579894111 23982
4071 1791252579913040 21709
4072 1791252579934688 26208
4073 1791252579954207 23072
4074 1791252579973906 24560
4075 1791252579996105 26439
4076 1791252580015143 25082
4077 1791252580034729 24449
4078 1791252580050098 21751
4079 1791252580076559 28234
4080 1791252580094861 24696
4081 1791252580112394 21442
4082 1791252580133025 20689
4083 1791252580157783 25497
4084 1791252580174244 26048
4085 1791252580194164 23462
4086 1791252580214824 25371
4087 1791252580234856 23856
4088 1791252580250174 21974
4089 1791252580274206 24029
4090 1791252580301387 27751
4091 1791252580313756 25173
4092 1791252580332624 22758
4093 1791252580353388 20761
4094 1791252580375242 21927
4095 1791252580391466 22479
4096 1791252580415592 24122
4097 1791252580436941 24786
4098 1791252580453599 22741
4099 1791252580484199 30597
4100 1791252580490961 21367
4101 1791252580512906 23952
4102 1791252580535090 26184
4103 1791252580553149 21869
4104 1791252580572858 22341
4105 1791252580592699 22568
4106 1791252580613486 24695
4107 1791252580633701 23280
4108 1791252580652531 22622
4109 1791252580672538 21060
4110 1791252580697568 25595
4111 1791252580718727 26666
4112 1791252580736003 21968
4113 1791252580752869 20968
4114 1791252580769944 21753
4115 1791252580793982 24081
4116 1791252580813784 25569
4117 1791252580833807 25002
4118 1791252580854891 21081
4119 1791252580873618 24063
4120 1791252580894577 24708
4121 1791252580913411 22797
4122 1791252580936650 27846
4123 1791252580956799 26353
4124 1791252580974764 21859
4125 1791252580995018 21329
4126 1791252581011983 20917
4127 1791252581034507 23461
4128 1791252581049873 21616
4129 1791252581071275 21399
4130 1791252581092676 23808
4131 1791252581109792 21121
4132 1791252581133488 23679
4133 1791252581159790 26299
4134 1791252581180904 27228
4135 1791252581192947 22392
4136 1791252581214786 21837
4137 1791252581230266 22000
4138 1791252581254969 24699
4139 1791252581273424 23957
4140 1791252581296474 28124
4141 1791252581313683 24783
4142 1791252581339843 26156
4143 1791252581358565 25019
4144 1791252581374053 25920
4145 1791252581395587 21531
# sent 4146 received 4146
