# LOG_TIMESTAMP DL_OWD_DELTA_US CAKE_DL_RATE_KBPS PROC_TIME_US, from the DATA records of /var/log/cake-adapt.log(.old) on 192.168.56.3
1791418542.024785 -8650 20000 1791418542.024780
1791418542.079517 -8470 20000 1791418542.079510
1791418542.129490 -8435 20000 1791418542.129485
1791418542.182274 -8345 20000 1791418542.182269
1791418542.227500 -8580 20000 1791418542.227494
1791418542.658507 -900 20000 1791418542.658500
1791418542.712458 -867 20000 1791418542.712454
1791418542.764281 -884 20000 1791418542.764276
1791418542.818755 -895 20000 1791418542.818750
1791418542.868729 -853 20000 1791418542.868724
1791418542.914141 -9025 20000 1791418542.914135
1791418542.971361 -115 20000 1791418542.971354
1791418543.024992 -112 20000 1791418543.024987
1791418543.078045 -38 20000 1791418543.078041
1791418543.131773 -5 20000 1791418543.131769
1791418543.180039 -90 20000 1791418543.180034
1791418543.222133 -883 20000 1791418543.222128
1791418543.279075 185 20000 1791418543.279066
1791418543.335311 138 20000 1791418543.335306
1791418543.389694 212 20000 1791418543.389689
1791418543.442311 -71 20000 1791418543.442305
1791418543.612926 -29 20000 1791418543.612921
1791418543.654895 -113 20000 1791418543.654887
1791418543.714164 684 20000 1791418543.714160
1791418543.773112 587 20000 1791418543.773106
1791418543.823103 -99 20000 1791418543.823098
1791418543.879334 -12 20000 1791418543.879329
1791418543.933156 -3 20000 1791418543.933151
1791418543.974885 -26 20000 1791418543.974879
1791418544.032811 334 20000 1791418544.032805
1791418544.091697 487 20000 1791418544.091692
1791418544.147519 750 20000 1791418544.147512
1791418544.199644 38 20000 1791418544.199639
1791418544.246834 347 20000 1791418544.246810
1791418544.312982 324 20000 1791418544.312977
1791418544.381565 1982 20000 1791418544.381558
1791418544.428458 986 20000 1791418544.428454
1791418544.477663 599 20000 1791418544.477657
1791418544.532071 537 20000 1791418544.532064
1791418544.579217 1296 20800 1791418544.579186
1791418544.620386 -38 20800 1791418544.620381
1791418544.680825 831 20800 1791418544.680821
1791418544.755946 10525 20800 1791418544.755942
1791418544.786656 698 20800 1791418544.786652
1791418544.847082 437 20800 1791418544.847076
1791418544.892680 0 20800 1791418544.892675
1791418544.934356 362 20800 1791418544.934352
1791418544.993858 580 20800 1791418544.993854
1791418545.048384 624 20800 1791418545.048377
1791418545.106589 298 20800 1791418545.106583
1791418545.168663 1036 20800 1791418545.168659
1791418545.214118 150 20800 1791418545.214111
1791418545.255971 112 20800 1791418545.255967
1791418545.313686 180 20800 1791418545.313682
1791418545.367899 174 20800 1791418545.367894
1791418545.424066 498 20800 1791418545.424061
1791418545.476630 286 20800 1791418545.476625
1791418545.573329 799 20800 1791418545.573323
1791418545.615444 1011 20592 1791418545.615439
1791418545.673709 1029 20592 1791418545.673702
1791418545.727705 -8 20592 1791418545.727697
1791418545.778269 148 20592 1791418545.778264
1791418545.830516 36 20592 1791418545.830512
1791418545.883195 -40 20592 1791418545.883187
1791418545.950143 860 20592 1791418545.950138
1791418546.008256 528 20592 1791418546.008250
1791418546.064743 -1 20592 1791418546.064737
1791418546.116715 697 20592 1791418546.116711
1791418546.170147 835 20592 1791418546.170139
1791418546.215702 310 20592 1791418546.215697
1791418546.260619 260 20592 1791418546.260613
1791418546.319875 378 20592 1791418546.319868
1791418546.378177 -5 20592 1791418546.378173
1791418546.437199 1096 20592 1791418546.437190
1791418546.489811 684 20592 1791418546.489804
1791418546.558660 909 20592 1791418546.558654
1791418546.601718 659 20592 1791418546.601712
1791418546.659436 -17 20386 1791418546.659431
1791418546.716371 445 20386 1791418546.716364
1791418546.766093 296 20386 1791418546.766089
1791418546.818509 334 20386 1791418546.818504
1791418546.864255 508 20386 1791418546.864250
1791418546.913639 608 20386 1791418546.913635
1791418546.972058 1132 20386 1791418546.972052
1791418547.025526 594 20386 1791418547.025518
1791418547.082139 695 20386 1791418547.082135
1791418547.185341 -7 20386 1791418547.185335
1791418547.234713 957 20386 1791418547.234707
1791418547.276189 408 20386 1791418547.276183
1791418547.334489 531 20386 1791418547.334485
1791418547.394622 993 20386 1791418547.394618
1791418547.448374 1993 20386 1791418547.448369
1791418547.504441 1991 20386 1791418547.504436
1791418547.550155 1206 20386 1791418547.550147
1791418547.592408 657 20386 1791418547.592401
1791418547.653569 81 20386 1791418547.653565
1791418547.708391 343 20182 1791418547.708387
1791418547.759570 542 20182 1791418547.759563
1791418547.816926 2339 20182 1791418547.816919
1791418547.858710 456 20182 1791418547.858705
1791418547.900658 457 20182 1791418547.900654
1791418547.964053 1679 20182 1791418547.964049
1791418548.016196 343 20182 1791418548.016190
1791418548.070683 1990 20182 1791418548.070678
1791418548.130991 638 20182 1791418548.130987
1791418548.178593 705 20182 1791418548.178586
1791418548.224249 7 20182 1791418548.224245
1791418548.282355 229 20182 1791418548.282349
1791418548.338140 343 20182 1791418548.338135
1791418548.390501 839 20182 1791418548.390496
1791418548.446882 88 20182 1791418548.446876
1791418548.492721 105 20182 1791418548.492716
1791418548.536785 756 20182 1791418548.536780
1791418548.596492 279 20182 1791418548.596486
1791418548.651039 93 20182 1791418548.651035
1791418548.707921 638 20182 1791418548.707915
1791418548.761216 537 20000 1791418548.761211
1791418548.807227 305 20000 1791418548.807223
1791418548.853299 1105 20000 1791418548.853293
1791418548.916644 778 20000 1791418548.916639
1791418548.972563 143 20000 1791418548.972558
1791418549.028851 837 20000 1791418549.028846
1791418549.095128 87 20000 1791418549.095123
1791418549.141983 5 20000 1791418549.141978
1791418549.187839 1304 20000 1791418549.187834
1791418549.245422 178 20000 1791418549.245417
1791418549.302323 792 20000 1791418549.302317
1791418549.352403 -1 20000 1791418549.352398
1791418549.411574 586 20000 1791418549.411569
1791418549.464824 504 20000 1791418549.464819
1791418549.555230 1003 20000 1791418549.555225
1791418549.610560 328 20000 1791418549.610556
1791418549.666358 42 20000 1791418549.666353
1791418549.718880 299 20000 1791418549.718876
1791418549.775294 -11 20000 1791418549.775287
1791418549.823910 953 20000 1791418549.823905
1791418549.874406 203 20000 1791418549.874400
1791418549.932109 328 20000 1791418549.932102
1791418549.987792 941 20000 1791418549.987786
1791418550.038700 1048 20000 1791418550.038696
1791418550.088566 -6 20000 1791418550.088561
1791418550.134482 53 20000 1791418550.134478
1791418550.178447 -20 20000 1791418550.178442
1791418550.237896 677 20000 1791418550.237892
1791418550.291915 540 20000 1791418550.291892
1791418550.346546 697 20000 1791418550.346539
1791418550.412596 444 20000 1791418550.412591
1791418550.459150 403 20000 1791418550.459143
1791418550.501104 480 20000 1791418550.501099
1791425224.312543 1376 20000 1791425224.312537
1791425224.366043 190 20000 1791425224.366038
1791425224.417462 596 20000 1791425224.417457
1791425224.470986 1093 20000 1791425224.470982
1791425224.520286 802 20000 1791425224.520282
1791425224.571558 879 20000 1791425224.571554
1791425224.677224 1075 20000 1791425224.677219
1791425224.757783 1289 20000 1791425224.757779
1791425224.825607 -15 20000 1791425224.825603
1791425224.920721 243 20000 1791425224.920716
1791425224.970945 901 20000 1791425224.970940
1791425225.016785 1428 20000 1791425225.016780
1791425225.073943 824 20000 1791425225.073939
1791425225.128760 788 20000 1791425225.128755
1791425225.182320 1733 20000 1791425225.182316
1791425225.263780 592 20000 1791425225.263775
1791425225.313921 1400 20000 1791425225.313917
1791425225.362849 5323 20000 1791425225.362845
1791425225.461852 374 20000 1791425225.461847
1791425225.517729 488 20000 1791425225.517724
1791425225.568445 932 20000 1791425225.568439
1791425225.620954 691 20000 1791425225.620948
1791425225.668817 949 20000 1791425225.668809
1791425225.731618 622 20000 1791425225.731611
1791425225.792395 623 20000 1791425225.792385
1791425225.858609 1886 20000 1791425225.858601
1791425225.928477 831 20000 1791425225.928468
1791425226.011297 1090 20000 1791425226.011289
1791425226.057267 748 20000 1791425226.057263
1791425226.172633 721 20000 1791425226.172625
1791425226.232218 1172 20000 1791425226.232211
1791425226.400099 286 20000 1791425226.400094
1791425226.453263 630 20000 1791425226.453259
1791425226.507430 539 20000 1791425226.507425
1791425226.555478 597 20000 1791425226.555473
1791425226.643729 1669 20000 1791425226.643723
1791425226.701064 671 20000 1791425226.701058
1791425226.763037 635 20000 1791425226.763028
1791425226.875670 879 20000 1791425226.875663
1791425226.939789 1038 20000 1791425226.939783
1791425226.987532 1146 20000 1791425226.987528
1791425227.027136 419 20000 1791425227.027131
1791425227.247728 520 20000 1791425227.247724
1791425227.465543 884 20000 1791425227.465538
1791425227.535898 429 20000 1791425227.535894
1791425227.588041 288 20000 1791425227.588037
1791425227.634119 146 20000 1791425227.634115
1791425227.687434 1068 20000 1791425227.687430
1791425227.747178 519 20000 1791425227.747172
1791425227.869489 434 20000 1791425227.869482
1791425227.926064 379 20000 1791425227.926054
1791425227.984508 1037 20000 1791425227.984501
1791425228.032422 745 20000 1791425228.032412
1791425228.073250 717 20000 1791425228.073244
1791425228.133249 419 20000 1791425228.133242
1791425228.191873 1233 20000 1791425228.191868
1791425228.241972 928 20000 1791425228.241967
1791425228.298461 736 20000 1791425228.298455
1791425228.344337 544 20000 1791425228.344333
1791425228.389617 716 20000 1791425228.389611
1791425228.449658 1168 20000 1791425228.449652
1791425228.501770 33 20000 1791425228.501765
1791425228.557573 677 20000 1791425228.557568
1791425228.610613 835 20000 1791425228.610606
1791425228.656308 793 20000 1791425228.656303
1791425228.698692 1115 20000 1791425228.698685
1791425228.755914 118 20000 1791425228.755907
1791425228.819619 233 20000 1791425228.819614
1791425228.872260 277 20000 1791425228.872253
1791425228.926119 734 20000 1791425228.926114
1791425228.973957 393 20000 1791425228.973952
1791425229.017825 914 20000 1791425229.017821
1791425229.116010 717 20000 1791425229.116006
1791425229.170916 582 20000 1791425229.170911
1791425229.220947 377 20000 1791425229.220943
1791425229.273292 184 20000 1791425229.273287
1791425229.319318 43 20000 1791425229.319312
1791425229.361425 114 20000 1791425229.361420
1791425229.423935 2365 20000 1791425229.423928
1791425229.477443 1530 20000 1791425229.477438
1791425229.525505 377 20000 1791425229.525501
1791425229.579769 1083 20000 1791425229.579765
1791425229.623563 -21 20000 1791425229.623559
1791425229.665610 264 20000 1791425229.665606
1791425229.724602 864 20000 1791425229.724598
1791425229.779440 929 20000 1791425229.779435
1791425229.831828 1975 20000 1791425229.831824
1791425229.891901 5128 20000 1791425229.891896
1791425229.930286 1228 20000 1791425229.930281
1791425229.974172 2112 20000 1791425229.974164
1791425230.030277 563 20000 1791425230.030270
1791425230.084607 528 20000 1791425230.084600
1791425230.134630 475 20000 1791425230.134625
1791425230.186804 428 20000 1791425230.186798
1791425230.232604 428 20000 1791425230.232600
1791425230.274232 412 20000 1791425230.274227
1791425230.332298 313 20000 1791425230.332293
1791425230.387109 178 20000 1791425230.387103
1791425230.438181 475 20000 1791425230.438175
1791425230.489482 28 20000 1791425230.489478
1791425230.535750 478 20000 1791425230.535746
1791425230.576855 212 20000 1791425230.576849
1791425230.637305 562 20000 1791425230.637301
1791425230.691348 478 20000 1791425230.691340
1791425230.741436 325 20000 1791425230.741428
1791425230.796720 1576 20000 1791425230.796715
1791425230.841846 627 20000 1791425230.841842
1791425230.883446 711 20000 1791425230.883441
1791425230.941421 462 20000 1791425230.941416
1791425230.995156 178 20000 1791425230.995152
1791425231.057699 475 20000 1791425231.057694
1791425231.110517 326 20000 1791425231.110511
1791425231.157332 626 20000 1791425231.157325
1791425231.221782 12299 20000 1791425231.221775
1791425231.257031 711 20000 1791425231.257025
1791425231.311708 727 20000 1791425231.311702
1791425231.363119 674 20000 1791425231.363115
1791425231.420794 975 20000 1791425231.420775
1791425231.467291 825 20000 1791425231.467285
1791425231.507762 698 20000 1791425231.507758
1791425231.565566 710 20000 1791425231.565561
1791425231.619932 526 20000 1791425231.619926
1791425231.672329 823 20000 1791425231.672324
1791425231.724622 475 20000 1791425231.724618
1791425231.770642 774 20000 1791425231.770638
1791425231.812358 697 20000 1791425231.812354
1791425231.870050 609 20000 1791425231.870045
1791425231.924584 775 20000 1791425231.924575
1791425231.974807 722 20000 1791425231.974803
1791425232.029094 524 20000 1791425232.029089
1791425232.075706 873 20000 1791425232.075700
1791425232.123778 1096 20000 1791425232.123773
1791425232.180299 508 20000 1791425232.180295
1791425232.238573 2123 20000 1791425232.238569
1791425232.285236 -8 20000 1791425232.285228
1791425232.339443 374 20000 1791425232.339439
1791425232.385594 772 20000 1791425232.385589
1791425232.430862 146 20000 1791425232.430858
1791425232.488712 208 20000 1791425232.488707
1791425232.543107 173 20000 1791425232.543103
1791425232.592996 -16 20000 1791425232.592992
1791425232.649591 -13 20000 1791425232.649587
1791425232.695907 22 20000 1791425232.695888
1791425232.741452 46 20000 1791425232.741447
1791425232.800207 408 20000 1791425232.800201
1791425232.853930 373 20000 1791425232.853925
1791425232.909532 583 20000 1791425232.909528
1791425232.962513 736 20000 1791425232.962509
1791425233.015947 1520 20000 1791425233.015941
1791425233.050552 396 20000 1791425233.050546
1791425233.108351 -29 20000 1791425233.108345
1791425233.165391 572 20000 1791425233.165014
1791425233.220013 3030 20000 1791425233.219999
1791425233.266974 186 20000 1791425233.266969
1791425233.313072 320 20000 1791425233.313068
1791425233.360038 496 20000 1791425233.360034
1791425233.419722 421 20000 1791425233.419718
1791425233.478148 521 20000 1791425233.478143
1791425233.528278 829 20000 1791425233.528274
1791425233.583049 1035 20000 1791425233.583044
1791425233.628900 869 20000 1791425233.628895
1791425233.670791 945 20000 1791425233.670786
1791425233.729827 1719 20000 1791425233.729821
1791425233.782419 520 20000 1791425233.782413
1791425233.833095 1028 20000 1791425233.833090
1791425233.886275 185 20000 1791425233.886269
1791425233.933347 1268 20000 1791425233.933343
1791425233.974657 994 20000 1791425233.974651
1791425234.031077 618 20000 1791425234.031073
1791425234.085405 220 20000 1791425234.085401
1791425234.138765 1227 20000 1791425234.138759
1791425234.190591 934 20000 1791425234.190582
1791425234.235437 517 20000 1791425234.235429
1791425234.277898 943 20000 1791425234.277892
1791425234.337037 767 20000 1791425234.337033
1791425234.391446 170 20000 1791425234.391439
1791425234.441770 227 20000 1791425234.441766
1791425234.498390 284 20000 1791425234.498385
1791425234.564212 167 20000 1791425234.564207
1791425234.634354 -11 20000 1791425234.634350
1791425234.691910 67 20000 1791425234.691906
1791425234.746753 170 20000 1791425234.746747
1791425234.836848 1026 20000 1791425234.836841
1791425234.948347 683 20000 1791425234.948342
1791425234.994436 666 20000 1791425234.994432
1791425235.115408 39 20000 1791425235.115403
1791425235.204162 916 20000 1791425235.204156
1791425235.264478 320 20000 1791425235.264474
1791425235.316701 376 20000 1791425235.316697
1791425235.375317 283 20000 1791425235.375313
1791425235.424747 965 20000 1791425235.424743
1791425235.466303 788 20000 1791425235.466299
1791425235.524072 116 20000 1791425235.524067
1791425235.580393 -13 20000 1791425235.580389
1791425235.630752 176 20000 1791425235.630748
1791425235.698672 732 20000 1791425235.698667
1791425235.742763 -14 20000 1791425235.742759
1791425235.784618 188 20000 1791425235.784614
1791425235.844038 865 20000 1791425235.844034
1791425235.900152 337 20000 1791425235.900148
1791425235.952687 975 20000 1791425235.952682
1791425236.005427 831 20000 1791425236.005423
1791425236.050874 486 20000 1791425236.050870
1791425236.094491 687 20000 1791425236.094486
1791425236.165940 714 20000 1791425236.165936
1791425236.220401 536 20000 1791425236.220394
1791425236.274493 1873 20000 1791425236.274489
1791425236.329143 930 20000 1791425236.329138
1791425236.373299 186 20000 1791425236.373292
1791425236.426304 536 20000 1791425236.426299
1791425236.486256 1113 20000 1791425236.486251
1791425236.542236 735 20000 1791425236.542232
1791425236.598668 522 20000 1791425236.598663
1791425236.653329 230 20000 1791425236.653323
1791425236.701212 935 20000 1791425236.701204
1791425236.742661 885 20000 1791425236.742657
1791425236.798320 -4 20000 1791425236.798315
1791425236.856341 285 20000 1791425236.856337
1791425236.906992 472 20000 1791425236.906988
1791425236.960030 180 20000 1791425236.960024
1791425237.008909 335 20000 1791425237.008904
1791425237.052592 235 20000 1791425237.052588
1791425237.215998 1045 20000 1791425237.215991
1791425237.275335 435 20000 1791425237.275331
1791425237.329930 1221 20000 1791425237.329926
1791425237.382502 929 20000 1791425237.382496
1791425237.427984 335 20000 1791425237.427979
1791425237.471834 934 20000 1791425237.471829
1791425237.531398 1044 20000 1791425237.531394
1791425237.587624 784 20000 1791425237.587617
1791425237.639919 421 20000 1791425237.639915
1791425237.692220 329 20000 1791425237.692215
1791425237.740423 634 20000 1791425237.740418
1791425237.782609 983 20000 1791425237.782604
1791425237.839547 643 20000 1791425237.839543
1791425237.893930 484 20000 1791425237.893926
1791425237.946417 520 20000 1791425237.946413
1791425238.000623 229 20000 1791425238.000618
1791425238.046385 434 20000 1791425238.046380
1791425238.095673 1032 20000 1791425238.095668
1791425238.159050 542 20000 1791425238.159045
1791425238.223835 284 20000 1791425238.223828
1791425238.320228 370 20000 1791425238.320223
1791425238.372558 129 20000 1791425238.372553
1791425238.419205 783 20000 1791425238.419200
1791425238.462535 981 20000 1791425238.462530
1791425238.520149 541 20000 1791425238.520145
1791425238.574528 284 20000 1791425238.574524
1791425238.629155 669 20000 1791425238.629151
1791425238.681167 179 20000 1791425238.681163
1791425238.731159 532 20000 1791425238.731153
1791425238.808476 1629 20000 1791425238.808468
1791425238.873591 640 20000 1791425238.873584
1791425238.927566 234 20000 1791425238.927557
1791425238.983864 469 20000 1791425238.983856
1791425239.037806 379 20000 1791425239.037799
1791425239.088030 731 20000 1791425239.088021
1791425239.214940 1278 20000 1791425239.214936
1791425239.284634 1439 20000 1791425239.284629
1791425239.338520 883 20000 1791425239.338516
1791425239.388800 918 20000 1791425239.388796
1791425239.441658 678 20000 1791425239.441651
1791425239.500789 181 20000 1791425239.500784
1791425239.546660 877 20000 1791425239.546654
1791425239.606067 588 20000 1791425239.606063
1791425239.705947 632 20000 1791425239.705936
1791425239.765218 1417 20000 1791425239.765213
1791425239.866975 478 20000 1791425239.866964
1791425239.921488 930 20000 1791425239.921483
1791425239.965312 676 20000 1791425239.965308
1791425240.023597 388 20000 1791425240.023593
1791425240.212950 232 20000 1791425240.212945
1791425240.292467 616 20000 1791425240.292463
1791425240.372468 627 20000 1791425240.372464
1791425240.420237 1778 20000 1791425240.420230
1791425240.460474 326 20000 1791425240.460470
1791425240.523986 1087 20000 1791425240.523982
1791425240.578496 631 20000 1791425240.578490
1791425240.635020 565 20000 1791425240.635014
1791425240.691541 1176 20000 1791425240.691534
1791425240.881258 1776 20000 1791425240.881253
1791425240.924012 26 20000 1791425240.924006
1791425240.986293 886 20000 1791425240.986289
1791425241.040152 580 20000 1791425241.040148
1791425241.090680 964 20000 1791425241.090675
1791425241.146789 675 20000 1791425241.146784
1791425241.192592 226 20000 1791425241.192588
1791425241.236132 525 20000 1791425241.236125
1791425241.323257 1634 20000 1791425241.323252
1791425241.375217 180 20000 1791425241.375210
1791425241.426047 414 20000 1791425241.426041
1791425241.480282 574 20000 1791425241.480276
1791425241.526478 925 20000 1791425241.526473
1791425241.570211 425 20000 1791425241.570206
1791425241.629573 933 20000 1791425241.629569
1791425241.683838 729 20000 1791425241.683832
1791425241.734441 963 20000 1791425241.734436
1791425241.786926 873 20000 1791425241.786918
1791425241.832459 624 20000 1791425241.832455
1791425241.874133 624 20000 1791425241.874129
1791425241.931840 832 20000 1791425241.931836
1791425241.984774 29 20000 1791425241.984769
1791425242.036926 1012 20000 1791425242.036919
1791425242.089263 522 20000 1791425242.089259
1791425242.134979 673 20000 1791425242.134974
1791425242.176650 523 20000 1791425242.176646
1791425242.234625 781 20000 1791425242.234619
1791425242.293629 2926 20000 1791425242.293623
1791425242.341297 1111 20000 1791425242.341293
1791425242.394303 971 20000 1791425242.394298
1791425242.443788 1022 20000 1791425242.443782
1791425242.485038 373 20000 1791425242.485030
1791425242.543409 231 20000 1791425242.543404
1791425242.599245 725 20000 1791425242.599240
1791425242.649615 461 20000 1791425242.649611
1791425242.707685 -18 20000 1791425242.707680
1791425242.756207 1071 20000 1791425242.756202
1791425242.832837 1272 20000 1791425242.832830
1791425242.890091 1080 20000 1791425242.890083
1791425242.944853 1074 20000 1791425242.944847
1791425242.993370 311 20000 1791425242.993342
1791425243.046365 382 20000 1791425243.046360
1791425243.141982 970 20000 1791425243.141978
1791425243.183601 571 20000 1791425243.183596
1791425243.241136 779 20000 1791425243.241129
1791425243.301632 3570 20000 1791425243.301627
1791425243.346548 1010 20000 1791425243.346540
1791425243.398539 981 20000 1791425243.398535
1791425243.444141 270 20000 1791425243.444136
1791425243.486811 471 20000 1791425243.486804
1791425243.544001 379 20000 1791425243.543997
1791425243.599841 20 20000 1791425243.599836
1791425243.652420 1109 20000 1791425243.652415
1791425243.709096 880 20000 1791425243.709091
1791425243.760955 619 20000 1791425243.760951
1791425243.802037 421 20000 1791425243.802032
1791425243.868116 2427 20000 1791425243.868111
1791425243.919871 270 20000 1791425243.919866
1791425243.972858 908 20000 1791425243.972853
1791425244.026159 929 20000 1791425244.026153
1791425244.079480 119 20000 1791425244.079473
1791425244.376272 321 20000 1791425244.376267
1791425244.436752 1276 20000 1791425244.436745
1791425244.492830 1069 20000 1791425244.492826
1791425244.544974 408 20000 1791425244.544970
1791425244.597265 229 20000 1791425244.597260
1791425244.648775 918 20000 1791425244.648770
1791425244.692591 970 20000 1791425244.692585
1791425244.762345 1524 20000 1791425244.762336
1791425244.818748 568 20000 1791425244.818739
1791425244.872150 1357 20000 1791425244.872141
1791425244.925809 1278 20000 1791425244.925800
1791425244.975005 1067 20000 1791425244.974999
1791425245.016988 769 20000 1791425245.016983
1791425245.074135 523 20000 1791425245.074130
1791425245.128316 -8 20000 1791425245.128311
1791425245.181112 706 20000 1791425245.181106
1791425245.235358 777 20000 1791425245.235353
1791425245.282825 866 20000 1791425245.282821
1791425245.423362 718 20000 1791425245.423358
1791425245.481365 972 20000 1791425245.481359
1791425245.535778 891 20000 1791425245.535774
1791425245.586449 356 20000 1791425245.586445
1791425245.640486 377 20000 1791425245.640482
1791425245.686646 615 20000 1791425245.686641
1791425245.738438 2116 20000 1791425245.738428
1791425245.792066 222 20000 1791425245.792061
1791425245.846516 241 20000 1791425245.846512
1791425245.909731 605 20000 1791425245.909726
1791425245.962244 626 20000 1791425245.962239
1791425246.010315 614 20000 1791425246.010310
1791425246.053778 515 20000 1791425246.053773
1791425246.111746 571 20000 1791425246.111742
1791425246.169604 640 20000 1791425246.169600
1791425246.222560 2003 20000 1791425246.222545
1791425246.272483 226 20000 1791425246.272479
1791425246.340003 1113 20000 1791425246.339996
1791425246.385486 215 20000 1791425246.385480
1791425246.464988 271 20000 1791425246.464981
1791425246.518688 40 20000 1791425246.518683
1791425246.571410 1152 20000 1791425246.571405
1791425246.629671 825 20000 1791425246.629666
1791425246.675664 912 20000 1791425246.675658
1791425246.858262 714 20000 1791425246.858258
1791425246.925696 271 20000 1791425246.925691
1791425246.983876 739 20000 1791425246.983872
1791425247.034423 551 20000 1791425247.034419
1791425247.090663 425 20000 1791425247.090658
1791425247.136586 312 20000 1791425247.136579
1791425247.179987 114 20000 1791425247.179981
1791425247.325242 21 20000 1791425247.325238
1791425247.383198 89 20000 1791425247.383194
1791425247.437595 950 20000 1791425247.437591
1791425247.488300 175 20000 1791425247.488295
1791425247.534339 362 20000 1791425247.534335
1791425247.696441 813 20000 1791425247.696436
1791425247.761476 271 20000 1791425247.761471
1791425247.885471 1388 20000 1791425247.885465
1791425247.934263 699 20000 1791425247.934257
1791425247.987188 874 20000 1791425247.987180
1791425248.032834 462 20000 1791425248.032828
1791425248.074741 612 20000 1791425248.074732
1791425248.151779 1120 20000 1791425248.151774
1791425248.211448 288 20000 1791425248.211444
1791425248.264644 1198 20000 1791425248.264635
1791425248.326362 1173 20000 1791425248.326357
1791425248.371899 462 20000 1791425248.371894
1791425248.414582 661 20000 1791425248.414576
1791425248.478152 819 20000 1791425248.478146
1791425248.534266 787 20000 1791425248.534261
1791425248.587301 697 20000 1791425248.587295
1791425248.641303 772 20000 1791425248.641297
1791425248.687536 262 20000 1791425248.687529
1791425248.730714 860 20000 1791425248.730710
1791425248.792645 618 20000 1791425248.792638
1791425248.848471 387 20000 1791425248.848467
1791425248.907184 796 20000 1791425248.907178
1791425248.975772 821 20000 1791425248.975767
1791425249.021047 262 20000 1791425249.021040
1791425249.064437 609 20000 1791425249.064432
1791425249.124033 817 20000 1791425249.124028
1791425249.309205 686 20000 1791425249.309200
1791425249.365698 645 20000 1791425249.365693
1791425249.417834 321 20000 1791425249.417830
1791425249.465922 1261 20000 1791425249.465918
1791425249.507611 459 20000 1791425249.507606
1791425249.565222 367 20000 1791425249.565215
1791425249.621560 1035 20000 1791425249.621556
1791425249.677756 794 20000 1791425249.677751
1791425249.730215 1020 20000 1791425249.730211
1791425249.777892 161 20000 1791425249.777888
1791425249.821438 309 20000 1791425249.821433
1791425249.881974 666 20000 1791425249.881965
1791425249.939970 1134 20000 1791425249.939964
1791425249.990608 1493 20000 1791425249.990601
1791425250.040818 519 20000 1791425250.040813
1791425250.088117 361 20000 1791425250.088112
1791425250.130044 9 20000 1791425250.130039
1791425250.191412 965 20000 1791425250.191407
1791425250.250329 1033 20000 1791425250.250323
1791425250.300084 243 20000 1791425250.300077
1791425250.354695 518 20000 1791425250.354690
1791425250.402711 810 20000 1791425250.402705
1791425250.448230 2606 20000 1791425250.448222
1791425250.501830 914 20000 1791425250.501825
1791425250.556036 433 20000 1791425250.556031
1791425250.606818 642 20000 1791425250.606814
1791425250.659411 517 20000 1791425250.659407
1791425250.715371 809 20000 1791425250.715365
1791425250.757290 356 20000 1791425250.757284
1791425250.821823 713 20000 1791425250.821814
1791425250.876652 832 20000 1791425250.876646
1791425250.927429 641 20000 1791425250.927421
1791425250.985449 417 20000 1791425250.985443
1791425251.031398 608 20000 1791425251.031392
1791425251.073663 156 20000 1791425251.073655
1791425251.135417 2610 20000 1791425251.135410
1791425251.186712 382 20000 1791425251.186707
1791425251.238744 491 20000 1791425251.238740
1791425251.293182 716 20000 1791425251.293175
1791425251.339363 707 20000 1791425251.339358
1791425251.386885 2753 20000 1791425251.386880
1791425251.440621 709 20000 1791425251.440616
1791425251.495701 781 20000 1791425251.495695
1791425251.545475 341 20000 1791425251.545471
1791425251.602134 1564 20000 1791425251.602130
1791425251.740799 307 20000 1791425251.740794
1791425251.784176 552 20000 1791425251.784172
1791425251.844076 1008 20000 1791425251.844071
1791425251.898112 780 20000 1791425251.898106
1791425251.948555 940 20000 1791425251.948549
1791425252.001563 1163 20000 1791425252.001557
1791425252.047680 806 20000 1791425252.047675
1791425252.092744 951 20000 1791425252.092738
1791425252.150439 757 20000 1791425252.150435
1791425252.206683 480 20000 1791425252.206679
1791425252.257161 689 20000 1791425252.257156
1791425252.309473 263 20000 1791425252.309466
1791425252.355339 156 20000 1791425252.355335
1791425252.397981 550 20000 1791425252.397976
1791425252.455323 706 20000 1791425252.455314
1791425252.510063 829 20000 1791425252.510057
1791425252.561767 1338 20000 1791425252.561761
1791425252.613475 1012 20000 1791425252.613465
1791425252.671024 256 20000 1791425252.671019
1791425252.715745 50 20000 1791425252.715741
1791425252.776668 755 20000 1791425252.776663
1791425252.835804 29 20000 1791425252.835799
1791425252.886426 288 20000 1791425252.886420
1791425252.941628 811 20000 1791425252.941618
1791425252.992795 406 20000 1791425252.992790
1791425253.035816 300 20000 1791425253.035811
1791425253.094014 654 20000 1791425253.094009
1791425253.148153 678 20000 1791425253.148147
1791425253.199139 1037 20000 1791425253.199134
1791425253.252276 461 20000 1791425253.252272
1791425253.305999 755 20000 1791425253.305994
1791425253.349774 999 20000 1791425253.349769
1791425253.412139 3301 20000 1791425253.412135
1791425253.463818 478 20000 1791425253.463814
1791425253.516154 586 20000 1791425253.516147
1791425253.570580 161 20000 1791425253.570575
1791425253.616635 305 20000 1791425253.616631
1791425253.660047 149 20000 1791425253.660043
1791425253.741587 800 20000 1791425253.741582
1791425253.797525 378 20000 1791425253.797521
1791425253.850166 436 20000 1791425253.850161
1791425253.904388 910 20000 1791425253.904381
1791425253.950905 305 20000 1791425253.950899
1791425253.993573 399 20000 1791425253.993569
1791425254.051680 699 20000 1791425254.051675
1791425254.109758 1027 20000 1791425254.109753
1791425254.160435 535 20000 1791425254.160428
1791425254.212469 460 20000 1791425254.212465
1791425254.273759 954 20000 1791425254.273754
1791425254.363057 648 20000 1791425254.363050
1791425254.425805 598 20000 1791425254.425801
1791425254.480204 526 20000 1791425254.480199
1791425254.530488 335 20000 1791425254.530481
1791425254.586699 410 20000 1791425254.586693
1791425254.634953 903 20000 1791425254.634948
1791425254.676929 547 20000 1791425254.676922
1791425254.736491 897 20000 1791425254.736485
1791425254.790727 -2 20000 1791425254.790721
1791425254.844322 884 20000 1791425254.844315
1791425254.899401 959 20000 1791425254.899394
1791425254.944014 103 20000 1791425254.944007
1791425254.987560 447 20000 1791425254.987556
1791425255.047831 1396 20000 1791425255.047824
1791425255.099673 148 20000 1791425255.099668
1791425255.151975 833 20000 1791425255.151969
1791425255.204692 558 20000 1791425255.204686
1791425255.256355 253 20000 1791425255.256350
1791425255.324661 447 20000 1791425255.324656
1791425255.383116 745 20000 1791425255.383112
1791425255.438752 547 20000 1791425255.438747
1791425255.489045 682 20000 1791425255.489040
1791425255.541625 408 20000 1791425255.541618
1791425255.587314 353 20000 1791425255.587309
1791425255.629322 97 20000 1791425255.629318
1791425255.687625 345 20000 1791425255.687619
1791425255.743350 846 20000 1791425255.743346
1791425255.797608 781 20000 1791425255.797603
1791425255.850205 957 20000 1791425255.850201
1791425255.896021 652 20000 1791425255.896016
1791425255.938134 796 20000 1791425255.938129
1791425255.995740 894 20000 1791425255.995735
1791425256.047923 -5 20000 1791425256.047918
1791425256.100217 231 20000 1791425256.100212
1791425256.153165 357 20000 1791425256.153160
1791425256.200717 1101 20000 1791425256.200712
1791425256.242535 246 20000 1791425256.242529
1791425256.340802 1143 20000 1791425256.340798
1791425256.393494 395 20000 1791425256.393490
1791425256.443680 231 20000 1791425256.443658
1791425256.496928 656 20000 1791425256.496921
1791425256.542444 650 20000 1791425256.542440
1791425256.583919 496 20000 1791425256.583911
1791425256.641669 542 20000 1791425256.641664
1791425256.699567 994 20000 1791425256.699562
1791425256.749737 331 20000 1791425256.749731
1791425256.806803 356 20000 1791425256.806797
1791425256.867983 300 20000 1791425256.867977
1791425256.913693 745 20000 1791425256.913687
1791425256.970903 691 20000 1791425256.970898
1791425257.027359 394 20000 1791425257.027352
1791425257.079951 830 20000 1791425257.079945
1791425257.134111 955 20000 1791425257.134105
1791425257.180248 549 20000 1791425257.180243
1791425257.222271 145 20000 1791425257.222265
1791425257.281807 840 20000 1791425257.281694
1791425257.334131 244 20000 1791425257.334126
1791425257.389957 1129 20000 1791425257.389951
1791425257.442061 854 20000 1791425257.442055
1791425257.488368 798 20000 1791425257.488362
1791425257.630486 48397 20000 1791425257.630480
1791425257.648421 27862 20000 1791425257.648415
1791425257.656283 2492 20000 1791425257.656045
1791425257.807592 52826 20000 1791425257.807576
1791425257.887558 37560 19800 1791425257.887553
1791425257.887573 60793 19800 1791425257.887568
1791425257.887590 16331 19800 1791425257.887584
1791425257.953227 23988 19800 1791425257.953221
1791425258.084036 61780 19800 1791425258.084031
1791425258.121050 4705 19800 1791425258.121044
1791425258.121069 53772 19800 1791425258.121063
1791425258.121108 27515 19800 1791425258.121102
1791425258.275520 61320 18296 1791425258.275514
1791425258.299390 43744 18296 1791425258.299385
1791425258.303698 14965 18296 1791425258.303694
1791425258.426018 48723 18296 1791425258.426011
1791425258.453327 13392 18296 1791425258.453322
1791425258.456057 37727 18296 1791425258.456053
1791425258.470145 220 18296 1791425258.470140
1791425258.627593 48196 18113 1791425258.627589
1791425258.655878 34431 18113 1791425258.655873
1791425258.655892 9214 18113 1791425258.655887
1791425258.691323 676 18113 1791425258.691319
1791425258.831856 47994 18113 1791425258.831851
1791425258.849926 33836 18113 1791425258.849922
1791425258.857753 8138 18113 1791425258.857747
1791425258.902054 530 18113 1791425258.902050
1791425259.062547 3890 18113 1791425259.062543
1791425259.064901 56657 17932 1791425259.064895
1791425259.067658 29596 17932 1791425259.067653
1791425259.097786 535 17932 1791425259.097779
1791425259.270617 29201 17932 1791425259.270610
1791425259.270640 3254 17932 1791425259.270635
1791425259.275870 60627 17932 1791425259.275864
1791425259.434550 58138 17932 1791425259.434544
1791425259.451253 21613 17932 1791425259.451248
1791425259.460154 47443 16886 1791425259.460149
1791425259.466314 -2 16886 1791425259.466306
1791425259.524721 750 16886 1791425259.524716
1791425259.677315 1442 16886 1791425259.677310
1791425259.679391 52102 16886 1791425259.679387
1791425259.681508 26811 16886 1791425259.681489
1791425259.717145 213 16886 1791425259.717140
1791425259.881290 31467 16886 1791425259.881285
1791425259.885439 799 16886 1791425259.885434
1791425259.935753 302 16886 1791425259.935749
1791425260.078248 1162 16886 1791425260.078244
1791425260.088358 27165 16886 1791425260.088353
1791425260.103872 58053 16886 1791425260.103866
1791425260.135841 816 16886 1791425260.135835
1791425260.317477 64135 16886 1791425260.317468
1791425260.317745 35566 16657 1791425260.317738
1791425260.317770 8544 16657 1791425260.317762
1791425260.347503 265 16657 1791425260.347497
1791425260.389974 711 16657 1791425260.389969
1791425260.449710 466 16657 1791425260.449705
1791425260.504097 584 16657 1791425260.504093
1791425260.553423 -8 16657 1791425260.553416
1791425260.608219 943 16657 1791425260.608214
1791425260.652997 15 16657 1791425260.652992
1791425260.698123 510 16657 1791425260.698118
1791425260.760243 366 16657 1791425260.760238
1791425260.820293 833 16657 1791425260.820289
1791425260.879337 242 16657 1791425260.879332
1791425260.932196 493 16657 1791425260.932191
1791425260.979905 1114 16657 1791425260.979901
1791425261.022135 110 16657 1791425261.022130
1791425261.079948 366 16657 1791425261.079943
1791425261.137328 782 16657 1791425261.137324
1791425261.186798 192 16657 1791425261.186791
1791425261.240406 343 16657 1791425261.240402
1791425261.290633 863 16657 1791425261.290625
1791425261.332774 909 16824 1791425261.332770
1791425261.400377 915 16824 1791425261.400372
1791425261.470115 432 16824 1791425261.470111
1791425261.527755 342 16824 1791425261.527751
1791425261.580720 343 16824 1791425261.580716
1791425261.626725 363 16824 1791425261.626718
1791425261.672060 109 16824 1791425261.672055
1791425261.731465 465 16824 1791425261.731460
1791425261.825390 382 16824 1791425261.825384
1791425261.879176 142 16824 1791425261.879171
1791425261.957285 143 16824 1791425261.957277
1791425262.010983 812 16824 1791425262.010977
1791425262.054528 359 16824 1791425262.054524
1791425262.111795 165 16824 1791425262.111791
1791425262.166779 -7 16824 1791425262.166775
1791425262.217273 292 16824 1791425262.217266
1791425262.271376 542 16824 1791425262.271370
1791425262.318824 611 16824 1791425262.318819
1791425262.362738 558 16992 1791425262.362734
1791425262.420321 365 16992 1791425262.420316
1791425262.478590 393 16992 1791425262.478586
1791425262.530586 741 16992 1791425262.530578
1791425262.583179 342 16992 1791425262.583174
1791425262.633094 211 16992 1791425262.633089
1791425262.676657 557 16992 1791425262.676650
1791425262.752168 514 16992 1791425262.752163
1791425262.808389 642 16992 1791425262.808383
1791425262.867190 840 16992 1791425262.867184
1791425262.919482 142 16992 1791425262.919474
1791425262.966975 810 16992 1791425262.966970
1791425263.008948 656 16992 1791425263.008916
1791425263.066583 713 16992 1791425263.066576
1791425263.121094 941 16992 1791425263.121089
1791425263.171460 989 16992 1791425263.171456
1791425263.223659 42 16992 1791425263.223653
1791425263.271167 360 16992 1791425263.271162
1791425263.314884 555 16992 1791425263.314880
1791425263.373125 313 17162 1791425263.373121
1791425263.427076 191 17162 1791425263.427072
1791425263.479939 489 17162 1791425263.479934
1791425263.534807 392 17162 1791425263.534801
1791425263.582334 909 17162 1791425263.582327
1791425263.624826 504 17162 1791425263.624819
1791425263.681236 -4 17162 1791425263.681231
1791425263.738536 790 17162 1791425263.738530
1791425263.794860 -1 17162 1791425263.794853
1791425263.908958 192 17162 1791425263.908953
1791425263.956755 1258 17162 1791425263.956750
1791425264.000955 1453 17162 1791425264.000949
1791425264.058116 1095 17162 1791425264.058112
1791425264.117756 1389 17162 1791425264.117750
1791425264.168365 1448 17162 1791425264.168360
1791425264.219087 292 17162 1791425264.219083
1791425264.265068 108 17162 1791425264.265060
1791425264.316345 103 17162 1791425264.316339
1791425264.445568 -11 17334 1791425264.445564
1791425264.501879 1038 17334 1791425264.501875
1791425264.558632 198 17334 1791425264.558628
1791425264.612815 541 17334 1791425264.612811
1791425264.660587 108 17334 1791425264.660580
1791425264.703717 -30 17334 1791425264.703712
1791425264.767743 2886 17334 1791425264.767737
1791425264.822179 687 17334 1791425264.822175
1791425264.875160 997 17334 1791425264.875155
1791425264.928860 391 17334 1791425264.928855
1791425264.975199 258 17334 1791425264.975193
1791425265.020528 320 17334 1791425265.020523
1791425265.080210 585 17334 1791425265.080202
1791425265.136961 487 17334 1791425265.136955
1791425265.186925 297 17334 1791425265.186918
1791425265.239356 291 17334 1791425265.239350
1791425265.287359 607 17334 1791425265.287353
1791425265.340365 1169 17334 1791425265.340360
1791425265.400106 1484 17334 1791425265.400099
1791425265.452565 536 17507 1791425265.452559
1791425265.503760 197 17507 1791425265.503756
1791425265.563318 -21 17507 1791425265.563310
1791425265.609245 107 17507 1791425265.609240
1791425265.653619 1118 17507 1791425265.653612
1791425265.710276 234 17507 1791425265.710272
1791425265.765356 236 17507 1791425265.765350
1791425265.816851 497 17507 1791425265.816847
1791425265.868391 479 17507 1791425265.868387
1791425265.915408 706 17507 1791425265.915404
1791425265.957267 967 17507 1791425265.957263
1791425266.014779 434 17507 1791425266.014775
1791425266.069527 486 17507 1791425266.069521
1791425266.123725 546 17507 1791425266.123720
1791425266.176704 928 17507 1791425266.176695
1791425266.222129 855 17507 1791425266.222124
1791425266.261714 117 17507 1791425266.261710
1791425266.321932 633 17507 1791425266.321927
1791425266.375617 436 17507 1791425266.375612
1791425266.426661 46 17507 1791425266.426654
1791425266.482647 1177 17682 1791425266.482639
1791425266.527003 305 17682 1791425266.526997
1791425266.570264 1565 17682 1791425266.570259
1791425266.628237 1032 17682 1791425266.628232
1791425266.681212 136 17682 1791425266.681207
1791425266.735845 1045 17682 1791425266.735840
1791425266.786839 277 17682 1791425266.786834
1791425266.837240 604 17682 1791425266.837235
1791425266.910999 964 17682 1791425266.910993
1791425266.974057 1481 17682 1791425266.974052
1791425267.028577 386 17682 1791425267.028572
1791425267.080935 544 17682 1791425267.080930
1791425267.133463 377 17682 1791425267.133457
1791425267.181289 254 17682 1791425267.181283
1791425267.228092 2012 17682 1791425267.228087
1791425267.317550 780 17682 1791425267.317544
1791425267.379924 1035 17682 1791425267.379920
1791425267.428859 444 17682 1791425267.428854
1791425267.485088 227 17859 1791425267.485083
1791425267.536941 1003 17859 1791425267.536933
1791425267.577664 611 17859 1791425267.577659
1791425267.637225 30 17859 1791425267.637220
1791425267.691992 35 17859 1791425267.691986
1791425267.746839 444 17859 1791425267.746834
1791425267.798631 277 17859 1791425267.798627
1791425267.845253 253 17859 1791425267.845247
1791425267.897345 760 17859 1791425267.897332
1791425267.960351 979 17859 1791425267.960344
1791425268.015789 285 17859 1791425268.015777
1791425268.068977 943 17859 1791425268.068970
1791425268.120222 427 17859 1791425268.120215
1791425268.167955 752 17859 1791425268.167948
1791425268.212704 709 17859 1791425268.212700
1791425268.270469 79 17859 1791425268.270461
1791425268.330634 -7 17859 1791425268.330629
1791425268.381009 -1 17859 1791425268.381005
1791425268.437335 776 17859 1791425268.437328
1791425268.491690 851 18038 1791425268.491681
1791425268.536955 608 18038 1791425268.536947
1791425268.594779 678 18038 1791425268.594769
1791425268.651198 -1 18038 1791425268.651191
1791425268.703876 199 18038 1791425268.703871
1791425268.756153 176 18038 1791425268.756146
1791425268.801939 101 18038 1791425268.801932
1791425268.847117 108 18038 1791425268.847112
1791425268.909280 78 18038 1791425268.909274
1791425268.967267 499 18038 1791425268.967261
1791425269.017516 -25 18038 1791425269.017512
1791425269.073370 326 18038 1791425269.073366
1791425269.120325 301 18038 1791425269.120319
1791425269.163111 557 18038 1791425269.163106
1791425269.221393 328 18038 1791425269.221389
1791425269.276073 149 18038 1791425269.276067
1791425269.327534 624 18038 1791425269.327525
1791425269.385775 76 18038 1791425269.385770
1791425269.450877 251 18038 1791425269.450872
1791425269.500408 307 18218 1791425269.500404
1791425269.565228 727 18218 1791425269.565219
1791425269.618644 399 18218 1791425269.618635
1791425269.669177 474 18218 1791425269.669170
1791425269.721426 326 18218 1791425269.721422
1791425269.775293 700 18218 1791425269.775288
1791425269.818480 457 18218 1791425269.818476
1791425269.884224 1126 18218 1791425269.884219
1791425269.940262 548 18218 1791425269.940256
1791425269.991306 873 18218 1791425269.991298
1791425270.048382 675 18218 1791425270.048376
1791425270.093303 450 18218 1791425270.093296
1791425270.146634 1356 18218 1791425270.146625
1791425270.204697 1125 18218 1791425270.204691
1791425270.258914 1047 18218 1791425270.258908
1791425270.314957 173 18218 1791425270.314951
1791425270.371180 425 18218 1791425270.371176
1791425270.418988 250 18218 1791425270.418983
1791425270.462632 256 18218 1791425270.462628
1791425270.522423 125 18400 1791425270.522419
1791425270.578882 297 18400 1791425270.578877
1791425270.629139 323 18400 1791425270.629133
1791425270.710268 275 18400 1791425270.710264
1791425270.767434 1598 18400 1791425270.767416
1791425270.808082 1305 18400 1791425270.808077
1791425270.866278 325 18400 1791425270.866273
1791425270.922566 147 18400 1791425270.922561
1791425270.982837 1322 18400 1791425270.982830
1791425271.042489 1124 18400 1791425271.042475
1791425271.088319 947 18400 1791425271.088311
1791425271.131928 1204 18400 1791425271.131920
1791425271.192223 475 18400 1791425271.192214
1791425271.245671 97 18400 1791425271.245667
1791425271.296021 222 18400 1791425271.296016
1791425271.348562 274 18400 1791425271.348556
1791425271.396308 746 18400 1791425271.396303
1791425271.443705 753 18400 1791425271.443701
1791425271.529950 1174 18584 1791425271.529945
1791425271.586806 397 18584 1791425271.586799
1791425271.639430 172 18584 1791425271.639426
1791425271.720797 1023 18584 1791425271.720793
1791425271.765159 96 18584 1791425271.765152
1791425271.808312 752 18584 1791425271.808307
1791425271.911694 723 18584 1791425271.911688
1791425271.970702 1246 18584 1791425271.970694
1791425272.020005 571 18584 1791425272.019994
1791425272.074568 672 18584 1791425272.074560
1791425272.120103 496 18584 1791425272.120095
1791425272.163843 551 18584 1791425272.163830
1791425272.223459 672 18584 1791425272.223451
1791425272.278322 895 18584 1791425272.278312
1791425272.330234 870 18584 1791425272.330226
1791425272.390766 1271 18584 1791425272.390759
1791425272.435715 446 18584 1791425272.435710
1791425272.510521 401 18584 1791425272.510487
1791425272.586118 272 18770 1791425272.586112
1791425272.647513 544 18770 1791425272.647508
1791425272.724321 270 18770 1791425272.724316
1791425272.786002 720 18770 1791425272.785996
1791425272.832258 296 18770 1791425272.832252
1791425272.875299 1150 18770 1791425272.875289
1791425272.934079 1121 18770 1791425272.934071
1791425272.987545 743 18770 1791425272.987539
1791425273.040982 1369 18770 1791425273.040976
1791425273.092540 470 18770 1791425273.092534
1791425273.148891 545 18770 1791425273.148885
1791425273.207348 749 18770 1791425273.207340
1791425273.270400 471 18770 1791425273.270390
1791425273.324341 193 18770 1791425273.324334
1791425273.376740 768 18770 1791425273.376732
1791425273.428767 270 18770 1791425273.428762
1791425273.474718 195 18770 1791425273.474714
1791425273.516283 149 18770 1791425273.516279
1791425273.579695 820 18770 1791425273.579688
1791425273.640011 493 18958 1791425273.640005
1791425273.690663 218 18958 1791425273.690658
1791425273.744643 170 18958 1791425273.744639
1791425273.810446 495 18958 1791425273.810442
1791425273.851509 399 18958 1791425273.851505
1791425273.913353 519 18958 1791425273.913348
1791425273.967889 542 18958 1791425273.967885
1791425274.019879 18 18958 1791425274.019872
1791425274.073023 270 18958 1791425274.073019
1791425274.120265 794 18958 1791425274.120261
1791425274.170064 548 18958 1791425274.170058
1791425274.256678 518 18958 1791425274.256672
1791425274.321592 492 18958 1791425274.321586
1791425274.378661 517 18958 1791425274.378656
1791425274.431262 320 18958 1791425274.431257
1791425274.481105 94 18958 1791425274.481101
1791425274.524479 697 18958 1791425274.524475
1791425274.609307 318 18958 1791425274.609303
1791425274.672122 591 19147 1791425274.672118
1791425274.728003 417 19147 1791425274.727998
1791425274.786273 470 19147 1791425274.786269
1791425274.834010 294 19147 1791425274.834006
1791425274.875606 197 19147 1791425274.875600
1791425274.933784 268 19147 1791425274.933780
1791425274.988423 540 19147 1791425274.988417
1791425275.079124 616 19147 1791425275.079117
1791425275.131600 619 19147 1791425275.131594
1791425275.178811 394 19147 1791425275.178806
1791425275.227785 3194 19147 1791425275.227781
1791425275.284766 1017 19147 1791425275.284757
1791425275.343147 1588 19147 1791425275.343132
1791425275.393178 965 19147 1791425275.393174
1791425275.445516 419 19147 1791425275.445512
1791425275.519902 893 19147 1791425275.519896
1791425275.567012 1043 19147 1791425275.567006
1791425275.625855 566 19147 1791425275.625849
1791425275.684172 38 19339 1791425275.684167
1791425275.736313 814 19339 1791425275.736309
1791425275.798284 568 19339 1791425275.798280
1791425275.850231 792 19339 1791425275.850224
1791425275.893830 592 19339 1791425275.893824
1791425275.954187 1065 19339 1791425275.954178
1791425276.007916 587 19339 1791425276.007910
1791425276.080964 1113 19339 1791425276.080958
1791425276.137209 667 19339 1791425276.137204
1791425276.188798 541 19339 1791425276.188794
1791425276.304823 791 19339 1791425276.304818
1791425276.368719 614 19339 1791425276.368714
1791425276.432176 786 19339 1791425276.432172
1791425276.492354 163 19339 1791425276.492348
1791425276.546941 766 19339 1791425276.546937
1791425276.597355 2888 19339 1791425276.597350
1791425276.633586 241 19339 1791425276.633581
1791425276.693913 813 19532 1791425276.693897
1791425276.763616 535 19532 1791425276.763611
1791425276.816882 363 19532 1791425276.816877
1791425276.876798 965 19532 1791425276.876792
1791425276.924238 338 19532 1791425276.924233
1791425276.971419 540 19532 1791425276.971414
1791425277.029903 512 19532 1791425277.029898
1791425277.085363 684 19532 1791425277.085359
1791425277.136127 562 19532 1791425277.136122
1791425277.190464 315 19532 1791425277.190459
1791425277.238757 388 19532 1791425277.238752
1791425277.299381 240 19532 1791425277.299373
1791425277.385991 811 19532 1791425277.385985
1791425277.475890 633 19532 1791425277.475886
1791425277.547930 462 19532 1791425277.547925
1791425277.600141 265 19532 1791425277.600137
1791425277.647206 837 19532 1791425277.647202
1791425277.688338 639 19532 1791425277.688331
1791425277.748174 760 19728 1791425277.748170
1791425277.819506 532 19728 1791425277.819500
1791425277.870288 961 19728 1791425277.870284
1791425277.927074 1014 19728 1791425277.927065
1791425277.974134 636 19728 1791425277.974129
1791425278.018113 988 19728 1791425278.018109
1791425278.077579 1059 19728 1791425278.077574
1791425278.131816 482 19728 1791425278.131811
1791425278.184323 1310 19728 1791425278.184318
1791425278.236802 913 19728 1791425278.236795
1791425278.282682 835 19728 1791425278.282677
1791425278.322628 138 19728 1791425278.322624
1791425278.382198 708 19728 1791425278.382194
1791425278.436480 731 19728 1791425278.436463
1791425278.486481 559 19728 1791425278.486477
1791425278.539779 562 19728 1791425278.539773
1791425278.591302 984 19728 1791425278.591296
1791425278.637189 887 19728 1791425278.637183
1791425278.694512 607 19728 1791425278.694506
1791425278.816741 381 19925 1791425278.816734
1791425278.903458 1058 19925 1791425278.903453
1791425278.959590 661 19925 1791425278.959585
1791425279.006049 883 19925 1791425279.006043
1791425279.049424 1186 19925 1791425279.049417
1791425279.106929 307 19925 1791425279.106922
1791425279.161614 431 19925 1791425279.161609
1791425279.213926 1457 19925 1791425279.213921
1791425279.266587 510 19925 1791425279.266582
1791425279.316358 982 19925 1791425279.316350
1791425279.357430 236 19925 1791425279.357426
1791425279.417130 157 19925 1791425279.417125
1791425279.473251 131 19925 1791425279.473247
1791425279.523928 307 19925 1791425279.523920
1791425279.578369 160 19925 1791425279.578362
1791425279.625869 432 19925 1791425279.625864
1791425279.671667 985 19925 1791425279.671662
1791425279.730820 257 19925 1791425279.730816
1791425279.823521 680 20000 1791425279.823516
1791425279.878384 556 20000 1791425279.878378
1791425279.930731 410 20000 1791425279.930723
1791425279.998134 282 20000 1791425279.998126
1791425280.050424 1484 20000 1791425280.050417
1791425280.108712 756 20000 1791425280.108706
1791425280.165525 1079 20000 1791425280.165518
1791425280.217708 456 20000 1791425280.217701
1791425280.271620 709 20000 1791425280.271613
1791425280.319676 631 20000 1791425280.319666
1791425280.363129 883 20000 1791425280.363122
1791425280.423752 855 20000 1791425280.423725
1791425280.477803 129 20000 1791425280.477798
1791425280.529869 256 20000 1791425280.529864
1791425280.584307 858 20000 1791425280.584303
1791425280.631765 331 20000 1791425280.631760
1791425280.675320 882 20000 1791425280.675314
1791425280.737233 704 20000 1791425280.737228
1791425280.823572 1028 20000 1791425280.823565
1791425280.884364 4052 20000 1791425280.884360
1791425280.931147 208 20000 1791425280.931143
1791425280.978847 481 20000 1791425280.978843
1791425281.022457 182 20000 1791425281.022453
1791425281.084143 1502 20000 1791425281.084125
1791425281.135023 128 20000 1791425281.135017
1791425281.187334 452 20000 1791425281.187323
1791425281.240217 458 20000 1791425281.240211
1791425281.289746 481 20000 1791425281.289742
1791425281.339776 332 20000 1791425281.339772
1791425281.402267 1201 20000 1791425281.402260
1791425281.457639 328 20000 1791425281.457632
1791425281.517085 601 20000 1791425281.517080
1791425281.589356 10298 20000 1791425281.589350
1791425281.617680 930 20000 1791425281.617676
1791425281.665239 1181 20000 1791425281.665233
1791425281.725581 1999 20000 1791425281.725576
1791425281.827424 1676 20000 1791425281.827418
1791425281.907253 750 20000 1791425281.907247
1791425281.959874 697 20000 1791425281.959869
1791425282.005732 330 20000 1791425282.005728
1791425282.047558 780 20000 1791425282.047553
1791425282.117004 698 20000 1791425282.116996
1791425282.171098 176 20000 1791425282.171091
1791425282.221536 499 20000 1791425282.221531
1791425282.274115 147 20000 1791425282.274110
1791425282.320279 -2 20000 1791425282.320274
1791425282.402143 330 20000 1791425282.402138
1791425282.459470 98 20000 1791425282.459466
1791425282.514248 376 20000 1791425282.514242
1791425282.566799 399 20000 1791425282.566795
1791425282.625241 247 20000 1791425282.625237
1791425282.672417 148 20000 1791425282.672413
1791425282.713835 -2 20000 1791425282.713829
1791425282.771953 48 20000 1791425282.771948
1791425282.828978 875 20000 1791425282.828974
1791425282.879205 748 20000 1791425282.879197
1791425282.931688 596 20000 1791425282.931682
1791425282.979262 747 20000 1791425282.979256
1791425283.022923 148 20000 1791425283.022917
1791425283.095063 747 20000 1791425283.095057
1791425283.148763 125 20000 1791425283.148757
1791425283.199076 248 20000 1791425283.199067
1791425283.255818 745 20000 1791425283.255809
1791425283.311413 1196 20000 1791425283.311406
1791425283.355354 597 20000 1791425283.355344
1791425283.420376 1096 20000 1791425283.420370
1791425283.480163 1074 20000 1791425283.480158
1791425283.530859 498 20000 1791425283.530855
1791425283.585061 345 20000 1791425283.585056
1791425283.630958 -5 20000 1791425283.630952
1791425283.674858 896 20000 1791425283.674854
1791425283.738200 446 20000 1791425283.738196
1791425283.796802 174 20000 1791425283.796797
1791425283.862432 498 20000 1791425283.862424
1791425283.919040 195 20000 1791425283.919035
1791425283.966740 145 20000 1791425283.966736
1791425284.010121 0 20000 1791425284.010116
1791425284.071859 496 20000 1791425284.071854
1791425284.125235 24 20000 1791425284.125231
1791425284.177323 1097 20000 1791425284.177318
1791425284.230023 894 20000 1791425284.230018
1791425284.277477 744 20000 1791425284.277473
1791425284.320561 400 20000 1791425284.320553
1791425284.411063 -5 20000 1791425284.411059
1791425284.505997 374 20000 1791425284.505992
1791425284.564280 746 20000 1791425284.564274
1791425284.617457 494 20000 1791425284.617451
1791425284.662827 294 20000 1791425284.662822
1791425284.704015 50 20000 1791425284.704010
1791425284.762784 594 20000 1791425284.762779
1791425284.817410 673 20000 1791425284.817402
1791425284.867509 396 20000 1791425284.867501
1791425284.923651 893 20000 1791425284.923641
1791425284.975557 444 20000 1791425284.975550
1791425285.024477 499 20000 1791425285.024470
1791425285.084573 993 20000 1791425285.084566
1791425285.138908 672 20000 1791425285.138900
1791425285.189180 845 20000 1791425285.189174
1791425285.242255 443 20000 1791425285.242249
1791425285.288466 344 20000 1791425285.288460
1791425285.335010 199 20000 1791425285.335004
1791425285.398226 942 20000 1791425285.398222
1791425285.510504 621 20000 1791425285.510496
1791425285.564695 295 20000 1791425285.564690
1791425285.647105 343 20000 1791425285.647093
1791425285.692591 94 20000 1791425285.692581
1791425285.738622 1248 20000 1791425285.738611
1791425285.795858 591 20000 1791425285.795852
1791425285.858241 820 20000 1791425285.858233
1791425285.914633 345 20000 1791425285.914628
1791425285.971363 892 20000 1791425285.971357
1791425286.018627 793 20000 1791425286.018618
1791425286.062242 1047 20000 1791425286.062237
1791425286.119343 341 20000 1791425286.119339
1791425286.179515 1568 20000 1791425286.179511
1791425286.228424 295 20000 1791425286.228420
1791425286.314430 791 20000 1791425286.314425
1791425286.400669 642 20000 1791425286.400665
1791425286.475260 1046 20000 1791425286.475254
1791425286.536615 1090 20000 1791425286.536610
1791425286.589129 168 20000 1791425286.589124
1791425286.641778 195 20000 1791425286.641772
1791425286.696108 890 20000 1791425286.696103
1791425286.745307 841 20000 1791425286.745302
1791425286.785395 246 20000 1791425286.785390
1791425286.854903 789 20000 1791425286.854895
1791425286.915542 717 20000 1791425286.915533
1791425286.966026 844 20000 1791425286.966018
1791425287.021662 989 20000 1791425287.021655
1791425287.067417 640 20000 1791425287.067412
1791425287.109258 945 20000 1791425287.109253
1791425287.171051 688 20000 1791425287.171046
1791425287.225027 167 20000 1791425287.225021
1791425287.277565 444 20000 1791425287.277558
1791425287.331603 538 20000 1791425287.331599
1791425287.384755 390 20000 1791425287.384747
1791425287.434761 944 20000 1791425287.434750
1791425287.492883 787 20000 1791425287.492879
1791425287.552688 117 20000 1791425287.552684
1791425287.606032 643 20000 1791425287.606028
1791425287.665577 887 20000 1791425287.665573
1791425287.710806 -1 20000 1791425287.710801
1791425287.757296 1293 20000 1791425287.757290
1791425287.814289 287 20000 1791425287.814285
1791425287.870483 17 20000 1791425287.870479
1791425287.925179 -1 20000 1791425287.925174
1791425287.979273 387 20000 1791425287.979269
1791425288.027510 449 20000 1791425288.027505
1791425288.076713 792 20000 1791425288.076708
1791425288.137261 586 20000 1791425288.137254
1791425288.191402 616 20000 1791425288.191389
1791425288.245657 149 20000 1791425288.245647
1791425288.300468 786 20000 1791425288.300459
1791425288.345768 199 20000 1791425288.345762
1791425288.389134 192 20000 1791425288.389128
1791425288.449866 486 20000 1791425288.449838
1791425288.508857 565 20000 1791425288.508853
1791425288.561016 798 20000 1791425288.561011
1791425288.613674 286 20000 1791425288.613666
1791425288.663551 798 20000 1791425288.663545
1791425288.705109 941 20000 1791425288.705099
1791425288.762807 635 20000 1791425288.762803
1791425288.821018 564 20000 1791425288.821010
1791425288.871559 498 20000 1791425288.871554
1791425288.924044 -1 20000 1791425288.924040
1791425288.979928 797 20000 1791425288.979922
1791425289.021551 391 20000 1791425289.021544
1791425289.078996 285 20000 1791425289.078992
1791425289.133360 -4 20000 1791425289.133356
1791425289.188264 448 20000 1791425289.188259
1791425289.250011 648 20000 1791425289.250006
1791425289.295940 596 20000 1791425289.295673
1791425289.339942 241 20000 1791425289.339935
1791425289.402921 235 20000 1791425289.402916
1791425289.457356 246 20000 1791425289.457350
1791425289.519497 897 20000 1791425289.519492
1791425289.571819 547 20000 1791425289.571810
1791425289.623748 196 20000 1791425289.623743
1791425289.678399 3488 20000 1791425289.678395
1791425289.731164 784 20000 1791425289.731158
1791425289.786703 96 20000 1791425289.786697
1791425289.837262 297 20000 1791425289.837258
1791425289.889735 197 20000 1791425289.889730
1791425289.937552 146 20000 1791425289.937547
1791425289.981576 537 20000 1791425289.981571
1791425290.048940 84 20000 1791425290.048935
1791425290.103147 96 20000 1791425290.103142
1791425290.153289 97 20000 1791425290.153285
1791425290.207858 746 20000 1791425290.207853
1791425290.257318 595 20000 1791425290.257314
1791425290.297882 636 20000 1791425290.297877
1791425290.356065 833 20000 1791425290.356061
1791425290.416205 -10 20000 1791425290.416200
1791425290.472987 197 20000 1791425290.472981
1791425290.527639 446 20000 1791425290.527634
1791425290.579442 794 20000 1791425290.579437
1791425290.621532 1135 20000 1791425290.621525
1791425290.686017 2431 20000 1791425290.686012
1791425290.737441 989 20000 1791425290.737436
1791425290.787515 596 20000 1791425290.787511
1791425290.839855 545 20000 1791425290.839850
1791425290.887785 494 20000 1791425290.887779
1791425290.935219 684 20000 1791425290.935212
1791425290.995351 1679 20000 1791425290.995343
1791425291.047343 389 20000 1791425291.047339
1791425291.129190 645 20000 1791425291.129186
1791425291.189198 245 20000 1791425291.189193
1791425291.244730 543 20000 1791425291.244725
1791425291.286341 234 20000 1791425291.286333
1791425291.350185 878 20000 1791425291.350179
1791425291.404339 239 20000 1791425291.404335
1791425291.462525 644 20000 1791425291.462521
1791425291.514824 195 20000 1791425291.514820
1791425291.607532 892 20000 1791425291.607528
1791425291.675028 733 20000 1791425291.675020
1791425291.737326 1227 20000 1791425291.737315
1791425291.818311 588 20000 1791425291.818306
1791425291.876229 643 20000 1791425291.876224
1791425291.928306 345 20000 1791425291.928302
1791425291.974868 591 20000 1791425291.974863
1791425292.023231 2481 20000 1791425292.023225
1791425292.081742 1076 20000 1791425292.081737
1791425292.139806 987 20000 1791425292.139800
1791425292.190221 842 20000 1791425292.190215
1791425292.241624 145 20000 1791425292.241618
1791425292.290471 441 20000 1791425292.290465
1791425292.332696 680 20000 1791425292.332687
1791425292.393288 76 20000 1791425292.393280
1791425292.447660 237 20000 1791425292.447652
1791425292.505827 192 20000 1791425292.505823
1791425292.562766 1144 20000 1791425292.562761
1791425292.642197 341 20000 1791425292.642191
1791425292.721082 2777 20000 1791425292.721076
1791425292.783527 276 20000 1791425292.783519
1791425292.841461 337 20000 1791425292.841456
1791425292.893231 791 20000 1791425292.893225
1791425292.950325 1243 20000 1791425292.950320
1791425292.995440 740 20000 1791425292.995434
1791425293.053274 1476 20000 1791425293.053268
1791425293.110791 525 20000 1791425293.110786
1791425293.167199 387 20000 1791425293.167193
1791425293.219300 241 20000 1791425293.219294
1791425293.275647 842 20000 1791425293.275642
1791425293.323316 689 20000 1791425293.323310
1791425293.376725 326 20000 1791425293.376720
1791425293.436421 674 20000 1791425293.436416
1791425293.496250 437 20000 1791425293.496244
1791425293.554869 590 20000 1791425293.554864
1791425293.620635 741 20000 1791425293.620628
1791425293.688904 888 20000 1791425293.688898
1791425293.773987 825 20000 1791425293.773983
1791425293.831888 673 20000 1791425293.831883
1791425293.890016 686 20000 1791425293.890009
1791425293.943147 989 20000 1791425293.943142
1791425293.997100 690 20000 1791425293.997095
1791425294.044221 188 20000 1791425294.044216
1791425294.090074 924 20000 1791425294.090068
1791425294.147708 872 20000 1791425294.147703
1791425294.200979 486 20000 1791425294.200974
1791425294.257552 439 20000 1791425294.257547
1791425294.312659 539 20000 1791425294.312653
1791425294.360438 288 20000 1791425294.360433
1791425294.403853 274 20000 1791425294.403847
1791425294.461776 222 20000 1791425294.461772
1791425294.516446 436 20000 1791425294.516441
1791425294.626924 688 20000 1791425294.626916
1791425294.711830 1338 20000 1791425294.711816
1791425294.757648 1287 20000 1791425294.757634
1791425294.799872 1073 20000 1791425294.799858
1791425294.899374 1021 20000 1791425294.899357
1791425294.958515 1085 20000 1791425294.958509
1791425295.007825 587 20000 1791425295.007818
1791425295.068455 1237 20000 1791425295.068448
1791425295.113841 437 20000 1791425295.113835
1791425295.157512 1272 20000 1791425295.157505
1791425295.221349 1020 20000 1791425295.221343
1791425295.284868 934 20000 1791425295.284862
1791425295.356903 936 20000 1791425295.356889
1791425295.409091 786 20000 1791425295.409079
1791425295.454445 287 20000 1791425295.454440
1791425295.496496 771 20000 1791425295.496492
1791425295.560227 120 20000 1791425295.560222
1791425295.620266 184 20000 1791425295.620261
1791425295.673075 835 20000 1791425295.673071
1791425295.725987 535 20000 1791425295.725983
1791425295.804639 736 20000 1791425295.804632
1791425295.851166 1270 20000 1791425295.851158
1791425295.917424 1019 20000 1791425295.917418
1791425295.973294 1033 20000 1791425295.973288
1791425296.026033 1184 20000 1791425296.026027
1791425296.117262 335 20000 1791425296.117258
1791425296.166637 486 20000 1791425296.166633
1791425296.210247 1119 20000 1791425296.210240
1791425296.268118 768 20000 1791425296.268112
1791425296.326724 383 20000 1791425296.326720
1791425296.407773 583 20000 1791425296.407768
1791425296.466943 784 20000 1791425296.466937
1791425296.513773 1035 20000 1791425296.513769
1791425296.555496 1018 20000 1791425296.555491
1791425296.612101 368 20000 1791425296.612097
1791425296.667828 1032 20000 1791425296.667822
1791425296.734135 2481 20000 1791425296.734129
1791425296.813577 633 20000 1791425296.813573
1791425296.870514 1234 20000 1791425296.870499
1791425296.914888 1716 20000 1791425296.914874
1791425296.973307 1367 20000 1791425296.973296
1791425297.028226 1131 20000 1791425297.028209
1791425297.078891 1280 20000 1791425297.078882
1791425297.132108 982 20000 1791425297.132099
1791425297.182064 683 20000 1791425297.182056
1791425297.226328 865 20000 1791425297.226316
1791425297.282765 467 20000 1791425297.282759
1791425297.341117 431 20000 1791425297.341113
1791425297.395169 879 20000 1791425297.395163
1791425297.448837 731 20000 1791425297.448833
1791425297.494348 383 20000 1791425297.494343
1791425297.535313 265 20000 1791425297.535309
1791425297.596996 566 20000 1791425297.596992
1791425297.709043 1380 20000 1791425297.709026
1791425297.762821 878 20000 1791425297.762811
1791425297.818744 680 20000 1791425297.818737
1791425297.899470 682 20000 1791425297.899461
1791425297.953581 1364 20000 1791425297.953576
1791425298.009450 515 20000 1791425298.009444
1791425298.065937 1129 20000 1791425298.065929
1791425298.114696 178 20000 1791425298.114691
1791425298.215274 929 20000 1791425298.215265
1791425298.265549 232 20000 1791425298.265540
1791425298.308173 713 20000 1791425298.308164
1791425298.365932 514 20000 1791425298.365923
1791425298.422246 1078 20000 1791425298.422235
1791425298.473273 577 20000 1791425298.473265
1791425298.526995 1178 20000 1791425298.526986
1791425298.574400 1031 20000 1791425298.574396
1791425298.615763 762 20000 1791425298.615759
1791425298.697743 464 20000 1791425298.697739
1791425298.811320 428 20000 1791425298.811315
1791425298.890564 976 20000 1791425298.890560
1791425298.943691 627 20000 1791425298.943686
1791425298.989359 530 20000 1791425298.989354
1791425299.031446 711 20000 1791425299.031438
1791425299.092953 813 20000 1791425299.092948
1791425299.174160 677 20000 1791425299.174156
1791425299.224767 875 20000 1791425299.224763
1791425299.291213 676 20000 1791425299.291208
1791425299.351327 829 20000 1791425299.351321
1791425299.393589 710 20000 1791425299.393583
1791425299.454090 1062 20000 1791425299.454055
1791425299.509152 976 20000 1791425299.509142
1791425299.560937 1374 20000 1791425299.560928
1791425299.613106 426 20000 1791425299.613102
1791425299.661472 678 20000 1791425299.661467
1791425299.717330 859 20000 1791425299.717320
1791425299.926433 1361 20000 1791425299.926421
1791425299.979974 825 20000 1791425299.979965
1791425300.034318 1223 20000 1791425300.034311
1791425300.085494 426 20000 1791425300.085487
1791425300.132711 577 20000 1791425300.132705
1791425300.199300 808 20000 1791425300.199294
1791425300.291267 1110 20000 1791425300.291262
1791425300.372749 1474 20000 1791425300.372741
1791425300.431176 1122 20000 1791425300.431165
1791425300.486165 975 20000 1791425300.486157
1791425300.532007 676 20000 1791425300.532003
1791425300.575042 1506 20000 1791425300.575036
1791425300.633318 360 20000 1791425300.633313
1791425300.690122 573 20000 1791425300.690117
1791425300.745183 2320 20000 1791425300.745173
1791425300.815769 1174 20000 1791425300.815757
1791425300.874075 1175 20000 1791425300.874063
1791425300.915335 805 20000 1791425300.915324
1791425300.982193 809 20000 1791425300.982186
1791425301.036703 822 20000 1791425301.036697
1791425301.087355 320 20000 1791425301.087347
1791425301.139664 124 20000 1791425301.139659
1791425301.187744 774 20000 1791425301.187739
1791425301.296709 604 20000 1791425301.296704
1791425301.362184 209 20000 1791425301.362180
1791425301.418809 422 20000 1791425301.418802
1791425301.472823 220 20000 1791425301.472819
1791425301.525726 224 20000 1791425301.525718
1791425301.575148 374 20000 1791425301.575143
1791425301.617273 503 20000 1791425301.617268
1791425301.715784 1008 20000 1791425301.715778
1791425301.774042 1720 20000 1791425301.774038
1791425301.828014 669 20000 1791425301.828010
1791425301.888233 174 20000 1791425301.888229
1791425301.936594 873 20000 1791425301.936588
1791425301.996035 1452 20000 1791425301.996030
1791425302.053271 807 20000 1791425302.053266
1791425302.109146 919 20000 1791425302.109142
1791425302.161650 768 20000 1791425302.161646
1791425302.214506 324 20000 1791425302.214501
1791425302.305417 373 20000 1791425302.305408
1791425302.351716 1401 20000 1791425302.351707
1791425302.408886 756 20000 1791425302.408873
1791425302.465134 918 20000 1791425302.465129
1791425302.515970 517 20000 1791425302.515965
1791425302.569165 723 20000 1791425302.569159
1791425302.618803 1422 20000 1791425302.618796
1791425302.695170 451 20000 1791425302.695165
1791425302.768654 406 20000 1791425302.768648
1791425302.823618 268 20000 1791425302.823612
1791425302.897540 716 20000 1791425302.897536
1791425302.956889 473 20000 1791425302.956881
1791425303.003146 172 20000 1791425303.003140
1791425303.047185 351 20000 1791425303.047177
1791425303.117902 1055 20000 1791425303.117895
1791425303.174922 517 20000 1791425303.174913
1791425303.251962 965 20000 1791425303.251957
1791425303.308460 473 20000 1791425303.308455
1791425303.355179 571 20000 1791425303.355173
1791425303.417219 401 20000 1791425303.417215
1791425303.491626 904 20000 1791425303.491622
1791425303.573360 267 20000 1791425303.573356
1791425303.626242 415 20000 1791425303.626237
1791425303.680486 273 20000 1791425303.680482
1791425303.728084 321 20000 1791425303.728080
1791425303.771762 101 20000 1791425303.771757
1791425303.831542 354 20000 1791425303.831537
1791425303.908184 367 20000 1791425303.908180
1791425303.959685 1014 20000 1791425303.959681
1791425304.016845 572 20000 1791425304.016837
1791425304.063229 670 20000 1791425304.063225
1791425304.106124 650 20000 1791425304.106120
1791425304.171048 304 20000 1791425304.171038
1791425304.225940 516 20000 1791425304.225931
1791425304.286176 1163 20000 1791425304.286167
1791425304.360099 272 20000 1791425304.360090
1791425304.412394 470 20000 1791425304.412386
1791425304.454426 499 20000 1791425304.454420
1791425304.511119 54 20000 1791425304.511115
1791425304.569648 815 20000 1791425304.569635
1791425304.619719 113 20000 1791425304.619715
1791425304.674762 272 20000 1791425304.674754
1791425304.724044 969 20000 1791425304.724038
1791425304.798585 1747 20000 1791425304.798579
1791425304.858439 1203 20000 1791425304.858433
1791425304.924659 814 20000 1791425304.924650
1791425304.976932 762 20000 1791425304.976921
1791425305.038871 821 20000 1791425305.038867
1791425305.084702 918 20000 1791425305.084697
1791425305.126538 1146 20000 1791425305.126534
1791425305.312039 1102 20000 1791425305.312031
1791425305.364358 64 20000 1791425305.364353
1791425305.416841 262 20000 1791425305.416835
1791425305.471222 271 20000 1791425305.471218
1791425305.517352 468 20000 1791425305.517346
1791425305.560946 346 20000 1791425305.560940
1791425305.622235 302 20000 1791425305.622231
1791425305.726976 1113 20000 1791425305.726971
1791425305.777346 911 20000 1791425305.777341
1791425305.829838 520 20000 1791425305.829834
1791425305.910830 567 20000 1791425305.910824
1791425305.995241 745 20000 1791425305.995234
1791425306.081637 -15 20000 1791425306.081632
1791425306.144350 1062 20000 1791425306.144345
1791425306.194611 810 20000 1791425306.194604
1791425306.258521 919 20000 1791425306.258514
1791425306.304272 67 20000 1791425306.304267
1791425306.347696 794 20000 1791425306.347692
1791425306.419890 884 20000 1791425306.419884
1791425306.473365 12 20000 1791425306.473361
1791425306.525509 659 20000 1791425306.525503
1791425306.580773 269 20000 1791425306.580765
1791425306.626200 -18 20000 1791425306.626195
1791425306.670727 1343 20000 1791425306.670711
1791425306.733369 1133 20000 1791425306.733363
1791425306.787690 -4 20000 1791425306.787686
1791425306.845042 1408 20000 1791425306.845037
1791425306.927513 718 20000 1791425306.927507
1791425306.980992 482 20000 1791425306.980988
1791425307.023028 243 20000 1791425307.023024
1791425307.082390 732 20000 1791425307.082382
1791425307.152219 895 20000 1791425307.152214
1791425307.203014 458 20000 1791425307.203002
1791425307.257421 218 20000 1791425307.257408
1791425307.303663 432 20000 1791425307.303655
1791425307.346891 742 20000 1791425307.346879
1791425307.409832 1431 20000 1791425307.409821
1791425307.465632 1144 20000 1791425307.465618
1791425307.516467 1357 20000 1791425307.516460
1791425307.572494 967 20000 1791425307.572487
1791425307.617640 332 20000 1791425307.617636
1791425307.684818 691 20000 1791425307.684814
1791425307.744692 830 20000 1791425307.744686
1791425307.843573 294 20000 1791425307.843568
1791425307.896126 1206 20000 1791425307.896121
1791425307.959938 1016 20000 1791425307.959928
1791425308.004212 631 20000 1791425308.004203
1791425308.046056 391 20000 1791425308.046050
1791425308.111135 779 20000 1791425308.111130
1791425308.192546 593 20000 1791425308.192540
1791425308.242968 705 20000 1791425308.242961
1791425308.297123 1564 20000 1791425308.297118
1791425308.341504 131 20000 1791425308.341500
1791425308.385038 341 20000 1791425308.385033
1791425308.467910 429 20000 1791425308.467904
1791425308.527533 542 20000 1791425308.527529
1791425308.583406 554 20000 1791425308.583402
1791425308.704542 913 20000 1791425308.704538
1791425308.765865 431 20000 1791425308.765859
1791425308.812807 740 20000 1791425308.812128
1791425308.869348 578 20000 1791425308.869344
1791425308.925173 541 20000 1791425308.925168
1791425309.009617 354 20000 1791425309.009606
1791425309.063548 113 20000 1791425309.063541
1791425309.115530 680 20000 1791425309.115523
1791425309.157352 839 20000 1791425309.157345
1791425309.215066 727 20000 1791425309.215058
1791425309.310352 690 20000 1791425309.310341
1791425309.391896 1403 20000 1791425309.391885
1791425309.445669 263 20000 1791425309.445665
1791425309.517218 1279 20000 1791425309.517209
1791425309.558258 538 20000 1791425309.558251
1791425309.618726 1176 20000 1791425309.618722
1791425309.678033 390 20000 1791425309.678027
1791425309.732362 952 20000 1791425309.732357
1791425309.813755 912 20000 1791425309.813750
1791425309.900289 29 20000 1791425309.900282
1791425309.945977 937 20000 1791425309.945973
1791425310.003738 925 20000 1791425310.003733
1791425310.062523 689 20000 1791425310.062519
1791425310.116336 352 20000 1791425310.116331
1791425310.208245 561 20000 1791425310.208238
1791425310.259157 129 20000 1791425310.259153
1791425310.308762 886 20000 1791425310.308758
1791425310.374046 275 20000 1791425310.374040
1791425310.430251 638 20000 1791425310.430246
1791425310.481201 651 20000 1791425310.481197
1791425310.535274 610 20000 1791425310.535268
1791425310.591734 4974 20000 1791425310.591724
1791425310.636127 1185 20000 1791425310.636122
1791425310.695932 724 20000 1791425310.695928
1791425310.756301 188 20000 1791425310.756295
1791425310.815949 1300 20000 1791425310.815937
1791425310.877365 3806 20000 1791425310.877358
1791425310.917339 1073 20000 1791425310.917333
1791425310.962398 834 20000 1791425310.962394
1791425311.020141 324 20000 1791425311.020137
1791425311.074167 238 20000 1791425311.074162
1791425311.125128 549 20000 1791425311.125123
1791425311.177036 106 20000 1791425311.177030
1791425311.235126 373 20000 1791425311.235119
1791425311.293670 783 20000 1791425311.293664
1791425311.359369 474 20000 1791425311.359361
1791425311.419531 537 20000 1791425311.419527
1791425311.474139 449 20000 1791425311.474134
1791425311.527097 356 20000 1791425311.527089
1791425311.580675 872 20000 1791425311.580667
1791425311.627017 932 20000 1791425311.626585
1791425311.689067 474 20000 1791425311.689063
1791425311.743785 337 20000 1791425311.743777
1791425311.801494 399 20000 1791425311.801490
1791425311.888863 206 20000 1791425311.888859
1791425311.937222 521 20000 1791425311.937217
1791425311.984334 881 20000 1791425311.984329
1791425312.046751 673 20000 1791425312.046743
1791425312.104505 836 20000 1791425312.104496
1791425312.211061 349 20000 1791425312.211055
1791425312.279542 1105 20000 1791425312.279535
1791425312.324996 970 20000 1791425312.324989
1791425312.383872 481 20000 1791425312.383865
1791425312.455200 522 20000 1791425312.455196
1791425312.510374 685 20000 1791425312.510368
1791425312.562254 748 20000 1791425312.562247
1791425312.614852 205 20000 1791425312.614845
1791425312.662209 519 20000 1791425312.662205
1791425312.729156 730 20000 1791425312.729151
1791425312.786932 521 20000 1791425312.786926
1791425312.843420 335 20000 1791425312.843414
1791425312.911224 647 20000 1791425312.911214
1791425312.970184 554 20000 1791425312.970178
1791425313.015957 469 20000 1791425313.015951
1791425313.058849 779 20000 1791425313.058843
1791425313.115256 271 20000 1791425313.115250
1791425313.171294 684 20000 1791425313.171288
1791425313.229595 996 20000 1791425313.229589
1791425313.284043 853 20000 1791425313.284037
1791425313.333557 618 20000 1791425313.333551
1791425313.401994 728 20000 1791425313.401989
1791425313.460233 421 20000 1791425313.460228
1791425313.517879 1283 20000 1791425313.517874
1791425313.568539 895 20000 1791425313.568535
1791425313.620969 502 20000 1791425313.620965
1791425313.700392 617 20000 1791425313.700384
1791425313.777060 428 20000 1791425313.777052
1791425313.848343 1420 20000 1791425313.848335
1791425313.900301 133 20000 1791425313.900297
1791425313.956542 894 20000 1791425313.956538
1791425314.007915 202 20000 1791425314.007908
1791425314.053966 267 20000 1791425314.053961
1791425314.095540 228 20000 1791425314.095535
1791425314.170765 869 20000 1791425314.170759
1791425314.224897 532 20000 1791425314.224892
1791425314.285650 593 20000 1791425314.285638
1791425314.364027 1201 20000 1791425314.364015
1791425314.411759 866 20000 1791425314.411749
1791425314.454956 577 20000 1791425314.454951
1791425314.512593 469 20000 1791425314.512586
1791425314.567083 182 20000 1791425314.567077
1791425314.618694 343 20000 1791425314.618689
1791425314.716909 201 20000 1791425314.716904
1791425314.764360 665 20000 1791425314.764353
1791425314.823644 726 20000 1791425314.823637
1791425314.890894 1118 20000 1791425314.890887
1791425314.958910 631 20000 1791425314.958900
1791425315.009503 642 20000 1791425315.009495
1791425315.066887 700 20000 1791425315.066875
1791425315.111310 365 20000 1791425315.111301
1791425315.154544 625 20000 1791425315.154539
1791425315.221151 1167 20000 1791425315.221146
1791425315.280299 730 20000 1791425315.280291
1791425315.332876 342 20000 1791425315.332872
1791425315.414626 1049 20000 1791425315.414622
1791425315.472184 465 20000 1791425315.472178
1791425315.520370 225 20000 1791425315.520362
1791425315.582696 1515 20000 1791425315.582686
1791425315.639620 729 20000 1791425315.639610
1791425315.697374 92 20000 1791425315.697369
1791425315.761919 548 20000 1791425315.761915
1791425315.811450 664 20000 1791425315.811446
1791425315.855304 475 20000 1791425315.855297
1791425315.945819 265 20000 1791425315.945813
1791425316.002508 978 20000 1791425316.002501
1791425316.054741 941 20000 1791425316.054737
1791425316.108856 697 20000 1791425316.108851
1791425316.157313 763 20000 1791425316.157307
1791425316.199013 774 20000 1791425316.199002
1791425316.260098 664 20000 1791425316.260093
1791425316.316178 927 20000 1791425316.316171
1791425316.367022 291 20000 1791425316.367017
1791425316.419346 247 20000 1791425316.419341
1791425316.469263 463 20000 1791425316.469259
1791425316.514803 1073 20000 1791425316.514797
1791425316.572643 1013 20000 1791425316.572637
1791425316.626668 177 20000 1791425316.626663
1791425316.680148 690 20000 1791425316.680144
1791425316.733170 546 20000 1791425316.733165
1791425316.778994 562 20000 1791425316.778990
1791425316.824653 273 20000 1791425316.824647
1791425316.884405 562 20000 1791425316.884383
1791425316.954258 277 20000 1791425316.954252
1791425317.004876 90 20000 1791425317.004868
1791425317.059134 745 20000 1791425317.059126
1791425317.106891 1111 20000 1791425317.106884
1791425317.148956 123 20000 1791425317.148950
1791425317.207193 661 20000 1791425317.207186
1791425317.264719 2225 20000 1791425317.264713
1791425317.312907 589 20000 1791425317.312901
1791425317.368282 495 20000 1791425317.368276
1791425317.417458 710 20000 1791425317.417450
1791425317.467719 1072 20000 1791425317.467714
1791425317.537766 610 20000 1791425317.537761
1791425317.592193 25 20000 1791425317.592187
1791425317.642574 89 20000 1791425317.642568
1791425317.699115 544 20000 1791425317.699110
1791425317.749208 1109 20000 1791425317.749200
1791425317.800586 1021 20000 1791425317.800580
1791425317.862025 1109 20000 1791425317.862018
1791425317.932084 924 20000 1791425317.932076
1791425317.983844 638 20000 1791425317.983839
1791425318.046266 743 20000 1791425318.046261
1791425318.094534 1208 20000 1791425318.094528
1791425318.137914 620 20000 1791425318.137908
1791425318.197255 1008 20000 1791425318.197248
1791425318.306647 474 20000 1791425318.306631
1791425318.361997 88 20000 1791425318.361993
1791425318.420583 642 20000 1791425318.420579
1791425318.466365 208 20000 1791425318.466360
1791425318.508175 420 20000 1791425318.508171
1791425318.575389 857 20000 1791425318.575384
1791425318.629730 474 20000 1791425318.629726
1791425318.681940 438 20000 1791425318.681936
1791425318.738512 442 20000 1791425318.738508
1791425318.798329 507 20000 1791425318.798324
1791425318.851000 470 20000 1791425318.850994
1791425318.925242 606 20000 1791425318.925233
1791425318.978751 274 20000 1791425318.978747
1791425319.031304 737 20000 1791425319.031300
1791425319.083779 342 20000 1791425319.083773
1791425319.130760 1006 20000 1791425319.130751
1791425319.175219 569 20000 1791425319.175214
1791425319.306926 655 20000 1791425319.306919
1791425319.373611 623 20000 1791425319.373599
1791425319.422948 187 20000 1791425319.422943
1791425319.477656 242 20000 1791425319.477652
1791425319.531062 406 20000 1791425319.531058
1791425319.576760 868 20000 1791425319.576755
1791425319.640503 1004 20000 1791425319.640499
1791425319.694472 173 20000 1791425319.694467
1791425319.745540 437 20000 1791425319.745535
1791425319.819475 691 20000 1791425319.819469
1791425319.867200 356 20000 1791425319.867193
1791425319.925367 817 20000 1791425319.925350
1791425319.983783 753 20000 1791425319.983779
1791425320.079137 522 20000 1791425320.079128
1791425320.129592 686 20000 1791425320.129586
1791425320.182358 640 20000 1791425320.182351
1791425320.227862 256 20000 1791425320.227855
1791425320.279050 1615 20000 1791425320.279044
1791425320.337039 952 20000 1791425320.337034
1791425320.396542 1870 20000 1791425320.396533
1791425320.444649 585 20000 1791425320.444640
1791425320.497629 589 20000 1791425320.497620
1791425320.572325 1305 20000 1791425320.572316
1791425320.615543 265 20000 1791425320.615534
1791425320.675193 402 20000 1791425320.675185
1791425320.731153 719 20000 1791425320.731147
1791425320.781425 285 20000 1791425320.781421
1791425320.836191 489 20000 1791425320.836186
1791425320.918636 305 20000 1791425320.918632
1791425320.965946 914 20000 1791425320.965941
1791425321.024308 501 20000 1791425321.024303
1791425321.087040 518 20000 1791425321.087032
1791425321.138882 235 20000 1791425321.138877
1791425321.191703 389 20000 1791425321.191695
1791425321.238371 455 20000 1791425321.238367
1791425321.279855 164 20000 1791425321.279851
1791425321.365049 1 20000 1791425321.365042
1791425321.419453 68 20000 1791425321.419449
1791425321.470296 335 20000 1791425321.470290
1791425321.526897 439 20000 1791425321.526892
1791425321.573388 804 20000 1791425321.573382
1791425321.614465 -9 20000 1791425321.614459
1791425321.674423 850 20000 1791425321.674419
1791425321.728696 667 20000 1791425321.728690
1791425321.786705 335 20000 1791425321.786701
1791425321.905009 189 20000 1791425321.905005
1791425321.953185 753 20000 1791425321.953181
1791425321.999320 1240 20000 1791425321.999314
1791425322.109491 999 20000 1791425322.109485
1791425322.177718 1216 20000 1791425322.177710
1791425322.227493 734 20000 1791425322.227487
1791425322.280175 39 20000 1791425322.280170
1791425322.329470 3 20000 1791425322.329465
1791425322.381608 639 20000 1791425322.381601
1791425322.444594 548 20000 1791425322.444587
1791425322.506873 965 20000 1791425322.506869
1791425322.599531 484 20000 1791425322.599526
1791425322.654174 239 20000 1791425322.654170
1791425322.704165 752 20000 1791425322.704160
1791425322.745958 89 20000 1791425322.745951
1791425322.813916 1097 20000 1791425322.813912
1791425322.867344 714 20000 1791425322.867339
1791425322.925818 733 20000 1791425322.925814
1791425322.978702 588 20000 1791425322.978697
1791425323.025956 751 20000 1791425323.025952
1791425323.071137 788 20000 1791425323.071132
1791425323.129234 97 20000 1791425323.129230
1791425323.208931 813 20000 1791425323.208925
1791425323.260831 582 20000 1791425323.260827
1791425323.319324 138 20000 1791425323.319319
1791425323.368921 101 20000 1791425323.368914
1791425323.412496 488 20000 1791425323.412491
1791425323.471415 297 20000 1791425323.471410
1791425323.527108 313 20000 1791425323.527103
1791425323.578239 82 20000 1791425323.578233
1791425323.632613 288 20000 1791425323.632607
1791425323.681073 950 20000 1791425323.681069
1791425323.723866 488 20000 1791425323.723861
1791425323.784322 1146 20000 1791425323.784316
1791425323.850029 13 20000 1791425323.850023
1791425323.907356 382 20000 1791425323.907348
1791425323.961163 687 20000 1791425323.961158
1791425324.008452 250 20000 1791425324.008447
1791425324.055538 837 20000 1791425324.055533
1791425324.129573 645 20000 1791425324.129567
1791425324.194466 313 20000 1791425324.194462
1791425324.251854 631 20000 1791425324.251848
1791425324.304481 87 20000 1791425324.304472
1791425324.350335 50 20000 1791425324.350328
1791425324.413582 237 20000 1791425324.413578
1791425324.471467 295 20000 1791425324.471461
1791425324.525789 213 20000 1791425324.525785
1791425324.583997 431 20000 1791425324.583993
1791425324.642763 387 20000 1791425324.642757
1791425324.688413 250 20000 1791425324.688408
1791425324.731769 986 20000 1791425324.731764
1791425324.789303 794 20000 1791425324.789298
1791425324.846153 1062 20000 1791425324.846147
1791425324.898364 630 20000 1791425324.898360
1791425324.961260 1735 20000 1791425324.961256
1791425325.008309 649 20000 1791425325.008303
1791425325.051859 486 20000 1791425325.051854
1791425325.113181 1193 20000 1791425325.113175
1791425325.168233 412 20000 1791425325.168225
1791425325.222040 1279 20000 1791425325.222033
1791425325.276001 834 20000 1791425325.275994
1791425325.321849 399 20000 1791425325.321844
1791425325.367052 735 20000 1791425325.367047
1791425325.426652 792 20000 1791425325.426646
1791425325.495541 1011 20000 1791425325.495533
1791425325.609202 528 20000 1791425325.609190
1791425325.663330 84 20000 1791425325.663326
1791425325.710991 349 20000 1791425325.710986
1791425325.787572 1583 20000 1791425325.787567
1791425325.844269 691 20000 1791425325.844263
1791425325.897733 461 20000 1791425325.897729
1791425325.954287 727 20000 1791425325.954280
1791425326.008996 533 20000 1791425326.008985
1791425326.110191 548 20000 1791425326.110187
1791425326.154032 83 20000 1791425326.154028
1791425326.217586 590 20000 1791425326.217582
1791425326.282184 411 20000 1791425326.282176
1791425326.338399 726 20000 1791425326.338394
1791425326.390921 782 20000 1791425326.390916
1791425326.440378 897 20000 1791425326.440374
1791425326.484046 782 20000 1791425326.484038
1791425326.543607 639 20000 1791425326.543602
1791425326.600221 411 20000 1791425326.600214
1791425326.662816 825 20000 1791425326.662808
1791425326.719084 1081 20000 1791425326.719075
1791425326.762582 97 20000 1791425326.762577
1791425326.806390 282 20000 1791425326.806385
1791425326.866007 439 20000 1791425326.866002
1791425339.523180 938 20000 1791425339.523176
1791425339.575766 -4 20000 1791425339.575759
1791425339.626333 -3 20000 1791425339.626328
1791425339.680709 830 20000 1791425339.680703
1791425339.725465 397 20000 1791425339.725460
1791425339.774013 981 20000 1791425339.774006
1791425339.831574 787 20000 1791425339.831569
1791425339.888473 196 20000 1791425339.888468
1791425339.938504 696 20000 1791425339.938500
1791425339.997181 579 20000 1791425339.997174
1791425340.044338 946 20000 1791425340.044330
1791425340.086876 580 20000 1791425340.086871
1791425340.147555 1585 20000 1791425340.147549
1791425340.209019 545 20000 1791425340.209013
1791425340.260411 346 20000 1791425340.260406
1791425340.313415 -7 20000 1791425340.313410
1791425340.359035 196 20000 1791425340.359030
1791425340.399529 -27 20000 1791425340.399525
1791425340.464075 1384 20000 1791425340.464070
1791425340.517401 594 20000 1791425340.517396
1791425340.568861 945 20000 1791425340.568855
1791425340.619796 43 20000 1791425340.619791
1791425340.668588 1245 20000 1791425340.668583
1791425340.711070 972 20000 1791425340.711064
1791425340.773170 234 20000 1791425340.773166
1791425340.830871 893 20000 1791425340.830863
1791425340.880596 594 20000 1791425340.880589
1791425340.932522 542 20000 1791425340.932514
1791425340.978254 594 20000 1791425340.978148
1791425341.019260 272 20000 1791425341.019254
1791425341.077706 434 20000 1791425341.077698
1791425341.133579 143 20000 1791425341.133574
1791425341.187022 643 20000 1791425341.187016
1791425341.240896 1041 20000 1791425341.240889
1791425341.288881 793 20000 1791425341.288876
1791425341.332005 1071 20000 1791425341.331998
1791425341.390092 933 20000 1791425341.390087
1791425341.443144 1442 20000 1791425341.443140
1791425341.493279 1042 20000 1791425341.493274
1791425341.563180 291 20800 1791425341.563174
1791425341.609136 592 20800 1791425341.609130
1791425341.650154 570 20800 1791425341.650150
1791425341.711978 532 20800 1791425341.711973
1791425341.768190 242 20800 1791425341.768185
1791425341.826273 1091 20800 1791425341.826267
1791425341.899087 7633 20800 1791425341.899080
1791425341.927912 1940 20800 1791425341.927904
1791425341.970951 1818 20800 1791425341.970946
1791425342.028802 831 20800 1791425342.028797
1791425342.083262 941 20800 1791425342.083256
1791425342.134663 840 20800 1791425342.134657
1791425342.185542 433 20800 1791425342.185536
1791425342.240739 789 20800 1791425342.240734
1791425342.283124 817 20800 1791425342.283120
1791425342.342627 930 20800 1791425342.342622
1791425342.398341 840 20800 1791425342.398337
1791425342.448684 539 20800 1791425342.448677
1791425342.500304 83 20800 1791425342.500298
1791425342.547382 788 20800 1791425342.547377
1791425342.589210 916 20592 1791425342.589204
1791425342.648827 629 20592 1791425342.648820
1791425342.706972 390 20592 1791425342.706968
1791425342.759170 239 20592 1791425342.759165
1791425342.813717 532 20592 1791425342.813712
1791425342.862665 1137 20592 1791425342.862653
1791425342.916831 1115 20592 1791425342.916825
1791425342.974391 678 20592 1791425342.974385
1791425343.028707 490 20592 1791425343.028701
1791425343.081109 588 20592 1791425343.081104
1791425343.133542 631 20592 1791425343.133538
1791425343.179508 437 20592 1791425343.179503
1791425343.227387 1913 20592 1791425343.227382
1791425343.282143 228 20592 1791425343.282138
1791425343.337924 889 20592 1791425343.337919
1791425343.387781 687 20592 1791425343.387774
1791425343.443425 1629 20592 1791425343.443403
1791425343.486578 736 20592 1791425343.486568
1791425343.529331 1112 20592 1791425343.529327
1791425343.591208 328 20386 1791425343.591203
1791425343.647325 938 20386 1791425343.647321
1791425343.697606 636 20386 1791425343.697601
1791425343.749918 528 20386 1791425343.749914
1791425343.802087 436 20386 1791425343.802082
1791425343.846290 1161 20386 1791425343.846282
1791425343.904186 677 20386 1791425343.904181
1791425343.959939 537 20386 1791425343.959935
1791425344.014113 1684 20386 1791425344.014078
1791425344.066542 777 20386 1791425344.066531
1791425344.114276 1235 20386 1791425344.114266
1791425344.160549 2209 20386 1791425344.160525
1791425344.218207 1176 20386 1791425344.218200
1791425344.272234 836 20386 1791425344.272222
1791425344.323963 783 20386 1791425344.323956
1791425344.376959 227 20386 1791425344.376953
1791425344.425283 834 20386 1791425344.425278
1791425344.466957 1208 20386 1791425344.466951
1791425344.527318 875 20386 1791425344.527313
1791425344.604010 885 20182 1791425344.604004
1791425344.654718 982 20182 1791425344.654714
1791425344.706769 876 20182 1791425344.706765
1791425344.754988 1283 20182 1791425344.754983
1791425344.800752 1207 20182 1791425344.800747
1791425344.859822 724 20182 1791425344.859814
1791425344.921325 135 20182 1791425344.921320
1791425344.977887 482 20182 1791425344.977879
1791425345.036594 725 20182 1791425345.036589
1791425345.082613 283 20182 1791425345.082609
1791425345.171490 1306 20182 1791425345.171485
1791425345.234450 1473 20182 1791425345.234445
1791425345.298410 534 20182 1791425345.298405
1791425345.350943 1281 20182 1791425345.350939
1791425345.402862 774 20182 1791425345.402858
1791425345.455602 932 20182 1791425345.455597
1791425345.516755 755 20182 1791425345.516750
1791425345.587590 1272 20182 1791425345.587586
1791425345.640059 334 20000 1791425345.640055
1791425345.692275 231 20000 1791425345.692270
1791425345.747420 1373 20000 1791425345.747415
1791425345.794504 881 20000 1791425345.794500
1791425345.836744 854 20000 1791425345.836738
1791425345.894510 621 20000 1791425345.894504
1791425345.950763 1183 20000 1791425345.950759
1791425346.001332 1130 20000 1791425346.001327
1791425346.057405 2570 20000 1791425346.057373
1791425346.098949 630 20000 1791425346.098943
1791425346.152155 1103 20000 1791425346.152150
1791425346.211829 1120 20000 1791425346.211824
1791425346.268976 1531 20000 1791425346.268963
1791425346.317757 779 20000 1791425346.317749
1791425346.369767 470 20000 1791425346.369763
1791425346.425091 1229 20000 1791425346.425087
1791425346.469874 2401 20000 1791425346.469851
1791425346.525227 719 20000 1791425346.525219
1791425346.618012 880 20000 1791425346.618003
1791425346.677529 878 20000 1791425346.677524
1791425346.732342 769 20000 1791425346.732333
1791425346.783857 728 20000 1791425346.783852
1791425346.827295 1150 20000 1791425346.827289
1791425346.885865 618 20000 1791425346.885856
1791425346.947827 1079 20000 1791425346.947821
1791425346.997787 328 20000 1791425346.997780
1791425347.050280 219 20000 1791425347.050272
1791425347.101522 1427 20000 1791425347.101517
1791425347.142096 1948 20000 1791425347.142088
1791425347.198394 917 20000 1791425347.198387
1791425347.252342 528 20000 1791425347.252337
1791425347.301922 128 20000 1791425347.301917
1791425347.355033 369 20000 1791425347.355029
1791425347.402323 277 20000 1791425347.402318
1791425347.449758 3195 20000 1791425347.449753
1791425347.507370 1066 20000 1791425347.507365
1791425347.568450 1926 20000 1791425347.568446
1791425347.618357 1576 20000 1791425347.618352
1791425347.672974 1118 20000 1791425347.672969
1791425347.716605 177 20000 1791425347.716600
1791425347.761964 794 20000 1791425347.761959
1791425347.819712 316 20000 1791425347.819707
1791425347.876704 326 20000 1791425347.876697
1791425347.928504 1025 20000 1791425347.928499
1791425347.981087 867 20000 1791425347.981083
1791425348.026626 277 20000 1791425348.026621
1791425348.076759 1093 20000 1791425348.076754
1791425348.169015 3113 20000 1791425348.169005
1791425348.220028 1425 20000 1791425348.220021
1791425348.270623 1523 20000 1791425348.270617
1791425348.320391 217 20000 1791425348.320387
1791425348.366840 576 20000 1791425348.366835
1791425348.410012 1442 20000 1791425348.410007
1791425348.465997 313 20000 1791425348.465992
1791425348.524841 1673 20000 1791425348.524836
1791425348.586757 1322 20000 1791425348.586751
1791425348.635185 -8 20000 1791425348.635180
1791425348.685678 525 20000 1791425348.685674
1791425348.728605 1141 20000 1791425348.728601
1791425348.790414 612 20000 1791425348.790410
1791425348.844051 273 20000 1791425348.844047
1791425348.894735 22 20000 1791425348.894730
1791425348.947159 92 20000 1791425348.947152
1791425348.997059 1224 20000 1791425348.997054
1791425349.038875 790 20000 1791425349.038870
1791425349.100717 412 20000 1791425349.100708
1791425349.156736 323 20000 1791425349.156731
1791425349.209633 1121 20000 1791425349.209626
1791425349.261574 242 20000 1791425349.261566
1791425349.313177 573 20000 1791425349.313173
1791425349.354991 689 20000 1791425349.354985
1791425349.412747 511 20000 1791425349.412743
1791425349.467008 473 20000 1791425349.467003
1791425349.519207 321 20000 1791425349.519200
1791425349.585650 641 20000 1791425349.585644
1791425349.633994 1122 20000 1791425349.633987
1791425349.675150 938 20000 1791425349.675144
1791425349.733033 560 20000 1791425349.733026
1791425349.787148 273 20000 1791425349.787143
1791425349.838971 171 20000 1791425349.838966
1791425349.893468 790 20000 1791425349.893460
1791425349.939226 521 20000 1791425349.939219
1791425349.983671 787 20000 1791425349.983666
1791425350.045799 809 20000 1791425350.045794
1791425350.101745 922 20000 1791425350.101739
1791425350.159651 3767 20000 1791425350.159646
1791425350.220231 190 20000 1791425350.220227
1791425350.279827 171 20000 1791425350.279822
1791425350.322591 886 20000 1791425350.322587
1791425350.380641 409 20000 1791425350.380637
1791425350.434880 422 20000 1791425350.434875
1791425350.484992 67 20000 1791425350.484986
1791425350.539696 539 20000 1791425350.539690
1791425350.588026 520 20000 1791425350.588019
1791425350.629687 585 20000 1791425350.629681
1791425350.688832 259 20000 1791425350.688826
1791425350.745101 472 20000 1791425350.745095
1791425350.797478 167 20000 1791425350.797473
1791425350.850281 239 20000 1791425350.850276
1791425350.901135 769 20000 1791425350.901129
1791425350.941747 435 20000 1791425350.941742
1791425351.011086 608 20000 1791425351.011082
1791425351.065218 72 20000 1791425351.065214
1791425351.119601 766 20000 1791425351.119594
1791425351.187658 638 20000 1791425351.187653
1791425351.236084 868 20000 1791425351.236077
1791425351.288679 6828 20000 1791425351.288674
1791425351.334702 707 20000 1791425351.334698
1791425351.389074 621 20000 1791425351.389069
1791425351.439274 515 20000 1791425351.439269
1791425351.492675 1037 20000 1791425351.492670
1791425351.536304 -13 20000 1791425351.536299
1791425351.579857 927 20000 1791425351.579853
1791425351.637378 207 20000 1791425351.637373
1791425351.694021 171 20000 1791425351.694014
1791425351.747949 365 20000 1791425351.747944
1791425351.806927 936 20000 1791425351.806923
1791425351.852147 886 20000 1791425351.852142
1791425351.896227 626 20000 1791425351.896218
1791425351.953791 357 20000 1791425351.953784
1791425352.008044 321 20000 1791425352.008040
1791425352.062699 365 20000 1791425352.062695
1791425352.121412 635 20000 1791425352.121407
1791425352.168608 685 20000 1791425352.168602
1791425352.210235 675 20000 1791425352.210230
1791425352.268703 407 20000 1791425352.268698
1791425352.324300 920 20000 1791425352.324294
1791425352.374491 65 20000 1791425352.374486
1791425352.431013 834 20000 1791425352.431009
1791425352.483439 385 20000 1791425352.483435
1791425352.528332 425 20000 1791425352.528328
1791425352.588752 856 20000 1791425352.588747
1791425352.644137 669 20000 1791425352.644132
1791425352.694993 714 20000 1791425352.694989
1791425352.747371 84 20000 1791425352.747365
1791425352.814369 285 20000 1791425352.814365
1791425352.858044 375 20000 1791425352.858039
1791425352.915977 456 20000 1791425352.915972
1791425352.972359 968 20000 1791425352.972354
1791425353.022956 64 20000 1791425353.022951
1791425353.090445 334 20000 1791425353.090440
1791425353.136206 285 20000 1791425353.136202
1791425353.183397 2822 20000 1791425353.183392
1791425353.238026 356 20000 1791425353.238022
1791425353.293800 567 20000 1791425353.293795
1791425353.349140 1313 20000 1791425353.349136
1791425353.401233 1183 20000 1791425353.401228
1791425353.447066 934 20000 1791425353.447062
1791425353.494094 571 20000 1791425353.494089
1791425353.557719 805 20000 1791425353.557715
1791425353.614441 916 20000 1791425353.614437
1791425353.664517 313 20000 1791425353.664512
1791425353.718841 283 20000 1791425353.718836
1791425353.764608 234 20000 1791425353.764603
1791425353.810129 920 20000 1791425353.810125
1791425353.870544 954 20000 1791425353.870537
1791425353.924229 66 20000 1791425353.924223
1791425353.978405 463 20000 1791425353.978397
1791425354.033282 233 20000 1791425354.033277
1791425354.085267 583 20000 1791425354.085261
1791425354.132320 1319 20000 1791425354.132316
1791425354.217427 3151 20000 1791425354.217421
1791425354.265861 316 20000 1791425354.265856
1791425354.320142 1212 20000 1791425354.320137
1791425354.374794 1282 20000 1791425354.374787
1791425354.422367 283 20000 1791425354.422362
1791425354.466067 968 20000 1791425354.466059
1791425354.525992 850 20000 1791425354.525988
1791425354.585378 1115 20000 1791425354.585373
1791425354.636136 262 20000 1791425354.636129
1791425354.693258 1381 20000 1791425354.693254
1791425354.740293 1731 20000 1791425354.740288
1791425354.780132 917 20000 1791425354.780126
1791425354.838005 450 20000 1791425354.837999
1791425354.894573 65 20000 1791425354.894568
1791425354.945557 312 20000 1791425354.945552
1791425354.999965 431 20000 1791425354.999961
1791425355.046195 630 20000 1791425355.046191
1791425355.088006 1016 20000 1791425355.088001
1791425355.147160 799 20000 1791425355.147155
1791425355.206699 2463 20000 1791425355.206693
1791425355.254163 1411 20000 1791425355.254157
1791425355.305274 880 20000 1791425355.305268
1791425355.356942 3876 20000 1791425355.356930
1791425355.394135 1415 20000 1791425355.394127
1791425355.451963 798 20000 1791425355.451956
1791425355.508738 1511 20000 1791425355.508723
1791425355.564296 11 20000 1791425355.564290
1791425355.617714 480 20000 1791425355.617707
1791425355.664518 1125 20000 1791425355.664511
1791425355.708212 1713 20000 1791425355.708207
1791425355.763431 597 20000 1791425355.763425
1791425355.819479 1410 20000 1791425355.819472
1791425355.868993 510 20000 1791425355.868986
1791425355.922828 1079 20800 1791425355.922823
1791425355.967789 1074 20800 1791425355.967785
1791425356.018045 5008 20800 1791425356.018038
1791425356.067855 996 20800 1791425356.067849
1791425356.123120 859 21632 1791425356.123115
1791425356.177865 3357 21632 1791425356.177858
1791425356.227625 1677 21632 1791425356.227620
1791425356.272002 1073 21632 1791425356.271997
1791425356.314218 1207 22497 1791425356.314211
1791425356.371954 1295 22497 1791425356.371948
1791425356.426981 1507 22497 1791425356.426540
1791425356.511612 18389 23397 1791425356.511607
1791425356.534548 2025 23397 1791425356.534543
1791425356.595078 10213 23397 1791425356.595070
1791425356.626923 5701 23397 1791425356.626918
1791425356.682392 1743 23397 1791425356.682387
1791425356.740089 706 24333 1791425356.740082
1791425356.785287 1138 24333 1791425356.785281
1791425356.841114 2922 24333 1791425356.841110
1791425356.884875 2510 24333 1791425356.884870
1791425356.924400 900 25306 1791425356.924395
1791425356.980715 892 25306 1791425356.980711
1791425357.034962 755 25306 1791425357.034954
1791425357.099086 1736 25306 1791425357.099074
1791425357.246799 1570 25306 1791425357.246793
1791425357.332093 1558 25306 1791425357.332084
1791425357.417789 6943 25306 1791425357.417776
1791425357.473130 1291 25306 1791425357.473123
1791425357.527470 804 25306 1791425357.527458
1791425357.577246 186 25306 1791425357.577242
1791425357.635611 1319 25306 1791425357.635602
1791425357.688207 2306 25306 1791425357.688184
1791425357.740620 393 25306 1791425357.740611
1791425357.799270 391 25306 1791425357.799257
1791425357.857059 553 25306 1791425357.857048
1791425357.907261 286 25306 1791425357.907255
1791425357.967774 469 25053 1791425357.967769
1791425358.013553 406 25053 1791425358.013546
1791425358.055582 892 25053 1791425358.055576
1791425358.112928 441 25053 1791425358.112922
1791425358.223174 3100 25053 1791425358.223167
1791425358.287882 1035 25053 1791425358.287876
1791425358.340006 419 25053 1791425358.340002
1791425358.387819 505 25053 1791425358.387814
1791425358.448142 541 25053 1791425358.448135
1791425358.506806 441 25053 1791425358.506802
1791425358.567148 1399 25053 1791425358.567144
1791425358.615047 335 25053 1791425358.615042
1791425358.684132 1068 25053 1791425358.684127
1791425358.731055 554 25053 1791425358.731051
1791425358.773968 890 25053 1791425358.773963
1791425358.832106 391 25053 1791425358.832102
1791425358.888595 499 25053 1791425358.888591
1791425358.941260 1084 25053 1791425358.941255
1791425358.993477 18 24802 1791425358.993470
1791425359.041060 404 24802 1791425359.041054
1791425359.084955 939 24802 1791425359.084950
1791425359.144555 690 24802 1791425359.144549
1791425359.199049 898 24802 1791425359.199044
1791425359.261256 2781 24802 1791425359.261252
1791425359.314093 767 24802 1791425359.314086
1791425359.392795 803 24802 1791425359.392791
1791425359.447441 1088 24802 1791425359.447436
1791425359.509301 889 24802 1791425359.509293
1791425359.565691 1347 24802 1791425359.565687
1791425359.616090 980 24802 1791425359.616085
1791425359.668250 67 24802 1791425359.668245
1791425359.720113 902 24802 1791425359.720109
1791425359.777801 7231 24802 1791425359.777796
1791425359.831435 1038 24802 1791425359.831428
1791425359.885520 497 24802 1791425359.885515
1791425359.938145 879 24802 1791425359.938141
1791425359.989996 666 24802 1791425359.989991
1791425360.040334 801 24554 1791425360.040329
1791425360.081359 580 24554 1791425360.081355
1791425360.141243 687 24554 1791425360.141239
1791425360.215145 347 24554 1791425360.215137
1791425360.269369 479 24554 1791425360.269362
1791425360.322145 665 24554 1791425360.322141
1791425360.372014 500 24554 1791425360.372010
1791425360.427091 929 24554 1791425360.427085
1791425360.484647 586 24554 1791425360.484643
1791425360.544575 646 24554 1791425360.544570
1791425360.595411 928 24554 1791425360.595407
1791425360.648197 914 24554 1791425360.648192
1791425360.721439 649 24554 1791425360.721433
1791425360.770750 728 24554 1791425360.770746
1791425360.828218 286 24554 1791425360.828211
1791425360.884611 496 24554 1791425360.884606
1791425360.944432 478 24554 1791425360.944427
1791425360.997456 314 24554 1791425360.997452
1791425361.044819 998 24309 1791425361.044814
1791425361.088618 2026 24309 1791425361.088613
1791425361.146822 685 24309 1791425361.146817
1791425361.202435 146 24309 1791425361.202431
1791425361.260674 1626 24309 1791425361.260670
1791425361.311690 913 24309 1791425361.311683
1791425361.404277 398 24309 1791425361.404272
1791425361.447363 1025 24309 1791425361.447359
1791425361.513073 584 24309 1791425361.513068
1791425361.567232 296 24309 1791425361.567228
1791425361.619191 575 24309 1791425361.619187
1791425361.681402 463 24309 1791425361.681398
1791425361.727827 597 24309 1791425361.727823
1791425361.807779 674 24309 1791425361.807774
1791425361.873468 334 24309 1791425361.873462
1791425361.939143 795 24309 1791425361.939139
1791425361.992563 1024 24309 1791425361.992557
1791425362.046480 762 24066 1791425362.046476
1791425362.092411 546 24066 1791425362.092402
1791425362.135391 823 24066 1791425362.135387
1791425362.195118 833 24066 1791425362.195114
1791425362.267404 495 24066 1791425362.267399
1791425362.323408 623 24066 1791425362.323401
1791425362.377278 462 24066 1791425362.377274
1791425362.442487 7289 24066 1791425362.442483
1791425362.471861 522 24066 1791425362.471857
1791425362.551090 1032 24066 1791425362.551086
1791425362.602547 -16 24066 1791425362.602543
1791425362.657529 872 24066 1791425362.657523
1791425362.709790 861 24066 1791425362.709786
1791425362.758013 489 24066 1791425362.758007
1791425362.801193 871 24066 1791425362.801188
1791425362.860703 681 24066 1791425362.860696
1791425362.915369 484 24066 1791425362.915365
1791425362.981487 272 24066 1791425362.981483
1791425363.035648 660 24066 1791425363.035642
1791425363.081198 638 23825 1791425363.081193
1791425363.130693 4716 23825 1791425363.130689
1791425363.182631 780 23825 1791425363.182626
1791425363.298872 1033 23825 1791425363.298865
1791425363.353201 871 23825 1791425363.353197
1791425363.407993 110 23825 1791425363.407988
1791425363.463573 637 23825 1791425363.463567
1791425363.507134 1065 23825 1791425363.507129
1791425363.565767 979 23825 1791425363.565762
1791425363.618719 183 23825 1791425363.618714
1791425363.669271 121 23825 1791425363.669267
1791425363.722013 260 23825 1791425363.722006
1791425363.775695 636 23825 1791425363.775689
1791425363.817132 814 23825 1791425363.817126
1791425363.886562 -2 23825 1791425363.886558
1791425363.942937 532 23825 1791425363.942932
1791425363.993570 271 23825 1791425363.993565
1791425364.051715 310 23825 1791425364.051709
1791425364.103604 635 23587 1791425364.103599
1791425364.147159 1113 23587 1791425364.147155
1791425364.204852 797 23587 1791425364.204846
1791425364.265193 531 23587 1791425364.265189
1791425364.319275 71 23587 1791425364.319268
1791425364.376244 859 23587 1791425364.376240
1791425364.423365 1034 23587 1791425364.423360
1791425364.463801 762 23587 1791425364.463797
1791425364.522638 447 23587 1791425364.522633
1791425364.584846 930 23587 1791425364.584842
1791425364.640923 620 23587 1791425364.640919
1791425364.693432 558 23587 1791425364.693428
1791425364.744618 3381 23587 1791425364.744613
1791425364.780882 1011 23587 1791425364.780878
1791425364.836839 -10 23587 1791425364.836835
1791425364.894129 979 23587 1791425364.894122
1791425364.943138 -13 23587 1791425364.943133
1791425364.998560 1407 23587 1791425364.998555
1791425365.044980 1729 23587 1791425365.044976
1791425365.085835 1509 23587 1791425365.085828
1791425365.180497 19371 23351 1791425365.180490
1791425365.199283 1827 23351 1791425365.199276
1791425365.252493 2784 23351 1791425365.252488
1791425365.317632 7999 24285 1791425365.317627
1791425365.348547 1428 24285 1791425365.348541
1791425365.395324 3705 24285 1791425365.395317
1791425365.450656 1819 24285 1791425365.450649
1791425365.506910 2674 25256 1791425365.506903
1791425365.552940 1083 25256 1791425365.552934
1791425365.621158 6642 25256 1791425365.621151
1791425365.656374 1726 25256 1791425365.656366
1791425365.696899 654 26267 1791425365.696891
1791425365.752358 -3 26267 1791425365.752353
1791425365.807878 723 26267 1791425365.807873
1791425365.859612 133 26267 1791425365.859608
1791425365.916935 1191 26267 1791425365.916927
1791425365.962212 1275 26267 1791425365.962206
1791425366.004348 1552 26267 1791425366.004341
1791425366.061764 1296 26267 1791425366.061758
1791425366.129299 6217 26267 1791425366.129293
1791425366.168717 1032 26267 1791425366.168712
1791425366.223593 1889 26267 1791425366.223587
1791425366.269185 1174 26267 1791425366.269179
1791425366.310093 1201 27317 1791425366.310086
1791425366.375102 1544 27317 1791425366.375095
1791425366.427826 3663 27317 1791425366.427819
1791425366.473055 1431 27317 1791425366.473050
1791425366.527290 1887 28410 1791425366.527286
1791425366.574103 2821 28410 1791425366.574097
1791425366.615327 2648 28410 1791425366.615322
1791425366.677987 5189 28410 1791425366.677982
1791425366.732351 1711 29546 1791425366.732346
1791425366.798717 4327 29546 1791425366.798713
1791425366.866210 11476 29546 1791425366.866202
1791425366.890747 1569 29546 1791425366.890741
1791425366.961212 14034 30728 1791425366.961204
1791425366.992943 1737 30728 1791425366.992938
1791425367.055953 5655 30728 1791425367.055947
1791425367.118050 11266 31957 1791425367.118045
1791425367.155670 2823 31957 1791425367.155665
1791425367.195210 1118 31957 1791425367.195206
1791425367.239817 2032 31957 1791425367.239812
1791425367.309974 2884 33236 1791425367.307956
1791425367.403223 27977 33236 1791425367.403216
1791425367.473117 36779 33236 1791425367.473111
1791425367.570476 46626 33236 1791425367.570464
1791425367.585409 40028 32903 1791425367.585404
1791425367.586100 20012 32903 1791425367.586095
1791425367.607310 1932 32903 1791425367.607303
1791425367.697090 19957 32903 1791425367.697085
1791425367.714835 1078 32903 1791425367.714831
1791425367.780104 6220 32903 1791425367.780097
1791425367.822654 1127 32903 1791425367.822649
1791425367.860650 1760 32903 1791425367.860645
1791425367.921353 2480 34219 1791425367.921345
1791425367.976684 2305 34219 1791425367.976680
1791425368.038765 1427 34219 1791425368.038761
1791425368.081698 2817 34219 1791425368.081692
1791425368.128702 3024 35588 1791425368.128697
1791425368.165901 1109 35588 1791425368.165894
1791425368.237736 6773 35588 1791425368.237729
1791425368.281227 1503 35588 1791425368.281222
1791425368.338808 4373 37012 1791425368.338803
1791425368.440977 27889 37012 1791425368.440972
1791425368.508668 36487 37012 1791425368.508662
1791425368.538679 30329 37012 1791425368.538672
1791425368.538707 1821 37012 1791425368.538700
1791425368.602969 2201 37012 1791425368.602961
1791425368.645853 3320 37012 1791425368.645847
1791425368.694013 1837 37012 1791425368.694005
1791425368.752644 2385 38492 1791425368.752639
1791425368.821596 17112 38492 1791425368.821591
1791425368.855381 4367 38492 1791425368.855374
1791425368.907560 1699 38492 1791425368.907555
1791425368.978058 11958 38492 1791425368.978051
1791425369.050594 19967 38492 1791425369.050589
1791425369.119051 31254 38492 1791425369.119045
1791425369.154474 27684 38492 1791425369.154466
1791425369.163723 3014 38492 1791425369.163716
1791425369.215089 1248 38492 1791425369.215082
1791425369.324132 30328 39370 1791425369.324127
1791425369.361679 22195 39370 1791425369.361673
1791425369.400843 18835 39370 1791425369.400839
1791425369.477068 36248 39370 1791425369.477062
1791425369.477511 7357 39370 1791425369.477505
1791425369.519672 1497 39370 1791425369.519666
1791425369.574586 3225 39370 1791425369.574581
1791425369.677402 27418 39370 1791425369.677397
1791425369.716084 23511 40453 1791425369.716078
1791425369.751702 20677 40453 1791425369.751697
1791425369.826358 29078 40453 1791425369.826351
1791425369.857285 17380 40453 1791425369.857278
1791425369.876724 1923 40453 1791425369.876719
1791425369.981603 27341 40453 1791425369.981598
1791425370.014353 21340 40453 1791425370.014346
1791425370.089327 38289 40453 1791425370.089320
1791425370.089758 9119 40453 1791425370.089750
1791425370.138707 5475 40453 1791425370.138700
1791425370.182323 2171 40453 1791425370.182317
1791425370.235390 2289 40453 1791425370.235384
1791425370.285460 4486 40453 1791425370.285455
1791425370.321704 1488 42071 1791425370.321696
1791425370.378477 1717 42071 1791425370.378471
1791425370.435211 2872 42071 1791425370.435205
1791425370.486014 2918 42071 1791425370.486007
1791425370.621599 43945 42071 1791425370.621592
1791425370.702351 61325 42071 1791425370.702345
1791425370.703909 41347 41651 1791425370.703902
1791425370.704074 12754 41651 1791425370.704069
1791425370.744775 1970 41651 1791425370.744769
1791425370.858718 30038 41651 1791425370.858713
1791425370.885655 16578 41651 1791425370.885651
1791425370.919635 11064 41651 1791425370.919629
1791425370.958694 9787 41651 1791425370.958689
1791425371.038750 18136 42958 1791425371.038745
1791425371.113236 30789 42958 1791425371.113230
1791425371.149391 24064 42958 1791425371.149386
1791425371.223007 34394 42958 1791425371.223002
1791425371.259426 29235 42958 1791425371.259421
1791425371.302352 30157 42958 1791425371.302345
1791425371.381600 39696 42147 1791425371.381592
1791425371.429703 35753 42147 1791425371.429696
1791425371.437814 14150 42147 1791425371.437808
1791425371.531814 33810 42147 1791425371.531807
1791425371.567576 28906 42147 1791425371.567571
1791425371.567960 8449 42147 1791425371.567954
1791425371.639866 15331 42147 1791425371.639860
1791425371.701520 17236 42147 1791425371.701513
1791425371.727752 5295 42147 1791425371.727748
1791425371.798380 14146 42147 1791425371.798373
1791425371.835499 9496 42147 1791425371.835492
1791425371.882859 10688 42147 1791425371.882852
1791425371.949261 17014 42147 1791425371.949255
1791425371.995441 13023 42147 1791425371.995434
1791425372.038365 8387 42147 1791425372.038357
1791425372.090719 8388 42147 1791425372.090712
1791425372.182857 30915 42147 1791425372.182849
1791425372.188009 9778 42147 1791425372.188003
1791425372.274109 26138 42147 1791425372.274087
1791425372.290530 6117 42147 1791425372.290526
1791425372.342794 7030 42147 1791425372.342788
1791425372.385015 1137 41725 1791425372.385008
1791425372.435850 2363 41725 1791425372.435841
1791425372.471803 1077 41725 1791425372.471797
1791425372.537314 4983 43394 1791425372.537309
1791425372.606250 12455 43394 1791425372.606242
1791425372.640631 4176 43394 1791425372.640627
1791425372.687369 1136 43394 1791425372.687364
1791425372.734553 1312 45130 1791425372.734547
1791425372.774456 1126 45130 1791425372.774450
1791425372.835501 2730 45130 1791425372.835494
1791425372.898533 7098 45130 1791425372.898529
1791425372.961766 13413 45130 1791425372.961760
1791425372.990877 1385 45130 1791425372.990869
1791425373.051438 7854 45130 1791425373.051431
1791425373.086281 4272 45130 1791425373.086274
1791425373.160436 12617 45130 1791425373.160429
1791425373.209413 8340 45130 1791425373.209407
1791425373.298709 28285 45130 1791425373.298704
1791425373.345469 25060 45130 1791425373.345464
1791425373.385376 20983 45130 1791425373.385368
1791425373.430992 23598 45130 1791425373.430986
1791425373.475384 16001 45130 1791425373.475375
1791425373.505334 3636 45130 1791425373.505328
1791425373.569278 10325 45130 1791425373.569272
1791425373.681722 40270 45130 1791425373.681716
1791425373.718475 35248 45130 1791425373.718467
1791425373.763830 36062 44679 1791425373.763823
1791425373.805045 26724 44679 1791425373.805039
1791425373.902875 50136 44679 1791425373.902868
1791425373.953369 47028 44679 1791425373.953364
1791425373.965952 19001 44679 1791425373.965948
1791425373.967000 2845 44679 1791425373.966993
1791425374.004724 2060 44679 1791425374.004717
1791425374.084082 8166 44679 1791425374.084053
1791425374.133893 5081 46130 1791425374.133886
1791425374.167682 428 46130 1791425374.167676
1791425374.223021 700 46130 1791425374.223015
1791425374.273462 1743 46130 1791425374.273456
1791425374.372452 25684 46130 1791425374.372443
1791425374.456016 29137 46130 1791425374.456011
1791425374.465194 2578 46130 1791425374.465186
1791425374.522417 977 46130 1791425374.522409
1791425374.596984 14835 46130 1791425374.596978
1791425374.647813 2590 46130 1791425374.647809
1791425374.704554 18466 47867 1791425374.704548
1791425374.791302 33304 47867 1791425374.791295
1791425374.862662 41087 47867 1791425374.862657
1791425374.901003 33993 47388 1791425374.900994
1791425374.901061 7827 47388 1791425374.901053
1791425374.937740 3087 47388 1791425374.937735
1791425374.974023 1465 47388 1791425374.974017
1791425375.063827 16837 47388 1791425375.063820
1791425375.135517 25811 47388 1791425375.135511
1791425375.171812 18125 47388 1791425375.171802
1791425375.250090 30397 47388 1791425375.250085
1791425375.329558 46091 47388 1791425375.329552
1791425375.342758 32283 46914 1791425375.342751
1791425375.381670 23264 46914 1791425375.381664
1791425375.391886 810 46914 1791425375.391880
1791425375.447424 3272 46914 1791425375.447419
1791425375.558158 31965 46914 1791425375.558153
1791425375.597557 28812 46914 1791425375.597551
1791425375.672895 45587 47662 1791425375.672889
1791425375.723436 41922 47186 1791425375.723429
1791425375.818363 61998 47186 1791425375.818358
1791425375.865163 59413 47186 1791425375.865158
1791425375.903367 51613 47186 1791425375.903362
1791425375.933058 43518 47186 1791425375.933052
1791425375.964541 38898 47186 1791425375.964536
1791425375.964946 10162 47186 1791425375.964941
1791425376.012162 6891 47186 1791425376.012157
1791425376.049384 263 46714 1791425376.049379
1791425376.101632 -14 46714 1791425376.101627
1791425376.149233 268 46714 1791425376.149229
1791425376.190945 -30 46714 1791425376.190938
1791425376.251246 362 46714 1791425376.251240
1791425376.305410 141 46714 1791425376.305405
1791425376.361323 1162 46714 1791425376.361317
1791425376.414727 535 46714 1791425376.414721
1791425376.460028 418 46714 1791425376.460023
1791425376.501853 719 46714 1791425376.501847
1791425376.564696 661 46714 1791425376.564689
1791425376.620412 391 46714 1791425376.620405
1791425376.671043 1111 46714 1791425376.671038
1791425376.724192 1084 46714 1791425376.724186
1791425376.776876 4763 46714 1791425376.776872
1791425376.809913 768 46714 1791425376.809905
1791425376.883502 8003 46714 1791425376.883496
1791425376.923637 690 46714 1791425376.923630
1791425376.972180 361 46714 1791425376.972174
1791425377.027124 1333 46714 1791425377.027101
1791425377.080797 1412 46247 1791425377.080790
1791425377.119497 418 46247 1791425377.119490
1791425377.173188 1052 46247 1791425377.173181
1791425377.226988 639 46247 1791425377.226982
1791425377.278515 1460 46247 1791425377.278508
1791425377.329356 -2 46247 1791425377.329351
1791425377.379607 1810 46247 1791425377.379602
1791425377.417847 867 46247 1791425377.417841
1791425377.490655 2450 46247 1791425377.490648
1791425377.532607 239 46247 1791425377.532597
1791425377.581023 759 46247 1791425377.581017
1791425377.635834 947 46247 1791425377.635828
1791425377.683481 1558 46247 1791425377.683473
1791425377.722568 1016 46247 1791425377.722562
1791425377.780173 250 46247 1791425377.780166
1791425377.835028 938 46247 1791425377.835023
1791425377.889888 2457 46247 1791425377.889881
1791425377.941330 1396 46247 1791425377.941324
1791425377.985543 258 46247 1791425377.985537
1791425378.026304 466 46247 1791425378.026299
1791425378.086958 1449 45784 1791425378.086951
1791425378.139754 188 45784 1791425378.139748
1791425378.191337 906 45784 1791425378.191332
1791425378.242774 246 45784 1791425378.242768
1791425378.290841 1107 45784 1791425378.290835
1791425378.331531 715 45784 1791425378.331526
1791425378.407583 8491 45784 1791425378.407576
1791425378.444900 188 45784 1791425378.444895
1791425378.499279 1255 45784 1791425378.497890
1791425378.549492 545 45784 1791425378.549485
1791425378.596799 1106 45784 1791425378.596793
1791425378.635432 265 45784 1791425378.635426
1791425378.695320 940 45784 1791425378.695313
1791425378.751628 837 45784 1791425378.751620
1791425378.803990 2253 45784 1791425378.803984
1791425378.859818 3791 45784 1791425378.859813
1791425378.901635 1554 45784 1791425378.901628
1791425378.941780 964 45784 1791425378.941775
1791425378.999005 639 45784 1791425378.999001
1791425379.054593 736 45784 1791425379.054584
1791425379.106317 1352 45326 1791425379.106309
1791425379.158698 940 45326 1791425379.158692
1791425379.215986 5049 45326 1791425379.215981
1791425379.247823 1612 45326 1791425379.247817
1791425379.307004 1038 45326 1791425379.306997
1791425379.359951 685 45326 1791425379.359946
1791425379.410165 801 45326 1791425379.410160
1791425379.462600 539 45326 1791425379.462595
1791425379.507502 299 45326 1791425379.507497
1791425379.556934 3059 45326 1791425379.556927
1791425379.612212 388 45326 1791425379.612205
1791425379.672703 3182 45326 1791425379.672696
1791425379.722126 900 45326 1791425379.722121
1791425379.789933 7432 45326 1791425379.789927
1791425379.819408 548 45326 1791425379.819402
1791425379.875984 4604 45326 1791425379.875978
1791425379.923792 1037 45326 1791425379.923787
1791425379.980987 531 45326 1791425379.980981
1791425380.030170 599 45326 1791425380.030163
1791425380.085005 1231 45326 1791425380.085000
1791425380.128867 797 44873 1791425380.128860
1791425380.178786 3001 44873 1791425380.178779
1791425380.227257 487 44873 1791425380.227250
1791425380.282081 680 44873 1791425380.282077
1791425380.335506 1048 44873 1791425380.335501
1791425380.386534 281 44873 1791425380.386527
1791425380.435581 746 44873 1791425380.435577
1791425380.479997 1749 44873 1791425380.479989
1791425380.536966 1436 44873 1791425380.536959
1791425380.590352 879 44873 1791425380.590345
1791425380.656761 6442 44873 1791425380.656756
1791425380.692801 381 44873 1791425380.692794
1791425380.758951 2294 44873 1791425380.758943
1791425380.781842 948 44873 1791425380.781835
1791425380.839929 486 44873 1791425380.839922
1791425380.898091 1727 44873 1791425380.898085
1791425380.976648 11331 44873 1791425380.976642
1791425381.021415 4526 44873 1791425381.021410
1791425381.057045 593 44873 1791425381.057038
1791425381.106915 3644 44873 1791425381.106908
1791425381.178159 8178 44424 1791425381.178154
1791425381.233082 8119 44424 1791425381.233077
1791425381.288676 8772 44424 1791425381.288672
1791425381.321522 -67 44424 1791425381.321514
1791425381.376058 2091 44424 1791425381.376051
1791425381.421884 2392 44424 1791425381.421875
1791425381.484686 6322 44424 1791425381.484681
1791425381.538167 5214 44424 1791425381.538162
1791425381.579808 1421 44424 1791425381.579804
1791425381.634264 2181 44424 1791425381.634259
1791425381.676874 990 44424 1791425381.676869
1791425381.720467 2140 44424 1791425381.720462
1791425381.780601 2470 44424 1791425381.780596
1791425381.836232 2511 44424 1791425381.836226
1791425381.889477 2868 44424 1791425381.889471
1791425381.938400 2778 44424 1791425381.938395
1791425381.980988 589 44424 1791425381.980984
1791425382.025585 1339 44424 1791425382.025579
1791425382.117205 11059 44424 1791425382.117200
1791425382.189480 17993 43980 1791425382.189474
1791425382.201268 118 43980 1791425382.201260
1791425382.258535 1427 43980 1791425382.258528
1791425382.307321 2137 43980 1791425382.307316
1791425382.362275 7781 43980 1791425382.362245
1791425382.405194 1707 43980 1791425382.405189
1791425382.481318 11082 43980 1791425382.481313
1791425382.553206 13055 43980 1791425382.553199
1791425382.561708 2325 43980 1791425382.561701
1791425382.634743 11226 43980 1791425382.634737
1791425382.707159 24756 43980 1791425382.707151
1791425382.719744 2504 43980 1791425382.719740
1791425382.807870 11820 43980 1791425382.807864
1791425382.820014 1204 43980 1791425382.820008
1791425382.871932 1623 43980 1791425382.871926
1791425382.924331 2873 43980 1791425382.924324
1791425382.961223 1704 43980 1791425382.961216
1791425383.017245 603 43980 1791425383.017237
1791425383.075088 1768 43980 1791425383.075082
1791425383.126167 2002 43980 1791425383.126161
1791425383.174745 972 43980 1791425383.174738
1791425383.223821 522 43540 1791425383.223816
1791425383.267275 2052 43540 1791425383.267269
1791425383.324761 1501 43540 1791425383.324755
1791425383.382670 1816 43540 1791425383.382665
1791425383.430136 2200 43540 1791425383.430130
1791425383.480022 1520 43540 1791425383.480015
1791425383.526348 1021 43540 1791425383.526344
1791425383.574586 3698 43540 1791425383.574579
1791425383.628687 2598 43540 1791425383.628682
1791425383.681606 1714 43540 1791425383.681600
1791425383.730697 1299 43540 1791425383.730691
1791425383.795190 5365 43540 1791425383.795184
1791425383.847128 6315 43540 1791425383.847120
1791425383.870630 1546 43540 1791425383.870626
1791425383.928085 847 43540 1791425383.928080
1791425383.993429 4809 43540 1791425383.993423
1791425384.050312 6542 43540 1791425384.050305
1791425384.085438 1563 43540 1791425384.085432
1791425384.143235 4860 43540 1791425384.143227
1791425384.171196 146 43540 1791425384.171192
1791425384.233039 1945 43105 1791425384.233032
1791425384.285250 958 43105 1791425384.285242
1791425384.357337 8733 43105 1791425384.357330
1791425384.393584 1162 43105 1791425384.393579
1791425384.438682 1209 43105 1791425384.438677
1791425384.477279 -20 43105 1791425384.477272
1791425384.535465 -46 43105 1791425384.535457
1791425384.590754 258 43105 1791425384.590747
1791425384.643659 33 43105 1791425384.643655
1791425384.696718 462 43105 1791425384.696713
1791425384.743197 309 43105 1791425384.743193
1791425384.785209 829 43105 1791425384.785205
1791425384.847443 953 43105 1791425384.847437
1791425384.900281 507 43105 1791425384.900275
1791425385.015845 31851 43105 1791425385.015840
1791425385.033021 13449 43105 1791425385.033014
1791425385.074463 11448 43105 1791425385.074456
1791425385.099161 2926 43105 1791425385.099156
1791425385.157144 1302 43105 1791425385.157138
1791425385.215810 4103 43105 1791425385.215804
1791425385.264200 900 42674 1791425385.264194
1791425385.364504 23775 42674 1791425385.364496
1791425385.380589 5992 42674 1791425385.380584
1791425385.407608 525 42674 1791425385.407603
1791425385.475505 5197 42674 1791425385.475499
1791425385.530203 3250 42674 1791425385.530194
1791425385.603816 11738 42674 1791425385.603812
1791425385.630010 774 42674 1791425385.630006
1791425385.677463 791 42674 1791425385.677457
1791425385.718938 824 42674 1791425385.718931
1791425385.777915 1545 42674 1791425385.777906
1791425385.831932 699 42674 1791425385.831924
1791425385.881096 438 42674 1791425385.881092
1791425385.936692 2122 42674 1791425385.936686
1791425386.002940 5785 42674 1791425386.002933
1791425386.027524 2971 42674 1791425386.027517
1791425386.086188 2043 42674 1791425386.086183
1791425386.137398 249 42674 1791425386.137390
1791425386.195079 2935 42674 1791425386.195075
1791425386.249240 3269 42674 1791425386.249234
1791425386.292017 1284 42247 1791425386.292010
1791425386.347605 4916 42247 1791425386.347599
1791425386.393267 2241 42247 1791425386.393259
1791425386.447262 1498 42247 1791425386.447255
1791425386.503854 3382 42247 1791425386.503848
1791425386.555499 4265 42247 1791425386.555493
1791425386.599252 2232 42247 1791425386.599246
1791425386.642664 2014 42247 1791425386.642658
1791425386.695910 1040 42247 1791425386.695904
1791425386.751155 847 42247 1791425386.751149
1791425386.804214 1281 42247 1791425386.804209
1791425386.872552 7108 42247 1791425386.872545
1791425386.902771 781 42247 1791425386.902766
1791425386.948060 963 42247 1791425386.948055
1791425387.010530 2837 42247 1791425387.010524
1791425387.067643 1296 42247 1791425387.067635
1791425387.117803 -7 42247 1791425387.117796
1791425387.173907 1756 42247 1791425387.173900
1791425387.215951 -32 42247 1791425387.215946
1791425387.260838 1561 42247 1791425387.260833
1791425387.320449 1436 41825 1791425387.320439
1791425387.373249 745 41825 1791425387.373245
1791425387.427509 1242 41825 1791425387.427502
1791425387.479898 1305 41825 1791425387.479894
1791425387.525108 1566 41825 1791425387.525103
1791425387.567717 1110 41825 1791425387.567710
1791425387.625063 885 41825 1791425387.625058
1791425387.682017 994 41825 1791425387.682012
1791425387.732769 841 41825 1791425387.732761
1791425387.793818 2153 41825 1791425387.793810
1791425387.867384 16450 41825 1791425387.867377
1791425387.874278 410 41825 1791425387.874272
1791425387.953883 6978 41825 1791425387.953876
1791425387.989366 743 41825 1791425387.989361
1791425388.038309 91 41825 1791425388.038303
1791425388.101835 1052 41825 1791425388.101830
1791425388.145070 3047 41825 1791425388.145065
1791425388.182013 1459 41825 1791425388.182007
1791425388.240795 1477 41825 1791425388.240788
1791425388.293726 443 41825 1791425388.293722
1791425388.344879 491 41406 1791425388.344874
1791425388.408810 1950 41406 1791425388.408803
1791425388.451704 1795 41406 1791425388.451697
1791425388.493125 2157 41406 1791425388.493120
1791425388.561149 3424 41406 1791425388.561141
1791425388.603263 842 41406 1791425388.603258
1791425388.652789 241 41406 1791425388.652784
1791425388.715084 2797 41406 1791425388.715080
1791425388.758327 2243 41406 1791425388.758321
1791425388.799268 1356 41406 1791425388.799262
1791425388.854604 623 41406 1791425388.854596
1791425388.909767 741 41406 1791425388.909763
1791425388.964746 291 41406 1791425388.964741
1791425389.021845 1396 41406 1791425389.021836
1791425389.066007 1591 41406 1791425389.066000
1791425389.106096 905 41406 1791425389.106092
1791425389.175425 3919 41406 1791425389.175419
1791425389.224057 890 41406 1791425389.224051
1791425389.276803 2439 41406 1791425389.276797
1791425389.330790 2993 41406 1791425389.330782
1791425389.373380 1989 40992 1791425389.373373
1791425389.414618 1404 40992 1791425389.414613
1791425389.470245 1018 40992 1791425389.470240
1791425389.524245 290 40992 1791425389.524239
1791425389.574770 638 40992 1791425389.574764
1791425389.628709 1242 40992 1791425389.628702
1791425389.673539 638 40992 1791425389.673534
1791425389.715425 1153 40992 1791425389.715419
1791425389.774500 1566 40992 1791425389.774493
1791425389.833618 2637 40992 1791425389.833611
1791425389.877836 88 40992 1791425389.877827
1791425389.935934 1940 40992 1791425389.935927
1791425389.977563 288 40992 1791425389.977558
1791425390.026807 4598 40992 1791425390.026802
1791425390.077778 1315 40992 1791425390.077771
1791425390.134577 1036 40992 1791425390.134568
1791425390.180670 88 40992 1791425390.180663
1791425390.234011 739 40992 1791425390.234006
1791425390.286017 1686 40992 1791425390.286011
1791425390.323958 1197 40992 1791425390.323951
1791425390.384505 1863 40582 1791425390.384500
1791425390.437259 336 40582 1791425390.437255
1791425390.488216 238 40582 1791425390.488209
1791425390.540694 788 40582 1791425390.540687
1791425390.585705 286 40582 1791425390.585701
1791425390.627069 497 40582 1791425390.627065
1791425390.700700 5557 40582 1791425390.700694
1791425390.757166 1235 40582 1791425390.757157
1791425390.800038 438 40582 1791425390.800031
1791425390.867543 4434 40582 1791425390.867539
1791425390.899329 635 40582 1791425390.899322
1791425390.955713 5042 40582 1791425390.955707
1791425390.999702 1156 40582 1791425390.999697
1791425391.050408 -47 40582 1791425391.050403
1791425391.101769 38 40582 1791425391.101765
1791425391.165381 1582 40582 1791425391.165376
1791425391.206481 1883 40582 1791425391.206476
1791425391.253537 3638 40582 1791425391.253533
1791425391.307051 1005 40582 1791425391.307042
1791425391.364597 1402 40582 1791425391.364592
1791425391.423942 3135 40177 1791425391.423936
1791425391.473937 1081 40177 1791425391.473929
1791425391.519137 2980 40177 1791425391.519132
1791425391.556336 737 40177 1791425391.556331
1791425391.613862 1204 40177 1791425391.613857
1791425391.669909 2050 40177 1791425391.669901
1791425391.720104 285 40177 1791425391.720098
1791425391.773612 1230 40177 1791425391.773606
1791425391.819559 979 40177 1791425391.819552
1791425391.869358 4732 40177 1791425391.869353
1791425391.918346 803 40177 1791425391.918338
1791425391.972762 949 40177 1791425391.972755
1791425392.029992 1533 40177 1791425392.029987
1791425392.081890 2328 40177 1791425392.081885
1791425392.124675 578 40177 1791425392.124670
1791425392.186475 8474 40177 1791425392.186468
1791425392.227441 952 40177 1791425392.227436
1791425392.285986 2746 40177 1791425392.285982
1791425392.335192 1282 40177 1791425392.335185
1791425392.390530 2575 40177 1791425392.390525
1791425392.452123 6422 39775 1791425392.452114
1791425392.474260 1672 39775 1791425392.474253
1791425392.530827 1201 39775 1791425392.530821
1791425392.586012 1844 39775 1791425392.586007
1791425392.638025 1730 39775 1791425392.638019
1791425392.690571 2473 39775 1791425392.690562
1791425392.734194 372 39775 1791425392.734187
1791425392.779453 1870 39775 1791425392.779446
1791425392.848655 6894 39775 1791425392.848649
1791425392.894044 2492 39775 1791425392.894037
1791425392.940374 30 39775 1791425392.940369
1791425392.997195 1721 39775 1791425392.997189
1791425393.041190 1271 39775 1791425393.041184
1791425393.080668 420 39775 1791425393.080663
1791425393.140760 1792 39775 1791425393.140753
1791425393.199634 3838 39775 1791425393.199628
1791425393.251086 1079 39775 1791425393.251078
1791425393.301051 2868 39775 1791425393.301044
1791425393.345565 271 39775 1791425393.345559
1791425393.386270 1818 39775 1791425393.386264
1791425393.445448 1590 39775 1791425393.445442
1791425393.499407 1586 39377 1791425393.499401
1791425393.552963 928 39377 1791425393.552955
1791425393.603074 1217 39377 1791425393.603067
1791425393.653515 3068 39377 1791425393.653509
1791425393.718903 14603 39377 1791425393.718896
1791425393.746905 390 39377 1791425393.746900
1791425393.803330 585 39377 1791425393.803322
1791425393.866029 5522 39377 1791425393.866021
1791425393.920795 4063 39377 1791425393.920789
1791425393.951866 168 39377 1791425393.951859
1791425393.995257 852 39377 1791425393.995252
1791425394.053816 539 39377 1791425394.053809
1791425394.125737 7777 39377 1791425394.125732
1791425394.166042 3668 39377 1791425394.166034
1791425394.215168 1761 39377 1791425394.215161
1791425394.261854 1866 39377 1791425394.261847
1791425394.308993 3698 39377 1791425394.308986
1791425394.358906 988 39377 1791425394.358901
1791425394.415612 1276 39377 1791425394.415605
1791425394.463660 717 39377 1791425394.463656
1791425394.517875 2059 38983 1791425394.517868
1791425394.562283 915 38983 1791425394.562275
1791425394.602233 647 38983 1791425394.602227
1791425394.664063 2086 38983 1791425394.664033
1791425394.715209 725 38983 1791425394.715200
1791425394.770631 766 38983 1791425394.770622
1791425394.822929 608 38983 1791425394.822922
1791425394.869535 465 38983 1791425394.869531
1791425394.914254 1396 38983 1791425394.914250
1791425394.970281 685 38983 1791425394.970277
1791425395.028907 524 38983 1791425395.028901
1791425395.084495 1065 38983 1791425395.084487
1791425395.145946 5453 38983 1791425395.145938
1791425395.190222 4111 38983 1791425395.190213
1791425395.288188 31315 38983 1791425395.288181
1791425395.299999 4780 38983 1791425395.299991
1791425395.407946 35039 38983 1791425395.407940
1791425395.468595 34231 38593 1791425395.468588
1791425395.520017 36666 38593 1791425395.520009
1791425395.547926 26884 38593 1791425395.547917
1791425395.557211 14051 38593 1791425395.557203
1791425395.608123 9670 38593 1791425395.608118
1791425395.670648 11577 38593 1791425395.670643
1791425395.742898 11769 38593 1791425395.742893
1791425395.758980 1864 38593 1791425395.758975
1791425395.810945 1882 40137 1791425395.810938
1791425395.847915 1899 40137 1791425395.847907
1791425395.937659 16603 40137 1791425395.937652
1791425395.960276 1026 40137 1791425395.960268
1791425396.023689 6562 40137 1791425396.023684
1791425396.066136 2212 40137 1791425396.066129
1791425396.130290 7175 40137 1791425396.130282
1791425396.184052 13186 40137 1791425396.184046
1791425396.365287 55597 40137 1791425396.365280
1791425396.395867 58168 40137 1791425396.395862
1791425396.472606 76186 38091 1791425396.472601
1791425396.565670 76585 38091 1791425396.565664
1791425396.665298 103022 38091 1791425396.665292
1791425396.665321 87199 38091 1791425396.665313
1791425396.685111 59038 38091 1791425396.685105
1791425396.734530 60108 38091 1791425396.734524
1791425396.813658 68118 28568 1791425396.813654
1791425396.850666 56029 28568 1791425396.850661
1791425396.917535 71950 28568 1791425396.917530
1791425396.945005 68131 28568 1791425396.945000
1791425397.023773 70967 28568 1791425397.023769
1791425397.099792 83025 28568 1791425397.099784
1791425397.137250 72545 21426 1791425397.137245
1791425397.200793 77451 21426 1791425397.200787
1791425397.208956 53896 21426 1791425397.208951
1791425397.208971 33547 21426 1791425397.208967
1791425397.224325 15252 21426 1791425397.224319
1791425397.256211 3022 21426 1791425397.256203
1791425397.319651 2792 21426 1791425397.319644
1791425397.402335 17683 21426 1791425397.402330
1791425397.469697 26519 22030 1791425397.469688
1791425397.524943 26820 22699 1791425397.524936
1791425397.597124 40911 22699 1791425397.597119
1791425397.619635 25796 22699 1791425397.619629
1791425397.708741 42000 22699 1791425397.708735
1791425397.777892 49883 21602 1791425397.777884
1791425397.777931 28241 21602 1791425397.777925
1791425397.799886 15255 21602 1791425397.799881
1791425397.868087 19491 21602 1791425397.868082
1791425397.961323 36959 21602 1791425397.961318
1791425398.044094 47452 21602 1791425398.044089
1791425398.073156 32800 21602 1791425398.073147
1791425398.152984 50291 20841 1791425398.152977
1791425398.181555 45509 20841 1791425398.181547
1791425398.222771 32409 20841 1791425398.222764
1791425398.224384 7252 20841 1791425398.224379
1791425398.261889 1351 20841 1791425398.261882
1791425398.335256 5994 20841 1791425398.327824
1791425398.380874 5585 20841 1791425398.380867
1791425398.487219 29280 21547 1791425398.487210
1791425398.557904 41817 22208 1791425398.557896
1791425398.615564 35417 22208 1791425398.615559
1791425398.631531 25176 22208 1791425398.631526
1791425398.727806 12232 22208 1791425398.727801
1791425398.727820 3232 22208 1791425398.727816
1791425398.796809 22458 22208 1791425398.796802
1791425398.840083 21446 22208 1791425398.840078
1791425398.903384 20447 22787 1791425398.903376
1791425398.937093 12613 22787 1791425398.937086
1791425399.023030 31800 22787 1791425399.023025
1791425399.043979 21311 22787 1791425399.043975
1791425399.078342 14643 22787 1791425399.078334
1791425399.157628 10885 23330 1791425399.157620
1791425399.214979 1995 23330 1791425399.214971
1791425399.271538 2560 23330 1791425399.271532
1791425399.319173 -15 24263 1791425399.319167
1791425399.375064 660 24263 1791425399.375059
1791425399.426313 3190 24263 1791425399.426308
1791425399.481547 1234 24263 1791425399.481539
1791425399.544310 4840 25234 1791425399.544305
1791425399.593940 3506 25234 1791425399.593933
1791425399.657107 5130 25234 1791425399.657101
1791425399.697663 4256 26243 1791425399.697657
1791425399.756114 10579 26243 1791425399.756109
1791425399.822808 5528 26243 1791425399.822801
1791425399.873509 3087 26243 1791425399.873501
1791425399.921934 1704 27293 1791425399.921929
1791425399.993560 2178 27293 1791425399.993555
1791425400.027473 1255 27293 1791425400.027464
1791425400.080319 978 27293 1791425400.080314
1791425400.157244 4124 28385 1791425400.157237
1791425400.201595 2085 28385 1791425400.201588
1791425400.290179 16438 28385 1791425400.290171
1791425400.368109 21656 29520 1791425400.368102
1791425400.437086 27028 29520 1791425400.437078
1791425400.467182 35992 29520 1791425400.467174
1791425400.488450 5518 29520 1791425400.488442
1791425400.663278 71314 29520 1791425400.663272
1791425400.736800 66821 27419 1791425400.736793
1791425400.761179 52354 27419 1791425400.761173
1791425400.761208 29299 27419 1791425400.761199
1791425400.791368 26366 27419 1791425400.791362
1791425400.864822 31437 27419 1791425400.864814
1791425400.913447 29834 27419 1791425400.913442
1791425400.968333 31240 27419 1791425400.968324
1791425401.047012 42811 26839 1791425401.047006
1791425401.080979 38161 26839 1791425401.080971
1791425401.151665 53313 26839 1791425401.151659
1791425401.187566 39697 26839 1791425401.187559
1791425401.204898 18915 26839 1791425401.204893
1791425401.240952 7632 26839 1791425401.240944
1791425401.304525 19392 26839 1791425401.304518
1791425401.393052 42119 26570 1791425401.393045
1791425401.409412 27935 26570 1791425401.409405
1791425401.455507 16481 26570 1791425401.455501
1791425401.518201 18796 26570 1791425401.518195
1791425401.537221 9972 26570 1791425401.537214
1791425401.589892 8284 26570 1791425401.589886
1791425401.668417 23096 26570 1791425401.668411
1791425401.748629 40245 26647 1791425401.748624
1791425401.789619 29901 26647 1791425401.789612
1791425401.835636 26170 26647 1791425401.835629
1791425401.843434 3469 26647 1791425401.843427
1791425401.916420 10274 26647 1791425401.916412
1791425401.977435 11534 26647 1791425401.977429
1791425402.074684 39006 26647 1791425402.074676
1791425402.115585 22528 26647 1791425402.115577
1791425402.133571 4466 26647 1791425402.133565
1791425402.187189 3166 26647 1791425402.187184
1791425402.245435 11013 26647 1791425402.245431
1791425402.273047 1033 26647 1791425402.273041
1791425402.330210 5900 27713 1791425402.330203
1791425402.388842 8270 27713 1791425402.388836
1791425402.428820 1365 27713 1791425402.428813
1791425402.497454 9357 27713 1791425402.497449
1791425402.544632 5008 27713 1791425402.544624
1791425402.596418 6227 27713 1791425402.596412
1791425402.714812 37812 27713 1791425402.714804
1791425402.790881 54565 27713 1791425402.790875
1791425402.856639 42173 27436 1791425402.856631
1791425402.856679 18488 27436 1791425402.856672
1791425402.856701 208 27436 1791425402.856695
1791425402.940658 19807 27436 1791425402.940654
1791425402.978474 13249 27436 1791425402.978469
1791425403.030143 9905 27436 1791425403.030137
1791425403.065116 173 27436 1791425403.065111
1791425403.115821 -21 27436 1791425403.115815
1791425403.172326 807 28533 1791425403.172321
1791425403.232129 7749 28533 1791425403.232123
1791425403.275200 1797 28533 1791425403.275193
1791425403.339038 5150 28533 1791425403.339031
1791425403.382616 722 28533 1791425403.382609
1791425403.438697 329 28533 1791425403.438690
1791425403.523157 6101 29675 1791425403.523148
1791425403.552348 5494 29675 1791425403.552342
1791425403.590814 4293 29675 1791425403.590807
1791425403.645141 2148 29675 1791425403.645134
1791425403.705567 4218 30862 1791425403.705561
1791425403.760866 1827 30862 1791425403.760857
1791425403.803118 1649 30862 1791425403.803109
1791425403.846735 -6 30862 1791425403.846727
1791425403.901263 1691 32096 1791425403.901258
1791425403.957204 5842 32096 1791425403.957197
1791425404.010591 4563 32096 1791425404.010586
1791425404.073905 4223 32096 1791425404.073895
1791425404.113724 798 33380 1791425404.113715
1791425404.191773 1942 33380 1791425404.191767
1791425404.208833 5386 33380 1791425404.208826
1791425404.264153 2989 33380 1791425404.264147
1791425404.315997 1212 34715 1791425404.315990
1791425404.376313 2670 34715 1791425404.376308
1791425404.448674 8490 34715 1791425404.448667
1791425404.470520 92 34715 1791425404.470515
1791425404.581522 27409 36104 1791425404.581514
1791425404.677141 48490 36104 1791425404.677133
1791425404.701951 38623 36104 1791425404.701946
1791425404.767877 45375 35743 1791425404.767871
1791425404.791632 30559 35743 1791425404.791627
1791425404.873908 48044 35743 1791425404.873900
1791425404.932247 56053 35743 1791425404.932242
1791425404.969687 44945 35743 1791425404.969680
1791425404.996207 32041 35743 1791425404.996200
1791425404.996234 6618 35743 1791425404.996228
1791425405.032503 -14 35743 1791425405.032497
1791425405.080620 144 35385 1791425405.080616
1791425405.122365 -70 35385 1791425405.122361
1791425405.181300 -31 35385 1791425405.181293
1791425405.235983 -41 35385 1791425405.235977
1791425405.286371 -53 35385 1791425405.286367
1791425405.339057 -11 35385 1791425405.339050
1791425405.387376 94 35385 1791425405.387351
1791425405.428701 30 35385 1791425405.428696
1791425405.488483 119 35385 1791425405.488478
1791425405.544192 259 35385 1791425405.544184
1791425405.594964 147 35385 1791425405.594960
1791425405.653376 389 35385 1791425405.653371
1791425405.701239 -6 35385 1791425405.701232
1791425405.743095 130 35385 1791425405.743090
1791425405.802113 -38 35385 1791425405.802108
1791425405.859202 109 35385 1791425405.859198
1791425405.911668 646 35385 1791425405.911663
1791425405.965561 688 35385 1791425405.965555
1791425406.013763 394 35385 1791425406.013759
1791425406.056203 1079 35385 1791425406.056198
1791425406.113002 412 35031 1791425406.112997
1791425406.167286 159 35031 1791425406.167280
1791425406.221494 346 35031 1791425406.221488
1791425406.276513 637 35031 1791425406.276506
1791425406.321982 -11 35031 1791425406.321977
1791425406.367729 1128 35031 1791425406.367725
1791425406.426116 1311 35031 1791425406.426105
1791425406.483062 309 35031 1791425406.483057
1791425406.534747 545 35031 1791425406.534743
1791425406.588766 636 35031 1791425406.588758
1791425406.639027 2287 35031 1791425406.639022
1791425406.676965 228 35031 1791425406.676960
1791425406.736291 111 35031 1791425406.736286
1791425406.790680 259 35031 1791425406.790675
1791425406.843084 944 35031 1791425406.843080
1791425406.897442 -11 35031 1791425406.897437
1791425406.944971 187 35031 1791425406.944966
1791425406.986316 478 35031 1791425406.986312
1791425407.048682 161 35031 1791425407.048677
1791425407.119248 558 34681 1791425407.119243
1791425407.168478 44 34681 1791425407.168472
1791425407.221800 289 34681 1791425407.221794
1791425407.267292 -56 34681 1791425407.267287
1791425407.310236 228 34681 1791425407.310232
1791425407.368334 261 34681 1791425407.368330
1791425407.422880 308 34681 1791425407.422875
1791425407.472995 -26 34681 1791425407.472991
1791425407.526435 239 34681 1791425407.526430
1791425407.572937 -11 34681 1791425407.572932
1791425407.619864 1576 34681 1791425407.619857
1791425407.675635 361 34681 1791425407.675630
1791425407.730109 358 34681 1791425407.730103
1791425407.781933 623 34681 1791425407.781926
1791425407.836727 738 34681 1791425407.836720
1791425407.881061 39 34681 1791425407.881057
1791425407.922561 -17 34681 1791425407.922556
1791425407.986100 161 34681 1791425407.986095
1791425408.040706 108 34681 1791425408.040702
1791425408.092011 622 34681 1791425408.092006
1791425408.142912 -6 34334 1791425408.142907
1791425408.191857 -6 34334 1791425408.191852
1791425408.236680 -22 34334 1791425408.236676
1791425408.296082 610 34334 1791425408.296078
1791425408.354085 -29 34334 1791425408.354078
1791425408.406187 671 34334 1791425408.406176
1791425408.457654 494 34334 1791425408.457649
1791425408.504089 494 34334 1791425408.504083
1791425408.546119 1077 34334 1791425408.546115
1791425408.611221 -4 34334 1791425408.611216
1791425408.671023 620 34334 1791425408.671018
1791425408.720095 -8 34334 1791425408.720090
1791425408.772381 -11 34334 1791425408.772376
1791425408.820698 743 34334 1791425408.820694
1791425408.862264 676 34334 1791425408.862258
1791425408.923568 346 34334 1791425408.923564
1791425408.979926 519 34334 1791425408.979921
1791425409.031248 741 34334 1791425409.031243
1791425409.082950 289 34334 1791425409.082944
1791425409.128851 243 34334 1791425409.128846
1791425409.170562 426 33991 1791425409.170557
1791425409.228109 296 33991 1791425409.228100
1791425409.282544 518 33991 1791425409.282537
1791425409.334804 -16 33991 1791425409.334797
1791425409.389185 339 33991 1791425409.389177
1791425409.438492 293 33991 1791425409.438488
1791425409.497830 725 33991 1791425409.497826
1791425409.567536 296 33991 1791425409.567529
1791425409.625540 168 33991 1791425409.625535
1791425409.676094 434 33991 1791425409.676088
1791425409.730551 339 33991 1791425409.730545
1791425409.784944 1042 33991 1791425409.784935
1791425409.826388 375 33991 1791425409.826382
1791425409.883813 -5 33991 1791425409.883806
1791425409.940085 468 33991 1791425409.940081
1791425409.992544 733 33991 1791425409.992536
1791425410.050457 389 33991 1791425410.050450
1791425410.098675 492 33991 1791425410.098667
1791425410.294999 2473 33651 1791425410.294982
1791425410.347881 445 33651 1791425410.347877
1791425410.406236 68 33651 1791425410.406226
1791425410.479523 1082 33651 1791425410.479517
1791425410.532312 1038 33651 1791425410.532306
1791425410.580405 192 33651 1791425410.580393
1791425410.623318 722 33651 1791425410.623312
1791425410.680879 495 33651 1791425410.680875
1791425410.739638 717 33651 1791425410.739630
1791425410.790410 781 33651 1791425410.790398
1791425410.844863 1037 33651 1791425410.844849
1791425410.889761 342 33651 1791425410.889757
1791425410.931564 322 33651 1791425410.931560
1791425410.993428 1044 33651 1791425410.993424
1791425411.074956 566 33651 1791425411.074879
1791425411.127181 630 33651 1791425411.127162
1791425411.181450 536 33651 1791425411.181445
1791425411.227181 -16 33651 1791425411.227176
1791425411.271137 521 33651 1791425411.271132
1791425411.330771 344 33315 1791425411.330766
1791425411.385084 16 33315 1791425411.385080
1791425411.437357 80 33315 1791425411.437353
1791425411.495517 1684 33315 1791425411.495511
1791425411.588812 583 33315 1791425411.588799
1791425411.675005 2219 33315 1791425411.674975
1791425411.735961 244 33315 1791425411.735955
1791425411.824017 316 33315 1791425411.823674
1791425411.880314 1828 33315 1791425411.880310
1791425411.930746 583 33315 1791425411.930741
1791425411.976050 383 33315 1791425411.976045
1791425412.019539 918 33315 1791425412.019535
1791425412.080453 -16 33315 1791425412.080447
1791425412.144941 466 33315 1791425412.144937
1791425412.195461 627 33315 1791425412.195456
1791425412.318145 1382 33315 1791425412.318141
1791425412.363495 333 32981 1791425412.363490
1791425412.405218 268 32981 1791425412.404996
1791425412.467277 683 32981 1791425412.467271
1791425412.523293 715 32981 1791425412.523288
1791425412.581428 277 32981 1791425412.581423
1791425412.635810 182 32981 1791425412.635805
1791425412.687483 133 32981 1791425412.687474
1791425412.777604 717 32981 1791425412.777600
1791425412.835507 832 32981 1791425412.835503
1791425412.889524 564 32981 1791425412.889518
1791425412.944557 826 32981 1791425412.944552
1791425412.998507 631 32981 1791425412.998503
1791425413.075903 383 32981 1791425413.075896
1791425413.118807 916 32981 1791425413.118803
1791425413.190319 432 32981 1791425413.190314
1791425413.244748 64 32981 1791425413.244743
1791425413.302281 1425 32981 1791425413.302275
1791425413.359130 131 32981 1791425413.359126
1791425413.405278 283 32652 1791425413.405273
1791425413.446745 515 32652 1791425413.446739
1791425413.504376 332 32652 1791425413.504371
1791425413.593684 763 32652 1791425413.593679
1791425413.648307 1873 32652 1791425413.648303
1791425413.731574 431 32652 1791425413.731569
1791425413.793293 782 32652 1791425413.793289
1791425413.834442 265 32652 1791425413.834437
1791425413.892270 82 32652 1791425413.892264
1791425413.946838 113 32652 1791425413.946833
1791425413.999204 772 32652 1791425413.999199
1791425414.051709 281 32652 1791425414.051705
1791425414.097235 132 32652 1791425414.097231
1791425414.146732 664 32652 1791425414.146727
1791425414.208203 482 32652 1791425414.208198
1791425414.266888 13 32652 1791425414.266883
1791425414.322971 871 32652 1791425414.322964
1791425414.377418 131 32652 1791425414.377414
1791425414.423573 232 32325 1791425414.423569
1791425414.467761 1662 32325 1791425414.467757
1791425414.522957 382 32325 1791425414.522952
1791425414.587227 463 32325 1791425414.587223
1791425414.639867 1120 32325 1791425414.639861
1791425414.691669 81 32325 1791425414.691665
1791425414.740388 1031 32325 1791425414.740376
1791425414.785622 1411 32325 1791425414.785599
1791425414.844364 1580 32325 1791425414.844339
1791425414.900670 862 32325 1791425414.900659
1791425414.949493 170 32325 1791425414.949489
1791425415.003636 -2 32325 1791425415.003631
1791425415.051607 331 32325 1791425415.051603
1791425415.108783 860 32325 1791425415.108779
1791425415.170582 879 32325 1791425415.170574
1791425415.226556 711 32325 1791425415.226552
1791425415.279314 869 32325 1791425415.279310
1791425415.331362 747 32325 1791425415.331357
1791425415.378188 1130 32325 1791425415.378183
1791425415.419107 609 32325 1791425415.419103
1791425415.502596 578 32002 1791425415.502590
1791425415.593699 710 32002 1791425415.593686
1791425415.667119 2866 32002 1791425415.667115
1791425415.716903 1096 32002 1791425415.716898
1791425415.766254 979 32002 1791425415.766249
1791425415.808097 1058 32002 1791425415.808093
1791425415.872026 1127 32002 1791425415.872021
1791425415.927129 659 32002 1791425415.927121
1791425415.979423 565 32002 1791425415.979417
1791425416.032203 545 32002 1791425416.032198
1791425416.079535 728 32002 1791425416.079530
1791425416.125172 208 32002 1791425416.125166
1791425416.207969 1226 32002 1791425416.207964
1791425416.264660 159 32002 1791425416.264654
1791425416.316690 964 32002 1791425416.316685
1791425416.373358 -16 32002 1791425416.373351
1791425416.421085 28 32002 1791425416.421080
1791425416.466603 957 32002 1791425416.466597
1791425416.524134 775 31682 1791425416.524129
1791425416.580402 59 31682 1791425416.580397
1791425416.630805 14 31682 1791425416.630800
1791425416.691629 2132 31682 1791425416.691625
1791425416.740863 478 31682 1791425416.740855
1791425416.784482 506 31682 1791425416.784476
1791425416.846344 475 31682 1791425416.846337
1791425416.901009 508 31682 1791425416.900998
1791425416.951611 364 31682 1791425416.951604
1791425417.006359 531 31682 1791425417.006349
1791425417.061361 428 31682 1791425417.061355
1791425417.102770 406 31682 1791425417.102761
1791425417.167356 375 31682 1791425417.167350
1791425417.227658 1007 31682 1791425417.227652
1791425417.283778 513 31682 1791425417.283771
1791425417.339792 431 31682 1791425417.339784
1791425417.399579 1027 31682 1791425417.399574
1791425417.438813 56 31682 1791425417.438809
1791425417.500706 974 31682 1791425417.500699
1791425417.556930 257 31365 1791425417.556926
1791425417.607282 213 31365 1791425417.607278
1791425417.662013 630 31365 1791425417.662009
1791425417.709466 676 31365 1791425417.709461
1791425417.795594 805 31365 1791425417.795590
1791425417.859638 723 31365 1791425417.859633
1791425417.917279 -19 31365 1791425417.917275
1791425417.973636 213 31365 1791425417.973631
1791425418.028395 829 31365 1791425418.028391
1791425418.074093 376 31365 1791425418.074088
1791425418.115579 305 31365 1791425418.115573
1791425418.183712 1222 31365 1791425418.183707
1791425418.237297 1080 31365 1791425418.237290
1791425418.292044 413 31365 1791425418.292037
1791425418.404633 479 31365 1791425418.404627
1791425418.456109 226 31365 1791425418.456103
1791425418.500131 255 31365 1791425418.500125
1791425418.563963 871 31051 1791425418.563956
1791425418.618076 529 31051 1791425418.618057
1791425418.670041 962 31051 1791425418.670033
1791425418.738119 678 31051 1791425418.738115
1791425418.816764 -7 31051 1791425418.816760
1791425418.894728 1354 31051 1791425418.894722
1791425418.952948 221 31051 1791425418.952944
1791425419.009581 1028 31051 1791425419.009576
1791425419.059807 312 31051 1791425419.059802
1791425419.112853 677 31051 1791425419.112848
1791425419.160779 742 31051 1791425419.160773
1791425419.201728 603 31051 1791425419.201723
1791425419.261387 570 31051 1791425419.261383
1791425419.335282 877 31051 1791425419.335277
1791425419.416913 212 31051 1791425419.416907
1791425419.479503 976 31051 1791425419.479497
1791425419.524594 741 31051 1791425419.524589
1791425419.566738 652 30741 1791425419.566733
1791425419.623963 70 30741 1791425419.623958
1791425419.680088 726 30741 1791425419.680083
1791425419.730926 362 30741 1791425419.730922
1791425419.820304 725 30741 1791425419.820300
1791425419.881190 441 30741 1791425419.881184
1791425419.945258 452 30741 1791425419.945253
1791425420.003475 470 30741 1791425420.003469
1791425420.057571 226 30741 1791425420.057561
1791425420.108125 212 30741 1791425420.108119
1791425420.207156 874 30741 1791425420.207150
1791425420.254917 391 30741 1791425420.254911
1791425420.296525 402 30741 1791425420.296520
1791425420.354476 220 30741 1791425420.354471
1791425420.410831 1075 30741 1791425420.410825
1791425420.470874 711 30741 1791425420.470869
1791425420.523376 823 30741 1791425420.523371
1791425420.574899 590 30433 1791425420.574894
1791425420.619164 501 30433 1791425420.619156
1791425420.678220 969 30433 1791425420.678216
1791425420.736787 774 30433 1791425420.736780
1791425420.789036 960 30433 1791425420.789029
1791425420.841165 872 30433 1791425420.841160
1791425420.887428 739 30433 1791425420.887423
1791425420.929169 950 30433 1791425420.929162
1791425420.987040 668 30433 1791425420.987034
1791425421.048812 773 30433 1791425421.048804
1791425421.099410 460 30433 1791425421.099402
1791425421.153628 721 30433 1791425421.153624
1791425421.201720 439 30433 1791425421.201715
1791425421.295527 949 30433 1791425421.295522
1791425421.353301 717 30433 1791425421.353294
1791425421.420573 1372 30433 1791425421.420568
1791425421.481279 360 30433 1791425421.481275
1791425421.536129 620 30433 1791425421.536124
1791425421.585618 239 30129 1791425421.585614
1791425421.632998 399 30129 1791425421.632993
1791425421.696378 1016 30129 1791425421.696374
1791425421.762871 472 30129 1791425421.762866
1791425421.813297 210 30129 1791425421.813290
1791425421.888736 719 30129 1791425421.888731
1791425421.940490 538 30129 1791425421.940485
1791425421.989904 1048 30129 1791425421.989897
1791425422.047533 565 30129 1791425422.047528
1791425422.102180 671 30129 1791425422.102175
1791425422.156441 709 30129 1791425422.156435
1791425422.214544 219 30129 1791425422.214538
1791425422.262626 338 30129 1791425422.262621
1791425422.304277 198 30129 1791425422.304272
1791425422.388720 265 30129 1791425422.388715
1791425422.443639 321 30129 1791425422.443631
1791425422.494070 159 30129 1791425422.494065
1791425422.546504 269 30129 1791425422.546500
1791425422.594516 488 29828 1791425422.594506
1791425422.637749 847 29828 1791425422.637745
1791425422.695384 714 29828 1791425422.695379
1791425422.751993 920 29828 1791425422.751989
1791425422.812109 958 29828 1791425422.812105
1791425422.866389 768 29828 1791425422.866382
1791425422.912810 288 29828 1791425422.912802
1791425422.959865 147 29828 1791425422.959859
1791425423.018037 314 29828 1791425423.018010
1791425423.078011 1119 29828 1791425423.078004
1791425423.128317 408 29828 1791425423.128312
1791425423.181832 517 29828 1791425423.181827
1791425423.227016 687 29828 1791425423.227009
1791425423.267968 97 29828 1791425423.267964
1791425423.362900 214 29828 1791425423.362894
1791425423.421240 419 29828 1791425423.421234
1791425423.471424 358 29828 1791425423.471420
1791425423.526654 766 29828 1791425423.526650
1791425423.573236 337 29828 1791425423.573232
1791425423.616694 746 29529 1791425423.616686
1791425423.673956 813 29529 1791425423.673951
1791425423.730146 219 29529 1791425423.730142
1791425423.781083 458 29529 1791425423.781074
1791425423.835995 565 29529 1791425423.835980
1791425423.923717 886 29529 1791425423.923712
1791425423.969527 1145 29529 1791425423.969523
1791425424.029124 463 29529 1791425424.029117
1791425424.085409 868 29529 1791425424.085399
1791425424.138806 1457 29529 1791425424.138800
1791425424.191498 1314 29529 1791425424.191488
1791425424.239870 935 29529 1791425424.239865
1791425424.284404 1344 29529 1791425424.284399
1791425424.403261 712 29529 1791425424.403256
1791425424.457768 817 29529 1791425424.457764
1791425424.508130 257 29529 1791425424.508124
1791425424.560431 364 29529 1791425424.560426
1791425424.606745 335 29529 1791425424.606739
1791425424.654322 843 29234 1791425424.654314
1791425424.711386 462 29234 1791425424.711382
1791425424.772306 866 29234 1791425424.772302
1791425424.822401 457 29234 1791425424.822397
1791425424.878417 164 29234 1791425424.878412
1791425424.938391 1034 29234 1791425424.938385
1791425424.981541 143 29234 1791425424.981536
1791425425.043228 262 29234 1791425425.043221
1791425425.106089 1215 29234 1791425425.106085
1791425425.155748 207 29234 1791425425.155744
1791425425.208773 763 29234 1791425425.208769
1791425425.337867 384 29234 1791425425.337858
1791425425.378891 193 29234 1791425425.378885
1791425425.446657 162 29234 1791425425.446651
1791425425.516500 465 29234 1791425425.516494
1791425425.568851 906 29234 1791425425.568846
1791425425.623084 812 29234 1791425425.623080
1791425425.720113 334 28942 1791425425.720108
1791425425.772670 243 28942 1791425425.772666
1791425425.830188 62 28942 1791425425.830182
1791425425.886524 415 28942 1791425425.886519
1791425425.941327 1954 28942 1791425425.941321
1791425425.992371 611 28942 1791425425.992364
1791425426.042558 334 28942 1791425426.042553
1791425426.086905 792 28942 1791425426.086899
1791425426.150859 1111 28942 1791425426.150852
1791425426.206405 1663 28942 1791425426.206399
1791425426.264116 1752 28942 1791425426.264110
1791425426.327851 1410 28942 1791425426.327846
1791425426.378902 284 28942 1791425426.378897
1791425426.424344 1191 28942 1791425426.424337
1791425426.482410 610 28942 1791425426.482404
1791425426.538299 1012 28942 1791425426.538292
1791425426.590077 1301 28942 1791425426.590071
1791425426.651078 1109 28942 1791425426.651073
1791425426.697038 983 28942 1791425426.697032
1791425426.741303 1340 28652 1791425426.741297
1791425426.799780 1758 28652 1791425426.799771
1791425426.866945 212 28652 1791425426.866940
1791425426.934286 3997 28652 1791425426.934263
1791425426.982223 1108 28652 1791425426.982216
1791425427.031751 383 28652 1791425427.031745
1791425427.073167 -6 28652 1791425427.073163
1791425427.139301 1906 28652 1791425427.139289
1791425427.191048 511 28652 1791425427.191042
1791425427.254197 696 28652 1791425427.254185
1791425427.318006 1806 28652 1791425427.317988
1791425427.398493 582 28652 1791425427.398489
1791425427.463490 394 28652 1791425427.463483
1791425427.554369 56 28652 1791425427.554363
1791425427.610335 261 28652 1791425427.610330
1791425427.662820 1095 28652 1791425427.662815
1791425427.714785 755 28652 1791425427.714777
1791425427.762988 881 28366 1791425427.762982
1791425427.806375 843 28366 1791425427.806368
1791425427.867916 755 28366 1791425427.867910
1791425427.924368 960 28366 1791425427.924363
1791425427.991992 644 28366 1791425427.991984
1791425428.048929 305 28366 1791425428.048925
1791425428.096801 530 28366 1791425428.096795
1791425428.138695 243 28366 1791425428.138690
1791425428.199334 804 28366 1791425428.199330
1791425428.254475 659 28366 1791425428.254471
1791425428.323390 843 28366 1791425428.323385
1791425428.376067 1054 28366 1791425428.376062
1791425428.421750 579 28366 1791425428.421746
1791425428.470669 3589 28366 1791425428.470661
1791425428.556800 1053 28366 1791425428.556791
1791425428.610339 409 28366 1791425428.610334
1791425428.664884 692 28366 1791425428.664879
1791425428.717562 1003 28366 1791425428.717558
1791425428.766899 1078 28082 1791425428.766891
1791425428.808966 1188 28082 1791425428.808955
1791425428.878838 2451 28082 1791425428.878832
1791425428.929296 508 28082 1791425428.929289
1791425428.979762 142 28082 1791425428.979757
1791425429.047386 852 28082 1791425429.047381
1791425429.095822 877 28082 1791425429.095815
1791425429.139692 1187 28082 1791425429.139687
1791425429.197049 401 28082 1791425429.197043
1791425429.255125 1506 28082 1791425429.255120
1791425429.304814 342 28082 1791425429.304810
1791425429.379226 901 28082 1791425429.379211
1791425429.424129 227 28082 1791425429.424123
1791425429.465544 437 28082 1791425429.465539
1791425429.525901 1000 28082 1791425429.525896
1791425429.577775 56 28082 1791425429.577771
1791425429.630271 791 28082 1791425429.630267
1791425429.682985 800 28082 1791425429.682978
1791425429.735424 1076 28082 1791425429.735419
1791425429.778165 487 27801 1791425429.778160
1791425429.840557 300 27801 1791425429.840553
1791425429.912810 456 27801 1791425429.912805
1791425429.975056 391 27801 1791425429.975052
1791425430.028185 899 27801 1791425430.028181
1791425430.074048 875 27801 1791425430.074044
1791425430.115922 786 27801 1791425430.115917
1791425430.173815 749 27801 1791425430.173810
1791425430.227368 456 27801 1791425430.227362
1791425430.282176 940 27801 1791425430.282170
1791425430.336034 948 27801 1791425430.336030
1791425430.381930 325 27801 1791425430.381925
1791425430.423463 535 27801 1791425430.423458
1791425430.482329 698 27801 1791425430.482324
1791425430.535929 456 27801 1791425430.535923
1791425430.590188 639 27801 1791425430.590184
1791425430.669591 697 27801 1791425430.669585
1791425430.715554 624 27801 1791425430.715547
1791425430.762788 584 27801 1791425430.762783
1791425430.828377 2895 27523 1791425430.828373
1791425430.876465 6 27523 1791425430.876460
1791425430.927212 189 27523 1791425430.927207
1791425430.988052 546 27523 1791425430.988045
1791425431.033780 174 27523 1791425431.033775
1791425431.076978 134 27523 1791425431.076972
1791425431.138792 145 27523 1791425431.138787
1791425431.193557 256 27523 1791425431.193549
1791425431.245871 588 27523 1791425431.245864
1791425431.303768 895 27523 1791425431.303761
1791425431.355482 74 27523 1791425431.355476
1791425431.398737 334 27523 1791425431.398732
1791425431.458735 644 27523 1791425431.458731
1791425431.520978 256 27523 1791425431.520973
1791425431.577154 288 27523 1791425431.577150
1791425431.629595 495 27523 1791425431.629589
1791425431.675644 623 27523 1791425431.675638
1791425431.715841 234 27523 1791425431.715834
1791425431.775047 693 27523 1791425431.775043
1791425431.832343 505 27248 1791425431.832338
1791425431.885816 1287 27248 1791425431.885812
1791425431.939103 594 27248 1791425431.939096
1791425431.986717 722 27248 1791425431.986713
1791425432.028429 484 27248 1791425432.028424
1791425432.087200 443 27248 1791425432.087196
1791425432.143248 904 27248 1791425432.143242
1791425432.197434 287 27248 1791425432.197428
1791425432.253678 94 27248 1791425432.253673
1791425432.300929 -3 27248 1791425432.300925
1791425432.344368 484 27248 1791425432.344364
1791425432.402145 293 27248 1791425432.402140
1791425432.457839 1003 27248 1791425432.457832
1791425432.509150 87 27248 1791425432.509145
1791425432.565207 144 27248 1791425432.565201
1791425432.613470 996 27248 1791425432.613465
1791425432.654276 583 27248 1791425432.654270
1791425432.713836 692 27248 1791425432.713832
1791425432.768365 403 27248 1791425432.768361
1791425432.819819 487 27248 1791425432.819815
1791425432.879204 743 26976 1791425432.879197
1791425432.924971 595 26976 1791425432.924965
1791425432.968238 1132 26976 1791425432.968233
1791425433.027874 492 26976 1791425433.027870
1791425433.087958 1551 26976 1791425433.087952
1791425433.136730 237 26976 1791425433.136723
1791425433.189779 542 26976 1791425433.189774
1791425433.235154 245 26976 1791425433.235148
1791425433.278732 1231 26976 1791425433.278728
1791425433.340393 442 26976 1791425433.340386
1791425433.394605 500 26976 1791425433.394600
1791425433.468624 586 26976 1791425433.468617
1791425433.526578 342 26976 1791425433.526571
1791425433.578426 944 26976 1791425433.578422
1791425433.622564 1430 26976 1791425433.622559
1791425433.679551 342 26976 1791425433.679547
1791425433.736088 300 26976 1791425433.736083
1791425433.788125 835 26976 1791425433.788120
1791425433.840783 841 26976 1791425433.840778
1791425433.887177 1043 26706 1791425433.887172
1791425433.928549 1079 26706 1791425433.928544
1791425434.007349 1041 26706 1791425434.007342
1791425434.065590 799 26706 1791425434.065584
1791425434.115652 285 26706 1791425434.115648
1791425434.172712 640 26706 1791425434.172707
1791425434.220244 443 26706 1791425434.220240
1791425434.269990 1078 26706 1791425434.269984
1791425434.327633 890 26706 1791425434.327627
1791425434.391565 249 26706 1791425434.391561
1791425434.477192 1084 26706 1791425434.477187
1791425434.534358 1289 26706 1791425434.534354
1791425434.579798 1342 26706 1791425434.579794
1791425434.624308 1127 26706 1791425434.624303
1791425434.682800 889 26706 1791425434.682796
1791425434.738803 1298 26706 1791425434.738798
1791425434.787704 533 26706 1791425434.787699
1791425434.842602 1188 26706 1791425434.842597
1791425434.890603 891 26439 1791425434.890598
1791425434.931262 277 26439 1791425434.931255
1791425434.991011 588 26439 1791425434.991005
1791425435.063016 897 26439 1791425435.063011
1791425435.113193 383 26439 1791425435.113189
1791425435.175543 837 26439 1791425435.175537
1791425435.221089 341 26439 1791425435.221085
1791425435.264486 27 26439 1791425435.264481
1791425435.325337 1037 26439 1791425435.325332
1791425435.378739 397 26439 1791425435.378734
1791425435.431895 882 26439 1791425435.431888
1791425435.484286 636 26439 1791425435.484280
1791425435.529711 491 26439 1791425435.529706
1791425435.573620 377 26439 1791425435.573616
1791425435.633009 437 26439 1791425435.632991
1791425435.687256 197 26439 1791425435.687250
1791425435.739575 831 26439 1791425435.739568
1791425435.792505 535 26439 1791425435.792498
1791425435.843897 2489 26439 1791425435.843892
1791425435.881501 427 26439 1791425435.881495
1791425435.939547 387 26174 1791425435.939542
1791425435.993644 297 26174 1791425435.993639
1791425436.075219 880 26174 1791425436.075211
1791425436.129789 1034 26174 1791425436.129783
1791425436.175751 638 26174 1791425436.175746
1791425436.217738 1076 26174 1791425436.217733
1791425436.274905 586 26174 1791425436.274900
1791425436.329340 497 26174 1791425436.329335
1791425436.379703 280 26174 1791425436.379698
1791425436.434209 683 26174 1791425436.434205
1791425436.484346 787 26174 1791425436.484340
1791425436.525592 575 26174 1791425436.525587
1791425436.585864 1135 26174 1791425436.585858
1791425436.682156 1146 26174 1791425436.682149
1791425436.730915 330 26174 1791425436.730910
1791425436.789836 782 26174 1791425436.789827
1791425436.837218 437 26174 1791425436.837210
1791425436.879056 674 26174 1791425436.879049
1791425436.960945 1134 25913 1791425436.960938
1791425437.013542 196 25913 1791425437.013537
1791425437.065318 430 25913 1791425437.065310
1791425437.118422 432 25913 1791425437.118416
1791425437.163937 237 25913 1791425437.163931
1791425437.213375 1023 25913 1791425437.213294
1791425437.272454 1233 25913 1791425437.272441
1791425437.324695 446 25913 1791425437.324691
1791425437.378184 629 25913 1791425437.378178
1791425437.431938 382 25913 1791425437.431932
1791425437.476856 87 25913 1791425437.476850
1791425437.518743 423 25913 1791425437.518739
1791425437.609648 283 25913 1791425437.609643
1791425437.671535 595 25913 1791425437.671530
1791425437.723571 728 25913 1791425437.723565
1791425437.779902 182 25913 1791425437.779897
1791425437.827727 886 25913 1791425437.827722
1791425437.868157 423 25913 1791425437.868151
1791425437.925560 333 25913 1791425437.925556
1791425437.979868 495 25653 1791425437.979863
1791425438.030789 727 25653 1791425438.030784
1791425438.082928 731 25653 1791425438.082923
1791425438.128734 735 25653 1791425438.128730
1791425438.169959 772 25653 1791425438.169952
1791425438.228037 932 25653 1791425438.228031
1791425438.281396 694 25653 1791425438.281388
1791425438.330979 227 25653 1791425438.330974
1791425438.383700 530 25653 1791425438.383694
1791425438.456757 534 25653 1791425438.456750
1791425438.504448 871 25653 1791425438.504444
1791425438.563734 631 25653 1791425438.563730
1791425438.624031 494 25653 1791425438.624027
1791425438.679563 277 25653 1791425438.679558
1791425438.732738 729 25653 1791425438.732733
1791425438.778337 583 25653 1791425438.778331
1791425438.820074 870 25653 1791425438.820070
1791425438.877979 980 25653 1791425438.877975
1791425438.932369 294 25653 1791425438.932364
1791425438.984524 -2 25397 1791425438.984518
1791425439.039191 528 25397 1791425439.039184
1791425439.087468 782 25397 1791425439.087462
1791425439.126720 170 25397 1791425439.126716
1791425439.219169 130 25397 1791425439.219164
1791425439.283900 993 25397 1791425439.283896
1791425439.337513 947 25397 1791425439.337509
1791425439.389987 -7 25397 1791425439.389983
1791425439.437180 432 25397 1791425439.437173
1791425439.502558 819 25397 1791425439.502554
1791425439.563570 779 25397 1791425439.563565
1791425439.620719 443 25397 1791425439.620714
1791425439.673008 -10 25397 1791425439.673003
1791425439.737421 942 25397 1791425439.737415
1791425439.783185 581 25397 1791425439.783179
1791425439.825400 219 25397 1791425439.825392
1791425439.884344 79 25397 1791425439.884339
1791425439.938735 243 25397 1791425439.938730
1791425439.991639 1139 25143 1791425439.991631
1791425440.053626 891 25143 1791425440.053622
1791425440.099207 530 25143 1791425440.099203
1791425440.151060 1018 25143 1791425440.151055
1791425440.214533 329 25143 1791425440.214528
1791425440.272567 393 25143 1791425440.272558
1791425440.325180 838 25143 1791425440.325174
1791425440.379582 790 25143 1791425440.379578
1791425440.424961 529 25143 1791425440.424957
1791425440.466991 268 25143 1791425440.466986
1791425440.527649 479 25143 1791425440.527642
1791425440.582882 692 25143 1791425440.582877
1791425440.633247 687 25143 1791425440.633242
1791425440.728101 2837 25143 1791425440.728089
1791425440.764051 379 25143 1791425440.764045
1791425440.805382 318 25143 1791425440.805376
1791425440.864042 678 25143 1791425440.864036
1791425440.918780 192 25143 1791425440.918776
1791425440.970777 387 25143 1791425440.970772
1791425441.027034 536 24891 1791425441.027029
1791425441.077111 528 24891 1791425441.077104
1791425441.123973 517 24891 1791425441.123969
1791425441.189608 677 24891 1791425441.189602
1791425441.244952 891 24891 1791425441.244945
1791425441.294002 387 24891 1791425441.293997
1791425441.348862 136 24891 1791425441.348854
1791425441.395261 228 24891 1791425441.395256
1791425441.449823 5711 24891 1791425441.449816
1791425441.496317 477 24891 1791425441.496310
1791425441.550546 640 24891 1791425441.550541
1791425441.602051 986 24891 1791425441.602045
1791425441.653574 486 24891 1791425441.653569
1791425441.699138 428 24891 1791425441.699133
1791425441.740712 610 24891 1791425441.740707
1791425441.802407 377 24891 1791425441.802402
1791425441.858754 739 24891 1791425441.858749
1791425441.908681 436 24891 1791425441.908676
1791425441.967985 1784 24891 1791425441.967970
1791425442.014729 1177 24891 1791425442.014709
1791425442.084570 959 24643 1791425442.084556
1791425442.142217 826 24643 1791425442.142194
1791425442.201624 588 24643 1791425442.201613
1791425442.301825 486 24643 1791425442.301819
1791425442.354125 334 24643 1791425442.354119
1791425442.408509 876 24643 1791425442.408505
1791425442.457331 1108 24643 1791425442.457326
1791425442.518700 476 24643 1791425442.518695
1791425442.574278 438 24643 1791425442.574270
1791425442.629968 1035 24643 1791425442.629962
1791425442.712877 1083 24643 1791425442.712870
1791425442.764480 1025 24643 1791425442.764474
1791425442.866813 29728 24643 1791425442.866805
1791425442.867260 775 24643 1791425442.867255
1791425442.929437 2386 24643 1791425442.929430
1791425442.976434 435 24643 1791425442.976429
1791425443.030271 483 24643 1791425443.030266
1791425443.078272 974 24643 1791425443.078267
1791425443.120234 827 24396 1791425443.120229
1791425443.177528 -13 24396 1791425443.177523
1791425443.234618 1235 24396 1791425443.234611
1791425443.285447 1034 24396 1791425443.285440
1791425443.336896 682 24396 1791425443.336891
1791425443.404900 823 24396 1791425443.404891
1791425443.451750 976 24396 1791425443.451740
1791425443.528096 1436 24396 1791425443.528090
1791425443.585350 485 24396 1791425443.585345
1791425443.638769 1133 24396 1791425443.638760
1791425443.690789 581 24396 1791425443.690782
1791425443.740003 872 24396 1791425443.739996
1791425443.783925 775 24396 1791425443.783918
1791425443.891846 535 24396 1791425443.891842
1791425443.948130 1134 24396 1791425443.948126
1791425444.004722 1182 24396 1791425444.004705
1791425444.074386 680 24396 1791425444.074380
1791425444.124290 921 24152 1791425444.124284
1791425444.165717 774 24152 1791425444.165711
1791425444.223697 1084 24152 1791425444.223692
1791425444.277769 783 24152 1791425444.277764
1791425444.332063 1031 24152 1791425444.332057
1791425444.409340 80 24152 1791425444.409334
1791425444.469132 421 24152 1791425444.469127
1791425444.510333 274 24152 1791425444.510327
1791425444.580307 1033 24152 1791425444.580303
1791425444.636678 383 24152 1791425444.636674
1791425444.687444 331 24152 1791425444.687439
1791425444.741624 829 24152 1791425444.741618
1791425444.796816 520 24152 1791425444.796811
1791425444.840105 773 24152 1791425444.840101
1791425444.897697 -2 24152 1791425444.897693
1791425444.954504 383 24152 1791425444.954498
1791425445.006946 1080 24152 1791425445.006941
1791425445.061364 129 24152 1791425445.061359
1791425445.107339 270 24152 1791425445.107335
1791425445.152764 323 23911 1791425445.152760
1791425445.212904 997 23911 1791425445.212899
1791425445.266781 532 23911 1791425445.266777
1791425445.321760 979 23911 1791425445.321755
1791425445.401507 1328 23911 1791425445.401498
1791425445.461151 669 23911 1791425445.461146
1791425445.502354 572 23911 1791425445.502345
1791425445.559850 397 23911 1791425445.559846
1791425445.616817 332 23911 1791425445.616813
1791425445.666867 229 23911 1791425445.666862
1791425445.721217 378 23911 1791425445.721212
1791425445.769437 968 23911 1791425445.769429
1791425445.811637 671 23911 1791425445.811629
1791425445.873346 946 23911 1791425445.873341
1791425445.927398 482 23911 1791425445.927394
1791425445.979978 1028 23911 1791425445.979974
1791425446.034190 977 23911 1791425446.034185
1791425446.079989 368 23911 1791425446.079985
1791425446.123733 221 23911 1791425446.123728
1791425446.183610 1095 23672 1791425446.183605
1791425446.241472 731 23672 1791425446.241467
1791425446.291795 527 23672 1791425446.291791
1791425446.421918 1525 23672 1791425446.421888
1791425446.467818 867 23672 1791425446.467813
1791425446.540244 770 23672 1791425446.540237
1791425446.598148 445 23672 1791425446.598144
1791425446.655414 880 23672 1791425446.655409
1791425446.708966 926 23672 1791425446.708961
1791425446.761836 475 23672 1791425446.761830
1791425446.809266 566 23672 1791425446.809260
1791425446.863477 1868 23672 1791425446.863454
1791425446.923171 1094 23672 1791425446.923159
1791425446.979158 1179 23672 1791425446.979151
1791425447.030872 1025 23672 1791425447.030867
1791425447.085865 1074 23672 1791425447.085858
1791425447.133601 216 23672 1791425447.133594
1791425447.176982 1217 23672 1791425447.176975
1791425447.236872 394 23435 1791425447.236864
1791425447.317787 928 23435 1791425447.317783
1791425447.385878 824 23435 1791425447.385873
1791425447.440376 623 23435 1791425447.440366
1791425447.522771 166 23435 1791425447.522766
1791425447.583787 566 23435 1791425447.583783
1791425447.651495 1043 23435 1791425447.651488
1791425447.706000 128 23435 1791425447.705992
1791425447.758587 1023 23435 1791425447.758581
1791425447.824312 173 23435 1791425447.824308
1791425447.874044 665 23435 1791425447.874039
1791425447.916007 715 23435 1791425447.916002
1791425447.992969 1192 23435 1791425447.992963
1791425448.055025 777 23435 1791425448.055020
1791425448.115716 1322 23435 1791425448.115711
1791425448.167508 1072 23435 1791425448.167504
1791425448.215593 714 23435 1791425448.215586
1791425448.256822 65 23200 1791425448.256817
1791425448.314406 92 23200 1791425448.314402
1791425448.370803 776 23200 1791425448.370796
1791425448.431450 621 23200 1791425448.431443
1791425448.485614 1371 23200 1791425448.485606
1791425448.529744 214 23200 1791425448.529736
1791425448.573082 265 23200 1791425448.573074
1791425448.633400 841 23200 1791425448.633396
1791425448.687125 675 23200 1791425448.687121
1791425448.737739 71 23200 1791425448.737732
1791425448.793869 620 23200 1791425448.793864
1791425448.859153 64 23200 1791425448.859147
1791425448.913341 5809 23200 1791425448.913334
1791425448.961258 1040 23200 1791425448.961252
1791425449.015142 674 23200 1791425449.015134
1791425449.065076 620 23200 1791425449.065072
1791425449.117800 619 23200 1791425449.117794
1791425449.165009 863 23200 1791425449.165003
1791425449.205554 459 23200 1791425449.205547
1791425449.267238 689 22968 1791425449.267234
1791425449.323109 773 22968 1791425449.323105
1791425449.393559 919 22968 1791425449.393554
1791425449.449384 518 22968 1791425449.449379
1791425449.497224 962 22968 1791425449.497219
1791425449.539665 558 22968 1791425449.539661
1791425449.599044 738 22968 1791425449.599039
1791425449.665727 423 22968 1791425449.665721
1791425449.717350 1018 22968 1791425449.717344
1791425449.769502 218 22968 1791425449.769497
1791425449.816936 462 22968 1791425449.816930
1791425449.860802 1756 22968 1791425449.860797
1791425449.925194 488 22968 1791425449.925189
1791425449.984552 2720 22968 1791425449.984547
1791425450.039090 867 22968 1791425450.039084
1791425450.116755 418 22968 1791425450.116749
1791425450.162565 412 22968 1791425450.162559
1791425450.204272 206 22968 1791425450.204266
1791425450.262094 388 22968 1791425450.262089
1791425450.319198 1469 22739 1791425450.319194
1791425450.373095 566 22739 1791425450.373090
1791425450.425628 667 22739 1791425450.425623
1791425450.473407 761 22739 1791425450.473402
1791425450.514725 555 22739 1791425450.514720
1791425450.608351 837 22739 1791425450.608345
1791425450.663705 469 22739 1791425450.663700
1791425450.714355 166 22739 1791425450.714350
1791425450.768916 467 22739 1791425450.768912
1791425450.817197 560 22739 1791425450.817190
1791425450.857902 305 22739 1791425450.857895
1791425450.917946 686 22739 1791425450.917939
1791425450.976179 219 22739 1791425450.976173
1791425451.028858 1165 22739 1791425451.028854
1791425451.081144 716 22739 1791425451.081139
1791425451.134160 410 22739 1791425451.134155
1791425451.176623 554 22739 1791425451.176616
1791425451.234565 436 22739 1791425451.234558
1791425451.297179 469 22739 1791425451.297172
1791425451.348797 814 22511 1791425451.348793
1791425451.401366 366 22511 1791425451.401362
1791425451.452375 2358 22511 1791425451.452340
1791425451.497977 2651 22511 1791425451.497962
1791425451.553518 1485 22511 1791425451.553507
1791425451.616676 968 22511 1791425451.616670
1791425451.686842 1063 22511 1791425451.686835
1791425451.741257 1165 22511 1791425451.741249
1791425451.787509 1007 22511 1791425451.787501
1791425451.833157 1450 22511 1791425451.833146
1791425451.925023 784 22511 1791425451.925019
1791425451.985136 567 22511 1791425451.985131
1791425452.037400 313 22511 1791425452.037392
1791425452.092056 465 22511 1791425452.092051
1791425452.139917 756 22511 1791425452.139913
1791425452.181160 699 22511 1791425452.181156
1791425452.239084 583 22511 1791425452.239080
1791425452.295502 916 22511 1791425452.295498
1791425452.346058 413 22511 1791425452.346050
1791425452.404405 1164 22286 1791425452.404399
1791425452.451814 805 22286 1791425452.451809
1791425452.493459 349 22286 1791425452.493454
1791425452.574150 1082 22286 1791425452.574145
1791425452.631919 565 22286 1791425452.631915
1791425452.715632 662 22286 1791425452.715622
1791425452.767744 414 22286 1791425452.767739
1791425452.815621 854 22286 1791425452.815609
1791425452.858263 1448 22286 1791425452.858255
1791425452.919694 282 22286 1791425452.919689
1791425452.988164 864 22286 1791425452.988157
1791425453.044177 511 22286 1791425453.044166
1791425453.097710 613 22286 1791425453.097702
1791425453.148929 104 22286 1791425453.148918
1791425453.192504 498 22286 1791425453.192496
1791425453.254243 931 22286 1791425453.254239
1791425453.308227 613 22286 1791425453.308222
1791425453.361164 610 22286 1791425453.361158
1791425453.421130 413 22063 1791425453.421123
1791425453.466787 304 22063 1791425453.466783
1791425453.510338 98 22063 1791425453.510333
1791425453.568530 431 22063 1791425453.568524
1791425453.624962 812 22063 1791425453.624958
1791425453.701168 1209 22063 1791425453.701155
1791425453.754237 1312 22063 1791425453.754232
1791425453.798940 304 22063 1791425453.798934
1791425453.844643 897 22063 1791425453.844638
1791425453.902400 331 22063 1791425453.902395
1791425453.960316 212 22063 1791425453.960310
1791425454.017451 2956 22063 1791425454.017447
1791425454.067788 1161 22063 1791425454.067783
1791425454.113541 204 22063 1791425454.113537
1791425454.170666 546 22063 1791425454.170659
1791425454.234053 431 22063 1791425454.234048
1791425454.302476 1261 22063 1791425454.302471
1791425454.354726 805 22063 1791425454.354721
1791425454.407002 1010 22063 1791425454.406996
1791425454.468268 753 21843 1791425454.468262
1791425454.519501 346 21843 1791425454.519495
1791425454.581018 780 21843 1791425454.581010
1791425454.637973 261 21843 1791425454.637969
1791425454.691465 704 21843 1791425454.691459
1791425454.756697 759 21843 1791425454.756690
1791425454.802207 353 21843 1791425454.802203
1791425454.845027 296 21843 1791425454.845022
1791425454.907351 2078 21843 1791425454.907345
1791425454.961653 1110 21843 1791425454.961648
1791425455.013509 753 21843 1791425455.013505
1791425455.067847 808 21843 1791425455.067843
1791425455.116687 902 21843 1791425455.116680
1791425455.159584 645 21843 1791425455.159578
1791425455.220437 1826 21843 1791425455.220429
1791425455.273324 1109 21843 1791425455.273320
1791425455.322603 602 21843 1791425455.322599
1791425455.378491 707 21843 1791425455.378485
1791425455.446040 601 21843 1791425455.446034
1791425455.487979 744 21624 1791425455.487972
1791425455.546954 675 21624 1791425455.546950
1791425455.603009 309 21624 1791425455.603004
1791425455.653657 152 21624 1791425455.653652
1791425455.708419 806 21624 1791425455.708413
1791425455.755022 650 21624 1791425455.755014
1791425455.799783 1143 21624 1791425455.799776
1791425455.855882 425 21624 1791425455.855876
1791425455.919190 558 21624 1791425455.919185
1791425455.969551 -5 21624 1791425455.969546
1791425456.024136 406 21624 1791425456.024129
1791425456.074245 350 21624 1791425456.074240
1791425456.118259 1292 21624 1791425456.118255
1791425456.177043 874 21624 1791425456.177037
1791425456.232310 657 21624 1791425456.232304
1791425456.286067 744 21624 1791425456.286062
1791425456.345901 555 21624 1791425456.345895
1791425456.391911 699 21624 1791425456.391907
1791425456.433303 791 21624 1791425456.433298
1791425456.489457 24 21408 1791425456.489452
1791425456.545860 906 21408 1791425456.545853
1791425456.599001 1093 21408 1791425456.598995
1791425456.650669 105 21408 1791425456.650661
1791425456.698600 249 21408 1791425456.698595
1791425456.744002 840 21408 1791425456.743998
1791425456.803691 673 21408 1791425456.803683
1791425456.858500 705 21408 1791425456.858495
1791425456.912578 792 21408 1791425456.912573
1791425456.965642 255 21408 1791425456.965637
1791425457.013076 648 21408 1791425457.013069
1791425457.054663 739 21408 1791425457.054656
1791425457.114680 522 21408 1791425457.114673
1791425457.172498 754 21408 1791425457.172491
1791425457.223106 841 21408 1791425457.223099
1791425457.281398 804 21408 1791425457.281392
1791425457.326515 298 21408 1791425457.326510
1791425457.374075 189 21408 1791425457.374070
1791425457.434527 621 21408 1791425457.434520
1791425457.495910 254 21194 1791425457.495906
1791425457.546390 291 21194 1791425457.546384
1791425457.600476 503 21194 1791425457.600471
1791425457.648585 148 21194 1791425457.648581
1791425457.711588 339 21194 1791425457.711583
1791425457.782965 1819 21194 1791425457.782957
1791425457.848870 703 21194 1791425457.848865
1791425457.899174 491 21194 1791425457.899170
1791425457.956759 752 21194 1791425457.956753
1791425458.002375 398 21194 1791425458.002368
1791425458.045442 339 21194 1791425458.045437
1791425458.126466 1068 21194 1791425458.126462
1791425458.188871 253 21194 1791425458.188866
1791425458.243058 940 21194 1791425458.243053
1791425458.297303 801 21194 1791425458.297298
1791425458.343766 148 21194 1791425458.343758
1791425458.386825 189 21194 1791425458.386819
1791425458.444623 418 21194 1791425458.444616
1791425458.498816 253 20982 1791425458.498811
1791425458.549509 340 20982 1791425458.549504
1791425458.604265 51 20982 1791425458.604261
1791425458.651863 647 20982 1791425458.651859
1791425458.693361 688 20982 1791425458.693356
1791425458.752083 1017 20982 1791425458.752076
1791425458.805516 403 20982 1791425458.805510
1791425458.856487 290 20982 1791425458.856479
1791425458.910681 1050 20982 1791425458.910676
1791425458.956831 397 20982 1791425458.956823
1791425459.007882 837 20982 1791425459.007876
1791425459.100755 766 20982 1791425459.100747
1791425459.154752 702 20982 1791425459.154746
1791425459.204313 440 20982 1791425459.204305
1791425459.258145 999 20982 1791425459.258137
1791425459.306913 1146 20982 1791425459.306906
1791425459.347817 936 20982 1791425459.347810
1791425459.404959 565 20982 1791425459.404953
1791425459.463266 452 20982 1791425459.463262
1791425459.513556 440 20772 1791425459.513551
1791425459.570083 548 20772 1791425459.570079
1791425459.616674 695 20772 1791425459.616668
1791425459.661420 735 20772 1791425459.661416
1791425459.721042 764 20772 1791425459.721037
1791425459.775189 501 20772 1791425459.775185
1791425459.827701 290 20772 1791425459.827696
1791425459.880065 348 20772 1791425459.880060
1791425459.928062 -1 20772 1791425459.928058
1791425459.969736 35 20772 1791425459.969729
1791425460.036627 2961 20772 1791425460.036622
1791425460.087667 550 20772 1791425460.087661
1791425460.142166 440 20772 1791425460.142162
1791425460.196837 1197 20772 1791425460.196832
1791425460.246199 648 20772 1791425460.246193
1791425460.293070 385 20772 1791425460.293065
1791425460.359453 910 20772 1791425460.359446
1791425460.416149 999 20772 1791425460.416143
1791425460.465252 440 20772 1791425460.465248
1791425460.517940 397 20564 1791425460.517933
1791425460.563800 398 20564 1791425460.563795
1791425460.611518 1134 20564 1791425460.611514
1791425460.667491 310 20564 1791425460.667485
1791425460.725185 648 20564 1791425460.725181
1791425460.821437 1738 20564 1791425460.821429
1791425460.876796 1196 20564 1791425460.876789
1791425460.922525 597 20564 1791425460.922519
1791425460.973793 484 20564 1791425460.973788
1791425461.143270 1459 20564 1791425461.143252
1791425461.197285 1147 20564 1791425461.197276
1791425461.247274 1087 20564 1791425461.247268
1791425461.303237 745 20564 1791425461.303233
1791425461.368867 746 20564 1791425461.368862
1791425461.410500 683 20564 1791425461.410493
1791425461.472376 858 20564 1791425461.472372
1791425461.528394 397 20359 1791425461.528388
1791425461.580892 936 20359 1791425461.580886
1791425461.634066 445 20359 1791425461.634062
1791425461.722026 545 20359 1791425461.722018
1791425461.786679 882 20359 1791425461.786675
1791425461.848282 957 20359 1791425461.848278
1791425461.902699 796 20359 1791425461.902693
1791425461.954958 436 20359 1791425461.954949
1791425462.008175 345 20359 1791425462.008168
1791425462.055907 794 20359 1791425462.055901
1791425462.111321 282 20359 1791425462.111311
1791425462.169139 257 20359 1791425462.169133
1791425462.224573 745 20359 1791425462.224567
1791425462.273976 336 20359 1791425462.273971
1791425462.330036 495 20359 1791425462.330030
1791425462.381512 1093 20359 1791425462.381499
1791425462.426531 681 20359 1791425462.426527
1791425462.484327 756 20359 1791425462.484323
1791425462.538548 694 20155 1791425462.538544
1791425462.625889 286 20155 1791425462.625884
1791425462.680464 994 20155 1791425462.680460
1791425462.728142 642 20155 1791425462.728137
1791425462.769969 81 20155 1791425462.769964
1791425462.840990 56 20155 1791425462.840984
1791425462.910745 693 20155 1791425462.910740
1791425462.962009 1085 20155 1791425462.962005
1791425463.014029 743 20155 1791425463.014023
1791425463.062508 142 20155 1791425463.062502
1791425463.110415 181 20155 1791425463.110409
1791425463.168756 505 20155 1791425463.168748
1791425463.224879 692 20155 1791425463.224875
1791425463.275165 85 20155 1791425463.275161
1791425463.330096 1142 20155 1791425463.330090
1791425463.377511 142 20155 1791425463.377507
1791425463.427294 1679 20155 1791425463.427290
1791425463.482235 155 20155 1791425463.482230
1791425463.538386 -1 20155 1791425463.538381
1791425463.591100 934 20000 1791425463.591093
1791425463.643331 -1 20000 1791425463.643326
1791425463.691610 392 20000 1791425463.691606
1791425463.734727 678 20000 1791425463.734723
1791425463.792853 455 20000 1791425463.792846
1791425463.858699 399 20000 1791425463.858691
1791425463.913260 883 20000 1791425463.913245
1791425463.969217 748 20000 1791425463.969211
1791425464.015312 791 20000 1791425464.015305
1791425464.056644 28 20000 1791425464.056640
1791425464.115495 405 20000 1791425464.115490
1791425464.175022 698 20000 1791425464.175016
1791425464.224836 333 20000 1791425464.224831
1791425464.278352 248 20000 1791425464.278348
1791425464.326181 840 20000 1791425464.326176
1791425464.373633 1077 20000 1791425464.373628
1791425464.431136 355 20000 1791425464.431131
1791425464.485737 498 20000 1791425464.485733
1791425464.536808 582 20000 1791425464.536804
1791425464.590711 697 20000 1791425464.590707
1791425464.636679 739 20000 1791425464.636675
1791425464.681646 676 20000 1791425464.681641
1791425464.739572 804 20000 1791425464.739567
1791425464.794168 547 20000 1791425464.794164
1791425464.844618 232 20000 1791425464.844614
1791425464.898778 596 20000 1791425464.898774
1791425464.944901 439 20000 1791425464.944896
1791425464.986443 326 20000 1791425464.986438
1791425465.044631 404 20000 1791425465.044626
1791425465.104618 1595 20000 1791425465.104613
1791425465.213301 382 20000 1791425465.213295
1791425465.267985 1195 20000 1791425465.267976
1791425465.321383 1038 20000 1791425465.321377
1791425465.368969 326 20000 1791425465.368959
1791425465.429113 603 20000 1791425465.429104
1791425465.485446 544 20000 1791425465.485440
1791425465.537332 1281 20000 1791425465.537328
1791425465.603388 544 20000 1791425465.603382
1791425465.649320 587 20000 1791425465.649315
1791425465.696874 126 20000 1791425465.696867
1791425465.768348 852 20000 1791425465.768344
1791425465.825742 943 20000 1791425465.825738
1791425465.874996 481 20000 1791425465.874992
1791425465.927372 444 20000 1791425465.927367
1791425465.980631 487 20000 1791425465.980627
1791425466.026713 525 20000 1791425466.026709
1791425466.097889 1101 20000 1791425466.097884
1791425466.200933 443 20000 1791425466.200926
1791425466.253514 580 20000 1791425466.253507
1791425466.305295 194 20000 1791425466.305290
1791425466.401840 237 20000 1791425466.401836
1791425466.474647 125 20000 1791425466.474643
1791425466.553493 201 20000 1791425466.553488
1791425466.623454 493 20000 1791425466.623445
1791425466.673512 330 20000 1791425466.673507
1791425466.726027 94 20000 1791425466.726022
1791425466.779813 437 20000 1791425466.779806
1791425466.821099 -3 20000 1791425466.821094
1791425466.886187 950 20000 1791425466.886181
1791425466.949306 443 20000 1791425466.949299
1791425467.001540 879 20000 1791425467.001535
1791425467.056130 494 20000 1791425467.056123
1791425467.120877 87 20000 1791425467.120872
1791425467.165290 447 20000 1791425467.165286
1791425467.222766 150 20000 1791425467.222759
1791425467.279142 842 20000 1791425467.279137
1791425467.335309 528 20000 1791425467.335305
1791425467.425187 1043 20000 1791425467.425174
1791425467.490762 936 20000 1791425467.490754
1791425467.562217 197 20000 1791425467.562213
1791425467.620121 50 20000 1791425467.620114
1791425467.701403 342 20000 1791425467.701399
1791425467.754357 777 20000 1791425467.754353
1791425467.809150 243 20000 1791425467.809143
1791425467.856886 386 20000 1791425467.856879
1791425467.900743 347 20000 1791425467.900732
1791425467.959714 150 20000 1791425467.959708
1791425468.015478 242 20000 1791425468.015474
1791425468.068931 726 20000 1791425468.068925
1791425468.123302 443 20000 1791425468.123294
1791425468.173739 1335 20000 1791425468.173725
1791425468.214636 596 20000 1791425468.214629
1791425468.274115 649 20000 1791425468.274111
1791425468.328403 342 20000 1791425468.328398
1791425468.378968 326 20000 1791425468.378964
1791425468.433823 892 20000 1791425468.433818
1791425468.486818 235 20000 1791425468.486811
1791425468.532667 -5 20000 1791425468.532663
1791425468.597029 598 20000 1791425468.597023
1791425468.652817 442 20000 1791425468.652813
1791425468.703347 525 20000 1791425468.703342
1791425468.757266 1291 20000 1791425468.757259
1791425468.801045 235 20000 1791425468.801041
1791425468.843259 45 20000 1791425468.843252
1791425468.901836 148 20000 1791425468.901813
1791425468.957981 991 20000 1791425468.957961
1791425469.008447 1024 20000 1791425469.008442
1791425469.061027 590 20000 1791425469.061023
1791425469.112518 734 20000 1791425469.112511
1791425469.159463 495 20000 1791425469.159458
1791425469.217438 647 20000 1791425469.217432
1791425469.273787 740 20000 1791425469.273781
1791425469.324390 773 20000 1791425469.324384
1791425469.389296 1039 20000 1791425469.389289
1791425469.451469 334 20000 1791425469.451464
1791425469.511052 544 20000 1791425469.511047
1791425469.571290 147 20000 1791425469.571284
1791425469.628764 739 20000 1791425469.628759
1791425469.689057 273 20000 1791425469.689052
1791425469.741289 139 20000 1791425469.741284
1791425469.788460 284 20000 1791425469.788454
1791425469.832519 593 20000 1791425469.832515
1791425469.889645 447 20000 1791425469.889641
1791425469.947850 189 20000 1791425469.947845
1791425470.004253 2321 20000 1791425470.004217
1791425470.056700 1188 20000 1791425470.056693
1791425470.102370 533 20000 1791425470.102364
1791425470.144009 542 20000 1791425470.144002
1791425470.215468 1046 20000 1791425470.215462
1791425470.272134 588 20000 1791425470.272128
1791425470.324348 820 20000 1791425470.324342
1791425470.376499 537 20000 1791425470.376490
1791425470.428306 133 20000 1791425470.428300
1791425470.473780 1091 20000 1791425470.473773
1791425470.531516 745 20000 1791425470.531510
1791425470.614924 737 20000 1791425470.614914
1791425470.683025 170 20000 1791425470.683020
1791425470.737365 636 20000 1791425470.737361
1791425470.784883 982 20000 1791425470.784879
1791425470.827111 1440 20000 1791425470.827106
1791425470.884222 794 20000 1791425470.884215
1791425470.940455 836 20000 1791425470.940449
1791425470.993075 1968 20000 1791425470.993068
1791425471.043884 1085 20000 1791425471.043879
1791425471.089618 831 20000 1791425471.089613
1791425471.142929 2987 20000 1791425471.142923
1791425471.198459 893 20000 1791425471.198453
1791425471.250824 36 20000 1791425471.250820
1791425471.303201 767 20000 1791425471.303197
1791425471.355648 734 20000 1791425471.355644
1791425471.402916 1380 20000 1791425471.402910
1791425471.443698 986 20000 1791425471.443692
1791425471.503194 792 20000 1791425471.503188
1791425471.568887 1335 20000 1791425471.568881
1791425471.617511 417 20000 1791425471.617504
1791425471.670250 583 20000 1791425471.670243
1791425471.722078 929 20000 1791425471.722074
1791425471.764994 835 20000 1791425471.764989
1791425471.823005 342 20000 1791425471.822999
1791425471.883904 2033 20000 1791425471.883897
1791425471.931803 766 20000 1791425471.931795
1791425471.983857 483 20000 1791425471.983853
1791425472.103908 229 20000 1791425472.103903
1791425472.159280 984 20000 1791425472.159273
1791425472.216443 492 20000 1791425472.216439
1791425472.270525 133 20000 1791425472.270518
1791425472.324929 116 20000 1791425472.324925
1791425472.377669 233 20000 1791425472.377665
1791425472.425775 29 20000 1791425472.425771
1791425472.467222 34 20000 1791425472.467216
1791425472.527064 791 20000 1791425472.527057
1791425472.583070 582 20000 1791425472.583066
1791425472.644207 466 20000 1791425472.644198
1791425472.701761 882 20000 1791425472.701756
1791425472.759294 179 20000 1791425472.759289
1791425472.802795 484 20000 1791425472.802791
1791425472.862542 590 20000 1791425472.862537
1791425472.918710 132 20000 1791425472.918705
1791425472.976986 66 20000 1791425472.976979
1791425473.048740 631 20000 1791425473.048736
1791425473.106314 828 20000 1791425473.106310
1791425473.157541 2282 20000 1791425473.157534
1791425473.212141 340 20000 1791425473.212136
1791425473.273952 332 20000 1791425473.273946
1791425473.323894 116 20000 1791425473.323889
1791425473.376492 281 20000 1791425473.376485
1791425473.422331 -2 20000 1791425473.422326
1791425473.465557 432 20000 1791425473.465553
1791425473.523788 390 20000 1791425473.523783
1791425473.578131 531 20000 1791425473.578127
1791425473.631271 665 20000 1791425473.631266
1791425473.686691 530 20000 1791425473.686686
1791425473.742535 897 20000 1791425473.742531
1791425473.785829 1381 20000 1791425473.785823
1791425473.841863 490 20000 1791425473.841856
1791425473.896633 481 20000 1791425473.896627
1791425473.947666 614 20000 1791425473.947661
1791425473.999600 -2 20000 1791425473.999595
1791425474.046644 47 20000 1791425474.046638
1791425474.090413 481 20000 1791425474.090409
1791425474.202804 -6 20000 1791425474.202798
1791425474.259424 880 20000 1791425474.259418
1791425474.309934 1113 20000 1791425474.309929
1791425474.361448 547 20000 1791425474.361438
1791425474.410009 47 20000 1791425474.410001
1791425474.453146 181 20000 1791425474.453141
1791425474.518489 144 20000 1791425474.518484
1791425474.605791 -7 20000 1791425474.605787
1791425474.693952 962 20000 1791425474.693945
1791425474.763532 447 20000 1791425474.763528
1791425474.824255 447 20000 1791425474.824250
1791425474.866582 730 20000 1791425474.866414
1791425474.926106 543 20000 1791425474.926102
1791425474.986109 443 20000 1791425474.986090
1791425475.036489 561 20000 1791425475.036484
1791425475.094544 796 20000 1791425475.094540
1791425475.139823 97 20000 1791425475.139815
1791425475.187395 679 20000 1791425475.187391
1791425475.278948 792 20000 1791425475.278942
1791425475.333303 742 20000 1791425475.333297
1791425475.383599 461 20000 1791425475.383594
1791425475.438008 196 20000 1791425475.438004
1791425475.484281 297 20000 1791425475.484273
1791425475.528788 1577 20000 1791425475.528763
1791425475.588989 442 20000 1791425475.588984
1791425475.647838 841 20000 1791425475.647832
1791425475.700297 1210 20000 1791425475.700289
1791425475.752050 346 20000 1791425475.752046
1791425475.799892 347 20000 1791425475.799887
1791425475.869019 576 20000 1791425475.869015
1791425475.932442 292 20000 1791425475.932438
1791425475.988496 690 20000 1791425475.988492
1791425476.041180 659 20000 1791425476.041176
1791425476.097584 945 20000 1791425476.097577
1791425476.145484 696 20000 1791425476.145477
1791425476.203042 575 20000 1791425476.203032
1791425476.264072 442 20000 1791425476.264068
1791425476.326468 190 20000 1791425476.326461
1791425476.381226 1008 20000 1791425476.381222
1791425476.433573 844 20000 1791425476.433567
1791425476.478478 396 20000 1791425476.478474
1791425476.522589 824 20000 1791425476.522583
1791425476.601593 791 20000 1791425476.601588
1791425476.660420 490 20000 1791425476.660411
1791425476.741201 458 20000 1791425476.741193
1791425476.795624 244 20000 1791425476.795620
1791425476.851047 96 20000 1791425476.851042
1791425476.939410 823 20000 1791425476.939404
1791425476.997698 1140 20000 1791425476.997691
1791425477.055648 440 20000 1791425477.055644
1791425477.108394 557 20000 1791425477.108388
1791425477.166598 1393 20000 1791425477.166590
1791425477.243525 895 20000 1791425477.243518
1791425477.326277 423 20000 1791425477.326264
1791425477.384706 539 20000 1791425477.384701
1791425477.439174 589 20000 1791425477.439170
1791425477.489606 556 20000 1791425477.489601
1791425477.548039 193 20000 1791425477.548032
1791425477.596091 944 20000 1791425477.596086
1791425477.643318 223 20000 1791425477.643311
1791425477.704768 1188 20000 1791425477.704760
1791425477.759520 289 20000 1791425477.759516
1791425477.817641 356 20000 1791425477.817637
1791425477.873854 992 20000 1791425477.873850
1791425477.919887 244 20000 1791425477.919883
1791425477.967190 672 20000 1791425477.967183
1791425478.024389 537 20000 1791425478.024385
1791425478.079352 289 20000 1791425478.079347
1791425478.129666 356 20000 1791425478.129659
1791425478.201997 891 20000 1791425478.201991
1791425478.302425 394 20000 1791425478.302421
1791425478.345410 122 20000 1791425478.345405
1791425478.404394 636 20000 1791425478.404390
1791425478.475213 938 20000 1791425478.475207
1791425478.525572 356 20000 1791425478.525565
1791425478.577757 341 20000 1791425478.577753
1791425478.623385 44 20000 1791425478.623380
1791425478.686377 721 20000 1791425478.686372
1791425478.758005 685 20000 1791425478.757999
1791425478.812273 188 20000 1791425478.812268
1791425478.872104 705 20000 1791425478.872099
1791425478.930204 441 20000 1791425478.930198
1791425478.981796 244 20000 1791425478.981790
1791425479.026290 720 20000 1791425479.026282
1791425479.084169 934 20000 1791425479.084164
1791425479.137708 438 20000 1791425479.137703
1791425479.191506 1054 20000 1791425479.191499
1791425479.245854 890 20000 1791425479.245845
1791425479.293627 693 20000 1791425479.293618
1791425479.336393 669 20000 1791425479.336389
1791425479.395304 434 20000 1791425479.395298
1791425479.457591 188 20000 1791425479.457586
1791425479.512271 154 20000 1791425479.512266
1791425479.566575 739 20000 1791425479.566567
1791425479.614325 393 20000 1791425479.614321
1791425479.656397 518 20000 1791425479.656392
1791425479.713913 184 20000 1791425479.713908
1791425479.768670 388 20000 1791425479.768666
1791425479.845677 354 20000 1791425479.845673
1791425479.919371 439 20000 1791425479.919366
1791425479.965498 393 20000 1791425479.965494
1791425480.007799 917 20000 1791425480.007794
1791425480.064646 583 20000 1791425480.064642
1791425480.120814 537 20000 1791425480.120809
1791425480.173164 404 20000 1791425480.173160
1791425480.227929 1288 20000 1791425480.227925
1791425480.287495 542 20000 1791425480.287490
1791425480.329783 367 20000 1791425480.329776
1791425480.391642 1232 20000 1791425480.391633
1791425480.459194 237 20000 1791425480.459187
1791425480.516662 3650 20000 1791425480.516658
1791425480.561863 138 20000 1791425480.561859
1791425480.607605 -1 20000 1791425480.607601
1791425480.649093 -3 20000 1791425480.649088
1791425480.708243 -2 20000 1791425480.708239
1791425480.764683 -1 20000 1791425480.764678
1791425480.817503 949 20000 1791425480.817499
1791425480.873730 687 20000 1791425480.873726
1791425480.919917 798 20000 1791425480.919912
1791425480.960713 297 20000 1791425480.960708
1791425481.019229 697 20000 1791425481.019224
1791425481.073307 399 20000 1791425481.073302
1791425481.123523 349 20000 1791425481.123519
1791425481.178801 437 20000 1791425481.178794
1791425481.224975 448 20000 1791425481.224968
1791425481.266060 197 20000 1791425481.266056
1791425481.332978 397 20000 1791425481.332973
1791425481.387794 449 20000 1791425481.387790
1791425481.467618 1148 20000 1791425481.467614
1791425481.517867 137 20000 1791425481.517863
1791425481.565407 498 20000 1791425481.565402
1791425481.606019 297 20000 1791425481.606014
1791425481.665138 297 20000 1791425481.665133
1791425481.720992 349 20000 1791425481.720987
1791425481.810790 1097 20000 1791425481.810786
1791425481.862642 536 20000 1791425481.862636
1791425481.909194 897 20000 1791425481.909189
1791425481.950135 696 20000 1791425481.950128
1791425482.010294 546 20000 1791425482.010290
1791425482.068492 2297 20000 1791425482.068462
1791425482.119893 1695 20000 1791425482.119884
1791425482.173504 635 20000 1791425482.173500
1791425482.219060 596 20000 1791425482.219056
1791425482.260805 296 20000 1791425482.260801
1791425482.318991 196 20000 1791425482.318986
1791425482.377101 297 20000 1791425482.377095
1791425482.431510 694 20000 1791425482.431504
1791425482.483880 684 20000 1791425482.483872
1791425482.536718 1095 20000 1791425482.536712
1791425482.576610 595 20000 1791425482.576604
1791425482.634854 895 20000 1791425482.634850
1791425482.695656 1046 20000 1791425482.695647
1791425482.748505 1343 20000 1791425482.748496
1791425482.818132 1982 20000 1791425482.818110
1791425482.863397 1394 20000 1791425482.863386
1791425482.909858 1244 20000 1791425482.909853
1791425482.981645 8037 20000 1791425482.981641
1791425483.020292 246 20000 1791425483.020286
1791425483.071377 592 20000 1791425483.071372
1791425483.123919 282 20000 1791425483.123915
1791425483.170213 494 20000 1791425483.170208
1791425483.220956 1093 20000 1791425483.220952
1791425483.277057 237 20000 1791425483.277053
1791425483.331395 -5 20000 1791425483.331391
1791425483.382146 142 20000 1791425483.382142
1791425483.436480 482 20000 1791425483.436475
1791425483.486577 1043 20000 1791425483.486571
1791425483.527877 592 20000 1791425483.527873
1791425483.585547 636 20000 1791425483.585542
1791425483.640485 644 20000 1791425483.640480
1791425483.692393 891 20000 1791425483.692387
1791425483.744834 581 20000 1791425483.744829
1791425483.793305 892 20000 1791425483.793298
1791425483.836815 2140 20000 1791425483.836809
1791425483.894034 835 20000 1791425483.894030
1791425483.948567 893 20000 1791425483.948563
1791425483.998926 291 20000 1791425483.998919
1791425484.053741 1330 20000 1791425484.053734
1791425484.099025 392 20000 1791425484.099021
1791425484.142887 390 20000 1791425484.142883
1791425484.200732 485 20000 1791425484.200726
1791425484.259393 2391 20000 1791425484.259387
1791425484.307460 990 20000 1791425484.307454
1791425484.360066 729 20000 1791425484.360059
1791425484.406308 641 20000 1791425484.406297
1791425484.446972 240 20000 1791425484.446968
1791425484.507120 1234 20000 1791425484.507116
1791425484.561099 940 20000 1791425484.561095
1791425484.611884 1139 20000 1791425484.611879
1791425484.664394 1228 20000 1791425484.664388
1791425484.710106 1040 20000 1791425484.710101
1791425484.751777 1039 20000 1791425484.751742
1791425484.809616 883 20000 1791425484.809611
1791425484.863969 1039 20000 1791425484.863964
1791425484.914647 1038 20000 1791425484.914643
1791425484.966738 927 20000 1791425484.966733
1791425485.012953 240 20000 1791425485.012947
1791425485.054456 439 20000 1791425485.054450
1791425485.116422 1482 20000 1791425485.116411
1791425485.168524 1038 20000 1791425485.168519
1791425485.219210 488 20000 1791425485.219206
1791425485.271600 477 20000 1791425485.271593
1791425485.319201 639 20000 1791425485.319197
1791425485.360621 538 20000 1791425485.360614
1791425485.418548 731 20000 1791425485.418544
1791425485.472766 488 20000 1791425485.472762
1791425485.525774 687 20000 1791425485.525767
1791425485.577539 127 20000 1791425485.577535
1791425485.626813 1438 20000 1791425485.626805
1791425485.666927 887 20000 1791425485.666923
1791425485.724956 1080 20000 1791425485.724951
1791425485.778697 1137 20000 1791425485.778689
1791425485.829043 836 20000 1791425485.829038
1791425485.883859 1076 20000 1791425485.883855
1791425485.943328 537 20000 1791425485.943323
1791425485.984748 586 20000 1791425485.984744
1791425486.053030 1079 20000 1791425486.053025
1791425486.106992 836 20000 1791425486.106985
1791425486.159658 1534 20000 1791425486.159653
1791425486.219652 1025 20000 1791425486.219643
1791425486.301904 786 20000 1791425486.301898
1791425486.351864 1534 20000 1791425486.351858
1791425486.408809 1078 20000 1791425486.408804
1791425486.463408 535 20000 1791425486.463402
1791425486.517526 284 20000 1791425486.517520
1791425486.582367 924 20000 1791425486.582360
1791425486.627806 585 20000 1791425486.627801
1791425486.669313 484 20000 1791425486.669308
1791425486.728893 877 20000 1791425486.728889
1791425486.787927 385 20000 1791425486.787923
1791425486.862439 583 20000 1791425486.862435
1791425486.922433 873 20000 1791425486.922426
1791425486.990650 884 20000 1791425486.990642
1791425487.056963 1283 20000 1791425487.056954
1791425487.114361 726 20000 1791425487.114356
1791425487.168521 834 20000 1791425487.168515
1791425487.222938 233 20000 1791425487.222932
1791425487.277179 423 20000 1791425487.277175
1791425487.327138 1083 20000 1791425487.327133
1791425487.369309 1332 20000 1791425487.369301
1791425487.430676 1325 20000 1791425487.430670
1791425487.488551 933 20000 1791425487.488546
1791425487.583761 882 20000 1791425487.583757
1791425487.640050 972 20000 1791425487.640046
1791425487.685945 433 20000 1791425487.685939
1791425487.788228 1780 20000 1791425487.788204
1791425487.843705 425 20000 1791425487.843701
1791425487.901797 1032 20000 1791425487.901793
1791425487.949954 -12 20000 1791425487.949947
1791425488.004564 671 20000 1791425488.004559
1791425488.054435 532 20000 1791425488.054430
1791425488.095719 480 20000 1791425488.095715
1791425488.153649 425 20000 1791425488.153644
1791425488.216241 1231 20000 1791425488.216236
1791425488.301633 1437 20000 1791425488.301626
1791425488.351950 371 20000 1791425488.351946
1791425488.397781 232 20000 1791425488.397775
1791425488.441271 1129 20000 1791425488.441266
1791425488.499082 974 20000 1791425488.499076
1791425488.553787 930 20000 1791425488.553782
1791425488.604133 786 20000 1791425488.604125
1791425488.658189 1170 20000 1791425488.658183
1791425488.704354 282 20000 1791425488.704349
1791425488.752160 379 20000 1791425488.751960
1791425488.811260 623 20000 1791425488.811255
1791425488.867949 779 20000 1791425488.867941
1791425488.917901 835 20000 1791425488.917896
1791425488.974564 569 20000 1791425488.974558
1791425489.022605 432 20000 1791425489.022597
1791425489.068266 1428 20000 1791425489.068261
1791425489.125613 622 20000 1791425489.125606
1791425489.179834 479 20000 1791425489.179830
1791425489.234304 385 20000 1791425489.234298
1791425489.292764 469 20000 1791425489.292759
1791425489.340194 282 20000 1791425489.340190
1791425489.387670 1027 20000 1791425489.387665
1791425489.456786 821 20000 1791425489.456782
1791425489.513163 429 20000 1791425489.513157
1791425489.563870 335 20000 1791425489.563866
1791425489.618167 968 20000 1791425489.618163
1791425489.664024 182 20000 1791425489.664018
1791425489.707385 626 20000 1791425489.707381
1791425489.767381 1220 20000 1791425489.767377
1791425489.830954 578 20000 1791425489.830950
1791425489.881750 185 20000 1791425489.881746
1791425489.935629 68 20000 1791425489.935624
1791425489.987212 1630 20000 1791425489.987207
1791425490.029814 525 20000 1791425490.029809
1791425490.098990 1119 20000 1791425490.098985
1791425490.153375 627 20000 1791425490.153371
1791425490.203611 435 20000 1791425490.203606
1791425490.257842 567 20000 1791425490.257837
1791425490.308259 480 20000 1791425490.308255
1791425490.359188 974 20000 1791425490.359181
1791425490.419046 668 20000 1791425490.419042
1791425490.475333 776 20000 1791425490.475327
1791425490.525612 734 20000 1791425490.525606
1791425490.583678 966 20000 1791425490.583674
1791425490.635764 430 20000 1791425490.635760
1791425490.679464 1123 20000 1791425490.679458
1791425490.738709 567 20000 1791425490.738704
1791425490.797082 426 20000 1791425490.797076
1791425490.847768 683 20000 1791425490.847762
1791425490.901677 116 20000 1791425490.901673
1791425490.951749 230 20000 1791425490.951744
1791425490.994986 772 20000 1791425490.994979
1791425491.109002 267 20000 1791425491.108997
1791425491.167818 1175 20000 1791425491.167812
1791425491.215979 33 20000 1791425491.215975
1791425491.270353 216 20000 1791425491.270347
1791425491.315807 80 20000 1791425491.315803
1791425491.360911 422 20000 1791425491.360907
1791425491.420930 1216 20000 1791425491.420924
1791425491.473609 375 20000 1791425491.473603
1791425491.523516 433 20000 1791425491.523511
1791425491.586850 515 20000 1791425491.586845
1791425491.639675 330 20000 1791425491.639670
1791425491.681277 222 20000 1791425491.681272
1791425491.739713 515 20000 1791425491.739705
1791425491.800960 1024 20000 1791425491.800955
1791425491.917014 283 20000 1791425491.917010
1791425491.981298 265 20000 1791425491.981293
1791425492.031089 480 20000 1791425492.031084
1791425492.077118 1171 20000 1791425492.077113
1791425492.134341 914 20000 1791425492.134337
1791425492.196482 1023 20000 1791425492.196478
1791425492.247036 882 20000 1791425492.247032
1791425492.301375 1114 20000 1791425492.301369
1791425492.350873 629 20000 1791425492.350483
1791425492.393112 1020 20000 1791425492.393105
1791425492.455354 913 20000 1791425492.455348
1791425492.510961 872 20000 1791425492.510956
1791425492.563671 981 20000 1791425492.563666
1791425492.617536 364 20000 1791425492.617532
1791425492.685110 1228 20000 1791425492.685106
1791425492.725646 170 20000 1791425492.725639
1791425492.784407 562 20000 1791425492.784402
1791425492.842912 571 20000 1791425492.842907
1791425492.897127 980 20000 1791425492.897123
1791425492.949096 114 20000 1791425492.949092
1791425492.996677 378 20000 1791425492.996672
1791425493.042164 719 20000 1791425493.042160
1791425493.100446 861 20000 1791425493.100442
1791425493.161882 371 20000 1791425493.161877
1791425493.212423 380 20000 1791425493.212416
1791425493.265548 763 20000 1791425493.265542
1791425493.313169 927 20000 1791425493.313165
1791425493.358251 119 20000 1791425493.358246
1791425493.419882 510 20000 1791425493.419877
1791425493.478141 21 20000 1791425493.478137
1791425493.528533 180 20000 1791425493.528529
1791425493.606167 313 20000 1791425493.606162
1791425493.654198 377 20000 1791425493.654193
1791425493.695941 419 20000 1791425493.695937
1791425493.753353 310 20000 1791425493.753346
1791425493.810162 870 20000 1791425493.810157
1791425493.860269 829 20000 1791425493.860264
1791425493.913530 762 20000 1791425493.913526
1791425493.958735 377 20000 1791425493.958729
1791425494.005142 1418 20000 1791425494.005136
1791425494.081737 1409 20000 1791425494.081732
1791425494.134017 619 20000 1791425494.134012
1791425494.184329 578 20000 1791425494.184324
1791425494.236641 412 20000 1791425494.236636
1791425494.283670 676 20000 1791425494.283664
1791425494.333813 3914 20000 1791425494.333807
1791425494.406408 11847 20000 1791425494.406404
1791425494.478733 20798 20000 1791425494.478729
1791425494.525429 18809 20800 1791425494.525424
1791425494.540419 412 20800 1791425494.540412
1791425494.587070 875 20800 1791425494.587066
1791425494.629534 813 20800 1791425494.629528
1791425494.687667 796 20800 1791425494.687662
1791425494.742519 747 20800 1791425494.742513
1791425494.792304 309 20800 1791425494.792300
1791425494.845309 162 20800 1791425494.845304
1791425494.892657 874 20800 1791425494.892652
1791425494.934172 363 20800 1791425494.934166
1791425494.991563 246 20800 1791425494.991558
1791425495.057249 5492 20800 1791425495.057244
1791425495.101502 1507 20800 1791425495.101498
1791425495.152977 462 20800 1791425495.152973
1791425495.202686 424 20800 1791425495.202681
1791425495.244456 512 20800 1791425495.244450
1791425495.302498 446 20800 1791425495.302493
1791425495.360205 991 20800 1791425495.360199
1791425495.410641 257 20800 1791425495.410635
1791425495.465112 511 20800 1791425495.465108
1791425495.521180 1023 20800 1791425495.521175
1791425495.564802 1061 20592 1791425495.564792
1791425495.622152 146 20592 1791425495.622148
1791425495.679209 890 20592 1791425495.679204
1791425495.728947 407 20592 1791425495.728943
1791425495.783510 61 20592 1791425495.783504
1791425495.843286 772 20592 1791425495.843281
1791425495.917365 910 20592 1791425495.917361
1791425495.975327 995 20592 1791425495.975323
1791425496.029908 739 20592 1791425496.029903
1791425496.082041 906 20592 1791425496.082037
1791425496.136691 1060 20592 1791425496.136686
1791425496.182613 621 20592 1791425496.182607
1791425496.226898 1109 20592 1791425496.226894
1791425496.283767 544 20592 1791425496.283762
1791425496.339702 938 20592 1791425496.339696
1791425496.392302 1704 20592 1791425496.392287
1791425496.445552 959 20592 1791425496.445531
1791425496.491061 670 20592 1791425496.491055
1791425496.541661 159 20592 1791425496.541657
1791425496.601963 843 20386 1791425496.601958
1791425496.660311 2136 20386 1791425496.660307
1791425496.710381 1253 20386 1791425496.710375
1791425496.760988 259 20386 1791425496.760982
1791425496.807348 519 20386 1791425496.807344
1791425496.848049 159 20386 1791425496.848042
1791425496.906448 393 20386 1791425496.906442
1791425496.960263 186 20386 1791425496.960259
1791425497.010897 203 20386 1791425497.010892
1791425497.063311 159 20386 1791425497.063307
1791425497.109487 119 20386 1791425497.109482
1791425497.151354 359 20386 1791425497.151346
