WAN 02:15:20.073376 IP (tos 0x0, ttl 62, id 3555, offset 0, flags [DF], proto TCP (6), length 60)
WAN     192.168.2.70.11892 > 160.79.104.10.443: Flags [S], cksum 0x7975 (correct), seq 369425521, win 65280, options [mss 1280,sackOK,TS val 4195272767 ecr 0,nop,wscale 9], length 0
LAN 02:15:20.073308 IP (tos 0x0, ttl 63, id 3555, offset 0, flags [DF], proto TCP (6), length 60)
LAN     192.168.56.1.11892 > 160.79.104.10.443: Flags [S], cksum 0x43ba (correct), seq 369425521, win 65280, options [mss 1280,sackOK,TS val 4195272767 ecr 0,nop,wscale 9], length 0
WAN 02:15:20.104487 IP (tos 0x0, ttl 56, id 0, offset 0, flags [DF], proto TCP (6), length 60)
WAN     160.79.104.10.443 > 192.168.2.70.11892: Flags [S.], cksum 0x0f64 (correct), seq 2677262490, ack 369425522, win 65535, options [mss 1460,sackOK,TS val 181859652 ecr 4195272767,nop,wscale 13], length 0
LAN 02:15:20.104523 IP (tos 0x0, ttl 55, id 0, offset 0, flags [DF], proto TCP (6), length 60)
LAN     160.79.104.10.443 > 192.168.56.1.11892: Flags [S.], cksum 0xd9a8 (correct), seq 2677262490, ack 369425522, win 65535, options [mss 1460,sackOK,TS val 181859652 ecr 4195272767,nop,wscale 13], length 0
WAN 02:15:20.573292 IP (tos 0x0, ttl 127, id 28098, offset 0, flags [DF], proto TCP (6), length 64)
WAN     192.168.2.70.43319 > 216.197.195.147.443: Flags [S], cksum 0xed88 (correct), seq 1803115372, win 65535, options [mss 1460,nop,wscale 8,nop,nop,sackOK,nop,nop,TS val 3394153729 ecr 0], length 0
WAN 02:15:20.582657 IP (tos 0x0, ttl 58, id 0, offset 0, flags [DF], proto TCP (6), length 60)
WAN     216.197.195.147.443 > 192.168.2.70.43319: Flags [S.], cksum 0x9d3c (correct), seq 93265955, ack 1803115373, win 65160, options [mss 1384,sackOK,TS val 1875431050 ecr 3394153729,nop,wscale 7], length 0
LAN 02:15:20.573248 IP (tos 0x0, ttl 128, id 28098, offset 0, flags [DF], proto TCP (6), length 52)
LAN     192.168.56.1.43319 > 216.197.195.147.443: Flags [S], cksum 0x6835 (correct), seq 1803115372, win 65535, options [mss 1460,nop,wscale 8,nop,nop,sackOK], length 0
LAN 02:15:20.582840 IP (tos 0x0, ttl 57, id 0, offset 0, flags [DF], proto TCP (6), length 60)
LAN     216.197.195.147.443 > 192.168.56.1.43319: Flags [S.], cksum 0x202a (correct), seq 93265955, ack 1803115373, win 65160, options [mss 1384,sackOK,nop,nop,nop,nop,nop,nop,nop,nop,nop,nop,nop,wscale 7], length 0
WAN 02:15:21.016856 IP (tos 0x0, ttl 127, id 3479, offset 0, flags [DF], proto TCP (6), length 64)
WAN     192.168.2.70.26496 > 216.197.195.171.443: Flags [S], cksum 0x4afd (correct), seq 587106322, win 65535, options [mss 1460,nop,wscale 8,nop,nop,sackOK,nop,nop,TS val 3394153729 ecr 0], length 0
WAN 02:15:21.026378 IP (tos 0x0, ttl 58, id 0, offset 0, flags [DF], proto TCP (6), length 60)
WAN     216.197.195.171.443 > 192.168.2.70.26496: Flags [S.], cksum 0xb006 (correct), seq 543857998, ack 587106323, win 65160, options [mss 1384,sackOK,TS val 1167108966 ecr 3394153729,nop,wscale 7], length 0
LAN 02:15:21.016795 IP (tos 0x0, ttl 128, id 3479, offset 0, flags [DF], proto TCP (6), length 52)
LAN     192.168.56.1.26496 > 216.197.195.171.443: Flags [S], cksum 0xc5a9 (correct), seq 587106322, win 65535, options [mss 1460,nop,wscale 8,nop,nop,sackOK], length 0
LAN 02:15:21.026458 IP (tos 0x0, ttl 57, id 0, offset 0, flags [DF], proto TCP (6), length 60)
LAN     216.197.195.171.443 > 192.168.56.1.26496: Flags [S.], cksum 0xe597 (correct), seq 543857998, ack 587106323, win 65160, options [mss 1384,sackOK,nop,nop,nop,nop,nop,nop,nop,nop,nop,nop,nop,wscale 7], length 0
LAN 02:15:21.600664 IP (tos 0x0, ttl 128, id 3490, offset 0, flags [DF], proto TCP (6), length 52)
LAN     192.168.56.1.41924 > 216.197.195.171.443: Flags [S], cksum 0xdab2 (correct), seq 2522334059, win 65535, options [mss 1460,nop,wscale 8,nop,nop,sackOK], length 0
WAN 02:15:21.601018 IP (tos 0x0, ttl 127, id 3490, offset 0, flags [DF], proto TCP (6), length 64)
WAN     192.168.2.70.41924 > 216.197.195.171.443: Flags [S], cksum 0x6006 (correct), seq 2522334059, win 65535, options [mss 1460,nop,wscale 8,nop,nop,sackOK,nop,nop,TS val 3394153729 ecr 0], length 0
WAN 02:15:21.609462 IP (tos 0x0, ttl 58, id 0, offset 0, flags [DF], proto TCP (6), length 60)
WAN     216.197.195.171.443 > 192.168.2.70.41924: Flags [S.], cksum 0x692a (correct), seq 3480766429, ack 2522334060, win 65160, options [mss 1384,sackOK,TS val 1167109550 ecr 3394153729,nop,wscale 7], length 0
LAN 02:15:21.609756 IP (tos 0x0, ttl 57, id 0, offset 0, flags [DF], proto TCP (6), length 60)
LAN     216.197.195.171.443 > 192.168.56.1.41924: Flags [S.], cksum 0xa103 (correct), seq 3480766429, ack 2522334060, win 65160, options [mss 1384,sackOK,nop,nop,nop,nop,nop,nop,nop,nop,nop,nop,nop,wscale 7], length 0
EST TCP_QUEUE; 2026-10-08-02:15:21; 1791425721.333130; 1791425721.333126; 1; 0; 0; 0
EST TCP_QUEUE; 2026-10-08-02:15:21; 1791425721.387726; 1791425721.387722; 1; 0; 0; 0
EST TCP_QUEUE; 2026-10-08-02:15:21; 1791425721.438428; 1791425721.438425; 1; 0; 0; 0
EST TCP_QUEUE; 2026-10-08-02:15:21; 1791425721.491835; 1791425721.491832; 1; 0; 0; 0
EST TCP_QUEUE; 2026-10-08-02:15:21; 1791425721.550715; 1791425721.550709; 1; 1510; 1; 1510
EST TCP_QUEUE; 2026-10-08-02:15:21; 1791425721.580065; 1791425721.580062; 1; 0; 1; 0
EST TCP_QUEUE; 2026-10-08-02:15:21; 1791425721.638620; 1791425721.638617; 1; 0; 1; 0
EST TCP_QUEUE; 2026-10-08-02:15:21; 1791425721.692439; 1791425721.692436; 1; 0; 1; 0
EST TCP_QUEUE; 2026-10-08-02:15:21; 1791425721.748803; 1791425721.748800; 1; 0; 1; 0
EST TCP_QUEUE; 2026-10-08-02:15:21; 1791425721.801185; 1791425721.801181; 1; 0; 0; 0
EST TCP_QUEUE; 2026-10-08-02:15:21; 1791425721.847793; 1791425721.847791; 1; 0; 0; 0
EST TCP_QUEUE; 2026-10-08-02:15:21; 1791425721.890669; 1791425721.890666; 1; 0; 0; 0
EST TCP_QUEUE; 2026-10-08-02:15:21; 1791425721.951118; 1791425721.951115; 1; 0; 0; 0
EST TCP_QUEUE; 2026-10-08-02:15:22; 1791425722.005373; 1791425722.005370; 1; 436; 0; 0
EST TCP_QUEUE; 2026-10-08-02:15:22; 1791425722.056177; 1791425722.056174; 1; 436; 0; 0
EST TCP_QUEUE; 2026-10-08-02:15:22; 1791425722.110645; 1791425722.110640; 1; 751; 0; 0
EST TCP_QUEUE; 2026-10-08-02:15:22; 1791425722.155029; 1791425722.155026; 1; 751; 0; 0
EST TCP_QUEUE; 2026-10-08-02:15:22; 1791425722.198163; 1791425722.198159; 0; 0; 0; 0
EST TCP_QUEUE; 2026-10-08-02:15:22; 1791425722.257439; 1791425722.257433; 1; 76; 0; 0
EST TCP_QUEUE; 2026-10-08-02:15:22; 1791425722.315015; 1791425722.315012; 1; 76; 0; 0
EST TCP_QUEUE; 2026-10-08-02:15:22; 1791425722.374053; 1791425722.374037; 1; 726; 0; 0
EST TCP_QUEUE; 2026-10-08-02:15:22; 1791425722.415827; 1791425722.415821; 1; 726; 0; 0
EST TCP_QUEUE; 2026-10-08-02:15:22; 1791425722.460579; 1791425722.460575; 1; 726; 0; 0
EST TCP_QUEUE; 2026-10-08-02:15:22; 1791425722.536239; 1791425722.536229; 1; 2568; 0; 0
EST TCP_QUEUE; 2026-10-08-02:15:22; 1791425722.563418; 1791425722.563415; 1; 2568; 0; 0
EST TCP_QUEUE; 2026-10-08-02:15:22; 1791425722.619905; 1791425722.619898; 1; 336; 0; 0
EST TCP_QUEUE; 2026-10-08-02:15:22; 1791425722.675181; 1791425722.675177; 1; 923; 0; 0
EST TCP_QUEUE; 2026-10-08-02:15:22; 1791425722.730195; 1791425722.730191; 1; 923; 0; 0
EST TCP_QUEUE; 2026-10-08-02:15:22; 1791425722.775094; 1791425722.775091; 0; 0; 0; 0
EST TCP_QUEUE; 2026-10-08-02:15:22; 1791425722.816669; 1791425722.816666; 1; 0; 0; 0
EST TCP_QUEUE; 2026-10-08-02:15:22; 1791425722.874384; 1791425722.874381; 1; 879; 0; 0
EST TCP_QUEUE; 2026-10-08-02:15:22; 1791425722.928847; 1791425722.928844; 1; 879; 0; 0
EST TCP_QUEUE; 2026-10-08-02:15:22; 1791425722.978866; 1791425722.978864; 0; 0; 0; 0
EST TCP_QUEUE; 2026-10-08-02:15:23; 1791425723.034031; 1791425723.034027; 0; 0; 0; 0
EST TCP_QUEUE; 2026-10-08-02:15:23; 1791425723.081656; 1791425723.081653; 0; 0; 0; 0
EST TCP_QUEUE; 2026-10-08-02:15:23; 1791425723.123097; 1791425723.123094; 0; 0; 0; 0
EST TCP_QUEUE; 2026-10-08-02:15:23; 1791425723.188929; 1791425723.188926; 0; 0; 0; 0
EST TCP_QUEUE; 2026-10-08-02:15:23; 1791425723.243040; 1791425723.243036; 1; 822; 0; 0
EST TCP_QUEUE; 2026-10-08-02:15:23; 1791425723.295062; 1791425723.295059; 1; 573; 0; 0
EST TCP_QUEUE; 2026-10-08-02:15:23; 1791425723.348506; 1791425723.348503; 1; 171; 0; 0
EST TCP_QUEUE; 2026-10-08-02:15:23; 1791425723.393600; 1791425723.393597; 1; 171; 0; 0
EST TCP_QUEUE; 2026-10-08-02:15:23; 1791425723.437786; 1791425723.437783; 1; 171; 0; 0
EST TCP_QUEUE; 2026-10-08-02:15:23; 1791425723.494570; 1791425723.494568; 0; 0; 0; 0
EST TCP_QUEUE; 2026-10-08-02:15:23; 1791425723.549587; 1791425723.549584; 0; 0; 0; 0
EST TCP_QUEUE; 2026-10-08-02:15:23; 1791425723.599825; 1791425723.599820; 0; 0; 0; 0
EST TCP_QUEUE; 2026-10-08-02:15:23; 1791425723.652337; 1791425723.652334; 1; 508; 0; 0
EST TCP_QUEUE; 2026-10-08-02:15:23; 1791425723.700198; 1791425723.700196; 1; 377; 0; 0
EST TCP_QUEUE; 2026-10-08-02:15:23; 1791425723.741529; 1791425723.741526; 1; 377; 0; 0
EST TCP_QUEUE; 2026-10-08-02:15:23; 1791425723.808975; 1791425723.808972; 1; 377; 0; 0
EST TCP_QUEUE; 2026-10-08-02:15:23; 1791425723.869393; 1791425723.869390; 1; 861; 0; 0
EST TCP_QUEUE; 2026-10-08-02:15:23; 1791425723.919257; 1791425723.919255; 1; 861; 0; 0
EST TCP_QUEUE; 2026-10-08-02:15:23; 1791425723.972152; 1791425723.972149; 1; 433; 0; 0
EST TCP_QUEUE; 2026-10-08-02:15:24; 1791425724.018240; 1791425724.018236; 1; 433; 0; 0
EST TCP_QUEUE; 2026-10-08-02:15:24; 1791425724.061864; 1791425724.061860; 1; 433; 0; 0
EST TCP_QUEUE; 2026-10-08-02:15:24; 1791425724.119762; 1791425724.119760; 0; 0; 0; 0
EST TCP_QUEUE; 2026-10-08-02:15:24; 1791425724.173619; 1791425724.173616; 0; 0; 0; 0
EST TCP_QUEUE; 2026-10-08-02:15:24; 1791425724.226856; 1791425724.226853; 1; 0; 0; 0
EST TCP_QUEUE; 2026-10-08-02:15:24; 1791425724.278682; 1791425724.278680; 1; 0; 0; 0
EST TCP_QUEUE; 2026-10-08-02:15:24; 1791425724.322618; 1791425724.322616; 1; 20; 0; 0
EST TCP_QUEUE; 2026-10-08-02:15:24; 1791425724.366550; 1791425724.366545; 1; 20; 0; 0
EST TCP_QUEUE; 2026-10-08-02:15:24; 1791425724.424243; 1791425724.424240; 1; 20; 0; 0
EST TCP_QUEUE; 2026-10-08-02:15:24; 1791425724.478193; 1791425724.478191; 0; 0; 0; 0
EST TCP_QUEUE; 2026-10-08-02:15:24; 1791425724.530573; 1791425724.530570; 0; 0; 0; 0
EST TCP_QUEUE; 2026-10-08-02:15:24; 1791425724.582899; 1791425724.582897; 0; 0; 0; 0
EST TCP_QUEUE; 2026-10-08-02:15:24; 1791425724.632635; 1791425724.632633; 0; 0; 0; 0
EST TCP_QUEUE; 2026-10-08-02:15:24; 1791425724.674567; 1791425724.674565; 0; 0; 0; 0
EST TCP_QUEUE; 2026-10-08-02:15:24; 1791425724.731949; 1791425724.731946; 1; 530; 0; 0
EST TCP_QUEUE; 2026-10-08-02:15:24; 1791425724.792334; 1791425724.792331; 1; 1430; 0; 0
EST TCP_QUEUE; 2026-10-08-02:15:24; 1791425724.848580; 1791425724.848577; 1; 1430; 0; 0
EST TCP_QUEUE; 2026-10-08-02:15:24; 1791425724.901634; 1791425724.901630; 0; 0; 0; 0
EST TCP_QUEUE; 2026-10-08-02:15:24; 1791425724.949188; 1791425724.949181; 0; 0; 0; 0
EST TCP_QUEUE; 2026-10-08-02:15:24; 1791425724.991570; 1791425724.991565; 0; 0; 0; 0
EST TCP_QUEUE; 2026-10-08-02:15:25; 1791425725.051476; 1791425725.051458; 1; 1105; 0; 0
EST TCP_QUEUE; 2026-10-08-02:15:25; 1791425725.105005; 1791425725.105002; 1; 1105; 0; 0
EST TCP_QUEUE; 2026-10-08-02:15:25; 1791425725.163024; 1791425725.163021; 1; 1105; 0; 0
EST TCP_QUEUE; 2026-10-08-02:15:25; 1791425725.216729; 1791425725.216726; 0; 0; 0; 0
EST TCP_QUEUE; 2026-10-08-02:15:25; 1791425725.262505; 1791425725.262502; 0; 0; 0; 0
EST TCP_QUEUE; 2026-10-08-02:15:25; 1791425725.303447; 1791425725.303445; 0; 0; 0; 0
EST TCP_QUEUE; 2026-10-08-02:15:25; 1791425725.362510; 1791425725.362505; 0; 0; 0; 0
EST TCP_QUEUE; 2026-10-08-02:15:25; 1791425725.416261; 1791425725.416259; 0; 0; 0; 0
EST TCP_QUEUE; 2026-10-08-02:15:25; 1791425725.468397; 1791425725.468395; 1; 2056; 0; 0
EST TCP_QUEUE; 2026-10-08-02:15:25; 1791425725.522533; 1791425725.522530; 1; 406; 1; 0
EST TCP_QUEUE; 2026-10-08-02:15:25; 1791425725.568233; 1791425725.568230; 1; 406; 1; 0
EST TCP_QUEUE; 2026-10-08-02:15:25; 1791425725.611842; 1791425725.611840; 1; 406; 1; 0
EST TCP_QUEUE; 2026-10-08-02:15:25; 1791425725.669786; 1791425725.669784; 1; 633; 1; 1242
EST TCP_QUEUE; 2026-10-08-02:15:25; 1791425725.728222; 1791425725.728218; 1; 490; 1; 226
EST TCP_QUEUE; 2026-10-08-02:15:25; 1791425725.778452; 1791425725.778450; 1; 490; 1; 226
EST TCP_QUEUE; 2026-10-08-02:15:25; 1791425725.830819; 1791425725.830816; 1; 0; 1; 226
EST TCP_QUEUE; 2026-10-08-02:15:25; 1791425725.888632; 1791425725.888628; 1; 0; 1; 460
EST TCP_QUEUE; 2026-10-08-02:15:25; 1791425725.935745; 1791425725.935742; 1; 0; 1; 460
EST TCP_QUEUE; 2026-10-08-02:15:25; 1791425725.999412; 1791425725.999408; 1; 970; 1; 878
EST TCP_QUEUE; 2026-10-08-02:15:26; 1791425726.055711; 1791425726.055708; 1; 273; 1; 878
EST TCP_QUEUE; 2026-10-08-02:15:26; 1791425726.108367; 1791425726.108365; 1; 273; 1; 849
EST TCP_QUEUE; 2026-10-08-02:15:26; 1791425726.162453; 1791425726.162450; 1; 273; 1; 849
EST TCP_QUEUE; 2026-10-08-02:15:26; 1791425726.208100; 1791425726.208097; 1; 608; 1; 153
EST TCP_QUEUE; 2026-10-08-02:15:26; 1791425726.247761; 1791425726.247758; 1; 608; 1; 153
EST TCP_QUEUE; 2026-10-08-02:15:26; 1791425726.305891; 1791425726.305889; 1; 432; 1; 153
EST TCP_QUEUE; 2026-10-08-02:15:26; 1791425726.359960; 1791425726.359958; 1; 230; 1; 153
EST TCP_QUEUE; 2026-10-08-02:15:26; 1791425726.414195; 1791425726.414181; 1; 230; 1; 895
EST TCP_QUEUE; 2026-10-08-02:15:26; 1791425726.463606; 1791425726.463603; 1; 230; 1; 457
EST TCP_QUEUE; 2026-10-08-02:15:26; 1791425726.510876; 1791425726.510873; 1; 352; 1; 0
EST TCP_QUEUE; 2026-10-08-02:15:26; 1791425726.552948; 1791425726.552945; 1; 331; 1; 0
EST TCP_QUEUE; 2026-10-08-02:15:26; 1791425726.610125; 1791425726.610122; 1; 0; 1; 0
EST TCP_QUEUE; 2026-10-08-02:15:26; 1791425726.664967; 1791425726.664965; 1; 0; 1; 0
EST TCP_QUEUE; 2026-10-08-02:15:26; 1791425726.714225; 1791425726.714222; 1; 0; 1; 0
EST TCP_QUEUE; 2026-10-08-02:15:26; 1791425726.767473; 1791425726.767470; 1; 373; 1; 0
EST TCP_QUEUE; 2026-10-08-02:15:26; 1791425726.813874; 1791425726.813871; 1; 373; 1; 0
EST TCP_QUEUE; 2026-10-08-02:15:26; 1791425726.857199; 1791425726.857195; 1; 373; 1; 0
EST TCP_QUEUE; 2026-10-08-02:15:26; 1791425726.920873; 1791425726.920869; 1; 790; 1; 1948
EST TCP_QUEUE; 2026-10-08-02:15:26; 1791425726.975125; 1791425726.975121; 1; 318; 1; 1948
EST TCP_QUEUE; 2026-10-08-02:15:27; 1791425727.033165; 1791425727.033162; 1; 258; 1; 0
EST TCP_QUEUE; 2026-10-08-02:15:27; 1791425727.091905; 1791425727.091903; 1; 258; 1; 0
EST TCP_QUEUE; 2026-10-08-02:15:27; 1791425727.139473; 1791425727.139470; 1; 196; 1; 0
EST TCP_QUEUE; 2026-10-08-02:15:27; 1791425727.187304; 1791425727.187302; 1; 196; 1; 0
EST TCP_QUEUE; 2026-10-08-02:15:27; 1791425727.245126; 1791425727.245123; 1; 196; 1; 0
EST TCP_QUEUE; 2026-10-08-02:15:27; 1791425727.302926; 1791425727.302924; 1; 760; 1; 1948
EST TCP_QUEUE; 2026-10-08-02:15:27; 1791425727.409495; 1791425727.409491; 1; 760; 1; 1948
EST TCP_QUEUE; 2026-10-08-02:15:27; 1791425727.472218; 1791425727.472216; 1; 1005; 1; 1694
EST TCP_QUEUE; 2026-10-08-02:15:27; 1791425727.519800; 1791425727.519797; 1; 1005; 1; 1694
EST TCP_QUEUE; 2026-10-08-02:15:27; 1791425727.561132; 1791425727.561129; 1; 1005; 1; 1694
EST TCP_QUEUE; 2026-10-08-02:15:27; 1791425727.622725; 1791425727.622721; 0; 0; 0; 0
WAN 02:15:27.911159 IP (tos 0x0, ttl 62, id 17032, offset 0, flags [DF], proto TCP (6), length 60)
WAN     192.168.2.70.11826 > 34.149.66.165.443: Flags [S], cksum 0xef11 (correct), seq 3591922027, win 65280, options [mss 1280,sackOK,TS val 46057543 ecr 0,nop,wscale 9], length 0
WAN 02:15:27.943300 IP (tos 0x0, ttl 121, id 0, offset 0, flags [DF], proto TCP (6), length 60)
WAN     34.149.66.165.443 > 192.168.2.70.11826: Flags [S.], cksum 0x4d56 (correct), seq 2948757265, ack 3591922028, win 65535, options [mss 1412,sackOK,TS val 2542985665 ecr 46057543,nop,wscale 8], length 0
LAN 02:15:27.910835 IP (tos 0x0, ttl 63, id 17032, offset 0, flags [DF], proto TCP (6), length 60)
LAN     192.168.56.1.11826 > 34.149.66.165.443: Flags [S], cksum 0xb956 (correct), seq 3591922027, win 65280, options [mss 1280,sackOK,TS val 46057543 ecr 0,nop,wscale 9], length 0
LAN 02:15:27.943573 IP (tos 0x0, ttl 120, id 0, offset 0, flags [DF], proto TCP (6), length 60)
LAN     34.149.66.165.443 > 192.168.56.1.11826: Flags [S.], cksum 0x179b (correct), seq 2948757265, ack 3591922028, win 65535, options [mss 1412,sackOK,TS val 2542985665 ecr 46057543,nop,wscale 8], length 0
EST TCP_QUEUE; 2026-10-08-02:15:27; 1791425727.704496; 1791425727.704493; 0; 0; 0; 0
EST TCP_QUEUE; 2026-10-08-02:15:27; 1791425727.757012; 1791425727.757008; 0; 0; 0; 0
EST TCP_QUEUE; 2026-10-08-02:15:27; 1791425727.822284; 1791425727.822282; 0; 0; 0; 0
EST TCP_QUEUE; 2026-10-08-02:15:27; 1791425727.871277; 1791425727.871274; 0; 0; 0; 0
EST TCP_QUEUE; 2026-10-08-02:15:27; 1791425727.915966; 1791425727.915964; 1; 496; 0; 0
EST TCP_QUEUE; 2026-10-08-02:15:27; 1791425727.973848; 1791425727.973845; 1; 496; 0; 0
EST TCP_QUEUE; 2026-10-08-02:15:28; 1791425728.029837; 1791425728.029834; 1; 496; 0; 0
EST TCP_QUEUE; 2026-10-08-02:15:28; 1791425728.086612; 1791425728.086609; 0; 0; 0; 0
EST TCP_QUEUE; 2026-10-08-02:15:28; 1791425728.140413; 1791425728.140409; 1; 410; 0; 0
EST TCP_QUEUE; 2026-10-08-02:15:28; 1791425728.185494; 1791425728.185491; 1; 410; 0; 0
EST TCP_QUEUE; 2026-10-08-02:15:28; 1791425728.229840; 1791425728.229838; 1; 410; 0; 0
EST TCP_QUEUE; 2026-10-08-02:15:28; 1791425728.287864; 1791425728.287859; 0; 0; 0; 0
EST TCP_QUEUE; 2026-10-08-02:15:28; 1791425728.351809; 1791425728.351806; 0; 0; 0; 0
EST TCP_QUEUE; 2026-10-08-02:15:28; 1791425728.408190; 1791425728.408188; 0; 0; 0; 0
EST TCP_QUEUE; 2026-10-08-02:15:28; 1791425728.464732; 1791425728.464729; 0; 0; 0; 0
EST TCP_QUEUE; 2026-10-08-02:15:28; 1791425728.508366; 1791425728.508363; 0; 0; 0; 0
EST TCP_QUEUE; 2026-10-08-02:15:28; 1791425728.549383; 1791425728.549378; 0; 0; 0; 0
EST TCP_QUEUE; 2026-10-08-02:15:28; 1791425728.611421; 1791425728.611419; 0; 0; 0; 0
EST TCP_QUEUE; 2026-10-08-02:15:28; 1791425728.668728; 1791425728.668723; 0; 0; 0; 0
EST TCP_QUEUE; 2026-10-08-02:15:28; 1791425728.722690; 1791425728.722681; 0; 0; 0; 0
EST TCP_QUEUE; 2026-10-08-02:15:28; 1791425728.775800; 1791425728.775795; 0; 0; 0; 0
EST TCP_QUEUE; 2026-10-08-02:15:28; 1791425728.824336; 1791425728.824333; 0; 0; 0; 0
EST TCP_QUEUE; 2026-10-08-02:15:28; 1791425728.864444; 1791425728.864442; 0; 0; 0; 0
EST TCP_QUEUE; 2026-10-08-02:15:28; 1791425728.925569; 1791425728.925566; 0; 0; 0; 0
EST TCP_QUEUE; 2026-10-08-02:15:28; 1791425728.982036; 1791425728.982033; 1; 1012; 0; 0
EST TCP_QUEUE; 2026-10-08-02:15:29; 1791425729.034550; 1791425729.034545; 1; 1012; 0; 0
EST TCP_QUEUE; 2026-10-08-02:15:29; 1791425729.088355; 1791425729.088352; 0; 0; 0; 0
EST TCP_QUEUE; 2026-10-08-02:15:29; 1791425729.136242; 1791425729.136240; 0; 0; 0; 0
EST TCP_QUEUE; 2026-10-08-02:15:29; 1791425729.177762; 1791425729.177759; 0; 0; 0; 0
EST TCP_QUEUE; 2026-10-08-02:15:29; 1791425729.236872; 1791425729.236227; 1; 1039; 0; 0
EST TCP_QUEUE; 2026-10-08-02:15:29; 1791425729.294090; 1791425729.294086; 1; 1039; 0; 0
EST TCP_QUEUE; 2026-10-08-02:15:29; 1791425729.345280; 1791425729.345277; 1; 1039; 0; 0
EST TCP_QUEUE; 2026-10-08-02:15:29; 1791425729.400667; 1791425729.400663; 0; 0; 0; 0
EST TCP_QUEUE; 2026-10-08-02:15:29; 1791425729.470100; 1791425729.470096; 0; 0; 0; 0
EST TCP_QUEUE; 2026-10-08-02:15:29; 1791425729.523071; 1791425729.523069; 0; 0; 0; 0
EST TCP_QUEUE; 2026-10-08-02:15:29; 1791425729.583536; 1791425729.583533; 0; 0; 0; 0
EST TCP_QUEUE; 2026-10-08-02:15:29; 1791425729.662980; 1791425729.662976; 0; 0; 0; 0
WAN 02:15:30.850112 IP (tos 0x0, ttl 62, id 52575, offset 0, flags [DF], proto TCP (6), length 60)
WAN     192.168.2.70.11838 > 160.79.104.10.443: Flags [S], cksum 0x5405 (correct), seq 2179474653, win 65280, options [mss 1280,sackOK,TS val 3346959398 ecr 0,nop,wscale 9], length 0
WAN 02:15:30.873967 IP (tos 0x0, ttl 56, id 0, offset 0, flags [DF], proto TCP (6), length 60)
WAN     160.79.104.10.443 > 192.168.2.70.11838: Flags [S.], cksum 0xc147 (correct), seq 3985808174, ack 2179474654, win 65535, options [mss 1460,sackOK,TS val 2682087510 ecr 3346959398,nop,wscale 13], length 0
LAN 02:15:30.849940 IP (tos 0x0, ttl 63, id 52575, offset 0, flags [DF], proto TCP (6), length 60)
LAN     192.168.56.1.11838 > 160.79.104.10.443: Flags [S], cksum 0x1e4a (correct), seq 2179474653, win 65280, options [mss 1280,sackOK,TS val 3346959398 ecr 0,nop,wscale 9], length 0
LAN 02:15:30.874286 IP (tos 0x0, ttl 55, id 0, offset 0, flags [DF], proto TCP (6), length 60)
LAN     160.79.104.10.443 > 192.168.56.1.11838: Flags [S.], cksum 0x8b8c (correct), seq 3985808174, ack 2179474654, win 65535, options [mss 1460,sackOK,TS val 2682087510 ecr 3346959398,nop,wscale 13], length 0
EST TCP_QUEUE; 2026-10-08-02:15:29; 1791425729.715212; 1791425729.715206; 0; 0; 0; 0
EST TCP_QUEUE; 2026-10-08-02:15:29; 1791425729.769700; 1791425729.769696; 0; 0; 0; 0
EST TCP_QUEUE; 2026-10-08-02:15:29; 1791425729.815424; 1791425729.815417; 0; 0; 0; 0
EST TCP_QUEUE; 2026-10-08-02:15:29; 1791425729.856684; 1791425729.856681; 0; 0; 0; 0
EST TCP_QUEUE; 2026-10-08-02:15:29; 1791425729.926137; 1791425729.926134; 0; 0; 0; 0
EST TCP_QUEUE; 2026-10-08-02:15:29; 1791425729.999860; 1791425729.999856; 1; 969; 0; 0
EST TCP_QUEUE; 2026-10-08-02:15:30; 1791425730.054395; 1791425730.054392; 1; 969; 0; 0
EST TCP_QUEUE; 2026-10-08-02:15:30; 1791425730.108777; 1791425730.108774; 1; 969; 0; 0
EST TCP_QUEUE; 2026-10-08-02:15:30; 1791425730.158153; 1791425730.158150; 1; 969; 0; 0
EST TCP_QUEUE; 2026-10-08-02:15:30; 1791425730.205929; 1791425730.205926; 1; 300; 0; 0
EST TCP_QUEUE; 2026-10-08-02:15:30; 1791425730.264245; 1791425730.264242; 1; 0; 0; 0
EST TCP_QUEUE; 2026-10-08-02:15:30; 1791425730.325568; 1791425730.325563; 1; 0; 0; 0
EST TCP_QUEUE; 2026-10-08-02:15:30; 1791425730.375007; 1791425730.375003; 0; 0; 0; 0
EST TCP_QUEUE; 2026-10-08-02:15:30; 1791425730.427026; 1791425730.427023; 0; 0; 0; 0
EST TCP_QUEUE; 2026-10-08-02:15:30; 1791425730.494456; 1791425730.494453; 0; 0; 0; 0
EST TCP_QUEUE; 2026-10-08-02:15:30; 1791425730.541750; 1791425730.541746; 1; 870; 0; 0
EST TCP_QUEUE; 2026-10-08-02:15:30; 1791425730.605202; 1791425730.605199; 1; 870; 0; 0
EST TCP_QUEUE; 2026-10-08-02:15:30; 1791425730.709520; 1791425730.709502; 0; 0; 0; 0
EST TCP_QUEUE; 2026-10-08-02:15:30; 1791425730.762395; 1791425730.762393; 1; 665; 1; 2012
EST TCP_QUEUE; 2026-10-08-02:15:30; 1791425730.818704; 1791425730.818701; 1; 665; 1; 0
EST TCP_QUEUE; 2026-10-08-02:15:30; 1791425730.864376; 1791425730.864373; 1; 665; 1; 0
EST TCP_QUEUE; 2026-10-08-02:15:30; 1791425730.906154; 1791425730.906151; 1; 776; 1; 0
EST TCP_QUEUE; 2026-10-08-02:15:30; 1791425730.963695; 1791425730.963693; 1; 776; 1; 0
EST TCP_QUEUE; 2026-10-08-02:15:31; 1791425731.019540; 1791425731.019537; 0; 0; 0; 0
EST TCP_QUEUE; 2026-10-08-02:15:31; 1791425731.071403; 1791425731.071398; 1; 1747; 0; 0
EST TCP_QUEUE; 2026-10-08-02:15:31; 1791425731.123831; 1791425731.123826; 1; 1747; 0; 0
EST TCP_QUEUE; 2026-10-08-02:15:31; 1791425731.168979; 1791425731.168976; 1; 1142; 0; 0
EST TCP_QUEUE; 2026-10-08-02:15:31; 1791425731.214448; 1791425731.214444; 1; 1142; 0; 0
EST TCP_QUEUE; 2026-10-08-02:15:31; 1791425731.271599; 1791425731.271596; 1; 812; 0; 0
EST TCP_QUEUE; 2026-10-08-02:15:31; 1791425731.328388; 1791425731.328385; 1; 812; 0; 0
EST TCP_QUEUE; 2026-10-08-02:15:31; 1791425731.384556; 1791425731.384554; 0; 0; 0; 0
EST TCP_QUEUE; 2026-10-08-02:15:31; 1791425731.437285; 1791425731.437282; 1; 125; 0; 0
EST TCP_QUEUE; 2026-10-08-02:15:31; 1791425731.486565; 1791425731.486562; 1; 125; 0; 0
EST TCP_QUEUE; 2026-10-08-02:15:31; 1791425731.543887; 1791425731.543885; 1; 125; 0; 0
EST TCP_QUEUE; 2026-10-08-02:15:31; 1791425731.603576; 1791425731.603573; 0; 0; 0; 0
EST TCP_QUEUE; 2026-10-08-02:15:31; 1791425731.665504; 1791425731.665501; 0; 0; 0; 0
EST TCP_QUEUE; 2026-10-08-02:15:31; 1791425731.714220; 1791425731.714218; 0; 0; 0; 0
EST TCP_QUEUE; 2026-10-08-02:15:31; 1791425731.771128; 1791425731.771125; 0; 0; 0; 0
EST TCP_QUEUE; 2026-10-08-02:15:31; 1791425731.816738; 1791425731.816735; 0; 0; 0; 0
EST TCP_QUEUE; 2026-10-08-02:15:31; 1791425731.861937; 1791425731.861935; 0; 0; 0; 0
EST TCP_QUEUE; 2026-10-08-02:15:31; 1791425731.930499; 1791425731.930496; 0; 0; 0; 0
EST TCP_QUEUE; 2026-10-08-02:15:31; 1791425731.976244; 1791425731.976241; 0; 0; 0; 0
EST TCP_QUEUE; 2026-10-08-02:15:32; 1791425732.025178; 1791425732.025174; 0; 0; 0; 0
EST TCP_QUEUE; 2026-10-08-02:15:32; 1791425732.077388; 1791425732.077385; 0; 0; 0; 0
EST TCP_QUEUE; 2026-10-08-02:15:32; 1791425732.122321; 1791425732.122318; 1; 482; 0; 0
EST TCP_QUEUE; 2026-10-08-02:15:32; 1791425732.165882; 1791425732.165878; 1; 482; 0; 0
EST TCP_QUEUE; 2026-10-08-02:15:32; 1791425732.225731; 1791425732.225729; 1; 482; 0; 0
EST TCP_QUEUE; 2026-10-08-02:15:32; 1791425732.281023; 1791425732.281020; 0; 0; 0; 0
EST TCP_QUEUE; 2026-10-08-02:15:32; 1791425732.329672; 1791425732.329670; 1; 461; 0; 0
EST TCP_QUEUE; 2026-10-08-02:15:32; 1791425732.383043; 1791425732.383040; 1; 461; 0; 0
EST TCP_QUEUE; 2026-10-08-02:15:32; 1791425732.433141; 1791425732.433137; 1; 461; 0; 0
EST TCP_QUEUE; 2026-10-08-02:15:32; 1791425732.473111; 1791425732.473109; 0; 0; 0; 0
EST TCP_QUEUE; 2026-10-08-02:15:32; 1791425732.531192; 1791425732.531188; 1; 92; 0; 0
EST TCP_QUEUE; 2026-10-08-02:15:32; 1791425732.587041; 1791425732.587038; 1; 92; 0; 0
EST TCP_QUEUE; 2026-10-08-02:15:32; 1791425732.636256; 1791425732.636253; 1; 92; 0; 0
EST TCP_QUEUE; 2026-10-08-02:15:32; 1791425732.690584; 1791425732.690582; 0; 0; 0; 0
EST TCP_QUEUE; 2026-10-08-02:15:32; 1791425732.737043; 1791425732.737036; 0; 0; 0; 0
EST TCP_QUEUE; 2026-10-08-02:15:32; 1791425732.778121; 1791425732.778117; 0; 0; 0; 0
EST TCP_QUEUE; 2026-10-08-02:15:32; 1791425732.838834; 1791425732.838831; 0; 0; 0; 0
EST TCP_QUEUE; 2026-10-08-02:15:32; 1791425732.893212; 1791425732.893209; 0; 0; 0; 0
EST TCP_QUEUE; 2026-10-08-02:15:32; 1791425732.949816; 1791425732.949813; 0; 0; 0; 0
EST TCP_QUEUE; 2026-10-08-02:15:33; 1791425733.001984; 1791425733.001980; 0; 0; 0; 0
EST TCP_QUEUE; 2026-10-08-02:15:33; 1791425733.048547; 1791425733.048544; 0; 0; 0; 0
EST TCP_QUEUE; 2026-10-08-02:15:33; 1791425733.089629; 1791425733.089626; 0; 0; 0; 0
EST TCP_QUEUE; 2026-10-08-02:15:33; 1791425733.149315; 1791425733.149312; 1; 781; 0; 0
EST TCP_QUEUE; 2026-10-08-02:15:33; 1791425733.203549; 1791425733.203547; 1; 781; 0; 0
EST TCP_QUEUE; 2026-10-08-02:15:33; 1791425733.254074; 1791425733.254069; 1; 781; 0; 0
EST TCP_QUEUE; 2026-10-08-02:15:33; 1791425733.314842; 1791425733.314840; 1; 277; 0; 0
EST TCP_QUEUE; 2026-10-08-02:15:33; 1791425733.361614; 1791425733.361610; 1; 277; 0; 0
EST TCP_QUEUE; 2026-10-08-02:15:33; 1791425733.401669; 1791425733.401666; 1; 302; 0; 0
EST TCP_QUEUE; 2026-10-08-02:15:33; 1791425733.459484; 1791425733.459481; 1; 302; 0; 0
EST TCP_QUEUE; 2026-10-08-02:15:33; 1791425733.514308; 1791425733.514304; 0; 0; 0; 0
EST TCP_QUEUE; 2026-10-08-02:15:33; 1791425733.569942; 1791425733.569940; 1; 119; 0; 0
EST TCP_QUEUE; 2026-10-08-02:15:33; 1791425733.622765; 1791425733.622762; 1; 119; 0; 0
EST TCP_QUEUE; 2026-10-08-02:15:33; 1791425733.674549; 1791425733.674546; 1; 691; 1; 0
EST TCP_QUEUE; 2026-10-08-02:15:33; 1791425733.716907; 1791425733.716904; 1; 268; 1; 0
EST TCP_QUEUE; 2026-10-08-02:15:33; 1791425733.777614; 1791425733.777611; 1; 268; 1; 0
EST TCP_QUEUE; 2026-10-08-02:15:33; 1791425733.832502; 1791425733.832500; 1; 268; 1; 0
EST TCP_QUEUE; 2026-10-08-02:15:33; 1791425733.882785; 1791425733.882783; 1; 1564; 0; 0
EST TCP_QUEUE; 2026-10-08-02:15:33; 1791425733.937158; 1791425733.937154; 1; 1564; 0; 0
EST TCP_QUEUE; 2026-10-08-02:15:33; 1791425733.982657; 1791425733.982653; 0; 0; 0; 0
EST TCP_QUEUE; 2026-10-08-02:15:34; 1791425734.024473; 1791425734.024470; 0; 0; 0; 0
EST TCP_QUEUE; 2026-10-08-02:15:34; 1791425734.081742; 1791425734.081740; 0; 0; 0; 0
EST TCP_QUEUE; 2026-10-08-02:15:34; 1791425734.137329; 1791425734.137324; 1; 593; 0; 0
EST TCP_QUEUE; 2026-10-08-02:15:34; 1791425734.186702; 1791425734.186699; 1; 0; 1; 0
EST TCP_QUEUE; 2026-10-08-02:15:34; 1791425734.241406; 1791425734.241403; 1; 0; 1; 0
EST TCP_QUEUE; 2026-10-08-02:15:34; 1791425734.289019; 1791425734.289016; 1; 378; 1; 0
EST TCP_QUEUE; 2026-10-08-02:15:34; 1791425734.337639; 1791425734.337636; 1; 0; 1; 0
EST TCP_QUEUE; 2026-10-08-02:15:34; 1791425734.394249; 1791425734.394246; 1; 0; 1; 0
EST TCP_QUEUE; 2026-10-08-02:15:34; 1791425734.448495; 1791425734.448475; 1; 0; 1; 0
EST TCP_QUEUE; 2026-10-08-02:15:34; 1791425734.498966; 1791425734.498963; 1; 2140; 0; 0
EST TCP_QUEUE; 2026-10-08-02:15:34; 1791425734.552106; 1791425734.552103; 1; 2140; 0; 0
EST TCP_QUEUE; 2026-10-08-02:15:34; 1791425734.597625; 1791425734.597622; 1; 334; 0; 0
EST TCP_QUEUE; 2026-10-08-02:15:34; 1791425734.639377; 1791425734.639373; 1; 334; 0; 0
EST TCP_QUEUE; 2026-10-08-02:15:34; 1791425734.699102; 1791425734.699097; 1; 95; 0; 0
EST TCP_QUEUE; 2026-10-08-02:15:34; 1791425734.757220; 1791425734.757214; 1; 95; 0; 0
EST TCP_QUEUE; 2026-10-08-02:15:34; 1791425734.807626; 1791425734.807623; 0; 0; 0; 0
EST TCP_QUEUE; 2026-10-08-02:15:34; 1791425734.862112; 1791425734.862110; 0; 0; 0; 0
EST TCP_QUEUE; 2026-10-08-02:15:34; 1791425734.909815; 1791425734.909813; 1; 402; 1; 2140
EST TCP_QUEUE; 2026-10-08-02:15:34; 1791425734.951135; 1791425734.951133; 1; 402; 1; 2140
EST TCP_QUEUE; 2026-10-08-02:15:35; 1791425735.008901; 1791425735.008899; 1; 402; 1; 2140
EST TCP_QUEUE; 2026-10-08-02:15:35; 1791425735.063343; 1791425735.063340; 1; 402; 1; 2140
EST TCP_QUEUE; 2026-10-08-02:15:35; 1791425735.113879; 1791425735.113876; 0; 0; 0; 0
EST TCP_QUEUE; 2026-10-08-02:15:35; 1791425735.166885; 1791425735.166883; 0; 0; 0; 0
EST TCP_QUEUE; 2026-10-08-02:15:35; 1791425735.212437; 1791425735.212434; 1; 924; 0; 0
EST TCP_QUEUE; 2026-10-08-02:15:35; 1791425735.266303; 1791425735.266299; 1; 924; 0; 0
EST TCP_QUEUE; 2026-10-08-02:15:35; 1791425735.323413; 1791425735.323409; 1; 924; 0; 0
EST TCP_QUEUE; 2026-10-08-02:15:35; 1791425735.385069; 1791425735.385067; 1; 1547; 1; 1572
EST TCP_QUEUE; 2026-10-08-02:15:35; 1791425735.439431; 1791425735.439428; 1; 1547; 1; 1572
EST TCP_QUEUE; 2026-10-08-02:15:35; 1791425735.492134; 1791425735.492131; 1; 1547; 1; 1572
EST TCP_QUEUE; 2026-10-08-02:15:35; 1791425735.538648; 1791425735.538644; 1; 1547; 1; 1572
EST TCP_QUEUE; 2026-10-08-02:15:35; 1791425735.580772; 1791425735.580770; 1; 573; 0; 0
EST TCP_QUEUE; 2026-10-08-02:15:35; 1791425735.641841; 1791425735.641835; 1; 0; 0; 0
EST TCP_QUEUE; 2026-10-08-02:15:35; 1791425735.693363; 1791425735.693360; 1; 0; 0; 0
EST TCP_QUEUE; 2026-10-08-02:15:35; 1791425735.744842; 1791425735.744837; 1; 0; 0; 0
EST TCP_QUEUE; 2026-10-08-02:15:35; 1791425735.796722; 1791425735.796719; 1; 284; 0; 0
EST TCP_QUEUE; 2026-10-08-02:15:35; 1791425735.843173; 1791425735.843170; 1; 284; 0; 0
EST TCP_QUEUE; 2026-10-08-02:15:35; 1791425735.890070; 1791425735.890068; 1; 581; 0; 0
EST TCP_QUEUE; 2026-10-08-02:15:35; 1791425735.954287; 1791425735.954284; 1; 581; 0; 0
EST TCP_QUEUE; 2026-10-08-02:15:36; 1791425736.014941; 1791425736.014929; 1; 793; 0; 0
EST TCP_QUEUE; 2026-10-08-02:15:36; 1791425736.066441; 1791425736.066427; 1; 793; 0; 0
EST TCP_QUEUE; 2026-10-08-02:15:36; 1791425736.119680; 1791425736.119666; 0; 0; 0; 0
EST TCP_QUEUE; 2026-10-08-02:15:36; 1791425736.166509; 1791425736.166497; 1; 1611; 0; 0
WAN 02:15:37.765859 IP (tos 0x0, ttl 127, id 37178, offset 0, flags [DF], proto TCP (6), length 64)
WAN     192.168.2.70.40004 > 142.251.157.119.443: Flags [S], cksum 0xaa6a (correct), seq 1764498865, win 65535, options [mss 1460,nop,wscale 8,nop,nop,sackOK,nop,nop,TS val 3394153729 ecr 0], length 0
LAN 02:15:37.765475 IP (tos 0x0, ttl 128, id 37178, offset 0, flags [DF], proto TCP (6), length 52)
LAN     192.168.56.1.40004 > 142.251.157.119.443: Flags [S], cksum 0x2517 (correct), seq 1764498865, win 65535, options [mss 1460,nop,wscale 8,nop,nop,sackOK], length 0
LAN 02:15:37.797724 IP (tos 0x0, ttl 120, id 0, offset 0, flags [DF], proto TCP (6), length 60)
LAN     142.251.157.119.443 > 192.168.56.1.40004: Flags [S.], cksum 0xb653 (correct), seq 1293614523, ack 1764498866, win 65535, options [mss 1412,sackOK,nop,nop,nop,nop,nop,nop,nop,nop,nop,nop,nop,wscale 8], length 0
WAN 02:15:37.797456 IP (tos 0x0, ttl 121, id 0, offset 0, flags [DF], proto TCP (6), length 60)
WAN     142.251.157.119.443 > 192.168.2.70.40004: Flags [S.], cksum 0x0b99 (correct), seq 1293614523, ack 1764498866, win 65535, options [mss 1412,sackOK,TS val 2891168204 ecr 3394153729,nop,wscale 8], length 0
EST TCP_QUEUE; 2026-10-08-02:15:36; 1791425736.204424; 1791425736.204420; 1; 1611; 0; 0
EST TCP_QUEUE; 2026-10-08-02:15:36; 1791425736.263605; 1791425736.263602; 1; 1140; 0; 0
EST TCP_QUEUE; 2026-10-08-02:15:36; 1791425736.321939; 1791425736.321936; 1; 1140; 0; 0
EST TCP_QUEUE; 2026-10-08-02:15:36; 1791425736.373244; 1791425736.373241; 0; 0; 0; 0
EST TCP_QUEUE; 2026-10-08-02:15:36; 1791425736.431030; 1791425736.431028; 1; 1003; 0; 0
EST TCP_QUEUE; 2026-10-08-02:15:36; 1791425736.477224; 1791425736.477219; 1; 1003; 0; 0
EST TCP_QUEUE; 2026-10-08-02:15:36; 1791425736.518471; 1791425736.518469; 1; 1003; 0; 0
EST TCP_QUEUE; 2026-10-08-02:15:36; 1791425736.576985; 1791425736.576981; 0; 0; 0; 0
EST TCP_QUEUE; 2026-10-08-02:15:36; 1791425736.631028; 1791425736.631025; 0; 0; 0; 0
EST TCP_QUEUE; 2026-10-08-02:15:36; 1791425736.680884; 1791425736.680880; 0; 0; 0; 0
EST TCP_QUEUE; 2026-10-08-02:15:36; 1791425736.733813; 1791425736.733811; 1; 156; 0; 0
EST TCP_QUEUE; 2026-10-08-02:15:36; 1791425736.781344; 1791425736.781341; 1; 156; 0; 0
EST TCP_QUEUE; 2026-10-08-02:15:36; 1791425736.825327; 1791425736.825325; 1; 156; 0; 0
EST TCP_QUEUE; 2026-10-08-02:15:36; 1791425736.894457; 1791425736.894450; 0; 0; 0; 0
EST TCP_QUEUE; 2026-10-08-02:15:36; 1791425736.943996; 1791425736.943988; 0; 0; 0; 0
EST TCP_QUEUE; 2026-10-08-02:15:36; 1791425736.996949; 1791425736.996946; 1; 1574; 0; 0
EST TCP_QUEUE; 2026-10-08-02:15:37; 1791425737.055569; 1791425737.055566; 1; 1574; 0; 0
EST TCP_QUEUE; 2026-10-08-02:15:37; 1791425737.106830; 1791425737.106828; 1; 1574; 0; 0
EST TCP_QUEUE; 2026-10-08-02:15:37; 1791425737.151593; 1791425737.151589; 1; 1574; 0; 0
EST TCP_QUEUE; 2026-10-08-02:15:37; 1791425737.212026; 1791425737.212021; 1; 21; 0; 0
EST TCP_QUEUE; 2026-10-08-02:15:37; 1791425737.270363; 1791425737.270360; 0; 0; 0; 0
EST TCP_QUEUE; 2026-10-08-02:15:37; 1791425737.317772; 1791425737.317767; 1; 0; 0; 0
EST TCP_QUEUE; 2026-10-08-02:15:37; 1791425737.369710; 1791425737.369704; 1; 0; 0; 0
EST TCP_QUEUE; 2026-10-08-02:15:37; 1791425737.414898; 1791425737.414896; 1; 0; 0; 0
EST TCP_QUEUE; 2026-10-08-02:15:37; 1791425737.456676; 1791425737.456672; 1; 0; 0; 0
EST TCP_QUEUE; 2026-10-08-02:15:37; 1791425737.514563; 1791425737.514560; 1; 474; 0; 0
EST TCP_QUEUE; 2026-10-08-02:15:37; 1791425737.571176; 1791425737.571174; 1; 282; 0; 0
EST TCP_QUEUE; 2026-10-08-02:15:37; 1791425737.623183; 1791425737.623179; 1; 515; 0; 0
EST TCP_QUEUE; 2026-10-08-02:15:37; 1791425737.673832; 1791425737.673829; 1; 515; 0; 0
EST TCP_QUEUE; 2026-10-08-02:15:37; 1791425737.720396; 1791425737.720392; 1; 515; 0; 0
EST TCP_QUEUE; 2026-10-08-02:15:37; 1791425737.766873; 1791425737.766869; 1; 732; 0; 0
EST TCP_QUEUE; 2026-10-08-02:15:37; 1791425737.826967; 1791425737.826964; 1; 732; 0; 0
EST TCP_QUEUE; 2026-10-08-02:15:37; 1791425737.879634; 1791425737.879631; 0; 0; 0; 0
EST TCP_QUEUE; 2026-10-08-02:15:37; 1791425737.931626; 1791425737.931623; 1; 95; 0; 0
EST TCP_QUEUE; 2026-10-08-02:15:37; 1791425737.983359; 1791425737.983356; 1; 95; 0; 0
EST TCP_QUEUE; 2026-10-08-02:15:38; 1791425738.031826; 1791425738.031823; 1; 95; 0; 0
EST TCP_QUEUE; 2026-10-08-02:15:38; 1791425738.075477; 1791425738.075474; 1; 358; 0; 0
EST TCP_QUEUE; 2026-10-08-02:15:38; 1791425738.131879; 1791425738.131875; 1; 358; 0; 0
EST TCP_QUEUE; 2026-10-08-02:15:38; 1791425738.187962; 1791425738.187959; 1; 751; 0; 0
WAN 02:15:39.734761 IP (tos 0x0, ttl 127, id 32407, offset 0, flags [DF], proto TCP (6), length 64)
WAN     192.168.2.70.37410 > 150.171.110.151.443: Flags [S], cksum 0x1c13 (correct), seq 3245901070, win 65535, options [mss 1460,nop,wscale 8,nop,nop,sackOK,nop,nop,TS val 3394153729 ecr 0], length 0
WAN 02:15:39.787320 IP (tos 0x0, ttl 49, id 0, offset 0, flags [DF], proto TCP (6), length 60)
WAN     150.171.110.151.443 > 192.168.2.70.37410: Flags [S.], cksum 0xa9cc (correct), seq 4166957957, ack 3245901071, win 65535, options [mss 1440,sackOK,TS val 1403354308 ecr 3394153729,nop,wscale 9], length 0
LAN 02:15:39.734456 IP (tos 0x0, ttl 128, id 32407, offset 0, flags [DF], proto TCP (6), length 52)
LAN     192.168.56.1.37410 > 150.171.110.151.443: Flags [S], cksum 0x96bf (correct), seq 3245901070, win 65535, options [mss 1460,nop,wscale 8,nop,nop,sackOK], length 0
LAN 02:15:39.787676 IP (tos 0x0, ttl 48, id 0, offset 0, flags [DF], proto TCP (6), length 60)
LAN     150.171.110.151.443 > 192.168.56.1.37410: Flags [S.], cksum 0xbed0 (correct), seq 4166957957, ack 3245901071, win 65535, options [mss 1440,sackOK,nop,nop,nop,nop,nop,nop,nop,nop,nop,nop,nop,wscale 9], length 0
EST TCP_QUEUE; 2026-10-08-02:15:38; 1791425738.242619; 1791425738.242616; 1; 751; 0; 0
EST TCP_QUEUE; 2026-10-08-02:15:38; 1791425738.296755; 1791425738.296752; 0; 0; 0; 0
EST TCP_QUEUE; 2026-10-08-02:15:38; 1791425738.348109; 1791425738.348107; 1; 176; 0; 0
EST TCP_QUEUE; 2026-10-08-02:15:38; 1791425738.391222; 1791425738.391219; 1; 176; 0; 0
EST TCP_QUEUE; 2026-10-08-02:15:38; 1791425738.447595; 1791425738.447592; 1; 176; 0; 0
EST TCP_QUEUE; 2026-10-08-02:15:38; 1791425738.505477; 1791425738.505474; 1; 146; 0; 0
EST TCP_QUEUE; 2026-10-08-02:15:38; 1791425738.551827; 1791425738.551825; 1; 0; 0; 0
EST TCP_QUEUE; 2026-10-08-02:15:38; 1791425738.604751; 1791425738.604748; 1; 0; 0; 0
EST TCP_QUEUE; 2026-10-08-02:15:38; 1791425738.650537; 1791425738.650534; 1; 0; 0; 0
EST TCP_QUEUE; 2026-10-08-02:15:38; 1791425738.691816; 1791425738.691814; 0; 0; 0; 0
EST TCP_QUEUE; 2026-10-08-02:15:38; 1791425738.749815; 1791425738.749811; 0; 0; 0; 0
EST TCP_QUEUE; 2026-10-08-02:15:38; 1791425738.807285; 1791425738.807281; 1; 527; 0; 0
EST TCP_QUEUE; 2026-10-08-02:15:38; 1791425738.856925; 1791425738.856923; 1; 527; 0; 0
EST TCP_QUEUE; 2026-10-08-02:15:38; 1791425738.911244; 1791425738.911242; 1; 916; 0; 0
EST TCP_QUEUE; 2026-10-08-02:15:38; 1791425738.964317; 1791425738.964313; 1; 916; 0; 0
EST TCP_QUEUE; 2026-10-08-02:15:38; 1791425738.998416; 1791425738.998413; 1; 916; 0; 0
EST TCP_QUEUE; 2026-10-08-02:15:39; 1791425739.056657; 1791425739.056654; 1; 916; 0; 0
EST TCP_QUEUE; 2026-10-08-02:15:39; 1791425739.117571; 1791425739.117568; 1; 1580; 0; 0
EST TCP_QUEUE; 2026-10-08-02:15:39; 1791425739.167941; 1791425739.167937; 0; 0; 0; 0
EST TCP_QUEUE; 2026-10-08-02:15:39; 1791425739.217424; 1791425739.217421; 0; 0; 0; 0
EST TCP_QUEUE; 2026-10-08-02:15:39; 1791425739.263709; 1791425739.263706; 0; 0; 0; 0
EST TCP_QUEUE; 2026-10-08-02:15:39; 1791425739.308994; 1791425739.308990; 0; 0; 0; 0
EST TCP_QUEUE; 2026-10-08-02:15:39; 1791425739.366457; 1791425739.366454; 0; 0; 0; 0
EST TCP_QUEUE; 2026-10-08-02:15:39; 1791425739.420860; 1791425739.420856; 1; 1181; 0; 0
EST TCP_QUEUE; 2026-10-08-02:15:39; 1791425739.469767; 1791425739.469765; 1; 1181; 0; 0
EST TCP_QUEUE; 2026-10-08-02:15:39; 1791425739.522764; 1791425739.522760; 1; 1181; 0; 0
EST TCP_QUEUE; 2026-10-08-02:15:39; 1791425739.573792; 1791425739.573787; 1; 525; 0; 0
EST TCP_QUEUE; 2026-10-08-02:15:39; 1791425739.612191; 1791425739.612187; 1; 525; 0; 0
EST TCP_QUEUE; 2026-10-08-02:15:39; 1791425739.667652; 1791425739.667650; 1; 658; 0; 0
EST TCP_QUEUE; 2026-10-08-02:15:39; 1791425739.725453; 1791425739.725450; 1; 658; 0; 0
EST TCP_QUEUE; 2026-10-08-02:15:39; 1791425739.776310; 1791425739.776307; 1; 372; 0; 0
EST TCP_QUEUE; 2026-10-08-02:15:39; 1791425739.830490; 1791425739.830487; 1; 372; 0; 0
EST TCP_QUEUE; 2026-10-08-02:15:39; 1791425739.874638; 1791425739.874636; 1; 482; 0; 0
EST TCP_QUEUE; 2026-10-08-02:15:39; 1791425739.916960; 1791425739.916956; 1; 482; 0; 0
EST TCP_QUEUE; 2026-10-08-02:15:39; 1791425739.975060; 1791425739.975056; 0; 0; 0; 0
EST TCP_QUEUE; 2026-10-08-02:15:40; 1791425740.030289; 1791425740.030285; 0; 0; 0; 0
EST TCP_QUEUE; 2026-10-08-02:15:40; 1791425740.082712; 1791425740.082709; 1; 1098; 0; 0
EST TCP_QUEUE; 2026-10-08-02:15:40; 1791425740.136001; 1791425740.135998; 1; 160; 0; 0
EST TCP_QUEUE; 2026-10-08-02:15:40; 1791425740.182593; 1791425740.182590; 1; 160; 0; 0
EST TCP_QUEUE; 2026-10-08-02:15:40; 1791425740.225108; 1791425740.225104; 1; 160; 0; 0
EST TCP_QUEUE; 2026-10-08-02:15:40; 1791425740.294230; 1791425740.294225; 0; 0; 0; 0
EST TCP_QUEUE; 2026-10-08-02:15:40; 1791425740.343559; 1791425740.343556; 0; 0; 0; 0
EST TCP_QUEUE; 2026-10-08-02:15:40; 1791425740.392596; 1791425740.392593; 0; 0; 0; 0
EST TCP_QUEUE; 2026-10-08-02:15:40; 1791425740.442964; 1791425740.442961; 1; 666; 0; 0
EST TCP_QUEUE; 2026-10-08-02:15:40; 1791425740.491199; 1791425740.491196; 1; 666; 0; 0
EST TCP_QUEUE; 2026-10-08-02:15:40; 1791425740.532600; 1791425740.532595; 1; 666; 0; 0
EST TCP_QUEUE; 2026-10-08-02:15:40; 1791425740.604435; 1791425740.604432; 0; 0; 0; 0
EST TCP_QUEUE; 2026-10-08-02:15:40; 1791425740.649070; 1791425740.649067; 1; 917; 0; 0
EST TCP_QUEUE; 2026-10-08-02:15:40; 1791425740.693940; 1791425740.693938; 1; 917; 0; 0
EST TCP_QUEUE; 2026-10-08-02:15:40; 1791425740.750788; 1791425740.750785; 1; 917; 0; 0
EST TCP_QUEUE; 2026-10-08-02:15:40; 1791425740.796672; 1791425740.796669; 0; 0; 0; 0
EST TCP_QUEUE; 2026-10-08-02:15:40; 1791425740.842715; 1791425740.842708; 0; 0; 0; 0
EST TCP_QUEUE; 2026-10-08-02:15:40; 1791425740.897869; 1791425740.897866; 0; 0; 0; 0
EST TCP_QUEUE; 2026-10-08-02:15:40; 1791425740.968546; 1791425740.968543; 1; 440; 0; 0
EST TCP_QUEUE; 2026-10-08-02:15:41; 1791425741.002661; 1791425741.002658; 1; 440; 0; 0
EST TCP_QUEUE; 2026-10-08-02:15:41; 1791425741.057334; 1791425741.057330; 1; 440; 0; 0
EST TCP_QUEUE; 2026-10-08-02:15:41; 1791425741.103589; 1791425741.103584; 0; 0; 0; 0
EST TCP_QUEUE; 2026-10-08-02:15:41; 1791425741.145056; 1791425741.145054; 1; 1187; 0; 0
EST TCP_QUEUE; 2026-10-08-02:15:41; 1791425741.206692; 1791425741.206688; 1; 1187; 0; 0
EST TCP_QUEUE; 2026-10-08-02:15:41; 1791425741.262918; 1791425741.262914; 1; 1187; 0; 0
EST TCP_QUEUE; 2026-10-08-02:15:41; 1791425741.315241; 1791425741.315238; 0; 0; 0; 0
EST TCP_QUEUE; 2026-10-08-02:15:41; 1791425741.366125; 1791425741.366121; 0; 0; 0; 0
EST TCP_QUEUE; 2026-10-08-02:15:41; 1791425741.415770; 1791425741.415768; 0; 0; 0; 0
EST TCP_QUEUE; 2026-10-08-02:15:41; 1791425741.464807; 1791425741.464804; 1; 0; 0; 0
EST TCP_QUEUE; 2026-10-08-02:15:41; 1791425741.520950; 1791425741.520946; 1; 277; 0; 0
EST TCP_QUEUE; 2026-10-08-02:15:41; 1791425741.577514; 1791425741.577510; 1; 776; 1; 0
EST TCP_QUEUE; 2026-10-08-02:15:41; 1791425741.630301; 1791425741.630297; 1; 776; 1; 0
EST TCP_QUEUE; 2026-10-08-02:15:41; 1791425741.679656; 1791425741.679654; 1; 1402; 1; 0
EST TCP_QUEUE; 2026-10-08-02:15:42; 1791425742.091298; 1791425742.091295; 1; 0; 0; 0
EST TCP_QUEUE; 2026-10-08-02:15:42; 1791425742.154715; 1791425742.154711; 1; 0; 0; 0
EST TCP_QUEUE; 2026-10-08-02:15:42; 1791425742.213475; 1791425742.213471; 1; 542; 0; 0
EST TCP_QUEUE; 2026-10-08-02:15:42; 1791425742.270548; 1791425742.270544; 1; 542; 0; 0
EST TCP_QUEUE; 2026-10-08-02:15:42; 1791425742.322630; 1791425742.322626; 1; 542; 0; 0
EST TCP_QUEUE; 2026-10-08-02:15:42; 1791425742.364984; 1791425742.364981; 1; 542; 0; 0
EST TCP_QUEUE; 2026-10-08-02:15:42; 1791425742.405860; 1791425742.405838; 0; 0; 0; 0
EST TCP_QUEUE; 2026-10-08-02:15:42; 1791425742.464188; 1791425742.464186; 0; 0; 0; 0
EST TCP_QUEUE; 2026-10-08-02:15:42; 1791425742.516975; 1791425742.516972; 1; 852; 0; 0
EST TCP_QUEUE; 2026-10-08-02:15:42; 1791425742.569740; 1791425742.569737; 1; 852; 0; 0
EST TCP_QUEUE; 2026-10-08-02:15:42; 1791425742.621533; 1791425742.621530; 1; 852; 0; 0
EST TCP_QUEUE; 2026-10-08-02:15:42; 1791425742.667286; 1791425742.667283; 0; 0; 0; 0
WAN 02:15:43.913261 IP (tos 0x0, ttl 127, id 46338, offset 0, flags [DF], proto TCP (6), length 64)
WAN     192.168.2.70.3158 > 64.201.199.204.443: Flags [S], cksum 0x5365 (correct), seq 2018449759, win 65535, options [mss 1460,nop,wscale 8,nop,nop,sackOK,nop,nop,TS val 3394153729 ecr 0], length 0
WAN 02:15:43.913514 IP (tos 0x0, ttl 127, id 46339, offset 0, flags [DF], proto TCP (6), length 64)
WAN     192.168.2.70.61191 > 64.201.199.204.443: Flags [S], cksum 0xa23a (correct), seq 2527054215, win 65535, options [mss 1460,nop,wscale 8,nop,nop,sackOK,nop,nop,TS val 3394153729 ecr 0], length 0
WAN 02:15:43.917098 IP (tos 0x0, ttl 122, id 0, offset 0, flags [DF], proto TCP (6), length 60)
WAN     64.201.199.204.443 > 192.168.2.70.3158: Flags [S.], cksum 0x9f9e (correct), seq 3594842455, ack 2018449760, win 65535, options [mss 1412,sackOK,TS val 431350937 ecr 3394153729,nop,wscale 8], length 0
WAN 02:15:43.917098 IP (tos 0x0, ttl 122, id 0, offset 0, flags [DF], proto TCP (6), length 60)
WAN     64.201.199.204.443 > 192.168.2.70.61191: Flags [S.], cksum 0x17f6 (correct), seq 28735783, ack 2527054216, win 65535, options [mss 1412,sackOK,TS val 2503248983 ecr 3394153729,nop,wscale 8], length 0
LAN 02:15:43.912269 IP (tos 0x0, ttl 128, id 46338, offset 0, flags [DF], proto TCP (6), length 52)
LAN     192.168.56.1.3158 > 64.201.199.204.443: Flags [S], cksum 0xce11 (correct), seq 2018449759, win 65535, options [mss 1460,nop,wscale 8,nop,nop,sackOK], length 0
LAN 02:15:43.912269 IP (tos 0x0, ttl 128, id 46339, offset 0, flags [DF], proto TCP (6), length 52)
LAN     192.168.56.1.61191 > 64.201.199.204.443: Flags [S], cksum 0x1ce7 (correct), seq 2527054215, win 65535, options [mss 1460,nop,wscale 8,nop,nop,sackOK], length 0
LAN 02:15:43.917485 IP (tos 0x0, ttl 121, id 0, offset 0, flags [DF], proto TCP (6), length 60)
LAN     64.201.199.204.443 > 192.168.56.1.3158: Flags [S.], cksum 0xe287 (correct), seq 3594842455, ack 2018449760, win 65535, options [mss 1412,sackOK,nop,nop,nop,nop,nop,nop,nop,nop,nop,nop,nop,wscale 8], length 0
LAN 02:15:43.917746 IP (tos 0x0, ttl 121, id 0, offset 0, flags [DF], proto TCP (6), length 60)
LAN     64.201.199.204.443 > 192.168.56.1.61191: Flags [S.], cksum 0x7e1c (correct), seq 28735783, ack 2527054216, win 65535, options [mss 1412,sackOK,nop,nop,nop,nop,nop,nop,nop,nop,nop,nop,nop,wscale 8], length 0
EST TCP_QUEUE; 2026-10-08-02:15:42; 1791425742.709693; 1791425742.709690; 0; 0; 0; 0
EST TCP_QUEUE; 2026-10-08-02:15:42; 1791425742.773648; 1791425742.773639; 1; 98; 0; 0
EST TCP_QUEUE; 2026-10-08-02:15:42; 1791425742.829233; 1791425742.829229; 1; 98; 0; 0
EST TCP_QUEUE; 2026-10-08-02:15:42; 1791425742.881836; 1791425742.881834; 0; 0; 0; 0
EST TCP_QUEUE; 2026-10-08-02:15:42; 1791425742.934805; 1791425742.934802; 0; 0; 0; 0
EST TCP_QUEUE; 2026-10-08-02:15:42; 1791425742.981819; 1791425742.981816; 0; 0; 0; 0
EST TCP_QUEUE; 2026-10-08-02:15:43; 1791425743.042003; 1791425743.030533; 1; 1557; 0; 0
EST TCP_QUEUE; 2026-10-08-02:15:43; 1791425743.084542; 1791425743.084539; 1; 1557; 0; 0
EST TCP_QUEUE; 2026-10-08-02:15:43; 1791425743.145774; 1791425743.145764; 1; 169; 0; 0
EST TCP_QUEUE; 2026-10-08-02:15:43; 1791425743.192547; 1791425743.192545; 1; 169; 0; 0
EST TCP_QUEUE; 2026-10-08-02:15:43; 1791425743.248646; 1791425743.248635; 1; 2404; 0; 0
EST TCP_QUEUE; 2026-10-08-02:15:43; 1791425743.300643; 1791425743.300641; 1; 2404; 0; 0
EST TCP_QUEUE; 2026-10-08-02:15:43; 1791425743.343580; 1791425743.343577; 1; 2404; 0; 0
EST TCP_QUEUE; 2026-10-08-02:15:43; 1791425743.401272; 1791425743.401270; 0; 0; 0; 0
EST TCP_QUEUE; 2026-10-08-02:15:43; 1791425743.458494; 1791425743.458489; 0; 0; 0; 0
EST TCP_QUEUE; 2026-10-08-02:15:43; 1791425743.512622; 1791425743.512619; 0; 0; 0; 0
EST TCP_QUEUE; 2026-10-08-02:15:43; 1791425743.567090; 1791425743.567086; 1; 662; 0; 0
EST TCP_QUEUE; 2026-10-08-02:15:43; 1791425743.613142; 1791425743.613140; 1; 662; 0; 0
EST TCP_QUEUE; 2026-10-08-02:15:43; 1791425743.655943; 1791425743.655941; 1; 662; 0; 0
EST TCP_QUEUE; 2026-10-08-02:15:43; 1791425743.713534; 1791425743.713532; 1; 0; 0; 0
EST TCP_QUEUE; 2026-10-08-02:15:43; 1791425743.770358; 1791425743.770354; 1; 0; 0; 0
EST TCP_QUEUE; 2026-10-08-02:15:43; 1791425743.822626; 1791425743.822623; 1; 621; 0; 0
EST TCP_QUEUE; 2026-10-08-02:15:43; 1791425743.872792; 1791425743.872789; 1; 621; 0; 0
EST TCP_QUEUE; 2026-10-08-02:15:43; 1791425743.922446; 1791425743.922443; 1; 412; 0; 0
EST TCP_QUEUE; 2026-10-08-02:15:43; 1791425743.962097; 1791425743.962093; 1; 412; 0; 0
EST TCP_QUEUE; 2026-10-08-02:15:44; 1791425744.021091; 1791425744.021087; 1; 412; 0; 0
EST TCP_QUEUE; 2026-10-08-02:15:44; 1791425744.076129; 1791425744.076126; 1; 0; 0; 0
EST TCP_QUEUE; 2026-10-08-02:15:44; 1791425744.128404; 1791425744.128401; 1; 0; 0; 0
EST TCP_QUEUE; 2026-10-08-02:15:44; 1791425744.182148; 1791425744.182145; 1; 0; 0; 0
EST TCP_QUEUE; 2026-10-08-02:15:44; 1791425744.230619; 1791425744.230615; 1; 0; 0; 0
EST TCP_QUEUE; 2026-10-08-02:15:44; 1791425744.271824; 1791425744.271821; 0; 0; 0; 0
EST TCP_QUEUE; 2026-10-08-02:15:44; 1791425744.334059; 1791425744.334055; 1; 192; 0; 0
EST TCP_QUEUE; 2026-10-08-02:15:44; 1791425744.387811; 1791425744.387808; 1; 192; 0; 0
EST TCP_QUEUE; 2026-10-08-02:15:44; 1791425744.438814; 1791425744.438811; 1; 192; 0; 0
EST TCP_QUEUE; 2026-10-08-02:15:44; 1791425744.496641; 1791425744.496639; 1; 88; 0; 0
EST TCP_QUEUE; 2026-10-08-02:15:44; 1791425744.607192; 1791425744.607185; 0; 0; 0; 0
EST TCP_QUEUE; 2026-10-08-02:15:44; 1791425744.648623; 1791425744.648618; 1; 805; 0; 0
EST TCP_QUEUE; 2026-10-08-02:15:44; 1791425744.711733; 1791425744.711730; 1; 805; 0; 0
EST TCP_QUEUE; 2026-10-08-02:15:44; 1791425744.773529; 1791425744.773526; 1; 587; 0; 0
EST TCP_QUEUE; 2026-10-08-02:15:44; 1791425744.826303; 1791425744.826300; 1; 587; 0; 0
EST TCP_QUEUE; 2026-10-08-02:15:44; 1791425744.879238; 1791425744.879236; 0; 0; 0; 0
EST TCP_QUEUE; 2026-10-08-02:15:44; 1791425744.926106; 1791425744.926103; 1; 627; 0; 0
EST TCP_QUEUE; 2026-10-08-02:15:44; 1791425744.970032; 1791425744.970029; 1; 627; 0; 0
EST TCP_QUEUE; 2026-10-08-02:15:45; 1791425745.034314; 1791425745.034310; 1; 627; 0; 0
EST TCP_QUEUE; 2026-10-08-02:15:45; 1791425745.089796; 1791425745.089793; 0; 0; 0; 0
EST TCP_QUEUE; 2026-10-08-02:15:45; 1791425745.142521; 1791425745.142518; 0; 0; 0; 0
EST TCP_QUEUE; 2026-10-08-02:15:45; 1791425745.192335; 1791425745.192333; 1; 0; 0; 0
EST TCP_QUEUE; 2026-10-08-02:15:45; 1791425745.253247; 1791425745.253244; 1; 0; 0; 0
EST TCP_QUEUE; 2026-10-08-02:15:45; 1791425745.295575; 1791425745.295572; 1; 0; 0; 0
EST TCP_QUEUE; 2026-10-08-02:15:45; 1791425745.353721; 1791425745.353716; 1; 0; 0; 0
EST TCP_QUEUE; 2026-10-08-02:15:45; 1791425745.408534; 1791425745.408529; 1; 1032; 0; 0
EST TCP_QUEUE; 2026-10-08-02:15:45; 1791425745.459197; 1791425745.459193; 1; 1032; 0; 0
EST TCP_QUEUE; 2026-10-08-02:15:45; 1791425745.518752; 1791425745.518750; 0; 0; 0; 0
EST TCP_QUEUE; 2026-10-08-02:15:45; 1791425745.564880; 1791425745.564875; 0; 0; 0; 0
EST TCP_QUEUE; 2026-10-08-02:15:45; 1791425745.608268; 1791425745.608266; 0; 0; 0; 0
EST TCP_QUEUE; 2026-10-08-02:15:45; 1791425745.670046; 1791425745.670041; 0; 0; 0; 0
EST TCP_QUEUE; 2026-10-08-02:15:45; 1791425745.726561; 1791425745.726559; 1; 1175; 0; 0
EST TCP_QUEUE; 2026-10-08-02:15:45; 1791425745.779516; 1791425745.779513; 1; 1175; 0; 0
EST TCP_QUEUE; 2026-10-08-02:15:45; 1791425745.830725; 1791425745.830722; 1; 1175; 0; 0
EST TCP_QUEUE; 2026-10-08-02:15:45; 1791425745.876795; 1791425745.876793; 0; 0; 0; 0
EST TCP_QUEUE; 2026-10-08-02:15:45; 1791425745.918557; 1791425745.918552; 0; 0; 0; 0
EST TCP_QUEUE; 2026-10-08-02:15:45; 1791425745.978290; 1791425745.978286; 0; 0; 0; 0
EST TCP_QUEUE; 2026-10-08-02:15:46; 1791425746.035044; 1791425746.035041; 1; 35; 0; 0
EST TCP_QUEUE; 2026-10-08-02:15:46; 1791425746.084965; 1791425746.084962; 1; 35; 0; 0
EST TCP_QUEUE; 2026-10-08-02:15:46; 1791425746.142951; 1791425746.142949; 1; 0; 1; 0
EST TCP_QUEUE; 2026-10-08-02:15:46; 1791425746.187711; 1791425746.187708; 1; 0; 1; 0
EST TCP_QUEUE; 2026-10-08-02:15:46; 1791425746.262715; 1791425746.262712; 1; 0; 1; 0
EST TCP_QUEUE; 2026-10-08-02:15:46; 1791425746.319618; 1791425746.319616; 1; 0; 1; 0
EST TCP_QUEUE; 2026-10-08-02:15:46; 1791425746.373709; 1791425746.373706; 1; 1303; 0; 0
EST TCP_QUEUE; 2026-10-08-02:15:46; 1791425746.424279; 1791425746.424276; 1; 1303; 0; 0
EST TCP_QUEUE; 2026-10-08-02:15:46; 1791425746.476552; 1791425746.476550; 1; 327; 0; 0
EST TCP_QUEUE; 2026-10-08-02:15:46; 1791425746.523556; 1791425746.523553; 1; 327; 0; 0
EST TCP_QUEUE; 2026-10-08-02:15:46; 1791425746.563798; 1791425746.563795; 1; 628; 1; 0
EST TCP_QUEUE; 2026-10-08-02:15:46; 1791425746.623438; 1791425746.623435; 1; 628; 1; 0
EST TCP_QUEUE; 2026-10-08-02:15:46; 1791425746.677359; 1791425746.677356; 1; 804; 0; 0
EST TCP_QUEUE; 2026-10-08-02:15:46; 1791425746.727828; 1791425746.727825; 1; 804; 0; 0
EST TCP_QUEUE; 2026-10-08-02:15:46; 1791425746.809648; 1791425746.809645; 1; 825; 0; 0
EST TCP_QUEUE; 2026-10-08-02:15:46; 1791425746.861758; 1791425746.861755; 1; 825; 0; 0
EST TCP_QUEUE; 2026-10-08-02:15:46; 1791425746.900769; 1791425746.900765; 1; 825; 0; 0
EST TCP_QUEUE; 2026-10-08-02:15:46; 1791425746.958696; 1791425746.958694; 1; 825; 0; 0
EST TCP_QUEUE; 2026-10-08-02:15:47; 1791425747.014709; 1791425747.014705; 0; 0; 0; 0
EST TCP_QUEUE; 2026-10-08-02:15:47; 1791425747.065627; 1791425747.065621; 0; 0; 0; 0
EST TCP_QUEUE; 2026-10-08-02:15:47; 1791425747.118433; 1791425747.118430; 1; 639; 0; 0
EST TCP_QUEUE; 2026-10-08-02:15:47; 1791425747.163819; 1791425747.163816; 1; 639; 0; 0
EST TCP_QUEUE; 2026-10-08-02:15:47; 1791425747.215298; 1791425747.215293; 1; 639; 0; 0
EST TCP_QUEUE; 2026-10-08-02:15:47; 1791425747.274614; 1791425747.274609; 0; 0; 0; 0
EST TCP_QUEUE; 2026-10-08-02:15:47; 1791425747.326990; 1791425747.326986; 0; 0; 0; 0
EST TCP_QUEUE; 2026-10-08-02:15:47; 1791425747.379934; 1791425747.379932; 0; 0; 0; 0
EST TCP_QUEUE; 2026-10-08-02:15:47; 1791425747.434084; 1791425747.434081; 0; 0; 0; 0
EST TCP_QUEUE; 2026-10-08-02:15:47; 1791425747.483350; 1791425747.483344; 1; 1062; 1; 1774
EST TCP_QUEUE; 2026-10-08-02:15:47; 1791425747.521032; 1791425747.521030; 1; 1062; 1; 1774
EST TCP_QUEUE; 2026-10-08-02:15:47; 1791425747.579439; 1791425747.579436; 1; 537; 0; 0
EST TCP_QUEUE; 2026-10-08-02:15:47; 1791425747.635863; 1791425747.635859; 1; 537; 0; 0
EST TCP_QUEUE; 2026-10-08-02:15:47; 1791425747.685938; 1791425747.685935; 0; 0; 0; 0
EST TCP_QUEUE; 2026-10-08-02:15:47; 1791425747.740285; 1791425747.740282; 0; 0; 0; 0
EST TCP_QUEUE; 2026-10-08-02:15:47; 1791425747.788007; 1791425747.788005; 0; 0; 0; 0
EST TCP_QUEUE; 2026-10-08-02:15:47; 1791425747.829515; 1791425747.829512; 0; 0; 0; 0
EST TCP_QUEUE; 2026-10-08-02:15:47; 1791425747.887257; 1791425747.887254; 1; 407; 0; 0
EST TCP_QUEUE; 2026-10-08-02:15:47; 1791425747.947744; 1791425747.947742; 1; 407; 0; 0
EST TCP_QUEUE; 2026-10-08-02:15:47; 1791425747.998254; 1791425747.998251; 1; 407; 0; 0
EST TCP_QUEUE; 2026-10-08-02:15:48; 1791425748.050687; 1791425748.050684; 1; 407; 0; 0
EST TCP_QUEUE; 2026-10-08-02:15:48; 1791425748.098291; 1791425748.098287; 0; 0; 0; 0
EST TCP_QUEUE; 2026-10-08-02:15:48; 1791425748.139919; 1791425748.139916; 0; 0; 0; 0
EST TCP_QUEUE; 2026-10-08-02:15:48; 1791425748.199299; 1791425748.199297; 1; 827; 0; 0
EST TCP_QUEUE; 2026-10-08-02:15:48; 1791425748.257334; 1791425748.257329; 1; 827; 0; 0
EST TCP_QUEUE; 2026-10-08-02:15:48; 1791425748.306432; 1791425748.306428; 0; 0; 0; 0
EST TCP_QUEUE; 2026-10-08-02:15:48; 1791425748.361048; 1791425748.361046; 0; 0; 0; 0
EST TCP_QUEUE; 2026-10-08-02:15:48; 1791425748.406626; 1791425748.406623; 0; 0; 0; 0
EST TCP_QUEUE; 2026-10-08-02:15:48; 1791425748.450041; 1791425748.450039; 0; 0; 0; 0
EST TCP_QUEUE; 2026-10-08-02:15:48; 1791425748.519774; 1791425748.519770; 0; 0; 0; 0
EST TCP_QUEUE; 2026-10-08-02:15:48; 1791425748.575998; 1791425748.575995; 1; 921; 0; 0
EST TCP_QUEUE; 2026-10-08-02:15:48; 1791425748.626334; 1791425748.626332; 1; 0; 0; 0
EST TCP_QUEUE; 2026-10-08-02:15:48; 1791425748.680837; 1791425748.680833; 1; 0; 0; 0
EST TCP_QUEUE; 2026-10-08-02:15:48; 1791425748.729253; 1791425748.729250; 1; 0; 0; 0
EST TCP_QUEUE; 2026-10-08-02:15:48; 1791425748.772087; 1791425748.772085; 0; 0; 0; 0
EST TCP_QUEUE; 2026-10-08-02:15:48; 1791425748.833157; 1791425748.833152; 0; 0; 0; 0
EST TCP_QUEUE; 2026-10-08-02:15:48; 1791425748.886236; 1791425748.886233; 0; 0; 0; 0
EST TCP_QUEUE; 2026-10-08-02:15:48; 1791425748.939275; 1791425748.939272; 0; 0; 0; 0
EST TCP_QUEUE; 2026-10-08-02:15:48; 1791425748.997084; 1791425748.997082; 1; 1275; 0; 0
EST TCP_QUEUE; 2026-10-08-02:15:49; 1791425749.045380; 1791425749.045376; 1; 1275; 0; 0
EST TCP_QUEUE; 2026-10-08-02:15:49; 1791425749.089359; 1791425749.089356; 0; 0; 0; 0
EST TCP_QUEUE; 2026-10-08-02:15:49; 1791425749.152447; 1791425749.152445; 0; 0; 0; 0
EST TCP_QUEUE; 2026-10-08-02:15:49; 1791425749.205777; 1791425749.205775; 0; 0; 0; 0
EST TCP_QUEUE; 2026-10-08-02:15:49; 1791425749.259499; 1791425749.259495; 1; 1145; 0; 0
EST TCP_QUEUE; 2026-10-08-02:15:49; 1791425749.313032; 1791425749.313030; 1; 1145; 0; 0
EST TCP_QUEUE; 2026-10-08-02:15:49; 1791425749.364854; 1791425749.364852; 1; 1145; 0; 0
EST TCP_QUEUE; 2026-10-08-02:15:49; 1791425749.402673; 1791425749.402669; 0; 0; 0; 0
EST TCP_QUEUE; 2026-10-08-02:15:49; 1791425749.462537; 1791425749.462534; 0; 0; 0; 0
EST TCP_QUEUE; 2026-10-08-02:15:49; 1791425749.518516; 1791425749.518513; 0; 0; 0; 0
EST TCP_QUEUE; 2026-10-08-02:15:49; 1791425749.596383; 1791425749.596381; 0; 0; 0; 0
EST TCP_QUEUE; 2026-10-08-02:15:49; 1791425749.650980; 1791425749.650975; 1; 1286; 0; 0
EST TCP_QUEUE; 2026-10-08-02:15:49; 1791425749.700190; 1791425749.700187; 1; 1286; 0; 0
EST TCP_QUEUE; 2026-10-08-02:15:49; 1791425749.794205; 1791425749.794202; 0; 0; 0; 0
EST TCP_QUEUE; 2026-10-08-02:15:49; 1791425749.887613; 1791425749.887610; 0; 0; 0; 0
EST TCP_QUEUE; 2026-10-08-02:15:49; 1791425749.940029; 1791425749.940026; 0; 0; 0; 0
EST TCP_QUEUE; 2026-10-08-02:15:49; 1791425749.992452; 1791425749.992448; 1; 1402; 0; 0
EST TCP_QUEUE; 2026-10-08-02:15:50; 1791425750.046478; 1791425750.046476; 1; 1402; 0; 0
EST TCP_QUEUE; 2026-10-08-02:15:50; 1791425750.092029; 1791425750.092026; 1; 1402; 0; 0
EST TCP_QUEUE; 2026-10-08-02:15:50; 1791425750.135833; 1791425750.135831; 1; 1402; 0; 0
EST TCP_QUEUE; 2026-10-08-02:15:50; 1791425750.195547; 1791425750.195544; 0; 0; 0; 0
EST TCP_QUEUE; 2026-10-08-02:15:50; 1791425750.292532; 1791425750.292529; 0; 0; 0; 0
EST TCP_QUEUE; 2026-10-08-02:15:50; 1791425750.385708; 1791425750.385706; 1; 1562; 0; 0
EST TCP_QUEUE; 2026-10-08-02:15:50; 1791425750.485274; 1791425750.485269; 0; 0; 0; 0
EST TCP_QUEUE; 2026-10-08-02:15:50; 1791425750.530349; 1791425750.530346; 0; 0; 0; 0
EST TCP_QUEUE; 2026-10-08-02:15:50; 1791425750.574613; 1791425750.574608; 0; 0; 0; 0
EST TCP_QUEUE; 2026-10-08-02:15:50; 1791425750.631639; 1791425750.631635; 0; 0; 0; 0
EST TCP_QUEUE; 2026-10-08-02:15:50; 1791425750.687968; 1791425750.687965; 1; 1326; 0; 0
EST TCP_QUEUE; 2026-10-08-02:15:50; 1791425750.814200; 1791425750.814197; 1; 522; 0; 0
EST TCP_QUEUE; 2026-10-08-02:15:50; 1791425750.878862; 1791425750.878860; 0; 0; 0; 0
EST TCP_QUEUE; 2026-10-08-02:15:50; 1791425750.922249; 1791425750.922244; 0; 0; 0; 0
EST TCP_QUEUE; 2026-10-08-02:15:50; 1791425750.966169; 1791425750.966165; 0; 0; 0; 0
EST TCP_QUEUE; 2026-10-08-02:15:51; 1791425751.026236; 1791425751.026233; 0; 0; 0; 0
EST TCP_QUEUE; 2026-10-08-02:15:51; 1791425751.081058; 1791425751.081055; 1; 1116; 0; 0
EST TCP_QUEUE; 2026-10-08-02:15:51; 1791425751.131596; 1791425751.131593; 1; 1116; 0; 0
EST TCP_QUEUE; 2026-10-08-02:15:51; 1791425751.182649; 1791425751.182647; 0; 0; 0; 0
EST TCP_QUEUE; 2026-10-08-02:15:51; 1791425751.248654; 1791425751.248652; 0; 0; 0; 0
EST TCP_QUEUE; 2026-10-08-02:15:51; 1791425751.301001; 1791425751.300999; 0; 0; 0; 0
EST TCP_QUEUE; 2026-10-08-02:15:51; 1791425751.362067; 1791425751.362062; 1; 901; 0; 0
EST TCP_QUEUE; 2026-10-08-02:15:51; 1791425751.421838; 1791425751.421835; 1; 901; 0; 0
EST TCP_QUEUE; 2026-10-08-02:15:51; 1791425751.476079; 1791425751.476077; 0; 0; 0; 0
EST TCP_QUEUE; 2026-10-08-02:15:51; 1791425751.530947; 1791425751.530618; 0; 0; 0; 0
EST TCP_QUEUE; 2026-10-08-02:15:51; 1791425751.576992; 1791425751.576990; 0; 0; 0; 0
EST TCP_QUEUE; 2026-10-08-02:15:51; 1791425751.626871; 1791425751.626866; 0; 0; 0; 0
EST TCP_QUEUE; 2026-10-08-02:15:51; 1791425751.675005; 1791425751.675001; 0; 0; 0; 0
EST TCP_QUEUE; 2026-10-08-02:15:51; 1791425751.734429; 1791425751.734426; 1; 2676; 0; 0
EST TCP_QUEUE; 2026-10-08-02:15:51; 1791425751.779383; 1791425751.779380; 1; 1649; 0; 0
EST TCP_QUEUE; 2026-10-08-02:15:51; 1791425751.841298; 1791425751.841294; 1; 1649; 0; 0
EST TCP_QUEUE; 2026-10-08-02:15:51; 1791425751.880023; 1791425751.880020; 0; 0; 0; 0
EST TCP_QUEUE; 2026-10-08-02:15:51; 1791425751.931508; 1791425751.931503; 0; 0; 0; 0
EST TCP_QUEUE; 2026-10-08-02:15:51; 1791425751.987932; 1791425751.987928; 0; 0; 0; 0
EST TCP_QUEUE; 2026-10-08-02:15:52; 1791425752.037524; 1791425752.037521; 0; 0; 0; 0
EST TCP_QUEUE; 2026-10-08-02:15:52; 1791425752.088950; 1791425752.088946; 1; 480; 0; 0
EST TCP_QUEUE; 2026-10-08-02:15:52; 1791425752.143921; 1791425752.143918; 1; 480; 0; 0
EST TCP_QUEUE; 2026-10-08-02:15:52; 1791425752.192584; 1791425752.192580; 1; 480; 0; 0
EST TCP_QUEUE; 2026-10-08-02:15:52; 1791425752.232904; 1791425752.232900; 1; 480; 0; 0
EST TCP_QUEUE; 2026-10-08-02:15:52; 1791425752.295562; 1791425752.295560; 0; 0; 0; 0
EST TCP_QUEUE; 2026-10-08-02:15:52; 1791425752.347319; 1791425752.347316; 0; 0; 0; 0
EST TCP_QUEUE; 2026-10-08-02:15:52; 1791425752.398660; 1791425752.398658; 0; 0; 0; 0
EST TCP_QUEUE; 2026-10-08-02:15:52; 1791425752.452341; 1791425752.452338; 1; 555; 0; 0
EST TCP_QUEUE; 2026-10-08-02:15:52; 1791425752.499293; 1791425752.499288; 1; 555; 0; 0
EST TCP_QUEUE; 2026-10-08-02:15:52; 1791425752.543588; 1791425752.543585; 1; 555; 0; 0
EST TCP_QUEUE; 2026-10-08-02:15:52; 1791425752.602868; 1791425752.602864; 0; 0; 0; 0
EST TCP_QUEUE; 2026-10-08-02:15:52; 1791425752.657128; 1791425752.657125; 0; 0; 0; 0
EST TCP_QUEUE; 2026-10-08-02:15:52; 1791425752.726789; 1791425752.726785; 0; 0; 0; 0
EST TCP_QUEUE; 2026-10-08-02:15:52; 1791425752.781217; 1791425752.781214; 0; 0; 0; 0
EST TCP_QUEUE; 2026-10-08-02:15:52; 1791425752.827189; 1791425752.827185; 1; 510; 0; 0
EST TCP_QUEUE; 2026-10-08-02:15:52; 1791425752.874809; 1791425752.874806; 1; 510; 0; 0
EST TCP_QUEUE; 2026-10-08-02:15:52; 1791425752.940018; 1791425752.940016; 1; 510; 0; 0
EST TCP_QUEUE; 2026-10-08-02:15:52; 1791425752.998984; 1791425752.998981; 0; 0; 0; 0
EST TCP_QUEUE; 2026-10-08-02:15:53; 1791425753.050236; 1791425753.050233; 0; 0; 0; 0
EST TCP_QUEUE; 2026-10-08-02:15:53; 1791425753.107357; 1791425753.107355; 0; 0; 0; 0
EST TCP_QUEUE; 2026-10-08-02:15:53; 1791425753.153395; 1791425753.153392; 1; 548; 0; 0
EST TCP_QUEUE; 2026-10-08-02:15:53; 1791425753.194386; 1791425753.194383; 1; 548; 0; 0
EST TCP_QUEUE; 2026-10-08-02:15:53; 1791425753.259946; 1791425753.259943; 1; 548; 0; 0
EST TCP_QUEUE; 2026-10-08-02:15:53; 1791425753.350373; 1791425753.350369; 0; 0; 0; 0
EST TCP_QUEUE; 2026-10-08-02:15:53; 1791425753.403999; 1791425753.403997; 0; 0; 0; 0
EST TCP_QUEUE; 2026-10-08-02:15:53; 1791425753.479661; 1791425753.479659; 0; 0; 0; 0
EST TCP_QUEUE; 2026-10-08-02:15:53; 1791425753.527516; 1791425753.527512; 1; 1222; 0; 0
EST TCP_QUEUE; 2026-10-08-02:15:53; 1791425753.571106; 1791425753.571104; 1; 1222; 0; 0
EST TCP_QUEUE; 2026-10-08-02:15:53; 1791425753.629584; 1791425753.629581; 1; 1222; 0; 0
EST TCP_QUEUE; 2026-10-08-02:15:53; 1791425753.689132; 1791425753.689129; 0; 0; 0; 0
EST TCP_QUEUE; 2026-10-08-02:15:53; 1791425753.742956; 1791425753.742953; 0; 0; 0; 0
EST TCP_QUEUE; 2026-10-08-02:15:53; 1791425753.795825; 1791425753.795821; 0; 0; 0; 0
EST TCP_QUEUE; 2026-10-08-02:15:53; 1791425753.843457; 1791425753.843455; 1; 707; 0; 0
EST TCP_QUEUE; 2026-10-08-02:15:53; 1791425753.883798; 1791425753.883796; 1; 707; 0; 0
EST TCP_QUEUE; 2026-10-08-02:15:53; 1791425753.941292; 1791425753.941289; 1; 707; 0; 0
EST TCP_QUEUE; 2026-10-08-02:15:53; 1791425753.997862; 1791425753.997859; 0; 0; 0; 0
EST TCP_QUEUE; 2026-10-08-02:15:54; 1791425754.047853; 1791425754.047851; 0; 0; 0; 0
EST TCP_QUEUE; 2026-10-08-02:15:54; 1791425754.106593; 1791425754.106587; 0; 0; 0; 0
EST TCP_QUEUE; 2026-10-08-02:15:54; 1791425754.154847; 1791425754.154845; 0; 0; 0; 0
EST TCP_QUEUE; 2026-10-08-02:15:54; 1791425754.196014; 1791425754.196012; 1; 1255; 0; 0
EST TCP_QUEUE; 2026-10-08-02:15:54; 1791425754.259438; 1791425754.259435; 1; 1255; 0; 0
EST TCP_QUEUE; 2026-10-08-02:15:54; 1791425754.322077; 1791425754.322074; 0; 0; 0; 0
EST TCP_QUEUE; 2026-10-08-02:15:54; 1791425754.382821; 1791425754.382817; 0; 0; 0; 0
EST TCP_QUEUE; 2026-10-08-02:15:54; 1791425754.485730; 1791425754.485727; 0; 0; 0; 0
EST TCP_QUEUE; 2026-10-08-02:15:54; 1791425754.536786; 1791425754.536783; 0; 0; 0; 0
EST TCP_QUEUE; 2026-10-08-02:15:54; 1791425754.578051; 1791425754.578047; 1; 399; 0; 0
EST TCP_QUEUE; 2026-10-08-02:15:54; 1791425754.635377; 1791425754.635374; 1; 399; 0; 0
EST TCP_QUEUE; 2026-10-08-02:15:54; 1791425754.690261; 1791425754.690258; 0; 0; 0; 0
EST TCP_QUEUE; 2026-10-08-02:15:54; 1791425754.742458; 1791425754.742455; 0; 0; 0; 0
EST TCP_QUEUE; 2026-10-08-02:15:54; 1791425754.820318; 1791425754.820315; 0; 0; 0; 0
EST TCP_QUEUE; 2026-10-08-02:15:54; 1791425754.877362; 1791425754.877359; 0; 0; 0; 0
EST TCP_QUEUE; 2026-10-08-02:15:54; 1791425754.921952; 1791425754.921947; 1; 1245; 0; 0
EST TCP_QUEUE; 2026-10-08-02:15:54; 1791425754.980474; 1791425754.980469; 1; 1245; 0; 0
EST TCP_QUEUE; 2026-10-08-02:15:55; 1791425755.035328; 1791425755.035324; 1; 1245; 0; 0
EST TCP_QUEUE; 2026-10-08-02:15:55; 1791425755.085424; 1791425755.085420; 0; 0; 0; 0
EST TCP_QUEUE; 2026-10-08-02:15:55; 1791425755.139568; 1791425755.139564; 0; 0; 0; 0
EST TCP_QUEUE; 2026-10-08-02:15:55; 1791425755.188323; 1791425755.188319; 0; 0; 0; 0
EST TCP_QUEUE; 2026-10-08-02:15:55; 1791425755.227320; 1791425755.227317; 1; 509; 0; 0
EST TCP_QUEUE; 2026-10-08-02:15:55; 1791425755.290589; 1791425755.290586; 1; 509; 0; 0
EST TCP_QUEUE; 2026-10-08-02:15:55; 1791425755.344830; 1791425755.344828; 1; 509; 0; 0
EST TCP_QUEUE; 2026-10-08-02:15:55; 1791425755.398659; 1791425755.398656; 0; 0; 0; 0
EST TCP_QUEUE; 2026-10-08-02:15:55; 1791425755.455613; 1791425755.455611; 0; 0; 0; 0
EST TCP_QUEUE; 2026-10-08-02:15:55; 1791425755.501023; 1791425755.501020; 0; 0; 0; 0
EST TCP_QUEUE; 2026-10-08-02:15:55; 1791425755.544310; 1791425755.544306; 0; 0; 0; 0
EST TCP_QUEUE; 2026-10-08-02:15:55; 1791425755.601332; 1791425755.601328; 0; 0; 0; 0
EST TCP_QUEUE; 2026-10-08-02:15:55; 1791425755.657990; 1791425755.657987; 1; 682; 0; 0
WAN 02:15:56.651230 IP (tos 0x0, ttl 127, id 55878, offset 0, flags [DF], proto TCP (6), length 64)
WAN     192.168.2.70.41105 > 52.84.129.234.443: Flags [S], cksum 0xa474 (correct), seq 1891995125, win 65535, options [mss 1460,nop,wscale 8,nop,nop,sackOK,nop,nop,TS val 3394153729 ecr 0], length 0
WAN 02:15:56.652830 IP (tos 0x0, ttl 127, id 55882, offset 0, flags [DF], proto TCP (6), length 64)
WAN     192.168.2.70.45875 > 52.84.129.234.443: Flags [S], cksum 0x610c (correct), seq 1120791731, win 65535, options [mss 1460,nop,wscale 8,nop,nop,sackOK,nop,nop,TS val 3394153729 ecr 0], length 0
WAN 02:15:56.669592 IP (tos 0x0, ttl 249, id 0, offset 0, flags [DF], proto TCP (6), length 60)
WAN     52.84.129.234.443 > 192.168.2.70.41105: Flags [S.], cksum 0x107e (correct), seq 1789687176, ack 1891995126, win 65535, options [mss 1440,sackOK,TS val 2101430408 ecr 3394153729,nop,wscale 9], length 0
WAN 02:15:56.671017 IP (tos 0x0, ttl 249, id 0, offset 0, flags [DF], proto TCP (6), length 60)
WAN     52.84.129.234.443 > 192.168.2.70.45875: Flags [S.], cksum 0x5cb3 (correct), seq 1295234524, ack 1120791732, win 65535, options [mss 1440,sackOK,TS val 2101843465 ecr 3394153729,nop,wscale 9], length 0
LAN 02:15:56.647994 IP (tos 0x0, ttl 128, id 55878, offset 0, flags [DF], proto TCP (6), length 52)
LAN     192.168.56.1.41105 > 52.84.129.234.443: Flags [S], cksum 0x1f21 (correct), seq 1891995125, win 65535, options [mss 1460,nop,wscale 8,nop,nop,sackOK], length 0
LAN 02:15:56.649100 IP (tos 0x0, ttl 128, id 55882, offset 0, flags [DF], proto TCP (6), length 52)
LAN     192.168.56.1.45875 > 52.84.129.234.443: Flags [S], cksum 0xdbb8 (correct), seq 1120791731, win 65535, options [mss 1460,nop,wscale 8,nop,nop,sackOK], length 0
LAN 02:15:56.670012 IP (tos 0x0, ttl 248, id 0, offset 0, flags [DF], proto TCP (6), length 60)
LAN     52.84.129.234.443 > 192.168.56.1.41105: Flags [S.], cksum 0x1ae2 (correct), seq 1789687176, ack 1891995126, win 65535, options [mss 1440,sackOK,nop,nop,nop,nop,nop,nop,nop,nop,nop,nop,nop,wscale 9], length 0
LAN 02:15:56.671448 IP (tos 0x0, ttl 248, id 0, offset 0, flags [DF], proto TCP (6), length 60)
LAN     52.84.129.234.443 > 192.168.56.1.45875: Flags [S.], cksum 0xb49e (correct), seq 1295234524, ack 1120791732, win 65535, options [mss 1440,sackOK,nop,nop,nop,nop,nop,nop,nop,nop,nop,nop,nop,wscale 9], length 0
EST TCP_QUEUE; 2026-10-08-02:15:55; 1791425755.708820; 1791425755.708816; 1; 682; 0; 0
EST TCP_QUEUE; 2026-10-08-02:15:55; 1791425755.764259; 1791425755.764255; 1; 682; 0; 0
EST TCP_QUEUE; 2026-10-08-02:15:55; 1791425755.819808; 1791425755.819805; 0; 0; 0; 0
EST TCP_QUEUE; 2026-10-08-02:15:55; 1791425755.866405; 1791425755.866399; 0; 0; 0; 0
EST TCP_QUEUE; 2026-10-08-02:15:55; 1791425755.929452; 1791425755.929449; 1; 627; 0; 0
EST TCP_QUEUE; 2026-10-08-02:15:55; 1791425755.985148; 1791425755.985145; 1; 627; 0; 0
EST TCP_QUEUE; 2026-10-08-02:15:56; 1791425756.043706; 1791425756.043703; 1; 627; 0; 0
EST TCP_QUEUE; 2026-10-08-02:15:56; 1791425756.097704; 1791425756.097702; 0; 0; 0; 0
EST TCP_QUEUE; 2026-10-08-02:15:56; 1791425756.145756; 1791425756.145753; 0; 0; 0; 0
EST TCP_QUEUE; 2026-10-08-02:15:56; 1791425756.189964; 1791425756.189960; 0; 0; 0; 0
WAN 02:15:57.672822 IP (tos 0x0, ttl 127, id 44315, offset 0, flags [DF], proto TCP (6), length 64)
WAN     192.168.2.70.38280 > 150.171.27.11.443: Flags [S], cksum 0x65b6 (correct), seq 3740757522, win 65535, options [mss 1460,nop,wscale 8,nop,nop,sackOK,nop,nop,TS val 3394153729 ecr 0], length 0
WAN 02:15:57.694503 IP (tos 0x0, ttl 120, id 53178, offset 0, flags [DF], proto TCP (6), length 52)
WAN     150.171.27.11.443 > 192.168.2.70.38280: Flags [S.], cksum 0x0a1e (correct), seq 4285598865, ack 3740757523, win 65535, options [mss 1440,nop,wscale 8,nop,nop,sackOK], length 0
LAN 02:15:57.671234 IP (tos 0x0, ttl 128, id 44315, offset 0, flags [DF], proto TCP (6), length 52)
LAN     192.168.56.1.38280 > 150.171.27.11.443: Flags [S], cksum 0xe062 (correct), seq 3740757522, win 65535, options [mss 1460,nop,wscale 8,nop,nop,sackOK], length 0
LAN 02:15:57.695430 IP (tos 0x0, ttl 119, id 53178, offset 0, flags [DF], proto TCP (6), length 52)
LAN     150.171.27.11.443 > 192.168.56.1.38280: Flags [S.], cksum 0xd462 (correct), seq 4285598865, ack 3740757523, win 65535, options [mss 1440,nop,wscale 8,nop,nop,sackOK], length 0
EST TCP_QUEUE; 2026-10-08-02:15:56; 1791425756.249413; 1791425756.249409; 0; 0; 0; 0
EST TCP_QUEUE; 2026-10-08-02:15:56; 1791425756.308420; 1791425756.308415; 1; 513; 0; 0
EST TCP_QUEUE; 2026-10-08-02:15:56; 1791425756.357844; 1791425756.357840; 1; 513; 0; 0
EST TCP_QUEUE; 2026-10-08-02:15:56; 1791425756.410655; 1791425756.410652; 1; 800; 0; 0
EST TCP_QUEUE; 2026-10-08-02:15:56; 1791425756.456692; 1791425756.456689; 1; 800; 0; 0
EST TCP_QUEUE; 2026-10-08-02:15:56; 1791425756.500175; 1791425756.500172; 0; 0; 0; 0
EST TCP_QUEUE; 2026-10-08-02:15:56; 1791425756.563292; 1791425756.563287; 0; 0; 0; 0
EST TCP_QUEUE; 2026-10-08-02:15:56; 1791425756.616286; 1791425756.616283; 1; 0; 0; 0
EST TCP_QUEUE; 2026-10-08-02:15:56; 1791425756.663955; 1791425756.663952; 1; 0; 0; 0
EST TCP_QUEUE; 2026-10-08-02:15:56; 1791425756.717267; 1791425756.717263; 1; 0; 0; 0
EST TCP_QUEUE; 2026-10-08-02:15:56; 1791425756.763693; 1791425756.763689; 1; 0; 0; 0
EST TCP_QUEUE; 2026-10-08-02:15:56; 1791425756.805666; 1791425756.805663; 1; 860; 0; 0
EST TCP_QUEUE; 2026-10-08-02:15:56; 1791425756.862882; 1791425756.862879; 1; 590; 0; 0
EST TCP_QUEUE; 2026-10-08-02:15:56; 1791425756.927395; 1791425756.927390; 1; 590; 0; 0
EST TCP_QUEUE; 2026-10-08-02:15:56; 1791425756.995832; 1791425756.995829; 0; 0; 0; 0
EST TCP_QUEUE; 2026-10-08-02:15:57; 1791425757.034556; 1791425757.034551; 1; 1791; 0; 0
EST TCP_QUEUE; 2026-10-08-02:15:57; 1791425757.098258; 1791425757.098255; 1; 1791; 0; 0
EST TCP_QUEUE; 2026-10-08-02:15:57; 1791425757.119159; 1791425757.119155; 1; 1791; 0; 0
EST TCP_QUEUE; 2026-10-08-02:15:57; 1791425757.175516; 1791425757.175512; 0; 0; 0; 0
EST TCP_QUEUE; 2026-10-08-02:15:57; 1791425757.237266; 1791425757.237260; 0; 0; 0; 0
EST TCP_QUEUE; 2026-10-08-02:15:57; 1791425757.289559; 1791425757.289553; 0; 0; 0; 0
EST TCP_QUEUE; 2026-10-08-02:15:57; 1791425757.341566; 1791425757.341561; 1; 3051; 0; 0
EST TCP_QUEUE; 2026-10-08-02:15:57; 1791425757.387482; 1791425757.387478; 1; 3051; 0; 0
EST TCP_QUEUE; 2026-10-08-02:15:57; 1791425757.438117; 1791425757.438113; 1; 3051; 0; 0
EST TCP_QUEUE; 2026-10-08-02:15:57; 1791425757.518171; 1791425757.518167; 0; 0; 0; 0
EST TCP_QUEUE; 2026-10-08-02:15:57; 1791425757.542522; 1791425757.542519; 0; 0; 0; 0
EST TCP_QUEUE; 2026-10-08-02:15:57; 1791425757.609525; 1791425757.609521; 0; 0; 0; 0
EST TCP_QUEUE; 2026-10-08-02:15:57; 1791425757.651641; 1791425757.651637; 0; 0; 0; 0
WAN 02:15:58.277585 IP (tos 0x0, ttl 127, id 5165, offset 0, flags [DF], proto TCP (6), length 64)
WAN     192.168.2.70.25876 > 52.72.213.110.443: Flags [S], cksum 0x27b6 (correct), seq 2905847370, win 65535, options [mss 1460,nop,wscale 8,nop,nop,sackOK,nop,nop,TS val 3394153729 ecr 0], length 0
LAN 02:15:58.274113 IP (tos 0x0, ttl 128, id 5165, offset 0, flags [DF], proto TCP (6), length 52)
LAN     192.168.56.1.25876 > 52.72.213.110.443: Flags [S], cksum 0xa262 (correct), seq 2905847370, win 65535, options [mss 1460,nop,wscale 8,nop,nop,sackOK], length 0
WAN 02:15:58.329513 IP (tos 0x0, ttl 248, id 0, offset 0, flags [DF], proto TCP (6), length 60)
LAN 02:15:58.329797 IP (tos 0x0, ttl 247, id 0, offset 0, flags [DF], proto TCP (6), length 60)
LAN     52.72.213.110.443 > 192.168.56.1.25876: Flags [S.], cksum 0x6ad7 (correct), seq 313038822, ack 2905847371, win 26847, options [mss 1460,sackOK,nop,nop,nop,nop,nop,nop,nop,nop,nop,nop,nop,wscale 8], length 0
WAN     52.72.213.110.443 > 192.168.2.70.25876: Flags [S.], cksum 0x9370 (correct), seq 313038822, ack 2905847371, win 26847, options [mss 1460,sackOK,TS val 753362405 ecr 3394153729,nop,wscale 8], length 0
EST TCP_QUEUE; 2026-10-08-02:15:57; 1791425757.696333; 1791425757.696329; 0; 0; 0; 0
EST TCP_QUEUE; 2026-10-08-02:15:57; 1791425757.738491; 1791425757.738488; 1; 0; 0; 0
EST TCP_QUEUE; 2026-10-08-02:15:57; 1791425757.793409; 1791425757.793405; 1; 0; 0; 0
EST TCP_QUEUE; 2026-10-08-02:15:57; 1791425757.858183; 1791425757.858181; 1; 0; 0; 0
EST TCP_QUEUE; 2026-10-08-02:15:57; 1791425757.930811; 1791425757.930805; 0; 0; 0; 0
EST TCP_QUEUE; 2026-10-08-02:15:57; 1791425757.974491; 1791425757.974488; 0; 0; 0; 0
EST TCP_QUEUE; 2026-10-08-02:15:58; 1791425758.006134; 1791425758.006131; 0; 0; 0; 0
EST TCP_QUEUE; 2026-10-08-02:15:58; 1791425758.047897; 1791425758.047892; 0; 0; 0; 0
EST TCP_QUEUE; 2026-10-08-02:15:58; 1791425758.103877; 1791425758.103873; 1; 0; 0; 0
EST TCP_QUEUE; 2026-10-08-02:15:58; 1791425758.161086; 1791425758.161082; 1; 0; 0; 0
EST TCP_QUEUE; 2026-10-08-02:15:58; 1791425758.227794; 1791425758.227785; 1; 5298; 0; 0
EST TCP_QUEUE; 2026-10-08-02:15:58; 1791425758.262350; 1791425758.262348; 1; 5298; 0; 0
EST TCP_QUEUE; 2026-10-08-02:15:58; 1791425758.308064; 1791425758.308062; 1; 182; 0; 0
EST TCP_QUEUE; 2026-10-08-02:15:58; 1791425758.354491; 1791425758.354487; 1; 0; 0; 0
EST TCP_QUEUE; 2026-10-08-02:15:58; 1791425758.410770; 1791425758.410767; 1; 782; 0; 0
EST TCP_QUEUE; 2026-10-08-02:15:58; 1791425758.463969; 1791425758.463966; 1; 782; 0; 0
EST TCP_QUEUE; 2026-10-08-02:15:58; 1791425758.514018; 1791425758.514015; 1; 48; 0; 0
EST TCP_QUEUE; 2026-10-08-02:15:58; 1791425758.567822; 1791425758.567819; 1; 1779; 0; 0
EST TCP_QUEUE; 2026-10-08-02:15:58; 1791425758.615257; 1791425758.615254; 1; 1779; 0; 0
EST TCP_QUEUE; 2026-10-08-02:15:58; 1791425758.653583; 1791425758.653580; 1; 1779; 0; 0
EST TCP_QUEUE; 2026-10-08-02:15:58; 1791425758.713023; 1791425758.713020; 1; 0; 0; 0
EST TCP_QUEUE; 2026-10-08-02:15:58; 1791425758.768114; 1791425758.768110; 1; 0; 0; 0
EST TCP_QUEUE; 2026-10-08-02:15:58; 1791425758.818360; 1791425758.818357; 1; 0; 0; 0
EST TCP_QUEUE; 2026-10-08-02:15:58; 1791425758.871404; 1791425758.871401; 1; 0; 0; 0
EST TCP_QUEUE; 2026-10-08-02:15:58; 1791425758.916400; 1791425758.916396; 1; 0; 0; 0
EST TCP_QUEUE; 2026-10-08-02:15:58; 1791425758.958819; 1791425758.958816; 1; 0; 0; 0
EST TCP_QUEUE; 2026-10-08-02:15:59; 1791425759.017396; 1791425759.017393; 0; 0; 0; 0
EST TCP_QUEUE; 2026-10-08-02:15:59; 1791425759.100675; 1791425759.100673; 1; 961; 0; 0
EST TCP_QUEUE; 2026-10-08-02:15:59; 1791425759.149001; 1791425759.148999; 1; 117; 0; 0
EST TCP_QUEUE; 2026-10-08-02:15:59; 1791425759.201448; 1791425759.201446; 1; 117; 0; 0
EST TCP_QUEUE; 2026-10-08-02:15:59; 1791425759.249847; 1791425759.249844; 1; 117; 0; 0
EST TCP_QUEUE; 2026-10-08-02:15:59; 1791425759.290542; 1791425759.290540; 0; 0; 0; 0
EST TCP_QUEUE; 2026-10-08-02:15:59; 1791425759.401665; 1791425759.401663; 0; 0; 0; 0
EST TCP_QUEUE; 2026-10-08-02:15:59; 1791425759.477397; 1791425759.477394; 1; 1179; 0; 0
EST TCP_QUEUE; 2026-10-08-02:15:59; 1791425759.530904; 1791425759.530900; 1; 1179; 0; 0
EST TCP_QUEUE; 2026-10-08-02:15:59; 1791425759.587519; 1791425759.587516; 0; 0; 0; 0
EST TCP_QUEUE; 2026-10-08-02:15:59; 1791425759.632600; 1791425759.632596; 0; 0; 0; 0
EST TCP_QUEUE; 2026-10-08-02:15:59; 1791425759.674683; 1791425759.674677; 0; 0; 0; 0
EST TCP_QUEUE; 2026-10-08-02:15:59; 1791425759.736901; 1791425759.736898; 0; 0; 0; 0
EST TCP_QUEUE; 2026-10-08-02:15:59; 1791425759.800507; 1791425759.800505; 0; 0; 0; 0
EST TCP_QUEUE; 2026-10-08-02:15:59; 1791425759.852724; 1791425759.852721; 1; 2307; 0; 0
EST TCP_QUEUE; 2026-10-08-02:15:59; 1791425759.906412; 1791425759.906409; 1; 2307; 0; 0
EST TCP_QUEUE; 2026-10-08-02:15:59; 1791425759.962708; 1791425759.962706; 1; 2307; 0; 0
EST TCP_QUEUE; 2026-10-08-02:16:00; 1791425760.010057; 1791425760.010054; 0; 0; 0; 0
EST TCP_QUEUE; 2026-10-08-02:16:00; 1791425760.068956; 1791425760.068952; 0; 0; 0; 0
EST TCP_QUEUE; 2026-10-08-02:16:00; 1791425760.123010; 1791425760.123007; 0; 0; 0; 0
EST TCP_QUEUE; 2026-10-08-02:16:00; 1791425760.176245; 1791425760.176242; 1; 2281; 0; 0
EST TCP_QUEUE; 2026-10-08-02:16:00; 1791425760.230079; 1791425760.230076; 1; 2281; 0; 0
EST TCP_QUEUE; 2026-10-08-02:16:00; 1791425760.275493; 1791425760.275490; 1; 0; 0; 0
EST TCP_QUEUE; 2026-10-08-02:16:00; 1791425760.322807; 1791425760.322803; 1; 0; 0; 0
EST TCP_QUEUE; 2026-10-08-02:16:00; 1791425760.383871; 1791425760.383866; 0; 0; 0; 0
EST TCP_QUEUE; 2026-10-08-02:16:00; 1791425760.433438; 1791425760.433434; 0; 0; 0; 0
EST TCP_QUEUE; 2026-10-08-02:16:00; 1791425760.484395; 1791425760.484392; 1; 1031; 0; 0
EST TCP_QUEUE; 2026-10-08-02:16:00; 1791425760.539537; 1791425760.539535; 1; 1031; 0; 0
EST TCP_QUEUE; 2026-10-08-02:16:00; 1791425760.585262; 1791425760.585258; 0; 0; 0; 0
EST TCP_QUEUE; 2026-10-08-02:16:00; 1791425760.625143; 1791425760.625139; 0; 0; 0; 0
EST TCP_QUEUE; 2026-10-08-02:16:00; 1791425760.685493; 1791425760.685488; 0; 0; 0; 0
EST TCP_QUEUE; 2026-10-08-02:16:00; 1791425760.756010; 1791425760.756002; 0; 0; 0; 0
EST TCP_QUEUE; 2026-10-08-02:16:00; 1791425760.792272; 1791425760.792268; 0; 0; 0; 0
EST TCP_QUEUE; 2026-10-08-02:16:00; 1791425760.844872; 1791425760.844867; 0; 0; 0; 0
EST TCP_QUEUE; 2026-10-08-02:16:00; 1791425760.893053; 1791425760.893050; 0; 0; 0; 0
EST TCP_QUEUE; 2026-10-08-02:16:00; 1791425760.934708; 1791425760.934705; 1; 294; 0; 0
EST TCP_QUEUE; 2026-10-08-02:16:01; 1791425761.001492; 1791425761.001489; 1; 294; 0; 0
EST TCP_QUEUE; 2026-10-08-02:16:01; 1791425761.057132; 1791425761.057128; 1; 294; 0; 0
EST TCP_QUEUE; 2026-10-08-02:16:01; 1791425761.110879; 1791425761.110876; 0; 0; 0; 0
EST TCP_QUEUE; 2026-10-08-02:16:01; 1791425761.163486; 1791425761.163482; 0; 0; 0; 0
EST TCP_QUEUE; 2026-10-08-02:16:01; 1791425761.211706; 1791425761.211701; 1; 465; 0; 0
EST TCP_QUEUE; 2026-10-08-02:16:01; 1791425761.252991; 1791425761.252988; 1; 465; 0; 0
EST TCP_QUEUE; 2026-10-08-02:16:01; 1791425761.312971; 1791425761.312967; 1; 465; 0; 0
EST TCP_QUEUE; 2026-10-08-02:16:01; 1791425761.368824; 1791425761.368821; 0; 0; 0; 0
EST TCP_QUEUE; 2026-10-08-02:16:01; 1791425761.420884; 1791425761.420881; 0; 0; 0; 0
EST TCP_QUEUE; 2026-10-08-02:16:01; 1791425761.473834; 1791425761.473830; 0; 0; 0; 0
EST TCP_QUEUE; 2026-10-08-02:16:01; 1791425761.519376; 1791425761.519373; 1; 734; 0; 0
EST TCP_QUEUE; 2026-10-08-02:16:01; 1791425761.561279; 1791425761.561277; 1; 626; 1; 3076
EST TCP_QUEUE; 2026-10-08-02:16:01; 1791425761.620831; 1791425761.620828; 1; 626; 1; 0
EST TCP_QUEUE; 2026-10-08-02:16:01; 1791425761.677218; 1791425761.677215; 0; 0; 0; 0
EST TCP_QUEUE; 2026-10-08-02:16:01; 1791425761.749383; 1791425761.749379; 0; 0; 0; 0
EST TCP_QUEUE; 2026-10-08-02:16:01; 1791425761.786605; 1791425761.786601; 0; 0; 0; 0
EST TCP_QUEUE; 2026-10-08-02:16:01; 1791425761.832126; 1791425761.832121; 0; 0; 0; 0
EST TCP_QUEUE; 2026-10-08-02:16:01; 1791425761.910608; 1791425761.910575; 0; 0; 0; 0
EST TCP_QUEUE; 2026-10-08-02:16:01; 1791425761.990774; 1791425761.990770; 1; 1290; 0; 0
EST TCP_QUEUE; 2026-10-08-02:16:02; 1791425762.044783; 1791425762.044780; 1; 1290; 0; 0
EST TCP_QUEUE; 2026-10-08-02:16:02; 1791425762.102958; 1791425762.102955; 0; 0; 0; 0
EST TCP_QUEUE; 2026-10-08-02:16:02; 1791425762.160968; 1791425762.160965; 0; 0; 0; 0
EST TCP_QUEUE; 2026-10-08-02:16:02; 1791425762.202646; 1791425762.202642; 0; 0; 0; 0
EST TCP_QUEUE; 2026-10-08-02:16:02; 1791425762.246230; 1791425762.246228; 1; 905; 0; 0
EST TCP_QUEUE; 2026-10-08-02:16:02; 1791425762.304230; 1791425762.304228; 1; 905; 0; 0
EST TCP_QUEUE; 2026-10-08-02:16:02; 1791425762.364255; 1791425762.364253; 1; 905; 0; 0
EST TCP_QUEUE; 2026-10-08-02:16:02; 1791425762.414746; 1791425762.414743; 1; 199; 0; 0
EST TCP_QUEUE; 2026-10-08-02:16:02; 1791425762.476806; 1791425762.476802; 0; 0; 0; 0
EST TCP_QUEUE; 2026-10-08-02:16:02; 1791425762.526766; 1791425762.526763; 0; 0; 0; 0
EST TCP_QUEUE; 2026-10-08-02:16:02; 1791425762.568462; 1791425762.568459; 1; 762; 0; 0
EST TCP_QUEUE; 2026-10-08-02:16:02; 1791425762.628177; 1791425762.628170; 1; 762; 0; 0
EST TCP_QUEUE; 2026-10-08-02:16:02; 1791425762.684191; 1791425762.684188; 0; 0; 0; 0
EST TCP_QUEUE; 2026-10-08-02:16:02; 1791425762.736901; 1791425762.736897; 0; 0; 0; 0
EST TCP_QUEUE; 2026-10-08-02:16:02; 1791425762.788871; 1791425762.788868; 0; 0; 0; 0
EST TCP_QUEUE; 2026-10-08-02:16:02; 1791425762.838743; 1791425762.838740; 0; 0; 0; 0
EST TCP_QUEUE; 2026-10-08-02:16:02; 1791425762.880396; 1791425762.880393; 0; 0; 0; 0
EST TCP_QUEUE; 2026-10-08-02:16:02; 1791425762.961691; 1791425762.961686; 0; 0; 0; 0
EST TCP_QUEUE; 2026-10-08-02:16:03; 1791425763.017824; 1791425763.017821; 0; 0; 0; 0
EST TCP_QUEUE; 2026-10-08-02:16:03; 1791425763.070695; 1791425763.070690; 1; 1058; 0; 0
EST TCP_QUEUE; 2026-10-08-02:16:03; 1791425763.122414; 1791425763.122412; 1; 1058; 0; 0
EST TCP_QUEUE; 2026-10-08-02:16:03; 1791425763.175050; 1791425763.175045; 0; 0; 0; 0
EST TCP_QUEUE; 2026-10-08-02:16:03; 1791425763.216617; 1791425763.216613; 0; 0; 0; 0
EST TCP_QUEUE; 2026-10-08-02:16:03; 1791425763.282064; 1791425763.282062; 0; 0; 0; 0
EST TCP_QUEUE; 2026-10-08-02:16:03; 1791425763.337150; 1791425763.337146; 1; 613; 0; 0
EST TCP_QUEUE; 2026-10-08-02:16:03; 1791425763.389163; 1791425763.389160; 1; 613; 0; 0
EST TCP_QUEUE; 2026-10-08-02:16:03; 1791425763.450067; 1791425763.450062; 1; 613; 0; 0
EST TCP_QUEUE; 2026-10-08-02:16:03; 1791425763.534063; 1791425763.534061; 0; 0; 0; 0
EST TCP_QUEUE; 2026-10-08-02:16:03; 1791425763.576057; 1791425763.576055; 0; 0; 0; 0
EST TCP_QUEUE; 2026-10-08-02:16:03; 1791425763.634393; 1791425763.634391; 1; 813; 0; 0
EST TCP_QUEUE; 2026-10-08-02:16:03; 1791425763.688392; 1791425763.688389; 1; 813; 0; 0
EST TCP_QUEUE; 2026-10-08-02:16:03; 1791425763.737982; 1791425763.737980; 1; 813; 0; 0
EST TCP_QUEUE; 2026-10-08-02:16:03; 1791425763.800018; 1791425763.800014; 0; 0; 0; 0
EST TCP_QUEUE; 2026-10-08-02:16:03; 1791425763.844783; 1791425763.844780; 0; 0; 0; 0
EST TCP_QUEUE; 2026-10-08-02:16:03; 1791425763.890250; 1791425763.890248; 0; 0; 0; 0
EST TCP_QUEUE; 2026-10-08-02:16:03; 1791425763.947988; 1791425763.947983; 1; 149; 0; 0
EST TCP_QUEUE; 2026-10-08-02:16:04; 1791425764.008486; 1791425764.008484; 1; 149; 0; 0
EST TCP_QUEUE; 2026-10-08-02:16:04; 1791425764.064155; 1791425764.064152; 1; 149; 0; 0
EST TCP_QUEUE; 2026-10-08-02:16:04; 1791425764.120951; 1791425764.120949; 1; 1166; 0; 0
EST TCP_QUEUE; 2026-10-08-02:16:04; 1791425764.166731; 1791425764.166728; 1; 1166; 0; 0
EST TCP_QUEUE; 2026-10-08-02:16:04; 1791425764.212727; 1791425764.212723; 1; 1166; 0; 0
EST TCP_QUEUE; 2026-10-08-02:16:04; 1791425764.273213; 1791425764.273210; 0; 0; 0; 0
EST TCP_QUEUE; 2026-10-08-02:16:04; 1791425764.327469; 1791425764.327465; 0; 0; 0; 0
EST TCP_QUEUE; 2026-10-08-02:16:04; 1791425764.380064; 1791425764.380061; 1; 560; 0; 0
EST TCP_QUEUE; 2026-10-08-02:16:04; 1791425764.437412; 1791425764.437405; 1; 560; 0; 0
EST TCP_QUEUE; 2026-10-08-02:16:04; 1791425764.484216; 1791425764.484213; 1; 373; 0; 0
EST TCP_QUEUE; 2026-10-08-02:16:04; 1791425764.520049; 1791425764.520043; 1; 373; 0; 0
EST TCP_QUEUE; 2026-10-08-02:16:04; 1791425764.580079; 1791425764.580076; 0; 0; 0; 0
EST TCP_QUEUE; 2026-10-08-02:16:04; 1791425764.633565; 1791425764.633562; 1; 395; 0; 0
EST TCP_QUEUE; 2026-10-08-02:16:04; 1791425764.686329; 1791425764.686326; 1; 395; 0; 0
EST TCP_QUEUE; 2026-10-08-02:16:04; 1791425764.743660; 1791425764.743657; 1; 395; 0; 0
EST TCP_QUEUE; 2026-10-08-02:16:04; 1791425764.788377; 1791425764.788374; 0; 0; 0; 0
EST TCP_QUEUE; 2026-10-08-02:16:04; 1791425764.829827; 1791425764.829825; 0; 0; 0; 0
EST TCP_QUEUE; 2026-10-08-02:16:04; 1791425764.893335; 1791425764.893333; 1; 822; 1; 0
EST TCP_QUEUE; 2026-10-08-02:16:04; 1791425764.956064; 1791425764.956061; 1; 822; 1; 0
EST TCP_QUEUE; 2026-10-08-02:16:05; 1791425765.022878; 1791425765.022876; 1; 822; 1; 0
EST TCP_QUEUE; 2026-10-08-02:16:05; 1791425765.079982; 1791425765.079978; 1; 1618; 0; 0
EST TCP_QUEUE; 2026-10-08-02:16:05; 1791425765.125132; 1791425765.125130; 1; 1618; 0; 0
EST TCP_QUEUE; 2026-10-08-02:16:05; 1791425765.165266; 1791425765.165263; 1; 901; 0; 0
EST TCP_QUEUE; 2026-10-08-02:16:05; 1791425765.223966; 1791425765.223963; 1; 901; 0; 0
EST TCP_QUEUE; 2026-10-08-02:16:05; 1791425765.277868; 1791425765.277865; 0; 0; 0; 0
EST TCP_QUEUE; 2026-10-08-02:16:05; 1791425765.328618; 1791425765.328615; 0; 0; 0; 0
EST TCP_QUEUE; 2026-10-08-02:16:05; 1791425765.405851; 1791425765.405847; 0; 0; 0; 0
EST TCP_QUEUE; 2026-10-08-02:16:05; 1791425765.435886; 1791425765.435881; 0; 0; 0; 0
EST TCP_QUEUE; 2026-10-08-02:16:05; 1791425765.475972; 1791425765.475969; 0; 0; 0; 0
EST TCP_QUEUE; 2026-10-08-02:16:05; 1791425765.534178; 1791425765.534174; 1; 865; 0; 0
EST TCP_QUEUE; 2026-10-08-02:16:05; 1791425765.588647; 1791425765.588644; 1; 865; 0; 0
EST TCP_QUEUE; 2026-10-08-02:16:05; 1791425765.642506; 1791425765.642503; 1; 865; 0; 0
EST TCP_QUEUE; 2026-10-08-02:16:05; 1791425765.690685; 1791425765.690680; 1; 442; 0; 0
EST TCP_QUEUE; 2026-10-08-02:16:05; 1791425765.739353; 1791425765.739350; 1; 442; 0; 0
EST TCP_QUEUE; 2026-10-08-02:16:05; 1791425765.780667; 1791425765.780322; 1; 442; 0; 0
EST TCP_QUEUE; 2026-10-08-02:16:05; 1791425765.835730; 1791425765.835726; 1; 442; 0; 0
EST TCP_QUEUE; 2026-10-08-02:16:05; 1791425765.902255; 1791425765.902251; 0; 0; 0; 0
EST TCP_QUEUE; 2026-10-08-02:16:05; 1791425765.955646; 1791425765.953791; 0; 0; 0; 0
EST TCP_QUEUE; 2026-10-08-02:16:05; 1791425765.997429; 1791425765.997425; 0; 0; 0; 0
EST TCP_QUEUE; 2026-10-08-02:16:06; 1791425766.044347; 1791425766.044343; 0; 0; 0; 0
EST TCP_QUEUE; 2026-10-08-02:16:06; 1791425766.082826; 1791425766.082821; 1; 1317; 1; 6694
EST TCP_QUEUE; 2026-10-08-02:16:06; 1791425766.149707; 1791425766.149703; 1; 1317; 1; 6694
EST TCP_QUEUE; 2026-10-08-02:16:06; 1791425766.217143; 1791425766.217140; 1; 1317; 1; 6694
EST TCP_QUEUE; 2026-10-08-02:16:06; 1791425766.253874; 1791425766.253870; 1; 1317; 1; 6694
EST TCP_QUEUE; 2026-10-08-02:16:06; 1791425766.322790; 1791425766.322785; 1; 6694; 0; 0
EST TCP_QUEUE; 2026-10-08-02:16:06; 1791425766.356607; 1791425766.356604; 1; 6694; 0; 0
EST TCP_QUEUE; 2026-10-08-02:16:06; 1791425766.404539; 1791425766.404532; 0; 0; 0; 0
EST TCP_QUEUE; 2026-10-08-02:16:06; 1791425766.460226; 1791425766.460223; 0; 0; 0; 0
EST TCP_QUEUE; 2026-10-08-02:16:06; 1791425766.522902; 1791425766.522899; 0; 0; 0; 0
EST TCP_QUEUE; 2026-10-08-02:16:06; 1791425766.564114; 1791425766.564110; 1; 1577; 0; 0
EST TCP_QUEUE; 2026-10-08-02:16:06; 1791425766.615745; 1791425766.615740; 1; 1577; 0; 0
EST TCP_QUEUE; 2026-10-08-02:16:06; 1791425766.660460; 1791425766.660455; 1; 1577; 0; 0
EST TCP_QUEUE; 2026-10-08-02:16:06; 1791425766.701503; 1791425766.701500; 0; 0; 0; 0
EST TCP_QUEUE; 2026-10-08-02:16:06; 1791425766.760063; 1791425766.760060; 1; 1177; 0; 0
EST TCP_QUEUE; 2026-10-08-02:16:06; 1791425766.816697; 1791425766.816692; 1; 1177; 0; 0
EST TCP_QUEUE; 2026-10-08-02:16:06; 1791425766.868588; 1791425766.868585; 0; 0; 0; 0
EST TCP_QUEUE; 2026-10-08-02:16:06; 1791425766.921639; 1791425766.921636; 0; 0; 0; 0
EST TCP_QUEUE; 2026-10-08-02:16:06; 1791425766.968615; 1791425766.968612; 0; 0; 0; 0
EST TCP_QUEUE; 2026-10-08-02:16:07; 1791425767.010168; 1791425767.010165; 0; 0; 0; 0
EST TCP_QUEUE; 2026-10-08-02:16:07; 1791425767.070648; 1791425767.070644; 0; 0; 0; 0
EST TCP_QUEUE; 2026-10-08-02:16:07; 1791425767.124339; 1791425767.124335; 1; 367; 0; 0
EST TCP_QUEUE; 2026-10-08-02:16:07; 1791425767.176349; 1791425767.176345; 1; 367; 0; 0
EST TCP_QUEUE; 2026-10-08-02:16:07; 1791425767.231222; 1791425767.231218; 1; 367; 0; 0
EST TCP_QUEUE; 2026-10-08-02:16:07; 1791425767.273596; 1791425767.273593; 0; 0; 0; 0
EST TCP_QUEUE; 2026-10-08-02:16:07; 1791425767.315280; 1791425767.315277; 1; 0; 0; 0
EST TCP_QUEUE; 2026-10-08-02:16:07; 1791425767.372782; 1791425767.372779; 1; 0; 0; 0
EST TCP_QUEUE; 2026-10-08-02:16:07; 1791425767.464218; 1791425767.464215; 1; 0; 0; 0
EST TCP_QUEUE; 2026-10-08-02:16:07; 1791425767.516894; 1791425767.516891; 0; 0; 0; 0
EST TCP_QUEUE; 2026-10-08-02:16:07; 1791425767.573308; 1791425767.573305; 0; 0; 0; 0
EST TCP_QUEUE; 2026-10-08-02:16:07; 1791425767.618819; 1791425767.618817; 1; 868; 0; 0
EST TCP_QUEUE; 2026-10-08-02:16:07; 1791425767.710474; 1791425767.710471; 1; 868; 0; 0
EST TCP_QUEUE; 2026-10-08-02:16:07; 1791425767.787706; 1791425767.787703; 1; 95; 0; 0
EST TCP_QUEUE; 2026-10-08-02:16:07; 1791425767.843860; 1791425767.843857; 1; 95; 0; 0
EST TCP_QUEUE; 2026-10-08-02:16:07; 1791425767.904305; 1791425767.904303; 0; 0; 0; 0
EST TCP_QUEUE; 2026-10-08-02:16:07; 1791425767.963119; 1791425767.963116; 0; 0; 0; 0
EST TCP_QUEUE; 2026-10-08-02:16:08; 1791425768.010044; 1791425768.010041; 0; 0; 0; 0
EST TCP_QUEUE; 2026-10-08-02:16:08; 1791425768.052707; 1791425768.052704; 0; 0; 0; 0
EST TCP_QUEUE; 2026-10-08-02:16:08; 1791425768.113878; 1791425768.113875; 0; 0; 0; 0
EST TCP_QUEUE; 2026-10-08-02:16:08; 1791425768.168503; 1791425768.168500; 1; 1861; 0; 0
EST TCP_QUEUE; 2026-10-08-02:16:08; 1791425768.221609; 1791425768.221606; 1; 1861; 0; 0
EST TCP_QUEUE; 2026-10-08-02:16:08; 1791425768.275764; 1791425768.275762; 0; 0; 0; 0
EST TCP_QUEUE; 2026-10-08-02:16:08; 1791425768.320424; 1791425768.320420; 0; 0; 0; 0
EST TCP_QUEUE; 2026-10-08-02:16:08; 1791425768.369842; 1791425768.369840; 1; 94; 0; 0
EST TCP_QUEUE; 2026-10-08-02:16:08; 1791425768.429537; 1791425768.429534; 1; 94; 0; 0
EST TCP_QUEUE; 2026-10-08-02:16:08; 1791425768.489571; 1791425768.489568; 0; 0; 0; 0
EST TCP_QUEUE; 2026-10-08-02:16:08; 1791425768.535510; 1791425768.535507; 0; 0; 0; 0
EST TCP_QUEUE; 2026-10-08-02:16:08; 1791425768.588468; 1791425768.588465; 0; 0; 0; 0
EST TCP_QUEUE; 2026-10-08-02:16:08; 1791425768.636912; 1791425768.636909; 0; 0; 0; 0
EST TCP_QUEUE; 2026-10-08-02:16:08; 1791425768.684486; 1791425768.684483; 1; 0; 0; 0
EST TCP_QUEUE; 2026-10-08-02:16:08; 1791425768.787297; 1791425768.787293; 0; 0; 0; 0
EST TCP_QUEUE; 2026-10-08-02:16:08; 1791425768.876666; 1791425768.876662; 1; 221; 0; 0
EST TCP_QUEUE; 2026-10-08-02:16:08; 1791425768.926626; 1791425768.926623; 1; 221; 0; 0
EST TCP_QUEUE; 2026-10-08-02:16:08; 1791425768.980999; 1791425768.980996; 0; 0; 0; 0
EST TCP_QUEUE; 2026-10-08-02:16:09; 1791425769.029056; 1791425769.029053; 0; 0; 0; 0
EST TCP_QUEUE; 2026-10-08-02:16:09; 1791425769.072437; 1791425769.072434; 0; 0; 0; 0
EST TCP_QUEUE; 2026-10-08-02:16:09; 1791425769.132615; 1791425769.132612; 0; 0; 0; 0
EST TCP_QUEUE; 2026-10-08-02:16:09; 1791425769.187280; 1791425769.187275; 0; 0; 0; 0
EST TCP_QUEUE; 2026-10-08-02:16:09; 1791425769.236973; 1791425769.236970; 1; 153; 0; 0
EST TCP_QUEUE; 2026-10-08-02:16:09; 1791425769.310521; 1791425769.310518; 1; 153; 0; 0
EST TCP_QUEUE; 2026-10-08-02:16:09; 1791425769.360731; 1791425769.360729; 1; 153; 0; 0
EST TCP_QUEUE; 2026-10-08-02:16:09; 1791425769.404477; 1791425769.404475; 1; 0; 0; 0
EST TCP_QUEUE; 2026-10-08-02:16:09; 1791425769.462278; 1791425769.462275; 1; 0; 0; 0
EST TCP_QUEUE; 2026-10-08-02:16:09; 1791425769.518216; 1791425769.518213; 1; 0; 0; 0
EST TCP_QUEUE; 2026-10-08-02:16:09; 1791425769.568896; 1791425769.568892; 0; 0; 0; 0
EST TCP_QUEUE; 2026-10-08-02:16:09; 1791425769.623006; 1791425769.623003; 0; 0; 0; 0
EST TCP_QUEUE; 2026-10-08-02:16:09; 1791425769.672822; 1791425769.672820; 0; 0; 0; 0
WAN 02:16:10.488914 IP (tos 0x0, ttl 62, id 39122, offset 0, flags [DF], proto TCP (6), length 60)
WAN     192.168.2.70.11864 > 172.64.155.209.443: Flags [S], cksum 0xea93 (correct), seq 3374606387, win 65280, options [mss 1280,sackOK,TS val 435607739 ecr 0,nop,wscale 9], length 0
LAN 02:16:10.488605 IP (tos 0x0, ttl 63, id 39122, offset 0, flags [DF], proto TCP (6), length 60)
LAN     192.168.56.1.11864 > 172.64.155.209.443: Flags [S], cksum 0xb4d8 (correct), seq 3374606387, win 65280, options [mss 1280,sackOK,TS val 435607739 ecr 0,nop,wscale 9], length 0
WAN 02:16:10.518838 IP (tos 0x0, ttl 56, id 0, offset 0, flags [DF], proto TCP (6), length 60)
WAN     172.64.155.209.443 > 192.168.2.70.11864: Flags [S.], cksum 0x5587 (correct), seq 892718706, ack 3374606388, win 65535, options [mss 1400,sackOK,TS val 2460220724 ecr 435607739,nop,wscale 13], length 0
LAN 02:16:10.519144 IP (tos 0x0, ttl 55, id 0, offset 0, flags [DF], proto TCP (6), length 60)
LAN     172.64.155.209.443 > 192.168.56.1.11864: Flags [S.], cksum 0x1fcc (correct), seq 892718706, ack 3374606388, win 65535, options [mss 1400,sackOK,TS val 2460220724 ecr 435607739,nop,wscale 13], length 0
EST TCP_QUEUE; 2026-10-08-02:16:09; 1791425769.716344; 1791425769.716342; 1; 780; 0; 0
EST TCP_QUEUE; 2026-10-08-02:16:09; 1791425769.823869; 1791425769.823867; 1; 1103; 0; 0
EST TCP_QUEUE; 2026-10-08-02:16:09; 1791425769.898352; 1791425769.898350; 1; 1103; 0; 0
EST TCP_QUEUE; 2026-10-08-02:16:09; 1791425769.952671; 1791425769.952669; 1; 1103; 0; 0
EST TCP_QUEUE; 2026-10-08-02:16:10; 1791425770.006885; 1791425770.006882; 0; 0; 0; 0
EST TCP_QUEUE; 2026-10-08-02:16:10; 1791425770.054886; 1791425770.054884; 0; 0; 0; 0
EST TCP_QUEUE; 2026-10-08-02:16:10; 1791425770.097023; 1791425770.097020; 0; 0; 0; 0
EST TCP_QUEUE; 2026-10-08-02:16:10; 1791425770.154624; 1791425770.154622; 0; 0; 0; 0
EST TCP_QUEUE; 2026-10-08-02:16:10; 1791425770.208609; 1791425770.208607; 0; 0; 0; 0
EST TCP_QUEUE; 2026-10-08-02:16:10; 1791425770.323189; 1791425770.323187; 1; 1163; 0; 0
EST TCP_QUEUE; 2026-10-08-02:16:10; 1791425770.375558; 1791425770.375555; 0; 0; 0; 0
EST TCP_QUEUE; 2026-10-08-02:16:10; 1791425770.421897; 1791425770.421895; 0; 0; 0; 0
EST TCP_QUEUE; 2026-10-08-02:16:10; 1791425770.463233; 1791425770.463230; 1; 0; 0; 0
EST TCP_QUEUE; 2026-10-08-02:16:10; 1791425770.520839; 1791425770.520835; 1; 0; 0; 0
EST TCP_QUEUE; 2026-10-08-02:16:10; 1791425770.584813; 1791425770.584810; 0; 0; 0; 0
EST TCP_QUEUE; 2026-10-08-02:16:10; 1791425770.635272; 1791425770.635269; 1; 0; 0; 0
EST TCP_QUEUE; 2026-10-08-02:16:10; 1791425770.689513; 1791425770.689511; 1; 0; 0; 0
WAN 02:16:11.918250 IP (tos 0x0, ttl 127, id 10859, offset 0, flags [DF], proto TCP (6), length 64)
WAN     192.168.2.70.59753 > 94.140.14.14.5443: Flags [S], cksum 0x5281 (correct), seq 2542511718, win 65535, options [mss 1460,nop,wscale 8,nop,nop,sackOK,nop,nop,TS val 3394153729 ecr 0], length 0
WAN 02:16:11.918860 IP (tos 0x0, ttl 127, id 10860, offset 0, flags [DF], proto TCP (6), length 64)
WAN     192.168.2.70.59752 > 94.140.14.14.5443: Flags [S], cksum 0xf8ab (correct), seq 1419395886, win 65535, options [mss 1460,nop,wscale 8,nop,nop,sackOK,nop,nop,TS val 3394153729 ecr 0], length 0
WAN 02:16:11.950474 IP (tos 0x0, ttl 57, id 0, offset 0, flags [DF], proto TCP (6), length 60)
WAN     94.140.14.14.5443 > 192.168.2.70.59753: Flags [S.], cksum 0x4bd4 (correct), seq 224796636, ack 2542511719, win 43440, options [mss 1460,sackOK,TS val 3552996836 ecr 3394153729,nop,wscale 12], length 0
WAN 02:16:11.952980 IP (tos 0x0, ttl 57, id 0, offset 0, flags [DF], proto TCP (6), length 60)
WAN     94.140.14.14.5443 > 192.168.2.70.59752: Flags [S.], cksum 0x3ab4 (correct), seq 3105840384, ack 1419395887, win 43440, options [mss 1460,sackOK,TS val 1568060065 ecr 3394153729,nop,wscale 12], length 0
LAN 02:16:11.917866 IP (tos 0x0, ttl 128, id 10859, offset 0, flags [DF], proto TCP (6), length 52)
LAN     192.168.56.1.59753 > 94.140.14.14.5443: Flags [S], cksum 0xcd2d (correct), seq 2542511718, win 65535, options [mss 1460,nop,wscale 8,nop,nop,sackOK], length 0
LAN 02:16:11.917866 IP (tos 0x0, ttl 128, id 10860, offset 0, flags [DF], proto TCP (6), length 52)
LAN     192.168.56.1.59752 > 94.140.14.14.5443: Flags [S], cksum 0x7358 (correct), seq 1419395886, win 65535, options [mss 1460,nop,wscale 8,nop,nop,sackOK], length 0
LAN 02:16:11.951341 IP (tos 0x0, ttl 56, id 0, offset 0, flags [DF], proto TCP (6), length 60)
LAN     94.140.14.14.5443 > 192.168.56.1.59753: Flags [S.], cksum 0xd219 (correct), seq 224796636, ack 2542511719, win 43440, options [mss 1460,sackOK,nop,nop,nop,nop,nop,nop,nop,nop,nop,nop,nop,wscale 12], length 0
LAN 02:16:11.953420 IP (tos 0x0, ttl 56, id 0, offset 0, flags [DF], proto TCP (6), length 60)
LAN     94.140.14.14.5443 > 192.168.56.1.59752: Flags [S.], cksum 0x8f66 (correct), seq 3105840384, ack 1419395887, win 43440, options [mss 1460,sackOK,nop,nop,nop,nop,nop,nop,nop,nop,nop,nop,nop,wscale 12], length 0
WAN 02:16:12.005565 IP (tos 0x0, ttl 127, id 7646, offset 0, flags [DF], proto TCP (6), length 64)
WAN     192.168.2.70.50060 > 65.8.248.86.443: Flags [S], cksum 0x3953 (correct), seq 808620942, win 65535, options [mss 1460,nop,wscale 8,nop,nop,sackOK,nop,nop,TS val 3394153729 ecr 0], length 0
WAN 02:16:12.025284 IP (tos 0x0, ttl 249, id 0, offset 0, flags [DF], proto TCP (6), length 60)
WAN     65.8.248.86.443 > 192.168.2.70.50060: Flags [S.], cksum 0xa511 (correct), seq 3638630577, ack 808620943, win 65535, options [mss 1440,sackOK,TS val 1643139782 ecr 3394153729,nop,wscale 9], length 0
LAN 02:16:12.005157 IP (tos 0x0, ttl 128, id 7646, offset 0, flags [DF], proto TCP (6), length 52)
LAN     192.168.56.1.50060 > 65.8.248.86.443: Flags [S], cksum 0xb3ff (correct), seq 808620942, win 65535, options [mss 1460,nop,wscale 8,nop,nop,sackOK], length 0
LAN 02:16:12.025757 IP (tos 0x0, ttl 248, id 0, offset 0, flags [DF], proto TCP (6), length 60)
LAN     65.8.248.86.443 > 192.168.56.1.50060: Flags [S.], cksum 0x9e62 (correct), seq 3638630577, ack 808620943, win 65535, options [mss 1440,sackOK,nop,nop,nop,nop,nop,nop,nop,nop,nop,nop,nop,wscale 9], length 0
EST TCP_QUEUE; 2026-10-08-02:16:10; 1791425770.736022; 1791425770.736020; 1; 0; 0; 0
EST TCP_QUEUE; 2026-10-08-02:16:10; 1791425770.788895; 1791425770.788892; 1; 1216; 0; 0
EST TCP_QUEUE; 2026-10-08-02:16:10; 1791425770.848791; 1791425770.848786; 1; 1216; 0; 0
EST TCP_QUEUE; 2026-10-08-02:16:10; 1791425770.904696; 1791425770.904693; 1; 1071; 0; 0
EST TCP_QUEUE; 2026-10-08-02:16:10; 1791425770.960223; 1791425770.960219; 1; 1071; 0; 0
EST TCP_QUEUE; 2026-10-08-02:16:11; 1791425771.018137; 1791425771.018133; 0; 0; 0; 0
EST TCP_QUEUE; 2026-10-08-02:16:11; 1791425771.060672; 1791425771.060669; 0; 0; 0; 0
EST TCP_QUEUE; 2026-10-08-02:16:11; 1791425771.095371; 1791425771.095369; 0; 0; 0; 0
EST TCP_QUEUE; 2026-10-08-02:16:11; 1791425771.153285; 1791425771.153283; 1; 834; 0; 0
EST TCP_QUEUE; 2026-10-08-02:16:11; 1791425771.208160; 1791425771.208155; 1; 834; 0; 0
EST TCP_QUEUE; 2026-10-08-02:16:11; 1791425771.258546; 1791425771.258542; 1; 834; 0; 0
EST TCP_QUEUE; 2026-10-08-02:16:11; 1791425771.318122; 1791425771.318118; 1; 873; 0; 0
EST TCP_QUEUE; 2026-10-08-02:16:11; 1791425771.369641; 1791425771.369637; 0; 0; 0; 0
EST TCP_QUEUE; 2026-10-08-02:16:11; 1791425771.403840; 1791425771.403836; 0; 0; 0; 0
EST TCP_QUEUE; 2026-10-08-02:16:11; 1791425771.459572; 1791425771.459569; 1; 741; 0; 0
EST TCP_QUEUE; 2026-10-08-02:16:11; 1791425771.515242; 1791425771.515239; 1; 741; 0; 0
EST TCP_QUEUE; 2026-10-08-02:16:11; 1791425771.564053; 1791425771.564051; 1; 741; 0; 0
EST TCP_QUEUE; 2026-10-08-02:16:11; 1791425771.624678; 1791425771.624666; 0; 0; 0; 0
EST TCP_QUEUE; 2026-10-08-02:16:11; 1791425771.669846; 1791425771.669834; 0; 0; 0; 0
WAN 02:16:12.562868 IP (tos 0x0, ttl 127, id 10871, offset 0, flags [DF], proto TCP (6), length 64)
WAN     192.168.2.70.46160 > 94.140.14.14.5443: Flags [S], cksum 0x7ecd (correct), seq 798496551, win 65535, options [mss 1460,nop,wscale 8,nop,nop,sackOK,nop,nop,TS val 3394153729 ecr 0], length 0
WAN 02:16:12.563262 IP (tos 0x0, ttl 127, id 10872, offset 0, flags [DF], proto TCP (6), length 64)
WAN     192.168.2.70.46161 > 94.140.14.14.5443: Flags [S], cksum 0x6b87 (correct), seq 3207961294, win 65535, options [mss 1460,nop,wscale 8,nop,nop,sackOK,nop,nop,TS val 3394153729 ecr 0], length 0
WAN 02:16:12.595113 IP (tos 0x0, ttl 56, id 0, offset 0, flags [DF], proto TCP (6), length 60)
WAN     94.140.14.14.5443 > 192.168.2.70.46160: Flags [S.], cksum 0x1a4b (correct), seq 1809829039, ack 798496552, win 43440, options [mss 1460,sackOK,TS val 1803692209 ecr 3394153729,nop,wscale 12], length 0
LAN 02:16:12.562137 IP (tos 0x0, ttl 128, id 10871, offset 0, flags [DF], proto TCP (6), length 52)
LAN     192.168.56.1.46160 > 94.140.14.14.5443: Flags [S], cksum 0xf979 (correct), seq 798496551, win 65535, options [mss 1460,nop,wscale 8,nop,nop,sackOK], length 0
LAN 02:16:12.562137 IP (tos 0x0, ttl 128, id 10872, offset 0, flags [DF], proto TCP (6), length 52)
LAN     192.168.56.1.46161 > 94.140.14.14.5443: Flags [S], cksum 0xe633 (correct), seq 3207961294, win 65535, options [mss 1460,nop,wscale 8,nop,nop,sackOK], length 0
LAN 02:16:12.595511 IP (tos 0x0, ttl 55, id 0, offset 0, flags [DF], proto TCP (6), length 60)
LAN     94.140.14.14.5443 > 192.168.56.1.46160: Flags [S.], cksum 0xf318 (correct), seq 1809829039, ack 798496552, win 43440, options [mss 1460,sackOK,nop,nop,nop,nop,nop,nop,nop,nop,nop,nop,nop,wscale 12], length 0
LAN 02:16:12.599388 IP (tos 0x0, ttl 55, id 0, offset 0, flags [DF], proto TCP (6), length 60)
LAN     94.140.14.14.5443 > 192.168.56.1.46161: Flags [S.], cksum 0x914b (correct), seq 3863781577, ack 3207961295, win 43440, options [mss 1460,sackOK,nop,nop,nop,nop,nop,nop,nop,nop,nop,nop,nop,wscale 12], length 0
WAN 02:16:12.599093 IP (tos 0x0, ttl 56, id 0, offset 0, flags [DF], proto TCP (6), length 60)
WAN     94.140.14.14.5443 > 192.168.2.70.46161: Flags [S.], cksum 0xd106 (correct), seq 3863781577, ack 3207961295, win 43440, options [mss 1460,sackOK,TS val 2592989468 ecr 3394153729,nop,wscale 12], length 0
WAN 02:16:12.666408 IP (tos 0x0, ttl 127, id 13380, offset 0, flags [DF], proto TCP (6), length 64)
WAN     192.168.2.70.11516 > 99.84.205.140.443: Flags [S], cksum 0x8e63 (correct), seq 1593683649, win 65535, options [mss 1460,nop,wscale 8,nop,nop,sackOK,nop,nop,TS val 3394153729 ecr 0], length 0
WAN 02:16:12.684444 IP (tos 0x0, ttl 249, id 0, offset 0, flags [DF], proto TCP (6), length 60)
WAN     99.84.205.140.443 > 192.168.2.70.11516: Flags [S.], cksum 0x8bcd (correct), seq 3426144529, ack 1593683650, win 65535, options [mss 1440,sackOK,TS val 2315185494 ecr 3394153729,nop,wscale 9], length 0
LAN 02:16:12.658166 IP (tos 0x0, ttl 128, id 13380, offset 0, flags [DF], proto TCP (6), length 52)
LAN     192.168.56.1.11516 > 99.84.205.140.443: Flags [S], cksum 0x0910 (correct), seq 1593683649, win 65535, options [mss 1460,nop,wscale 8,nop,nop,sackOK], length 0
LAN 02:16:12.684531 IP (tos 0x0, ttl 248, id 0, offset 0, flags [DF], proto TCP (6), length 60)
LAN     99.84.205.140.443 > 192.168.56.1.11516: Flags [S.], cksum 0x47bd (correct), seq 3426144529, ack 1593683650, win 65535, options [mss 1440,sackOK,nop,nop,nop,nop,nop,nop,nop,nop,nop,nop,nop,wscale 9], length 0
WAN 02:16:12.884842 IP (tos 0x0, ttl 127, id 13392, offset 0, flags [DF], proto TCP (6), length 64)
WAN     192.168.2.70.33447 > 99.84.205.140.443: Flags [S], cksum 0x2d93 (correct), seq 2280231162, win 65535, options [mss 1460,nop,wscale 8,nop,nop,sackOK,nop,nop,TS val 3394153729 ecr 0], length 0
LAN 02:16:12.877406 IP (tos 0x0, ttl 128, id 13392, offset 0, flags [DF], proto TCP (6), length 52)
LAN     192.168.56.1.33447 > 99.84.205.140.443: Flags [S], cksum 0xa83f (correct), seq 2280231162, win 65535, options [mss 1460,nop,wscale 8,nop,nop,sackOK], length 0
WAN 02:16:12.909818 IP (tos 0x0, ttl 249, id 0, offset 0, flags [DF], proto TCP (6), length 60)
WAN     99.84.205.140.443 > 192.168.2.70.33447: Flags [S.], cksum 0x44de (correct), seq 557763192, ack 2280231163, win 65535, options [mss 1440,sackOK,TS val 2314896651 ecr 3394153729,nop,wscale 9], length 0
LAN 02:16:12.918304 IP (tos 0x0, ttl 248, id 0, offset 0, flags [DF], proto TCP (6), length 60)
LAN     99.84.205.140.443 > 192.168.56.1.33447: Flags [S.], cksum 0x987e (correct), seq 557763192, ack 2280231163, win 65535, options [mss 1440,sackOK,nop,nop,nop,nop,nop,nop,nop,nop,nop,nop,nop,wscale 9], length 0
EST TCP_QUEUE; 2026-10-08-02:16:11; 1791425771.715479; 1791425771.715473; 0; 0; 0; 0
EST TCP_QUEUE; 2026-10-08-02:16:11; 1791425771.781239; 1791425771.781236; 1; 1004; 0; 0
EST TCP_QUEUE; 2026-10-08-02:16:11; 1791425771.840269; 1791425771.840266; 1; 1004; 0; 0
EST TCP_QUEUE; 2026-10-08-02:16:11; 1791425771.893355; 1791425771.893352; 0; 0; 0; 0
EST TCP_QUEUE; 2026-10-08-02:16:11; 1791425771.944909; 1791425771.944905; 0; 0; 0; 0
EST TCP_QUEUE; 2026-10-08-02:16:11; 1791425771.996306; 1791425771.996303; 0; 0; 0; 0
EST TCP_QUEUE; 2026-10-08-02:16:12; 1791425772.039149; 1791425772.039145; 0; 0; 0; 0
EST TCP_QUEUE; 2026-10-08-02:16:12; 1791425772.097827; 1791425772.097823; 1; 963; 1; 0
EST TCP_QUEUE; 2026-10-08-02:16:12; 1791425772.154483; 1791425772.154479; 1; 963; 1; 0
EST TCP_QUEUE; 2026-10-08-02:16:12; 1791425772.208446; 1791425772.208443; 1; 1755; 0; 0
EST TCP_QUEUE; 2026-10-08-02:16:12; 1791425772.260763; 1791425772.260760; 1; 1755; 0; 0
EST TCP_QUEUE; 2026-10-08-02:16:12; 1791425772.310566; 1791425772.310563; 1; 3193; 0; 0
EST TCP_QUEUE; 2026-10-08-02:16:12; 1791425772.354721; 1791425772.354718; 1; 3193; 0; 0
EST TCP_QUEUE; 2026-10-08-02:16:12; 1791425772.408410; 1791425772.408405; 1; 3193; 0; 0
EST TCP_QUEUE; 2026-10-08-02:16:12; 1791425772.476833; 1791425772.476830; 0; 0; 0; 0
EST TCP_QUEUE; 2026-10-08-02:16:12; 1791425772.512111; 1791425772.512107; 0; 0; 0; 0
EST TCP_QUEUE; 2026-10-08-02:16:12; 1791425772.565522; 1791425772.565519; 0; 0; 0; 0
EST TCP_QUEUE; 2026-10-08-02:16:12; 1791425772.612592; 1791425772.612586; 0; 0; 0; 0
EST TCP_QUEUE; 2026-10-08-02:16:12; 1791425772.657208; 1791425772.657204; 0; 0; 0; 0
WAN 02:16:13.284070 IP (tos 0x0, ttl 127, id 59396, offset 0, flags [DF], proto TCP (6), length 64)
WAN     192.168.2.70.33448 > 216.197.195.16.443: Flags [S], cksum 0x2c0b (correct), seq 3598571767, win 65535, options [mss 1460,nop,wscale 8,nop,nop,sackOK,nop,nop,TS val 3394153729 ecr 0], length 0
WAN 02:16:13.290992 IP (tos 0x0, ttl 59, id 0, offset 0, flags [DF], proto TCP (6), length 60)
WAN     216.197.195.16.443 > 192.168.2.70.33448: Flags [S.], cksum 0x96a3 (correct), seq 1105139447, ack 3598571768, win 65160, options [mss 1384,sackOK,TS val 2004342994 ecr 3394153729,nop,wscale 7], length 0
LAN 02:16:13.283159 IP (tos 0x0, ttl 128, id 59396, offset 0, flags [DF], proto TCP (6), length 52)
LAN     192.168.56.1.33448 > 216.197.195.16.443: Flags [S], cksum 0xa6b7 (correct), seq 3598571767, win 65535, options [mss 1460,nop,wscale 8,nop,nop,sackOK], length 0
LAN 02:16:13.294385 IP (tos 0x0, ttl 58, id 0, offset 0, flags [DF], proto TCP (6), length 60)
LAN     216.197.195.16.443 > 192.168.56.1.33448: Flags [S.], cksum 0x2b88 (correct), seq 1105139447, ack 3598571768, win 65160, options [mss 1384,sackOK,nop,nop,nop,nop,nop,nop,nop,nop,nop,nop,nop,wscale 7], length 0
EST TCP_QUEUE; 2026-10-08-02:16:12; 1791425772.712670; 1791425772.712667; 0; 0; 0; 0
EST TCP_QUEUE; 2026-10-08-02:16:12; 1791425772.764313; 1791425772.764310; 0; 0; 0; 0
EST TCP_QUEUE; 2026-10-08-02:16:12; 1791425772.816850; 1791425772.816846; 1; 1151; 0; 0
EST TCP_QUEUE; 2026-10-08-02:16:12; 1791425772.872461; 1791425772.872457; 1; 771; 0; 0
EST TCP_QUEUE; 2026-10-08-02:16:12; 1791425772.923162; 1791425772.923158; 1; 771; 0; 0
EST TCP_QUEUE; 2026-10-08-02:16:12; 1791425772.960900; 1791425772.960897; 1; 771; 0; 0
EST TCP_QUEUE; 2026-10-08-02:16:13; 1791425773.013787; 1791425773.013783; 1; 0; 0; 0
EST TCP_QUEUE; 2026-10-08-02:16:13; 1791425773.074868; 1791425773.074865; 1; 0; 0; 0
EST TCP_QUEUE; 2026-10-08-02:16:13; 1791425773.121720; 1791425773.121716; 1; 0; 0; 0
EST TCP_QUEUE; 2026-10-08-02:16:13; 1791425773.177474; 1791425773.177468; 1; 1542; 0; 0
EST TCP_QUEUE; 2026-10-08-02:16:13; 1791425773.221237; 1791425773.221232; 1; 1361; 0; 0
EST TCP_QUEUE; 2026-10-08-02:16:13; 1791425773.264329; 1791425773.264326; 1; 747; 0; 0
EST TCP_QUEUE; 2026-10-08-02:16:13; 1791425773.327771; 1791425773.327768; 1; 747; 0; 0
EST TCP_QUEUE; 2026-10-08-02:16:13; 1791425773.380254; 1791425773.380251; 1; 565; 0; 0
EST TCP_QUEUE; 2026-10-08-02:16:13; 1791425773.427545; 1791425773.427541; 1; 565; 0; 0
EST TCP_QUEUE; 2026-10-08-02:16:13; 1791425773.479879; 1791425773.479875; 1; 565; 0; 0
EST TCP_QUEUE; 2026-10-08-02:16:13; 1791425773.529894; 1791425773.529890; 1; 565; 0; 0
EST TCP_QUEUE; 2026-10-08-02:16:13; 1791425773.566371; 1791425773.566367; 1; 565; 0; 0
EST TCP_QUEUE; 2026-10-08-02:16:13; 1791425773.631111; 1791425773.631108; 0; 0; 0; 0
EST TCP_QUEUE; 2026-10-08-02:16:13; 1791425773.679693; 1791425773.679689; 0; 0; 0; 0
EST TCP_QUEUE; 2026-10-08-02:16:13; 1791425773.731521; 1791425773.731517; 0; 0; 0; 0
EST TCP_QUEUE; 2026-10-08-02:16:13; 1791425773.784200; 1791425773.784197; 0; 0; 0; 0
EST TCP_QUEUE; 2026-10-08-02:16:13; 1791425773.832135; 1791425773.832132; 0; 0; 0; 0
EST TCP_QUEUE; 2026-10-08-02:16:13; 1791425773.871249; 1791425773.871245; 1; 4950; 0; 0
EST TCP_QUEUE; 2026-10-08-02:16:13; 1791425773.934160; 1791425773.934157; 1; 4950; 0; 0
EST TCP_QUEUE; 2026-10-08-02:16:13; 1791425773.984808; 1791425773.984804; 0; 0; 0; 0
EST TCP_QUEUE; 2026-10-08-02:16:14; 1791425774.038659; 1791425774.038655; 0; 0; 0; 0
EST TCP_QUEUE; 2026-10-08-02:16:14; 1791425774.109420; 1791425774.109415; 0; 0; 0; 0
EST TCP_QUEUE; 2026-10-08-02:16:14; 1791425774.137296; 1791425774.137292; 0; 0; 0; 0
EST TCP_QUEUE; 2026-10-08-02:16:14; 1791425774.193365; 1791425774.193362; 0; 0; 0; 0
EST TCP_QUEUE; 2026-10-08-02:16:14; 1791425774.237317; 1791425774.237313; 0; 0; 0; 0
EST TCP_QUEUE; 2026-10-08-02:16:14; 1791425774.291634; 1791425774.291631; 0; 0; 0; 0
EST TCP_QUEUE; 2026-10-08-02:16:14; 1791425774.344462; 1791425774.344458; 0; 0; 0; 0
EST TCP_QUEUE; 2026-10-08-02:16:14; 1791425774.404541; 1791425774.404538; 1; 178; 0; 0
EST TCP_QUEUE; 2026-10-08-02:16:14; 1791425774.440224; 1791425774.440220; 1; 178; 0; 0
EST TCP_QUEUE; 2026-10-08-02:16:14; 1791425774.486635; 1791425774.486631; 1; 178; 0; 0
EST TCP_QUEUE; 2026-10-08-02:16:14; 1791425774.543199; 1791425774.543195; 1; 178; 0; 0
EST TCP_QUEUE; 2026-10-08-02:16:14; 1791425774.598207; 1791425774.598202; 0; 0; 0; 0
EST TCP_QUEUE; 2026-10-08-02:16:14; 1791425774.664973; 1791425774.664969; 0; 0; 0; 0
EST TCP_QUEUE; 2026-10-08-02:16:14; 1791425774.703403; 1791425774.703400; 0; 0; 0; 0
EST TCP_QUEUE; 2026-10-08-02:16:14; 1791425774.747655; 1791425774.747651; 0; 0; 0; 0
EST TCP_QUEUE; 2026-10-08-02:16:14; 1791425774.791098; 1791425774.791094; 0; 0; 0; 0
EST TCP_QUEUE; 2026-10-08-02:16:14; 1791425774.851155; 1791425774.851151; 0; 0; 0; 0
EST TCP_QUEUE; 2026-10-08-02:16:14; 1791425774.906713; 1791425774.906710; 0; 0; 0; 0
EST TCP_QUEUE; 2026-10-08-02:16:14; 1791425774.968135; 1791425774.968131; 1; 534; 0; 0
EST TCP_QUEUE; 2026-10-08-02:16:15; 1791425775.024246; 1791425775.024242; 1; 534; 0; 0
EST TCP_QUEUE; 2026-10-08-02:16:15; 1791425775.091097; 1791425775.091093; 0; 0; 0; 0
EST TCP_QUEUE; 2026-10-08-02:16:15; 1791425775.146767; 1791425775.146761; 0; 0; 0; 0
EST TCP_QUEUE; 2026-10-08-02:16:15; 1791425775.211243; 1791425775.211241; 0; 0; 0; 0
EST TCP_QUEUE; 2026-10-08-02:16:15; 1791425775.271754; 1791425775.271750; 0; 0; 0; 0
EST TCP_QUEUE; 2026-10-08-02:16:15; 1791425775.310701; 1791425775.310697; 0; 0; 0; 0
EST TCP_QUEUE; 2026-10-08-02:16:15; 1791425775.365165; 1791425775.365161; 0; 0; 0; 0
EST TCP_QUEUE; 2026-10-08-02:16:15; 1791425775.439650; 1791425775.439646; 1; 2637; 0; 0
EST TCP_QUEUE; 2026-10-08-02:16:15; 1791425775.491043; 1791425775.491040; 1; 2637; 0; 0
EST TCP_QUEUE; 2026-10-08-02:16:15; 1791425775.642846; 1791425775.642842; 0; 0; 0; 0
WAN 02:16:16.259757 IP (tos 0x0, ttl 127, id 22902, offset 0, flags [DF], proto TCP (6), length 64)
WAN     192.168.2.70.5130 > 184.30.153.155.443: Flags [S], cksum 0x7c68 (correct), seq 2887412664, win 65535, options [mss 1460,nop,wscale 8,nop,nop,sackOK,nop,nop,TS val 3394153729 ecr 0], length 0
WAN 02:16:16.286938 IP (tos 0x0, ttl 127, id 44827, offset 0, flags [DF], proto TCP (6), length 64)
WAN     192.168.2.70.16589 > 52.159.108.190.443: Flags [S], cksum 0xdc72 (correct), seq 2912783812, win 65535, options [mss 1460,nop,wscale 8,nop,nop,sackOK,nop,nop,TS val 3394153729 ecr 0], length 0
LAN 02:16:16.259394 IP (tos 0x0, ttl 128, id 22902, offset 0, flags [DF], proto TCP (6), length 52)
LAN     192.168.56.1.5130 > 184.30.153.155.443: Flags [S], cksum 0xf714 (correct), seq 2887412664, win 65535, options [mss 1460,nop,wscale 8,nop,nop,sackOK], length 0
LAN 02:16:16.286255 IP (tos 0x0, ttl 128, id 44827, offset 0, flags [DF], proto TCP (6), length 52)
LAN     192.168.56.1.16589 > 52.159.108.190.443: Flags [S], cksum 0x571f (correct), seq 2912783812, win 65535, options [mss 1460,nop,wscale 8,nop,nop,sackOK], length 0
LAN 02:16:16.297213 IP (tos 0x0, ttl 54, id 0, offset 0, flags [DF], proto TCP (6), length 60)
LAN     184.30.153.155.443 > 192.168.56.1.5130: Flags [S.], cksum 0x0207 (correct), seq 2849450129, ack 2887412665, win 65160, options [mss 1460,sackOK,nop,nop,nop,nop,nop,nop,nop,nop,nop,nop,nop,wscale 7], length 0
WAN 02:16:16.296881 IP (tos 0x0, ttl 55, id 0, offset 0, flags [DF], proto TCP (6), length 60)
WAN     184.30.153.155.443 > 192.168.2.70.5130: Flags [S.], cksum 0x252f (correct), seq 2849450129, ack 2887412665, win 65160, options [mss 1460,sackOK,TS val 2532245838 ecr 3394153729,nop,wscale 7], length 0
WAN 02:16:16.315155 IP (tos 0x0, ttl 54, id 0, offset 0, flags [DF], proto TCP (6), length 60)
WAN     52.159.108.190.443 > 192.168.2.70.16589: Flags [S.], cksum 0x6f7a (correct), seq 3266618230, ack 2912783813, win 65160, options [mss 1440,sackOK,TS val 4288617131 ecr 3394153729,nop,wscale 10], length 0
LAN 02:16:16.315503 IP (tos 0x0, ttl 53, id 0, offset 0, flags [DF], proto TCP (6), length 60)
LAN     52.159.108.190.443 > 192.168.56.1.16589: Flags [S.], cksum 0xce5f (correct), seq 3266618230, ack 2912783813, win 65160, options [mss 1440,sackOK,nop,nop,nop,nop,nop,nop,nop,nop,nop,nop,nop,wscale 10], length 0
WAN 02:16:16.821916 IP (tos 0x0, ttl 127, id 25302, offset 0, flags [DF], proto TCP (6), length 64)
WAN     192.168.2.70.9108 > 184.150.66.80.443: Flags [S], cksum 0xb581 (correct), seq 3800580986, win 65535, options [mss 1460,nop,wscale 8,nop,nop,sackOK,nop,nop,TS val 3394153729 ecr 0], length 0
LAN 02:16:16.821625 IP (tos 0x0, ttl 128, id 25302, offset 0, flags [DF], proto TCP (6), length 52)
LAN     192.168.56.1.9108 > 184.150.66.80.443: Flags [S], cksum 0x302e (correct), seq 3800580986, win 65535, options [mss 1460,nop,wscale 8,nop,nop,sackOK], length 0
LAN 02:16:16.834978 IP (tos 0x0, ttl 54, id 0, offset 0, flags [DF], proto TCP (6), length 60)
LAN     184.150.66.80.443 > 192.168.56.1.9108: Flags [S.], cksum 0x302c (correct), seq 2365149359, ack 3800580987, win 65160, options [mss 1384,sackOK,nop,nop,nop,nop,nop,nop,nop,nop,nop,nop,nop,wscale 7], length 0
WAN 02:16:16.834891 IP (tos 0x0, ttl 55, id 0, offset 0, flags [DF], proto TCP (6), length 60)
WAN     184.150.66.80.443 > 192.168.2.70.9108: Flags [S.], cksum 0xf0bf (correct), seq 2365149359, ack 3800580987, win 65160, options [mss 1384,sackOK,TS val 3693551274 ecr 3394153729,nop,wscale 7], length 0
LAN 02:16:17.033680 IP (tos 0x0, ttl 128, id 32423, offset 0, flags [DF], proto TCP (6), length 52)
LAN     192.168.56.1.65489 > 150.171.110.151.443: Flags [S], cksum 0x901c (correct), seq 1128635445, win 65535, options [mss 1460,nop,wscale 8,nop,nop,sackOK], length 0
EST TCP_QUEUE; 2026-10-08-02:16:15; 1791425775.711911; 1791425775.711908; 0; 0; 0; 0
EST TCP_QUEUE; 2026-10-08-02:16:15; 1791425775.763808; 1791425775.763805; 0; 0; 0; 0
EST TCP_QUEUE; 2026-10-08-02:16:15; 1791425775.817280; 1791425775.817275; 0; 0; 0; 0
EST TCP_QUEUE; 2026-10-08-02:16:15; 1791425775.849164; 1791425775.849161; 0; 0; 0; 0
EST TCP_QUEUE; 2026-10-08-02:16:15; 1791425775.891601; 1791425775.891597; 0; 0; 0; 0
EST TCP_QUEUE; 2026-10-08-02:16:15; 1791425775.951477; 1791425775.951473; 0; 0; 0; 0
EST TCP_QUEUE; 2026-10-08-02:16:16; 1791425776.004136; 1791425776.004134; 1; 10223; 0; 0
EST TCP_QUEUE; 2026-10-08-02:16:16; 1791425776.052504; 1791425776.052501; 1; 10223; 0; 0
EST TCP_QUEUE; 2026-10-08-02:16:16; 1791425776.107347; 1791425776.107344; 1; 10223; 0; 0
EST TCP_QUEUE; 2026-10-08-02:16:16; 1791425776.154721; 1791425776.154718; 1; 10223; 0; 0
LAN 02:16:17.177234 IP (tos 0x0, ttl 47, id 0, offset 0, flags [DF], proto TCP (6), length 60)
LAN     150.171.110.151.443 > 192.168.56.1.65489: Flags [S.], cksum 0x1ead (correct), seq 1934809618, ack 1128635446, win 65535, options [mss 1440,sackOK,nop,nop,nop,nop,nop,nop,nop,nop,nop,nop,nop,wscale 9], length 0
WAN 02:16:17.033991 IP (tos 0x0, ttl 127, id 32423, offset 0, flags [DF], proto TCP (6), length 64)
WAN     192.168.2.70.65489 > 150.171.110.151.443: Flags [S], cksum 0x1570 (correct), seq 1128635445, win 65535, options [mss 1460,nop,wscale 8,nop,nop,sackOK,nop,nop,TS val 3394153729 ecr 0], length 0
WAN 02:16:17.174722 IP (tos 0x0, ttl 48, id 0, offset 0, flags [DF], proto TCP (6), length 60)
WAN     150.171.110.151.443 > 192.168.2.70.65489: Flags [S.], cksum 0x7264 (correct), seq 1934809618, ack 1128635446, win 65535, options [mss 1440,sackOK,TS val 3309347437 ecr 3394153729,nop,wscale 9], length 0
WAN 02:16:17.859225 IP (tos 0x0, ttl 127, id 25462, offset 0, flags [DF], proto TCP (6), length 64)
WAN     192.168.2.70.21006 > 184.150.66.80.443: Flags [S], cksum 0xe160 (correct), seq 2556703557, win 65535, options [mss 1460,nop,wscale 8,nop,nop,sackOK,nop,nop,TS val 3394153729 ecr 0], length 0
WAN 02:16:17.871842 IP (tos 0x0, ttl 55, id 0, offset 0, flags [DF], proto TCP (6), length 60)
WAN     184.150.66.80.443 > 192.168.2.70.21006: Flags [S.], cksum 0x9748 (correct), seq 2297550336, ack 2556703558, win 65160, options [mss 1384,sackOK,TS val 3693552311 ecr 3394153729,nop,wscale 7], length 0
LAN 02:16:17.858743 IP (tos 0x0, ttl 128, id 25462, offset 0, flags [DF], proto TCP (6), length 52)
LAN     192.168.56.1.21006 > 184.150.66.80.443: Flags [S], cksum 0x5c0d (correct), seq 2556703557, win 65535, options [mss 1460,nop,wscale 8,nop,nop,sackOK], length 0
LAN 02:16:17.872173 IP (tos 0x0, ttl 54, id 0, offset 0, flags [DF], proto TCP (6), length 60)
LAN     184.150.66.80.443 > 192.168.56.1.21006: Flags [S.], cksum 0xdac1 (correct), seq 2297550336, ack 2556703558, win 65160, options [mss 1384,sackOK,nop,nop,nop,nop,nop,nop,nop,nop,nop,nop,nop,wscale 7], length 0
EST TCP_QUEUE; 2026-10-08-02:16:16; 1791425776.198777; 1791425776.198774; 1; 314; 0; 0
EST TCP_QUEUE; 2026-10-08-02:16:16; 1791425776.259076; 1791425776.259073; 1; 558; 0; 0
EST TCP_QUEUE; 2026-10-08-02:16:16; 1791425776.313919; 1791425776.313916; 1; 558; 0; 0
EST TCP_QUEUE; 2026-10-08-02:16:16; 1791425776.371027; 1791425776.371022; 1; 1098; 0; 0
EST TCP_QUEUE; 2026-10-08-02:16:16; 1791425776.423671; 1791425776.423668; 1; 1098; 0; 0
EST TCP_QUEUE; 2026-10-08-02:16:16; 1791425776.468894; 1791425776.468890; 1; 970; 0; 0
EST TCP_QUEUE; 2026-10-08-02:16:16; 1791425776.513304; 1791425776.513299; 1; 324; 0; 0
EST TCP_QUEUE; 2026-10-08-02:16:16; 1791425776.579921; 1791425776.579918; 1; 324; 0; 0
EST TCP_QUEUE; 2026-10-08-02:16:16; 1791425776.628698; 1791425776.628695; 1; 324; 0; 0
EST TCP_QUEUE; 2026-10-08-02:16:16; 1791425776.679217; 1791425776.679215; 0; 0; 0; 0
EST TCP_QUEUE; 2026-10-08-02:16:16; 1791425776.730835; 1791425776.730832; 1; 1492; 0; 0
EST TCP_QUEUE; 2026-10-08-02:16:16; 1791425776.777270; 1791425776.777268; 1; 1492; 0; 0
EST TCP_QUEUE; 2026-10-08-02:16:16; 1791425776.820768; 1791425776.820765; 1; 851; 0; 0
EST TCP_QUEUE; 2026-10-08-02:16:16; 1791425776.877729; 1791425776.877727; 1; 851; 0; 0
EST TCP_QUEUE; 2026-10-08-02:16:16; 1791425776.963665; 1791425776.963662; 1; 851; 0; 0
EST TCP_QUEUE; 2026-10-08-02:16:16; 1791425776.991363; 1791425776.991359; 1; 4158; 0; 0
EST TCP_QUEUE; 2026-10-08-02:16:17; 1791425777.037026; 1791425777.037023; 1; 666; 0; 0
EST TCP_QUEUE; 2026-10-08-02:16:17; 1791425777.178226; 1791425777.178221; 0; 0; 0; 0
EST TCP_QUEUE; 2026-10-08-02:16:17; 1791425777.212553; 1791425777.212548; 0; 0; 0; 0
EST TCP_QUEUE; 2026-10-08-02:16:17; 1791425777.212578; 1791425777.212576; 0; 0; 0; 0
EST TCP_QUEUE; 2026-10-08-02:16:17; 1791425777.271968; 1791425777.271960; 0; 0; 0; 0
EST TCP_QUEUE; 2026-10-08-02:16:17; 1791425777.297538; 1791425777.297534; 0; 0; 0; 0
EST TCP_QUEUE; 2026-10-08-02:16:17; 1791425777.349364; 1791425777.349360; 0; 0; 0; 0
EST TCP_QUEUE; 2026-10-08-02:16:17; 1791425777.394238; 1791425777.394234; 0; 0; 0; 0
EST TCP_QUEUE; 2026-10-08-02:16:17; 1791425777.439422; 1791425777.439418; 0; 0; 0; 0
EST TCP_QUEUE; 2026-10-08-02:16:17; 1791425777.497655; 1791425777.497653; 0; 0; 0; 0
EST TCP_QUEUE; 2026-10-08-02:16:17; 1791425777.588246; 1791425777.588242; 1; 4574; 0; 0
EST TCP_QUEUE; 2026-10-08-02:16:17; 1791425777.613060; 1791425777.613058; 1; 4574; 0; 0
EST TCP_QUEUE; 2026-10-08-02:16:17; 1791425777.663500; 1791425777.663497; 1; 4574; 0; 0
WAN 02:16:18.257662 IP (tos 0x0, ttl 127, id 32438, offset 0, flags [DF], proto TCP (6), length 64)
WAN     192.168.2.70.5545 > 150.171.110.151.443: Flags [S], cksum 0x178a (correct), seq 3953515491, win 65535, options [mss 1460,nop,wscale 8,nop,nop,sackOK,nop,nop,TS val 3394153729 ecr 0], length 0
LAN 02:16:18.253766 IP (tos 0x0, ttl 128, id 32438, offset 0, flags [DF], proto TCP (6), length 52)
LAN     192.168.56.1.5545 > 150.171.110.151.443: Flags [S], cksum 0x9236 (correct), seq 3953515491, win 65535, options [mss 1460,nop,wscale 8,nop,nop,sackOK], length 0
WAN 02:16:18.308811 IP (tos 0x0, ttl 48, id 0, offset 0, flags [DF], proto TCP (6), length 60)
WAN     150.171.110.151.443 > 192.168.2.70.5545: Flags [S.], cksum 0xde2b (correct), seq 121810091, ack 3953515492, win 65535, options [mss 1440,sackOK,TS val 369131896 ecr 3394153729,nop,wscale 9], length 0
WAN 02:16:18.390288 IP (tos 0x0, ttl 127, id 44343, offset 0, flags [DF], proto TCP (6), length 64)
WAN     192.168.2.70.29924 > 150.171.27.11.443: Flags [S], cksum 0xbf00 (correct), seq 1185664440, win 65535, options [mss 1460,nop,wscale 8,nop,nop,sackOK,nop,nop,TS val 3394153729 ecr 0], length 0
LAN 02:16:18.309141 IP (tos 0x0, ttl 47, id 0, offset 0, flags [DF], proto TCP (6), length 60)
LAN     150.171.110.151.443 > 192.168.56.1.5545: Flags [S.], cksum 0xba3e (correct), seq 121810091, ack 3953515492, win 65535, options [mss 1440,sackOK,nop,nop,nop,nop,nop,nop,nop,nop,nop,nop,nop,wscale 9], length 0
LAN 02:16:18.389978 IP (tos 0x0, ttl 128, id 44343, offset 0, flags [DF], proto TCP (6), length 52)
LAN     192.168.56.1.29924 > 150.171.27.11.443: Flags [S], cksum 0x39ad (correct), seq 1185664440, win 65535, options [mss 1460,nop,wscale 8,nop,nop,sackOK], length 0
WAN 02:16:18.412735 IP (tos 0x0, ttl 119, id 12086, offset 0, flags [DF], proto TCP (6), length 52)
WAN     150.171.27.11.443 > 192.168.2.70.29924: Flags [S.], cksum 0x983b (correct), seq 3629448922, ack 1185664441, win 65535, options [mss 1440,nop,wscale 8,nop,nop,sackOK], length 0
LAN 02:16:18.413219 IP (tos 0x0, ttl 118, id 12086, offset 0, flags [DF], proto TCP (6), length 52)
LAN     150.171.27.11.443 > 192.168.56.1.29924: Flags [S.], cksum 0x6280 (correct), seq 3629448922, ack 1185664441, win 65535, options [mss 1440,nop,wscale 8,nop,nop,sackOK], length 0
WAN 02:16:18.566098 IP (tos 0x0, ttl 127, id 45465, offset 0, flags [DF], proto TCP (6), length 64)
WAN     192.168.2.70.27197 > 4.207.44.70.443: Flags [S], cksum 0x29eb (correct), seq 2454561396, win 65535, options [mss 1460,nop,wscale 8,nop,nop,sackOK,nop,nop,TS val 3394153729 ecr 0], length 0
LAN 02:16:18.565784 IP (tos 0x0, ttl 128, id 45465, offset 0, flags [DF], proto TCP (6), length 52)
LAN     192.168.56.1.27197 > 4.207.44.70.443: Flags [S], cksum 0xa497 (correct), seq 2454561396, win 65535, options [mss 1460,nop,wscale 8,nop,nop,sackOK], length 0
LAN 02:16:18.597912 IP (tos 0x0, ttl 128, id 24907, offset 0, flags [DF], proto TCP (6), length 52)
LAN     192.168.56.1.49612 > 216.197.195.24.443: Flags [S], cksum 0x7dcd (correct), seq 3169115214, win 65535, options [mss 1460,nop,wscale 8,nop,nop,sackOK], length 0
LAN 02:16:18.598426 IP (tos 0x0, ttl 128, id 24908, offset 0, flags [DF], proto TCP (6), length 52)
LAN     192.168.56.1.58474 > 216.197.195.24.443: Flags [S], cksum 0xea4a (correct), seq 3330753424, win 65535, options [mss 1460,nop,wscale 8,nop,nop,sackOK], length 0
WAN 02:16:18.598084 IP (tos 0x0, ttl 127, id 24907, offset 0, flags [DF], proto TCP (6), length 64)
WAN     192.168.2.70.49612 > 216.197.195.24.443: Flags [S], cksum 0x0321 (correct), seq 3169115214, win 65535, options [mss 1460,nop,wscale 8,nop,nop,sackOK,nop,nop,TS val 3394153729 ecr 0], length 0
WAN 02:16:18.599303 IP (tos 0x0, ttl 127, id 24908, offset 0, flags [DF], proto TCP (6), length 64)
LAN 02:16:18.605906 IP (tos 0x0, ttl 58, id 0, offset 0, flags [DF], proto TCP (6), length 60)
LAN     216.197.195.24.443 > 192.168.56.1.49612: Flags [S.], cksum 0x1a0e (correct), seq 2823854357, ack 3169115215, win 65160, options [mss 1384,sackOK,nop,nop,nop,nop,nop,nop,nop,nop,nop,nop,nop,wscale 7], length 0
LAN 02:16:18.606096 IP (tos 0x0, ttl 58, id 0, offset 0, flags [DF], proto TCP (6), length 60)
LAN     216.197.195.24.443 > 192.168.56.1.58474: Flags [S.], cksum 0x3c1a (correct), seq 4223701014, ack 3330753425, win 65160, options [mss 1384,sackOK,nop,nop,nop,nop,nop,nop,nop,nop,nop,nop,nop,wscale 7], length 0
LAN 02:16:18.682663 IP (tos 0x0, ttl 108, id 63020, offset 0, flags [DF], proto TCP (6), length 60)
LAN     4.207.44.70.443 > 192.168.56.1.27197: Flags [S.], cksum 0x691f (correct), seq 3387051404, ack 2454561397, win 65535, options [mss 1440,nop,wscale 8,sackOK,nop,nop,nop,nop,nop,nop,nop,nop,nop,nop], length 0
WAN     192.168.2.70.58474 > 216.197.195.24.443: Flags [S], cksum 0x6f9e (correct), seq 3330753424, win 65535, options [mss 1460,nop,wscale 8,nop,nop,sackOK,nop,nop,TS val 3394153729 ecr 0], length 0
WAN 02:16:18.605401 IP (tos 0x0, ttl 59, id 0, offset 0, flags [DF], proto TCP (6), length 60)
WAN     216.197.195.24.443 > 192.168.2.70.49612: Flags [S.], cksum 0x789f (correct), seq 2823854357, ack 3169115215, win 65160, options [mss 1384,sackOK,TS val 4050414439 ecr 3394153729,nop,wscale 7], length 0
WAN 02:16:18.605401 IP (tos 0x0, ttl 59, id 0, offset 0, flags [DF], proto TCP (6), length 60)
WAN     216.197.195.24.443 > 192.168.2.70.58474: Flags [S.], cksum 0x9aab (correct), seq 4223701014, ack 3330753425, win 65160, options [mss 1384,sackOK,TS val 4050414439 ecr 3394153729,nop,wscale 7], length 0
WAN 02:16:18.682427 IP (tos 0x0, ttl 109, id 63020, offset 0, flags [DF], proto TCP (6), length 60)
WAN     4.207.44.70.443 > 192.168.2.70.27197: Flags [S.], cksum 0xa694 (correct), seq 3387051404, ack 2454561397, win 65535, options [mss 1440,nop,wscale 8,sackOK,TS val 269905370 ecr 3394153729], length 0
LAN 02:16:18.710706 IP (tos 0x0, ttl 128, id 20650, offset 0, flags [DF], proto TCP (6), length 52)
LAN     192.168.56.1.55484 > 40.126.28.20.443: Flags [S], cksum 0xbecb (correct), seq 795306282, win 65535, options [mss 1460,nop,wscale 8,nop,nop,sackOK], length 0
LAN 02:16:18.764548 IP (tos 0x0, ttl 116, id 58567, offset 0, flags [DF], proto TCP (6), length 52)
LAN     40.126.28.20.443 > 192.168.56.1.55484: Flags [S.], cksum 0xc088 (correct), seq 2540332763, ack 795306283, win 65535, options [mss 1440,nop,wscale 8,nop,nop,sackOK], length 0
WAN 02:16:18.719136 IP (tos 0x0, ttl 127, id 20650, offset 0, flags [DF], proto TCP (6), length 64)
WAN     192.168.2.70.55484 > 40.126.28.20.443: Flags [S], cksum 0x441f (correct), seq 795306282, win 65535, options [mss 1460,nop,wscale 8,nop,nop,sackOK,nop,nop,TS val 3394153729 ecr 0], length 0
WAN 02:16:18.763770 IP (tos 0x0, ttl 117, id 58567, offset 0, flags [DF], proto TCP (6), length 52)
WAN     40.126.28.20.443 > 192.168.2.70.55484: Flags [S.], cksum 0xf643 (correct), seq 2540332763, ack 795306283, win 65535, options [mss 1440,nop,wscale 8,nop,nop,sackOK], length 0
LAN 02:16:19.062212 IP (tos 0x0, ttl 128, id 1661, offset 0, flags [DF], proto TCP (6), length 52)
LAN     192.168.56.1.22277 > 40.126.28.23.443: Flags [S], cksum 0x14f5 (correct), seq 2736333059, win 65535, options [mss 1460,nop,wscale 8,nop,nop,sackOK], length 0
WAN 02:16:19.067287 IP (tos 0x0, ttl 127, id 1661, offset 0, flags [DF], proto TCP (6), length 64)
WAN     192.168.2.70.22277 > 40.126.28.23.443: Flags [S], cksum 0x9a48 (correct), seq 2736333059, win 65535, options [mss 1460,nop,wscale 8,nop,nop,sackOK,nop,nop,TS val 3394153729 ecr 0], length 0
EST TCP_QUEUE; 2026-10-08-02:16:17; 1791425777.712637; 1791425777.712633; 0; 0; 0; 0
EST TCP_QUEUE; 2026-10-08-02:16:17; 1791425777.756288; 1791425777.756284; 0; 0; 0; 0
EST TCP_QUEUE; 2026-10-08-02:16:17; 1791425777.813926; 1791425777.813923; 0; 0; 0; 0
EST TCP_QUEUE; 2026-10-08-02:16:17; 1791425777.868349; 1791425777.868346; 0; 0; 0; 0
EST TCP_QUEUE; 2026-10-08-02:16:17; 1791425777.923754; 1791425777.923742; 0; 0; 0; 0
EST TCP_QUEUE; 2026-10-08-02:16:17; 1791425777.972756; 1791425777.972753; 0; 0; 0; 0
EST TCP_QUEUE; 2026-10-08-02:16:18; 1791425778.018692; 1791425778.018689; 0; 0; 0; 0
EST TCP_QUEUE; 2026-10-08-02:16:18; 1791425778.060335; 1791425778.060333; 0; 0; 0; 0
EST TCP_QUEUE; 2026-10-08-02:16:18; 1791425778.120326; 1791425778.120323; 0; 0; 0; 0
EST TCP_QUEUE; 2026-10-08-02:16:18; 1791425778.177621; 1791425778.177617; 1; 0; 0; 0
EST TCP_QUEUE; 2026-10-08-02:16:18; 1791425778.227289; 1791425778.227287; 1; 2441; 0; 0
EST TCP_QUEUE; 2026-10-08-02:16:18; 1791425778.279932; 1791425778.279928; 1; 613; 0; 0
EST TCP_QUEUE; 2026-10-08-02:16:18; 1791425778.325775; 1791425778.325773; 1; 613; 0; 0
EST TCP_QUEUE; 2026-10-08-02:16:18; 1791425778.374857; 1791425778.374854; 1; 0; 0; 0
EST TCP_QUEUE; 2026-10-08-02:16:18; 1791425778.433820; 1791425778.433816; 1; 0; 0; 0
EST TCP_QUEUE; 2026-10-08-02:16:18; 1791425778.487517; 1791425778.487513; 1; 0; 0; 0
EST TCP_QUEUE; 2026-10-08-02:16:18; 1791425778.538925; 1791425778.538922; 1; 1014; 0; 0
EST TCP_QUEUE; 2026-10-08-02:16:18; 1791425778.593363; 1791425778.593359; 1; 412; 0; 0
EST TCP_QUEUE; 2026-10-08-02:16:18; 1791425778.641388; 1791425778.641384; 1; 412; 0; 0
EST TCP_QUEUE; 2026-10-08-02:16:18; 1791425778.682436; 1791425778.682434; 1; 557; 0; 0
LAN 02:16:19.109422 IP (tos 0x0, ttl 116, id 58944, offset 0, flags [DF], proto TCP (6), length 52)
LAN     40.126.28.23.443 > 192.168.56.1.22277: Flags [S.], cksum 0xb605 (correct), seq 1589968941, ack 2736333060, win 65535, options [mss 1440,nop,wscale 8,nop,nop,sackOK], length 0
WAN 02:16:19.108175 IP (tos 0x0, ttl 117, id 58944, offset 0, flags [DF], proto TCP (6), length 52)
WAN     40.126.28.23.443 > 192.168.2.70.22277: Flags [S.], cksum 0xebc0 (correct), seq 1589968941, ack 2736333060, win 65535, options [mss 1440,nop,wscale 8,nop,nop,sackOK], length 0
WAN 02:16:19.201797 IP (tos 0x0, ttl 127, id 45478, offset 0, flags [DF], proto TCP (6), length 64)
WAN     192.168.2.70.13446 > 4.207.44.70.443: Flags [S], cksum 0x75c0 (correct), seq 3939775439, win 65535, options [mss 1460,nop,wscale 8,nop,nop,sackOK,nop,nop,TS val 3394153729 ecr 0], length 0
LAN 02:16:19.200462 IP (tos 0x0, ttl 128, id 45478, offset 0, flags [DF], proto TCP (6), length 52)
LAN     192.168.56.1.13446 > 4.207.44.70.443: Flags [S], cksum 0xf06c (correct), seq 3939775439, win 65535, options [mss 1460,nop,wscale 8,nop,nop,sackOK], length 0
WAN 02:16:19.315852 IP (tos 0x0, ttl 109, id 7864, offset 0, flags [DF], proto TCP (6), length 60)
WAN     4.207.44.70.443 > 192.168.2.70.13446: Flags [S.], cksum 0x0608 (correct), seq 2321559154, ack 3939775440, win 65535, options [mss 1440,nop,wscale 8,sackOK,TS val 1064208768 ecr 3394153729], length 0
LAN 02:16:19.324092 IP (tos 0x0, ttl 108, id 7864, offset 0, flags [DF], proto TCP (6), length 60)
LAN     4.207.44.70.443 > 192.168.56.1.13446: Flags [S.], cksum 0x1391 (correct), seq 2321559154, ack 3939775440, win 65535, options [mss 1440,nop,wscale 8,sackOK,nop,nop,nop,nop,nop,nop,nop,nop,nop,nop], length 0
EST TCP_QUEUE; 2026-10-08-02:16:18; 1791425778.765388; 1791425778.765384; 1; 171; 0; 0
EST TCP_QUEUE; 2026-10-08-02:16:18; 1791425778.809323; 1791425778.809321; 1; 0; 0; 0
EST TCP_QUEUE; 2026-10-08-02:16:18; 1791425778.847350; 1791425778.847348; 1; 0; 0; 0
EST TCP_QUEUE; 2026-10-08-02:16:18; 1791425778.901186; 1791425778.901183; 1; 0; 0; 0
EST TCP_QUEUE; 2026-10-08-02:16:18; 1791425778.959821; 1791425778.959815; 1; 0; 0; 0
EST TCP_QUEUE; 2026-10-08-02:16:19; 1791425779.008017; 1791425779.008013; 0; 0; 0; 0
EST TCP_QUEUE; 2026-10-08-02:16:19; 1791425779.068654; 1791425779.068650; 1; 0; 0; 0
EST TCP_QUEUE; 2026-10-08-02:16:19; 1791425779.112195; 1791425779.112192; 1; 0; 0; 0
EST TCP_QUEUE; 2026-10-08-02:16:19; 1791425779.165924; 1791425779.165921; 1; 0; 0; 0
EST TCP_QUEUE; 2026-10-08-02:16:19; 1791425779.224051; 1791425779.224047; 1; 433; 0; 0
EST TCP_QUEUE; 2026-10-08-02:16:19; 1791425779.266264; 1791425779.266260; 1; 503; 0; 0
EST TCP_QUEUE; 2026-10-08-02:16:19; 1791425779.324724; 1791425779.324718; 1; 503; 0; 0
EST TCP_QUEUE; 2026-10-08-02:16:19; 1791425779.367704; 1791425779.367699; 0; 0; 0; 0
EST TCP_QUEUE; 2026-10-08-02:16:19; 1791425779.426102; 1791425779.426099; 0; 0; 0; 0
EST TCP_QUEUE; 2026-10-08-02:16:19; 1791425779.486760; 1791425779.486758; 1; 455; 0; 0
EST TCP_QUEUE; 2026-10-08-02:16:19; 1791425779.528426; 1791425779.528423; 1; 0; 0; 0
EST TCP_QUEUE; 2026-10-08-02:16:19; 1791425779.582259; 1791425779.582257; 1; 0; 0; 0
EST TCP_QUEUE; 2026-10-08-02:16:19; 1791425779.617493; 1791425779.617491; 1; 0; 0; 0
EST TCP_QUEUE; 2026-10-08-02:16:19; 1791425779.754186; 1791425779.754179; 1; 11152; 0; 0
EST TCP_QUEUE; 2026-10-08-02:16:19; 1791425779.790415; 1791425779.790410; 1; 11152; 0; 0
EST TCP_QUEUE; 2026-10-08-02:16:19; 1791425779.838569; 1791425779.838566; 1; 11152; 0; 0
EST TCP_QUEUE; 2026-10-08-02:16:19; 1791425779.892813; 1791425779.892811; 0; 0; 0; 0
EST TCP_QUEUE; 2026-10-08-02:16:19; 1791425779.943922; 1791425779.943917; 0; 0; 0; 0
EST TCP_QUEUE; 2026-10-08-02:16:19; 1791425779.984834; 1791425779.984825; 0; 0; 0; 0
EST TCP_QUEUE; 2026-10-08-02:16:20; 1791425780.048537; 1791425780.048533; 1; 0; 0; 0
EST TCP_QUEUE; 2026-10-08-02:16:20; 1791425780.103641; 1791425780.103639; 1; 0; 0; 0
EST TCP_QUEUE; 2026-10-08-02:16:20; 1791425780.155121; 1791425780.155119; 1; 0; 0; 0
EST TCP_QUEUE; 2026-10-08-02:16:20; 1791425780.206318; 1791425780.206315; 1; 0; 0; 0
EST TCP_QUEUE; 2026-10-08-02:16:20; 1791425780.253706; 1791425780.253702; 1; 0; 0; 0
EST TCP_QUEUE; 2026-10-08-02:16:20; 1791425780.297761; 1791425780.297758; 1; 0; 0; 0
EST TCP_QUEUE; 2026-10-08-02:16:20; 1791425780.404225; 1791425780.404221; 1; 0; 0; 0
EST TCP_QUEUE; 2026-10-08-02:16:20; 1791425780.466796; 1791425780.466792; 0; 0; 0; 0
EST TCP_QUEUE; 2026-10-08-02:16:20; 1791425780.517708; 1791425780.517706; 0; 0; 0; 0
EST TCP_QUEUE; 2026-10-08-02:16:20; 1791425780.571230; 1791425780.571226; 0; 0; 0; 0
EST TCP_QUEUE; 2026-10-08-02:16:20; 1791425780.618422; 1791425780.618419; 0; 0; 0; 0
EST TCP_QUEUE; 2026-10-08-02:16:20; 1791425780.662082; 1791425780.662080; 0; 0; 0; 0
LAN 02:16:21.360119 IP (tos 0x0, ttl 128, id 1553, offset 0, flags [DF], proto TCP (6), length 52)
LAN     192.168.56.1.43621 > 184.30.150.212.443: Flags [S], cksum 0x87ed (correct), seq 2295556754, win 65535, options [mss 1460,nop,wscale 8,nop,nop,sackOK], length 0
LAN 02:16:21.390762 IP (tos 0x0, ttl 54, id 0, offset 0, flags [DF], proto TCP (6), length 60)
LAN     184.30.150.212.443 > 192.168.56.1.43621: Flags [S.], cksum 0xd3bb (correct), seq 623930536, ack 2295556755, win 65160, options [mss 1384,sackOK,nop,nop,nop,nop,nop,nop,nop,nop,nop,nop,nop,wscale 7], length 0
WAN 02:16:21.360398 IP (tos 0x0, ttl 127, id 1553, offset 0, flags [DF], proto TCP (6), length 64)
WAN     192.168.2.70.43621 > 184.30.150.212.443: Flags [S], cksum 0x0d41 (correct), seq 2295556754, win 65535, options [mss 1460,nop,wscale 8,nop,nop,sackOK,nop,nop,TS val 3394153729 ecr 0], length 0
WAN 02:16:21.390040 IP (tos 0x0, ttl 55, id 0, offset 0, flags [DF], proto TCP (6), length 60)
WAN     184.30.150.212.443 > 192.168.2.70.43621: Flags [S.], cksum 0xbd52 (correct), seq 623930536, ack 2295556755, win 65160, options [mss 1384,sackOK,TS val 2862294835 ecr 3394153729,nop,wscale 7], length 0
EST TCP_QUEUE; 2026-10-08-02:16:20; 1791425780.720982; 1791425780.720979; 0; 0; 0; 0
EST TCP_QUEUE; 2026-10-08-02:16:20; 1791425780.777543; 1791425780.777540; 0; 0; 0; 0
EST TCP_QUEUE; 2026-10-08-02:16:20; 1791425780.828962; 1791425780.828960; 1; 0; 0; 0
EST TCP_QUEUE; 2026-10-08-02:16:20; 1791425780.881101; 1791425780.881098; 1; 0; 0; 0
EST TCP_QUEUE; 2026-10-08-02:16:20; 1791425780.926759; 1791425780.926756; 1; 0; 0; 0
EST TCP_QUEUE; 2026-10-08-02:16:20; 1791425780.973132; 1791425780.973129; 1; 443; 0; 0
EST TCP_QUEUE; 2026-10-08-02:16:21; 1791425781.039507; 1791425781.039504; 1; 443; 0; 0
EST TCP_QUEUE; 2026-10-08-02:16:21; 1791425781.097934; 1791425781.097931; 0; 0; 0; 0
EST TCP_QUEUE; 2026-10-08-02:16:21; 1791425781.149805; 1791425781.149801; 0; 0; 0; 0
WAN 02:16:22.160925 IP (tos 0x0, ttl 127, id 32452, offset 0, flags [DF], proto TCP (6), length 64)
WAN     192.168.2.70.27641 > 150.171.110.151.443: Flags [S], cksum 0xb377 (correct), seq 3526492953, win 65535, options [mss 1460,nop,wscale 8,nop,nop,sackOK,nop,nop,TS val 3394153729 ecr 0], length 0
LAN 02:16:22.160472 IP (tos 0x0, ttl 128, id 32452, offset 0, flags [DF], proto TCP (6), length 52)
LAN     192.168.56.1.27641 > 150.171.110.151.443: Flags [S], cksum 0x2e24 (correct), seq 3526492953, win 65535, options [mss 1460,nop,wscale 8,nop,nop,sackOK], length 0
WAN 02:16:22.212862 IP (tos 0x0, ttl 49, id 0, offset 0, flags [DF], proto TCP (6), length 60)
WAN     150.171.110.151.443 > 192.168.2.70.27641: Flags [S.], cksum 0x779b (correct), seq 1662543449, ack 3526492954, win 65535, options [mss 1440,sackOK,TS val 3495932946 ecr 3394153729,nop,wscale 9], length 0
LAN 02:16:22.213164 IP (tos 0x0, ttl 48, id 0, offset 0, flags [DF], proto TCP (6), length 60)
LAN     150.171.110.151.443 > 192.168.56.1.27641: Flags [S.], cksum 0x40a8 (correct), seq 1662543449, ack 3526492954, win 65535, options [mss 1440,sackOK,nop,nop,nop,nop,nop,nop,nop,nop,nop,nop,nop,wscale 9], length 0
WAN 02:16:22.513770 IP (tos 0x0, ttl 127, id 20673, offset 0, flags [DF], proto TCP (6), length 64)
WAN     192.168.2.70.30569 > 40.126.28.20.443: Flags [S], cksum 0x976a (correct), seq 3378240829, win 65535, options [mss 1460,nop,wscale 8,nop,nop,sackOK,nop,nop,TS val 3394153729 ecr 0], length 0
WAN 02:16:22.540803 IP (tos 0x0, ttl 118, id 35584, offset 0, flags [DF], proto TCP (6), length 52)
WAN     40.126.28.20.443 > 192.168.2.70.30569: Flags [S.], cksum 0xe8c1 (correct), seq 918169689, ack 3378240830, win 65535, options [mss 1440,nop,wscale 8,nop,nop,sackOK], length 0
LAN 02:16:22.513470 IP (tos 0x0, ttl 128, id 20673, offset 0, flags [DF], proto TCP (6), length 52)
LAN     192.168.56.1.30569 > 40.126.28.20.443: Flags [S], cksum 0x1217 (correct), seq 3378240829, win 65535, options [mss 1460,nop,wscale 8,nop,nop,sackOK], length 0
LAN 02:16:22.541080 IP (tos 0x0, ttl 117, id 35584, offset 0, flags [DF], proto TCP (6), length 52)
LAN     40.126.28.20.443 > 192.168.56.1.30569: Flags [S.], cksum 0xb306 (correct), seq 918169689, ack 3378240830, win 65535, options [mss 1440,nop,wscale 8,nop,nop,sackOK], length 0
EST TCP_QUEUE; 2026-10-08-02:16:21; 1791425781.203546; 1791425781.203542; 1; 0; 0; 0
EST TCP_QUEUE; 2026-10-08-02:16:21; 1791425781.254198; 1791425781.254195; 1; 0; 0; 0
EST TCP_QUEUE; 2026-10-08-02:16:21; 1791425781.304029; 1791425781.304025; 0; 0; 0; 0
EST TCP_QUEUE; 2026-10-08-02:16:21; 1791425781.365173; 1791425781.365169; 1; 0; 0; 0
EST TCP_QUEUE; 2026-10-08-02:16:21; 1791425781.421157; 1791425781.421154; 1; 0; 0; 0
EST TCP_QUEUE; 2026-10-08-02:16:21; 1791425781.472345; 1791425781.472342; 1; 139; 0; 0
EST TCP_QUEUE; 2026-10-08-02:16:21; 1791425781.527154; 1791425781.527152; 1; 139; 0; 0
EST TCP_QUEUE; 2026-10-08-02:16:21; 1791425781.571893; 1791425781.571890; 1; 183; 1; 0
EST TCP_QUEUE; 2026-10-08-02:16:21; 1791425781.615662; 1791425781.615659; 1; 183; 1; 0
EST TCP_QUEUE; 2026-10-08-02:16:21; 1791425781.677503; 1791425781.677500; 0; 0; 0; 0
EST TCP_QUEUE; 2026-10-08-02:16:21; 1791425781.737280; 1791425781.737277; 0; 0; 0; 0
EST TCP_QUEUE; 2026-10-08-02:16:21; 1791425781.789084; 1791425781.789078; 0; 0; 0; 0
EST TCP_QUEUE; 2026-10-08-02:16:21; 1791425781.846083; 1791425781.846079; 0; 0; 0; 0
EST TCP_QUEUE; 2026-10-08-02:16:21; 1791425781.893754; 1791425781.893750; 1; 663; 0; 0
EST TCP_QUEUE; 2026-10-08-02:16:21; 1791425781.934153; 1791425781.934150; 1; 663; 0; 0
EST TCP_QUEUE; 2026-10-08-02:16:21; 1791425781.995938; 1791425781.995933; 0; 0; 0; 0
EST TCP_QUEUE; 2026-10-08-02:16:22; 1791425782.051868; 1791425782.051863; 0; 0; 0; 0
EST TCP_QUEUE; 2026-10-08-02:16:22; 1791425782.103352; 1791425782.103349; 1; 0; 0; 0
EST TCP_QUEUE; 2026-10-08-02:16:22; 1791425782.157788; 1791425782.157785; 1; 0; 0; 0
EST TCP_QUEUE; 2026-10-08-02:16:22; 1791425782.206639; 1791425782.206637; 1; 0; 0; 0
EST TCP_QUEUE; 2026-10-08-02:16:22; 1791425782.247452; 1791425782.247448; 1; 0; 0; 0
EST TCP_QUEUE; 2026-10-08-02:16:22; 1791425782.307558; 1791425782.307551; 1; 1445; 0; 0
EST TCP_QUEUE; 2026-10-08-02:16:22; 1791425782.368548; 1791425782.368543; 0; 0; 0; 0
EST TCP_QUEUE; 2026-10-08-02:16:22; 1791425782.416923; 1791425782.416918; 1; 497; 0; 0
EST TCP_QUEUE; 2026-10-08-02:16:22; 1791425782.470024; 1791425782.470020; 1; 497; 0; 0
EST TCP_QUEUE; 2026-10-08-02:16:22; 1791425782.517873; 1791425782.517871; 1; 497; 0; 0
EST TCP_QUEUE; 2026-10-08-02:16:22; 1791425782.557558; 1791425782.557555; 1; 497; 0; 0
EST TCP_QUEUE; 2026-10-08-02:16:22; 1791425782.617688; 1791425782.617685; 0; 0; 0; 0
EST TCP_QUEUE; 2026-10-08-02:16:22; 1791425782.672281; 1791425782.672278; 0; 0; 0; 0
EST TCP_QUEUE; 2026-10-08-02:16:22; 1791425782.724607; 1791425782.724601; 0; 0; 0; 0
EST TCP_QUEUE; 2026-10-08-02:16:22; 1791425782.778963; 1791425782.778959; 0; 0; 0; 0
EST TCP_QUEUE; 2026-10-08-02:16:22; 1791425782.827133; 1791425782.827129; 0; 0; 0; 0
EST TCP_QUEUE; 2026-10-08-02:16:22; 1791425782.895596; 1791425782.895593; 0; 0; 0; 0
EST TCP_QUEUE; 2026-10-08-02:16:22; 1791425782.953298; 1791425782.953294; 1; 0; 0; 0
EST TCP_QUEUE; 2026-10-08-02:16:23; 1791425783.009073; 1791425783.009070; 1; 0; 0; 0
EST TCP_QUEUE; 2026-10-08-02:16:23; 1791425783.067189; 1791425783.067186; 0; 0; 0; 0
EST TCP_QUEUE; 2026-10-08-02:16:23; 1791425783.121926; 1791425783.121923; 1; 334; 0; 0
EST TCP_QUEUE; 2026-10-08-02:16:23; 1791425783.179251; 1791425783.179247; 1; 334; 0; 0
EST TCP_QUEUE; 2026-10-08-02:16:23; 1791425783.218756; 1791425783.218753; 1; 334; 0; 0
EST TCP_QUEUE; 2026-10-08-02:16:23; 1791425783.282884; 1791425783.282882; 0; 0; 0; 0
EST TCP_QUEUE; 2026-10-08-02:16:23; 1791425783.342454; 1791425783.342451; 0; 0; 0; 0
EST TCP_QUEUE; 2026-10-08-02:16:23; 1791425783.400916; 1791425783.400913; 0; 0; 0; 0
EST TCP_QUEUE; 2026-10-08-02:16:23; 1791425783.462805; 1791425783.462801; 0; 0; 0; 0
EST TCP_QUEUE; 2026-10-08-02:16:23; 1791425783.512454; 1791425783.512451; 1; 0; 0; 0
EST TCP_QUEUE; 2026-10-08-02:16:23; 1791425783.590934; 1791425783.590931; 0; 0; 0; 0
EST TCP_QUEUE; 2026-10-08-02:16:23; 1791425783.653071; 1791425783.653067; 0; 0; 0; 0
EST TCP_QUEUE; 2026-10-08-02:16:23; 1791425783.709103; 1791425783.709100; 0; 0; 0; 0
EST TCP_QUEUE; 2026-10-08-02:16:23; 1791425783.759431; 1791425783.759428; 0; 0; 0; 0
EST TCP_QUEUE; 2026-10-08-02:16:23; 1791425783.819956; 1791425783.819952; 0; 0; 0; 0
EST TCP_QUEUE; 2026-10-08-02:16:23; 1791425783.867549; 1791425783.867547; 0; 0; 0; 0
EST TCP_QUEUE; 2026-10-08-02:16:23; 1791425783.908991; 1791425783.908988; 0; 0; 0; 0
EST TCP_QUEUE; 2026-10-08-02:16:23; 1791425783.968969; 1791425783.968967; 0; 0; 0; 0
EST TCP_QUEUE; 2026-10-08-02:16:24; 1791425784.025099; 1791425784.025097; 1; 0; 0; 0
EST TCP_QUEUE; 2026-10-08-02:16:24; 1791425784.116677; 1791425784.116674; 1; 0; 0; 0
EST TCP_QUEUE; 2026-10-08-02:16:24; 1791425784.168644; 1791425784.168641; 0; 0; 0; 0
EST TCP_QUEUE; 2026-10-08-02:16:24; 1791425784.214814; 1791425784.214811; 0; 0; 0; 0
EST TCP_QUEUE; 2026-10-08-02:16:24; 1791425784.259030; 1791425784.259026; 0; 0; 0; 0
EST TCP_QUEUE; 2026-10-08-02:16:24; 1791425784.317937; 1791425784.317933; 1; 512; 0; 0
EST TCP_QUEUE; 2026-10-08-02:16:24; 1791425784.381670; 1791425784.381668; 1; 512; 0; 0
EST TCP_QUEUE; 2026-10-08-02:16:24; 1791425784.436384; 1791425784.436379; 1; 512; 0; 0
EST TCP_QUEUE; 2026-10-08-02:16:24; 1791425784.492652; 1791425784.492649; 1; 599; 0; 0
EST TCP_QUEUE; 2026-10-08-02:16:24; 1791425784.538528; 1791425784.538525; 1; 0; 0; 0
EST TCP_QUEUE; 2026-10-08-02:16:24; 1791425784.585644; 1791425784.585642; 1; 0; 0; 0
EST TCP_QUEUE; 2026-10-08-02:16:24; 1791425784.655552; 1791425784.655550; 1; 0; 0; 0
EST TCP_QUEUE; 2026-10-08-02:16:24; 1791425784.721347; 1791425784.721344; 0; 0; 0; 0
EST TCP_QUEUE; 2026-10-08-02:16:24; 1791425784.772250; 1791425784.772247; 0; 0; 0; 0
EST TCP_QUEUE; 2026-10-08-02:16:24; 1791425784.828398; 1791425784.828396; 0; 0; 0; 0
EST TCP_QUEUE; 2026-10-08-02:16:24; 1791425784.874663; 1791425784.874660; 0; 0; 0; 0
EST TCP_QUEUE; 2026-10-08-02:16:24; 1791425784.953766; 1791425784.953761; 0; 0; 0; 0
EST TCP_QUEUE; 2026-10-08-02:16:25; 1791425785.020378; 1791425785.020374; 0; 0; 0; 0
EST TCP_QUEUE; 2026-10-08-02:16:25; 1791425785.076675; 1791425785.076673; 1; 240; 0; 0
EST TCP_QUEUE; 2026-10-08-02:16:25; 1791425785.126753; 1791425785.126750; 1; 240; 0; 0
EST TCP_QUEUE; 2026-10-08-02:16:25; 1791425785.196748; 1791425785.196746; 0; 0; 0; 0
EST TCP_QUEUE; 2026-10-08-02:16:25; 1791425785.255306; 1791425785.255303; 1; 0; 0; 0
EST TCP_QUEUE; 2026-10-08-02:16:25; 1791425785.300683; 1791425785.300679; 1; 0; 0; 0
EST TCP_QUEUE; 2026-10-08-02:16:25; 1791425785.355256; 1791425785.355216; 1; 0; 0; 0
EST TCP_QUEUE; 2026-10-08-02:16:25; 1791425785.418431; 1791425785.418420; 1; 38; 0; 0
EST TCP_QUEUE; 2026-10-08-02:16:25; 1791425785.469244; 1791425785.469241; 1; 38; 0; 0
EST TCP_QUEUE; 2026-10-08-02:16:25; 1791425785.523699; 1791425785.523687; 1; 38; 0; 0
EST TCP_QUEUE; 2026-10-08-02:16:25; 1791425785.575776; 1791425785.575770; 1; 0; 0; 0
EST TCP_QUEUE; 2026-10-08-02:16:25; 1791425785.624294; 1791425785.624291; 1; 2476; 0; 0
EST TCP_QUEUE; 2026-10-08-02:16:25; 1791425785.674370; 1791425785.674367; 1; 2476; 0; 0
WAN 02:16:26.207673 IP (tos 0x0, ttl 127, id 46280, offset 0, flags [DF], proto TCP (6), length 64)
WAN     192.168.2.70.13563 > 184.30.152.236.443: Flags [S], cksum 0x9941 (correct), seq 1603894046, win 65535, options [mss 1460,nop,wscale 8,nop,nop,sackOK,nop,nop,TS val 3394153729 ecr 0], length 0
WAN 02:16:26.231771 IP (tos 0x0, ttl 55, id 0, offset 0, flags [DF], proto TCP (6), length 60)
WAN     184.30.152.236.443 > 192.168.2.70.13563: Flags [S.], cksum 0x578e (correct), seq 2284950168, ack 1603894047, win 65160, options [mss 1460,sackOK,TS val 4252318944 ecr 3394153729,nop,wscale 7], length 0
WAN 02:16:26.275480 IP (tos 0x0, ttl 127, id 42871, offset 0, flags [DF], proto TCP (6), length 64)
WAN     192.168.2.70.30603 > 20.64.189.4.443: Flags [S], cksum 0x53fc (correct), seq 2619326739, win 65535, options [mss 1460,nop,wscale 8,nop,nop,sackOK,nop,nop,TS val 3394153729 ecr 0], length 0
LAN 02:16:26.207029 IP (tos 0x0, ttl 128, id 46280, offset 0, flags [DF], proto TCP (6), length 52)
LAN     192.168.56.1.13563 > 184.30.152.236.443: Flags [S], cksum 0x13ee (correct), seq 1603894046, win 65535, options [mss 1460,nop,wscale 8,nop,nop,sackOK], length 0
LAN 02:16:26.237336 IP (tos 0x0, ttl 54, id 0, offset 0, flags [DF], proto TCP (6), length 60)
LAN     184.30.152.236.443 > 192.168.56.1.13563: Flags [S.], cksum 0xd67e (correct), seq 2284950168, ack 1603894047, win 65160, options [mss 1460,sackOK,nop,nop,nop,nop,nop,nop,nop,nop,nop,nop,nop,wscale 7], length 0
LAN 02:16:26.275256 IP (tos 0x0, ttl 128, id 42871, offset 0, flags [DF], proto TCP (6), length 52)
LAN     192.168.56.1.30603 > 20.64.189.4.443: Flags [S], cksum 0xcea8 (correct), seq 2619326739, win 65535, options [mss 1460,nop,wscale 8,nop,nop,sackOK], length 0
WAN 02:16:26.326890 IP (tos 0x0, ttl 111, id 9633, offset 0, flags [DF], proto TCP (6), length 60)
WAN     20.64.189.4.443 > 192.168.2.70.30603: Flags [S.], cksum 0xb1e1 (correct), seq 2459036379, ack 2619326740, win 65535, options [mss 1460,nop,wscale 8,sackOK,TS val 941358726 ecr 3394153729], length 0
LAN 02:16:26.327231 IP (tos 0x0, ttl 110, id 9633, offset 0, flags [DF], proto TCP (6), length 60)
LAN     20.64.189.4.443 > 192.168.56.1.30603: Flags [S.], cksum 0x2d1e (correct), seq 2459036379, ack 2619326740, win 65535, options [mss 1460,nop,wscale 8,sackOK,nop,nop,nop,nop,nop,nop,nop,nop,nop,nop], length 0
EST TCP_QUEUE; 2026-10-08-02:16:25; 1791425785.784754; 1791425785.784751; 1; 427; 0; 0
EST TCP_QUEUE; 2026-10-08-02:16:25; 1791425785.806408; 1791425785.806406; 1; 427; 0; 0
EST TCP_QUEUE; 2026-10-08-02:16:25; 1791425785.835118; 1791425785.835116; 1; 427; 0; 0
EST TCP_QUEUE; 2026-10-08-02:16:25; 1791425785.884273; 1791425785.884270; 1; 0; 0; 0
EST TCP_QUEUE; 2026-10-08-02:16:25; 1791425785.925206; 1791425785.925203; 1; 0; 0; 0
EST TCP_QUEUE; 2026-10-08-02:16:25; 1791425785.982675; 1791425785.982673; 1; 1152; 0; 0
EST TCP_QUEUE; 2026-10-08-02:16:26; 1791425786.038379; 1791425786.038376; 1; 1152; 0; 0
EST TCP_QUEUE; 2026-10-08-02:16:26; 1791425786.087532; 1791425786.087529; 0; 0; 0; 0
EST TCP_QUEUE; 2026-10-08-02:16:26; 1791425786.148051; 1791425786.148048; 1; 1678; 0; 0
EST TCP_QUEUE; 2026-10-08-02:16:26; 1791425786.200412; 1791425786.200408; 1; 1678; 0; 0
EST TCP_QUEUE; 2026-10-08-02:16:26; 1791425786.242624; 1791425786.242617; 1; 0; 0; 0
EST TCP_QUEUE; 2026-10-08-02:16:26; 1791425786.294212; 1791425786.294209; 1; 0; 0; 0
EST TCP_QUEUE; 2026-10-08-02:16:26; 1791425786.368162; 1791425786.368153; 1; 443; 0; 0
EST TCP_QUEUE; 2026-10-08-02:16:26; 1791425786.403665; 1791425786.403659; 1; 443; 0; 0
EST TCP_QUEUE; 2026-10-08-02:16:26; 1791425786.456255; 1791425786.456251; 1; 0; 0; 0
EST TCP_QUEUE; 2026-10-08-02:16:26; 1791425786.501913; 1791425786.501910; 1; 0; 0; 0
EST TCP_QUEUE; 2026-10-08-02:16:26; 1791425786.543599; 1791425786.543595; 1; 0; 0; 0
EST TCP_QUEUE; 2026-10-08-02:16:26; 1791425786.602712; 1791425786.602709; 1; 71; 0; 0
EST TCP_QUEUE; 2026-10-08-02:16:26; 1791425786.655781; 1791425786.655777; 1; 71; 0; 0
EST TCP_QUEUE; 2026-10-08-02:16:26; 1791425786.707677; 1791425786.707673; 1; 923; 0; 0
EST TCP_QUEUE; 2026-10-08-02:16:26; 1791425786.760207; 1791425786.760203; 1; 923; 0; 0
EST TCP_QUEUE; 2026-10-08-02:16:26; 1791425786.805817; 1791425786.805814; 1; 923; 0; 0
EST TCP_QUEUE; 2026-10-08-02:16:26; 1791425786.856614; 1791425786.856611; 1; 923; 0; 0
EST TCP_QUEUE; 2026-10-08-02:16:26; 1791425786.917559; 1791425786.917555; 0; 0; 0; 0
EST TCP_QUEUE; 2026-10-08-02:16:26; 1791425786.963564; 1791425786.963560; 0; 0; 0; 0
EST TCP_QUEUE; 2026-10-08-02:16:27; 1791425787.013854; 1791425787.013851; 0; 0; 0; 0
EST TCP_QUEUE; 2026-10-08-02:16:27; 1791425787.081825; 1791425787.081820; 1; 0; 0; 0
EST TCP_QUEUE; 2026-10-08-02:16:27; 1791425787.130684; 1791425787.130680; 1; 0; 0; 0
EST TCP_QUEUE; 2026-10-08-02:16:27; 1791425787.171562; 1791425787.171559; 1; 0; 0; 0
WAN 02:16:27.147170 IP (tos 0x0, ttl 127, id 32471, offset 0, flags [DF], proto TCP (6), length 64)
WAN     192.168.2.70.40925 > 150.171.110.151.443: Flags [S], cksum 0x4891 (correct), seq 1456911735, win 65535, options [mss 1460,nop,wscale 8,nop,nop,sackOK,nop,nop,TS val 3394153729 ecr 0], length 0
WAN 02:16:27.192798 IP (tos 0x0, ttl 49, id 0, offset 0, flags [DF], proto TCP (6), length 60)
WAN     150.171.110.151.443 > 192.168.2.70.40925: Flags [S.], cksum 0x8bda (correct), seq 2573438489, ack 1456911736, win 65535, options [mss 1440,sackOK,TS val 3729311992 ecr 3394153729,nop,wscale 9], length 0
LAN 02:16:27.146692 IP (tos 0x0, ttl 128, id 32471, offset 0, flags [DF], proto TCP (6), length 52)
LAN     192.168.56.1.40925 > 150.171.110.151.443: Flags [S], cksum 0xc33d (correct), seq 1456911735, win 65535, options [mss 1460,nop,wscale 8,nop,nop,sackOK], length 0
LAN 02:16:27.193088 IP (tos 0x0, ttl 48, id 0, offset 0, flags [DF], proto TCP (6), length 60)
LAN     150.171.110.151.443 > 192.168.56.1.40925: Flags [S.], cksum 0x77b6 (correct), seq 2573438489, ack 1456911736, win 65535, options [mss 1440,sackOK,nop,nop,nop,nop,nop,nop,nop,nop,nop,nop,nop,wscale 9], length 0
WAN 02:16:27.472157 IP (tos 0x0, ttl 127, id 1061, offset 0, flags [DF], proto TCP (6), length 64)
WAN     192.168.2.70.13668 > 150.171.110.145.443: Flags [S], cksum 0x6688 (correct), seq 330974492, win 65535, options [mss 1460,nop,wscale 8,nop,nop,sackOK,nop,nop,TS val 3394153729 ecr 0], length 0
LAN 02:16:27.471857 IP (tos 0x0, ttl 128, id 1061, offset 0, flags [DF], proto TCP (6), length 52)
LAN     192.168.56.1.13668 > 150.171.110.145.443: Flags [S], cksum 0xe134 (correct), seq 330974492, win 65535, options [mss 1460,nop,wscale 8,nop,nop,sackOK], length 0
WAN 02:16:27.516770 IP (tos 0x0, ttl 49, id 0, offset 0, flags [DF], proto TCP (6), length 60)
WAN     150.171.110.145.443 > 192.168.2.70.13668: Flags [S.], cksum 0x894b (correct), seq 354819705, ack 330974493, win 65535, options [mss 1440,sackOK,TS val 2663455972 ecr 3394153729,nop,wscale 9], length 0
LAN 02:16:27.517072 IP (tos 0x0, ttl 48, id 0, offset 0, flags [DF], proto TCP (6), length 60)
LAN     150.171.110.145.443 > 192.168.56.1.13668: Flags [S.], cksum 0x898b (correct), seq 354819705, ack 330974493, win 65535, options [mss 1440,sackOK,nop,nop,nop,nop,nop,nop,nop,nop,nop,nop,nop,wscale 9], length 0
EST TCP_QUEUE; 2026-10-08-02:16:27; 1791425787.231234; 1791425787.231231; 1; 0; 0; 0
EST TCP_QUEUE; 2026-10-08-02:16:27; 1791425787.285428; 1791425787.285424; 1; 244; 0; 0
EST TCP_QUEUE; 2026-10-08-02:16:27; 1791425787.339802; 1791425787.339790; 1; 244; 0; 0
EST TCP_QUEUE; 2026-10-08-02:16:27; 1791425787.388564; 1791425787.388560; 1; 1238; 0; 0
EST TCP_QUEUE; 2026-10-08-02:16:27; 1791425787.438519; 1791425787.438515; 1; 317; 0; 0
EST TCP_QUEUE; 2026-10-08-02:16:27; 1791425787.480014; 1791425787.480011; 1; 0; 0; 0
EST TCP_QUEUE; 2026-10-08-02:16:27; 1791425787.537737; 1791425787.537734; 1; 0; 0; 0
EST TCP_QUEUE; 2026-10-08-02:16:27; 1791425787.593507; 1791425787.593504; 1; 0; 0; 0
EST TCP_QUEUE; 2026-10-08-02:16:27; 1791425787.648583; 1791425787.648579; 1; 0; 0; 0
WAN 02:16:28.747291 IP (tos 0x0, ttl 127, id 11033, offset 0, flags [DF], proto TCP (6), length 64)
WAN     192.168.2.70.30827 > 94.140.14.14.5443: Flags [S], cksum 0xbd6c (correct), seq 1664213203, win 65535, options [mss 1460,nop,wscale 8,nop,nop,sackOK,nop,nop,TS val 3394153729 ecr 0], length 0
WAN 02:16:28.747568 IP (tos 0x0, ttl 127, id 11034, offset 0, flags [DF], proto TCP (6), length 64)
WAN     192.168.2.70.30826 > 94.140.14.14.5443: Flags [S], cksum 0x38ce (correct), seq 4029601909, win 65535, options [mss 1460,nop,wscale 8,nop,nop,sackOK,nop,nop,TS val 3394153729 ecr 0], length 0
WAN 02:16:28.778501 IP (tos 0x0, ttl 56, id 0, offset 0, flags [DF], proto TCP (6), length 60)
WAN     94.140.14.14.5443 > 192.168.2.70.30826: Flags [S.], cksum 0x6c18 (correct), seq 1171185768, ack 4029601910, win 43440, options [mss 1460,sackOK,TS val 3761974915 ecr 3394153729,nop,wscale 12], length 0
WAN 02:16:28.780120 IP (tos 0x0, ttl 57, id 0, offset 0, flags [DF], proto TCP (6), length 60)
WAN     94.140.14.14.5443 > 192.168.2.70.30827: Flags [S.], cksum 0xcd4c (correct), seq 1833431842, ack 1664213204, win 43440, options [mss 1460,sackOK,TS val 1788775767 ecr 3394153729,nop,wscale 12], length 0
LAN 02:16:28.747039 IP (tos 0x0, ttl 128, id 11033, offset 0, flags [DF], proto TCP (6), length 52)
LAN     192.168.56.1.30827 > 94.140.14.14.5443: Flags [S], cksum 0x3819 (correct), seq 1664213203, win 65535, options [mss 1460,nop,wscale 8,nop,nop,sackOK], length 0
LAN 02:16:28.747039 IP (tos 0x0, ttl 128, id 11034, offset 0, flags [DF], proto TCP (6), length 52)
LAN     192.168.56.1.30826 > 94.140.14.14.5443: Flags [S], cksum 0xb37a (correct), seq 4029601909, win 65535, options [mss 1460,nop,wscale 8,nop,nop,sackOK], length 0
LAN 02:16:28.778981 IP (tos 0x0, ttl 55, id 0, offset 0, flags [DF], proto TCP (6), length 60)
LAN     94.140.14.14.5443 > 192.168.56.1.30826: Flags [S.], cksum 0xbf71 (correct), seq 1171185768, ack 4029601910, win 43440, options [mss 1460,sackOK,nop,nop,nop,nop,nop,nop,nop,nop,nop,nop,nop,wscale 12], length 0
LAN 02:16:28.780488 IP (tos 0x0, ttl 56, id 0, offset 0, flags [DF], proto TCP (6), length 60)
LAN     94.140.14.14.5443 > 192.168.56.1.30827: Flags [S.], cksum 0x09dd (correct), seq 1833431842, ack 1664213204, win 43440, options [mss 1460,sackOK,nop,nop,nop,nop,nop,nop,nop,nop,nop,nop,nop,wscale 12], length 0
WAN 02:16:28.863703 IP (tos 0x0, ttl 127, id 46172, offset 0, flags [DF], proto TCP (6), length 64)
WAN     192.168.2.70.17515 > 150.171.110.152.443: Flags [S], cksum 0x2b41 (correct), seq 3773801503, win 65535, options [mss 1460,nop,wscale 8,nop,nop,sackOK,nop,nop,TS val 3394153729 ecr 0], length 0
LAN 02:16:28.863493 IP (tos 0x0, ttl 128, id 46172, offset 0, flags [DF], proto TCP (6), length 52)
LAN     192.168.56.1.17515 > 150.171.110.152.443: Flags [S], cksum 0xa5ed (correct), seq 3773801503, win 65535, options [mss 1460,nop,wscale 8,nop,nop,sackOK], length 0
WAN 02:16:28.908676 IP (tos 0x0, ttl 49, id 0, offset 0, flags [DF], proto TCP (6), length 60)
WAN     150.171.110.152.443 > 192.168.2.70.17515: Flags [S.], cksum 0xee44 (correct), seq 3040933171, ack 3773801504, win 65535, options [mss 1440,sackOK,TS val 560235307 ecr 3394153729,nop,wscale 9], length 0
LAN 02:16:28.909126 IP (tos 0x0, ttl 48, id 0, offset 0, flags [DF], proto TCP (6), length 60)
LAN     150.171.110.152.443 > 192.168.56.1.17515: Flags [S.], cksum 0xd76e (correct), seq 3040933171, ack 3773801504, win 65535, options [mss 1440,sackOK,nop,nop,nop,nop,nop,nop,nop,nop,nop,nop,nop,wscale 9], length 0
EST TCP_QUEUE; 2026-10-08-02:16:27; 1791425787.700656; 1791425787.700654; 1; 0; 0; 0
EST TCP_QUEUE; 2026-10-08-02:16:27; 1791425787.748822; 1791425787.748819; 1; 0; 0; 0
EST TCP_QUEUE; 2026-10-08-02:16:27; 1791425787.791632; 1791425787.791628; 1; 353; 0; 0
EST TCP_QUEUE; 2026-10-08-02:16:27; 1791425787.851751; 1791425787.851747; 1; 353; 0; 0
EST TCP_QUEUE; 2026-10-08-02:16:27; 1791425787.909804; 1791425787.909801; 1; 353; 0; 0
EST TCP_QUEUE; 2026-10-08-02:16:27; 1791425787.961408; 1791425787.961405; 1; 353; 0; 0
EST TCP_QUEUE; 2026-10-08-02:16:28; 1791425788.014410; 1791425788.014406; 1; 230; 0; 0
EST TCP_QUEUE; 2026-10-08-02:16:28; 1791425788.065557; 1791425788.065554; 1; 230; 0; 0
EST TCP_QUEUE; 2026-10-08-02:16:28; 1791425788.107996; 1791425788.107993; 1; 0; 0; 0
EST TCP_QUEUE; 2026-10-08-02:16:28; 1791425788.173582; 1791425788.173579; 1; 0; 0; 0
EST TCP_QUEUE; 2026-10-08-02:16:28; 1791425788.229744; 1791425788.229740; 1; 0; 0; 0
EST TCP_QUEUE; 2026-10-08-02:16:28; 1791425788.281949; 1791425788.281946; 1; 716; 0; 0
EST TCP_QUEUE; 2026-10-08-02:16:28; 1791425788.336366; 1791425788.336363; 1; 716; 0; 0
EST TCP_QUEUE; 2026-10-08-02:16:28; 1791425788.382394; 1791425788.382391; 1; 258; 0; 0
EST TCP_QUEUE; 2026-10-08-02:16:28; 1791425788.426235; 1791425788.426232; 1; 258; 0; 0
EST TCP_QUEUE; 2026-10-08-02:16:28; 1791425788.484516; 1791425788.484514; 1; 277; 0; 0
EST TCP_QUEUE; 2026-10-08-02:16:28; 1791425788.543566; 1791425788.543563; 1; 277; 0; 0
EST TCP_QUEUE; 2026-10-08-02:16:28; 1791425788.598754; 1791425788.598752; 1; 644; 0; 0
EST TCP_QUEUE; 2026-10-08-02:16:28; 1791425788.654222; 1791425788.654219; 1; 162; 0; 0
WAN 02:16:29.227886 IP (tos 0x0, ttl 127, id 11046, offset 0, flags [DF], proto TCP (6), length 64)
WAN     192.168.2.70.47386 > 94.140.14.14.5443: Flags [S], cksum 0x8b83 (correct), seq 640159511, win 65535, options [mss 1460,nop,wscale 8,nop,nop,sackOK,nop,nop,TS val 3394153729 ecr 0], length 0
WAN 02:16:29.228246 IP (tos 0x0, ttl 127, id 11045, offset 0, flags [DF], proto TCP (6), length 64)
WAN     192.168.2.70.47387 > 94.140.14.14.5443: Flags [S], cksum 0x11bb (correct), seq 2314347796, win 65535, options [mss 1460,nop,wscale 8,nop,nop,sackOK,nop,nop,TS val 3394153729 ecr 0], length 0
LAN 02:16:29.227533 IP (tos 0x0, ttl 128, id 11046, offset 0, flags [DF], proto TCP (6), length 52)
LAN     192.168.56.1.47386 > 94.140.14.14.5443: Flags [S], cksum 0x0630 (correct), seq 640159511, win 65535, options [mss 1460,nop,wscale 8,nop,nop,sackOK], length 0
LAN 02:16:29.227534 IP (tos 0x0, ttl 128, id 11045, offset 0, flags [DF], proto TCP (6), length 52)
LAN     192.168.56.1.47387 > 94.140.14.14.5443: Flags [S], cksum 0x8c67 (correct), seq 2314347796, win 65535, options [mss 1460,nop,wscale 8,nop,nop,sackOK], length 0
LAN 02:16:29.260367 IP (tos 0x0, ttl 55, id 0, offset 0, flags [DF], proto TCP (6), length 60)
LAN     94.140.14.14.5443 > 192.168.56.1.47386: Flags [S.], cksum 0xef50 (correct), seq 2973079511, ack 640159512, win 43440, options [mss 1460,sackOK,nop,nop,nop,nop,nop,nop,nop,nop,nop,nop,nop,wscale 12], length 0
LAN 02:16:29.260580 IP (tos 0x0, ttl 55, id 0, offset 0, flags [DF], proto TCP (6), length 60)
LAN     94.140.14.14.5443 > 192.168.56.1.47387: Flags [S.], cksum 0xd661 (correct), seq 704101948, ack 2314347797, win 43440, options [mss 1460,sackOK,nop,nop,nop,nop,nop,nop,nop,nop,nop,nop,nop,wscale 12], length 0
WAN 02:16:29.260002 IP (tos 0x0, ttl 56, id 0, offset 0, flags [DF], proto TCP (6), length 60)
WAN     94.140.14.14.5443 > 192.168.2.70.47386: Flags [S.], cksum 0x360a (correct), seq 2973079511, ack 640159512, win 43440, options [mss 1460,sackOK,TS val 2967978948 ecr 3394153729,nop,wscale 12], length 0
WAN 02:16:29.260002 IP (tos 0x0, ttl 56, id 0, offset 0, flags [DF], proto TCP (6), length 60)
WAN     94.140.14.14.5443 > 192.168.2.70.47387: Flags [S.], cksum 0x617d (correct), seq 704101948, ack 2314347797, win 43440, options [mss 1460,sackOK,TS val 1871560892 ecr 3394153729,nop,wscale 12], length 0
WAN 02:16:29.392077 IP (tos 0x0, ttl 127, id 3196, offset 0, flags [DF], proto TCP (6), length 64)
WAN     192.168.2.70.46704 > 184.30.153.127.443: Flags [S], cksum 0x0da6 (correct), seq 570212942, win 65535, options [mss 1460,nop,wscale 8,nop,nop,sackOK,nop,nop,TS val 3394153729 ecr 0], length 0
WAN 02:16:29.392314 IP (tos 0x0, ttl 127, id 3197, offset 0, flags [DF], proto TCP (6), length 64)
WAN     192.168.2.70.62463 > 184.30.153.127.443: Flags [S], cksum 0xcf72 (correct), seq 3604549141, win 65535, options [mss 1460,nop,wscale 8,nop,nop,sackOK,nop,nop,TS val 3394153729 ecr 0], length 0
LAN 02:16:29.391471 IP (tos 0x0, ttl 128, id 3196, offset 0, flags [DF], proto TCP (6), length 52)
LAN     192.168.56.1.46704 > 184.30.153.127.443: Flags [S], cksum 0x8852 (correct), seq 570212942, win 65535, options [mss 1460,nop,wscale 8,nop,nop,sackOK], length 0
LAN 02:16:29.391806 IP (tos 0x0, ttl 128, id 3197, offset 0, flags [DF], proto TCP (6), length 52)
LAN     192.168.56.1.62463 > 184.30.153.127.443: Flags [S], cksum 0x4a1f (correct), seq 3604549141, win 65535, options [mss 1460,nop,wscale 8,nop,nop,sackOK], length 0
WAN 02:16:29.422083 IP (tos 0x0, ttl 55, id 0, offset 0, flags [DF], proto TCP (6), length 60)
WAN     184.30.153.127.443 > 192.168.2.70.46704: Flags [S.], cksum 0xb173 (correct), seq 3238802534, ack 570212943, win 65160, options [mss 1460,sackOK,TS val 816990586 ecr 3394153729,nop,wscale 7], length 0
WAN 02:16:29.422083 IP (tos 0x0, ttl 55, id 0, offset 0, flags [DF], proto TCP (6), length 60)
WAN     184.30.153.127.443 > 192.168.2.70.62463: Flags [S.], cksum 0x536b (correct), seq 3238614078, ack 3604549142, win 65160, options [mss 1460,sackOK,TS val 816990586 ecr 3394153729,nop,wscale 7], length 0
WAN 02:16:29.434841 IP (tos 0x0, ttl 127, id 11057, offset 0, flags [DF], proto TCP (6), length 64)
WAN     192.168.2.70.6212 > 94.140.14.14.5443: Flags [S], cksum 0xb3c5 (correct), seq 1099000914, win 65535, options [mss 1460,nop,wscale 8,nop,nop,sackOK,nop,nop,TS val 3394153729 ecr 0], length 0
WAN 02:16:29.435125 IP (tos 0x0, ttl 127, id 11058, offset 0, flags [DF], proto TCP (6), length 64)
WAN     192.168.2.70.6213 > 94.140.14.14.5443: Flags [S], cksum 0x765a (correct), seq 3453754721, win 65535, options [mss 1460,nop,wscale 8,nop,nop,sackOK,nop,nop,TS val 3394153729 ecr 0], length 0
WAN 02:16:29.466904 IP (tos 0x0, ttl 57, id 0, offset 0, flags [DF], proto TCP (6), length 60)
WAN     94.140.14.14.5443 > 192.168.2.70.6213: Flags [S.], cksum 0x9cfb (correct), seq 4062139497, ack 3453754722, win 43440, options [mss 1460,sackOK,TS val 2477352812 ecr 3394153729,nop,wscale 12], length 0
WAN 02:16:29.466904 IP (tos 0x0, ttl 56, id 0, offset 0, flags [DF], proto TCP (6), length 60)
WAN     94.140.14.14.5443 > 192.168.2.70.6212: Flags [S.], cksum 0x4288 (correct), seq 2138432438, ack 1099000915, win 43440, options [mss 1460,sackOK,TS val 3602554774 ecr 3394153729,nop,wscale 12], length 0
WAN 02:16:29.494141 IP (tos 0x0, ttl 127, id 3208, offset 0, flags [DF], proto TCP (6), length 64)
WAN     192.168.2.70.49166 > 184.30.153.127.443: Flags [S], cksum 0xfa9e (correct), seq 1190504126, win 65535, options [mss 1460,nop,wscale 8,nop,nop,sackOK,nop,nop,TS val 3394153729 ecr 0], length 0
LAN 02:16:29.422483 IP (tos 0x0, ttl 54, id 0, offset 0, flags [DF], proto TCP (6), length 60)
LAN     184.30.153.127.443 > 192.168.56.1.46704: Flags [S.], cksum 0x703a (correct), seq 3238802534, ack 570212943, win 65160, options [mss 1460,sackOK,nop,nop,nop,nop,nop,nop,nop,nop,nop,nop,nop,wscale 7], length 0
LAN 02:16:29.422755 IP (tos 0x0, ttl 54, id 0, offset 0, flags [DF], proto TCP (6), length 60)
LAN     184.30.153.127.443 > 192.168.56.1.62463: Flags [S.], cksum 0x1232 (correct), seq 3238614078, ack 3604549142, win 65160, options [mss 1460,sackOK,nop,nop,nop,nop,nop,nop,nop,nop,nop,nop,nop,wscale 7], length 0
LAN 02:16:29.434134 IP (tos 0x0, ttl 128, id 11057, offset 0, flags [DF], proto TCP (6), length 52)
LAN     192.168.56.1.6212 > 94.140.14.14.5443: Flags [S], cksum 0x2e72 (correct), seq 1099000914, win 65535, options [mss 1460,nop,wscale 8,nop,nop,sackOK], length 0
LAN 02:16:29.434134 IP (tos 0x0, ttl 128, id 11058, offset 0, flags [DF], proto TCP (6), length 52)
LAN     192.168.56.1.6213 > 94.140.14.14.5443: Flags [S], cksum 0xf106 (correct), seq 3453754721, win 65535, options [mss 1460,nop,wscale 8,nop,nop,sackOK], length 0
LAN 02:16:29.467266 IP (tos 0x0, ttl 56, id 0, offset 0, flags [DF], proto TCP (6), length 60)
LAN     94.140.14.14.5443 > 192.168.56.1.6213: Flags [S.], cksum 0xdcab (correct), seq 4062139497, ack 3453754722, win 43440, options [mss 1460,sackOK,nop,nop,nop,nop,nop,nop,nop,nop,nop,nop,nop,wscale 12], length 0
LAN 02:16:29.467483 IP (tos 0x0, ttl 55, id 0, offset 0, flags [DF], proto TCP (6), length 60)
LAN     94.140.14.14.5443 > 192.168.56.1.6212: Flags [S.], cksum 0xfd73 (correct), seq 2138432438, ack 1099000915, win 43440, options [mss 1460,sackOK,nop,nop,nop,nop,nop,nop,nop,nop,nop,nop,nop,wscale 12], length 0
LAN 02:16:29.492665 IP (tos 0x0, ttl 128, id 3208, offset 0, flags [DF], proto TCP (6), length 52)
LAN     192.168.56.1.49166 > 184.30.153.127.443: Flags [S], cksum 0x754b (correct), seq 1190504126, win 65535, options [mss 1460,nop,wscale 8,nop,nop,sackOK], length 0
WAN 02:16:29.527466 IP (tos 0x0, ttl 127, id 46185, offset 0, flags [DF], proto TCP (6), length 64)
WAN     192.168.2.70.18350 > 150.171.110.152.443: Flags [S], cksum 0xb041 (correct), seq 3833665610, win 65535, options [mss 1460,nop,wscale 8,nop,nop,sackOK,nop,nop,TS val 3394153729 ecr 0], length 0
WAN 02:16:29.529845 IP (tos 0x0, ttl 55, id 0, offset 0, flags [DF], proto TCP (6), length 60)
WAN     184.30.153.127.443 > 192.168.2.70.49166: Flags [S.], cksum 0xe8aa (correct), seq 3227183725, ack 1190504127, win 65160, options [mss 1460,sackOK,TS val 816990694 ecr 3394153729,nop,wscale 7], length 0
WAN 02:16:29.571872 IP (tos 0x0, ttl 48, id 0, offset 0, flags [DF], proto TCP (6), length 60)
WAN     150.171.110.152.443 > 192.168.2.70.18350: Flags [S.], cksum 0x8ab7 (correct), seq 1085200587, ack 3833665611, win 65535, options [mss 1440,sackOK,TS val 4116129984 ecr 3394153729,nop,wscale 9], length 0
LAN 02:16:29.527064 IP (tos 0x0, ttl 128, id 46185, offset 0, flags [DF], proto TCP (6), length 52)
LAN     192.168.56.1.18350 > 150.171.110.152.443: Flags [S], cksum 0x2aee (correct), seq 3833665610, win 65535, options [mss 1460,nop,wscale 8,nop,nop,sackOK], length 0
LAN 02:16:29.530233 IP (tos 0x0, ttl 54, id 0, offset 0, flags [DF], proto TCP (6), length 60)
LAN     184.30.153.127.443 > 192.168.56.1.49166: Flags [S.], cksum 0xa7dd (correct), seq 3227183725, ack 1190504127, win 65160, options [mss 1460,sackOK,nop,nop,nop,nop,nop,nop,nop,nop,nop,nop,nop,wscale 7], length 0
LAN 02:16:29.572246 IP (tos 0x0, ttl 47, id 0, offset 0, flags [DF], proto TCP (6), length 60)
LAN     150.171.110.152.443 > 192.168.56.1.18350: Flags [S.], cksum 0xed69 (correct), seq 1085200587, ack 3833665611, win 65535, options [mss 1440,sackOK,nop,nop,nop,nop,nop,nop,nop,nop,nop,nop,nop,wscale 9], length 0
WAN 02:16:29.871716 IP (tos 0x0, ttl 127, id 33037, offset 0, flags [DF], proto TCP (6), length 64)
WAN     192.168.2.70.21401 > 13.64.100.194.443: Flags [S], cksum 0x6982 (correct), seq 1777033462, win 65535, options [mss 1460,nop,wscale 8,nop,nop,sackOK,nop,nop,TS val 3394153729 ecr 0], length 0
WAN 02:16:29.872179 IP (tos 0x0, ttl 127, id 33038, offset 0, flags [DF], proto TCP (6), length 64)
WAN     192.168.2.70.41319 > 13.64.100.194.443: Flags [S], cksum 0xbb9a (correct), seq 1054534688, win 65535, options [mss 1460,nop,wscale 8,nop,nop,sackOK,nop,nop,TS val 3394153729 ecr 0], length 0
LAN 02:16:29.870607 IP (tos 0x0, ttl 128, id 33037, offset 0, flags [DF], proto TCP (6), length 52)
LAN     192.168.56.1.21401 > 13.64.100.194.443: Flags [S], cksum 0xe42e (correct), seq 1777033462, win 65535, options [mss 1460,nop,wscale 8,nop,nop,sackOK], length 0
LAN 02:16:29.871206 IP (tos 0x0, ttl 128, id 33038, offset 0, flags [DF], proto TCP (6), length 52)
LAN     192.168.56.1.41319 > 13.64.100.194.443: Flags [S], cksum 0x3647 (correct), seq 1054534688, win 65535, options [mss 1460,nop,wscale 8,nop,nop,sackOK], length 0
WAN 02:16:29.926475 IP (tos 0x0, ttl 111, id 51239, offset 0, flags [DF], proto TCP (6), length 60)
WAN     13.64.100.194.443 > 192.168.2.70.41319: Flags [S.], cksum 0x4316 (correct), seq 2163400634, ack 1054534689, win 65535, options [mss 1440,nop,wscale 8,sackOK,TS val 1034218555 ecr 3394153729], length 0
WAN 02:16:29.932759 IP (tos 0x0, ttl 112, id 51238, offset 0, flags [DF], proto TCP (6), length 60)
WAN     13.64.100.194.443 > 192.168.2.70.21401: Flags [S.], cksum 0x0bde (correct), seq 380645149, ack 1777033463, win 65535, options [mss 1440,nop,wscale 8,sackOK,TS val 1034218555 ecr 3394153729], length 0
LAN 02:16:29.927165 IP (tos 0x0, ttl 110, id 51239, offset 0, flags [DF], proto TCP (6), length 60)
LAN     13.64.100.194.443 > 192.168.56.1.41319: Flags [S.], cksum 0xb190 (correct), seq 2163400634, ack 1054534689, win 65535, options [mss 1440,nop,wscale 8,sackOK,nop,nop,nop,nop,nop,nop,nop,nop,nop,nop], length 0
LAN 02:16:29.933837 IP (tos 0x0, ttl 111, id 51238, offset 0, flags [DF], proto TCP (6), length 60)
LAN     13.64.100.194.443 > 192.168.56.1.21401: Flags [S.], cksum 0x7a58 (correct), seq 380645149, ack 1777033463, win 65535, options [mss 1440,nop,wscale 8,sackOK,nop,nop,nop,nop,nop,nop,nop,nop,nop,nop], length 0
EST TCP_QUEUE; 2026-10-08-02:16:28; 1791425788.703658; 1791425788.703653; 1; 0; 0; 0
EST TCP_QUEUE; 2026-10-08-02:16:28; 1791425788.746002; 1791425788.745998; 1; 0; 0; 0
EST TCP_QUEUE; 2026-10-08-02:16:28; 1791425788.802804; 1791425788.802802; 1; 0; 0; 0
EST TCP_QUEUE; 2026-10-08-02:16:28; 1791425788.859290; 1791425788.859287; 1; 99; 0; 0
EST TCP_QUEUE; 2026-10-08-02:16:28; 1791425788.912068; 1791425788.912063; 1; 99; 0; 0
EST TCP_QUEUE; 2026-10-08-02:16:28; 1791425788.966315; 1791425788.966275; 1; 99; 0; 0
EST TCP_QUEUE; 2026-10-08-02:16:29; 1791425789.012677; 1791425789.012673; 1; 0; 0; 0
EST TCP_QUEUE; 2026-10-08-02:16:29; 1791425789.054645; 1791425789.054642; 1; 0; 0; 0
EST TCP_QUEUE; 2026-10-08-02:16:29; 1791425789.113347; 1791425789.113344; 1; 0; 0; 0
EST TCP_QUEUE; 2026-10-08-02:16:29; 1791425789.167395; 1791425789.167392; 1; 312; 0; 0
EST TCP_QUEUE; 2026-10-08-02:16:29; 1791425789.222186; 1791425789.222182; 1; 312; 0; 0
EST TCP_QUEUE; 2026-10-08-02:16:29; 1791425789.274250; 1791425789.274247; 0; 0; 0; 0
EST TCP_QUEUE; 2026-10-08-02:16:29; 1791425789.319951; 1791425789.319948; 1; 249; 0; 0
EST TCP_QUEUE; 2026-10-08-02:16:29; 1791425789.364197; 1791425789.364195; 1; 249; 0; 0
EST TCP_QUEUE; 2026-10-08-02:16:29; 1791425789.421496; 1791425789.421493; 1; 249; 0; 0
EST TCP_QUEUE; 2026-10-08-02:16:29; 1791425789.478697; 1791425789.478694; 0; 0; 0; 0
EST TCP_QUEUE; 2026-10-08-02:16:29; 1791425789.527286; 1791425789.527283; 1; 1105; 0; 0
EST TCP_QUEUE; 2026-10-08-02:16:29; 1791425789.581833; 1791425789.581829; 1; 0; 0; 0
EST TCP_QUEUE; 2026-10-08-02:16:29; 1791425789.630418; 1791425789.630414; 1; 0; 0; 0
EST TCP_QUEUE; 2026-10-08-02:16:29; 1791425789.672863; 1791425789.672861; 0; 0; 0; 0
EST TCP_QUEUE; 2026-10-08-02:16:29; 1791425789.733314; 1791425789.733311; 0; 0; 0; 0
EST TCP_QUEUE; 2026-10-08-02:16:29; 1791425789.789114; 1791425789.789112; 0; 0; 0; 0
EST TCP_QUEUE; 2026-10-08-02:16:29; 1791425789.840556; 1791425789.840553; 0; 0; 0; 0
EST TCP_QUEUE; 2026-10-08-02:16:29; 1791425789.893700; 1791425789.893698; 0; 0; 0; 0
EST TCP_QUEUE; 2026-10-08-02:16:29; 1791425789.941755; 1791425789.941752; 1; 2604; 0; 0
EST TCP_QUEUE; 2026-10-08-02:16:29; 1791425789.985274; 1791425789.985269; 1; 2604; 0; 0
EST TCP_QUEUE; 2026-10-08-02:16:30; 1791425790.050186; 1791425790.050183; 1; 2604; 0; 0
EST TCP_QUEUE; 2026-10-08-02:16:30; 1791425790.103355; 1791425790.103347; 0; 0; 0; 0
EST TCP_QUEUE; 2026-10-08-02:16:30; 1791425790.151003; 1791425790.151001; 0; 0; 0; 0
WAN 02:16:30.547617 IP (tos 0x0, ttl 55, id 0, offset 0, flags [DF], proto TCP (6), length 60)
WAN     184.30.153.127.443 > 192.168.2.70.49166: Flags [S.], cksum 0xe4af (correct), seq 3227183725, ack 1190504127, win 65160, options [mss 1460,sackOK,TS val 816991713 ecr 3394153729,nop,wscale 7], length 0
LAN 02:16:30.547920 IP (tos 0x0, ttl 54, id 0, offset 0, flags [DF], proto TCP (6), length 60)
LAN     184.30.153.127.443 > 192.168.56.1.49166: Flags [S.], cksum 0xa7dd (correct), seq 3227183725, ack 1190504127, win 65160, options [mss 1460,sackOK,nop,nop,nop,nop,nop,nop,nop,nop,nop,nop,nop,wscale 7], length 0
WAN 02:16:31.149144 IP (tos 0x0, ttl 127, id 19091, offset 0, flags [DF], proto TCP (6), length 64)
WAN     192.168.2.70.5516 > 104.18.125.108.443: Flags [S], cksum 0x4674 (correct), seq 3993750132, win 65535, options [mss 1460,nop,wscale 8,nop,nop,sackOK,nop,nop,TS val 3394153729 ecr 0], length 0
WAN 02:16:31.185424 IP (tos 0x0, ttl 56, id 0, offset 0, flags [DF], proto TCP (6), length 60)
WAN     104.18.125.108.443 > 192.168.2.70.5516: Flags [S.], cksum 0x02bc (correct), seq 2661280928, ack 3993750133, win 65535, options [mss 1400,sackOK,TS val 738107045 ecr 3394153729,nop,wscale 13], length 0
WAN 02:16:31.186147 IP (tos 0x0, ttl 127, id 32485, offset 0, flags [DF], proto TCP (6), length 64)
WAN     192.168.2.70.36214 > 150.171.110.151.443: Flags [S], cksum 0x44b8 (correct), seq 1723055066, win 65535, options [mss 1460,nop,wscale 8,nop,nop,sackOK,nop,nop,TS val 3394153729 ecr 0], length 0
EST TCP_QUEUE; 2026-10-08-02:16:30; 1791425790.203832; 1791425790.203829; 0; 0; 0; 0
EST TCP_QUEUE; 2026-10-08-02:16:30; 1791425790.251451; 1791425790.251448; 0; 0; 0; 0
EST TCP_QUEUE; 2026-10-08-02:16:30; 1791425790.295494; 1791425790.295492; 0; 0; 0; 0
EST TCP_QUEUE; 2026-10-08-02:16:30; 1791425790.360592; 1791425790.360590; 1; 0; 0; 0
EST TCP_QUEUE; 2026-10-08-02:16:30; 1791425790.410865; 1791425790.410862; 1; 0; 0; 0
EST TCP_QUEUE; 2026-10-08-02:16:30; 1791425790.463694; 1791425790.463690; 1; 0; 0; 0
EST TCP_QUEUE; 2026-10-08-02:16:30; 1791425790.515581; 1791425790.515578; 1; 699; 0; 0
EST TCP_QUEUE; 2026-10-08-02:16:30; 1791425790.561545; 1791425790.561543; 1; 699; 0; 0
EST TCP_QUEUE; 2026-10-08-02:16:30; 1791425790.612581; 1791425790.612578; 0; 0; 0; 0
EST TCP_QUEUE; 2026-10-08-02:16:30; 1791425790.666221; 1791425790.666217; 0; 0; 0; 0
LAN 02:16:31.148691 IP (tos 0x0, ttl 128, id 19091, offset 0, flags [DF], proto TCP (6), length 52)
LAN     192.168.56.1.5516 > 104.18.125.108.443: Flags [S], cksum 0xc120 (correct), seq 3993750132, win 65535, options [mss 1460,nop,wscale 8,nop,nop,sackOK], length 0
LAN 02:16:31.185695 IP (tos 0x0, ttl 128, id 32485, offset 0, flags [DF], proto TCP (6), length 52)
LAN     192.168.56.1.36214 > 150.171.110.151.443: Flags [S], cksum 0xbf64 (correct), seq 1723055066, win 65535, options [mss 1460,nop,wscale 8,nop,nop,sackOK], length 0
LAN 02:16:31.186143 IP (tos 0x0, ttl 55, id 0, offset 0, flags [DF], proto TCP (6), length 60)
LAN     104.18.125.108.443 > 192.168.56.1.5516: Flags [S.], cksum 0x11fa (correct), seq 2661280928, ack 3993750133, win 65535, options [mss 1400,sackOK,nop,nop,nop,nop,nop,nop,nop,nop,nop,nop,nop,wscale 13], length 0
WAN 02:16:31.236673 IP (tos 0x0, ttl 49, id 0, offset 0, flags [DF], proto TCP (6), length 60)
WAN     150.171.110.151.443 > 192.168.2.70.36214: Flags [S.], cksum 0xbff8 (correct), seq 2917642907, ack 1723055067, win 65535, options [mss 1440,sackOK,TS val 2525667257 ecr 3394153729,nop,wscale 9], length 0
LAN 02:16:31.236998 IP (tos 0x0, ttl 48, id 0, offset 0, flags [DF], proto TCP (6), length 60)
LAN     150.171.110.151.443 > 192.168.56.1.36214: Flags [S.], cksum 0x3ad7 (correct), seq 2917642907, ack 1723055067, win 65535, options [mss 1440,sackOK,nop,nop,nop,nop,nop,nop,nop,nop,nop,nop,nop,wscale 9], length 0
EST TCP_QUEUE; 2026-10-08-02:16:30; 1791425790.726436; 1791425790.726433; 0; 0; 0; 0
EST TCP_QUEUE; 2026-10-08-02:16:30; 1791425790.778103; 1791425790.778100; 1; 28; 0; 0
EST TCP_QUEUE; 2026-10-08-02:16:30; 1791425790.836698; 1791425790.836694; 1; 28; 0; 0
EST TCP_QUEUE; 2026-10-08-02:16:30; 1791425790.882456; 1791425790.882453; 0; 0; 0; 0
EST TCP_QUEUE; 2026-10-08-02:16:30; 1791425790.926428; 1791425790.926426; 0; 0; 0; 0
EST TCP_QUEUE; 2026-10-08-02:16:30; 1791425790.984762; 1791425790.984759; 0; 0; 0; 0
EST TCP_QUEUE; 2026-10-08-02:16:31; 1791425791.039971; 1791425791.039968; 1; 0; 0; 0
EST TCP_QUEUE; 2026-10-08-02:16:31; 1791425791.092365; 1791425791.092362; 1; 187; 0; 0
EST TCP_QUEUE; 2026-10-08-02:16:31; 1791425791.146992; 1791425791.146985; 1; 0; 0; 0
EST TCP_QUEUE; 2026-10-08-02:16:31; 1791425791.192624; 1791425791.192622; 1; 0; 0; 0
EST TCP_QUEUE; 2026-10-08-02:16:31; 1791425791.236285; 1791425791.236280; 1; 0; 0; 0
EST TCP_QUEUE; 2026-10-08-02:16:31; 1791425791.293807; 1791425791.293806; 1; 307; 0; 0
EST TCP_QUEUE; 2026-10-08-02:16:31; 1791425791.348439; 1791425791.348434; 1; 307; 0; 0
EST TCP_QUEUE; 2026-10-08-02:16:31; 1791425791.398645; 1791425791.398643; 1; 307; 0; 0
EST TCP_QUEUE; 2026-10-08-02:16:31; 1791425791.456960; 1791425791.456957; 1; 307; 0; 0
EST TCP_QUEUE; 2026-10-08-02:16:31; 1791425791.504993; 1791425791.504990; 1; 1343; 0; 0
EST TCP_QUEUE; 2026-10-08-02:16:31; 1791425791.556507; 1791425791.556504; 1; 1343; 0; 0
EST TCP_QUEUE; 2026-10-08-02:16:31; 1791425791.616172; 1791425791.616169; 0; 0; 0; 0
EST TCP_QUEUE; 2026-10-08-02:16:31; 1791425791.678066; 1791425791.678063; 0; 0; 0; 0
EST TCP_QUEUE; 2026-10-08-02:16:31; 1791425791.720462; 1791425791.720458; 0; 0; 0; 0
EST TCP_QUEUE; 2026-10-08-02:16:31; 1791425791.775180; 1791425791.775178; 0; 0; 0; 0
EST TCP_QUEUE; 2026-10-08-02:16:31; 1791425791.820933; 1791425791.820930; 0; 0; 0; 0
EST TCP_QUEUE; 2026-10-08-02:16:31; 1791425791.864481; 1791425791.864478; 0; 0; 0; 0
EST TCP_QUEUE; 2026-10-08-02:16:31; 1791425791.924671; 1791425791.924667; 0; 0; 0; 0
EST TCP_QUEUE; 2026-10-08-02:16:31; 1791425791.978746; 1791425791.978743; 0; 0; 0; 0
EST TCP_QUEUE; 2026-10-08-02:16:32; 1791425792.033242; 1791425792.033239; 0; 0; 0; 0
EST TCP_QUEUE; 2026-10-08-02:16:32; 1791425792.085862; 1791425792.085860; 1; 0; 0; 0
EST TCP_QUEUE; 2026-10-08-02:16:32; 1791425792.133454; 1791425792.133451; 1; 0; 0; 0
EST TCP_QUEUE; 2026-10-08-02:16:32; 1791425792.180351; 1791425792.180348; 0; 0; 0; 0
WAN 02:16:32.596650 IP (tos 0x0, ttl 55, id 0, offset 0, flags [DF], proto TCP (6), length 60)
WAN     184.30.153.127.443 > 192.168.2.70.49166: Flags [S.], cksum 0xdcae (correct), seq 3227183725, ack 1190504127, win 65160, options [mss 1460,sackOK,TS val 816993762 ecr 3394153729,nop,wscale 7], length 0
LAN 02:16:32.597053 IP (tos 0x0, ttl 54, id 0, offset 0, flags [DF], proto TCP (6), length 60)
LAN     184.30.153.127.443 > 192.168.56.1.49166: Flags [S.], cksum 0xa7dd (correct), seq 3227183725, ack 1190504127, win 65160, options [mss 1460,sackOK,nop,nop,nop,nop,nop,nop,nop,nop,nop,nop,nop,wscale 7], length 0
EST TCP_QUEUE; 2026-10-08-02:16:32; 1791425792.238516; 1791425792.238513; 0; 0; 0; 0
EST TCP_QUEUE; 2026-10-08-02:16:32; 1791425792.292559; 1791425792.292556; 0; 0; 0; 0
EST TCP_QUEUE; 2026-10-08-02:16:32; 1791425792.341246; 1791425792.341243; 0; 0; 0; 0
EST TCP_QUEUE; 2026-10-08-02:16:32; 1791425792.397461; 1791425792.397458; 0; 0; 0; 0
EST TCP_QUEUE; 2026-10-08-02:16:32; 1791425792.443562; 1791425792.443559; 0; 0; 0; 0
EST TCP_QUEUE; 2026-10-08-02:16:32; 1791425792.485398; 1791425792.485394; 1; 259; 0; 0
EST TCP_QUEUE; 2026-10-08-02:16:32; 1791425792.550610; 1791425792.550607; 1; 259; 0; 0
EST TCP_QUEUE; 2026-10-08-02:16:32; 1791425792.605380; 1791425792.605377; 0; 0; 0; 0
EST TCP_QUEUE; 2026-10-08-02:16:32; 1791425792.657481; 1791425792.657478; 0; 0; 0; 0
EST TCP_QUEUE; 2026-10-08-02:16:32; 1791425792.717708; 1791425792.717706; 0; 0; 0; 0
EST TCP_QUEUE; 2026-10-08-02:16:32; 1791425792.757928; 1791425792.757925; 0; 0; 0; 0
EST TCP_QUEUE; 2026-10-08-02:16:32; 1791425792.803117; 1791425792.803115; 0; 0; 0; 0
EST TCP_QUEUE; 2026-10-08-02:16:32; 1791425792.872385; 1791425792.872382; 0; 0; 0; 0
EST TCP_QUEUE; 2026-10-08-02:16:32; 1791425792.928583; 1791425792.928579; 0; 0; 0; 0
EST TCP_QUEUE; 2026-10-08-02:16:32; 1791425792.979243; 1791425792.979240; 0; 0; 0; 0
EST TCP_QUEUE; 2026-10-08-02:16:33; 1791425793.034483; 1791425793.034480; 0; 0; 0; 0
EST TCP_QUEUE; 2026-10-08-02:16:33; 1791425793.081862; 1791425793.081856; 0; 0; 0; 0
EST TCP_QUEUE; 2026-10-08-02:16:33; 1791425793.150194; 1791425793.150191; 1; 16; 0; 0
LAN 02:16:34.104831 IP (tos 0x0, ttl 128, id 1225, offset 0, flags [DF], proto TCP (6), length 52)
LAN     192.168.56.1.36218 > 54.204.6.179.443: Flags [S], cksum 0xe8e9 (correct), seq 3336763877, win 65535, options [mss 1460,nop,wscale 8,nop,nop,sackOK], length 0
LAN 02:16:34.155251 IP (tos 0x0, ttl 247, id 0, offset 0, flags [DF], proto TCP (6), length 60)
LAN     54.204.6.179.443 > 192.168.56.1.36218: Flags [S.], cksum 0x44c9 (correct), seq 3108068834, ack 3336763878, win 26847, options [mss 1460,sackOK,nop,nop,nop,nop,nop,nop,nop,nop,nop,nop,nop,wscale 8], length 0
EST TCP_QUEUE; 2026-10-08-02:16:33; 1791425793.213997; 1791425793.213995; 1; 16; 0; 0
EST TCP_QUEUE; 2026-10-08-02:16:33; 1791425793.268061; 1791425793.268059; 1; 646; 0; 0
EST TCP_QUEUE; 2026-10-08-02:16:33; 1791425793.324615; 1791425793.324612; 1; 646; 0; 0
EST TCP_QUEUE; 2026-10-08-02:16:33; 1791425793.378898; 1791425793.378895; 0; 0; 0; 0
EST TCP_QUEUE; 2026-10-08-02:16:33; 1791425793.428699; 1791425793.428696; 0; 0; 0; 0
EST TCP_QUEUE; 2026-10-08-02:16:33; 1791425793.470672; 1791425793.470669; 0; 0; 0; 0
EST TCP_QUEUE; 2026-10-08-02:16:33; 1791425793.528634; 1791425793.528629; 1; 482; 0; 0
EST TCP_QUEUE; 2026-10-08-02:16:33; 1791425793.584266; 1791425793.584263; 1; 482; 0; 0
EST TCP_QUEUE; 2026-10-08-02:16:33; 1791425793.636677; 1791425793.636675; 1; 482; 0; 0
EST TCP_QUEUE; 2026-10-08-02:16:33; 1791425793.694219; 1791425793.694216; 0; 0; 0; 0
EST TCP_QUEUE; 2026-10-08-02:16:33; 1791425793.737185; 1791425793.737182; 0; 0; 0; 0
EST TCP_QUEUE; 2026-10-08-02:16:33; 1791425793.781026; 1791425793.781023; 0; 0; 0; 0
EST TCP_QUEUE; 2026-10-08-02:16:33; 1791425793.840167; 1791425793.840163; 1; 1149; 0; 0
EST TCP_QUEUE; 2026-10-08-02:16:33; 1791425793.894533; 1791425793.894530; 1; 0; 0; 0
EST TCP_QUEUE; 2026-10-08-02:16:33; 1791425793.946965; 1791425793.946962; 1; 0; 0; 0
EST TCP_QUEUE; 2026-10-08-02:16:34; 1791425794.001385; 1791425794.001382; 1; 1089; 0; 0
EST TCP_QUEUE; 2026-10-08-02:16:34; 1791425794.053584; 1791425794.053582; 1; 1089; 0; 0
EST TCP_QUEUE; 2026-10-08-02:16:34; 1791425794.095276; 1791425794.095273; 1; 1417; 0; 0
EST TCP_QUEUE; 2026-10-08-02:16:34; 1791425794.156791; 1791425794.156786; 1; 768; 0; 0
WAN 02:16:34.105132 IP (tos 0x0, ttl 127, id 1225, offset 0, flags [DF], proto TCP (6), length 64)
WAN     192.168.2.70.36218 > 54.204.6.179.443: Flags [S], cksum 0x6e3d (correct), seq 3336763877, win 65535, options [mss 1460,nop,wscale 8,nop,nop,sackOK,nop,nop,TS val 3394153729 ecr 0], length 0
WAN 02:16:34.154947 IP (tos 0x0, ttl 248, id 0, offset 0, flags [DF], proto TCP (6), length 60)
WAN     54.204.6.179.443 > 192.168.2.70.36218: Flags [S.], cksum 0x7f0c (correct), seq 3108068834, ack 3336763878, win 26847, options [mss 1460,sackOK,TS val 2468277763 ecr 3394153729,nop,wscale 8], length 0
EST TCP_QUEUE; 2026-10-08-02:16:34; 1791425794.216844; 1791425794.216841; 1; 768; 0; 0
EST TCP_QUEUE; 2026-10-08-02:16:34; 1791425794.269172; 1791425794.269168; 0; 0; 0; 0
EST TCP_QUEUE; 2026-10-08-02:16:34; 1791425794.328187; 1791425794.328184; 1; 766; 0; 0
EST TCP_QUEUE; 2026-10-08-02:16:34; 1791425794.375624; 1791425794.375622; 1; 766; 0; 0
EST TCP_QUEUE; 2026-10-08-02:16:34; 1791425794.417238; 1791425794.417235; 1; 766; 0; 0
EST TCP_QUEUE; 2026-10-08-02:16:34; 1791425794.475156; 1791425794.475154; 0; 0; 0; 0
EST TCP_QUEUE; 2026-10-08-02:16:34; 1791425794.531785; 1791425794.531782; 0; 0; 0; 0
EST TCP_QUEUE; 2026-10-08-02:16:34; 1791425794.584273; 1791425794.584270; 1; 538; 0; 0
EST TCP_QUEUE; 2026-10-08-02:16:34; 1791425794.638824; 1791425794.638820; 1; 538; 0; 0
EST TCP_QUEUE; 2026-10-08-02:16:34; 1791425794.717024; 1791425794.717021; 0; 0; 0; 0
EST TCP_QUEUE; 2026-10-08-02:16:34; 1791425794.770347; 1791425794.770341; 0; 0; 0; 0
EST TCP_QUEUE; 2026-10-08-02:16:34; 1791425794.884972; 1791425794.884968; 0; 0; 0; 0
EST TCP_QUEUE; 2026-10-08-02:16:34; 1791425794.944743; 1791425794.944741; 0; 0; 0; 0
EST TCP_QUEUE; 2026-10-08-02:16:34; 1791425794.994950; 1791425794.994947; 0; 0; 0; 0
EST TCP_QUEUE; 2026-10-08-02:16:35; 1791425795.049429; 1791425795.049426; 0; 0; 0; 0
EST TCP_QUEUE; 2026-10-08-02:16:35; 1791425795.097271; 1791425795.097269; 0; 0; 0; 0
EST TCP_QUEUE; 2026-10-08-02:16:35; 1791425795.141377; 1791425795.141373; 0; 0; 0; 0
EST TCP_QUEUE; 2026-10-08-02:16:35; 1791425795.198247; 1791425795.198245; 0; 0; 0; 0
EST TCP_QUEUE; 2026-10-08-02:16:35; 1791425795.255454; 1791425795.255451; 1; 562; 0; 0
EST TCP_QUEUE; 2026-10-08-02:16:35; 1791425795.307502; 1791425795.307500; 1; 562; 0; 0
EST TCP_QUEUE; 2026-10-08-02:16:35; 1791425795.361882; 1791425795.361880; 1; 562; 0; 0
EST TCP_QUEUE; 2026-10-08-02:16:35; 1791425795.409626; 1791425795.409623; 0; 0; 0; 0
EST TCP_QUEUE; 2026-10-08-02:16:35; 1791425795.449208; 1791425795.449205; 0; 0; 0; 0
EST TCP_QUEUE; 2026-10-08-02:16:35; 1791425795.508585; 1791425795.508582; 0; 0; 0; 0
EST TCP_QUEUE; 2026-10-08-02:16:35; 1791425795.563244; 1791425795.563241; 1; 0; 0; 0
EST TCP_QUEUE; 2026-10-08-02:16:35; 1791425795.614094; 1791425795.614090; 1; 691; 0; 0
EST TCP_QUEUE; 2026-10-08-02:16:35; 1791425795.666817; 1791425795.666808; 1; 691; 0; 0
LAN 02:16:36.627802 IP (tos 0x0, ttl 54, id 0, offset 0, flags [DF], proto TCP (6), length 60)
WAN 02:16:36.627454 IP (tos 0x0, ttl 55, id 0, offset 0, flags [DF], proto TCP (6), length 60)
LAN     184.30.153.127.443 > 192.168.56.1.49166: Flags [S.], cksum 0xa7dd (correct), seq 3227183725, ack 1190504127, win 65160, options [mss 1460,sackOK,nop,nop,nop,nop,nop,nop,nop,nop,nop,nop,nop,wscale 7], length 0
WAN     184.30.153.127.443 > 192.168.2.70.49166: Flags [S.], cksum 0xccef (correct), seq 3227183725, ack 1190504127, win 65160, options [mss 1460,sackOK,TS val 816997793 ecr 3394153729,nop,wscale 7], length 0
WAN 02:16:36.850489 IP (tos 0x0, ttl 127, id 32534, offset 0, flags [DF], proto TCP (6), length 64)
WAN     192.168.2.70.54413 > 150.171.110.151.443: Flags [S], cksum 0x3dff (correct), seq 3396868023, win 65535, options [mss 1460,nop,wscale 8,nop,nop,sackOK,nop,nop,TS val 3394153729 ecr 0], length 0
WAN 02:16:36.894985 IP (tos 0x0, ttl 48, id 0, offset 0, flags [DF], proto TCP (6), length 60)
WAN     150.171.110.151.443 > 192.168.2.70.54413: Flags [S.], cksum 0x40f9 (correct), seq 3610012798, ack 3396868024, win 65535, options [mss 1440,sackOK,TS val 3717852616 ecr 3394153729,nop,wscale 9], length 0
LAN 02:16:36.850230 IP (tos 0x0, ttl 128, id 32534, offset 0, flags [DF], proto TCP (6), length 52)
LAN     192.168.56.1.54413 > 150.171.110.151.443: Flags [S], cksum 0xb8ab (correct), seq 3396868023, win 65535, options [mss 1460,nop,wscale 8,nop,nop,sackOK], length 0
LAN 02:16:36.895657 IP (tos 0x0, ttl 47, id 0, offset 0, flags [DF], proto TCP (6), length 60)
LAN     150.171.110.151.443 > 192.168.56.1.54413: Flags [S.], cksum 0x50f6 (correct), seq 3610012798, ack 3396868024, win 65535, options [mss 1440,sackOK,nop,nop,nop,nop,nop,nop,nop,nop,nop,nop,nop,wscale 9], length 0
WAN 02:16:36.961915 IP (tos 0x0, ttl 127, id 37499, offset 0, flags [DF], proto TCP (6), length 64)
WAN     192.168.2.70.59095 > 184.30.152.8.443: Flags [S], cksum 0x6e9c (correct), seq 1724968339, win 65535, options [mss 1460,nop,wscale 8,nop,nop,sackOK,nop,nop,TS val 3394153729 ecr 0], length 0
WAN 02:16:36.993101 IP (tos 0x0, ttl 55, id 0, offset 0, flags [DF], proto TCP (6), length 60)
WAN     184.30.152.8.443 > 192.168.2.70.59095: Flags [S.], cksum 0x92de (correct), seq 1238238429, ack 1724968340, win 65160, options [mss 1460,sackOK,TS val 3123242582 ecr 3394153729,nop,wscale 7], length 0
LAN 02:16:36.961702 IP (tos 0x0, ttl 128, id 37499, offset 0, flags [DF], proto TCP (6), length 52)
LAN     192.168.56.1.59095 > 184.30.152.8.443: Flags [S], cksum 0xe948 (correct), seq 1724968339, win 65535, options [mss 1460,nop,wscale 8,nop,nop,sackOK], length 0
LAN 02:16:36.993494 IP (tos 0x0, ttl 54, id 0, offset 0, flags [DF], proto TCP (6), length 60)
LAN     184.30.152.8.443 > 192.168.56.1.59095: Flags [S.], cksum 0x77f8 (correct), seq 1238238429, ack 1724968340, win 65160, options [mss 1460,sackOK,nop,nop,nop,nop,nop,nop,nop,nop,nop,nop,nop,wscale 7], length 0
EST TCP_QUEUE; 2026-10-08-02:16:35; 1791425795.719568; 1791425795.719565; 1; 691; 0; 0
EST TCP_QUEUE; 2026-10-08-02:16:35; 1791425795.794910; 1791425795.794905; 0; 0; 0; 0
EST TCP_QUEUE; 2026-10-08-02:16:35; 1791425795.879550; 1791425795.879547; 0; 0; 0; 0
EST TCP_QUEUE; 2026-10-08-02:16:35; 1791425795.939176; 1791425795.939174; 0; 0; 0; 0
EST TCP_QUEUE; 2026-10-08-02:16:36; 1791425796.007932; 1791425796.007925; 0; 0; 0; 0
EST TCP_QUEUE; 2026-10-08-02:16:36; 1791425796.059753; 1791425796.059749; 0; 0; 0; 0
EST TCP_QUEUE; 2026-10-08-02:16:36; 1791425796.113354; 1791425796.113351; 0; 0; 0; 0
EST TCP_QUEUE; 2026-10-08-02:16:36; 1791425796.156721; 1791425796.156719; 1; 862; 0; 0
EST TCP_QUEUE; 2026-10-08-02:16:36; 1791425796.214768; 1791425796.214765; 1; 703; 0; 0
EST TCP_QUEUE; 2026-10-08-02:16:36; 1791425796.268690; 1791425796.268686; 1; 703; 0; 0
EST TCP_QUEUE; 2026-10-08-02:16:36; 1791425796.323232; 1791425796.323229; 1; 703; 0; 0
EST TCP_QUEUE; 2026-10-08-02:16:36; 1791425796.375802; 1791425796.375799; 1; 310; 0; 0
EST TCP_QUEUE; 2026-10-08-02:16:36; 1791425796.426072; 1791425796.426067; 1; 310; 0; 0
EST TCP_QUEUE; 2026-10-08-02:16:36; 1791425796.468963; 1791425796.468960; 1; 635; 0; 0
EST TCP_QUEUE; 2026-10-08-02:16:36; 1791425796.534601; 1791425796.534598; 1; 635; 0; 0
EST TCP_QUEUE; 2026-10-08-02:16:36; 1791425796.588848; 1791425796.588845; 1; 635; 0; 0
EST TCP_QUEUE; 2026-10-08-02:16:36; 1791425796.639412; 1791425796.639409; 1; 635; 0; 0
EST TCP_QUEUE; 2026-10-08-02:16:36; 1791425796.691851; 1791425796.691849; 1; 511; 0; 0
WAN 02:16:37.423163 IP (tos 0x0, ttl 127, id 41143, offset 0, flags [DF], proto TCP (6), length 64)
WAN     192.168.2.70.25704 > 216.197.195.136.443: Flags [S], cksum 0xce44 (correct), seq 1745863412, win 65535, options [mss 1460,nop,wscale 8,nop,nop,sackOK,nop,nop,TS val 3394153729 ecr 0], length 0
WAN 02:16:37.432396 IP (tos 0x0, ttl 58, id 0, offset 0, flags [DF], proto TCP (6), length 60)
WAN     216.197.195.136.443 > 192.168.2.70.25704: Flags [S.], cksum 0xd6bb (correct), seq 3013960624, ack 1745863413, win 65160, options [mss 1384,sackOK,TS val 1798867123 ecr 3394153729,nop,wscale 7], length 0
LAN 02:16:37.422887 IP (tos 0x0, ttl 128, id 41143, offset 0, flags [DF], proto TCP (6), length 52)
LAN     192.168.56.1.25704 > 216.197.195.136.443: Flags [S], cksum 0x48f1 (correct), seq 1745863412, win 65535, options [mss 1460,nop,wscale 8,nop,nop,sackOK], length 0
LAN 02:16:37.432681 IP (tos 0x0, ttl 57, id 0, offset 0, flags [DF], proto TCP (6), length 60)
LAN     216.197.195.136.443 > 192.168.56.1.25704: Flags [S.], cksum 0x0f42 (correct), seq 3013960624, ack 1745863413, win 65160, options [mss 1384,sackOK,nop,nop,nop,nop,nop,nop,nop,nop,nop,nop,nop,wscale 7], length 0
WAN 02:16:37.870809 IP (tos 0x0, ttl 127, id 32816, offset 0, flags [DF], proto TCP (6), length 64)
WAN     192.168.2.70.18939 > 150.171.110.151.443: Flags [S], cksum 0x6ed5 (correct), seq 1333914730, win 65535, options [mss 1460,nop,wscale 8,nop,nop,sackOK,nop,nop,TS val 3394153729 ecr 0], length 0
LAN 02:16:37.870241 IP (tos 0x0, ttl 128, id 32816, offset 0, flags [DF], proto TCP (6), length 52)
LAN     192.168.56.1.18939 > 150.171.110.151.443: Flags [S], cksum 0xe981 (correct), seq 1333914730, win 65535, options [mss 1460,nop,wscale 8,nop,nop,sackOK], length 0
WAN 02:16:37.923848 IP (tos 0x0, ttl 49, id 0, offset 0, flags [DF], proto TCP (6), length 60)
WAN     150.171.110.151.443 > 192.168.2.70.18939: Flags [S.], cksum 0x2e8d (correct), seq 938382683, ack 1333914731, win 65535, options [mss 1440,sackOK,TS val 2357852284 ecr 3394153729,nop,wscale 9], length 0
LAN 02:16:37.924605 IP (tos 0x0, ttl 48, id 0, offset 0, flags [DF], proto TCP (6), length 60)
LAN     150.171.110.151.443 > 192.168.56.1.18939: Flags [S.], cksum 0xf82d (correct), seq 938382683, ack 1333914731, win 65535, options [mss 1440,sackOK,nop,nop,nop,nop,nop,nop,nop,nop,nop,nop,nop,wscale 9], length 0
EST TCP_QUEUE; 2026-10-08-02:16:36; 1791425796.746277; 1791425796.746274; 1; 511; 0; 0
EST TCP_QUEUE; 2026-10-08-02:16:36; 1791425796.780926; 1791425796.780923; 1; 411; 0; 0
EST TCP_QUEUE; 2026-10-08-02:16:36; 1791425796.841397; 1791425796.841394; 1; 411; 0; 0
EST TCP_QUEUE; 2026-10-08-02:16:36; 1791425796.896285; 1791425796.896282; 1; 1337; 0; 0
EST TCP_QUEUE; 2026-10-08-02:16:36; 1791425796.948159; 1791425796.948155; 1; 1337; 0; 0
EST TCP_QUEUE; 2026-10-08-02:16:37; 1791425797.002157; 1791425797.002153; 1; 437; 0; 0
EST TCP_QUEUE; 2026-10-08-02:16:37; 1791425797.047103; 1791425797.047100; 1; 0; 0; 0
EST TCP_QUEUE; 2026-10-08-02:16:37; 1791425797.090279; 1791425797.090276; 1; 0; 0; 0
EST TCP_QUEUE; 2026-10-08-02:16:37; 1791425797.146363; 1791425797.146360; 1; 0; 0; 0
EST TCP_QUEUE; 2026-10-08-02:16:37; 1791425797.200780; 1791425797.200777; 1; 93; 0; 0
EST TCP_QUEUE; 2026-10-08-02:16:37; 1791425797.251378; 1791425797.251374; 1; 93; 0; 0
EST TCP_QUEUE; 2026-10-08-02:16:37; 1791425797.303899; 1791425797.303897; 1; 257; 0; 0
EST TCP_QUEUE; 2026-10-08-02:16:37; 1791425797.350386; 1791425797.350384; 1; 257; 0; 0
EST TCP_QUEUE; 2026-10-08-02:16:37; 1791425797.405095; 1791425797.405091; 1; 257; 0; 0
EST TCP_QUEUE; 2026-10-08-02:16:37; 1791425797.466800; 1791425797.466788; 1; 518; 0; 0
EST TCP_QUEUE; 2026-10-08-02:16:37; 1791425797.561049; 1791425797.561043; 1; 518; 0; 0
EST TCP_QUEUE; 2026-10-08-02:16:37; 1791425797.587426; 1791425797.587422; 1; 0; 0; 0
EST TCP_QUEUE; 2026-10-08-02:16:37; 1791425797.671708; 1791425797.671702; 1; 0; 0; 0
WAN 02:16:38.875692 IP (tos 0x0, ttl 127, id 20708, offset 0, flags [DF], proto TCP (6), length 64)
WAN     192.168.2.70.47222 > 40.126.28.20.443: Flags [S], cksum 0xecb3 (correct), seq 1989974438, win 65535, options [mss 1460,nop,wscale 8,nop,nop,sackOK,nop,nop,TS val 3394153729 ecr 0], length 0
LAN 02:16:38.875333 IP (tos 0x0, ttl 128, id 20708, offset 0, flags [DF], proto TCP (6), length 52)
LAN     192.168.56.1.47222 > 40.126.28.20.443: Flags [S], cksum 0x6760 (correct), seq 1989974438, win 65535, options [mss 1460,nop,wscale 8,nop,nop,sackOK], length 0
WAN 02:16:38.905087 IP (tos 0x0, ttl 116, id 63949, offset 0, flags [DF], proto TCP (6), length 52)
WAN     40.126.28.20.443 > 192.168.2.70.47222: Flags [S.], cksum 0x8895 (correct), seq 245433832, ack 1989974439, win 65535, options [mss 1440,nop,wscale 8,nop,nop,sackOK], length 0
WAN 02:16:38.906784 IP (tos 0x0, ttl 127, id 37558, offset 0, flags [DF], proto TCP (6), length 64)
WAN     192.168.2.70.11590 > 184.30.152.8.443: Flags [S], cksum 0x4c99 (correct), seq 141502346, win 65535, options [mss 1460,nop,wscale 8,nop,nop,sackOK,nop,nop,TS val 3394153729 ecr 0], length 0
WAN 02:16:38.912997 IP (tos 0x0, ttl 127, id 37559, offset 0, flags [DF], proto TCP (6), length 64)
WAN     192.168.2.70.59653 > 184.30.152.8.443: Flags [S], cksum 0x5123 (correct), seq 470963101, win 65535, options [mss 1460,nop,wscale 8,nop,nop,sackOK,nop,nop,TS val 3394153729 ecr 0], length 0
WAN 02:16:38.915091 IP (tos 0x0, ttl 127, id 37560, offset 0, flags [DF], proto TCP (6), length 64)
WAN     192.168.2.70.18750 > 184.30.152.8.443: Flags [S], cksum 0x4a55 (correct), seq 3995871256, win 65535, options [mss 1460,nop,wscale 8,nop,nop,sackOK,nop,nop,TS val 3394153729 ecr 0], length 0
WAN 02:16:38.920582 IP (tos 0x0, ttl 127, id 37561, offset 0, flags [DF], proto TCP (6), length 64)
WAN     192.168.2.70.24152 > 184.30.152.8.443: Flags [S], cksum 0x487c (correct), seq 748344937, win 65535, options [mss 1460,nop,wscale 8,nop,nop,sackOK,nop,nop,TS val 3394153729 ecr 0], length 0
WAN 02:16:38.925135 IP (tos 0x0, ttl 127, id 37562, offset 0, flags [DF], proto TCP (6), length 64)
WAN     192.168.2.70.58433 > 184.30.152.8.443: Flags [S], cksum 0x6301 (correct), seq 1421217247, win 65535, options [mss 1460,nop,wscale 8,nop,nop,sackOK,nop,nop,TS val 3394153729 ecr 0], length 0
WAN 02:16:38.939606 IP (tos 0x0, ttl 55, id 0, offset 0, flags [DF], proto TCP (6), length 60)
WAN     184.30.152.8.443 > 192.168.2.70.11590: Flags [S.], cksum 0x8f68 (correct), seq 1241439873, ack 141502347, win 65160, options [mss 1460,sackOK,TS val 3123244532 ecr 3394153729,nop,wscale 7], length 0
WAN 02:16:38.943652 IP (tos 0x0, ttl 55, id 0, offset 0, flags [DF], proto TCP (6), length 60)
WAN     184.30.152.8.443 > 192.168.2.70.59653: Flags [S.], cksum 0x9cc1 (correct), seq 1220728552, ack 470963102, win 65160, options [mss 1460,sackOK,TS val 3123244538 ecr 3394153729,nop,wscale 7], length 0
WAN 02:16:38.951433 IP (tos 0x0, ttl 55, id 0, offset 0, flags [DF], proto TCP (6), length 60)
WAN     184.30.152.8.443 > 192.168.2.70.24152: Flags [S.], cksum 0xbf9a (correct), seq 1214426054, ack 748344938, win 65160, options [mss 1460,sackOK,TS val 3123244540 ecr 3394153729,nop,wscale 7], length 0
WAN 02:16:38.951433 IP (tos 0x0, ttl 55, id 0, offset 0, flags [DF], proto TCP (6), length 60)
WAN     184.30.152.8.443 > 192.168.2.70.18750: Flags [S.], cksum 0x34db (correct), seq 1227044766, ack 3995871257, win 65160, options [mss 1460,sackOK,TS val 3123244540 ecr 3394153729,nop,wscale 7], length 0
WAN 02:16:38.963212 IP (tos 0x0, ttl 55, id 0, offset 0, flags [DF], proto TCP (6), length 60)
WAN     184.30.152.8.443 > 192.168.2.70.58433: Flags [S.], cksum 0xb0bb (correct), seq 1215091990, ack 1421217248, win 65160, options [mss 1460,sackOK,TS val 3123244550 ecr 3394153729,nop,wscale 7], length 0
LAN 02:16:38.905416 IP (tos 0x0, ttl 115, id 63949, offset 0, flags [DF], proto TCP (6), length 52)
LAN     40.126.28.20.443 > 192.168.56.1.47222: Flags [S.], cksum 0x52da (correct), seq 245433832, ack 1989974439, win 65535, options [mss 1440,nop,wscale 8,nop,nop,sackOK], length 0
LAN 02:16:38.905649 IP (tos 0x0, ttl 128, id 37558, offset 0, flags [DF], proto TCP (6), length 52)
LAN     192.168.56.1.11590 > 184.30.152.8.443: Flags [S], cksum 0xc745 (correct), seq 141502346, win 65535, options [mss 1460,nop,wscale 8,nop,nop,sackOK], length 0
LAN 02:16:38.912588 IP (tos 0x0, ttl 128, id 37559, offset 0, flags [DF], proto TCP (6), length 52)
LAN     192.168.56.1.59653 > 184.30.152.8.443: Flags [S], cksum 0xcbcf (correct), seq 470963101, win 65535, options [mss 1460,nop,wscale 8,nop,nop,sackOK], length 0
LAN 02:16:38.914748 IP (tos 0x0, ttl 128, id 37560, offset 0, flags [DF], proto TCP (6), length 52)
LAN     192.168.56.1.18750 > 184.30.152.8.443: Flags [S], cksum 0xc501 (correct), seq 3995871256, win 65535, options [mss 1460,nop,wscale 8,nop,nop,sackOK], length 0
LAN 02:16:38.920027 IP (tos 0x0, ttl 128, id 37561, offset 0, flags [DF], proto TCP (6), length 52)
LAN     192.168.56.1.24152 > 184.30.152.8.443: Flags [S], cksum 0xc328 (correct), seq 748344937, win 65535, options [mss 1460,nop,wscale 8,nop,nop,sackOK], length 0
LAN 02:16:38.924316 IP (tos 0x0, ttl 128, id 37562, offset 0, flags [DF], proto TCP (6), length 52)
LAN     192.168.56.1.58433 > 184.30.152.8.443: Flags [S], cksum 0xddad (correct), seq 1421217247, win 65535, options [mss 1460,nop,wscale 8,nop,nop,sackOK], length 0
LAN 02:16:38.942201 IP (tos 0x0, ttl 54, id 0, offset 0, flags [DF], proto TCP (6), length 60)
LAN     184.30.152.8.443 > 192.168.56.1.11590: Flags [S.], cksum 0x7c20 (correct), seq 1241439873, ack 141502347, win 65160, options [mss 1460,sackOK,nop,nop,nop,nop,nop,nop,nop,nop,nop,nop,nop,wscale 7], length 0
LAN 02:16:38.946401 IP (tos 0x0, ttl 54, id 0, offset 0, flags [DF], proto TCP (6), length 60)
LAN     184.30.152.8.443 > 192.168.56.1.59653: Flags [S.], cksum 0x897f (correct), seq 1220728552, ack 470963102, win 65160, options [mss 1460,sackOK,nop,nop,nop,nop,nop,nop,nop,nop,nop,nop,nop,wscale 7], length 0
LAN 02:16:38.952264 IP (tos 0x0, ttl 54, id 0, offset 0, flags [DF], proto TCP (6), length 60)
LAN     184.30.152.8.443 > 192.168.56.1.24152: Flags [S.], cksum 0xac5a (correct), seq 1214426054, ack 748344938, win 65160, options [mss 1460,sackOK,nop,nop,nop,nop,nop,nop,nop,nop,nop,nop,nop,wscale 7], length 0
LAN 02:16:38.952889 IP (tos 0x0, ttl 54, id 0, offset 0, flags [DF], proto TCP (6), length 60)
LAN     184.30.152.8.443 > 192.168.56.1.18750: Flags [S.], cksum 0x219b (correct), seq 1227044766, ack 3995871257, win 65160, options [mss 1460,sackOK,nop,nop,nop,nop,nop,nop,nop,nop,nop,nop,nop,wscale 7], length 0
LAN 02:16:38.963547 IP (tos 0x0, ttl 54, id 0, offset 0, flags [DF], proto TCP (6), length 60)
LAN     184.30.152.8.443 > 192.168.56.1.58433: Flags [S.], cksum 0x9d85 (correct), seq 1215091990, ack 1421217248, win 65160, options [mss 1460,sackOK,nop,nop,nop,nop,nop,nop,nop,nop,nop,nop,nop,wscale 7], length 0
EST TCP_QUEUE; 2026-10-08-02:16:37; 1791425797.706420; 1791425797.706417; 1; 0; 0; 0
EST TCP_QUEUE; 2026-10-08-02:16:37; 1791425797.754796; 1791425797.754788; 1; 1629; 0; 0
EST TCP_QUEUE; 2026-10-08-02:16:37; 1791425797.811673; 1791425797.811670; 1; 1629; 0; 0
EST TCP_QUEUE; 2026-10-08-02:16:37; 1791425797.866163; 1791425797.866157; 1; 1629; 0; 0
EST TCP_QUEUE; 2026-10-08-02:16:37; 1791425797.916107; 1791425797.916105; 1; 0; 0; 0
EST TCP_QUEUE; 2026-10-08-02:16:37; 1791425797.968569; 1791425797.968551; 1; 0; 0; 0
EST TCP_QUEUE; 2026-10-08-02:16:38; 1791425798.015525; 1791425798.015521; 1; 0; 0; 0
EST TCP_QUEUE; 2026-10-08-02:16:38; 1791425798.056952; 1791425798.056949; 1; 0; 0; 0
EST TCP_QUEUE; 2026-10-08-02:16:38; 1791425798.118100; 1791425798.118094; 1; 1191; 0; 0
EST TCP_QUEUE; 2026-10-08-02:16:38; 1791425798.174190; 1791425798.174184; 1; 1191; 0; 0
EST TCP_QUEUE; 2026-10-08-02:16:38; 1791425798.227178; 1791425798.227174; 1; 1191; 0; 0
EST TCP_QUEUE; 2026-10-08-02:16:38; 1791425798.279418; 1791425798.279411; 1; 1796; 0; 0
EST TCP_QUEUE; 2026-10-08-02:16:38; 1791425798.325703; 1791425798.325700; 1; 512; 0; 0
EST TCP_QUEUE; 2026-10-08-02:16:38; 1791425798.368870; 1791425798.368866; 1; 512; 0; 0
EST TCP_QUEUE; 2026-10-08-02:16:38; 1791425798.429014; 1791425798.429009; 1; 258; 0; 0
EST TCP_QUEUE; 2026-10-08-02:16:38; 1791425798.482720; 1791425798.482715; 1; 258; 0; 0
EST TCP_QUEUE; 2026-10-08-02:16:38; 1791425798.540324; 1791425798.540316; 1; 2589; 0; 0
EST TCP_QUEUE; 2026-10-08-02:16:38; 1791425798.588510; 1791425798.588506; 1; 384; 0; 0
EST TCP_QUEUE; 2026-10-08-02:16:38; 1791425798.645030; 1791425798.645019; 1; 384; 0; 0
EST TCP_QUEUE; 2026-10-08-02:16:38; 1791425798.683528; 1791425798.683524; 1; 4013; 0; 0
EST TCP_QUEUE; 2026-10-08-02:16:38; 1791425798.742483; 1791425798.742480; 1; 245; 0; 0
EST TCP_QUEUE; 2026-10-08-02:16:38; 1791425798.806985; 1791425798.806971; 1; 342; 0; 0
EST TCP_QUEUE; 2026-10-08-02:16:38; 1791425798.851803; 1791425798.851799; 1; 342; 0; 0
EST TCP_QUEUE; 2026-10-08-02:16:38; 1791425798.902947; 1791425798.902944; 1; 5404; 0; 0
EST TCP_QUEUE; 2026-10-08-02:16:38; 1791425798.955455; 1791425798.955451; 1; 5404; 0; 0
EST TCP_QUEUE; 2026-10-08-02:16:38; 1791425798.992702; 1791425798.992698; 1; 861; 0; 0
EST TCP_QUEUE; 2026-10-08-02:16:39; 1791425799.052780; 1791425799.052777; 1; 861; 0; 0
EST TCP_QUEUE; 2026-10-08-02:16:39; 1791425799.132396; 1791425799.132393; 1; 0; 0; 0
EST TCP_QUEUE; 2026-10-08-02:16:39; 1791425799.169614; 1791425799.169610; 1; 0; 0; 0
WAN 02:16:39.292023 IP (tos 0x0, ttl 127, id 9637, offset 0, flags [DF], proto TCP (6), length 64)
WAN     192.168.2.70.50647 > 20.190.161.88.443: Flags [S], cksum 0x6c6d (correct), seq 1687203091, win 65535, options [mss 1460,nop,wscale 8,nop,nop,sackOK,nop,nop,TS val 3394153729 ecr 0], length 0
LAN 02:16:39.290460 IP (tos 0x0, ttl 128, id 9637, offset 0, flags [DF], proto TCP (6), length 52)
LAN     192.168.56.1.50647 > 20.190.161.88.443: Flags [S], cksum 0xe719 (correct), seq 1687203091, win 65535, options [mss 1460,nop,wscale 8,nop,nop,sackOK], length 0
WAN 02:16:39.352993 IP (tos 0x0, ttl 117, id 28359, offset 0, flags [DF], proto TCP (6), length 52)
WAN     20.190.161.88.443 > 192.168.2.70.50647: Flags [S.], cksum 0xed5b (correct), seq 1758119601, ack 1687203092, win 65535, options [mss 1440,nop,wscale 8,nop,nop,sackOK], length 0
LAN 02:16:39.355100 IP (tos 0x0, ttl 116, id 28359, offset 0, flags [DF], proto TCP (6), length 52)
LAN     20.190.161.88.443 > 192.168.56.1.50647: Flags [S.], cksum 0xb7a0 (correct), seq 1758119601, ack 1687203092, win 65535, options [mss 1440,nop,wscale 8,nop,nop,sackOK], length 0
EST TCP_QUEUE; 2026-10-08-02:16:39; 1791425799.217178; 1791425799.217175; 1; 0; 0; 0
EST TCP_QUEUE; 2026-10-08-02:16:39; 1791425799.290691; 1791425799.290687; 1; 1129; 0; 0
EST TCP_QUEUE; 2026-10-08-02:16:39; 1791425799.344210; 1791425799.344205; 1; 1129; 0; 0
EST TCP_QUEUE; 2026-10-08-02:16:39; 1791425799.387398; 1791425799.387378; 1; 1129; 0; 0
EST TCP_QUEUE; 2026-10-08-02:16:39; 1791425799.436797; 1791425799.436789; 1; 1129; 0; 0
EST TCP_QUEUE; 2026-10-08-02:16:39; 1791425799.485398; 1791425799.485394; 1; 6232; 0; 0
EST TCP_QUEUE; 2026-10-08-02:16:39; 1791425799.531948; 1791425799.531946; 1; 6232; 0; 0
EST TCP_QUEUE; 2026-10-08-02:16:39; 1791425799.590403; 1791425799.590400; 1; 3851; 0; 0
EST TCP_QUEUE; 2026-10-08-02:16:39; 1791425799.622636; 1791425799.622632; 1; 0; 0; 0
EST TCP_QUEUE; 2026-10-08-02:16:39; 1791425799.677447; 1791425799.677444; 1; 0; 0; 0
EST TCP_QUEUE; 2026-10-08-02:16:39; 1791425799.732314; 1791425799.732309; 1; 129; 1; 0
EST TCP_QUEUE; 2026-10-08-02:16:39; 1791425799.796842; 1791425799.796836; 1; 129; 1; 0
EST TCP_QUEUE; 2026-10-08-02:16:39; 1791425799.847372; 1791425799.847369; 1; 129; 1; 0
EST TCP_QUEUE; 2026-10-08-02:16:39; 1791425799.892648; 1791425799.892645; 1; 1691; 0; 0
EST TCP_QUEUE; 2026-10-08-02:16:39; 1791425799.936201; 1791425799.936198; 1; 1691; 0; 0
EST TCP_QUEUE; 2026-10-08-02:16:39; 1791425799.996760; 1791425799.996757; 1; 1691; 0; 0
EST TCP_QUEUE; 2026-10-08-02:16:40; 1791425800.055719; 1791425800.055712; 1; 1691; 0; 0
EST TCP_QUEUE; 2026-10-08-02:16:40; 1791425800.108800; 1791425800.108797; 1; 849; 0; 0
EST TCP_QUEUE; 2026-10-08-02:16:40; 1791425800.161377; 1791425800.161373; 1; 516; 0; 0
EST TCP_QUEUE; 2026-10-08-02:16:40; 1791425800.216402; 1791425800.216394; 1; 516; 0; 0
EST TCP_QUEUE; 2026-10-08-02:16:40; 1791425800.256721; 1791425800.256718; 1; 516; 0; 0
EST TCP_QUEUE; 2026-10-08-02:16:40; 1791425800.314333; 1791425800.314330; 1; 0; 0; 0
EST TCP_QUEUE; 2026-10-08-02:16:40; 1791425800.372303; 1791425800.372300; 1; 0; 0; 0
EST TCP_QUEUE; 2026-10-08-02:16:40; 1791425800.423208; 1791425800.423203; 1; 0; 0; 0
EST TCP_QUEUE; 2026-10-08-02:16:40; 1791425800.479359; 1791425800.479355; 1; 241; 0; 0
EST TCP_QUEUE; 2026-10-08-02:16:40; 1791425800.527769; 1791425800.527764; 1; 0; 0; 0
EST TCP_QUEUE; 2026-10-08-02:16:40; 1791425800.568494; 1791425800.568491; 1; 0; 0; 0
EST TCP_QUEUE; 2026-10-08-02:16:40; 1791425800.631245; 1791425800.631242; 1; 0; 0; 0
EST TCP_QUEUE; 2026-10-08-02:16:40; 1791425800.684631; 1791425800.684628; 1; 8; 0; 0
EST TCP_QUEUE; 2026-10-08-02:16:40; 1791425800.735539; 1791425800.735381; 1; 8; 0; 0
EST TCP_QUEUE; 2026-10-08-02:16:40; 1791425800.789649; 1791425800.789646; 1; 154; 0; 0
EST TCP_QUEUE; 2026-10-08-02:16:40; 1791425800.849123; 1791425800.849118; 1; 154; 0; 0
EST TCP_QUEUE; 2026-10-08-02:16:40; 1791425800.894761; 1791425800.894757; 1; 922; 0; 0
EST TCP_QUEUE; 2026-10-08-02:16:40; 1791425800.956509; 1791425800.956501; 1; 368; 1; 4324
EST TCP_QUEUE; 2026-10-08-02:16:41; 1791425801.008373; 1791425801.008370; 1; 368; 1; 4324
EST TCP_QUEUE; 2026-10-08-02:16:41; 1791425801.064452; 1791425801.064449; 1; 368; 1; 4324
EST TCP_QUEUE; 2026-10-08-02:16:41; 1791425801.132390; 1791425801.132386; 1; 569; 0; 0
EST TCP_QUEUE; 2026-10-08-02:16:41; 1791425801.178693; 1791425801.178690; 1; 762; 0; 0
EST TCP_QUEUE; 2026-10-08-02:16:41; 1791425801.221841; 1791425801.221837; 1; 357; 0; 0
EST TCP_QUEUE; 2026-10-08-02:16:41; 1791425801.305736; 1791425801.305733; 1; 357; 0; 0
EST TCP_QUEUE; 2026-10-08-02:16:41; 1791425801.365174; 1791425801.365171; 1; 357; 0; 0
EST TCP_QUEUE; 2026-10-08-02:16:41; 1791425801.422314; 1791425801.422300; 1; 397; 0; 0
EST TCP_QUEUE; 2026-10-08-02:16:41; 1791425801.470637; 1791425801.470634; 1; 2322; 0; 0
EST TCP_QUEUE; 2026-10-08-02:16:41; 1791425801.521802; 1791425801.521799; 1; 783; 0; 0
EST TCP_QUEUE; 2026-10-08-02:16:41; 1791425801.565072; 1791425801.565068; 1; 276; 1; 0
EST TCP_QUEUE; 2026-10-08-02:16:41; 1791425801.623417; 1791425801.623415; 1; 276; 1; 0
EST TCP_QUEUE; 2026-10-08-02:16:41; 1791425801.704437; 1791425801.704433; 1; 995; 0; 0
EST TCP_QUEUE; 2026-10-08-02:16:41; 1791425801.729785; 1791425801.729783; 1; 995; 0; 0
EST TCP_QUEUE; 2026-10-08-02:16:41; 1791425801.782315; 1791425801.782312; 1; 528; 0; 0
EST TCP_QUEUE; 2026-10-08-02:16:41; 1791425801.832276; 1791425801.832273; 1; 528; 0; 0
EST TCP_QUEUE; 2026-10-08-02:16:41; 1791425801.875619; 1791425801.875615; 1; 87; 0; 0
EST TCP_QUEUE; 2026-10-08-02:16:41; 1791425801.933699; 1791425801.933693; 1; 87; 0; 0
EST TCP_QUEUE; 2026-10-08-02:16:41; 1791425801.989907; 1791425801.989903; 1; 850; 0; 0
EST TCP_QUEUE; 2026-10-08-02:16:42; 1791425802.040197; 1791425802.040193; 1; 850; 0; 0
EST TCP_QUEUE; 2026-10-08-02:16:42; 1791425802.092939; 1791425802.092936; 1; 612; 0; 0
EST TCP_QUEUE; 2026-10-08-02:16:42; 1791425802.140061; 1791425802.140058; 1; 612; 0; 0
EST TCP_QUEUE; 2026-10-08-02:16:42; 1791425802.181618; 1791425802.181616; 1; 567; 0; 0
EST TCP_QUEUE; 2026-10-08-02:16:42; 1791425802.253600; 1791425802.253597; 1; 567; 0; 0
EST TCP_QUEUE; 2026-10-08-02:16:42; 1791425802.316082; 1791425802.316076; 1; 587; 0; 0
EST TCP_QUEUE; 2026-10-08-02:16:42; 1791425802.365586; 1791425802.365583; 1; 587; 0; 0
EST TCP_QUEUE; 2026-10-08-02:16:42; 1791425802.426046; 1791425802.426043; 1; 923; 0; 0
EST TCP_QUEUE; 2026-10-08-02:16:42; 1791425802.472235; 1791425802.472230; 1; 932; 0; 0
EST TCP_QUEUE; 2026-10-08-02:16:42; 1791425802.518016; 1791425802.518012; 1; 524; 0; 0
EST TCP_QUEUE; 2026-10-08-02:16:42; 1791425802.576033; 1791425802.576027; 1; 524; 0; 0
EST TCP_QUEUE; 2026-10-08-02:16:42; 1791425802.629396; 1791425802.629392; 1; 0; 0; 0
EST TCP_QUEUE; 2026-10-08-02:16:42; 1791425802.683040; 1791425802.683037; 1; 0; 0; 0
EST TCP_QUEUE; 2026-10-08-02:16:42; 1791425802.748566; 1791425802.748561; 1; 0; 0; 0
EST TCP_QUEUE; 2026-10-08-02:16:42; 1791425802.800025; 1791425802.800020; 1; 689; 0; 0
EST TCP_QUEUE; 2026-10-08-02:16:42; 1791425802.845897; 1791425802.845891; 1; 398; 0; 0
EST TCP_QUEUE; 2026-10-08-02:16:42; 1791425802.902744; 1791425802.902740; 1; 194; 0; 0
EST TCP_QUEUE; 2026-10-08-02:16:42; 1791425802.961181; 1791425802.961177; 1; 0; 0; 0
EST TCP_QUEUE; 2026-10-08-02:16:43; 1791425803.012072; 1791425803.012066; 1; 613; 0; 0
EST TCP_QUEUE; 2026-10-08-02:16:43; 1791425803.066122; 1791425803.066118; 1; 613; 0; 0
EST TCP_QUEUE; 2026-10-08-02:16:43; 1791425803.112080; 1791425803.112076; 1; 613; 0; 0
EST TCP_QUEUE; 2026-10-08-02:16:43; 1791425803.161133; 1791425803.161130; 1; 613; 0; 0
EST TCP_QUEUE; 2026-10-08-02:16:43; 1791425803.219302; 1791425803.219299; 0; 0; 0; 0
EST TCP_QUEUE; 2026-10-08-02:16:43; 1791425803.276903; 1791425803.276900; 0; 0; 0; 0
EST TCP_QUEUE; 2026-10-08-02:16:43; 1791425803.330163; 1791425803.330159; 0; 0; 0; 0
EST TCP_QUEUE; 2026-10-08-02:16:43; 1791425803.456414; 1791425803.456411; 1; 906; 0; 0
EST TCP_QUEUE; 2026-10-08-02:16:43; 1791425803.525383; 1791425803.525379; 1; 0; 0; 0
EST TCP_QUEUE; 2026-10-08-02:16:43; 1791425803.552733; 1791425803.552730; 1; 0; 0; 0
EST TCP_QUEUE; 2026-10-08-02:16:43; 1791425803.616858; 1791425803.616853; 1; 0; 0; 0
EST TCP_QUEUE; 2026-10-08-02:16:43; 1791425803.673217; 1791425803.673213; 1; 1089; 0; 0
LAN 02:16:44.692606 IP (tos 0x0, ttl 54, id 0, offset 0, flags [DF], proto TCP (6), length 60)
LAN     184.30.153.127.443 > 192.168.56.1.49166: Flags [S.], cksum 0xa7dd (correct), seq 3227183725, ack 1190504127, win 65160, options [mss 1460,sackOK,nop,nop,nop,nop,nop,nop,nop,nop,nop,nop,nop,wscale 7], length 0
WAN 02:16:44.691809 IP (tos 0x0, ttl 55, id 0, offset 0, flags [DF], proto TCP (6), length 60)
WAN     184.30.153.127.443 > 192.168.2.70.49166: Flags [S.], cksum 0xad6f (correct), seq 3227183725, ack 1190504127, win 65160, options [mss 1460,sackOK,TS val 817005857 ecr 3394153729,nop,wscale 7], length 0
WAN 02:16:44.752614 IP (tos 0x0, ttl 127, id 31725, offset 0, flags [DF], proto TCP (6), length 64)
WAN     192.168.2.70.60249 > 184.30.153.191.443: Flags [S], cksum 0xade2 (correct), seq 2812503873, win 65535, options [mss 1460,nop,wscale 8,nop,nop,sackOK,nop,nop,TS val 3394153729 ecr 0], length 0
WAN 02:16:44.752863 IP (tos 0x0, ttl 127, id 31726, offset 0, flags [DF], proto TCP (6), length 64)
WAN     192.168.2.70.59348 > 184.30.153.191.443: Flags [S], cksum 0xecef (correct), seq 371637558, win 65535, options [mss 1460,nop,wscale 8,nop,nop,sackOK,nop,nop,TS val 3394153729 ecr 0], length 0
WAN 02:16:44.753067 IP (tos 0x0, ttl 127, id 31727, offset 0, flags [DF], proto TCP (6), length 64)
WAN     192.168.2.70.52242 > 184.30.153.191.443: Flags [S], cksum 0x86a1 (correct), seq 1904206829, win 65535, options [mss 1460,nop,wscale 8,nop,nop,sackOK,nop,nop,TS val 3394153729 ecr 0], length 0
WAN 02:16:44.753801 IP (tos 0x0, ttl 127, id 31728, offset 0, flags [DF], proto TCP (6), length 64)
WAN     192.168.2.70.49434 > 184.30.153.191.443: Flags [S], cksum 0x3c3e (correct), seq 3169316320, win 65535, options [mss 1460,nop,wscale 8,nop,nop,sackOK,nop,nop,TS val 3394153729 ecr 0], length 0
WAN 02:16:44.782260 IP (tos 0x0, ttl 55, id 0, offset 0, flags [DF], proto TCP (6), length 60)
WAN     184.30.153.191.443 > 192.168.2.70.49434: Flags [S.], cksum 0x9700 (correct), seq 3762116196, ack 3169316321, win 65160, options [mss 1460,sackOK,TS val 3163932018 ecr 3394153729,nop,wscale 7], length 0
WAN 02:16:44.782260 IP (tos 0x0, ttl 55, id 0, offset 0, flags [DF], proto TCP (6), length 60)
WAN     184.30.153.191.443 > 192.168.2.70.52242: Flags [S.], cksum 0x616c (correct), seq 3763787330, ack 1904206830, win 65160, options [mss 1460,sackOK,TS val 3163932018 ecr 3394153729,nop,wscale 7], length 0
WAN 02:16:44.783041 IP (tos 0x0, ttl 55, id 0, offset 0, flags [DF], proto TCP (6), length 60)
WAN     184.30.153.191.443 > 192.168.2.70.60249: Flags [S.], cksum 0xa1c7 (correct), seq 3785341919, ack 2812503874, win 65160, options [mss 1460,sackOK,TS val 3163932018 ecr 3394153729,nop,wscale 7], length 0
WAN 02:16:44.788982 IP (tos 0x0, ttl 55, id 0, offset 0, flags [DF], proto TCP (6), length 60)
WAN     184.30.153.191.443 > 192.168.2.70.59348: Flags [S.], cksum 0xc183 (correct), seq 3759398070, ack 371637559, win 65160, options [mss 1460,sackOK,TS val 3163932024 ecr 3394153729,nop,wscale 7], length 0
LAN 02:16:44.751713 IP (tos 0x0, ttl 128, id 31725, offset 0, flags [DF], proto TCP (6), length 52)
LAN     192.168.56.1.60249 > 184.30.153.191.443: Flags [S], cksum 0x288f (correct), seq 2812503873, win 65535, options [mss 1460,nop,wscale 8,nop,nop,sackOK], length 0
LAN 02:16:44.752584 IP (tos 0x0, ttl 128, id 31726, offset 0, flags [DF], proto TCP (6), length 52)
LAN     192.168.56.1.59348 > 184.30.153.191.443: Flags [S], cksum 0x679c (correct), seq 371637558, win 65535, options [mss 1460,nop,wscale 8,nop,nop,sackOK], length 0
LAN 02:16:44.752584 IP (tos 0x0, ttl 128, id 31727, offset 0, flags [DF], proto TCP (6), length 52)
LAN     192.168.56.1.52242 > 184.30.153.191.443: Flags [S], cksum 0x014e (correct), seq 1904206829, win 65535, options [mss 1460,nop,wscale 8,nop,nop,sackOK], length 0
LAN 02:16:44.753343 IP (tos 0x0, ttl 128, id 31728, offset 0, flags [DF], proto TCP (6), length 52)
LAN     192.168.56.1.49434 > 184.30.153.191.443: Flags [S], cksum 0xb6ea (correct), seq 3169316320, win 65535, options [mss 1460,nop,wscale 8,nop,nop,sackOK], length 0
LAN 02:16:44.782714 IP (tos 0x0, ttl 54, id 0, offset 0, flags [DF], proto TCP (6), length 60)
LAN     184.30.153.191.443 > 192.168.56.1.49434: Flags [S.], cksum 0x5da3 (correct), seq 3762116196, ack 3169316321, win 65160, options [mss 1460,sackOK,nop,nop,nop,nop,nop,nop,nop,nop,nop,nop,nop,wscale 7], length 0
LAN 02:16:44.783002 IP (tos 0x0, ttl 54, id 0, offset 0, flags [DF], proto TCP (6), length 60)
LAN     184.30.153.191.443 > 192.168.56.1.52242: Flags [S.], cksum 0x280f (correct), seq 3763787330, ack 1904206830, win 65160, options [mss 1460,sackOK,nop,nop,nop,nop,nop,nop,nop,nop,nop,nop,nop,wscale 7], length 0
LAN 02:16:44.783411 IP (tos 0x0, ttl 54, id 0, offset 0, flags [DF], proto TCP (6), length 60)
LAN     184.30.153.191.443 > 192.168.56.1.60249: Flags [S.], cksum 0x686a (correct), seq 3785341919, ack 2812503874, win 65160, options [mss 1460,sackOK,nop,nop,nop,nop,nop,nop,nop,nop,nop,nop,nop,wscale 7], length 0
LAN 02:16:44.789274 IP (tos 0x0, ttl 54, id 0, offset 0, flags [DF], proto TCP (6), length 60)
LAN     184.30.153.191.443 > 192.168.56.1.59348: Flags [S.], cksum 0x882c (correct), seq 3759398070, ack 371637559, win 65160, options [mss 1460,sackOK,nop,nop,nop,nop,nop,nop,nop,nop,nop,nop,nop,wscale 7], length 0
EST TCP_QUEUE; 2026-10-08-02:16:43; 1791425803.729727; 1791425803.729723; 1; 1089; 0; 0
EST TCP_QUEUE; 2026-10-08-02:16:43; 1791425803.781681; 1791425803.781679; 0; 0; 0; 0
EST TCP_QUEUE; 2026-10-08-02:16:43; 1791425803.829964; 1791425803.829961; 0; 0; 0; 0
EST TCP_QUEUE; 2026-10-08-02:16:43; 1791425803.871198; 1791425803.871195; 0; 0; 0; 0
EST TCP_QUEUE; 2026-10-08-02:16:43; 1791425803.931098; 1791425803.931093; 0; 0; 0; 0
EST TCP_QUEUE; 2026-10-08-02:16:43; 1791425803.985386; 1791425803.985383; 1; 398; 0; 0
EST TCP_QUEUE; 2026-10-08-02:16:44; 1791425804.039269; 1791425804.039265; 1; 1943; 0; 0
EST TCP_QUEUE; 2026-10-08-02:16:44; 1791425804.106823; 1791425804.106819; 1; 1943; 0; 0
EST TCP_QUEUE; 2026-10-08-02:16:44; 1791425804.138160; 1791425804.138156; 1; 1943; 0; 0
EST TCP_QUEUE; 2026-10-08-02:16:44; 1791425804.179385; 1791425804.179381; 1; 2502; 0; 0
EST TCP_QUEUE; 2026-10-08-02:16:44; 1791425804.239814; 1791425804.239811; 1; 2502; 0; 0
EST TCP_QUEUE; 2026-10-08-02:16:44; 1791425804.297545; 1791425804.297542; 0; 0; 0; 0
EST TCP_QUEUE; 2026-10-08-02:16:44; 1791425804.347840; 1791425804.347837; 0; 0; 0; 0
EST TCP_QUEUE; 2026-10-08-02:16:44; 1791425804.421934; 1791425804.421931; 0; 0; 0; 0
EST TCP_QUEUE; 2026-10-08-02:16:44; 1791425804.475610; 1791425804.475607; 0; 0; 0; 0
EST TCP_QUEUE; 2026-10-08-02:16:44; 1791425804.517711; 1791425804.517708; 0; 0; 0; 0
EST TCP_QUEUE; 2026-10-08-02:16:44; 1791425804.580358; 1791425804.580355; 1; 267; 0; 0
EST TCP_QUEUE; 2026-10-08-02:16:44; 1791425804.636216; 1791425804.636212; 1; 1081; 0; 0
EST TCP_QUEUE; 2026-10-08-02:16:44; 1791425804.683037; 1791425804.683033; 1; 1081; 0; 0
EST TCP_QUEUE; 2026-10-08-02:16:44; 1791425804.736737; 1791425804.736733; 1; 1081; 0; 0
EST TCP_QUEUE; 2026-10-08-02:16:44; 1791425804.783630; 1791425804.783627; 1; 1007; 0; 0
EST TCP_QUEUE; 2026-10-08-02:16:44; 1791425804.821359; 1791425804.821356; 1; 1007; 0; 0
EST TCP_QUEUE; 2026-10-08-02:16:44; 1791425804.882923; 1791425804.882919; 0; 0; 0; 0
EST TCP_QUEUE; 2026-10-08-02:16:44; 1791425804.938191; 1791425804.938187; 0; 0; 0; 0
EST TCP_QUEUE; 2026-10-08-02:16:45; 1791425805.003968; 1791425805.003962; 0; 0; 0; 0
EST TCP_QUEUE; 2026-10-08-02:16:45; 1791425805.045632; 1791425805.045628; 0; 0; 0; 0
EST TCP_QUEUE; 2026-10-08-02:16:45; 1791425805.097571; 1791425805.097568; 1; 1169; 0; 0
EST TCP_QUEUE; 2026-10-08-02:16:45; 1791425805.130561; 1791425805.130557; 1; 1169; 0; 0
LAN 02:16:45.335168 IP (tos 0x0, ttl 128, id 1723, offset 0, flags [DF], proto TCP (6), length 52)
LAN     192.168.56.1.49435 > 40.126.28.23.443: Flags [S], cksum 0x2be9 (correct), seq 4101197470, win 65535, options [mss 1460,nop,wscale 8,nop,nop,sackOK], length 0
LAN 02:16:45.478341 IP (tos 0x0, ttl 117, id 3697, offset 0, flags [DF], proto TCP (6), length 52)
LAN     40.126.28.23.443 > 192.168.56.1.49435: Flags [S.], cksum 0x1714 (correct), seq 1510193876, ack 4101197471, win 65535, options [mss 1440,nop,wscale 8,nop,nop,sackOK], length 0
WAN 02:16:45.381891 IP (tos 0x0, ttl 127, id 1723, offset 0, flags [DF], proto TCP (6), length 64)
WAN     192.168.2.70.49435 > 40.126.28.23.443: Flags [S], cksum 0xb13c (correct), seq 4101197470, win 65535, options [mss 1460,nop,wscale 8,nop,nop,sackOK,nop,nop,TS val 3394153729 ecr 0], length 0
WAN 02:16:45.476854 IP (tos 0x0, ttl 118, id 3697, offset 0, flags [DF], proto TCP (6), length 52)
WAN     40.126.28.23.443 > 192.168.2.70.49435: Flags [S.], cksum 0x4ccf (correct), seq 1510193876, ack 4101197471, win 65535, options [mss 1440,nop,wscale 8,nop,nop,sackOK], length 0
EST TCP_QUEUE; 2026-10-08-02:16:45; 1791425805.196709; 1791425805.196704; 1; 1169; 0; 0
EST TCP_QUEUE; 2026-10-08-02:16:45; 1791425805.246654; 1791425805.246651; 1; 1169; 0; 0
EST TCP_QUEUE; 2026-10-08-02:16:45; 1791425805.361272; 1791425805.361268; 1; 7500; 0; 0
EST TCP_QUEUE; 2026-10-08-02:16:45; 1791425805.404283; 1791425805.404277; 1; 7056; 0; 0
EST TCP_QUEUE; 2026-10-08-02:16:45; 1791425805.477823; 1791425805.477821; 1; 7056; 0; 0
EST TCP_QUEUE; 2026-10-08-02:16:45; 1791425805.481172; 1791425805.481168; 1; 7056; 0; 0
EST TCP_QUEUE; 2026-10-08-02:16:45; 1791425805.511458; 1791425805.511453; 1; 7056; 0; 0
EST TCP_QUEUE; 2026-10-08-02:16:45; 1791425805.552616; 1791425805.552610; 1; 7056; 0; 0
EST TCP_QUEUE; 2026-10-08-02:16:45; 1791425805.609536; 1791425805.609531; 0; 0; 0; 0
EST TCP_QUEUE; 2026-10-08-02:16:45; 1791425805.707170; 1791425805.707166; 0; 0; 0; 0
EST TCP_QUEUE; 2026-10-08-02:16:45; 1791425805.730571; 1791425805.730569; 0; 0; 0; 0
EST TCP_QUEUE; 2026-10-08-02:16:45; 1791425805.841891; 1791425805.841886; 1; 641; 0; 0
EST TCP_QUEUE; 2026-10-08-02:16:45; 1791425805.884272; 1791425805.884268; 0; 0; 0; 0
EST TCP_QUEUE; 2026-10-08-02:16:45; 1791425805.889505; 1791425805.889503; 0; 0; 0; 0
EST TCP_QUEUE; 2026-10-08-02:16:46; 1791425806.002539; 1791425806.002535; 0; 0; 0; 0
EST TCP_QUEUE; 2026-10-08-02:16:46; 1791425806.037117; 1791425806.037113; 0; 0; 0; 0
EST TCP_QUEUE; 2026-10-08-02:16:46; 1791425806.037145; 1791425806.037143; 0; 0; 0; 0
EST TCP_QUEUE; 2026-10-08-02:16:46; 1791425806.104267; 1791425806.104264; 0; 0; 0; 0
EST TCP_QUEUE; 2026-10-08-02:16:46; 1791425806.134892; 1791425806.134887; 1; 1669; 0; 0
EST TCP_QUEUE; 2026-10-08-02:16:46; 1791425806.187532; 1791425806.187529; 1; 1669; 0; 0
EST TCP_QUEUE; 2026-10-08-02:16:46; 1791425806.242563; 1791425806.242560; 1; 1669; 0; 0
EST TCP_QUEUE; 2026-10-08-02:16:46; 1791425806.291411; 1791425806.291408; 0; 0; 0; 0
EST TCP_QUEUE; 2026-10-08-02:16:46; 1791425806.353223; 1791425806.353220; 0; 0; 0; 0
EST TCP_QUEUE; 2026-10-08-02:16:46; 1791425806.384717; 1791425806.384713; 0; 0; 0; 0
EST TCP_QUEUE; 2026-10-08-02:16:46; 1791425806.465335; 1791425806.465331; 0; 0; 0; 0
EST TCP_QUEUE; 2026-10-08-02:16:46; 1791425806.549147; 1791425806.549144; 0; 0; 0; 0
EST TCP_QUEUE; 2026-10-08-02:16:46; 1791425806.613025; 1791425806.613022; 1; 40758; 0; 0
EST TCP_QUEUE; 2026-10-08-02:16:46; 1791425806.642568; 1791425806.642565; 1; 40758; 0; 0
EST TCP_QUEUE; 2026-10-08-02:16:46; 1791425806.684552; 1791425806.684540; 1; 40758; 0; 0
EST TCP_QUEUE; 2026-10-08-02:16:46; 1791425806.727408; 1791425806.727404; 1; 40758; 0; 0
EST TCP_QUEUE; 2026-10-08-02:16:46; 1791425806.789084; 1791425806.789080; 1; 2683; 0; 0
EST TCP_QUEUE; 2026-10-08-02:16:46; 1791425806.838924; 1791425806.838921; 1; 3554; 0; 0
EST TCP_QUEUE; 2026-10-08-02:16:46; 1791425806.888845; 1791425806.888840; 1; 3554; 0; 0
EST TCP_QUEUE; 2026-10-08-02:16:46; 1791425806.940413; 1791425806.940409; 1; 3554; 0; 0
EST TCP_QUEUE; 2026-10-08-02:16:46; 1791425806.985548; 1791425806.985542; 1; 220; 0; 0
EST TCP_QUEUE; 2026-10-08-02:16:47; 1791425807.031506; 1791425807.031501; 1; 220; 0; 0
EST TCP_QUEUE; 2026-10-08-02:16:47; 1791425807.093325; 1791425807.093319; 1; 1657; 0; 0
EST TCP_QUEUE; 2026-10-08-02:16:47; 1791425807.143268; 1791425807.143264; 1; 1657; 0; 0
EST TCP_QUEUE; 2026-10-08-02:16:47; 1791425807.193434; 1791425807.193431; 1; 0; 0; 0
EST TCP_QUEUE; 2026-10-08-02:16:47; 1791425807.247341; 1791425807.247336; 1; 0; 0; 0
EST TCP_QUEUE; 2026-10-08-02:16:47; 1791425807.291294; 1791425807.291289; 1; 26; 0; 0
EST TCP_QUEUE; 2026-10-08-02:16:47; 1791425807.335442; 1791425807.335437; 1; 686; 0; 0
EST TCP_QUEUE; 2026-10-08-02:16:47; 1791425807.399102; 1791425807.399099; 1; 0; 0; 0
EST TCP_QUEUE; 2026-10-08-02:16:47; 1791425807.467984; 1791425807.467979; 1; 0; 0; 0
EST TCP_QUEUE; 2026-10-08-02:16:47; 1791425807.504341; 1791425807.504334; 1; 0; 0; 0
EST TCP_QUEUE; 2026-10-08-02:16:47; 1791425807.552838; 1791425807.552835; 1; 0; 0; 0
EST TCP_QUEUE; 2026-10-08-02:16:47; 1791425807.600516; 1791425807.600511; 1; 0; 0; 0
EST TCP_QUEUE; 2026-10-08-02:16:47; 1791425807.642600; 1791425807.642594; 1; 0; 0; 0
EST TCP_QUEUE; 2026-10-08-02:16:47; 1791425807.700813; 1791425807.700808; 1; 0; 0; 0
EST TCP_QUEUE; 2026-10-08-02:16:47; 1791425807.756731; 1791425807.756727; 1; 0; 0; 0
EST TCP_QUEUE; 2026-10-08-02:16:47; 1791425807.807986; 1791425807.807983; 1; 0; 0; 0
EST TCP_QUEUE; 2026-10-08-02:16:47; 1791425807.857532; 1791425807.857523; 1; 150; 0; 0
EST TCP_QUEUE; 2026-10-08-02:16:47; 1791425807.905454; 1791425807.905451; 1; 150; 0; 0
EST TCP_QUEUE; 2026-10-08-02:16:47; 1791425807.947814; 1791425807.947808; 1; 150; 0; 0
EST TCP_QUEUE; 2026-10-08-02:16:48; 1791425808.006763; 1791425808.006759; 0; 0; 0; 0
EST TCP_QUEUE; 2026-10-08-02:16:48; 1791425808.062017; 1791425808.062010; 0; 0; 0; 0
EST TCP_QUEUE; 2026-10-08-02:16:48; 1791425808.119668; 1791425808.119664; 1; 811; 0; 0
EST TCP_QUEUE; 2026-10-08-02:16:48; 1791425808.167030; 1791425808.167027; 1; 811; 0; 0
EST TCP_QUEUE; 2026-10-08-02:16:48; 1791425808.262083; 1791425808.262079; 1; 0; 0; 0
EST TCP_QUEUE; 2026-10-08-02:16:48; 1791425808.266482; 1791425808.266478; 1; 0; 0; 0
EST TCP_QUEUE; 2026-10-08-02:16:48; 1791425808.535672; 1791425808.535665; 1; 10016; 0; 0
EST TCP_QUEUE; 2026-10-08-02:16:48; 1791425808.535698; 1791425808.535697; 1; 10016; 0; 0
EST TCP_QUEUE; 2026-10-08-02:16:48; 1791425808.587117; 1791425808.587110; 1; 10016; 0; 0
EST TCP_QUEUE; 2026-10-08-02:16:48; 1791425808.632568; 1791425808.632563; 1; 10016; 0; 0
EST TCP_QUEUE; 2026-10-08-02:16:48; 1791425808.655017; 1791425808.655008; 1; 10016; 0; 0
EST TCP_QUEUE; 2026-10-08-02:16:48; 1791425808.655151; 1791425808.655148; 1; 10016; 0; 0
WAN 02:16:49.413695 IP (tos 0x0, ttl 62, id 11760, offset 0, flags [DF], proto TCP (6), length 60)
WAN     192.168.2.70.11842 > 140.82.114.6.443: Flags [S], cksum 0xbb39 (correct), seq 665622129, win 65280, options [mss 1280,sackOK,TS val 2506705324 ecr 0,nop,wscale 9], length 0
WAN 02:16:49.458443 IP (tos 0x0, ttl 46, id 0, offset 0, flags [DF], proto TCP (6), length 60)
WAN     140.82.114.6.443 > 192.168.2.70.11842: Flags [S.], cksum 0xf384 (correct), seq 3266585162, ack 665622130, win 65535, options [mss 1436,sackOK,TS val 3000118838 ecr 2506705324,nop,wscale 10], length 0
LAN 02:16:49.413328 IP (tos 0x0, ttl 63, id 11760, offset 0, flags [DF], proto TCP (6), length 60)
LAN     192.168.56.1.11842 > 140.82.114.6.443: Flags [S], cksum 0x857e (correct), seq 665622129, win 65280, options [mss 1280,sackOK,TS val 2506705324 ecr 0,nop,wscale 9], length 0
LAN 02:16:49.460418 IP (tos 0x0, ttl 45, id 0, offset 0, flags [DF], proto TCP (6), length 60)
LAN     140.82.114.6.443 > 192.168.56.1.11842: Flags [S.], cksum 0xbdc9 (correct), seq 3266585162, ack 665622130, win 65535, options [mss 1436,sackOK,TS val 3000118838 ecr 2506705324,nop,wscale 10], length 0
EST TCP_QUEUE; 2026-10-08-02:16:48; 1791425808.714471; 1791425808.714467; 1; 0; 0; 0
EST TCP_QUEUE; 2026-10-08-02:16:48; 1791425808.747795; 1791425808.747789; 1; 0; 0; 0
EST TCP_QUEUE; 2026-10-08-02:16:48; 1791425808.773838; 1791425808.773834; 1; 0; 0; 0
EST TCP_QUEUE; 2026-10-08-02:16:48; 1791425808.847573; 1791425808.847568; 1; 0; 0; 0
EST TCP_QUEUE; 2026-10-08-02:16:48; 1791425808.878108; 1791425808.878105; 1; 0; 0; 0
EST TCP_QUEUE; 2026-10-08-02:16:48; 1791425808.917927; 1791425808.917924; 1; 320; 0; 0
EST TCP_QUEUE; 2026-10-08-02:16:48; 1791425808.979203; 1791425808.979198; 1; 320; 0; 0
EST TCP_QUEUE; 2026-10-08-02:16:49; 1791425809.032393; 1791425809.032389; 1; 320; 0; 0
EST TCP_QUEUE; 2026-10-08-02:16:49; 1791425809.085167; 1791425809.085164; 0; 0; 0; 0
EST TCP_QUEUE; 2026-10-08-02:16:49; 1791425809.160092; 1791425809.160082; 0; 0; 0; 0
EST TCP_QUEUE; 2026-10-08-02:16:49; 1791425809.191713; 1791425809.191707; 0; 0; 0; 0
EST TCP_QUEUE; 2026-10-08-02:16:49; 1791425809.233158; 1791425809.233152; 0; 0; 0; 0
EST TCP_QUEUE; 2026-10-08-02:16:49; 1791425809.293065; 1791425809.293060; 0; 0; 0; 0
EST TCP_QUEUE; 2026-10-08-02:16:49; 1791425809.348815; 1791425809.348811; 1; 261; 0; 0
EST TCP_QUEUE; 2026-10-08-02:16:49; 1791425809.406871; 1791425809.406867; 1; 261; 0; 0
EST TCP_QUEUE; 2026-10-08-02:16:49; 1791425809.476407; 1791425809.476393; 1; 0; 0; 0
EST TCP_QUEUE; 2026-10-08-02:16:49; 1791425809.505031; 1791425809.505027; 1; 0; 0; 0
EST TCP_QUEUE; 2026-10-08-02:16:49; 1791425809.547133; 1791425809.547127; 1; 0; 0; 0
EST TCP_QUEUE; 2026-10-08-02:16:49; 1791425809.604632; 1791425809.604628; 0; 0; 0; 0
EST TCP_QUEUE; 2026-10-08-02:16:49; 1791425809.664771; 1791425809.664769; 0; 0; 0; 0
EST TCP_QUEUE; 2026-10-08-02:16:49; 1791425809.714636; 1791425809.714633; 0; 0; 0; 0
EST TCP_QUEUE; 2026-10-08-02:16:49; 1791425809.769185; 1791425809.769182; 0; 0; 0; 0
EST TCP_QUEUE; 2026-10-08-02:16:49; 1791425809.815611; 1791425809.815608; 0; 0; 0; 0
EST TCP_QUEUE; 2026-10-08-02:16:49; 1791425809.870467; 1791425809.870464; 0; 0; 0; 0
EST TCP_QUEUE; 2026-10-08-02:16:49; 1791425809.927969; 1791425809.927966; 0; 0; 0; 0
EST TCP_QUEUE; 2026-10-08-02:16:49; 1791425809.986310; 1791425809.986307; 1; 172; 0; 0
EST TCP_QUEUE; 2026-10-08-02:16:50; 1791425810.043692; 1791425810.043690; 1; 172; 0; 0
EST TCP_QUEUE; 2026-10-08-02:16:50; 1791425810.101593; 1791425810.101589; 1; 172; 0; 0
EST TCP_QUEUE; 2026-10-08-02:16:50; 1791425810.150696; 1791425810.150692; 1; 172; 0; 0
EST TCP_QUEUE; 2026-10-08-02:16:50; 1791425810.192584; 1791425810.192581; 1; 0; 0; 0
EST TCP_QUEUE; 2026-10-08-02:16:50; 1791425810.284576; 1791425810.284572; 1; 0; 0; 0
EST TCP_QUEUE; 2026-10-08-02:16:50; 1791425810.317194; 1791425810.317190; 1; 0; 0; 0
EST TCP_QUEUE; 2026-10-08-02:16:50; 1791425810.364274; 1791425810.364270; 1; 0; 0; 0
EST TCP_QUEUE; 2026-10-08-02:16:50; 1791425810.418693; 1791425810.418690; 1; 6199; 0; 0
EST TCP_QUEUE; 2026-10-08-02:16:50; 1791425810.468115; 1791425810.468099; 0; 0; 0; 0
EST TCP_QUEUE; 2026-10-08-02:16:50; 1791425810.510876; 1791425810.510869; 0; 0; 0; 0
EST TCP_QUEUE; 2026-10-08-02:16:50; 1791425810.606740; 1791425810.606737; 0; 0; 0; 0
EST TCP_QUEUE; 2026-10-08-02:16:50; 1791425810.699957; 1791425810.699954; 0; 0; 0; 0
EST TCP_QUEUE; 2026-10-08-02:16:50; 1791425810.752112; 1791425810.752109; 0; 0; 0; 0
EST TCP_QUEUE; 2026-10-08-02:16:50; 1791425810.804651; 1791425810.804648; 0; 0; 0; 0
EST TCP_QUEUE; 2026-10-08-02:16:50; 1791425810.856874; 1791425810.856870; 0; 0; 0; 0
EST TCP_QUEUE; 2026-10-08-02:16:50; 1791425810.896035; 1791425810.896031; 0; 0; 0; 0
EST TCP_QUEUE; 2026-10-08-02:16:50; 1791425810.953712; 1791425810.953708; 0; 0; 0; 0
EST TCP_QUEUE; 2026-10-08-02:16:51; 1791425811.014372; 1791425811.014369; 0; 0; 0; 0
EST TCP_QUEUE; 2026-10-08-02:16:51; 1791425811.066497; 1791425811.066480; 1; 2982; 0; 0
EST TCP_QUEUE; 2026-10-08-02:16:51; 1791425811.120591; 1791425811.120588; 1; 2982; 0; 0
EST TCP_QUEUE; 2026-10-08-02:16:51; 1791425811.184421; 1791425811.184419; 1; 175; 0; 0
EST TCP_QUEUE; 2026-10-08-02:16:51; 1791425811.227764; 1791425811.227761; 1; 59; 0; 0
EST TCP_QUEUE; 2026-10-08-02:16:51; 1791425811.285763; 1791425811.285760; 1; 59; 0; 0
EST TCP_QUEUE; 2026-10-08-02:16:51; 1791425811.343700; 1791425811.343697; 1; 59; 0; 0
EST TCP_QUEUE; 2026-10-08-02:16:51; 1791425811.390320; 1791425811.390317; 0; 0; 0; 0
EST TCP_QUEUE; 2026-10-08-02:16:51; 1791425811.442702; 1791425811.442699; 1; 621; 0; 0
EST TCP_QUEUE; 2026-10-08-02:16:51; 1791425811.490525; 1791425811.490521; 1; 621; 0; 0
EST TCP_QUEUE; 2026-10-08-02:16:51; 1791425811.532517; 1791425811.532514; 1; 621; 0; 0
EST TCP_QUEUE; 2026-10-08-02:16:51; 1791425811.594251; 1791425811.594247; 1; 0; 0; 0
EST TCP_QUEUE; 2026-10-08-02:16:51; 1791425811.652140; 1791425811.652137; 1; 0; 0; 0
EST TCP_QUEUE; 2026-10-08-02:16:51; 1791425811.702261; 1791425811.702258; 0; 0; 0; 0
EST TCP_QUEUE; 2026-10-08-02:16:51; 1791425811.756724; 1791425811.756720; 1; 1209; 0; 0
EST TCP_QUEUE; 2026-10-08-02:16:51; 1791425811.804585; 1791425811.804582; 1; 1209; 0; 0
EST TCP_QUEUE; 2026-10-08-02:16:51; 1791425811.846637; 1791425811.846634; 1; 1209; 0; 0
EST TCP_QUEUE; 2026-10-08-02:16:51; 1791425811.909874; 1791425811.909871; 0; 0; 0; 0
EST TCP_QUEUE; 2026-10-08-02:16:51; 1791425811.964009; 1791425811.964007; 0; 0; 0; 0
EST TCP_QUEUE; 2026-10-08-02:16:52; 1791425812.016370; 1791425812.016367; 0; 0; 0; 0
EST TCP_QUEUE; 2026-10-08-02:16:52; 1791425812.072033; 1791425812.072030; 0; 0; 0; 0
EST TCP_QUEUE; 2026-10-08-02:16:52; 1791425812.116965; 1791425812.116962; 1; 0; 0; 0
EST TCP_QUEUE; 2026-10-08-02:16:52; 1791425812.160467; 1791425812.160464; 1; 0; 0; 0
EST TCP_QUEUE; 2026-10-08-02:16:52; 1791425812.220165; 1791425812.220162; 1; 0; 0; 0
EST TCP_QUEUE; 2026-10-08-02:16:52; 1791425812.274773; 1791425812.274770; 0; 0; 0; 0
EST TCP_QUEUE; 2026-10-08-02:16:52; 1791425812.326951; 1791425812.326948; 0; 0; 0; 0
EST TCP_QUEUE; 2026-10-08-02:16:52; 1791425812.379242; 1791425812.379239; 1; 0; 0; 0
EST TCP_QUEUE; 2026-10-08-02:16:52; 1791425812.427549; 1791425812.427546; 1; 0; 0; 0
EST TCP_QUEUE; 2026-10-08-02:16:52; 1791425812.468967; 1791425812.468964; 1; 796; 0; 0
EST TCP_QUEUE; 2026-10-08-02:16:52; 1791425812.534596; 1791425812.534594; 1; 134; 0; 0
EST TCP_QUEUE; 2026-10-08-02:16:52; 1791425812.588680; 1791425812.588676; 1; 134; 0; 0
EST TCP_QUEUE; 2026-10-08-02:16:52; 1791425812.641284; 1791425812.641281; 1; 134; 0; 0
EST TCP_QUEUE; 2026-10-08-02:16:52; 1791425812.695723; 1791425812.695720; 0; 0; 0; 0
EST TCP_QUEUE; 2026-10-08-02:16:52; 1791425812.745630; 1791425812.745625; 0; 0; 0; 0
EST TCP_QUEUE; 2026-10-08-02:16:52; 1791425812.791526; 1791425812.791524; 0; 0; 0; 0
EST TCP_QUEUE; 2026-10-08-02:16:52; 1791425812.852198; 1791425812.852196; 0; 0; 0; 0
EST TCP_QUEUE; 2026-10-08-02:16:52; 1791425812.910516; 1791425812.910513; 0; 0; 0; 0
EST TCP_QUEUE; 2026-10-08-02:16:52; 1791425812.962862; 1791425812.962859; 0; 0; 0; 0
EST TCP_QUEUE; 2026-10-08-02:16:53; 1791425813.021233; 1791425813.021231; 0; 0; 0; 0
EST TCP_QUEUE; 2026-10-08-02:16:53; 1791425813.088539; 1791425813.088536; 0; 0; 0; 0
EST TCP_QUEUE; 2026-10-08-02:16:53; 1791425813.140543; 1791425813.140537; 0; 0; 0; 0
EST TCP_QUEUE; 2026-10-08-02:16:53; 1791425813.208035; 1791425813.208029; 0; 0; 0; 0
EST TCP_QUEUE; 2026-10-08-02:16:53; 1791425813.265329; 1791425813.265326; 0; 0; 0; 0
EST TCP_QUEUE; 2026-10-08-02:16:53; 1791425813.316060; 1791425813.316057; 0; 0; 0; 0
EST TCP_QUEUE; 2026-10-08-02:16:53; 1791425813.368566; 1791425813.368563; 0; 0; 0; 0
EST TCP_QUEUE; 2026-10-08-02:16:53; 1791425813.414187; 1791425813.414185; 0; 0; 0; 0
EST TCP_QUEUE; 2026-10-08-02:16:53; 1791425813.465581; 1791425813.465579; 0; 0; 0; 0
EST TCP_QUEUE; 2026-10-08-02:16:53; 1791425813.533201; 1791425813.533197; 1; 681; 0; 0
EST TCP_QUEUE; 2026-10-08-02:16:53; 1791425813.593802; 1791425813.593798; 1; 681; 0; 0
EST TCP_QUEUE; 2026-10-08-02:16:53; 1791425813.651736; 1791425813.651733; 1; 681; 0; 0
EST TCP_QUEUE; 2026-10-08-02:16:53; 1791425813.733018; 1791425813.733015; 0; 0; 0; 0
EST TCP_QUEUE; 2026-10-08-02:16:53; 1791425813.779039; 1791425813.779036; 0; 0; 0; 0
EST TCP_QUEUE; 2026-10-08-02:16:53; 1791425813.822589; 1791425813.822587; 0; 0; 0; 0
EST TCP_QUEUE; 2026-10-08-02:16:53; 1791425813.882744; 1791425813.882741; 0; 0; 0; 0
EST TCP_QUEUE; 2026-10-08-02:16:53; 1791425813.938645; 1791425813.938643; 0; 0; 0; 0
EST TCP_QUEUE; 2026-10-08-02:16:53; 1791425813.991536; 1791425813.991532; 0; 0; 0; 0
EST TCP_QUEUE; 2026-10-08-02:16:54; 1791425814.043579; 1791425814.043577; 0; 0; 0; 0
EST TCP_QUEUE; 2026-10-08-02:16:54; 1791425814.116789; 1791425814.116786; 0; 0; 0; 0
EST TCP_QUEUE; 2026-10-08-02:16:54; 1791425814.169872; 1791425814.169869; 0; 0; 0; 0
EST TCP_QUEUE; 2026-10-08-02:16:54; 1791425814.227794; 1791425814.227792; 0; 0; 0; 0
EST TCP_QUEUE; 2026-10-08-02:16:54; 1791425814.283960; 1791425814.283957; 0; 0; 0; 0
EST TCP_QUEUE; 2026-10-08-02:16:54; 1791425814.334135; 1791425814.334133; 0; 0; 0; 0
EST TCP_QUEUE; 2026-10-08-02:16:54; 1791425814.388564; 1791425814.388561; 0; 0; 0; 0
EST TCP_QUEUE; 2026-10-08-02:16:54; 1791425814.434405; 1791425814.434403; 0; 0; 0; 0
EST TCP_QUEUE; 2026-10-08-02:16:54; 1791425814.477205; 1791425814.477202; 0; 0; 0; 0
EST TCP_QUEUE; 2026-10-08-02:16:54; 1791425814.538133; 1791425814.538130; 0; 0; 0; 0
EST TCP_QUEUE; 2026-10-08-02:16:54; 1791425814.596035; 1791425814.596032; 1; 497; 0; 0
EST TCP_QUEUE; 2026-10-08-02:16:54; 1791425814.656621; 1791425814.656618; 1; 497; 0; 0
EST TCP_QUEUE; 2026-10-08-02:16:54; 1791425814.710190; 1791425814.710188; 0; 0; 0; 0
EST TCP_QUEUE; 2026-10-08-02:16:54; 1791425814.760064; 1791425814.760062; 0; 0; 0; 0
EST TCP_QUEUE; 2026-10-08-02:16:54; 1791425814.805878; 1791425814.805876; 0; 0; 0; 0
EST TCP_QUEUE; 2026-10-08-02:16:54; 1791425814.865757; 1791425814.865754; 0; 0; 0; 0
EST TCP_QUEUE; 2026-10-08-02:16:54; 1791425814.920402; 1791425814.920399; 0; 0; 0; 0
EST TCP_QUEUE; 2026-10-08-02:16:54; 1791425814.972313; 1791425814.972310; 0; 0; 0; 0
EST TCP_QUEUE; 2026-10-08-02:16:55; 1791425815.027835; 1791425815.027830; 0; 0; 0; 0
EST TCP_QUEUE; 2026-10-08-02:16:55; 1791425815.077196; 1791425815.077193; 0; 0; 0; 0
EST TCP_QUEUE; 2026-10-08-02:16:55; 1791425815.116163; 1791425815.116161; 0; 0; 0; 0
EST TCP_QUEUE; 2026-10-08-02:16:55; 1791425815.214421; 1791425815.214419; 0; 0; 0; 0
EST TCP_QUEUE; 2026-10-08-02:16:55; 1791425815.290211; 1791425815.290208; 0; 0; 0; 0
EST TCP_QUEUE; 2026-10-08-02:16:55; 1791425815.340642; 1791425815.340638; 0; 0; 0; 0
EST TCP_QUEUE; 2026-10-08-02:16:55; 1791425815.408464; 1791425815.408460; 0; 0; 0; 0
EST TCP_QUEUE; 2026-10-08-02:16:55; 1791425815.454500; 1791425815.454497; 0; 0; 0; 0
EST TCP_QUEUE; 2026-10-08-02:16:55; 1791425815.496824; 1791425815.496822; 0; 0; 0; 0
EST TCP_QUEUE; 2026-10-08-02:16:55; 1791425815.554228; 1791425815.554225; 0; 0; 0; 0
EST TCP_QUEUE; 2026-10-08-02:16:55; 1791425815.621864; 1791425815.621861; 1; 497; 0; 0
EST TCP_QUEUE; 2026-10-08-02:16:55; 1791425815.672226; 1791425815.672223; 1; 497; 0; 0
EST TCP_QUEUE; 2026-10-08-02:16:55; 1791425815.749991; 1791425815.749988; 1; 497; 0; 0
EST TCP_QUEUE; 2026-10-08-02:16:55; 1791425815.796085; 1791425815.796081; 0; 0; 0; 0
EST TCP_QUEUE; 2026-10-08-02:16:55; 1791425815.893681; 1791425815.893679; 0; 0; 0; 0
EST TCP_QUEUE; 2026-10-08-02:16:55; 1791425815.957495; 1791425815.957492; 0; 0; 0; 0
EST TCP_QUEUE; 2026-10-08-02:16:56; 1791425816.012146; 1791425816.012143; 0; 0; 0; 0
EST TCP_QUEUE; 2026-10-08-02:16:56; 1791425816.066978; 1791425816.066975; 0; 0; 0; 0
EST TCP_QUEUE; 2026-10-08-02:16:56; 1791425816.120449; 1791425816.120445; 0; 0; 0; 0
EST TCP_QUEUE; 2026-10-08-02:16:56; 1791425816.168102; 1791425816.168099; 0; 0; 0; 0
EST TCP_QUEUE; 2026-10-08-02:16:56; 1791425816.211872; 1791425816.211869; 0; 0; 0; 0
EST TCP_QUEUE; 2026-10-08-02:16:56; 1791425816.303271; 1791425816.303268; 0; 0; 0; 0
EST TCP_QUEUE; 2026-10-08-02:16:56; 1791425816.362799; 1791425816.362797; 0; 0; 0; 0
EST TCP_QUEUE; 2026-10-08-02:16:56; 1791425816.446022; 1791425816.446020; 0; 0; 0; 0
EST TCP_QUEUE; 2026-10-08-02:16:56; 1791425816.498443; 1791425816.498440; 0; 0; 0; 0
EST TCP_QUEUE; 2026-10-08-02:16:56; 1791425816.544731; 1791425816.544728; 0; 0; 0; 0
EST TCP_QUEUE; 2026-10-08-02:16:56; 1791425816.585280; 1791425816.585278; 0; 0; 0; 0
EST TCP_QUEUE; 2026-10-08-02:16:56; 1791425816.643775; 1791425816.643772; 1; 142; 0; 0
EST TCP_QUEUE; 2026-10-08-02:16:56; 1791425816.702160; 1791425816.702158; 1; 142; 0; 0
EST TCP_QUEUE; 2026-10-08-02:16:56; 1791425816.754016; 1791425816.754013; 1; 142; 0; 0
EST TCP_QUEUE; 2026-10-08-02:16:56; 1791425816.818073; 1791425816.818070; 0; 0; 0; 0
EST TCP_QUEUE; 2026-10-08-02:16:56; 1791425816.867563; 1791425816.867561; 0; 0; 0; 0
EST TCP_QUEUE; 2026-10-08-02:16:56; 1791425816.909747; 1791425816.909744; 0; 0; 0; 0
EST TCP_QUEUE; 2026-10-08-02:16:56; 1791425816.968781; 1791425816.968778; 0; 0; 0; 0
EST TCP_QUEUE; 2026-10-08-02:16:57; 1791425817.026363; 1791425817.026361; 0; 0; 0; 0
EST TCP_QUEUE; 2026-10-08-02:16:57; 1791425817.077047; 1791425817.077044; 0; 0; 0; 0
EST TCP_QUEUE; 2026-10-08-02:16:57; 1791425817.129017; 1791425817.129014; 0; 0; 0; 0
EST TCP_QUEUE; 2026-10-08-02:16:57; 1791425817.178747; 1791425817.178743; 0; 0; 0; 0
EST TCP_QUEUE; 2026-10-08-02:16:57; 1791425817.221601; 1791425817.221599; 0; 0; 0; 0
EST TCP_QUEUE; 2026-10-08-02:16:57; 1791425817.306899; 1791425817.306897; 0; 0; 0; 0
EST TCP_QUEUE; 2026-10-08-02:16:57; 1791425817.368694; 1791425817.368691; 0; 0; 0; 0
EST TCP_QUEUE; 2026-10-08-02:16:57; 1791425817.419670; 1791425817.419666; 0; 0; 0; 0
EST TCP_QUEUE; 2026-10-08-02:16:57; 1791425817.474338; 1791425817.474334; 0; 0; 0; 0
EST TCP_QUEUE; 2026-10-08-02:16:57; 1791425817.523641; 1791425817.523639; 0; 0; 0; 0
EST TCP_QUEUE; 2026-10-08-02:16:57; 1791425817.565303; 1791425817.565301; 0; 0; 0; 0
EST TCP_QUEUE; 2026-10-08-02:16:57; 1791425817.623001; 1791425817.622999; 0; 0; 0; 0
EST TCP_QUEUE; 2026-10-08-02:16:57; 1791425817.689002; 1791425817.688999; 1; 985; 0; 0
EST TCP_QUEUE; 2026-10-08-02:16:57; 1791425817.739399; 1791425817.739397; 1; 985; 0; 0
EST TCP_QUEUE; 2026-10-08-02:16:57; 1791425817.795703; 1791425817.795700; 1; 985; 0; 0
EST TCP_QUEUE; 2026-10-08-02:16:57; 1791425817.876582; 1791425817.876579; 0; 0; 0; 0
EST TCP_QUEUE; 2026-10-08-02:16:57; 1791425817.951358; 1791425817.951355; 0; 0; 0; 0
EST TCP_QUEUE; 2026-10-08-02:16:58; 1791425818.008780; 1791425818.008778; 0; 0; 0; 0
EST TCP_QUEUE; 2026-10-08-02:16:58; 1791425818.065486; 1791425818.065483; 0; 0; 0; 0
EST TCP_QUEUE; 2026-10-08-02:16:58; 1791425818.116133; 1791425818.116129; 0; 0; 0; 0
EST TCP_QUEUE; 2026-10-08-02:16:58; 1791425818.170847; 1791425818.170844; 0; 0; 0; 0
EST TCP_QUEUE; 2026-10-08-02:16:58; 1791425818.217999; 1791425818.217997; 0; 0; 0; 0
EST TCP_QUEUE; 2026-10-08-02:16:58; 1791425818.302509; 1791425818.302506; 0; 0; 0; 0
EST TCP_QUEUE; 2026-10-08-02:16:58; 1791425818.364379; 1791425818.364376; 0; 0; 0; 0
EST TCP_QUEUE; 2026-10-08-02:16:58; 1791425818.420176; 1791425818.420174; 0; 0; 0; 0
EST TCP_QUEUE; 2026-10-08-02:16:58; 1791425818.471032; 1791425818.471029; 0; 0; 0; 0
EST TCP_QUEUE; 2026-10-08-02:16:58; 1791425818.524878; 1791425818.524875; 0; 0; 0; 0
EST TCP_QUEUE; 2026-10-08-02:16:58; 1791425818.571156; 1791425818.571154; 0; 0; 0; 0
EST TCP_QUEUE; 2026-10-08-02:16:58; 1791425818.615995; 1791425818.615992; 0; 0; 0; 0
EST TCP_QUEUE; 2026-10-08-02:16:58; 1791425818.672582; 1791425818.672579; 0; 0; 0; 0
EST TCP_QUEUE; 2026-10-08-02:16:58; 1791425818.726969; 1791425818.726967; 0; 0; 0; 0
EST TCP_QUEUE; 2026-10-08-02:16:58; 1791425818.784781; 1791425818.784779; 1; 314; 0; 0
EST TCP_QUEUE; 2026-10-08-02:16:58; 1791425818.837914; 1791425818.837911; 1; 314; 0; 0
EST TCP_QUEUE; 2026-10-08-02:16:58; 1791425818.910343; 1791425818.910340; 0; 0; 0; 0
EST TCP_QUEUE; 2026-10-08-02:16:58; 1791425818.953967; 1791425818.953964; 0; 0; 0; 0
EST TCP_QUEUE; 2026-10-08-02:16:59; 1791425819.014119; 1791425819.014116; 0; 0; 0; 0
EST TCP_QUEUE; 2026-10-08-02:16:59; 1791425819.067812; 1791425819.067807; 0; 0; 0; 0
EST TCP_QUEUE; 2026-10-08-02:16:59; 1791425819.126337; 1791425819.126334; 0; 0; 0; 0
EST TCP_QUEUE; 2026-10-08-02:16:59; 1791425819.178436; 1791425819.178434; 0; 0; 0; 0
EST TCP_QUEUE; 2026-10-08-02:16:59; 1791425819.227039; 1791425819.227033; 0; 0; 0; 0
EST TCP_QUEUE; 2026-10-08-02:16:59; 1791425819.274951; 1791425819.274943; 0; 0; 0; 0
EST TCP_QUEUE; 2026-10-08-02:16:59; 1791425819.357170; 1791425819.357166; 0; 0; 0; 0
EST TCP_QUEUE; 2026-10-08-02:16:59; 1791425819.417102; 1791425819.417099; 0; 0; 0; 0
EST TCP_QUEUE; 2026-10-08-02:16:59; 1791425819.485090; 1791425819.485087; 0; 0; 0; 0
EST TCP_QUEUE; 2026-10-08-02:16:59; 1791425819.539403; 1791425819.539399; 0; 0; 0; 0
EST TCP_QUEUE; 2026-10-08-02:16:59; 1791425819.585442; 1791425819.585439; 0; 0; 0; 0
EST TCP_QUEUE; 2026-10-08-02:16:59; 1791425819.626789; 1791425819.626786; 0; 0; 0; 0
EST TCP_QUEUE; 2026-10-08-02:16:59; 1791425819.717946; 1791425819.717943; 0; 0; 0; 0
EST TCP_QUEUE; 2026-10-08-02:16:59; 1791425819.773949; 1791425819.773946; 0; 0; 0; 0
EST TCP_QUEUE; 2026-10-08-02:16:59; 1791425819.824627; 1791425819.824624; 1; 374; 0; 0
EST TCP_QUEUE; 2026-10-08-02:16:59; 1791425819.879127; 1791425819.879122; 1; 374; 0; 0
EST TCP_QUEUE; 2026-10-08-02:16:59; 1791425819.930642; 1791425819.930638; 1; 374; 0; 0
EST TCP_QUEUE; 2026-10-08-02:17:00; 1791425820.010954; 1791425820.010951; 0; 0; 0; 0
EST TCP_QUEUE; 2026-10-08-02:17:00; 1791425820.070866; 1791425820.070863; 0; 0; 0; 0
EST TCP_QUEUE; 2026-10-08-02:17:00; 1791425820.124905; 1791425820.124902; 0; 0; 0; 0
EST TCP_QUEUE; 2026-10-08-02:17:00; 1791425820.179352; 1791425820.179349; 0; 0; 0; 0
WAN 02:17:01.075400 IP (tos 0x0, ttl 55, id 0, offset 0, flags [DF], proto TCP (6), length 60)
WAN     184.30.153.127.443 > 192.168.2.70.49166: Flags [S.], cksum 0x6d6f (correct), seq 3227183725, ack 1190504127, win 65160, options [mss 1460,sackOK,TS val 817022241 ecr 3394153729,nop,wscale 7], length 0
LAN 02:17:01.075640 IP (tos 0x0, ttl 54, id 0, offset 0, flags [DF], proto TCP (6), length 60)
LAN     184.30.153.127.443 > 192.168.56.1.49166: Flags [S.], cksum 0xa7dd (correct), seq 3227183725, ack 1190504127, win 65160, options [mss 1460,sackOK,nop,nop,nop,nop,nop,nop,nop,nop,nop,nop,nop,wscale 7], length 0
EST TCP_QUEUE; 2026-10-08-02:17:00; 1791425820.235747; 1791425820.235744; 0; 0; 0; 0
EST TCP_QUEUE; 2026-10-08-02:17:00; 1791425820.306286; 1791425820.306284; 0; 0; 0; 0
EST TCP_QUEUE; 2026-10-08-02:17:00; 1791425820.350464; 1791425820.350461; 0; 0; 0; 0
EST TCP_QUEUE; 2026-10-08-02:17:00; 1791425820.435291; 1791425820.435289; 0; 0; 0; 0
EST TCP_QUEUE; 2026-10-08-02:17:00; 1791425820.493601; 1791425820.493598; 0; 0; 0; 0
EST TCP_QUEUE; 2026-10-08-02:17:00; 1791425820.543674; 1791425820.543672; 0; 0; 0; 0
EST TCP_QUEUE; 2026-10-08-02:17:00; 1791425820.599584; 1791425820.599581; 0; 0; 0; 0
EST TCP_QUEUE; 2026-10-08-02:17:00; 1791425820.646202; 1791425820.646199; 0; 0; 0; 0
EST TCP_QUEUE; 2026-10-08-02:17:00; 1791425820.712922; 1791425820.712919; 0; 0; 0; 0
EST TCP_QUEUE; 2026-10-08-02:17:00; 1791425820.771408; 1791425820.771405; 0; 0; 0; 0
EST TCP_QUEUE; 2026-10-08-02:17:00; 1791425820.827754; 1791425820.827750; 1; 497; 0; 0
EST TCP_QUEUE; 2026-10-08-02:17:00; 1791425820.879764; 1791425820.879761; 1; 497; 0; 0
EST TCP_QUEUE; 2026-10-08-02:17:00; 1791425820.934569; 1791425820.934567; 1; 497; 0; 0
EST TCP_QUEUE; 2026-10-08-02:17:00; 1791425820.993169; 1791425820.993166; 0; 0; 0; 0
EST TCP_QUEUE; 2026-10-08-02:17:01; 1791425821.037718; 1791425821.037716; 0; 0; 0; 0
EST TCP_QUEUE; 2026-10-08-02:17:01; 1791425821.094221; 1791425821.094218; 1; 0; 0; 0
EST TCP_QUEUE; 2026-10-08-02:17:01; 1791425821.149239; 1791425821.149236; 1; 0; 0; 0
EST TCP_QUEUE; 2026-10-08-02:17:01; 1791425821.201657; 1791425821.201655; 1; 0; 0; 0
EST TCP_QUEUE; 2026-10-08-02:17:01; 1791425821.257958; 1791425821.257956; 1; 0; 0; 0
EST TCP_QUEUE; 2026-10-08-02:17:01; 1791425821.305765; 1791425821.305763; 0; 0; 0; 0
EST TCP_QUEUE; 2026-10-08-02:17:01; 1791425821.357104; 1791425821.357101; 0; 0; 0; 0
EST TCP_QUEUE; 2026-10-08-02:17:01; 1791425821.415360; 1791425821.415357; 0; 0; 0; 0
EST TCP_QUEUE; 2026-10-08-02:17:01; 1791425821.471226; 1791425821.471224; 0; 0; 0; 0
EST TCP_QUEUE; 2026-10-08-02:17:01; 1791425821.534386; 1791425821.534383; 1; 0; 0; 0
EST TCP_QUEUE; 2026-10-08-02:17:01; 1791425821.585965; 1791425821.585962; 1; 0; 1; 0
EST TCP_QUEUE; 2026-10-08-02:17:01; 1791425821.633574; 1791425821.633571; 1; 0; 1; 0
EST TCP_QUEUE; 2026-10-08-02:17:01; 1791425821.702304; 1791425821.702301; 0; 0; 0; 0
EST TCP_QUEUE; 2026-10-08-02:17:01; 1791425821.805969; 1791425821.805966; 0; 0; 0; 0
EST TCP_QUEUE; 2026-10-08-02:17:01; 1791425821.835736; 1791425821.835734; 0; 0; 0; 0
EST TCP_QUEUE; 2026-10-08-02:17:01; 1791425821.888093; 1791425821.888090; 1; 704; 0; 0
EST TCP_QUEUE; 2026-10-08-02:17:01; 1791425821.950353; 1791425821.950350; 1; 704; 0; 0
EST TCP_QUEUE; 2026-10-08-02:17:01; 1791425821.990512; 1791425821.990509; 1; 704; 0; 0
EST TCP_QUEUE; 2026-10-08-02:17:02; 1791425822.058236; 1791425822.058231; 1; 704; 0; 0
EST TCP_QUEUE; 2026-10-08-02:17:02; 1791425822.115757; 1791425822.115753; 0; 0; 0; 0
EST TCP_QUEUE; 2026-10-08-02:17:02; 1791425822.179036; 1791425822.179034; 0; 0; 0; 0
EST TCP_QUEUE; 2026-10-08-02:17:02; 1791425822.237140; 1791425822.237137; 0; 0; 0; 0
EST TCP_QUEUE; 2026-10-08-02:17:02; 1791425822.298434; 1791425822.298430; 0; 0; 0; 0
EST TCP_QUEUE; 2026-10-08-02:17:02; 1791425822.349849; 1791425822.349846; 0; 0; 0; 0
EST TCP_QUEUE; 2026-10-08-02:17:02; 1791425822.412795; 1791425822.412793; 1; 0; 0; 0
EST TCP_QUEUE; 2026-10-08-02:17:02; 1791425822.491861; 1791425822.491858; 1; 0; 0; 0
EST TCP_QUEUE; 2026-10-08-02:17:02; 1791425822.548616; 1791425822.548613; 1; 0; 0; 0
EST TCP_QUEUE; 2026-10-08-02:17:02; 1791425822.608249; 1791425822.608247; 0; 0; 0; 0
EST TCP_QUEUE; 2026-10-08-02:17:02; 1791425822.660672; 1791425822.660669; 0; 0; 0; 0
EST TCP_QUEUE; 2026-10-08-02:17:02; 1791425822.709923; 1791425822.709921; 0; 0; 0; 0
EST TCP_QUEUE; 2026-10-08-02:17:02; 1791425822.806757; 1791425822.806755; 0; 0; 0; 0
EST TCP_QUEUE; 2026-10-08-02:17:02; 1791425822.865680; 1791425822.865678; 0; 0; 0; 0
EST TCP_QUEUE; 2026-10-08-02:17:02; 1791425822.932113; 1791425822.932107; 1; 1708; 0; 0
EST TCP_QUEUE; 2026-10-08-02:17:02; 1791425822.983805; 1791425822.983802; 1; 1708; 0; 0
EST TCP_QUEUE; 2026-10-08-02:17:03; 1791425823.110894; 1791425823.110891; 0; 0; 0; 0
EST TCP_QUEUE; 2026-10-08-02:17:03; 1791425823.155117; 1791425823.155114; 1; 775; 1; 342
EST TCP_QUEUE; 2026-10-08-02:17:03; 1791425823.200872; 1791425823.200869; 1; 246; 1; 342
EST TCP_QUEUE; 2026-10-08-02:17:03; 1791425823.259608; 1791425823.259606; 1; 246; 1; 342
EST TCP_QUEUE; 2026-10-08-02:17:03; 1791425823.352586; 1791425823.352583; 1; 246; 0; 0
EST TCP_QUEUE; 2026-10-08-02:17:03; 1791425823.404034; 1791425823.404032; 0; 0; 0; 0
EST TCP_QUEUE; 2026-10-08-02:17:03; 1791425823.490982; 1791425823.490979; 0; 0; 0; 0
EST TCP_QUEUE; 2026-10-08-02:17:03; 1791425823.553790; 1791425823.553787; 0; 0; 0; 0
EST TCP_QUEUE; 2026-10-08-02:17:03; 1791425823.601725; 1791425823.601721; 0; 0; 0; 0
EST TCP_QUEUE; 2026-10-08-02:17:03; 1791425823.656744; 1791425823.656742; 0; 0; 0; 0
EST TCP_QUEUE; 2026-10-08-02:17:03; 1791425823.723201; 1791425823.723198; 0; 0; 0; 0
EST TCP_QUEUE; 2026-10-08-02:17:03; 1791425823.787025; 1791425823.787023; 0; 0; 0; 0
EST TCP_QUEUE; 2026-10-08-02:17:03; 1791425823.846174; 1791425823.846171; 0; 0; 0; 0
EST TCP_QUEUE; 2026-10-08-02:17:03; 1791425823.899656; 1791425823.899653; 0; 0; 0; 0
EST TCP_QUEUE; 2026-10-08-02:17:03; 1791425823.952740; 1791425823.952737; 0; 0; 0; 0
EST TCP_QUEUE; 2026-10-08-02:17:04; 1791425824.013955; 1791425824.013953; 1; 651; 0; 0
EST TCP_QUEUE; 2026-10-08-02:17:04; 1791425824.107529; 1791425824.107527; 1; 651; 0; 0
EST TCP_QUEUE; 2026-10-08-02:17:04; 1791425824.157644; 1791425824.157640; 1; 651; 0; 0
EST TCP_QUEUE; 2026-10-08-02:17:04; 1791425824.209953; 1791425824.209951; 0; 0; 0; 0
EST TCP_QUEUE; 2026-10-08-02:17:04; 1791425824.258279; 1791425824.258274; 0; 0; 0; 0
EST TCP_QUEUE; 2026-10-08-02:17:04; 1791425824.306220; 1791425824.306216; 0; 0; 0; 0
EST TCP_QUEUE; 2026-10-08-02:17:04; 1791425824.405874; 1791425824.405871; 0; 0; 0; 0
EST TCP_QUEUE; 2026-10-08-02:17:04; 1791425824.464423; 1791425824.464420; 0; 0; 0; 0
EST TCP_QUEUE; 2026-10-08-02:17:04; 1791425824.516807; 1791425824.516804; 0; 0; 0; 0
EST TCP_QUEUE; 2026-10-08-02:17:04; 1791425824.568631; 1791425824.568628; 0; 0; 0; 0
EST TCP_QUEUE; 2026-10-08-02:17:04; 1791425824.618316; 1791425824.618314; 0; 0; 0; 0
EST TCP_QUEUE; 2026-10-08-02:17:04; 1791425824.662498; 1791425824.662496; 0; 0; 0; 0
EST TCP_QUEUE; 2026-10-08-02:17:04; 1791425824.721576; 1791425824.721573; 1; 0; 0; 0
EST TCP_QUEUE; 2026-10-08-02:17:04; 1791425824.776083; 1791425824.776080; 1; 0; 0; 0
EST TCP_QUEUE; 2026-10-08-02:17:04; 1791425824.826476; 1791425824.826473; 1; 0; 0; 0
EST TCP_QUEUE; 2026-10-08-02:17:04; 1791425824.883752; 1791425824.883749; 0; 0; 0; 0
EST TCP_QUEUE; 2026-10-08-02:17:04; 1791425824.962585; 1791425824.962581; 0; 0; 0; 0
EST TCP_QUEUE; 2026-10-08-02:17:05; 1791425825.005106; 1791425825.005102; 0; 0; 0; 0
EST TCP_QUEUE; 2026-10-08-02:17:05; 1791425825.067321; 1791425825.067318; 1; 633; 0; 0
EST TCP_QUEUE; 2026-10-08-02:17:05; 1791425825.122302; 1791425825.122300; 1; 633; 0; 0
EST TCP_QUEUE; 2026-10-08-02:17:05; 1791425825.201493; 1791425825.201490; 0; 0; 0; 0
EST TCP_QUEUE; 2026-10-08-02:17:05; 1791425825.252585; 1791425825.252583; 0; 0; 0; 0
EST TCP_QUEUE; 2026-10-08-02:17:05; 1791425825.298843; 1791425825.298840; 0; 0; 0; 0
EST TCP_QUEUE; 2026-10-08-02:17:05; 1791425825.340580; 1791425825.340576; 0; 0; 0; 0
EST TCP_QUEUE; 2026-10-08-02:17:05; 1791425825.398031; 1791425825.398029; 0; 0; 0; 0
EST TCP_QUEUE; 2026-10-08-02:17:05; 1791425825.452610; 1791425825.452607; 0; 0; 0; 0
EST TCP_QUEUE; 2026-10-08-02:17:05; 1791425825.507124; 1791425825.507119; 0; 0; 0; 0
EST TCP_QUEUE; 2026-10-08-02:17:05; 1791425825.559699; 1791425825.559696; 0; 0; 0; 0
EST TCP_QUEUE; 2026-10-08-02:17:05; 1791425825.606150; 1791425825.606147; 0; 0; 0; 0
EST TCP_QUEUE; 2026-10-08-02:17:05; 1791425825.647233; 1791425825.647230; 0; 0; 0; 0
EST TCP_QUEUE; 2026-10-08-02:17:05; 1791425825.706675; 1791425825.706672; 0; 0; 0; 0
EST TCP_QUEUE; 2026-10-08-02:17:05; 1791425825.760925; 1791425825.760922; 0; 0; 0; 0
EST TCP_QUEUE; 2026-10-08-02:17:05; 1791425825.811548; 1791425825.811545; 0; 0; 0; 0
EST TCP_QUEUE; 2026-10-08-02:17:05; 1791425825.863938; 1791425825.863935; 0; 0; 0; 0
EST TCP_QUEUE; 2026-10-08-02:17:05; 1791425825.909993; 1791425825.909991; 0; 0; 0; 0
EST TCP_QUEUE; 2026-10-08-02:17:05; 1791425825.953542; 1791425825.953539; 0; 0; 0; 0
EST TCP_QUEUE; 2026-10-08-02:17:06; 1791425826.012268; 1791425826.012264; 0; 0; 0; 0
EST TCP_QUEUE; 2026-10-08-02:17:06; 1791425826.064112; 1791425826.064108; 0; 0; 0; 0
EST TCP_QUEUE; 2026-10-08-02:17:06; 1791425826.116341; 1791425826.116337; 1; 872; 0; 0
EST TCP_QUEUE; 2026-10-08-02:17:06; 1791425826.168599; 1791425826.168595; 1; 872; 0; 0
EST TCP_QUEUE; 2026-10-08-02:17:06; 1791425826.212483; 1791425826.212480; 1; 872; 0; 0
EST TCP_QUEUE; 2026-10-08-02:17:06; 1791425826.265804; 1791425826.265800; 1; 872; 0; 0
EST TCP_QUEUE; 2026-10-08-02:17:06; 1791425826.328974; 1791425826.328971; 0; 0; 0; 0
EST TCP_QUEUE; 2026-10-08-02:17:06; 1791425826.385578; 1791425826.385575; 0; 0; 0; 0
EST TCP_QUEUE; 2026-10-08-02:17:06; 1791425826.438079; 1791425826.438077; 0; 0; 0; 0
EST TCP_QUEUE; 2026-10-08-02:17:06; 1791425826.490107; 1791425826.490104; 0; 0; 0; 0
EST TCP_QUEUE; 2026-10-08-02:17:06; 1791425826.536137; 1791425826.536134; 0; 0; 0; 0
EST TCP_QUEUE; 2026-10-08-02:17:06; 1791425826.577608; 1791425826.577606; 0; 0; 0; 0
EST TCP_QUEUE; 2026-10-08-02:17:06; 1791425826.637693; 1791425826.637691; 0; 0; 0; 0
EST TCP_QUEUE; 2026-10-08-02:17:06; 1791425826.692226; 1791425826.692222; 0; 0; 0; 0
EST TCP_QUEUE; 2026-10-08-02:17:06; 1791425826.744173; 1791425826.744170; 0; 0; 0; 0
EST TCP_QUEUE; 2026-10-08-02:17:06; 1791425826.798390; 1791425826.798388; 0; 0; 0; 0
EST TCP_QUEUE; 2026-10-08-02:17:06; 1791425826.844663; 1791425826.844659; 0; 0; 0; 0
EST TCP_QUEUE; 2026-10-08-02:17:06; 1791425826.912734; 1791425826.912732; 0; 0; 0; 0
EST TCP_QUEUE; 2026-10-08-02:17:06; 1791425826.971982; 1791425826.971980; 0; 0; 0; 0
EST TCP_QUEUE; 2026-10-08-02:17:07; 1791425827.025129; 1791425827.025126; 0; 0; 0; 0
EST TCP_QUEUE; 2026-10-08-02:17:07; 1791425827.085285; 1791425827.085282; 0; 0; 0; 0
EST TCP_QUEUE; 2026-10-08-02:17:07; 1791425827.150253; 1791425827.150251; 1; 272; 0; 0
EST TCP_QUEUE; 2026-10-08-02:17:07; 1791425827.230080; 1791425827.230077; 1; 272; 0; 0
EST TCP_QUEUE; 2026-10-08-02:17:07; 1791425827.272146; 1791425827.272143; 0; 0; 0; 0
EST TCP_QUEUE; 2026-10-08-02:17:07; 1791425827.331580; 1791425827.331577; 0; 0; 0; 0
EST TCP_QUEUE; 2026-10-08-02:17:07; 1791425827.387980; 1791425827.387976; 0; 0; 0; 0
EST TCP_QUEUE; 2026-10-08-02:17:07; 1791425827.438745; 1791425827.438743; 0; 0; 0; 0
EST TCP_QUEUE; 2026-10-08-02:17:07; 1791425827.494905; 1791425827.494902; 0; 0; 0; 0
EST TCP_QUEUE; 2026-10-08-02:17:07; 1791425827.572875; 1791425827.572873; 0; 0; 0; 0
EST TCP_QUEUE; 2026-10-08-02:17:07; 1791425827.622285; 1791425827.622282; 0; 0; 0; 0
EST TCP_QUEUE; 2026-10-08-02:17:07; 1791425827.685289; 1791425827.685285; 0; 0; 0; 0
EST TCP_QUEUE; 2026-10-08-02:17:07; 1791425827.738860; 1791425827.738857; 0; 0; 0; 0
EST TCP_QUEUE; 2026-10-08-02:17:07; 1791425827.795198; 1791425827.795195; 0; 0; 0; 0
EST TCP_QUEUE; 2026-10-08-02:17:07; 1791425827.893815; 1791425827.893812; 0; 0; 0; 0
EST TCP_QUEUE; 2026-10-08-02:17:07; 1791425827.968029; 1791425827.968026; 0; 0; 0; 0
EST TCP_QUEUE; 2026-10-08-02:17:08; 1791425828.008632; 1791425828.008630; 0; 0; 0; 0
EST TCP_QUEUE; 2026-10-08-02:17:08; 1791425828.074851; 1791425828.074849; 0; 0; 0; 0
EST TCP_QUEUE; 2026-10-08-02:17:08; 1791425828.132116; 1791425828.132113; 0; 0; 0; 0
EST TCP_QUEUE; 2026-10-08-02:17:08; 1791425828.185165; 1791425828.185162; 1; 245; 0; 0
WAN 02:17:09.213640 IP (tos 0x0, ttl 127, id 33257, offset 0, flags [DF], proto TCP (6), length 64)
WAN     192.168.2.70.17688 > 150.171.110.151.443: Flags [S], cksum 0x8994 (correct), seq 956034324, win 65535, options [mss 1460,nop,wscale 8,nop,nop,sackOK,nop,nop,TS val 3394153729 ecr 0], length 0
WAN 02:17:09.259219 IP (tos 0x0, ttl 48, id 0, offset 0, flags [DF], proto TCP (6), length 60)
WAN     150.171.110.151.443 > 192.168.2.70.17688: Flags [S.], cksum 0xb51c (correct), seq 3628310645, ack 956034325, win 65535, options [mss 1440,sackOK,TS val 880097617 ecr 3394153729,nop,wscale 9], length 0
LAN 02:17:09.213349 IP (tos 0x0, ttl 128, id 33257, offset 0, flags [DF], proto TCP (6), length 52)
LAN     192.168.56.1.17688 > 150.171.110.151.443: Flags [S], cksum 0x0441 (correct), seq 956034324, win 65535, options [mss 1460,nop,wscale 8,nop,nop,sackOK], length 0
LAN 02:17:09.259526 IP (tos 0x0, ttl 47, id 0, offset 0, flags [DF], proto TCP (6), length 60)
LAN     150.171.110.151.443 > 192.168.56.1.17688: Flags [S.], cksum 0x677d (correct), seq 3628310645, ack 956034325, win 65535, options [mss 1440,sackOK,nop,nop,nop,nop,nop,nop,nop,nop,nop,nop,nop,wscale 9], length 0
EST TCP_QUEUE; 2026-10-08-02:17:08; 1791425828.246118; 1791425828.246116; 1; 245; 0; 0
EST TCP_QUEUE; 2026-10-08-02:17:08; 1791425828.295041; 1791425828.295038; 0; 0; 0; 0
EST TCP_QUEUE; 2026-10-08-02:17:08; 1791425828.338762; 1791425828.338759; 0; 0; 0; 0
EST TCP_QUEUE; 2026-10-08-02:17:08; 1791425828.396746; 1791425828.396743; 0; 0; 0; 0
EST TCP_QUEUE; 2026-10-08-02:17:08; 1791425828.452499; 1791425828.452496; 0; 0; 0; 0
EST TCP_QUEUE; 2026-10-08-02:17:08; 1791425828.504754; 1791425828.504751; 0; 0; 0; 0
EST TCP_QUEUE; 2026-10-08-02:17:08; 1791425828.566390; 1791425828.566386; 0; 0; 0; 0
EST TCP_QUEUE; 2026-10-08-02:17:08; 1791425828.613232; 1791425828.613229; 0; 0; 0; 0
EST TCP_QUEUE; 2026-10-08-02:17:08; 1791425828.676089; 1791425828.676085; 0; 0; 0; 0
EST TCP_QUEUE; 2026-10-08-02:17:08; 1791425828.813558; 1791425828.813555; 0; 0; 0; 0
EST TCP_QUEUE; 2026-10-08-02:17:08; 1791425828.868532; 1791425828.868530; 0; 0; 0; 0
EST TCP_QUEUE; 2026-10-08-02:17:08; 1791425828.918443; 1791425828.918440; 0; 0; 0; 0
EST TCP_QUEUE; 2026-10-08-02:17:08; 1791425828.976413; 1791425828.976410; 0; 0; 0; 0
EST TCP_QUEUE; 2026-10-08-02:17:09; 1791425829.016933; 1791425829.016929; 0; 0; 0; 0
EST TCP_QUEUE; 2026-10-08-02:17:09; 1791425829.106959; 1791425829.106958; 0; 0; 0; 0
EST TCP_QUEUE; 2026-10-08-02:17:09; 1791425829.174265; 1791425829.174262; 1; 942; 0; 0
EST TCP_QUEUE; 2026-10-08-02:17:09; 1791425829.226472; 1791425829.226470; 1; 567; 0; 0
EST TCP_QUEUE; 2026-10-08-02:17:09; 1791425829.279024; 1791425829.279022; 1; 567; 0; 0
EST TCP_QUEUE; 2026-10-08-02:17:09; 1791425829.331134; 1791425829.331132; 1; 567; 0; 0
EST TCP_QUEUE; 2026-10-08-02:17:09; 1791425829.382055; 1791425829.382052; 0; 0; 0; 0
EST TCP_QUEUE; 2026-10-08-02:17:09; 1791425829.423020; 1791425829.423016; 0; 0; 0; 0
EST TCP_QUEUE; 2026-10-08-02:17:09; 1791425829.480544; 1791425829.480541; 0; 0; 0; 0
EST TCP_QUEUE; 2026-10-08-02:17:09; 1791425829.538635; 1791425829.538631; 0; 0; 0; 0
EST TCP_QUEUE; 2026-10-08-02:17:09; 1791425829.591162; 1791425829.591159; 0; 0; 0; 0
EST TCP_QUEUE; 2026-10-08-02:17:09; 1791425829.647525; 1791425829.647522; 0; 0; 0; 0
EST TCP_QUEUE; 2026-10-08-02:17:09; 1791425829.704956; 1791425829.704953; 0; 0; 0; 0
EST TCP_QUEUE; 2026-10-08-02:17:09; 1791425829.747387; 1791425829.747385; 0; 0; 0; 0
EST TCP_QUEUE; 2026-10-08-02:17:09; 1791425829.804297; 1791425829.804295; 0; 0; 0; 0
EST TCP_QUEUE; 2026-10-08-02:17:09; 1791425829.860878; 1791425829.860875; 0; 0; 0; 0
EST TCP_QUEUE; 2026-10-08-02:17:09; 1791425829.915099; 1791425829.915097; 0; 0; 0; 0
EST TCP_QUEUE; 2026-10-08-02:17:09; 1791425829.969576; 1791425829.969573; 0; 0; 0; 0
EST TCP_QUEUE; 2026-10-08-02:17:10; 1791425830.013232; 1791425830.013229; 0; 0; 0; 0
EST TCP_QUEUE; 2026-10-08-02:17:10; 1791425830.058829; 1791425830.058827; 0; 0; 0; 0
EST TCP_QUEUE; 2026-10-08-02:17:10; 1791425830.130369; 1791425830.130367; 0; 0; 0; 0
EST TCP_QUEUE; 2026-10-08-02:17:10; 1791425830.195780; 1791425830.195777; 0; 0; 0; 0
LAN 02:17:11.107335 IP (tos 0x0, ttl 63, id 57395, offset 0, flags [DF], proto TCP (6), length 60)
LAN     192.168.56.1.11844 > 172.64.155.209.443: Flags [S], cksum 0x4586 (correct), seq 696337238, win 65280, options [mss 1280,sackOK,TS val 2344131296 ecr 0,nop,wscale 9], length 0
LAN 02:17:11.144183 IP (tos 0x0, ttl 55, id 0, offset 0, flags [DF], proto TCP (6), length 60)
LAN     172.64.155.209.443 > 192.168.56.1.11844: Flags [S.], cksum 0x70a7 (correct), seq 3407202066, ack 696337239, win 65535, options [mss 1400,sackOK,TS val 1509353267 ecr 2344131296,nop,wscale 13], length 0
WAN 02:17:11.107609 IP (tos 0x0, ttl 62, id 57395, offset 0, flags [DF], proto TCP (6), length 60)
WAN     192.168.2.70.11844 > 172.64.155.209.443: Flags [S], cksum 0x7b41 (correct), seq 696337238, win 65280, options [mss 1280,sackOK,TS val 2344131296 ecr 0,nop,wscale 9], length 0
WAN 02:17:11.143855 IP (tos 0x0, ttl 56, id 0, offset 0, flags [DF], proto TCP (6), length 60)
WAN     172.64.155.209.443 > 192.168.2.70.11844: Flags [S.], cksum 0xa662 (correct), seq 3407202066, ack 696337239, win 65535, options [mss 1400,sackOK,TS val 1509353267 ecr 2344131296,nop,wscale 13], length 0
EST TCP_QUEUE; 2026-10-08-02:17:10; 1791425830.254384; 1791425830.254381; 1; 11; 0; 0
EST TCP_QUEUE; 2026-10-08-02:17:10; 1791425830.306829; 1791425830.306827; 1; 11; 0; 0
EST TCP_QUEUE; 2026-10-08-02:17:10; 1791425830.358405; 1791425830.358402; 1; 11; 0; 0
EST TCP_QUEUE; 2026-10-08-02:17:10; 1791425830.402298; 1791425830.402294; 0; 0; 0; 0
EST TCP_QUEUE; 2026-10-08-02:17:10; 1791425830.475606; 1791425830.475604; 0; 0; 0; 0
EST TCP_QUEUE; 2026-10-08-02:17:10; 1791425830.529588; 1791425830.529585; 0; 0; 0; 0
EST TCP_QUEUE; 2026-10-08-02:17:10; 1791425830.584022; 1791425830.584020; 0; 0; 0; 0
EST TCP_QUEUE; 2026-10-08-02:17:10; 1791425830.636363; 1791425830.636360; 0; 0; 0; 0
EST TCP_QUEUE; 2026-10-08-02:17:10; 1791425830.686236; 1791425830.686234; 0; 0; 0; 0
EST TCP_QUEUE; 2026-10-08-02:17:10; 1791425830.731744; 1791425830.731742; 0; 0; 0; 0
EST TCP_QUEUE; 2026-10-08-02:17:10; 1791425830.795152; 1791425830.795149; 0; 0; 0; 0
EST TCP_QUEUE; 2026-10-08-02:17:10; 1791425830.848153; 1791425830.848151; 0; 0; 0; 0
EST TCP_QUEUE; 2026-10-08-02:17:10; 1791425830.900157; 1791425830.900154; 0; 0; 0; 0
EST TCP_QUEUE; 2026-10-08-02:17:10; 1791425830.954424; 1791425830.954421; 0; 0; 0; 0
EST TCP_QUEUE; 2026-10-08-02:17:11; 1791425831.020108; 1791425831.020105; 0; 0; 0; 0
EST TCP_QUEUE; 2026-10-08-02:17:11; 1791425831.063566; 1791425831.063564; 0; 0; 0; 0
EST TCP_QUEUE; 2026-10-08-02:17:11; 1791425831.120664; 1791425831.120660; 1; 65; 0; 0
EST TCP_QUEUE; 2026-10-08-02:17:11; 1791425831.174970; 1791425831.174967; 1; 65; 0; 0
EST TCP_QUEUE; 2026-10-08-02:17:11; 1791425831.258017; 1791425831.258014; 1; 0; 0; 0
EST TCP_QUEUE; 2026-10-08-02:17:11; 1791425831.309668; 1791425831.309665; 1; 0; 0; 0
EST TCP_QUEUE; 2026-10-08-02:17:11; 1791425831.356998; 1791425831.356994; 1; 0; 0; 0
EST TCP_QUEUE; 2026-10-08-02:17:11; 1791425831.400800; 1791425831.400793; 1; 543; 0; 0
EST TCP_QUEUE; 2026-10-08-02:17:11; 1791425831.457284; 1791425831.457280; 1; 543; 0; 0
EST TCP_QUEUE; 2026-10-08-02:17:11; 1791425831.511090; 1791425831.511086; 0; 0; 0; 0
EST TCP_QUEUE; 2026-10-08-02:17:11; 1791425831.561643; 1791425831.561638; 0; 0; 0; 0
EST TCP_QUEUE; 2026-10-08-02:17:11; 1791425831.614193; 1791425831.614189; 0; 0; 0; 0
EST TCP_QUEUE; 2026-10-08-02:17:11; 1791425831.663136; 1791425831.663134; 0; 0; 0; 0
WAN 02:17:11.940045 IP (tos 0x0, ttl 62, id 9375, offset 0, flags [DF], proto TCP (6), length 60)
WAN     192.168.2.70.11890 > 140.82.114.6.443: Flags [S], cksum 0xeeec (correct), seq 1065806271, win 65280, options [mss 1280,sackOK,TS val 1604247659 ecr 0,nop,wscale 9], length 0
WAN 02:17:11.981605 IP (tos 0x0, ttl 239, id 0, offset 0, flags [DF], proto TCP (6), length 60)
WAN     140.82.114.6.443 > 192.168.2.70.11890: Flags [S.], cksum 0xb761 (correct), seq 1484268398, ack 1065806272, win 65535, options [mss 1436,sackOK,TS val 1928021772 ecr 1604247659,nop,wscale 10], length 0
LAN 02:17:11.939779 IP (tos 0x0, ttl 63, id 9375, offset 0, flags [DF], proto TCP (6), length 60)
LAN     192.168.56.1.11890 > 140.82.114.6.443: Flags [S], cksum 0xb931 (correct), seq 1065806271, win 65280, options [mss 1280,sackOK,TS val 1604247659 ecr 0,nop,wscale 9], length 0
LAN 02:17:11.981944 IP (tos 0x0, ttl 238, id 0, offset 0, flags [DF], proto TCP (6), length 60)
LAN     140.82.114.6.443 > 192.168.56.1.11890: Flags [S.], cksum 0x81a6 (correct), seq 1484268398, ack 1065806272, win 65535, options [mss 1436,sackOK,TS val 1928021772 ecr 1604247659,nop,wscale 10], length 0
WAN 02:17:12.359808 IP (tos 0x0, ttl 62, id 41525, offset 0, flags [DF], proto TCP (6), length 60)
WAN     192.168.2.70.11900 > 140.82.114.6.443: Flags [S], cksum 0x6fb4 (correct), seq 694302091, win 65280, options [mss 1280,sackOK,TS val 2145651117 ecr 0,nop,wscale 9], length 0
WAN 02:17:12.373038 IP (tos 0x0, ttl 62, id 47697, offset 0, flags [DF], proto TCP (6), length 60)
WAN     192.168.2.70.11906 > 140.82.114.6.443: Flags [S], cksum 0x0693 (correct), seq 471962773, win 65280, options [mss 1280,sackOK,TS val 2797009452 ecr 0,nop,wscale 9], length 0
LAN 02:17:12.359120 IP (tos 0x0, ttl 63, id 41525, offset 0, flags [DF], proto TCP (6), length 60)
LAN     192.168.56.1.11900 > 140.82.114.6.443: Flags [S], cksum 0x39f9 (correct), seq 694302091, win 65280, options [mss 1280,sackOK,TS val 2145651117 ecr 0,nop,wscale 9], length 0
LAN 02:17:12.372604 IP (tos 0x0, ttl 63, id 47697, offset 0, flags [DF], proto TCP (6), length 60)
LAN     192.168.56.1.11906 > 140.82.114.6.443: Flags [S], cksum 0xd0d7 (correct), seq 471962773, win 65280, options [mss 1280,sackOK,TS val 2797009452 ecr 0,nop,wscale 9], length 0
WAN 02:17:12.402567 IP (tos 0x0, ttl 42, id 0, offset 0, flags [DF], proto TCP (6), length 60)
WAN     140.82.114.6.443 > 192.168.2.70.11900: Flags [S.], cksum 0x7c7c (correct), seq 1355417805, ack 694302092, win 65535, options [mss 1436,sackOK,TS val 648638794 ecr 2145651117,nop,wscale 10], length 0
WAN 02:17:12.417503 IP (tos 0x0, ttl 42, id 0, offset 0, flags [DF], proto TCP (6), length 60)
WAN     140.82.114.6.443 > 192.168.2.70.11906: Flags [S.], cksum 0x4f91 (correct), seq 1210907424, ack 471962774, win 65535, options [mss 1436,sackOK,TS val 2344674886 ecr 2797009452,nop,wscale 10], length 0
LAN 02:17:12.402893 IP (tos 0x0, ttl 41, id 0, offset 0, flags [DF], proto TCP (6), length 60)
LAN     140.82.114.6.443 > 192.168.56.1.11900: Flags [S.], cksum 0x46c1 (correct), seq 1355417805, ack 694302092, win 65535, options [mss 1436,sackOK,TS val 648638794 ecr 2145651117,nop,wscale 10], length 0
LAN 02:17:12.417893 IP (tos 0x0, ttl 41, id 0, offset 0, flags [DF], proto TCP (6), length 60)
LAN     140.82.114.6.443 > 192.168.56.1.11906: Flags [S.], cksum 0x19d6 (correct), seq 1210907424, ack 471962774, win 65535, options [mss 1436,sackOK,TS val 2344674886 ecr 2797009452,nop,wscale 10], length 0
WAN 02:17:12.681003 IP (tos 0x0, ttl 62, id 30039, offset 0, flags [DF], proto TCP (6), length 60)
WAN     192.168.2.70.11878 > 160.79.104.10.443: Flags [S], cksum 0x3fda (correct), seq 3792772266, win 65280, options [mss 1280,sackOK,TS val 984798463 ecr 0,nop,wscale 9], length 0
LAN 02:17:12.680678 IP (tos 0x0, ttl 63, id 30039, offset 0, flags [DF], proto TCP (6), length 60)
LAN     192.168.56.1.11878 > 160.79.104.10.443: Flags [S], cksum 0x0a1f (correct), seq 3792772266, win 65280, options [mss 1280,sackOK,TS val 984798463 ecr 0,nop,wscale 9], length 0
EST TCP_QUEUE; 2026-10-08-02:17:11; 1791425831.711372; 1791425831.711368; 0; 0; 0; 0
EST TCP_QUEUE; 2026-10-08-02:17:11; 1791425831.769784; 1791425831.769780; 0; 0; 0; 0
EST TCP_QUEUE; 2026-10-08-02:17:11; 1791425831.824133; 1791425831.824130; 0; 0; 0; 0
EST TCP_QUEUE; 2026-10-08-02:17:11; 1791425831.873724; 1791425831.873722; 0; 0; 0; 0
EST TCP_QUEUE; 2026-10-08-02:17:11; 1791425831.928341; 1791425831.928338; 0; 0; 0; 0
EST TCP_QUEUE; 2026-10-08-02:17:11; 1791425831.975082; 1791425831.975080; 1; 462; 0; 0
EST TCP_QUEUE; 2026-10-08-02:17:12; 1791425832.018679; 1791425832.018676; 1; 462; 0; 0
EST TCP_QUEUE; 2026-10-08-02:17:12; 1791425832.093508; 1791425832.093504; 0; 0; 0; 0
EST TCP_QUEUE; 2026-10-08-02:17:12; 1791425832.132455; 1791425832.132452; 0; 0; 0; 0
EST TCP_QUEUE; 2026-10-08-02:17:12; 1791425832.183381; 1791425832.183379; 0; 0; 0; 0
WAN 02:17:12.710103 IP (tos 0x0, ttl 56, id 0, offset 0, flags [DF], proto TCP (6), length 60)
WAN     160.79.104.10.443 > 192.168.2.70.11878: Flags [S.], cksum 0xce13 (correct), seq 3553401183, ack 3792772267, win 65535, options [mss 1460,sackOK,TS val 956549582 ecr 984798463,nop,wscale 13], length 0
WAN 02:17:12.755619 IP (tos 0x0, ttl 62, id 42057, offset 0, flags [DF], proto TCP (6), length 60)
WAN     192.168.2.70.11820 > 140.82.114.6.443: Flags [S], cksum 0xae2c (correct), seq 824391429, win 65280, options [mss 1280,sackOK,TS val 4122954862 ecr 0,nop,wscale 9], length 0
LAN 02:17:12.710422 IP (tos 0x0, ttl 55, id 0, offset 0, flags [DF], proto TCP (6), length 60)
LAN     160.79.104.10.443 > 192.168.56.1.11878: Flags [S.], cksum 0x9858 (correct), seq 3553401183, ack 3792772267, win 65535, options [mss 1460,sackOK,TS val 956549582 ecr 984798463,nop,wscale 13], length 0
LAN 02:17:12.755326 IP (tos 0x0, ttl 63, id 42057, offset 0, flags [DF], proto TCP (6), length 60)
LAN     192.168.56.1.11820 > 140.82.114.6.443: Flags [S], cksum 0x7871 (correct), seq 824391429, win 65280, options [mss 1280,sackOK,TS val 4122954862 ecr 0,nop,wscale 9], length 0
LAN 02:17:12.798328 IP (tos 0x0, ttl 42, id 0, offset 0, flags [DF], proto TCP (6), length 60)
LAN     140.82.114.6.443 > 192.168.56.1.11820: Flags [S.], cksum 0x9b6d (correct), seq 2290460247, ack 824391430, win 65535, options [mss 1436,sackOK,TS val 3722432153 ecr 4122954862,nop,wscale 10], length 0
WAN 02:17:12.797730 IP (tos 0x0, ttl 43, id 0, offset 0, flags [DF], proto TCP (6), length 60)
WAN     140.82.114.6.443 > 192.168.2.70.11820: Flags [S.], cksum 0xd128 (correct), seq 2290460247, ack 824391430, win 65535, options [mss 1436,sackOK,TS val 3722432153 ecr 4122954862,nop,wscale 10], length 0
LAN 02:17:13.495670 IP (tos 0x0, ttl 63, id 34627, offset 0, flags [DF], proto TCP (6), length 60)
LAN     192.168.56.1.11828 > 140.82.114.6.443: Flags [S], cksum 0x910e (correct), seq 3213353933, win 65280, options [mss 1280,sackOK,TS val 26930369 ecr 0,nop,wscale 9], length 0
WAN 02:17:13.495966 IP (tos 0x0, ttl 62, id 34627, offset 0, flags [DF], proto TCP (6), length 60)
WAN     192.168.2.70.11828 > 140.82.114.6.443: Flags [S], cksum 0xc6c9 (correct), seq 3213353933, win 65280, options [mss 1280,sackOK,TS val 26930369 ecr 0,nop,wscale 9], length 0
LAN 02:17:13.539697 IP (tos 0x0, ttl 45, id 0, offset 0, flags [DF], proto TCP (6), length 60)
LAN     140.82.114.6.443 > 192.168.56.1.11828: Flags [S.], cksum 0xb60f (correct), seq 3175682288, ack 3213353934, win 65535, options [mss 1436,sackOK,TS val 1907202410 ecr 26930369,nop,wscale 10], length 0
WAN 02:17:13.539373 IP (tos 0x0, ttl 46, id 0, offset 0, flags [DF], proto TCP (6), length 60)
WAN     140.82.114.6.443 > 192.168.2.70.11828: Flags [S.], cksum 0xebca (correct), seq 3175682288, ack 3213353934, win 65535, options [mss 1436,sackOK,TS val 1907202410 ecr 26930369,nop,wscale 10], length 0
EST TCP_QUEUE; 2026-10-08-02:17:12; 1791425832.235721; 1791425832.235717; 0; 0; 0; 0
EST TCP_QUEUE; 2026-10-08-02:17:12; 1791425832.281759; 1791425832.281756; 0; 0; 0; 0
EST TCP_QUEUE; 2026-10-08-02:17:12; 1791425832.324024; 1791425832.324020; 0; 0; 0; 0
EST TCP_QUEUE; 2026-10-08-02:17:12; 1791425832.387190; 1791425832.387186; 1; 196; 0; 0
EST TCP_QUEUE; 2026-10-08-02:17:12; 1791425832.443348; 1791425832.443345; 1; 196; 0; 0
EST TCP_QUEUE; 2026-10-08-02:17:12; 1791425832.494088; 1791425832.494086; 0; 0; 0; 0
EST TCP_QUEUE; 2026-10-08-02:17:12; 1791425832.548027; 1791425832.548023; 1; 699; 1; 0
EST TCP_QUEUE; 2026-10-08-02:17:12; 1791425832.601637; 1791425832.601635; 1; 699; 1; 0
EST TCP_QUEUE; 2026-10-08-02:17:12; 1791425832.646632; 1791425832.646628; 1; 699; 1; 0
EST TCP_QUEUE; 2026-10-08-02:17:12; 1791425832.702940; 1791425832.702937; 1; 67; 1; 1054
EST TCP_QUEUE; 2026-10-08-02:17:12; 1791425832.756431; 1791425832.756429; 1; 67; 1; 1054
EST TCP_QUEUE; 2026-10-08-02:17:12; 1791425832.810249; 1791425832.810245; 1; 67; 1; 1054
EST TCP_QUEUE; 2026-10-08-02:17:12; 1791425832.862748; 1791425832.862742; 1; 67; 1; 1054
EST TCP_QUEUE; 2026-10-08-02:17:12; 1791425832.922505; 1791425832.922490; 1; 1570; 0; 0
EST TCP_QUEUE; 2026-10-08-02:17:12; 1791425832.974397; 1791425832.974385; 0; 0; 0; 0
EST TCP_QUEUE; 2026-10-08-02:17:13; 1791425833.036824; 1791425833.036651; 0; 0; 0; 0
EST TCP_QUEUE; 2026-10-08-02:17:13; 1791425833.090334; 1791425833.090322; 0; 0; 0; 0
EST TCP_QUEUE; 2026-10-08-02:17:13; 1791425833.157482; 1791425833.157472; 0; 0; 0; 0
WAN 02:17:14.115753 IP (tos 0x0, ttl 62, id 58242, offset 0, flags [DF], proto TCP (6), length 60)
LAN 02:17:14.115469 IP (tos 0x0, ttl 63, id 58242, offset 0, flags [DF], proto TCP (6), length 60)
LAN     192.168.56.1.11830 > 140.82.114.6.443: Flags [S], cksum 0xfb2c (correct), seq 2867001207, win 65280, options [mss 1280,sackOK,TS val 2878396837 ecr 0,nop,wscale 9], length 0
LAN 02:17:14.159068 IP (tos 0x0, ttl 47, id 0, offset 0, flags [DF], proto TCP (6), length 60)
LAN     140.82.114.6.443 > 192.168.56.1.11830: Flags [S.], cksum 0x9286 (correct), seq 4078632069, ack 2867001208, win 65535, options [mss 1436,sackOK,TS val 3168582267 ecr 2878396837,nop,wscale 10], length 0
WAN     192.168.2.70.11830 > 140.82.114.6.443: Flags [S], cksum 0x30e8 (correct), seq 2867001207, win 65280, options [mss 1280,sackOK,TS val 2878396837 ecr 0,nop,wscale 9], length 0
WAN 02:17:14.158745 IP (tos 0x0, ttl 48, id 0, offset 0, flags [DF], proto TCP (6), length 60)
WAN     140.82.114.6.443 > 192.168.2.70.11830: Flags [S.], cksum 0xc841 (correct), seq 4078632069, ack 2867001208, win 65535, options [mss 1436,sackOK,TS val 3168582267 ecr 2878396837,nop,wscale 10], length 0
WAN 02:17:14.489309 IP (tos 0x0, ttl 62, id 50119, offset 0, flags [DF], proto TCP (6), length 60)
WAN     192.168.2.70.11832 > 140.82.114.6.443: Flags [S], cksum 0x059d (correct), seq 1270622161, win 65280, options [mss 1280,sackOK,TS val 3048286619 ecr 0,nop,wscale 9], length 0
LAN 02:17:14.488970 IP (tos 0x0, ttl 63, id 50119, offset 0, flags [DF], proto TCP (6), length 60)
LAN     192.168.56.1.11832 > 140.82.114.6.443: Flags [S], cksum 0xcfe1 (correct), seq 1270622161, win 65280, options [mss 1280,sackOK,TS val 3048286619 ecr 0,nop,wscale 9], length 0
WAN 02:17:14.531100 IP (tos 0x0, ttl 48, id 0, offset 0, flags [DF], proto TCP (6), length 60)
WAN     140.82.114.6.443 > 192.168.2.70.11832: Flags [S.], cksum 0xdbf2 (correct), seq 4115014295, ack 1270622162, win 65535, options [mss 1436,sackOK,TS val 1139067962 ecr 3048286619,nop,wscale 10], length 0
LAN 02:17:14.531392 IP (tos 0x0, ttl 47, id 0, offset 0, flags [DF], proto TCP (6), length 60)
LAN     140.82.114.6.443 > 192.168.56.1.11832: Flags [S.], cksum 0xa637 (correct), seq 4115014295, ack 1270622162, win 65535, options [mss 1436,sackOK,TS val 1139067962 ecr 3048286619,nop,wscale 10], length 0
EST TCP_QUEUE; 2026-10-08-02:17:13; 1791425833.221340; 1791425833.221338; 0; 0; 0; 0
EST TCP_QUEUE; 2026-10-08-02:17:13; 1791425833.300374; 1791425833.300372; 0; 0; 0; 0
EST TCP_QUEUE; 2026-10-08-02:17:13; 1791425833.392180; 1791425833.392177; 0; 0; 0; 0
EST TCP_QUEUE; 2026-10-08-02:17:13; 1791425833.450271; 1791425833.450268; 0; 0; 0; 0
EST TCP_QUEUE; 2026-10-08-02:17:13; 1791425833.505947; 1791425833.505945; 0; 0; 0; 0
EST TCP_QUEUE; 2026-10-08-02:17:13; 1791425833.564877; 1791425833.564875; 0; 0; 0; 0
EST TCP_QUEUE; 2026-10-08-02:17:13; 1791425833.622373; 1791425833.622370; 0; 0; 0; 0
EST TCP_QUEUE; 2026-10-08-02:17:13; 1791425833.675526; 1791425833.675523; 0; 0; 0; 0
EST TCP_QUEUE; 2026-10-08-02:17:13; 1791425833.717272; 1791425833.717269; 0; 0; 0; 0
EST TCP_QUEUE; 2026-10-08-02:17:13; 1791425833.778949; 1791425833.778947; 1; 0; 1; 4790
EST TCP_QUEUE; 2026-10-08-02:17:13; 1791425833.836809; 1791425833.836806; 1; 0; 1; 4790
EST TCP_QUEUE; 2026-10-08-02:17:13; 1791425833.889371; 1791425833.889367; 1; 0; 1; 4790
EST TCP_QUEUE; 2026-10-08-02:17:13; 1791425833.947482; 1791425833.947479; 1; 0; 1; 4790
EST TCP_QUEUE; 2026-10-08-02:17:13; 1791425833.997274; 1791425833.997272; 0; 0; 0; 0
EST TCP_QUEUE; 2026-10-08-02:17:14; 1791425834.039142; 1791425834.039139; 0; 0; 0; 0
EST TCP_QUEUE; 2026-10-08-02:17:14; 1791425834.100544; 1791425834.100542; 0; 0; 0; 0
EST TCP_QUEUE; 2026-10-08-02:17:14; 1791425834.155097; 1791425834.155094; 0; 0; 0; 0
EST TCP_QUEUE; 2026-10-08-02:17:14; 1791425834.207777; 1791425834.207774; 0; 0; 0; 0
EST TCP_QUEUE; 2026-10-08-02:17:14; 1791425834.260228; 1791425834.260225; 0; 0; 0; 0
EST TCP_QUEUE; 2026-10-08-02:17:14; 1791425834.308009; 1791425834.308006; 0; 0; 0; 0
EST TCP_QUEUE; 2026-10-08-02:17:14; 1791425834.354864; 1791425834.354859; 0; 0; 0; 0
EST TCP_QUEUE; 2026-10-08-02:17:14; 1791425834.414143; 1791425834.414140; 0; 0; 0; 0
EST TCP_QUEUE; 2026-10-08-02:17:14; 1791425834.475578; 1791425834.475576; 0; 0; 0; 0
EST TCP_QUEUE; 2026-10-08-02:17:14; 1791425834.525308; 1791425834.525305; 0; 0; 0; 0
EST TCP_QUEUE; 2026-10-08-02:17:14; 1791425834.580957; 1791425834.580954; 0; 0; 0; 0
EST TCP_QUEUE; 2026-10-08-02:17:14; 1791425834.630081; 1791425834.630079; 0; 0; 0; 0
EST TCP_QUEUE; 2026-10-08-02:17:14; 1791425834.670934; 1791425834.670930; 0; 0; 0; 0
EST TCP_QUEUE; 2026-10-08-02:17:14; 1791425834.744601; 1791425834.744598; 0; 0; 0; 0
EST TCP_QUEUE; 2026-10-08-02:17:14; 1791425834.800752; 1791425834.800749; 1; 163; 1; 1642
EST TCP_QUEUE; 2026-10-08-02:17:14; 1791425834.850733; 1791425834.850730; 1; 0; 1; 1642
EST TCP_QUEUE; 2026-10-08-02:17:14; 1791425834.906983; 1791425834.906980; 1; 0; 1; 0
EST TCP_QUEUE; 2026-10-08-02:17:14; 1791425834.955025; 1791425834.955023; 1; 0; 1; 0
EST TCP_QUEUE; 2026-10-08-02:17:15; 1791425835.004679; 1791425835.004675; 1; 0; 1; 1642
EST TCP_QUEUE; 2026-10-08-02:17:15; 1791425835.064816; 1791425835.064813; 1; 0; 1; 1642
EST TCP_QUEUE; 2026-10-08-02:17:15; 1791425835.118542; 1791425835.118538; 1; 451; 1; 0
EST TCP_QUEUE; 2026-10-08-02:17:15; 1791425835.211762; 1791425835.211757; 1; 130; 1; 0
EST TCP_QUEUE; 2026-10-08-02:17:15; 1791425835.269623; 1791425835.269611; 1; 0; 1; 0
EST TCP_QUEUE; 2026-10-08-02:17:15; 1791425835.312453; 1791425835.312446; 1; 0; 1; 0
EST TCP_QUEUE; 2026-10-08-02:17:15; 1791425835.356338; 1791425835.356333; 1; 0; 1; 0
EST TCP_QUEUE; 2026-10-08-02:17:15; 1791425835.413432; 1791425835.413430; 1; 0; 1; 0
EST TCP_QUEUE; 2026-10-08-02:17:15; 1791425835.468754; 1791425835.468749; 1; 23; 1; 2272
EST TCP_QUEUE; 2026-10-08-02:17:15; 1791425835.520472; 1791425835.520469; 1; 23; 1; 0
EST TCP_QUEUE; 2026-10-08-02:17:15; 1791425835.572225; 1791425835.572221; 1; 397; 1; 0
EST TCP_QUEUE; 2026-10-08-02:17:15; 1791425835.620040; 1791425835.620037; 1; 397; 1; 0
EST TCP_QUEUE; 2026-10-08-02:17:15; 1791425835.698983; 1791425835.698979; 0; 0; 0; 0
EST TCP_QUEUE; 2026-10-08-02:17:15; 1791425835.756048; 1791425835.756044; 0; 0; 0; 0
EST TCP_QUEUE; 2026-10-08-02:17:15; 1791425835.829605; 1791425835.829602; 0; 0; 0; 0
EST TCP_QUEUE; 2026-10-08-02:17:15; 1791425835.880811; 1791425835.880807; 1; 1088; 1; 2272
EST TCP_QUEUE; 2026-10-08-02:17:15; 1791425835.933573; 1791425835.933570; 1; 467; 1; 2272
EST TCP_QUEUE; 2026-10-08-02:17:15; 1791425835.980047; 1791425835.980043; 1; 144; 1; 0
EST TCP_QUEUE; 2026-10-08-02:17:16; 1791425836.023828; 1791425836.023823; 1; 0; 1; 0
EST TCP_QUEUE; 2026-10-08-02:17:16; 1791425836.083867; 1791425836.083860; 1; 0; 1; 1934
EST TCP_QUEUE; 2026-10-08-02:17:16; 1791425836.187171; 1791425836.187154; 1; 431; 1; 0
EST TCP_QUEUE; 2026-10-08-02:17:16; 1791425836.238759; 1791425836.238755; 1; 431; 1; 0
EST TCP_QUEUE; 2026-10-08-02:17:16; 1791425836.287231; 1791425836.287229; 1; 0; 1; 0
EST TCP_QUEUE; 2026-10-08-02:17:16; 1791425836.373830; 1791425836.373827; 0; 0; 0; 0
EST TCP_QUEUE; 2026-10-08-02:17:16; 1791425836.420325; 1791425836.420319; 1; 33; 1; 1970
EST TCP_QUEUE; 2026-10-08-02:17:16; 1791425836.479724; 1791425836.479719; 1; 33; 1; 0
EST TCP_QUEUE; 2026-10-08-02:17:16; 1791425836.533918; 1791425836.533914; 1; 33; 1; 0
EST TCP_QUEUE; 2026-10-08-02:17:16; 1791425836.584545; 1791425836.584540; 1; 634; 1; 0
EST TCP_QUEUE; 2026-10-08-02:17:16; 1791425836.638732; 1791425836.638728; 1; 554; 1; 0
EST TCP_QUEUE; 2026-10-08-02:17:16; 1791425836.713522; 1791425836.713518; 1; 554; 1; 0
WAN 02:17:17.300263 IP (tos 0x0, ttl 62, id 5830, offset 0, flags [DF], proto TCP (6), length 60)
WAN     192.168.2.70.11834 > 160.79.104.10.443: Flags [S], cksum 0xeccc (correct), seq 2089514798, win 65280, options [mss 1280,sackOK,TS val 199123471 ecr 0,nop,wscale 9], length 0
WAN 02:17:17.330118 IP (tos 0x0, ttl 56, id 0, offset 0, flags [DF], proto TCP (6), length 60)
LAN 02:17:17.299897 IP (tos 0x0, ttl 63, id 5830, offset 0, flags [DF], proto TCP (6), length 60)
LAN     192.168.56.1.11834 > 160.79.104.10.443: Flags [S], cksum 0xb711 (correct), seq 2089514798, win 65280, options [mss 1280,sackOK,TS val 199123471 ecr 0,nop,wscale 9], length 0
LAN 02:17:17.330497 IP (tos 0x0, ttl 55, id 0, offset 0, flags [DF], proto TCP (6), length 60)
LAN     160.79.104.10.443 > 192.168.56.1.11834: Flags [S.], cksum 0xdeb7 (correct), seq 2181078449, ack 2089514799, win 65535, options [mss 1460,sackOK,TS val 547395135 ecr 199123471,nop,wscale 13], length 0
WAN     160.79.104.10.443 > 192.168.2.70.11834: Flags [S.], cksum 0x1473 (correct), seq 2181078449, ack 2089514799, win 65535, options [mss 1460,sackOK,TS val 547395135 ecr 199123471,nop,wscale 13], length 0
EST TCP_QUEUE; 2026-10-08-02:17:16; 1791425836.767716; 1791425836.767714; 1; 1028; 1; 2164
EST TCP_QUEUE; 2026-10-08-02:17:16; 1791425836.826104; 1791425836.826101; 1; 1028; 1; 2164
EST TCP_QUEUE; 2026-10-08-02:17:16; 1791425836.919534; 1791425836.919532; 0; 0; 0; 0
EST TCP_QUEUE; 2026-10-08-02:17:16; 1791425836.977378; 1791425836.977376; 0; 0; 0; 0
EST TCP_QUEUE; 2026-10-08-02:17:17; 1791425837.029859; 1791425837.029857; 1; 0; 0; 0
EST TCP_QUEUE; 2026-10-08-02:17:17; 1791425837.076951; 1791425837.076928; 1; 706; 1; 2164
EST TCP_QUEUE; 2026-10-08-02:17:17; 1791425837.119633; 1791425837.119631; 1; 706; 1; 0
EST TCP_QUEUE; 2026-10-08-02:17:17; 1791425837.177397; 1791425837.177395; 1; 127; 1; 0
EST TCP_QUEUE; 2026-10-08-02:17:17; 1791425837.235144; 1791425837.235141; 1; 127; 1; 0
EST TCP_QUEUE; 2026-10-08-02:17:17; 1791425837.306952; 1791425837.306949; 0; 0; 0; 0
EST TCP_QUEUE; 2026-10-08-02:17:17; 1791425837.363495; 1791425837.363491; 0; 0; 0; 0
EST TCP_QUEUE; 2026-10-08-02:17:17; 1791425837.409245; 1791425837.409242; 0; 0; 0; 0
EST TCP_QUEUE; 2026-10-08-02:17:17; 1791425837.453576; 1791425837.453572; 0; 0; 0; 0
EST TCP_QUEUE; 2026-10-08-02:17:17; 1791425837.510704; 1791425837.510700; 0; 0; 0; 0
EST TCP_QUEUE; 2026-10-08-02:17:17; 1791425837.567449; 1791425837.567445; 0; 0; 0; 0
EST TCP_QUEUE; 2026-10-08-02:17:17; 1791425837.617619; 1791425837.617613; 0; 0; 0; 0
EST TCP_QUEUE; 2026-10-08-02:17:17; 1791425837.671885; 1791425837.671882; 0; 0; 0; 0
EST TCP_QUEUE; 2026-10-08-02:17:17; 1791425837.719560; 1791425837.719557; 0; 0; 0; 0
EST TCP_QUEUE; 2026-10-08-02:17:17; 1791425837.761251; 1791425837.761249; 0; 0; 0; 0
EST TCP_QUEUE; 2026-10-08-02:17:17; 1791425837.826813; 1791425837.826810; 0; 0; 0; 0
EST TCP_QUEUE; 2026-10-08-02:17:17; 1791425837.885027; 1791425837.885024; 0; 0; 0; 0
EST TCP_QUEUE; 2026-10-08-02:17:17; 1791425837.935488; 1791425837.935484; 0; 0; 0; 0
EST TCP_QUEUE; 2026-10-08-02:17:17; 1791425837.989808; 1791425837.989806; 0; 0; 0; 0
EST TCP_QUEUE; 2026-10-08-02:17:18; 1791425838.037916; 1791425838.037914; 1; 504; 0; 0
EST TCP_QUEUE; 2026-10-08-02:17:18; 1791425838.081425; 1791425838.081421; 1; 504; 0; 0
EST TCP_QUEUE; 2026-10-08-02:17:18; 1791425838.212883; 1791425838.212880; 0; 0; 0; 0
EST TCP_QUEUE; 2026-10-08-02:17:18; 1791425838.269099; 1791425838.269096; 0; 0; 0; 0
EST TCP_QUEUE; 2026-10-08-02:17:18; 1791425838.348521; 1791425838.348519; 0; 0; 0; 0
EST TCP_QUEUE; 2026-10-08-02:17:18; 1791425838.400892; 1791425838.400890; 0; 0; 0; 0
EST TCP_QUEUE; 2026-10-08-02:17:18; 1791425838.446717; 1791425838.446714; 0; 0; 0; 0
EST TCP_QUEUE; 2026-10-08-02:17:18; 1791425838.492266; 1791425838.492264; 0; 0; 0; 0
EST TCP_QUEUE; 2026-10-08-02:17:18; 1791425838.552202; 1791425838.552199; 0; 0; 0; 0
EST TCP_QUEUE; 2026-10-08-02:17:18; 1791425838.606628; 1791425838.606625; 0; 0; 0; 0
EST TCP_QUEUE; 2026-10-08-02:17:18; 1791425838.656938; 1791425838.656935; 0; 0; 0; 0
EST TCP_QUEUE; 2026-10-08-02:17:18; 1791425838.715537; 1791425838.715534; 0; 0; 0; 0
EST TCP_QUEUE; 2026-10-08-02:17:18; 1791425838.767340; 1791425838.767337; 0; 0; 0; 0
EST TCP_QUEUE; 2026-10-08-02:17:18; 1791425838.810165; 1791425838.810162; 0; 0; 0; 0
EST TCP_QUEUE; 2026-10-08-02:17:18; 1791425838.876314; 1791425838.876311; 0; 0; 0; 0
EST TCP_QUEUE; 2026-10-08-02:17:18; 1791425838.932408; 1791425838.932405; 0; 0; 0; 0
EST TCP_QUEUE; 2026-10-08-02:17:18; 1791425838.986414; 1791425838.986412; 0; 0; 0; 0
EST TCP_QUEUE; 2026-10-08-02:17:19; 1791425839.038875; 1791425839.038872; 0; 0; 0; 0
EST TCP_QUEUE; 2026-10-08-02:17:19; 1791425839.085209; 1791425839.085206; 1; 582; 0; 0
EST TCP_QUEUE; 2026-10-08-02:17:19; 1791425839.126764; 1791425839.126762; 1; 582; 0; 0
EST TCP_QUEUE; 2026-10-08-02:17:19; 1791425839.188320; 1791425839.188317; 1; 582; 0; 0
EST TCP_QUEUE; 2026-10-08-02:17:19; 1791425839.306931; 1791425839.306928; 0; 0; 0; 0
EST TCP_QUEUE; 2026-10-08-02:17:19; 1791425839.358677; 1791425839.358675; 0; 0; 0; 0
EST TCP_QUEUE; 2026-10-08-02:17:19; 1791425839.442612; 1791425839.442609; 0; 0; 0; 0
EST TCP_QUEUE; 2026-10-08-02:17:19; 1791425839.490382; 1791425839.490379; 0; 0; 0; 0
EST TCP_QUEUE; 2026-10-08-02:17:19; 1791425839.532698; 1791425839.532695; 0; 0; 0; 0
EST TCP_QUEUE; 2026-10-08-02:17:19; 1791425839.592065; 1791425839.592062; 0; 0; 0; 0
EST TCP_QUEUE; 2026-10-08-02:17:19; 1791425839.646424; 1791425839.646421; 0; 0; 0; 0
EST TCP_QUEUE; 2026-10-08-02:17:19; 1791425839.696522; 1791425839.696520; 0; 0; 0; 0
EST TCP_QUEUE; 2026-10-08-02:17:19; 1791425839.809062; 1791425839.809059; 0; 0; 0; 0
EST TCP_QUEUE; 2026-10-08-02:17:19; 1791425839.870485; 1791425839.870482; 0; 0; 0; 0
EST TCP_QUEUE; 2026-10-08-02:17:19; 1791425839.912577; 1791425839.912575; 0; 0; 0; 0
EST TCP_QUEUE; 2026-10-08-02:17:19; 1791425839.971642; 1791425839.971639; 0; 0; 0; 0
EST TCP_QUEUE; 2026-10-08-02:17:20; 1791425840.025981; 1791425840.025978; 0; 0; 0; 0
EST TCP_QUEUE; 2026-10-08-02:17:20; 1791425840.080447; 1791425840.080444; 0; 0; 0; 0
EST TCP_QUEUE; 2026-10-08-02:17:20; 1791425840.133046; 1791425840.133043; 1; 846; 0; 0
EST TCP_QUEUE; 2026-10-08-02:17:20; 1791425840.179074; 1791425840.179071; 1; 846; 0; 0
EST TCP_QUEUE; 2026-10-08-02:17:20; 1791425840.226343; 1791425840.226341; 1; 846; 0; 0
EST TCP_QUEUE; 2026-10-08-02:17:20; 1791425840.284682; 1791425840.284679; 0; 0; 0; 0
EST TCP_QUEUE; 2026-10-08-02:17:20; 1791425840.383705; 1791425840.383702; 1; 852; 1; 0
EST TCP_QUEUE; 2026-10-08-02:17:20; 1791425840.470504; 1791425840.470501; 1; 124; 0; 0
EST TCP_QUEUE; 2026-10-08-02:17:20; 1791425840.528577; 1791425840.528574; 1; 124; 1; 0
EST TCP_QUEUE; 2026-10-08-02:17:20; 1791425840.578360; 1791425840.578357; 1; 788; 1; 0
EST TCP_QUEUE; 2026-10-08-02:17:20; 1791425840.624164; 1791425840.624160; 1; 788; 1; 0
EST TCP_QUEUE; 2026-10-08-02:17:20; 1791425840.680013; 1791425840.680010; 1; 970; 1; 0
EST TCP_QUEUE; 2026-10-08-02:17:20; 1791425840.736453; 1791425840.736450; 1; 645; 1; 0
EST TCP_QUEUE; 2026-10-08-02:17:20; 1791425840.784658; 1791425840.784655; 1; 213; 1; 474
EST TCP_QUEUE; 2026-10-08-02:17:20; 1791425840.838812; 1791425840.838810; 1; 213; 1; 0
EST TCP_QUEUE; 2026-10-08-02:17:20; 1791425840.884804; 1791425840.884802; 1; 451; 1; 0
EST TCP_QUEUE; 2026-10-08-02:17:20; 1791425840.926306; 1791425840.926304; 1; 141; 1; 0
EST TCP_QUEUE; 2026-10-08-02:17:20; 1791425840.989963; 1791425840.989960; 1; 141; 1; 1128
EST TCP_QUEUE; 2026-10-08-02:17:21; 1791425841.042274; 1791425841.042272; 1; 141; 1; 1128
EST TCP_QUEUE; 2026-10-08-02:17:21; 1791425841.100629; 1791425841.100626; 1; 197; 1; 0
EST TCP_QUEUE; 2026-10-08-02:17:21; 1791425841.148422; 1791425841.148419; 1; 37; 1; 0
EST TCP_QUEUE; 2026-10-08-02:17:21; 1791425841.193900; 1791425841.193898; 1; 37; 1; 0
EST TCP_QUEUE; 2026-10-08-02:17:21; 1791425841.244560; 1791425841.244557; 1; 37; 1; 0
EST TCP_QUEUE; 2026-10-08-02:17:21; 1791425841.302154; 1791425841.302152; 1; 205; 1; 0
EST TCP_QUEUE; 2026-10-08-02:17:21; 1791425841.377836; 1791425841.377834; 1; 205; 1; 2076
EST TCP_QUEUE; 2026-10-08-02:17:21; 1791425841.428707; 1791425841.428704; 1; 0; 1; 1584
EST TCP_QUEUE; 2026-10-08-02:17:21; 1791425841.483289; 1791425841.483287; 1; 0; 1; 1584
EST TCP_QUEUE; 2026-10-08-02:17:21; 1791425841.526909; 1791425841.526906; 1; 0; 1; 508
EST TCP_QUEUE; 2026-10-08-02:17:21; 1791425841.568533; 1791425841.568530; 1; 0; 1; 2076
EST TCP_QUEUE; 2026-10-08-02:17:21; 1791425841.626184; 1791425841.626181; 1; 0; 1; 2076
EST TCP_QUEUE; 2026-10-08-02:17:21; 1791425841.680993; 1791425841.680990; 1; 0; 1; 1728
EST TCP_QUEUE; 2026-10-08-02:17:21; 1791425841.733618; 1791425841.733616; 1; 0; 1; 157
EST TCP_QUEUE; 2026-10-08-02:17:21; 1791425841.785440; 1791425841.785437; 1; 523; 1; 157
EST TCP_QUEUE; 2026-10-08-02:17:21; 1791425841.831413; 1791425841.831410; 1; 523; 1; 0
EST TCP_QUEUE; 2026-10-08-02:17:21; 1791425841.875150; 1791425841.875147; 1; 821; 1; 0
EST TCP_QUEUE; 2026-10-08-02:17:21; 1791425841.935267; 1791425841.935264; 1; 251; 1; 0
EST TCP_QUEUE; 2026-10-08-02:17:21; 1791425841.989238; 1791425841.989235; 1; 251; 1; 0
EST TCP_QUEUE; 2026-10-08-02:17:22; 1791425842.041365; 1791425842.041362; 1; 251; 1; 0
EST TCP_QUEUE; 2026-10-08-02:17:22; 1791425842.093976; 1791425842.093975; 1; 414; 1; 442
EST TCP_QUEUE; 2026-10-08-02:17:22; 1791425842.139341; 1791425842.139338; 1; 414; 1; 442
EST TCP_QUEUE; 2026-10-08-02:17:22; 1791425842.181357; 1791425842.181355; 1; 403; 1; 1237
EST TCP_QUEUE; 2026-10-08-02:17:22; 1791425842.240857; 1791425842.240854; 1; 403; 1; 1237
EST TCP_QUEUE; 2026-10-08-02:17:22; 1791425842.294841; 1791425842.294839; 1; 844; 1; 0
EST TCP_QUEUE; 2026-10-08-02:17:22; 1791425842.390594; 1791425842.390591; 1; 275; 1; 1488
EST TCP_QUEUE; 2026-10-08-02:17:22; 1791425842.443249; 1791425842.443247; 1; 275; 1; 0
EST TCP_QUEUE; 2026-10-08-02:17:22; 1791425842.487363; 1791425842.487361; 1; 508; 1; 0
EST TCP_QUEUE; 2026-10-08-02:17:22; 1791425842.528361; 1791425842.528358; 1; 185; 1; 0
EST TCP_QUEUE; 2026-10-08-02:17:22; 1791425842.586286; 1791425842.586283; 1; 185; 1; 1001
EST TCP_QUEUE; 2026-10-08-02:17:22; 1791425842.641495; 1791425842.641492; 1; 185; 1; 0
EST TCP_QUEUE; 2026-10-08-02:17:22; 1791425842.690989; 1791425842.690986; 1; 715; 1; 0
EST TCP_QUEUE; 2026-10-08-02:17:22; 1791425842.743384; 1791425842.743382; 1; 715; 1; 0
EST TCP_QUEUE; 2026-10-08-02:17:22; 1791425842.793404; 1791425842.793402; 1; 912; 1; 544
EST TCP_QUEUE; 2026-10-08-02:17:22; 1791425842.834722; 1791425842.834719; 1; 184; 1; 544
EST TCP_QUEUE; 2026-10-08-02:17:22; 1791425842.895606; 1791425842.895603; 1; 184; 1; 1789
EST TCP_QUEUE; 2026-10-08-02:17:22; 1791425842.950445; 1791425842.950442; 1; 184; 1; 1789
EST TCP_QUEUE; 2026-10-08-02:17:23; 1791425843.001448; 1791425843.001444; 1; 472; 1; 714
EST TCP_QUEUE; 2026-10-08-02:17:23; 1791425843.096219; 1791425843.096216; 1; 628; 1; 324
EST TCP_QUEUE; 2026-10-08-02:17:23; 1791425843.143358; 1791425843.143356; 1; 628; 1; 324
EST TCP_QUEUE; 2026-10-08-02:17:23; 1791425843.185254; 1791425843.185251; 1; 840; 1; 0
LAN 02:17:23.915907 IP (tos 0x0, ttl 63, id 59132, offset 0, flags [DF], proto TCP (6), length 60)
LAN     192.168.56.1.11824 > 140.82.114.6.443: Flags [S], cksum 0xfa9e (correct), seq 586292815, win 65280, options [mss 1280,sackOK,TS val 1115399272 ecr 0,nop,wscale 9], length 0
LAN 02:17:23.958845 IP (tos 0x0, ttl 47, id 0, offset 0, flags [DF], proto TCP (6), length 60)
LAN     140.82.114.6.443 > 192.168.56.1.11824: Flags [S.], cksum 0xb2c1 (correct), seq 4255797671, ack 586292816, win 65535, options [mss 1436,sackOK,TS val 3673365482 ecr 1115399272,nop,wscale 10], length 0
WAN 02:17:23.916228 IP (tos 0x0, ttl 62, id 59132, offset 0, flags [DF], proto TCP (6), length 60)
WAN     192.168.2.70.11824 > 140.82.114.6.443: Flags [S], cksum 0x305a (correct), seq 586292815, win 65280, options [mss 1280,sackOK,TS val 1115399272 ecr 0,nop,wscale 9], length 0
WAN 02:17:23.958560 IP (tos 0x0, ttl 48, id 0, offset 0, flags [DF], proto TCP (6), length 60)
WAN     140.82.114.6.443 > 192.168.2.70.11824: Flags [S.], cksum 0xe87c (correct), seq 4255797671, ack 586292816, win 65535, options [mss 1436,sackOK,TS val 3673365482 ecr 1115399272,nop,wscale 10], length 0
EST TCP_QUEUE; 2026-10-08-02:17:23; 1791425843.242869; 1791425843.242866; 1; 840; 1; 0
EST TCP_QUEUE; 2026-10-08-02:17:23; 1791425843.295366; 1791425843.295363; 1; 1004; 1; 0
EST TCP_QUEUE; 2026-10-08-02:17:23; 1791425843.349664; 1791425843.349660; 1; 170; 1; 0
EST TCP_QUEUE; 2026-10-08-02:17:23; 1791425843.404268; 1791425843.404265; 1; 170; 1; 1972
EST TCP_QUEUE; 2026-10-08-02:17:23; 1791425843.454212; 1791425843.454208; 1; 170; 1; 1972
EST TCP_QUEUE; 2026-10-08-02:17:23; 1791425843.503329; 1791425843.503319; 1; 676; 1; 1158
EST TCP_QUEUE; 2026-10-08-02:17:23; 1791425843.554591; 1791425843.554586; 1; 676; 1; 1158
EST TCP_QUEUE; 2026-10-08-02:17:23; 1791425843.611882; 1791425843.611877; 1; 748; 1; 0
EST TCP_QUEUE; 2026-10-08-02:17:23; 1791425843.662964; 1791425843.662961; 1; 748; 1; 0
EST TCP_QUEUE; 2026-10-08-02:17:23; 1791425843.718391; 1791425843.718388; 1; 545; 1; 0
EST TCP_QUEUE; 2026-10-08-02:17:23; 1791425843.770944; 1791425843.770928; 1; 545; 1; 1986
EST TCP_QUEUE; 2026-10-08-02:17:23; 1791425843.808143; 1791425843.808140; 1; 545; 1; 1986
EST TCP_QUEUE; 2026-10-08-02:17:23; 1791425843.865442; 1791425843.865439; 1; 0; 1; 0
EST TCP_QUEUE; 2026-10-08-02:17:23; 1791425843.921504; 1791425843.921501; 1; 0; 1; 0
EST TCP_QUEUE; 2026-10-08-02:17:23; 1791425843.972085; 1791425843.972082; 1; 207; 1; 2190
EST TCP_QUEUE; 2026-10-08-02:17:24; 1791425844.026687; 1791425844.026684; 1; 207; 1; 1976
EST TCP_QUEUE; 2026-10-08-02:17:24; 1791425844.074381; 1791425844.074379; 1; 648; 1; 1271
EST TCP_QUEUE; 2026-10-08-02:17:24; 1791425844.135475; 1791425844.135473; 1; 45; 1; 1271
EST TCP_QUEUE; 2026-10-08-02:17:24; 1791425844.192903; 1791425844.192901; 1; 45; 1; 1292
EST TCP_QUEUE; 2026-10-08-02:17:24; 1791425844.247317; 1791425844.247314; 1; 45; 1; 0
EST TCP_QUEUE; 2026-10-08-02:17:24; 1791425844.304260; 1791425844.304257; 1; 163; 1; 0
EST TCP_QUEUE; 2026-10-08-02:17:24; 1791425844.356433; 1791425844.356430; 1; 0; 1; 0
EST TCP_QUEUE; 2026-10-08-02:17:24; 1791425844.402244; 1791425844.402240; 1; 0; 1; 0
EST TCP_QUEUE; 2026-10-08-02:17:24; 1791425844.443853; 1791425844.443851; 1; 0; 1; 0
EST TCP_QUEUE; 2026-10-08-02:17:24; 1791425844.504405; 1791425844.504403; 1; 344; 1; 1648
EST TCP_QUEUE; 2026-10-08-02:17:24; 1791425844.569259; 1791425844.569257; 1; 628; 1; 694
EST TCP_QUEUE; 2026-10-08-02:17:24; 1791425844.621654; 1791425844.621651; 1; 628; 1; 694
EST TCP_QUEUE; 2026-10-08-02:17:24; 1791425844.678333; 1791425844.678330; 1; 1064; 1; 901
EST TCP_QUEUE; 2026-10-08-02:17:24; 1791425844.724016; 1791425844.724012; 1; 429; 1; 901
EST TCP_QUEUE; 2026-10-08-02:17:24; 1791425844.765676; 1791425844.765673; 1; 429; 1; 901
EST TCP_QUEUE; 2026-10-08-02:17:24; 1791425844.823547; 1791425844.823544; 1; 318; 1; 0
EST TCP_QUEUE; 2026-10-08-02:17:24; 1791425844.887409; 1791425844.887406; 1; 318; 1; 0
EST TCP_QUEUE; 2026-10-08-02:17:24; 1791425844.940142; 1791425844.940139; 1; 318; 1; 0
EST TCP_QUEUE; 2026-10-08-02:17:24; 1791425844.992477; 1791425844.992475; 1; 464; 1; 2218
EST TCP_QUEUE; 2026-10-08-02:17:25; 1791425845.046229; 1791425845.046227; 1; 464; 1; 232
EST TCP_QUEUE; 2026-10-08-02:17:25; 1791425845.087800; 1791425845.087798; 1; 962; 1; 0
EST TCP_QUEUE; 2026-10-08-02:17:25; 1791425845.148970; 1791425845.148968; 1; 251; 1; 0
EST TCP_QUEUE; 2026-10-08-02:17:25; 1791425845.203586; 1791425845.203583; 1; 251; 1; 0
EST TCP_QUEUE; 2026-10-08-02:17:25; 1791425845.256054; 1791425845.256051; 1; 186; 1; 0
EST TCP_QUEUE; 2026-10-08-02:17:25; 1791425845.308519; 1791425845.308516; 1; 186; 1; 718
EST TCP_QUEUE; 2026-10-08-02:17:25; 1791425845.352502; 1791425845.352500; 1; 186; 1; 718
EST TCP_QUEUE; 2026-10-08-02:17:25; 1791425845.396130; 1791425845.396128; 1; 117; 1; 1912
EST TCP_QUEUE; 2026-10-08-02:17:25; 1791425845.453984; 1791425845.453982; 1; 117; 1; 0
EST TCP_QUEUE; 2026-10-08-02:17:25; 1791425845.509544; 1791425845.509540; 1; 117; 1; 0
EST TCP_QUEUE; 2026-10-08-02:17:25; 1791425845.560722; 1791425845.560719; 1; 117; 1; 0
EST TCP_QUEUE; 2026-10-08-02:17:25; 1791425845.615067; 1791425845.615064; 1; 730; 1; 655
EST TCP_QUEUE; 2026-10-08-02:17:25; 1791425845.663039; 1791425845.663036; 1; 730; 1; 655
WAN 02:17:26.564491 IP (tos 0x0, ttl 62, id 56470, offset 0, flags [DF], proto TCP (6), length 60)
WAN     192.168.2.70.11836 > 4.150.223.102.443: Flags [S], cksum 0x1c40 (correct), seq 423911369, win 65280, options [mss 1280,sackOK,TS val 1613790545 ecr 0,nop,wscale 9], length 0
WAN 02:17:26.588666 IP (tos 0x0, ttl 118, id 9799, offset 0, flags [DF], proto TCP (6), length 60)
WAN     4.150.223.102.443 > 192.168.2.70.11836: Flags [S.], cksum 0xac18 (correct), seq 3285824873, ack 423911370, win 65535, options [mss 1440,nop,wscale 8,sackOK,TS val 1210428687 ecr 1613790545], length 0
LAN 02:17:26.564226 IP (tos 0x0, ttl 63, id 56470, offset 0, flags [DF], proto TCP (6), length 60)
LAN     192.168.56.1.11836 > 4.150.223.102.443: Flags [S], cksum 0xe684 (correct), seq 423911369, win 65280, options [mss 1280,sackOK,TS val 1613790545 ecr 0,nop,wscale 9], length 0
LAN 02:17:26.589324 IP (tos 0x0, ttl 117, id 9799, offset 0, flags [DF], proto TCP (6), length 60)
LAN     4.150.223.102.443 > 192.168.56.1.11836: Flags [S.], cksum 0x765d (correct), seq 3285824873, ack 423911370, win 65535, options [mss 1440,nop,wscale 8,sackOK,TS val 1210428687 ecr 1613790545], length 0
EST TCP_QUEUE; 2026-10-08-02:17:25; 1791425845.704409; 1791425845.704406; 1; 730; 1; 0
EST TCP_QUEUE; 2026-10-08-02:17:25; 1791425845.765058; 1791425845.765054; 1; 730; 1; 0
EST TCP_QUEUE; 2026-10-08-02:17:25; 1791425845.828737; 1791425845.828724; 1; 889; 1; 0
EST TCP_QUEUE; 2026-10-08-02:17:25; 1791425845.885356; 1791425845.885350; 1; 0; 1; 0
EST TCP_QUEUE; 2026-10-08-02:17:25; 1791425845.937838; 1791425845.937832; 1; 0; 1; 0
EST TCP_QUEUE; 2026-10-08-02:17:25; 1791425845.985097; 1791425845.985094; 1; 0; 1; 0
EST TCP_QUEUE; 2026-10-08-02:17:26; 1791425846.040543; 1791425846.040540; 1; 0; 1; 0
EST TCP_QUEUE; 2026-10-08-02:17:26; 1791425846.101990; 1791425846.101987; 1; 76; 1; 0
EST TCP_QUEUE; 2026-10-08-02:17:26; 1791425846.156155; 1791425846.156152; 1; 76; 1; 0
EST TCP_QUEUE; 2026-10-08-02:17:26; 1791425846.208591; 1791425846.208588; 1; 0; 1; 0
EST TCP_QUEUE; 2026-10-08-02:17:26; 1791425846.263152; 1791425846.263148; 1; 0; 1; 0
EST TCP_QUEUE; 2026-10-08-02:17:26; 1791425846.314598; 1791425846.314595; 1; 0; 1; 2256
EST TCP_QUEUE; 2026-10-08-02:17:26; 1791425846.373621; 1791425846.373618; 1; 153; 1; 1759
EST TCP_QUEUE; 2026-10-08-02:17:26; 1791425846.445767; 1791425846.445762; 1; 153; 1; 1759
EST TCP_QUEUE; 2026-10-08-02:17:26; 1791425846.499188; 1791425846.499185; 1; 217; 1; 1791
EST TCP_QUEUE; 2026-10-08-02:17:26; 1791425846.549386; 1791425846.549383; 1; 217; 1; 1791
EST TCP_QUEUE; 2026-10-08-02:17:26; 1791425846.600966; 1791425846.600963; 1; 232; 1; 1917
EST TCP_QUEUE; 2026-10-08-02:17:26; 1791425846.650251; 1791425846.650246; 1; 232; 1; 1917
EST TCP_QUEUE; 2026-10-08-02:17:26; 1791425846.692870; 1791425846.692867; 1; 421; 1; 0
EST TCP_QUEUE; 2026-10-08-02:17:26; 1791425846.750782; 1791425846.750779; 1; 82; 1; 0
EST TCP_QUEUE; 2026-10-08-02:17:26; 1791425846.805030; 1791425846.805027; 1; 82; 1; 0
EST TCP_QUEUE; 2026-10-08-02:17:26; 1791425846.855961; 1791425846.855957; 1; 82; 1; 0
EST TCP_QUEUE; 2026-10-08-02:17:26; 1791425846.907992; 1791425846.907989; 1; 262; 1; 249
EST TCP_QUEUE; 2026-10-08-02:17:26; 1791425846.954284; 1791425846.954281; 1; 262; 1; 249
EST TCP_QUEUE; 2026-10-08-02:17:26; 1791425846.996070; 1791425846.996068; 1; 308; 1; 336
EST TCP_QUEUE; 2026-10-08-02:17:27; 1791425847.055795; 1791425847.055792; 1; 308; 1; 0
EST TCP_QUEUE; 2026-10-08-02:17:27; 1791425847.127394; 1791425847.127392; 1; 308; 1; 0
WAN 02:17:28.112217 IP (tos 0x0, ttl 62, id 1872, offset 0, flags [DF], proto TCP (6), length 60)
WAN     192.168.2.70.11818 > 34.149.66.165.443: Flags [S], cksum 0x8f9d (correct), seq 2815060392, win 65280, options [mss 1280,sackOK,TS val 1513158242 ecr 0,nop,wscale 9], length 0
WAN 02:17:28.145178 IP (tos 0x0, ttl 121, id 0, offset 0, flags [DF], proto TCP (6), length 60)
WAN     34.149.66.165.443 > 192.168.2.70.11818: Flags [S.], cksum 0x1bc8 (correct), seq 827258989, ack 2815060393, win 65535, options [mss 1412,sackOK,TS val 2883755171 ecr 1513158242,nop,wscale 8], length 0
LAN 02:17:28.111632 IP (tos 0x0, ttl 63, id 1872, offset 0, flags [DF], proto TCP (6), length 60)
LAN     192.168.56.1.11818 > 34.149.66.165.443: Flags [S], cksum 0x59e2 (correct), seq 2815060392, win 65280, options [mss 1280,sackOK,TS val 1513158242 ecr 0,nop,wscale 9], length 0
LAN 02:17:28.145547 IP (tos 0x0, ttl 120, id 0, offset 0, flags [DF], proto TCP (6), length 60)
LAN     34.149.66.165.443 > 192.168.56.1.11818: Flags [S.], cksum 0xe60c (correct), seq 827258989, ack 2815060393, win 65535, options [mss 1412,sackOK,TS val 2883755171 ecr 1513158242,nop,wscale 8], length 0
EST TCP_QUEUE; 2026-10-08-02:17:27; 1791425847.207028; 1791425847.207024; 1; 667; 1; 2316
EST TCP_QUEUE; 2026-10-08-02:17:27; 1791425847.259190; 1791425847.259188; 1; 667; 1; 0
EST TCP_QUEUE; 2026-10-08-02:17:27; 1791425847.305500; 1791425847.305497; 1; 0; 1; 0
EST TCP_QUEUE; 2026-10-08-02:17:27; 1791425847.346909; 1791425847.346904; 1; 0; 1; 0
EST TCP_QUEUE; 2026-10-08-02:17:27; 1791425847.404607; 1791425847.404604; 1; 0; 1; 0
EST TCP_QUEUE; 2026-10-08-02:17:27; 1791425847.458742; 1791425847.458738; 1; 0; 1; 0
EST TCP_QUEUE; 2026-10-08-02:17:27; 1791425847.509377; 1791425847.509373; 1; 339; 1; 0
EST TCP_QUEUE; 2026-10-08-02:17:27; 1791425847.575953; 1791425847.575950; 1; 339; 1; 1365
EST TCP_QUEUE; 2026-10-08-02:17:27; 1791425847.621147; 1791425847.621144; 1; 339; 1; 935
EST TCP_QUEUE; 2026-10-08-02:17:27; 1791425847.663442; 1791425847.663440; 1; 339; 1; 935
EST TCP_QUEUE; 2026-10-08-02:17:27; 1791425847.721641; 1791425847.721638; 1; 555; 1; 935
EST TCP_QUEUE; 2026-10-08-02:17:27; 1791425847.777131; 1791425847.777129; 1; 780; 1; 0
EST TCP_QUEUE; 2026-10-08-02:17:27; 1791425847.830646; 1791425847.830638; 1; 578; 1; 0
EST TCP_QUEUE; 2026-10-08-02:17:27; 1791425847.883908; 1791425847.883905; 1; 578; 1; 0
EST TCP_QUEUE; 2026-10-08-02:17:27; 1791425847.930077; 1791425847.930073; 1; 578; 1; 0
EST TCP_QUEUE; 2026-10-08-02:17:27; 1791425847.971400; 1791425847.971398; 1; 732; 1; 663
EST TCP_QUEUE; 2026-10-08-02:17:28; 1791425848.036770; 1791425848.036766; 1; 732; 1; 0
EST TCP_QUEUE; 2026-10-08-02:17:28; 1791425848.093450; 1791425848.093447; 1; 790; 1; 0
EST TCP_QUEUE; 2026-10-08-02:17:28; 1791425848.143635; 1791425848.143632; 1; 790; 1; 0
EST TCP_QUEUE; 2026-10-08-02:17:28; 1791425848.197488; 1791425848.197481; 1; 692; 1; 1970
EST TCP_QUEUE; 2026-10-08-02:17:28; 1791425848.241927; 1791425848.241924; 1; 692; 1; 0
EST TCP_QUEUE; 2026-10-08-02:17:28; 1791425848.287422; 1791425848.287413; 1; 692; 1; 0
EST TCP_QUEUE; 2026-10-08-02:17:28; 1791425848.342886; 1791425848.342883; 1; 692; 1; 0
EST TCP_QUEUE; 2026-10-08-02:17:28; 1791425848.401208; 1791425848.401202; 1; 1970; 1; 0
EST TCP_QUEUE; 2026-10-08-02:17:28; 1791425848.451382; 1791425848.451379; 1; 454; 1; 0
EST TCP_QUEUE; 2026-10-08-02:17:28; 1791425848.519276; 1791425848.519273; 1; 454; 1; 1970
EST TCP_QUEUE; 2026-10-08-02:17:28; 1791425848.569156; 1791425848.569152; 0; 0; 0; 0
EST TCP_QUEUE; 2026-10-08-02:17:28; 1791425848.610784; 1791425848.610781; 0; 0; 0; 0
EST TCP_QUEUE; 2026-10-08-02:17:28; 1791425848.668222; 1791425848.668219; 1; 416; 0; 0
EST TCP_QUEUE; 2026-10-08-02:17:28; 1791425848.722632; 1791425848.722630; 1; 416; 0; 0
EST TCP_QUEUE; 2026-10-08-02:17:28; 1791425848.773311; 1791425848.773308; 1; 272; 1; 0
EST TCP_QUEUE; 2026-10-08-02:17:28; 1791425848.827521; 1791425848.827518; 1; 0; 1; 0
EST TCP_QUEUE; 2026-10-08-02:17:28; 1791425848.875222; 1791425848.875218; 1; 0; 0; 0
EST TCP_QUEUE; 2026-10-08-02:17:28; 1791425848.916799; 1791425848.916797; 1; 0; 0; 0
EST TCP_QUEUE; 2026-10-08-02:17:28; 1791425848.974918; 1791425848.974915; 0; 0; 0; 0
EST TCP_QUEUE; 2026-10-08-02:17:29; 1791425849.029064; 1791425849.029060; 0; 0; 0; 0
EST TCP_QUEUE; 2026-10-08-02:17:29; 1791425849.083599; 1791425849.083596; 0; 0; 0; 0
EST TCP_QUEUE; 2026-10-08-02:17:29; 1791425849.136588; 1791425849.136584; 0; 0; 0; 0
EST TCP_QUEUE; 2026-10-08-02:17:29; 1791425849.186041; 1791425849.186038; 0; 0; 0; 0
EST TCP_QUEUE; 2026-10-08-02:17:29; 1791425849.235290; 1791425849.235287; 0; 0; 0; 0
EST TCP_QUEUE; 2026-10-08-02:17:29; 1791425849.292880; 1791425849.292878; 0; 0; 0; 0
EST TCP_QUEUE; 2026-10-08-02:17:29; 1791425849.347107; 1791425849.347104; 0; 0; 0; 0
EST TCP_QUEUE; 2026-10-08-02:17:29; 1791425849.402051; 1791425849.402048; 0; 0; 0; 0
EST TCP_QUEUE; 2026-10-08-02:17:29; 1791425849.481120; 1791425849.481117; 0; 0; 0; 0
EST TCP_QUEUE; 2026-10-08-02:17:29; 1791425849.529160; 1791425849.529156; 0; 0; 0; 0
EST TCP_QUEUE; 2026-10-08-02:17:29; 1791425849.570398; 1791425849.570395; 0; 0; 0; 0
EST TCP_QUEUE; 2026-10-08-02:17:29; 1791425849.657341; 1791425849.657338; 0; 0; 0; 0
EST TCP_QUEUE; 2026-10-08-02:17:29; 1791425849.717858; 1791425849.717855; 1; 917; 0; 0
EST TCP_QUEUE; 2026-10-08-02:17:29; 1791425849.777799; 1791425849.777796; 1; 917; 0; 0
EST TCP_QUEUE; 2026-10-08-02:17:29; 1791425849.832235; 1791425849.832232; 1; 917; 0; 0
EST TCP_QUEUE; 2026-10-08-02:17:29; 1791425849.879686; 1791425849.879683; 0; 0; 0; 0
EST TCP_QUEUE; 2026-10-08-02:17:29; 1791425849.925494; 1791425849.925491; 0; 0; 0; 0
EST TCP_QUEUE; 2026-10-08-02:17:29; 1791425849.983583; 1791425849.983579; 0; 0; 0; 0
EST TCP_QUEUE; 2026-10-08-02:17:30; 1791425850.109621; 1791425850.109616; 0; 0; 0; 0
EST TCP_QUEUE; 2026-10-08-02:17:30; 1791425850.198516; 1791425850.198513; 0; 0; 0; 0
WAN 02:17:30.874119 IP (tos 0x0, ttl 62, id 52682, offset 0, flags [DF], proto TCP (6), length 60)
WAN     192.168.2.70.11892 > 160.79.104.10.443: Flags [S], cksum 0x7ac9 (correct), seq 3356208874, win 65280, options [mss 1280,sackOK,TS val 3213597934 ecr 0,nop,wscale 9], length 0
LAN 02:17:30.873650 IP (tos 0x0, ttl 63, id 52682, offset 0, flags [DF], proto TCP (6), length 60)
LAN     192.168.56.1.11892 > 160.79.104.10.443: Flags [S], cksum 0x450e (correct), seq 3356208874, win 65280, options [mss 1280,sackOK,TS val 3213597934 ecr 0,nop,wscale 9], length 0
WAN 02:17:30.904025 IP (tos 0x0, ttl 56, id 0, offset 0, flags [DF], proto TCP (6), length 60)
WAN     160.79.104.10.443 > 192.168.2.70.11892: Flags [S.], cksum 0x4247 (correct), seq 426057288, ack 3356208875, win 65535, options [mss 1460,sackOK,TS val 181990452 ecr 3213597934,nop,wscale 13], length 0
LAN 02:17:30.904274 IP (tos 0x0, ttl 55, id 0, offset 0, flags [DF], proto TCP (6), length 60)
LAN     160.79.104.10.443 > 192.168.56.1.11892: Flags [S.], cksum 0x0c8c (correct), seq 426057288, ack 3356208875, win 65535, options [mss 1460,sackOK,TS val 181990452 ecr 3213597934,nop,wscale 13], length 0
EST TCP_QUEUE; 2026-10-08-02:17:30; 1791425850.270604; 1791425850.270602; 0; 0; 0; 0
EST TCP_QUEUE; 2026-10-08-02:17:30; 1791425850.316143; 1791425850.316141; 0; 0; 0; 0
EST TCP_QUEUE; 2026-10-08-02:17:30; 1791425850.363676; 1791425850.363673; 0; 0; 0; 0
EST TCP_QUEUE; 2026-10-08-02:17:30; 1791425850.470025; 1791425850.470022; 0; 0; 0; 0
EST TCP_QUEUE; 2026-10-08-02:17:30; 1791425850.529953; 1791425850.529949; 0; 0; 0; 0
EST TCP_QUEUE; 2026-10-08-02:17:30; 1791425850.586645; 1791425850.586642; 0; 0; 0; 0
EST TCP_QUEUE; 2026-10-08-02:17:30; 1791425850.638857; 1791425850.638855; 1; 497; 1; 1674
EST TCP_QUEUE; 2026-10-08-02:17:30; 1791425850.686741; 1791425850.686738; 1; 0; 1; 0
EST TCP_QUEUE; 2026-10-08-02:17:30; 1791425850.732205; 1791425850.732202; 1; 0; 1; 0
EST TCP_QUEUE; 2026-10-08-02:17:30; 1791425850.790033; 1791425850.790030; 1; 317; 1; 0
EST TCP_QUEUE; 2026-10-08-02:17:30; 1791425850.898683; 1791425850.898680; 0; 0; 0; 0
EST TCP_QUEUE; 2026-10-08-02:17:30; 1791425850.949566; 1791425850.949563; 0; 0; 0; 0
EST TCP_QUEUE; 2026-10-08-02:17:31; 1791425851.005049; 1791425851.005046; 0; 0; 0; 0
EST TCP_QUEUE; 2026-10-08-02:17:31; 1791425851.052897; 1791425851.052894; 0; 0; 0; 0
EST TCP_QUEUE; 2026-10-08-02:17:31; 1791425851.096279; 1791425851.096276; 0; 0; 0; 0
EST TCP_QUEUE; 2026-10-08-02:17:31; 1791425851.154155; 1791425851.154152; 0; 0; 0; 0
EST TCP_QUEUE; 2026-10-08-02:17:31; 1791425851.208291; 1791425851.208289; 0; 0; 0; 0
EST TCP_QUEUE; 2026-10-08-02:17:31; 1791425851.264419; 1791425851.264417; 0; 0; 0; 0
EST TCP_QUEUE; 2026-10-08-02:17:31; 1791425851.316251; 1791425851.316248; 0; 0; 0; 0
EST TCP_QUEUE; 2026-10-08-02:17:31; 1791425851.406378; 1791425851.406376; 0; 0; 0; 0
EST TCP_QUEUE; 2026-10-08-02:17:31; 1791425851.460835; 1791425851.460832; 0; 0; 0; 0
EST TCP_QUEUE; 2026-10-08-02:17:31; 1791425851.522625; 1791425851.522622; 0; 0; 0; 0
EST TCP_QUEUE; 2026-10-08-02:17:31; 1791425851.582960; 1791425851.582957; 0; 0; 0; 0
EST TCP_QUEUE; 2026-10-08-02:17:31; 1791425851.637192; 1791425851.637189; 0; 0; 0; 0
EST TCP_QUEUE; 2026-10-08-02:17:31; 1791425851.689605; 1791425851.689603; 1; 33; 0; 0
EST TCP_QUEUE; 2026-10-08-02:17:31; 1791425851.735659; 1791425851.735656; 1; 33; 0; 0
EST TCP_QUEUE; 2026-10-08-02:17:31; 1791425851.781383; 1791425851.781379; 1; 426; 0; 0
EST TCP_QUEUE; 2026-10-08-02:17:31; 1791425851.841282; 1791425851.841280; 1; 426; 0; 0
EST TCP_QUEUE; 2026-10-08-02:17:31; 1791425851.900571; 1791425851.900568; 0; 0; 0; 0
EST TCP_QUEUE; 2026-10-08-02:17:31; 1791425851.957184; 1791425851.957181; 0; 0; 0; 0
EST TCP_QUEUE; 2026-10-08-02:17:32; 1791425852.009941; 1791425852.009938; 0; 0; 0; 0
EST TCP_QUEUE; 2026-10-08-02:17:32; 1791425852.063272; 1791425852.063270; 0; 0; 0; 0
EST TCP_QUEUE; 2026-10-08-02:17:32; 1791425852.106920; 1791425852.106917; 0; 0; 0; 0
EST TCP_QUEUE; 2026-10-08-02:17:32; 1791425852.166730; 1791425852.166728; 0; 0; 0; 0
