EST TCP_QUEUE; 2026-10-08-02:07:37; 1791425257.807564; 1791425257.807558; 1; 0; 1; 0
EST TCP_QUEUE; 2026-10-08-02:07:37; 1791425257.886875; 1791425257.886872; 0; 0; 0; 0
EST TCP_QUEUE; 2026-10-08-02:07:37; 1791425257.887566; 1791425257.887565; 0; 0; 0; 0
EST TCP_QUEUE; 2026-10-08-02:07:37; 1791425257.887581; 1791425257.887580; 0; 0; 0; 0
EST TCP_QUEUE; 2026-10-08-02:07:37; 1791425257.953215; 1791425257.953212; 0; 0; 0; 0
EST TCP_QUEUE; 2026-10-08-02:07:38; 1791425258.083869; 1791425258.083866; 0; 0; 0; 0
EST TCP_QUEUE; 2026-10-08-02:07:38; 1791425258.121039; 1791425258.121035; 0; 0; 0; 0
EST TCP_QUEUE; 2026-10-08-02:07:38; 1791425258.121059; 1791425258.121058; 0; 0; 0; 0
EST TCP_QUEUE; 2026-10-08-02:07:38; 1791425258.121077; 1791425258.121075; 0; 0; 0; 0
EST TCP_QUEUE; 2026-10-08-02:07:38; 1791425258.275296; 1791425258.275293; 1; 103282; 0; 0
EST TCP_QUEUE; 2026-10-08-02:07:38; 1791425258.299381; 1791425258.299378; 1; 103282; 0; 0
EST TCP_QUEUE; 2026-10-08-02:07:38; 1791425258.303688; 1791425258.303685; 1; 103282; 0; 0
EST TCP_QUEUE; 2026-10-08-02:07:38; 1791425258.426005; 1791425258.426002; 1; 103282; 0; 0
EST TCP_QUEUE; 2026-10-08-02:07:38; 1791425258.453315; 1791425258.453313; 1; 103282; 0; 0
EST TCP_QUEUE; 2026-10-08-02:07:38; 1791425258.456049; 1791425258.456046; 1; 103282; 0; 0
EST TCP_QUEUE; 2026-10-08-02:07:38; 1791425258.470133; 1791425258.470130; 0; 0; 0; 0
EST TCP_QUEUE; 2026-10-08-02:07:38; 1791425258.627419; 1791425258.627415; 0; 0; 0; 0
EST TCP_QUEUE; 2026-10-08-02:07:38; 1791425258.655869; 1791425258.655866; 0; 0; 0; 0
EST TCP_QUEUE; 2026-10-08-02:07:38; 1791425258.655885; 1791425258.655884; 0; 0; 0; 0
EST TCP_QUEUE; 2026-10-08-02:07:38; 1791425258.691314; 1791425258.691311; 0; 0; 0; 0
EST TCP_QUEUE; 2026-10-08-02:07:38; 1791425258.831845; 1791425258.831841; 0; 0; 0; 0
EST TCP_QUEUE; 2026-10-08-02:07:38; 1791425258.849917; 1791425258.849915; 0; 0; 0; 0
EST TCP_QUEUE; 2026-10-08-02:07:38; 1791425258.857741; 1791425258.857738; 0; 0; 0; 0
EST TCP_QUEUE; 2026-10-08-02:07:38; 1791425258.902040; 1791425258.902038; 0; 0; 0; 0
EST TCP_QUEUE; 2026-10-08-02:07:39; 1791425259.062523; 1791425259.062520; 0; 0; 0; 0
EST TCP_QUEUE; 2026-10-08-02:07:39; 1791425259.064683; 1791425259.064681; 0; 0; 0; 0
EST TCP_QUEUE; 2026-10-08-02:07:39; 1791425259.067644; 1791425259.067641; 0; 0; 0; 0
EST TCP_QUEUE; 2026-10-08-02:07:39; 1791425259.097774; 1791425259.097771; 0; 0; 0; 0
EST TCP_QUEUE; 2026-10-08-02:07:39; 1791425259.270590; 1791425259.270586; 0; 0; 0; 0
EST TCP_QUEUE; 2026-10-08-02:07:39; 1791425259.270632; 1791425259.270629; 0; 0; 0; 0
EST TCP_QUEUE; 2026-10-08-02:07:39; 1791425259.275859; 1791425259.275856; 0; 0; 0; 0
EST TCP_QUEUE; 2026-10-08-02:07:39; 1791425259.434538; 1791425259.434533; 1; 85102; 0; 0
EST TCP_QUEUE; 2026-10-08-02:07:39; 1791425259.451243; 1791425259.451240; 1; 85102; 0; 0
EST TCP_QUEUE; 2026-10-08-02:07:39; 1791425259.459929; 1791425259.459926; 1; 85102; 0; 0
EST TCP_QUEUE; 2026-10-08-02:07:39; 1791425259.466299; 1791425259.466296; 1; 85102; 0; 0
EST TCP_QUEUE; 2026-10-08-02:07:39; 1791425259.524711; 1791425259.524708; 1; 85102; 0; 0
EST TCP_QUEUE; 2026-10-08-02:07:39; 1791425259.677301; 1791425259.677298; 0; 0; 0; 0
EST TCP_QUEUE; 2026-10-08-02:07:39; 1791425259.679383; 1791425259.679380; 0; 0; 0; 0
EST TCP_QUEUE; 2026-10-08-02:07:39; 1791425259.681485; 1791425259.681483; 0; 0; 0; 0
EST TCP_QUEUE; 2026-10-08-02:07:39; 1791425259.717135; 1791425259.717133; 0; 0; 0; 0
EST TCP_QUEUE; 2026-10-08-02:07:39; 1791425259.881281; 1791425259.881278; 0; 0; 0; 0
EST TCP_QUEUE; 2026-10-08-02:07:39; 1791425259.885429; 1791425259.885426; 0; 0; 0; 0
EST TCP_QUEUE; 2026-10-08-02:07:39; 1791425259.935745; 1791425259.935742; 0; 0; 0; 0
EST TCP_QUEUE; 2026-10-08-02:07:40; 1791425260.078219; 1791425260.078216; 0; 0; 0; 0
EST TCP_QUEUE; 2026-10-08-02:07:40; 1791425260.088348; 1791425260.088345; 0; 0; 0; 0
EST TCP_QUEUE; 2026-10-08-02:07:40; 1791425260.103861; 1791425260.103857; 0; 0; 0; 0
EST TCP_QUEUE; 2026-10-08-02:07:40; 1791425260.135830; 1791425260.135827; 0; 0; 0; 0
EST TCP_QUEUE; 2026-10-08-02:07:40; 1791425260.317461; 1791425260.317456; 0; 0; 0; 0
EST TCP_QUEUE; 2026-10-08-02:07:40; 1791425260.317489; 1791425260.317487; 0; 0; 0; 0
EST TCP_QUEUE; 2026-10-08-02:07:40; 1791425260.317758; 1791425260.317755; 0; 0; 0; 0
EST TCP_QUEUE; 2026-10-08-02:07:40; 1791425260.347492; 1791425260.347489; 0; 0; 0; 0
EST TCP_QUEUE; 2026-10-08-02:07:40; 1791425260.389956; 1791425260.389953; 0; 0; 0; 0
EST TCP_QUEUE; 2026-10-08-02:07:40; 1791425260.449699; 1791425260.449696; 0; 0; 0; 0
EST TCP_QUEUE; 2026-10-08-02:07:40; 1791425260.504086; 1791425260.504083; 1; 354; 0; 0
EST TCP_QUEUE; 2026-10-08-02:07:40; 1791425260.553409; 1791425260.553406; 1; 354; 0; 0
EST TCP_QUEUE; 2026-10-08-02:07:40; 1791425260.608208; 1791425260.608205; 1; 354; 0; 0
EST TCP_QUEUE; 2026-10-08-02:07:40; 1791425260.652987; 1791425260.652985; 1; 354; 0; 0
EST TCP_QUEUE; 2026-10-08-02:07:40; 1791425260.698113; 1791425260.698111; 0; 0; 0; 0
WAN 02:07:41.140130 IP (tos 0x0, ttl 127, id 39751, offset 0, flags [DF], proto TCP (6), length 64)
WAN     192.168.2.70.3402 > 35.186.224.24.443: Flags [S], cksum 0x0200 (correct), seq 124968816, win 65535, options [mss 1460,nop,wscale 8,nop,nop,sackOK,nop,nop,TS val 3394153729 ecr 0], length 0
WAN 02:07:41.173165 IP (tos 0x0, ttl 121, id 0, offset 0, flags [DF], proto TCP (6), length 60)
WAN     35.186.224.24.443 > 192.168.2.70.3402: Flags [S.], cksum 0xcad7 (correct), seq 2644080150, ack 124968817, win 65535, options [mss 1412,sackOK,TS val 824050815 ecr 3394153729,nop,wscale 8], length 0
LAN 02:07:41.139787 IP (tos 0x0, ttl 128, id 39751, offset 0, flags [DF], proto TCP (6), length 52)
LAN     192.168.56.1.3402 > 35.186.224.24.443: Flags [S], cksum 0x7cac (correct), seq 124968816, win 65535, options [mss 1460,nop,wscale 8,nop,nop,sackOK], length 0
LAN 02:07:41.173626 IP (tos 0x0, ttl 120, id 0, offset 0, flags [DF], proto TCP (6), length 60)
LAN     35.186.224.24.443 > 192.168.56.1.3402: Flags [S.], cksum 0x450f (correct), seq 2644080150, ack 124968817, win 65535, options [mss 1412,sackOK,nop,nop,nop,nop,nop,nop,nop,nop,nop,nop,nop,wscale 8], length 0
WAN 02:07:41.208698 IP (tos 0x0, ttl 62, id 27407, offset 0, flags [DF], proto TCP (6), length 60)
WAN     192.168.2.70.11862 > 160.79.104.10.443: Flags [S], cksum 0x9ca5 (correct), seq 1415553633, win 65280, options [mss 1280,sackOK,TS val 2838696382 ecr 0,nop,wscale 9], length 0
WAN 02:07:41.217443 IP (tos 0x0, ttl 127, id 16320, offset 0, flags [DF], proto TCP (6), length 64)
WAN     192.168.2.70.18224 > 35.186.224.39.443: Flags [S], cksum 0xa157 (correct), seq 1265287723, win 65535, options [mss 1460,nop,wscale 8,nop,nop,sackOK,nop,nop,TS val 3394153729 ecr 0], length 0
WAN 02:07:41.238434 IP (tos 0x0, ttl 56, id 0, offset 0, flags [DF], proto TCP (6), length 60)
WAN     160.79.104.10.443 > 192.168.2.70.11862: Flags [S.], cksum 0xdc1b (correct), seq 2442437250, ack 1415553634, win 65535, options [mss 1460,sackOK,TS val 3010058048 ecr 2838696382,nop,wscale 13], length 0
WAN 02:07:41.251315 IP (tos 0x0, ttl 121, id 0, offset 0, flags [DF], proto TCP (6), length 60)
WAN     35.186.224.39.443 > 192.168.2.70.18224: Flags [S.], cksum 0x6429 (correct), seq 3415602542, ack 1265287724, win 65535, options [mss 1412,sackOK,TS val 2534668090 ecr 3394153729,nop,wscale 8], length 0
LAN 02:07:41.207864 IP (tos 0x0, ttl 63, id 27407, offset 0, flags [DF], proto TCP (6), length 60)
LAN     192.168.56.1.11862 > 160.79.104.10.443: Flags [S], cksum 0x66ea (correct), seq 1415553633, win 65280, options [mss 1280,sackOK,TS val 2838696382 ecr 0,nop,wscale 9], length 0
LAN 02:07:41.216216 IP (tos 0x0, ttl 128, id 16320, offset 0, flags [DF], proto TCP (6), length 52)
LAN     192.168.56.1.18224 > 35.186.224.39.443: Flags [S], cksum 0x1c04 (correct), seq 1265287723, win 65535, options [mss 1460,nop,wscale 8,nop,nop,sackOK], length 0
LAN 02:07:41.238795 IP (tos 0x0, ttl 55, id 0, offset 0, flags [DF], proto TCP (6), length 60)
LAN     160.79.104.10.443 > 192.168.56.1.11862: Flags [S.], cksum 0xa660 (correct), seq 2442437250, ack 1415553634, win 65535, options [mss 1460,sackOK,TS val 3010058048 ecr 2838696382,nop,wscale 13], length 0
LAN 02:07:41.251624 IP (tos 0x0, ttl 120, id 0, offset 0, flags [DF], proto TCP (6), length 60)
LAN     35.186.224.39.443 > 192.168.56.1.18224: Flags [S.], cksum 0x3712 (correct), seq 3415602542, ack 1265287724, win 65535, options [mss 1412,sackOK,nop,nop,nop,nop,nop,nop,nop,nop,nop,nop,nop,wscale 8], length 0
EST TCP_QUEUE; 2026-10-08-02:07:40; 1791425260.760234; 1791425260.760231; 0; 0; 0; 0
EST TCP_QUEUE; 2026-10-08-02:07:40; 1791425260.820285; 1791425260.820282; 0; 0; 0; 0
EST TCP_QUEUE; 2026-10-08-02:07:40; 1791425260.879328; 1791425260.879325; 0; 0; 0; 0
EST TCP_QUEUE; 2026-10-08-02:07:40; 1791425260.932187; 1791425260.932184; 0; 0; 0; 0
EST TCP_QUEUE; 2026-10-08-02:07:40; 1791425260.979896; 1791425260.979893; 0; 0; 0; 0
EST TCP_QUEUE; 2026-10-08-02:07:41; 1791425261.022107; 1791425261.022104; 0; 0; 0; 0
EST TCP_QUEUE; 2026-10-08-02:07:41; 1791425261.079939; 1791425261.079936; 0; 0; 0; 0
EST TCP_QUEUE; 2026-10-08-02:07:41; 1791425261.137319; 1791425261.137316; 0; 0; 0; 0
EST TCP_QUEUE; 2026-10-08-02:07:41; 1791425261.186784; 1791425261.186781; 0; 0; 0; 0
EST TCP_QUEUE; 2026-10-08-02:07:41; 1791425261.240397; 1791425261.240394; 0; 0; 0; 0
EST TCP_QUEUE; 2026-10-08-02:07:41; 1791425261.290619; 1791425261.290615; 0; 0; 0; 0
EST TCP_QUEUE; 2026-10-08-02:07:41; 1791425261.332611; 1791425261.332608; 0; 0; 0; 0
EST TCP_QUEUE; 2026-10-08-02:07:41; 1791425261.400368; 1791425261.400365; 0; 0; 0; 0
EST TCP_QUEUE; 2026-10-08-02:07:41; 1791425261.470106; 1791425261.470104; 0; 0; 0; 0
EST TCP_QUEUE; 2026-10-08-02:07:41; 1791425261.527746; 1791425261.527743; 0; 0; 0; 0
EST TCP_QUEUE; 2026-10-08-02:07:41; 1791425261.580712; 1791425261.580709; 1; 281; 0; 0
EST TCP_QUEUE; 2026-10-08-02:07:41; 1791425261.626713; 1791425261.626707; 1; 281; 0; 0
EST TCP_QUEUE; 2026-10-08-02:07:41; 1791425261.672051; 1791425261.672048; 0; 0; 0; 0
LAN 02:07:42.059156 IP (tos 0x0, ttl 128, id 32425, offset 0, flags [DF], proto TCP (6), length 52)
LAN     192.168.56.1.18225 > 40.74.98.196.443: Flags [S], cksum 0xae81 (correct), seq 1713409482, win 65535, options [mss 1460,nop,wscale 8,nop,nop,sackOK], length 0
WAN 02:07:42.059419 IP (tos 0x0, ttl 127, id 32425, offset 0, flags [DF], proto TCP (6), length 64)
WAN     192.168.2.70.18225 > 40.74.98.196.443: Flags [S], cksum 0x33d5 (correct), seq 1713409482, win 65535, options [mss 1460,nop,wscale 8,nop,nop,sackOK,nop,nop,TS val 3394153729 ecr 0], length 0
LAN 02:07:42.209976 IP (tos 0x0, ttl 112, id 43276, offset 0, flags [DF], proto TCP (6), length 60)
LAN     40.74.98.196.443 > 192.168.56.1.18225: Flags [S.], cksum 0xc45d (correct), seq 4101493154, ack 1713409483, win 65535, options [mss 1440,nop,wscale 8,sackOK,nop,nop,nop,nop,nop,nop,nop,nop,nop,nop], length 0
WAN 02:07:42.209663 IP (tos 0x0, ttl 113, id 43276, offset 0, flags [DF], proto TCP (6), length 60)
WAN     40.74.98.196.443 > 192.168.2.70.18225: Flags [S.], cksum 0xaf4e (correct), seq 4101493154, ack 1713409483, win 65535, options [mss 1440,nop,wscale 8,sackOK,TS val 1062768924 ecr 3394153729], length 0
EST TCP_QUEUE; 2026-10-08-02:07:41; 1791425261.731456; 1791425261.731453; 0; 0; 0; 0
EST TCP_QUEUE; 2026-10-08-02:07:41; 1791425261.825378; 1791425261.825375; 0; 0; 0; 0
EST TCP_QUEUE; 2026-10-08-02:07:41; 1791425261.879166; 1791425261.879164; 0; 0; 0; 0
EST TCP_QUEUE; 2026-10-08-02:07:41; 1791425261.957269; 1791425261.957265; 0; 0; 0; 0
EST TCP_QUEUE; 2026-10-08-02:07:42; 1791425262.010951; 1791425262.010948; 0; 0; 0; 0
EST TCP_QUEUE; 2026-10-08-02:07:42; 1791425262.054519; 1791425262.054516; 0; 0; 0; 0
EST TCP_QUEUE; 2026-10-08-02:07:42; 1791425262.111787; 1791425262.111784; 0; 0; 0; 0
EST TCP_QUEUE; 2026-10-08-02:07:42; 1791425262.166769; 1791425262.166766; 0; 0; 0; 0
EST TCP_QUEUE; 2026-10-08-02:07:42; 1791425262.217259; 1791425262.217256; 0; 0; 0; 0
EST TCP_QUEUE; 2026-10-08-02:07:42; 1791425262.271365; 1791425262.271362; 0; 0; 0; 0
EST TCP_QUEUE; 2026-10-08-02:07:42; 1791425262.318815; 1791425262.318812; 0; 0; 0; 0
EST TCP_QUEUE; 2026-10-08-02:07:42; 1791425262.362580; 1791425262.362578; 0; 0; 0; 0
EST TCP_QUEUE; 2026-10-08-02:07:42; 1791425262.420312; 1791425262.420309; 0; 0; 0; 0
EST TCP_QUEUE; 2026-10-08-02:07:42; 1791425262.478582; 1791425262.478579; 0; 0; 0; 0
EST TCP_QUEUE; 2026-10-08-02:07:42; 1791425262.530569; 1791425262.530565; 0; 0; 0; 0
EST TCP_QUEUE; 2026-10-08-02:07:42; 1791425262.583170; 1791425262.583167; 0; 0; 0; 0
EST TCP_QUEUE; 2026-10-08-02:07:42; 1791425262.633084; 1791425262.633082; 1; 376; 0; 0
EST TCP_QUEUE; 2026-10-08-02:07:42; 1791425262.676644; 1791425262.676640; 1; 376; 0; 0
EST TCP_QUEUE; 2026-10-08-02:07:42; 1791425262.752158; 1791425262.752156; 1; 376; 0; 0
EST TCP_QUEUE; 2026-10-08-02:07:42; 1791425262.808378; 1791425262.808375; 0; 0; 0; 0
EST TCP_QUEUE; 2026-10-08-02:07:42; 1791425262.867179; 1791425262.867176; 0; 0; 0; 0
EST TCP_QUEUE; 2026-10-08-02:07:42; 1791425262.919468; 1791425262.919464; 0; 0; 0; 0
EST TCP_QUEUE; 2026-10-08-02:07:42; 1791425262.966964; 1791425262.966961; 0; 0; 0; 0
EST TCP_QUEUE; 2026-10-08-02:07:43; 1791425263.008893; 1791425263.008890; 0; 0; 0; 0
EST TCP_QUEUE; 2026-10-08-02:07:43; 1791425263.066570; 1791425263.066566; 0; 0; 0; 0
EST TCP_QUEUE; 2026-10-08-02:07:43; 1791425263.121085; 1791425263.121082; 0; 0; 0; 0
EST TCP_QUEUE; 2026-10-08-02:07:43; 1791425263.171451; 1791425263.171449; 0; 0; 0; 0
EST TCP_QUEUE; 2026-10-08-02:07:43; 1791425263.223645; 1791425263.223642; 0; 0; 0; 0
EST TCP_QUEUE; 2026-10-08-02:07:43; 1791425263.271157; 1791425263.271155; 0; 0; 0; 0
EST TCP_QUEUE; 2026-10-08-02:07:43; 1791425263.314875; 1791425263.314872; 0; 0; 0; 0
EST TCP_QUEUE; 2026-10-08-02:07:43; 1791425263.372925; 1791425263.372922; 1; 0; 1; 0
EST TCP_QUEUE; 2026-10-08-02:07:43; 1791425263.427067; 1791425263.427065; 1; 0; 1; 0
EST TCP_QUEUE; 2026-10-08-02:07:43; 1791425263.479930; 1791425263.479927; 1; 550; 1; 0
EST TCP_QUEUE; 2026-10-08-02:07:43; 1791425263.534795; 1791425263.534791; 1; 550; 1; 0
EST TCP_QUEUE; 2026-10-08-02:07:43; 1791425263.582321; 1791425263.582317; 1; 1413; 0; 0
EST TCP_QUEUE; 2026-10-08-02:07:43; 1791425263.624813; 1791425263.624809; 1; 0; 1; 0
EST TCP_QUEUE; 2026-10-08-02:07:43; 1791425263.681227; 1791425263.681224; 1; 0; 1; 0
EST TCP_QUEUE; 2026-10-08-02:07:43; 1791425263.738525; 1791425263.738522; 1; 0; 1; 0
EST TCP_QUEUE; 2026-10-08-02:07:43; 1791425263.794847; 1791425263.794844; 1; 16; 0; 0
EST TCP_QUEUE; 2026-10-08-02:07:43; 1791425263.908948; 1791425263.908946; 1; 1072; 0; 0
EST TCP_QUEUE; 2026-10-08-02:07:43; 1791425263.956746; 1791425263.956743; 1; 1072; 0; 0
EST TCP_QUEUE; 2026-10-08-02:07:44; 1791425264.000922; 1791425264.000918; 0; 0; 0; 0
EST TCP_QUEUE; 2026-10-08-02:07:44; 1791425264.058108; 1791425264.058105; 0; 0; 0; 0
EST TCP_QUEUE; 2026-10-08-02:07:44; 1791425264.117745; 1791425264.117742; 0; 0; 0; 0
EST TCP_QUEUE; 2026-10-08-02:07:44; 1791425264.168355; 1791425264.168353; 0; 0; 0; 0
EST TCP_QUEUE; 2026-10-08-02:07:44; 1791425264.219078; 1791425264.219076; 0; 0; 0; 0
EST TCP_QUEUE; 2026-10-08-02:07:44; 1791425264.265055; 1791425264.265051; 0; 0; 0; 0
EST TCP_QUEUE; 2026-10-08-02:07:44; 1791425264.316335; 1791425264.316332; 0; 0; 0; 0
EST TCP_QUEUE; 2026-10-08-02:07:44; 1791425264.445401; 1791425264.445398; 0; 0; 0; 0
EST TCP_QUEUE; 2026-10-08-02:07:44; 1791425264.501870; 1791425264.501867; 0; 0; 0; 0
EST TCP_QUEUE; 2026-10-08-02:07:44; 1791425264.558623; 1791425264.558620; 0; 0; 0; 0
EST TCP_QUEUE; 2026-10-08-02:07:44; 1791425264.612806; 1791425264.612803; 1; 1042; 1; 2516
EST TCP_QUEUE; 2026-10-08-02:07:44; 1791425264.660575; 1791425264.660572; 1; 1042; 1; 2516
WAN 02:07:45.531618 IP (tos 0x0, ttl 127, id 13417, offset 0, flags [DF], proto TCP (6), length 64)
WAN     192.168.2.70.44532 > 160.79.104.10.443: Flags [S], cksum 0x7e2f (correct), seq 1395946061, win 65535, options [mss 1460,nop,wscale 8,nop,nop,sackOK,nop,nop,TS val 3394153729 ecr 0], length 0
WAN 02:07:45.554497 IP (tos 0x0, ttl 56, id 0, offset 0, flags [DF], proto TCP (6), length 60)
WAN     160.79.104.10.443 > 192.168.2.70.44532: Flags [S.], cksum 0xd313 (correct), seq 2729785986, ack 1395946062, win 65535, options [mss 1460,sackOK,TS val 956933834 ecr 3394153729,nop,wscale 13], length 0
WAN 02:07:45.556275 IP (tos 0x0, ttl 127, id 33928, offset 0, flags [DF], proto TCP (6), length 64)
WAN     192.168.2.70.23964 > 162.159.137.232.443: Flags [S], cksum 0xb80b (correct), seq 4221484080, win 65535, options [mss 1460,nop,wscale 8,nop,nop,sackOK,nop,nop,TS val 3394153729 ecr 0], length 0
WAN 02:07:45.585422 IP (tos 0x0, ttl 56, id 0, offset 0, flags [DF], proto TCP (6), length 60)
WAN     162.159.137.232.443 > 192.168.2.70.23964: Flags [S.], cksum 0x92db (correct), seq 1328781240, ack 4221484081, win 65535, options [mss 1400,sackOK,TS val 1873797312 ecr 3394153729,nop,wscale 13], length 0
LAN 02:07:45.531178 IP (tos 0x0, ttl 128, id 13417, offset 0, flags [DF], proto TCP (6), length 52)
LAN     192.168.56.1.44532 > 160.79.104.10.443: Flags [S], cksum 0xf8db (correct), seq 1395946061, win 65535, options [mss 1460,nop,wscale 8,nop,nop,sackOK], length 0
LAN 02:07:45.554892 IP (tos 0x0, ttl 55, id 0, offset 0, flags [DF], proto TCP (6), length 60)
LAN     160.79.104.10.443 > 192.168.56.1.44532: Flags [S.], cksum 0xf781 (correct), seq 2729785986, ack 1395946062, win 65535, options [mss 1460,sackOK,nop,nop,nop,nop,nop,nop,nop,nop,nop,nop,nop,wscale 13], length 0
LAN 02:07:45.554817 IP (tos 0x0, ttl 128, id 33928, offset 0, flags [DF], proto TCP (6), length 52)
LAN     192.168.56.1.23964 > 162.159.137.232.443: Flags [S], cksum 0x32b8 (correct), seq 4221484080, win 65535, options [mss 1460,nop,wscale 8,nop,nop,sackOK], length 0
LAN 02:07:45.586829 IP (tos 0x0, ttl 55, id 0, offset 0, flags [DF], proto TCP (6), length 60)
LAN     162.159.137.232.443 > 192.168.56.1.23964: Flags [S.], cksum 0x27e6 (correct), seq 1328781240, ack 4221484081, win 65535, options [mss 1400,sackOK,nop,nop,nop,nop,nop,nop,nop,nop,nop,nop,nop,wscale 13], length 0
EST TCP_QUEUE; 2026-10-08-02:07:44; 1791425264.703707; 1791425264.703705; 1; 1042; 1; 2516
EST TCP_QUEUE; 2026-10-08-02:07:44; 1791425264.767732; 1791425264.767729; 1; 0; 0; 0
EST TCP_QUEUE; 2026-10-08-02:07:44; 1791425264.822170; 1791425264.822167; 1; 0; 0; 0
EST TCP_QUEUE; 2026-10-08-02:07:44; 1791425264.875150; 1791425264.875148; 1; 317; 1; 2778
EST TCP_QUEUE; 2026-10-08-02:07:44; 1791425264.928849; 1791425264.928846; 1; 317; 1; 2778
EST TCP_QUEUE; 2026-10-08-02:07:44; 1791425264.975188; 1791425264.975184; 0; 0; 0; 0
EST TCP_QUEUE; 2026-10-08-02:07:45; 1791425265.020498; 1791425265.020495; 0; 0; 0; 0
EST TCP_QUEUE; 2026-10-08-02:07:45; 1791425265.080195; 1791425265.080191; 0; 0; 0; 0
EST TCP_QUEUE; 2026-10-08-02:07:45; 1791425265.136949; 1791425265.136945; 0; 0; 0; 0
EST TCP_QUEUE; 2026-10-08-02:07:45; 1791425265.186913; 1791425265.186909; 0; 0; 0; 0
EST TCP_QUEUE; 2026-10-08-02:07:45; 1791425265.239344; 1791425265.239341; 0; 0; 0; 0
EST TCP_QUEUE; 2026-10-08-02:07:45; 1791425265.287347; 1791425265.287343; 0; 0; 0; 0
EST TCP_QUEUE; 2026-10-08-02:07:45; 1791425265.340356; 1791425265.340353; 0; 0; 0; 0
EST TCP_QUEUE; 2026-10-08-02:07:45; 1791425265.400092; 1791425265.400087; 0; 0; 0; 0
EST TCP_QUEUE; 2026-10-08-02:07:45; 1791425265.452358; 1791425265.452355; 0; 0; 0; 0
EST TCP_QUEUE; 2026-10-08-02:07:45; 1791425265.503751; 1791425265.503749; 0; 0; 0; 0
EST TCP_QUEUE; 2026-10-08-02:07:45; 1791425265.563304; 1791425265.563300; 0; 0; 0; 0
EST TCP_QUEUE; 2026-10-08-02:07:45; 1791425265.609235; 1791425265.609232; 0; 0; 0; 0
EST TCP_QUEUE; 2026-10-08-02:07:45; 1791425265.653607; 1791425265.653603; 0; 0; 0; 0
EST TCP_QUEUE; 2026-10-08-02:07:45; 1791425265.710267; 1791425265.710265; 0; 0; 0; 0
EST TCP_QUEUE; 2026-10-08-02:07:45; 1791425265.765344; 1791425265.765341; 0; 0; 0; 0
EST TCP_QUEUE; 2026-10-08-02:07:45; 1791425265.816842; 1791425265.816839; 1; 0; 0; 0
EST TCP_QUEUE; 2026-10-08-02:07:45; 1791425265.868382; 1791425265.868380; 1; 0; 0; 0
EST TCP_QUEUE; 2026-10-08-02:07:45; 1791425265.915399; 1791425265.915397; 1; 0; 0; 0
EST TCP_QUEUE; 2026-10-08-02:07:45; 1791425265.957258; 1791425265.957256; 1; 0; 0; 0
EST TCP_QUEUE; 2026-10-08-02:07:46; 1791425266.014752; 1791425266.014750; 1; 946; 0; 0
EST TCP_QUEUE; 2026-10-08-02:07:46; 1791425266.069515; 1791425266.069512; 1; 354; 1; 1994
EST TCP_QUEUE; 2026-10-08-02:07:46; 1791425266.123715; 1791425266.123713; 1; 354; 1; 1994
EST TCP_QUEUE; 2026-10-08-02:07:46; 1791425266.176690; 1791425266.176686; 0; 0; 0; 0
EST TCP_QUEUE; 2026-10-08-02:07:46; 1791425266.222119; 1791425266.222117; 0; 0; 0; 0
EST TCP_QUEUE; 2026-10-08-02:07:46; 1791425266.261705; 1791425266.261703; 0; 0; 0; 0
EST TCP_QUEUE; 2026-10-08-02:07:46; 1791425266.321923; 1791425266.321920; 0; 0; 0; 0
EST TCP_QUEUE; 2026-10-08-02:07:46; 1791425266.375608; 1791425266.375605; 0; 0; 0; 0
EST TCP_QUEUE; 2026-10-08-02:07:46; 1791425266.426648; 1791425266.426645; 0; 0; 0; 0
EST TCP_QUEUE; 2026-10-08-02:07:46; 1791425266.482418; 1791425266.482416; 1; 0; 1; 0
EST TCP_QUEUE; 2026-10-08-02:07:46; 1791425266.526991; 1791425266.526988; 1; 0; 1; 0
EST TCP_QUEUE; 2026-10-08-02:07:46; 1791425266.570255; 1791425266.570253; 1; 0; 1; 0
EST TCP_QUEUE; 2026-10-08-02:07:46; 1791425266.628227; 1791425266.628225; 1; 0; 1; 0
EST TCP_QUEUE; 2026-10-08-02:07:46; 1791425266.681203; 1791425266.681200; 1; 1710; 0; 0
EST TCP_QUEUE; 2026-10-08-02:07:46; 1791425266.735836; 1791425266.735833; 1; 1710; 0; 0
EST TCP_QUEUE; 2026-10-08-02:07:46; 1791425266.786828; 1791425266.786822; 1; 1710; 0; 0
EST TCP_QUEUE; 2026-10-08-02:07:46; 1791425266.837231; 1791425266.837228; 1; 1710; 0; 0
EST TCP_QUEUE; 2026-10-08-02:07:46; 1791425266.910986; 1791425266.910983; 0; 0; 0; 0
EST TCP_QUEUE; 2026-10-08-02:07:46; 1791425266.974048; 1791425266.974045; 1; 0; 0; 0
EST TCP_QUEUE; 2026-10-08-02:07:47; 1791425267.028545; 1791425267.028542; 1; 0; 0; 0
EST TCP_QUEUE; 2026-10-08-02:07:47; 1791425267.080925; 1791425267.080922; 0; 0; 0; 0
EST TCP_QUEUE; 2026-10-08-02:07:47; 1791425267.133452; 1791425267.133449; 0; 0; 0; 0
EST TCP_QUEUE; 2026-10-08-02:07:47; 1791425267.181278; 1791425267.181274; 0; 0; 0; 0
EST TCP_QUEUE; 2026-10-08-02:07:47; 1791425267.228081; 1791425267.228078; 0; 0; 0; 0
EST TCP_QUEUE; 2026-10-08-02:07:47; 1791425267.317539; 1791425267.317536; 0; 0; 0; 0
EST TCP_QUEUE; 2026-10-08-02:07:47; 1791425267.379915; 1791425267.379913; 0; 0; 0; 0
EST TCP_QUEUE; 2026-10-08-02:07:47; 1791425267.428850; 1791425267.428848; 0; 0; 0; 0
EST TCP_QUEUE; 2026-10-08-02:07:47; 1791425267.484948; 1791425267.484946; 0; 0; 0; 0
EST TCP_QUEUE; 2026-10-08-02:07:47; 1791425267.536927; 1791425267.536922; 0; 0; 0; 0
EST TCP_QUEUE; 2026-10-08-02:07:47; 1791425267.577655; 1791425267.577653; 0; 0; 0; 0
EST TCP_QUEUE; 2026-10-08-02:07:47; 1791425267.637216; 1791425267.637214; 0; 0; 0; 0
EST TCP_QUEUE; 2026-10-08-02:07:47; 1791425267.691980; 1791425267.691976; 0; 0; 0; 0
WAN 02:07:48.160501 IP (tos 0x0, ttl 127, id 9513, offset 0, flags [DF], proto TCP (6), length 64)
WAN     192.168.2.70.32426 > 94.140.14.14.5443: Flags [S], cksum 0xc095 (correct), seq 4032514625, win 65535, options [mss 1460,nop,wscale 8,nop,nop,sackOK,nop,nop,TS val 3394153729 ecr 0], length 0
WAN 02:07:48.164795 IP (tos 0x0, ttl 127, id 9514, offset 0, flags [DF], proto TCP (6), length 64)
WAN     192.168.2.70.32427 > 94.140.14.14.5443: Flags [S], cksum 0xa790 (correct), seq 4012663924, win 65535, options [mss 1460,nop,wscale 8,nop,nop,sackOK,nop,nop,TS val 3394153729 ecr 0], length 0
WAN 02:07:48.193160 IP (tos 0x0, ttl 56, id 0, offset 0, flags [DF], proto TCP (6), length 60)
WAN     94.140.14.14.5443 > 192.168.2.70.32426: Flags [S.], cksum 0x8429 (correct), seq 2510349886, ack 4032514626, win 43440, options [mss 1460,sackOK,TS val 1614858380 ecr 3394153729,nop,wscale 12], length 0
WAN 02:07:48.195938 IP (tos 0x0, ttl 56, id 0, offset 0, flags [DF], proto TCP (6), length 60)
WAN     94.140.14.14.5443 > 192.168.2.70.32427: Flags [S.], cksum 0x8a37 (correct), seq 2214380037, ack 4012663925, win 43440, options [mss 1460,sackOK,TS val 467149759 ecr 3394153729,nop,wscale 12], length 0
LAN 02:07:48.159500 IP (tos 0x0, ttl 128, id 9513, offset 0, flags [DF], proto TCP (6), length 52)
LAN     192.168.56.1.32426 > 94.140.14.14.5443: Flags [S], cksum 0x3b42 (correct), seq 4032514625, win 65535, options [mss 1460,nop,wscale 8,nop,nop,sackOK], length 0
LAN 02:07:48.159500 IP (tos 0x0, ttl 128, id 9514, offset 0, flags [DF], proto TCP (6), length 52)
LAN     192.168.56.1.32427 > 94.140.14.14.5443: Flags [S], cksum 0x223d (correct), seq 4012663924, win 65535, options [mss 1460,nop,wscale 8,nop,nop,sackOK], length 0
LAN 02:07:48.193579 IP (tos 0x0, ttl 55, id 0, offset 0, flags [DF], proto TCP (6), length 60)
LAN     94.140.14.14.5443 > 192.168.56.1.32426: Flags [S.], cksum 0xf190 (correct), seq 2510349886, ack 4032514626, win 43440, options [mss 1460,sackOK,nop,nop,nop,nop,nop,nop,nop,nop,nop,nop,nop,wscale 12], length 0
LAN 02:07:48.196221 IP (tos 0x0, ttl 55, id 0, offset 0, flags [DF], proto TCP (6), length 60)
LAN     94.140.14.14.5443 > 192.168.56.1.32427: Flags [S.], cksum 0x0e69 (correct), seq 2214380037, ack 4012663925, win 43440, options [mss 1460,sackOK,nop,nop,nop,nop,nop,nop,nop,nop,nop,nop,nop,wscale 12], length 0
WAN 02:07:48.429479 IP (tos 0x0, ttl 127, id 9525, offset 0, flags [DF], proto TCP (6), length 64)
WAN     192.168.2.70.11517 > 94.140.14.14.5443: Flags [S], cksum 0x9399 (correct), seq 4275026550, win 65535, options [mss 1460,nop,wscale 8,nop,nop,sackOK,nop,nop,TS val 3394153729 ecr 0], length 0
WAN 02:07:48.429744 IP (tos 0x0, ttl 127, id 9526, offset 0, flags [DF], proto TCP (6), length 64)
WAN     192.168.2.70.11518 > 94.140.14.14.5443: Flags [S], cksum 0x023f (correct), seq 2331492264, win 65535, options [mss 1460,nop,wscale 8,nop,nop,sackOK,nop,nop,TS val 3394153729 ecr 0], length 0
WAN 02:07:48.462527 IP (tos 0x0, ttl 56, id 0, offset 0, flags [DF], proto TCP (6), length 60)
WAN     94.140.14.14.5443 > 192.168.2.70.11518: Flags [S.], cksum 0x4bc0 (correct), seq 1512688371, ack 2331492265, win 43440, options [mss 1460,sackOK,TS val 2055634715 ecr 3394153729,nop,wscale 12], length 0
WAN 02:07:48.462527 IP (tos 0x0, ttl 57, id 0, offset 0, flags [DF], proto TCP (6), length 60)
WAN     94.140.14.14.5443 > 192.168.2.70.11517: Flags [S.], cksum 0xa3ed (correct), seq 1325101347, ack 4275026551, win 43440, options [mss 1460,sackOK,TS val 3829314446 ecr 3394153729,nop,wscale 12], length 0
LAN 02:07:48.429181 IP (tos 0x0, ttl 128, id 9525, offset 0, flags [DF], proto TCP (6), length 52)
LAN     192.168.56.1.11517 > 94.140.14.14.5443: Flags [S], cksum 0x0e46 (correct), seq 4275026550, win 65535, options [mss 1460,nop,wscale 8,nop,nop,sackOK], length 0
LAN 02:07:48.429181 IP (tos 0x0, ttl 128, id 9526, offset 0, flags [DF], proto TCP (6), length 52)
LAN     192.168.56.1.11518 > 94.140.14.14.5443: Flags [S], cksum 0x7ceb (correct), seq 2331492264, win 65535, options [mss 1460,nop,wscale 8,nop,nop,sackOK], length 0
LAN 02:07:48.462890 IP (tos 0x0, ttl 55, id 0, offset 0, flags [DF], proto TCP (6), length 60)
LAN     94.140.14.14.5443 > 192.168.56.1.11518: Flags [S.], cksum 0x89fc (correct), seq 1512688371, ack 2331492265, win 43440, options [mss 1460,sackOK,nop,nop,nop,nop,nop,nop,nop,nop,nop,nop,nop,wscale 12], length 0
LAN 02:07:48.463159 IP (tos 0x0, ttl 56, id 0, offset 0, flags [DF], proto TCP (6), length 60)
LAN     94.140.14.14.5443 > 192.168.56.1.11517: Flags [S.], cksum 0x8055 (correct), seq 1325101347, ack 4275026551, win 43440, options [mss 1460,sackOK,nop,nop,nop,nop,nop,nop,nop,nop,nop,nop,nop,wscale 12], length 0
WAN 02:07:48.628487 IP (tos 0x0, ttl 127, id 56639, offset 0, flags [DF], proto TCP (6), length 64)
WAN     192.168.2.70.20521 > 20.184.175.3.443: Flags [S], cksum 0x5519 (correct), seq 897211271, win 65535, options [mss 1460,nop,wscale 8,nop,nop,sackOK,nop,nop,TS val 3394153729 ecr 0], length 0
WAN 02:07:48.686543 IP (tos 0x0, ttl 111, id 44922, offset 0, flags [DF], proto TCP (6), length 60)
WAN     20.184.175.3.443 > 192.168.2.70.20521: Flags [S.], cksum 0xc720 (correct), seq 3833368644, ack 897211272, win 65535, options [mss 1440,nop,wscale 8,sackOK,TS val 1063578587 ecr 3394153729], length 0
LAN 02:07:48.627033 IP (tos 0x0, ttl 128, id 56639, offset 0, flags [DF], proto TCP (6), length 52)
LAN     192.168.56.1.20521 > 20.184.175.3.443: Flags [S], cksum 0xcfc5 (correct), seq 897211271, win 65535, options [mss 1460,nop,wscale 8,nop,nop,sackOK], length 0
LAN 02:07:48.686956 IP (tos 0x0, ttl 110, id 44922, offset 0, flags [DF], proto TCP (6), length 60)
LAN     20.184.175.3.443 > 192.168.56.1.20521: Flags [S.], cksum 0x36fb (correct), seq 3833368644, ack 897211272, win 65535, options [mss 1440,nop,wscale 8,sackOK,nop,nop,nop,nop,nop,nop,nop,nop,nop,nop], length 0
EST TCP_QUEUE; 2026-10-08-02:07:47; 1791425267.746830; 1791425267.746828; 1; 951; 1; 2090
EST TCP_QUEUE; 2026-10-08-02:07:47; 1791425267.798622; 1791425267.798620; 1; 951; 1; 2090
EST TCP_QUEUE; 2026-10-08-02:07:47; 1791425267.845241; 1791425267.845238; 1; 951; 1; 2090
EST TCP_QUEUE; 2026-10-08-02:07:47; 1791425267.897321; 1791425267.897315; 1; 1277; 0; 0
EST TCP_QUEUE; 2026-10-08-02:07:47; 1791425267.960337; 1791425267.960333; 1; 1277; 0; 0
EST TCP_QUEUE; 2026-10-08-02:07:48; 1791425268.015722; 1791425268.015717; 1; 512; 0; 0
EST TCP_QUEUE; 2026-10-08-02:07:48; 1791425268.068963; 1791425268.068959; 1; 512; 0; 0
EST TCP_QUEUE; 2026-10-08-02:07:48; 1791425268.120208; 1791425268.120204; 1; 512; 0; 0
EST TCP_QUEUE; 2026-10-08-02:07:48; 1791425268.167941; 1791425268.167937; 0; 0; 0; 0
EST TCP_QUEUE; 2026-10-08-02:07:48; 1791425268.212696; 1791425268.212693; 0; 0; 0; 0
EST TCP_QUEUE; 2026-10-08-02:07:48; 1791425268.270456; 1791425268.270452; 0; 0; 0; 0
EST TCP_QUEUE; 2026-10-08-02:07:48; 1791425268.330625; 1791425268.330622; 0; 0; 0; 0
EST TCP_QUEUE; 2026-10-08-02:07:48; 1791425268.381001; 1791425268.380998; 0; 0; 0; 0
EST TCP_QUEUE; 2026-10-08-02:07:48; 1791425268.437323; 1791425268.437319; 0; 0; 0; 0
EST TCP_QUEUE; 2026-10-08-02:07:48; 1791425268.491416; 1791425268.491412; 0; 0; 0; 0
EST TCP_QUEUE; 2026-10-08-02:07:48; 1791425268.536939; 1791425268.536934; 0; 0; 0; 0
EST TCP_QUEUE; 2026-10-08-02:07:48; 1791425268.594761; 1791425268.594756; 0; 0; 0; 0
EST TCP_QUEUE; 2026-10-08-02:07:48; 1791425268.651186; 1791425268.651182; 0; 0; 0; 0
EST TCP_QUEUE; 2026-10-08-02:07:48; 1791425268.703867; 1791425268.703864; 0; 0; 0; 0
EST TCP_QUEUE; 2026-10-08-02:07:48; 1791425268.756141; 1791425268.756137; 0; 0; 0; 0
EST TCP_QUEUE; 2026-10-08-02:07:48; 1791425268.801926; 1791425268.801922; 1; 782; 0; 0
EST TCP_QUEUE; 2026-10-08-02:07:48; 1791425268.847107; 1791425268.847105; 1; 782; 0; 0
EST TCP_QUEUE; 2026-10-08-02:07:48; 1791425268.909268; 1791425268.909264; 1; 782; 0; 0
EST TCP_QUEUE; 2026-10-08-02:07:48; 1791425268.967255; 1791425268.967252; 0; 0; 0; 0
EST TCP_QUEUE; 2026-10-08-02:07:49; 1791425269.017491; 1791425269.017488; 0; 0; 0; 0
EST TCP_QUEUE; 2026-10-08-02:07:49; 1791425269.073361; 1791425269.073358; 1; 539; 0; 0
EST TCP_QUEUE; 2026-10-08-02:07:49; 1791425269.120314; 1791425269.120310; 1; 539; 0; 0
EST TCP_QUEUE; 2026-10-08-02:07:49; 1791425269.163101; 1791425269.163099; 1; 539; 0; 0
EST TCP_QUEUE; 2026-10-08-02:07:49; 1791425269.221384; 1791425269.221382; 1; 1848; 0; 0
EST TCP_QUEUE; 2026-10-08-02:07:49; 1791425269.276062; 1791425269.276059; 0; 0; 0; 0
EST TCP_QUEUE; 2026-10-08-02:07:49; 1791425269.327516; 1791425269.327511; 0; 0; 0; 0
EST TCP_QUEUE; 2026-10-08-02:07:49; 1791425269.385766; 1791425269.385763; 0; 0; 0; 0
EST TCP_QUEUE; 2026-10-08-02:07:49; 1791425269.450868; 1791425269.450865; 0; 0; 0; 0
EST TCP_QUEUE; 2026-10-08-02:07:49; 1791425269.500257; 1791425269.500254; 0; 0; 0; 0
EST TCP_QUEUE; 2026-10-08-02:07:49; 1791425269.565210; 1791425269.565203; 0; 0; 0; 0
EST TCP_QUEUE; 2026-10-08-02:07:49; 1791425269.618627; 1791425269.618622; 0; 0; 0; 0
EST TCP_QUEUE; 2026-10-08-02:07:49; 1791425269.669164; 1791425269.669160; 0; 0; 0; 0
EST TCP_QUEUE; 2026-10-08-02:07:49; 1791425269.721417; 1791425269.721414; 0; 0; 0; 0
EST TCP_QUEUE; 2026-10-08-02:07:49; 1791425269.775284; 1791425269.775281; 0; 0; 0; 0
EST TCP_QUEUE; 2026-10-08-02:07:49; 1791425269.818471; 1791425269.818469; 0; 0; 0; 0
EST TCP_QUEUE; 2026-10-08-02:07:49; 1791425269.884214; 1791425269.884211; 1; 1072; 0; 0
EST TCP_QUEUE; 2026-10-08-02:07:49; 1791425269.940252; 1791425269.940249; 1; 1072; 0; 0
EST TCP_QUEUE; 2026-10-08-02:07:49; 1791425269.991242; 1791425269.991239; 1; 874; 0; 0
EST TCP_QUEUE; 2026-10-08-02:07:50; 1791425270.047422; 1791425270.047418; 1; 874; 0; 0
EST TCP_QUEUE; 2026-10-08-02:07:50; 1791425270.093290; 1791425270.093286; 1; 472; 0; 0
EST TCP_QUEUE; 2026-10-08-02:07:50; 1791425270.146617; 1791425270.146613; 1; 472; 0; 0
EST TCP_QUEUE; 2026-10-08-02:07:50; 1791425270.204684; 1791425270.204679; 1; 472; 0; 0
EST TCP_QUEUE; 2026-10-08-02:07:50; 1791425270.258903; 1791425270.258900; 1; 472; 0; 0
EST TCP_QUEUE; 2026-10-08-02:07:50; 1791425270.314946; 1791425270.314942; 0; 0; 0; 0
EST TCP_QUEUE; 2026-10-08-02:07:50; 1791425270.371171; 1791425270.371168; 0; 0; 0; 0
EST TCP_QUEUE; 2026-10-08-02:07:50; 1791425270.418978; 1791425270.418975; 0; 0; 0; 0
EST TCP_QUEUE; 2026-10-08-02:07:50; 1791425270.462624; 1791425270.462620; 0; 0; 0; 0
EST TCP_QUEUE; 2026-10-08-02:07:50; 1791425270.522282; 1791425270.522280; 0; 0; 0; 0
EST TCP_QUEUE; 2026-10-08-02:07:50; 1791425270.578872; 1791425270.578869; 0; 0; 0; 0
EST TCP_QUEUE; 2026-10-08-02:07:50; 1791425270.629127; 1791425270.629124; 0; 0; 0; 0
EST TCP_QUEUE; 2026-10-08-02:07:50; 1791425270.710259; 1791425270.710256; 0; 0; 0; 0
EST TCP_QUEUE; 2026-10-08-02:07:50; 1791425270.767402; 1791425270.767393; 0; 0; 0; 0
EST TCP_QUEUE; 2026-10-08-02:07:50; 1791425270.808072; 1791425270.808069; 0; 0; 0; 0
EST TCP_QUEUE; 2026-10-08-02:07:50; 1791425270.866268; 1791425270.866265; 0; 0; 0; 0
EST TCP_QUEUE; 2026-10-08-02:07:50; 1791425270.922556; 1791425270.922553; 1; 470; 0; 0
EST TCP_QUEUE; 2026-10-08-02:07:50; 1791425270.982823; 1791425270.982818; 1; 470; 0; 0
EST TCP_QUEUE; 2026-10-08-02:07:51; 1791425271.042427; 1791425271.042421; 1; 470; 0; 0
EST TCP_QUEUE; 2026-10-08-02:07:51; 1791425271.088304; 1791425271.088300; 0; 0; 0; 0
EST TCP_QUEUE; 2026-10-08-02:07:51; 1791425271.131913; 1791425271.131909; 1; 2172; 0; 0
EST TCP_QUEUE; 2026-10-08-02:07:51; 1791425271.192206; 1791425271.192200; 1; 2172; 0; 0
EST TCP_QUEUE; 2026-10-08-02:07:51; 1791425271.245662; 1791425271.245660; 1; 2172; 0; 0
EST TCP_QUEUE; 2026-10-08-02:07:51; 1791425271.296012; 1791425271.296010; 0; 0; 0; 0
EST TCP_QUEUE; 2026-10-08-02:07:51; 1791425271.348546; 1791425271.348541; 0; 0; 0; 0
EST TCP_QUEUE; 2026-10-08-02:07:51; 1791425271.396299; 1791425271.396296; 0; 0; 0; 0
EST TCP_QUEUE; 2026-10-08-02:07:51; 1791425271.443697; 1791425271.443694; 0; 0; 0; 0
EST TCP_QUEUE; 2026-10-08-02:07:51; 1791425271.529798; 1791425271.529796; 0; 0; 0; 0
EST TCP_QUEUE; 2026-10-08-02:07:51; 1791425271.586793; 1791425271.586790; 0; 0; 0; 0
EST TCP_QUEUE; 2026-10-08-02:07:51; 1791425271.639421; 1791425271.639418; 0; 0; 0; 0
EST TCP_QUEUE; 2026-10-08-02:07:51; 1791425271.720788; 1791425271.720785; 0; 0; 0; 0
EST TCP_QUEUE; 2026-10-08-02:07:51; 1791425271.765145; 1791425271.765142; 0; 0; 0; 0
EST TCP_QUEUE; 2026-10-08-02:07:51; 1791425271.808303; 1791425271.808300; 0; 0; 0; 0
EST TCP_QUEUE; 2026-10-08-02:07:51; 1791425271.911682; 1791425271.911679; 0; 0; 0; 0
EST TCP_QUEUE; 2026-10-08-02:07:51; 1791425271.970687; 1791425271.970682; 1; 381; 0; 0
EST TCP_QUEUE; 2026-10-08-02:07:52; 1791425272.019938; 1791425272.019932; 1; 381; 0; 0
EST TCP_QUEUE; 2026-10-08-02:07:52; 1791425272.074553; 1791425272.074548; 0; 0; 0; 0
EST TCP_QUEUE; 2026-10-08-02:07:52; 1791425272.120089; 1791425272.120084; 0; 0; 0; 0
EST TCP_QUEUE; 2026-10-08-02:07:52; 1791425272.163821; 1791425272.163815; 0; 0; 0; 0
EST TCP_QUEUE; 2026-10-08-02:07:52; 1791425272.223444; 1791425272.223439; 1; 470; 0; 0
EST TCP_QUEUE; 2026-10-08-02:07:52; 1791425272.278304; 1791425272.278299; 1; 470; 0; 0
EST TCP_QUEUE; 2026-10-08-02:07:52; 1791425272.330219; 1791425272.330215; 1; 470; 0; 0
EST TCP_QUEUE; 2026-10-08-02:07:52; 1791425272.390753; 1791425272.390750; 0; 0; 0; 0
EST TCP_QUEUE; 2026-10-08-02:07:52; 1791425272.435704; 1791425272.435701; 0; 0; 0; 0
EST TCP_QUEUE; 2026-10-08-02:07:52; 1791425272.510481; 1791425272.510477; 0; 0; 0; 0
EST TCP_QUEUE; 2026-10-08-02:07:52; 1791425272.585893; 1791425272.585889; 0; 0; 0; 0
EST TCP_QUEUE; 2026-10-08-02:07:52; 1791425272.647504; 1791425272.647501; 0; 0; 0; 0
EST TCP_QUEUE; 2026-10-08-02:07:52; 1791425272.724311; 1791425272.724309; 0; 0; 0; 0
EST TCP_QUEUE; 2026-10-08-02:07:52; 1791425272.785989; 1791425272.785985; 0; 0; 0; 0
EST TCP_QUEUE; 2026-10-08-02:07:52; 1791425272.832245; 1791425272.832242; 0; 0; 0; 0
EST TCP_QUEUE; 2026-10-08-02:07:52; 1791425272.875282; 1791425272.875278; 0; 0; 0; 0
EST TCP_QUEUE; 2026-10-08-02:07:52; 1791425272.934064; 1791425272.934060; 0; 0; 0; 0
EST TCP_QUEUE; 2026-10-08-02:07:52; 1791425272.987531; 1791425272.987525; 0; 0; 0; 0
EST TCP_QUEUE; 2026-10-08-02:07:53; 1791425273.040949; 1791425273.040946; 1; 490; 0; 0
EST TCP_QUEUE; 2026-10-08-02:07:53; 1791425273.092528; 1791425273.092525; 1; 490; 0; 0
EST TCP_QUEUE; 2026-10-08-02:07:53; 1791425273.148880; 1791425273.148876; 1; 490; 0; 0
EST TCP_QUEUE; 2026-10-08-02:07:53; 1791425273.207333; 1791425273.207329; 0; 0; 0; 0
EST TCP_QUEUE; 2026-10-08-02:07:53; 1791425273.270380; 1791425273.270375; 1; 1388; 0; 0
EST TCP_QUEUE; 2026-10-08-02:07:53; 1791425273.324327; 1791425273.324323; 1; 1388; 0; 0
EST TCP_QUEUE; 2026-10-08-02:07:53; 1791425273.376725; 1791425273.376722; 0; 0; 0; 0
EST TCP_QUEUE; 2026-10-08-02:07:53; 1791425273.428758; 1791425273.428755; 0; 0; 0; 0
EST TCP_QUEUE; 2026-10-08-02:07:53; 1791425273.474709; 1791425273.474707; 0; 0; 0; 0
EST TCP_QUEUE; 2026-10-08-02:07:53; 1791425273.516275; 1791425273.516272; 0; 0; 0; 0
EST TCP_QUEUE; 2026-10-08-02:07:53; 1791425273.579682; 1791425273.579679; 0; 0; 0; 0
EST TCP_QUEUE; 2026-10-08-02:07:53; 1791425273.639812; 1791425273.639809; 0; 0; 0; 0
EST TCP_QUEUE; 2026-10-08-02:07:53; 1791425273.690654; 1791425273.690651; 0; 0; 0; 0
EST TCP_QUEUE; 2026-10-08-02:07:53; 1791425273.744634; 1791425273.744632; 0; 0; 0; 0
EST TCP_QUEUE; 2026-10-08-02:07:53; 1791425273.810437; 1791425273.810434; 0; 0; 0; 0
EST TCP_QUEUE; 2026-10-08-02:07:53; 1791425273.851500; 1791425273.851497; 0; 0; 0; 0
EST TCP_QUEUE; 2026-10-08-02:07:53; 1791425273.913344; 1791425273.913341; 0; 0; 0; 0
EST TCP_QUEUE; 2026-10-08-02:07:53; 1791425273.967880; 1791425273.967877; 0; 0; 0; 0
EST TCP_QUEUE; 2026-10-08-02:07:54; 1791425274.019840; 1791425274.019837; 0; 0; 0; 0
EST TCP_QUEUE; 2026-10-08-02:07:54; 1791425274.073015; 1791425274.073012; 0; 0; 0; 0
EST TCP_QUEUE; 2026-10-08-02:07:54; 1791425274.120257; 1791425274.120254; 1; 1663; 0; 0
EST TCP_QUEUE; 2026-10-08-02:07:54; 1791425274.170053; 1791425274.170050; 1; 1663; 0; 0
EST TCP_QUEUE; 2026-10-08-02:07:54; 1791425274.256666; 1791425274.256663; 1; 1663; 0; 0
EST TCP_QUEUE; 2026-10-08-02:07:54; 1791425274.321581; 1791425274.321578; 1; 342; 0; 0
EST TCP_QUEUE; 2026-10-08-02:07:54; 1791425274.378651; 1791425274.378649; 0; 0; 0; 0
EST TCP_QUEUE; 2026-10-08-02:07:54; 1791425274.431253; 1791425274.431250; 0; 0; 0; 0
EST TCP_QUEUE; 2026-10-08-02:07:54; 1791425274.481096; 1791425274.481094; 0; 0; 0; 0
EST TCP_QUEUE; 2026-10-08-02:07:54; 1791425274.524471; 1791425274.524468; 0; 0; 0; 0
EST TCP_QUEUE; 2026-10-08-02:07:54; 1791425274.609298; 1791425274.609295; 0; 0; 0; 0
EST TCP_QUEUE; 2026-10-08-02:07:54; 1791425274.671955; 1791425274.671953; 0; 0; 0; 0
EST TCP_QUEUE; 2026-10-08-02:07:54; 1791425274.727994; 1791425274.727992; 0; 0; 0; 0
EST TCP_QUEUE; 2026-10-08-02:07:54; 1791425274.786265; 1791425274.786262; 0; 0; 0; 0
EST TCP_QUEUE; 2026-10-08-02:07:54; 1791425274.834002; 1791425274.833999; 0; 0; 0; 0
EST TCP_QUEUE; 2026-10-08-02:07:54; 1791425274.875594; 1791425274.875591; 0; 0; 0; 0
EST TCP_QUEUE; 2026-10-08-02:07:54; 1791425274.933775; 1791425274.933772; 0; 0; 0; 0
EST TCP_QUEUE; 2026-10-08-02:07:54; 1791425274.988411; 1791425274.988407; 0; 0; 0; 0
EST TCP_QUEUE; 2026-10-08-02:07:55; 1791425275.079080; 1791425275.079077; 0; 0; 0; 0
EST TCP_QUEUE; 2026-10-08-02:07:55; 1791425275.131588; 1791425275.131585; 0; 0; 0; 0
EST TCP_QUEUE; 2026-10-08-02:07:55; 1791425275.178802; 1791425275.178799; 1; 257; 0; 0
EST TCP_QUEUE; 2026-10-08-02:07:55; 1791425275.227777; 1791425275.227774; 1; 257; 0; 0
EST TCP_QUEUE; 2026-10-08-02:07:55; 1791425275.284750; 1791425275.284745; 0; 0; 0; 0
EST TCP_QUEUE; 2026-10-08-02:07:55; 1791425275.343119; 1791425275.343111; 1; 1430; 0; 0
EST TCP_QUEUE; 2026-10-08-02:07:55; 1791425275.393168; 1791425275.393164; 1; 1430; 0; 0
EST TCP_QUEUE; 2026-10-08-02:07:55; 1791425275.445507; 1791425275.445505; 1; 1430; 0; 0
EST TCP_QUEUE; 2026-10-08-02:07:55; 1791425275.519890; 1791425275.519887; 0; 0; 0; 0
EST TCP_QUEUE; 2026-10-08-02:07:55; 1791425275.567001; 1791425275.566997; 0; 0; 0; 0
EST TCP_QUEUE; 2026-10-08-02:07:55; 1791425275.625842; 1791425275.625839; 0; 0; 0; 0
EST TCP_QUEUE; 2026-10-08-02:07:55; 1791425275.683992; 1791425275.683990; 0; 0; 0; 0
EST TCP_QUEUE; 2026-10-08-02:07:55; 1791425275.736305; 1791425275.736302; 0; 0; 0; 0
EST TCP_QUEUE; 2026-10-08-02:07:55; 1791425275.798275; 1791425275.798272; 0; 0; 0; 0
EST TCP_QUEUE; 2026-10-08-02:07:55; 1791425275.850217; 1791425275.850213; 0; 0; 0; 0
EST TCP_QUEUE; 2026-10-08-02:07:55; 1791425275.893818; 1791425275.893815; 0; 0; 0; 0
EST TCP_QUEUE; 2026-10-08-02:07:55; 1791425275.954169; 1791425275.954165; 0; 0; 0; 0
EST TCP_QUEUE; 2026-10-08-02:07:56; 1791425276.007884; 1791425276.007881; 0; 0; 0; 0
EST TCP_QUEUE; 2026-10-08-02:07:56; 1791425276.080953; 1791425276.080949; 1; 1632; 0; 0
EST TCP_QUEUE; 2026-10-08-02:07:56; 1791425276.137198; 1791425276.137195; 1; 1632; 0; 0
EST TCP_QUEUE; 2026-10-08-02:07:56; 1791425276.188789; 1791425276.188787; 1; 1632; 0; 0
EST TCP_QUEUE; 2026-10-08-02:07:56; 1791425276.304814; 1791425276.304811; 1; 350; 0; 0
EST TCP_QUEUE; 2026-10-08-02:07:56; 1791425276.368710; 1791425276.368707; 1; 832; 0; 0
EST TCP_QUEUE; 2026-10-08-02:07:56; 1791425276.432167; 1791425276.432165; 1; 832; 0; 0
EST TCP_QUEUE; 2026-10-08-02:07:56; 1791425276.492343; 1791425276.492340; 0; 0; 0; 0
EST TCP_QUEUE; 2026-10-08-02:07:56; 1791425276.546932; 1791425276.546929; 1; 0; 0; 0
EST TCP_QUEUE; 2026-10-08-02:07:56; 1791425276.597343; 1791425276.597340; 1; 0; 0; 0
EST TCP_QUEUE; 2026-10-08-02:07:56; 1791425276.633576; 1791425276.633574; 1; 0; 0; 0
EST TCP_QUEUE; 2026-10-08-02:07:56; 1791425276.693328; 1791425276.693320; 0; 0; 0; 0
EST TCP_QUEUE; 2026-10-08-02:07:56; 1791425276.763607; 1791425276.763604; 0; 0; 0; 0
EST TCP_QUEUE; 2026-10-08-02:07:56; 1791425276.816872; 1791425276.816870; 0; 0; 0; 0
EST TCP_QUEUE; 2026-10-08-02:07:56; 1791425276.876786; 1791425276.876782; 0; 0; 0; 0
EST TCP_QUEUE; 2026-10-08-02:07:56; 1791425276.924229; 1791425276.924227; 0; 0; 0; 0
EST TCP_QUEUE; 2026-10-08-02:07:56; 1791425276.971408; 1791425276.971405; 0; 0; 0; 0
EST TCP_QUEUE; 2026-10-08-02:07:57; 1791425277.029878; 1791425277.029875; 1; 568; 0; 0
EST TCP_QUEUE; 2026-10-08-02:07:57; 1791425277.085354; 1791425277.085351; 1; 568; 0; 0
EST TCP_QUEUE; 2026-10-08-02:07:57; 1791425277.136116; 1791425277.136113; 1; 568; 0; 0
EST TCP_QUEUE; 2026-10-08-02:07:57; 1791425277.190454; 1791425277.190450; 1; 789; 0; 0
EST TCP_QUEUE; 2026-10-08-02:07:57; 1791425277.238748; 1791425277.238745; 1; 789; 0; 0
EST TCP_QUEUE; 2026-10-08-02:07:57; 1791425277.299367; 1791425277.299365; 1; 587; 0; 0
EST TCP_QUEUE; 2026-10-08-02:07:57; 1791425277.385980; 1791425277.385977; 1; 614; 0; 0
EST TCP_QUEUE; 2026-10-08-02:07:57; 1791425277.475881; 1791425277.475878; 1; 614; 0; 0
EST TCP_QUEUE; 2026-10-08-02:07:57; 1791425277.547921; 1791425277.547919; 1; 614; 0; 0
EST TCP_QUEUE; 2026-10-08-02:07:57; 1791425277.600133; 1791425277.600130; 0; 0; 0; 0
EST TCP_QUEUE; 2026-10-08-02:07:57; 1791425277.647198; 1791425277.647195; 0; 0; 0; 0
EST TCP_QUEUE; 2026-10-08-02:07:57; 1791425277.688325; 1791425277.688321; 0; 0; 0; 0
WAN 02:07:58.161445 IP (tos 0x0, ttl 127, id 44231, offset 0, flags [DF], proto TCP (6), length 64)
WAN     192.168.2.70.63272 > 150.171.27.11.443: Flags [S], cksum 0xd534 (correct), seq 2606227603, win 65535, options [mss 1460,nop,wscale 8,nop,nop,sackOK,nop,nop,TS val 3394153729 ecr 0], length 0
WAN 02:07:58.186563 IP (tos 0x0, ttl 119, id 41316, offset 0, flags [DF], proto TCP (6), length 52)
WAN     150.171.27.11.443 > 192.168.2.70.63272: Flags [S.], cksum 0xd282 (correct), seq 2114467092, ack 2606227604, win 65535, options [mss 1440,nop,wscale 8,nop,nop,sackOK], length 0
LAN 02:07:58.160885 IP (tos 0x0, ttl 128, id 44231, offset 0, flags [DF], proto TCP (6), length 52)
LAN     192.168.56.1.63272 > 150.171.27.11.443: Flags [S], cksum 0x4fe1 (correct), seq 2606227603, win 65535, options [mss 1460,nop,wscale 8,nop,nop,sackOK], length 0
LAN 02:07:58.186826 IP (tos 0x0, ttl 118, id 41316, offset 0, flags [DF], proto TCP (6), length 52)
LAN     150.171.27.11.443 > 192.168.56.1.63272: Flags [S.], cksum 0x9cc7 (correct), seq 2114467092, ack 2606227604, win 65535, options [mss 1440,nop,wscale 8,nop,nop,sackOK], length 0
EST TCP_QUEUE; 2026-10-08-02:07:57; 1791425277.748036; 1791425277.748034; 0; 0; 0; 0
EST TCP_QUEUE; 2026-10-08-02:07:57; 1791425277.819494; 1791425277.819491; 0; 0; 0; 0
EST TCP_QUEUE; 2026-10-08-02:07:57; 1791425277.870279; 1791425277.870276; 0; 0; 0; 0
EST TCP_QUEUE; 2026-10-08-02:07:57; 1791425277.927057; 1791425277.927053; 0; 0; 0; 0
EST TCP_QUEUE; 2026-10-08-02:07:57; 1791425277.974124; 1791425277.974122; 0; 0; 0; 0
EST TCP_QUEUE; 2026-10-08-02:07:58; 1791425278.018084; 1791425278.018082; 0; 0; 0; 0
EST TCP_QUEUE; 2026-10-08-02:07:58; 1791425278.077570; 1791425278.077567; 0; 0; 0; 0
EST TCP_QUEUE; 2026-10-08-02:07:58; 1791425278.131807; 1791425278.131805; 0; 0; 0; 0
EST TCP_QUEUE; 2026-10-08-02:07:58; 1791425278.184314; 1791425278.184311; 0; 0; 0; 0
EST TCP_QUEUE; 2026-10-08-02:07:58; 1791425278.236788; 1791425278.236784; 0; 0; 0; 0
EST TCP_QUEUE; 2026-10-08-02:07:58; 1791425278.282673; 1791425278.282670; 0; 0; 0; 0
EST TCP_QUEUE; 2026-10-08-02:07:58; 1791425278.322619; 1791425278.322617; 1; 401; 0; 0
EST TCP_QUEUE; 2026-10-08-02:07:58; 1791425278.382189; 1791425278.382187; 1; 401; 0; 0
EST TCP_QUEUE; 2026-10-08-02:07:58; 1791425278.436458; 1791425278.436456; 1; 401; 0; 0
EST TCP_QUEUE; 2026-10-08-02:07:58; 1791425278.486472; 1791425278.486470; 1; 1017; 0; 0
EST TCP_QUEUE; 2026-10-08-02:07:58; 1791425278.539768; 1791425278.539765; 1; 1017; 0; 0
EST TCP_QUEUE; 2026-10-08-02:07:58; 1791425278.591291; 1791425278.591288; 1; 918; 0; 0
EST TCP_QUEUE; 2026-10-08-02:07:58; 1791425278.637178; 1791425278.637174; 1; 918; 0; 0
WAN 02:07:59.010122 IP (tos 0x0, ttl 127, id 13991, offset 0, flags [DF], proto TCP (6), length 64)
WAN     192.168.2.70.63273 > 216.197.195.154.80: Flags [S], cksum 0xf91f (correct), seq 254959502, win 65535, options [mss 1460,nop,wscale 8,nop,nop,sackOK,nop,nop,TS val 3394153729 ecr 0], length 0
WAN 02:07:59.018969 IP (tos 0x0, ttl 58, id 0, offset 0, flags [DF], proto TCP (6), length 60)
WAN     216.197.195.154.80 > 192.168.2.70.63273: Flags [S.], cksum 0x55bd (correct), seq 1519619247, ack 254959503, win 65160, options [mss 1384,sackOK,TS val 597011523 ecr 3394153729,nop,wscale 7], length 0
LAN 02:07:59.009706 IP (tos 0x0, ttl 128, id 13991, offset 0, flags [DF], proto TCP (6), length 52)
LAN     192.168.56.1.63273 > 216.197.195.154.80: Flags [S], cksum 0x73cc (correct), seq 254959502, win 65535, options [mss 1460,nop,wscale 8,nop,nop,sackOK], length 0
LAN 02:07:59.019265 IP (tos 0x0, ttl 57, id 0, offset 0, flags [DF], proto TCP (6), length 60)
LAN     216.197.195.154.80 > 192.168.56.1.63273: Flags [S.], cksum 0x6a30 (correct), seq 1519619247, ack 254959503, win 65160, options [mss 1384,sackOK,nop,nop,nop,nop,nop,nop,nop,nop,nop,nop,nop,wscale 7], length 0
EST TCP_QUEUE; 2026-10-08-02:07:58; 1791425278.694502; 1791425278.694499; 0; 0; 0; 0
EST TCP_QUEUE; 2026-10-08-02:07:58; 1791425278.816561; 1791425278.816558; 0; 0; 0; 0
EST TCP_QUEUE; 2026-10-08-02:07:58; 1791425278.903449; 1791425278.903446; 0; 0; 0; 0
EST TCP_QUEUE; 2026-10-08-02:07:58; 1791425278.959581; 1791425278.959578; 0; 0; 0; 0
EST TCP_QUEUE; 2026-10-08-02:07:59; 1791425279.005995; 1791425279.005991; 0; 0; 0; 0
EST TCP_QUEUE; 2026-10-08-02:07:59; 1791425279.049411; 1791425279.049407; 0; 0; 0; 0
EST TCP_QUEUE; 2026-10-08-02:07:59; 1791425279.106915; 1791425279.106911; 0; 0; 0; 0
EST TCP_QUEUE; 2026-10-08-02:07:59; 1791425279.161604; 1791425279.161601; 0; 0; 0; 0
EST TCP_QUEUE; 2026-10-08-02:07:59; 1791425279.213916; 1791425279.213913; 0; 0; 0; 0
EST TCP_QUEUE; 2026-10-08-02:07:59; 1791425279.266576; 1791425279.266573; 0; 0; 0; 0
EST TCP_QUEUE; 2026-10-08-02:07:59; 1791425279.316343; 1791425279.316339; 0; 0; 0; 0
EST TCP_QUEUE; 2026-10-08-02:07:59; 1791425279.357422; 1791425279.357419; 0; 0; 0; 0
EST TCP_QUEUE; 2026-10-08-02:07:59; 1791425279.417121; 1791425279.417118; 1; 501; 0; 0
EST TCP_QUEUE; 2026-10-08-02:07:59; 1791425279.473242; 1791425279.473240; 1; 0; 0; 0
EST TCP_QUEUE; 2026-10-08-02:07:59; 1791425279.523913; 1791425279.523909; 1; 0; 0; 0
EST TCP_QUEUE; 2026-10-08-02:07:59; 1791425279.578356; 1791425279.578352; 1; 0; 0; 0
EST TCP_QUEUE; 2026-10-08-02:07:59; 1791425279.625859; 1791425279.625857; 1; 0; 0; 0
EST TCP_QUEUE; 2026-10-08-02:07:59; 1791425279.671658; 1791425279.671655; 0; 0; 0; 0
EST TCP_QUEUE; 2026-10-08-02:07:59; 1791425279.730812; 1791425279.730809; 1; 0; 1; 0
EST TCP_QUEUE; 2026-10-08-02:07:59; 1791425279.823346; 1791425279.823343; 1; 0; 1; 0
EST TCP_QUEUE; 2026-10-08-02:07:59; 1791425279.878372; 1791425279.878368; 1; 491; 0; 0
EST TCP_QUEUE; 2026-10-08-02:07:59; 1791425279.930716; 1791425279.930711; 1; 491; 0; 0
EST TCP_QUEUE; 2026-10-08-02:07:59; 1791425279.998120; 1791425279.998115; 0; 0; 0; 0
EST TCP_QUEUE; 2026-10-08-02:08:00; 1791425280.050385; 1791425280.050381; 0; 0; 0; 0
EST TCP_QUEUE; 2026-10-08-02:08:00; 1791425280.108699; 1791425280.108695; 0; 0; 0; 0
EST TCP_QUEUE; 2026-10-08-02:08:00; 1791425280.165512; 1791425280.165509; 0; 0; 0; 0
EST TCP_QUEUE; 2026-10-08-02:08:00; 1791425280.217695; 1791425280.217691; 0; 0; 0; 0
EST TCP_QUEUE; 2026-10-08-02:08:00; 1791425280.271607; 1791425280.271603; 0; 0; 0; 0
EST TCP_QUEUE; 2026-10-08-02:08:00; 1791425280.319658; 1791425280.319653; 0; 0; 0; 0
EST TCP_QUEUE; 2026-10-08-02:08:00; 1791425280.363116; 1791425280.363112; 0; 0; 0; 0
EST TCP_QUEUE; 2026-10-08-02:08:00; 1791425280.423704; 1791425280.423701; 1; 762; 0; 0
EST TCP_QUEUE; 2026-10-08-02:08:00; 1791425280.477794; 1791425280.477791; 1; 762; 0; 0
EST TCP_QUEUE; 2026-10-08-02:08:00; 1791425280.529859; 1791425280.529857; 1; 762; 0; 0
EST TCP_QUEUE; 2026-10-08-02:08:00; 1791425280.584298; 1791425280.584296; 1; 379; 0; 0
EST TCP_QUEUE; 2026-10-08-02:08:00; 1791425280.631756; 1791425280.631753; 1; 379; 0; 0
EST TCP_QUEUE; 2026-10-08-02:08:00; 1791425280.675308; 1791425280.675305; 0; 0; 0; 0
EST TCP_QUEUE; 2026-10-08-02:08:00; 1791425280.737223; 1791425280.737220; 0; 0; 0; 0
EST TCP_QUEUE; 2026-10-08-02:08:00; 1791425280.823560; 1791425280.823556; 0; 0; 0; 0
EST TCP_QUEUE; 2026-10-08-02:08:00; 1791425280.884356; 1791425280.884353; 0; 0; 0; 0
EST TCP_QUEUE; 2026-10-08-02:08:00; 1791425280.931138; 1791425280.931135; 0; 0; 0; 0
EST TCP_QUEUE; 2026-10-08-02:08:00; 1791425280.978839; 1791425280.978836; 0; 0; 0; 0
EST TCP_QUEUE; 2026-10-08-02:08:01; 1791425281.022432; 1791425281.022430; 0; 0; 0; 0
EST TCP_QUEUE; 2026-10-08-02:08:01; 1791425281.084114; 1791425281.084106; 0; 0; 0; 0
EST TCP_QUEUE; 2026-10-08-02:08:01; 1791425281.135011; 1791425281.135007; 0; 0; 0; 0
EST TCP_QUEUE; 2026-10-08-02:08:01; 1791425281.187315; 1791425281.187311; 0; 0; 0; 0
EST TCP_QUEUE; 2026-10-08-02:08:01; 1791425281.240205; 1791425281.240201; 0; 0; 0; 0
EST TCP_QUEUE; 2026-10-08-02:08:01; 1791425281.289737; 1791425281.289733; 0; 0; 0; 0
EST TCP_QUEUE; 2026-10-08-02:08:01; 1791425281.339767; 1791425281.339764; 0; 0; 0; 0
EST TCP_QUEUE; 2026-10-08-02:08:01; 1791425281.402254; 1791425281.402251; 0; 0; 0; 0
EST TCP_QUEUE; 2026-10-08-02:08:01; 1791425281.457626; 1791425281.457622; 0; 0; 0; 0
EST TCP_QUEUE; 2026-10-08-02:08:01; 1791425281.517076; 1791425281.517073; 1; 0; 0; 0
EST TCP_QUEUE; 2026-10-08-02:08:01; 1791425281.589343; 1791425281.589339; 1; 142; 1; 0
EST TCP_QUEUE; 2026-10-08-02:08:01; 1791425281.617672; 1791425281.617669; 1; 142; 1; 0
EST TCP_QUEUE; 2026-10-08-02:08:01; 1791425281.665227; 1791425281.665223; 1; 142; 1; 0
EST TCP_QUEUE; 2026-10-08-02:08:01; 1791425281.725555; 1791425281.725553; 1; 395; 1; 0
EST TCP_QUEUE; 2026-10-08-02:08:01; 1791425281.827412; 1791425281.827409; 0; 0; 0; 0
EST TCP_QUEUE; 2026-10-08-02:08:01; 1791425281.907238; 1791425281.907234; 0; 0; 0; 0
EST TCP_QUEUE; 2026-10-08-02:08:01; 1791425281.959865; 1791425281.959862; 0; 0; 0; 0
EST TCP_QUEUE; 2026-10-08-02:08:02; 1791425282.005698; 1791425282.005695; 0; 0; 0; 0
EST TCP_QUEUE; 2026-10-08-02:08:02; 1791425282.047548; 1791425282.047546; 0; 0; 0; 0
EST TCP_QUEUE; 2026-10-08-02:08:02; 1791425282.116990; 1791425282.116987; 0; 0; 0; 0
EST TCP_QUEUE; 2026-10-08-02:08:02; 1791425282.171085; 1791425282.171081; 0; 0; 0; 0
EST TCP_QUEUE; 2026-10-08-02:08:02; 1791425282.221526; 1791425282.221523; 0; 0; 0; 0
EST TCP_QUEUE; 2026-10-08-02:08:02; 1791425282.274105; 1791425282.274102; 0; 0; 0; 0
EST TCP_QUEUE; 2026-10-08-02:08:02; 1791425282.320270; 1791425282.320267; 0; 0; 0; 0
EST TCP_QUEUE; 2026-10-08-02:08:02; 1791425282.402133; 1791425282.402130; 0; 0; 0; 0
EST TCP_QUEUE; 2026-10-08-02:08:02; 1791425282.459461; 1791425282.459459; 0; 0; 0; 0
EST TCP_QUEUE; 2026-10-08-02:08:02; 1791425282.514236; 1791425282.514232; 0; 0; 0; 0
EST TCP_QUEUE; 2026-10-08-02:08:02; 1791425282.566791; 1791425282.566788; 1; 889; 0; 0
EST TCP_QUEUE; 2026-10-08-02:08:02; 1791425282.625232; 1791425282.625229; 1; 889; 0; 0
EST TCP_QUEUE; 2026-10-08-02:08:02; 1791425282.672409; 1791425282.672407; 1; 192; 0; 0
EST TCP_QUEUE; 2026-10-08-02:08:02; 1791425282.713823; 1791425282.713820; 1; 192; 0; 0
EST TCP_QUEUE; 2026-10-08-02:08:02; 1791425282.771944; 1791425282.771941; 0; 0; 0; 0
EST TCP_QUEUE; 2026-10-08-02:08:02; 1791425282.828969; 1791425282.828967; 0; 0; 0; 0
EST TCP_QUEUE; 2026-10-08-02:08:02; 1791425282.879190; 1791425282.879186; 0; 0; 0; 0
EST TCP_QUEUE; 2026-10-08-02:08:02; 1791425282.931676; 1791425282.931673; 0; 0; 0; 0
EST TCP_QUEUE; 2026-10-08-02:08:02; 1791425282.979250; 1791425282.979246; 0; 0; 0; 0
EST TCP_QUEUE; 2026-10-08-02:08:03; 1791425283.022888; 1791425283.022885; 0; 0; 0; 0
EST TCP_QUEUE; 2026-10-08-02:08:03; 1791425283.095051; 1791425283.095048; 0; 0; 0; 0
EST TCP_QUEUE; 2026-10-08-02:08:03; 1791425283.148751; 1791425283.148747; 0; 0; 0; 0
EST TCP_QUEUE; 2026-10-08-02:08:03; 1791425283.199060; 1791425283.199055; 1; 1231; 0; 0
EST TCP_QUEUE; 2026-10-08-02:08:03; 1791425283.255800; 1791425283.255796; 1; 1231; 0; 0
EST TCP_QUEUE; 2026-10-08-02:08:03; 1791425283.311400; 1791425283.311397; 0; 0; 0; 0
EST TCP_QUEUE; 2026-10-08-02:08:03; 1791425283.355335; 1791425283.355330; 0; 0; 0; 0
EST TCP_QUEUE; 2026-10-08-02:08:03; 1791425283.420364; 1791425283.420361; 0; 0; 0; 0
EST TCP_QUEUE; 2026-10-08-02:08:03; 1791425283.480154; 1791425283.480151; 0; 0; 0; 0
EST TCP_QUEUE; 2026-10-08-02:08:03; 1791425283.530850; 1791425283.530848; 0; 0; 0; 0
EST TCP_QUEUE; 2026-10-08-02:08:03; 1791425283.585052; 1791425283.585049; 1; 633; 0; 0
EST TCP_QUEUE; 2026-10-08-02:08:03; 1791425283.630946; 1791425283.630942; 1; 633; 0; 0
EST TCP_QUEUE; 2026-10-08-02:08:03; 1791425283.674849; 1791425283.674846; 1; 633; 0; 0
EST TCP_QUEUE; 2026-10-08-02:08:03; 1791425283.738191; 1791425283.738188; 1; 633; 0; 0
EST TCP_QUEUE; 2026-10-08-02:08:03; 1791425283.796793; 1791425283.796790; 1; 0; 0; 0
EST TCP_QUEUE; 2026-10-08-02:08:03; 1791425283.862416; 1791425283.862412; 1; 0; 0; 0
EST TCP_QUEUE; 2026-10-08-02:08:03; 1791425283.919031; 1791425283.919028; 0; 0; 0; 0
EST TCP_QUEUE; 2026-10-08-02:08:03; 1791425283.966731; 1791425283.966729; 1; 521; 0; 0
EST TCP_QUEUE; 2026-10-08-02:08:04; 1791425284.010095; 1791425284.010093; 1; 521; 0; 0
EST TCP_QUEUE; 2026-10-08-02:08:04; 1791425284.071850; 1791425284.071847; 0; 0; 0; 0
EST TCP_QUEUE; 2026-10-08-02:08:04; 1791425284.125226; 1791425284.125223; 0; 0; 0; 0
EST TCP_QUEUE; 2026-10-08-02:08:04; 1791425284.177314; 1791425284.177311; 0; 0; 0; 0
EST TCP_QUEUE; 2026-10-08-02:08:04; 1791425284.230014; 1791425284.230011; 0; 0; 0; 0
EST TCP_QUEUE; 2026-10-08-02:08:04; 1791425284.277468; 1791425284.277465; 1; 643; 0; 0
EST TCP_QUEUE; 2026-10-08-02:08:04; 1791425284.320547; 1791425284.320543; 1; 643; 0; 0
EST TCP_QUEUE; 2026-10-08-02:08:04; 1791425284.411055; 1791425284.411052; 0; 0; 0; 0
EST TCP_QUEUE; 2026-10-08-02:08:04; 1791425284.505987; 1791425284.505985; 0; 0; 0; 0
EST TCP_QUEUE; 2026-10-08-02:08:04; 1791425284.564269; 1791425284.564265; 0; 0; 0; 0
EST TCP_QUEUE; 2026-10-08-02:08:04; 1791425284.617446; 1791425284.617443; 0; 0; 0; 0
EST TCP_QUEUE; 2026-10-08-02:08:04; 1791425284.662818; 1791425284.662816; 1; 787; 0; 0
EST TCP_QUEUE; 2026-10-08-02:08:04; 1791425284.704006; 1791425284.704003; 1; 787; 0; 0
EST TCP_QUEUE; 2026-10-08-02:08:04; 1791425284.762774; 1791425284.762772; 1; 787; 0; 0
EST TCP_QUEUE; 2026-10-08-02:08:04; 1791425284.817359; 1791425284.817356; 1; 144; 0; 0
EST TCP_QUEUE; 2026-10-08-02:08:04; 1791425284.867495; 1791425284.867491; 0; 0; 0; 0
EST TCP_QUEUE; 2026-10-08-02:08:04; 1791425284.923633; 1791425284.923628; 0; 0; 0; 0
EST TCP_QUEUE; 2026-10-08-02:08:04; 1791425284.975544; 1791425284.975541; 0; 0; 0; 0
EST TCP_QUEUE; 2026-10-08-02:08:05; 1791425285.024441; 1791425285.024437; 0; 0; 0; 0
EST TCP_QUEUE; 2026-10-08-02:08:05; 1791425285.084561; 1791425285.084557; 0; 0; 0; 0
EST TCP_QUEUE; 2026-10-08-02:08:05; 1791425285.138893; 1791425285.138888; 0; 0; 0; 0
EST TCP_QUEUE; 2026-10-08-02:08:05; 1791425285.189168; 1791425285.189165; 0; 0; 0; 0
EST TCP_QUEUE; 2026-10-08-02:08:05; 1791425285.242244; 1791425285.242240; 0; 0; 0; 0
EST TCP_QUEUE; 2026-10-08-02:08:05; 1791425285.288455; 1791425285.288451; 0; 0; 0; 0
EST TCP_QUEUE; 2026-10-08-02:08:05; 1791425285.334998; 1791425285.334995; 0; 0; 0; 0
EST TCP_QUEUE; 2026-10-08-02:08:05; 1791425285.398217; 1791425285.398215; 0; 0; 0; 0
EST TCP_QUEUE; 2026-10-08-02:08:05; 1791425285.510490; 1791425285.510487; 0; 0; 0; 0
EST TCP_QUEUE; 2026-10-08-02:08:05; 1791425285.564686; 1791425285.564683; 0; 0; 0; 0
EST TCP_QUEUE; 2026-10-08-02:08:05; 1791425285.647084; 1791425285.647078; 0; 0; 0; 0
EST TCP_QUEUE; 2026-10-08-02:08:05; 1791425285.692571; 1791425285.692566; 1; 799; 0; 0
EST TCP_QUEUE; 2026-10-08-02:08:05; 1791425285.738603; 1791425285.738598; 1; 799; 0; 0
EST TCP_QUEUE; 2026-10-08-02:08:05; 1791425285.795845; 1791425285.795842; 1; 799; 0; 0
EST TCP_QUEUE; 2026-10-08-02:08:05; 1791425285.858226; 1791425285.858222; 1; 799; 0; 0
EST TCP_QUEUE; 2026-10-08-02:08:05; 1791425285.914622; 1791425285.914619; 0; 0; 0; 0
EST TCP_QUEUE; 2026-10-08-02:08:05; 1791425285.971352; 1791425285.971349; 0; 0; 0; 0
EST TCP_QUEUE; 2026-10-08-02:08:06; 1791425286.018407; 1791425286.018404; 0; 0; 0; 0
EST TCP_QUEUE; 2026-10-08-02:08:06; 1791425286.062233; 1791425286.062230; 0; 0; 0; 0
EST TCP_QUEUE; 2026-10-08-02:08:06; 1791425286.119335; 1791425286.119332; 0; 0; 0; 0
EST TCP_QUEUE; 2026-10-08-02:08:06; 1791425286.179507; 1791425286.179504; 0; 0; 0; 0
EST TCP_QUEUE; 2026-10-08-02:08:06; 1791425286.228415; 1791425286.228413; 0; 0; 0; 0
EST TCP_QUEUE; 2026-10-08-02:08:06; 1791425286.314421; 1791425286.314418; 0; 0; 0; 0
EST TCP_QUEUE; 2026-10-08-02:08:06; 1791425286.400660; 1791425286.400657; 0; 0; 0; 0
EST TCP_QUEUE; 2026-10-08-02:08:06; 1791425286.475249; 1791425286.475245; 0; 0; 0; 0
EST TCP_QUEUE; 2026-10-08-02:08:06; 1791425286.536605; 1791425286.536603; 0; 0; 0; 0
EST TCP_QUEUE; 2026-10-08-02:08:06; 1791425286.589119; 1791425286.589115; 0; 0; 0; 0
EST TCP_QUEUE; 2026-10-08-02:08:06; 1791425286.641767; 1791425286.641764; 0; 0; 0; 0
EST TCP_QUEUE; 2026-10-08-02:08:06; 1791425286.696098; 1791425286.696095; 0; 0; 0; 0
EST TCP_QUEUE; 2026-10-08-02:08:06; 1791425286.745298; 1791425286.745295; 1; 942; 0; 0
EST TCP_QUEUE; 2026-10-08-02:08:06; 1791425286.785386; 1791425286.785383; 1; 942; 0; 0
EST TCP_QUEUE; 2026-10-08-02:08:06; 1791425286.854885; 1791425286.854881; 1; 942; 0; 0
EST TCP_QUEUE; 2026-10-08-02:08:06; 1791425286.915524; 1791425286.915520; 1; 584; 0; 0
EST TCP_QUEUE; 2026-10-08-02:08:06; 1791425286.966010; 1791425286.966005; 1; 584; 0; 0
EST TCP_QUEUE; 2026-10-08-02:08:07; 1791425287.021623; 1791425287.021619; 1; 883; 0; 0
EST TCP_QUEUE; 2026-10-08-02:08:07; 1791425287.067407; 1791425287.067404; 1; 98; 1; 0
EST TCP_QUEUE; 2026-10-08-02:08:07; 1791425287.109248; 1791425287.109245; 1; 98; 1; 0
EST TCP_QUEUE; 2026-10-08-02:08:07; 1791425287.171041; 1791425287.171038; 1; 570; 0; 0
EST TCP_QUEUE; 2026-10-08-02:08:07; 1791425287.225015; 1791425287.225012; 1; 570; 0; 0
EST TCP_QUEUE; 2026-10-08-02:08:07; 1791425287.277553; 1791425287.277550; 0; 0; 0; 0
EST TCP_QUEUE; 2026-10-08-02:08:07; 1791425287.331594; 1791425287.331591; 0; 0; 0; 0
EST TCP_QUEUE; 2026-10-08-02:08:07; 1791425287.384740; 1791425287.384735; 0; 0; 0; 0
EST TCP_QUEUE; 2026-10-08-02:08:07; 1791425287.434743; 1791425287.434737; 0; 0; 0; 0
EST TCP_QUEUE; 2026-10-08-02:08:07; 1791425287.492875; 1791425287.492872; 0; 0; 0; 0
EST TCP_QUEUE; 2026-10-08-02:08:07; 1791425287.552680; 1791425287.552677; 0; 0; 0; 0
EST TCP_QUEUE; 2026-10-08-02:08:07; 1791425287.606024; 1791425287.606021; 0; 0; 0; 0
EST TCP_QUEUE; 2026-10-08-02:08:07; 1791425287.665568; 1791425287.665565; 0; 0; 0; 0
EST TCP_QUEUE; 2026-10-08-02:08:07; 1791425287.710797; 1791425287.710794; 0; 0; 0; 0
EST TCP_QUEUE; 2026-10-08-02:08:07; 1791425287.757281; 1791425287.757277; 0; 0; 0; 0
EST TCP_QUEUE; 2026-10-08-02:08:07; 1791425287.814280; 1791425287.814278; 1; 420; 0; 0
EST TCP_QUEUE; 2026-10-08-02:08:07; 1791425287.870474; 1791425287.870471; 1; 420; 0; 0
EST TCP_QUEUE; 2026-10-08-02:08:07; 1791425287.925170; 1791425287.925168; 1; 420; 0; 0
EST TCP_QUEUE; 2026-10-08-02:08:07; 1791425287.979264; 1791425287.979262; 0; 0; 0; 0
EST TCP_QUEUE; 2026-10-08-02:08:08; 1791425288.027471; 1791425288.027467; 0; 0; 0; 0
EST TCP_QUEUE; 2026-10-08-02:08:08; 1791425288.076704; 1791425288.076701; 0; 0; 0; 0
EST TCP_QUEUE; 2026-10-08-02:08:08; 1791425288.137248; 1791425288.137244; 0; 0; 0; 0
EST TCP_QUEUE; 2026-10-08-02:08:08; 1791425288.191381; 1791425288.191376; 0; 0; 0; 0
EST TCP_QUEUE; 2026-10-08-02:08:08; 1791425288.245638; 1791425288.245634; 0; 0; 0; 0
EST TCP_QUEUE; 2026-10-08-02:08:08; 1791425288.300452; 1791425288.300448; 0; 0; 0; 0
EST TCP_QUEUE; 2026-10-08-02:08:08; 1791425288.345756; 1791425288.345753; 0; 0; 0; 0
EST TCP_QUEUE; 2026-10-08-02:08:08; 1791425288.389123; 1791425288.389119; 0; 0; 0; 0
EST TCP_QUEUE; 2026-10-08-02:08:08; 1791425288.449777; 1791425288.449774; 0; 0; 0; 0
EST TCP_QUEUE; 2026-10-08-02:08:08; 1791425288.508848; 1791425288.508846; 0; 0; 0; 0
EST TCP_QUEUE; 2026-10-08-02:08:08; 1791425288.561007; 1791425288.561004; 0; 0; 0; 0
EST TCP_QUEUE; 2026-10-08-02:08:08; 1791425288.613660; 1791425288.613654; 0; 0; 0; 0
EST TCP_QUEUE; 2026-10-08-02:08:08; 1791425288.663540; 1791425288.663537; 0; 0; 0; 0
EST TCP_QUEUE; 2026-10-08-02:08:08; 1791425288.705092; 1791425288.705087; 0; 0; 0; 0
EST TCP_QUEUE; 2026-10-08-02:08:08; 1791425288.762799; 1791425288.762796; 0; 0; 0; 0
EST TCP_QUEUE; 2026-10-08-02:08:08; 1791425288.821005; 1791425288.821001; 0; 0; 0; 0
EST TCP_QUEUE; 2026-10-08-02:08:08; 1791425288.871549; 1791425288.871547; 1; 680; 0; 0
EST TCP_QUEUE; 2026-10-08-02:08:08; 1791425288.924035; 1791425288.924033; 1; 680; 0; 0
EST TCP_QUEUE; 2026-10-08-02:08:08; 1791425288.979916; 1791425288.979913; 1; 357; 0; 0
EST TCP_QUEUE; 2026-10-08-02:08:09; 1791425289.021517; 1791425289.021513; 1; 357; 0; 0
EST TCP_QUEUE; 2026-10-08-02:08:09; 1791425289.078987; 1791425289.078984; 0; 0; 0; 0
EST TCP_QUEUE; 2026-10-08-02:08:09; 1791425289.133352; 1791425289.133349; 0; 0; 0; 0
EST TCP_QUEUE; 2026-10-08-02:08:09; 1791425289.188254; 1791425289.188251; 0; 0; 0; 0
EST TCP_QUEUE; 2026-10-08-02:08:09; 1791425289.250001; 1791425289.249998; 0; 0; 0; 0
EST TCP_QUEUE; 2026-10-08-02:08:09; 1791425289.295667; 1791425289.295663; 0; 0; 0; 0
EST TCP_QUEUE; 2026-10-08-02:08:09; 1791425289.339928; 1791425289.339924; 0; 0; 0; 0
EST TCP_QUEUE; 2026-10-08-02:08:09; 1791425289.402912; 1791425289.402909; 0; 0; 0; 0
EST TCP_QUEUE; 2026-10-08-02:08:09; 1791425289.457345; 1791425289.457341; 0; 0; 0; 0
EST TCP_QUEUE; 2026-10-08-02:08:09; 1791425289.519488; 1791425289.519485; 0; 0; 0; 0
EST TCP_QUEUE; 2026-10-08-02:08:09; 1791425289.571804; 1791425289.571800; 0; 0; 0; 0
EST TCP_QUEUE; 2026-10-08-02:08:09; 1791425289.623738; 1791425289.623736; 0; 0; 0; 0
EST TCP_QUEUE; 2026-10-08-02:08:09; 1791425289.678390; 1791425289.678388; 0; 0; 0; 0
EST TCP_QUEUE; 2026-10-08-02:08:09; 1791425289.731153; 1791425289.731150; 0; 0; 0; 0
EST TCP_QUEUE; 2026-10-08-02:08:09; 1791425289.786691; 1791425289.786687; 0; 0; 0; 0
EST TCP_QUEUE; 2026-10-08-02:08:09; 1791425289.837253; 1791425289.837251; 0; 0; 0; 0
EST TCP_QUEUE; 2026-10-08-02:08:09; 1791425289.889726; 1791425289.889723; 0; 0; 0; 0
EST TCP_QUEUE; 2026-10-08-02:08:09; 1791425289.937543; 1791425289.937540; 1; 1568; 0; 0
EST TCP_QUEUE; 2026-10-08-02:08:09; 1791425289.981567; 1791425289.981564; 1; 1568; 0; 0
EST TCP_QUEUE; 2026-10-08-02:08:10; 1791425290.048913; 1791425290.048910; 1; 1568; 0; 0
EST TCP_QUEUE; 2026-10-08-02:08:10; 1791425290.103137; 1791425290.103134; 0; 0; 0; 0
EST TCP_QUEUE; 2026-10-08-02:08:10; 1791425290.153280; 1791425290.153278; 0; 0; 0; 0
EST TCP_QUEUE; 2026-10-08-02:08:10; 1791425290.207848; 1791425290.207846; 0; 0; 0; 0
EST TCP_QUEUE; 2026-10-08-02:08:10; 1791425290.257309; 1791425290.257307; 0; 0; 0; 0
EST TCP_QUEUE; 2026-10-08-02:08:10; 1791425290.297873; 1791425290.297870; 0; 0; 0; 0
EST TCP_QUEUE; 2026-10-08-02:08:10; 1791425290.356056; 1791425290.356053; 0; 0; 0; 0
EST TCP_QUEUE; 2026-10-08-02:08:10; 1791425290.416194; 1791425290.416190; 0; 0; 0; 0
EST TCP_QUEUE; 2026-10-08-02:08:10; 1791425290.472977; 1791425290.472973; 0; 0; 0; 0
EST TCP_QUEUE; 2026-10-08-02:08:10; 1791425290.527630; 1791425290.527627; 0; 0; 0; 0
EST TCP_QUEUE; 2026-10-08-02:08:10; 1791425290.579432; 1791425290.579429; 0; 0; 0; 0
EST TCP_QUEUE; 2026-10-08-02:08:10; 1791425290.621519; 1791425290.621515; 0; 0; 0; 0
EST TCP_QUEUE; 2026-10-08-02:08:10; 1791425290.686008; 1791425290.686006; 0; 0; 0; 0
EST TCP_QUEUE; 2026-10-08-02:08:10; 1791425290.737430; 1791425290.737427; 0; 0; 0; 0
EST TCP_QUEUE; 2026-10-08-02:08:10; 1791425290.787506; 1791425290.787503; 0; 0; 0; 0
EST TCP_QUEUE; 2026-10-08-02:08:10; 1791425290.839845; 1791425290.839843; 0; 0; 0; 0
EST TCP_QUEUE; 2026-10-08-02:08:10; 1791425290.887773; 1791425290.887770; 0; 0; 0; 0
EST TCP_QUEUE; 2026-10-08-02:08:10; 1791425290.935207; 1791425290.935203; 0; 0; 0; 0
EST TCP_QUEUE; 2026-10-08-02:08:10; 1791425290.995337; 1791425290.995334; 1; 582; 0; 0
EST TCP_QUEUE; 2026-10-08-02:08:11; 1791425291.047319; 1791425291.047316; 1; 582; 0; 0
EST TCP_QUEUE; 2026-10-08-02:08:11; 1791425291.129181; 1791425291.129179; 1; 628; 0; 0
EST TCP_QUEUE; 2026-10-08-02:08:11; 1791425291.189189; 1791425291.189186; 0; 0; 0; 0
EST TCP_QUEUE; 2026-10-08-02:08:11; 1791425291.244721; 1791425291.244719; 0; 0; 0; 0
EST TCP_QUEUE; 2026-10-08-02:08:11; 1791425291.286328; 1791425291.286324; 0; 0; 0; 0
EST TCP_QUEUE; 2026-10-08-02:08:11; 1791425291.350173; 1791425291.350170; 0; 0; 0; 0
EST TCP_QUEUE; 2026-10-08-02:08:11; 1791425291.404330; 1791425291.404328; 0; 0; 0; 0
EST TCP_QUEUE; 2026-10-08-02:08:11; 1791425291.462517; 1791425291.462514; 1; 472; 0; 0
EST TCP_QUEUE; 2026-10-08-02:08:11; 1791425291.514816; 1791425291.514813; 1; 472; 0; 0
EST TCP_QUEUE; 2026-10-08-02:08:11; 1791425291.607523; 1791425291.607520; 0; 0; 0; 0
EST TCP_QUEUE; 2026-10-08-02:08:11; 1791425291.675012; 1791425291.675008; 0; 0; 0; 0
EST TCP_QUEUE; 2026-10-08-02:08:11; 1791425291.737307; 1791425291.737301; 0; 0; 0; 0
EST TCP_QUEUE; 2026-10-08-02:08:11; 1791425291.818170; 1791425291.818167; 0; 0; 0; 0
EST TCP_QUEUE; 2026-10-08-02:08:11; 1791425291.876220; 1791425291.876218; 0; 0; 0; 0
EST TCP_QUEUE; 2026-10-08-02:08:11; 1791425291.928297; 1791425291.928295; 0; 0; 0; 0
EST TCP_QUEUE; 2026-10-08-02:08:11; 1791425291.974857; 1791425291.974854; 0; 0; 0; 0
EST TCP_QUEUE; 2026-10-08-02:08:12; 1791425292.023200; 1791425292.023197; 1; 525; 0; 0
EST TCP_QUEUE; 2026-10-08-02:08:12; 1791425292.081731; 1791425292.081728; 1; 525; 0; 0
EST TCP_QUEUE; 2026-10-08-02:08:12; 1791425292.139795; 1791425292.139792; 1; 525; 0; 0
EST TCP_QUEUE; 2026-10-08-02:08:12; 1791425292.190210; 1791425292.190206; 0; 0; 0; 0
EST TCP_QUEUE; 2026-10-08-02:08:12; 1791425292.241613; 1791425292.241610; 0; 0; 0; 0
EST TCP_QUEUE; 2026-10-08-02:08:12; 1791425292.290460; 1791425292.290457; 0; 0; 0; 0
EST TCP_QUEUE; 2026-10-08-02:08:12; 1791425292.332679; 1791425292.332624; 0; 0; 0; 0
EST TCP_QUEUE; 2026-10-08-02:08:12; 1791425292.393208; 1791425292.393205; 0; 0; 0; 0
EST TCP_QUEUE; 2026-10-08-02:08:12; 1791425292.447646; 1791425292.447642; 0; 0; 0; 0
EST TCP_QUEUE; 2026-10-08-02:08:12; 1791425292.505818; 1791425292.505815; 0; 0; 0; 0
EST TCP_QUEUE; 2026-10-08-02:08:12; 1791425292.562757; 1791425292.562754; 0; 0; 0; 0
EST TCP_QUEUE; 2026-10-08-02:08:12; 1791425292.642186; 1791425292.642184; 0; 0; 0; 0
EST TCP_QUEUE; 2026-10-08-02:08:12; 1791425292.721071; 1791425292.721068; 0; 0; 0; 0
EST TCP_QUEUE; 2026-10-08-02:08:12; 1791425292.783512; 1791425292.783508; 0; 0; 0; 0
EST TCP_QUEUE; 2026-10-08-02:08:12; 1791425292.841451; 1791425292.841447; 0; 0; 0; 0
EST TCP_QUEUE; 2026-10-08-02:08:12; 1791425292.893220; 1791425292.893216; 0; 0; 0; 0
EST TCP_QUEUE; 2026-10-08-02:08:12; 1791425292.950315; 1791425292.950311; 0; 0; 0; 0
EST TCP_QUEUE; 2026-10-08-02:08:12; 1791425292.995429; 1791425292.995426; 0; 0; 0; 0
EST TCP_QUEUE; 2026-10-08-02:08:13; 1791425293.053242; 1791425293.053239; 0; 0; 0; 0
EST TCP_QUEUE; 2026-10-08-02:08:13; 1791425293.110780; 1791425293.110777; 1; 1974; 0; 0
EST TCP_QUEUE; 2026-10-08-02:08:13; 1791425293.167188; 1791425293.167185; 1; 1974; 0; 0
EST TCP_QUEUE; 2026-10-08-02:08:13; 1791425293.219289; 1791425293.219286; 1; 1974; 0; 0
EST TCP_QUEUE; 2026-10-08-02:08:13; 1791425293.275636; 1791425293.275633; 0; 0; 0; 0
EST TCP_QUEUE; 2026-10-08-02:08:13; 1791425293.323305; 1791425293.323302; 0; 0; 0; 0
EST TCP_QUEUE; 2026-10-08-02:08:13; 1791425293.376715; 1791425293.376713; 0; 0; 0; 0
EST TCP_QUEUE; 2026-10-08-02:08:13; 1791425293.436412; 1791425293.436409; 0; 0; 0; 0
EST TCP_QUEUE; 2026-10-08-02:08:13; 1791425293.496238; 1791425293.496235; 0; 0; 0; 0
EST TCP_QUEUE; 2026-10-08-02:08:13; 1791425293.554859; 1791425293.554857; 0; 0; 0; 0
EST TCP_QUEUE; 2026-10-08-02:08:13; 1791425293.620621; 1791425293.620616; 0; 0; 0; 0
EST TCP_QUEUE; 2026-10-08-02:08:13; 1791425293.688892; 1791425293.688889; 0; 0; 0; 0
EST TCP_QUEUE; 2026-10-08-02:08:13; 1791425293.773978; 1791425293.773975; 0; 0; 0; 0
EST TCP_QUEUE; 2026-10-08-02:08:13; 1791425293.831879; 1791425293.831876; 0; 0; 0; 0
EST TCP_QUEUE; 2026-10-08-02:08:13; 1791425293.890003; 1791425293.890000; 0; 0; 0; 0
EST TCP_QUEUE; 2026-10-08-02:08:13; 1791425293.943137; 1791425293.943134; 0; 0; 0; 0
EST TCP_QUEUE; 2026-10-08-02:08:13; 1791425293.997089; 1791425293.997087; 0; 0; 0; 0
EST TCP_QUEUE; 2026-10-08-02:08:14; 1791425294.044193; 1791425294.044190; 0; 0; 0; 0
EST TCP_QUEUE; 2026-10-08-02:08:14; 1791425294.090063; 1791425294.090060; 0; 0; 0; 0
EST TCP_QUEUE; 2026-10-08-02:08:14; 1791425294.147698; 1791425294.147695; 1; 0; 0; 0
EST TCP_QUEUE; 2026-10-08-02:08:14; 1791425294.200969; 1791425294.200966; 1; 0; 0; 0
EST TCP_QUEUE; 2026-10-08-02:08:14; 1791425294.257542; 1791425294.257539; 1; 0; 0; 0
EST TCP_QUEUE; 2026-10-08-02:08:14; 1791425294.312648; 1791425294.312645; 0; 0; 0; 0
EST TCP_QUEUE; 2026-10-08-02:08:14; 1791425294.360427; 1791425294.360424; 0; 0; 0; 0
EST TCP_QUEUE; 2026-10-08-02:08:14; 1791425294.403840; 1791425294.403837; 0; 0; 0; 0
EST TCP_QUEUE; 2026-10-08-02:08:14; 1791425294.461768; 1791425294.461765; 0; 0; 0; 0
EST TCP_QUEUE; 2026-10-08-02:08:14; 1791425294.516437; 1791425294.516434; 0; 0; 0; 0
EST TCP_QUEUE; 2026-10-08-02:08:14; 1791425294.626910; 1791425294.626907; 0; 0; 0; 0
EST TCP_QUEUE; 2026-10-08-02:08:14; 1791425294.711805; 1791425294.711797; 0; 0; 0; 0
EST TCP_QUEUE; 2026-10-08-02:08:14; 1791425294.757623; 1791425294.757615; 0; 0; 0; 0
EST TCP_QUEUE; 2026-10-08-02:08:14; 1791425294.799847; 1791425294.799839; 0; 0; 0; 0
EST TCP_QUEUE; 2026-10-08-02:08:14; 1791425294.899347; 1791425294.899340; 0; 0; 0; 0
EST TCP_QUEUE; 2026-10-08-02:08:14; 1791425294.958503; 1791425294.958500; 0; 0; 0; 0
EST TCP_QUEUE; 2026-10-08-02:08:15; 1791425295.007791; 1791425295.007787; 0; 0; 0; 0
EST TCP_QUEUE; 2026-10-08-02:08:15; 1791425295.068442; 1791425295.068439; 0; 0; 0; 0
EST TCP_QUEUE; 2026-10-08-02:08:15; 1791425295.113829; 1791425295.113825; 0; 0; 0; 0
EST TCP_QUEUE; 2026-10-08-02:08:15; 1791425295.157499; 1791425295.157496; 0; 0; 0; 0
EST TCP_QUEUE; 2026-10-08-02:08:15; 1791425295.221337; 1791425295.221333; 1; 592; 0; 0
EST TCP_QUEUE; 2026-10-08-02:08:15; 1791425295.284857; 1791425295.284853; 1; 592; 0; 0
EST TCP_QUEUE; 2026-10-08-02:08:15; 1791425295.356879; 1791425295.356873; 1; 592; 0; 0
EST TCP_QUEUE; 2026-10-08-02:08:15; 1791425295.409069; 1791425295.409064; 1; 683; 0; 0
EST TCP_QUEUE; 2026-10-08-02:08:15; 1791425295.454436; 1791425295.454433; 1; 683; 0; 0
EST TCP_QUEUE; 2026-10-08-02:08:15; 1791425295.496486; 1791425295.496483; 0; 0; 0; 0
EST TCP_QUEUE; 2026-10-08-02:08:15; 1791425295.560218; 1791425295.560215; 0; 0; 0; 0
EST TCP_QUEUE; 2026-10-08-02:08:15; 1791425295.620256; 1791425295.620254; 0; 0; 0; 0
EST TCP_QUEUE; 2026-10-08-02:08:15; 1791425295.673066; 1791425295.673063; 0; 0; 0; 0
EST TCP_QUEUE; 2026-10-08-02:08:15; 1791425295.725979; 1791425295.725976; 0; 0; 0; 0
EST TCP_QUEUE; 2026-10-08-02:08:15; 1791425295.804624; 1791425295.804620; 0; 0; 0; 0
EST TCP_QUEUE; 2026-10-08-02:08:15; 1791425295.851151; 1791425295.851147; 0; 0; 0; 0
EST TCP_QUEUE; 2026-10-08-02:08:15; 1791425295.917413; 1791425295.917409; 0; 0; 0; 0
EST TCP_QUEUE; 2026-10-08-02:08:15; 1791425295.973282; 1791425295.973279; 0; 0; 0; 0
EST TCP_QUEUE; 2026-10-08-02:08:16; 1791425296.025993; 1791425296.025989; 0; 0; 0; 0
EST TCP_QUEUE; 2026-10-08-02:08:16; 1791425296.117253; 1791425296.117251; 0; 0; 0; 0
EST TCP_QUEUE; 2026-10-08-02:08:16; 1791425296.166628; 1791425296.166626; 0; 0; 0; 0
EST TCP_QUEUE; 2026-10-08-02:08:16; 1791425296.210235; 1791425296.210232; 0; 0; 0; 0
EST TCP_QUEUE; 2026-10-08-02:08:16; 1791425296.268107; 1791425296.268104; 1; 0; 0; 0
EST TCP_QUEUE; 2026-10-08-02:08:16; 1791425296.326716; 1791425296.326713; 1; 0; 0; 0
EST TCP_QUEUE; 2026-10-08-02:08:16; 1791425296.407764; 1791425296.407762; 0; 0; 0; 0
EST TCP_QUEUE; 2026-10-08-02:08:16; 1791425296.466931; 1791425296.466927; 0; 0; 0; 0
EST TCP_QUEUE; 2026-10-08-02:08:16; 1791425296.513764; 1791425296.513762; 0; 0; 0; 0
EST TCP_QUEUE; 2026-10-08-02:08:16; 1791425296.555487; 1791425296.555484; 0; 0; 0; 0
EST TCP_QUEUE; 2026-10-08-02:08:16; 1791425296.612091; 1791425296.612088; 0; 0; 0; 0
EST TCP_QUEUE; 2026-10-08-02:08:16; 1791425296.667815; 1791425296.667812; 0; 0; 0; 0
EST TCP_QUEUE; 2026-10-08-02:08:16; 1791425296.734123; 1791425296.734120; 0; 0; 0; 0
EST TCP_QUEUE; 2026-10-08-02:08:16; 1791425296.813568; 1791425296.813566; 0; 0; 0; 0
EST TCP_QUEUE; 2026-10-08-02:08:16; 1791425296.870486; 1791425296.870478; 0; 0; 0; 0
EST TCP_QUEUE; 2026-10-08-02:08:16; 1791425296.914861; 1791425296.914854; 0; 0; 0; 0
EST TCP_QUEUE; 2026-10-08-02:08:16; 1791425296.973286; 1791425296.973280; 0; 0; 0; 0
EST TCP_QUEUE; 2026-10-08-02:08:17; 1791425297.028132; 1791425297.028122; 0; 0; 0; 0
EST TCP_QUEUE; 2026-10-08-02:08:17; 1791425297.078874; 1791425297.078869; 0; 0; 0; 0
EST TCP_QUEUE; 2026-10-08-02:08:17; 1791425297.132092; 1791425297.132087; 0; 0; 0; 0
EST TCP_QUEUE; 2026-10-08-02:08:17; 1791425297.182048; 1791425297.182043; 0; 0; 0; 0
EST TCP_QUEUE; 2026-10-08-02:08:17; 1791425297.226308; 1791425297.226303; 0; 0; 0; 0
EST TCP_QUEUE; 2026-10-08-02:08:17; 1791425297.282753; 1791425297.282749; 1; 172; 0; 0
EST TCP_QUEUE; 2026-10-08-02:08:17; 1791425297.341109; 1791425297.341106; 1; 172; 0; 0
EST TCP_QUEUE; 2026-10-08-02:08:17; 1791425297.395157; 1791425297.395154; 1; 172; 0; 0
EST TCP_QUEUE; 2026-10-08-02:08:17; 1791425297.448828; 1791425297.448826; 1; 172; 0; 0
EST TCP_QUEUE; 2026-10-08-02:08:17; 1791425297.494339; 1791425297.494337; 0; 0; 0; 0
EST TCP_QUEUE; 2026-10-08-02:08:17; 1791425297.535304; 1791425297.535302; 0; 0; 0; 0
EST TCP_QUEUE; 2026-10-08-02:08:17; 1791425297.596987; 1791425297.596985; 0; 0; 0; 0
EST TCP_QUEUE; 2026-10-08-02:08:17; 1791425297.709015; 1791425297.709008; 0; 0; 0; 0
EST TCP_QUEUE; 2026-10-08-02:08:17; 1791425297.762803; 1791425297.762798; 0; 0; 0; 0
EST TCP_QUEUE; 2026-10-08-02:08:17; 1791425297.818731; 1791425297.818727; 0; 0; 0; 0
EST TCP_QUEUE; 2026-10-08-02:08:17; 1791425297.899455; 1791425297.899451; 0; 0; 0; 0
EST TCP_QUEUE; 2026-10-08-02:08:17; 1791425297.953571; 1791425297.953568; 0; 0; 0; 0
EST TCP_QUEUE; 2026-10-08-02:08:18; 1791425298.009413; 1791425298.009409; 0; 0; 0; 0
EST TCP_QUEUE; 2026-10-08-02:08:18; 1791425298.065921; 1791425298.065916; 0; 0; 0; 0
EST TCP_QUEUE; 2026-10-08-02:08:18; 1791425298.114685; 1791425298.114682; 0; 0; 0; 0
EST TCP_QUEUE; 2026-10-08-02:08:18; 1791425298.215256; 1791425298.215250; 0; 0; 0; 0
EST TCP_QUEUE; 2026-10-08-02:08:18; 1791425298.265533; 1791425298.265528; 0; 0; 0; 0
EST TCP_QUEUE; 2026-10-08-02:08:18; 1791425298.308156; 1791425298.308151; 0; 0; 0; 0
EST TCP_QUEUE; 2026-10-08-02:08:18; 1791425298.365916; 1791425298.365911; 1; 370; 0; 0
EST TCP_QUEUE; 2026-10-08-02:08:18; 1791425298.422225; 1791425298.422218; 1; 370; 0; 0
EST TCP_QUEUE; 2026-10-08-02:08:18; 1791425298.473258; 1791425298.473253; 0; 0; 0; 0
EST TCP_QUEUE; 2026-10-08-02:08:18; 1791425298.526980; 1791425298.526976; 0; 0; 0; 0
EST TCP_QUEUE; 2026-10-08-02:08:18; 1791425298.574391; 1791425298.574388; 0; 0; 0; 0
EST TCP_QUEUE; 2026-10-08-02:08:18; 1791425298.615754; 1791425298.615752; 0; 0; 0; 0
EST TCP_QUEUE; 2026-10-08-02:08:18; 1791425298.697735; 1791425298.697733; 0; 0; 0; 0
EST TCP_QUEUE; 2026-10-08-02:08:18; 1791425298.811311; 1791425298.811308; 0; 0; 0; 0
EST TCP_QUEUE; 2026-10-08-02:08:18; 1791425298.890556; 1791425298.890553; 0; 0; 0; 0
EST TCP_QUEUE; 2026-10-08-02:08:18; 1791425298.943682; 1791425298.943679; 0; 0; 0; 0
EST TCP_QUEUE; 2026-10-08-02:08:18; 1791425298.989350; 1791425298.989347; 0; 0; 0; 0
EST TCP_QUEUE; 2026-10-08-02:08:19; 1791425299.031405; 1791425299.031401; 0; 0; 0; 0
EST TCP_QUEUE; 2026-10-08-02:08:19; 1791425299.092943; 1791425299.092940; 0; 0; 0; 0
EST TCP_QUEUE; 2026-10-08-02:08:19; 1791425299.174151; 1791425299.174148; 0; 0; 0; 0
EST TCP_QUEUE; 2026-10-08-02:08:19; 1791425299.224759; 1791425299.224756; 0; 0; 0; 0
EST TCP_QUEUE; 2026-10-08-02:08:19; 1791425299.291204; 1791425299.291202; 0; 0; 0; 0
EST TCP_QUEUE; 2026-10-08-02:08:19; 1791425299.351316; 1791425299.351314; 0; 0; 0; 0
EST TCP_QUEUE; 2026-10-08-02:08:19; 1791425299.393577; 1791425299.393574; 1; 1337; 0; 0
EST TCP_QUEUE; 2026-10-08-02:08:19; 1791425299.454050; 1791425299.454046; 1; 1532; 0; 0
EST TCP_QUEUE; 2026-10-08-02:08:19; 1791425299.509135; 1791425299.509131; 1; 1532; 0; 0
EST TCP_QUEUE; 2026-10-08-02:08:19; 1791425299.560922; 1791425299.560919; 1; 1532; 0; 0
EST TCP_QUEUE; 2026-10-08-02:08:19; 1791425299.613097; 1791425299.613095; 0; 0; 0; 0
EST TCP_QUEUE; 2026-10-08-02:08:19; 1791425299.661463; 1791425299.661460; 0; 0; 0; 0
EST TCP_QUEUE; 2026-10-08-02:08:19; 1791425299.717313; 1791425299.717308; 0; 0; 0; 0
EST TCP_QUEUE; 2026-10-08-02:08:19; 1791425299.926411; 1791425299.926405; 0; 0; 0; 0
EST TCP_QUEUE; 2026-10-08-02:08:19; 1791425299.979956; 1791425299.979952; 0; 0; 0; 0
EST TCP_QUEUE; 2026-10-08-02:08:20; 1791425300.034264; 1791425300.034259; 0; 0; 0; 0
EST TCP_QUEUE; 2026-10-08-02:08:20; 1791425300.085481; 1791425300.085477; 1; 1444; 1; 2156
EST TCP_QUEUE; 2026-10-08-02:08:20; 1791425300.132698; 1791425300.132695; 1; 1444; 1; 2156
EST TCP_QUEUE; 2026-10-08-02:08:20; 1791425300.199288; 1791425300.199284; 0; 0; 0; 0
EST TCP_QUEUE; 2026-10-08-02:08:20; 1791425300.291257; 1791425300.291254; 0; 0; 0; 0
EST TCP_QUEUE; 2026-10-08-02:08:20; 1791425300.372734; 1791425300.372730; 0; 0; 0; 0
EST TCP_QUEUE; 2026-10-08-02:08:20; 1791425300.431157; 1791425300.431151; 0; 0; 0; 0
EST TCP_QUEUE; 2026-10-08-02:08:20; 1791425300.486150; 1791425300.486146; 1; 1669; 0; 0
EST TCP_QUEUE; 2026-10-08-02:08:20; 1791425300.531998; 1791425300.531995; 1; 1669; 0; 0
EST TCP_QUEUE; 2026-10-08-02:08:20; 1791425300.575030; 1791425300.575025; 0; 0; 0; 0
EST TCP_QUEUE; 2026-10-08-02:08:20; 1791425300.633308; 1791425300.633306; 0; 0; 0; 0
EST TCP_QUEUE; 2026-10-08-02:08:20; 1791425300.690113; 1791425300.690110; 0; 0; 0; 0
EST TCP_QUEUE; 2026-10-08-02:08:20; 1791425300.745166; 1791425300.745161; 0; 0; 0; 0
EST TCP_QUEUE; 2026-10-08-02:08:20; 1791425300.815747; 1791425300.815741; 0; 0; 0; 0
EST TCP_QUEUE; 2026-10-08-02:08:20; 1791425300.874054; 1791425300.874048; 0; 0; 0; 0
EST TCP_QUEUE; 2026-10-08-02:08:20; 1791425300.915314; 1791425300.915308; 0; 0; 0; 0
EST TCP_QUEUE; 2026-10-08-02:08:20; 1791425300.982180; 1791425300.982177; 0; 0; 0; 0
EST TCP_QUEUE; 2026-10-08-02:08:21; 1791425301.036669; 1791425301.036665; 0; 0; 0; 0
EST TCP_QUEUE; 2026-10-08-02:08:21; 1791425301.087342; 1791425301.087339; 0; 0; 0; 0
EST TCP_QUEUE; 2026-10-08-02:08:21; 1791425301.139655; 1791425301.139652; 0; 0; 0; 0
EST TCP_QUEUE; 2026-10-08-02:08:21; 1791425301.187734; 1791425301.187732; 0; 0; 0; 0
EST TCP_QUEUE; 2026-10-08-02:08:21; 1791425301.296698; 1791425301.296695; 0; 0; 0; 0
EST TCP_QUEUE; 2026-10-08-02:08:21; 1791425301.362175; 1791425301.362173; 0; 0; 0; 0
EST TCP_QUEUE; 2026-10-08-02:08:21; 1791425301.418795; 1791425301.418792; 0; 0; 0; 0
EST TCP_QUEUE; 2026-10-08-02:08:21; 1791425301.472815; 1791425301.472812; 0; 0; 0; 0
EST TCP_QUEUE; 2026-10-08-02:08:21; 1791425301.525711; 1791425301.525707; 1; 12; 0; 0
EST TCP_QUEUE; 2026-10-08-02:08:21; 1791425301.575138; 1791425301.575136; 1; 646; 1; 0
EST TCP_QUEUE; 2026-10-08-02:08:21; 1791425301.617264; 1791425301.617261; 1; 646; 1; 0
EST TCP_QUEUE; 2026-10-08-02:08:21; 1791425301.715773; 1791425301.715770; 0; 0; 0; 0
EST TCP_QUEUE; 2026-10-08-02:08:21; 1791425301.774034; 1791425301.774031; 0; 0; 0; 0
EST TCP_QUEUE; 2026-10-08-02:08:21; 1791425301.828006; 1791425301.828003; 0; 0; 0; 0
EST TCP_QUEUE; 2026-10-08-02:08:21; 1791425301.888225; 1791425301.888222; 0; 0; 0; 0
EST TCP_QUEUE; 2026-10-08-02:08:21; 1791425301.936582; 1791425301.936579; 0; 0; 0; 0
EST TCP_QUEUE; 2026-10-08-02:08:21; 1791425301.996024; 1791425301.996021; 0; 0; 0; 0
EST TCP_QUEUE; 2026-10-08-02:08:22; 1791425302.053246; 1791425302.053244; 0; 0; 0; 0
EST TCP_QUEUE; 2026-10-08-02:08:22; 1791425302.109138; 1791425302.109136; 0; 0; 0; 0
EST TCP_QUEUE; 2026-10-08-02:08:22; 1791425302.161641; 1791425302.161639; 0; 0; 0; 0
EST TCP_QUEUE; 2026-10-08-02:08:22; 1791425302.214497; 1791425302.214495; 0; 0; 0; 0
EST TCP_QUEUE; 2026-10-08-02:08:22; 1791425302.305400; 1791425302.305396; 0; 0; 0; 0
EST TCP_QUEUE; 2026-10-08-02:08:22; 1791425302.351699; 1791425302.351695; 0; 0; 0; 0
EST TCP_QUEUE; 2026-10-08-02:08:22; 1791425302.408861; 1791425302.408855; 0; 0; 0; 0
EST TCP_QUEUE; 2026-10-08-02:08:22; 1791425302.465124; 1791425302.465121; 0; 0; 0; 0
EST TCP_QUEUE; 2026-10-08-02:08:22; 1791425302.515960; 1791425302.515958; 0; 0; 0; 0
EST TCP_QUEUE; 2026-10-08-02:08:22; 1791425302.569152; 1791425302.569149; 1; 540; 0; 0
EST TCP_QUEUE; 2026-10-08-02:08:22; 1791425302.618789; 1791425302.618784; 1; 540; 0; 0
EST TCP_QUEUE; 2026-10-08-02:08:22; 1791425302.695159; 1791425302.695156; 0; 0; 0; 0
EST TCP_QUEUE; 2026-10-08-02:08:22; 1791425302.768642; 1791425302.768638; 0; 0; 0; 0
EST TCP_QUEUE; 2026-10-08-02:08:22; 1791425302.823606; 1791425302.823603; 0; 0; 0; 0
EST TCP_QUEUE; 2026-10-08-02:08:22; 1791425302.897531; 1791425302.897529; 0; 0; 0; 0
EST TCP_QUEUE; 2026-10-08-02:08:22; 1791425302.956874; 1791425302.956868; 0; 0; 0; 0
EST TCP_QUEUE; 2026-10-08-02:08:23; 1791425303.003110; 1791425303.003107; 0; 0; 0; 0
EST TCP_QUEUE; 2026-10-08-02:08:23; 1791425303.047170; 1791425303.047165; 0; 0; 0; 0
EST TCP_QUEUE; 2026-10-08-02:08:23; 1791425303.117890; 1791425303.117886; 0; 0; 0; 0
EST TCP_QUEUE; 2026-10-08-02:08:23; 1791425303.174905; 1791425303.174900; 0; 0; 0; 0
EST TCP_QUEUE; 2026-10-08-02:08:23; 1791425303.251952; 1791425303.251949; 0; 0; 0; 0
EST TCP_QUEUE; 2026-10-08-02:08:23; 1791425303.308450; 1791425303.308447; 0; 0; 0; 0
EST TCP_QUEUE; 2026-10-08-02:08:23; 1791425303.355168; 1791425303.355165; 0; 0; 0; 0
EST TCP_QUEUE; 2026-10-08-02:08:23; 1791425303.417210; 1791425303.417208; 0; 0; 0; 0
EST TCP_QUEUE; 2026-10-08-02:08:23; 1791425303.491618; 1791425303.491615; 0; 0; 0; 0
EST TCP_QUEUE; 2026-10-08-02:08:23; 1791425303.573351; 1791425303.573349; 1; 685; 0; 0
EST TCP_QUEUE; 2026-10-08-02:08:23; 1791425303.626233; 1791425303.626230; 1; 846; 0; 0
EST TCP_QUEUE; 2026-10-08-02:08:23; 1791425303.680477; 1791425303.680474; 1; 846; 0; 0
EST TCP_QUEUE; 2026-10-08-02:08:23; 1791425303.728075; 1791425303.728072; 1; 846; 0; 0
EST TCP_QUEUE; 2026-10-08-02:08:23; 1791425303.771753; 1791425303.771750; 0; 0; 0; 0
EST TCP_QUEUE; 2026-10-08-02:08:23; 1791425303.831533; 1791425303.831530; 0; 0; 0; 0
EST TCP_QUEUE; 2026-10-08-02:08:23; 1791425303.908176; 1791425303.908174; 0; 0; 0; 0
EST TCP_QUEUE; 2026-10-08-02:08:23; 1791425303.959674; 1791425303.959671; 0; 0; 0; 0
EST TCP_QUEUE; 2026-10-08-02:08:24; 1791425304.016807; 1791425304.016804; 0; 0; 0; 0
EST TCP_QUEUE; 2026-10-08-02:08:24; 1791425304.063220; 1791425304.063217; 0; 0; 0; 0
EST TCP_QUEUE; 2026-10-08-02:08:24; 1791425304.106115; 1791425304.106113; 0; 0; 0; 0
EST TCP_QUEUE; 2026-10-08-02:08:24; 1791425304.171029; 1791425304.171024; 0; 0; 0; 0
EST TCP_QUEUE; 2026-10-08-02:08:24; 1791425304.225923; 1791425304.225919; 0; 0; 0; 0
EST TCP_QUEUE; 2026-10-08-02:08:24; 1791425304.286160; 1791425304.286155; 0; 0; 0; 0
EST TCP_QUEUE; 2026-10-08-02:08:24; 1791425304.360083; 1791425304.360078; 0; 0; 0; 0
EST TCP_QUEUE; 2026-10-08-02:08:24; 1791425304.412378; 1791425304.412373; 0; 0; 0; 0
EST TCP_QUEUE; 2026-10-08-02:08:24; 1791425304.454415; 1791425304.454412; 0; 0; 0; 0
EST TCP_QUEUE; 2026-10-08-02:08:24; 1791425304.511111; 1791425304.511108; 0; 0; 0; 0
EST TCP_QUEUE; 2026-10-08-02:08:24; 1791425304.569625; 1791425304.569619; 0; 0; 0; 0
EST TCP_QUEUE; 2026-10-08-02:08:24; 1791425304.619710; 1791425304.619708; 1; 185; 0; 0
EST TCP_QUEUE; 2026-10-08-02:08:24; 1791425304.674747; 1791425304.674743; 1; 185; 0; 0
EST TCP_QUEUE; 2026-10-08-02:08:24; 1791425304.724032; 1791425304.724029; 1; 453; 0; 0
EST TCP_QUEUE; 2026-10-08-02:08:24; 1791425304.798573; 1791425304.798569; 1; 453; 0; 0
EST TCP_QUEUE; 2026-10-08-02:08:24; 1791425304.858426; 1791425304.858423; 1; 453; 0; 0
EST TCP_QUEUE; 2026-10-08-02:08:24; 1791425304.924643; 1791425304.924638; 0; 0; 0; 0
EST TCP_QUEUE; 2026-10-08-02:08:24; 1791425304.976913; 1791425304.976908; 0; 0; 0; 0
EST TCP_QUEUE; 2026-10-08-02:08:25; 1791425305.038845; 1791425305.038843; 0; 0; 0; 0
EST TCP_QUEUE; 2026-10-08-02:08:25; 1791425305.084693; 1791425305.084690; 0; 0; 0; 0
EST TCP_QUEUE; 2026-10-08-02:08:25; 1791425305.126529; 1791425305.126527; 0; 0; 0; 0
EST TCP_QUEUE; 2026-10-08-02:08:25; 1791425305.312025; 1791425305.312022; 1; 418; 1; 0
EST TCP_QUEUE; 2026-10-08-02:08:25; 1791425305.364349; 1791425305.364346; 1; 418; 1; 0
EST TCP_QUEUE; 2026-10-08-02:08:25; 1791425305.416830; 1791425305.416827; 1; 418; 1; 0
EST TCP_QUEUE; 2026-10-08-02:08:25; 1791425305.471213; 1791425305.471210; 1; 1200; 0; 0
EST TCP_QUEUE; 2026-10-08-02:08:25; 1791425305.517340; 1791425305.517337; 1; 1200; 0; 0
EST TCP_QUEUE; 2026-10-08-02:08:25; 1791425305.560935; 1791425305.560932; 1; 1200; 0; 0
EST TCP_QUEUE; 2026-10-08-02:08:25; 1791425305.622226; 1791425305.622224; 0; 0; 0; 0
EST TCP_QUEUE; 2026-10-08-02:08:25; 1791425305.726966; 1791425305.726963; 0; 0; 0; 0
EST TCP_QUEUE; 2026-10-08-02:08:25; 1791425305.777337; 1791425305.777334; 1; 244; 0; 0
EST TCP_QUEUE; 2026-10-08-02:08:25; 1791425305.829830; 1791425305.829827; 1; 244; 0; 0
EST TCP_QUEUE; 2026-10-08-02:08:25; 1791425305.910818; 1791425305.910815; 0; 0; 0; 0
EST TCP_QUEUE; 2026-10-08-02:08:25; 1791425305.995228; 1791425305.995225; 0; 0; 0; 0
EST TCP_QUEUE; 2026-10-08-02:08:26; 1791425306.081612; 1791425306.081609; 0; 0; 0; 0
EST TCP_QUEUE; 2026-10-08-02:08:26; 1791425306.144341; 1791425306.144338; 0; 0; 0; 0
EST TCP_QUEUE; 2026-10-08-02:08:26; 1791425306.194598; 1791425306.194595; 0; 0; 0; 0
EST TCP_QUEUE; 2026-10-08-02:08:26; 1791425306.258507; 1791425306.258504; 0; 0; 0; 0
EST TCP_QUEUE; 2026-10-08-02:08:26; 1791425306.304263; 1791425306.304261; 0; 0; 0; 0
EST TCP_QUEUE; 2026-10-08-02:08:26; 1791425306.347687; 1791425306.347685; 0; 0; 0; 0
EST TCP_QUEUE; 2026-10-08-02:08:26; 1791425306.419880; 1791425306.419877; 0; 0; 0; 0
EST TCP_QUEUE; 2026-10-08-02:08:26; 1791425306.473356; 1791425306.473353; 1; 571; 1; 1768
EST TCP_QUEUE; 2026-10-08-02:08:26; 1791425306.525497; 1791425306.525494; 1; 571; 1; 1768
EST TCP_QUEUE; 2026-10-08-02:08:26; 1791425306.580759; 1791425306.580756; 1; 571; 1; 1768
EST TCP_QUEUE; 2026-10-08-02:08:26; 1791425306.626190; 1791425306.626187; 1; 571; 1; 1768
EST TCP_QUEUE; 2026-10-08-02:08:26; 1791425306.670699; 1791425306.670690; 0; 0; 0; 0
EST TCP_QUEUE; 2026-10-08-02:08:26; 1791425306.733356; 1791425306.733352; 0; 0; 0; 0
EST TCP_QUEUE; 2026-10-08-02:08:26; 1791425306.787682; 1791425306.787679; 1; 364; 0; 0
EST TCP_QUEUE; 2026-10-08-02:08:26; 1791425306.845033; 1791425306.845030; 1; 364; 0; 0
EST TCP_QUEUE; 2026-10-08-02:08:26; 1791425306.927500; 1791425306.927496; 1; 364; 0; 0
EST TCP_QUEUE; 2026-10-08-02:08:26; 1791425306.980983; 1791425306.980980; 0; 0; 0; 0
EST TCP_QUEUE; 2026-10-08-02:08:27; 1791425307.022999; 1791425307.022996; 0; 0; 0; 0
EST TCP_QUEUE; 2026-10-08-02:08:27; 1791425307.082376; 1791425307.082372; 0; 0; 0; 0
EST TCP_QUEUE; 2026-10-08-02:08:27; 1791425307.152209; 1791425307.152206; 0; 0; 0; 0
EST TCP_QUEUE; 2026-10-08-02:08:27; 1791425307.202994; 1791425307.202988; 0; 0; 0; 0
EST TCP_QUEUE; 2026-10-08-02:08:27; 1791425307.257398; 1791425307.257392; 0; 0; 0; 0
EST TCP_QUEUE; 2026-10-08-02:08:27; 1791425307.303649; 1791425307.303644; 0; 0; 0; 0
EST TCP_QUEUE; 2026-10-08-02:08:27; 1791425307.346870; 1791425307.346864; 0; 0; 0; 0
EST TCP_QUEUE; 2026-10-08-02:08:27; 1791425307.409811; 1791425307.409805; 0; 0; 0; 0
EST TCP_QUEUE; 2026-10-08-02:08:27; 1791425307.465609; 1791425307.465604; 0; 0; 0; 0
EST TCP_QUEUE; 2026-10-08-02:08:27; 1791425307.516453; 1791425307.516448; 1; 551; 0; 0
EST TCP_QUEUE; 2026-10-08-02:08:27; 1791425307.572479; 1791425307.572475; 1; 551; 0; 0
EST TCP_QUEUE; 2026-10-08-02:08:27; 1791425307.617631; 1791425307.617628; 1; 551; 0; 0
EST TCP_QUEUE; 2026-10-08-02:08:27; 1791425307.684809; 1791425307.684807; 0; 0; 0; 0
EST TCP_QUEUE; 2026-10-08-02:08:27; 1791425307.744681; 1791425307.744678; 0; 0; 0; 0
EST TCP_QUEUE; 2026-10-08-02:08:27; 1791425307.843563; 1791425307.843560; 0; 0; 0; 0
EST TCP_QUEUE; 2026-10-08-02:08:27; 1791425307.896116; 1791425307.896113; 1; 0; 0; 0
EST TCP_QUEUE; 2026-10-08-02:08:27; 1791425307.959921; 1791425307.959917; 1; 0; 0; 0
EST TCP_QUEUE; 2026-10-08-02:08:28; 1791425308.003912; 1791425308.003909; 0; 0; 0; 0
EST TCP_QUEUE; 2026-10-08-02:08:28; 1791425308.046044; 1791425308.046041; 0; 0; 0; 0
EST TCP_QUEUE; 2026-10-08-02:08:28; 1791425308.111124; 1791425308.111121; 0; 0; 0; 0
EST TCP_QUEUE; 2026-10-08-02:08:28; 1791425308.192534; 1791425308.192530; 0; 0; 0; 0
EST TCP_QUEUE; 2026-10-08-02:08:28; 1791425308.242955; 1791425308.242952; 0; 0; 0; 0
EST TCP_QUEUE; 2026-10-08-02:08:28; 1791425308.297114; 1791425308.297112; 0; 0; 0; 0
EST TCP_QUEUE; 2026-10-08-02:08:28; 1791425308.341496; 1791425308.341493; 0; 0; 0; 0
EST TCP_QUEUE; 2026-10-08-02:08:28; 1791425308.385029; 1791425308.385027; 0; 0; 0; 0
EST TCP_QUEUE; 2026-10-08-02:08:28; 1791425308.467898; 1791425308.467894; 0; 0; 0; 0
EST TCP_QUEUE; 2026-10-08-02:08:28; 1791425308.527524; 1791425308.527522; 0; 0; 0; 0
EST TCP_QUEUE; 2026-10-08-02:08:28; 1791425308.583397; 1791425308.583394; 1; 23; 0; 0
EST TCP_QUEUE; 2026-10-08-02:08:28; 1791425308.704534; 1791425308.704531; 0; 0; 0; 0
EST TCP_QUEUE; 2026-10-08-02:08:28; 1791425308.765852; 1791425308.765849; 0; 0; 0; 0
EST TCP_QUEUE; 2026-10-08-02:08:28; 1791425308.812122; 1791425308.812118; 0; 0; 0; 0
EST TCP_QUEUE; 2026-10-08-02:08:28; 1791425308.869339; 1791425308.869337; 0; 0; 0; 0
EST TCP_QUEUE; 2026-10-08-02:08:28; 1791425308.925163; 1791425308.925161; 1; 540; 0; 0
EST TCP_QUEUE; 2026-10-08-02:08:29; 1791425309.009281; 1791425309.009277; 1; 540; 0; 0
EST TCP_QUEUE; 2026-10-08-02:08:29; 1791425309.063534; 1791425309.063530; 1; 540; 0; 0
EST TCP_QUEUE; 2026-10-08-02:08:29; 1791425309.115516; 1791425309.115512; 0; 0; 0; 0
EST TCP_QUEUE; 2026-10-08-02:08:29; 1791425309.157339; 1791425309.157335; 0; 0; 0; 0
EST TCP_QUEUE; 2026-10-08-02:08:29; 1791425309.215052; 1791425309.215048; 0; 0; 0; 0
EST TCP_QUEUE; 2026-10-08-02:08:29; 1791425309.310332; 1791425309.310326; 0; 0; 0; 0
EST TCP_QUEUE; 2026-10-08-02:08:29; 1791425309.391875; 1791425309.391869; 0; 0; 0; 0
EST TCP_QUEUE; 2026-10-08-02:08:29; 1791425309.445660; 1791425309.445658; 0; 0; 0; 0
EST TCP_QUEUE; 2026-10-08-02:08:29; 1791425309.517201; 1791425309.517196; 0; 0; 0; 0
EST TCP_QUEUE; 2026-10-08-02:08:29; 1791425309.558245; 1791425309.558241; 0; 0; 0; 0
EST TCP_QUEUE; 2026-10-08-02:08:29; 1791425309.618716; 1791425309.618714; 1; 130; 0; 0
EST TCP_QUEUE; 2026-10-08-02:08:29; 1791425309.678021; 1791425309.678017; 1; 130; 0; 0
EST TCP_QUEUE; 2026-10-08-02:08:29; 1791425309.732352; 1791425309.732349; 1; 130; 0; 0
EST TCP_QUEUE; 2026-10-08-02:08:29; 1791425309.813746; 1791425309.813743; 0; 0; 0; 0
EST TCP_QUEUE; 2026-10-08-02:08:29; 1791425309.900275; 1791425309.900272; 0; 0; 0; 0
EST TCP_QUEUE; 2026-10-08-02:08:29; 1791425309.945968; 1791425309.945965; 0; 0; 0; 0
EST TCP_QUEUE; 2026-10-08-02:08:30; 1791425310.003712; 1791425310.003709; 1; 734; 0; 0
EST TCP_QUEUE; 2026-10-08-02:08:30; 1791425310.062513; 1791425310.062511; 1; 734; 0; 0
EST TCP_QUEUE; 2026-10-08-02:08:30; 1791425310.116325; 1791425310.116320; 0; 0; 0; 0
EST TCP_QUEUE; 2026-10-08-02:08:30; 1791425310.208233; 1791425310.208229; 0; 0; 0; 0
EST TCP_QUEUE; 2026-10-08-02:08:30; 1791425310.259147; 1791425310.259145; 0; 0; 0; 0
EST TCP_QUEUE; 2026-10-08-02:08:30; 1791425310.308753; 1791425310.308751; 0; 0; 0; 0
EST TCP_QUEUE; 2026-10-08-02:08:30; 1791425310.374034; 1791425310.374031; 0; 0; 0; 0
EST TCP_QUEUE; 2026-10-08-02:08:30; 1791425310.430242; 1791425310.430239; 0; 0; 0; 0
EST TCP_QUEUE; 2026-10-08-02:08:30; 1791425310.481192; 1791425310.481189; 0; 0; 0; 0
EST TCP_QUEUE; 2026-10-08-02:08:30; 1791425310.535261; 1791425310.535256; 0; 0; 0; 0
EST TCP_QUEUE; 2026-10-08-02:08:30; 1791425310.591716; 1791425310.591712; 0; 0; 0; 0
EST TCP_QUEUE; 2026-10-08-02:08:30; 1791425310.636118; 1791425310.636115; 0; 0; 0; 0
EST TCP_QUEUE; 2026-10-08-02:08:30; 1791425310.695924; 1791425310.695921; 1; 208; 0; 0
EST TCP_QUEUE; 2026-10-08-02:08:30; 1791425310.756291; 1791425310.756288; 1; 0; 0; 0
EST TCP_QUEUE; 2026-10-08-02:08:30; 1791425310.815927; 1791425310.815921; 1; 0; 0; 0
EST TCP_QUEUE; 2026-10-08-02:08:30; 1791425310.877351; 1791425310.877347; 0; 0; 0; 0
EST TCP_QUEUE; 2026-10-08-02:08:30; 1791425310.917327; 1791425310.917323; 0; 0; 0; 0
EST TCP_QUEUE; 2026-10-08-02:08:30; 1791425310.962388; 1791425310.962385; 0; 0; 0; 0
EST TCP_QUEUE; 2026-10-08-02:08:31; 1791425311.020116; 1791425311.020113; 1; 0; 0; 0
EST TCP_QUEUE; 2026-10-08-02:08:31; 1791425311.074158; 1791425311.074155; 1; 0; 0; 0
EST TCP_QUEUE; 2026-10-08-02:08:31; 1791425311.125117; 1791425311.125114; 1; 0; 0; 0
EST TCP_QUEUE; 2026-10-08-02:08:31; 1791425311.177025; 1791425311.177022; 0; 0; 0; 0
EST TCP_QUEUE; 2026-10-08-02:08:31; 1791425311.235113; 1791425311.235109; 0; 0; 0; 0
EST TCP_QUEUE; 2026-10-08-02:08:31; 1791425311.293659; 1791425311.293655; 1; 897; 0; 0
EST TCP_QUEUE; 2026-10-08-02:08:31; 1791425311.359356; 1791425311.359352; 1; 722; 0; 0
EST TCP_QUEUE; 2026-10-08-02:08:31; 1791425311.419522; 1791425311.419519; 1; 722; 0; 0
EST TCP_QUEUE; 2026-10-08-02:08:31; 1791425311.474130; 1791425311.474127; 0; 0; 0; 0
EST TCP_QUEUE; 2026-10-08-02:08:31; 1791425311.527082; 1791425311.527078; 0; 0; 0; 0
EST TCP_QUEUE; 2026-10-08-02:08:31; 1791425311.580660; 1791425311.580655; 0; 0; 0; 0
EST TCP_QUEUE; 2026-10-08-02:08:31; 1791425311.626575; 1791425311.626569; 0; 0; 0; 0
EST TCP_QUEUE; 2026-10-08-02:08:31; 1791425311.689058; 1791425311.689056; 1; 0; 0; 0
EST TCP_QUEUE; 2026-10-08-02:08:31; 1791425311.743771; 1791425311.743766; 1; 0; 0; 0
EST TCP_QUEUE; 2026-10-08-02:08:31; 1791425311.801486; 1791425311.801483; 1; 0; 0; 0
EST TCP_QUEUE; 2026-10-08-02:08:31; 1791425311.888855; 1791425311.888852; 0; 0; 0; 0
EST TCP_QUEUE; 2026-10-08-02:08:31; 1791425311.937211; 1791425311.937208; 0; 0; 0; 0
EST TCP_QUEUE; 2026-10-08-02:08:31; 1791425311.984325; 1791425311.984322; 0; 0; 0; 0
EST TCP_QUEUE; 2026-10-08-02:08:32; 1791425312.046706; 1791425312.046702; 0; 0; 0; 0
EST TCP_QUEUE; 2026-10-08-02:08:32; 1791425312.104489; 1791425312.104485; 1; 159; 0; 0
EST TCP_QUEUE; 2026-10-08-02:08:32; 1791425312.211048; 1791425312.211045; 0; 0; 0; 0
EST TCP_QUEUE; 2026-10-08-02:08:32; 1791425312.279528; 1791425312.279525; 0; 0; 0; 0
EST TCP_QUEUE; 2026-10-08-02:08:32; 1791425312.324982; 1791425312.324978; 0; 0; 0; 0
EST TCP_QUEUE; 2026-10-08-02:08:32; 1791425312.383858; 1791425312.383854; 0; 0; 0; 0
EST TCP_QUEUE; 2026-10-08-02:08:32; 1791425312.455191; 1791425312.455189; 0; 0; 0; 0
EST TCP_QUEUE; 2026-10-08-02:08:32; 1791425312.510361; 1791425312.510357; 0; 0; 0; 0
EST TCP_QUEUE; 2026-10-08-02:08:32; 1791425312.562241; 1791425312.562237; 1; 1383; 1; 0
EST TCP_QUEUE; 2026-10-08-02:08:32; 1791425312.614837; 1791425312.614801; 1; 625; 1; 0
EST TCP_QUEUE; 2026-10-08-02:08:32; 1791425312.662200; 1791425312.662198; 1; 625; 1; 0
EST TCP_QUEUE; 2026-10-08-02:08:32; 1791425312.729147; 1791425312.729144; 1; 625; 0; 0
EST TCP_QUEUE; 2026-10-08-02:08:32; 1791425312.786919; 1791425312.786915; 1; 292; 0; 0
EST TCP_QUEUE; 2026-10-08-02:08:32; 1791425312.843407; 1791425312.843403; 1; 292; 0; 0
EST TCP_QUEUE; 2026-10-08-02:08:32; 1791425312.911206; 1791425312.911199; 0; 0; 0; 0
EST TCP_QUEUE; 2026-10-08-02:08:32; 1791425312.970172; 1791425312.970169; 0; 0; 0; 0
EST TCP_QUEUE; 2026-10-08-02:08:33; 1791425313.015920; 1791425313.015916; 0; 0; 0; 0
EST TCP_QUEUE; 2026-10-08-02:08:33; 1791425313.058837; 1791425313.058834; 0; 0; 0; 0
EST TCP_QUEUE; 2026-10-08-02:08:33; 1791425313.115244; 1791425313.115241; 0; 0; 0; 0
EST TCP_QUEUE; 2026-10-08-02:08:33; 1791425313.171282; 1791425313.171278; 1; 633; 0; 0
EST TCP_QUEUE; 2026-10-08-02:08:33; 1791425313.229583; 1791425313.229580; 1; 633; 0; 0
EST TCP_QUEUE; 2026-10-08-02:08:33; 1791425313.284032; 1791425313.284028; 0; 0; 0; 0
EST TCP_QUEUE; 2026-10-08-02:08:33; 1791425313.333545; 1791425313.333542; 0; 0; 0; 0
EST TCP_QUEUE; 2026-10-08-02:08:33; 1791425313.401985; 1791425313.401982; 0; 0; 0; 0
EST TCP_QUEUE; 2026-10-08-02:08:33; 1791425313.460224; 1791425313.460222; 0; 0; 0; 0
EST TCP_QUEUE; 2026-10-08-02:08:33; 1791425313.517870; 1791425313.517867; 0; 0; 0; 0
EST TCP_QUEUE; 2026-10-08-02:08:33; 1791425313.568530; 1791425313.568528; 0; 0; 0; 0
EST TCP_QUEUE; 2026-10-08-02:08:33; 1791425313.620959; 1791425313.620956; 0; 0; 0; 0
EST TCP_QUEUE; 2026-10-08-02:08:33; 1791425313.700378; 1791425313.700373; 0; 0; 0; 0
EST TCP_QUEUE; 2026-10-08-02:08:33; 1791425313.777046; 1791425313.777041; 0; 0; 0; 0
EST TCP_QUEUE; 2026-10-08-02:08:33; 1791425313.848328; 1791425313.848324; 1; 1217; 0; 0
EST TCP_QUEUE; 2026-10-08-02:08:33; 1791425313.900292; 1791425313.900290; 1; 1217; 0; 0
EST TCP_QUEUE; 2026-10-08-02:08:33; 1791425313.956533; 1791425313.956530; 1; 1217; 0; 0
EST TCP_QUEUE; 2026-10-08-02:08:34; 1791425314.007727; 1791425314.007724; 0; 0; 0; 0
EST TCP_QUEUE; 2026-10-08-02:08:34; 1791425314.053956; 1791425314.053954; 0; 0; 0; 0
EST TCP_QUEUE; 2026-10-08-02:08:34; 1791425314.095531; 1791425314.095529; 0; 0; 0; 0
EST TCP_QUEUE; 2026-10-08-02:08:34; 1791425314.170755; 1791425314.170752; 0; 0; 0; 0
EST TCP_QUEUE; 2026-10-08-02:08:34; 1791425314.224888; 1791425314.224885; 1; 201; 0; 0
EST TCP_QUEUE; 2026-10-08-02:08:34; 1791425314.285628; 1791425314.285621; 1; 201; 0; 0
EST TCP_QUEUE; 2026-10-08-02:08:34; 1791425314.364004; 1791425314.363997; 1; 201; 0; 0
EST TCP_QUEUE; 2026-10-08-02:08:34; 1791425314.411740; 1791425314.411734; 0; 0; 0; 0
EST TCP_QUEUE; 2026-10-08-02:08:34; 1791425314.454947; 1791425314.454944; 0; 0; 0; 0
EST TCP_QUEUE; 2026-10-08-02:08:34; 1791425314.512581; 1791425314.512578; 0; 0; 0; 0
EST TCP_QUEUE; 2026-10-08-02:08:34; 1791425314.567070; 1791425314.567067; 0; 0; 0; 0
EST TCP_QUEUE; 2026-10-08-02:08:34; 1791425314.618685; 1791425314.618682; 0; 0; 0; 0
EST TCP_QUEUE; 2026-10-08-02:08:34; 1791425314.716900; 1791425314.716897; 0; 0; 0; 0
EST TCP_QUEUE; 2026-10-08-02:08:34; 1791425314.764347; 1791425314.764343; 0; 0; 0; 0
EST TCP_QUEUE; 2026-10-08-02:08:34; 1791425314.823630; 1791425314.823626; 0; 0; 0; 0
EST TCP_QUEUE; 2026-10-08-02:08:34; 1791425314.890880; 1791425314.890876; 1; 1155; 0; 0
EST TCP_QUEUE; 2026-10-08-02:08:34; 1791425314.958889; 1791425314.958884; 1; 1155; 0; 0
EST TCP_QUEUE; 2026-10-08-02:08:35; 1791425315.009464; 1791425315.009459; 0; 0; 0; 0
EST TCP_QUEUE; 2026-10-08-02:08:35; 1791425315.066200; 1791425315.066195; 0; 0; 0; 0
EST TCP_QUEUE; 2026-10-08-02:08:35; 1791425315.111294; 1791425315.111289; 0; 0; 0; 0
EST TCP_QUEUE; 2026-10-08-02:08:35; 1791425315.154535; 1791425315.154533; 0; 0; 0; 0
EST TCP_QUEUE; 2026-10-08-02:08:35; 1791425315.221140; 1791425315.221136; 0; 0; 0; 0
EST TCP_QUEUE; 2026-10-08-02:08:35; 1791425315.280285; 1791425315.280282; 1; 589; 0; 0
EST TCP_QUEUE; 2026-10-08-02:08:35; 1791425315.332868; 1791425315.332865; 1; 589; 0; 0
EST TCP_QUEUE; 2026-10-08-02:08:35; 1791425315.414618; 1791425315.414615; 0; 0; 0; 0
EST TCP_QUEUE; 2026-10-08-02:08:35; 1791425315.472171; 1791425315.472168; 0; 0; 0; 0
EST TCP_QUEUE; 2026-10-08-02:08:35; 1791425315.520356; 1791425315.520351; 0; 0; 0; 0
EST TCP_QUEUE; 2026-10-08-02:08:35; 1791425315.582676; 1791425315.582671; 0; 0; 0; 0
EST TCP_QUEUE; 2026-10-08-02:08:35; 1791425315.639601; 1791425315.639595; 0; 0; 0; 0
EST TCP_QUEUE; 2026-10-08-02:08:35; 1791425315.697365; 1791425315.697362; 0; 0; 0; 0
EST TCP_QUEUE; 2026-10-08-02:08:35; 1791425315.761910; 1791425315.761908; 0; 0; 0; 0
EST TCP_QUEUE; 2026-10-08-02:08:35; 1791425315.811441; 1791425315.811438; 0; 0; 0; 0
EST TCP_QUEUE; 2026-10-08-02:08:35; 1791425315.855290; 1791425315.855287; 0; 0; 0; 0
EST TCP_QUEUE; 2026-10-08-02:08:35; 1791425315.945807; 1791425315.945803; 1; 970; 0; 0
EST TCP_QUEUE; 2026-10-08-02:08:36; 1791425316.002472; 1791425316.002468; 1; 970; 0; 0
EST TCP_QUEUE; 2026-10-08-02:08:36; 1791425316.054732; 1791425316.054729; 1; 970; 0; 0
EST TCP_QUEUE; 2026-10-08-02:08:36; 1791425316.108846; 1791425316.108842; 0; 0; 0; 0
EST TCP_QUEUE; 2026-10-08-02:08:36; 1791425316.157301; 1791425316.157297; 0; 0; 0; 0
EST TCP_QUEUE; 2026-10-08-02:08:36; 1791425316.198993; 1791425316.198986; 0; 0; 0; 0
EST TCP_QUEUE; 2026-10-08-02:08:36; 1791425316.260089; 1791425316.260087; 0; 0; 0; 0
EST TCP_QUEUE; 2026-10-08-02:08:36; 1791425316.316164; 1791425316.316161; 1; 649; 0; 0
EST TCP_QUEUE; 2026-10-08-02:08:36; 1791425316.367013; 1791425316.367011; 1; 649; 0; 0
EST TCP_QUEUE; 2026-10-08-02:08:36; 1791425316.419337; 1791425316.419334; 1; 649; 0; 0
EST TCP_QUEUE; 2026-10-08-02:08:36; 1791425316.469253; 1791425316.469251; 0; 0; 0; 0
EST TCP_QUEUE; 2026-10-08-02:08:36; 1791425316.514791; 1791425316.514787; 0; 0; 0; 0
EST TCP_QUEUE; 2026-10-08-02:08:36; 1791425316.572632; 1791425316.572628; 0; 0; 0; 0
EST TCP_QUEUE; 2026-10-08-02:08:36; 1791425316.626658; 1791425316.626655; 0; 0; 0; 0
EST TCP_QUEUE; 2026-10-08-02:08:36; 1791425316.680139; 1791425316.680136; 0; 0; 0; 0
EST TCP_QUEUE; 2026-10-08-02:08:36; 1791425316.733159; 1791425316.733156; 0; 0; 0; 0
EST TCP_QUEUE; 2026-10-08-02:08:36; 1791425316.778986; 1791425316.778983; 0; 0; 0; 0
EST TCP_QUEUE; 2026-10-08-02:08:36; 1791425316.824640; 1791425316.824636; 0; 0; 0; 0
EST TCP_QUEUE; 2026-10-08-02:08:36; 1791425316.884377; 1791425316.884374; 0; 0; 0; 0
EST TCP_QUEUE; 2026-10-08-02:08:36; 1791425316.954246; 1791425316.954242; 1; 1059; 0; 0
EST TCP_QUEUE; 2026-10-08-02:08:37; 1791425317.004675; 1791425317.004670; 1; 1059; 0; 0
EST TCP_QUEUE; 2026-10-08-02:08:37; 1791425317.059120; 1791425317.059116; 1; 1059; 0; 0
EST TCP_QUEUE; 2026-10-08-02:08:37; 1791425317.106878; 1791425317.106875; 0; 0; 0; 0
EST TCP_QUEUE; 2026-10-08-02:08:37; 1791425317.148944; 1791425317.148941; 1; 92; 0; 0
EST TCP_QUEUE; 2026-10-08-02:08:37; 1791425317.207179; 1791425317.207175; 1; 92; 0; 0
EST TCP_QUEUE; 2026-10-08-02:08:37; 1791425317.264706; 1791425317.264703; 1; 17; 0; 0
EST TCP_QUEUE; 2026-10-08-02:08:37; 1791425317.312894; 1791425317.312890; 1; 17; 0; 0
EST TCP_QUEUE; 2026-10-08-02:08:37; 1791425317.368270; 1791425317.368266; 1; 1650; 0; 0
EST TCP_QUEUE; 2026-10-08-02:08:37; 1791425317.417444; 1791425317.417439; 1; 1650; 0; 0
EST TCP_QUEUE; 2026-10-08-02:08:37; 1791425317.467704; 1791425317.467699; 0; 0; 0; 0
EST TCP_QUEUE; 2026-10-08-02:08:37; 1791425317.537757; 1791425317.537754; 0; 0; 0; 0
EST TCP_QUEUE; 2026-10-08-02:08:37; 1791425317.592182; 1791425317.592178; 0; 0; 0; 0
EST TCP_QUEUE; 2026-10-08-02:08:37; 1791425317.642562; 1791425317.642559; 0; 0; 0; 0
EST TCP_QUEUE; 2026-10-08-02:08:37; 1791425317.699106; 1791425317.699103; 0; 0; 0; 0
EST TCP_QUEUE; 2026-10-08-02:08:37; 1791425317.749192; 1791425317.749188; 0; 0; 0; 0
EST TCP_QUEUE; 2026-10-08-02:08:37; 1791425317.800574; 1791425317.800571; 0; 0; 0; 0
EST TCP_QUEUE; 2026-10-08-02:08:37; 1791425317.862011; 1791425317.862006; 0; 0; 0; 0
EST TCP_QUEUE; 2026-10-08-02:08:37; 1791425317.932070; 1791425317.932066; 0; 0; 0; 0
EST TCP_QUEUE; 2026-10-08-02:08:37; 1791425317.983835; 1791425317.983832; 1; 1033; 0; 0
EST TCP_QUEUE; 2026-10-08-02:08:38; 1791425318.046234; 1791425318.046231; 1; 1033; 0; 0
EST TCP_QUEUE; 2026-10-08-02:08:38; 1791425318.094521; 1791425318.094518; 1; 1033; 0; 0
EST TCP_QUEUE; 2026-10-08-02:08:38; 1791425318.137901; 1791425318.137898; 1; 1033; 0; 0
EST TCP_QUEUE; 2026-10-08-02:08:38; 1791425318.197243; 1791425318.197239; 0; 0; 0; 0
EST TCP_QUEUE; 2026-10-08-02:08:38; 1791425318.306617; 1791425318.306607; 0; 0; 0; 0
EST TCP_QUEUE; 2026-10-08-02:08:38; 1791425318.361989; 1791425318.361986; 0; 0; 0; 0
EST TCP_QUEUE; 2026-10-08-02:08:38; 1791425318.420561; 1791425318.420558; 1; 624; 0; 0
EST TCP_QUEUE; 2026-10-08-02:08:38; 1791425318.466356; 1791425318.466353; 1; 624; 0; 0
EST TCP_QUEUE; 2026-10-08-02:08:38; 1791425318.508166; 1791425318.508164; 1; 624; 0; 0
EST TCP_QUEUE; 2026-10-08-02:08:38; 1791425318.575380; 1791425318.575377; 1; 396; 0; 0
EST TCP_QUEUE; 2026-10-08-02:08:38; 1791425318.629722; 1791425318.629719; 1; 396; 0; 0
EST TCP_QUEUE; 2026-10-08-02:08:38; 1791425318.681931; 1791425318.681928; 1; 405; 0; 0
EST TCP_QUEUE; 2026-10-08-02:08:38; 1791425318.738504; 1791425318.738501; 1; 405; 0; 0
EST TCP_QUEUE; 2026-10-08-02:08:38; 1791425318.798320; 1791425318.798317; 0; 0; 0; 0
EST TCP_QUEUE; 2026-10-08-02:08:38; 1791425318.850987; 1791425318.850983; 0; 0; 0; 0
EST TCP_QUEUE; 2026-10-08-02:08:38; 1791425318.925226; 1791425318.925222; 0; 0; 0; 0
EST TCP_QUEUE; 2026-10-08-02:08:38; 1791425318.978742; 1791425318.978739; 0; 0; 0; 0
EST TCP_QUEUE; 2026-10-08-02:08:39; 1791425319.031277; 1791425319.031275; 1; 226; 0; 0
EST TCP_QUEUE; 2026-10-08-02:08:39; 1791425319.083768; 1791425319.083765; 1; 226; 0; 0
EST TCP_QUEUE; 2026-10-08-02:08:39; 1791425319.130743; 1791425319.130739; 1; 226; 0; 0
EST TCP_QUEUE; 2026-10-08-02:08:39; 1791425319.175209; 1791425319.175206; 0; 0; 0; 0
EST TCP_QUEUE; 2026-10-08-02:08:39; 1791425319.306913; 1791425319.306910; 0; 0; 0; 0
EST TCP_QUEUE; 2026-10-08-02:08:39; 1791425319.373590; 1791425319.373583; 0; 0; 0; 0
EST TCP_QUEUE; 2026-10-08-02:08:39; 1791425319.422939; 1791425319.422936; 0; 0; 0; 0
EST TCP_QUEUE; 2026-10-08-02:08:39; 1791425319.477647; 1791425319.477644; 1; 809; 0; 0
EST TCP_QUEUE; 2026-10-08-02:08:39; 1791425319.531052; 1791425319.531050; 1; 809; 0; 0
EST TCP_QUEUE; 2026-10-08-02:08:39; 1791425319.576750; 1791425319.576747; 0; 0; 0; 0
EST TCP_QUEUE; 2026-10-08-02:08:39; 1791425319.640493; 1791425319.640491; 1; 607; 0; 0
EST TCP_QUEUE; 2026-10-08-02:08:39; 1791425319.694463; 1791425319.694461; 1; 607; 0; 0
EST TCP_QUEUE; 2026-10-08-02:08:39; 1791425319.745531; 1791425319.745529; 1; 607; 0; 0
EST TCP_QUEUE; 2026-10-08-02:08:39; 1791425319.819463; 1791425319.819460; 0; 0; 0; 0
EST TCP_QUEUE; 2026-10-08-02:08:39; 1791425319.867188; 1791425319.867184; 0; 0; 0; 0
EST TCP_QUEUE; 2026-10-08-02:08:39; 1791425319.925338; 1791425319.925330; 0; 0; 0; 0
EST TCP_QUEUE; 2026-10-08-02:08:39; 1791425319.983775; 1791425319.983772; 0; 0; 0; 0
EST TCP_QUEUE; 2026-10-08-02:08:40; 1791425320.079089; 1791425320.079085; 1; 1142; 0; 0
EST TCP_QUEUE; 2026-10-08-02:08:40; 1791425320.129579; 1791425320.129575; 1; 1142; 0; 0
EST TCP_QUEUE; 2026-10-08-02:08:40; 1791425320.182342; 1791425320.182338; 1; 1142; 0; 0
EST TCP_QUEUE; 2026-10-08-02:08:40; 1791425320.227849; 1791425320.227845; 1; 1142; 0; 0
EST TCP_QUEUE; 2026-10-08-02:08:40; 1791425320.279040; 1791425320.279037; 0; 0; 0; 0
EST TCP_QUEUE; 2026-10-08-02:08:40; 1791425320.337029; 1791425320.337026; 0; 0; 0; 0
EST TCP_QUEUE; 2026-10-08-02:08:40; 1791425320.396525; 1791425320.396520; 0; 0; 0; 0
EST TCP_QUEUE; 2026-10-08-02:08:40; 1791425320.444630; 1791425320.444624; 1; 1054; 0; 0
EST TCP_QUEUE; 2026-10-08-02:08:40; 1791425320.497612; 1791425320.497607; 1; 1054; 0; 0
EST TCP_QUEUE; 2026-10-08-02:08:40; 1791425320.572308; 1791425320.572303; 1; 522; 0; 0
EST TCP_QUEUE; 2026-10-08-02:08:40; 1791425320.615525; 1791425320.615520; 1; 522; 0; 0
EST TCP_QUEUE; 2026-10-08-02:08:40; 1791425320.675176; 1791425320.675173; 0; 0; 0; 0
EST TCP_QUEUE; 2026-10-08-02:08:40; 1791425320.731140; 1791425320.731135; 0; 0; 0; 0
EST TCP_QUEUE; 2026-10-08-02:08:40; 1791425320.781414; 1791425320.781411; 0; 0; 0; 0
EST TCP_QUEUE; 2026-10-08-02:08:40; 1791425320.836181; 1791425320.836179; 0; 0; 0; 0
EST TCP_QUEUE; 2026-10-08-02:08:40; 1791425320.918627; 1791425320.918625; 0; 0; 0; 0
EST TCP_QUEUE; 2026-10-08-02:08:40; 1791425320.965933; 1791425320.965928; 0; 0; 0; 0
EST TCP_QUEUE; 2026-10-08-02:08:41; 1791425321.024282; 1791425321.024279; 0; 0; 0; 0
EST TCP_QUEUE; 2026-10-08-02:08:41; 1791425321.087025; 1791425321.087020; 0; 0; 0; 0
EST TCP_QUEUE; 2026-10-08-02:08:41; 1791425321.138871; 1791425321.138868; 1; 1152; 0; 0
EST TCP_QUEUE; 2026-10-08-02:08:41; 1791425321.191689; 1791425321.191685; 1; 1152; 0; 0
EST TCP_QUEUE; 2026-10-08-02:08:41; 1791425321.238362; 1791425321.238359; 1; 1152; 0; 0
EST TCP_QUEUE; 2026-10-08-02:08:41; 1791425321.279846; 1791425321.279844; 0; 0; 0; 0
EST TCP_QUEUE; 2026-10-08-02:08:41; 1791425321.365036; 1791425321.365032; 0; 0; 0; 0
EST TCP_QUEUE; 2026-10-08-02:08:41; 1791425321.419444; 1791425321.419441; 1; 0; 0; 0
EST TCP_QUEUE; 2026-10-08-02:08:41; 1791425321.470284; 1791425321.470281; 1; 0; 0; 0
EST TCP_QUEUE; 2026-10-08-02:08:41; 1791425321.526887; 1791425321.526885; 1; 0; 0; 0
EST TCP_QUEUE; 2026-10-08-02:08:41; 1791425321.573377; 1791425321.573374; 1; 613; 1; 0
EST TCP_QUEUE; 2026-10-08-02:08:41; 1791425321.614452; 1791425321.614449; 1; 613; 1; 0
EST TCP_QUEUE; 2026-10-08-02:08:41; 1791425321.674414; 1791425321.674411; 1; 1178; 0; 0
EST TCP_QUEUE; 2026-10-08-02:08:41; 1791425321.728685; 1791425321.728682; 1; 1178; 0; 0
EST TCP_QUEUE; 2026-10-08-02:08:41; 1791425321.786696; 1791425321.786693; 0; 0; 0; 0
EST TCP_QUEUE; 2026-10-08-02:08:41; 1791425321.905000; 1791425321.904998; 0; 0; 0; 0
EST TCP_QUEUE; 2026-10-08-02:08:41; 1791425321.953176; 1791425321.953173; 0; 0; 0; 0
EST TCP_QUEUE; 2026-10-08-02:08:41; 1791425321.999309; 1791425321.999306; 0; 0; 0; 0
EST TCP_QUEUE; 2026-10-08-02:08:42; 1791425322.109460; 1791425322.109456; 0; 0; 0; 0
EST TCP_QUEUE; 2026-10-08-02:08:42; 1791425322.177703; 1791425322.177699; 1; 100; 0; 0
EST TCP_QUEUE; 2026-10-08-02:08:42; 1791425322.227482; 1791425322.227478; 1; 100; 0; 0
EST TCP_QUEUE; 2026-10-08-02:08:42; 1791425322.280164; 1791425322.280161; 1; 100; 0; 0
EST TCP_QUEUE; 2026-10-08-02:08:42; 1791425322.329461; 1791425322.329458; 1; 100; 0; 0
EST TCP_QUEUE; 2026-10-08-02:08:42; 1791425322.381593; 1791425322.381589; 0; 0; 0; 0
EST TCP_QUEUE; 2026-10-08-02:08:42; 1791425322.444581; 1791425322.444577; 0; 0; 0; 0
EST TCP_QUEUE; 2026-10-08-02:08:42; 1791425322.506864; 1791425322.506861; 0; 0; 0; 0
EST TCP_QUEUE; 2026-10-08-02:08:42; 1791425322.599517; 1791425322.599514; 0; 0; 0; 0
EST TCP_QUEUE; 2026-10-08-02:08:42; 1791425322.654165; 1791425322.654162; 1; 710; 0; 0
EST TCP_QUEUE; 2026-10-08-02:08:42; 1791425322.704156; 1791425322.704154; 1; 710; 0; 0
EST TCP_QUEUE; 2026-10-08-02:08:42; 1791425322.745946; 1791425322.745942; 1; 710; 0; 0
EST TCP_QUEUE; 2026-10-08-02:08:42; 1791425322.813907; 1791425322.813905; 0; 0; 0; 0
EST TCP_QUEUE; 2026-10-08-02:08:42; 1791425322.867335; 1791425322.867332; 0; 0; 0; 0
EST TCP_QUEUE; 2026-10-08-02:08:42; 1791425322.925809; 1791425322.925806; 0; 0; 0; 0
EST TCP_QUEUE; 2026-10-08-02:08:42; 1791425322.978692; 1791425322.978689; 0; 0; 0; 0
EST TCP_QUEUE; 2026-10-08-02:08:43; 1791425323.025930; 1791425323.025928; 0; 0; 0; 0
EST TCP_QUEUE; 2026-10-08-02:08:43; 1791425323.071127; 1791425323.071125; 0; 0; 0; 0
EST TCP_QUEUE; 2026-10-08-02:08:43; 1791425323.129225; 1791425323.129223; 0; 0; 0; 0
EST TCP_QUEUE; 2026-10-08-02:08:43; 1791425323.208919; 1791425323.208916; 0; 0; 0; 0
EST TCP_QUEUE; 2026-10-08-02:08:43; 1791425323.260822; 1791425323.260819; 1; 1310; 0; 0
EST TCP_QUEUE; 2026-10-08-02:08:43; 1791425323.319315; 1791425323.319312; 1; 1310; 0; 0
EST TCP_QUEUE; 2026-10-08-02:08:43; 1791425323.368908; 1791425323.368905; 0; 0; 0; 0
EST TCP_QUEUE; 2026-10-08-02:08:43; 1791425323.412486; 1791425323.412483; 0; 0; 0; 0
EST TCP_QUEUE; 2026-10-08-02:08:43; 1791425323.471406; 1791425323.471403; 0; 0; 0; 0
EST TCP_QUEUE; 2026-10-08-02:08:43; 1791425323.527094; 1791425323.527090; 0; 0; 0; 0
EST TCP_QUEUE; 2026-10-08-02:08:43; 1791425323.578228; 1791425323.578225; 0; 0; 0; 0
EST TCP_QUEUE; 2026-10-08-02:08:43; 1791425323.632602; 1791425323.632598; 1; 227; 0; 0
EST TCP_QUEUE; 2026-10-08-02:08:43; 1791425323.681064; 1791425323.681062; 1; 744; 0; 0
EST TCP_QUEUE; 2026-10-08-02:08:43; 1791425323.723856; 1791425323.723853; 1; 744; 0; 0
EST TCP_QUEUE; 2026-10-08-02:08:43; 1791425323.784310; 1791425323.784306; 1; 744; 0; 0
EST TCP_QUEUE; 2026-10-08-02:08:43; 1791425323.850017; 1791425323.850014; 1; 744; 0; 0
EST TCP_QUEUE; 2026-10-08-02:08:43; 1791425323.907341; 1791425323.907334; 1; 221; 0; 0
EST TCP_QUEUE; 2026-10-08-02:08:43; 1791425323.961139; 1791425323.961137; 1; 221; 0; 0
EST TCP_QUEUE; 2026-10-08-02:08:44; 1791425324.008423; 1791425324.008421; 0; 0; 0; 0
EST TCP_QUEUE; 2026-10-08-02:08:44; 1791425324.055529; 1791425324.055526; 0; 0; 0; 0
EST TCP_QUEUE; 2026-10-08-02:08:44; 1791425324.129557; 1791425324.129553; 0; 0; 0; 0
EST TCP_QUEUE; 2026-10-08-02:08:44; 1791425324.194457; 1791425324.194454; 1; 46; 0; 0
EST TCP_QUEUE; 2026-10-08-02:08:44; 1791425324.251843; 1791425324.251841; 1; 46; 0; 0
EST TCP_QUEUE; 2026-10-08-02:08:44; 1791425324.304466; 1791425324.304462; 1; 891; 0; 0
EST TCP_QUEUE; 2026-10-08-02:08:44; 1791425324.350323; 1791425324.350320; 1; 891; 0; 0
EST TCP_QUEUE; 2026-10-08-02:08:44; 1791425324.413573; 1791425324.413570; 1; 891; 0; 0
EST TCP_QUEUE; 2026-10-08-02:08:44; 1791425324.471455; 1791425324.471451; 0; 0; 0; 0
EST TCP_QUEUE; 2026-10-08-02:08:44; 1791425324.525780; 1791425324.525778; 0; 0; 0; 0
EST TCP_QUEUE; 2026-10-08-02:08:44; 1791425324.583988; 1791425324.583986; 0; 0; 0; 0
EST TCP_QUEUE; 2026-10-08-02:08:44; 1791425324.642751; 1791425324.642748; 0; 0; 0; 0
EST TCP_QUEUE; 2026-10-08-02:08:44; 1791425324.688403; 1791425324.688400; 0; 0; 0; 0
EST TCP_QUEUE; 2026-10-08-02:08:44; 1791425324.731760; 1791425324.731756; 0; 0; 0; 0
EST TCP_QUEUE; 2026-10-08-02:08:44; 1791425324.789293; 1791425324.789290; 1; 469; 0; 0
EST TCP_QUEUE; 2026-10-08-02:08:44; 1791425324.846138; 1791425324.846133; 1; 469; 0; 0
EST TCP_QUEUE; 2026-10-08-02:08:44; 1791425324.898356; 1791425324.898354; 0; 0; 0; 0
EST TCP_QUEUE; 2026-10-08-02:08:44; 1791425324.961252; 1791425324.961249; 0; 0; 0; 0
EST TCP_QUEUE; 2026-10-08-02:08:45; 1791425325.008271; 1791425325.008268; 0; 0; 0; 0
EST TCP_QUEUE; 2026-10-08-02:08:45; 1791425325.051849; 1791425325.051846; 0; 0; 0; 0
EST TCP_QUEUE; 2026-10-08-02:08:45; 1791425325.113169; 1791425325.113166; 0; 0; 0; 0
EST TCP_QUEUE; 2026-10-08-02:08:45; 1791425325.168218; 1791425325.168214; 0; 0; 0; 0
EST TCP_QUEUE; 2026-10-08-02:08:45; 1791425325.222026; 1791425325.222022; 0; 0; 0; 0
EST TCP_QUEUE; 2026-10-08-02:08:45; 1791425325.275987; 1791425325.275984; 0; 0; 0; 0
EST TCP_QUEUE; 2026-10-08-02:08:45; 1791425325.321839; 1791425325.321837; 0; 0; 0; 0
EST TCP_QUEUE; 2026-10-08-02:08:45; 1791425325.367043; 1791425325.367040; 1; 717; 0; 0
EST TCP_QUEUE; 2026-10-08-02:08:45; 1791425325.426641; 1791425325.426637; 1; 717; 0; 0
EST TCP_QUEUE; 2026-10-08-02:08:45; 1791425325.495527; 1791425325.495523; 0; 0; 0; 0
EST TCP_QUEUE; 2026-10-08-02:08:45; 1791425325.609182; 1791425325.609176; 0; 0; 0; 0
EST TCP_QUEUE; 2026-10-08-02:08:45; 1791425325.663321; 1791425325.663318; 0; 0; 0; 0
EST TCP_QUEUE; 2026-10-08-02:08:45; 1791425325.710982; 1791425325.710979; 0; 0; 0; 0
EST TCP_QUEUE; 2026-10-08-02:08:45; 1791425325.787563; 1791425325.787560; 0; 0; 0; 0
EST TCP_QUEUE; 2026-10-08-02:08:45; 1791425325.844256; 1791425325.844252; 1; 571; 0; 0
EST TCP_QUEUE; 2026-10-08-02:08:45; 1791425325.897724; 1791425325.897722; 1; 571; 0; 0
EST TCP_QUEUE; 2026-10-08-02:08:45; 1791425325.954273; 1791425325.954270; 1; 571; 0; 0
EST TCP_QUEUE; 2026-10-08-02:08:46; 1791425326.008936; 1791425326.008931; 0; 0; 0; 0
EST TCP_QUEUE; 2026-10-08-02:08:46; 1791425326.110184; 1791425326.110181; 0; 0; 0; 0
EST TCP_QUEUE; 2026-10-08-02:08:46; 1791425326.154024; 1791425326.154022; 1; 12; 0; 0
EST TCP_QUEUE; 2026-10-08-02:08:46; 1791425326.217577; 1791425326.217575; 1; 12; 0; 0
EST TCP_QUEUE; 2026-10-08-02:08:46; 1791425326.282170; 1791425326.282167; 0; 0; 0; 0
EST TCP_QUEUE; 2026-10-08-02:08:46; 1791425326.338390; 1791425326.338388; 0; 0; 0; 0
EST TCP_QUEUE; 2026-10-08-02:08:46; 1791425326.390911; 1791425326.390909; 1; 683; 0; 0
EST TCP_QUEUE; 2026-10-08-02:08:46; 1791425326.440369; 1791425326.440366; 1; 683; 0; 0
EST TCP_QUEUE; 2026-10-08-02:08:46; 1791425326.484031; 1791425326.484027; 1; 683; 0; 0
EST TCP_QUEUE; 2026-10-08-02:08:46; 1791425326.543597; 1791425326.543594; 1; 683; 0; 0
EST TCP_QUEUE; 2026-10-08-02:08:46; 1791425326.600207; 1791425326.600203; 0; 0; 0; 0
EST TCP_QUEUE; 2026-10-08-02:08:46; 1791425326.662800; 1791425326.662795; 0; 0; 0; 0
EST TCP_QUEUE; 2026-10-08-02:08:46; 1791425326.719067; 1791425326.719062; 0; 0; 0; 0
EST TCP_QUEUE; 2026-10-08-02:08:46; 1791425326.762573; 1791425326.762570; 0; 0; 0; 0
EST TCP_QUEUE; 2026-10-08-02:08:46; 1791425326.806381; 1791425326.806378; 0; 0; 0; 0
EST TCP_QUEUE; 2026-10-08-02:08:46; 1791425326.865998; 1791425326.865995; 1; 1207; 0; 0
WAN 02:08:59.035974 IP (tos 0x0, ttl 127, id 9544, offset 0, flags [DF], proto TCP (6), length 64)
WAN     192.168.2.70.17836 > 94.140.14.14.5443: Flags [S], cksum 0xff32 (correct), seq 1052636736, win 65535, options [mss 1460,nop,wscale 8,nop,nop,sackOK,nop,nop,TS val 3394153729 ecr 0], length 0
WAN 02:08:59.062660 IP (tos 0x0, ttl 127, id 9545, offset 0, flags [DF], proto TCP (6), length 64)
WAN     192.168.2.70.30462 > 94.140.14.14.5443: Flags [S], cksum 0x27d3 (correct), seq 3895194335, win 65535, options [mss 1460,nop,wscale 8,nop,nop,sackOK,nop,nop,TS val 3394153729 ecr 0], length 0
WAN 02:08:59.062903 IP (tos 0x0, ttl 127, id 9546, offset 0, flags [DF], proto TCP (6), length 64)
WAN     192.168.2.70.30463 > 94.140.14.14.5443: Flags [S], cksum 0xcf03 (correct), seq 2712506924, win 65535, options [mss 1460,nop,wscale 8,nop,nop,sackOK,nop,nop,TS val 3394153729 ecr 0], length 0
WAN 02:08:59.072332 IP (tos 0x0, ttl 56, id 0, offset 0, flags [DF], proto TCP (6), length 60)
WAN     94.140.14.14.5443 > 192.168.2.70.17836: Flags [S.], cksum 0x2ae5 (correct), seq 4098565654, ack 1052636737, win 43440, options [mss 1460,sackOK,TS val 165746763 ecr 3394153729,nop,wscale 12], length 0
WAN 02:08:59.095660 IP (tos 0x0, ttl 57, id 0, offset 0, flags [DF], proto TCP (6), length 60)
WAN     94.140.14.14.5443 > 192.168.2.70.30463: Flags [S.], cksum 0xde50 (correct), seq 2833993659, ack 2712506925, win 43440, options [mss 1460,sackOK,TS val 2708848342 ecr 3394153729,nop,wscale 12], length 0
LAN 02:08:59.035803 IP (tos 0x0, ttl 128, id 9544, offset 0, flags [DF], proto TCP (6), length 52)
LAN     192.168.56.1.17836 > 94.140.14.14.5443: Flags [S], cksum 0x79df (correct), seq 1052636736, win 65535, options [mss 1460,nop,wscale 8,nop,nop,sackOK], length 0
LAN 02:08:59.062624 IP (tos 0x0, ttl 128, id 9545, offset 0, flags [DF], proto TCP (6), length 52)
LAN     192.168.56.1.30462 > 94.140.14.14.5443: Flags [S], cksum 0xa27f (correct), seq 3895194335, win 65535, options [mss 1460,nop,wscale 8,nop,nop,sackOK], length 0
LAN 02:08:59.062886 IP (tos 0x0, ttl 128, id 9546, offset 0, flags [DF], proto TCP (6), length 52)
LAN     192.168.56.1.30463 > 94.140.14.14.5443: Flags [S], cksum 0x49b0 (correct), seq 2712506924, win 65535, options [mss 1460,nop,wscale 8,nop,nop,sackOK], length 0
LAN 02:08:59.072432 IP (tos 0x0, ttl 55, id 0, offset 0, flags [DF], proto TCP (6), length 60)
LAN     94.140.14.14.5443 > 192.168.56.1.17836: Flags [S.], cksum 0x91ab (correct), seq 4098565654, ack 1052636737, win 43440, options [mss 1460,sackOK,nop,nop,nop,nop,nop,nop,nop,nop,nop,nop,nop,wscale 12], length 0
LAN 02:08:59.095696 IP (tos 0x0, ttl 56, id 0, offset 0, flags [DF], proto TCP (6), length 60)
LAN     94.140.14.14.5443 > 192.168.56.1.30463: Flags [S.], cksum 0x8337 (correct), seq 2833993659, ack 2712506925, win 43440, options [mss 1460,sackOK,nop,nop,nop,nop,nop,nop,nop,nop,nop,nop,nop,wscale 12], length 0
LAN 02:08:59.097016 IP (tos 0x0, ttl 56, id 0, offset 0, flags [DF], proto TCP (6), length 60)
LAN     94.140.14.14.5443 > 192.168.56.1.30462: Flags [S.], cksum 0x9e1e (correct), seq 37499987, ack 3895194336, win 43440, options [mss 1460,sackOK,nop,nop,nop,nop,nop,nop,nop,nop,nop,nop,nop,wscale 12], length 0
WAN 02:08:59.096990 IP (tos 0x0, ttl 57, id 0, offset 0, flags [DF], proto TCP (6), length 60)
WAN     94.140.14.14.5443 > 192.168.2.70.30462: Flags [S.], cksum 0x028a (correct), seq 37499987, ack 3895194336, win 43440, options [mss 1460,sackOK,TS val 573650121 ecr 3394153729,nop,wscale 12], length 0
WAN 02:08:59.243946 IP (tos 0x0, ttl 127, id 27977, offset 0, flags [DF], proto TCP (6), length 64)
WAN     192.168.2.70.17438 > 216.197.195.147.443: Flags [S], cksum 0x9481 (correct), seq 3486102844, win 65535, options [mss 1460,nop,wscale 8,nop,nop,sackOK,nop,nop,TS val 3394153729 ecr 0], length 0
WAN 02:08:59.252788 IP (tos 0x0, ttl 58, id 0, offset 0, flags [DF], proto TCP (6), length 60)
WAN     216.197.195.147.443 > 192.168.2.70.17438: Flags [S.], cksum 0xf6de (correct), seq 1317991953, ack 3486102845, win 65160, options [mss 1384,sackOK,TS val 1875049720 ecr 3394153729,nop,wscale 7], length 0
LAN 02:08:59.243889 IP (tos 0x0, ttl 128, id 27977, offset 0, flags [DF], proto TCP (6), length 52)
LAN     192.168.56.1.17438 > 216.197.195.147.443: Flags [S], cksum 0x0f2e (correct), seq 3486102844, win 65535, options [mss 1460,nop,wscale 8,nop,nop,sackOK], length 0
LAN 02:08:59.252864 IP (tos 0x0, ttl 57, id 0, offset 0, flags [DF], proto TCP (6), length 60)
LAN     216.197.195.147.443 > 192.168.56.1.17438: Flags [S.], cksum 0xa834 (correct), seq 1317991953, ack 3486102845, win 65160, options [mss 1384,sackOK,nop,nop,nop,nop,nop,nop,nop,nop,nop,nop,nop,wscale 7], length 0
WAN 02:08:59.563324 IP (tos 0x0, ttl 127, id 9562, offset 0, flags [DF], proto TCP (6), length 64)
WAN     192.168.2.70.15763 > 94.140.14.14.5443: Flags [S], cksum 0x9e4c (correct), seq 2495482175, win 65535, options [mss 1460,nop,wscale 8,nop,nop,sackOK,nop,nop,TS val 3394153729 ecr 0], length 0
WAN 02:08:59.563653 IP (tos 0x0, ttl 127, id 9563, offset 0, flags [DF], proto TCP (6), length 64)
WAN     192.168.2.70.15764 > 94.140.14.14.5443: Flags [S], cksum 0x10f6 (correct), seq 2984212851, win 65535, options [mss 1460,nop,wscale 8,nop,nop,sackOK,nop,nop,TS val 3394153729 ecr 0], length 0
WAN 02:08:59.581315 IP (tos 0x0, ttl 127, id 9565, offset 0, flags [DF], proto TCP (6), length 64)
WAN     192.168.2.70.32698 > 94.140.14.14.5443: Flags [S], cksum 0x00aa (correct), seq 1233235959, win 65535, options [mss 1460,nop,wscale 8,nop,nop,sackOK,nop,nop,TS val 3394153729 ecr 0], length 0
WAN 02:08:59.581598 IP (tos 0x0, ttl 127, id 9564, offset 0, flags [DF], proto TCP (6), length 64)
WAN     192.168.2.70.32699 > 94.140.14.14.5443: Flags [S], cksum 0xf4e4 (correct), seq 609804516, win 65535, options [mss 1460,nop,wscale 8,nop,nop,sackOK,nop,nop,TS val 3394153729 ecr 0], length 0
WAN 02:08:59.594738 IP (tos 0x0, ttl 57, id 0, offset 0, flags [DF], proto TCP (6), length 60)
WAN     94.140.14.14.5443 > 192.168.2.70.15763: Flags [S.], cksum 0x2493 (correct), seq 138868568, ack 2495482176, win 43440, options [mss 1460,sackOK,TS val 2371704061 ecr 3394153729,nop,wscale 12], length 0
WAN 02:08:59.594738 IP (tos 0x0, ttl 57, id 0, offset 0, flags [DF], proto TCP (6), length 60)
WAN     94.140.14.14.5443 > 192.168.2.70.15764: Flags [S.], cksum 0x132d (correct), seq 3556596230, ack 2984212852, win 43440, options [mss 1460,sackOK,TS val 865207411 ecr 3394153729,nop,wscale 12], length 0
LAN 02:08:59.562564 IP (tos 0x0, ttl 128, id 9562, offset 0, flags [DF], proto TCP (6), length 52)
LAN     192.168.56.1.15763 > 94.140.14.14.5443: Flags [S], cksum 0x18f9 (correct), seq 2495482175, win 65535, options [mss 1460,nop,wscale 8,nop,nop,sackOK], length 0
LAN 02:08:59.562564 IP (tos 0x0, ttl 128, id 9563, offset 0, flags [DF], proto TCP (6), length 52)
LAN     192.168.56.1.15764 > 94.140.14.14.5443: Flags [S], cksum 0x8ba2 (correct), seq 2984212851, win 65535, options [mss 1460,nop,wscale 8,nop,nop,sackOK], length 0
LAN 02:08:59.580987 IP (tos 0x0, ttl 128, id 9565, offset 0, flags [DF], proto TCP (6), length 52)
LAN     192.168.56.1.32698 > 94.140.14.14.5443: Flags [S], cksum 0x7b56 (correct), seq 1233235959, win 65535, options [mss 1460,nop,wscale 8,nop,nop,sackOK], length 0
LAN 02:08:59.580987 IP (tos 0x0, ttl 128, id 9564, offset 0, flags [DF], proto TCP (6), length 52)
LAN     192.168.56.1.32699 > 94.140.14.14.5443: Flags [S], cksum 0x6f91 (correct), seq 609804516, win 65535, options [mss 1460,nop,wscale 8,nop,nop,sackOK], length 0
LAN 02:08:59.595437 IP (tos 0x0, ttl 56, id 0, offset 0, flags [DF], proto TCP (6), length 60)
LAN     94.140.14.14.5443 > 192.168.56.1.15763: Flags [S.], cksum 0x4b88 (correct), seq 138868568, ack 2495482176, win 43440, options [mss 1460,sackOK,nop,nop,nop,nop,nop,nop,nop,nop,nop,nop,nop,wscale 12], length 0
LAN 02:08:59.595714 IP (tos 0x0, ttl 56, id 0, offset 0, flags [DF], proto TCP (6), length 60)
LAN     94.140.14.14.5443 > 192.168.56.1.15764: Flags [S.], cksum 0x8fcc (correct), seq 3556596230, ack 2984212852, win 43440, options [mss 1460,sackOK,nop,nop,nop,nop,nop,nop,nop,nop,nop,nop,nop,wscale 12], length 0
WAN 02:08:59.611795 IP (tos 0x0, ttl 127, id 9570, offset 0, flags [DF], proto TCP (6), length 64)
WAN     192.168.2.70.53530 > 94.140.14.14.5443: Flags [S], cksum 0x6c81 (correct), seq 457384190, win 65535, options [mss 1460,nop,wscale 8,nop,nop,sackOK,nop,nop,TS val 3394153729 ecr 0], length 0
WAN 02:08:59.613478 IP (tos 0x0, ttl 57, id 0, offset 0, flags [DF], proto TCP (6), length 60)
WAN     94.140.14.14.5443 > 192.168.2.70.32699: Flags [S.], cksum 0x7ee5 (correct), seq 2351725092, ack 609804517, win 43440, options [mss 1460,sackOK,TS val 2629974828 ecr 3394153729,nop,wscale 12], length 0
WAN 02:08:59.613832 IP (tos 0x0, ttl 57, id 0, offset 0, flags [DF], proto TCP (6), length 60)
WAN     94.140.14.14.5443 > 192.168.2.70.32698: Flags [S.], cksum 0x526a (correct), seq 2903250676, ack 1233235960, win 43440, options [mss 1460,sackOK,TS val 1904140544 ecr 3394153729,nop,wscale 12], length 0
WAN 02:08:59.614242 IP (tos 0x0, ttl 127, id 9571, offset 0, flags [DF], proto TCP (6), length 64)
WAN     192.168.2.70.53531 > 94.140.14.14.5443: Flags [S], cksum 0x7346 (correct), seq 1288693931, win 65535, options [mss 1460,nop,wscale 8,nop,nop,sackOK,nop,nop,TS val 3394153729 ecr 0], length 0
WAN 02:08:59.643232 IP (tos 0x0, ttl 57, id 0, offset 0, flags [DF], proto TCP (6), length 60)
WAN     94.140.14.14.5443 > 192.168.2.70.53530: Flags [S.], cksum 0xa053 (correct), seq 4261246493, ack 457384191, win 43440, options [mss 1460,sackOK,TS val 3727417894 ecr 3394153729,nop,wscale 12], length 0
WAN 02:08:59.646883 IP (tos 0x0, ttl 57, id 0, offset 0, flags [DF], proto TCP (6), length 60)
WAN     94.140.14.14.5443 > 192.168.2.70.53531: Flags [S.], cksum 0xf95e (correct), seq 368174311, ack 1288693932, win 43440, options [mss 1460,sackOK,TS val 1300797894 ecr 3394153729,nop,wscale 12], length 0
WAN 02:08:59.650262 IP (tos 0x0, ttl 127, id 28015, offset 0, flags [DF], proto TCP (6), length 64)
WAN     192.168.2.70.23787 > 216.197.195.147.443: Flags [S], cksum 0x9eab (correct), seq 3166283093, win 65535, options [mss 1460,nop,wscale 8,nop,nop,sackOK,nop,nop,TS val 3394153729 ecr 0], length 0
WAN 02:08:59.658439 IP (tos 0x0, ttl 58, id 0, offset 0, flags [DF], proto TCP (6), length 60)
WAN     216.197.195.147.443 > 192.168.2.70.23787: Flags [S.], cksum 0x5c25 (correct), seq 1997172963, ack 3166283094, win 65160, options [mss 1384,sackOK,TS val 1875050126 ecr 3394153729,nop,wscale 7], length 0
LAN 02:08:59.610605 IP (tos 0x0, ttl 128, id 9570, offset 0, flags [DF], proto TCP (6), length 52)
LAN     192.168.56.1.53530 > 94.140.14.14.5443: Flags [S], cksum 0xe72d (correct), seq 457384190, win 65535, options [mss 1460,nop,wscale 8,nop,nop,sackOK], length 0
LAN 02:08:59.610605 IP (tos 0x0, ttl 128, id 9571, offset 0, flags [DF], proto TCP (6), length 52)
LAN     192.168.56.1.53531 > 94.140.14.14.5443: Flags [S], cksum 0xedf2 (correct), seq 1288693931, win 65535, options [mss 1460,nop,wscale 8,nop,nop,sackOK], length 0
LAN 02:08:59.613774 IP (tos 0x0, ttl 56, id 0, offset 0, flags [DF], proto TCP (6), length 60)
LAN     94.140.14.14.5443 > 192.168.56.1.32699: Flags [S.], cksum 0x9b6e (correct), seq 2351725092, ack 609804517, win 43440, options [mss 1460,sackOK,nop,nop,nop,nop,nop,nop,nop,nop,nop,nop,nop,wscale 12], length 0
LAN 02:08:59.614067 IP (tos 0x0, ttl 56, id 0, offset 0, flags [DF], proto TCP (6), length 60)
LAN     94.140.14.14.5443 > 192.168.56.1.32698: Flags [S.], cksum 0xe983 (correct), seq 2903250676, ack 1233235960, win 43440, options [mss 1460,sackOK,nop,nop,nop,nop,nop,nop,nop,nop,nop,nop,nop,wscale 12], length 0
LAN 02:08:59.643500 IP (tos 0x0, ttl 56, id 0, offset 0, flags [DF], proto TCP (6), length 60)
LAN     94.140.14.14.5443 > 192.168.56.1.53530: Flags [S.], cksum 0xa540 (correct), seq 4261246493, ack 457384191, win 43440, options [mss 1460,sackOK,nop,nop,nop,nop,nop,nop,nop,nop,nop,nop,nop,wscale 12], length 0
LAN 02:08:59.648099 IP (tos 0x0, ttl 56, id 0, offset 0, flags [DF], proto TCP (6), length 60)
LAN     94.140.14.14.5443 > 192.168.56.1.53531: Flags [S.], cksum 0x2548 (correct), seq 368174311, ack 1288693932, win 43440, options [mss 1460,sackOK,nop,nop,nop,nop,nop,nop,nop,nop,nop,nop,nop,wscale 12], length 0
LAN 02:08:59.649082 IP (tos 0x0, ttl 128, id 28015, offset 0, flags [DF], proto TCP (6), length 52)
LAN     192.168.56.1.23787 > 216.197.195.147.443: Flags [S], cksum 0x1958 (correct), seq 3166283093, win 65535, options [mss 1460,nop,wscale 8,nop,nop,sackOK], length 0
LAN 02:08:59.658753 IP (tos 0x0, ttl 57, id 0, offset 0, flags [DF], proto TCP (6), length 60)
LAN     216.197.195.147.443 > 192.168.56.1.23787: Flags [S.], cksum 0x0f11 (correct), seq 1997172963, ack 3166283094, win 65160, options [mss 1384,sackOK,nop,nop,nop,nop,nop,nop,nop,nop,nop,nop,nop,wscale 7], length 0
WAN 02:08:59.703352 IP (tos 0x0, ttl 127, id 9592, offset 0, flags [DF], proto TCP (6), length 64)
WAN     192.168.2.70.17840 > 94.140.14.14.5443: Flags [S], cksum 0xb2f1 (correct), seq 3761414408, win 65535, options [mss 1460,nop,wscale 8,nop,nop,sackOK,nop,nop,TS val 3394153729 ecr 0], length 0
WAN 02:08:59.703696 IP (tos 0x0, ttl 127, id 9593, offset 0, flags [DF], proto TCP (6), length 64)
WAN     192.168.2.70.17841 > 94.140.14.14.5443: Flags [S], cksum 0x670d (correct), seq 2475506065, win 65535, options [mss 1460,nop,wscale 8,nop,nop,sackOK,nop,nop,TS val 3394153729 ecr 0], length 0
WAN 02:08:59.736279 IP (tos 0x0, ttl 56, id 0, offset 0, flags [DF], proto TCP (6), length 60)
WAN     94.140.14.14.5443 > 192.168.2.70.17841: Flags [S.], cksum 0xd6b4 (correct), seq 1424652657, ack 2475506066, win 43440, options [mss 1460,sackOK,TS val 2153621983 ecr 3394153729,nop,wscale 12], length 0
WAN 02:08:59.736279 IP (tos 0x0, ttl 56, id 0, offset 0, flags [DF], proto TCP (6), length 60)
WAN     94.140.14.14.5443 > 192.168.2.70.17840: Flags [S.], cksum 0x9332 (correct), seq 2588502722, ack 3761414409, win 43440, options [mss 1460,sackOK,TS val 3287334658 ecr 3394153729,nop,wscale 12], length 0
WAN 02:08:59.787617 IP (tos 0x0, ttl 127, id 9605, offset 0, flags [DF], proto TCP (6), length 64)
WAN     192.168.2.70.58168 > 94.140.14.14.5443: Flags [S], cksum 0x0522 (correct), seq 4015497770, win 65535, options [mss 1460,nop,wscale 8,nop,nop,sackOK,nop,nop,TS val 3394153729 ecr 0], length 0
WAN 02:08:59.787887 IP (tos 0x0, ttl 127, id 9606, offset 0, flags [DF], proto TCP (6), length 64)
WAN     192.168.2.70.58169 > 94.140.14.14.5443: Flags [S], cksum 0xcefb (correct), seq 1114408251, win 65535, options [mss 1460,nop,wscale 8,nop,nop,sackOK,nop,nop,TS val 3394153729 ecr 0], length 0
LAN 02:08:59.702693 IP (tos 0x0, ttl 128, id 9592, offset 0, flags [DF], proto TCP (6), length 52)
LAN     192.168.56.1.17840 > 94.140.14.14.5443: Flags [S], cksum 0x2d9e (correct), seq 3761414408, win 65535, options [mss 1460,nop,wscale 8,nop,nop,sackOK], length 0
LAN 02:08:59.702959 IP (tos 0x0, ttl 128, id 9593, offset 0, flags [DF], proto TCP (6), length 52)
LAN     192.168.56.1.17841 > 94.140.14.14.5443: Flags [S], cksum 0xe1b9 (correct), seq 2475506065, win 65535, options [mss 1460,nop,wscale 8,nop,nop,sackOK], length 0
LAN 02:08:59.736615 IP (tos 0x0, ttl 55, id 0, offset 0, flags [DF], proto TCP (6), length 60)
LAN     94.140.14.14.5443 > 192.168.56.1.17841: Flags [S.], cksum 0x458c (correct), seq 1424652657, ack 2475506066, win 43440, options [mss 1460,sackOK,nop,nop,nop,nop,nop,nop,nop,nop,nop,nop,nop,wscale 12], length 0
LAN 02:08:59.736838 IP (tos 0x0, ttl 55, id 0, offset 0, flags [DF], proto TCP (6), length 60)
LAN     94.140.14.14.5443 > 192.168.56.1.17840: Flags [S.], cksum 0x5ac0 (correct), seq 2588502722, ack 3761414409, win 43440, options [mss 1460,sackOK,nop,nop,nop,nop,nop,nop,nop,nop,nop,nop,nop,wscale 12], length 0
LAN 02:08:59.785822 IP (tos 0x0, ttl 128, id 9605, offset 0, flags [DF], proto TCP (6), length 52)
LAN     192.168.56.1.58168 > 94.140.14.14.5443: Flags [S], cksum 0x7fce (correct), seq 4015497770, win 65535, options [mss 1460,nop,wscale 8,nop,nop,sackOK], length 0
LAN 02:08:59.785823 IP (tos 0x0, ttl 128, id 9606, offset 0, flags [DF], proto TCP (6), length 52)
LAN     192.168.56.1.58169 > 94.140.14.14.5443: Flags [S], cksum 0x49a8 (correct), seq 1114408251, win 65535, options [mss 1460,nop,wscale 8,nop,nop,sackOK], length 0
WAN 02:08:59.815996 IP (tos 0x0, ttl 127, id 9611, offset 0, flags [DF], proto TCP (6), length 64)
WAN     192.168.2.70.44617 > 94.140.14.14.5443: Flags [S], cksum 0x131b (correct), seq 10598359, win 65535, options [mss 1460,nop,wscale 8,nop,nop,sackOK,nop,nop,TS val 3394153729 ecr 0], length 0
WAN 02:08:59.816365 IP (tos 0x0, ttl 127, id 9612, offset 0, flags [DF], proto TCP (6), length 64)
WAN     192.168.2.70.44618 > 94.140.14.14.5443: Flags [S], cksum 0x2344 (correct), seq 4107449211, win 65535, options [mss 1460,nop,wscale 8,nop,nop,sackOK,nop,nop,TS val 3394153729 ecr 0], length 0
WAN 02:08:59.819101 IP (tos 0x0, ttl 57, id 0, offset 0, flags [DF], proto TCP (6), length 60)
WAN     94.140.14.14.5443 > 192.168.2.70.58168: Flags [S.], cksum 0x0dfc (correct), seq 3402762219, ack 4015497771, win 43440, options [mss 1460,sackOK,TS val 2484729998 ecr 3394153729,nop,wscale 12], length 0
WAN 02:08:59.819666 IP (tos 0x0, ttl 56, id 0, offset 0, flags [DF], proto TCP (6), length 60)
WAN     94.140.14.14.5443 > 192.168.2.70.58169: Flags [S.], cksum 0x6c96 (correct), seq 793075136, ack 1114408252, win 43440, options [mss 1460,sackOK,TS val 2362093781 ecr 3394153729,nop,wscale 12], length 0
WAN 02:08:59.848650 IP (tos 0x0, ttl 57, id 0, offset 0, flags [DF], proto TCP (6), length 60)
WAN     94.140.14.14.5443 > 192.168.2.70.44617: Flags [S.], cksum 0xb53b (correct), seq 2011643875, ack 10598360, win 43440, options [mss 1460,sackOK,TS val 579922884 ecr 3394153729,nop,wscale 12], length 0
WAN 02:08:59.848650 IP (tos 0x0, ttl 57, id 0, offset 0, flags [DF], proto TCP (6), length 60)
WAN     94.140.14.14.5443 > 192.168.2.70.44618: Flags [S.], cksum 0xae32 (correct), seq 164756411, ack 4107449212, win 43440, options [mss 1460,sackOK,TS val 1822059306 ecr 3394153729,nop,wscale 12], length 0
LAN 02:08:59.815636 IP (tos 0x0, ttl 128, id 9611, offset 0, flags [DF], proto TCP (6), length 52)
LAN     192.168.56.1.44617 > 94.140.14.14.5443: Flags [S], cksum 0x8dc7 (correct), seq 10598359, win 65535, options [mss 1460,nop,wscale 8,nop,nop,sackOK], length 0
LAN 02:08:59.815636 IP (tos 0x0, ttl 128, id 9612, offset 0, flags [DF], proto TCP (6), length 52)
LAN     192.168.56.1.44618 > 94.140.14.14.5443: Flags [S], cksum 0x9df0 (correct), seq 4107449211, win 65535, options [mss 1460,nop,wscale 8,nop,nop,sackOK], length 0
LAN 02:08:59.819419 IP (tos 0x0, ttl 56, id 0, offset 0, flags [DF], proto TCP (6), length 60)
LAN     94.140.14.14.5443 > 192.168.56.1.58168: Flags [S.], cksum 0xdf3e (correct), seq 3402762219, ack 4015497771, win 43440, options [mss 1460,sackOK,nop,nop,nop,nop,nop,nop,nop,nop,nop,nop,nop,wscale 12], length 0
LAN 02:08:59.820608 IP (tos 0x0, ttl 55, id 0, offset 0, flags [DF], proto TCP (6), length 60)
LAN     94.140.14.14.5443 > 192.168.56.1.58169: Flags [S.], cksum 0xeed0 (correct), seq 793075136, ack 1114408252, win 43440, options [mss 1460,sackOK,nop,nop,nop,nop,nop,nop,nop,nop,nop,nop,nop,wscale 12], length 0
LAN 02:08:59.849077 IP (tos 0x0, ttl 56, id 0, offset 0, flags [DF], proto TCP (6), length 60)
LAN     94.140.14.14.5443 > 192.168.56.1.44617: Flags [S.], cksum 0x082b (correct), seq 2011643875, ack 10598360, win 43440, options [mss 1460,sackOK,nop,nop,nop,nop,nop,nop,nop,nop,nop,nop,nop,wscale 12], length 0
LAN 02:08:59.849456 IP (tos 0x0, ttl 56, id 0, offset 0, flags [DF], proto TCP (6), length 60)
LAN     94.140.14.14.5443 > 192.168.56.1.44618: Flags [S.], cksum 0xca91 (correct), seq 164756411, ack 4107449212, win 43440, options [mss 1460,sackOK,nop,nop,nop,nop,nop,nop,nop,nop,nop,nop,nop,wscale 12], length 0
WAN 02:08:59.974250 IP (tos 0x0, ttl 127, id 9640, offset 0, flags [DF], proto TCP (6), length 64)
WAN     192.168.2.70.11118 > 94.140.14.14.5443: Flags [S], cksum 0x9aa2 (correct), seq 3887123483, win 65535, options [mss 1460,nop,wscale 8,nop,nop,sackOK,nop,nop,TS val 3394153729 ecr 0], length 0
LAN 02:08:59.973710 IP (tos 0x0, ttl 128, id 9640, offset 0, flags [DF], proto TCP (6), length 52)
LAN     192.168.56.1.11118 > 94.140.14.14.5443: Flags [S], cksum 0x154f (correct), seq 3887123483, win 65535, options [mss 1460,nop,wscale 8,nop,nop,sackOK], length 0
WAN 02:09:00.005917 IP (tos 0x0, ttl 56, id 0, offset 0, flags [DF], proto TCP (6), length 60)
WAN     94.140.14.14.5443 > 192.168.2.70.11118: Flags [S.], cksum 0x8c9d (correct), seq 2778147270, ack 3887123484, win 43440, options [mss 1460,sackOK,TS val 876114607 ecr 3394153729,nop,wscale 12], length 0
WAN 02:09:00.006786 IP (tos 0x0, ttl 127, id 9641, offset 0, flags [DF], proto TCP (6), length 64)
WAN     192.168.2.70.46631 > 94.140.14.14.5443: Flags [S], cksum 0xc936 (correct), seq 2196469651, win 65535, options [mss 1460,nop,wscale 8,nop,nop,sackOK,nop,nop,TS val 3394153729 ecr 0], length 0
WAN 02:09:00.006975 IP (tos 0x0, ttl 127, id 9642, offset 0, flags [DF], proto TCP (6), length 64)
WAN     192.168.2.70.46632 > 94.140.14.14.5443: Flags [S], cksum 0x9d8b (correct), seq 4278658849, win 65535, options [mss 1460,nop,wscale 8,nop,nop,sackOK,nop,nop,TS val 3394153729 ecr 0], length 0
WAN 02:09:00.039116 IP (tos 0x0, ttl 57, id 0, offset 0, flags [DF], proto TCP (6), length 60)
WAN     94.140.14.14.5443 > 192.168.2.70.46632: Flags [S.], cksum 0x7715 (correct), seq 4245009802, ack 4278658850, win 43440, options [mss 1460,sackOK,TS val 3584362112 ecr 3394153729,nop,wscale 12], length 0
WAN 02:09:00.039116 IP (tos 0x0, ttl 56, id 0, offset 0, flags [DF], proto TCP (6), length 60)
WAN     94.140.14.14.5443 > 192.168.2.70.46631: Flags [S.], cksum 0xc28b (correct), seq 1108487670, ack 2196469652, win 43440, options [mss 1460,sackOK,TS val 4023652110 ecr 3394153729,nop,wscale 12], length 0
WAN 02:09:00.077979 IP (tos 0x0, ttl 127, id 9652, offset 0, flags [DF], proto TCP (6), length 64)
WAN     192.168.2.70.58687 > 94.140.14.14.5443: Flags [S], cksum 0x388a (correct), seq 2067652821, win 65535, options [mss 1460,nop,wscale 8,nop,nop,sackOK,nop,nop,TS val 3394153729 ecr 0], length 0
WAN 02:09:00.078511 IP (tos 0x0, ttl 127, id 9653, offset 0, flags [DF], proto TCP (6), length 64)
WAN     192.168.2.70.58688 > 94.140.14.14.5443: Flags [S], cksum 0xfc9b (correct), seq 2999510327, win 65535, options [mss 1460,nop,wscale 8,nop,nop,sackOK,nop,nop,TS val 3394153729 ecr 0], length 0
LAN 02:09:00.006618 IP (tos 0x0, ttl 128, id 9641, offset 0, flags [DF], proto TCP (6), length 52)
LAN     192.168.56.1.46631 > 94.140.14.14.5443: Flags [S], cksum 0x43e3 (correct), seq 2196469651, win 65535, options [mss 1460,nop,wscale 8,nop,nop,sackOK], length 0
LAN 02:09:00.006780 IP (tos 0x0, ttl 55, id 0, offset 0, flags [DF], proto TCP (6), length 60)
LAN     94.140.14.14.5443 > 192.168.56.1.11118: Flags [S.], cksum 0x781f (correct), seq 2778147270, ack 3887123484, win 43440, options [mss 1460,sackOK,nop,nop,nop,nop,nop,nop,nop,nop,nop,nop,nop,wscale 12], length 0
LAN 02:09:00.006618 IP (tos 0x0, ttl 128, id 9642, offset 0, flags [DF], proto TCP (6), length 52)
LAN     192.168.56.1.46632 > 94.140.14.14.5443: Flags [S], cksum 0x1838 (correct), seq 4278658849, win 65535, options [mss 1460,nop,wscale 8,nop,nop,sackOK], length 0
LAN 02:09:00.039631 IP (tos 0x0, ttl 56, id 0, offset 0, flags [DF], proto TCP (6), length 60)
LAN     94.140.14.14.5443 > 192.168.56.1.46632: Flags [S.], cksum 0x97d5 (correct), seq 4245009802, ack 4278658850, win 43440, options [mss 1460,sackOK,nop,nop,nop,nop,nop,nop,nop,nop,nop,nop,nop,wscale 12], length 0
LAN 02:09:00.040000 IP (tos 0x0, ttl 55, id 0, offset 0, flags [DF], proto TCP (6), length 60)
LAN     94.140.14.14.5443 > 192.168.56.1.46631: Flags [S.], cksum 0x0609 (correct), seq 1108487670, ack 2196469652, win 43440, options [mss 1460,sackOK,nop,nop,nop,nop,nop,nop,nop,nop,nop,nop,nop,wscale 12], length 0
LAN 02:09:00.077300 IP (tos 0x0, ttl 128, id 9652, offset 0, flags [DF], proto TCP (6), length 52)
LAN     192.168.56.1.58687 > 94.140.14.14.5443: Flags [S], cksum 0xb336 (correct), seq 2067652821, win 65535, options [mss 1460,nop,wscale 8,nop,nop,sackOK], length 0
LAN 02:09:00.077300 IP (tos 0x0, ttl 128, id 9653, offset 0, flags [DF], proto TCP (6), length 52)
LAN     192.168.56.1.58688 > 94.140.14.14.5443: Flags [S], cksum 0x7748 (correct), seq 2999510327, win 65535, options [mss 1460,nop,wscale 8,nop,nop,sackOK], length 0
WAN 02:09:00.110148 IP (tos 0x0, ttl 57, id 0, offset 0, flags [DF], proto TCP (6), length 60)
WAN     94.140.14.14.5443 > 192.168.2.70.58687: Flags [S.], cksum 0xb790 (correct), seq 1922497063, ack 2067652822, win 43440, options [mss 1460,sackOK,TS val 441868837 ecr 3394153729,nop,wscale 12], length 0
WAN 02:09:00.110149 IP (tos 0x0, ttl 57, id 0, offset 0, flags [DF], proto TCP (6), length 60)
WAN     94.140.14.14.5443 > 192.168.2.70.58688: Flags [S.], cksum 0xc12f (correct), seq 558766405, ack 2999510328, win 43440, options [mss 1460,sackOK,TS val 2449725205 ecr 3394153729,nop,wscale 12], length 0
LAN 02:09:00.110512 IP (tos 0x0, ttl 56, id 0, offset 0, flags [DF], proto TCP (6), length 60)
LAN     94.140.14.14.5443 > 192.168.56.1.58687: Flags [S.], cksum 0x78a6 (correct), seq 1922497063, ack 2067652822, win 43440, options [mss 1460,sackOK,nop,nop,nop,nop,nop,nop,nop,nop,nop,nop,nop,wscale 12], length 0
LAN 02:09:00.111005 IP (tos 0x0, ttl 56, id 0, offset 0, flags [DF], proto TCP (6), length 60)
LAN     94.140.14.14.5443 > 192.168.56.1.58688: Flags [S.], cksum 0x6ee3 (correct), seq 558766405, ack 2999510328, win 43440, options [mss 1460,sackOK,nop,nop,nop,nop,nop,nop,nop,nop,nop,nop,nop,wscale 12], length 0
WAN 02:09:00.268857 IP (tos 0x0, ttl 127, id 44006, offset 0, flags [DF], proto TCP (6), length 64)
WAN     192.168.2.70.3644 > 184.150.66.144.443: Flags [S], cksum 0xdd30 (correct), seq 1386463432, win 65535, options [mss 1460,nop,wscale 8,nop,nop,sackOK,nop,nop,TS val 3394153729 ecr 0], length 0
WAN 02:09:00.282730 IP (tos 0x0, ttl 54, id 0, offset 0, flags [DF], proto TCP (6), length 60)
WAN     184.150.66.144.443 > 192.168.2.70.3644: Flags [S.], cksum 0x029a (correct), seq 2572944959, ack 1386463433, win 65160, options [mss 1384,sackOK,TS val 1611263658 ecr 3394153729,nop,wscale 7], length 0
LAN 02:09:00.268151 IP (tos 0x0, ttl 128, id 44006, offset 0, flags [DF], proto TCP (6), length 52)
LAN     192.168.56.1.3644 > 184.150.66.144.443: Flags [S], cksum 0x57dd (correct), seq 1386463432, win 65535, options [mss 1460,nop,wscale 8,nop,nop,sackOK], length 0
LAN 02:09:00.283292 IP (tos 0x0, ttl 53, id 0, offset 0, flags [DF], proto TCP (6), length 60)
LAN     184.150.66.144.443 > 192.168.56.1.3644: Flags [S.], cksum 0x95e8 (correct), seq 2572944959, ack 1386463433, win 65160, options [mss 1384,sackOK,nop,nop,nop,nop,nop,nop,nop,nop,nop,nop,nop,wscale 7], length 0
WAN 02:09:00.336072 IP (tos 0x0, ttl 127, id 9672, offset 0, flags [DF], proto TCP (6), length 64)
WAN     192.168.2.70.31262 > 94.140.14.14.5443: Flags [S], cksum 0x5d39 (correct), seq 65642140, win 65535, options [mss 1460,nop,wscale 8,nop,nop,sackOK,nop,nop,TS val 3394153729 ecr 0], length 0
WAN 02:09:00.367695 IP (tos 0x0, ttl 57, id 0, offset 0, flags [DF], proto TCP (6), length 60)
WAN     94.140.14.14.5443 > 192.168.2.70.31262: Flags [S.], cksum 0x620f (correct), seq 3957338240, ack 65642141, win 43440, options [mss 1460,sackOK,TS val 2907871670 ecr 3394153729,nop,wscale 12], length 0
LAN 02:09:00.335793 IP (tos 0x0, ttl 128, id 9672, offset 0, flags [DF], proto TCP (6), length 52)
LAN     192.168.56.1.31262 > 94.140.14.14.5443: Flags [S], cksum 0xd7e5 (correct), seq 65642140, win 65535, options [mss 1460,nop,wscale 8,nop,nop,sackOK], length 0
LAN 02:09:00.367966 IP (tos 0x0, ttl 56, id 0, offset 0, flags [DF], proto TCP (6), length 60)
LAN     94.140.14.14.5443 > 192.168.56.1.31262: Flags [S.], cksum 0xedb2 (correct), seq 3957338240, ack 65642141, win 43440, options [mss 1460,sackOK,nop,nop,nop,nop,nop,nop,nop,nop,nop,nop,nop,wscale 12], length 0
WAN 02:09:00.407467 IP (tos 0x0, ttl 127, id 6014, offset 0, flags [DF], proto TCP (6), length 64)
WAN     192.168.2.70.55301 > 142.251.150.119.443: Flags [S], cksum 0xb75d (correct), seq 43598480, win 65535, options [mss 1460,nop,wscale 8,nop,nop,sackOK,nop,nop,TS val 3394153729 ecr 0], length 0
WAN 02:09:00.439779 IP (tos 0x0, ttl 121, id 0, offset 0, flags [DF], proto TCP (6), length 60)
WAN     142.251.150.119.443 > 192.168.2.70.55301: Flags [S.], cksum 0x45c8 (correct), seq 383195468, ack 43598481, win 65535, options [mss 1412,sackOK,TS val 1473444804 ecr 3394153729,nop,wscale 8], length 0
LAN 02:09:00.406812 IP (tos 0x0, ttl 128, id 6014, offset 0, flags [DF], proto TCP (6), length 52)
LAN     192.168.56.1.55301 > 142.251.150.119.443: Flags [S], cksum 0x320a (correct), seq 43598480, win 65535, options [mss 1460,nop,wscale 8,nop,nop,sackOK], length 0
LAN 02:09:00.440174 IP (tos 0x0, ttl 120, id 0, offset 0, flags [DF], proto TCP (6), length 60)
LAN     142.251.150.119.443 > 192.168.56.1.55301: Flags [S.], cksum 0xddf9 (correct), seq 383195468, ack 43598481, win 65535, options [mss 1412,sackOK,nop,nop,nop,nop,nop,nop,nop,nop,nop,nop,nop,wscale 8], length 0
WAN 02:09:00.580323 IP (tos 0x0, ttl 127, id 9678, offset 0, flags [DF], proto TCP (6), length 64)
WAN     192.168.2.70.38574 > 94.140.14.14.5443: Flags [S], cksum 0x1f1b (correct), seq 3524325890, win 65535, options [mss 1460,nop,wscale 8,nop,nop,sackOK,nop,nop,TS val 3394153729 ecr 0], length 0
WAN 02:09:00.580728 IP (tos 0x0, ttl 127, id 9679, offset 0, flags [DF], proto TCP (6), length 64)
WAN     192.168.2.70.38575 > 94.140.14.14.5443: Flags [S], cksum 0x6ed1 (correct), seq 4077748558, win 65535, options [mss 1460,nop,wscale 8,nop,nop,sackOK,nop,nop,TS val 3394153729 ecr 0], length 0
LAN 02:09:00.579850 IP (tos 0x0, ttl 128, id 9678, offset 0, flags [DF], proto TCP (6), length 52)
LAN     192.168.56.1.38574 > 94.140.14.14.5443: Flags [S], cksum 0x99c7 (correct), seq 3524325890, win 65535, options [mss 1460,nop,wscale 8,nop,nop,sackOK], length 0
LAN 02:09:00.579850 IP (tos 0x0, ttl 128, id 9679, offset 0, flags [DF], proto TCP (6), length 52)
LAN     192.168.56.1.38575 > 94.140.14.14.5443: Flags [S], cksum 0xe97d (correct), seq 4077748558, win 65535, options [mss 1460,nop,wscale 8,nop,nop,sackOK], length 0
EST TCP_QUEUE; 2026-10-08-02:08:59; 1791425339.523171; 1791425339.523168; 0; 0; 0; 0
EST TCP_QUEUE; 2026-10-08-02:08:59; 1791425339.575751; 1791425339.575748; 0; 0; 0; 0
EST TCP_QUEUE; 2026-10-08-02:08:59; 1791425339.626322; 1791425339.626319; 0; 0; 0; 0
EST TCP_QUEUE; 2026-10-08-02:08:59; 1791425339.680696; 1791425339.680693; 0; 0; 0; 0
WAN 02:09:00.611443 IP (tos 0x0, ttl 56, id 0, offset 0, flags [DF], proto TCP (6), length 60)
WAN     94.140.14.14.5443 > 192.168.2.70.38574: Flags [S.], cksum 0xc676 (correct), seq 2102447677, ack 3524325891, win 43440, options [mss 1460,sackOK,TS val 2328619658 ecr 3394153729,nop,wscale 12], length 0
WAN 02:09:00.614678 IP (tos 0x0, ttl 57, id 0, offset 0, flags [DF], proto TCP (6), length 60)
WAN     94.140.14.14.5443 > 192.168.2.70.38575: Flags [S.], cksum 0xb780 (correct), seq 706201396, ack 4077748559, win 43440, options [mss 1460,sackOK,TS val 1591267180 ecr 3394153729,nop,wscale 12], length 0
LAN 02:09:00.611850 IP (tos 0x0, ttl 55, id 0, offset 0, flags [DF], proto TCP (6), length 60)
LAN     94.140.14.14.5443 > 192.168.56.1.38574: Flags [S.], cksum 0x8067 (correct), seq 2102447677, ack 3524325891, win 43440, options [mss 1460,sackOK,nop,nop,nop,nop,nop,nop,nop,nop,nop,nop,nop,wscale 12], length 0
LAN 02:09:00.615058 IP (tos 0x0, ttl 56, id 0, offset 0, flags [DF], proto TCP (6), length 60)
LAN     94.140.14.14.5443 > 192.168.56.1.38575: Flags [S.], cksum 0x2a60 (correct), seq 706201396, ack 4077748559, win 43440, options [mss 1460,sackOK,nop,nop,nop,nop,nop,nop,nop,nop,nop,nop,nop,wscale 12], length 0
LAN 02:09:00.693417 IP (tos 0x0, ttl 128, id 9692, offset 0, flags [DF], proto TCP (6), length 52)
LAN     192.168.56.1.24513 > 94.140.14.14.5443: Flags [S], cksum 0x8aad (correct), seq 416739652, win 65535, options [mss 1460,nop,wscale 8,nop,nop,sackOK], length 0
WAN 02:09:00.695695 IP (tos 0x0, ttl 127, id 9692, offset 0, flags [DF], proto TCP (6), length 64)
WAN     192.168.2.70.24513 > 94.140.14.14.5443: Flags [S], cksum 0x1001 (correct), seq 416739652, win 65535, options [mss 1460,nop,wscale 8,nop,nop,sackOK,nop,nop,TS val 3394153729 ecr 0], length 0
WAN 02:09:00.728802 IP (tos 0x0, ttl 57, id 0, offset 0, flags [DF], proto TCP (6), length 60)
WAN     94.140.14.14.5443 > 192.168.2.70.24513: Flags [S.], cksum 0x5484 (correct), seq 1613888538, ack 416739653, win 43440, options [mss 1460,sackOK,TS val 803641226 ecr 3394153729,nop,wscale 12], length 0
LAN 02:09:00.729570 IP (tos 0x0, ttl 56, id 0, offset 0, flags [DF], proto TCP (6), length 60)
LAN     94.140.14.14.5443 > 192.168.56.1.24513: Flags [S.], cksum 0x608f (correct), seq 1613888538, ack 416739653, win 43440, options [mss 1460,sackOK,nop,nop,nop,nop,nop,nop,nop,nop,nop,nop,nop,wscale 12], length 0
WAN 02:09:00.834789 IP (tos 0x0, ttl 127, id 9700, offset 0, flags [DF], proto TCP (6), length 64)
WAN     192.168.2.70.44571 > 94.140.14.14.5443: Flags [S], cksum 0x8513 (correct), seq 3293217379, win 65535, options [mss 1460,nop,wscale 8,nop,nop,sackOK,nop,nop,TS val 3394153729 ecr 0], length 0
WAN 02:09:00.868049 IP (tos 0x0, ttl 57, id 0, offset 0, flags [DF], proto TCP (6), length 60)
WAN     94.140.14.14.5443 > 192.168.2.70.44571: Flags [S.], cksum 0x6cb8 (correct), seq 3536714844, ack 3293217380, win 43440, options [mss 1460,sackOK,TS val 1251763924 ecr 3394153729,nop,wscale 12], length 0
LAN 02:09:00.833137 IP (tos 0x0, ttl 128, id 9700, offset 0, flags [DF], proto TCP (6), length 52)
LAN     192.168.56.1.44571 > 94.140.14.14.5443: Flags [S], cksum 0xffbf (correct), seq 3293217379, win 65535, options [mss 1460,nop,wscale 8,nop,nop,sackOK], length 0
LAN 02:09:00.868503 IP (tos 0x0, ttl 56, id 0, offset 0, flags [DF], proto TCP (6), length 60)
LAN     94.140.14.14.5443 > 192.168.56.1.44571: Flags [S.], cksum 0x62c3 (correct), seq 3536714844, ack 3293217380, win 43440, options [mss 1460,sackOK,nop,nop,nop,nop,nop,nop,nop,nop,nop,nop,nop,wscale 12], length 0
WAN 02:09:00.946131 IP (tos 0x0, ttl 127, id 9708, offset 0, flags [DF], proto TCP (6), length 64)
WAN     192.168.2.70.4429 > 94.140.14.14.5443: Flags [S], cksum 0x8d48 (correct), seq 258329570, win 65535, options [mss 1460,nop,wscale 8,nop,nop,sackOK,nop,nop,TS val 3394153729 ecr 0], length 0
WAN 02:09:00.978613 IP (tos 0x0, ttl 56, id 0, offset 0, flags [DF], proto TCP (6), length 60)
WAN     94.140.14.14.5443 > 192.168.2.70.4429: Flags [S.], cksum 0x2f5f (correct), seq 1104648242, ack 258329571, win 43440, options [mss 1460,sackOK,TS val 3647673012 ecr 3394153729,nop,wscale 12], length 0
LAN 02:09:00.945872 IP (tos 0x0, ttl 128, id 9708, offset 0, flags [DF], proto TCP (6), length 52)
LAN     192.168.56.1.4429 > 94.140.14.14.5443: Flags [S], cksum 0x07f5 (correct), seq 258329570, win 65535, options [mss 1460,nop,wscale 8,nop,nop,sackOK], length 0
LAN 02:09:00.979073 IP (tos 0x0, ttl 55, id 0, offset 0, flags [DF], proto TCP (6), length 60)
LAN     94.140.14.14.5443 > 192.168.56.1.4429: Flags [S.], cksum 0x6019 (correct), seq 1104648242, ack 258329571, win 43440, options [mss 1460,sackOK,nop,nop,nop,nop,nop,nop,nop,nop,nop,nop,nop,wscale 12], length 0
WAN 02:09:01.053057 IP (tos 0x0, ttl 127, id 9716, offset 0, flags [DF], proto TCP (6), length 64)
WAN     192.168.2.70.37950 > 94.140.14.14.5443: Flags [S], cksum 0x1528 (correct), seq 3028753391, win 65535, options [mss 1460,nop,wscale 8,nop,nop,sackOK,nop,nop,TS val 3394153729 ecr 0], length 0
WAN 02:09:01.055705 IP (tos 0x0, ttl 127, id 9717, offset 0, flags [DF], proto TCP (6), length 64)
WAN     192.168.2.70.5455 > 94.140.14.14.5443: Flags [S], cksum 0x7911 (correct), seq 328062959, win 65535, options [mss 1460,nop,wscale 8,nop,nop,sackOK,nop,nop,TS val 3394153729 ecr 0], length 0
WAN 02:09:01.057552 IP (tos 0x0, ttl 127, id 9718, offset 0, flags [DF], proto TCP (6), length 64)
WAN     192.168.2.70.5456 > 94.140.14.14.5443: Flags [S], cksum 0xc957 (correct), seq 2664168553, win 65535, options [mss 1460,nop,wscale 8,nop,nop,sackOK,nop,nop,TS val 3394153729 ecr 0], length 0
WAN 02:09:01.086179 IP (tos 0x0, ttl 57, id 0, offset 0, flags [DF], proto TCP (6), length 60)
WAN     94.140.14.14.5443 > 192.168.2.70.37950: Flags [S.], cksum 0xf066 (correct), seq 1754879983, ack 3028753392, win 43440, options [mss 1460,sackOK,TS val 3818383584 ecr 3394153729,nop,wscale 12], length 0
WAN 02:09:01.088375 IP (tos 0x0, ttl 56, id 0, offset 0, flags [DF], proto TCP (6), length 60)
WAN     94.140.14.14.5443 > 192.168.2.70.5455: Flags [S.], cksum 0xdba9 (correct), seq 3014198195, ack 328062960, win 43440, options [mss 1460,sackOK,TS val 3124007958 ecr 3394153729,nop,wscale 12], length 0
WAN 02:09:01.090263 IP (tos 0x0, ttl 56, id 0, offset 0, flags [DF], proto TCP (6), length 60)
WAN     94.140.14.14.5443 > 192.168.2.70.5456: Flags [S.], cksum 0x18fb (correct), seq 569881010, ack 2664168554, win 43440, options [mss 1460,sackOK,TS val 1273035026 ecr 3394153729,nop,wscale 12], length 0
LAN 02:09:01.052725 IP (tos 0x0, ttl 128, id 9716, offset 0, flags [DF], proto TCP (6), length 52)
LAN     192.168.56.1.37950 > 94.140.14.14.5443: Flags [S], cksum 0x8fd4 (correct), seq 3028753391, win 65535, options [mss 1460,nop,wscale 8,nop,nop,sackOK], length 0
LAN 02:09:01.054777 IP (tos 0x0, ttl 128, id 9717, offset 0, flags [DF], proto TCP (6), length 52)
LAN     192.168.56.1.5455 > 94.140.14.14.5443: Flags [S], cksum 0xf3bd (correct), seq 328062959, win 65535, options [mss 1460,nop,wscale 8,nop,nop,sackOK], length 0
LAN 02:09:01.054777 IP (tos 0x0, ttl 128, id 9718, offset 0, flags [DF], proto TCP (6), length 52)
LAN     192.168.56.1.5456 > 94.140.14.14.5443: Flags [S], cksum 0x4404 (correct), seq 2664168553, win 65535, options [mss 1460,nop,wscale 8,nop,nop,sackOK], length 0
LAN 02:09:01.086432 IP (tos 0x0, ttl 56, id 0, offset 0, flags [DF], proto TCP (6), length 60)
LAN     94.140.14.14.5443 > 192.168.56.1.37950: Flags [S.], cksum 0x017a (correct), seq 1754879983, ack 3028753392, win 43440, options [mss 1460,sackOK,nop,nop,nop,nop,nop,nop,nop,nop,nop,nop,nop,wscale 12], length 0
LAN 02:09:01.088882 IP (tos 0x0, ttl 55, id 0, offset 0, flags [DF], proto TCP (6), length 60)
LAN     94.140.14.14.5443 > 192.168.56.1.5455: Flags [S.], cksum 0x6e8f (correct), seq 3014198195, ack 328062960, win 43440, options [mss 1460,sackOK,nop,nop,nop,nop,nop,nop,nop,nop,nop,nop,nop,wscale 12], length 0
LAN 02:09:01.090602 IP (tos 0x0, ttl 55, id 0, offset 0, flags [DF], proto TCP (6), length 60)
LAN     94.140.14.14.5443 > 192.168.56.1.5456: Flags [S.], cksum 0xa288 (correct), seq 569881010, ack 2664168554, win 43440, options [mss 1460,sackOK,nop,nop,nop,nop,nop,nop,nop,nop,nop,nop,nop,wscale 12], length 0
WAN 02:09:01.188152 IP (tos 0x0, ttl 127, id 9737, offset 0, flags [DF], proto TCP (6), length 64)
WAN     192.168.2.70.55980 > 94.140.14.14.5443: Flags [S], cksum 0x53d4 (correct), seq 1959122582, win 65535, options [mss 1460,nop,wscale 8,nop,nop,sackOK,nop,nop,TS val 3394153729 ecr 0], length 0
WAN 02:09:01.188425 IP (tos 0x0, ttl 127, id 9736, offset 0, flags [DF], proto TCP (6), length 64)
WAN     192.168.2.70.55981 > 94.140.14.14.5443: Flags [S], cksum 0xdb8f (correct), seq 3606244524, win 65535, options [mss 1460,nop,wscale 8,nop,nop,sackOK,nop,nop,TS val 3394153729 ecr 0], length 0
LAN 02:09:01.187849 IP (tos 0x0, ttl 128, id 9737, offset 0, flags [DF], proto TCP (6), length 52)
LAN     192.168.56.1.55980 > 94.140.14.14.5443: Flags [S], cksum 0xce80 (correct), seq 1959122582, win 65535, options [mss 1460,nop,wscale 8,nop,nop,sackOK], length 0
LAN 02:09:01.187849 IP (tos 0x0, ttl 128, id 9736, offset 0, flags [DF], proto TCP (6), length 52)
LAN     192.168.56.1.55981 > 94.140.14.14.5443: Flags [S], cksum 0x563c (correct), seq 3606244524, win 65535, options [mss 1460,nop,wscale 8,nop,nop,sackOK], length 0
LAN 02:09:01.198779 IP (tos 0x0, ttl 128, id 9738, offset 0, flags [DF], proto TCP (6), length 52)
LAN     192.168.56.1.36536 > 94.140.14.14.5443: Flags [S], cksum 0x1f9d (correct), seq 1907741822, win 65535, options [mss 1460,nop,wscale 8,nop,nop,sackOK], length 0
WAN 02:09:01.199574 IP (tos 0x0, ttl 127, id 9738, offset 0, flags [DF], proto TCP (6), length 64)
WAN     192.168.2.70.36536 > 94.140.14.14.5443: Flags [S], cksum 0xa4f0 (correct), seq 1907741822, win 65535, options [mss 1460,nop,wscale 8,nop,nop,sackOK,nop,nop,TS val 3394153729 ecr 0], length 0
WAN 02:09:01.200056 IP (tos 0x0, ttl 127, id 9739, offset 0, flags [DF], proto TCP (6), length 64)
WAN     192.168.2.70.36537 > 94.140.14.14.5443: Flags [S], cksum 0x2488 (correct), seq 2297970083, win 65535, options [mss 1460,nop,wscale 8,nop,nop,sackOK,nop,nop,TS val 3394153729 ecr 0], length 0
WAN 02:09:01.220052 IP (tos 0x0, ttl 57, id 0, offset 0, flags [DF], proto TCP (6), length 60)
WAN     94.140.14.14.5443 > 192.168.2.70.55981: Flags [S.], cksum 0x5967 (correct), seq 2589294243, ack 3606244525, win 43440, options [mss 1460,sackOK,TS val 3865045775 ecr 3394153729,nop,wscale 12], length 0
WAN 02:09:01.220818 IP (tos 0x0, ttl 57, id 0, offset 0, flags [DF], proto TCP (6), length 60)
WAN     94.140.14.14.5443 > 192.168.2.70.55980: Flags [S.], cksum 0xfbf6 (correct), seq 3751078263, ack 1959122583, win 43440, options [mss 1460,sackOK,TS val 4108583468 ecr 3394153729,nop,wscale 12], length 0
WAN 02:09:01.231963 IP (tos 0x0, ttl 57, id 0, offset 0, flags [DF], proto TCP (6), length 60)
WAN     94.140.14.14.5443 > 192.168.2.70.36537: Flags [S.], cksum 0x4ed7 (correct), seq 2019298111, ack 2297970084, win 43440, options [mss 1460,sackOK,TS val 1787645896 ecr 3394153729,nop,wscale 12], length 0
WAN 02:09:01.231963 IP (tos 0x0, ttl 56, id 0, offset 0, flags [DF], proto TCP (6), length 60)
WAN     94.140.14.14.5443 > 192.168.2.70.36536: Flags [S.], cksum 0x5236 (correct), seq 3872620876, ack 1907741823, win 43440, options [mss 1460,sackOK,TS val 4271592510 ecr 3394153729,nop,wscale 12], length 0
LAN 02:09:01.198779 IP (tos 0x0, ttl 128, id 9739, offset 0, flags [DF], proto TCP (6), length 52)
LAN     192.168.56.1.36537 > 94.140.14.14.5443: Flags [S], cksum 0x9f34 (correct), seq 2297970083, win 65535, options [mss 1460,nop,wscale 8,nop,nop,sackOK], length 0
LAN 02:09:01.220331 IP (tos 0x0, ttl 56, id 0, offset 0, flags [DF], proto TCP (6), length 60)
LAN     94.140.14.14.5443 > 192.168.56.1.55981: Flags [S.], cksum 0x6f71 (correct), seq 2589294243, ack 3606244525, win 43440, options [mss 1460,sackOK,nop,nop,nop,nop,nop,nop,nop,nop,nop,nop,nop,wscale 12], length 0
LAN 02:09:01.222165 IP (tos 0x0, ttl 56, id 0, offset 0, flags [DF], proto TCP (6), length 60)
LAN     94.140.14.14.5443 > 192.168.56.1.55980: Flags [S.], cksum 0x37a2 (correct), seq 3751078263, ack 1959122583, win 43440, options [mss 1460,sackOK,nop,nop,nop,nop,nop,nop,nop,nop,nop,nop,nop,wscale 12], length 0
LAN 02:09:01.233936 IP (tos 0x0, ttl 56, id 0, offset 0, flags [DF], proto TCP (6), length 60)
LAN     94.140.14.14.5443 > 192.168.56.1.36537: Flags [S.], cksum 0x4dc7 (correct), seq 2019298111, ack 2297970084, win 43440, options [mss 1460,sackOK,nop,nop,nop,nop,nop,nop,nop,nop,nop,nop,nop,wscale 12], length 0
LAN 02:09:01.234330 IP (tos 0x0, ttl 55, id 0, offset 0, flags [DF], proto TCP (6), length 60)
LAN     94.140.14.14.5443 > 192.168.56.1.36536: Flags [S.], cksum 0xe9aa (correct), seq 3872620876, ack 1907741823, win 43440, options [mss 1460,sackOK,nop,nop,nop,nop,nop,nop,nop,nop,nop,nop,nop,wscale 12], length 0
WAN 02:09:01.310500 IP (tos 0x0, ttl 127, id 9756, offset 0, flags [DF], proto TCP (6), length 64)
WAN     192.168.2.70.24872 > 94.140.14.14.5443: Flags [S], cksum 0xf171 (correct), seq 3996858631, win 65535, options [mss 1460,nop,wscale 8,nop,nop,sackOK,nop,nop,TS val 3394153729 ecr 0], length 0
WAN 02:09:01.342911 IP (tos 0x0, ttl 57, id 0, offset 0, flags [DF], proto TCP (6), length 60)
WAN     94.140.14.14.5443 > 192.168.2.70.24872: Flags [S.], cksum 0xbcaa (correct), seq 674524530, ack 3996858632, win 43440, options [mss 1460,sackOK,TS val 2101971479 ecr 3394153729,nop,wscale 12], length 0
LAN 02:09:01.310021 IP (tos 0x0, ttl 128, id 9756, offset 0, flags [DF], proto TCP (6), length 52)
LAN     192.168.56.1.24872 > 94.140.14.14.5443: Flags [S], cksum 0x6c1e (correct), seq 3996858631, win 65535, options [mss 1460,nop,wscale 8,nop,nop,sackOK], length 0
LAN 02:09:01.343094 IP (tos 0x0, ttl 56, id 0, offset 0, flags [DF], proto TCP (6), length 60)
LAN     94.140.14.14.5443 > 192.168.56.1.24872: Flags [S.], cksum 0x08a6 (correct), seq 674524530, ack 3996858632, win 43440, options [mss 1460,sackOK,nop,nop,nop,nop,nop,nop,nop,nop,nop,nop,nop,wscale 12], length 0
EST TCP_QUEUE; 2026-10-08-02:08:59; 1791425339.725446; 1791425339.725441; 0; 0; 0; 0
EST TCP_QUEUE; 2026-10-08-02:08:59; 1791425339.774000; 1791425339.773995; 0; 0; 0; 0
EST TCP_QUEUE; 2026-10-08-02:08:59; 1791425339.831565; 1791425339.831562; 0; 0; 0; 0
EST TCP_QUEUE; 2026-10-08-02:08:59; 1791425339.888464; 1791425339.888440; 0; 0; 0; 0
EST TCP_QUEUE; 2026-10-08-02:08:59; 1791425339.938494; 1791425339.938492; 0; 0; 0; 0
EST TCP_QUEUE; 2026-10-08-02:08:59; 1791425339.997168; 1791425339.997165; 0; 0; 0; 0
EST TCP_QUEUE; 2026-10-08-02:09:00; 1791425340.044095; 1791425340.044089; 0; 0; 0; 0
EST TCP_QUEUE; 2026-10-08-02:09:00; 1791425340.086866; 1791425340.086863; 0; 0; 0; 0
EST TCP_QUEUE; 2026-10-08-02:09:00; 1791425340.147541; 1791425340.147536; 0; 0; 0; 0
EST TCP_QUEUE; 2026-10-08-02:09:00; 1791425340.209005; 1791425340.208999; 0; 0; 0; 0
EST TCP_QUEUE; 2026-10-08-02:09:00; 1791425340.260401; 1791425340.260398; 0; 0; 0; 0
EST TCP_QUEUE; 2026-10-08-02:09:00; 1791425340.313401; 1791425340.313398; 0; 0; 0; 0
EST TCP_QUEUE; 2026-10-08-02:09:00; 1791425340.359024; 1791425340.359021; 1; 251; 0; 0
EST TCP_QUEUE; 2026-10-08-02:09:00; 1791425340.399516; 1791425340.399512; 1; 251; 0; 0
EST TCP_QUEUE; 2026-10-08-02:09:00; 1791425340.464063; 1791425340.464060; 1; 251; 0; 0
EST TCP_QUEUE; 2026-10-08-02:09:00; 1791425340.517388; 1791425340.517383; 0; 0; 0; 0
EST TCP_QUEUE; 2026-10-08-02:09:00; 1791425340.568849; 1791425340.568846; 0; 0; 0; 0
EST TCP_QUEUE; 2026-10-08-02:09:00; 1791425340.619784; 1791425340.619779; 0; 0; 0; 0
EST TCP_QUEUE; 2026-10-08-02:09:00; 1791425340.668578; 1791425340.668574; 0; 0; 0; 0
EST TCP_QUEUE; 2026-10-08-02:09:00; 1791425340.711058; 1791425340.711054; 0; 0; 0; 0
EST TCP_QUEUE; 2026-10-08-02:09:00; 1791425340.773160; 1791425340.773157; 0; 0; 0; 0
EST TCP_QUEUE; 2026-10-08-02:09:00; 1791425340.830856; 1791425340.830852; 0; 0; 0; 0
EST TCP_QUEUE; 2026-10-08-02:09:00; 1791425340.880583; 1791425340.880578; 0; 0; 0; 0
EST TCP_QUEUE; 2026-10-08-02:09:00; 1791425340.932507; 1791425340.932502; 0; 0; 0; 0
EST TCP_QUEUE; 2026-10-08-02:09:00; 1791425340.978143; 1791425340.978140; 0; 0; 0; 0
EST TCP_QUEUE; 2026-10-08-02:09:01; 1791425341.019219; 1791425341.019215; 0; 0; 0; 0
EST TCP_QUEUE; 2026-10-08-02:09:01; 1791425341.077691; 1791425341.077687; 0; 0; 0; 0
EST TCP_QUEUE; 2026-10-08-02:09:01; 1791425341.133570; 1791425341.133567; 0; 0; 0; 0
EST TCP_QUEUE; 2026-10-08-02:09:01; 1791425341.187010; 1791425341.187005; 0; 0; 0; 0
EST TCP_QUEUE; 2026-10-08-02:09:01; 1791425341.240883; 1791425341.240880; 0; 0; 0; 0
EST TCP_QUEUE; 2026-10-08-02:09:01; 1791425341.288871; 1791425341.288868; 0; 0; 0; 0
EST TCP_QUEUE; 2026-10-08-02:09:01; 1791425341.331992; 1791425341.331988; 0; 0; 0; 0
EST TCP_QUEUE; 2026-10-08-02:09:01; 1791425341.390082; 1791425341.390079; 0; 0; 0; 0
EST TCP_QUEUE; 2026-10-08-02:09:01; 1791425341.443134; 1791425341.443131; 1; 420; 0; 0
EST TCP_QUEUE; 2026-10-08-02:09:01; 1791425341.493267; 1791425341.493263; 1; 420; 0; 0
EST TCP_QUEUE; 2026-10-08-02:09:01; 1791425341.562995; 1791425341.562992; 1; 420; 0; 0
EST TCP_QUEUE; 2026-10-08-02:09:01; 1791425341.609119; 1791425341.609115; 0; 0; 0; 0
EST TCP_QUEUE; 2026-10-08-02:09:01; 1791425341.650145; 1791425341.650143; 0; 0; 0; 0
WAN 02:09:02.931363 IP (tos 0x0, ttl 127, id 9772, offset 0, flags [DF], proto TCP (6), length 64)
WAN     192.168.2.70.13732 > 94.140.14.14.5443: Flags [S], cksum 0xfc1a (correct), seq 998509722, win 65535, options [mss 1460,nop,wscale 8,nop,nop,sackOK,nop,nop,TS val 3394153729 ecr 0], length 0
WAN 02:09:02.946777 IP (tos 0x0, ttl 127, id 9773, offset 0, flags [DF], proto TCP (6), length 64)
WAN     192.168.2.70.16943 > 94.140.14.14.5443: Flags [S], cksum 0x4664 (correct), seq 2100327449, win 65535, options [mss 1460,nop,wscale 8,nop,nop,sackOK,nop,nop,TS val 3394153729 ecr 0], length 0
WAN 02:09:02.947083 IP (tos 0x0, ttl 127, id 9774, offset 0, flags [DF], proto TCP (6), length 64)
WAN     192.168.2.70.16944 > 94.140.14.14.5443: Flags [S], cksum 0xb171 (correct), seq 3891437128, win 65535, options [mss 1460,nop,wscale 8,nop,nop,sackOK,nop,nop,TS val 3394153729 ecr 0], length 0
WAN 02:09:02.964268 IP (tos 0x0, ttl 57, id 0, offset 0, flags [DF], proto TCP (6), length 60)
WAN     94.140.14.14.5443 > 192.168.2.70.13732: Flags [S.], cksum 0x8bc7 (correct), seq 1908779658, ack 998509723, win 43440, options [mss 1460,sackOK,TS val 2934377820 ecr 3394153729,nop,wscale 12], length 0
WAN 02:09:02.977929 IP (tos 0x0, ttl 57, id 0, offset 0, flags [DF], proto TCP (6), length 60)
WAN     94.140.14.14.5443 > 192.168.2.70.16943: Flags [S.], cksum 0x8534 (correct), seq 308930875, ack 2100327450, win 43440, options [mss 1460,sackOK,TS val 533007878 ecr 3394153729,nop,wscale 12], length 0
WAN 02:09:02.979748 IP (tos 0x0, ttl 56, id 0, offset 0, flags [DF], proto TCP (6), length 60)
WAN     94.140.14.14.5443 > 192.168.2.70.16944: Flags [S.], cksum 0xb290 (correct), seq 3094823464, ack 3891437129, win 43440, options [mss 1460,sackOK,TS val 3845162832 ecr 3394153729,nop,wscale 12], length 0
LAN 02:09:02.930970 IP (tos 0x0, ttl 128, id 9772, offset 0, flags [DF], proto TCP (6), length 52)
LAN     192.168.56.1.13732 > 94.140.14.14.5443: Flags [S], cksum 0x76c7 (correct), seq 998509722, win 65535, options [mss 1460,nop,wscale 8,nop,nop,sackOK], length 0
LAN 02:09:02.945686 IP (tos 0x0, ttl 128, id 9773, offset 0, flags [DF], proto TCP (6), length 52)
LAN     192.168.56.1.16943 > 94.140.14.14.5443: Flags [S], cksum 0xc110 (correct), seq 2100327449, win 65535, options [mss 1460,nop,wscale 8,nop,nop,sackOK], length 0
LAN 02:09:02.945686 IP (tos 0x0, ttl 128, id 9774, offset 0, flags [DF], proto TCP (6), length 52)
LAN     192.168.56.1.16944 > 94.140.14.14.5443: Flags [S], cksum 0x2c1e (correct), seq 3891437128, win 65535, options [mss 1460,nop,wscale 8,nop,nop,sackOK], length 0
LAN 02:09:02.964611 IP (tos 0x0, ttl 56, id 0, offset 0, flags [DF], proto TCP (6), length 60)
LAN     94.140.14.14.5443 > 192.168.56.1.13732: Flags [S.], cksum 0x8ca5 (correct), seq 1908779658, ack 998509723, win 43440, options [mss 1460,sackOK,nop,nop,nop,nop,nop,nop,nop,nop,nop,nop,nop,wscale 12], length 0
LAN 02:09:02.978221 IP (tos 0x0, ttl 56, id 0, offset 0, flags [DF], proto TCP (6), length 60)
LAN     94.140.14.14.5443 > 192.168.56.1.16943: Flags [S.], cksum 0xf799 (correct), seq 308930875, ack 2100327450, win 43440, options [mss 1460,sackOK,nop,nop,nop,nop,nop,nop,nop,nop,nop,nop,nop,wscale 12], length 0
LAN 02:09:02.980108 IP (tos 0x0, ttl 55, id 0, offset 0, flags [DF], proto TCP (6), length 60)
LAN     94.140.14.14.5443 > 192.168.56.1.16944: Flags [S.], cksum 0x63ac (correct), seq 3094823464, ack 3891437129, win 43440, options [mss 1460,sackOK,nop,nop,nop,nop,nop,nop,nop,nop,nop,nop,nop,wscale 12], length 0
WAN 02:09:03.076384 IP (tos 0x0, ttl 127, id 32047, offset 0, flags [DF], proto TCP (6), length 64)
WAN     192.168.2.70.18696 > 104.26.3.244.443: Flags [S], cksum 0xfcb0 (correct), seq 820844363, win 65535, options [mss 1460,nop,wscale 8,nop,nop,sackOK,nop,nop,TS val 3394153729 ecr 0], length 0
LAN 02:09:03.075211 IP (tos 0x0, ttl 128, id 32047, offset 0, flags [DF], proto TCP (6), length 52)
LAN     192.168.56.1.18696 > 104.26.3.244.443: Flags [S], cksum 0x775d (correct), seq 820844363, win 65535, options [mss 1460,nop,wscale 8,nop,nop,sackOK], length 0
WAN 02:09:03.105722 IP (tos 0x0, ttl 56, id 0, offset 0, flags [DF], proto TCP (6), length 60)
WAN     104.26.3.244.443 > 192.168.2.70.18696: Flags [S.], cksum 0xa04e (correct), seq 74171680, ack 820844364, win 65535, options [mss 1400,sackOK,TS val 3742746092 ecr 3394153729,nop,wscale 13], length 0
WAN 02:09:03.190606 IP (tos 0x0, ttl 127, id 9790, offset 0, flags [DF], proto TCP (6), length 64)
WAN     192.168.2.70.65339 > 94.140.14.14.5443: Flags [S], cksum 0xa6af (correct), seq 3525509582, win 65535, options [mss 1460,nop,wscale 8,nop,nop,sackOK,nop,nop,TS val 3394153729 ecr 0], length 0
WAN 02:09:03.190861 IP (tos 0x0, ttl 127, id 9791, offset 0, flags [DF], proto TCP (6), length 64)
WAN     192.168.2.70.65340 > 94.140.14.14.5443: Flags [S], cksum 0xdef5 (correct), seq 138777445, win 65535, options [mss 1460,nop,wscale 8,nop,nop,sackOK,nop,nop,TS val 3394153729 ecr 0], length 0
LAN 02:09:03.105998 IP (tos 0x0, ttl 55, id 0, offset 0, flags [DF], proto TCP (6), length 60)
LAN     104.26.3.244.443 > 192.168.56.1.18696: Flags [S.], cksum 0x89eb (correct), seq 74171680, ack 820844364, win 65535, options [mss 1400,sackOK,nop,nop,nop,nop,nop,nop,nop,nop,nop,nop,nop,wscale 13], length 0
LAN 02:09:03.190073 IP (tos 0x0, ttl 128, id 9790, offset 0, flags [DF], proto TCP (6), length 52)
LAN     192.168.56.1.65339 > 94.140.14.14.5443: Flags [S], cksum 0x215c (correct), seq 3525509582, win 65535, options [mss 1460,nop,wscale 8,nop,nop,sackOK], length 0
LAN 02:09:03.190073 IP (tos 0x0, ttl 128, id 9791, offset 0, flags [DF], proto TCP (6), length 52)
LAN     192.168.56.1.65340 > 94.140.14.14.5443: Flags [S], cksum 0x59a2 (correct), seq 138777445, win 65535, options [mss 1460,nop,wscale 8,nop,nop,sackOK], length 0
WAN 02:09:03.221964 IP (tos 0x0, ttl 56, id 0, offset 0, flags [DF], proto TCP (6), length 60)
WAN     94.140.14.14.5443 > 192.168.2.70.65340: Flags [S.], cksum 0x803d (correct), seq 2174807593, ack 138777446, win 43440, options [mss 1460,sackOK,TS val 66147133 ecr 3394153729,nop,wscale 12], length 0
WAN 02:09:03.222742 IP (tos 0x0, ttl 57, id 0, offset 0, flags [DF], proto TCP (6), length 60)
WAN     94.140.14.14.5443 > 192.168.2.70.65339: Flags [S.], cksum 0xa606 (correct), seq 743230072, ack 3525509583, win 43440, options [mss 1460,sackOK,TS val 3787165800 ecr 3394153729,nop,wscale 12], length 0
LAN 02:09:03.222279 IP (tos 0x0, ttl 55, id 0, offset 0, flags [DF], proto TCP (6), length 60)
LAN     94.140.14.14.5443 > 192.168.56.1.65340: Flags [S.], cksum 0x1c06 (correct), seq 2174807593, ack 138777446, win 43440, options [mss 1460,sackOK,nop,nop,nop,nop,nop,nop,nop,nop,nop,nop,nop,wscale 12], length 0
LAN 02:09:03.223091 IP (tos 0x0, ttl 56, id 0, offset 0, flags [DF], proto TCP (6), length 60)
LAN     94.140.14.14.5443 > 192.168.56.1.65339: Flags [S.], cksum 0x5cc5 (correct), seq 743230072, ack 3525509583, win 43440, options [mss 1460,sackOK,nop,nop,nop,nop,nop,nop,nop,nop,nop,nop,nop,wscale 12], length 0
WAN 02:09:03.308005 IP (tos 0x0, ttl 127, id 9802, offset 0, flags [DF], proto TCP (6), length 64)
WAN     192.168.2.70.55115 > 94.140.14.14.5443: Flags [S], cksum 0xba83 (correct), seq 717733190, win 65535, options [mss 1460,nop,wscale 8,nop,nop,sackOK,nop,nop,TS val 3394153729 ecr 0], length 0
WAN 02:09:03.308405 IP (tos 0x0, ttl 127, id 9803, offset 0, flags [DF], proto TCP (6), length 64)
WAN     192.168.2.70.55116 > 94.140.14.14.5443: Flags [S], cksum 0x90e3 (correct), seq 2487319915, win 65535, options [mss 1460,nop,wscale 8,nop,nop,sackOK,nop,nop,TS val 3394153729 ecr 0], length 0
WAN 02:09:03.340159 IP (tos 0x0, ttl 57, id 0, offset 0, flags [DF], proto TCP (6), length 60)
WAN     94.140.14.14.5443 > 192.168.2.70.55115: Flags [S.], cksum 0x29d9 (correct), seq 869372156, ack 717733191, win 43440, options [mss 1460,sackOK,TS val 2696909661 ecr 3394153729,nop,wscale 12], length 0
WAN 02:09:03.340857 IP (tos 0x0, ttl 57, id 0, offset 0, flags [DF], proto TCP (6), length 60)
WAN     94.140.14.14.5443 > 192.168.2.70.55116: Flags [S.], cksum 0x3f63 (correct), seq 333211377, ack 2487319916, win 43440, options [mss 1460,sackOK,TS val 3990769940 ecr 3394153729,nop,wscale 12], length 0
LAN 02:09:03.305574 IP (tos 0x0, ttl 128, id 9802, offset 0, flags [DF], proto TCP (6), length 52)
LAN     192.168.56.1.55115 > 94.140.14.14.5443: Flags [S], cksum 0x3530 (correct), seq 717733190, win 65535, options [mss 1460,nop,wscale 8,nop,nop,sackOK], length 0
LAN 02:09:03.305574 IP (tos 0x0, ttl 128, id 9803, offset 0, flags [DF], proto TCP (6), length 52)
LAN     192.168.56.1.55116 > 94.140.14.14.5443: Flags [S], cksum 0x0b90 (correct), seq 2487319915, win 65535, options [mss 1460,nop,wscale 8,nop,nop,sackOK], length 0
LAN 02:09:03.340467 IP (tos 0x0, ttl 56, id 0, offset 0, flags [DF], proto TCP (6), length 60)
LAN     94.140.14.14.5443 > 192.168.56.1.55115: Flags [S.], cksum 0xa290 (correct), seq 869372156, ack 717733191, win 43440, options [mss 1460,sackOK,nop,nop,nop,nop,nop,nop,nop,nop,nop,nop,nop,wscale 12], length 0
LAN 02:09:03.341134 IP (tos 0x0, ttl 56, id 0, offset 0, flags [DF], proto TCP (6), length 60)
LAN     94.140.14.14.5443 > 192.168.56.1.55116: Flags [S.], cksum 0xc2f0 (correct), seq 333211377, ack 2487319916, win 43440, options [mss 1460,sackOK,nop,nop,nop,nop,nop,nop,nop,nop,nop,nop,nop,wscale 12], length 0
EST TCP_QUEUE; 2026-10-08-02:09:01; 1791425341.711968; 1791425341.711966; 0; 0; 0; 0
EST TCP_QUEUE; 2026-10-08-02:09:01; 1791425341.768180; 1791425341.768178; 0; 0; 0; 0
EST TCP_QUEUE; 2026-10-08-02:09:01; 1791425341.826259; 1791425341.826255; 0; 0; 0; 0
EST TCP_QUEUE; 2026-10-08-02:09:01; 1791425341.899073; 1791425341.899067; 0; 0; 0; 0
EST TCP_QUEUE; 2026-10-08-02:09:01; 1791425341.927895; 1791425341.927891; 0; 0; 0; 0
EST TCP_QUEUE; 2026-10-08-02:09:01; 1791425341.970941; 1791425341.970938; 0; 0; 0; 0
EST TCP_QUEUE; 2026-10-08-02:09:02; 1791425342.028771; 1791425342.028768; 0; 0; 0; 0
EST TCP_QUEUE; 2026-10-08-02:09:02; 1791425342.083248; 1791425342.083244; 0; 0; 0; 0
EST TCP_QUEUE; 2026-10-08-02:09:02; 1791425342.134650; 1791425342.134647; 0; 0; 0; 0
EST TCP_QUEUE; 2026-10-08-02:09:02; 1791425342.185531; 1791425342.185527; 0; 0; 0; 0
EST TCP_QUEUE; 2026-10-08-02:09:02; 1791425342.240729; 1791425342.240727; 0; 0; 0; 0
EST TCP_QUEUE; 2026-10-08-02:09:02; 1791425342.283114; 1791425342.283112; 0; 0; 0; 0
EST TCP_QUEUE; 2026-10-08-02:09:02; 1791425342.342617; 1791425342.342614; 0; 0; 0; 0
EST TCP_QUEUE; 2026-10-08-02:09:02; 1791425342.398332; 1791425342.398329; 0; 0; 0; 0
EST TCP_QUEUE; 2026-10-08-02:09:02; 1791425342.448671; 1791425342.448668; 1; 0; 0; 0
EST TCP_QUEUE; 2026-10-08-02:09:02; 1791425342.500292; 1791425342.500289; 1; 0; 0; 0
EST TCP_QUEUE; 2026-10-08-02:09:02; 1791425342.547373; 1791425342.547370; 1; 0; 0; 0
EST TCP_QUEUE; 2026-10-08-02:09:02; 1791425342.588994; 1791425342.588990; 0; 0; 0; 0
EST TCP_QUEUE; 2026-10-08-02:09:02; 1791425342.648816; 1791425342.648813; 0; 0; 0; 0
EST TCP_QUEUE; 2026-10-08-02:09:02; 1791425342.706964; 1791425342.706961; 0; 0; 0; 0
EST TCP_QUEUE; 2026-10-08-02:09:02; 1791425342.759161; 1791425342.759159; 0; 0; 0; 0
EST TCP_QUEUE; 2026-10-08-02:09:02; 1791425342.813708; 1791425342.813706; 0; 0; 0; 0
EST TCP_QUEUE; 2026-10-08-02:09:02; 1791425342.862643; 1791425342.862637; 0; 0; 0; 0
EST TCP_QUEUE; 2026-10-08-02:09:02; 1791425342.916820; 1791425342.916816; 0; 0; 0; 0
EST TCP_QUEUE; 2026-10-08-02:09:02; 1791425342.974379; 1791425342.974375; 0; 0; 0; 0
EST TCP_QUEUE; 2026-10-08-02:09:03; 1791425343.028631; 1791425343.028627; 0; 0; 0; 0
EST TCP_QUEUE; 2026-10-08-02:09:03; 1791425343.081100; 1791425343.081098; 0; 0; 0; 0
EST TCP_QUEUE; 2026-10-08-02:09:03; 1791425343.133533; 1791425343.133530; 0; 0; 0; 0
EST TCP_QUEUE; 2026-10-08-02:09:03; 1791425343.179497; 1791425343.179494; 0; 0; 0; 0
EST TCP_QUEUE; 2026-10-08-02:09:03; 1791425343.227376; 1791425343.227373; 0; 0; 0; 0
EST TCP_QUEUE; 2026-10-08-02:09:03; 1791425343.282133; 1791425343.282131; 0; 0; 0; 0
EST TCP_QUEUE; 2026-10-08-02:09:03; 1791425343.337914; 1791425343.337912; 0; 0; 0; 0
EST TCP_QUEUE; 2026-10-08-02:09:03; 1791425343.387768; 1791425343.387765; 1; 684; 0; 0
EST TCP_QUEUE; 2026-10-08-02:09:03; 1791425343.443385; 1791425343.443373; 1; 684; 0; 0
EST TCP_QUEUE; 2026-10-08-02:09:03; 1791425343.486561; 1791425343.486555; 1; 684; 0; 0
EST TCP_QUEUE; 2026-10-08-02:09:03; 1791425343.529322; 1791425343.529320; 1; 1686; 0; 0
EST TCP_QUEUE; 2026-10-08-02:09:03; 1791425343.591028; 1791425343.591025; 1; 1686; 0; 0
EST TCP_QUEUE; 2026-10-08-02:09:03; 1791425343.647315; 1791425343.647313; 1; 1686; 0; 0
EST TCP_QUEUE; 2026-10-08-02:09:03; 1791425343.697597; 1791425343.697595; 0; 0; 0; 0
EST TCP_QUEUE; 2026-10-08-02:09:03; 1791425343.749909; 1791425343.749906; 0; 0; 0; 0
EST TCP_QUEUE; 2026-10-08-02:09:03; 1791425343.802076; 1791425343.802074; 0; 0; 0; 0
EST TCP_QUEUE; 2026-10-08-02:09:03; 1791425343.846271; 1791425343.846265; 0; 0; 0; 0
EST TCP_QUEUE; 2026-10-08-02:09:03; 1791425343.904171; 1791425343.904166; 0; 0; 0; 0
EST TCP_QUEUE; 2026-10-08-02:09:03; 1791425343.959930; 1791425343.959927; 0; 0; 0; 0
EST TCP_QUEUE; 2026-10-08-02:09:04; 1791425344.013920; 1791425344.013703; 0; 0; 0; 0
EST TCP_QUEUE; 2026-10-08-02:09:04; 1791425344.066521; 1791425344.066516; 0; 0; 0; 0
EST TCP_QUEUE; 2026-10-08-02:09:04; 1791425344.114254; 1791425344.114248; 0; 0; 0; 0
EST TCP_QUEUE; 2026-10-08-02:09:04; 1791425344.160508; 1791425344.160496; 0; 0; 0; 0
WAN 02:09:05.593851 IP (tos 0x0, ttl 127, id 9814, offset 0, flags [DF], proto TCP (6), length 64)
WAN     192.168.2.70.64167 > 94.140.14.14.5443: Flags [S], cksum 0xadd9 (correct), seq 889822290, win 65535, options [mss 1460,nop,wscale 8,nop,nop,sackOK,nop,nop,TS val 3394153729 ecr 0], length 0
WAN 02:09:05.594107 IP (tos 0x0, ttl 127, id 9815, offset 0, flags [DF], proto TCP (6), length 64)
WAN     192.168.2.70.64168 > 94.140.14.14.5443: Flags [S], cksum 0x52c7 (correct), seq 2125508028, win 65535, options [mss 1460,nop,wscale 8,nop,nop,sackOK,nop,nop,TS val 3394153729 ecr 0], length 0
LAN 02:09:05.593326 IP (tos 0x0, ttl 128, id 9814, offset 0, flags [DF], proto TCP (6), length 52)
LAN     192.168.56.1.64167 > 94.140.14.14.5443: Flags [S], cksum 0x2886 (correct), seq 889822290, win 65535, options [mss 1460,nop,wscale 8,nop,nop,sackOK], length 0
LAN 02:09:05.593326 IP (tos 0x0, ttl 128, id 9815, offset 0, flags [DF], proto TCP (6), length 52)
LAN     192.168.56.1.64168 > 94.140.14.14.5443: Flags [S], cksum 0xcd73 (correct), seq 2125508028, win 65535, options [mss 1460,nop,wscale 8,nop,nop,sackOK], length 0
WAN 02:09:05.626063 IP (tos 0x0, ttl 57, id 0, offset 0, flags [DF], proto TCP (6), length 60)
EST TCP_QUEUE; 2026-10-08-02:09:04; 1791425344.218193; 1791425344.218189; 1; 2470; 0; 0
EST TCP_QUEUE; 2026-10-08-02:09:04; 1791425344.272211; 1791425344.272206; 1; 984; 0; 0
EST TCP_QUEUE; 2026-10-08-02:09:04; 1791425344.323949; 1791425344.323945; 1; 984; 0; 0
EST TCP_QUEUE; 2026-10-08-02:09:04; 1791425344.376947; 1791425344.376944; 0; 0; 0; 0
EST TCP_QUEUE; 2026-10-08-02:09:04; 1791425344.425273; 1791425344.425270; 0; 0; 0; 0
EST TCP_QUEUE; 2026-10-08-02:09:04; 1791425344.466939; 1791425344.466935; 1; 396; 0; 0
EST TCP_QUEUE; 2026-10-08-02:09:04; 1791425344.527308; 1791425344.527305; 1; 396; 0; 0
EST TCP_QUEUE; 2026-10-08-02:09:04; 1791425344.603794; 1791425344.603791; 1; 604; 0; 0
EST TCP_QUEUE; 2026-10-08-02:09:04; 1791425344.654706; 1791425344.654703; 1; 604; 0; 0
EST TCP_QUEUE; 2026-10-08-02:09:04; 1791425344.706760; 1791425344.706758; 0; 0; 0; 0
EST TCP_QUEUE; 2026-10-08-02:09:04; 1791425344.754978; 1791425344.754976; 0; 0; 0; 0
EST TCP_QUEUE; 2026-10-08-02:09:04; 1791425344.800743; 1791425344.800740; 0; 0; 0; 0
EST TCP_QUEUE; 2026-10-08-02:09:04; 1791425344.859809; 1791425344.859805; 0; 0; 0; 0
EST TCP_QUEUE; 2026-10-08-02:09:04; 1791425344.921316; 1791425344.921313; 0; 0; 0; 0
EST TCP_QUEUE; 2026-10-08-02:09:04; 1791425344.977872; 1791425344.977867; 0; 0; 0; 0
EST TCP_QUEUE; 2026-10-08-02:09:05; 1791425345.036567; 1791425345.036564; 0; 0; 0; 0
EST TCP_QUEUE; 2026-10-08-02:09:05; 1791425345.082604; 1791425345.082601; 0; 0; 0; 0
WAN     94.140.14.14.5443 > 192.168.2.70.64167: Flags [S.], cksum 0xff31 (correct), seq 3091263412, ack 889822291, win 43440, options [mss 1460,sackOK,TS val 1298276752 ecr 3394153729,nop,wscale 12], length 0
WAN 02:09:05.626063 IP (tos 0x0, ttl 57, id 0, offset 0, flags [DF], proto TCP (6), length 60)
WAN     94.140.14.14.5443 > 192.168.2.70.64168: Flags [S.], cksum 0x049f (correct), seq 3502674213, ack 2125508029, win 43440, options [mss 1460,sackOK,TS val 3621747868 ecr 3394153729,nop,wscale 12], length 0
EST TCP_QUEUE; 2026-10-08-02:09:05; 1791425345.171476; 1791425345.171472; 0; 0; 0; 0
LAN 02:09:05.626463 IP (tos 0x0, ttl 56, id 0, offset 0, flags [DF], proto TCP (6), length 60)
LAN     94.140.14.14.5443 > 192.168.56.1.64167: Flags [S.], cksum 0xb2be (correct), seq 3091263412, ack 889822291, win 43440, options [mss 1460,sackOK,nop,nop,nop,nop,nop,nop,nop,nop,nop,nop,nop,wscale 12], length 0
LAN 02:09:05.626764 IP (tos 0x0, ttl 56, id 0, offset 0, flags [DF], proto TCP (6), length 60)
LAN     94.140.14.14.5443 > 192.168.56.1.64168: Flags [S.], cksum 0x9db5 (correct), seq 3502674213, ack 2125508029, win 43440, options [mss 1460,sackOK,nop,nop,nop,nop,nop,nop,nop,nop,nop,nop,nop,wscale 12], length 0
WAN 02:09:05.710371 IP (tos 0x0, ttl 127, id 32129, offset 0, flags [DF], proto TCP (6), length 64)
WAN     192.168.2.70.61491 > 104.26.3.244.443: Flags [S], cksum 0xbaff (correct), seq 3413841730, win 65535, options [mss 1460,nop,wscale 8,nop,nop,sackOK,nop,nop,TS val 3394153729 ecr 0], length 0
WAN 02:09:05.740333 IP (tos 0x0, ttl 56, id 0, offset 0, flags [DF], proto TCP (6), length 60)
WAN     104.26.3.244.443 > 192.168.2.70.61491: Flags [S.], cksum 0x6d96 (correct), seq 700954523, ack 3413841731, win 65535, options [mss 1400,sackOK,TS val 3888354926 ecr 3394153729,nop,wscale 13], length 0
LAN 02:09:05.710159 IP (tos 0x0, ttl 128, id 32129, offset 0, flags [DF], proto TCP (6), length 52)
LAN     192.168.56.1.61491 > 104.26.3.244.443: Flags [S], cksum 0x35ac (correct), seq 3413841730, win 65535, options [mss 1460,nop,wscale 8,nop,nop,sackOK], length 0
LAN 02:09:05.740668 IP (tos 0x0, ttl 55, id 0, offset 0, flags [DF], proto TCP (6), length 60)
LAN     104.26.3.244.443 > 192.168.56.1.61491: Flags [S.], cksum 0x3063 (correct), seq 700954523, ack 3413841731, win 65535, options [mss 1400,sackOK,nop,nop,nop,nop,nop,nop,nop,nop,nop,nop,nop,wscale 13], length 0
WAN 02:09:05.839245 IP (tos 0x0, ttl 127, id 9826, offset 0, flags [DF], proto TCP (6), length 64)
WAN     192.168.2.70.18518 > 94.140.14.14.5443: Flags [S], cksum 0xd20a (correct), seq 532561854, win 65535, options [mss 1460,nop,wscale 8,nop,nop,sackOK,nop,nop,TS val 3394153729 ecr 0], length 0
WAN 02:09:05.839626 IP (tos 0x0, ttl 127, id 9827, offset 0, flags [DF], proto TCP (6), length 64)
WAN     192.168.2.70.18519 > 94.140.14.14.5443: Flags [S], cksum 0x2815 (correct), seq 2552525132, win 65535, options [mss 1460,nop,wscale 8,nop,nop,sackOK,nop,nop,TS val 3394153729 ecr 0], length 0
WAN 02:09:05.872108 IP (tos 0x0, ttl 57, id 0, offset 0, flags [DF], proto TCP (6), length 60)
WAN     94.140.14.14.5443 > 192.168.2.70.18519: Flags [S.], cksum 0x28ea (correct), seq 1423663815, ack 2552525133, win 43440, options [mss 1460,sackOK,TS val 2585007540 ecr 3394153729,nop,wscale 12], length 0
WAN 02:09:05.872108 IP (tos 0x0, ttl 56, id 0, offset 0, flags [DF], proto TCP (6), length 60)
WAN     94.140.14.14.5443 > 192.168.2.70.18518: Flags [S.], cksum 0x7ceb (correct), seq 1856033063, ack 532561855, win 43440, options [mss 1460,sackOK,TS val 4043213976 ecr 3394153729,nop,wscale 12], length 0
LAN 02:09:05.838369 IP (tos 0x0, ttl 128, id 9826, offset 0, flags [DF], proto TCP (6), length 52)
LAN     192.168.56.1.18518 > 94.140.14.14.5443: Flags [S], cksum 0x4cb7 (correct), seq 532561854, win 65535, options [mss 1460,nop,wscale 8,nop,nop,sackOK], length 0
LAN 02:09:05.838907 IP (tos 0x0, ttl 128, id 9827, offset 0, flags [DF], proto TCP (6), length 52)
LAN     192.168.56.1.18519 > 94.140.14.14.5443: Flags [S], cksum 0xa2c1 (correct), seq 2552525132, win 65535, options [mss 1460,nop,wscale 8,nop,nop,sackOK], length 0
LAN 02:09:05.872826 IP (tos 0x0, ttl 56, id 0, offset 0, flags [DF], proto TCP (6), length 60)
LAN     94.140.14.14.5443 > 192.168.56.1.18519: Flags [S.], cksum 0x1d4d (correct), seq 1423663815, ack 2552525133, win 43440, options [mss 1460,sackOK,nop,nop,nop,nop,nop,nop,nop,nop,nop,nop,nop,wscale 12], length 0
LAN 02:09:05.873314 IP (tos 0x0, ttl 55, id 0, offset 0, flags [DF], proto TCP (6), length 60)
LAN     94.140.14.14.5443 > 192.168.56.1.18518: Flags [S.], cksum 0x3f1d (correct), seq 1856033063, ack 532561855, win 43440, options [mss 1460,sackOK,nop,nop,nop,nop,nop,nop,nop,nop,nop,nop,nop,wscale 12], length 0
WAN 02:09:05.952520 IP (tos 0x0, ttl 127, id 4756, offset 0, flags [DF], proto TCP (6), length 64)
WAN     192.168.2.70.56873 > 172.67.69.205.443: Flags [S], cksum 0x5421 (correct), seq 395492881, win 65535, options [mss 1460,nop,wscale 8,nop,nop,sackOK,nop,nop,TS val 3394153729 ecr 0], length 0
WAN 02:09:05.983533 IP (tos 0x0, ttl 56, id 0, offset 0, flags [DF], proto TCP (6), length 60)
WAN     172.67.69.205.443 > 192.168.2.70.56873: Flags [S.], cksum 0xc7ff (correct), seq 4259748084, ack 395492882, win 65535, options [mss 1400,sackOK,TS val 2411886511 ecr 3394153729,nop,wscale 13], length 0
LAN 02:09:05.952212 IP (tos 0x0, ttl 128, id 4756, offset 0, flags [DF], proto TCP (6), length 52)
LAN     192.168.56.1.56873 > 172.67.69.205.443: Flags [S], cksum 0xcecd (correct), seq 395492881, win 65535, options [mss 1460,nop,wscale 8,nop,nop,sackOK], length 0
LAN 02:09:05.984014 IP (tos 0x0, ttl 55, id 0, offset 0, flags [DF], proto TCP (6), length 60)
LAN     172.67.69.205.443 > 192.168.56.1.56873: Flags [S.], cksum 0x140c (correct), seq 4259748084, ack 395492882, win 65535, options [mss 1400,sackOK,nop,nop,nop,nop,nop,nop,nop,nop,nop,nop,nop,wscale 13], length 0
EST TCP_QUEUE; 2026-10-08-02:09:05; 1791425345.234441; 1791425345.234438; 0; 0; 0; 0
EST TCP_QUEUE; 2026-10-08-02:09:05; 1791425345.298401; 1791425345.298399; 0; 0; 0; 0
EST TCP_QUEUE; 2026-10-08-02:09:05; 1791425345.350934; 1791425345.350931; 0; 0; 0; 0
EST TCP_QUEUE; 2026-10-08-02:09:05; 1791425345.402853; 1791425345.402850; 0; 0; 0; 0
EST TCP_QUEUE; 2026-10-08-02:09:05; 1791425345.455593; 1791425345.455590; 0; 0; 0; 0
EST TCP_QUEUE; 2026-10-08-02:09:05; 1791425345.516742; 1791425345.516738; 0; 0; 0; 0
EST TCP_QUEUE; 2026-10-08-02:09:05; 1791425345.587582; 1791425345.587579; 1; 670; 0; 0
EST TCP_QUEUE; 2026-10-08-02:09:05; 1791425345.639907; 1791425345.639904; 1; 670; 0; 0
EST TCP_QUEUE; 2026-10-08-02:09:05; 1791425345.692264; 1791425345.692261; 1; 670; 0; 0
EST TCP_QUEUE; 2026-10-08-02:09:05; 1791425345.747409; 1791425345.747406; 1; 670; 0; 0
EST TCP_QUEUE; 2026-10-08-02:09:05; 1791425345.794495; 1791425345.794493; 0; 0; 0; 0
EST TCP_QUEUE; 2026-10-08-02:09:05; 1791425345.836446; 1791425345.836443; 0; 0; 0; 0
EST TCP_QUEUE; 2026-10-08-02:09:05; 1791425345.894498; 1791425345.894494; 0; 0; 0; 0
EST TCP_QUEUE; 2026-10-08-02:09:05; 1791425345.950753; 1791425345.950750; 0; 0; 0; 0
EST TCP_QUEUE; 2026-10-08-02:09:06; 1791425346.001304; 1791425346.001301; 0; 0; 0; 0
EST TCP_QUEUE; 2026-10-08-02:09:06; 1791425346.057350; 1791425346.057335; 0; 0; 0; 0
EST TCP_QUEUE; 2026-10-08-02:09:06; 1791425346.098937; 1791425346.098934; 0; 0; 0; 0
EST TCP_QUEUE; 2026-10-08-02:09:06; 1791425346.152146; 1791425346.152143; 0; 0; 0; 0
EST TCP_QUEUE; 2026-10-08-02:09:06; 1791425346.211820; 1791425346.211817; 0; 0; 0; 0
EST TCP_QUEUE; 2026-10-08-02:09:06; 1791425346.268954; 1791425346.268948; 0; 0; 0; 0
EST TCP_QUEUE; 2026-10-08-02:09:06; 1791425346.317743; 1791425346.317740; 0; 0; 0; 0
EST TCP_QUEUE; 2026-10-08-02:09:06; 1791425346.369758; 1791425346.369755; 0; 0; 0; 0
EST TCP_QUEUE; 2026-10-08-02:09:06; 1791425346.425077; 1791425346.425074; 0; 0; 0; 0
EST TCP_QUEUE; 2026-10-08-02:09:06; 1791425346.469833; 1791425346.469821; 0; 0; 0; 0
EST TCP_QUEUE; 2026-10-08-02:09:06; 1791425346.525211; 1791425346.525206; 0; 0; 0; 0
EST TCP_QUEUE; 2026-10-08-02:09:06; 1791425346.617995; 1791425346.617990; 0; 0; 0; 0
EST TCP_QUEUE; 2026-10-08-02:09:06; 1791425346.677518; 1791425346.677515; 1; 894; 0; 0
LAN 02:09:07.026875 IP (tos 0x0, ttl 128, id 9838, offset 0, flags [DF], proto TCP (6), length 52)
LAN     192.168.56.1.9208 > 94.140.14.14.5443: Flags [S], cksum 0x11cf (correct), seq 3863599224, win 65535, options [mss 1460,nop,wscale 8,nop,nop,sackOK], length 0
LAN 02:09:07.026876 IP (tos 0x0, ttl 128, id 9839, offset 0, flags [DF], proto TCP (6), length 52)
LAN     192.168.56.1.9209 > 94.140.14.14.5443: Flags [S], cksum 0x8661 (correct), seq 207044056, win 65535, options [mss 1460,nop,wscale 8,nop,nop,sackOK], length 0
LAN 02:09:07.028036 IP (tos 0x0, ttl 128, id 9840, offset 0, flags [DF], proto TCP (6), length 52)
LAN     192.168.56.1.65469 > 94.140.14.14.5443: Flags [S], cksum 0xf871 (correct), seq 2884194416, win 65535, options [mss 1460,nop,wscale 8,nop,nop,sackOK], length 0
LAN 02:09:07.028036 IP (tos 0x0, ttl 128, id 9841, offset 0, flags [DF], proto TCP (6), length 52)
LAN     192.168.56.1.65470 > 94.140.14.14.5443: Flags [S], cksum 0xd421 (correct), seq 49225146, win 65535, options [mss 1460,nop,wscale 8,nop,nop,sackOK], length 0
LAN 02:09:07.030142 IP (tos 0x0, ttl 128, id 9842, offset 0, flags [DF], proto TCP (6), length 52)
LAN     192.168.56.1.14497 > 94.140.14.14.5443: Flags [S], cksum 0x7d6a (correct), seq 3962196563, win 65535, options [mss 1460,nop,wscale 8,nop,nop,sackOK], length 0
LAN 02:09:07.030757 IP (tos 0x0, ttl 128, id 9843, offset 0, flags [DF], proto TCP (6), length 52)
LAN     192.168.56.1.49109 > 94.140.14.14.5443: Flags [S], cksum 0x057f (correct), seq 1250354350, win 65535, options [mss 1460,nop,wscale 8,nop,nop,sackOK], length 0
LAN 02:09:07.031482 IP (tos 0x0, ttl 128, id 9844, offset 0, flags [DF], proto TCP (6), length 52)
LAN     192.168.56.1.9778 > 94.140.14.14.5443: Flags [S], cksum 0x57cd (correct), seq 1326720886, win 65535, options [mss 1460,nop,wscale 8,nop,nop,sackOK], length 0
LAN 02:09:07.031785 IP (tos 0x0, ttl 128, id 9845, offset 0, flags [DF], proto TCP (6), length 52)
LAN     192.168.56.1.9779 > 94.140.14.14.5443: Flags [S], cksum 0x4ae6 (correct), seq 1103184303, win 65535, options [mss 1460,nop,wscale 8,nop,nop,sackOK], length 0
LAN 02:09:07.059357 IP (tos 0x0, ttl 56, id 0, offset 0, flags [DF], proto TCP (6), length 60)
LAN     94.140.14.14.5443 > 192.168.56.1.9209: Flags [S.], cksum 0xcc66 (correct), seq 1268359311, ack 207044057, win 43440, options [mss 1460,sackOK,nop,nop,nop,nop,nop,nop,nop,nop,nop,nop,nop,wscale 12], length 0
LAN 02:09:07.060682 IP (tos 0x0, ttl 55, id 0, offset 0, flags [DF], proto TCP (6), length 60)
LAN     94.140.14.14.5443 > 192.168.56.1.9208: Flags [S.], cksum 0x61e5 (correct), seq 1922461569, ack 3863599225, win 43440, options [mss 1460,sackOK,nop,nop,nop,nop,nop,nop,nop,nop,nop,nop,nop,wscale 12], length 0
LAN 02:09:07.062144 IP (tos 0x0, ttl 55, id 0, offset 0, flags [DF], proto TCP (6), length 60)
LAN     94.140.14.14.5443 > 192.168.56.1.65470: Flags [S.], cksum 0xced6 (correct), seq 3026879246, ack 49225147, win 43440, options [mss 1460,sackOK,nop,nop,nop,nop,nop,nop,nop,nop,nop,nop,nop,wscale 12], length 0
LAN 02:09:07.062545 IP (tos 0x0, ttl 55, id 0, offset 0, flags [DF], proto TCP (6), length 60)
LAN     94.140.14.14.5443 > 192.168.56.1.65469: Flags [S.], cksum 0x9da9 (correct), seq 918771251, ack 2884194417, win 43440, options [mss 1460,sackOK,nop,nop,nop,nop,nop,nop,nop,nop,nop,nop,nop,wscale 12], length 0
LAN 02:09:07.063393 IP (tos 0x0, ttl 56, id 0, offset 0, flags [DF], proto TCP (6), length 60)
LAN     94.140.14.14.5443 > 192.168.56.1.49109: Flags [S.], cksum 0x4ccd (correct), seq 290707852, ack 1250354351, win 43440, options [mss 1460,sackOK,nop,nop,nop,nop,nop,nop,nop,nop,nop,nop,nop,wscale 12], length 0
LAN 02:09:07.063588 IP (tos 0x0, ttl 55, id 0, offset 0, flags [DF], proto TCP (6), length 60)
LAN     94.140.14.14.5443 > 192.168.56.1.14497: Flags [S.], cksum 0x17f2 (correct), seq 1906779647, ack 3962196564, win 43440, options [mss 1460,sackOK,nop,nop,nop,nop,nop,nop,nop,nop,nop,nop,nop,wscale 12], length 0
LAN 02:09:07.064875 IP (tos 0x0, ttl 56, id 0, offset 0, flags [DF], proto TCP (6), length 60)
LAN     94.140.14.14.5443 > 192.168.56.1.9779: Flags [S.], cksum 0x0fbb (correct), seq 2887500093, ack 1103184304, win 43440, options [mss 1460,sackOK,nop,nop,nop,nop,nop,nop,nop,nop,nop,nop,nop,wscale 12], length 0
LAN 02:09:07.065453 IP (tos 0x0, ttl 56, id 0, offset 0, flags [DF], proto TCP (6), length 60)
LAN     94.140.14.14.5443 > 192.168.56.1.9778: Flags [S.], cksum 0x93da (correct), seq 2591579048, ack 1326720887, win 43440, options [mss 1460,sackOK,nop,nop,nop,nop,nop,nop,nop,nop,nop,nop,nop,wscale 12], length 0
WAN 02:09:07.027209 IP (tos 0x0, ttl 127, id 9838, offset 0, flags [DF], proto TCP (6), length 64)
WAN     192.168.2.70.9208 > 94.140.14.14.5443: Flags [S], cksum 0x9722 (correct), seq 3863599224, win 65535, options [mss 1460,nop,wscale 8,nop,nop,sackOK,nop,nop,TS val 3394153729 ecr 0], length 0
WAN 02:09:07.027584 IP (tos 0x0, ttl 127, id 9839, offset 0, flags [DF], proto TCP (6), length 64)
WAN     192.168.2.70.9209 > 94.140.14.14.5443: Flags [S], cksum 0x0bb5 (correct), seq 207044056, win 65535, options [mss 1460,nop,wscale 8,nop,nop,sackOK,nop,nop,TS val 3394153729 ecr 0], length 0
WAN 02:09:07.028792 IP (tos 0x0, ttl 127, id 9840, offset 0, flags [DF], proto TCP (6), length 64)
WAN     192.168.2.70.65469 > 94.140.14.14.5443: Flags [S], cksum 0x7dc5 (correct), seq 2884194416, win 65535, options [mss 1460,nop,wscale 8,nop,nop,sackOK,nop,nop,TS val 3394153729 ecr 0], length 0
WAN 02:09:07.029299 IP (tos 0x0, ttl 127, id 9841, offset 0, flags [DF], proto TCP (6), length 64)
WAN     192.168.2.70.65470 > 94.140.14.14.5443: Flags [S], cksum 0x5975 (correct), seq 49225146, win 65535, options [mss 1460,nop,wscale 8,nop,nop,sackOK,nop,nop,TS val 3394153729 ecr 0], length 0
WAN 02:09:07.031206 IP (tos 0x0, ttl 127, id 9842, offset 0, flags [DF], proto TCP (6), length 64)
WAN     192.168.2.70.14497 > 94.140.14.14.5443: Flags [S], cksum 0x02be (correct), seq 3962196563, win 65535, options [mss 1460,nop,wscale 8,nop,nop,sackOK,nop,nop,TS val 3394153729 ecr 0], length 0
WAN 02:09:07.031666 IP (tos 0x0, ttl 127, id 9843, offset 0, flags [DF], proto TCP (6), length 64)
WAN     192.168.2.70.49109 > 94.140.14.14.5443: Flags [S], cksum 0x8ad2 (correct), seq 1250354350, win 65535, options [mss 1460,nop,wscale 8,nop,nop,sackOK,nop,nop,TS val 3394153729 ecr 0], length 0
WAN 02:09:07.031757 IP (tos 0x0, ttl 127, id 9844, offset 0, flags [DF], proto TCP (6), length 64)
WAN     192.168.2.70.9778 > 94.140.14.14.5443: Flags [S], cksum 0xdd20 (correct), seq 1326720886, win 65535, options [mss 1460,nop,wscale 8,nop,nop,sackOK,nop,nop,TS val 3394153729 ecr 0], length 0
WAN 02:09:07.031837 IP (tos 0x0, ttl 127, id 9845, offset 0, flags [DF], proto TCP (6), length 64)
WAN     192.168.2.70.9779 > 94.140.14.14.5443: Flags [S], cksum 0xd039 (correct), seq 1103184303, win 65535, options [mss 1460,nop,wscale 8,nop,nop,sackOK,nop,nop,TS val 3394153729 ecr 0], length 0
WAN 02:09:07.059051 IP (tos 0x0, ttl 57, id 0, offset 0, flags [DF], proto TCP (6), length 60)
WAN     94.140.14.14.5443 > 192.168.2.70.9209: Flags [S.], cksum 0x7cd4 (correct), seq 1268359311, ack 207044057, win 43440, options [mss 1460,sackOK,TS val 4232580783 ecr 3394153729,nop,wscale 12], length 0
WAN 02:09:07.059950 IP (tos 0x0, ttl 56, id 0, offset 0, flags [DF], proto TCP (6), length 60)
WAN     94.140.14.14.5443 > 192.168.2.70.9208: Flags [S.], cksum 0xda9a (correct), seq 1922461569, ack 3863599225, win 43440, options [mss 1460,sackOK,TS val 3879099257 ecr 3394153729,nop,wscale 12], length 0
WAN 02:09:07.061384 IP (tos 0x0, ttl 56, id 0, offset 0, flags [DF], proto TCP (6), length 60)
WAN     94.140.14.14.5443 > 192.168.2.70.65470: Flags [S.], cksum 0xbf87 (correct), seq 3026879246, ack 49225147, win 43440, options [mss 1460,sackOK,TS val 165396697 ecr 3394153729,nop,wscale 12], length 0
WAN 02:09:07.061384 IP (tos 0x0, ttl 56, id 0, offset 0, flags [DF], proto TCP (6), length 60)
WAN     94.140.14.14.5443 > 192.168.2.70.65469: Flags [S.], cksum 0xe233 (correct), seq 918771251, ack 2884194417, win 43440, options [mss 1460,sackOK,TS val 3229660762 ecr 3394153729,nop,wscale 12], length 0
WAN 02:09:07.063011 IP (tos 0x0, ttl 57, id 0, offset 0, flags [DF], proto TCP (6), length 60)
WAN     94.140.14.14.5443 > 192.168.2.70.49109: Flags [S.], cksum 0x4c4f (correct), seq 290707852, ack 1250354351, win 43440, options [mss 1460,sackOK,TS val 2642878044 ecr 3394153729,nop,wscale 12], length 0
WAN 02:09:07.063011 IP (tos 0x0, ttl 56, id 0, offset 0, flags [DF], proto TCP (6), length 60)
WAN     94.140.14.14.5443 > 192.168.2.70.14497: Flags [S.], cksum 0xa31c (correct), seq 1906779647, ack 3962196564, win 43440, options [mss 1460,sackOK,TS val 4218238157 ecr 3394153729,nop,wscale 12], length 0
WAN 02:09:07.064390 IP (tos 0x0, ttl 57, id 0, offset 0, flags [DF], proto TCP (6), length 60)
WAN     94.140.14.14.5443 > 192.168.2.70.9779: Flags [S.], cksum 0x8eb4 (correct), seq 2887500093, ack 1103184304, win 43440, options [mss 1460,sackOK,TS val 273886233 ecr 3394153729,nop,wscale 12], length 0
WAN 02:09:07.065111 IP (tos 0x0, ttl 57, id 0, offset 0, flags [DF], proto TCP (6), length 60)
WAN     94.140.14.14.5443 > 192.168.2.70.9778: Flags [S.], cksum 0x3e4e (correct), seq 2591579048, ack 1326720887, win 43440, options [mss 1460,sackOK,TS val 2085590178 ecr 3394153729,nop,wscale 12], length 0
WAN 02:09:07.105146 IP (tos 0x0, ttl 127, id 11713, offset 0, flags [DF], proto TCP (6), length 64)
WAN     192.168.2.70.40461 > 185.228.168.168.443: Flags [S], cksum 0x89d3 (correct), seq 2113532311, win 65535, options [mss 1460,nop,wscale 8,nop,nop,sackOK,nop,nop,TS val 3394153729 ecr 0], length 0
WAN 02:09:07.134861 IP (tos 0x0, ttl 127, id 3261, offset 0, flags [DF], proto TCP (6), length 64)
WAN     192.168.2.70.58608 > 9.9.9.9.443: Flags [S], cksum 0xc5ce (correct), seq 4125116237, win 65535, options [mss 1460,nop,wscale 8,nop,nop,sackOK,nop,nop,TS val 3394153729 ecr 0], length 0
WAN 02:09:07.135774 IP (tos 0x0, ttl 54, id 0, offset 0, flags [DF], proto TCP (6), length 60)
WAN     185.228.168.168.443 > 192.168.2.70.40461: Flags [S.], cksum 0x6a4f (correct), seq 2849711058, ack 2113532312, win 43440, options [mss 1460,sackOK,TS val 3668107125 ecr 3394153729,nop,wscale 10], length 0
WAN 02:09:07.170997 IP (tos 0x0, ttl 59, id 0, offset 0, flags [DF], proto TCP (6), length 60)
WAN     9.9.9.9.443 > 192.168.2.70.58608: Flags [S.], cksum 0xa125 (correct), seq 1373855600, ack 4125116238, win 43440, options [mss 1460,sackOK,TS val 1252430064 ecr 3394153729,nop,wscale 11], length 0
LAN 02:09:07.103980 IP (tos 0x0, ttl 128, id 11713, offset 0, flags [DF], proto TCP (6), length 52)
LAN     192.168.56.1.40461 > 185.228.168.168.443: Flags [S], cksum 0x0480 (correct), seq 2113532311, win 65535, options [mss 1460,nop,wscale 8,nop,nop,sackOK], length 0
LAN 02:09:07.134500 IP (tos 0x0, ttl 128, id 3261, offset 0, flags [DF], proto TCP (6), length 52)
LAN     192.168.56.1.58608 > 9.9.9.9.443: Flags [S], cksum 0x407b (correct), seq 4125116237, win 65535, options [mss 1460,nop,wscale 8,nop,nop,sackOK], length 0
LAN 02:09:07.136410 IP (tos 0x0, ttl 53, id 0, offset 0, flags [DF], proto TCP (6), length 60)
LAN     185.228.168.168.443 > 192.168.56.1.40461: Flags [S.], cksum 0x6902 (correct), seq 2849711058, ack 2113532312, win 43440, options [mss 1460,sackOK,nop,nop,nop,nop,nop,nop,nop,nop,nop,nop,nop,wscale 10], length 0
LAN 02:09:07.171376 IP (tos 0x0, ttl 58, id 0, offset 0, flags [DF], proto TCP (6), length 60)
LAN     9.9.9.9.443 > 192.168.56.1.58608: Flags [S.], cksum 0xc156 (correct), seq 1373855600, ack 4125116238, win 43440, options [mss 1460,sackOK,nop,nop,nop,nop,nop,nop,nop,nop,nop,nop,nop,wscale 11], length 0
EST TCP_QUEUE; 2026-10-08-02:09:06; 1791425346.732324; 1791425346.732321; 1; 894; 0; 0
EST TCP_QUEUE; 2026-10-08-02:09:06; 1791425346.783847; 1791425346.783844; 0; 0; 0; 0
EST TCP_QUEUE; 2026-10-08-02:09:06; 1791425346.827284; 1791425346.827281; 0; 0; 0; 0
EST TCP_QUEUE; 2026-10-08-02:09:06; 1791425346.885849; 1791425346.885846; 0; 0; 0; 0
EST TCP_QUEUE; 2026-10-08-02:09:06; 1791425346.947811; 1791425346.947807; 0; 0; 0; 0
EST TCP_QUEUE; 2026-10-08-02:09:06; 1791425346.997774; 1791425346.997771; 0; 0; 0; 0
EST TCP_QUEUE; 2026-10-08-02:09:07; 1791425347.050064; 1791425347.050060; 0; 0; 0; 0
EST TCP_QUEUE; 2026-10-08-02:09:07; 1791425347.101512; 1791425347.101509; 0; 0; 0; 0
EST TCP_QUEUE; 2026-10-08-02:09:07; 1791425347.142079; 1791425347.142074; 0; 0; 0; 0
EST TCP_QUEUE; 2026-10-08-02:09:07; 1791425347.198381; 1791425347.198377; 0; 0; 0; 0
EST TCP_QUEUE; 2026-10-08-02:09:07; 1791425347.252332; 1791425347.252328; 0; 0; 0; 0
EST TCP_QUEUE; 2026-10-08-02:09:07; 1791425347.301912; 1791425347.301909; 0; 0; 0; 0
EST TCP_QUEUE; 2026-10-08-02:09:07; 1791425347.355024; 1791425347.355021; 0; 0; 0; 0
EST TCP_QUEUE; 2026-10-08-02:09:07; 1791425347.402314; 1791425347.402312; 0; 0; 0; 0
EST TCP_QUEUE; 2026-10-08-02:09:07; 1791425347.449741; 1791425347.449738; 0; 0; 0; 0
EST TCP_QUEUE; 2026-10-08-02:09:07; 1791425347.507361; 1791425347.507358; 0; 0; 0; 0
EST TCP_QUEUE; 2026-10-08-02:09:07; 1791425347.568441; 1791425347.568438; 0; 0; 0; 0
EST TCP_QUEUE; 2026-10-08-02:09:07; 1791425347.618347; 1791425347.618344; 0; 0; 0; 0
EST TCP_QUEUE; 2026-10-08-02:09:07; 1791425347.672964; 1791425347.672961; 0; 0; 0; 0
WAN 02:09:08.460533 IP (tos 0x0, ttl 127, id 9886, offset 0, flags [DF], proto TCP (6), length 64)
WAN     192.168.2.70.52035 > 94.140.14.14.5443: Flags [S], cksum 0x7838 (correct), seq 3664665586, win 65535, options [mss 1460,nop,wscale 8,nop,nop,sackOK,nop,nop,TS val 3394153729 ecr 0], length 0
WAN 02:09:08.460858 IP (tos 0x0, ttl 127, id 9887, offset 0, flags [DF], proto TCP (6), length 64)
WAN     192.168.2.70.52036 > 94.140.14.14.5443: Flags [S], cksum 0x0dd5 (correct), seq 692156290, win 65535, options [mss 1460,nop,wscale 8,nop,nop,sackOK,nop,nop,TS val 3394153729 ecr 0], length 0
WAN 02:09:08.462562 IP (tos 0x0, ttl 127, id 9888, offset 0, flags [DF], proto TCP (6), length 64)
WAN     192.168.2.70.8727 > 94.140.14.14.5443: Flags [S], cksum 0x2ffa (correct), seq 60433458, win 65535, options [mss 1460,nop,wscale 8,nop,nop,sackOK,nop,nop,TS val 3394153729 ecr 0], length 0
WAN 02:09:08.462908 IP (tos 0x0, ttl 127, id 9889, offset 0, flags [DF], proto TCP (6), length 64)
WAN     192.168.2.70.8728 > 94.140.14.14.5443: Flags [S], cksum 0x88fd (correct), seq 3883853640, win 65535, options [mss 1460,nop,wscale 8,nop,nop,sackOK,nop,nop,TS val 3394153729 ecr 0], length 0
WAN 02:09:08.463039 IP (tos 0x0, ttl 127, id 9890, offset 0, flags [DF], proto TCP (6), length 64)
WAN     192.168.2.70.8729 > 94.140.14.14.5443: Flags [S], cksum 0x3199 (correct), seq 50209581, win 65535, options [mss 1460,nop,wscale 8,nop,nop,sackOK,nop,nop,TS val 3394153729 ecr 0], length 0
WAN 02:09:08.472112 IP (tos 0x0, ttl 127, id 13715, offset 0, flags [DF], proto TCP (6), length 64)
WAN     192.168.2.70.8839 > 41.216.196.79.443: Flags [S], cksum 0xcfe2 (correct), seq 4274002605, win 65535, options [mss 1460,nop,wscale 8,nop,nop,sackOK,nop,nop,TS val 3394153729 ecr 0], length 0
WAN 02:09:08.493207 IP (tos 0x0, ttl 56, id 0, offset 0, flags [DF], proto TCP (6), length 60)
WAN     94.140.14.14.5443 > 192.168.2.70.52035: Flags [S.], cksum 0x8449 (correct), seq 2995143371, ack 3664665587, win 43440, options [mss 1460,sackOK,TS val 2254299263 ecr 3394153729,nop,wscale 12], length 0
WAN 02:09:08.493207 IP (tos 0x0, ttl 56, id 0, offset 0, flags [DF], proto TCP (6), length 60)
WAN     94.140.14.14.5443 > 192.168.2.70.52036: Flags [S.], cksum 0x07b7 (correct), seq 3855087899, ack 692156291, win 43440, options [mss 1460,sackOK,TS val 4291202995 ecr 3394153729,nop,wscale 12], length 0
WAN 02:09:08.494605 IP (tos 0x0, ttl 56, id 0, offset 0, flags [DF], proto TCP (6), length 60)
WAN     94.140.14.14.5443 > 192.168.2.70.8729: Flags [S.], cksum 0xddbe (correct), seq 3253000827, ack 50209582, win 43440, options [mss 1460,sackOK,TS val 983950612 ecr 3394153729,nop,wscale 12], length 0
WAN 02:09:08.495701 IP (tos 0x0, ttl 57, id 0, offset 0, flags [DF], proto TCP (6), length 60)
WAN     94.140.14.14.5443 > 192.168.2.70.8727: Flags [S.], cksum 0xc9b8 (correct), seq 609301966, ack 60433459, win 43440, options [mss 1460,sackOK,TS val 3059662339 ecr 3394153729,nop,wscale 12], length 0
WAN 02:09:08.495701 IP (tos 0x0, ttl 57, id 0, offset 0, flags [DF], proto TCP (6), length 60)
WAN     94.140.14.14.5443 > 192.168.2.70.8728: Flags [S.], cksum 0x86a8 (correct), seq 3990573518, ack 3883853641, win 43440, options [mss 1460,sackOK,TS val 4239928882 ecr 3394153729,nop,wscale 12], length 0
LAN 02:09:08.459857 IP (tos 0x0, ttl 128, id 9886, offset 0, flags [DF], proto TCP (6), length 52)
LAN     192.168.56.1.52035 > 94.140.14.14.5443: Flags [S], cksum 0xf2e4 (correct), seq 3664665586, win 65535, options [mss 1460,nop,wscale 8,nop,nop,sackOK], length 0
LAN 02:09:08.459857 IP (tos 0x0, ttl 128, id 9887, offset 0, flags [DF], proto TCP (6), length 52)
LAN     192.168.56.1.52036 > 94.140.14.14.5443: Flags [S], cksum 0x8881 (correct), seq 692156290, win 65535, options [mss 1460,nop,wscale 8,nop,nop,sackOK], length 0
LAN 02:09:08.461847 IP (tos 0x0, ttl 128, id 9888, offset 0, flags [DF], proto TCP (6), length 52)
LAN     192.168.56.1.8727 > 94.140.14.14.5443: Flags [S], cksum 0xaaa6 (correct), seq 60433458, win 65535, options [mss 1460,nop,wscale 8,nop,nop,sackOK], length 0
LAN 02:09:08.461847 IP (tos 0x0, ttl 128, id 9889, offset 0, flags [DF], proto TCP (6), length 52)
LAN     192.168.56.1.8728 > 94.140.14.14.5443: Flags [S], cksum 0x03aa (correct), seq 3883853640, win 65535, options [mss 1460,nop,wscale 8,nop,nop,sackOK], length 0
LAN 02:09:08.461847 IP (tos 0x0, ttl 128, id 9890, offset 0, flags [DF], proto TCP (6), length 52)
LAN     192.168.56.1.8729 > 94.140.14.14.5443: Flags [S], cksum 0xac45 (correct), seq 50209581, win 65535, options [mss 1460,nop,wscale 8,nop,nop,sackOK], length 0
LAN 02:09:08.468789 IP (tos 0x0, ttl 128, id 13715, offset 0, flags [DF], proto TCP (6), length 52)
LAN     192.168.56.1.8839 > 41.216.196.79.443: Flags [S], cksum 0x4a8f (correct), seq 4274002605, win 65535, options [mss 1460,nop,wscale 8,nop,nop,sackOK], length 0
LAN 02:09:08.493649 IP (tos 0x0, ttl 55, id 0, offset 0, flags [DF], proto TCP (6), length 60)
LAN     94.140.14.14.5443 > 192.168.56.1.52035: Flags [S.], cksum 0x2fc1 (correct), seq 2995143371, ack 3664665587, win 43440, options [mss 1460,sackOK,nop,nop,nop,nop,nop,nop,nop,nop,nop,nop,nop,wscale 12], length 0
LAN 02:09:08.493872 IP (tos 0x0, ttl 55, id 0, offset 0, flags [DF], proto TCP (6), length 60)
LAN     94.140.14.14.5443 > 192.168.56.1.52036: Flags [S.], cksum 0xdbcb (correct), seq 3855087899, ack 692156291, win 43440, options [mss 1460,sackOK,nop,nop,nop,nop,nop,nop,nop,nop,nop,nop,nop,wscale 12], length 0
LAN 02:09:08.495158 IP (tos 0x0, ttl 55, id 0, offset 0, flags [DF], proto TCP (6), length 60)
LAN     94.140.14.14.5443 > 192.168.56.1.8729: Flags [S.], cksum 0x4213 (correct), seq 3253000827, ack 50209582, win 43440, options [mss 1460,sackOK,nop,nop,nop,nop,nop,nop,nop,nop,nop,nop,nop,wscale 12], length 0
LAN 02:09:08.496503 IP (tos 0x0, ttl 56, id 0, offset 0, flags [DF], proto TCP (6), length 60)
LAN     94.140.14.14.5443 > 192.168.56.1.8727: Flags [S.], cksum 0x82b5 (correct), seq 609301966, ack 60433459, win 43440, options [mss 1460,sackOK,nop,nop,nop,nop,nop,nop,nop,nop,nop,nop,nop,wscale 12], length 0
WAN 02:09:08.591994 IP (tos 0x0, ttl 127, id 7381, offset 0, flags [DF], proto TCP (6), length 64)
WAN     192.168.2.70.34095 > 23.148.208.124.443: Flags [S], cksum 0xaaa0 (correct), seq 3411547846, win 65535, options [mss 1460,nop,wscale 8,nop,nop,sackOK,nop,nop,TS val 3394153729 ecr 0], length 0
LAN 02:09:08.500047 IP (tos 0x0, ttl 56, id 0, offset 0, flags [DF], proto TCP (6), length 60)
LAN     94.140.14.14.5443 > 192.168.56.1.8728: Flags [S.], cksum 0xf62d (correct), seq 3990573518, ack 3883853641, win 43440, options [mss 1460,sackOK,nop,nop,nop,nop,nop,nop,nop,nop,nop,nop,nop,wscale 12], length 0
LAN 02:09:08.591648 IP (tos 0x0, ttl 128, id 7381, offset 0, flags [DF], proto TCP (6), length 52)
LAN     192.168.56.1.34095 > 23.148.208.124.443: Flags [S], cksum 0x254d (correct), seq 3411547846, win 65535, options [mss 1460,nop,wscale 8,nop,nop,sackOK], length 0
WAN 02:09:08.668143 IP (tos 0x0, ttl 50, id 0, offset 0, flags [DF], proto TCP (6), length 60)
WAN     23.148.208.124.443 > 192.168.2.70.34095: Flags [S.], cksum 0xec2a (correct), seq 3769213233, ack 3411547847, win 65160, options [mss 1460,sackOK,TS val 1007293437 ecr 3394153729,nop,wscale 7], length 0
LAN 02:09:08.668455 IP (tos 0x0, ttl 49, id 0, offset 0, flags [DF], proto TCP (6), length 60)
LAN     23.148.208.124.443 > 192.168.56.1.34095: Flags [S.], cksum 0x80cc (correct), seq 3769213233, ack 3411547847, win 65160, options [mss 1460,sackOK,nop,nop,nop,nop,nop,nop,nop,nop,nop,nop,nop,wscale 7], length 0
EST TCP_QUEUE; 2026-10-08-02:09:07; 1791425347.716591; 1791425347.716587; 1; 731; 0; 0
EST TCP_QUEUE; 2026-10-08-02:09:07; 1791425347.761953; 1791425347.761949; 1; 731; 0; 0
EST TCP_QUEUE; 2026-10-08-02:09:07; 1791425347.819703; 1791425347.819700; 1; 731; 0; 0
EST TCP_QUEUE; 2026-10-08-02:09:07; 1791425347.876690; 1791425347.876685; 1; 0; 0; 0
EST TCP_QUEUE; 2026-10-08-02:09:07; 1791425347.928494; 1791425347.928492; 1; 0; 0; 0
EST TCP_QUEUE; 2026-10-08-02:09:07; 1791425347.981078; 1791425347.981075; 1; 189; 0; 0
EST TCP_QUEUE; 2026-10-08-02:09:08; 1791425348.026589; 1791425348.026586; 1; 189; 0; 0
EST TCP_QUEUE; 2026-10-08-02:09:08; 1791425348.076749; 1791425348.076747; 1; 248; 0; 0
EST TCP_QUEUE; 2026-10-08-02:09:08; 1791425348.168999; 1791425348.168996; 1; 41; 0; 0
EST TCP_QUEUE; 2026-10-08-02:09:08; 1791425348.220014; 1791425348.220010; 1; 41; 0; 0
EST TCP_QUEUE; 2026-10-08-02:09:08; 1791425348.270607; 1791425348.270600; 1; 0; 0; 0
EST TCP_QUEUE; 2026-10-08-02:09:08; 1791425348.320382; 1791425348.320378; 1; 0; 0; 0
EST TCP_QUEUE; 2026-10-08-02:09:08; 1791425348.366827; 1791425348.366823; 1; 128; 0; 0
EST TCP_QUEUE; 2026-10-08-02:09:08; 1791425348.410003; 1791425348.410000; 1; 128; 0; 0
EST TCP_QUEUE; 2026-10-08-02:09:08; 1791425348.465988; 1791425348.465984; 1; 128; 0; 0
EST TCP_QUEUE; 2026-10-08-02:09:08; 1791425348.524826; 1791425348.524823; 1; 379; 0; 0
EST TCP_QUEUE; 2026-10-08-02:09:08; 1791425348.586745; 1791425348.586741; 1; 13; 0; 0
EST TCP_QUEUE; 2026-10-08-02:09:08; 1791425348.635175; 1791425348.635173; 1; 13; 0; 0
EST TCP_QUEUE; 2026-10-08-02:09:08; 1791425348.685668; 1791425348.685666; 1; 13; 0; 0
WAN 02:09:08.720383 IP (tos 0x0, ttl 127, id 13716, offset 0, flags [DF], proto TCP (6), length 64)
WAN     192.168.2.70.26492 > 41.216.196.79.443: Flags [S], cksum 0xdbe4 (correct), seq 1716740643, win 65535, options [mss 1460,nop,wscale 8,nop,nop,sackOK,nop,nop,TS val 3394153729 ecr 0], length 0
WAN 02:09:08.724023 IP (tos 0x0, ttl 46, id 0, offset 0, flags [DF], proto TCP (6), length 60)
WAN     41.216.196.79.443 > 192.168.2.70.8839: Flags [S.], cksum 0x579b (correct), seq 4223278222, ack 4274002606, win 65160, options [mss 1460,sackOK,TS val 805061487 ecr 3394153729,nop,wscale 7], length 0
LAN 02:09:08.720012 IP (tos 0x0, ttl 128, id 13716, offset 0, flags [DF], proto TCP (6), length 52)
LAN     192.168.56.1.26492 > 41.216.196.79.443: Flags [S], cksum 0x5691 (correct), seq 1716740643, win 65535, options [mss 1460,nop,wscale 8,nop,nop,sackOK], length 0
LAN 02:09:08.724815 IP (tos 0x0, ttl 45, id 0, offset 0, flags [DF], proto TCP (6), length 60)
LAN     41.216.196.79.443 > 192.168.56.1.8839: Flags [S.], cksum 0x0fa1 (correct), seq 4223278222, ack 4274002606, win 65160, options [mss 1460,sackOK,nop,nop,nop,nop,nop,nop,nop,nop,nop,nop,nop,wscale 7], length 0
WAN 02:09:08.961193 IP (tos 0x0, ttl 46, id 0, offset 0, flags [DF], proto TCP (6), length 60)
WAN     41.216.196.79.443 > 192.168.2.70.26492: Flags [S.], cksum 0x49b4 (correct), seq 4043128903, ack 1716740644, win 65160, options [mss 1460,sackOK,TS val 805061724 ecr 3394153729,nop,wscale 7], length 0
LAN 02:09:08.961471 IP (tos 0x0, ttl 45, id 0, offset 0, flags [DF], proto TCP (6), length 60)
LAN     41.216.196.79.443 > 192.168.56.1.26492: Flags [S.], cksum 0x02a7 (correct), seq 4043128903, ack 1716740644, win 65160, options [mss 1460,sackOK,nop,nop,nop,nop,nop,nop,nop,nop,nop,nop,nop,wscale 7], length 0
WAN 02:09:09.341629 IP (tos 0x0, ttl 127, id 46578, offset 0, flags [DF], proto TCP (6), length 64)
WAN     192.168.2.70.17193 > 102.69.225.141.443: Flags [S], cksum 0x42d1 (correct), seq 762183364, win 65535, options [mss 1460,nop,wscale 8,nop,nop,sackOK,nop,nop,TS val 3394153729 ecr 0], length 0
LAN 02:09:09.341298 IP (tos 0x0, ttl 128, id 46578, offset 0, flags [DF], proto TCP (6), length 52)
LAN     192.168.56.1.17193 > 102.69.225.141.443: Flags [S], cksum 0xbd7d (correct), seq 762183364, win 65535, options [mss 1460,nop,wscale 8,nop,nop,sackOK], length 0
LAN 02:09:09.625050 IP (tos 0x0, ttl 36, id 0, offset 0, flags [DF], proto TCP (6), length 60)
LAN     102.69.225.141.443 > 192.168.56.1.17193: Flags [S.], cksum 0xf682 (correct), seq 3392330274, ack 762183365, win 65160, options [mss 1460,sackOK,nop,nop,nop,nop,nop,nop,nop,nop,nop,nop,nop,wscale 7], length 0
WAN 02:09:09.624663 IP (tos 0x0, ttl 37, id 0, offset 0, flags [DF], proto TCP (6), length 60)
WAN     102.69.225.141.443 > 192.168.2.70.17193: Flags [S.], cksum 0x81b2 (correct), seq 3392330274, ack 762183365, win 65160, options [mss 1460,sackOK,TS val 252191022 ecr 3394153729,nop,wscale 7], length 0
EST TCP_QUEUE; 2026-10-08-02:09:08; 1791425348.728596; 1791425348.728593; 1; 1266; 0; 0
EST TCP_QUEUE; 2026-10-08-02:09:08; 1791425348.790405; 1791425348.790403; 1; 1266; 0; 0
EST TCP_QUEUE; 2026-10-08-02:09:08; 1791425348.844043; 1791425348.844040; 1; 1266; 0; 0
EST TCP_QUEUE; 2026-10-08-02:09:08; 1791425348.894727; 1791425348.894725; 1; 0; 0; 0
EST TCP_QUEUE; 2026-10-08-02:09:08; 1791425348.947146; 1791425348.947143; 1; 0; 0; 0
EST TCP_QUEUE; 2026-10-08-02:09:08; 1791425348.997050; 1791425348.997047; 1; 0; 0; 0
EST TCP_QUEUE; 2026-10-08-02:09:09; 1791425349.038846; 1791425349.038843; 1; 0; 0; 0
EST TCP_QUEUE; 2026-10-08-02:09:09; 1791425349.100698; 1791425349.100692; 1; 0; 0; 0
EST TCP_QUEUE; 2026-10-08-02:09:09; 1791425349.156727; 1791425349.156724; 1; 0; 0; 0
EST TCP_QUEUE; 2026-10-08-02:09:09; 1791425349.209618; 1791425349.209615; 1; 674; 0; 0
EST TCP_QUEUE; 2026-10-08-02:09:09; 1791425349.261560; 1791425349.261556; 1; 674; 0; 0
EST TCP_QUEUE; 2026-10-08-02:09:09; 1791425349.313168; 1791425349.313165; 1; 764; 0; 0
EST TCP_QUEUE; 2026-10-08-02:09:09; 1791425349.354976; 1791425349.354973; 1; 345; 0; 0
EST TCP_QUEUE; 2026-10-08-02:09:09; 1791425349.412735; 1791425349.412731; 1; 345; 0; 0
EST TCP_QUEUE; 2026-10-08-02:09:09; 1791425349.466994; 1791425349.466991; 1; 346; 0; 0
EST TCP_QUEUE; 2026-10-08-02:09:09; 1791425349.519195; 1791425349.519191; 1; 346; 0; 0
EST TCP_QUEUE; 2026-10-08-02:09:09; 1791425349.585639; 1791425349.585635; 1; 425; 0; 0
EST TCP_QUEUE; 2026-10-08-02:09:09; 1791425349.633978; 1791425349.633972; 1; 425; 0; 0
EST TCP_QUEUE; 2026-10-08-02:09:09; 1791425349.675133; 1791425349.675128; 1; 425; 0; 0
EST TCP_QUEUE; 2026-10-08-02:09:09; 1791425349.733013; 1791425349.733007; 1; 425; 0; 0
EST TCP_QUEUE; 2026-10-08-02:09:09; 1791425349.787136; 1791425349.787132; 1; 562; 0; 0
EST TCP_QUEUE; 2026-10-08-02:09:09; 1791425349.838962; 1791425349.838959; 1; 562; 0; 0
EST TCP_QUEUE; 2026-10-08-02:09:09; 1791425349.893453; 1791425349.893449; 1; 562; 0; 0
EST TCP_QUEUE; 2026-10-08-02:09:09; 1791425349.939212; 1791425349.939209; 1; 562; 0; 0
EST TCP_QUEUE; 2026-10-08-02:09:09; 1791425349.983657; 1791425349.983653; 1; 104; 0; 0
EST TCP_QUEUE; 2026-10-08-02:09:10; 1791425350.045755; 1791425350.045749; 1; 104; 0; 0
EST TCP_QUEUE; 2026-10-08-02:09:10; 1791425350.101734; 1791425350.101731; 1; 104; 0; 0
EST TCP_QUEUE; 2026-10-08-02:09:10; 1791425350.159642; 1791425350.159639; 1; 104; 0; 0
EST TCP_QUEUE; 2026-10-08-02:09:10; 1791425350.220222; 1791425350.220219; 1; 60; 0; 0
EST TCP_QUEUE; 2026-10-08-02:09:10; 1791425350.279814; 1791425350.279810; 1; 60; 0; 0
EST TCP_QUEUE; 2026-10-08-02:09:10; 1791425350.322582; 1791425350.322580; 1; 60; 0; 0
EST TCP_QUEUE; 2026-10-08-02:09:10; 1791425350.380632; 1791425350.380630; 1; 589; 0; 0
EST TCP_QUEUE; 2026-10-08-02:09:10; 1791425350.434870; 1791425350.434868; 1; 589; 0; 0
EST TCP_QUEUE; 2026-10-08-02:09:10; 1791425350.484979; 1791425350.484975; 1; 876; 0; 0
EST TCP_QUEUE; 2026-10-08-02:09:10; 1791425350.539683; 1791425350.539680; 1; 391; 0; 0
EST TCP_QUEUE; 2026-10-08-02:09:10; 1791425350.588005; 1791425350.587998; 1; 391; 0; 0
EST TCP_QUEUE; 2026-10-08-02:09:10; 1791425350.629671; 1791425350.629666; 1; 391; 0; 0
EST TCP_QUEUE; 2026-10-08-02:09:10; 1791425350.688821; 1791425350.688818; 1; 0; 0; 0
EST TCP_QUEUE; 2026-10-08-02:09:10; 1791425350.745049; 1791425350.745046; 1; 0; 0; 0
EST TCP_QUEUE; 2026-10-08-02:09:10; 1791425350.797468; 1791425350.797465; 1; 0; 0; 0
EST TCP_QUEUE; 2026-10-08-02:09:10; 1791425350.850270; 1791425350.850266; 1; 717; 0; 0
EST TCP_QUEUE; 2026-10-08-02:09:10; 1791425350.901122; 1791425350.901118; 1; 717; 0; 0
EST TCP_QUEUE; 2026-10-08-02:09:10; 1791425350.941735; 1791425350.941732; 1; 717; 0; 0
EST TCP_QUEUE; 2026-10-08-02:09:11; 1791425351.011061; 1791425351.011058; 1; 470; 0; 0
EST TCP_QUEUE; 2026-10-08-02:09:11; 1791425351.065209; 1791425351.065207; 1; 470; 0; 0
EST TCP_QUEUE; 2026-10-08-02:09:11; 1791425351.119587; 1791425351.119584; 1; 1155; 0; 0
EST TCP_QUEUE; 2026-10-08-02:09:11; 1791425351.187644; 1791425351.187640; 1; 530; 0; 0
WAN 02:09:12.106169 IP (tos 0x0, ttl 127, id 13279, offset 0, flags [DF], proto TCP (6), length 64)
WAN     192.168.2.70.17195 > 52.123.129.14.443: Flags [S], cksum 0x22c3 (correct), seq 3802004457, win 65535, options [mss 1460,nop,wscale 8,nop,nop,sackOK,nop,nop,TS val 3394153729 ecr 0], length 0
WAN 02:09:12.125727 IP (tos 0x0, ttl 120, id 62286, offset 0, flags [DF], proto TCP (6), length 52)
WAN     52.123.129.14.443 > 192.168.2.70.17195: Flags [S.], cksum 0xef32 (correct), seq 4128566757, ack 3802004458, win 65535, options [mss 1440,nop,wscale 8,nop,nop,sackOK], length 0
LAN 02:09:12.105850 IP (tos 0x0, ttl 128, id 13279, offset 0, flags [DF], proto TCP (6), length 52)
LAN     192.168.56.1.17195 > 52.123.129.14.443: Flags [S], cksum 0x9d6f (correct), seq 3802004457, win 65535, options [mss 1460,nop,wscale 8,nop,nop,sackOK], length 0
LAN 02:09:12.126057 IP (tos 0x0, ttl 119, id 62286, offset 0, flags [DF], proto TCP (6), length 52)
LAN     52.123.129.14.443 > 192.168.56.1.17195: Flags [S.], cksum 0xb977 (correct), seq 4128566757, ack 3802004458, win 65535, options [mss 1440,nop,wscale 8,nop,nop,sackOK], length 0
EST TCP_QUEUE; 2026-10-08-02:09:11; 1791425351.236071; 1791425351.236067; 1; 443; 0; 0
EST TCP_QUEUE; 2026-10-08-02:09:11; 1791425351.288669; 1791425351.288666; 1; 443; 0; 0
EST TCP_QUEUE; 2026-10-08-02:09:11; 1791425351.334693; 1791425351.334690; 1; 443; 0; 0
EST TCP_QUEUE; 2026-10-08-02:09:11; 1791425351.389064; 1791425351.389061; 1; 485; 0; 0
EST TCP_QUEUE; 2026-10-08-02:09:11; 1791425351.439265; 1791425351.439262; 1; 485; 0; 0
EST TCP_QUEUE; 2026-10-08-02:09:11; 1791425351.492666; 1791425351.492663; 1; 620; 0; 0
EST TCP_QUEUE; 2026-10-08-02:09:11; 1791425351.536294; 1791425351.536292; 1; 620; 0; 0
EST TCP_QUEUE; 2026-10-08-02:09:11; 1791425351.579842; 1791425351.579838; 1; 758; 0; 0
EST TCP_QUEUE; 2026-10-08-02:09:11; 1791425351.637364; 1791425351.637359; 1; 522; 0; 0
EST TCP_QUEUE; 2026-10-08-02:09:11; 1791425351.694009; 1791425351.694007; 1; 522; 0; 0
EST TCP_QUEUE; 2026-10-08-02:09:11; 1791425351.747939; 1791425351.747936; 1; 522; 0; 0
EST TCP_QUEUE; 2026-10-08-02:09:11; 1791425351.806918; 1791425351.806916; 1; 373; 0; 0
EST TCP_QUEUE; 2026-10-08-02:09:11; 1791425351.852137; 1791425351.852135; 1; 373; 0; 0
EST TCP_QUEUE; 2026-10-08-02:09:11; 1791425351.896207; 1791425351.896201; 1; 349; 0; 0
EST TCP_QUEUE; 2026-10-08-02:09:11; 1791425351.953768; 1791425351.953763; 1; 349; 0; 0
EST TCP_QUEUE; 2026-10-08-02:09:12; 1791425352.008007; 1791425352.008004; 1; 709; 0; 0
EST TCP_QUEUE; 2026-10-08-02:09:12; 1791425352.062686; 1791425352.062681; 1; 90; 0; 0
EST TCP_QUEUE; 2026-10-08-02:09:12; 1791425352.121399; 1791425352.121396; 1; 90; 0; 0
EST TCP_QUEUE; 2026-10-08-02:09:12; 1791425352.168595; 1791425352.168591; 1; 872; 0; 0
EST TCP_QUEUE; 2026-10-08-02:09:12; 1791425352.210225; 1791425352.210222; 1; 732; 0; 0
EST TCP_QUEUE; 2026-10-08-02:09:12; 1791425352.268693; 1791425352.268690; 1; 106; 0; 0
EST TCP_QUEUE; 2026-10-08-02:09:12; 1791425352.324288; 1791425352.324283; 1; 106; 0; 0
EST TCP_QUEUE; 2026-10-08-02:09:12; 1791425352.374482; 1791425352.374479; 1; 606; 0; 0
EST TCP_QUEUE; 2026-10-08-02:09:12; 1791425352.431005; 1791425352.431002; 1; 606; 0; 0
EST TCP_QUEUE; 2026-10-08-02:09:12; 1791425352.483428; 1791425352.483423; 1; 753; 0; 0
EST TCP_QUEUE; 2026-10-08-02:09:12; 1791425352.528323; 1791425352.528321; 1; 40; 0; 0
EST TCP_QUEUE; 2026-10-08-02:09:12; 1791425352.588743; 1791425352.588740; 1; 40; 0; 0
EST TCP_QUEUE; 2026-10-08-02:09:12; 1791425352.644128; 1791425352.644125; 1; 40; 0; 0
EST TCP_QUEUE; 2026-10-08-02:09:12; 1791425352.694985; 1791425352.694982; 1; 227; 0; 0
EST TCP_QUEUE; 2026-10-08-02:09:12; 1791425352.747359; 1791425352.747356; 1; 227; 0; 0
EST TCP_QUEUE; 2026-10-08-02:09:12; 1791425352.814359; 1791425352.814356; 1; 254; 0; 0
EST TCP_QUEUE; 2026-10-08-02:09:12; 1791425352.858028; 1791425352.858024; 1; 254; 0; 0
EST TCP_QUEUE; 2026-10-08-02:09:12; 1791425352.915967; 1791425352.915964; 1; 182; 0; 0
EST TCP_QUEUE; 2026-10-08-02:09:12; 1791425352.972350; 1791425352.972347; 1; 182; 0; 0
EST TCP_QUEUE; 2026-10-08-02:09:13; 1791425353.022732; 1791425353.022728; 1; 182; 0; 0
EST TCP_QUEUE; 2026-10-08-02:09:13; 1791425353.090436; 1791425353.090433; 1; 467; 0; 0
EST TCP_QUEUE; 2026-10-08-02:09:13; 1791425353.136197; 1791425353.136195; 1; 241; 0; 0
EST TCP_QUEUE; 2026-10-08-02:09:13; 1791425353.183383; 1791425353.183379; 1; 241; 0; 0
EST TCP_QUEUE; 2026-10-08-02:09:13; 1791425353.238013; 1791425353.238010; 1; 241; 0; 0
EST TCP_QUEUE; 2026-10-08-02:09:13; 1791425353.293790; 1791425353.293788; 1; 370; 0; 0
EST TCP_QUEUE; 2026-10-08-02:09:13; 1791425353.349131; 1791425353.349129; 1; 370; 0; 0
EST TCP_QUEUE; 2026-10-08-02:09:13; 1791425353.401224; 1791425353.401221; 1; 552; 0; 0
EST TCP_QUEUE; 2026-10-08-02:09:13; 1791425353.447057; 1791425353.447055; 1; 552; 0; 0
EST TCP_QUEUE; 2026-10-08-02:09:13; 1791425353.494085; 1791425353.494083; 1; 536; 0; 0
EST TCP_QUEUE; 2026-10-08-02:09:13; 1791425353.557710; 1791425353.557707; 1; 536; 0; 0
EST TCP_QUEUE; 2026-10-08-02:09:13; 1791425353.614432; 1791425353.614429; 1; 536; 0; 0
EST TCP_QUEUE; 2026-10-08-02:09:13; 1791425353.664508; 1791425353.664505; 1; 536; 0; 0
EST TCP_QUEUE; 2026-10-08-02:09:13; 1791425353.718831; 1791425353.718829; 1; 303; 0; 0
EST TCP_QUEUE; 2026-10-08-02:09:13; 1791425353.764598; 1791425353.764595; 1; 303; 0; 0
EST TCP_QUEUE; 2026-10-08-02:09:13; 1791425353.810120; 1791425353.810117; 1; 303; 0; 0
EST TCP_QUEUE; 2026-10-08-02:09:13; 1791425353.870530; 1791425353.870525; 1; 795; 0; 0
EST TCP_QUEUE; 2026-10-08-02:09:13; 1791425353.924217; 1791425353.924214; 1; 795; 0; 0
EST TCP_QUEUE; 2026-10-08-02:09:13; 1791425353.978390; 1791425353.978387; 1; 821; 0; 0
EST TCP_QUEUE; 2026-10-08-02:09:14; 1791425354.033232; 1791425354.033226; 1; 821; 0; 0
EST TCP_QUEUE; 2026-10-08-02:09:14; 1791425354.085250; 1791425354.085246; 1; 71; 0; 0
EST TCP_QUEUE; 2026-10-08-02:09:14; 1791425354.132312; 1791425354.132309; 1; 71; 0; 0
WAN 02:09:14.994242 IP (tos 0x0, ttl 127, id 9916, offset 0, flags [DF], proto TCP (6), length 64)
WAN     192.168.2.70.37837 > 94.140.14.14.5443: Flags [S], cksum 0x250d (correct), seq 871271700, win 65535, options [mss 1460,nop,wscale 8,nop,nop,sackOK,nop,nop,TS val 3394153729 ecr 0], length 0
WAN 02:09:14.994464 IP (tos 0x0, ttl 127, id 9917, offset 0, flags [DF], proto TCP (6), length 64)
WAN     192.168.2.70.37838 > 94.140.14.14.5443: Flags [S], cksum 0xd40b (correct), seq 2013960696, win 65535, options [mss 1460,nop,wscale 8,nop,nop,sackOK,nop,nop,TS val 3394153729 ecr 0], length 0
LAN 02:09:14.993567 IP (tos 0x0, ttl 128, id 9916, offset 0, flags [DF], proto TCP (6), length 52)
LAN     192.168.56.1.37837 > 94.140.14.14.5443: Flags [S], cksum 0x9fb9 (correct), seq 871271700, win 65535, options [mss 1460,nop,wscale 8,nop,nop,sackOK], length 0
LAN 02:09:14.993567 IP (tos 0x0, ttl 128, id 9917, offset 0, flags [DF], proto TCP (6), length 52)
LAN     192.168.56.1.37838 > 94.140.14.14.5443: Flags [S], cksum 0x4eb8 (correct), seq 2013960696, win 65535, options [mss 1460,nop,wscale 8,nop,nop,sackOK], length 0
WAN 02:09:15.026606 IP (tos 0x0, ttl 57, id 0, offset 0, flags [DF], proto TCP (6), length 60)
WAN     94.140.14.14.5443 > 192.168.2.70.37837: Flags [S.], cksum 0x748a (correct), seq 1794205698, ack 871271701, win 43440, options [mss 1460,sackOK,TS val 4120989741 ecr 3394153729,nop,wscale 12], length 0
WAN 02:09:15.026606 IP (tos 0x0, ttl 56, id 0, offset 0, flags [DF], proto TCP (6), length 60)
WAN     94.140.14.14.5443 > 192.168.2.70.37838: Flags [S.], cksum 0x9db3 (correct), seq 59151042, ack 2013960697, win 43440, options [mss 1460,sackOK,TS val 4098036748 ecr 3394153729,nop,wscale 12], length 0
WAN 02:09:15.068258 IP (tos 0x0, ttl 127, id 58823, offset 0, flags [DF], proto TCP (6), length 64)
WAN     192.168.2.70.32601 > 172.66.0.218.443: Flags [S], cksum 0x2512 (correct), seq 2138056967, win 65535, options [mss 1460,nop,wscale 8,nop,nop,sackOK,nop,nop,TS val 3394153729 ecr 0], length 0
LAN 02:09:15.026970 IP (tos 0x0, ttl 56, id 0, offset 0, flags [DF], proto TCP (6), length 60)
LAN     94.140.14.14.5443 > 192.168.56.1.37837: Flags [S.], cksum 0xfef3 (correct), seq 1794205698, ack 871271701, win 43440, options [mss 1460,sackOK,nop,nop,nop,nop,nop,nop,nop,nop,nop,nop,nop,wscale 12], length 0
LAN 02:09:15.027385 IP (tos 0x0, ttl 55, id 0, offset 0, flags [DF], proto TCP (6), length 60)
LAN     94.140.14.14.5443 > 192.168.56.1.37838: Flags [S.], cksum 0xea9d (correct), seq 59151042, ack 2013960697, win 43440, options [mss 1460,sackOK,nop,nop,nop,nop,nop,nop,nop,nop,nop,nop,nop,wscale 12], length 0
LAN 02:09:15.067948 IP (tos 0x0, ttl 128, id 58823, offset 0, flags [DF], proto TCP (6), length 52)
LAN     192.168.56.1.32601 > 172.66.0.218.443: Flags [S], cksum 0x9fbe (correct), seq 2138056967, win 65535, options [mss 1460,nop,wscale 8,nop,nop,sackOK], length 0
LAN 02:09:15.098713 IP (tos 0x0, ttl 55, id 0, offset 0, flags [DF], proto TCP (6), length 60)
LAN     172.66.0.218.443 > 192.168.56.1.32601: Flags [S.], cksum 0xf756 (correct), seq 4192570011, ack 2138056968, win 65535, options [mss 1400,sackOK,nop,nop,nop,nop,nop,nop,nop,nop,nop,nop,nop,wscale 13], length 0
WAN 02:09:15.098442 IP (tos 0x0, ttl 56, id 0, offset 0, flags [DF], proto TCP (6), length 60)
WAN     172.66.0.218.443 > 192.168.2.70.32601: Flags [S.], cksum 0x0925 (correct), seq 4192570011, ack 2138056968, win 65535, options [mss 1400,sackOK,TS val 4201230125 ecr 3394153729,nop,wscale 13], length 0
WAN 02:09:15.229994 IP (tos 0x0, ttl 127, id 9928, offset 0, flags [DF], proto TCP (6), length 64)
WAN     192.168.2.70.17058 > 94.140.14.14.5443: Flags [S], cksum 0x7f53 (correct), seq 1963279074, win 65535, options [mss 1460,nop,wscale 8,nop,nop,sackOK,nop,nop,TS val 3394153729 ecr 0], length 0
WAN 02:09:15.230416 IP (tos 0x0, ttl 127, id 9929, offset 0, flags [DF], proto TCP (6), length 64)
WAN     192.168.2.70.17059 > 94.140.14.14.5443: Flags [S], cksum 0x967e (correct), seq 1414286447, win 65535, options [mss 1460,nop,wscale 8,nop,nop,sackOK,nop,nop,TS val 3394153729 ecr 0], length 0
WAN 02:09:15.261452 IP (tos 0x0, ttl 56, id 0, offset 0, flags [DF], proto TCP (6), length 60)
WAN     94.140.14.14.5443 > 192.168.2.70.17058: Flags [S.], cksum 0xd342 (correct), seq 2427660458, ack 1963279075, win 43440, options [mss 1460,sackOK,TS val 2701310448 ecr 3394153729,nop,wscale 12], length 0
WAN 02:09:15.261452 IP (tos 0x0, ttl 56, id 0, offset 0, flags [DF], proto TCP (6), length 60)
WAN     94.140.14.14.5443 > 192.168.2.70.17059: Flags [S.], cksum 0x0c64 (correct), seq 832423959, ack 1414286448, win 43440, options [mss 1460,sackOK,TS val 2437244768 ecr 3394153729,nop,wscale 12], length 0
LAN 02:09:15.229181 IP (tos 0x0, ttl 128, id 9928, offset 0, flags [DF], proto TCP (6), length 52)
LAN     192.168.56.1.17058 > 94.140.14.14.5443: Flags [S], cksum 0xf9ff (correct), seq 1963279074, win 65535, options [mss 1460,nop,wscale 8,nop,nop,sackOK], length 0
LAN 02:09:15.229181 IP (tos 0x0, ttl 128, id 9929, offset 0, flags [DF], proto TCP (6), length 52)
LAN     192.168.56.1.17059 > 94.140.14.14.5443: Flags [S], cksum 0x112b (correct), seq 1414286447, win 65535, options [mss 1460,nop,wscale 8,nop,nop,sackOK], length 0
LAN 02:09:15.261826 IP (tos 0x0, ttl 55, id 0, offset 0, flags [DF], proto TCP (6), length 60)
LAN     94.140.14.14.5443 > 192.168.56.1.17058: Flags [S.], cksum 0x72d0 (correct), seq 2427660458, ack 1963279075, win 43440, options [mss 1460,sackOK,nop,nop,nop,nop,nop,nop,nop,nop,nop,nop,nop,wscale 12], length 0
LAN 02:09:15.262084 IP (tos 0x0, ttl 55, id 0, offset 0, flags [DF], proto TCP (6), length 60)
LAN     94.140.14.14.5443 > 192.168.56.1.17059: Flags [S.], cksum 0x49a4 (correct), seq 832423959, ack 1414286448, win 43440, options [mss 1460,sackOK,nop,nop,nop,nop,nop,nop,nop,nop,nop,nop,nop,wscale 12], length 0
EST TCP_QUEUE; 2026-10-08-02:09:14; 1791425354.217412; 1791425354.217408; 1; 604; 0; 0
EST TCP_QUEUE; 2026-10-08-02:09:14; 1791425354.265852; 1791425354.265849; 1; 604; 0; 0
EST TCP_QUEUE; 2026-10-08-02:09:14; 1791425354.320133; 1791425354.320130; 1; 887; 0; 0
EST TCP_QUEUE; 2026-10-08-02:09:14; 1791425354.374777; 1791425354.374772; 1; 997; 0; 0
EST TCP_QUEUE; 2026-10-08-02:09:14; 1791425354.422358; 1791425354.422355; 1; 637; 0; 0
EST TCP_QUEUE; 2026-10-08-02:09:14; 1791425354.466053; 1791425354.466050; 1; 152; 0; 0
EST TCP_QUEUE; 2026-10-08-02:09:14; 1791425354.525983; 1791425354.525981; 1; 152; 0; 0
EST TCP_QUEUE; 2026-10-08-02:09:14; 1791425354.585368; 1791425354.585366; 1; 775; 0; 0
EST TCP_QUEUE; 2026-10-08-02:09:14; 1791425354.636123; 1791425354.636120; 1; 562; 0; 0
EST TCP_QUEUE; 2026-10-08-02:09:14; 1791425354.693250; 1791425354.693247; 1; 562; 0; 0
EST TCP_QUEUE; 2026-10-08-02:09:14; 1791425354.740282; 1791425354.740277; 1; 171; 0; 0
EST TCP_QUEUE; 2026-10-08-02:09:14; 1791425354.780120; 1791425354.780116; 1; 171; 0; 0
EST TCP_QUEUE; 2026-10-08-02:09:14; 1791425354.837989; 1791425354.837985; 1; 171; 0; 0
EST TCP_QUEUE; 2026-10-08-02:09:14; 1791425354.894562; 1791425354.894559; 1; 240; 0; 0
EST TCP_QUEUE; 2026-10-08-02:09:14; 1791425354.945544; 1791425354.945540; 1; 240; 0; 0
EST TCP_QUEUE; 2026-10-08-02:09:14; 1791425354.999955; 1791425354.999951; 1; 857; 0; 0
EST TCP_QUEUE; 2026-10-08-02:09:15; 1791425355.046158; 1791425355.046154; 1; 857; 0; 0
EST TCP_QUEUE; 2026-10-08-02:09:15; 1791425355.087993; 1791425355.087989; 1; 857; 0; 0
EST TCP_QUEUE; 2026-10-08-02:09:15; 1791425355.147151; 1791425355.147147; 1; 857; 0; 0
EST TCP_QUEUE; 2026-10-08-02:09:15; 1791425355.206687; 1791425355.206683; 1; 279; 0; 0
EST TCP_QUEUE; 2026-10-08-02:09:15; 1791425355.254142; 1791425355.254137; 1; 279; 0; 0
EST TCP_QUEUE; 2026-10-08-02:09:15; 1791425355.305256; 1791425355.305252; 1; 540; 0; 0
EST TCP_QUEUE; 2026-10-08-02:09:15; 1791425355.356922; 1791425355.356914; 1; 540; 0; 0
EST TCP_QUEUE; 2026-10-08-02:09:15; 1791425355.394118; 1791425355.394114; 1; 1139; 0; 0
EST TCP_QUEUE; 2026-10-08-02:09:15; 1791425355.451950; 1791425355.451946; 1; 247; 0; 0
EST TCP_QUEUE; 2026-10-08-02:09:15; 1791425355.508705; 1791425355.508695; 1; 247; 0; 0
EST TCP_QUEUE; 2026-10-08-02:09:15; 1791425355.564284; 1791425355.564280; 1; 247; 0; 0
EST TCP_QUEUE; 2026-10-08-02:09:15; 1791425355.617700; 1791425355.617696; 1; 0; 0; 0
EST TCP_QUEUE; 2026-10-08-02:09:15; 1791425355.664504; 1791425355.664501; 1; 0; 0; 0
EST TCP_QUEUE; 2026-10-08-02:09:15; 1791425355.708195; 1791425355.708190; 1; 0; 0; 0
EST TCP_QUEUE; 2026-10-08-02:09:15; 1791425355.763376; 1791425355.763372; 1; 0; 0; 0
EST TCP_QUEUE; 2026-10-08-02:09:15; 1791425355.819466; 1791425355.819462; 1; 353; 0; 0
EST TCP_QUEUE; 2026-10-08-02:09:15; 1791425355.868978; 1791425355.868974; 1; 335; 0; 0
EST TCP_QUEUE; 2026-10-08-02:09:15; 1791425355.922272; 1791425355.922268; 1; 335; 0; 0
EST TCP_QUEUE; 2026-10-08-02:09:15; 1791425355.967780; 1791425355.967777; 1; 652; 0; 0
EST TCP_QUEUE; 2026-10-08-02:09:16; 1791425356.017636; 1791425356.017631; 1; 431; 0; 0
EST TCP_QUEUE; 2026-10-08-02:09:16; 1791425356.067842; 1791425356.067839; 1; 205; 0; 0
EST TCP_QUEUE; 2026-10-08-02:09:16; 1791425356.122342; 1791425356.122338; 1; 205; 0; 0
EST TCP_QUEUE; 2026-10-08-02:09:16; 1791425356.177851; 1791425356.177847; 1; 0; 0; 0
EST TCP_QUEUE; 2026-10-08-02:09:16; 1791425356.227616; 1791425356.227614; 1; 0; 0; 0
EST TCP_QUEUE; 2026-10-08-02:09:16; 1791425356.271993; 1791425356.271991; 1; 0; 0; 0
EST TCP_QUEUE; 2026-10-08-02:09:16; 1791425356.313609; 1791425356.313606; 1; 0; 0; 0
EST TCP_QUEUE; 2026-10-08-02:09:16; 1791425356.371941; 1791425356.371937; 1; 354; 0; 0
EST TCP_QUEUE; 2026-10-08-02:09:16; 1791425356.426532; 1791425356.426528; 1; 354; 0; 0
EST TCP_QUEUE; 2026-10-08-02:09:16; 1791425356.511240; 1791425356.511237; 1; 0; 0; 0
EST TCP_QUEUE; 2026-10-08-02:09:16; 1791425356.534538; 1791425356.534534; 1; 0; 0; 0
EST TCP_QUEUE; 2026-10-08-02:09:16; 1791425356.595060; 1791425356.595057; 1; 0; 0; 0
EST TCP_QUEUE; 2026-10-08-02:09:16; 1791425356.626911; 1791425356.626908; 1; 0; 0; 0
EST TCP_QUEUE; 2026-10-08-02:09:16; 1791425356.682382; 1791425356.682380; 1; 0; 0; 0
EST TCP_QUEUE; 2026-10-08-02:09:16; 1791425356.733521; 1791425356.733516; 1; 0; 0; 0
EST TCP_QUEUE; 2026-10-08-02:09:16; 1791425356.785275; 1791425356.785271; 1; 1000; 0; 0
EST TCP_QUEUE; 2026-10-08-02:09:16; 1791425356.841104; 1791425356.841102; 1; 0; 0; 0
EST TCP_QUEUE; 2026-10-08-02:09:16; 1791425356.884866; 1791425356.884863; 1; 0; 0; 0
EST TCP_QUEUE; 2026-10-08-02:09:16; 1791425356.923403; 1791425356.923399; 1; 0; 0; 0
EST TCP_QUEUE; 2026-10-08-02:09:16; 1791425356.980705; 1791425356.980703; 1; 145; 0; 0
EST TCP_QUEUE; 2026-10-08-02:09:17; 1791425357.034726; 1791425357.034724; 1; 0; 0; 0
EST TCP_QUEUE; 2026-10-08-02:09:17; 1791425357.099057; 1791425357.099051; 1; 3321; 0; 0
EST TCP_QUEUE; 2026-10-08-02:09:17; 1791425357.246787; 1791425357.246783; 1; 3321; 0; 0
EST TCP_QUEUE; 2026-10-08-02:09:17; 1791425357.332070; 1791425357.332065; 1; 1631; 0; 0
EST TCP_QUEUE; 2026-10-08-02:09:17; 1791425357.417766; 1791425357.417759; 1; 1802; 0; 0
EST TCP_QUEUE; 2026-10-08-02:09:17; 1791425357.473115; 1791425357.473110; 1; 1802; 0; 0
EST TCP_QUEUE; 2026-10-08-02:09:17; 1791425357.527449; 1791425357.527444; 1; 1802; 0; 0
EST TCP_QUEUE; 2026-10-08-02:09:17; 1791425357.577237; 1791425357.577235; 1; 1768; 0; 0
EST TCP_QUEUE; 2026-10-08-02:09:17; 1791425357.635594; 1791425357.635589; 1; 1768; 0; 0
EST TCP_QUEUE; 2026-10-08-02:09:17; 1791425357.688167; 1791425357.688156; 0; 0; 0; 0
EST TCP_QUEUE; 2026-10-08-02:09:17; 1791425357.740603; 1791425357.740598; 0; 0; 0; 0
EST TCP_QUEUE; 2026-10-08-02:09:17; 1791425357.799246; 1791425357.799241; 0; 0; 0; 0
EST TCP_QUEUE; 2026-10-08-02:09:17; 1791425357.857039; 1791425357.857031; 0; 0; 0; 0
EST TCP_QUEUE; 2026-10-08-02:09:17; 1791425357.907249; 1791425357.907245; 1; 385; 0; 0
EST TCP_QUEUE; 2026-10-08-02:09:17; 1791425357.967586; 1791425357.967583; 1; 529; 0; 0
EST TCP_QUEUE; 2026-10-08-02:09:18; 1791425358.013521; 1791425358.013519; 1; 529; 0; 0
EST TCP_QUEUE; 2026-10-08-02:09:18; 1791425358.055569; 1791425358.055566; 1; 529; 0; 0
EST TCP_QUEUE; 2026-10-08-02:09:18; 1791425358.112909; 1791425358.112904; 0; 0; 0; 0
EST TCP_QUEUE; 2026-10-08-02:09:18; 1791425358.223161; 1791425358.223157; 1; 118; 0; 0
EST TCP_QUEUE; 2026-10-08-02:09:18; 1791425358.287866; 1791425358.287861; 0; 0; 0; 0
EST TCP_QUEUE; 2026-10-08-02:09:18; 1791425358.339997; 1791425358.339995; 0; 0; 0; 0
EST TCP_QUEUE; 2026-10-08-02:09:18; 1791425358.387804; 1791425358.387799; 1; 677; 0; 0
EST TCP_QUEUE; 2026-10-08-02:09:18; 1791425358.448129; 1791425358.448126; 1; 677; 0; 0
EST TCP_QUEUE; 2026-10-08-02:09:18; 1791425358.506797; 1791425358.506795; 1; 677; 0; 0
EST TCP_QUEUE; 2026-10-08-02:09:18; 1791425358.567135; 1791425358.567131; 0; 0; 0; 0
EST TCP_QUEUE; 2026-10-08-02:09:18; 1791425358.615038; 1791425358.615035; 0; 0; 0; 0
EST TCP_QUEUE; 2026-10-08-02:09:18; 1791425358.684120; 1791425358.684116; 0; 0; 0; 0
EST TCP_QUEUE; 2026-10-08-02:09:18; 1791425358.731046; 1791425358.731043; 0; 0; 0; 0
EST TCP_QUEUE; 2026-10-08-02:09:18; 1791425358.773959; 1791425358.773956; 0; 0; 0; 0
EST TCP_QUEUE; 2026-10-08-02:09:18; 1791425358.832097; 1791425358.832094; 0; 0; 0; 0
EST TCP_QUEUE; 2026-10-08-02:09:18; 1791425358.888586; 1791425358.888584; 1; 301; 0; 0
EST TCP_QUEUE; 2026-10-08-02:09:18; 1791425358.941251; 1791425358.941248; 1; 171; 0; 0
EST TCP_QUEUE; 2026-10-08-02:09:18; 1791425358.993332; 1791425358.993328; 1; 917; 0; 0
EST TCP_QUEUE; 2026-10-08-02:09:19; 1791425359.040875; 1791425359.040873; 1; 917; 0; 0
EST TCP_QUEUE; 2026-10-08-02:09:19; 1791425359.084946; 1791425359.084943; 1; 917; 0; 0
EST TCP_QUEUE; 2026-10-08-02:09:19; 1791425359.144543; 1791425359.144539; 1; 917; 0; 0
EST TCP_QUEUE; 2026-10-08-02:09:19; 1791425359.199040; 1791425359.199038; 1; 955; 0; 0
EST TCP_QUEUE; 2026-10-08-02:09:19; 1791425359.261247; 1791425359.261244; 1; 955; 0; 0
EST TCP_QUEUE; 2026-10-08-02:09:19; 1791425359.314079; 1791425359.314073; 0; 0; 0; 0
EST TCP_QUEUE; 2026-10-08-02:09:19; 1791425359.392786; 1791425359.392783; 1; 1412; 0; 0
EST TCP_QUEUE; 2026-10-08-02:09:19; 1791425359.447432; 1791425359.447429; 1; 1412; 0; 0
EST TCP_QUEUE; 2026-10-08-02:09:19; 1791425359.509288; 1791425359.509284; 0; 0; 0; 0
EST TCP_QUEUE; 2026-10-08-02:09:19; 1791425359.565683; 1791425359.565680; 0; 0; 0; 0
EST TCP_QUEUE; 2026-10-08-02:09:19; 1791425359.616080; 1791425359.616077; 0; 0; 0; 0
EST TCP_QUEUE; 2026-10-08-02:09:19; 1791425359.668241; 1791425359.668238; 0; 0; 0; 0
EST TCP_QUEUE; 2026-10-08-02:09:19; 1791425359.720104; 1791425359.720101; 0; 0; 0; 0
EST TCP_QUEUE; 2026-10-08-02:09:19; 1791425359.777792; 1791425359.777790; 0; 0; 0; 0
EST TCP_QUEUE; 2026-10-08-02:09:19; 1791425359.831421; 1791425359.831417; 1; 290; 0; 0
EST TCP_QUEUE; 2026-10-08-02:09:19; 1791425359.885510; 1791425359.885507; 1; 290; 0; 0
EST TCP_QUEUE; 2026-10-08-02:09:19; 1791425359.938134; 1791425359.938130; 1; 290; 0; 0
EST TCP_QUEUE; 2026-10-08-02:09:19; 1791425359.989986; 1791425359.989984; 1; 0; 0; 0
EST TCP_QUEUE; 2026-10-08-02:09:20; 1791425360.040217; 1791425360.040215; 1; 0; 0; 0
EST TCP_QUEUE; 2026-10-08-02:09:20; 1791425360.081350; 1791425360.081347; 0; 0; 0; 0
EST TCP_QUEUE; 2026-10-08-02:09:20; 1791425360.141234; 1791425360.141232; 0; 0; 0; 0
EST TCP_QUEUE; 2026-10-08-02:09:20; 1791425360.215130; 1791425360.215125; 1; 1304; 0; 0
EST TCP_QUEUE; 2026-10-08-02:09:20; 1791425360.269356; 1791425360.269352; 1; 1304; 0; 0
EST TCP_QUEUE; 2026-10-08-02:09:20; 1791425360.322136; 1791425360.322133; 1; 1304; 0; 0
EST TCP_QUEUE; 2026-10-08-02:09:20; 1791425360.372005; 1791425360.372003; 0; 0; 0; 0
EST TCP_QUEUE; 2026-10-08-02:09:20; 1791425360.427079; 1791425360.427075; 0; 0; 0; 0
EST TCP_QUEUE; 2026-10-08-02:09:20; 1791425360.484638; 1791425360.484635; 0; 0; 0; 0
EST TCP_QUEUE; 2026-10-08-02:09:20; 1791425360.544566; 1791425360.544563; 0; 0; 0; 0
EST TCP_QUEUE; 2026-10-08-02:09:20; 1791425360.595402; 1791425360.595399; 0; 0; 0; 0
EST TCP_QUEUE; 2026-10-08-02:09:20; 1791425360.648187; 1791425360.648185; 0; 0; 0; 0
EST TCP_QUEUE; 2026-10-08-02:09:20; 1791425360.721423; 1791425360.721419; 1; 326; 0; 0
EST TCP_QUEUE; 2026-10-08-02:09:20; 1791425360.770734; 1791425360.770729; 1; 326; 0; 0
EST TCP_QUEUE; 2026-10-08-02:09:20; 1791425360.828206; 1791425360.828202; 1; 326; 0; 0
EST TCP_QUEUE; 2026-10-08-02:09:20; 1791425360.884602; 1791425360.884599; 1; 391; 0; 0
EST TCP_QUEUE; 2026-10-08-02:09:20; 1791425360.944423; 1791425360.944420; 1; 677; 0; 0
EST TCP_QUEUE; 2026-10-08-02:09:20; 1791425360.997447; 1791425360.997444; 1; 677; 0; 0
EST TCP_QUEUE; 2026-10-08-02:09:21; 1791425361.044702; 1791425361.044699; 1; 333; 0; 0
EST TCP_QUEUE; 2026-10-08-02:09:21; 1791425361.088609; 1791425361.088606; 1; 333; 0; 0
EST TCP_QUEUE; 2026-10-08-02:09:21; 1791425361.146812; 1791425361.146809; 1; 333; 0; 0
EST TCP_QUEUE; 2026-10-08-02:09:21; 1791425361.202426; 1791425361.202424; 0; 0; 0; 0
EST TCP_QUEUE; 2026-10-08-02:09:21; 1791425361.260665; 1791425361.260663; 1; 855; 0; 0
EST TCP_QUEUE; 2026-10-08-02:09:21; 1791425361.311677; 1791425361.311673; 1; 855; 0; 0
EST TCP_QUEUE; 2026-10-08-02:09:21; 1791425361.404260; 1791425361.404255; 0; 0; 0; 0
EST TCP_QUEUE; 2026-10-08-02:09:21; 1791425361.447354; 1791425361.447351; 0; 0; 0; 0
EST TCP_QUEUE; 2026-10-08-02:09:21; 1791425361.513061; 1791425361.513058; 0; 0; 0; 0
EST TCP_QUEUE; 2026-10-08-02:09:21; 1791425361.567217; 1791425361.567214; 0; 0; 0; 0
EST TCP_QUEUE; 2026-10-08-02:09:21; 1791425361.619182; 1791425361.619180; 0; 0; 0; 0
EST TCP_QUEUE; 2026-10-08-02:09:21; 1791425361.681393; 1791425361.681391; 1; 375; 0; 0
EST TCP_QUEUE; 2026-10-08-02:09:21; 1791425361.727818; 1791425361.727816; 1; 1175; 0; 0
EST TCP_QUEUE; 2026-10-08-02:09:21; 1791425361.807767; 1791425361.807764; 1; 1030; 0; 0
EST TCP_QUEUE; 2026-10-08-02:09:21; 1791425361.873456; 1791425361.873452; 0; 0; 0; 0
EST TCP_QUEUE; 2026-10-08-02:09:21; 1791425361.939134; 1791425361.939131; 0; 0; 0; 0
EST TCP_QUEUE; 2026-10-08-02:09:21; 1791425361.992551; 1791425361.992547; 0; 0; 0; 0
EST TCP_QUEUE; 2026-10-08-02:09:22; 1791425362.046185; 1791425362.046182; 0; 0; 0; 0
EST TCP_QUEUE; 2026-10-08-02:09:22; 1791425362.092392; 1791425362.092385; 0; 0; 0; 0
EST TCP_QUEUE; 2026-10-08-02:09:22; 1791425362.135383; 1791425362.135380; 1; 461; 0; 0
EST TCP_QUEUE; 2026-10-08-02:09:22; 1791425362.195109; 1791425362.195107; 1; 461; 0; 0
EST TCP_QUEUE; 2026-10-08-02:09:22; 1791425362.267391; 1791425362.267387; 0; 0; 0; 0
EST TCP_QUEUE; 2026-10-08-02:09:22; 1791425362.323394; 1791425362.323390; 1; 866; 0; 0
EST TCP_QUEUE; 2026-10-08-02:09:22; 1791425362.377269; 1791425362.377266; 1; 866; 0; 0
EST TCP_QUEUE; 2026-10-08-02:09:22; 1791425362.442478; 1791425362.442475; 1; 866; 0; 0
EST TCP_QUEUE; 2026-10-08-02:09:22; 1791425362.471850; 1791425362.471848; 0; 0; 0; 0
EST TCP_QUEUE; 2026-10-08-02:09:22; 1791425362.551082; 1791425362.551079; 0; 0; 0; 0
EST TCP_QUEUE; 2026-10-08-02:09:22; 1791425362.602538; 1791425362.602536; 0; 0; 0; 0
EST TCP_QUEUE; 2026-10-08-02:09:22; 1791425362.657516; 1791425362.657513; 0; 0; 0; 0
EST TCP_QUEUE; 2026-10-08-02:09:22; 1791425362.709781; 1791425362.709778; 0; 0; 0; 0
EST TCP_QUEUE; 2026-10-08-02:09:22; 1791425362.757998; 1791425362.757994; 0; 0; 0; 0
EST TCP_QUEUE; 2026-10-08-02:09:22; 1791425362.801184; 1791425362.801181; 0; 0; 0; 0
EST TCP_QUEUE; 2026-10-08-02:09:22; 1791425362.860690; 1791425362.860687; 0; 0; 0; 0
EST TCP_QUEUE; 2026-10-08-02:09:22; 1791425362.915359; 1791425362.915357; 0; 0; 0; 0
EST TCP_QUEUE; 2026-10-08-02:09:22; 1791425362.981477; 1791425362.981474; 0; 0; 0; 0
EST TCP_QUEUE; 2026-10-08-02:09:23; 1791425363.035611; 1791425363.035607; 0; 0; 0; 0
EST TCP_QUEUE; 2026-10-08-02:09:23; 1791425363.081075; 1791425363.081072; 0; 0; 0; 0
EST TCP_QUEUE; 2026-10-08-02:09:23; 1791425363.130684; 1791425363.130682; 0; 0; 0; 0
EST TCP_QUEUE; 2026-10-08-02:09:23; 1791425363.182621; 1791425363.182619; 0; 0; 0; 0
EST TCP_QUEUE; 2026-10-08-02:09:23; 1791425363.298860; 1791425363.298856; 1; 636; 0; 0
EST TCP_QUEUE; 2026-10-08-02:09:23; 1791425363.353192; 1791425363.353189; 1; 636; 0; 0
EST TCP_QUEUE; 2026-10-08-02:09:23; 1791425363.407981; 1791425363.407977; 1; 636; 0; 0
EST TCP_QUEUE; 2026-10-08-02:09:23; 1791425363.463561; 1791425363.463557; 1; 636; 0; 0
EST TCP_QUEUE; 2026-10-08-02:09:23; 1791425363.507123; 1791425363.507120; 0; 0; 0; 0
EST TCP_QUEUE; 2026-10-08-02:09:23; 1791425363.565758; 1791425363.565756; 0; 0; 0; 0
EST TCP_QUEUE; 2026-10-08-02:09:23; 1791425363.618709; 1791425363.618707; 0; 0; 0; 0
EST TCP_QUEUE; 2026-10-08-02:09:23; 1791425363.669263; 1791425363.669260; 0; 0; 0; 0
EST TCP_QUEUE; 2026-10-08-02:09:23; 1791425363.722000; 1791425363.721996; 0; 0; 0; 0
EST TCP_QUEUE; 2026-10-08-02:09:23; 1791425363.775679; 1791425363.775674; 0; 0; 0; 0
EST TCP_QUEUE; 2026-10-08-02:09:23; 1791425363.817117; 1791425363.817113; 0; 0; 0; 0
EST TCP_QUEUE; 2026-10-08-02:09:23; 1791425363.886553; 1791425363.886551; 0; 0; 0; 0
EST TCP_QUEUE; 2026-10-08-02:09:23; 1791425363.942928; 1791425363.942925; 0; 0; 0; 0
EST TCP_QUEUE; 2026-10-08-02:09:23; 1791425363.993560; 1791425363.993557; 0; 0; 0; 0
EST TCP_QUEUE; 2026-10-08-02:09:24; 1791425364.051678; 1791425364.051675; 0; 0; 0; 0
EST TCP_QUEUE; 2026-10-08-02:09:24; 1791425364.103479; 1791425364.103476; 0; 0; 0; 0
EST TCP_QUEUE; 2026-10-08-02:09:24; 1791425364.147150; 1791425364.147148; 0; 0; 0; 0
WAN 02:09:24.760655 IP (tos 0x0, ttl 127, id 58883, offset 0, flags [DF], proto TCP (6), length 64)
WAN     192.168.2.70.48312 > 172.66.0.218.443: Flags [S], cksum 0x4611 (correct), seq 3543103209, win 65535, options [mss 1460,nop,wscale 8,nop,nop,sackOK,nop,nop,TS val 3394153729 ecr 0], length 0
WAN 02:09:24.791582 IP (tos 0x0, ttl 56, id 0, offset 0, flags [DF], proto TCP (6), length 60)
WAN     172.66.0.218.443 > 192.168.2.70.48312: Flags [S.], cksum 0x01db (correct), seq 4131355626, ack 3543103210, win 65535, options [mss 1400,sackOK,TS val 895463128 ecr 3394153729,nop,wscale 13], length 0
LAN 02:09:24.756768 IP (tos 0x0, ttl 128, id 58883, offset 0, flags [DF], proto TCP (6), length 52)
LAN     192.168.56.1.48312 > 172.66.0.218.443: Flags [S], cksum 0xc0bd (correct), seq 3543103209, win 65535, options [mss 1460,nop,wscale 8,nop,nop,sackOK], length 0
LAN 02:09:24.791917 IP (tos 0x0, ttl 55, id 0, offset 0, flags [DF], proto TCP (6), length 60)
LAN     172.66.0.218.443 > 192.168.56.1.48312: Flags [S.], cksum 0x2aad (correct), seq 4131355626, ack 3543103210, win 65535, options [mss 1400,sackOK,nop,nop,nop,nop,nop,nop,nop,nop,nop,nop,nop,wscale 13], length 0
WAN 02:09:24.805803 IP (tos 0x0, ttl 127, id 2072, offset 0, flags [DF], proto TCP (6), length 64)
WAN     192.168.2.70.49999 > 162.159.140.220.443: Flags [S], cksum 0xf2b4 (correct), seq 714336747, win 65535, options [mss 1460,nop,wscale 8,nop,nop,sackOK,nop,nop,TS val 3394153729 ecr 0], length 0
WAN 02:09:24.836328 IP (tos 0x0, ttl 56, id 0, offset 0, flags [DF], proto TCP (6), length 60)
WAN     162.159.140.220.443 > 192.168.2.70.49999: Flags [S.], cksum 0x9087 (correct), seq 2068498402, ack 714336748, win 65535, options [mss 1400,sackOK,TS val 1205725518 ecr 3394153729,nop,wscale 13], length 0
LAN 02:09:24.805392 IP (tos 0x0, ttl 128, id 2072, offset 0, flags [DF], proto TCP (6), length 52)
LAN     192.168.56.1.49999 > 162.159.140.220.443: Flags [S], cksum 0x6d61 (correct), seq 714336747, win 65535, options [mss 1460,nop,wscale 8,nop,nop,sackOK], length 0
LAN 02:09:24.838421 IP (tos 0x0, ttl 55, id 0, offset 0, flags [DF], proto TCP (6), length 60)
LAN     162.159.140.220.443 > 192.168.56.1.49999: Flags [S.], cksum 0x064e (correct), seq 2068498402, ack 714336748, win 65535, options [mss 1400,sackOK,nop,nop,nop,nop,nop,nop,nop,nop,nop,nop,nop,wscale 13], length 0
LAN 02:09:25.285411 IP (tos 0x0, ttl 128, id 9954, offset 0, flags [DF], proto TCP (6), length 52)
LAN     192.168.56.1.40105 > 94.140.14.14.5443: Flags [S], cksum 0x444b (correct), seq 1070191563, win 65535, options [mss 1460,nop,wscale 8,nop,nop,sackOK], length 0
LAN 02:09:25.285411 IP (tos 0x0, ttl 128, id 9955, offset 0, flags [DF], proto TCP (6), length 52)
LAN     192.168.56.1.40106 > 94.140.14.14.5443: Flags [S], cksum 0xee41 (correct), seq 417288382, win 65535, options [mss 1460,nop,wscale 8,nop,nop,sackOK], length 0
LAN 02:09:25.285707 IP (tos 0x0, ttl 128, id 9956, offset 0, flags [DF], proto TCP (6), length 52)
LAN     192.168.56.1.40107 > 94.140.14.14.5443: Flags [S], cksum 0x4c91 (correct), seq 2689886968, win 65535, options [mss 1460,nop,wscale 8,nop,nop,sackOK], length 0
LAN 02:09:25.289926 IP (tos 0x0, ttl 128, id 9957, offset 0, flags [DF], proto TCP (6), length 52)
LAN     192.168.56.1.40108 > 94.140.14.14.5443: Flags [S], cksum 0xd4e8 (correct), seq 2324363369, win 65535, options [mss 1460,nop,wscale 8,nop,nop,sackOK], length 0
WAN 02:09:25.295473 IP (tos 0x0, ttl 127, id 9954, offset 0, flags [DF], proto TCP (6), length 64)
WAN     192.168.2.70.40105 > 94.140.14.14.5443: Flags [S], cksum 0xc99e (correct), seq 1070191563, win 65535, options [mss 1460,nop,wscale 8,nop,nop,sackOK,nop,nop,TS val 3394153729 ecr 0], length 0
WAN 02:09:25.295481 IP (tos 0x0, ttl 127, id 9955, offset 0, flags [DF], proto TCP (6), length 64)
WAN     192.168.2.70.40106 > 94.140.14.14.5443: Flags [S], cksum 0x7395 (correct), seq 417288382, win 65535, options [mss 1460,nop,wscale 8,nop,nop,sackOK,nop,nop,TS val 3394153729 ecr 0], length 0
WAN 02:09:25.295483 IP (tos 0x0, ttl 127, id 9956, offset 0, flags [DF], proto TCP (6), length 64)
WAN     192.168.2.70.40107 > 94.140.14.14.5443: Flags [S], cksum 0xd1e4 (correct), seq 2689886968, win 65535, options [mss 1460,nop,wscale 8,nop,nop,sackOK,nop,nop,TS val 3394153729 ecr 0], length 0
WAN 02:09:25.295485 IP (tos 0x0, ttl 127, id 9957, offset 0, flags [DF], proto TCP (6), length 64)
WAN     192.168.2.70.40108 > 94.140.14.14.5443: Flags [S], cksum 0x5a3c (correct), seq 2324363369, win 65535, options [mss 1460,nop,wscale 8,nop,nop,sackOK,nop,nop,TS val 3394153729 ecr 0], length 0
LAN 02:09:25.330660 IP (tos 0x0, ttl 56, id 0, offset 0, flags [DF], proto TCP (6), length 60)
LAN     94.140.14.14.5443 > 192.168.56.1.40108: Flags [S.], cksum 0x258d (correct), seq 355781717, ack 2324363370, win 43440, options [mss 1460,sackOK,nop,nop,nop,nop,nop,nop,nop,nop,nop,nop,nop,wscale 12], length 0
LAN 02:09:25.330944 IP (tos 0x0, ttl 55, id 0, offset 0, flags [DF], proto TCP (6), length 60)
LAN     94.140.14.14.5443 > 192.168.56.1.40105: Flags [S.], cksum 0x042e (correct), seq 865091259, ack 1070191564, win 43440, options [mss 1460,sackOK,nop,nop,nop,nop,nop,nop,nop,nop,nop,nop,nop,wscale 12], length 0
LAN 02:09:25.331083 IP (tos 0x0, ttl 55, id 0, offset 0, flags [DF], proto TCP (6), length 60)
LAN     94.140.14.14.5443 > 192.168.56.1.40106: Flags [S.], cksum 0x6398 (correct), seq 2287154308, ack 417288383, win 43440, options [mss 1460,sackOK,nop,nop,nop,nop,nop,nop,nop,nop,nop,nop,nop,wscale 12], length 0
LAN 02:09:25.331383 IP (tos 0x0, ttl 55, id 0, offset 0, flags [DF], proto TCP (6), length 60)
LAN     94.140.14.14.5443 > 192.168.56.1.40107: Flags [S.], cksum 0xa501 (correct), seq 3774019786, ack 2689886969, win 43440, options [mss 1460,sackOK,nop,nop,nop,nop,nop,nop,nop,nop,nop,nop,nop,wscale 12], length 0
WAN 02:09:25.329784 IP (tos 0x0, ttl 57, id 0, offset 0, flags [DF], proto TCP (6), length 60)
WAN     94.140.14.14.5443 > 192.168.2.70.40108: Flags [S.], cksum 0x8d24 (correct), seq 355781717, ack 2324363370, win 43440, options [mss 1460,sackOK,TS val 4211824834 ecr 3394153729,nop,wscale 12], length 0
WAN 02:09:25.329784 IP (tos 0x0, ttl 56, id 0, offset 0, flags [DF], proto TCP (6), length 60)
WAN     94.140.14.14.5443 > 192.168.2.70.40105: Flags [S.], cksum 0x7618 (correct), seq 865091259, ack 1070191564, win 43440, options [mss 1460,sackOK,TS val 2667686521 ecr 3394153729,nop,wscale 12], length 0
WAN 02:09:25.329784 IP (tos 0x0, ttl 56, id 0, offset 0, flags [DF], proto TCP (6), length 60)
WAN     94.140.14.14.5443 > 192.168.2.70.40106: Flags [S.], cksum 0xb493 (correct), seq 2287154308, ack 417288383, win 43440, options [mss 1460,sackOK,TS val 2538525467 ecr 3394153729,nop,wscale 12], length 0
WAN 02:09:25.329965 IP (tos 0x0, ttl 56, id 0, offset 0, flags [DF], proto TCP (6), length 60)
WAN     94.140.14.14.5443 > 192.168.2.70.40107: Flags [S.], cksum 0x46af (correct), seq 3774019786, ack 2689886969, win 43440, options [mss 1460,sackOK,TS val 1470677519 ecr 3394153729,nop,wscale 12], length 0
WAN 02:09:25.402082 IP (tos 0x0, ttl 127, id 17208, offset 0, flags [DF], proto TCP (6), length 64)
WAN     192.168.2.70.40110 > 172.172.255.217.443: Flags [S], cksum 0x9157 (correct), seq 2153422616, win 65535, options [mss 1460,nop,wscale 8,nop,nop,sackOK,nop,nop,TS val 3394153729 ecr 0], length 0
WAN 02:09:25.448584 IP (tos 0x0, ttl 113, id 34780, offset 0, flags [DF], proto TCP (6), length 52)
WAN     172.172.255.217.443 > 192.168.2.70.40110: Flags [S.], cksum 0xd155 (correct), seq 3697767436, ack 2153422617, win 8192, options [mss 1440,nop,wscale 0,nop,nop,sackOK], length 0
LAN 02:09:25.388306 IP (tos 0x0, ttl 128, id 17208, offset 0, flags [DF], proto TCP (6), length 52)
LAN     192.168.56.1.40110 > 172.172.255.217.443: Flags [S], cksum 0x0c04 (correct), seq 2153422616, win 65535, options [mss 1460,nop,wscale 8,nop,nop,sackOK], length 0
LAN 02:09:25.450249 IP (tos 0x0, ttl 112, id 34780, offset 0, flags [DF], proto TCP (6), length 52)
LAN     172.172.255.217.443 > 192.168.56.1.40110: Flags [S.], cksum 0x9b9a (correct), seq 3697767436, ack 2153422617, win 8192, options [mss 1440,nop,wscale 0,nop,nop,sackOK], length 0
WAN 02:09:25.693677 IP (tos 0x0, ttl 127, id 9978, offset 0, flags [DF], proto TCP (6), length 64)
WAN     192.168.2.70.26265 > 94.140.14.14.5443: Flags [S], cksum 0x8c52 (correct), seq 3133787175, win 65535, options [mss 1460,nop,wscale 8,nop,nop,sackOK,nop,nop,TS val 3394153729 ecr 0], length 0
WAN 02:09:25.693819 IP (tos 0x0, ttl 127, id 9979, offset 0, flags [DF], proto TCP (6), length 64)
WAN     192.168.2.70.52700 > 94.140.14.14.443: Flags [S], cksum 0x9815 (correct), seq 2301402694, win 65535, options [mss 1460,nop,wscale 8,nop,nop,sackOK,nop,nop,TS val 3394153729 ecr 0], length 0
WAN 02:09:25.694728 IP (tos 0x0, ttl 127, id 9980, offset 0, flags [DF], proto TCP (6), length 64)
WAN     192.168.2.70.48158 > 94.140.14.14.5443: Flags [S], cksum 0x33fd (correct), seq 3952123440, win 65535, options [mss 1460,nop,wscale 8,nop,nop,sackOK,nop,nop,TS val 3394153729 ecr 0], length 0
WAN 02:09:25.695830 IP (tos 0x0, ttl 127, id 9981, offset 0, flags [DF], proto TCP (6), length 64)
WAN     192.168.2.70.48159 > 94.140.14.14.5443: Flags [S], cksum 0x2131 (correct), seq 2526283256, win 65535, options [mss 1460,nop,wscale 8,nop,nop,sackOK,nop,nop,TS val 3394153729 ecr 0], length 0
WAN 02:09:25.695849 IP (tos 0x0, ttl 127, id 9982, offset 0, flags [DF], proto TCP (6), length 64)
WAN     192.168.2.70.48160 > 94.140.14.14.5443: Flags [S], cksum 0xd861 (correct), seq 1709801329, win 65535, options [mss 1460,nop,wscale 8,nop,nop,sackOK,nop,nop,TS val 3394153729 ecr 0], length 0
WAN 02:09:25.695854 IP (tos 0x0, ttl 127, id 9983, offset 0, flags [DF], proto TCP (6), length 64)
WAN     192.168.2.70.48161 > 94.140.14.14.5443: Flags [S], cksum 0xd003 (correct), seq 979219290, win 65535, options [mss 1460,nop,wscale 8,nop,nop,sackOK,nop,nop,TS val 3394153729 ecr 0], length 0
LAN 02:09:25.690513 IP (tos 0x0, ttl 128, id 9978, offset 0, flags [DF], proto TCP (6), length 52)
LAN     192.168.56.1.26265 > 94.140.14.14.5443: Flags [S], cksum 0x06ff (correct), seq 3133787175, win 65535, options [mss 1460,nop,wscale 8,nop,nop,sackOK], length 0
LAN 02:09:25.690513 IP (tos 0x0, ttl 128, id 9979, offset 0, flags [DF], proto TCP (6), length 52)
LAN     192.168.56.1.52700 > 94.140.14.14.443: Flags [S], cksum 0x12c2 (correct), seq 2301402694, win 65535, options [mss 1460,nop,wscale 8,nop,nop,sackOK], length 0
LAN 02:09:25.691936 IP (tos 0x0, ttl 128, id 9980, offset 0, flags [DF], proto TCP (6), length 52)
LAN     192.168.56.1.48158 > 94.140.14.14.5443: Flags [S], cksum 0xaea9 (correct), seq 3952123440, win 65535, options [mss 1460,nop,wscale 8,nop,nop,sackOK], length 0
LAN 02:09:25.692467 IP (tos 0x0, ttl 128, id 9981, offset 0, flags [DF], proto TCP (6), length 52)
LAN     192.168.56.1.48159 > 94.140.14.14.5443: Flags [S], cksum 0x9bdd (correct), seq 2526283256, win 65535, options [mss 1460,nop,wscale 8,nop,nop,sackOK], length 0
LAN 02:09:25.692467 IP (tos 0x0, ttl 128, id 9982, offset 0, flags [DF], proto TCP (6), length 52)
LAN     192.168.56.1.48160 > 94.140.14.14.5443: Flags [S], cksum 0x530e (correct), seq 1709801329, win 65535, options [mss 1460,nop,wscale 8,nop,nop,sackOK], length 0
LAN 02:09:25.692467 IP (tos 0x0, ttl 128, id 9983, offset 0, flags [DF], proto TCP (6), length 52)
LAN     192.168.56.1.48161 > 94.140.14.14.5443: Flags [S], cksum 0x4ab0 (correct), seq 979219290, win 65535, options [mss 1460,nop,wscale 8,nop,nop,sackOK], length 0
EST TCP_QUEUE; 2026-10-08-02:09:24; 1791425364.204837; 1791425364.204831; 0; 0; 0; 0
EST TCP_QUEUE; 2026-10-08-02:09:24; 1791425364.265185; 1791425364.265182; 0; 0; 0; 0
EST TCP_QUEUE; 2026-10-08-02:09:24; 1791425364.319261; 1791425364.319258; 0; 0; 0; 0
EST TCP_QUEUE; 2026-10-08-02:09:24; 1791425364.376235; 1791425364.376232; 0; 0; 0; 0
EST TCP_QUEUE; 2026-10-08-02:09:24; 1791425364.423356; 1791425364.423353; 0; 0; 0; 0
EST TCP_QUEUE; 2026-10-08-02:09:24; 1791425364.463792; 1791425364.463789; 0; 0; 0; 0
EST TCP_QUEUE; 2026-10-08-02:09:24; 1791425364.522628; 1791425364.522626; 0; 0; 0; 0
EST TCP_QUEUE; 2026-10-08-02:09:24; 1791425364.584837; 1791425364.584835; 0; 0; 0; 0
EST TCP_QUEUE; 2026-10-08-02:09:24; 1791425364.640915; 1791425364.640912; 0; 0; 0; 0
EST TCP_QUEUE; 2026-10-08-02:09:24; 1791425364.693423; 1791425364.693420; 0; 0; 0; 0
EST TCP_QUEUE; 2026-10-08-02:09:24; 1791425364.744609; 1791425364.744606; 0; 0; 0; 0
EST TCP_QUEUE; 2026-10-08-02:09:24; 1791425364.780874; 1791425364.780871; 0; 0; 0; 0
EST TCP_QUEUE; 2026-10-08-02:09:24; 1791425364.836830; 1791425364.836828; 0; 0; 0; 0
EST TCP_QUEUE; 2026-10-08-02:09:24; 1791425364.894117; 1791425364.894114; 1; 441; 0; 0
EST TCP_QUEUE; 2026-10-08-02:09:24; 1791425364.943129; 1791425364.943126; 1; 441; 0; 0
EST TCP_QUEUE; 2026-10-08-02:09:24; 1791425364.998551; 1791425364.998548; 1; 0; 0; 0
EST TCP_QUEUE; 2026-10-08-02:09:25; 1791425365.044952; 1791425365.044949; 1; 0; 0; 0
EST TCP_QUEUE; 2026-10-08-02:09:25; 1791425365.085822; 1791425365.085818; 1; 0; 0; 0
EST TCP_QUEUE; 2026-10-08-02:09:25; 1791425365.180336; 1791425365.180332; 1; 0; 0; 0
WAN 02:09:25.726472 IP (tos 0x0, ttl 57, id 0, offset 0, flags [DF], proto TCP (6), length 60)
WAN     94.140.14.14.5443 > 192.168.2.70.48158: Flags [S.], cksum 0xdafe (correct), seq 3879905112, ack 3952123441, win 43440, options [mss 1460,sackOK,TS val 194914053 ecr 3394153729,nop,wscale 12], length 0
WAN 02:09:25.726472 IP (tos 0x0, ttl 57, id 0, offset 0, flags [DF], proto TCP (6), length 60)
WAN     94.140.14.14.5443 > 192.168.2.70.26265: Flags [S.], cksum 0x6a2c (correct), seq 841063113, ack 3133787176, win 43440, options [mss 1460,sackOK,TS val 3727155027 ecr 3394153729,nop,wscale 12], length 0
WAN 02:09:25.726472 IP (tos 0x0, ttl 56, id 0, offset 0, flags [DF], proto TCP (6), length 60)
WAN     94.140.14.14.443 > 192.168.2.70.52700: Flags [S.], cksum 0x22c7 (correct), seq 384815928, ack 2301402695, win 43440, options [mss 1460,sackOK,TS val 4100980470 ecr 3394153729,nop,wscale 12], length 0
WAN 02:09:25.728358 IP (tos 0x0, ttl 56, id 0, offset 0, flags [DF], proto TCP (6), length 60)
WAN     94.140.14.14.5443 > 192.168.2.70.48159: Flags [S.], cksum 0xf220 (correct), seq 1761146192, ack 2526283257, win 43440, options [mss 1460,sackOK,TS val 3789051694 ecr 3394153729,nop,wscale 12], length 0
WAN 02:09:25.728358 IP (tos 0x0, ttl 56, id 0, offset 0, flags [DF], proto TCP (6), length 60)
WAN     94.140.14.14.5443 > 192.168.2.70.48160: Flags [S.], cksum 0x6c07 (correct), seq 2573838255, ack 1709801330, win 43440, options [mss 1460,sackOK,TS val 4043350656 ecr 3394153729,nop,wscale 12], length 0
WAN 02:09:25.731012 IP (tos 0x0, ttl 56, id 0, offset 0, flags [DF], proto TCP (6), length 60)
WAN     94.140.14.14.5443 > 192.168.2.70.48161: Flags [S.], cksum 0xa9fa (correct), seq 3401762373, ack 979219291, win 43440, options [mss 1460,sackOK,TS val 1543610687 ecr 3394153729,nop,wscale 12], length 0
WAN 02:09:25.741123 IP (tos 0x0, ttl 127, id 9997, offset 0, flags [DF], proto TCP (6), length 64)
WAN     192.168.2.70.48162 > 94.140.14.14.5443: Flags [S], cksum 0x8a6f (correct), seq 2669843496, win 65535, options [mss 1460,nop,wscale 8,nop,nop,sackOK,nop,nop,TS val 3394153729 ecr 0], length 0
WAN 02:09:25.741826 IP (tos 0x0, ttl 127, id 9998, offset 0, flags [DF], proto TCP (6), length 64)
WAN     192.168.2.70.48163 > 94.140.14.14.5443: Flags [S], cksum 0x90f5 (correct), seq 2003350875, win 65535, options [mss 1460,nop,wscale 8,nop,nop,sackOK,nop,nop,TS val 3394153729 ecr 0], length 0
WAN 02:09:25.772695 IP (tos 0x0, ttl 57, id 0, offset 0, flags [DF], proto TCP (6), length 60)
WAN     94.140.14.14.5443 > 192.168.2.70.48163: Flags [S.], cksum 0x3bc5 (correct), seq 3603878388, ack 2003350876, win 43440, options [mss 1460,sackOK,TS val 2334689668 ecr 3394153729,nop,wscale 12], length 0
WAN 02:09:25.773482 IP (tos 0x0, ttl 56, id 0, offset 0, flags [DF], proto TCP (6), length 60)
WAN     94.140.14.14.5443 > 192.168.2.70.48162: Flags [S.], cksum 0x6681 (correct), seq 1519636326, ack 2669843497, win 43440, options [mss 1460,sackOK,TS val 2653668360 ecr 3394153729,nop,wscale 12], length 0
LAN 02:09:25.726948 IP (tos 0x0, ttl 56, id 0, offset 0, flags [DF], proto TCP (6), length 60)
LAN     94.140.14.14.5443 > 192.168.56.1.48158: Flags [S.], cksum 0x523c (correct), seq 3879905112, ack 3952123441, win 43440, options [mss 1460,sackOK,nop,nop,nop,nop,nop,nop,nop,nop,nop,nop,nop,wscale 12], length 0
LAN 02:09:25.727254 IP (tos 0x0, ttl 56, id 0, offset 0, flags [DF], proto TCP (6), length 60)
LAN     94.140.14.14.5443 > 192.168.56.1.26265: Flags [S.], cksum 0x6c42 (correct), seq 841063113, ack 3133787176, win 43440, options [mss 1460,sackOK,nop,nop,nop,nop,nop,nop,nop,nop,nop,nop,nop,wscale 12], length 0
LAN 02:09:25.727437 IP (tos 0x0, ttl 55, id 0, offset 0, flags [DF], proto TCP (6), length 60)
LAN     94.140.14.14.443 > 192.168.56.1.52700: Flags [S.], cksum 0x5ac8 (correct), seq 384815928, ack 2301402695, win 43440, options [mss 1460,sackOK,nop,nop,nop,nop,nop,nop,nop,nop,nop,nop,nop,wscale 12], length 0
LAN 02:09:25.728699 IP (tos 0x0, ttl 55, id 0, offset 0, flags [DF], proto TCP (6), length 60)
LAN     94.140.14.14.5443 > 192.168.56.1.48159: Flags [S.], cksum 0x6fc2 (correct), seq 1761146192, ack 2526283257, win 43440, options [mss 1460,sackOK,nop,nop,nop,nop,nop,nop,nop,nop,nop,nop,nop,wscale 12], length 0
LAN 02:09:25.729088 IP (tos 0x0, ttl 55, id 0, offset 0, flags [DF], proto TCP (6), length 60)
LAN     94.140.14.14.5443 > 192.168.56.1.48160: Flags [S.], cksum 0x4423 (correct), seq 2573838255, ack 1709801330, win 43440, options [mss 1460,sackOK,nop,nop,nop,nop,nop,nop,nop,nop,nop,nop,nop,wscale 12], length 0
LAN 02:09:25.731324 IP (tos 0x0, ttl 55, id 0, offset 0, flags [DF], proto TCP (6), length 60)
LAN     94.140.14.14.5443 > 192.168.56.1.48161: Flags [S.], cksum 0xebd5 (correct), seq 3401762373, ack 979219291, win 43440, options [mss 1460,sackOK,nop,nop,nop,nop,nop,nop,nop,nop,nop,nop,nop,wscale 12], length 0
LAN 02:09:25.740753 IP (tos 0x0, ttl 128, id 9997, offset 0, flags [DF], proto TCP (6), length 52)
LAN     192.168.56.1.48162 > 94.140.14.14.5443: Flags [S], cksum 0x051c (correct), seq 2669843496, win 65535, options [mss 1460,nop,wscale 8,nop,nop,sackOK], length 0
LAN 02:09:25.741348 IP (tos 0x0, ttl 128, id 9998, offset 0, flags [DF], proto TCP (6), length 52)
LAN     192.168.56.1.48163 > 94.140.14.14.5443: Flags [S], cksum 0x0ba2 (correct), seq 2003350875, win 65535, options [mss 1460,nop,wscale 8,nop,nop,sackOK], length 0
LAN 02:09:25.773083 IP (tos 0x0, ttl 56, id 0, offset 0, flags [DF], proto TCP (6), length 60)
LAN     94.140.14.14.5443 > 192.168.56.1.48163: Flags [S.], cksum 0x950c (correct), seq 3603878388, ack 2003350876, win 43440, options [mss 1460,sackOK,nop,nop,nop,nop,nop,nop,nop,nop,nop,nop,nop,wscale 12], length 0
LAN 02:09:25.773755 IP (tos 0x0, ttl 55, id 0, offset 0, flags [DF], proto TCP (6), length 60)
LAN     94.140.14.14.5443 > 192.168.56.1.48162: Flags [S.], cksum 0x0d50 (correct), seq 1519636326, ack 2669843497, win 43440, options [mss 1460,sackOK,nop,nop,nop,nop,nop,nop,nop,nop,nop,nop,nop,wscale 12], length 0
EST TCP_QUEUE; 2026-10-08-02:09:25; 1791425365.199270; 1791425365.199266; 1; 0; 0; 0
EST TCP_QUEUE; 2026-10-08-02:09:25; 1791425365.252482; 1791425365.252480; 1; 0; 0; 0
EST TCP_QUEUE; 2026-10-08-02:09:25; 1791425365.317506; 1791425365.317503; 1; 0; 0; 0
EST TCP_QUEUE; 2026-10-08-02:09:25; 1791425365.348536; 1791425365.348533; 1; 0; 0; 0
EST TCP_QUEUE; 2026-10-08-02:09:25; 1791425365.395311; 1791425365.395308; 1; 0; 0; 0
EST TCP_QUEUE; 2026-10-08-02:09:25; 1791425365.450638; 1791425365.450632; 1; 6762; 0; 0
EST TCP_QUEUE; 2026-10-08-02:09:25; 1791425365.506670; 1791425365.506666; 1; 6762; 0; 0
EST TCP_QUEUE; 2026-10-08-02:09:25; 1791425365.552920; 1791425365.552916; 1; 1601; 1; 0
EST TCP_QUEUE; 2026-10-08-02:09:25; 1791425365.621133; 1791425365.621127; 1; 1413; 1; 0
EST TCP_QUEUE; 2026-10-08-02:09:25; 1791425365.656360; 1791425365.656356; 1; 1413; 1; 0
EST TCP_QUEUE; 2026-10-08-02:09:25; 1791425365.696034; 1791425365.696030; 1; 6762; 1; 0
EST TCP_QUEUE; 2026-10-08-02:09:25; 1791425365.752349; 1791425365.752346; 1; 6762; 1; 0
EST TCP_QUEUE; 2026-10-08-02:09:25; 1791425365.807869; 1791425365.807866; 1; 0; 0; 0
EST TCP_QUEUE; 2026-10-08-02:09:25; 1791425365.859600; 1791425365.859598; 1; 0; 0; 0
EST TCP_QUEUE; 2026-10-08-02:09:25; 1791425365.916912; 1791425365.916908; 1; 268; 0; 0
EST TCP_QUEUE; 2026-10-08-02:09:25; 1791425365.962192; 1791425365.962188; 1; 268; 0; 0
EST TCP_QUEUE; 2026-10-08-02:09:26; 1791425366.004301; 1791425366.004296; 1; 894; 0; 0
EST TCP_QUEUE; 2026-10-08-02:09:26; 1791425366.061742; 1791425366.061735; 1; 894; 0; 0
EST TCP_QUEUE; 2026-10-08-02:09:26; 1791425366.129281; 1791425366.129275; 1; 1579; 0; 0
EST TCP_QUEUE; 2026-10-08-02:09:26; 1791425366.168707; 1791425366.168705; 1; 2562; 0; 0
EST TCP_QUEUE; 2026-10-08-02:09:26; 1791425366.223580; 1791425366.223577; 1; 327; 0; 0
EST TCP_QUEUE; 2026-10-08-02:09:26; 1791425366.269172; 1791425366.269168; 1; 0; 0; 0
EST TCP_QUEUE; 2026-10-08-02:09:26; 1791425366.309588; 1791425366.309586; 1; 0; 0; 0
EST TCP_QUEUE; 2026-10-08-02:09:26; 1791425366.375080; 1791425366.375068; 1; 883; 0; 0
EST TCP_QUEUE; 2026-10-08-02:09:26; 1791425366.427808; 1791425366.427804; 1; 883; 0; 0
EST TCP_QUEUE; 2026-10-08-02:09:26; 1791425366.473045; 1791425366.473042; 1; 0; 0; 0
EST TCP_QUEUE; 2026-10-08-02:09:26; 1791425366.526945; 1791425366.526942; 1; 0; 0; 0
EST TCP_QUEUE; 2026-10-08-02:09:26; 1791425366.574090; 1791425366.574087; 1; 0; 0; 0
EST TCP_QUEUE; 2026-10-08-02:09:26; 1791425366.615317; 1791425366.615314; 1; 0; 0; 0
EST TCP_QUEUE; 2026-10-08-02:09:26; 1791425366.677977; 1791425366.677975; 1; 2778; 0; 0
EST TCP_QUEUE; 2026-10-08-02:09:26; 1791425366.731200; 1791425366.731197; 1; 2778; 0; 0
EST TCP_QUEUE; 2026-10-08-02:09:26; 1791425366.798708; 1791425366.798706; 1; 7410; 0; 0
EST TCP_QUEUE; 2026-10-08-02:09:26; 1791425366.866197; 1791425366.866193; 1; 0; 0; 0
EST TCP_QUEUE; 2026-10-08-02:09:26; 1791425366.890734; 1791425366.890731; 1; 0; 0; 0
EST TCP_QUEUE; 2026-10-08-02:09:26; 1791425366.957890; 1791425366.957885; 1; 0; 0; 0
EST TCP_QUEUE; 2026-10-08-02:09:26; 1791425366.992928; 1791425366.992924; 1; 0; 0; 0
EST TCP_QUEUE; 2026-10-08-02:09:27; 1791425367.055911; 1791425367.055908; 1; 0; 0; 0
EST TCP_QUEUE; 2026-10-08-02:09:27; 1791425367.117838; 1791425367.117834; 1; 0; 0; 0
EST TCP_QUEUE; 2026-10-08-02:09:27; 1791425367.155661; 1791425367.155656; 1; 0; 0; 0
EST TCP_QUEUE; 2026-10-08-02:09:27; 1791425367.195201; 1791425367.195199; 1; 0; 0; 0
EST TCP_QUEUE; 2026-10-08-02:09:27; 1791425367.239807; 1791425367.239805; 1; 0; 0; 0
EST TCP_QUEUE; 2026-10-08-02:09:27; 1791425367.306819; 1791425367.306815; 1; 0; 0; 0
EST TCP_QUEUE; 2026-10-08-02:09:27; 1791425367.403210; 1791425367.403207; 1; 2627; 0; 0
EST TCP_QUEUE; 2026-10-08-02:09:27; 1791425367.473104; 1791425367.473101; 1; 22532; 0; 0
EST TCP_QUEUE; 2026-10-08-02:09:27; 1791425367.567085; 1791425367.567077; 1; 22952; 0; 0
EST TCP_QUEUE; 2026-10-08-02:09:27; 1791425367.581664; 1791425367.581661; 1; 15820; 0; 0
EST TCP_QUEUE; 2026-10-08-02:09:27; 1791425367.585428; 1791425367.585426; 1; 15820; 0; 0
EST TCP_QUEUE; 2026-10-08-02:09:27; 1791425367.607297; 1791425367.607293; 1; 15820; 0; 0
WAN 02:09:27.748061 IP (tos 0x0, ttl 127, id 10033, offset 0, flags [DF], proto TCP (6), length 64)
WAN     192.168.2.70.48165 > 94.140.14.14.5443: Flags [S], cksum 0x41a0 (correct), seq 1246835142, win 65535, options [mss 1460,nop,wscale 8,nop,nop,sackOK,nop,nop,TS val 3394153729 ecr 0], length 0
WAN 02:09:27.748853 IP (tos 0x0, ttl 127, id 10032, offset 0, flags [DF], proto TCP (6), length 64)
WAN     192.168.2.70.48164 > 94.140.14.14.5443: Flags [S], cksum 0x9126 (correct), seq 1880931445, win 65535, options [mss 1460,nop,wscale 8,nop,nop,sackOK,nop,nop,TS val 3394153729 ecr 0], length 0
WAN 02:09:27.749284 IP (tos 0x0, ttl 127, id 10034, offset 0, flags [DF], proto TCP (6), length 64)
WAN     192.168.2.70.48166 > 94.140.14.14.5443: Flags [S], cksum 0x3f05 (correct), seq 1144666743, win 65535, options [mss 1460,nop,wscale 8,nop,nop,sackOK,nop,nop,TS val 3394153729 ecr 0], length 0
WAN 02:09:27.749674 IP (tos 0x0, ttl 127, id 10035, offset 0, flags [DF], proto TCP (6), length 64)
WAN     192.168.2.70.48167 > 94.140.14.14.5443: Flags [S], cksum 0xfdff (correct), seq 1459447992, win 65535, options [mss 1460,nop,wscale 8,nop,nop,sackOK,nop,nop,TS val 3394153729 ecr 0], length 0
WAN 02:09:27.781626 IP (tos 0x0, ttl 56, id 0, offset 0, flags [DF], proto TCP (6), length 60)
WAN     94.140.14.14.5443 > 192.168.2.70.48165: Flags [S.], cksum 0xaf80 (correct), seq 2469563884, ack 1246835143, win 43440, options [mss 1460,sackOK,TS val 2777559986 ecr 3394153729,nop,wscale 12], length 0
WAN 02:09:27.783734 IP (tos 0x0, ttl 56, id 0, offset 0, flags [DF], proto TCP (6), length 60)
WAN     94.140.14.14.5443 > 192.168.2.70.48164: Flags [S.], cksum 0x892a (correct), seq 3537336424, ack 1880931446, win 43440, options [mss 1460,sackOK,TS val 1561249773 ecr 3394153729,nop,wscale 12], length 0
WAN 02:09:27.783734 IP (tos 0x0, ttl 56, id 0, offset 0, flags [DF], proto TCP (6), length 60)
WAN     94.140.14.14.5443 > 192.168.2.70.48167: Flags [S.], cksum 0xdc63 (correct), seq 1721091430, ack 1459447993, win 43440, options [mss 1460,sackOK,TS val 793259672 ecr 3394153729,nop,wscale 12], length 0
WAN 02:09:27.783734 IP (tos 0x0, ttl 57, id 0, offset 0, flags [DF], proto TCP (6), length 60)
WAN     94.140.14.14.5443 > 192.168.2.70.48166: Flags [S.], cksum 0x1cf8 (correct), seq 1320109383, ack 1144666744, win 43440, options [mss 1460,sackOK,TS val 3183884432 ecr 3394153729,nop,wscale 12], length 0
LAN 02:09:27.744171 IP (tos 0x0, ttl 128, id 10033, offset 0, flags [DF], proto TCP (6), length 52)
LAN     192.168.56.1.48165 > 94.140.14.14.5443: Flags [S], cksum 0xbc4c (correct), seq 1246835142, win 65535, options [mss 1460,nop,wscale 8,nop,nop,sackOK], length 0
LAN 02:09:27.744171 IP (tos 0x0, ttl 128, id 10032, offset 0, flags [DF], proto TCP (6), length 52)
LAN     192.168.56.1.48164 > 94.140.14.14.5443: Flags [S], cksum 0x0bd3 (correct), seq 1880931445, win 65535, options [mss 1460,nop,wscale 8,nop,nop,sackOK], length 0
LAN 02:09:27.744171 IP (tos 0x0, ttl 128, id 10034, offset 0, flags [DF], proto TCP (6), length 52)
LAN     192.168.56.1.48166 > 94.140.14.14.5443: Flags [S], cksum 0xb9b1 (correct), seq 1144666743, win 65535, options [mss 1460,nop,wscale 8,nop,nop,sackOK], length 0
LAN 02:09:27.744171 IP (tos 0x0, ttl 128, id 10035, offset 0, flags [DF], proto TCP (6), length 52)
LAN     192.168.56.1.48167 > 94.140.14.14.5443: Flags [S], cksum 0x78ac (correct), seq 1459447992, win 65535, options [mss 1460,nop,wscale 8,nop,nop,sackOK], length 0
LAN 02:09:27.784189 IP (tos 0x0, ttl 55, id 0, offset 0, flags [DF], proto TCP (6), length 60)
LAN     94.140.14.14.5443 > 192.168.56.1.48165: Flags [S.], cksum 0xcd5b (correct), seq 2469563884, ack 1246835143, win 43440, options [mss 1460,sackOK,nop,nop,nop,nop,nop,nop,nop,nop,nop,nop,nop,wscale 12], length 0
LAN 02:09:27.784527 IP (tos 0x0, ttl 55, id 0, offset 0, flags [DF], proto TCP (6), length 60)
LAN     94.140.14.14.5443 > 192.168.56.1.48164: Flags [S.], cksum 0xf2c0 (correct), seq 3537336424, ack 1880931446, win 43440, options [mss 1460,sackOK,nop,nop,nop,nop,nop,nop,nop,nop,nop,nop,nop,wscale 12], length 0
LAN 02:09:27.785455 IP (tos 0x0, ttl 55, id 0, offset 0, flags [DF], proto TCP (6), length 60)
LAN     94.140.14.14.5443 > 192.168.56.1.48167: Flags [S.], cksum 0x7ede (correct), seq 1721091430, ack 1459447993, win 43440, options [mss 1460,sackOK,nop,nop,nop,nop,nop,nop,nop,nop,nop,nop,nop,wscale 12], length 0
LAN 02:09:27.785637 IP (tos 0x0, ttl 56, id 0, offset 0, flags [DF], proto TCP (6), length 60)
LAN     94.140.14.14.5443 > 192.168.56.1.48166: Flags [S.], cksum 0x57e9 (correct), seq 1320109383, ack 1144666744, win 43440, options [mss 1460,sackOK,nop,nop,nop,nop,nop,nop,nop,nop,nop,nop,nop,wscale 12], length 0
EST TCP_QUEUE; 2026-10-08-02:09:27; 1791425367.697081; 1791425367.697078; 1; 15820; 0; 0
EST TCP_QUEUE; 2026-10-08-02:09:27; 1791425367.714820; 1791425367.714818; 1; 15820; 0; 0
EST TCP_QUEUE; 2026-10-08-02:09:27; 1791425367.780086; 1791425367.780080; 1; 52904; 0; 0
EST TCP_QUEUE; 2026-10-08-02:09:27; 1791425367.822644; 1791425367.822640; 1; 1731; 0; 0
EST TCP_QUEUE; 2026-10-08-02:09:27; 1791425367.860640; 1791425367.860637; 1; 810; 0; 0
EST TCP_QUEUE; 2026-10-08-02:09:27; 1791425367.920627; 1791425367.920620; 1; 810; 0; 0
EST TCP_QUEUE; 2026-10-08-02:09:27; 1791425367.976675; 1791425367.976671; 1; 2218; 0; 0
EST TCP_QUEUE; 2026-10-08-02:09:28; 1791425368.038723; 1791425368.038720; 1; 0; 0; 0
EST TCP_QUEUE; 2026-10-08-02:09:28; 1791425368.081686; 1791425368.081683; 1; 0; 0; 0
EST TCP_QUEUE; 2026-10-08-02:09:28; 1791425368.128503; 1791425368.128500; 1; 0; 0; 0
EST TCP_QUEUE; 2026-10-08-02:09:28; 1791425368.165888; 1791425368.165884; 1; 0; 0; 0
EST TCP_QUEUE; 2026-10-08-02:09:28; 1791425368.237716; 1791425368.237707; 1; 1358; 0; 0
EST TCP_QUEUE; 2026-10-08-02:09:28; 1791425368.281215; 1791425368.281208; 1; 3938; 0; 0
EST TCP_QUEUE; 2026-10-08-02:09:28; 1791425368.337515; 1791425368.337510; 1; 40; 0; 0
EST TCP_QUEUE; 2026-10-08-02:09:28; 1791425368.440967; 1791425368.440964; 1; 40; 0; 0
EST TCP_QUEUE; 2026-10-08-02:09:28; 1791425368.504573; 1791425368.504569; 1; 53786; 0; 0
EST TCP_QUEUE; 2026-10-08-02:09:28; 1791425368.538666; 1791425368.538661; 1; 22605; 0; 0
EST TCP_QUEUE; 2026-10-08-02:09:28; 1791425368.538691; 1791425368.538690; 1; 22605; 0; 0
EST TCP_QUEUE; 2026-10-08-02:09:28; 1791425368.589586; 1791425368.589584; 1; 783; 0; 0
EST TCP_QUEUE; 2026-10-08-02:09:28; 1791425368.645831; 1791425368.645822; 1; 388; 0; 0
EST TCP_QUEUE; 2026-10-08-02:09:28; 1791425368.693998; 1791425368.693994; 1; 388; 0; 0
EST TCP_QUEUE; 2026-10-08-02:09:28; 1791425368.751322; 1791425368.751318; 1; 388; 0; 0
EST TCP_QUEUE; 2026-10-08-02:09:28; 1791425368.821583; 1791425368.821578; 1; 99; 0; 0
EST TCP_QUEUE; 2026-10-08-02:09:28; 1791425368.855365; 1791425368.855361; 1; 99; 0; 0
EST TCP_QUEUE; 2026-10-08-02:09:28; 1791425368.907547; 1791425368.907544; 1; 28871; 0; 0
EST TCP_QUEUE; 2026-10-08-02:09:28; 1791425368.978045; 1791425368.978042; 1; 912; 0; 0
EST TCP_QUEUE; 2026-10-08-02:09:29; 1791425369.050534; 1791425369.050529; 1; 912; 0; 0
EST TCP_QUEUE; 2026-10-08-02:09:29; 1791425369.119039; 1791425369.119034; 1; 36277; 0; 0
EST TCP_QUEUE; 2026-10-08-02:09:29; 1791425369.154451; 1791425369.154445; 1; 36277; 0; 0
EST TCP_QUEUE; 2026-10-08-02:09:29; 1791425369.163708; 1791425369.163705; 1; 36277; 0; 0
EST TCP_QUEUE; 2026-10-08-02:09:29; 1791425369.215076; 1791425369.215072; 1; 0; 0; 0
EST TCP_QUEUE; 2026-10-08-02:09:29; 1791425369.323936; 1791425369.323933; 1; 0; 0; 0
EST TCP_QUEUE; 2026-10-08-02:09:29; 1791425369.361667; 1791425369.361664; 1; 0; 0; 0
EST TCP_QUEUE; 2026-10-08-02:09:29; 1791425369.400830; 1791425369.400827; 1; 38261; 0; 0
EST TCP_QUEUE; 2026-10-08-02:09:29; 1791425369.477054; 1791425369.477050; 1; 40661; 0; 0
EST TCP_QUEUE; 2026-10-08-02:09:29; 1791425369.477500; 1791425369.477497; 1; 40661; 0; 0
EST TCP_QUEUE; 2026-10-08-02:09:29; 1791425369.519655; 1791425369.519651; 1; 40661; 0; 0
EST TCP_QUEUE; 2026-10-08-02:09:29; 1791425369.574576; 1791425369.574574; 1; 40661; 0; 0
EST TCP_QUEUE; 2026-10-08-02:09:29; 1791425369.677392; 1791425369.677389; 1; 39829; 0; 0
LAN 02:09:29.901685 IP (tos 0x0, ttl 63, id 52890, offset 0, flags [DF], proto TCP (6), length 60)
LAN     192.168.56.1.11866 > 160.79.104.10.443: Flags [S], cksum 0xa185 (correct), seq 723081590, win 65280, options [mss 1280,sackOK,TS val 1399037728 ecr 0,nop,wscale 9], length 0
WAN 02:09:29.906534 IP (tos 0x0, ttl 62, id 52890, offset 0, flags [DF], proto TCP (6), length 60)
WAN     192.168.2.70.11866 > 160.79.104.10.443: Flags [S], cksum 0xd740 (correct), seq 723081590, win 65280, options [mss 1280,sackOK,TS val 1399037728 ecr 0,nop,wscale 9], length 0
WAN 02:09:30.011627 IP (tos 0x0, ttl 56, id 0, offset 0, flags [DF], proto TCP (6), length 60)
WAN     160.79.104.10.443 > 192.168.2.70.11866: Flags [S.], cksum 0xe604 (correct), seq 680866818, ack 723081591, win 65535, options [mss 1460,sackOK,TS val 4125990126 ecr 1399037728,nop,wscale 13], length 0
LAN 02:09:30.013400 IP (tos 0x0, ttl 55, id 0, offset 0, flags [DF], proto TCP (6), length 60)
LAN     160.79.104.10.443 > 192.168.56.1.11866: Flags [S.], cksum 0xb049 (correct), seq 680866818, ack 723081591, win 65535, options [mss 1460,sackOK,TS val 4125990126 ecr 1399037728,nop,wscale 13], length 0
EST TCP_QUEUE; 2026-10-08-02:09:29; 1791425369.715908; 1791425369.715905; 1; 39829; 0; 0
EST TCP_QUEUE; 2026-10-08-02:09:29; 1791425369.751692; 1791425369.751689; 1; 39829; 0; 0
EST TCP_QUEUE; 2026-10-08-02:09:29; 1791425369.826344; 1791425369.826340; 1; 49267; 0; 0
EST TCP_QUEUE; 2026-10-08-02:09:29; 1791425369.857269; 1791425369.857265; 1; 49267; 0; 0
EST TCP_QUEUE; 2026-10-08-02:09:29; 1791425369.876715; 1791425369.876712; 1; 49267; 0; 0
EST TCP_QUEUE; 2026-10-08-02:09:29; 1791425369.981590; 1791425369.981587; 1; 0; 0; 0
EST TCP_QUEUE; 2026-10-08-02:09:30; 1791425370.014311; 1791425370.014308; 1; 0; 0; 0
EST TCP_QUEUE; 2026-10-08-02:09:30; 1791425370.089313; 1791425370.089310; 1; 58156; 0; 0
EST TCP_QUEUE; 2026-10-08-02:09:30; 1791425370.089745; 1791425370.089742; 1; 58156; 0; 0
EST TCP_QUEUE; 2026-10-08-02:09:30; 1791425370.138693; 1791425370.138690; 1; 0; 0; 0
EST TCP_QUEUE; 2026-10-08-02:09:30; 1791425370.182311; 1791425370.182307; 1; 0; 0; 0
EST TCP_QUEUE; 2026-10-08-02:09:30; 1791425370.235374; 1791425370.235370; 1; 0; 0; 0
EST TCP_QUEUE; 2026-10-08-02:09:30; 1791425370.285447; 1791425370.285410; 1; 0; 0; 0
EST TCP_QUEUE; 2026-10-08-02:09:30; 1791425370.320660; 1791425370.320654; 1; 1552; 0; 0
EST TCP_QUEUE; 2026-10-08-02:09:30; 1791425370.378464; 1791425370.378459; 1; 1552; 0; 0
EST TCP_QUEUE; 2026-10-08-02:09:30; 1791425370.435199; 1791425370.435195; 1; 1282; 0; 0
EST TCP_QUEUE; 2026-10-08-02:09:30; 1791425370.486000; 1791425370.485996; 1; 1282; 0; 0
EST TCP_QUEUE; 2026-10-08-02:09:30; 1791425370.621571; 1791425370.621566; 1; 18311; 0; 0
LAN 02:09:31.188610 IP (tos 0x0, ttl 63, id 10268, offset 0, flags [DF], proto TCP (6), length 60)
LAN     192.168.56.1.11868 > 160.79.104.10.443: Flags [S], cksum 0xb216 (correct), seq 3100714978, win 65280, options [mss 1280,sackOK,TS val 2344221202 ecr 0,nop,wscale 9], length 0
LAN 02:09:31.381203 IP (tos 0x0, ttl 55, id 0, offset 0, flags [DF], proto TCP (6), length 60)
LAN     160.79.104.10.443 > 192.168.56.1.11868: Flags [S.], cksum 0x7cef (correct), seq 4043303774, ack 3100714979, win 65535, options [mss 1460,sackOK,TS val 4019414892 ecr 2344221202,nop,wscale 13], length 0
WAN 02:09:31.288713 IP (tos 0x0, ttl 62, id 10268, offset 0, flags [DF], proto TCP (6), length 60)
WAN     192.168.2.70.11868 > 160.79.104.10.443: Flags [S], cksum 0xe7d1 (correct), seq 3100714978, win 65280, options [mss 1280,sackOK,TS val 2344221202 ecr 0,nop,wscale 9], length 0
WAN 02:09:31.378390 IP (tos 0x0, ttl 56, id 0, offset 0, flags [DF], proto TCP (6), length 60)
WAN     160.79.104.10.443 > 192.168.2.70.11868: Flags [S.], cksum 0xb2aa (correct), seq 4043303774, ack 3100714979, win 65535, options [mss 1460,sackOK,TS val 4019414892 ecr 2344221202,nop,wscale 13], length 0
EST TCP_QUEUE; 2026-10-08-02:09:30; 1791425370.702339; 1791425370.702333; 1; 33556; 0; 0
EST TCP_QUEUE; 2026-10-08-02:09:30; 1791425370.703536; 1791425370.703533; 1; 33556; 0; 0
EST TCP_QUEUE; 2026-10-08-02:09:30; 1791425370.704065; 1791425370.704063; 1; 33556; 0; 0
EST TCP_QUEUE; 2026-10-08-02:09:30; 1791425370.744763; 1791425370.744759; 1; 33556; 0; 0
EST TCP_QUEUE; 2026-10-08-02:09:30; 1791425370.858701; 1791425370.858697; 1; 3536; 1; 0
EST TCP_QUEUE; 2026-10-08-02:09:30; 1791425370.885641; 1791425370.885638; 1; 3536; 1; 0
EST TCP_QUEUE; 2026-10-08-02:09:30; 1791425370.919619; 1791425370.919614; 1; 3536; 1; 0
EST TCP_QUEUE; 2026-10-08-02:09:30; 1791425370.958680; 1791425370.958675; 1; 3536; 1; 0
EST TCP_QUEUE; 2026-10-08-02:09:31; 1791425371.034389; 1791425371.034384; 1; 0; 0; 0
EST TCP_QUEUE; 2026-10-08-02:09:31; 1791425371.113213; 1791425371.113208; 1; 5547; 0; 0
EST TCP_QUEUE; 2026-10-08-02:09:31; 1791425371.149380; 1791425371.149377; 1; 5547; 0; 0
EST TCP_QUEUE; 2026-10-08-02:09:31; 1791425371.222995; 1791425371.222991; 1; 54835; 0; 0
EST TCP_QUEUE; 2026-10-08-02:09:31; 1791425371.259414; 1791425371.259411; 1; 54835; 0; 0
EST TCP_QUEUE; 2026-10-08-02:09:31; 1791425371.302338; 1791425371.302334; 1; 54835; 0; 0
EST TCP_QUEUE; 2026-10-08-02:09:31; 1791425371.381320; 1791425371.381318; 1; 61390; 0; 0
EST TCP_QUEUE; 2026-10-08-02:09:31; 1791425371.429685; 1791425371.429680; 1; 61390; 0; 0
EST TCP_QUEUE; 2026-10-08-02:09:31; 1791425371.437790; 1791425371.437782; 1; 61390; 0; 0
EST TCP_QUEUE; 2026-10-08-02:09:31; 1791425371.531801; 1791425371.531798; 1; 61390; 0; 0
EST TCP_QUEUE; 2026-10-08-02:09:31; 1791425371.567558; 1791425371.567549; 1; 0; 0; 0
EST TCP_QUEUE; 2026-10-08-02:09:31; 1791425371.567949; 1791425371.567946; 1; 0; 0; 0
EST TCP_QUEUE; 2026-10-08-02:09:31; 1791425371.639846; 1791425371.639843; 1; 0; 0; 0
EST TCP_QUEUE; 2026-10-08-02:09:31; 1791425371.701506; 1791425371.701502; 1; 0; 0; 0
EST TCP_QUEUE; 2026-10-08-02:09:31; 1791425371.727743; 1791425371.727740; 1; 0; 0; 0
EST TCP_QUEUE; 2026-10-08-02:09:31; 1791425371.798366; 1791425371.798363; 1; 0; 0; 0
EST TCP_QUEUE; 2026-10-08-02:09:31; 1791425371.835482; 1791425371.835479; 1; 0; 0; 0
EST TCP_QUEUE; 2026-10-08-02:09:31; 1791425371.882846; 1791425371.882843; 1; 28390; 0; 0
EST TCP_QUEUE; 2026-10-08-02:09:31; 1791425371.949250; 1791425371.949246; 1; 34467; 0; 0
EST TCP_QUEUE; 2026-10-08-02:09:31; 1791425371.995427; 1791425371.995424; 1; 34467; 0; 0
EST TCP_QUEUE; 2026-10-08-02:09:32; 1791425372.038275; 1791425372.038268; 1; 28067; 0; 0
EST TCP_QUEUE; 2026-10-08-02:09:32; 1791425372.090706; 1791425372.090702; 1; 28067; 0; 0
EST TCP_QUEUE; 2026-10-08-02:09:32; 1791425372.182842; 1791425372.182839; 1; 24567; 0; 0
EST TCP_QUEUE; 2026-10-08-02:09:32; 1791425372.187985; 1791425372.187978; 1; 24567; 0; 0
EST TCP_QUEUE; 2026-10-08-02:09:32; 1791425372.274080; 1791425372.274076; 1; 24567; 0; 0
EST TCP_QUEUE; 2026-10-08-02:09:32; 1791425372.290521; 1791425372.290518; 1; 24567; 0; 0
EST TCP_QUEUE; 2026-10-08-02:09:32; 1791425372.342776; 1791425372.342773; 1; 0; 1; 79392
EST TCP_QUEUE; 2026-10-08-02:09:32; 1791425372.384661; 1791425372.384657; 1; 0; 1; 79392
EST TCP_QUEUE; 2026-10-08-02:09:32; 1791425372.435835; 1791425372.435831; 1; 0; 1; 79392
EST TCP_QUEUE; 2026-10-08-02:09:32; 1791425372.471786; 1791425372.471782; 1; 5550; 0; 0
EST TCP_QUEUE; 2026-10-08-02:09:32; 1791425372.537051; 1791425372.537048; 1; 5550; 0; 0
EST TCP_QUEUE; 2026-10-08-02:09:32; 1791425372.606229; 1791425372.606225; 1; 1098; 0; 0
EST TCP_QUEUE; 2026-10-08-02:09:32; 1791425372.640622; 1791425372.640619; 1; 2972; 0; 0
EST TCP_QUEUE; 2026-10-08-02:09:32; 1791425372.687358; 1791425372.687354; 1; 1009; 0; 0
LAN 02:09:33.030968 IP (tos 0x0, ttl 63, id 18941, offset 0, flags [DF], proto TCP (6), length 60)
LAN     192.168.56.1.11910 > 140.82.112.5.443: Flags [S], cksum 0x30d6 (correct), seq 3638574078, win 65280, options [mss 1280,sackOK,TS val 840412322 ecr 0,nop,wscale 9], length 0
WAN 02:09:33.084626 IP (tos 0x0, ttl 62, id 18941, offset 0, flags [DF], proto TCP (6), length 60)
WAN     192.168.2.70.11910 > 140.82.112.5.443: Flags [S], cksum 0x6691 (correct), seq 3638574078, win 65280, options [mss 1280,sackOK,TS val 840412322 ecr 0,nop,wscale 9], length 0
LAN 02:09:33.160025 IP (tos 0x0, ttl 41, id 0, offset 0, flags [DF], proto TCP (6), length 60)
LAN     140.82.112.5.443 > 192.168.56.1.11910: Flags [S.], cksum 0xf717 (correct), seq 398895103, ack 3638574079, win 65535, options [mss 1436,sackOK,TS val 2194273665 ecr 840412322,nop,wscale 10], length 0
WAN 02:09:33.158605 IP (tos 0x0, ttl 42, id 0, offset 0, flags [DF], proto TCP (6), length 60)
WAN     140.82.112.5.443 > 192.168.2.70.11910: Flags [S.], cksum 0x2cd3 (correct), seq 398895103, ack 3638574079, win 65535, options [mss 1436,sackOK,TS val 2194273665 ecr 840412322,nop,wscale 10], length 0
EST TCP_QUEUE; 2026-10-08-02:09:32; 1791425372.734078; 1791425372.734073; 1; 282; 0; 0
EST TCP_QUEUE; 2026-10-08-02:09:32; 1791425372.774444; 1791425372.774440; 1; 282; 0; 0
EST TCP_QUEUE; 2026-10-08-02:09:32; 1791425372.835487; 1791425372.835483; 1; 282; 0; 0
EST TCP_QUEUE; 2026-10-08-02:09:32; 1791425372.898521; 1791425372.898518; 1; 6693; 0; 0
EST TCP_QUEUE; 2026-10-08-02:09:32; 1791425372.961754; 1791425372.961751; 1; 6693; 0; 0
EST TCP_QUEUE; 2026-10-08-02:09:32; 1791425372.990862; 1791425372.990859; 1; 7255; 0; 0
EST TCP_QUEUE; 2026-10-08-02:09:33; 1791425373.051399; 1791425373.051396; 1; 7255; 0; 0
EST TCP_QUEUE; 2026-10-08-02:09:33; 1791425373.086268; 1791425373.086265; 1; 4573; 0; 0
EST TCP_QUEUE; 2026-10-08-02:09:33; 1791425373.160420; 1791425373.160416; 1; 4573; 0; 0
EST TCP_QUEUE; 2026-10-08-02:09:33; 1791425373.209400; 1791425373.209396; 1; 33928; 0; 0
EST TCP_QUEUE; 2026-10-08-02:09:33; 1791425373.298695; 1791425373.298691; 1; 48892; 0; 0
EST TCP_QUEUE; 2026-10-08-02:09:33; 1791425373.345456; 1791425373.345453; 1; 34750; 0; 0
EST TCP_QUEUE; 2026-10-08-02:09:33; 1791425373.385137; 1791425373.385133; 1; 21479; 0; 0
EST TCP_QUEUE; 2026-10-08-02:09:33; 1791425373.430979; 1791425373.430976; 1; 21479; 0; 0
EST TCP_QUEUE; 2026-10-08-02:09:33; 1791425373.475361; 1791425373.475354; 1; 21479; 0; 0
EST TCP_QUEUE; 2026-10-08-02:09:33; 1791425373.505320; 1791425373.505316; 1; 21479; 0; 0
EST TCP_QUEUE; 2026-10-08-02:09:33; 1791425373.569265; 1791425373.569261; 1; 26011; 0; 0
EST TCP_QUEUE; 2026-10-08-02:09:33; 1791425373.681710; 1791425373.681707; 1; 26011; 0; 0
EST TCP_QUEUE; 2026-10-08-02:09:33; 1791425373.718459; 1791425373.718455; 1; 26011; 0; 0
EST TCP_QUEUE; 2026-10-08-02:09:33; 1791425373.763204; 1791425373.763199; 1; 26011; 0; 0
EST TCP_QUEUE; 2026-10-08-02:09:33; 1791425373.804983; 1791425373.804976; 1; 56570; 0; 0
EST TCP_QUEUE; 2026-10-08-02:09:33; 1791425373.902860; 1791425373.902856; 1; 56570; 0; 0
EST TCP_QUEUE; 2026-10-08-02:09:33; 1791425373.953359; 1791425373.953357; 1; 56570; 0; 0
EST TCP_QUEUE; 2026-10-08-02:09:33; 1791425373.965943; 1791425373.965940; 1; 56570; 0; 0
EST TCP_QUEUE; 2026-10-08-02:09:33; 1791425373.966981; 1791425373.966972; 1; 0; 0; 0
EST TCP_QUEUE; 2026-10-08-02:09:34; 1791425374.004626; 1791425374.004621; 1; 0; 0; 0
EST TCP_QUEUE; 2026-10-08-02:09:34; 1791425374.083943; 1791425374.083938; 1; 0; 0; 0
EST TCP_QUEUE; 2026-10-08-02:09:34; 1791425374.133169; 1791425374.133164; 1; 0; 0; 0
EST TCP_QUEUE; 2026-10-08-02:09:34; 1791425374.167661; 1791425374.167653; 1; 10543; 0; 0
EST TCP_QUEUE; 2026-10-08-02:09:34; 1791425374.223008; 1791425374.223004; 1; 0; 0; 0
EST TCP_QUEUE; 2026-10-08-02:09:34; 1791425374.273450; 1791425374.273446; 1; 0; 0; 0
EST TCP_QUEUE; 2026-10-08-02:09:34; 1791425374.372433; 1791425374.372429; 1; 6121; 0; 0
EST TCP_QUEUE; 2026-10-08-02:09:34; 1791425374.456005; 1791425374.456002; 1; 2994; 0; 0
EST TCP_QUEUE; 2026-10-08-02:09:34; 1791425374.465180; 1791425374.465176; 1; 2994; 0; 0
EST TCP_QUEUE; 2026-10-08-02:09:34; 1791425374.522401; 1791425374.522397; 1; 2994; 0; 0
EST TCP_QUEUE; 2026-10-08-02:09:34; 1791425374.596972; 1791425374.596968; 1; 0; 0; 0
EST TCP_QUEUE; 2026-10-08-02:09:34; 1791425374.647804; 1791425374.647801; 1; 4556; 0; 0
EST TCP_QUEUE; 2026-10-08-02:09:34; 1791425374.703864; 1791425374.703859; 1; 4556; 0; 0
EST TCP_QUEUE; 2026-10-08-02:09:34; 1791425374.791180; 1791425374.791178; 1; 24472; 0; 0
EST TCP_QUEUE; 2026-10-08-02:09:34; 1791425374.862643; 1791425374.862637; 1; 24472; 0; 0
EST TCP_QUEUE; 2026-10-08-02:09:34; 1791425374.899299; 1791425374.899296; 1; 72124; 0; 0
EST TCP_QUEUE; 2026-10-08-02:09:34; 1791425374.901049; 1791425374.901047; 1; 72124; 0; 0
EST TCP_QUEUE; 2026-10-08-02:09:34; 1791425374.937719; 1791425374.937714; 1; 72124; 0; 0
EST TCP_QUEUE; 2026-10-08-02:09:34; 1791425374.974011; 1791425374.974008; 1; 72124; 0; 0
EST TCP_QUEUE; 2026-10-08-02:09:35; 1791425375.063764; 1791425375.063760; 1; 20070; 0; 0
EST TCP_QUEUE; 2026-10-08-02:09:35; 1791425375.135503; 1791425375.135499; 1; 15060; 0; 0
EST TCP_QUEUE; 2026-10-08-02:09:35; 1791425375.171791; 1791425375.171785; 1; 15060; 0; 0
WAN 02:09:36.672048 IP (tos 0x0, ttl 127, id 59367, offset 0, flags [DF], proto TCP (6), length 64)
WAN     192.168.2.70.1092 > 172.66.0.218.443: Flags [S], cksum 0x6a09 (correct), seq 1689942491, win 65535, options [mss 1460,nop,wscale 8,nop,nop,sackOK,nop,nop,TS val 3394153729 ecr 0], length 0
LAN 02:09:36.670121 IP (tos 0x0, ttl 128, id 59367, offset 0, flags [DF], proto TCP (6), length 52)
LAN     192.168.56.1.1092 > 172.66.0.218.443: Flags [S], cksum 0xe4b5 (correct), seq 1689942491, win 65535, options [mss 1460,nop,wscale 8,nop,nop,sackOK], length 0
WAN 02:09:36.702060 IP (tos 0x0, ttl 56, id 0, offset 0, flags [DF], proto TCP (6), length 60)
WAN     172.66.0.218.443 > 192.168.2.70.1092: Flags [S.], cksum 0xa8fc (correct), seq 3821109212, ack 1689942492, win 65535, options [mss 1400,sackOK,TS val 486101665 ecr 3394153729,nop,wscale 13], length 0
LAN 02:09:36.702550 IP (tos 0x0, ttl 55, id 0, offset 0, flags [DF], proto TCP (6), length 60)
LAN     172.66.0.218.443 > 192.168.56.1.1092: Flags [S.], cksum 0x5d31 (correct), seq 3821109212, ack 1689942492, win 65535, options [mss 1400,sackOK,nop,nop,nop,nop,nop,nop,nop,nop,nop,nop,nop,wscale 13], length 0
EST TCP_QUEUE; 2026-10-08-02:09:35; 1791425375.250075; 1791425375.250052; 1; 15060; 0; 0
EST TCP_QUEUE; 2026-10-08-02:09:35; 1791425375.329536; 1791425375.329530; 1; 39957; 0; 0
EST TCP_QUEUE; 2026-10-08-02:09:35; 1791425375.342011; 1791425375.342006; 1; 39957; 0; 0
EST TCP_QUEUE; 2026-10-08-02:09:35; 1791425375.381658; 1791425375.381654; 1; 63116; 0; 0
EST TCP_QUEUE; 2026-10-08-02:09:35; 1791425375.391867; 1791425375.391862; 1; 63116; 0; 0
EST TCP_QUEUE; 2026-10-08-02:09:35; 1791425375.447413; 1791425375.447411; 1; 0; 0; 0
EST TCP_QUEUE; 2026-10-08-02:09:35; 1791425375.558129; 1791425375.558123; 1; 0; 0; 0
EST TCP_QUEUE; 2026-10-08-02:09:35; 1791425375.597540; 1791425375.597536; 1; 66608; 0; 0
EST TCP_QUEUE; 2026-10-08-02:09:35; 1791425375.672718; 1791425375.672715; 1; 35692; 0; 0
EST TCP_QUEUE; 2026-10-08-02:09:35; 1791425375.723152; 1791425375.723149; 1; 35692; 0; 0
EST TCP_QUEUE; 2026-10-08-02:09:35; 1791425375.818351; 1791425375.818348; 1; 35692; 0; 0
EST TCP_QUEUE; 2026-10-08-02:09:35; 1791425375.865152; 1791425375.865148; 1; 35692; 0; 0
EST TCP_QUEUE; 2026-10-08-02:09:35; 1791425375.903356; 1791425375.903353; 1; 92182; 0; 0
EST TCP_QUEUE; 2026-10-08-02:09:35; 1791425375.933044; 1791425375.933039; 1; 92182; 0; 0
EST TCP_QUEUE; 2026-10-08-02:09:35; 1791425375.964529; 1791425375.964526; 1; 92182; 0; 0
EST TCP_QUEUE; 2026-10-08-02:09:35; 1791425375.964937; 1791425375.964934; 1; 92182; 0; 0
EST TCP_QUEUE; 2026-10-08-02:09:36; 1791425376.012130; 1791425376.012127; 1; 92182; 0; 0
EST TCP_QUEUE; 2026-10-08-02:09:36; 1791425376.049209; 1791425376.049206; 1; 92182; 0; 0
EST TCP_QUEUE; 2026-10-08-02:09:36; 1791425376.101616; 1791425376.101613; 1; 0; 0; 0
EST TCP_QUEUE; 2026-10-08-02:09:36; 1791425376.149224; 1791425376.149221; 1; 0; 0; 0
EST TCP_QUEUE; 2026-10-08-02:09:36; 1791425376.190925; 1791425376.190922; 1; 0; 0; 0
EST TCP_QUEUE; 2026-10-08-02:09:36; 1791425376.251233; 1791425376.251229; 1; 0; 0; 0
EST TCP_QUEUE; 2026-10-08-02:09:36; 1791425376.305400; 1791425376.305397; 1; 5; 0; 0
EST TCP_QUEUE; 2026-10-08-02:09:36; 1791425376.361310; 1791425376.361306; 1; 5; 0; 0
EST TCP_QUEUE; 2026-10-08-02:09:36; 1791425376.414713; 1791425376.414707; 1; 313; 0; 0
EST TCP_QUEUE; 2026-10-08-02:09:36; 1791425376.460015; 1791425376.460012; 1; 313; 0; 0
EST TCP_QUEUE; 2026-10-08-02:09:36; 1791425376.501838; 1791425376.501834; 1; 0; 0; 0
EST TCP_QUEUE; 2026-10-08-02:09:36; 1791425376.564683; 1791425376.564679; 1; 0; 0; 0
EST TCP_QUEUE; 2026-10-08-02:09:36; 1791425376.620397; 1791425376.620393; 1; 0; 0; 0
EST TCP_QUEUE; 2026-10-08-02:09:36; 1791425376.671022; 1791425376.671015; 1; 1021; 0; 0
WAN 02:09:37.293107 IP (tos 0x0, ttl 127, id 62214, offset 0, flags [DF], proto TCP (6), length 64)
WAN     192.168.2.70.4979 > 35.190.80.1.443: Flags [S], cksum 0x3262 (correct), seq 4800546, win 65535, options [mss 1460,nop,wscale 8,nop,nop,sackOK,nop,nop,TS val 3394153729 ecr 0], length 0
LAN 02:09:37.289593 IP (tos 0x0, ttl 128, id 62214, offset 0, flags [DF], proto TCP (6), length 52)
LAN     192.168.56.1.4979 > 35.190.80.1.443: Flags [S], cksum 0xad0e (correct), seq 4800546, win 65535, options [mss 1460,nop,wscale 8,nop,nop,sackOK], length 0
WAN 02:09:37.325928 IP (tos 0x0, ttl 121, id 0, offset 0, flags [DF], proto TCP (6), length 60)
WAN     35.190.80.1.443 > 192.168.2.70.4979: Flags [S.], cksum 0x6a2b (correct), seq 3299765740, ack 4800547, win 65535, options [mss 1412,sackOK,TS val 2758280024 ecr 3394153729,nop,wscale 8], length 0
LAN 02:09:37.327224 IP (tos 0x0, ttl 120, id 0, offset 0, flags [DF], proto TCP (6), length 60)
LAN     35.190.80.1.443 > 192.168.56.1.4979: Flags [S.], cksum 0x5686 (correct), seq 3299765740, ack 4800547, win 65535, options [mss 1412,sackOK,nop,nop,nop,nop,nop,nop,nop,nop,nop,nop,nop,wscale 8], length 0
EST TCP_QUEUE; 2026-10-08-02:09:36; 1791425376.724092; 1791425376.724089; 1; 348; 0; 0
EST TCP_QUEUE; 2026-10-08-02:09:36; 1791425376.776867; 1791425376.776864; 1; 348; 0; 0
EST TCP_QUEUE; 2026-10-08-02:09:36; 1791425376.809898; 1791425376.809894; 1; 193; 0; 0
EST TCP_QUEUE; 2026-10-08-02:09:36; 1791425376.883480; 1791425376.883474; 1; 193; 0; 0
EST TCP_QUEUE; 2026-10-08-02:09:36; 1791425376.923498; 1791425376.923495; 1; 193; 0; 0
EST TCP_QUEUE; 2026-10-08-02:09:36; 1791425376.972168; 1791425376.972164; 1; 0; 0; 0
EST TCP_QUEUE; 2026-10-08-02:09:37; 1791425377.027054; 1791425377.027050; 1; 0; 0; 0
EST TCP_QUEUE; 2026-10-08-02:09:37; 1791425377.080495; 1791425377.080490; 1; 430; 0; 0
EST TCP_QUEUE; 2026-10-08-02:09:37; 1791425377.119183; 1791425377.119179; 1; 430; 0; 0
EST TCP_QUEUE; 2026-10-08-02:09:37; 1791425377.173173; 1791425377.173168; 1; 2170; 0; 0
EST TCP_QUEUE; 2026-10-08-02:09:37; 1791425377.226975; 1791425377.226972; 1; 1016; 0; 0
EST TCP_QUEUE; 2026-10-08-02:09:37; 1791425377.278494; 1791425377.278490; 1; 1016; 0; 0
EST TCP_QUEUE; 2026-10-08-02:09:37; 1791425377.328922; 1791425377.328918; 1; 1016; 0; 0
EST TCP_QUEUE; 2026-10-08-02:09:37; 1791425377.379588; 1791425377.379581; 1; 1527; 0; 0
EST TCP_QUEUE; 2026-10-08-02:09:37; 1791425377.417775; 1791425377.417772; 1; 46; 0; 0
EST TCP_QUEUE; 2026-10-08-02:09:37; 1791425377.490641; 1791425377.490636; 1; 0; 0; 0
EST TCP_QUEUE; 2026-10-08-02:09:37; 1791425377.530495; 1791425377.530491; 1; 0; 0; 0
EST TCP_QUEUE; 2026-10-08-02:09:37; 1791425377.581011; 1791425377.581007; 1; 0; 0; 0
EST TCP_QUEUE; 2026-10-08-02:09:37; 1791425377.635820; 1791425377.635817; 1; 0; 0; 0
EST TCP_QUEUE; 2026-10-08-02:09:37; 1791425377.683458; 1791425377.683449; 1; 512; 0; 0
EST TCP_QUEUE; 2026-10-08-02:09:37; 1791425377.722441; 1791425377.722438; 1; 512; 0; 0
EST TCP_QUEUE; 2026-10-08-02:09:37; 1791425377.780137; 1791425377.780131; 1; 474; 0; 0
EST TCP_QUEUE; 2026-10-08-02:09:37; 1791425377.835017; 1791425377.835014; 1; 0; 0; 0
EST TCP_QUEUE; 2026-10-08-02:09:37; 1791425377.889875; 1791425377.889872; 1; 0; 0; 0
EST TCP_QUEUE; 2026-10-08-02:09:37; 1791425377.941184; 1791425377.941180; 1; 0; 0; 0
EST TCP_QUEUE; 2026-10-08-02:09:37; 1791425377.985530; 1791425377.985527; 1; 120; 0; 0
EST TCP_QUEUE; 2026-10-08-02:09:38; 1791425378.026273; 1791425378.026270; 1; 717; 0; 0
EST TCP_QUEUE; 2026-10-08-02:09:38; 1791425378.086776; 1791425378.086773; 1; 717; 0; 0
EST TCP_QUEUE; 2026-10-08-02:09:38; 1791425378.139563; 1791425378.139559; 1; 717; 0; 0
EST TCP_QUEUE; 2026-10-08-02:09:38; 1791425378.191326; 1791425378.191323; 1; 414; 0; 0
EST TCP_QUEUE; 2026-10-08-02:09:38; 1791425378.242760; 1791425378.242755; 1; 414; 0; 0
EST TCP_QUEUE; 2026-10-08-02:09:38; 1791425378.290830; 1791425378.290827; 1; 1022; 0; 0
EST TCP_QUEUE; 2026-10-08-02:09:38; 1791425378.331353; 1791425378.331350; 1; 1022; 0; 0
EST TCP_QUEUE; 2026-10-08-02:09:38; 1791425378.407569; 1791425378.407565; 1; 1022; 0; 0
EST TCP_QUEUE; 2026-10-08-02:09:38; 1791425378.444890; 1791425378.444887; 1; 0; 0; 0
EST TCP_QUEUE; 2026-10-08-02:09:38; 1791425378.497733; 1791425378.497729; 1; 0; 0; 0
EST TCP_QUEUE; 2026-10-08-02:09:38; 1791425378.549478; 1791425378.549474; 1; 0; 0; 0
EST TCP_QUEUE; 2026-10-08-02:09:38; 1791425378.596781; 1791425378.596776; 1; 423; 0; 0
EST TCP_QUEUE; 2026-10-08-02:09:38; 1791425378.635418; 1791425378.635414; 1; 0; 0; 0
EST TCP_QUEUE; 2026-10-08-02:09:38; 1791425378.695217; 1791425378.695215; 1; 0; 0; 0
EST TCP_QUEUE; 2026-10-08-02:09:38; 1791425378.751613; 1791425378.751608; 1; 0; 0; 0
EST TCP_QUEUE; 2026-10-08-02:09:38; 1791425378.803972; 1791425378.803967; 1; 33; 0; 0
EST TCP_QUEUE; 2026-10-08-02:09:38; 1791425378.859807; 1791425378.859804; 1; 33; 0; 0
EST TCP_QUEUE; 2026-10-08-02:09:38; 1791425378.901481; 1791425378.901478; 1; 1765; 0; 0
EST TCP_QUEUE; 2026-10-08-02:09:38; 1791425378.941762; 1791425378.941757; 1; 1765; 0; 0
EST TCP_QUEUE; 2026-10-08-02:09:38; 1791425378.998997; 1791425378.998993; 1; 1355; 0; 0
EST TCP_QUEUE; 2026-10-08-02:09:39; 1791425379.054530; 1791425379.054524; 1; 2408; 0; 0
EST TCP_QUEUE; 2026-10-08-02:09:39; 1791425379.105985; 1791425379.105982; 1; 2408; 0; 0
EST TCP_QUEUE; 2026-10-08-02:09:39; 1791425379.158680; 1791425379.158676; 1; 2408; 0; 0
EST TCP_QUEUE; 2026-10-08-02:09:39; 1791425379.215976; 1791425379.215973; 1; 620; 0; 0
EST TCP_QUEUE; 2026-10-08-02:09:39; 1791425379.247811; 1791425379.247806; 1; 0; 0; 0
EST TCP_QUEUE; 2026-10-08-02:09:39; 1791425379.306416; 1791425379.306412; 1; 0; 0; 0
EST TCP_QUEUE; 2026-10-08-02:09:39; 1791425379.359942; 1791425379.359939; 1; 0; 0; 0
EST TCP_QUEUE; 2026-10-08-02:09:39; 1791425379.410135; 1791425379.410133; 1; 527; 0; 0
EST TCP_QUEUE; 2026-10-08-02:09:39; 1791425379.462579; 1791425379.462574; 1; 527; 0; 0
EST TCP_QUEUE; 2026-10-08-02:09:39; 1791425379.507410; 1791425379.507408; 1; 0; 0; 0
EST TCP_QUEUE; 2026-10-08-02:09:39; 1791425379.556921; 1791425379.556918; 1; 0; 0; 0
EST TCP_QUEUE; 2026-10-08-02:09:39; 1791425379.612198; 1791425379.612194; 1; 0; 0; 0
EST TCP_QUEUE; 2026-10-08-02:09:39; 1791425379.672690; 1791425379.672686; 1; 1904; 0; 0
EST TCP_QUEUE; 2026-10-08-02:09:39; 1791425379.721127; 1791425379.721122; 1; 951; 0; 0
EST TCP_QUEUE; 2026-10-08-02:09:39; 1791425379.789921; 1791425379.789919; 1; 0; 0; 0
EST TCP_QUEUE; 2026-10-08-02:09:39; 1791425379.819395; 1791425379.819392; 1; 0; 0; 0
EST TCP_QUEUE; 2026-10-08-02:09:39; 1791425379.875967; 1791425379.875963; 1; 1166; 0; 0
EST TCP_QUEUE; 2026-10-08-02:09:39; 1791425379.923696; 1791425379.923694; 1; 1166; 0; 0
EST TCP_QUEUE; 2026-10-08-02:09:39; 1791425379.980973; 1791425379.980970; 1; 1830; 0; 0
EST TCP_QUEUE; 2026-10-08-02:09:40; 1791425380.029875; 1791425380.029871; 1; 1830; 0; 0
EST TCP_QUEUE; 2026-10-08-02:09:40; 1791425380.084995; 1791425380.084992; 1; 2059; 0; 0
EST TCP_QUEUE; 2026-10-08-02:09:40; 1791425380.128568; 1791425380.128564; 1; 828; 0; 0
EST TCP_QUEUE; 2026-10-08-02:09:40; 1791425380.178774; 1791425380.178770; 1; 828; 0; 0
EST TCP_QUEUE; 2026-10-08-02:09:40; 1791425380.227241; 1791425380.227237; 1; 828; 0; 0
EST TCP_QUEUE; 2026-10-08-02:09:40; 1791425380.282072; 1791425380.282070; 1; 9208; 0; 0
EST TCP_QUEUE; 2026-10-08-02:09:40; 1791425380.335399; 1791425380.335396; 1; 0; 0; 0
EST TCP_QUEUE; 2026-10-08-02:09:40; 1791425380.386521; 1791425380.386517; 1; 0; 0; 0
EST TCP_QUEUE; 2026-10-08-02:09:40; 1791425380.435569; 1791425380.435567; 1; 0; 0; 0
EST TCP_QUEUE; 2026-10-08-02:09:40; 1791425380.479976; 1791425380.479972; 1; 0; 0; 0
EST TCP_QUEUE; 2026-10-08-02:09:40; 1791425380.536822; 1791425380.536818; 1; 0; 0; 0
EST TCP_QUEUE; 2026-10-08-02:09:40; 1791425380.590339; 1791425380.590336; 1; 202; 0; 0
EST TCP_QUEUE; 2026-10-08-02:09:40; 1791425380.656752; 1791425380.656749; 1; 202; 0; 0
EST TCP_QUEUE; 2026-10-08-02:09:40; 1791425380.692788; 1791425380.692785; 1; 369; 0; 0
EST TCP_QUEUE; 2026-10-08-02:09:40; 1791425380.758546; 1791425380.758536; 1; 369; 0; 0
EST TCP_QUEUE; 2026-10-08-02:09:40; 1791425380.781829; 1791425380.781826; 1; 1369; 0; 0
EST TCP_QUEUE; 2026-10-08-02:09:40; 1791425380.839916; 1791425380.839912; 1; 5; 0; 0
EST TCP_QUEUE; 2026-10-08-02:09:40; 1791425380.897694; 1791425380.897687; 1; 5; 0; 0
EST TCP_QUEUE; 2026-10-08-02:09:40; 1791425380.976635; 1791425380.976630; 1; 0; 0; 0
EST TCP_QUEUE; 2026-10-08-02:09:41; 1791425381.021359; 1791425381.021355; 1; 0; 0; 0
EST TCP_QUEUE; 2026-10-08-02:09:41; 1791425381.057031; 1791425381.057027; 1; 0; 0; 0
EST TCP_QUEUE; 2026-10-08-02:09:41; 1791425381.106554; 1791425381.106550; 1; 1138; 0; 0
EST TCP_QUEUE; 2026-10-08-02:09:41; 1791425381.175484; 1791425381.175480; 1; 9208; 0; 0
EST TCP_QUEUE; 2026-10-08-02:09:41; 1791425381.233072; 1791425381.233069; 1; 9208; 0; 0
EST TCP_QUEUE; 2026-10-08-02:09:41; 1791425381.288667; 1791425381.288664; 1; 9208; 0; 0
EST TCP_QUEUE; 2026-10-08-02:09:41; 1791425381.321501; 1791425381.321497; 1; 9208; 0; 0
EST TCP_QUEUE; 2026-10-08-02:09:41; 1791425381.376044; 1791425381.376040; 1; 0; 0; 0
EST TCP_QUEUE; 2026-10-08-02:09:41; 1791425381.421868; 1791425381.421865; 1; 0; 0; 0
EST TCP_QUEUE; 2026-10-08-02:09:41; 1791425381.484675; 1791425381.484673; 1; 412; 0; 0
EST TCP_QUEUE; 2026-10-08-02:09:41; 1791425381.537923; 1791425381.537919; 1; 0; 1; 9052
EST TCP_QUEUE; 2026-10-08-02:09:41; 1791425381.579796; 1791425381.579790; 1; 0; 1; 9052
EST TCP_QUEUE; 2026-10-08-02:09:41; 1791425381.634251; 1791425381.634248; 1; 0; 1; 0
EST TCP_QUEUE; 2026-10-08-02:09:41; 1791425381.676864; 1791425381.676861; 1; 0; 1; 0
EST TCP_QUEUE; 2026-10-08-02:09:41; 1791425381.720312; 1791425381.720309; 1; 0; 1; 0
EST TCP_QUEUE; 2026-10-08-02:09:41; 1791425381.780591; 1791425381.780588; 1; 1077; 0; 0
EST TCP_QUEUE; 2026-10-08-02:09:41; 1791425381.836220; 1791425381.836216; 1; 1077; 0; 0
EST TCP_QUEUE; 2026-10-08-02:09:41; 1791425381.889464; 1791425381.889460; 1; 1606; 0; 0
EST TCP_QUEUE; 2026-10-08-02:09:41; 1791425381.938390; 1791425381.938387; 1; 1606; 0; 0
EST TCP_QUEUE; 2026-10-08-02:09:41; 1791425381.980979; 1791425381.980976; 1; 2497; 0; 0
EST TCP_QUEUE; 2026-10-08-02:09:42; 1791425382.025490; 1791425382.025482; 1; 2497; 0; 0
EST TCP_QUEUE; 2026-10-08-02:09:42; 1791425382.117189; 1791425382.117181; 1; 2829; 0; 0
EST TCP_QUEUE; 2026-10-08-02:09:42; 1791425382.189276; 1791425382.189270; 1; 0; 0; 0
EST TCP_QUEUE; 2026-10-08-02:09:42; 1791425382.201250; 1791425382.201247; 1; 0; 0; 0
EST TCP_QUEUE; 2026-10-08-02:09:42; 1791425382.258513; 1791425382.258508; 1; 7912; 0; 0
EST TCP_QUEUE; 2026-10-08-02:09:42; 1791425382.307310; 1791425382.307306; 1; 7912; 0; 0
EST TCP_QUEUE; 2026-10-08-02:09:42; 1791425382.362241; 1791425382.362238; 1; 7912; 0; 0
EST TCP_QUEUE; 2026-10-08-02:09:42; 1791425382.405182; 1791425382.405179; 1; 0; 0; 0
EST TCP_QUEUE; 2026-10-08-02:09:42; 1791425382.481308; 1791425382.481304; 1; 0; 0; 0
EST TCP_QUEUE; 2026-10-08-02:09:42; 1791425382.553193; 1791425382.553188; 1; 0; 0; 0
EST TCP_QUEUE; 2026-10-08-02:09:42; 1791425382.561695; 1791425382.561692; 1; 0; 0; 0
EST TCP_QUEUE; 2026-10-08-02:09:42; 1791425382.634731; 1791425382.634727; 1; 0; 0; 0
EST TCP_QUEUE; 2026-10-08-02:09:42; 1791425382.707144; 1791425382.707140; 1; 0; 0; 0
EST TCP_QUEUE; 2026-10-08-02:09:42; 1791425382.719735; 1791425382.719732; 1; 0; 0; 0
EST TCP_QUEUE; 2026-10-08-02:09:42; 1791425382.807857; 1791425382.807854; 1; 0; 0; 0
EST TCP_QUEUE; 2026-10-08-02:09:42; 1791425382.820003; 1791425382.819999; 1; 0; 0; 0
EST TCP_QUEUE; 2026-10-08-02:09:42; 1791425382.871920; 1791425382.871916; 1; 446; 0; 0
EST TCP_QUEUE; 2026-10-08-02:09:42; 1791425382.924318; 1791425382.924315; 1; 446; 0; 0
EST TCP_QUEUE; 2026-10-08-02:09:42; 1791425382.961209; 1791425382.961204; 1; 446; 0; 0
EST TCP_QUEUE; 2026-10-08-02:09:43; 1791425383.017186; 1791425383.017180; 1; 65; 0; 0
EST TCP_QUEUE; 2026-10-08-02:09:43; 1791425383.075072; 1791425383.075067; 1; 65; 0; 0
EST TCP_QUEUE; 2026-10-08-02:09:43; 1791425383.126154; 1791425383.126151; 1; 0; 0; 0
EST TCP_QUEUE; 2026-10-08-02:09:43; 1791425383.174732; 1791425383.174727; 1; 0; 0; 0
EST TCP_QUEUE; 2026-10-08-02:09:43; 1791425383.223703; 1791425383.223700; 1; 0; 0; 0
EST TCP_QUEUE; 2026-10-08-02:09:43; 1791425383.267255; 1791425383.267248; 1; 0; 0; 0
EST TCP_QUEUE; 2026-10-08-02:09:43; 1791425383.324747; 1791425383.324743; 1; 0; 0; 0
EST TCP_QUEUE; 2026-10-08-02:09:43; 1791425383.382659; 1791425383.382656; 1; 0; 0; 0
EST TCP_QUEUE; 2026-10-08-02:09:43; 1791425383.430123; 1791425383.430119; 1; 0; 0; 0
EST TCP_QUEUE; 2026-10-08-02:09:43; 1791425383.480010; 1791425383.480006; 1; 1155; 0; 0
EST TCP_QUEUE; 2026-10-08-02:09:43; 1791425383.526339; 1791425383.526337; 1; 1001; 0; 0
EST TCP_QUEUE; 2026-10-08-02:09:43; 1791425383.574572; 1791425383.574568; 1; 1001; 0; 0
EST TCP_QUEUE; 2026-10-08-02:09:43; 1791425383.628676; 1791425383.628671; 1; 568; 0; 0
EST TCP_QUEUE; 2026-10-08-02:09:43; 1791425383.681594; 1791425383.681590; 1; 568; 0; 0
WAN 02:09:44.614426 IP (tos 0x0, ttl 127, id 9191, offset 0, flags [DF], proto TCP (6), length 64)
WAN     192.168.2.70.44405 > 172.66.0.218.443: Flags [S], cksum 0x1d85 (correct), seq 571236316, win 65535, options [mss 1460,nop,wscale 8,nop,nop,sackOK,nop,nop,TS val 3394153729 ecr 0], length 0
WAN 02:09:44.639714 IP (tos 0x0, ttl 127, id 9192, offset 0, flags [DF], proto TCP (6), length 64)
WAN     192.168.2.70.45282 > 172.66.0.218.443: Flags [S], cksum 0xc9fb (correct), seq 2049202144, win 65535, options [mss 1460,nop,wscale 8,nop,nop,sackOK,nop,nop,TS val 3394153729 ecr 0], length 0
WAN 02:09:44.644206 IP (tos 0x0, ttl 56, id 0, offset 0, flags [DF], proto TCP (6), length 60)
WAN     172.66.0.218.443 > 192.168.2.70.44405: Flags [S.], cksum 0xd848 (correct), seq 2782555870, ack 571236317, win 65535, options [mss 1400,sackOK,TS val 1791154156 ecr 3394153729,nop,wscale 13], length 0
WAN 02:09:44.675513 IP (tos 0x0, ttl 56, id 0, offset 0, flags [DF], proto TCP (6), length 60)
WAN     172.66.0.218.443 > 192.168.2.70.45282: Flags [S.], cksum 0x4c9f (correct), seq 2353730971, ack 2049202145, win 65535, options [mss 1400,sackOK,TS val 701023193 ecr 3394153729,nop,wscale 13], length 0
LAN 02:09:44.613819 IP (tos 0x0, ttl 128, id 9191, offset 0, flags [DF], proto TCP (6), length 52)
LAN     192.168.56.1.44405 > 172.66.0.218.443: Flags [S], cksum 0x9831 (correct), seq 571236316, win 65535, options [mss 1460,nop,wscale 8,nop,nop,sackOK], length 0
LAN 02:09:44.639413 IP (tos 0x0, ttl 128, id 9192, offset 0, flags [DF], proto TCP (6), length 52)
LAN     192.168.56.1.45282 > 172.66.0.218.443: Flags [S], cksum 0x44a8 (correct), seq 2049202144, win 65535, options [mss 1460,nop,wscale 8,nop,nop,sackOK], length 0
LAN 02:09:44.644491 IP (tos 0x0, ttl 55, id 0, offset 0, flags [DF], proto TCP (6), length 60)
LAN     172.66.0.218.443 > 192.168.56.1.44405: Flags [S.], cksum 0x5f92 (correct), seq 2782555870, ack 571236317, win 65535, options [mss 1400,sackOK,nop,nop,nop,nop,nop,nop,nop,nop,nop,nop,nop,wscale 13], length 0
LAN 02:09:44.675967 IP (tos 0x0, ttl 55, id 0, offset 0, flags [DF], proto TCP (6), length 60)
LAN     172.66.0.218.443 > 192.168.56.1.45282: Flags [S.], cksum 0x7edb (correct), seq 2353730971, ack 2049202145, win 65535, options [mss 1400,sackOK,nop,nop,nop,nop,nop,nop,nop,nop,nop,nop,nop,wscale 13], length 0
EST TCP_QUEUE; 2026-10-08-02:09:43; 1791425383.730685; 1791425383.730680; 1; 568; 0; 0
EST TCP_QUEUE; 2026-10-08-02:09:43; 1791425383.795178; 1791425383.795174; 1; 1381; 0; 0
EST TCP_QUEUE; 2026-10-08-02:09:43; 1791425383.847113; 1791425383.847107; 1; 1347; 0; 0
EST TCP_QUEUE; 2026-10-08-02:09:43; 1791425383.870618; 1791425383.870615; 1; 1347; 0; 0
EST TCP_QUEUE; 2026-10-08-02:09:43; 1791425383.928075; 1791425383.928073; 1; 1347; 0; 0
EST TCP_QUEUE; 2026-10-08-02:09:43; 1791425383.993415; 1791425383.993411; 1; 2201; 0; 0
EST TCP_QUEUE; 2026-10-08-02:09:44; 1791425384.050133; 1791425384.050123; 1; 2201; 0; 0
EST TCP_QUEUE; 2026-10-08-02:09:44; 1791425384.085425; 1791425384.085421; 1; 0; 0; 0
EST TCP_QUEUE; 2026-10-08-02:09:44; 1791425384.143219; 1791425384.143216; 1; 0; 0; 0
EST TCP_QUEUE; 2026-10-08-02:09:44; 1791425384.171184; 1791425384.171180; 1; 0; 0; 0
EST TCP_QUEUE; 2026-10-08-02:09:44; 1791425384.232880; 1791425384.232876; 1; 0; 0; 0
EST TCP_QUEUE; 2026-10-08-02:09:44; 1791425384.285236; 1791425384.285233; 1; 0; 0; 0
EST TCP_QUEUE; 2026-10-08-02:09:44; 1791425384.357323; 1791425384.357319; 1; 0; 0; 0
EST TCP_QUEUE; 2026-10-08-02:09:44; 1791425384.393573; 1791425384.393570; 1; 2892; 0; 0
EST TCP_QUEUE; 2026-10-08-02:09:44; 1791425384.438670; 1791425384.438667; 1; 2892; 0; 0
EST TCP_QUEUE; 2026-10-08-02:09:44; 1791425384.477265; 1791425384.477261; 1; 0; 0; 0
EST TCP_QUEUE; 2026-10-08-02:09:44; 1791425384.535450; 1791425384.535447; 1; 919; 0; 0
EST TCP_QUEUE; 2026-10-08-02:09:44; 1791425384.590741; 1791425384.590737; 1; 0; 0; 0
EST TCP_QUEUE; 2026-10-08-02:09:44; 1791425384.643647; 1791425384.643644; 1; 0; 0; 0
EST TCP_QUEUE; 2026-10-08-02:09:44; 1791425384.696705; 1791425384.696702; 1; 0; 0; 0
LAN 02:09:45.210714 IP (tos 0x0, ttl 63, id 44456, offset 0, flags [DF], proto TCP (6), length 60)
LAN     192.168.56.1.11870 > 34.149.66.165.443: Flags [S], cksum 0xc80f (correct), seq 1712482346, win 65280, options [mss 1280,sackOK,TS val 1013311746 ecr 0,nop,wscale 9], length 0
LAN 02:09:45.249350 IP (tos 0x0, ttl 120, id 0, offset 0, flags [DF], proto TCP (6), length 60)
LAN     34.149.66.165.443 > 192.168.56.1.11870: Flags [S.], cksum 0x60f1 (correct), seq 1189016374, ack 1712482347, win 65535, options [mss 1412,sackOK,TS val 3993714026 ecr 1013311746,nop,wscale 8], length 0
WAN 02:09:45.214248 IP (tos 0x0, ttl 62, id 44456, offset 0, flags [DF], proto TCP (6), length 60)
WAN     192.168.2.70.11870 > 34.149.66.165.443: Flags [S], cksum 0xfdca (correct), seq 1712482346, win 65280, options [mss 1280,sackOK,TS val 1013311746 ecr 0,nop,wscale 9], length 0
WAN 02:09:45.247120 IP (tos 0x0, ttl 121, id 0, offset 0, flags [DF], proto TCP (6), length 60)
WAN     34.149.66.165.443 > 192.168.2.70.11870: Flags [S.], cksum 0x96ac (correct), seq 1189016374, ack 1712482347, win 65535, options [mss 1412,sackOK,TS val 3993714026 ecr 1013311746,nop,wscale 8], length 0
EST TCP_QUEUE; 2026-10-08-02:09:44; 1791425384.743188; 1791425384.743185; 1; 0; 0; 0
EST TCP_QUEUE; 2026-10-08-02:09:44; 1791425384.785198; 1791425384.785195; 1; 861; 0; 0
EST TCP_QUEUE; 2026-10-08-02:09:44; 1791425384.847429; 1791425384.847425; 1; 861; 0; 0
EST TCP_QUEUE; 2026-10-08-02:09:44; 1791425384.900263; 1791425384.900259; 1; 1207; 0; 0
EST TCP_QUEUE; 2026-10-08-02:09:45; 1791425385.015818; 1791425385.015815; 1; 3625; 0; 0
EST TCP_QUEUE; 2026-10-08-02:09:45; 1791425385.033006; 1791425385.033003; 1; 3625; 0; 0
EST TCP_QUEUE; 2026-10-08-02:09:45; 1791425385.074448; 1791425385.074445; 1; 0; 0; 0
EST TCP_QUEUE; 2026-10-08-02:09:45; 1791425385.099153; 1791425385.099151; 1; 0; 0; 0
EST TCP_QUEUE; 2026-10-08-02:09:45; 1791425385.157130; 1791425385.157126; 1; 0; 0; 0
EST TCP_QUEUE; 2026-10-08-02:09:45; 1791425385.215800; 1791425385.215797; 1; 0; 0; 0
EST TCP_QUEUE; 2026-10-08-02:09:45; 1791425385.264038; 1791425385.264035; 1; 0; 0; 0
EST TCP_QUEUE; 2026-10-08-02:09:45; 1791425385.364489; 1791425385.364485; 1; 0; 0; 0
EST TCP_QUEUE; 2026-10-08-02:09:45; 1791425385.380577; 1791425385.380572; 1; 9618; 0; 0
EST TCP_QUEUE; 2026-10-08-02:09:45; 1791425385.407596; 1791425385.407593; 1; 0; 0; 0
EST TCP_QUEUE; 2026-10-08-02:09:45; 1791425385.475485; 1791425385.475480; 1; 547; 0; 0
EST TCP_QUEUE; 2026-10-08-02:09:45; 1791425385.530179; 1791425385.530173; 1; 547; 0; 0
EST TCP_QUEUE; 2026-10-08-02:09:45; 1791425385.603806; 1791425385.603803; 1; 0; 0; 0
EST TCP_QUEUE; 2026-10-08-02:09:45; 1791425385.629991; 1791425385.629986; 1; 0; 0; 0
EST TCP_QUEUE; 2026-10-08-02:09:45; 1791425385.677452; 1791425385.677450; 1; 0; 0; 0
EST TCP_QUEUE; 2026-10-08-02:09:45; 1791425385.718925; 1791425385.718921; 1; 0; 0; 0
EST TCP_QUEUE; 2026-10-08-02:09:45; 1791425385.777900; 1791425385.777897; 1; 401; 0; 0
EST TCP_QUEUE; 2026-10-08-02:09:45; 1791425385.831918; 1791425385.831915; 1; 401; 0; 0
EST TCP_QUEUE; 2026-10-08-02:09:45; 1791425385.881086; 1791425385.881083; 1; 0; 0; 0
EST TCP_QUEUE; 2026-10-08-02:09:45; 1791425385.936681; 1791425385.936677; 1; 0; 0; 0
EST TCP_QUEUE; 2026-10-08-02:09:46; 1791425386.002894; 1791425386.002890; 1; 368; 0; 0
EST TCP_QUEUE; 2026-10-08-02:09:46; 1791425386.027510; 1791425386.027505; 1; 368; 0; 0
EST TCP_QUEUE; 2026-10-08-02:09:46; 1791425386.086178; 1791425386.086175; 1; 597; 0; 0
EST TCP_QUEUE; 2026-10-08-02:09:46; 1791425386.137377; 1791425386.137372; 1; 0; 0; 0
EST TCP_QUEUE; 2026-10-08-02:09:46; 1791425386.195070; 1791425386.195067; 1; 0; 0; 0
EST TCP_QUEUE; 2026-10-08-02:09:46; 1791425386.249228; 1791425386.249224; 1; 0; 0; 0
EST TCP_QUEUE; 2026-10-08-02:09:46; 1791425386.291505; 1791425386.291499; 1; 6078; 0; 0
EST TCP_QUEUE; 2026-10-08-02:09:46; 1791425386.347589; 1791425386.347585; 1; 2219; 0; 0
EST TCP_QUEUE; 2026-10-08-02:09:46; 1791425386.393251; 1791425386.393247; 1; 1867; 0; 0
EST TCP_QUEUE; 2026-10-08-02:09:46; 1791425386.447248; 1791425386.447244; 1; 1867; 0; 0
EST TCP_QUEUE; 2026-10-08-02:09:46; 1791425386.503842; 1791425386.503839; 1; 1992; 0; 0
EST TCP_QUEUE; 2026-10-08-02:09:46; 1791425386.555487; 1791425386.555483; 1; 1992; 0; 0
EST TCP_QUEUE; 2026-10-08-02:09:46; 1791425386.599239; 1791425386.599236; 1; 1992; 0; 0
EST TCP_QUEUE; 2026-10-08-02:09:46; 1791425386.642644; 1791425386.642636; 1; 1992; 0; 0
EST TCP_QUEUE; 2026-10-08-02:09:46; 1791425386.695893; 1791425386.695890; 1; 612; 0; 0
EST TCP_QUEUE; 2026-10-08-02:09:46; 1791425386.751138; 1791425386.751129; 1; 612; 0; 0
EST TCP_QUEUE; 2026-10-08-02:09:46; 1791425386.804198; 1791425386.804192; 1; 0; 0; 0
EST TCP_QUEUE; 2026-10-08-02:09:46; 1791425386.872538; 1791425386.872534; 1; 0; 0; 0
EST TCP_QUEUE; 2026-10-08-02:09:46; 1791425386.902761; 1791425386.902758; 1; 0; 0; 0
EST TCP_QUEUE; 2026-10-08-02:09:46; 1791425386.948049; 1791425386.948047; 1; 0; 0; 0
EST TCP_QUEUE; 2026-10-08-02:09:47; 1791425387.010312; 1791425387.010309; 1; 945; 0; 0
EST TCP_QUEUE; 2026-10-08-02:09:47; 1791425387.067623; 1791425387.067618; 1; 3905; 0; 0
EST TCP_QUEUE; 2026-10-08-02:09:47; 1791425387.117780; 1791425387.117773; 1; 1920; 0; 0
EST TCP_QUEUE; 2026-10-08-02:09:47; 1791425387.173893; 1791425387.173889; 1; 1920; 0; 0
EST TCP_QUEUE; 2026-10-08-02:09:47; 1791425387.215942; 1791425387.215939; 1; 1920; 0; 0
EST TCP_QUEUE; 2026-10-08-02:09:47; 1791425387.260828; 1791425387.260826; 1; 1429; 0; 0
EST TCP_QUEUE; 2026-10-08-02:09:47; 1791425387.320078; 1791425387.320075; 1; 1429; 0; 0
EST TCP_QUEUE; 2026-10-08-02:09:47; 1791425387.373240; 1791425387.373237; 1; 1971; 0; 0
EST TCP_QUEUE; 2026-10-08-02:09:47; 1791425387.427495; 1791425387.427488; 1; 139; 0; 0
EST TCP_QUEUE; 2026-10-08-02:09:47; 1791425387.479884; 1791425387.479880; 1; 139; 0; 0
EST TCP_QUEUE; 2026-10-08-02:09:47; 1791425387.525093; 1791425387.525088; 1; 139; 0; 0
EST TCP_QUEUE; 2026-10-08-02:09:47; 1791425387.567696; 1791425387.567690; 1; 1262; 0; 0
EST TCP_QUEUE; 2026-10-08-02:09:47; 1791425387.625044; 1791425387.625038; 1; 1262; 0; 0
EST TCP_QUEUE; 2026-10-08-02:09:47; 1791425387.682007; 1791425387.682004; 1; 918; 0; 0
EST TCP_QUEUE; 2026-10-08-02:09:47; 1791425387.732748; 1791425387.732743; 1; 918; 0; 0
EST TCP_QUEUE; 2026-10-08-02:09:47; 1791425387.793804; 1791425387.793798; 1; 1437; 0; 0
EST TCP_QUEUE; 2026-10-08-02:09:47; 1791425387.867362; 1791425387.867356; 1; 1608; 0; 0
EST TCP_QUEUE; 2026-10-08-02:09:47; 1791425387.874266; 1791425387.874263; 1; 1608; 0; 0
EST TCP_QUEUE; 2026-10-08-02:09:47; 1791425387.953869; 1791425387.953866; 1; 1608; 0; 0
EST TCP_QUEUE; 2026-10-08-02:09:47; 1791425387.989356; 1791425387.989353; 1; 0; 0; 0
EST TCP_QUEUE; 2026-10-08-02:09:48; 1791425388.038238; 1791425388.038231; 1; 0; 0; 0
EST TCP_QUEUE; 2026-10-08-02:09:48; 1791425388.101825; 1791425388.101822; 1; 0; 0; 0
EST TCP_QUEUE; 2026-10-08-02:09:48; 1791425388.145060; 1791425388.145057; 1; 0; 0; 0
EST TCP_QUEUE; 2026-10-08-02:09:48; 1791425388.182000; 1791425388.181996; 1; 3777; 0; 0
EST TCP_QUEUE; 2026-10-08-02:09:48; 1791425388.240782; 1791425388.240777; 1; 1333; 0; 0
EST TCP_QUEUE; 2026-10-08-02:09:48; 1791425388.293716; 1791425388.293713; 1; 705; 0; 0
EST TCP_QUEUE; 2026-10-08-02:09:48; 1791425388.344703; 1791425388.344700; 1; 0; 0; 0
EST TCP_QUEUE; 2026-10-08-02:09:48; 1791425388.408789; 1791425388.408784; 1; 0; 0; 0
EST TCP_QUEUE; 2026-10-08-02:09:48; 1791425388.451692; 1791425388.451689; 1; 0; 0; 0
EST TCP_QUEUE; 2026-10-08-02:09:48; 1791425388.493115; 1791425388.493112; 1; 0; 0; 0
EST TCP_QUEUE; 2026-10-08-02:09:48; 1791425388.561135; 1791425388.561132; 1; 0; 0; 0
EST TCP_QUEUE; 2026-10-08-02:09:48; 1791425388.603254; 1791425388.603251; 1; 0; 0; 0
EST TCP_QUEUE; 2026-10-08-02:09:48; 1791425388.652780; 1791425388.652778; 1; 0; 0; 0
EST TCP_QUEUE; 2026-10-08-02:09:48; 1791425388.715075; 1791425388.715072; 1; 0; 0; 0
EST TCP_QUEUE; 2026-10-08-02:09:48; 1791425388.758308; 1791425388.758303; 1; 0; 0; 0
EST TCP_QUEUE; 2026-10-08-02:09:48; 1791425388.799258; 1791425388.799255; 1; 0; 0; 0
EST TCP_QUEUE; 2026-10-08-02:09:48; 1791425388.854585; 1791425388.854579; 1; 0; 0; 0
EST TCP_QUEUE; 2026-10-08-02:09:48; 1791425388.909758; 1791425388.909755; 1; 517; 0; 0
EST TCP_QUEUE; 2026-10-08-02:09:48; 1791425388.964736; 1791425388.964733; 1; 123; 0; 0
EST TCP_QUEUE; 2026-10-08-02:09:49; 1791425389.021766; 1791425389.021760; 1; 0; 0; 0
EST TCP_QUEUE; 2026-10-08-02:09:49; 1791425389.065994; 1791425389.065990; 1; 1806; 1; 0
EST TCP_QUEUE; 2026-10-08-02:09:49; 1791425389.106087; 1791425389.106085; 1; 348; 1; 0
EST TCP_QUEUE; 2026-10-08-02:09:49; 1791425389.175406; 1791425389.175400; 1; 862; 0; 0
EST TCP_QUEUE; 2026-10-08-02:09:49; 1791425389.224044; 1791425389.224040; 1; 862; 0; 0
EST TCP_QUEUE; 2026-10-08-02:09:49; 1791425389.276790; 1791425389.276787; 1; 70; 0; 0
EST TCP_QUEUE; 2026-10-08-02:09:49; 1791425389.330776; 1791425389.330773; 1; 0; 0; 0
EST TCP_QUEUE; 2026-10-08-02:09:49; 1791425389.372964; 1791425389.372960; 1; 0; 0; 0
EST TCP_QUEUE; 2026-10-08-02:09:49; 1791425389.414608; 1791425389.414605; 1; 0; 0; 0
EST TCP_QUEUE; 2026-10-08-02:09:49; 1791425389.470235; 1791425389.470232; 1; 1143; 0; 0
EST TCP_QUEUE; 2026-10-08-02:09:49; 1791425389.523981; 1791425389.523977; 1; 180; 0; 0
EST TCP_QUEUE; 2026-10-08-02:09:49; 1791425389.574757; 1791425389.574753; 1; 180; 0; 0
EST TCP_QUEUE; 2026-10-08-02:09:49; 1791425389.628696; 1791425389.628692; 1; 180; 0; 0
EST TCP_QUEUE; 2026-10-08-02:09:49; 1791425389.673529; 1791425389.673526; 1; 496; 0; 0
EST TCP_QUEUE; 2026-10-08-02:09:49; 1791425389.715413; 1791425389.715410; 1; 222; 0; 0
EST TCP_QUEUE; 2026-10-08-02:09:49; 1791425389.774487; 1791425389.774483; 1; 222; 0; 0
EST TCP_QUEUE; 2026-10-08-02:09:49; 1791425389.833595; 1791425389.833589; 1; 222; 0; 0
EST TCP_QUEUE; 2026-10-08-02:09:49; 1791425389.877820; 1791425389.877816; 1; 1722; 0; 0
EST TCP_QUEUE; 2026-10-08-02:09:49; 1791425389.935919; 1791425389.935914; 1; 1592; 0; 0
EST TCP_QUEUE; 2026-10-08-02:09:49; 1791425389.977553; 1791425389.977550; 1; 896; 0; 0
EST TCP_QUEUE; 2026-10-08-02:09:50; 1791425390.026779; 1791425390.026777; 1; 172; 0; 0
EST TCP_QUEUE; 2026-10-08-02:09:50; 1791425390.077764; 1791425390.077761; 1; 172; 0; 0
EST TCP_QUEUE; 2026-10-08-02:09:50; 1791425390.134560; 1791425390.134556; 1; 172; 0; 0
EST TCP_QUEUE; 2026-10-08-02:09:50; 1791425390.180655; 1791425390.180651; 1; 1902; 0; 0
EST TCP_QUEUE; 2026-10-08-02:09:50; 1791425390.233994; 1791425390.233988; 1; 932; 0; 0
EST TCP_QUEUE; 2026-10-08-02:09:50; 1791425390.286003; 1791425390.286000; 1; 243; 0; 0
EST TCP_QUEUE; 2026-10-08-02:09:50; 1791425390.323944; 1791425390.323941; 1; 243; 0; 0
EST TCP_QUEUE; 2026-10-08-02:09:50; 1791425390.384224; 1791425390.384216; 1; 719; 0; 0
EST TCP_QUEUE; 2026-10-08-02:09:50; 1791425390.437248; 1791425390.437246; 1; 719; 0; 0
EST TCP_QUEUE; 2026-10-08-02:09:50; 1791425390.488196; 1791425390.488191; 1; 1180; 0; 0
EST TCP_QUEUE; 2026-10-08-02:09:50; 1791425390.540682; 1791425390.540678; 1; 0; 0; 0
EST TCP_QUEUE; 2026-10-08-02:09:50; 1791425390.585695; 1791425390.585693; 1; 0; 0; 0
EST TCP_QUEUE; 2026-10-08-02:09:50; 1791425390.627059; 1791425390.627057; 1; 0; 0; 0
EST TCP_QUEUE; 2026-10-08-02:09:50; 1791425390.700687; 1791425390.700684; 1; 470; 0; 0
EST TCP_QUEUE; 2026-10-08-02:09:50; 1791425390.757152; 1791425390.757148; 1; 660; 0; 0
EST TCP_QUEUE; 2026-10-08-02:09:50; 1791425390.800020; 1791425390.800016; 1; 660; 0; 0
EST TCP_QUEUE; 2026-10-08-02:09:50; 1791425390.867529; 1791425390.867525; 1; 0; 0; 0
EST TCP_QUEUE; 2026-10-08-02:09:50; 1791425390.899315; 1791425390.899312; 1; 0; 0; 0
EST TCP_QUEUE; 2026-10-08-02:09:50; 1791425390.955671; 1791425390.955665; 1; 0; 0; 0
EST TCP_QUEUE; 2026-10-08-02:09:50; 1791425390.999692; 1791425390.999689; 1; 0; 0; 0
EST TCP_QUEUE; 2026-10-08-02:09:51; 1791425391.050357; 1791425391.050353; 1; 0; 0; 0
EST TCP_QUEUE; 2026-10-08-02:09:51; 1791425391.101760; 1791425391.101757; 1; 0; 0; 0
EST TCP_QUEUE; 2026-10-08-02:09:51; 1791425391.165371; 1791425391.165367; 1; 0; 0; 0
EST TCP_QUEUE; 2026-10-08-02:09:51; 1791425391.206471; 1791425391.206468; 1; 0; 0; 0
EST TCP_QUEUE; 2026-10-08-02:09:51; 1791425391.253528; 1791425391.253525; 1; 0; 0; 0
EST TCP_QUEUE; 2026-10-08-02:09:51; 1791425391.307035; 1791425391.307032; 1; 448; 0; 0
EST TCP_QUEUE; 2026-10-08-02:09:51; 1791425391.364587; 1791425391.364584; 1; 448; 0; 0
EST TCP_QUEUE; 2026-10-08-02:09:51; 1791425391.423700; 1791425391.423697; 1; 448; 0; 0
EST TCP_QUEUE; 2026-10-08-02:09:51; 1791425391.473921; 1791425391.473916; 1; 0; 0; 0
EST TCP_QUEUE; 2026-10-08-02:09:51; 1791425391.519128; 1791425391.519125; 1; 0; 0; 0
EST TCP_QUEUE; 2026-10-08-02:09:51; 1791425391.556325; 1791425391.556323; 1; 0; 0; 0
EST TCP_QUEUE; 2026-10-08-02:09:51; 1791425391.613852; 1791425391.613850; 1; 0; 0; 0
EST TCP_QUEUE; 2026-10-08-02:09:51; 1791425391.669895; 1791425391.669891; 1; 0; 0; 0
EST TCP_QUEUE; 2026-10-08-02:09:51; 1791425391.720092; 1791425391.720088; 1; 0; 0; 0
EST TCP_QUEUE; 2026-10-08-02:09:51; 1791425391.773600; 1791425391.773596; 1; 0; 0; 0
EST TCP_QUEUE; 2026-10-08-02:09:51; 1791425391.819546; 1791425391.819542; 1; 414; 0; 0
EST TCP_QUEUE; 2026-10-08-02:09:51; 1791425391.869348; 1791425391.869346; 1; 414; 0; 0
EST TCP_QUEUE; 2026-10-08-02:09:51; 1791425391.918332; 1791425391.918328; 1; 414; 0; 0
EST TCP_QUEUE; 2026-10-08-02:09:51; 1791425391.972749; 1791425391.972745; 1; 0; 0; 0
EST TCP_QUEUE; 2026-10-08-02:09:52; 1791425392.029944; 1791425392.029940; 1; 0; 0; 0
EST TCP_QUEUE; 2026-10-08-02:09:52; 1791425392.081880; 1791425392.081877; 1; 800; 0; 0
EST TCP_QUEUE; 2026-10-08-02:09:52; 1791425392.124666; 1791425392.124663; 1; 800; 0; 0
EST TCP_QUEUE; 2026-10-08-02:09:52; 1791425392.186462; 1791425392.186458; 1; 0; 0; 0
EST TCP_QUEUE; 2026-10-08-02:09:52; 1791425392.227427; 1791425392.227422; 1; 0; 0; 0
EST TCP_QUEUE; 2026-10-08-02:09:52; 1791425392.285977; 1791425392.285975; 1; 1488; 0; 0
EST TCP_QUEUE; 2026-10-08-02:09:52; 1791425392.335178; 1791425392.335174; 1; 1307; 0; 0
EST TCP_QUEUE; 2026-10-08-02:09:52; 1791425392.390521; 1791425392.390518; 1; 1307; 0; 0
EST TCP_QUEUE; 2026-10-08-02:09:52; 1791425392.448645; 1791425392.448642; 1; 1307; 0; 0
EST TCP_QUEUE; 2026-10-08-02:09:52; 1791425392.474247; 1791425392.474244; 1; 2800; 0; 0
EST TCP_QUEUE; 2026-10-08-02:09:52; 1791425392.530816; 1791425392.530813; 1; 2800; 0; 0
EST TCP_QUEUE; 2026-10-08-02:09:52; 1791425392.586002; 1791425392.586000; 1; 0; 0; 0
EST TCP_QUEUE; 2026-10-08-02:09:52; 1791425392.638009; 1791425392.638005; 1; 0; 0; 0
EST TCP_QUEUE; 2026-10-08-02:09:52; 1791425392.690555; 1791425392.690551; 1; 0; 0; 0
EST TCP_QUEUE; 2026-10-08-02:09:52; 1791425392.734176; 1791425392.734170; 1; 0; 0; 0
EST TCP_QUEUE; 2026-10-08-02:09:52; 1791425392.779431; 1791425392.779425; 1; 1590; 0; 0
EST TCP_QUEUE; 2026-10-08-02:09:52; 1791425392.848642; 1791425392.848638; 1; 0; 0; 0
EST TCP_QUEUE; 2026-10-08-02:09:52; 1791425392.894031; 1791425392.894028; 1; 0; 0; 0
EST TCP_QUEUE; 2026-10-08-02:09:52; 1791425392.940364; 1791425392.940361; 1; 0; 0; 0
EST TCP_QUEUE; 2026-10-08-02:09:52; 1791425392.997181; 1791425392.997178; 1; 421; 0; 0
EST TCP_QUEUE; 2026-10-08-02:09:53; 1791425393.041149; 1791425393.041146; 1; 421; 0; 0
EST TCP_QUEUE; 2026-10-08-02:09:53; 1791425393.080658; 1791425393.080655; 1; 923; 0; 0
EST TCP_QUEUE; 2026-10-08-02:09:53; 1791425393.140747; 1791425393.140743; 1; 327; 0; 0
WAN 02:09:54.824598 IP (tos 0x0, ttl 127, id 40516, offset 0, flags [DF], proto TCP (6), length 64)
WAN     192.168.2.70.31344 > 172.66.0.218.443: Flags [S], cksum 0x46f6 (correct), seq 350910098, win 65535, options [mss 1460,nop,wscale 8,nop,nop,sackOK,nop,nop,TS val 3394153729 ecr 0], length 0
WAN 02:09:54.860071 IP (tos 0x0, ttl 56, id 0, offset 0, flags [DF], proto TCP (6), length 60)
WAN     172.66.0.218.443 > 192.168.2.70.31344: Flags [S.], cksum 0x63c4 (correct), seq 2607788637, ack 350910099, win 65535, options [mss 1400,sackOK,TS val 2672035916 ecr 3394153729,nop,wscale 13], length 0
WAN 02:09:54.862552 IP (tos 0x0, ttl 127, id 40518, offset 0, flags [DF], proto TCP (6), length 64)
WAN     192.168.2.70.63107 > 172.66.0.218.443: Flags [S], cksum 0x29fe (correct), seq 896399091, win 65535, options [mss 1460,nop,wscale 8,nop,nop,sackOK,nop,nop,TS val 3394153729 ecr 0], length 0
WAN 02:09:54.887101 IP (tos 0x0, ttl 56, id 0, offset 0, flags [DF], proto TCP (6), length 60)
WAN     172.66.0.218.443 > 192.168.2.70.63107: Flags [S.], cksum 0xdcf6 (correct), seq 747773558, ack 896399092, win 65535, options [mss 1400,sackOK,TS val 1075893258 ecr 3394153729,nop,wscale 13], length 0
LAN 02:09:54.824133 IP (tos 0x0, ttl 128, id 40516, offset 0, flags [DF], proto TCP (6), length 52)
LAN     192.168.56.1.31344 > 172.66.0.218.443: Flags [S], cksum 0xc1a2 (correct), seq 350910098, win 65535, options [mss 1460,nop,wscale 8,nop,nop,sackOK], length 0
LAN 02:09:54.860436 IP (tos 0x0, ttl 55, id 0, offset 0, flags [DF], proto TCP (6), length 60)
LAN     172.66.0.218.443 > 192.168.56.1.31344: Flags [S.], cksum 0x4fef (correct), seq 2607788637, ack 350910099, win 65535, options [mss 1400,sackOK,nop,nop,nop,nop,nop,nop,nop,nop,nop,nop,nop,wscale 13], length 0
LAN 02:09:54.861042 IP (tos 0x0, ttl 128, id 40518, offset 0, flags [DF], proto TCP (6), length 52)
LAN     192.168.56.1.63107 > 172.66.0.218.443: Flags [S], cksum 0xa4aa (correct), seq 896399091, win 65535, options [mss 1460,nop,wscale 8,nop,nop,sackOK], length 0
LAN 02:09:54.887586 IP (tos 0x0, ttl 55, id 0, offset 0, flags [DF], proto TCP (6), length 60)
LAN     172.66.0.218.443 > 192.168.56.1.63107: Flags [S.], cksum 0x35bc (correct), seq 747773558, ack 896399092, win 65535, options [mss 1400,sackOK,nop,nop,nop,nop,nop,nop,nop,nop,nop,nop,nop,wscale 13], length 0
EST TCP_QUEUE; 2026-10-08-02:09:53; 1791425393.199619; 1791425393.199615; 1; 327; 0; 0
EST TCP_QUEUE; 2026-10-08-02:09:53; 1791425393.251071; 1791425393.251067; 1; 327; 0; 0
EST TCP_QUEUE; 2026-10-08-02:09:53; 1791425393.301038; 1791425393.301034; 1; 3750; 0; 0
EST TCP_QUEUE; 2026-10-08-02:09:53; 1791425393.345553; 1791425393.345549; 1; 541; 0; 0
EST TCP_QUEUE; 2026-10-08-02:09:53; 1791425393.386258; 1791425393.386255; 1; 541; 0; 0
EST TCP_QUEUE; 2026-10-08-02:09:53; 1791425393.445437; 1791425393.445434; 1; 541; 0; 0
EST TCP_QUEUE; 2026-10-08-02:09:53; 1791425393.499265; 1791425393.499262; 1; 103; 0; 0
EST TCP_QUEUE; 2026-10-08-02:09:53; 1791425393.552946; 1791425393.552942; 1; 103; 0; 0
EST TCP_QUEUE; 2026-10-08-02:09:53; 1791425393.603061; 1791425393.603057; 1; 0; 0; 0
EST TCP_QUEUE; 2026-10-08-02:09:53; 1791425393.653504; 1791425393.653500; 1; 0; 0; 0
EST TCP_QUEUE; 2026-10-08-02:09:53; 1791425393.718889; 1791425393.718886; 1; 0; 0; 0
EST TCP_QUEUE; 2026-10-08-02:09:53; 1791425393.746895; 1791425393.746892; 1; 0; 0; 0
EST TCP_QUEUE; 2026-10-08-02:09:53; 1791425393.803316; 1791425393.803312; 1; 0; 0; 0
EST TCP_QUEUE; 2026-10-08-02:09:53; 1791425393.866014; 1791425393.866010; 1; 0; 0; 0
EST TCP_QUEUE; 2026-10-08-02:09:53; 1791425393.920776; 1791425393.920769; 1; 4900; 0; 0
EST TCP_QUEUE; 2026-10-08-02:09:53; 1791425393.951852; 1791425393.951849; 1; 4900; 0; 0
EST TCP_QUEUE; 2026-10-08-02:09:53; 1791425393.995242; 1791425393.995239; 1; 4900; 0; 0
EST TCP_QUEUE; 2026-10-08-02:09:54; 1791425394.053628; 1791425394.053626; 1; 4900; 0; 0
EST TCP_QUEUE; 2026-10-08-02:09:54; 1791425394.125719; 1791425394.125713; 1; 0; 0; 0
EST TCP_QUEUE; 2026-10-08-02:09:54; 1791425394.165917; 1791425394.165913; 1; 0; 0; 0
EST TCP_QUEUE; 2026-10-08-02:09:54; 1791425394.215155; 1791425394.215152; 1; 1819; 0; 0
EST TCP_QUEUE; 2026-10-08-02:09:54; 1791425394.261841; 1791425394.261838; 1; 1819; 0; 0
EST TCP_QUEUE; 2026-10-08-02:09:54; 1791425394.308974; 1791425394.308969; 1; 0; 0; 0
EST TCP_QUEUE; 2026-10-08-02:09:54; 1791425394.358891; 1791425394.358888; 1; 0; 0; 0
EST TCP_QUEUE; 2026-10-08-02:09:54; 1791425394.415599; 1791425394.415595; 1; 0; 0; 0
EST TCP_QUEUE; 2026-10-08-02:09:54; 1791425394.463650; 1791425394.463648; 1; 0; 0; 0
EST TCP_QUEUE; 2026-10-08-02:09:54; 1791425394.517686; 1791425394.517681; 1; 655; 0; 0
EST TCP_QUEUE; 2026-10-08-02:09:54; 1791425394.562269; 1791425394.562263; 1; 0; 0; 0
EST TCP_QUEUE; 2026-10-08-02:09:54; 1791425394.602220; 1791425394.602216; 1; 0; 0; 0
EST TCP_QUEUE; 2026-10-08-02:09:54; 1791425394.664009; 1791425394.663995; 1; 0; 0; 0
EST TCP_QUEUE; 2026-10-08-02:09:54; 1791425394.715192; 1791425394.715187; 1; 0; 0; 0
EST TCP_QUEUE; 2026-10-08-02:09:54; 1791425394.770614; 1791425394.770609; 1; 611; 0; 0
EST TCP_QUEUE; 2026-10-08-02:09:54; 1791425394.822914; 1791425394.822909; 1; 611; 0; 0
EST TCP_QUEUE; 2026-10-08-02:09:54; 1791425394.869525; 1791425394.869522; 1; 715; 0; 0
EST TCP_QUEUE; 2026-10-08-02:09:54; 1791425394.914245; 1791425394.914243; 1; 715; 0; 0
EST TCP_QUEUE; 2026-10-08-02:09:54; 1791425394.970272; 1791425394.970269; 1; 0; 0; 0
EST TCP_QUEUE; 2026-10-08-02:09:55; 1791425395.028874; 1791425395.028871; 1; 0; 0; 0
EST TCP_QUEUE; 2026-10-08-02:09:55; 1791425395.084479; 1791425395.084475; 1; 1372; 0; 0
EST TCP_QUEUE; 2026-10-08-02:09:55; 1791425395.145923; 1791425395.145918; 1; 1372; 0; 0
EST TCP_QUEUE; 2026-10-08-02:09:55; 1791425395.190042; 1791425395.190037; 1; 0; 0; 0
EST TCP_QUEUE; 2026-10-08-02:09:55; 1791425395.288165; 1791425395.288158; 1; 0; 0; 0
EST TCP_QUEUE; 2026-10-08-02:09:55; 1791425395.299979; 1791425395.299972; 1; 0; 0; 0
EST TCP_QUEUE; 2026-10-08-02:09:55; 1791425395.407934; 1791425395.407931; 1; 0; 0; 0
EST TCP_QUEUE; 2026-10-08-02:09:55; 1791425395.468189; 1791425395.468184; 1; 4277; 0; 0
EST TCP_QUEUE; 2026-10-08-02:09:55; 1791425395.520003; 1791425395.519998; 1; 62630; 0; 0
EST TCP_QUEUE; 2026-10-08-02:09:55; 1791425395.547910; 1791425395.547906; 1; 62630; 0; 0
EST TCP_QUEUE; 2026-10-08-02:09:55; 1791425395.557195; 1791425395.557191; 1; 62630; 0; 0
EST TCP_QUEUE; 2026-10-08-02:09:55; 1791425395.608108; 1791425395.608104; 1; 62630; 0; 0
EST TCP_QUEUE; 2026-10-08-02:09:55; 1791425395.670629; 1791425395.670622; 1; 0; 0; 0
EST TCP_QUEUE; 2026-10-08-02:09:55; 1791425395.742886; 1791425395.742885; 1; 0; 0; 0
EST TCP_QUEUE; 2026-10-08-02:09:55; 1791425395.758964; 1791425395.758958; 1; 0; 0; 0
EST TCP_QUEUE; 2026-10-08-02:09:55; 1791425395.810749; 1791425395.810745; 1; 0; 0; 0
EST TCP_QUEUE; 2026-10-08-02:09:55; 1791425395.847898; 1791425395.847894; 1; 0; 0; 0
EST TCP_QUEUE; 2026-10-08-02:09:55; 1791425395.937633; 1791425395.937627; 1; 0; 0; 0
EST TCP_QUEUE; 2026-10-08-02:09:55; 1791425395.960262; 1791425395.960259; 1; 0; 0; 0
EST TCP_QUEUE; 2026-10-08-02:09:56; 1791425396.023647; 1791425396.023642; 1; 18323; 0; 0
EST TCP_QUEUE; 2026-10-08-02:09:56; 1791425396.066122; 1791425396.066119; 1; 18323; 0; 0
EST TCP_QUEUE; 2026-10-08-02:09:56; 1791425396.130257; 1791425396.130253; 1; 18323; 0; 0
EST TCP_QUEUE; 2026-10-08-02:09:56; 1791425396.184033; 1791425396.184029; 1; 0; 0; 0
EST TCP_QUEUE; 2026-10-08-02:09:56; 1791425396.365274; 1791425396.365270; 1; 24770; 0; 0
EST TCP_QUEUE; 2026-10-08-02:09:56; 1791425396.395851; 1791425396.395847; 1; 68462; 0; 0
EST TCP_QUEUE; 2026-10-08-02:09:56; 1791425396.472242; 1791425396.472239; 1; 68462; 0; 0
EST TCP_QUEUE; 2026-10-08-02:09:56; 1791425396.565656; 1791425396.565652; 1; 68462; 0; 0
EST TCP_QUEUE; 2026-10-08-02:09:56; 1791425396.665285; 1791425396.665281; 1; 83617; 0; 0
EST TCP_QUEUE; 2026-10-08-02:09:56; 1791425396.665310; 1791425396.665308; 1; 83617; 0; 0
EST TCP_QUEUE; 2026-10-08-02:09:56; 1791425396.685098; 1791425396.685095; 1; 48094; 0; 0
EST TCP_QUEUE; 2026-10-08-02:09:56; 1791425396.734518; 1791425396.734514; 1; 48094; 0; 0
EST TCP_QUEUE; 2026-10-08-02:09:56; 1791425396.813205; 1791425396.813199; 1; 51845; 0; 0
EST TCP_QUEUE; 2026-10-08-02:09:56; 1791425396.850645; 1791425396.850639; 1; 51845; 0; 0
EST TCP_QUEUE; 2026-10-08-02:09:56; 1791425396.917515; 1791425396.917511; 1; 39105; 0; 0
EST TCP_QUEUE; 2026-10-08-02:09:56; 1791425396.944996; 1791425396.944993; 1; 39105; 0; 0
EST TCP_QUEUE; 2026-10-08-02:09:57; 1791425397.023745; 1791425397.023743; 1; 56836; 0; 0
EST TCP_QUEUE; 2026-10-08-02:09:57; 1791425397.099774; 1791425397.099768; 1; 67038; 0; 0
EST TCP_QUEUE; 2026-10-08-02:09:57; 1791425397.136236; 1791425397.136233; 1; 67038; 0; 0
EST TCP_QUEUE; 2026-10-08-02:09:57; 1791425397.200774; 1791425397.200769; 1; 106574; 0; 0
EST TCP_QUEUE; 2026-10-08-02:09:57; 1791425397.208944; 1791425397.208941; 1; 106574; 0; 0
EST TCP_QUEUE; 2026-10-08-02:09:57; 1791425397.208964; 1791425397.208963; 1; 106574; 0; 0
EST TCP_QUEUE; 2026-10-08-02:09:57; 1791425397.224313; 1791425397.224308; 1; 106574; 0; 0
EST TCP_QUEUE; 2026-10-08-02:09:57; 1791425397.256195; 1791425397.256191; 1; 106574; 0; 0
EST TCP_QUEUE; 2026-10-08-02:09:57; 1791425397.319632; 1791425397.319628; 1; 106574; 0; 0
EST TCP_QUEUE; 2026-10-08-02:09:57; 1791425397.402320; 1791425397.402317; 1; 0; 0; 0
EST TCP_QUEUE; 2026-10-08-02:09:57; 1791425397.466030; 1791425397.466026; 1; 0; 0; 0
EST TCP_QUEUE; 2026-10-08-02:09:57; 1791425397.524567; 1791425397.524562; 1; 32511; 0; 0
EST TCP_QUEUE; 2026-10-08-02:09:57; 1791425397.597114; 1791425397.597111; 1; 80786; 0; 0
EST TCP_QUEUE; 2026-10-08-02:09:57; 1791425397.619622; 1791425397.619618; 1; 80786; 0; 0
EST TCP_QUEUE; 2026-10-08-02:09:57; 1791425397.708712; 1791425397.708700; 1; 80786; 0; 0
EST TCP_QUEUE; 2026-10-08-02:09:57; 1791425397.774378; 1791425397.774375; 1; 94790; 0; 0
EST TCP_QUEUE; 2026-10-08-02:09:57; 1791425397.777916; 1791425397.777913; 1; 94790; 0; 0
EST TCP_QUEUE; 2026-10-08-02:09:57; 1791425397.799870; 1791425397.799865; 1; 583; 0; 0
EST TCP_QUEUE; 2026-10-08-02:09:57; 1791425397.868071; 1791425397.868068; 1; 0; 0; 0
EST TCP_QUEUE; 2026-10-08-02:09:57; 1791425397.961304; 1791425397.961301; 1; 0; 0; 0
EST TCP_QUEUE; 2026-10-08-02:09:58; 1791425398.038693; 1791425398.038687; 1; 57241; 0; 0
EST TCP_QUEUE; 2026-10-08-02:09:58; 1791425398.072678; 1791425398.072673; 1; 91557; 0; 0
EST TCP_QUEUE; 2026-10-08-02:09:58; 1791425398.145049; 1791425398.145046; 1; 93539; 0; 0
EST TCP_QUEUE; 2026-10-08-02:09:58; 1791425398.181535; 1791425398.181531; 1; 90162; 0; 0
EST TCP_QUEUE; 2026-10-08-02:09:58; 1791425398.222758; 1791425398.222754; 1; 78064; 0; 0
EST TCP_QUEUE; 2026-10-08-02:09:58; 1791425398.224374; 1791425398.224370; 1; 78064; 0; 0
EST TCP_QUEUE; 2026-10-08-02:09:58; 1791425398.261876; 1791425398.261872; 1; 0; 0; 0
EST TCP_QUEUE; 2026-10-08-02:09:58; 1791425398.327818; 1791425398.327814; 1; 0; 0; 0
EST TCP_QUEUE; 2026-10-08-02:09:58; 1791425398.380852; 1791425398.380470; 1; 523; 0; 0
EST TCP_QUEUE; 2026-10-08-02:09:58; 1791425398.475435; 1791425398.475430; 1; 1444; 0; 0
EST TCP_QUEUE; 2026-10-08-02:09:58; 1791425398.555857; 1791425398.555852; 1; 1444; 0; 0
EST TCP_QUEUE; 2026-10-08-02:09:58; 1791425398.615553; 1791425398.615549; 1; 87038; 0; 0
EST TCP_QUEUE; 2026-10-08-02:09:58; 1791425398.631520; 1791425398.631517; 1; 87038; 0; 0
EST TCP_QUEUE; 2026-10-08-02:09:58; 1791425398.727793; 1791425398.727789; 1; 0; 0; 0
EST TCP_QUEUE; 2026-10-08-02:09:58; 1791425398.727814; 1791425398.727812; 1; 0; 0; 0
EST TCP_QUEUE; 2026-10-08-02:09:58; 1791425398.796795; 1791425398.796789; 1; 0; 0; 0
EST TCP_QUEUE; 2026-10-08-02:09:58; 1791425398.840073; 1791425398.840071; 1; 0; 0; 0
EST TCP_QUEUE; 2026-10-08-02:09:58; 1791425398.902807; 1791425398.902804; 1; 27477; 0; 0
EST TCP_QUEUE; 2026-10-08-02:09:58; 1791425398.937081; 1791425398.937077; 1; 19558; 0; 0
EST TCP_QUEUE; 2026-10-08-02:09:59; 1791425399.023001; 1791425399.022998; 1; 19558; 0; 0
EST TCP_QUEUE; 2026-10-08-02:09:59; 1791425399.043968; 1791425399.043964; 1; 11220; 0; 0
EST TCP_QUEUE; 2026-10-08-02:09:59; 1791425399.078327; 1791425399.078323; 1; 11220; 0; 0
EST TCP_QUEUE; 2026-10-08-02:09:59; 1791425399.145428; 1791425399.145425; 1; 11220; 0; 0
EST TCP_QUEUE; 2026-10-08-02:09:59; 1791425399.214964; 1791425399.214960; 1; 1449; 0; 0
EST TCP_QUEUE; 2026-10-08-02:09:59; 1791425399.271522; 1791425399.271518; 1; 1449; 0; 0
EST TCP_QUEUE; 2026-10-08-02:09:59; 1791425399.318961; 1791425399.318956; 1; 3238; 0; 0
EST TCP_QUEUE; 2026-10-08-02:09:59; 1791425399.375050; 1791425399.375046; 1; 3238; 0; 0
EST TCP_QUEUE; 2026-10-08-02:09:59; 1791425399.426301; 1791425399.426298; 1; 3238; 0; 0
EST TCP_QUEUE; 2026-10-08-02:09:59; 1791425399.481532; 1791425399.481528; 1; 1581; 0; 0
EST TCP_QUEUE; 2026-10-08-02:09:59; 1791425399.543775; 1791425399.543773; 1; 1581; 0; 0
EST TCP_QUEUE; 2026-10-08-02:09:59; 1791425399.593927; 1791425399.593923; 1; 5873; 0; 0
EST TCP_QUEUE; 2026-10-08-02:09:59; 1791425399.657097; 1791425399.657094; 1; 5873; 0; 0
EST TCP_QUEUE; 2026-10-08-02:09:59; 1791425399.697514; 1791425399.697510; 1; 497; 0; 0
EST TCP_QUEUE; 2026-10-08-02:09:59; 1791425399.756100; 1791425399.756096; 1; 497; 0; 0
EST TCP_QUEUE; 2026-10-08-02:09:59; 1791425399.822793; 1791425399.822789; 1; 497; 0; 0
EST TCP_QUEUE; 2026-10-08-02:09:59; 1791425399.873464; 1791425399.873461; 1; 338; 0; 0
EST TCP_QUEUE; 2026-10-08-02:09:59; 1791425399.921356; 1791425399.921349; 1; 338; 0; 0
EST TCP_QUEUE; 2026-10-08-02:09:59; 1791425399.993550; 1791425399.993548; 1; 766; 0; 0
EST TCP_QUEUE; 2026-10-08-02:10:00; 1791425400.027428; 1791425400.027424; 1; 766; 0; 0
EST TCP_QUEUE; 2026-10-08-02:10:00; 1791425400.080308; 1791425400.080306; 1; 893; 0; 0
EST TCP_QUEUE; 2026-10-08-02:10:00; 1791425400.156972; 1791425400.156966; 1; 119; 0; 0
EST TCP_QUEUE; 2026-10-08-02:10:00; 1791425400.201580; 1791425400.201576; 1; 119; 0; 0
EST TCP_QUEUE; 2026-10-08-02:10:00; 1791425400.290164; 1791425400.290160; 1; 2558; 0; 0
EST TCP_QUEUE; 2026-10-08-02:10:00; 1791425400.367886; 1791425400.367881; 1; 11056; 0; 0
EST TCP_QUEUE; 2026-10-08-02:10:00; 1791425400.437067; 1791425400.437061; 1; 11056; 0; 0
EST TCP_QUEUE; 2026-10-08-02:10:00; 1791425400.467163; 1791425400.467159; 1; 32876; 0; 0
EST TCP_QUEUE; 2026-10-08-02:10:00; 1791425400.488430; 1791425400.488420; 1; 32876; 0; 0
EST TCP_QUEUE; 2026-10-08-02:10:00; 1791425400.663253; 1791425400.663247; 1; 0; 0; 0
EST TCP_QUEUE; 2026-10-08-02:10:00; 1791425400.736510; 1791425400.736505; 1; 43312; 0; 0
EST TCP_QUEUE; 2026-10-08-02:10:00; 1791425400.761168; 1791425400.761164; 1; 0; 0; 0
EST TCP_QUEUE; 2026-10-08-02:10:00; 1791425400.761195; 1791425400.761192; 1; 0; 0; 0
EST TCP_QUEUE; 2026-10-08-02:10:00; 1791425400.791354; 1791425400.791351; 1; 0; 0; 0
EST TCP_QUEUE; 2026-10-08-02:10:00; 1791425400.864807; 1791425400.864769; 1; 0; 0; 0
EST TCP_QUEUE; 2026-10-08-02:10:00; 1791425400.913433; 1791425400.913429; 1; 0; 0; 0
EST TCP_QUEUE; 2026-10-08-02:10:00; 1791425400.968316; 1791425400.968311; 1; 0; 0; 0
EST TCP_QUEUE; 2026-10-08-02:10:01; 1791425401.045924; 1791425401.045920; 1; 0; 0; 0
EST TCP_QUEUE; 2026-10-08-02:10:01; 1791425401.080964; 1791425401.080960; 1; 7650; 0; 0
EST TCP_QUEUE; 2026-10-08-02:10:01; 1791425401.151652; 1791425401.151649; 1; 7650; 0; 0
EST TCP_QUEUE; 2026-10-08-02:10:01; 1791425401.187544; 1791425401.187537; 1; 35755; 0; 0
EST TCP_QUEUE; 2026-10-08-02:10:01; 1791425401.204882; 1791425401.204872; 1; 35755; 0; 0
EST TCP_QUEUE; 2026-10-08-02:10:01; 1791425401.240938; 1791425401.240934; 1; 35755; 0; 0
EST TCP_QUEUE; 2026-10-08-02:10:01; 1791425401.304501; 1791425401.304496; 1; 43336; 0; 0
EST TCP_QUEUE; 2026-10-08-02:10:01; 1791425401.392863; 1791425401.392859; 1; 49816; 0; 0
EST TCP_QUEUE; 2026-10-08-02:10:01; 1791425401.409388; 1791425401.409384; 1; 348; 0; 0
EST TCP_QUEUE; 2026-10-08-02:10:01; 1791425401.455493; 1791425401.455489; 1; 0; 0; 0
EST TCP_QUEUE; 2026-10-08-02:10:01; 1791425401.518183; 1791425401.518179; 1; 0; 0; 0
EST TCP_QUEUE; 2026-10-08-02:10:01; 1791425401.537208; 1791425401.537204; 1; 0; 0; 0
EST TCP_QUEUE; 2026-10-08-02:10:01; 1791425401.589871; 1791425401.589866; 1; 15421; 1; 104708
EST TCP_QUEUE; 2026-10-08-02:10:01; 1791425401.668394; 1791425401.668389; 1; 45353; 1; 0
EST TCP_QUEUE; 2026-10-08-02:10:01; 1791425401.748518; 1791425401.748515; 1; 45353; 1; 0
EST TCP_QUEUE; 2026-10-08-02:10:01; 1791425401.789606; 1791425401.789600; 1; 71659; 0; 0
EST TCP_QUEUE; 2026-10-08-02:10:01; 1791425401.835623; 1791425401.835619; 1; 42380; 0; 0
EST TCP_QUEUE; 2026-10-08-02:10:01; 1791425401.843420; 1791425401.843416; 1; 42380; 0; 0
EST TCP_QUEUE; 2026-10-08-02:10:01; 1791425401.916399; 1791425401.916394; 1; 0; 0; 0
EST TCP_QUEUE; 2026-10-08-02:10:01; 1791425401.977423; 1791425401.977416; 1; 0; 0; 0
EST TCP_QUEUE; 2026-10-08-02:10:02; 1791425402.074516; 1791425402.074512; 1; 21393; 0; 0
EST TCP_QUEUE; 2026-10-08-02:10:02; 1791425402.115569; 1791425402.115565; 1; 21393; 0; 0
EST TCP_QUEUE; 2026-10-08-02:10:02; 1791425402.133552; 1791425402.133545; 1; 21393; 0; 0
EST TCP_QUEUE; 2026-10-08-02:10:02; 1791425402.187179; 1791425402.187176; 1; 56761; 0; 0
EST TCP_QUEUE; 2026-10-08-02:10:02; 1791425402.245425; 1791425402.245423; 1; 56761; 0; 0
EST TCP_QUEUE; 2026-10-08-02:10:02; 1791425402.273034; 1791425402.273031; 1; 25955; 0; 0
EST TCP_QUEUE; 2026-10-08-02:10:02; 1791425402.329751; 1791425402.329745; 1; 18253; 0; 0
EST TCP_QUEUE; 2026-10-08-02:10:02; 1791425402.388830; 1791425402.388827; 1; 8459; 0; 0
EST TCP_QUEUE; 2026-10-08-02:10:02; 1791425402.428806; 1791425402.428802; 1; 8459; 0; 0
EST TCP_QUEUE; 2026-10-08-02:10:02; 1791425402.497441; 1791425402.497438; 1; 3041; 1; 0
EST TCP_QUEUE; 2026-10-08-02:10:02; 1791425402.544616; 1791425402.544612; 1; 3041; 1; 0
EST TCP_QUEUE; 2026-10-08-02:10:02; 1791425402.596398; 1791425402.596394; 1; 3041; 1; 0
EST TCP_QUEUE; 2026-10-08-02:10:02; 1791425402.714798; 1791425402.714795; 1; 0; 0; 0
EST TCP_QUEUE; 2026-10-08-02:10:02; 1791425402.790869; 1791425402.790865; 1; 52340; 0; 0
EST TCP_QUEUE; 2026-10-08-02:10:02; 1791425402.851811; 1791425402.851808; 1; 52340; 0; 0
EST TCP_QUEUE; 2026-10-08-02:10:02; 1791425402.856667; 1791425402.856664; 1; 52340; 0; 0
EST TCP_QUEUE; 2026-10-08-02:10:02; 1791425402.856692; 1791425402.856689; 1; 52340; 0; 0
EST TCP_QUEUE; 2026-10-08-02:10:02; 1791425402.940649; 1791425402.940647; 1; 2918; 0; 0
EST TCP_QUEUE; 2026-10-08-02:10:02; 1791425402.978459; 1791425402.978457; 1; 0; 0; 0
EST TCP_QUEUE; 2026-10-08-02:10:03; 1791425403.030079; 1791425403.030074; 1; 0; 0; 0
EST TCP_QUEUE; 2026-10-08-02:10:03; 1791425403.065104; 1791425403.065101; 1; 0; 0; 0
EST TCP_QUEUE; 2026-10-08-02:10:03; 1791425403.115805; 1791425403.115802; 1; 0; 0; 0
EST TCP_QUEUE; 2026-10-08-02:10:03; 1791425403.168642; 1791425403.168637; 1; 2675; 0; 0
EST TCP_QUEUE; 2026-10-08-02:10:03; 1791425403.232117; 1791425403.232114; 1; 2027; 0; 0
EST TCP_QUEUE; 2026-10-08-02:10:03; 1791425403.275181; 1791425403.275176; 1; 2027; 0; 0
EST TCP_QUEUE; 2026-10-08-02:10:03; 1791425403.339019; 1791425403.339013; 1; 2027; 0; 0
EST TCP_QUEUE; 2026-10-08-02:10:03; 1791425403.382603; 1791425403.382600; 1; 564; 0; 0
EST TCP_QUEUE; 2026-10-08-02:10:03; 1791425403.438683; 1791425403.438678; 1; 1193; 0; 0
EST TCP_QUEUE; 2026-10-08-02:10:03; 1791425403.503458; 1791425403.503452; 1; 778; 0; 0
EST TCP_QUEUE; 2026-10-08-02:10:03; 1791425403.552333; 1791425403.552330; 1; 778; 0; 0
EST TCP_QUEUE; 2026-10-08-02:10:03; 1791425403.590801; 1791425403.590797; 1; 4660; 0; 0
EST TCP_QUEUE; 2026-10-08-02:10:03; 1791425403.645127; 1791425403.645123; 1; 4660; 0; 0
EST TCP_QUEUE; 2026-10-08-02:10:03; 1791425403.704719; 1791425403.704709; 1; 0; 1; 39614
EST TCP_QUEUE; 2026-10-08-02:10:03; 1791425403.760850; 1791425403.760846; 1; 0; 1; 39614
EST TCP_QUEUE; 2026-10-08-02:10:03; 1791425403.803102; 1791425403.803098; 1; 0; 1; 39614
EST TCP_QUEUE; 2026-10-08-02:10:03; 1791425403.846713; 1791425403.846705; 1; 0; 1; 39614
EST TCP_QUEUE; 2026-10-08-02:10:03; 1791425403.901084; 1791425403.901081; 1; 567; 0; 0
EST TCP_QUEUE; 2026-10-08-02:10:03; 1791425403.957190; 1791425403.957186; 1; 567; 0; 0
EST TCP_QUEUE; 2026-10-08-02:10:04; 1791425404.010349; 1791425404.010346; 1; 644; 0; 0
EST TCP_QUEUE; 2026-10-08-02:10:04; 1791425404.061243; 1791425404.061240; 1; 644; 0; 0
EST TCP_QUEUE; 2026-10-08-02:10:04; 1791425404.109983; 1791425404.109978; 1; 644; 0; 0
EST TCP_QUEUE; 2026-10-08-02:10:04; 1791425404.191757; 1791425404.191748; 1; 5173; 0; 0
EST TCP_QUEUE; 2026-10-08-02:10:04; 1791425404.208813; 1791425404.208806; 1; 256; 0; 0
EST TCP_QUEUE; 2026-10-08-02:10:04; 1791425404.264127; 1791425404.264124; 1; 256; 0; 0
EST TCP_QUEUE; 2026-10-08-02:10:04; 1791425404.315734; 1791425404.315730; 1; 256; 0; 0
EST TCP_QUEUE; 2026-10-08-02:10:04; 1791425404.376297; 1791425404.376292; 1; 512; 0; 0
EST TCP_QUEUE; 2026-10-08-02:10:04; 1791425404.448660; 1791425404.448656; 1; 512; 0; 0
EST TCP_QUEUE; 2026-10-08-02:10:04; 1791425404.470510; 1791425404.470507; 1; 1467; 0; 0
EST TCP_QUEUE; 2026-10-08-02:10:04; 1791425404.581338; 1791425404.581334; 1; 10988; 0; 0
EST TCP_QUEUE; 2026-10-08-02:10:04; 1791425404.677126; 1791425404.677122; 1; 10988; 0; 0
EST TCP_QUEUE; 2026-10-08-02:10:04; 1791425404.701938; 1791425404.701936; 1; 16980; 0; 0
EST TCP_QUEUE; 2026-10-08-02:10:04; 1791425404.767287; 1791425404.767281; 1; 16980; 0; 0
EST TCP_QUEUE; 2026-10-08-02:10:04; 1791425404.791614; 1791425404.791608; 1; 61076; 0; 0
EST TCP_QUEUE; 2026-10-08-02:10:04; 1791425404.873892; 1791425404.873887; 1; 61076; 0; 0
EST TCP_QUEUE; 2026-10-08-02:10:04; 1791425404.932236; 1791425404.932233; 1; 61076; 0; 0
EST TCP_QUEUE; 2026-10-08-02:10:04; 1791425404.969671; 1791425404.969666; 1; 60375; 0; 0
EST TCP_QUEUE; 2026-10-08-02:10:04; 1791425404.996189; 1791425404.996182; 1; 60375; 0; 0
EST TCP_QUEUE; 2026-10-08-02:10:04; 1791425404.996223; 1791425404.996221; 1; 60375; 0; 0
EST TCP_QUEUE; 2026-10-08-02:10:05; 1791425405.032300; 1791425405.032297; 1; 0; 0; 0
EST TCP_QUEUE; 2026-10-08-02:10:05; 1791425405.080386; 1791425405.080383; 1; 0; 0; 0
EST TCP_QUEUE; 2026-10-08-02:10:05; 1791425405.122350; 1791425405.122347; 1; 0; 0; 0
EST TCP_QUEUE; 2026-10-08-02:10:05; 1791425405.181287; 1791425405.181283; 1; 4; 0; 0
EST TCP_QUEUE; 2026-10-08-02:10:05; 1791425405.235971; 1791425405.235967; 1; 2; 0; 0
EST TCP_QUEUE; 2026-10-08-02:10:05; 1791425405.286362; 1791425405.286360; 1; 0; 0; 0
EST TCP_QUEUE; 2026-10-08-02:10:05; 1791425405.339044; 1791425405.339040; 1; 0; 0; 0
EST TCP_QUEUE; 2026-10-08-02:10:05; 1791425405.387333; 1791425405.387322; 1; 0; 0; 0
EST TCP_QUEUE; 2026-10-08-02:10:05; 1791425405.428691; 1791425405.428688; 1; 0; 0; 0
EST TCP_QUEUE; 2026-10-08-02:10:05; 1791425405.488470; 1791425405.488466; 1; 362; 0; 0
EST TCP_QUEUE; 2026-10-08-02:10:05; 1791425405.544178; 1791425405.544175; 1; 362; 0; 0
EST TCP_QUEUE; 2026-10-08-02:10:05; 1791425405.594955; 1791425405.594952; 1; 28; 0; 0
EST TCP_QUEUE; 2026-10-08-02:10:05; 1791425405.653367; 1791425405.653364; 1; 28; 0; 0
EST TCP_QUEUE; 2026-10-08-02:10:05; 1791425405.701226; 1791425405.701223; 1; 28; 0; 0
EST TCP_QUEUE; 2026-10-08-02:10:05; 1791425405.743086; 1791425405.743084; 1; 28; 0; 0
EST TCP_QUEUE; 2026-10-08-02:10:05; 1791425405.802103; 1791425405.802100; 1; 500; 0; 0
EST TCP_QUEUE; 2026-10-08-02:10:05; 1791425405.859189; 1791425405.859186; 1; 0; 0; 0
EST TCP_QUEUE; 2026-10-08-02:10:05; 1791425405.911657; 1791425405.911654; 1; 0; 0; 0
EST TCP_QUEUE; 2026-10-08-02:10:05; 1791425405.965549; 1791425405.965544; 1; 0; 0; 0
EST TCP_QUEUE; 2026-10-08-02:10:06; 1791425406.013737; 1791425406.013735; 1; 289; 0; 0
EST TCP_QUEUE; 2026-10-08-02:10:06; 1791425406.056193; 1791425406.056190; 1; 289; 0; 0
EST TCP_QUEUE; 2026-10-08-02:10:06; 1791425406.112586; 1791425406.112582; 1; 289; 0; 0
EST TCP_QUEUE; 2026-10-08-02:10:06; 1791425406.167271; 1791425406.167266; 1; 433; 0; 0
EST TCP_QUEUE; 2026-10-08-02:10:06; 1791425406.221478; 1791425406.221473; 1; 433; 0; 0
EST TCP_QUEUE; 2026-10-08-02:10:06; 1791425406.276499; 1791425406.276494; 1; 317; 0; 0
EST TCP_QUEUE; 2026-10-08-02:10:06; 1791425406.321973; 1791425406.321970; 1; 317; 0; 0
EST TCP_QUEUE; 2026-10-08-02:10:06; 1791425406.367720; 1791425406.367718; 1; 389; 0; 0
EST TCP_QUEUE; 2026-10-08-02:10:06; 1791425406.426095; 1791425406.426089; 1; 389; 0; 0
EST TCP_QUEUE; 2026-10-08-02:10:06; 1791425406.483052; 1791425406.483049; 1; 954; 0; 0
EST TCP_QUEUE; 2026-10-08-02:10:06; 1791425406.534737; 1791425406.534735; 1; 645; 0; 0
EST TCP_QUEUE; 2026-10-08-02:10:06; 1791425406.588751; 1791425406.588748; 1; 463; 0; 0
EST TCP_QUEUE; 2026-10-08-02:10:06; 1791425406.639018; 1791425406.639015; 1; 463; 0; 0
EST TCP_QUEUE; 2026-10-08-02:10:06; 1791425406.676955; 1791425406.676953; 1; 450; 0; 0
EST TCP_QUEUE; 2026-10-08-02:10:06; 1791425406.736281; 1791425406.736279; 1; 450; 0; 0
EST TCP_QUEUE; 2026-10-08-02:10:06; 1791425406.790670; 1791425406.790668; 1; 701; 0; 0
EST TCP_QUEUE; 2026-10-08-02:10:06; 1791425406.843075; 1791425406.843072; 1; 701; 0; 0
EST TCP_QUEUE; 2026-10-08-02:10:06; 1791425406.897433; 1791425406.897431; 1; 424; 0; 0
EST TCP_QUEUE; 2026-10-08-02:10:06; 1791425406.944962; 1791425406.944959; 1; 424; 0; 0
EST TCP_QUEUE; 2026-10-08-02:10:06; 1791425406.986307; 1791425406.986304; 1; 424; 0; 0
EST TCP_QUEUE; 2026-10-08-02:10:07; 1791425407.048656; 1791425407.048653; 1; 424; 0; 0
EST TCP_QUEUE; 2026-10-08-02:10:07; 1791425407.118688; 1791425407.118683; 1; 326; 0; 0
EST TCP_QUEUE; 2026-10-08-02:10:07; 1791425407.168468; 1791425407.168465; 1; 0; 0; 0
WAN 02:10:08.659743 IP (tos 0x0, ttl 127, id 15664, offset 0, flags [DF], proto TCP (6), length 64)
WAN     192.168.2.70.28544 > 184.150.66.121.443: Flags [S], cksum 0xe73c (correct), seq 3211520198, win 65535, options [mss 1460,nop,wscale 8,nop,nop,sackOK,nop,nop,TS val 3394153729 ecr 0], length 0
WAN 02:10:08.672759 IP (tos 0x0, ttl 55, id 0, offset 0, flags [DF], proto TCP (6), length 60)
WAN     184.150.66.121.443 > 192.168.2.70.28544: Flags [S.], cksum 0xc14c (correct), seq 2521762757, ack 3211520199, win 65160, options [mss 1384,sackOK,TS val 2218333019 ecr 3394153729,nop,wscale 7], length 0
LAN 02:10:08.659401 IP (tos 0x0, ttl 128, id 15664, offset 0, flags [DF], proto TCP (6), length 52)
LAN     192.168.56.1.28544 > 184.150.66.121.443: Flags [S], cksum 0x61e9 (correct), seq 3211520198, win 65535, options [mss 1460,nop,wscale 8,nop,nop,sackOK], length 0
LAN 02:10:08.673082 IP (tos 0x0, ttl 54, id 0, offset 0, flags [DF], proto TCP (6), length 60)
LAN     184.150.66.121.443 > 192.168.56.1.28544: Flags [S.], cksum 0x9d7b (correct), seq 2521762757, ack 3211520199, win 65160, options [mss 1384,sackOK,nop,nop,nop,nop,nop,nop,nop,nop,nop,nop,nop,wscale 7], length 0
EST TCP_QUEUE; 2026-10-08-02:10:07; 1791425407.221787; 1791425407.221784; 1; 0; 0; 0
EST TCP_QUEUE; 2026-10-08-02:10:07; 1791425407.267277; 1791425407.267273; 1; 124; 0; 0
EST TCP_QUEUE; 2026-10-08-02:10:07; 1791425407.310227; 1791425407.310224; 1; 124; 0; 0
EST TCP_QUEUE; 2026-10-08-02:10:07; 1791425407.368325; 1791425407.368322; 1; 399; 0; 0
EST TCP_QUEUE; 2026-10-08-02:10:07; 1791425407.422870; 1791425407.422868; 1; 266; 0; 0
EST TCP_QUEUE; 2026-10-08-02:10:07; 1791425407.472986; 1791425407.472983; 1; 0; 0; 0
EST TCP_QUEUE; 2026-10-08-02:10:07; 1791425407.526426; 1791425407.526424; 1; 0; 0; 0
EST TCP_QUEUE; 2026-10-08-02:10:07; 1791425407.572928; 1791425407.572925; 1; 885; 0; 0
EST TCP_QUEUE; 2026-10-08-02:10:07; 1791425407.619852; 1791425407.619849; 1; 519; 0; 0
EST TCP_QUEUE; 2026-10-08-02:10:07; 1791425407.675621; 1791425407.675616; 1; 60; 0; 0
EST TCP_QUEUE; 2026-10-08-02:10:07; 1791425407.730090; 1791425407.730083; 1; 60; 0; 0
EST TCP_QUEUE; 2026-10-08-02:10:07; 1791425407.781899; 1791425407.781896; 1; 504; 0; 0
EST TCP_QUEUE; 2026-10-08-02:10:07; 1791425407.836714; 1791425407.836711; 1; 56; 0; 0
EST TCP_QUEUE; 2026-10-08-02:10:07; 1791425407.881050; 1791425407.881047; 1; 56; 0; 0
EST TCP_QUEUE; 2026-10-08-02:10:07; 1791425407.922551; 1791425407.922549; 1; 56; 0; 0
EST TCP_QUEUE; 2026-10-08-02:10:07; 1791425407.986091; 1791425407.986088; 1; 0; 0; 0
EST TCP_QUEUE; 2026-10-08-02:10:08; 1791425408.040286; 1791425408.040283; 1; 0; 0; 0
EST TCP_QUEUE; 2026-10-08-02:10:08; 1791425408.092002; 1791425408.091999; 1; 353; 0; 0
EST TCP_QUEUE; 2026-10-08-02:10:08; 1791425408.142759; 1791425408.142756; 1; 312; 0; 0
EST TCP_QUEUE; 2026-10-08-02:10:08; 1791425408.191848; 1791425408.191845; 1; 312; 0; 0
EST TCP_QUEUE; 2026-10-08-02:10:08; 1791425408.236671; 1791425408.236669; 1; 312; 0; 0
EST TCP_QUEUE; 2026-10-08-02:10:08; 1791425408.296072; 1791425408.296069; 1; 51; 0; 0
EST TCP_QUEUE; 2026-10-08-02:10:08; 1791425408.354072; 1791425408.354068; 1; 51; 0; 0
EST TCP_QUEUE; 2026-10-08-02:10:08; 1791425408.406167; 1791425408.406161; 0; 0; 0; 0
EST TCP_QUEUE; 2026-10-08-02:10:08; 1791425408.457644; 1791425408.457642; 0; 0; 0; 0
EST TCP_QUEUE; 2026-10-08-02:10:08; 1791425408.504078; 1791425408.504075; 0; 0; 0; 0
EST TCP_QUEUE; 2026-10-08-02:10:08; 1791425408.546110; 1791425408.546107; 0; 0; 0; 0
EST TCP_QUEUE; 2026-10-08-02:10:08; 1791425408.611211; 1791425408.611208; 1; 0; 0; 0
EST TCP_QUEUE; 2026-10-08-02:10:08; 1791425408.671014; 1791425408.671012; 1; 0; 0; 0
EST TCP_QUEUE; 2026-10-08-02:10:08; 1791425408.720086; 1791425408.720083; 1; 0; 0; 0
EST TCP_QUEUE; 2026-10-08-02:10:08; 1791425408.772371; 1791425408.772369; 1; 0; 0; 0
EST TCP_QUEUE; 2026-10-08-02:10:08; 1791425408.820689; 1791425408.820687; 1; 0; 0; 0
EST TCP_QUEUE; 2026-10-08-02:10:08; 1791425408.862252; 1791425408.862248; 1; 159; 0; 0
EST TCP_QUEUE; 2026-10-08-02:10:08; 1791425408.923559; 1791425408.923557; 1; 159; 0; 0
EST TCP_QUEUE; 2026-10-08-02:10:08; 1791425408.979917; 1791425408.979914; 1; 268; 0; 0
EST TCP_QUEUE; 2026-10-08-02:10:09; 1791425409.031221; 1791425409.031219; 1; 268; 0; 0
EST TCP_QUEUE; 2026-10-08-02:10:09; 1791425409.082940; 1791425409.082937; 1; 268; 0; 0
EST TCP_QUEUE; 2026-10-08-02:10:09; 1791425409.128841; 1791425409.128838; 1; 268; 0; 0
EST TCP_QUEUE; 2026-10-08-02:10:09; 1791425409.170371; 1791425409.170368; 0; 0; 0; 0
EST TCP_QUEUE; 2026-10-08-02:10:09; 1791425409.228093; 1791425409.228088; 1; 0; 0; 0
EST TCP_QUEUE; 2026-10-08-02:10:09; 1791425409.282518; 1791425409.282514; 1; 0; 0; 0
EST TCP_QUEUE; 2026-10-08-02:10:09; 1791425409.334791; 1791425409.334787; 1; 0; 0; 0
EST TCP_QUEUE; 2026-10-08-02:10:09; 1791425409.389171; 1791425409.389166; 0; 0; 0; 0
EST TCP_QUEUE; 2026-10-08-02:10:09; 1791425409.438483; 1791425409.438481; 0; 0; 0; 0
EST TCP_QUEUE; 2026-10-08-02:10:09; 1791425409.497821; 1791425409.497819; 0; 0; 0; 0
EST TCP_QUEUE; 2026-10-08-02:10:09; 1791425409.567524; 1791425409.567520; 0; 0; 0; 0
EST TCP_QUEUE; 2026-10-08-02:10:09; 1791425409.625531; 1791425409.625528; 0; 0; 0; 0
EST TCP_QUEUE; 2026-10-08-02:10:09; 1791425409.676082; 1791425409.676078; 0; 0; 0; 0
EST TCP_QUEUE; 2026-10-08-02:10:09; 1791425409.730539; 1791425409.730536; 0; 0; 0; 0
EST TCP_QUEUE; 2026-10-08-02:10:09; 1791425409.784927; 1791425409.784922; 1; 1001; 0; 0
EST TCP_QUEUE; 2026-10-08-02:10:09; 1791425409.826376; 1791425409.826373; 1; 1001; 0; 0
EST TCP_QUEUE; 2026-10-08-02:10:09; 1791425409.883800; 1791425409.883797; 1; 0; 0; 0
EST TCP_QUEUE; 2026-10-08-02:10:09; 1791425409.940076; 1791425409.940074; 1; 333; 0; 0
EST TCP_QUEUE; 2026-10-08-02:10:09; 1791425409.992530; 1791425409.992526; 1; 333; 0; 0
EST TCP_QUEUE; 2026-10-08-02:10:10; 1791425410.050421; 1791425410.050417; 1; 623; 0; 0
EST TCP_QUEUE; 2026-10-08-02:10:10; 1791425410.098660; 1791425410.098657; 1; 623; 0; 0
EST TCP_QUEUE; 2026-10-08-02:10:10; 1791425410.294556; 1791425410.294551; 0; 0; 0; 0
EST TCP_QUEUE; 2026-10-08-02:10:10; 1791425410.347873; 1791425410.347871; 0; 0; 0; 0
EST TCP_QUEUE; 2026-10-08-02:10:10; 1791425410.406219; 1791425410.406215; 0; 0; 0; 0
EST TCP_QUEUE; 2026-10-08-02:10:10; 1791425410.479512; 1791425410.479508; 0; 0; 0; 0
EST TCP_QUEUE; 2026-10-08-02:10:10; 1791425410.532300; 1791425410.532297; 0; 0; 0; 0
EST TCP_QUEUE; 2026-10-08-02:10:10; 1791425410.580384; 1791425410.580378; 0; 0; 0; 0
EST TCP_QUEUE; 2026-10-08-02:10:10; 1791425410.623305; 1791425410.623302; 0; 0; 0; 0
EST TCP_QUEUE; 2026-10-08-02:10:10; 1791425410.680870; 1791425410.680867; 1; 492; 0; 0
EST TCP_QUEUE; 2026-10-08-02:10:10; 1791425410.739622; 1791425410.739617; 1; 492; 0; 0
EST TCP_QUEUE; 2026-10-08-02:10:10; 1791425410.790389; 1791425410.790383; 1; 2012; 0; 0
EST TCP_QUEUE; 2026-10-08-02:10:10; 1791425410.844840; 1791425410.844834; 1; 2012; 0; 0
EST TCP_QUEUE; 2026-10-08-02:10:10; 1791425410.889752; 1791425410.889750; 1; 2012; 0; 0
EST TCP_QUEUE; 2026-10-08-02:10:10; 1791425410.931555; 1791425410.931553; 1; 239; 0; 0
EST TCP_QUEUE; 2026-10-08-02:10:10; 1791425410.993419; 1791425410.993417; 1; 0; 0; 0
EST TCP_QUEUE; 2026-10-08-02:10:11; 1791425411.074703; 1791425411.074700; 1; 127; 0; 0
EST TCP_QUEUE; 2026-10-08-02:10:11; 1791425411.127158; 1791425411.127155; 1; 127; 0; 0
EST TCP_QUEUE; 2026-10-08-02:10:11; 1791425411.181441; 1791425411.181438; 1; 127; 0; 0
EST TCP_QUEUE; 2026-10-08-02:10:11; 1791425411.227172; 1791425411.227169; 1; 127; 0; 0
EST TCP_QUEUE; 2026-10-08-02:10:11; 1791425411.271128; 1791425411.271125; 0; 0; 0; 0
EST TCP_QUEUE; 2026-10-08-02:10:11; 1791425411.330619; 1791425411.330617; 0; 0; 0; 0
EST TCP_QUEUE; 2026-10-08-02:10:11; 1791425411.385075; 1791425411.385072; 0; 0; 0; 0
EST TCP_QUEUE; 2026-10-08-02:10:11; 1791425411.437348; 1791425411.437345; 1; 0; 0; 0
EST TCP_QUEUE; 2026-10-08-02:10:11; 1791425411.495506; 1791425411.495504; 1; 0; 0; 0
EST TCP_QUEUE; 2026-10-08-02:10:11; 1791425411.588790; 1791425411.588783; 0; 0; 0; 0
EST TCP_QUEUE; 2026-10-08-02:10:11; 1791425411.674952; 1791425411.674939; 0; 0; 0; 0
EST TCP_QUEUE; 2026-10-08-02:10:11; 1791425411.735949; 1791425411.735946; 0; 0; 0; 0
EST TCP_QUEUE; 2026-10-08-02:10:11; 1791425411.823667; 1791425411.823664; 0; 0; 0; 0
EST TCP_QUEUE; 2026-10-08-02:10:11; 1791425411.880306; 1791425411.880303; 1; 1031; 0; 0
EST TCP_QUEUE; 2026-10-08-02:10:11; 1791425411.930737; 1791425411.930734; 1; 1031; 0; 0
EST TCP_QUEUE; 2026-10-08-02:10:11; 1791425411.976041; 1791425411.976038; 0; 0; 0; 0
EST TCP_QUEUE; 2026-10-08-02:10:12; 1791425412.019514; 1791425412.019511; 0; 0; 0; 0
EST TCP_QUEUE; 2026-10-08-02:10:12; 1791425412.080441; 1791425412.080438; 1; 571; 0; 0
EST TCP_QUEUE; 2026-10-08-02:10:12; 1791425412.144933; 1791425412.144930; 1; 0; 0; 0
EST TCP_QUEUE; 2026-10-08-02:10:12; 1791425412.195452; 1791425412.195450; 1; 0; 0; 0
EST TCP_QUEUE; 2026-10-08-02:10:12; 1791425412.318135; 1791425412.318132; 1; 656; 0; 0
EST TCP_QUEUE; 2026-10-08-02:10:12; 1791425412.363335; 1791425412.363332; 1; 656; 0; 0
EST TCP_QUEUE; 2026-10-08-02:10:12; 1791425412.404990; 1791425412.404986; 1; 0; 0; 0
EST TCP_QUEUE; 2026-10-08-02:10:12; 1791425412.467264; 1791425412.467261; 0; 0; 0; 0
EST TCP_QUEUE; 2026-10-08-02:10:12; 1791425412.523283; 1791425412.523279; 0; 0; 0; 0
EST TCP_QUEUE; 2026-10-08-02:10:12; 1791425412.581416; 1791425412.581413; 0; 0; 0; 0
EST TCP_QUEUE; 2026-10-08-02:10:12; 1791425412.635801; 1791425412.635798; 0; 0; 0; 0
EST TCP_QUEUE; 2026-10-08-02:10:12; 1791425412.687468; 1791425412.687463; 0; 0; 0; 0
EST TCP_QUEUE; 2026-10-08-02:10:12; 1791425412.777595; 1791425412.777593; 0; 0; 0; 0
EST TCP_QUEUE; 2026-10-08-02:10:12; 1791425412.835498; 1791425412.835495; 0; 0; 0; 0
EST TCP_QUEUE; 2026-10-08-02:10:12; 1791425412.889513; 1791425412.889509; 0; 0; 0; 0
EST TCP_QUEUE; 2026-10-08-02:10:12; 1791425412.944545; 1791425412.944542; 1; 432; 0; 0
EST TCP_QUEUE; 2026-10-08-02:10:12; 1791425412.998498; 1791425412.998496; 1; 432; 0; 0
EST TCP_QUEUE; 2026-10-08-02:10:13; 1791425413.075862; 1791425413.075858; 0; 0; 0; 0
EST TCP_QUEUE; 2026-10-08-02:10:13; 1791425413.118797; 1791425413.118794; 1; 760; 0; 0
EST TCP_QUEUE; 2026-10-08-02:10:13; 1791425413.190306; 1791425413.190301; 1; 775; 0; 0
EST TCP_QUEUE; 2026-10-08-02:10:13; 1791425413.244738; 1791425413.244735; 1; 775; 0; 0
EST TCP_QUEUE; 2026-10-08-02:10:13; 1791425413.302267; 1791425413.302262; 1; 1216; 0; 0
EST TCP_QUEUE; 2026-10-08-02:10:13; 1791425413.359120; 1791425413.359118; 1; 1216; 0; 0
EST TCP_QUEUE; 2026-10-08-02:10:13; 1791425413.404997; 1791425413.404994; 0; 0; 0; 0
EST TCP_QUEUE; 2026-10-08-02:10:13; 1791425413.446733; 1791425413.446730; 0; 0; 0; 0
EST TCP_QUEUE; 2026-10-08-02:10:13; 1791425413.504366; 1791425413.504363; 0; 0; 0; 0
EST TCP_QUEUE; 2026-10-08-02:10:13; 1791425413.593672; 1791425413.593669; 0; 0; 0; 0
EST TCP_QUEUE; 2026-10-08-02:10:13; 1791425413.648298; 1791425413.648296; 0; 0; 0; 0
WAN 02:10:14.366685 IP (tos 0x0, ttl 127, id 22211, offset 0, flags [DF], proto TCP (6), length 64)
WAN     192.168.2.70.37125 > 13.66.138.105.443: Flags [S], cksum 0x19c3 (correct), seq 2785677697, win 65535, options [mss 1460,nop,wscale 8,nop,nop,sackOK,nop,nop,TS val 3394153729 ecr 0], length 0
LAN 02:10:14.366531 IP (tos 0x0, ttl 128, id 22211, offset 0, flags [DF], proto TCP (6), length 52)
LAN     192.168.56.1.37125 > 13.66.138.105.443: Flags [S], cksum 0x946f (correct), seq 2785677697, win 65535, options [mss 1460,nop,wscale 8,nop,nop,sackOK], length 0
WAN 02:10:14.411992 IP (tos 0x0, ttl 113, id 40166, offset 0, flags [DF], proto TCP (6), length 60)
WAN     13.66.138.105.443 > 192.168.2.70.37125: Flags [S.], cksum 0xb4b4 (correct), seq 4185152700, ack 2785677698, win 65535, options [mss 1440,nop,wscale 8,sackOK,TS val 1619247202 ecr 3394153729], length 0
LAN 02:10:14.412342 IP (tos 0x0, ttl 112, id 40166, offset 0, flags [DF], proto TCP (6), length 60)
LAN     13.66.138.105.443 > 192.168.56.1.37125: Flags [S.], cksum 0x1a35 (correct), seq 4185152700, ack 2785677698, win 65535, options [mss 1440,nop,wscale 8,sackOK,nop,nop,nop,nop,nop,nop,nop,nop,nop,nop], length 0
EST TCP_QUEUE; 2026-10-08-02:10:13; 1791425413.731538; 1791425413.731536; 0; 0; 0; 0
EST TCP_QUEUE; 2026-10-08-02:10:13; 1791425413.793284; 1791425413.793282; 0; 0; 0; 0
EST TCP_QUEUE; 2026-10-08-02:10:13; 1791425413.834432; 1791425413.834430; 0; 0; 0; 0
EST TCP_QUEUE; 2026-10-08-02:10:13; 1791425413.892259; 1791425413.892256; 1; 236; 0; 0
EST TCP_QUEUE; 2026-10-08-02:10:13; 1791425413.946829; 1791425413.946826; 1; 236; 0; 0
EST TCP_QUEUE; 2026-10-08-02:10:13; 1791425413.999195; 1791425413.999192; 1; 236; 0; 0
EST TCP_QUEUE; 2026-10-08-02:10:14; 1791425414.051682; 1791425414.051679; 1; 236; 0; 0
EST TCP_QUEUE; 2026-10-08-02:10:14; 1791425414.097227; 1791425414.097224; 1; 0; 0; 0
EST TCP_QUEUE; 2026-10-08-02:10:14; 1791425414.146723; 1791425414.146720; 1; 0; 0; 0
EST TCP_QUEUE; 2026-10-08-02:10:14; 1791425414.208194; 1791425414.208191; 1; 1008; 0; 0
EST TCP_QUEUE; 2026-10-08-02:10:14; 1791425414.266878; 1791425414.266875; 1; 1008; 0; 0
EST TCP_QUEUE; 2026-10-08-02:10:14; 1791425414.322957; 1791425414.322952; 1; 1008; 0; 0
EST TCP_QUEUE; 2026-10-08-02:10:14; 1791425414.377410; 1791425414.377407; 1; 248; 0; 0
EST TCP_QUEUE; 2026-10-08-02:10:14; 1791425414.423418; 1791425414.423416; 1; 248; 0; 0
EST TCP_QUEUE; 2026-10-08-02:10:14; 1791425414.467752; 1791425414.467750; 0; 0; 0; 0
EST TCP_QUEUE; 2026-10-08-02:10:14; 1791425414.522948; 1791425414.522946; 1; 0; 1; 0
EST TCP_QUEUE; 2026-10-08-02:10:14; 1791425414.587218; 1791425414.587201; 1; 0; 1; 0
EST TCP_QUEUE; 2026-10-08-02:10:14; 1791425414.639800; 1791425414.639797; 1; 0; 1; 0
EST TCP_QUEUE; 2026-10-08-02:10:14; 1791425414.691660; 1791425414.691657; 1; 559; 0; 0
EST TCP_QUEUE; 2026-10-08-02:10:14; 1791425414.740364; 1791425414.740353; 1; 559; 0; 0
EST TCP_QUEUE; 2026-10-08-02:10:14; 1791425414.785582; 1791425414.785571; 0; 0; 0; 0
EST TCP_QUEUE; 2026-10-08-02:10:14; 1791425414.844322; 1791425414.844310; 0; 0; 0; 0
EST TCP_QUEUE; 2026-10-08-02:10:14; 1791425414.900649; 1791425414.900643; 0; 0; 0; 0
EST TCP_QUEUE; 2026-10-08-02:10:14; 1791425414.949484; 1791425414.949482; 0; 0; 0; 0
EST TCP_QUEUE; 2026-10-08-02:10:15; 1791425415.003601; 1791425415.003598; 0; 0; 0; 0
EST TCP_QUEUE; 2026-10-08-02:10:15; 1791425415.051599; 1791425415.051596; 1; 296; 0; 0
EST TCP_QUEUE; 2026-10-08-02:10:15; 1791425415.108774; 1791425415.108771; 1; 296; 0; 0
EST TCP_QUEUE; 2026-10-08-02:10:15; 1791425415.170568; 1791425415.170565; 0; 0; 0; 0
WAN 02:10:16.244462 IP (tos 0x0, ttl 62, id 48502, offset 0, flags [DF], proto TCP (6), length 60)
WAN     192.168.2.70.11912 > 140.82.114.3.443: Flags [S], cksum 0xfd41 (correct), seq 3531766048, win 65280, options [mss 1280,sackOK,TS val 4055899524 ecr 0,nop,wscale 9], length 0
WAN 02:10:16.285593 IP (tos 0x0, ttl 44, id 0, offset 0, flags [DF], proto TCP (6), length 60)
WAN     140.82.114.3.443 > 192.168.2.70.11912: Flags [S.], cksum 0x4940 (correct), seq 1158486056, ack 3531766049, win 65535, options [mss 1436,sackOK,TS val 3409611236 ecr 4055899524,nop,wscale 10], length 0
LAN 02:10:16.244137 IP (tos 0x0, ttl 63, id 48502, offset 0, flags [DF], proto TCP (6), length 60)
LAN     192.168.56.1.11912 > 140.82.114.3.443: Flags [S], cksum 0xc786 (correct), seq 3531766048, win 65280, options [mss 1280,sackOK,TS val 4055899524 ecr 0,nop,wscale 9], length 0
LAN 02:10:16.285892 IP (tos 0x0, ttl 43, id 0, offset 0, flags [DF], proto TCP (6), length 60)
LAN     140.82.114.3.443 > 192.168.56.1.11912: Flags [S.], cksum 0x1385 (correct), seq 1158486056, ack 3531766049, win 65535, options [mss 1436,sackOK,TS val 3409611236 ecr 4055899524,nop,wscale 10], length 0
LAN 02:10:16.774631 IP (tos 0x0, ttl 128, id 49193, offset 0, flags [DF], proto TCP (6), length 52)
WAN 02:10:16.775068 IP (tos 0x0, ttl 127, id 49193, offset 0, flags [DF], proto TCP (6), length 64)
WAN     192.168.2.70.54164 > 4.150.223.114.443: Flags [S], cksum 0x4d10 (correct), seq 4178836541, win 65535, options [mss 1460,nop,wscale 8,nop,nop,sackOK,nop,nop,TS val 3394153729 ecr 0], length 0
LAN     192.168.56.1.54164 > 4.150.223.114.443: Flags [S], cksum 0xc7bc (correct), seq 4178836541, win 65535, options [mss 1460,nop,wscale 8,nop,nop,sackOK], length 0
WAN 02:10:16.804625 IP (tos 0x0, ttl 114, id 8252, offset 0, flags [DF], proto TCP (6), length 60)
WAN     4.150.223.114.443 > 192.168.2.70.54164: Flags [S.], cksum 0xffd0 (correct), seq 3650142477, ack 4178836542, win 65535, options [mss 1440,nop,wscale 8,sackOK,TS val 270382220 ecr 3394153729], length 0
LAN 02:10:16.805000 IP (tos 0x0, ttl 113, id 8252, offset 0, flags [DF], proto TCP (6), length 60)
LAN     4.150.223.114.443 > 192.168.56.1.54164: Flags [S.], cksum 0x0915 (correct), seq 3650142477, ack 4178836542, win 65535, options [mss 1440,nop,wscale 8,sackOK,nop,nop,nop,nop,nop,nop,nop,nop,nop,nop], length 0
EST TCP_QUEUE; 2026-10-08-02:10:15; 1791425415.226547; 1791425415.226545; 0; 0; 0; 0
EST TCP_QUEUE; 2026-10-08-02:10:15; 1791425415.279305; 1791425415.279302; 1; 478; 0; 0
EST TCP_QUEUE; 2026-10-08-02:10:15; 1791425415.331353; 1791425415.331350; 1; 478; 0; 0
EST TCP_QUEUE; 2026-10-08-02:10:15; 1791425415.378179; 1791425415.378176; 1; 336; 0; 0
EST TCP_QUEUE; 2026-10-08-02:10:15; 1791425415.419099; 1791425415.419096; 1; 336; 0; 0
EST TCP_QUEUE; 2026-10-08-02:10:15; 1791425415.502405; 1791425415.502402; 0; 0; 0; 0
EST TCP_QUEUE; 2026-10-08-02:10:15; 1791425415.593677; 1791425415.593673; 0; 0; 0; 0
EST TCP_QUEUE; 2026-10-08-02:10:15; 1791425415.667111; 1791425415.667108; 0; 0; 0; 0
EST TCP_QUEUE; 2026-10-08-02:10:15; 1791425415.716894; 1791425415.716891; 0; 0; 0; 0
EST TCP_QUEUE; 2026-10-08-02:10:15; 1791425415.766244; 1791425415.766241; 0; 0; 0; 0
EST TCP_QUEUE; 2026-10-08-02:10:15; 1791425415.808088; 1791425415.808086; 1; 863; 0; 0
EST TCP_QUEUE; 2026-10-08-02:10:15; 1791425415.872015; 1791425415.872012; 1; 863; 0; 0
EST TCP_QUEUE; 2026-10-08-02:10:15; 1791425415.927116; 1791425415.927113; 1; 863; 0; 0
EST TCP_QUEUE; 2026-10-08-02:10:15; 1791425415.979412; 1791425415.979409; 1; 608; 0; 0
EST TCP_QUEUE; 2026-10-08-02:10:16; 1791425416.032177; 1791425416.032175; 1; 608; 0; 0
EST TCP_QUEUE; 2026-10-08-02:10:16; 1791425416.079526; 1791425416.079523; 1; 1024; 0; 0
EST TCP_QUEUE; 2026-10-08-02:10:16; 1791425416.125159; 1791425416.125156; 1; 1024; 0; 0
EST TCP_QUEUE; 2026-10-08-02:10:16; 1791425416.207960; 1791425416.207958; 1; 1024; 0; 0
EST TCP_QUEUE; 2026-10-08-02:10:16; 1791425416.264649; 1791425416.264630; 1; 13; 0; 0
EST TCP_QUEUE; 2026-10-08-02:10:16; 1791425416.316680; 1791425416.316678; 1; 806; 0; 0
EST TCP_QUEUE; 2026-10-08-02:10:16; 1791425416.373345; 1791425416.373342; 1; 806; 0; 0
EST TCP_QUEUE; 2026-10-08-02:10:16; 1791425416.421075; 1791425416.421072; 1; 806; 0; 0
EST TCP_QUEUE; 2026-10-08-02:10:16; 1791425416.466591; 1791425416.466588; 1; 624; 0; 0
EST TCP_QUEUE; 2026-10-08-02:10:16; 1791425416.523965; 1791425416.523962; 1; 624; 0; 0
EST TCP_QUEUE; 2026-10-08-02:10:16; 1791425416.580393; 1791425416.580391; 0; 0; 0; 0
EST TCP_QUEUE; 2026-10-08-02:10:16; 1791425416.630795; 1791425416.630793; 0; 0; 0; 0
EST TCP_QUEUE; 2026-10-08-02:10:16; 1791425416.691620; 1791425416.691618; 0; 0; 0; 0
EST TCP_QUEUE; 2026-10-08-02:10:16; 1791425416.740849; 1791425416.740846; 0; 0; 0; 0
EST TCP_QUEUE; 2026-10-08-02:10:16; 1791425416.784470; 1791425416.784467; 1; 772; 0; 0
EST TCP_QUEUE; 2026-10-08-02:10:16; 1791425416.846331; 1791425416.846328; 1; 772; 0; 0
EST TCP_QUEUE; 2026-10-08-02:10:16; 1791425416.900990; 1791425416.900985; 1; 721; 0; 0
EST TCP_QUEUE; 2026-10-08-02:10:16; 1791425416.951598; 1791425416.951595; 1; 721; 0; 0
EST TCP_QUEUE; 2026-10-08-02:10:17; 1791425417.006304; 1791425417.006300; 0; 0; 0; 0
EST TCP_QUEUE; 2026-10-08-02:10:17; 1791425417.061349; 1791425417.061345; 0; 0; 0; 0
EST TCP_QUEUE; 2026-10-08-02:10:17; 1791425417.102753; 1791425417.102749; 0; 0; 0; 0
EST TCP_QUEUE; 2026-10-08-02:10:17; 1791425417.167344; 1791425417.167340; 1; 251; 0; 0
EST TCP_QUEUE; 2026-10-08-02:10:17; 1791425417.227646; 1791425417.227643; 1; 251; 0; 0
EST TCP_QUEUE; 2026-10-08-02:10:17; 1791425417.283765; 1791425417.283760; 0; 0; 0; 0
EST TCP_QUEUE; 2026-10-08-02:10:17; 1791425417.339778; 1791425417.339753; 0; 0; 0; 0
EST TCP_QUEUE; 2026-10-08-02:10:17; 1791425417.399570; 1791425417.399567; 1; 567; 0; 0
EST TCP_QUEUE; 2026-10-08-02:10:17; 1791425417.438804; 1791425417.438802; 1; 567; 0; 0
EST TCP_QUEUE; 2026-10-08-02:10:17; 1791425417.500692; 1791425417.500688; 1; 1048; 0; 0
EST TCP_QUEUE; 2026-10-08-02:10:17; 1791425417.556749; 1791425417.556746; 1; 1048; 0; 0
EST TCP_QUEUE; 2026-10-08-02:10:17; 1791425417.607273; 1791425417.607271; 0; 0; 0; 0
EST TCP_QUEUE; 2026-10-08-02:10:17; 1791425417.661983; 1791425417.661980; 0; 0; 0; 0
EST TCP_QUEUE; 2026-10-08-02:10:17; 1791425417.709456; 1791425417.709453; 0; 0; 0; 0
EST TCP_QUEUE; 2026-10-08-02:10:17; 1791425417.795584; 1791425417.795582; 0; 0; 0; 0
EST TCP_QUEUE; 2026-10-08-02:10:17; 1791425417.859629; 1791425417.859626; 0; 0; 0; 0
EST TCP_QUEUE; 2026-10-08-02:10:17; 1791425417.917270; 1791425417.917267; 0; 0; 0; 0
EST TCP_QUEUE; 2026-10-08-02:10:17; 1791425417.973626; 1791425417.973623; 0; 0; 0; 0
EST TCP_QUEUE; 2026-10-08-02:10:18; 1791425418.028370; 1791425418.028367; 0; 0; 0; 0
EST TCP_QUEUE; 2026-10-08-02:10:18; 1791425418.074084; 1791425418.074081; 0; 0; 0; 0
EST TCP_QUEUE; 2026-10-08-02:10:18; 1791425418.115567; 1791425418.115564; 0; 0; 0; 0
EST TCP_QUEUE; 2026-10-08-02:10:18; 1791425418.183703; 1791425418.183700; 0; 0; 0; 0
EST TCP_QUEUE; 2026-10-08-02:10:18; 1791425418.237284; 1791425418.237281; 1; 220; 0; 0
EST TCP_QUEUE; 2026-10-08-02:10:18; 1791425418.292031; 1791425418.292026; 1; 220; 0; 0
EST TCP_QUEUE; 2026-10-08-02:10:18; 1791425418.404620; 1791425418.404616; 1; 110; 0; 0
EST TCP_QUEUE; 2026-10-08-02:10:18; 1791425418.456097; 1791425418.456094; 1; 110; 0; 0
EST TCP_QUEUE; 2026-10-08-02:10:18; 1791425418.500118; 1791425418.500114; 1; 110; 0; 0
EST TCP_QUEUE; 2026-10-08-02:10:18; 1791425418.563744; 1791425418.563741; 1; 110; 0; 0
EST TCP_QUEUE; 2026-10-08-02:10:18; 1791425418.618053; 1791425418.618050; 1; 0; 0; 0
EST TCP_QUEUE; 2026-10-08-02:10:18; 1791425418.670026; 1791425418.670021; 1; 0; 0; 0
WAN 02:10:19.557282 IP (tos 0x0, ttl 62, id 2029, offset 0, flags [DF], proto TCP (6), length 60)
WAN     192.168.2.70.11882 > 160.79.104.10.443: Flags [S], cksum 0x9ed9 (correct), seq 1158714781, win 65280, options [mss 1280,sackOK,TS val 2483044540 ecr 0,nop,wscale 9], length 0
WAN 02:10:19.580961 IP (tos 0x0, ttl 56, id 0, offset 0, flags [DF], proto TCP (6), length 60)
WAN     160.79.104.10.443 > 192.168.2.70.11882: Flags [S.], cksum 0x6ac6 (correct), seq 2493679565, ack 1158714782, win 65535, options [mss 1460,sackOK,TS val 2267909805 ecr 2483044540,nop,wscale 13], length 0
LAN 02:10:19.557004 IP (tos 0x0, ttl 63, id 2029, offset 0, flags [DF], proto TCP (6), length 60)
LAN     192.168.56.1.11882 > 160.79.104.10.443: Flags [S], cksum 0x691e (correct), seq 1158714781, win 65280, options [mss 1280,sackOK,TS val 2483044540 ecr 0,nop,wscale 9], length 0
LAN 02:10:19.581272 IP (tos 0x0, ttl 55, id 0, offset 0, flags [DF], proto TCP (6), length 60)
LAN     160.79.104.10.443 > 192.168.56.1.11882: Flags [S.], cksum 0x350b (correct), seq 2493679565, ack 1158714782, win 65535, options [mss 1460,sackOK,TS val 2267909805 ecr 2483044540,nop,wscale 13], length 0
EST TCP_QUEUE; 2026-10-08-02:10:18; 1791425418.738110; 1791425418.738108; 1; 0; 0; 0
EST TCP_QUEUE; 2026-10-08-02:10:18; 1791425418.816756; 1791425418.816753; 0; 0; 0; 0
EST TCP_QUEUE; 2026-10-08-02:10:18; 1791425418.894717; 1791425418.894715; 0; 0; 0; 0
EST TCP_QUEUE; 2026-10-08-02:10:18; 1791425418.952939; 1791425418.952937; 0; 0; 0; 0
EST TCP_QUEUE; 2026-10-08-02:10:19; 1791425419.009556; 1791425419.009554; 0; 0; 0; 0
EST TCP_QUEUE; 2026-10-08-02:10:19; 1791425419.059798; 1791425419.059795; 0; 0; 0; 0
EST TCP_QUEUE; 2026-10-08-02:10:19; 1791425419.112843; 1791425419.112839; 0; 0; 0; 0
EST TCP_QUEUE; 2026-10-08-02:10:19; 1791425419.160768; 1791425419.160765; 0; 0; 0; 0
EST TCP_QUEUE; 2026-10-08-02:10:19; 1791425419.201719; 1791425419.201716; 0; 0; 0; 0
EST TCP_QUEUE; 2026-10-08-02:10:19; 1791425419.261379; 1791425419.261376; 1; 266; 0; 0
EST TCP_QUEUE; 2026-10-08-02:10:19; 1791425419.335273; 1791425419.335271; 1; 266; 0; 0
EST TCP_QUEUE; 2026-10-08-02:10:19; 1791425419.416901; 1791425419.416898; 0; 0; 0; 0
EST TCP_QUEUE; 2026-10-08-02:10:19; 1791425419.479489; 1791425419.479485; 1; 0; 0; 0
EST TCP_QUEUE; 2026-10-08-02:10:19; 1791425419.524584; 1791425419.524581; 1; 0; 0; 0
EST TCP_QUEUE; 2026-10-08-02:10:19; 1791425419.566272; 1791425419.566270; 1; 310; 1; 0
EST TCP_QUEUE; 2026-10-08-02:10:19; 1791425419.623954; 1791425419.623951; 1; 155; 1; 0
EST TCP_QUEUE; 2026-10-08-02:10:19; 1791425419.680079; 1791425419.680076; 1; 155; 0; 0
EST TCP_QUEUE; 2026-10-08-02:10:19; 1791425419.730917; 1791425419.730914; 1; 155; 0; 0
EST TCP_QUEUE; 2026-10-08-02:10:19; 1791425419.820295; 1791425419.820293; 0; 0; 0; 0
EST TCP_QUEUE; 2026-10-08-02:10:19; 1791425419.881178; 1791425419.881175; 0; 0; 0; 0
EST TCP_QUEUE; 2026-10-08-02:10:19; 1791425419.945249; 1791425419.945246; 1; 1074; 0; 0
EST TCP_QUEUE; 2026-10-08-02:10:20; 1791425420.003444; 1791425420.003440; 1; 1074; 0; 0
EST TCP_QUEUE; 2026-10-08-02:10:20; 1791425420.057554; 1791425420.057549; 1; 1074; 0; 0
EST TCP_QUEUE; 2026-10-08-02:10:20; 1791425420.108114; 1791425420.108111; 0; 0; 0; 0
EST TCP_QUEUE; 2026-10-08-02:10:20; 1791425420.207145; 1791425420.207142; 0; 0; 0; 0
EST TCP_QUEUE; 2026-10-08-02:10:20; 1791425420.254905; 1791425420.254901; 0; 0; 0; 0
EST TCP_QUEUE; 2026-10-08-02:10:20; 1791425420.296514; 1791425420.296511; 0; 0; 0; 0
EST TCP_QUEUE; 2026-10-08-02:10:20; 1791425420.354465; 1791425420.354462; 1; 385; 0; 0
EST TCP_QUEUE; 2026-10-08-02:10:20; 1791425420.410820; 1791425420.410816; 1; 385; 0; 0
EST TCP_QUEUE; 2026-10-08-02:10:20; 1791425420.470864; 1791425420.470861; 0; 0; 0; 0
EST TCP_QUEUE; 2026-10-08-02:10:20; 1791425420.523365; 1791425420.523363; 1; 276; 0; 0
EST TCP_QUEUE; 2026-10-08-02:10:20; 1791425420.574797; 1791425420.574794; 1; 276; 0; 0
EST TCP_QUEUE; 2026-10-08-02:10:20; 1791425420.619150; 1791425420.619146; 1; 276; 0; 0
EST TCP_QUEUE; 2026-10-08-02:10:20; 1791425420.678211; 1791425420.678209; 1; 1482; 1; 1482
EST TCP_QUEUE; 2026-10-08-02:10:20; 1791425420.736774; 1791425420.736770; 1; 1482; 1; 1482
EST TCP_QUEUE; 2026-10-08-02:10:20; 1791425420.789023; 1791425420.789019; 0; 0; 0; 0
EST TCP_QUEUE; 2026-10-08-02:10:20; 1791425420.841155; 1791425420.841153; 1; 712; 0; 0
EST TCP_QUEUE; 2026-10-08-02:10:20; 1791425420.887419; 1791425420.887417; 1; 712; 0; 0
EST TCP_QUEUE; 2026-10-08-02:10:20; 1791425420.929156; 1791425420.929152; 1; 712; 0; 0
EST TCP_QUEUE; 2026-10-08-02:10:20; 1791425420.987029; 1791425420.987025; 0; 0; 0; 0
EST TCP_QUEUE; 2026-10-08-02:10:21; 1791425421.048766; 1791425421.048763; 0; 0; 0; 0
EST TCP_QUEUE; 2026-10-08-02:10:21; 1791425421.099396; 1791425421.099393; 0; 0; 0; 0
EST TCP_QUEUE; 2026-10-08-02:10:21; 1791425421.153620; 1791425421.153617; 0; 0; 0; 0
EST TCP_QUEUE; 2026-10-08-02:10:21; 1791425421.201711; 1791425421.201708; 0; 0; 0; 0
EST TCP_QUEUE; 2026-10-08-02:10:21; 1791425421.295518; 1791425421.295515; 0; 0; 0; 0
EST TCP_QUEUE; 2026-10-08-02:10:21; 1791425421.353288; 1791425421.353284; 0; 0; 0; 0
EST TCP_QUEUE; 2026-10-08-02:10:21; 1791425421.420564; 1791425421.420561; 1; 438; 0; 0
EST TCP_QUEUE; 2026-10-08-02:10:21; 1791425421.481271; 1791425421.481268; 0; 0; 0; 0
EST TCP_QUEUE; 2026-10-08-02:10:21; 1791425421.535996; 1791425421.535992; 1; 99; 1; 0
EST TCP_QUEUE; 2026-10-08-02:10:21; 1791425421.585496; 1791425421.585492; 1; 99; 1; 0
EST TCP_QUEUE; 2026-10-08-02:10:21; 1791425421.632988; 1791425421.632986; 1; 99; 1; 0
EST TCP_QUEUE; 2026-10-08-02:10:21; 1791425421.696369; 1791425421.696366; 1; 66; 1; 1900
EST TCP_QUEUE; 2026-10-08-02:10:21; 1791425421.762862; 1791425421.762859; 1; 66; 1; 1900
EST TCP_QUEUE; 2026-10-08-02:10:21; 1791425421.813283; 1791425421.813090; 1; 0; 1; 0
EST TCP_QUEUE; 2026-10-08-02:10:21; 1791425421.888727; 1791425421.888724; 1; 0; 1; 0
EST TCP_QUEUE; 2026-10-08-02:10:21; 1791425421.940481; 1791425421.940478; 1; 0; 1; 0
EST TCP_QUEUE; 2026-10-08-02:10:21; 1791425421.989891; 1791425421.989887; 0; 0; 0; 0
EST TCP_QUEUE; 2026-10-08-02:10:22; 1791425422.047494; 1791425422.047491; 0; 0; 0; 0
EST TCP_QUEUE; 2026-10-08-02:10:22; 1791425422.102171; 1791425422.102168; 0; 0; 0; 0
EST TCP_QUEUE; 2026-10-08-02:10:22; 1791425422.156429; 1791425422.156427; 1; 0; 1; 1920
EST TCP_QUEUE; 2026-10-08-02:10:22; 1791425422.214533; 1791425422.214530; 1; 0; 1; 0
EST TCP_QUEUE; 2026-10-08-02:10:22; 1791425422.262616; 1791425422.262613; 1; 0; 1; 0
EST TCP_QUEUE; 2026-10-08-02:10:22; 1791425422.304267; 1791425422.304264; 1; 31; 1; 0
EST TCP_QUEUE; 2026-10-08-02:10:22; 1791425422.388710; 1791425422.388708; 1; 31; 1; 0
EST TCP_QUEUE; 2026-10-08-02:10:22; 1791425422.443626; 1791425422.443622; 1; 0; 1; 0
EST TCP_QUEUE; 2026-10-08-02:10:22; 1791425422.494061; 1791425422.494058; 1; 0; 1; 0
EST TCP_QUEUE; 2026-10-08-02:10:22; 1791425422.546495; 1791425422.546493; 1; 0; 1; 0
EST TCP_QUEUE; 2026-10-08-02:10:22; 1791425422.594333; 1791425422.594328; 1; 315; 1; 0
EST TCP_QUEUE; 2026-10-08-02:10:22; 1791425422.637739; 1791425422.637736; 1; 315; 1; 0
WAN 02:10:23.337377 IP (tos 0x0, ttl 62, id 18864, offset 0, flags [DF], proto TCP (6), length 60)
WAN     192.168.2.70.11892 > 160.79.104.10.443: Flags [S], cksum 0x3450 (correct), seq 2680990179, win 65280, options [mss 1280,sackOK,TS val 1723558270 ecr 0,nop,wscale 9], length 0
WAN 02:10:23.366469 IP (tos 0x0, ttl 56, id 0, offset 0, flags [DF], proto TCP (6), length 60)
WAN     160.79.104.10.443 > 192.168.2.70.11892: Flags [S.], cksum 0x3e92 (correct), seq 2335698889, ack 2680990180, win 65535, options [mss 1460,sackOK,TS val 181562914 ecr 1723558270,nop,wscale 13], length 0
LAN 02:10:23.336823 IP (tos 0x0, ttl 63, id 18864, offset 0, flags [DF], proto TCP (6), length 60)
LAN     192.168.56.1.11892 > 160.79.104.10.443: Flags [S], cksum 0xfe94 (correct), seq 2680990179, win 65280, options [mss 1280,sackOK,TS val 1723558270 ecr 0,nop,wscale 9], length 0
LAN 02:10:23.366784 IP (tos 0x0, ttl 55, id 0, offset 0, flags [DF], proto TCP (6), length 60)
LAN     160.79.104.10.443 > 192.168.56.1.11892: Flags [S.], cksum 0x08d7 (correct), seq 2335698889, ack 2680990180, win 65535, options [mss 1460,sackOK,TS val 181562914 ecr 1723558270,nop,wscale 13], length 0
EST TCP_QUEUE; 2026-10-08-02:10:22; 1791425422.695375; 1791425422.695373; 1; 414; 1; 1438
EST TCP_QUEUE; 2026-10-08-02:10:22; 1791425422.751983; 1791425422.751980; 1; 414; 1; 1438
EST TCP_QUEUE; 2026-10-08-02:10:22; 1791425422.812101; 1791425422.812098; 1; 994; 1; 1438
EST TCP_QUEUE; 2026-10-08-02:10:22; 1791425422.866376; 1791425422.866373; 1; 994; 1; 1438
EST TCP_QUEUE; 2026-10-08-02:10:22; 1791425422.912795; 1791425422.912790; 0; 0; 0; 0
EST TCP_QUEUE; 2026-10-08-02:10:22; 1791425422.959853; 1791425422.959850; 0; 0; 0; 0
EST TCP_QUEUE; 2026-10-08-02:10:23; 1791425423.017953; 1791425423.017949; 0; 0; 0; 0
EST TCP_QUEUE; 2026-10-08-02:10:23; 1791425423.077999; 1791425423.077995; 0; 0; 0; 0
EST TCP_QUEUE; 2026-10-08-02:10:23; 1791425423.128307; 1791425423.128304; 0; 0; 0; 0
EST TCP_QUEUE; 2026-10-08-02:10:23; 1791425423.181807; 1791425423.181805; 1; 295; 1; 0
EST TCP_QUEUE; 2026-10-08-02:10:23; 1791425423.227003; 1791425423.227000; 1; 182; 1; 0
EST TCP_QUEUE; 2026-10-08-02:10:23; 1791425423.267958; 1791425423.267956; 1; 182; 1; 0
EST TCP_QUEUE; 2026-10-08-02:10:23; 1791425423.362889; 1791425423.362887; 1; 182; 1; 0
EST TCP_QUEUE; 2026-10-08-02:10:23; 1791425423.421227; 1791425423.421224; 0; 0; 0; 0
EST TCP_QUEUE; 2026-10-08-02:10:23; 1791425423.471415; 1791425423.471412; 0; 0; 0; 0
EST TCP_QUEUE; 2026-10-08-02:10:23; 1791425423.526646; 1791425423.526643; 1; 431; 0; 0
EST TCP_QUEUE; 2026-10-08-02:10:23; 1791425423.573227; 1791425423.573224; 1; 431; 0; 0
EST TCP_QUEUE; 2026-10-08-02:10:23; 1791425423.616324; 1791425423.616320; 1; 431; 0; 0
EST TCP_QUEUE; 2026-10-08-02:10:23; 1791425423.673947; 1791425423.673944; 1; 1051; 0; 0
EST TCP_QUEUE; 2026-10-08-02:10:23; 1791425423.730137; 1791425423.730135; 1; 1051; 0; 0
EST TCP_QUEUE; 2026-10-08-02:10:23; 1791425423.781066; 1791425423.781061; 1; 925; 0; 0
EST TCP_QUEUE; 2026-10-08-02:10:23; 1791425423.835967; 1791425423.835960; 1; 925; 0; 0
EST TCP_QUEUE; 2026-10-08-02:10:23; 1791425423.923708; 1791425423.923705; 0; 0; 0; 0
EST TCP_QUEUE; 2026-10-08-02:10:23; 1791425423.969517; 1791425423.969515; 0; 0; 0; 0
EST TCP_QUEUE; 2026-10-08-02:10:24; 1791425424.029086; 1791425424.029082; 0; 0; 0; 0
EST TCP_QUEUE; 2026-10-08-02:10:24; 1791425424.085392; 1791425424.085387; 0; 0; 0; 0
EST TCP_QUEUE; 2026-10-08-02:10:24; 1791425424.138794; 1791425424.138790; 0; 0; 0; 0
EST TCP_QUEUE; 2026-10-08-02:10:24; 1791425424.191479; 1791425424.191475; 0; 0; 0; 0
EST TCP_QUEUE; 2026-10-08-02:10:24; 1791425424.239861; 1791425424.239859; 0; 0; 0; 0
EST TCP_QUEUE; 2026-10-08-02:10:24; 1791425424.284395; 1791425424.284392; 0; 0; 0; 0
EST TCP_QUEUE; 2026-10-08-02:10:24; 1791425424.403252; 1791425424.403249; 0; 0; 0; 0
EST TCP_QUEUE; 2026-10-08-02:10:24; 1791425424.457759; 1791425424.457756; 0; 0; 0; 0
EST TCP_QUEUE; 2026-10-08-02:10:24; 1791425424.508117; 1791425424.508114; 0; 0; 0; 0
EST TCP_QUEUE; 2026-10-08-02:10:24; 1791425424.560422; 1791425424.560420; 1; 65; 0; 0
EST TCP_QUEUE; 2026-10-08-02:10:24; 1791425424.606733; 1791425424.606730; 1; 65; 0; 0
EST TCP_QUEUE; 2026-10-08-02:10:24; 1791425424.654162; 1791425424.654159; 1; 65; 0; 0
EST TCP_QUEUE; 2026-10-08-02:10:24; 1791425424.711377; 1791425424.711374; 1; 603; 0; 0
EST TCP_QUEUE; 2026-10-08-02:10:24; 1791425424.772298; 1791425424.772295; 1; 603; 0; 0
EST TCP_QUEUE; 2026-10-08-02:10:24; 1791425424.822392; 1791425424.822389; 1; 603; 0; 0
EST TCP_QUEUE; 2026-10-08-02:10:24; 1791425424.878408; 1791425424.878406; 1; 822; 0; 0
EST TCP_QUEUE; 2026-10-08-02:10:24; 1791425424.938378; 1791425424.938375; 1; 822; 0; 0
EST TCP_QUEUE; 2026-10-08-02:10:24; 1791425424.981532; 1791425424.981530; 0; 0; 0; 0
EST TCP_QUEUE; 2026-10-08-02:10:25; 1791425425.043180; 1791425425.043177; 0; 0; 0; 0
EST TCP_QUEUE; 2026-10-08-02:10:25; 1791425425.106080; 1791425425.106078; 0; 0; 0; 0
EST TCP_QUEUE; 2026-10-08-02:10:25; 1791425425.155740; 1791425425.155737; 0; 0; 0; 0
EST TCP_QUEUE; 2026-10-08-02:10:25; 1791425425.208764; 1791425425.208762; 0; 0; 0; 0
EST TCP_QUEUE; 2026-10-08-02:10:25; 1791425425.337851; 1791425425.337847; 1; 0; 0; 0
EST TCP_QUEUE; 2026-10-08-02:10:25; 1791425425.378878; 1791425425.378874; 0; 0; 0; 0
EST TCP_QUEUE; 2026-10-08-02:10:25; 1791425425.446645; 1791425425.446642; 0; 0; 0; 0
EST TCP_QUEUE; 2026-10-08-02:10:25; 1791425425.516488; 1791425425.516486; 0; 0; 0; 0
EST TCP_QUEUE; 2026-10-08-02:10:25; 1791425425.568841; 1791425425.568838; 0; 0; 0; 0
EST TCP_QUEUE; 2026-10-08-02:10:25; 1791425425.623075; 1791425425.623073; 1; 837; 0; 0
EST TCP_QUEUE; 2026-10-08-02:10:25; 1791425425.719989; 1791425425.719986; 1; 837; 0; 0
EST TCP_QUEUE; 2026-10-08-02:10:25; 1791425425.772661; 1791425425.772659; 1; 688; 0; 0
EST TCP_QUEUE; 2026-10-08-02:10:25; 1791425425.830175; 1791425425.830172; 1; 688; 0; 0
EST TCP_QUEUE; 2026-10-08-02:10:25; 1791425425.886513; 1791425425.886509; 1; 518; 0; 0
EST TCP_QUEUE; 2026-10-08-02:10:25; 1791425425.941315; 1791425425.941310; 1; 518; 0; 0
EST TCP_QUEUE; 2026-10-08-02:10:25; 1791425425.992356; 1791425425.992352; 1; 518; 0; 0
EST TCP_QUEUE; 2026-10-08-02:10:26; 1791425426.042531; 1791425426.042529; 1; 518; 0; 0
EST TCP_QUEUE; 2026-10-08-02:10:26; 1791425426.086891; 1791425426.086886; 0; 0; 0; 0
EST TCP_QUEUE; 2026-10-08-02:10:26; 1791425426.150845; 1791425426.150842; 0; 0; 0; 0
EST TCP_QUEUE; 2026-10-08-02:10:26; 1791425426.206392; 1791425426.206389; 0; 0; 0; 0
EST TCP_QUEUE; 2026-10-08-02:10:26; 1791425426.264103; 1791425426.264099; 0; 0; 0; 0
EST TCP_QUEUE; 2026-10-08-02:10:26; 1791425426.327840; 1791425426.327837; 0; 0; 0; 0
EST TCP_QUEUE; 2026-10-08-02:10:26; 1791425426.378891; 1791425426.378887; 0; 0; 0; 0
EST TCP_QUEUE; 2026-10-08-02:10:26; 1791425426.424326; 1791425426.424318; 0; 0; 0; 0
EST TCP_QUEUE; 2026-10-08-02:10:26; 1791425426.482399; 1791425426.482395; 0; 0; 0; 0
EST TCP_QUEUE; 2026-10-08-02:10:26; 1791425426.538284; 1791425426.538280; 0; 0; 0; 0
EST TCP_QUEUE; 2026-10-08-02:10:26; 1791425426.590066; 1791425426.590062; 0; 0; 0; 0
EST TCP_QUEUE; 2026-10-08-02:10:26; 1791425426.651067; 1791425426.651062; 1; 825; 0; 0
EST TCP_QUEUE; 2026-10-08-02:10:26; 1791425426.697023; 1791425426.697020; 1; 825; 0; 0
EST TCP_QUEUE; 2026-10-08-02:10:26; 1791425426.740839; 1791425426.740835; 1; 825; 0; 0
EST TCP_QUEUE; 2026-10-08-02:10:26; 1791425426.799762; 1791425426.799758; 1; 626; 0; 0
EST TCP_QUEUE; 2026-10-08-02:10:26; 1791425426.866934; 1791425426.866932; 1; 626; 0; 0
EST TCP_QUEUE; 2026-10-08-02:10:26; 1791425426.934239; 1791425426.934123; 1; 626; 0; 0
EST TCP_QUEUE; 2026-10-08-02:10:26; 1791425426.982208; 1791425426.982203; 1; 2820; 0; 0
EST TCP_QUEUE; 2026-10-08-02:10:27; 1791425427.031705; 1791425427.031702; 1; 2820; 0; 0
EST TCP_QUEUE; 2026-10-08-02:10:27; 1791425427.073156; 1791425427.073153; 0; 0; 0; 0
EST TCP_QUEUE; 2026-10-08-02:10:27; 1791425427.139279; 1791425427.139273; 0; 0; 0; 0
EST TCP_QUEUE; 2026-10-08-02:10:27; 1791425427.191036; 1791425427.191033; 1; 963; 1; 2820
EST TCP_QUEUE; 2026-10-08-02:10:27; 1791425427.254175; 1791425427.254169; 1; 963; 1; 2820
EST TCP_QUEUE; 2026-10-08-02:10:27; 1791425427.317965; 1791425427.317953; 0; 0; 0; 0
EST TCP_QUEUE; 2026-10-08-02:10:27; 1791425427.398484; 1791425427.398481; 0; 0; 0; 0
EST TCP_QUEUE; 2026-10-08-02:10:27; 1791425427.463476; 1791425427.463473; 0; 0; 0; 0
EST TCP_QUEUE; 2026-10-08-02:10:27; 1791425427.554344; 1791425427.554334; 0; 0; 0; 0
EST TCP_QUEUE; 2026-10-08-02:10:27; 1791425427.610325; 1791425427.610322; 0; 0; 0; 0
EST TCP_QUEUE; 2026-10-08-02:10:27; 1791425427.662805; 1791425427.662801; 0; 0; 0; 0
EST TCP_QUEUE; 2026-10-08-02:10:27; 1791425427.714771; 1791425427.714768; 1; 819; 0; 0
EST TCP_QUEUE; 2026-10-08-02:10:27; 1791425427.762849; 1791425427.762846; 1; 819; 0; 0
EST TCP_QUEUE; 2026-10-08-02:10:27; 1791425427.806362; 1791425427.806359; 1; 819; 0; 0
EST TCP_QUEUE; 2026-10-08-02:10:27; 1791425427.867905; 1791425427.867902; 1; 581; 0; 0
EST TCP_QUEUE; 2026-10-08-02:10:27; 1791425427.924359; 1791425427.924356; 1; 581; 0; 0
EST TCP_QUEUE; 2026-10-08-02:10:27; 1791425427.991979; 1791425427.991976; 1; 644; 0; 0
EST TCP_QUEUE; 2026-10-08-02:10:28; 1791425428.048904; 1791425428.048901; 1; 0; 0; 0
EST TCP_QUEUE; 2026-10-08-02:10:28; 1791425428.096789; 1791425428.096786; 1; 0; 0; 0
EST TCP_QUEUE; 2026-10-08-02:10:28; 1791425428.138685; 1791425428.138683; 1; 0; 0; 0
EST TCP_QUEUE; 2026-10-08-02:10:28; 1791425428.199325; 1791425428.199323; 0; 0; 0; 0
EST TCP_QUEUE; 2026-10-08-02:10:28; 1791425428.254466; 1791425428.254464; 0; 0; 0; 0
EST TCP_QUEUE; 2026-10-08-02:10:28; 1791425428.323381; 1791425428.323378; 0; 0; 0; 0
EST TCP_QUEUE; 2026-10-08-02:10:28; 1791425428.376057; 1791425428.376054; 0; 0; 0; 0
EST TCP_QUEUE; 2026-10-08-02:10:28; 1791425428.421741; 1791425428.421739; 0; 0; 0; 0
EST TCP_QUEUE; 2026-10-08-02:10:28; 1791425428.470655; 1791425428.470650; 0; 0; 0; 0
EST TCP_QUEUE; 2026-10-08-02:10:28; 1791425428.556784; 1791425428.556780; 0; 0; 0; 0
EST TCP_QUEUE; 2026-10-08-02:10:28; 1791425428.610328; 1791425428.610325; 1; 139; 0; 0
EST TCP_QUEUE; 2026-10-08-02:10:28; 1791425428.664874; 1791425428.664872; 1; 139; 0; 0
EST TCP_QUEUE; 2026-10-08-02:10:28; 1791425428.717553; 1791425428.717550; 1; 95; 0; 0
EST TCP_QUEUE; 2026-10-08-02:10:28; 1791425428.766423; 1791425428.766417; 1; 95; 0; 0
EST TCP_QUEUE; 2026-10-08-02:10:28; 1791425428.808943; 1791425428.808936; 1; 95; 0; 0
EST TCP_QUEUE; 2026-10-08-02:10:28; 1791425428.878825; 1791425428.878822; 1; 1461; 1; 2156
EST TCP_QUEUE; 2026-10-08-02:10:28; 1791425428.929278; 1791425428.929274; 1; 1172; 1; 2156
EST TCP_QUEUE; 2026-10-08-02:10:28; 1791425428.979748; 1791425428.979744; 1; 731; 1; 0
EST TCP_QUEUE; 2026-10-08-02:10:29; 1791425429.047358; 1791425429.047355; 1; 395; 1; 0
EST TCP_QUEUE; 2026-10-08-02:10:29; 1791425429.095809; 1791425429.095806; 1; 0; 1; 883
EST TCP_QUEUE; 2026-10-08-02:10:29; 1791425429.139683; 1791425429.139680; 1; 0; 1; 883
EST TCP_QUEUE; 2026-10-08-02:10:29; 1791425429.197036; 1791425429.197032; 1; 0; 1; 1037
EST TCP_QUEUE; 2026-10-08-02:10:29; 1791425429.255112; 1791425429.255109; 1; 0; 1; 0
EST TCP_QUEUE; 2026-10-08-02:10:29; 1791425429.304804; 1791425429.304801; 1; 475; 1; 0
EST TCP_QUEUE; 2026-10-08-02:10:29; 1791425429.379195; 1791425429.379192; 1; 475; 1; 860
EST TCP_QUEUE; 2026-10-08-02:10:29; 1791425429.424115; 1791425429.424110; 1; 259; 1; 860
EST TCP_QUEUE; 2026-10-08-02:10:29; 1791425429.465535; 1791425429.465532; 1; 259; 1; 860
EST TCP_QUEUE; 2026-10-08-02:10:29; 1791425429.525891; 1791425429.525889; 1; 259; 1; 0
EST TCP_QUEUE; 2026-10-08-02:10:29; 1791425429.577766; 1791425429.577763; 1; 547; 1; 0
EST TCP_QUEUE; 2026-10-08-02:10:29; 1791425429.630262; 1791425429.630259; 1; 547; 1; 0
EST TCP_QUEUE; 2026-10-08-02:10:29; 1791425429.682972; 1791425429.682969; 1; 102; 1; 0
EST TCP_QUEUE; 2026-10-08-02:10:29; 1791425429.735414; 1791425429.735411; 1; 102; 1; 0
EST TCP_QUEUE; 2026-10-08-02:10:29; 1791425429.778053; 1791425429.778051; 1; 624; 1; 0
EST TCP_QUEUE; 2026-10-08-02:10:29; 1791425429.840547; 1791425429.840544; 1; 624; 1; 0
EST TCP_QUEUE; 2026-10-08-02:10:29; 1791425429.912799; 1791425429.912794; 1; 248; 1; 1151
EST TCP_QUEUE; 2026-10-08-02:10:29; 1791425429.975047; 1791425429.975045; 1; 154; 1; 0
EST TCP_QUEUE; 2026-10-08-02:10:30; 1791425430.028160; 1791425430.028157; 1; 154; 1; 0
EST TCP_QUEUE; 2026-10-08-02:10:30; 1791425430.074039; 1791425430.074037; 1; 493; 1; 1955
EST TCP_QUEUE; 2026-10-08-02:10:30; 1791425430.115912; 1791425430.115910; 1; 493; 1; 1955
EST TCP_QUEUE; 2026-10-08-02:10:30; 1791425430.173804; 1791425430.173802; 1; 381; 1; 1620
EST TCP_QUEUE; 2026-10-08-02:10:30; 1791425430.227356; 1791425430.227353; 1; 381; 1; 1571
EST TCP_QUEUE; 2026-10-08-02:10:30; 1791425430.282164; 1791425430.282161; 1; 125; 1; 747
EST TCP_QUEUE; 2026-10-08-02:10:30; 1791425430.336006; 1791425430.336003; 1; 125; 1; 747
EST TCP_QUEUE; 2026-10-08-02:10:30; 1791425430.381920; 1791425430.381918; 1; 539; 1; 1462
EST TCP_QUEUE; 2026-10-08-02:10:30; 1791425430.423454; 1791425430.423451; 1; 184; 1; 1462
EST TCP_QUEUE; 2026-10-08-02:10:30; 1791425430.482318; 1791425430.482315; 1; 184; 1; 1595
EST TCP_QUEUE; 2026-10-08-02:10:30; 1791425430.535917; 1791425430.535913; 1; 184; 1; 1540
EST TCP_QUEUE; 2026-10-08-02:10:30; 1791425430.590180; 1791425430.590177; 1; 1024; 1; 1304
EST TCP_QUEUE; 2026-10-08-02:10:30; 1791425430.669580; 1791425430.669576; 1; 0; 1; 0
EST TCP_QUEUE; 2026-10-08-02:10:30; 1791425430.715540; 1791425430.715537; 1; 0; 1; 0
EST TCP_QUEUE; 2026-10-08-02:10:30; 1791425430.762779; 1791425430.762776; 1; 0; 1; 0
EST TCP_QUEUE; 2026-10-08-02:10:30; 1791425430.828279; 1791425430.828276; 1; 141; 1; 1015
EST TCP_QUEUE; 2026-10-08-02:10:30; 1791425430.876456; 1791425430.876454; 1; 52; 1; 1168
EST TCP_QUEUE; 2026-10-08-02:10:30; 1791425430.927203; 1791425430.927200; 1; 52; 1; 1168
EST TCP_QUEUE; 2026-10-08-02:10:30; 1791425430.988039; 1791425430.988036; 1; 472; 1; 999
EST TCP_QUEUE; 2026-10-08-02:10:31; 1791425431.033745; 1791425431.033742; 1; 472; 1; 999
EST TCP_QUEUE; 2026-10-08-02:10:31; 1791425431.076965; 1791425431.076961; 1; 13; 1; 1205
EST TCP_QUEUE; 2026-10-08-02:10:31; 1791425431.138783; 1791425431.138780; 1; 13; 1; 230
EST TCP_QUEUE; 2026-10-08-02:10:31; 1791425431.193541; 1791425431.193538; 1; 1047; 1; 230
EST TCP_QUEUE; 2026-10-08-02:10:31; 1791425431.245858; 1791425431.245681; 1; 458; 1; 230
EST TCP_QUEUE; 2026-10-08-02:10:31; 1791425431.303755; 1791425431.303751; 1; 458; 1; 0
EST TCP_QUEUE; 2026-10-08-02:10:31; 1791425431.355470; 1791425431.355467; 1; 0; 1; 0
EST TCP_QUEUE; 2026-10-08-02:10:31; 1791425431.398727; 1791425431.398724; 1; 0; 1; 1248
EST TCP_QUEUE; 2026-10-08-02:10:31; 1791425431.458726; 1791425431.458724; 1; 0; 1; 1248
EST TCP_QUEUE; 2026-10-08-02:10:31; 1791425431.520969; 1791425431.520966; 1; 34; 1; 633
EST TCP_QUEUE; 2026-10-08-02:10:31; 1791425431.577145; 1791425431.577143; 1; 351; 1; 633
EST TCP_QUEUE; 2026-10-08-02:10:31; 1791425431.629583; 1791425431.629580; 1; 351; 1; 0
EST TCP_QUEUE; 2026-10-08-02:10:31; 1791425431.675631; 1791425431.675628; 1; 850; 1; 0
EST TCP_QUEUE; 2026-10-08-02:10:31; 1791425431.715828; 1791425431.715824; 1; 0; 1; 0
EST TCP_QUEUE; 2026-10-08-02:10:31; 1791425431.775037; 1791425431.775034; 1; 0; 1; 1151
EST TCP_QUEUE; 2026-10-08-02:10:31; 1791425431.832231; 1791425431.832229; 1; 0; 1; 0
EST TCP_QUEUE; 2026-10-08-02:10:31; 1791425431.885805; 1791425431.885802; 1; 394; 1; 0
EST TCP_QUEUE; 2026-10-08-02:10:31; 1791425431.939090; 1791425431.939086; 1; 139; 1; 0
EST TCP_QUEUE; 2026-10-08-02:10:31; 1791425431.986708; 1791425431.986706; 1; 139; 1; 98
EST TCP_QUEUE; 2026-10-08-02:10:32; 1791425432.028400; 1791425432.028397; 1; 139; 1; 0
EST TCP_QUEUE; 2026-10-08-02:10:32; 1791425432.087191; 1791425432.087189; 1; 455; 1; 0
EST TCP_QUEUE; 2026-10-08-02:10:32; 1791425432.143235; 1791425432.143232; 1; 455; 1; 0
EST TCP_QUEUE; 2026-10-08-02:10:32; 1791425432.197422; 1791425432.197418; 1; 40; 1; 1349
EST TCP_QUEUE; 2026-10-08-02:10:32; 1791425432.253669; 1791425432.253666; 1; 40; 1; 683
EST TCP_QUEUE; 2026-10-08-02:10:32; 1791425432.300920; 1791425432.300917; 1; 4; 1; 683
EST TCP_QUEUE; 2026-10-08-02:10:32; 1791425432.344359; 1791425432.344356; 1; 4; 1; 683
EST TCP_QUEUE; 2026-10-08-02:10:32; 1791425432.402136; 1791425432.402133; 1; 4; 1; 1246
EST TCP_QUEUE; 2026-10-08-02:10:32; 1791425432.457825; 1791425432.457821; 1; 0; 1; 745
EST TCP_QUEUE; 2026-10-08-02:10:32; 1791425432.509140; 1791425432.509138; 1; 0; 1; 745
EST TCP_QUEUE; 2026-10-08-02:10:32; 1791425432.565172; 1791425432.565168; 1; 0; 1; 0
EST TCP_QUEUE; 2026-10-08-02:10:32; 1791425432.613461; 1791425432.613458; 1; 363; 1; 0
EST TCP_QUEUE; 2026-10-08-02:10:32; 1791425432.654265; 1791425432.654261; 1; 363; 1; 0
EST TCP_QUEUE; 2026-10-08-02:10:32; 1791425432.713827; 1791425432.713824; 1; 493; 1; 0
EST TCP_QUEUE; 2026-10-08-02:10:32; 1791425432.768356; 1791425432.768353; 1; 540; 1; 814
EST TCP_QUEUE; 2026-10-08-02:10:32; 1791425432.819810; 1791425432.819808; 1; 540; 1; 814
EST TCP_QUEUE; 2026-10-08-02:10:32; 1791425432.879055; 1791425432.879052; 1; 1044; 1; 0
EST TCP_QUEUE; 2026-10-08-02:10:32; 1791425432.924959; 1791425432.924956; 1; 400; 1; 0
EST TCP_QUEUE; 2026-10-08-02:10:32; 1791425432.968228; 1791425432.968226; 1; 400; 1; 1229
EST TCP_QUEUE; 2026-10-08-02:10:33; 1791425433.027850; 1791425433.027847; 1; 400; 1; 1110
EST TCP_QUEUE; 2026-10-08-02:10:33; 1791425433.087946; 1791425433.087943; 1; 0; 1; 1110
EST TCP_QUEUE; 2026-10-08-02:10:33; 1791425433.136714; 1791425433.136710; 1; 0; 1; 0
EST TCP_QUEUE; 2026-10-08-02:10:33; 1791425433.189770; 1791425433.189767; 1; 0; 1; 0
EST TCP_QUEUE; 2026-10-08-02:10:33; 1791425433.235142; 1791425433.235137; 1; 0; 1; 0
EST TCP_QUEUE; 2026-10-08-02:10:33; 1791425433.278723; 1791425433.278721; 1; 592; 1; 1135
EST TCP_QUEUE; 2026-10-08-02:10:33; 1791425433.340380; 1791425433.340377; 1; 592; 1; 1135
EST TCP_QUEUE; 2026-10-08-02:10:33; 1791425433.394596; 1791425433.394593; 1; 646; 1; 936
EST TCP_QUEUE; 2026-10-08-02:10:33; 1791425433.468610; 1791425433.468606; 1; 382; 1; 0
EST TCP_QUEUE; 2026-10-08-02:10:33; 1791425433.526566; 1791425433.526562; 1; 382; 1; 0
EST TCP_QUEUE; 2026-10-08-02:10:33; 1791425433.578415; 1791425433.578412; 1; 998; 1; 203
EST TCP_QUEUE; 2026-10-08-02:10:33; 1791425433.622554; 1791425433.622552; 1; 630; 1; 203
EST TCP_QUEUE; 2026-10-08-02:10:33; 1791425433.679542; 1791425433.679540; 1; 630; 1; 0
EST TCP_QUEUE; 2026-10-08-02:10:33; 1791425433.736078; 1791425433.736074; 1; 630; 1; 0
EST TCP_QUEUE; 2026-10-08-02:10:33; 1791425433.788116; 1791425433.788114; 1; 650; 1; 0
EST TCP_QUEUE; 2026-10-08-02:10:33; 1791425433.840774; 1791425433.840771; 1; 650; 1; 0
EST TCP_QUEUE; 2026-10-08-02:10:33; 1791425433.887016; 1791425433.887012; 1; 769; 1; 1092
EST TCP_QUEUE; 2026-10-08-02:10:33; 1791425433.928539; 1791425433.928536; 1; 769; 1; 840
EST TCP_QUEUE; 2026-10-08-02:10:34; 1791425434.007311; 1791425434.007308; 1; 486; 1; 0
EST TCP_QUEUE; 2026-10-08-02:10:34; 1791425434.065578; 1791425434.065574; 1; 420; 1; 0
EST TCP_QUEUE; 2026-10-08-02:10:34; 1791425434.115643; 1791425434.115641; 1; 420; 1; 0
EST TCP_QUEUE; 2026-10-08-02:10:34; 1791425434.172703; 1791425434.172700; 1; 526; 1; 1601
EST TCP_QUEUE; 2026-10-08-02:10:34; 1791425434.220235; 1791425434.220233; 1; 526; 1; 1601
EST TCP_QUEUE; 2026-10-08-02:10:34; 1791425434.269979; 1791425434.269975; 1; 923; 1; 0
EST TCP_QUEUE; 2026-10-08-02:10:34; 1791425434.327621; 1791425434.327617; 1; 923; 1; 0
EST TCP_QUEUE; 2026-10-08-02:10:34; 1791425434.391555; 1791425434.391553; 1; 1134; 1; 1682
EST TCP_QUEUE; 2026-10-08-02:10:34; 1791425434.477183; 1791425434.477180; 1; 0; 1; 318
EST TCP_QUEUE; 2026-10-08-02:10:34; 1791425434.534349; 1791425434.534346; 1; 0; 1; 318
EST TCP_QUEUE; 2026-10-08-02:10:34; 1791425434.579789; 1791425434.579786; 1; 0; 1; 113
EST TCP_QUEUE; 2026-10-08-02:10:34; 1791425434.624299; 1791425434.624296; 1; 0; 1; 113
EST TCP_QUEUE; 2026-10-08-02:10:34; 1791425434.682788; 1791425434.682786; 1; 0; 1; 852
EST TCP_QUEUE; 2026-10-08-02:10:34; 1791425434.738794; 1791425434.738791; 1; 0; 1; 852
EST TCP_QUEUE; 2026-10-08-02:10:34; 1791425434.787692; 1791425434.787688; 1; 737; 1; 1383
EST TCP_QUEUE; 2026-10-08-02:10:34; 1791425434.842593; 1791425434.842590; 1; 628; 1; 0
EST TCP_QUEUE; 2026-10-08-02:10:34; 1791425434.890473; 1791425434.890470; 1; 0; 1; 0
EST TCP_QUEUE; 2026-10-08-02:10:34; 1791425434.931249; 1791425434.931246; 1; 0; 1; 0
EST TCP_QUEUE; 2026-10-08-02:10:34; 1791425434.991000; 1791425434.990997; 1; 0; 1; 434
EST TCP_QUEUE; 2026-10-08-02:10:35; 1791425435.062989; 1791425435.062986; 1; 0; 1; 434
EST TCP_QUEUE; 2026-10-08-02:10:35; 1791425435.113184; 1791425435.113181; 1; 0; 1; 2044
EST TCP_QUEUE; 2026-10-08-02:10:35; 1791425435.175531; 1791425435.175528; 1; 704; 1; 617
EST TCP_QUEUE; 2026-10-08-02:10:35; 1791425435.221080; 1791425435.221078; 1; 618; 1; 617
EST TCP_QUEUE; 2026-10-08-02:10:35; 1791425435.264477; 1791425435.264474; 1; 56; 1; 617
EST TCP_QUEUE; 2026-10-08-02:10:35; 1791425435.325327; 1791425435.325324; 1; 56; 1; 1577
EST TCP_QUEUE; 2026-10-08-02:10:35; 1791425435.378730; 1791425435.378727; 1; 455; 1; 1666
EST TCP_QUEUE; 2026-10-08-02:10:35; 1791425435.431882; 1791425435.431878; 1; 371; 1; 1666
EST TCP_QUEUE; 2026-10-08-02:10:35; 1791425435.484274; 1791425435.484270; 1; 371; 1; 1918
EST TCP_QUEUE; 2026-10-08-02:10:35; 1791425435.529701; 1791425435.529698; 1; 371; 1; 346
EST TCP_QUEUE; 2026-10-08-02:10:35; 1791425435.573612; 1791425435.573609; 1; 610; 1; 346
EST TCP_QUEUE; 2026-10-08-02:10:35; 1791425435.632987; 1791425435.632984; 1; 610; 1; 346
EST TCP_QUEUE; 2026-10-08-02:10:35; 1791425435.687246; 1791425435.687243; 1; 752; 1; 29
EST TCP_QUEUE; 2026-10-08-02:10:35; 1791425435.739562; 1791425435.739560; 1; 752; 1; 29
EST TCP_QUEUE; 2026-10-08-02:10:35; 1791425435.792492; 1791425435.792489; 1; 407; 1; 854
EST TCP_QUEUE; 2026-10-08-02:10:35; 1791425435.843888; 1791425435.843886; 1; 407; 1; 854
EST TCP_QUEUE; 2026-10-08-02:10:35; 1791425435.881489; 1791425435.881486; 1; 800; 1; 436
EST TCP_QUEUE; 2026-10-08-02:10:35; 1791425435.939430; 1791425435.939427; 1; 66; 1; 436
EST TCP_QUEUE; 2026-10-08-02:10:35; 1791425435.993635; 1791425435.993632; 1; 66; 1; 910
EST TCP_QUEUE; 2026-10-08-02:10:36; 1791425436.075129; 1791425436.075126; 1; 473; 1; 545
EST TCP_QUEUE; 2026-10-08-02:10:36; 1791425436.129777; 1791425436.129774; 1; 0; 1; 2254
EST TCP_QUEUE; 2026-10-08-02:10:36; 1791425436.175741; 1791425436.175739; 1; 0; 1; 2254
EST TCP_QUEUE; 2026-10-08-02:10:36; 1791425436.217729; 1791425436.217726; 1; 0; 1; 2254
EST TCP_QUEUE; 2026-10-08-02:10:36; 1791425436.274896; 1791425436.274893; 1; 43; 1; 0
EST TCP_QUEUE; 2026-10-08-02:10:36; 1791425436.329331; 1791425436.329328; 1; 43; 1; 0
EST TCP_QUEUE; 2026-10-08-02:10:36; 1791425436.379692; 1791425436.379687; 1; 751; 1; 1074
EST TCP_QUEUE; 2026-10-08-02:10:36; 1791425436.434200; 1791425436.434197; 1; 751; 1; 0
EST TCP_QUEUE; 2026-10-08-02:10:36; 1791425436.484332; 1791425436.484328; 1; 144; 1; 0
EST TCP_QUEUE; 2026-10-08-02:10:36; 1791425436.525578; 1791425436.525573; 1; 144; 1; 0
EST TCP_QUEUE; 2026-10-08-02:10:36; 1791425436.585851; 1791425436.585848; 1; 185; 1; 1332
EST TCP_QUEUE; 2026-10-08-02:10:36; 1791425436.682140; 1791425436.682136; 1; 105; 1; 1420
EST TCP_QUEUE; 2026-10-08-02:10:36; 1791425436.730904; 1791425436.730901; 1; 105; 1; 516
EST TCP_QUEUE; 2026-10-08-02:10:36; 1791425436.789819; 1791425436.789814; 1; 287; 1; 516
EST TCP_QUEUE; 2026-10-08-02:10:36; 1791425436.837203; 1791425436.837199; 1; 287; 1; 516
EST TCP_QUEUE; 2026-10-08-02:10:36; 1791425436.879042; 1791425436.879039; 1; 975; 1; 211
EST TCP_QUEUE; 2026-10-08-02:10:36; 1791425436.960787; 1791425436.960784; 1; 0; 1; 0
EST TCP_QUEUE; 2026-10-08-02:10:37; 1791425437.013515; 1791425437.013513; 1; 0; 1; 0
EST TCP_QUEUE; 2026-10-08-02:10:37; 1791425437.065304; 1791425437.065301; 1; 0; 1; 0
EST TCP_QUEUE; 2026-10-08-02:10:37; 1791425437.118411; 1791425437.118408; 1; 182; 1; 371
EST TCP_QUEUE; 2026-10-08-02:10:37; 1791425437.163923; 1791425437.163920; 1; 182; 1; 371
EST TCP_QUEUE; 2026-10-08-02:10:37; 1791425437.213279; 1791425437.213275; 1; 137; 1; 0
EST TCP_QUEUE; 2026-10-08-02:10:37; 1791425437.272431; 1791425437.272425; 1; 223; 1; 0
EST TCP_QUEUE; 2026-10-08-02:10:37; 1791425437.324685; 1791425437.324683; 1; 223; 1; 0
EST TCP_QUEUE; 2026-10-08-02:10:37; 1791425437.378172; 1791425437.378168; 1; 0; 1; 0
EST TCP_QUEUE; 2026-10-08-02:10:37; 1791425437.431927; 1791425437.431924; 1; 0; 1; 0
EST TCP_QUEUE; 2026-10-08-02:10:37; 1791425437.476846; 1791425437.476843; 1; 0; 1; 323
EST TCP_QUEUE; 2026-10-08-02:10:37; 1791425437.518734; 1791425437.518732; 1; 0; 1; 323
EST TCP_QUEUE; 2026-10-08-02:10:37; 1791425437.609639; 1791425437.609636; 1; 0; 1; 1512
EST TCP_QUEUE; 2026-10-08-02:10:37; 1791425437.671525; 1791425437.671522; 1; 384; 1; 748
EST TCP_QUEUE; 2026-10-08-02:10:37; 1791425437.723560; 1791425437.723558; 1; 347; 1; 748
EST TCP_QUEUE; 2026-10-08-02:10:37; 1791425437.779892; 1791425437.779890; 1; 195; 1; 858
EST TCP_QUEUE; 2026-10-08-02:10:37; 1791425437.827718; 1791425437.827716; 1; 195; 1; 0
EST TCP_QUEUE; 2026-10-08-02:10:37; 1791425437.868145; 1791425437.868142; 1; 195; 1; 0
EST TCP_QUEUE; 2026-10-08-02:10:37; 1791425437.925551; 1791425437.925548; 1; 195; 1; 0
EST TCP_QUEUE; 2026-10-08-02:10:37; 1791425437.979768; 1791425437.979765; 1; 352; 1; 1659
EST TCP_QUEUE; 2026-10-08-02:10:38; 1791425438.030763; 1791425438.030761; 1; 352; 1; 1082
EST TCP_QUEUE; 2026-10-08-02:10:38; 1791425438.082918; 1791425438.082916; 1; 950; 1; 1015
EST TCP_QUEUE; 2026-10-08-02:10:38; 1791425438.128725; 1791425438.128723; 1; 152; 1; 1015
EST TCP_QUEUE; 2026-10-08-02:10:38; 1791425438.169946; 1791425438.169942; 1; 152; 1; 0
EST TCP_QUEUE; 2026-10-08-02:10:38; 1791425438.228026; 1791425438.228023; 1; 152; 1; 0
EST TCP_QUEUE; 2026-10-08-02:10:38; 1791425438.281381; 1791425438.281377; 1; 664; 1; 1061
EST TCP_QUEUE; 2026-10-08-02:10:38; 1791425438.330969; 1791425438.330966; 1; 664; 1; 1061
EST TCP_QUEUE; 2026-10-08-02:10:38; 1791425438.383689; 1791425438.383686; 1; 1462; 1; 456
EST TCP_QUEUE; 2026-10-08-02:10:38; 1791425438.456742; 1791425438.456738; 1; 330; 1; 456
EST TCP_QUEUE; 2026-10-08-02:10:38; 1791425438.504439; 1791425438.504436; 1; 0; 1; 1462
EST TCP_QUEUE; 2026-10-08-02:10:38; 1791425438.563724; 1791425438.563722; 1; 0; 1; 1462
EST TCP_QUEUE; 2026-10-08-02:10:38; 1791425438.624022; 1791425438.624020; 1; 0; 1; 1462
EST TCP_QUEUE; 2026-10-08-02:10:38; 1791425438.679554; 1791425438.679551; 1; 888; 1; 1462
WAN 02:10:39.619897 IP (tos 0x0, ttl 62, id 64409, offset 0, flags [DF], proto TCP (6), length 60)
WAN     192.168.2.70.11890 > 160.79.104.10.443: Flags [S], cksum 0xd507 (correct), seq 2785832426, win 65280, options [mss 1280,sackOK,TS val 3188041527 ecr 0,nop,wscale 9], length 0
LAN 02:10:39.619357 IP (tos 0x0, ttl 63, id 64409, offset 0, flags [DF], proto TCP (6), length 60)
LAN     192.168.56.1.11890 > 160.79.104.10.443: Flags [S], cksum 0x9f4c (correct), seq 2785832426, win 65280, options [mss 1280,sackOK,TS val 3188041527 ecr 0,nop,wscale 9], length 0
LAN 02:10:39.643757 IP (tos 0x0, ttl 55, id 0, offset 0, flags [DF], proto TCP (6), length 60)
LAN     160.79.104.10.443 > 192.168.56.1.11890: Flags [S.], cksum 0x5fee (correct), seq 4237046477, ack 2785832427, win 65535, options [mss 1460,sackOK,TS val 4135720889 ecr 3188041527,nop,wscale 13], length 0
WAN 02:10:39.643283 IP (tos 0x0, ttl 56, id 0, offset 0, flags [DF], proto TCP (6), length 60)
WAN     160.79.104.10.443 > 192.168.2.70.11890: Flags [S.], cksum 0x95a9 (correct), seq 4237046477, ack 2785832427, win 65535, options [mss 1460,sackOK,TS val 4135720889 ecr 3188041527,nop,wscale 13], length 0
EST TCP_QUEUE; 2026-10-08-02:10:38; 1791425438.732729; 1791425438.732726; 1; 888; 1; 0
EST TCP_QUEUE; 2026-10-08-02:10:38; 1791425438.778324; 1791425438.778320; 1; 922; 1; 0
EST TCP_QUEUE; 2026-10-08-02:10:38; 1791425438.820065; 1791425438.820062; 1; 634; 1; 0
EST TCP_QUEUE; 2026-10-08-02:10:38; 1791425438.877971; 1791425438.877968; 1; 634; 1; 0
EST TCP_QUEUE; 2026-10-08-02:10:38; 1791425438.932359; 1791425438.932356; 1; 634; 1; 0
EST TCP_QUEUE; 2026-10-08-02:10:38; 1791425438.984376; 1791425438.984373; 1; 411; 1; 1462
EST TCP_QUEUE; 2026-10-08-02:10:39; 1791425439.039128; 1791425439.039125; 1; 411; 1; 1462
EST TCP_QUEUE; 2026-10-08-02:10:39; 1791425439.087445; 1791425439.087437; 1; 411; 1; 1462
EST TCP_QUEUE; 2026-10-08-02:10:39; 1791425439.126711; 1791425439.126708; 1; 411; 1; 1462
EST TCP_QUEUE; 2026-10-08-02:10:39; 1791425439.219157; 1791425439.219154; 1; 539; 0; 0
EST TCP_QUEUE; 2026-10-08-02:10:39; 1791425439.283890; 1791425439.283887; 1; 381; 0; 0
EST TCP_QUEUE; 2026-10-08-02:10:39; 1791425439.337505; 1791425439.337502; 1; 381; 0; 0
EST TCP_QUEUE; 2026-10-08-02:10:39; 1791425439.389978; 1791425439.389976; 1; 339; 1; 0
EST TCP_QUEUE; 2026-10-08-02:10:39; 1791425439.437166; 1791425439.437162; 1; 339; 1; 0
EST TCP_QUEUE; 2026-10-08-02:10:39; 1791425439.502550; 1791425439.502547; 1; 809; 1; 0
EST TCP_QUEUE; 2026-10-08-02:10:39; 1791425439.563557; 1791425439.563554; 1; 809; 1; 0
EST TCP_QUEUE; 2026-10-08-02:10:39; 1791425439.620707; 1791425439.620704; 1; 0; 0; 0
EST TCP_QUEUE; 2026-10-08-02:10:39; 1791425439.672998; 1791425439.672996; 1; 452; 0; 0
EST TCP_QUEUE; 2026-10-08-02:10:39; 1791425439.737408; 1791425439.737404; 1; 452; 0; 0
EST TCP_QUEUE; 2026-10-08-02:10:39; 1791425439.783172; 1791425439.783169; 0; 0; 0; 0
EST TCP_QUEUE; 2026-10-08-02:10:39; 1791425439.825377; 1791425439.825372; 0; 0; 0; 0
EST TCP_QUEUE; 2026-10-08-02:10:39; 1791425439.884335; 1791425439.884332; 1; 143; 0; 0
EST TCP_QUEUE; 2026-10-08-02:10:39; 1791425439.938725; 1791425439.938722; 1; 143; 0; 0
EST TCP_QUEUE; 2026-10-08-02:10:39; 1791425439.991474; 1791425439.991470; 1; 636; 0; 0
EST TCP_QUEUE; 2026-10-08-02:10:40; 1791425440.053576; 1791425440.053573; 1; 496; 1; 0
EST TCP_QUEUE; 2026-10-08-02:10:40; 1791425440.099199; 1791425440.099196; 1; 494; 1; 0
EST TCP_QUEUE; 2026-10-08-02:10:40; 1791425440.151051; 1791425440.151048; 1; 494; 1; 0
EST TCP_QUEUE; 2026-10-08-02:10:40; 1791425440.214524; 1791425440.214521; 1; 494; 0; 0
EST TCP_QUEUE; 2026-10-08-02:10:40; 1791425440.272550; 1791425440.272546; 0; 0; 0; 0
EST TCP_QUEUE; 2026-10-08-02:10:40; 1791425440.325169; 1791425440.325166; 1; 967; 0; 0
EST TCP_QUEUE; 2026-10-08-02:10:40; 1791425440.379573; 1791425440.379570; 1; 967; 0; 0
EST TCP_QUEUE; 2026-10-08-02:10:40; 1791425440.424952; 1791425440.424948; 1; 914; 0; 0
EST TCP_QUEUE; 2026-10-08-02:10:40; 1791425440.466981; 1791425440.466979; 1; 914; 0; 0
EST TCP_QUEUE; 2026-10-08-02:10:40; 1791425440.527632; 1791425440.527628; 1; 914; 0; 0
EST TCP_QUEUE; 2026-10-08-02:10:40; 1791425440.582865; 1791425440.582861; 1; 1208; 0; 0
EST TCP_QUEUE; 2026-10-08-02:10:40; 1791425440.633233; 1791425440.633230; 1; 1208; 0; 0
EST TCP_QUEUE; 2026-10-08-02:10:40; 1791425440.728079; 1791425440.728073; 1; 1558; 0; 0
EST TCP_QUEUE; 2026-10-08-02:10:40; 1791425440.764033; 1791425440.764028; 1; 1558; 0; 0
EST TCP_QUEUE; 2026-10-08-02:10:40; 1791425440.805365; 1791425440.805360; 1; 1558; 0; 0
EST TCP_QUEUE; 2026-10-08-02:10:40; 1791425440.864031; 1791425440.864028; 1; 1558; 0; 0
EST TCP_QUEUE; 2026-10-08-02:10:40; 1791425440.918772; 1791425440.918769; 0; 0; 0; 0
EST TCP_QUEUE; 2026-10-08-02:10:40; 1791425440.970761; 1791425440.970757; 0; 0; 0; 0
EST TCP_QUEUE; 2026-10-08-02:10:41; 1791425441.026869; 1791425441.026866; 0; 0; 0; 0
EST TCP_QUEUE; 2026-10-08-02:10:41; 1791425441.077095; 1791425441.077092; 0; 0; 0; 0
EST TCP_QUEUE; 2026-10-08-02:10:41; 1791425441.123963; 1791425441.123960; 0; 0; 0; 0
EST TCP_QUEUE; 2026-10-08-02:10:41; 1791425441.189596; 1791425441.189592; 0; 0; 0; 0
EST TCP_QUEUE; 2026-10-08-02:10:41; 1791425441.244937; 1791425441.244933; 0; 0; 0; 0
EST TCP_QUEUE; 2026-10-08-02:10:41; 1791425441.293993; 1791425441.293990; 0; 0; 0; 0
EST TCP_QUEUE; 2026-10-08-02:10:41; 1791425441.348846; 1791425441.348842; 0; 0; 0; 0
EST TCP_QUEUE; 2026-10-08-02:10:41; 1791425441.395251; 1791425441.395248; 1; 0; 0; 0
EST TCP_QUEUE; 2026-10-08-02:10:41; 1791425441.449809; 1791425441.449805; 1; 0; 0; 0
EST TCP_QUEUE; 2026-10-08-02:10:41; 1791425441.496299; 1791425441.496295; 1; 0; 0; 0
EST TCP_QUEUE; 2026-10-08-02:10:41; 1791425441.550535; 1791425441.550532; 1; 0; 1; 1374
EST TCP_QUEUE; 2026-10-08-02:10:41; 1791425441.602038; 1791425441.602034; 1; 0; 1; 0
EST TCP_QUEUE; 2026-10-08-02:10:41; 1791425441.653565; 1791425441.653562; 1; 0; 1; 0
WAN 02:10:42.938745 IP (tos 0x0, ttl 127, id 17212, offset 0, flags [DF], proto TCP (6), length 64)
WAN     192.168.2.70.43780 > 172.172.255.217.443: Flags [S], cksum 0x1ff6 (correct), seq 2377446601, win 65535, options [mss 1460,nop,wscale 8,nop,nop,sackOK,nop,nop,TS val 3394153729 ecr 0], length 0
WAN 02:10:42.985192 IP (tos 0x0, ttl 113, id 9538, offset 0, flags [DF], proto TCP (6), length 52)
WAN     172.172.255.217.443 > 192.168.2.70.43780: Flags [S.], cksum 0x4a1f (correct), seq 1779891250, ack 2377446602, win 8192, options [mss 1440,nop,wscale 0,nop,nop,sackOK], length 0
LAN 02:10:42.938448 IP (tos 0x0, ttl 128, id 17212, offset 0, flags [DF], proto TCP (6), length 52)
LAN     192.168.56.1.43780 > 172.172.255.217.443: Flags [S], cksum 0x9aa2 (correct), seq 2377446601, win 65535, options [mss 1460,nop,wscale 8,nop,nop,sackOK], length 0
LAN 02:10:42.985566 IP (tos 0x0, ttl 112, id 9538, offset 0, flags [DF], proto TCP (6), length 52)
LAN     172.172.255.217.443 > 192.168.56.1.43780: Flags [S.], cksum 0x1464 (correct), seq 1779891250, ack 2377446602, win 8192, options [mss 1440,nop,wscale 0,nop,nop,sackOK], length 0
EST TCP_QUEUE; 2026-10-08-02:10:41; 1791425441.699129; 1791425441.699126; 1; 1398; 0; 0
EST TCP_QUEUE; 2026-10-08-02:10:41; 1791425441.740702; 1791425441.740700; 1; 1398; 0; 0
EST TCP_QUEUE; 2026-10-08-02:10:41; 1791425441.802398; 1791425441.802395; 1; 0; 0; 0
EST TCP_QUEUE; 2026-10-08-02:10:41; 1791425441.858744; 1791425441.858742; 1; 0; 0; 0
EST TCP_QUEUE; 2026-10-08-02:10:41; 1791425441.908672; 1791425441.908669; 1; 0; 0; 0
EST TCP_QUEUE; 2026-10-08-02:10:41; 1791425441.967958; 1791425441.967950; 0; 0; 0; 0
EST TCP_QUEUE; 2026-10-08-02:10:42; 1791425442.014627; 1791425442.014616; 0; 0; 0; 0
EST TCP_QUEUE; 2026-10-08-02:10:42; 1791425442.084312; 1791425442.084304; 0; 0; 0; 0
EST TCP_QUEUE; 2026-10-08-02:10:42; 1791425442.142181; 1791425442.142172; 0; 0; 0; 0
EST TCP_QUEUE; 2026-10-08-02:10:42; 1791425442.201603; 1791425442.201599; 0; 0; 0; 0
EST TCP_QUEUE; 2026-10-08-02:10:42; 1791425442.301814; 1791425442.301810; 0; 0; 0; 0
EST TCP_QUEUE; 2026-10-08-02:10:42; 1791425442.354112; 1791425442.354109; 0; 0; 0; 0
EST TCP_QUEUE; 2026-10-08-02:10:42; 1791425442.408500; 1791425442.408497; 1; 567; 0; 0
EST TCP_QUEUE; 2026-10-08-02:10:42; 1791425442.457322; 1791425442.457319; 1; 1022; 0; 0
EST TCP_QUEUE; 2026-10-08-02:10:42; 1791425442.518691; 1791425442.518688; 1; 557; 0; 0
EST TCP_QUEUE; 2026-10-08-02:10:42; 1791425442.574261; 1791425442.574257; 1; 557; 0; 0
EST TCP_QUEUE; 2026-10-08-02:10:42; 1791425442.629956; 1791425442.629952; 1; 557; 0; 0
EST TCP_QUEUE; 2026-10-08-02:10:42; 1791425442.712862; 1791425442.712855; 1; 220; 0; 0
EST TCP_QUEUE; 2026-10-08-02:10:42; 1791425442.764468; 1791425442.764464; 1; 220; 0; 0
EST TCP_QUEUE; 2026-10-08-02:10:42; 1791425442.866799; 1791425442.866796; 1; 307; 0; 0
EST TCP_QUEUE; 2026-10-08-02:10:42; 1791425442.867253; 1791425442.867251; 1; 307; 0; 0
EST TCP_QUEUE; 2026-10-08-02:10:42; 1791425442.929424; 1791425442.929420; 1; 307; 0; 0
EST TCP_QUEUE; 2026-10-08-02:10:42; 1791425442.976425; 1791425442.976422; 0; 0; 0; 0
EST TCP_QUEUE; 2026-10-08-02:10:43; 1791425443.030245; 1791425443.030243; 0; 0; 0; 0
EST TCP_QUEUE; 2026-10-08-02:10:43; 1791425443.078262; 1791425443.078259; 0; 0; 0; 0
EST TCP_QUEUE; 2026-10-08-02:10:43; 1791425443.120128; 1791425443.120125; 0; 0; 0; 0
EST TCP_QUEUE; 2026-10-08-02:10:43; 1791425443.177518; 1791425443.177516; 0; 0; 0; 0
EST TCP_QUEUE; 2026-10-08-02:10:43; 1791425443.234605; 1791425443.234601; 0; 0; 0; 0
EST TCP_QUEUE; 2026-10-08-02:10:43; 1791425443.285433; 1791425443.285430; 0; 0; 0; 0
EST TCP_QUEUE; 2026-10-08-02:10:43; 1791425443.336887; 1791425443.336884; 0; 0; 0; 0
EST TCP_QUEUE; 2026-10-08-02:10:43; 1791425443.404884; 1791425443.404879; 0; 0; 0; 0
EST TCP_QUEUE; 2026-10-08-02:10:43; 1791425443.451732; 1791425443.451726; 0; 0; 0; 0
EST TCP_QUEUE; 2026-10-08-02:10:43; 1791425443.528080; 1791425443.528075; 1; 725; 0; 0
EST TCP_QUEUE; 2026-10-08-02:10:43; 1791425443.585340; 1791425443.585337; 1; 543; 0; 0
EST TCP_QUEUE; 2026-10-08-02:10:43; 1791425443.638750; 1791425443.638744; 1; 543; 0; 0
EST TCP_QUEUE; 2026-10-08-02:10:43; 1791425443.690776; 1791425443.690772; 1; 0; 0; 0
EST TCP_QUEUE; 2026-10-08-02:10:43; 1791425443.739990; 1791425443.739985; 1; 583; 1; 2266
EST TCP_QUEUE; 2026-10-08-02:10:43; 1791425443.783912; 1791425443.783908; 1; 583; 1; 2266
EST TCP_QUEUE; 2026-10-08-02:10:43; 1791425443.891837; 1791425443.891835; 0; 0; 0; 0
EST TCP_QUEUE; 2026-10-08-02:10:43; 1791425443.948121; 1791425443.948119; 1; 2266; 0; 0
EST TCP_QUEUE; 2026-10-08-02:10:44; 1791425444.004649; 1791425444.004646; 1; 2266; 0; 0
EST TCP_QUEUE; 2026-10-08-02:10:44; 1791425444.074374; 1791425444.074370; 0; 0; 0; 0
EST TCP_QUEUE; 2026-10-08-02:10:44; 1791425444.124169; 1791425444.124166; 0; 0; 0; 0
EST TCP_QUEUE; 2026-10-08-02:10:44; 1791425444.165705; 1791425444.165702; 0; 0; 0; 0
EST TCP_QUEUE; 2026-10-08-02:10:44; 1791425444.223688; 1791425444.223686; 0; 0; 0; 0
EST TCP_QUEUE; 2026-10-08-02:10:44; 1791425444.277758; 1791425444.277754; 0; 0; 0; 0
EST TCP_QUEUE; 2026-10-08-02:10:44; 1791425444.332051; 1791425444.332048; 0; 0; 0; 0
EST TCP_QUEUE; 2026-10-08-02:10:44; 1791425444.409325; 1791425444.409322; 0; 0; 0; 0
EST TCP_QUEUE; 2026-10-08-02:10:44; 1791425444.469123; 1791425444.469120; 0; 0; 0; 0
EST TCP_QUEUE; 2026-10-08-02:10:44; 1791425444.510322; 1791425444.510319; 0; 0; 0; 0
EST TCP_QUEUE; 2026-10-08-02:10:44; 1791425444.580293; 1791425444.580289; 1; 697; 0; 0
EST TCP_QUEUE; 2026-10-08-02:10:44; 1791425444.636670; 1791425444.636667; 1; 648; 0; 0
EST TCP_QUEUE; 2026-10-08-02:10:44; 1791425444.687432; 1791425444.687428; 1; 648; 0; 0
EST TCP_QUEUE; 2026-10-08-02:10:44; 1791425444.741612; 1791425444.741609; 1; 648; 0; 0
EST TCP_QUEUE; 2026-10-08-02:10:44; 1791425444.796807; 1791425444.796804; 1; 620; 0; 0
EST TCP_QUEUE; 2026-10-08-02:10:44; 1791425444.840096; 1791425444.840093; 1; 620; 0; 0
EST TCP_QUEUE; 2026-10-08-02:10:44; 1791425444.897688; 1791425444.897686; 1; 0; 1; 0
EST TCP_QUEUE; 2026-10-08-02:10:44; 1791425444.954490; 1791425444.954487; 1; 0; 1; 0
EST TCP_QUEUE; 2026-10-08-02:10:45; 1791425445.006921; 1791425445.006918; 1; 0; 1; 0
EST TCP_QUEUE; 2026-10-08-02:10:45; 1791425445.061354; 1791425445.061352; 1; 0; 1; 0
EST TCP_QUEUE; 2026-10-08-02:10:45; 1791425445.107330; 1791425445.107328; 0; 0; 0; 0
EST TCP_QUEUE; 2026-10-08-02:10:45; 1791425445.152637; 1791425445.152633; 0; 0; 0; 0
EST TCP_QUEUE; 2026-10-08-02:10:45; 1791425445.212894; 1791425445.212891; 0; 0; 0; 0
EST TCP_QUEUE; 2026-10-08-02:10:45; 1791425445.266772; 1791425445.266756; 0; 0; 0; 0
EST TCP_QUEUE; 2026-10-08-02:10:45; 1791425445.321749; 1791425445.321746; 0; 0; 0; 0
EST TCP_QUEUE; 2026-10-08-02:10:45; 1791425445.401491; 1791425445.401486; 0; 0; 0; 0
EST TCP_QUEUE; 2026-10-08-02:10:45; 1791425445.461142; 1791425445.461139; 0; 0; 0; 0
EST TCP_QUEUE; 2026-10-08-02:10:45; 1791425445.502338; 1791425445.502334; 0; 0; 0; 0
EST TCP_QUEUE; 2026-10-08-02:10:45; 1791425445.559841; 1791425445.559838; 0; 0; 0; 0
EST TCP_QUEUE; 2026-10-08-02:10:45; 1791425445.616808; 1791425445.616806; 1; 1031; 0; 0
EST TCP_QUEUE; 2026-10-08-02:10:45; 1791425445.666856; 1791425445.666853; 1; 909; 0; 0
EST TCP_QUEUE; 2026-10-08-02:10:45; 1791425445.721207; 1791425445.721204; 1; 909; 0; 0
EST TCP_QUEUE; 2026-10-08-02:10:45; 1791425445.769422; 1791425445.769417; 0; 0; 0; 0
EST TCP_QUEUE; 2026-10-08-02:10:45; 1791425445.811623; 1791425445.811620; 1; 551; 0; 0
EST TCP_QUEUE; 2026-10-08-02:10:45; 1791425445.873335; 1791425445.873332; 1; 551; 0; 0
EST TCP_QUEUE; 2026-10-08-02:10:45; 1791425445.927389; 1791425445.927386; 1; 551; 0; 0
EST TCP_QUEUE; 2026-10-08-02:10:45; 1791425445.979969; 1791425445.979967; 0; 0; 0; 0
EST TCP_QUEUE; 2026-10-08-02:10:46; 1791425446.034137; 1791425446.034134; 1; 0; 0; 0
EST TCP_QUEUE; 2026-10-08-02:10:46; 1791425446.079980; 1791425446.079978; 1; 0; 0; 0
EST TCP_QUEUE; 2026-10-08-02:10:46; 1791425446.123724; 1791425446.123722; 1; 0; 1; 1936
EST TCP_QUEUE; 2026-10-08-02:10:46; 1791425446.183510; 1791425446.183507; 1; 0; 1; 1936
EST TCP_QUEUE; 2026-10-08-02:10:46; 1791425446.241460; 1791425446.241457; 1; 0; 1; 1936
EST TCP_QUEUE; 2026-10-08-02:10:46; 1791425446.291787; 1791425446.291784; 0; 0; 0; 0
EST TCP_QUEUE; 2026-10-08-02:10:46; 1791425446.421870; 1791425446.421859; 0; 0; 0; 0
EST TCP_QUEUE; 2026-10-08-02:10:46; 1791425446.467808; 1791425446.467806; 0; 0; 0; 0
EST TCP_QUEUE; 2026-10-08-02:10:46; 1791425446.540233; 1791425446.540230; 0; 0; 0; 0
EST TCP_QUEUE; 2026-10-08-02:10:46; 1791425446.598139; 1791425446.598137; 0; 0; 0; 0
EST TCP_QUEUE; 2026-10-08-02:10:46; 1791425446.655403; 1791425446.655399; 1; 891; 0; 0
EST TCP_QUEUE; 2026-10-08-02:10:46; 1791425446.708954; 1791425446.708951; 1; 472; 0; 0
EST TCP_QUEUE; 2026-10-08-02:10:46; 1791425446.761823; 1791425446.761820; 1; 472; 0; 0
EST TCP_QUEUE; 2026-10-08-02:10:46; 1791425446.809253; 1791425446.809250; 1; 472; 0; 0
EST TCP_QUEUE; 2026-10-08-02:10:46; 1791425446.863436; 1791425446.863425; 1; 472; 0; 0
EST TCP_QUEUE; 2026-10-08-02:10:46; 1791425446.923149; 1791425446.923140; 1; 2056; 0; 0
EST TCP_QUEUE; 2026-10-08-02:10:46; 1791425446.979144; 1791425446.979140; 0; 0; 0; 0
EST TCP_QUEUE; 2026-10-08-02:10:47; 1791425447.030847; 1791425447.030844; 0; 0; 0; 0
EST TCP_QUEUE; 2026-10-08-02:10:47; 1791425447.085852; 1791425447.085848; 1; 135; 0; 0
EST TCP_QUEUE; 2026-10-08-02:10:47; 1791425447.133587; 1791425447.133583; 1; 135; 0; 0
EST TCP_QUEUE; 2026-10-08-02:10:47; 1791425447.176969; 1791425447.176966; 1; 135; 0; 0
EST TCP_QUEUE; 2026-10-08-02:10:47; 1791425447.236673; 1791425447.236669; 1; 135; 0; 0
EST TCP_QUEUE; 2026-10-08-02:10:47; 1791425447.317778; 1791425447.317775; 0; 0; 0; 0
EST TCP_QUEUE; 2026-10-08-02:10:47; 1791425447.385869; 1791425447.385866; 0; 0; 0; 0
EST TCP_QUEUE; 2026-10-08-02:10:47; 1791425447.440360; 1791425447.440356; 0; 0; 0; 0
EST TCP_QUEUE; 2026-10-08-02:10:47; 1791425447.522761; 1791425447.522758; 0; 0; 0; 0
EST TCP_QUEUE; 2026-10-08-02:10:47; 1791425447.583778; 1791425447.583776; 1; 0; 1; 2188
EST TCP_QUEUE; 2026-10-08-02:10:47; 1791425447.651483; 1791425447.651479; 1; 0; 1; 2188
EST TCP_QUEUE; 2026-10-08-02:10:47; 1791425447.705986; 1791425447.705982; 1; 243; 0; 0
EST TCP_QUEUE; 2026-10-08-02:10:47; 1791425447.758576; 1791425447.758573; 1; 527; 0; 0
EST TCP_QUEUE; 2026-10-08-02:10:47; 1791425447.824303; 1791425447.824301; 1; 527; 0; 0
EST TCP_QUEUE; 2026-10-08-02:10:47; 1791425447.874035; 1791425447.874032; 1; 151; 1; 0
EST TCP_QUEUE; 2026-10-08-02:10:47; 1791425447.915997; 1791425447.915995; 1; 151; 1; 0
EST TCP_QUEUE; 2026-10-08-02:10:47; 1791425447.992959; 1791425447.992956; 1; 0; 1; 0
EST TCP_QUEUE; 2026-10-08-02:10:48; 1791425448.054989; 1791425448.054985; 1; 0; 1; 0
EST TCP_QUEUE; 2026-10-08-02:10:48; 1791425448.115706; 1791425448.115703; 1; 297; 1; 0
EST TCP_QUEUE; 2026-10-08-02:10:48; 1791425448.167500; 1791425448.167497; 1; 297; 1; 0
EST TCP_QUEUE; 2026-10-08-02:10:48; 1791425448.215580; 1791425448.215577; 1; 189; 1; 0
EST TCP_QUEUE; 2026-10-08-02:10:48; 1791425448.256533; 1791425448.256530; 1; 189; 1; 0
EST TCP_QUEUE; 2026-10-08-02:10:48; 1791425448.314397; 1791425448.314395; 1; 189; 1; 359
EST TCP_QUEUE; 2026-10-08-02:10:48; 1791425448.370791; 1791425448.370788; 1; 163; 1; 1554
EST TCP_QUEUE; 2026-10-08-02:10:48; 1791425448.431438; 1791425448.431435; 1; 163; 1; 1554
EST TCP_QUEUE; 2026-10-08-02:10:48; 1791425448.485600; 1791425448.485597; 1; 275; 1; 1441
EST TCP_QUEUE; 2026-10-08-02:10:48; 1791425448.529731; 1791425448.529727; 1; 275; 1; 1441
EST TCP_QUEUE; 2026-10-08-02:10:48; 1791425448.573068; 1791425448.573065; 1; 0; 1; 0
EST TCP_QUEUE; 2026-10-08-02:10:48; 1791425448.633391; 1791425448.633388; 1; 0; 1; 0
EST TCP_QUEUE; 2026-10-08-02:10:48; 1791425448.687114; 1791425448.687111; 1; 45; 1; 731
EST TCP_QUEUE; 2026-10-08-02:10:48; 1791425448.737726; 1791425448.737722; 1; 45; 1; 618
EST TCP_QUEUE; 2026-10-08-02:10:48; 1791425448.793859; 1791425448.793856; 1; 632; 1; 618
EST TCP_QUEUE; 2026-10-08-02:10:48; 1791425448.859141; 1791425448.859138; 1; 623; 1; 618
EST TCP_QUEUE; 2026-10-08-02:10:48; 1791425448.913328; 1791425448.913324; 1; 623; 1; 0
EST TCP_QUEUE; 2026-10-08-02:10:48; 1791425448.961246; 1791425448.961242; 1; 536; 1; 0
EST TCP_QUEUE; 2026-10-08-02:10:49; 1791425449.014839; 1791425449.014835; 1; 536; 1; 0
EST TCP_QUEUE; 2026-10-08-02:10:49; 1791425449.065067; 1791425449.065065; 1; 424; 1; 0
EST TCP_QUEUE; 2026-10-08-02:10:49; 1791425449.117788; 1791425449.117785; 1; 0; 1; 0
EST TCP_QUEUE; 2026-10-08-02:10:49; 1791425449.164992; 1791425449.164988; 1; 0; 1; 0
EST TCP_QUEUE; 2026-10-08-02:10:49; 1791425449.205542; 1791425449.205538; 1; 0; 1; 589
EST TCP_QUEUE; 2026-10-08-02:10:49; 1791425449.267126; 1791425449.267124; 1; 83; 1; 2164
EST TCP_QUEUE; 2026-10-08-02:10:49; 1791425449.323100; 1791425449.323098; 1; 83; 1; 2091
EST TCP_QUEUE; 2026-10-08-02:10:49; 1791425449.393549; 1791425449.393546; 1; 331; 1; 1838
EST TCP_QUEUE; 2026-10-08-02:10:49; 1791425449.449374; 1791425449.449372; 1; 331; 1; 897
EST TCP_QUEUE; 2026-10-08-02:10:49; 1791425449.497215; 1791425449.497213; 1; 583; 1; 897
EST TCP_QUEUE; 2026-10-08-02:10:49; 1791425449.539655; 1791425449.539652; 1; 438; 1; 0
EST TCP_QUEUE; 2026-10-08-02:10:49; 1791425449.599034; 1791425449.599031; 1; 425; 1; 0
EST TCP_QUEUE; 2026-10-08-02:10:49; 1791425449.665712; 1791425449.665707; 1; 252; 1; 0
EST TCP_QUEUE; 2026-10-08-02:10:49; 1791425449.717338; 1791425449.717335; 1; 157; 1; 1264
EST TCP_QUEUE; 2026-10-08-02:10:49; 1791425449.769493; 1791425449.769490; 1; 157; 1; 1264
EST TCP_QUEUE; 2026-10-08-02:10:49; 1791425449.816922; 1791425449.816919; 1; 157; 1; 1264
EST TCP_QUEUE; 2026-10-08-02:10:49; 1791425449.860793; 1791425449.860790; 1; 128; 1; 1264
EST TCP_QUEUE; 2026-10-08-02:10:49; 1791425449.925183; 1791425449.925180; 1; 128; 1; 1526
EST TCP_QUEUE; 2026-10-08-02:10:49; 1791425449.984542; 1791425449.984540; 1; 1088; 1; 2080
EST TCP_QUEUE; 2026-10-08-02:10:50; 1791425450.039055; 1791425450.039052; 1; 665; 1; 0
EST TCP_QUEUE; 2026-10-08-02:10:50; 1791425450.116743; 1791425450.116740; 1; 665; 1; 0
EST TCP_QUEUE; 2026-10-08-02:10:50; 1791425450.162552; 1791425450.162548; 1; 0; 1; 1054
EST TCP_QUEUE; 2026-10-08-02:10:50; 1791425450.204258; 1791425450.204255; 1; 0; 1; 1054
EST TCP_QUEUE; 2026-10-08-02:10:50; 1791425450.262085; 1791425450.262082; 1; 0; 1; 1054
EST TCP_QUEUE; 2026-10-08-02:10:50; 1791425450.319099; 1791425450.319096; 1; 877; 1; 2080
EST TCP_QUEUE; 2026-10-08-02:10:50; 1791425450.373085; 1791425450.373083; 1; 877; 1; 2080
EST TCP_QUEUE; 2026-10-08-02:10:50; 1791425450.425616; 1791425450.425612; 1; 877; 1; 2080
EST TCP_QUEUE; 2026-10-08-02:10:50; 1791425450.473397; 1791425450.473394; 0; 0; 0; 0
EST TCP_QUEUE; 2026-10-08-02:10:50; 1791425450.514715; 1791425450.514713; 0; 0; 0; 0
EST TCP_QUEUE; 2026-10-08-02:10:50; 1791425450.608338; 1791425450.608335; 0; 0; 0; 0
EST TCP_QUEUE; 2026-10-08-02:10:50; 1791425450.663694; 1791425450.663691; 1; 69; 1; 0
WAN 02:10:51.171519 IP (tos 0x0, ttl 62, id 14042, offset 0, flags [DF], proto TCP (6), length 60)
WAN     192.168.2.70.11840 > 160.79.104.10.443: Flags [S], cksum 0xc8b0 (correct), seq 2959377641, win 65280, options [mss 1280,sackOK,TS val 1933368626 ecr 0,nop,wscale 9], length 0
LAN 02:10:51.171249 IP (tos 0x0, ttl 63, id 14042, offset 0, flags [DF], proto TCP (6), length 60)
LAN     192.168.56.1.11840 > 160.79.104.10.443: Flags [S], cksum 0x92f5 (correct), seq 2959377641, win 65280, options [mss 1280,sackOK,TS val 1933368626 ecr 0,nop,wscale 9], length 0
WAN 02:10:51.201125 IP (tos 0x0, ttl 56, id 0, offset 0, flags [DF], proto TCP (6), length 60)
WAN     160.79.104.10.443 > 192.168.2.70.11840: Flags [S.], cksum 0x4712 (correct), seq 1310051755, ack 2959377642, win 65535, options [mss 1460,sackOK,TS val 3724838416 ecr 1933368626,nop,wscale 13], length 0
LAN 02:10:51.201449 IP (tos 0x0, ttl 55, id 0, offset 0, flags [DF], proto TCP (6), length 60)
LAN     160.79.104.10.443 > 192.168.56.1.11840: Flags [S.], cksum 0x1157 (correct), seq 1310051755, ack 2959377642, win 65535, options [mss 1460,sackOK,TS val 3724838416 ecr 1933368626,nop,wscale 13], length 0
EST TCP_QUEUE; 2026-10-08-02:10:50; 1791425450.714343; 1791425450.714340; 1; 69; 1; 0
EST TCP_QUEUE; 2026-10-08-02:10:50; 1791425450.768907; 1791425450.768905; 0; 0; 0; 0
EST TCP_QUEUE; 2026-10-08-02:10:50; 1791425450.817180; 1791425450.817174; 0; 0; 0; 0
EST TCP_QUEUE; 2026-10-08-02:10:50; 1791425450.857889; 1791425450.857886; 0; 0; 0; 0
EST TCP_QUEUE; 2026-10-08-02:10:50; 1791425450.917933; 1791425450.917930; 1; 236; 0; 0
EST TCP_QUEUE; 2026-10-08-02:10:50; 1791425450.976167; 1791425450.976163; 1; 236; 0; 0
EST TCP_QUEUE; 2026-10-08-02:10:51; 1791425451.028828; 1791425451.028699; 1; 236; 0; 0
EST TCP_QUEUE; 2026-10-08-02:10:51; 1791425451.081134; 1791425451.081131; 1; 567; 0; 0
EST TCP_QUEUE; 2026-10-08-02:10:51; 1791425451.134146; 1791425451.134141; 1; 567; 0; 0
EST TCP_QUEUE; 2026-10-08-02:10:51; 1791425451.176611; 1791425451.176608; 0; 0; 0; 0
EST TCP_QUEUE; 2026-10-08-02:10:51; 1791425451.234553; 1791425451.234550; 0; 0; 0; 0
EST TCP_QUEUE; 2026-10-08-02:10:51; 1791425451.297167; 1791425451.297164; 0; 0; 0; 0
EST TCP_QUEUE; 2026-10-08-02:10:51; 1791425451.348686; 1791425451.348683; 1; 477; 0; 0
EST TCP_QUEUE; 2026-10-08-02:10:51; 1791425451.401357; 1791425451.401355; 1; 477; 0; 0
EST TCP_QUEUE; 2026-10-08-02:10:51; 1791425451.452314; 1791425451.452298; 1; 477; 0; 0
EST TCP_QUEUE; 2026-10-08-02:10:51; 1791425451.497951; 1791425451.497944; 0; 0; 0; 0
EST TCP_QUEUE; 2026-10-08-02:10:51; 1791425451.553501; 1791425451.553497; 0; 0; 0; 0
EST TCP_QUEUE; 2026-10-08-02:10:51; 1791425451.616664; 1791425451.616661; 0; 0; 0; 0
EST TCP_QUEUE; 2026-10-08-02:10:51; 1791425451.686829; 1791425451.686823; 0; 0; 0; 0
EST TCP_QUEUE; 2026-10-08-02:10:51; 1791425451.741243; 1791425451.741240; 0; 0; 0; 0
EST TCP_QUEUE; 2026-10-08-02:10:51; 1791425451.787492; 1791425451.787487; 0; 0; 0; 0
EST TCP_QUEUE; 2026-10-08-02:10:51; 1791425451.833136; 1791425451.833131; 0; 0; 0; 0
EST TCP_QUEUE; 2026-10-08-02:10:51; 1791425451.925015; 1791425451.925012; 0; 0; 0; 0
EST TCP_QUEUE; 2026-10-08-02:10:51; 1791425451.985127; 1791425451.985124; 1; 679; 0; 0
EST TCP_QUEUE; 2026-10-08-02:10:52; 1791425452.037357; 1791425452.037353; 1; 679; 0; 0
EST TCP_QUEUE; 2026-10-08-02:10:52; 1791425452.092047; 1791425452.092044; 0; 0; 0; 0
EST TCP_QUEUE; 2026-10-08-02:10:52; 1791425452.139908; 1791425452.139906; 1; 813; 0; 0
EST TCP_QUEUE; 2026-10-08-02:10:52; 1791425452.181151; 1791425452.181149; 1; 813; 0; 0
EST TCP_QUEUE; 2026-10-08-02:10:52; 1791425452.239075; 1791425452.239073; 1; 813; 0; 0
EST TCP_QUEUE; 2026-10-08-02:10:52; 1791425452.295493; 1791425452.295490; 0; 0; 0; 0
EST TCP_QUEUE; 2026-10-08-02:10:52; 1791425452.346042; 1791425452.346038; 0; 0; 0; 0
EST TCP_QUEUE; 2026-10-08-02:10:52; 1791425452.404289; 1791425452.404285; 0; 0; 0; 0
EST TCP_QUEUE; 2026-10-08-02:10:52; 1791425452.451804; 1791425452.451801; 1; 194; 0; 0
EST TCP_QUEUE; 2026-10-08-02:10:52; 1791425452.493449; 1791425452.493446; 1; 194; 0; 0
EST TCP_QUEUE; 2026-10-08-02:10:52; 1791425452.574140; 1791425452.574138; 0; 0; 0; 0
EST TCP_QUEUE; 2026-10-08-02:10:52; 1791425452.631911; 1791425452.631908; 0; 0; 0; 0
EST TCP_QUEUE; 2026-10-08-02:10:52; 1791425452.715615; 1791425452.715609; 0; 0; 0; 0
EST TCP_QUEUE; 2026-10-08-02:10:52; 1791425452.767735; 1791425452.767733; 0; 0; 0; 0
EST TCP_QUEUE; 2026-10-08-02:10:52; 1791425452.815600; 1791425452.815529; 0; 0; 0; 0
EST TCP_QUEUE; 2026-10-08-02:10:52; 1791425452.858247; 1791425452.858243; 0; 0; 0; 0
EST TCP_QUEUE; 2026-10-08-02:10:52; 1791425452.919685; 1791425452.919682; 0; 0; 0; 0
EST TCP_QUEUE; 2026-10-08-02:10:52; 1791425452.988151; 1791425452.988147; 0; 0; 0; 0
EST TCP_QUEUE; 2026-10-08-02:10:53; 1791425453.044126; 1791425453.044121; 1; 811; 0; 0
EST TCP_QUEUE; 2026-10-08-02:10:53; 1791425453.097697; 1791425453.097694; 1; 811; 0; 0
EST TCP_QUEUE; 2026-10-08-02:10:53; 1791425453.148910; 1791425453.148906; 1; 811; 0; 0
EST TCP_QUEUE; 2026-10-08-02:10:53; 1791425453.192489; 1791425453.192485; 1; 1119; 0; 0
EST TCP_QUEUE; 2026-10-08-02:10:53; 1791425453.254235; 1791425453.254232; 1; 1119; 0; 0
EST TCP_QUEUE; 2026-10-08-02:10:53; 1791425453.308218; 1791425453.308215; 1; 1119; 0; 0
EST TCP_QUEUE; 2026-10-08-02:10:53; 1791425453.361151; 1791425453.361148; 1; 1119; 0; 0
EST TCP_QUEUE; 2026-10-08-02:10:53; 1791425453.420981; 1791425453.420978; 0; 0; 0; 0
EST TCP_QUEUE; 2026-10-08-02:10:53; 1791425453.466778; 1791425453.466775; 0; 0; 0; 0
EST TCP_QUEUE; 2026-10-08-02:10:53; 1791425453.510329; 1791425453.510327; 1; 88; 0; 0
EST TCP_QUEUE; 2026-10-08-02:10:53; 1791425453.568518; 1791425453.568515; 1; 88; 0; 0
EST TCP_QUEUE; 2026-10-08-02:10:53; 1791425453.624953; 1791425453.624951; 1; 88; 0; 0
EST TCP_QUEUE; 2026-10-08-02:10:53; 1791425453.701144; 1791425453.701138; 0; 0; 0; 0
EST TCP_QUEUE; 2026-10-08-02:10:53; 1791425453.754228; 1791425453.754225; 0; 0; 0; 0
EST TCP_QUEUE; 2026-10-08-02:10:53; 1791425453.798928; 1791425453.798925; 0; 0; 0; 0
EST TCP_QUEUE; 2026-10-08-02:10:53; 1791425453.844619; 1791425453.844617; 0; 0; 0; 0
EST TCP_QUEUE; 2026-10-08-02:10:53; 1791425453.902391; 1791425453.902388; 0; 0; 0; 0
EST TCP_QUEUE; 2026-10-08-02:10:53; 1791425453.960303; 1791425453.960299; 0; 0; 0; 0
EST TCP_QUEUE; 2026-10-08-02:10:54; 1791425454.017412; 1791425454.017407; 0; 0; 0; 0
EST TCP_QUEUE; 2026-10-08-02:10:54; 1791425454.067779; 1791425454.067776; 1; 112; 0; 0
EST TCP_QUEUE; 2026-10-08-02:10:54; 1791425454.113532; 1791425454.113529; 1; 112; 0; 0
EST TCP_QUEUE; 2026-10-08-02:10:54; 1791425454.170653; 1791425454.170650; 0; 0; 0; 0
EST TCP_QUEUE; 2026-10-08-02:10:54; 1791425454.234044; 1791425454.234041; 1; 1034; 0; 0
EST TCP_QUEUE; 2026-10-08-02:10:54; 1791425454.302466; 1791425454.302463; 1; 1034; 0; 0
EST TCP_QUEUE; 2026-10-08-02:10:54; 1791425454.354715; 1791425454.354712; 1; 1034; 0; 0
EST TCP_QUEUE; 2026-10-08-02:10:54; 1791425454.406991; 1791425454.406988; 0; 0; 0; 0
EST TCP_QUEUE; 2026-10-08-02:10:54; 1791425454.468161; 1791425454.468158; 0; 0; 0; 0
EST TCP_QUEUE; 2026-10-08-02:10:54; 1791425454.519490; 1791425454.519487; 0; 0; 0; 0
EST TCP_QUEUE; 2026-10-08-02:10:54; 1791425454.581003; 1791425454.581000; 1; 405; 0; 0
EST TCP_QUEUE; 2026-10-08-02:10:54; 1791425454.637964; 1791425454.637961; 1; 405; 0; 0
EST TCP_QUEUE; 2026-10-08-02:10:54; 1791425454.691454; 1791425454.691450; 0; 0; 0; 0
EST TCP_QUEUE; 2026-10-08-02:10:54; 1791425454.756684; 1791425454.756681; 1; 550; 1; 0
EST TCP_QUEUE; 2026-10-08-02:10:54; 1791425454.802198; 1791425454.802196; 1; 122; 1; 0
EST TCP_QUEUE; 2026-10-08-02:10:54; 1791425454.845015; 1791425454.845010; 1; 122; 1; 0
EST TCP_QUEUE; 2026-10-08-02:10:54; 1791425454.907340; 1791425454.907337; 1; 122; 1; 0
EST TCP_QUEUE; 2026-10-08-02:10:54; 1791425454.961643; 1791425454.961641; 1; 122; 1; 0
EST TCP_QUEUE; 2026-10-08-02:10:55; 1791425455.013484; 1791425455.013481; 1; 950; 0; 0
EST TCP_QUEUE; 2026-10-08-02:10:55; 1791425455.067838; 1791425455.067836; 0; 0; 0; 0
EST TCP_QUEUE; 2026-10-08-02:10:55; 1791425455.116673; 1791425455.116669; 1; 172; 0; 0
EST TCP_QUEUE; 2026-10-08-02:10:55; 1791425455.159572; 1791425455.159569; 1; 172; 0; 0
EST TCP_QUEUE; 2026-10-08-02:10:55; 1791425455.220422; 1791425455.220418; 1; 1004; 1; 0
EST TCP_QUEUE; 2026-10-08-02:10:55; 1791425455.273316; 1791425455.273313; 1; 381; 1; 0
EST TCP_QUEUE; 2026-10-08-02:10:55; 1791425455.322594; 1791425455.322592; 1; 381; 1; 0
EST TCP_QUEUE; 2026-10-08-02:10:55; 1791425455.378480; 1791425455.378476; 1; 671; 1; 0
EST TCP_QUEUE; 2026-10-08-02:10:55; 1791425455.446027; 1791425455.446024; 1; 671; 1; 0
EST TCP_QUEUE; 2026-10-08-02:10:55; 1791425455.487844; 1791425455.487841; 1; 839; 1; 504
EST TCP_QUEUE; 2026-10-08-02:10:55; 1791425455.546946; 1791425455.546943; 1; 837; 1; 0
EST TCP_QUEUE; 2026-10-08-02:10:55; 1791425455.603000; 1791425455.602998; 1; 272; 1; 0
EST TCP_QUEUE; 2026-10-08-02:10:55; 1791425455.653648; 1791425455.653645; 1; 0; 1; 0
EST TCP_QUEUE; 2026-10-08-02:10:55; 1791425455.708408; 1791425455.708405; 1; 0; 1; 1804
EST TCP_QUEUE; 2026-10-08-02:10:55; 1791425455.755007; 1791425455.755003; 1; 0; 1; 1252
EST TCP_QUEUE; 2026-10-08-02:10:55; 1791425455.799770; 1791425455.799767; 1; 258; 1; 110
EST TCP_QUEUE; 2026-10-08-02:10:55; 1791425455.855871; 1791425455.855868; 1; 258; 1; 110
EST TCP_QUEUE; 2026-10-08-02:10:55; 1791425455.919179; 1791425455.919176; 1; 270; 1; 0
EST TCP_QUEUE; 2026-10-08-02:10:55; 1791425455.969542; 1791425455.969539; 1; 222; 1; 938
EST TCP_QUEUE; 2026-10-08-02:10:56; 1791425456.023954; 1791425456.023951; 1; 0; 1; 938
EST TCP_QUEUE; 2026-10-08-02:10:56; 1791425456.074236; 1791425456.074233; 1; 161; 1; 2020
EST TCP_QUEUE; 2026-10-08-02:10:56; 1791425456.118250; 1791425456.118247; 1; 161; 1; 2020
EST TCP_QUEUE; 2026-10-08-02:10:56; 1791425456.177031; 1791425456.177029; 1; 210; 1; 465
EST TCP_QUEUE; 2026-10-08-02:10:56; 1791425456.232298; 1791425456.232278; 1; 210; 1; 465
EST TCP_QUEUE; 2026-10-08-02:10:56; 1791425456.286058; 1791425456.286055; 1; 10; 1; 1566
EST TCP_QUEUE; 2026-10-08-02:10:56; 1791425456.345889; 1791425456.345886; 1; 10; 1; 1566
EST TCP_QUEUE; 2026-10-08-02:10:56; 1791425456.391903; 1791425456.391900; 1; 444; 1; 852
EST TCP_QUEUE; 2026-10-08-02:10:56; 1791425456.433294; 1791425456.433291; 1; 444; 1; 852
EST TCP_QUEUE; 2026-10-08-02:10:56; 1791425456.489351; 1791425456.489348; 1; 444; 1; 1305
EST TCP_QUEUE; 2026-10-08-02:10:56; 1791425456.545847; 1791425456.545844; 1; 23; 1; 1305
EST TCP_QUEUE; 2026-10-08-02:10:56; 1791425456.598986; 1791425456.598982; 1; 23; 1; 1612
EST TCP_QUEUE; 2026-10-08-02:10:56; 1791425456.650655; 1791425456.650652; 1; 23; 1; 0
EST TCP_QUEUE; 2026-10-08-02:10:56; 1791425456.698591; 1791425456.698588; 1; 373; 1; 0
EST TCP_QUEUE; 2026-10-08-02:10:56; 1791425456.743993; 1791425456.743991; 1; 373; 1; 0
EST TCP_QUEUE; 2026-10-08-02:10:56; 1791425456.803678; 1791425456.803675; 1; 232; 1; 1748
EST TCP_QUEUE; 2026-10-08-02:10:56; 1791425456.858491; 1791425456.858488; 1; 232; 1; 695
EST TCP_QUEUE; 2026-10-08-02:10:56; 1791425456.912568; 1791425456.912566; 1; 798; 1; 0
EST TCP_QUEUE; 2026-10-08-02:10:56; 1791425456.965631; 1791425456.965628; 1; 409; 1; 0
EST TCP_QUEUE; 2026-10-08-02:10:57; 1791425457.013039; 1791425457.013035; 1; 409; 1; 0
EST TCP_QUEUE; 2026-10-08-02:10:57; 1791425457.054649; 1791425457.054646; 1; 409; 1; 0
EST TCP_QUEUE; 2026-10-08-02:10:57; 1791425457.114667; 1791425457.114663; 1; 608; 1; 1748
EST TCP_QUEUE; 2026-10-08-02:10:57; 1791425457.172484; 1791425457.172480; 1; 541; 1; 1610
EST TCP_QUEUE; 2026-10-08-02:10:57; 1791425457.223093; 1791425457.223089; 1; 541; 1; 660
EST TCP_QUEUE; 2026-10-08-02:10:57; 1791425457.281385; 1791425457.281381; 1; 923; 1; 660
EST TCP_QUEUE; 2026-10-08-02:10:57; 1791425457.326505; 1791425457.326503; 1; 495; 1; 660
EST TCP_QUEUE; 2026-10-08-02:10:57; 1791425457.374065; 1791425457.374063; 1; 495; 1; 0
EST TCP_QUEUE; 2026-10-08-02:10:57; 1791425457.434514; 1791425457.434510; 1; 495; 1; 0
EST TCP_QUEUE; 2026-10-08-02:10:57; 1791425457.495815; 1791425457.495812; 1; 670; 1; 0
EST TCP_QUEUE; 2026-10-08-02:10:57; 1791425457.546378; 1791425457.546375; 1; 670; 1; 0
EST TCP_QUEUE; 2026-10-08-02:10:57; 1791425457.600466; 1791425457.600463; 1; 791; 1; 1530
EST TCP_QUEUE; 2026-10-08-02:10:57; 1791425457.648577; 1791425457.648574; 1; 0; 1; 0
EST TCP_QUEUE; 2026-10-08-02:10:57; 1791425457.711579; 1791425457.711576; 1; 0; 1; 0
EST TCP_QUEUE; 2026-10-08-02:10:57; 1791425457.782948; 1791425457.782944; 1; 307; 1; 1196
EST TCP_QUEUE; 2026-10-08-02:10:57; 1791425457.848859; 1791425457.848856; 1; 0; 1; 1196
EST TCP_QUEUE; 2026-10-08-02:10:57; 1791425457.899166; 1791425457.899163; 1; 0; 1; 348
EST TCP_QUEUE; 2026-10-08-02:10:57; 1791425457.956747; 1791425457.956743; 1; 0; 1; 348
EST TCP_QUEUE; 2026-10-08-02:10:58; 1791425458.002181; 1791425458.002178; 1; 268; 1; 0
EST TCP_QUEUE; 2026-10-08-02:10:58; 1791425458.045433; 1791425458.045430; 1; 268; 1; 0
EST TCP_QUEUE; 2026-10-08-02:10:58; 1791425458.126457; 1791425458.126454; 1; 0; 1; 0
EST TCP_QUEUE; 2026-10-08-02:10:58; 1791425458.188861; 1791425458.188859; 1; 0; 1; 0
EST TCP_QUEUE; 2026-10-08-02:10:58; 1791425458.243048; 1791425458.243045; 1; 0; 1; 0
EST TCP_QUEUE; 2026-10-08-02:10:58; 1791425458.297294; 1791425458.297292; 1; 0; 1; 0
EST TCP_QUEUE; 2026-10-08-02:10:58; 1791425458.343751; 1791425458.343748; 1; 0; 1; 0
EST TCP_QUEUE; 2026-10-08-02:10:58; 1791425458.386813; 1791425458.386810; 1; 0; 1; 1051
EST TCP_QUEUE; 2026-10-08-02:10:58; 1791425458.444610; 1791425458.444606; 1; 0; 1; 1051
EST TCP_QUEUE; 2026-10-08-02:10:58; 1791425458.498695; 1791425458.498693; 1; 0; 1; 1051
EST TCP_QUEUE; 2026-10-08-02:10:58; 1791425458.549500; 1791425458.549498; 1; 0; 1; 0
EST TCP_QUEUE; 2026-10-08-02:10:58; 1791425458.604256; 1791425458.604254; 1; 0; 1; 0
EST TCP_QUEUE; 2026-10-08-02:10:58; 1791425458.651854; 1791425458.651852; 1; 0; 1; 0
EST TCP_QUEUE; 2026-10-08-02:10:58; 1791425458.693352; 1791425458.693349; 1; 0; 1; 246
EST TCP_QUEUE; 2026-10-08-02:10:58; 1791425458.752069; 1791425458.752064; 1; 0; 1; 190
EST TCP_QUEUE; 2026-10-08-02:10:58; 1791425458.805504; 1791425458.805501; 1; 0; 1; 190
EST TCP_QUEUE; 2026-10-08-02:10:58; 1791425458.856471; 1791425458.856467; 1; 0; 1; 0
EST TCP_QUEUE; 2026-10-08-02:10:58; 1791425458.910670; 1791425458.910667; 1; 486; 1; 0
EST TCP_QUEUE; 2026-10-08-02:10:58; 1791425458.956817; 1791425458.956813; 1; 486; 1; 0
EST TCP_QUEUE; 2026-10-08-02:10:59; 1791425459.007849; 1791425459.007845; 1; 486; 1; 0
EST TCP_QUEUE; 2026-10-08-02:10:59; 1791425459.100740; 1791425459.100736; 1; 719; 1; 1177
EST TCP_QUEUE; 2026-10-08-02:10:59; 1791425459.154740; 1791425459.154736; 1; 719; 1; 1177
EST TCP_QUEUE; 2026-10-08-02:10:59; 1791425459.204298; 1791425459.204294; 1; 516; 1; 0
EST TCP_QUEUE; 2026-10-08-02:10:59; 1791425459.258130; 1791425459.258126; 1; 435; 1; 0
EST TCP_QUEUE; 2026-10-08-02:10:59; 1791425459.306899; 1791425459.306895; 1; 435; 1; 0
EST TCP_QUEUE; 2026-10-08-02:10:59; 1791425459.347804; 1791425459.347800; 1; 435; 1; 0
EST TCP_QUEUE; 2026-10-08-02:10:59; 1791425459.404947; 1791425459.404944; 1; 742; 1; 1445
EST TCP_QUEUE; 2026-10-08-02:10:59; 1791425459.463258; 1791425459.463255; 1; 742; 1; 1445
EST TCP_QUEUE; 2026-10-08-02:10:59; 1791425459.513461; 1791425459.513458; 1; 828; 1; 1872
EST TCP_QUEUE; 2026-10-08-02:10:59; 1791425459.570074; 1791425459.570072; 1; 563; 0; 0
EST TCP_QUEUE; 2026-10-08-02:10:59; 1791425459.616648; 1791425459.616644; 1; 563; 0; 0
EST TCP_QUEUE; 2026-10-08-02:10:59; 1791425459.661411; 1791425459.661409; 1; 563; 0; 0
WAN 02:11:00.129040 IP (tos 0x0, ttl 62, id 32663, offset 0, flags [DF], proto TCP (6), length 60)
WAN     192.168.2.70.11872 > 160.79.104.10.443: Flags [S], cksum 0xae2f (correct), seq 746693037, win 65280, options [mss 1280,sackOK,TS val 2958565783 ecr 0,nop,wscale 9], length 0
WAN 02:11:00.159129 IP (tos 0x0, ttl 56, id 0, offset 0, flags [DF], proto TCP (6), length 60)
WAN     160.79.104.10.443 > 192.168.2.70.11872: Flags [S.], cksum 0x05c2 (correct), seq 732510924, ack 746693038, win 65535, options [mss 1460,sackOK,TS val 2790169057 ecr 2958565783,nop,wscale 13], length 0
LAN 02:11:00.128717 IP (tos 0x0, ttl 63, id 32663, offset 0, flags [DF], proto TCP (6), length 60)
LAN     192.168.56.1.11872 > 160.79.104.10.443: Flags [S], cksum 0x7874 (correct), seq 746693037, win 65280, options [mss 1280,sackOK,TS val 2958565783 ecr 0,nop,wscale 9], length 0
LAN 02:11:00.159442 IP (tos 0x0, ttl 55, id 0, offset 0, flags [DF], proto TCP (6), length 60)
LAN     160.79.104.10.443 > 192.168.56.1.11872: Flags [S.], cksum 0xd006 (correct), seq 732510924, ack 746693038, win 65535, options [mss 1460,sackOK,TS val 2790169057 ecr 2958565783,nop,wscale 13], length 0
EST TCP_QUEUE; 2026-10-08-02:10:59; 1791425459.721031; 1791425459.721028; 0; 0; 0; 0
EST TCP_QUEUE; 2026-10-08-02:10:59; 1791425459.775180; 1791425459.775177; 1; 0; 1; 0
EST TCP_QUEUE; 2026-10-08-02:10:59; 1791425459.827692; 1791425459.827689; 1; 0; 1; 0
EST TCP_QUEUE; 2026-10-08-02:10:59; 1791425459.880056; 1791425459.880053; 1; 0; 1; 0
EST TCP_QUEUE; 2026-10-08-02:10:59; 1791425459.928053; 1791425459.928051; 1; 0; 1; 0
EST TCP_QUEUE; 2026-10-08-02:10:59; 1791425459.969723; 1791425459.969720; 1; 0; 0; 0
EST TCP_QUEUE; 2026-10-08-02:11:00; 1791425460.036601; 1791425460.036598; 1; 0; 0; 0
EST TCP_QUEUE; 2026-10-08-02:11:00; 1791425460.087652; 1791425460.087649; 0; 0; 0; 0
EST TCP_QUEUE; 2026-10-08-02:11:00; 1791425460.142157; 1791425460.142155; 0; 0; 0; 0
EST TCP_QUEUE; 2026-10-08-02:11:00; 1791425460.196826; 1791425460.196823; 0; 0; 0; 0
EST TCP_QUEUE; 2026-10-08-02:11:00; 1791425460.246185; 1791425460.246182; 0; 0; 0; 0
EST TCP_QUEUE; 2026-10-08-02:11:00; 1791425460.293061; 1791425460.293058; 1; 466; 0; 0
EST TCP_QUEUE; 2026-10-08-02:11:00; 1791425460.359439; 1791425460.359436; 1; 466; 0; 0
EST TCP_QUEUE; 2026-10-08-02:11:00; 1791425460.416137; 1791425460.416134; 1; 483; 0; 0
EST TCP_QUEUE; 2026-10-08-02:11:00; 1791425460.465243; 1791425460.465241; 1; 483; 0; 0
EST TCP_QUEUE; 2026-10-08-02:11:00; 1791425460.517801; 1791425460.517797; 1; 0; 0; 0
EST TCP_QUEUE; 2026-10-08-02:11:00; 1791425460.563790; 1791425460.563787; 1; 476; 0; 0
EST TCP_QUEUE; 2026-10-08-02:11:00; 1791425460.611510; 1791425460.611507; 1; 476; 0; 0
EST TCP_QUEUE; 2026-10-08-02:11:00; 1791425460.667480; 1791425460.667476; 0; 0; 0; 0
EST TCP_QUEUE; 2026-10-08-02:11:00; 1791425460.725177; 1791425460.725174; 0; 0; 0; 0
EST TCP_QUEUE; 2026-10-08-02:11:00; 1791425460.821423; 1791425460.821420; 0; 0; 0; 0
EST TCP_QUEUE; 2026-10-08-02:11:00; 1791425460.876783; 1791425460.876779; 1; 0; 0; 0
EST TCP_QUEUE; 2026-10-08-02:11:00; 1791425460.922512; 1791425460.922509; 1; 0; 0; 0
EST TCP_QUEUE; 2026-10-08-02:11:00; 1791425460.973784; 1791425460.973781; 1; 0; 0; 0
EST TCP_QUEUE; 2026-10-08-02:11:01; 1791425461.143238; 1791425461.143228; 0; 0; 0; 0
EST TCP_QUEUE; 2026-10-08-02:11:01; 1791425461.722011; 1791425461.722006; 1; 847; 0; 0
EST TCP_QUEUE; 2026-10-08-02:11:01; 1791425461.786671; 1791425461.786668; 0; 0; 0; 0
EST TCP_QUEUE; 2026-10-08-02:11:01; 1791425461.848274; 1791425461.848271; 0; 0; 0; 0
EST TCP_QUEUE; 2026-10-08-02:11:01; 1791425461.902687; 1791425461.902684; 0; 0; 0; 0
EST TCP_QUEUE; 2026-10-08-02:11:01; 1791425461.954943; 1791425461.954939; 0; 0; 0; 0
EST TCP_QUEUE; 2026-10-08-02:11:02; 1791425462.008141; 1791425462.008138; 0; 0; 0; 0
EST TCP_QUEUE; 2026-10-08-02:11:02; 1791425462.055734; 1791425462.055731; 1; 232; 0; 0
EST TCP_QUEUE; 2026-10-08-02:11:02; 1791425462.111304; 1791425462.111300; 1; 232; 0; 0
EST TCP_QUEUE; 2026-10-08-02:11:02; 1791425462.169127; 1791425462.169123; 1; 486; 0; 0
EST TCP_QUEUE; 2026-10-08-02:11:02; 1791425462.224562; 1791425462.224559; 1; 486; 0; 0
EST TCP_QUEUE; 2026-10-08-02:11:02; 1791425462.273965; 1791425462.273962; 1; 1917; 0; 0
EST TCP_QUEUE; 2026-10-08-02:11:02; 1791425462.330024; 1791425462.330021; 1; 1917; 0; 0
EST TCP_QUEUE; 2026-10-08-02:11:02; 1791425462.381491; 1791425462.381485; 0; 0; 0; 0
EST TCP_QUEUE; 2026-10-08-02:11:02; 1791425462.426522; 1791425462.426520; 1; 502; 0; 0
EST TCP_QUEUE; 2026-10-08-02:11:02; 1791425462.484319; 1791425462.484316; 1; 222; 0; 0
EST TCP_QUEUE; 2026-10-08-02:11:02; 1791425462.538455; 1791425462.538452; 1; 222; 0; 0
EST TCP_QUEUE; 2026-10-08-02:11:02; 1791425462.625880; 1791425462.625877; 1; 222; 0; 0
EST TCP_QUEUE; 2026-10-08-02:11:02; 1791425462.680455; 1791425462.680453; 1; 887; 0; 0
EST TCP_QUEUE; 2026-10-08-02:11:02; 1791425462.728132; 1791425462.728130; 1; 887; 0; 0
EST TCP_QUEUE; 2026-10-08-02:11:02; 1791425462.769959; 1791425462.769956; 0; 0; 0; 0
EST TCP_QUEUE; 2026-10-08-02:11:02; 1791425462.840980; 1791425462.840977; 0; 0; 0; 0
EST TCP_QUEUE; 2026-10-08-02:11:02; 1791425462.910736; 1791425462.910733; 0; 0; 0; 0
EST TCP_QUEUE; 2026-10-08-02:11:02; 1791425462.962000; 1791425462.961997; 0; 0; 0; 0
EST TCP_QUEUE; 2026-10-08-02:11:03; 1791425463.013996; 1791425463.013993; 1; 610; 1; 0
EST TCP_QUEUE; 2026-10-08-02:11:03; 1791425463.062495; 1791425463.062492; 1; 610; 1; 0
EST TCP_QUEUE; 2026-10-08-02:11:03; 1791425463.110404; 1791425463.110401; 1; 0; 1; 0
EST TCP_QUEUE; 2026-10-08-02:11:03; 1791425463.168740; 1791425463.168735; 1; 0; 1; 0
EST TCP_QUEUE; 2026-10-08-02:11:03; 1791425463.224870; 1791425463.224868; 1; 0; 1; 0
EST TCP_QUEUE; 2026-10-08-02:11:03; 1791425463.275157; 1791425463.275154; 1; 722; 1; 0
EST TCP_QUEUE; 2026-10-08-02:11:03; 1791425463.330084; 1791425463.330080; 1; 405; 1; 0
EST TCP_QUEUE; 2026-10-08-02:11:03; 1791425463.377503; 1791425463.377500; 1; 405; 1; 0
EST TCP_QUEUE; 2026-10-08-02:11:03; 1791425463.427286; 1791425463.427283; 1; 0; 1; 0
EST TCP_QUEUE; 2026-10-08-02:11:03; 1791425463.482225; 1791425463.482222; 1; 0; 1; 0
EST TCP_QUEUE; 2026-10-08-02:11:03; 1791425463.538377; 1791425463.538374; 1; 0; 1; 0
EST TCP_QUEUE; 2026-10-08-02:11:03; 1791425463.590967; 1791425463.590964; 1; 264; 1; 2170
EST TCP_QUEUE; 2026-10-08-02:11:03; 1791425463.643321; 1791425463.643319; 1; 0; 1; 918
EST TCP_QUEUE; 2026-10-08-02:11:03; 1791425463.691602; 1791425463.691599; 1; 0; 1; 551
EST TCP_QUEUE; 2026-10-08-02:11:03; 1791425463.734719; 1791425463.734716; 1; 0; 1; 551
EST TCP_QUEUE; 2026-10-08-02:11:03; 1791425463.792839; 1791425463.792835; 1; 447; 1; 521
EST TCP_QUEUE; 2026-10-08-02:11:03; 1791425463.858685; 1791425463.858681; 1; 0; 1; 521
EST TCP_QUEUE; 2026-10-08-02:11:03; 1791425463.913237; 1791425463.913232; 1; 0; 1; 0
EST TCP_QUEUE; 2026-10-08-02:11:03; 1791425463.969204; 1791425463.969201; 1; 282; 1; 0
EST TCP_QUEUE; 2026-10-08-02:11:04; 1791425464.015274; 1791425464.015271; 1; 166; 1; 0
EST TCP_QUEUE; 2026-10-08-02:11:04; 1791425464.056635; 1791425464.056632; 1; 166; 1; 0
EST TCP_QUEUE; 2026-10-08-02:11:04; 1791425464.115486; 1791425464.115483; 1; 166; 1; 0
EST TCP_QUEUE; 2026-10-08-02:11:04; 1791425464.175010; 1791425464.175007; 1; 41; 1; 905
EST TCP_QUEUE; 2026-10-08-02:11:04; 1791425464.224826; 1791425464.224823; 1; 41; 1; 905
EST TCP_QUEUE; 2026-10-08-02:11:04; 1791425464.278343; 1791425464.278341; 1; 490; 1; 391
EST TCP_QUEUE; 2026-10-08-02:11:04; 1791425464.326172; 1791425464.326170; 1; 30; 1; 391
EST TCP_QUEUE; 2026-10-08-02:11:04; 1791425464.373624; 1791425464.373621; 1; 30; 1; 1496
EST TCP_QUEUE; 2026-10-08-02:11:04; 1791425464.431127; 1791425464.431124; 1; 30; 1; 1496
EST TCP_QUEUE; 2026-10-08-02:11:04; 1791425464.485729; 1791425464.485726; 1; 206; 1; 467
EST TCP_QUEUE; 2026-10-08-02:11:04; 1791425464.536798; 1791425464.536490; 1; 0; 1; 467
EST TCP_QUEUE; 2026-10-08-02:11:04; 1791425464.590702; 1791425464.590699; 1; 0; 1; 63
EST TCP_QUEUE; 2026-10-08-02:11:04; 1791425464.636670; 1791425464.636668; 1; 0; 1; 60
EST TCP_QUEUE; 2026-10-08-02:11:04; 1791425464.681637; 1791425464.681634; 1; 0; 1; 0
EST TCP_QUEUE; 2026-10-08-02:11:04; 1791425464.739562; 1791425464.739559; 1; 0; 1; 0
EST TCP_QUEUE; 2026-10-08-02:11:04; 1791425464.794158; 1791425464.794156; 1; 13; 1; 1353
EST TCP_QUEUE; 2026-10-08-02:11:04; 1791425464.844609; 1791425464.844607; 1; 13; 1; 0
EST TCP_QUEUE; 2026-10-08-02:11:04; 1791425464.898769; 1791425464.898766; 1; 122; 1; 0
EST TCP_QUEUE; 2026-10-08-02:11:04; 1791425464.944892; 1791425464.944890; 1; 122; 1; 0
EST TCP_QUEUE; 2026-10-08-02:11:04; 1791425464.986434; 1791425464.986432; 1; 65; 1; 0
EST TCP_QUEUE; 2026-10-08-02:11:05; 1791425465.044595; 1791425465.044591; 1; 65; 1; 0
EST TCP_QUEUE; 2026-10-08-02:11:05; 1791425465.104609; 1791425465.104606; 1; 1129; 1; 0
EST TCP_QUEUE; 2026-10-08-02:11:05; 1791425465.213290; 1791425465.213287; 1; 285; 1; 1680
EST TCP_QUEUE; 2026-10-08-02:11:05; 1791425465.267969; 1791425465.267964; 1; 285; 1; 0
EST TCP_QUEUE; 2026-10-08-02:11:05; 1791425465.321372; 1791425465.321369; 1; 285; 1; 0
EST TCP_QUEUE; 2026-10-08-02:11:05; 1791425465.368952; 1791425465.368948; 1; 474; 1; 0
EST TCP_QUEUE; 2026-10-08-02:11:05; 1791425465.429097; 1791425465.429091; 1; 474; 1; 0
EST TCP_QUEUE; 2026-10-08-02:11:05; 1791425465.485435; 1791425465.485431; 0; 0; 0; 0
EST TCP_QUEUE; 2026-10-08-02:11:05; 1791425465.537323; 1791425465.537320; 1; 652; 1; 2154
EST TCP_QUEUE; 2026-10-08-02:11:05; 1791425465.603374; 1791425465.603370; 1; 652; 1; 2154
EST TCP_QUEUE; 2026-10-08-02:11:05; 1791425465.649310; 1791425465.649307; 1; 901; 1; 573
EST TCP_QUEUE; 2026-10-08-02:11:05; 1791425465.696862; 1791425465.696860; 1; 90; 1; 573
EST TCP_QUEUE; 2026-10-08-02:11:05; 1791425465.768340; 1791425465.768337; 1; 90; 0; 0
EST TCP_QUEUE; 2026-10-08-02:11:05; 1791425465.825733; 1791425465.825731; 1; 90; 0; 0
EST TCP_QUEUE; 2026-10-08-02:11:05; 1791425465.874987; 1791425465.874985; 1; 921; 0; 0
EST TCP_QUEUE; 2026-10-08-02:11:05; 1791425465.927362; 1791425465.927359; 1; 921; 0; 0
EST TCP_QUEUE; 2026-10-08-02:11:05; 1791425465.980622; 1791425465.980620; 1; 2154; 0; 0
EST TCP_QUEUE; 2026-10-08-02:11:06; 1791425466.026686; 1791425466.026684; 1; 2154; 0; 0
EST TCP_QUEUE; 2026-10-08-02:11:06; 1791425466.097879; 1791425466.097877; 0; 0; 0; 0
EST TCP_QUEUE; 2026-10-08-02:11:06; 1791425466.200920; 1791425466.200916; 0; 0; 0; 0
EST TCP_QUEUE; 2026-10-08-02:11:06; 1791425466.253501; 1791425466.253497; 0; 0; 0; 0
EST TCP_QUEUE; 2026-10-08-02:11:06; 1791425466.305286; 1791425466.305284; 1; 794; 0; 0
EST TCP_QUEUE; 2026-10-08-02:11:06; 1791425466.401831; 1791425466.401829; 1; 794; 0; 0
EST TCP_QUEUE; 2026-10-08-02:11:06; 1791425466.474639; 1791425466.474636; 0; 0; 0; 0
EST TCP_QUEUE; 2026-10-08-02:11:06; 1791425466.553483; 1791425466.553480; 0; 0; 0; 0
EST TCP_QUEUE; 2026-10-08-02:11:06; 1791425466.623438; 1791425466.623434; 0; 0; 0; 0
EST TCP_QUEUE; 2026-10-08-02:11:06; 1791425466.673503; 1791425466.673500; 1; 1120; 0; 0
EST TCP_QUEUE; 2026-10-08-02:11:06; 1791425466.726018; 1791425466.726015; 1; 825; 0; 0
EST TCP_QUEUE; 2026-10-08-02:11:06; 1791425466.779800; 1791425466.779796; 1; 825; 0; 0
EST TCP_QUEUE; 2026-10-08-02:11:06; 1791425466.821090; 1791425466.821087; 1; 825; 0; 0
EST TCP_QUEUE; 2026-10-08-02:11:06; 1791425466.886175; 1791425466.886170; 1; 1174; 0; 0
EST TCP_QUEUE; 2026-10-08-02:11:06; 1791425466.949293; 1791425466.949290; 1; 1174; 0; 0
EST TCP_QUEUE; 2026-10-08-02:11:07; 1791425467.001515; 1791425467.001512; 1; 1174; 0; 0
EST TCP_QUEUE; 2026-10-08-02:11:07; 1791425467.056117; 1791425467.056113; 1; 1174; 0; 0
EST TCP_QUEUE; 2026-10-08-02:11:07; 1791425467.120868; 1791425467.120866; 0; 0; 0; 0
EST TCP_QUEUE; 2026-10-08-02:11:07; 1791425467.165282; 1791425467.165279; 0; 0; 0; 0
EST TCP_QUEUE; 2026-10-08-02:11:07; 1791425467.222754; 1791425467.222751; 0; 0; 0; 0
EST TCP_QUEUE; 2026-10-08-02:11:07; 1791425467.279132; 1791425467.279128; 0; 0; 0; 0
EST TCP_QUEUE; 2026-10-08-02:11:07; 1791425467.335300; 1791425467.335297; 0; 0; 0; 0
EST TCP_QUEUE; 2026-10-08-02:11:07; 1791425467.425166; 1791425467.425160; 1; 1468; 0; 0
EST TCP_QUEUE; 2026-10-08-02:11:07; 1791425467.490747; 1791425467.490743; 0; 0; 0; 0
EST TCP_QUEUE; 2026-10-08-02:11:07; 1791425467.562208; 1791425467.562206; 0; 0; 0; 0
EST TCP_QUEUE; 2026-10-08-02:11:07; 1791425467.620107; 1791425467.620104; 0; 0; 0; 0
WAN 02:11:08.937395 IP (tos 0x0, ttl 62, id 46022, offset 0, flags [DF], proto TCP (6), length 60)
WAN     192.168.2.70.11876 > 160.79.104.10.443: Flags [S], cksum 0x9757 (correct), seq 34888966, win 65280, options [mss 1280,sackOK,TS val 2652879288 ecr 0,nop,wscale 9], length 0
WAN 02:11:08.973230 IP (tos 0x0, ttl 56, id 0, offset 0, flags [DF], proto TCP (6), length 60)
WAN     160.79.104.10.443 > 192.168.2.70.11876: Flags [S.], cksum 0xb48a (correct), seq 2674189786, ack 34888967, win 65535, options [mss 1460,sackOK,TS val 719139048 ecr 2652879288,nop,wscale 13], length 0
LAN 02:11:08.936983 IP (tos 0x0, ttl 63, id 46022, offset 0, flags [DF], proto TCP (6), length 60)
LAN     192.168.56.1.11876 > 160.79.104.10.443: Flags [S], cksum 0x619c (correct), seq 34888966, win 65280, options [mss 1280,sackOK,TS val 2652879288 ecr 0,nop,wscale 9], length 0
LAN 02:11:08.973503 IP (tos 0x0, ttl 55, id 0, offset 0, flags [DF], proto TCP (6), length 60)
LAN     160.79.104.10.443 > 192.168.56.1.11876: Flags [S.], cksum 0x7ecf (correct), seq 2674189786, ack 34888967, win 65535, options [mss 1460,sackOK,TS val 719139048 ecr 2652879288,nop,wscale 13], length 0
EST TCP_QUEUE; 2026-10-08-02:11:07; 1791425467.701395; 1791425467.701392; 0; 0; 0; 0
EST TCP_QUEUE; 2026-10-08-02:11:07; 1791425467.754348; 1791425467.754346; 1; 17; 0; 0
EST TCP_QUEUE; 2026-10-08-02:11:07; 1791425467.809137; 1791425467.809134; 1; 17; 0; 0
EST TCP_QUEUE; 2026-10-08-02:11:07; 1791425467.856873; 1791425467.856869; 1; 17; 0; 0
EST TCP_QUEUE; 2026-10-08-02:11:07; 1791425467.900723; 1791425467.900718; 1; 552; 0; 0
EST TCP_QUEUE; 2026-10-08-02:11:07; 1791425467.959704; 1791425467.959701; 1; 0; 0; 0
EST TCP_QUEUE; 2026-10-08-02:11:08; 1791425468.015453; 1791425468.015451; 1; 0; 0; 0
EST TCP_QUEUE; 2026-10-08-02:11:08; 1791425468.068919; 1791425468.068915; 0; 0; 0; 0
EST TCP_QUEUE; 2026-10-08-02:11:08; 1791425468.123287; 1791425468.123283; 0; 0; 0; 0
EST TCP_QUEUE; 2026-10-08-02:11:08; 1791425468.173717; 1791425468.173711; 0; 0; 0; 0
EST TCP_QUEUE; 2026-10-08-02:11:08; 1791425468.214623; 1791425468.214619; 0; 0; 0; 0
EST TCP_QUEUE; 2026-10-08-02:11:08; 1791425468.274107; 1791425468.274104; 0; 0; 0; 0
EST TCP_QUEUE; 2026-10-08-02:11:08; 1791425468.328394; 1791425468.328391; 0; 0; 0; 0
EST TCP_QUEUE; 2026-10-08-02:11:08; 1791425468.378960; 1791425468.378957; 0; 0; 0; 0
EST TCP_QUEUE; 2026-10-08-02:11:08; 1791425468.433813; 1791425468.433810; 1; 15; 0; 0
EST TCP_QUEUE; 2026-10-08-02:11:08; 1791425468.486805; 1791425468.486801; 1; 15; 0; 0
EST TCP_QUEUE; 2026-10-08-02:11:08; 1791425468.532658; 1791425468.532655; 1; 15; 0; 0
EST TCP_QUEUE; 2026-10-08-02:11:08; 1791425468.597017; 1791425468.597013; 1; 502; 1; 1298
EST TCP_QUEUE; 2026-10-08-02:11:08; 1791425468.652808; 1791425468.652805; 1; 212; 1; 0
EST TCP_QUEUE; 2026-10-08-02:11:08; 1791425468.703337; 1791425468.703335; 1; 212; 1; 0
EST TCP_QUEUE; 2026-10-08-02:11:08; 1791425468.757254; 1791425468.757251; 1; 212; 1; 0
EST TCP_QUEUE; 2026-10-08-02:11:08; 1791425468.801036; 1791425468.801033; 1; 92; 0; 0
EST TCP_QUEUE; 2026-10-08-02:11:08; 1791425468.843244; 1791425468.843240; 1; 92; 0; 0
EST TCP_QUEUE; 2026-10-08-02:11:08; 1791425468.901808; 1791425468.901805; 1; 92; 0; 0
EST TCP_QUEUE; 2026-10-08-02:11:08; 1791425468.957957; 1791425468.957953; 1; 92; 0; 0
EST TCP_QUEUE; 2026-10-08-02:11:09; 1791425469.008420; 1791425469.008418; 1; 0; 0; 0
EST TCP_QUEUE; 2026-10-08-02:11:09; 1791425469.061018; 1791425469.061016; 1; 0; 0; 0
EST TCP_QUEUE; 2026-10-08-02:11:09; 1791425469.112506; 1791425469.112503; 1; 0; 0; 0
EST TCP_QUEUE; 2026-10-08-02:11:09; 1791425469.159454; 1791425469.159451; 1; 0; 0; 0
EST TCP_QUEUE; 2026-10-08-02:11:09; 1791425469.217426; 1791425469.217423; 0; 0; 0; 0
EST TCP_QUEUE; 2026-10-08-02:11:09; 1791425469.273775; 1791425469.273772; 0; 0; 0; 0
EST TCP_QUEUE; 2026-10-08-02:11:09; 1791425469.324378; 1791425469.324375; 0; 0; 0; 0
EST TCP_QUEUE; 2026-10-08-02:11:09; 1791425469.389283; 1791425469.389280; 1; 865; 0; 0
EST TCP_QUEUE; 2026-10-08-02:11:09; 1791425469.451459; 1791425469.451457; 1; 865; 0; 0
EST TCP_QUEUE; 2026-10-08-02:11:09; 1791425469.511043; 1791425469.511040; 1; 0; 0; 0
EST TCP_QUEUE; 2026-10-08-02:11:09; 1791425469.571278; 1791425469.571275; 0; 0; 0; 0
EST TCP_QUEUE; 2026-10-08-02:11:09; 1791425469.628755; 1791425469.628752; 1; 0; 0; 0
EST TCP_QUEUE; 2026-10-08-02:11:09; 1791425469.689047; 1791425469.689044; 1; 0; 0; 0
EST TCP_QUEUE; 2026-10-08-02:11:09; 1791425469.741278; 1791425469.741275; 1; 0; 1; 0
EST TCP_QUEUE; 2026-10-08-02:11:09; 1791425469.788449; 1791425469.788445; 1; 0; 1; 0
EST TCP_QUEUE; 2026-10-08-02:11:09; 1791425469.832509; 1791425469.832507; 1; 0; 1; 0
EST TCP_QUEUE; 2026-10-08-02:11:09; 1791425469.889636; 1791425469.889634; 1; 19; 0; 0
EST TCP_QUEUE; 2026-10-08-02:11:09; 1791425469.947840; 1791425469.947838; 1; 19; 0; 0
EST TCP_QUEUE; 2026-10-08-02:11:10; 1791425470.004122; 1791425470.004108; 1; 544; 0; 0
EST TCP_QUEUE; 2026-10-08-02:11:10; 1791425470.056685; 1791425470.056679; 1; 544; 0; 0
EST TCP_QUEUE; 2026-10-08-02:11:10; 1791425470.102358; 1791425470.102354; 0; 0; 0; 0
EST TCP_QUEUE; 2026-10-08-02:11:10; 1791425470.143996; 1791425470.143993; 0; 0; 0; 0
EST TCP_QUEUE; 2026-10-08-02:11:10; 1791425470.215456; 1791425470.215453; 0; 0; 0; 0
EST TCP_QUEUE; 2026-10-08-02:11:10; 1791425470.272122; 1791425470.272118; 0; 0; 0; 0
EST TCP_QUEUE; 2026-10-08-02:11:10; 1791425470.324336; 1791425470.324332; 0; 0; 0; 0
EST TCP_QUEUE; 2026-10-08-02:11:10; 1791425470.376483; 1791425470.376478; 0; 0; 0; 0
EST TCP_QUEUE; 2026-10-08-02:11:10; 1791425470.428294; 1791425470.428290; 0; 0; 0; 0
EST TCP_QUEUE; 2026-10-08-02:11:10; 1791425470.473768; 1791425470.473764; 0; 0; 0; 0
EST TCP_QUEUE; 2026-10-08-02:11:10; 1791425470.531503; 1791425470.531500; 1; 1179; 0; 0
EST TCP_QUEUE; 2026-10-08-02:11:10; 1791425470.614904; 1791425470.614899; 1; 1179; 0; 0
EST TCP_QUEUE; 2026-10-08-02:11:10; 1791425470.683016; 1791425470.683013; 0; 0; 0; 0
EST TCP_QUEUE; 2026-10-08-02:11:10; 1791425470.737357; 1791425470.737355; 0; 0; 0; 0
EST TCP_QUEUE; 2026-10-08-02:11:10; 1791425470.784874; 1791425470.784872; 1; 57; 0; 0
EST TCP_QUEUE; 2026-10-08-02:11:10; 1791425470.827102; 1791425470.827099; 1; 57; 0; 0
EST TCP_QUEUE; 2026-10-08-02:11:10; 1791425470.884209; 1791425470.884204; 1; 330; 0; 0
EST TCP_QUEUE; 2026-10-08-02:11:10; 1791425470.940444; 1791425470.940441; 1; 418; 1; 2092
EST TCP_QUEUE; 2026-10-08-02:11:10; 1791425470.993062; 1791425470.993059; 1; 418; 1; 2092
EST TCP_QUEUE; 2026-10-08-02:11:11; 1791425471.043857; 1791425471.043854; 1; 418; 1; 2092
EST TCP_QUEUE; 2026-10-08-02:11:11; 1791425471.089608; 1791425471.089605; 1; 1263; 1; 1793
EST TCP_QUEUE; 2026-10-08-02:11:11; 1791425471.142917; 1791425471.142914; 1; 868; 1; 1793
EST TCP_QUEUE; 2026-10-08-02:11:11; 1791425471.198448; 1791425471.198444; 1; 283; 1; 2092
EST TCP_QUEUE; 2026-10-08-02:11:11; 1791425471.250815; 1791425471.250812; 1; 283; 1; 0
EST TCP_QUEUE; 2026-10-08-02:11:11; 1791425471.303193; 1791425471.303191; 1; 467; 1; 0
EST TCP_QUEUE; 2026-10-08-02:11:11; 1791425471.355639; 1791425471.355636; 1; 378; 1; 0
EST TCP_QUEUE; 2026-10-08-02:11:11; 1791425471.402905; 1791425471.402902; 1; 378; 1; 0
EST TCP_QUEUE; 2026-10-08-02:11:11; 1791425471.443685; 1791425471.443682; 1; 378; 1; 0
EST TCP_QUEUE; 2026-10-08-02:11:11; 1791425471.503182; 1791425471.503178; 1; 367; 1; 0
EST TCP_QUEUE; 2026-10-08-02:11:11; 1791425471.568875; 1791425471.568871; 1; 348; 1; 2670
EST TCP_QUEUE; 2026-10-08-02:11:11; 1791425471.617499; 1791425471.617495; 1; 0; 1; 2670
EST TCP_QUEUE; 2026-10-08-02:11:11; 1791425471.670238; 1791425471.670234; 1; 0; 1; 1293
EST TCP_QUEUE; 2026-10-08-02:11:11; 1791425471.722069; 1791425471.722066; 1; 0; 1; 272
EST TCP_QUEUE; 2026-10-08-02:11:11; 1791425471.764985; 1791425471.764983; 1; 0; 1; 272
EST TCP_QUEUE; 2026-10-08-02:11:11; 1791425471.822993; 1791425471.822990; 1; 0; 1; 272
EST TCP_QUEUE; 2026-10-08-02:11:11; 1791425471.883891; 1791425471.883888; 1; 0; 1; 2245
EST TCP_QUEUE; 2026-10-08-02:11:11; 1791425471.931789; 1791425471.931786; 1; 0; 1; 389
EST TCP_QUEUE; 2026-10-08-02:11:11; 1791425471.983848; 1791425471.983845; 1; 326; 1; 0
EST TCP_QUEUE; 2026-10-08-02:11:12; 1791425472.103883; 1791425472.103880; 1; 0; 0; 0
EST TCP_QUEUE; 2026-10-08-02:11:12; 1791425472.159265; 1791425472.159261; 1; 428; 1; 0
EST TCP_QUEUE; 2026-10-08-02:11:12; 1791425472.216435; 1791425472.216432; 1; 137; 1; 0
EST TCP_QUEUE; 2026-10-08-02:11:12; 1791425472.270512; 1791425472.270509; 1; 137; 1; 1146
EST TCP_QUEUE; 2026-10-08-02:11:12; 1791425472.324919; 1791425472.324917; 1; 137; 1; 1146
EST TCP_QUEUE; 2026-10-08-02:11:12; 1791425472.377660; 1791425472.377658; 1; 361; 1; 1584
EST TCP_QUEUE; 2026-10-08-02:11:12; 1791425472.425748; 1791425472.425745; 1; 361; 1; 1584
EST TCP_QUEUE; 2026-10-08-02:11:12; 1791425472.467210; 1791425472.467207; 0; 0; 0; 0
EST TCP_QUEUE; 2026-10-08-02:11:12; 1791425472.527052; 1791425472.527049; 0; 0; 0; 0
EST TCP_QUEUE; 2026-10-08-02:11:12; 1791425472.583061; 1791425472.583058; 0; 0; 0; 0
EST TCP_QUEUE; 2026-10-08-02:11:12; 1791425472.644190; 1791425472.644186; 1; 907; 0; 0
WAN 02:11:13.267234 IP (tos 0x0, ttl 127, id 30741, offset 0, flags [DF], proto TCP (6), length 64)
WAN     192.168.2.70.20540 > 216.197.195.49.443: Flags [S], cksum 0x4683 (correct), seq 2497655401, win 65535, options [mss 1460,nop,wscale 8,nop,nop,sackOK,nop,nop,TS val 3394153729 ecr 0], length 0
WAN 02:11:13.273171 IP (tos 0x0, ttl 59, id 0, offset 0, flags [DF], proto TCP (6), length 60)
WAN     216.197.195.49.443 > 192.168.2.70.20540: Flags [S.], cksum 0xece6 (correct), seq 3359044745, ack 2497655402, win 65160, options [mss 1384,sackOK,TS val 873430149 ecr 3394153729,nop,wscale 7], length 0
WAN 02:11:13.295433 IP (tos 0x0, ttl 127, id 64951, offset 0, flags [DF], proto TCP (6), length 64)
WAN     192.168.2.70.20541 > 172.215.188.232.443: Flags [S], cksum 0x90c8 (correct), seq 820411987, win 65535, options [mss 1460,nop,wscale 8,nop,nop,sackOK,nop,nop,TS val 3394153729 ecr 0], length 0
LAN 02:11:13.267084 IP (tos 0x0, ttl 128, id 30741, offset 0, flags [DF], proto TCP (6), length 52)
LAN     192.168.56.1.20540 > 216.197.195.49.443: Flags [S], cksum 0xc12f (correct), seq 2497655401, win 65535, options [mss 1460,nop,wscale 8,nop,nop,sackOK], length 0
LAN 02:11:13.273519 IP (tos 0x0, ttl 58, id 0, offset 0, flags [DF], proto TCP (6), length 60)
LAN     216.197.195.49.443 > 192.168.56.1.20540: Flags [S.], cksum 0xe215 (correct), seq 3359044745, ack 2497655402, win 65160, options [mss 1384,sackOK,nop,nop,nop,nop,nop,nop,nop,nop,nop,nop,nop,wscale 7], length 0
LAN 02:11:13.295126 IP (tos 0x0, ttl 128, id 64951, offset 0, flags [DF], proto TCP (6), length 52)
LAN     192.168.56.1.20541 > 172.215.188.232.443: Flags [S], cksum 0x0b75 (correct), seq 820411987, win 65535, options [mss 1460,nop,wscale 8,nop,nop,sackOK], length 0
WAN 02:11:13.342532 IP (tos 0x0, ttl 113, id 23668, offset 0, flags [DF], proto TCP (6), length 60)
WAN     172.215.188.232.443 > 192.168.2.70.20541: Flags [S.], cksum 0x5cce (correct), seq 1559537441, ack 820411988, win 65535, options [mss 1440,nop,wscale 8,sackOK,TS val 4080047 ecr 3394153729], length 0
LAN 02:11:13.342962 IP (tos 0x0, ttl 112, id 23668, offset 0, flags [DF], proto TCP (6), length 60)
LAN     172.215.188.232.443 > 192.168.56.1.20541: Flags [S.], cksum 0xe355 (correct), seq 1559537441, ack 820411988, win 65535, options [mss 1440,nop,wscale 8,sackOK,nop,nop,nop,nop,nop,nop,nop,nop,nop,nop], length 0
EST TCP_QUEUE; 2026-10-08-02:11:12; 1791425472.701751; 1791425472.701748; 1; 907; 0; 0
EST TCP_QUEUE; 2026-10-08-02:11:12; 1791425472.759285; 1791425472.759282; 1; 907; 0; 0
EST TCP_QUEUE; 2026-10-08-02:11:12; 1791425472.802786; 1791425472.802783; 0; 0; 0; 0
EST TCP_QUEUE; 2026-10-08-02:11:12; 1791425472.862532; 1791425472.862528; 0; 0; 0; 0
EST TCP_QUEUE; 2026-10-08-02:11:12; 1791425472.918700; 1791425472.918697; 0; 0; 0; 0
EST TCP_QUEUE; 2026-10-08-02:11:12; 1791425472.976973; 1791425472.976969; 1; 891; 0; 0
EST TCP_QUEUE; 2026-10-08-02:11:13; 1791425473.048715; 1791425473.048713; 1; 891; 0; 0
EST TCP_QUEUE; 2026-10-08-02:11:13; 1791425473.106305; 1791425473.106302; 1; 362; 0; 0
EST TCP_QUEUE; 2026-10-08-02:11:13; 1791425473.157513; 1791425473.157509; 1; 362; 0; 0
EST TCP_QUEUE; 2026-10-08-02:11:13; 1791425473.212132; 1791425473.212129; 1; 354; 0; 0
EST TCP_QUEUE; 2026-10-08-02:11:13; 1791425473.273940; 1791425473.273936; 1; 354; 0; 0
EST TCP_QUEUE; 2026-10-08-02:11:13; 1791425473.323885; 1791425473.323882; 1; 354; 0; 0
EST TCP_QUEUE; 2026-10-08-02:11:13; 1791425473.376479; 1791425473.376475; 1; 607; 0; 0
EST TCP_QUEUE; 2026-10-08-02:11:13; 1791425473.422318; 1791425473.422315; 1; 607; 0; 0
EST TCP_QUEUE; 2026-10-08-02:11:13; 1791425473.465548; 1791425473.465546; 1; 607; 0; 0
EST TCP_QUEUE; 2026-10-08-02:11:13; 1791425473.523779; 1791425473.523776; 0; 0; 0; 0
EST TCP_QUEUE; 2026-10-08-02:11:13; 1791425473.578122; 1791425473.578120; 0; 0; 0; 0
EST TCP_QUEUE; 2026-10-08-02:11:13; 1791425473.631261; 1791425473.631258; 0; 0; 0; 0
EST TCP_QUEUE; 2026-10-08-02:11:13; 1791425473.686680; 1791425473.686677; 1; 798; 0; 0
EST TCP_QUEUE; 2026-10-08-02:11:13; 1791425473.742526; 1791425473.742523; 1; 798; 0; 0
EST TCP_QUEUE; 2026-10-08-02:11:13; 1791425473.785818; 1791425473.785814; 1; 798; 0; 0
EST TCP_QUEUE; 2026-10-08-02:11:13; 1791425473.841851; 1791425473.841847; 1; 798; 0; 0
EST TCP_QUEUE; 2026-10-08-02:11:13; 1791425473.896622; 1791425473.896618; 0; 0; 0; 0
EST TCP_QUEUE; 2026-10-08-02:11:13; 1791425473.947657; 1791425473.947654; 0; 0; 0; 0
EST TCP_QUEUE; 2026-10-08-02:11:13; 1791425473.999591; 1791425473.999588; 1; 519; 0; 0
EST TCP_QUEUE; 2026-10-08-02:11:14; 1791425474.046609; 1791425474.046606; 1; 519; 0; 0
EST TCP_QUEUE; 2026-10-08-02:11:14; 1791425474.090405; 1791425474.090402; 1; 519; 0; 0
EST TCP_QUEUE; 2026-10-08-02:11:14; 1791425474.202792; 1791425474.202789; 0; 0; 0; 0
EST TCP_QUEUE; 2026-10-08-02:11:14; 1791425474.259413; 1791425474.259410; 0; 0; 0; 0
EST TCP_QUEUE; 2026-10-08-02:11:14; 1791425474.309908; 1791425474.309905; 0; 0; 0; 0
EST TCP_QUEUE; 2026-10-08-02:11:14; 1791425474.361430; 1791425474.361424; 0; 0; 0; 0
EST TCP_QUEUE; 2026-10-08-02:11:14; 1791425474.409994; 1791425474.409990; 0; 0; 0; 0
EST TCP_QUEUE; 2026-10-08-02:11:14; 1791425474.453136; 1791425474.453132; 0; 0; 0; 0
EST TCP_QUEUE; 2026-10-08-02:11:14; 1791425474.518480; 1791425474.518478; 0; 0; 0; 0
EST TCP_QUEUE; 2026-10-08-02:11:14; 1791425474.605783; 1791425474.605780; 0; 0; 0; 0
EST TCP_QUEUE; 2026-10-08-02:11:14; 1791425474.693940; 1791425474.693938; 0; 0; 0; 0
EST TCP_QUEUE; 2026-10-08-02:11:14; 1791425474.763523; 1791425474.763521; 1; 13; 0; 0
EST TCP_QUEUE; 2026-10-08-02:11:14; 1791425474.824246; 1791425474.824243; 1; 13; 0; 0
EST TCP_QUEUE; 2026-10-08-02:11:14; 1791425474.866237; 1791425474.866234; 1; 13; 0; 0
EST TCP_QUEUE; 2026-10-08-02:11:14; 1791425474.926097; 1791425474.926095; 0; 0; 0; 0
EST TCP_QUEUE; 2026-10-08-02:11:14; 1791425474.986086; 1791425474.986083; 0; 0; 0; 0
EST TCP_QUEUE; 2026-10-08-02:11:15; 1791425475.036458; 1791425475.036456; 1; 711; 0; 0
EST TCP_QUEUE; 2026-10-08-02:11:15; 1791425475.094537; 1791425475.094534; 1; 365; 1; 0
EST TCP_QUEUE; 2026-10-08-02:11:15; 1791425475.139809; 1791425475.139806; 1; 0; 1; 0
EST TCP_QUEUE; 2026-10-08-02:11:15; 1791425475.187386; 1791425475.187383; 1; 0; 1; 0
EST TCP_QUEUE; 2026-10-08-02:11:15; 1791425475.278937; 1791425475.278934; 1; 66; 1; 1322
EST TCP_QUEUE; 2026-10-08-02:11:15; 1791425475.333290; 1791425475.333287; 1; 66; 1; 1322
EST TCP_QUEUE; 2026-10-08-02:11:15; 1791425475.383589; 1791425475.383587; 1; 1174; 0; 0
EST TCP_QUEUE; 2026-10-08-02:11:15; 1791425475.437999; 1791425475.437997; 1; 1174; 0; 0
EST TCP_QUEUE; 2026-10-08-02:11:15; 1791425475.484266; 1791425475.484260; 0; 0; 0; 0
EST TCP_QUEUE; 2026-10-08-02:11:15; 1791425475.528755; 1791425475.528750; 0; 0; 0; 0
EST TCP_QUEUE; 2026-10-08-02:11:15; 1791425475.588979; 1791425475.588977; 0; 0; 0; 0
EST TCP_QUEUE; 2026-10-08-02:11:15; 1791425475.647827; 1791425475.647823; 0; 0; 0; 0
EST TCP_QUEUE; 2026-10-08-02:11:15; 1791425475.700281; 1791425475.700276; 0; 0; 0; 0
EST TCP_QUEUE; 2026-10-08-02:11:15; 1791425475.752041; 1791425475.752039; 0; 0; 0; 0
EST TCP_QUEUE; 2026-10-08-02:11:15; 1791425475.799882; 1791425475.799880; 1; 500; 0; 0
EST TCP_QUEUE; 2026-10-08-02:11:15; 1791425475.869011; 1791425475.869008; 1; 500; 0; 0
EST TCP_QUEUE; 2026-10-08-02:11:15; 1791425475.932434; 1791425475.932431; 1; 500; 0; 0
EST TCP_QUEUE; 2026-10-08-02:11:15; 1791425475.988473; 1791425475.988470; 0; 0; 0; 0
EST TCP_QUEUE; 2026-10-08-02:11:16; 1791425476.041148; 1791425476.041145; 1; 1322; 0; 0
EST TCP_QUEUE; 2026-10-08-02:11:16; 1791425476.097571; 1791425476.097568; 1; 1322; 0; 0
EST TCP_QUEUE; 2026-10-08-02:11:16; 1791425476.145470; 1791425476.145466; 1; 1322; 0; 0
EST TCP_QUEUE; 2026-10-08-02:11:16; 1791425476.203023; 1791425476.203018; 1; 559; 0; 0
EST TCP_QUEUE; 2026-10-08-02:11:16; 1791425476.264063; 1791425476.264061; 1; 559; 0; 0
EST TCP_QUEUE; 2026-10-08-02:11:16; 1791425476.326456; 1791425476.326452; 1; 449; 0; 0
EST TCP_QUEUE; 2026-10-08-02:11:16; 1791425476.381217; 1791425476.381215; 1; 375; 1; 1682
EST TCP_QUEUE; 2026-10-08-02:11:16; 1791425476.433562; 1791425476.433559; 1; 375; 1; 1682
EST TCP_QUEUE; 2026-10-08-02:11:16; 1791425476.478469; 1791425476.478467; 0; 0; 0; 0
EST TCP_QUEUE; 2026-10-08-02:11:16; 1791425476.522578; 1791425476.522574; 0; 0; 0; 0
EST TCP_QUEUE; 2026-10-08-02:11:16; 1791425476.601584; 1791425476.601581; 0; 0; 0; 0
EST TCP_QUEUE; 2026-10-08-02:11:16; 1791425476.660404; 1791425476.660399; 0; 0; 0; 0
EST TCP_QUEUE; 2026-10-08-02:11:16; 1791425476.741186; 1791425476.741182; 0; 0; 0; 0
EST TCP_QUEUE; 2026-10-08-02:11:16; 1791425476.795615; 1791425476.795613; 0; 0; 0; 0
EST TCP_QUEUE; 2026-10-08-02:11:16; 1791425476.851036; 1791425476.851033; 1; 862; 0; 0
EST TCP_QUEUE; 2026-10-08-02:11:16; 1791425476.939397; 1791425476.939394; 1; 862; 0; 0
EST TCP_QUEUE; 2026-10-08-02:11:16; 1791425476.997684; 1791425476.997680; 0; 0; 0; 0
EST TCP_QUEUE; 2026-10-08-02:11:17; 1791425477.055621; 1791425477.055618; 0; 0; 0; 0
EST TCP_QUEUE; 2026-10-08-02:11:17; 1791425477.108381; 1791425477.108377; 1; 713; 0; 0
EST TCP_QUEUE; 2026-10-08-02:11:17; 1791425477.166583; 1791425477.166579; 1; 1133; 0; 0
WAN 02:11:17.667080 IP (tos 0x0, ttl 62, id 40532, offset 0, flags [DF], proto TCP (6), length 60)
WAN     192.168.2.70.11854 > 160.79.104.10.443: Flags [S], cksum 0xd7c9 (correct), seq 3448383273, win 65280, options [mss 1280,sackOK,TS val 1236351025 ecr 0,nop,wscale 9], length 0
WAN 02:11:17.697035 IP (tos 0x0, ttl 56, id 0, offset 0, flags [DF], proto TCP (6), length 60)
WAN     160.79.104.10.443 > 192.168.2.70.11854: Flags [S.], cksum 0x5e72 (correct), seq 1928212274, ack 3448383274, win 65535, options [mss 1460,sackOK,TS val 1838966738 ecr 1236351025,nop,wscale 13], length 0
LAN 02:11:17.666784 IP (tos 0x0, ttl 63, id 40532, offset 0, flags [DF], proto TCP (6), length 60)
LAN     192.168.56.1.11854 > 160.79.104.10.443: Flags [S], cksum 0xa20e (correct), seq 3448383273, win 65280, options [mss 1280,sackOK,TS val 1236351025 ecr 0,nop,wscale 9], length 0
LAN 02:11:17.697509 IP (tos 0x0, ttl 55, id 0, offset 0, flags [DF], proto TCP (6), length 60)
LAN     160.79.104.10.443 > 192.168.56.1.11854: Flags [S.], cksum 0x28b7 (correct), seq 1928212274, ack 3448383274, win 65535, options [mss 1460,sackOK,TS val 1838966738 ecr 1236351025,nop,wscale 13], length 0
EST TCP_QUEUE; 2026-10-08-02:11:17; 1791425477.243510; 1791425477.243506; 1; 1133; 0; 0
EST TCP_QUEUE; 2026-10-08-02:11:17; 1791425477.326254; 1791425477.326249; 0; 0; 0; 0
EST TCP_QUEUE; 2026-10-08-02:11:17; 1791425477.384696; 1791425477.384694; 1; 192; 1; 1790
EST TCP_QUEUE; 2026-10-08-02:11:17; 1791425477.439165; 1791425477.439163; 1; 87; 1; 0
EST TCP_QUEUE; 2026-10-08-02:11:17; 1791425477.489597; 1791425477.489594; 1; 87; 1; 0
EST TCP_QUEUE; 2026-10-08-02:11:17; 1791425477.548026; 1791425477.548022; 1; 87; 1; 0
EST TCP_QUEUE; 2026-10-08-02:11:17; 1791425477.596082; 1791425477.596079; 0; 0; 0; 0
EST TCP_QUEUE; 2026-10-08-02:11:17; 1791425477.643274; 1791425477.643271; 0; 0; 0; 0
EST TCP_QUEUE; 2026-10-08-02:11:17; 1791425477.704755; 1791425477.704751; 0; 0; 0; 0
EST TCP_QUEUE; 2026-10-08-02:11:17; 1791425477.759511; 1791425477.759508; 0; 0; 0; 0
EST TCP_QUEUE; 2026-10-08-02:11:17; 1791425477.817633; 1791425477.817630; 0; 0; 0; 0
EST TCP_QUEUE; 2026-10-08-02:11:17; 1791425477.873845; 1791425477.873842; 1; 698; 0; 0
EST TCP_QUEUE; 2026-10-08-02:11:17; 1791425477.919878; 1791425477.919876; 1; 698; 0; 0
EST TCP_QUEUE; 2026-10-08-02:11:17; 1791425477.967176; 1791425477.967173; 1; 698; 0; 0
EST TCP_QUEUE; 2026-10-08-02:11:18; 1791425478.024354; 1791425478.024350; 1; 698; 0; 0
EST TCP_QUEUE; 2026-10-08-02:11:18; 1791425478.079342; 1791425478.079339; 0; 0; 0; 0
EST TCP_QUEUE; 2026-10-08-02:11:18; 1791425478.129653; 1791425478.129649; 1; 1238; 0; 0
EST TCP_QUEUE; 2026-10-08-02:11:18; 1791425478.201984; 1791425478.201980; 1; 1238; 0; 0
EST TCP_QUEUE; 2026-10-08-02:11:18; 1791425478.302417; 1791425478.302414; 1; 1692; 0; 0
EST TCP_QUEUE; 2026-10-08-02:11:18; 1791425478.345401; 1791425478.345398; 1; 1692; 0; 0
EST TCP_QUEUE; 2026-10-08-02:11:18; 1791425478.404386; 1791425478.404383; 0; 0; 0; 0
EST TCP_QUEUE; 2026-10-08-02:11:18; 1791425478.475202; 1791425478.475198; 1; 1876; 0; 0
EST TCP_QUEUE; 2026-10-08-02:11:18; 1791425478.525559; 1791425478.525554; 1; 1876; 0; 0
EST TCP_QUEUE; 2026-10-08-02:11:18; 1791425478.577748; 1791425478.577746; 0; 0; 0; 0
EST TCP_QUEUE; 2026-10-08-02:11:18; 1791425478.623376; 1791425478.623374; 0; 0; 0; 0
EST TCP_QUEUE; 2026-10-08-02:11:18; 1791425478.686224; 1791425478.686220; 0; 0; 0; 0
EST TCP_QUEUE; 2026-10-08-02:11:18; 1791425478.757992; 1791425478.757989; 0; 0; 0; 0
EST TCP_QUEUE; 2026-10-08-02:11:18; 1791425478.812264; 1791425478.812261; 0; 0; 0; 0
EST TCP_QUEUE; 2026-10-08-02:11:18; 1791425478.872095; 1791425478.872092; 0; 0; 0; 0
EST TCP_QUEUE; 2026-10-08-02:11:18; 1791425478.930190; 1791425478.930187; 1; 247; 0; 0
EST TCP_QUEUE; 2026-10-08-02:11:18; 1791425478.981784; 1791425478.981781; 1; 247; 0; 0
EST TCP_QUEUE; 2026-10-08-02:11:19; 1791425479.026250; 1791425479.026246; 1; 247; 0; 0
EST TCP_QUEUE; 2026-10-08-02:11:19; 1791425479.084157; 1791425479.084153; 0; 0; 0; 0
EST TCP_QUEUE; 2026-10-08-02:11:19; 1791425479.137699; 1791425479.137696; 1; 255; 0; 0
EST TCP_QUEUE; 2026-10-08-02:11:19; 1791425479.191493; 1791425479.191490; 1; 255; 0; 0
EST TCP_QUEUE; 2026-10-08-02:11:19; 1791425479.245837; 1791425479.245832; 1; 255; 0; 0
EST TCP_QUEUE; 2026-10-08-02:11:19; 1791425479.293610; 1791425479.293605; 1; 1564; 0; 0
EST TCP_QUEUE; 2026-10-08-02:11:19; 1791425479.336384; 1791425479.336382; 1; 1564; 0; 0
EST TCP_QUEUE; 2026-10-08-02:11:19; 1791425479.395293; 1791425479.395289; 0; 0; 0; 0
EST TCP_QUEUE; 2026-10-08-02:11:19; 1791425479.457580; 1791425479.457578; 0; 0; 0; 0
EST TCP_QUEUE; 2026-10-08-02:11:19; 1791425479.512261; 1791425479.512259; 1; 611; 0; 0
EST TCP_QUEUE; 2026-10-08-02:11:19; 1791425479.566560; 1791425479.566556; 1; 611; 0; 0
EST TCP_QUEUE; 2026-10-08-02:11:19; 1791425479.614317; 1791425479.614314; 1; 611; 0; 0
EST TCP_QUEUE; 2026-10-08-02:11:19; 1791425479.656388; 1791425479.656385; 1; 611; 0; 0
EST TCP_QUEUE; 2026-10-08-02:11:19; 1791425479.713904; 1791425479.713901; 0; 0; 0; 0
EST TCP_QUEUE; 2026-10-08-02:11:19; 1791425479.768662; 1791425479.768659; 0; 0; 0; 0
EST TCP_QUEUE; 2026-10-08-02:11:19; 1791425479.845668; 1791425479.845666; 0; 0; 0; 0
EST TCP_QUEUE; 2026-10-08-02:11:19; 1791425479.919362; 1791425479.919359; 0; 0; 0; 0
EST TCP_QUEUE; 2026-10-08-02:11:19; 1791425479.965489; 1791425479.965486; 1; 745; 0; 0
EST TCP_QUEUE; 2026-10-08-02:11:20; 1791425480.007772; 1791425480.007770; 1; 745; 0; 0
EST TCP_QUEUE; 2026-10-08-02:11:20; 1791425480.064637; 1791425480.064635; 1; 745; 0; 0
EST TCP_QUEUE; 2026-10-08-02:11:20; 1791425480.120804; 1791425480.120801; 0; 0; 0; 0
EST TCP_QUEUE; 2026-10-08-02:11:20; 1791425480.173155; 1791425480.173153; 1; 1021; 0; 0
EST TCP_QUEUE; 2026-10-08-02:11:20; 1791425480.227920; 1791425480.227918; 1; 1021; 0; 0
EST TCP_QUEUE; 2026-10-08-02:11:20; 1791425480.287485; 1791425480.287482; 1; 519; 0; 0
EST TCP_QUEUE; 2026-10-08-02:11:20; 1791425480.329769; 1791425480.329765; 1; 519; 0; 0
EST TCP_QUEUE; 2026-10-08-02:11:20; 1791425480.391626; 1791425480.391622; 0; 0; 0; 0
EST TCP_QUEUE; 2026-10-08-02:11:20; 1791425480.459180; 1791425480.459177; 1; 1084; 1; 0
EST TCP_QUEUE; 2026-10-08-02:11:20; 1791425480.516654; 1791425480.516651; 1; 1084; 1; 0
EST TCP_QUEUE; 2026-10-08-02:11:20; 1791425480.561855; 1791425480.561852; 1; 929; 1; 0
EST TCP_QUEUE; 2026-10-08-02:11:20; 1791425480.607596; 1791425480.607593; 1; 757; 1; 0
EST TCP_QUEUE; 2026-10-08-02:11:20; 1791425480.649084; 1791425480.649082; 1; 490; 1; 0
EST TCP_QUEUE; 2026-10-08-02:11:20; 1791425480.708235; 1791425480.708233; 1; 49; 1; 0
EST TCP_QUEUE; 2026-10-08-02:11:20; 1791425480.764674; 1791425480.764671; 1; 133; 1; 0
EST TCP_QUEUE; 2026-10-08-02:11:20; 1791425480.817494; 1791425480.817492; 1; 133; 1; 0
EST TCP_QUEUE; 2026-10-08-02:11:20; 1791425480.873722; 1791425480.873719; 1; 232; 1; 736
EST TCP_QUEUE; 2026-10-08-02:11:20; 1791425480.919907; 1791425480.919905; 1; 0; 1; 736
EST TCP_QUEUE; 2026-10-08-02:11:20; 1791425480.960702; 1791425480.960699; 1; 0; 1; 0
EST TCP_QUEUE; 2026-10-08-02:11:21; 1791425481.019182; 1791425481.019180; 1; 0; 1; 0
EST TCP_QUEUE; 2026-10-08-02:11:21; 1791425481.073298; 1791425481.073295; 1; 0; 1; 0
EST TCP_QUEUE; 2026-10-08-02:11:21; 1791425481.123515; 1791425481.123512; 1; 0; 1; 0
EST TCP_QUEUE; 2026-10-08-02:11:21; 1791425481.178788; 1791425481.178784; 1; 418; 1; 0
EST TCP_QUEUE; 2026-10-08-02:11:21; 1791425481.224961; 1791425481.224957; 1; 418; 1; 0
EST TCP_QUEUE; 2026-10-08-02:11:21; 1791425481.266052; 1791425481.266049; 1; 418; 1; 0
EST TCP_QUEUE; 2026-10-08-02:11:21; 1791425481.332969; 1791425481.332967; 1; 474; 1; 0
EST TCP_QUEUE; 2026-10-08-02:11:21; 1791425481.387786; 1791425481.387783; 1; 634; 1; 0
EST TCP_QUEUE; 2026-10-08-02:11:21; 1791425481.467609; 1791425481.467607; 1; 340; 1; 0
EST TCP_QUEUE; 2026-10-08-02:11:21; 1791425481.517858; 1791425481.517856; 1; 43; 1; 0
EST TCP_QUEUE; 2026-10-08-02:11:21; 1791425481.565396; 1791425481.565393; 1; 0; 1; 0
EST TCP_QUEUE; 2026-10-08-02:11:21; 1791425481.606009; 1791425481.606007; 1; 0; 1; 0
EST TCP_QUEUE; 2026-10-08-02:11:21; 1791425481.665129; 1791425481.665126; 1; 0; 1; 0
EST TCP_QUEUE; 2026-10-08-02:11:21; 1791425481.720983; 1791425481.720980; 1; 19; 1; 0
EST TCP_QUEUE; 2026-10-08-02:11:21; 1791425481.810781; 1791425481.810779; 1; 408; 1; 0
EST TCP_QUEUE; 2026-10-08-02:11:21; 1791425481.862629; 1791425481.862626; 1; 0; 1; 0
EST TCP_QUEUE; 2026-10-08-02:11:21; 1791425481.909185; 1791425481.909182; 1; 0; 1; 993
EST TCP_QUEUE; 2026-10-08-02:11:21; 1791425481.950122; 1791425481.950118; 1; 0; 1; 993
EST TCP_QUEUE; 2026-10-08-02:11:22; 1791425482.010258; 1791425482.010253; 1; 475; 1; 803
EST TCP_QUEUE; 2026-10-08-02:11:22; 1791425482.068441; 1791425482.068430; 1; 906; 1; 803
EST TCP_QUEUE; 2026-10-08-02:11:22; 1791425482.119876; 1791425482.119871; 1; 906; 1; 803
EST TCP_QUEUE; 2026-10-08-02:11:22; 1791425482.173495; 1791425482.173493; 1; 596; 1; 0
EST TCP_QUEUE; 2026-10-08-02:11:22; 1791425482.219052; 1791425482.219049; 1; 0; 1; 0
EST TCP_QUEUE; 2026-10-08-02:11:22; 1791425482.260796; 1791425482.260794; 1; 0; 1; 0
EST TCP_QUEUE; 2026-10-08-02:11:22; 1791425482.318982; 1791425482.318979; 1; 0; 1; 0
EST TCP_QUEUE; 2026-10-08-02:11:22; 1791425482.377090; 1791425482.377088; 1; 0; 1; 0
EST TCP_QUEUE; 2026-10-08-02:11:22; 1791425482.431499; 1791425482.431496; 1; 0; 1; 0
EST TCP_QUEUE; 2026-10-08-02:11:22; 1791425482.483862; 1791425482.483858; 1; 397; 1; 891
EST TCP_QUEUE; 2026-10-08-02:11:22; 1791425482.536706; 1791425482.536702; 1; 397; 1; 64
EST TCP_QUEUE; 2026-10-08-02:11:22; 1791425482.576598; 1791425482.576595; 1; 713; 1; 64
EST TCP_QUEUE; 2026-10-08-02:11:22; 1791425482.634846; 1791425482.634843; 1; 0; 1; 0
EST TCP_QUEUE; 2026-10-08-02:11:22; 1791425482.695640; 1791425482.695635; 1; 0; 1; 0
EST TCP_QUEUE; 2026-10-08-02:11:22; 1791425482.748489; 1791425482.748484; 1; 0; 1; 0
EST TCP_QUEUE; 2026-10-08-02:11:22; 1791425482.818092; 1791425482.818080; 1; 227; 1; 0
EST TCP_QUEUE; 2026-10-08-02:11:22; 1791425482.863376; 1791425482.863370; 1; 227; 1; 0
EST TCP_QUEUE; 2026-10-08-02:11:22; 1791425482.909849; 1791425482.909847; 1; 0; 1; 0
EST TCP_QUEUE; 2026-10-08-02:11:22; 1791425482.981636; 1791425482.981633; 1; 0; 1; 0
EST TCP_QUEUE; 2026-10-08-02:11:23; 1791425483.020263; 1791425483.020260; 1; 0; 1; 0
EST TCP_QUEUE; 2026-10-08-02:11:23; 1791425483.071367; 1791425483.071362; 1; 0; 1; 3236
EST TCP_QUEUE; 2026-10-08-02:11:23; 1791425483.123910; 1791425483.123908; 1; 0; 1; 3236
EST TCP_QUEUE; 2026-10-08-02:11:23; 1791425483.170204; 1791425483.170201; 1; 0; 1; 2446
EST TCP_QUEUE; 2026-10-08-02:11:23; 1791425483.220947; 1791425483.220944; 1; 0; 1; 2446
EST TCP_QUEUE; 2026-10-08-02:11:23; 1791425483.277049; 1791425483.277046; 1; 147; 1; 3390
EST TCP_QUEUE; 2026-10-08-02:11:23; 1791425483.331387; 1791425483.331384; 1; 147; 1; 0
EST TCP_QUEUE; 2026-10-08-02:11:23; 1791425483.382138; 1791425483.382135; 1; 603; 1; 0
EST TCP_QUEUE; 2026-10-08-02:11:23; 1791425483.436471; 1791425483.436468; 1; 603; 1; 0
EST TCP_QUEUE; 2026-10-08-02:11:23; 1791425483.486566; 1791425483.486563; 1; 395; 1; 1998
EST TCP_QUEUE; 2026-10-08-02:11:23; 1791425483.527868; 1791425483.527866; 1; 395; 1; 1998
EST TCP_QUEUE; 2026-10-08-02:11:23; 1791425483.585538; 1791425483.585535; 1; 0; 1; 2370
EST TCP_QUEUE; 2026-10-08-02:11:23; 1791425483.640475; 1791425483.640473; 1; 0; 1; 2370
EST TCP_QUEUE; 2026-10-08-02:11:23; 1791425483.692381; 1791425483.692378; 1; 161; 1; 2235
EST TCP_QUEUE; 2026-10-08-02:11:23; 1791425483.744825; 1791425483.744823; 1; 161; 1; 1453
EST TCP_QUEUE; 2026-10-08-02:11:23; 1791425483.793293; 1791425483.793290; 1; 261; 1; 1453
EST TCP_QUEUE; 2026-10-08-02:11:23; 1791425483.836804; 1791425483.836800; 1; 261; 1; 1453
EST TCP_QUEUE; 2026-10-08-02:11:23; 1791425483.894026; 1791425483.894025; 1; 502; 1; 0
EST TCP_QUEUE; 2026-10-08-02:11:23; 1791425483.948558; 1791425483.948556; 1; 502; 1; 0
EST TCP_QUEUE; 2026-10-08-02:11:23; 1791425483.998912; 1791425483.998909; 1; 576; 1; 802
EST TCP_QUEUE; 2026-10-08-02:11:24; 1791425484.053514; 1791425484.053512; 1; 576; 1; 802
EST TCP_QUEUE; 2026-10-08-02:11:24; 1791425484.099016; 1791425484.099014; 1; 545; 1; 885
EST TCP_QUEUE; 2026-10-08-02:11:24; 1791425484.142878; 1791425484.142876; 1; 545; 1; 885
EST TCP_QUEUE; 2026-10-08-02:11:24; 1791425484.200720; 1791425484.200717; 1; 545; 1; 1883
EST TCP_QUEUE; 2026-10-08-02:11:24; 1791425484.259381; 1791425484.259378; 1; 545; 1; 0
EST TCP_QUEUE; 2026-10-08-02:11:24; 1791425484.307448; 1791425484.307445; 1; 614; 1; 0
EST TCP_QUEUE; 2026-10-08-02:11:24; 1791425484.360053; 1791425484.360050; 1; 614; 1; 0
EST TCP_QUEUE; 2026-10-08-02:11:24; 1791425484.406289; 1791425484.406285; 1; 614; 1; 2086
EST TCP_QUEUE; 2026-10-08-02:11:24; 1791425484.446963; 1791425484.446961; 1; 302; 1; 2086
EST TCP_QUEUE; 2026-10-08-02:11:24; 1791425484.507112; 1791425484.507109; 1; 302; 1; 2086
EST TCP_QUEUE; 2026-10-08-02:11:24; 1791425484.561091; 1791425484.561088; 1; 302; 1; 2086
EST TCP_QUEUE; 2026-10-08-02:11:24; 1791425484.611874; 1791425484.611870; 1; 869; 1; 2468
EST TCP_QUEUE; 2026-10-08-02:11:24; 1791425484.664382; 1791425484.664378; 1; 869; 1; 0
EST TCP_QUEUE; 2026-10-08-02:11:24; 1791425484.710097; 1791425484.710094; 1; 869; 1; 0
EST TCP_QUEUE; 2026-10-08-02:11:24; 1791425484.751736; 1791425484.751733; 1; 753; 1; 0
EST TCP_QUEUE; 2026-10-08-02:11:24; 1791425484.809607; 1791425484.809604; 1; 583; 1; 0
EST TCP_QUEUE; 2026-10-08-02:11:24; 1791425484.863960; 1791425484.863957; 1; 583; 1; 0
EST TCP_QUEUE; 2026-10-08-02:11:24; 1791425484.914638; 1791425484.914636; 1; 274; 1; 2468
EST TCP_QUEUE; 2026-10-08-02:11:24; 1791425484.966729; 1791425484.966726; 1; 274; 1; 2468
EST TCP_QUEUE; 2026-10-08-02:11:25; 1791425485.012920; 1791425485.012917; 1; 274; 1; 2468
EST TCP_QUEUE; 2026-10-08-02:11:25; 1791425485.054445; 1791425485.054441; 1; 274; 1; 2468
EST TCP_QUEUE; 2026-10-08-02:11:25; 1791425485.116402; 1791425485.116395; 0; 0; 0; 0
EST TCP_QUEUE; 2026-10-08-02:11:25; 1791425485.168514; 1791425485.168511; 0; 0; 0; 0
WAN 02:11:25.646978 IP (tos 0x0, ttl 62, id 1222, offset 0, flags [DF], proto TCP (6), length 60)
WAN     192.168.2.70.11874 > 160.79.104.10.443: Flags [S], cksum 0xa97b (correct), seq 1659161911, win 65280, options [mss 1280,sackOK,TS val 1813121186 ecr 0,nop,wscale 9], length 0
WAN 02:11:25.671580 IP (tos 0x0, ttl 56, id 0, offset 0, flags [DF], proto TCP (6), length 60)
WAN     160.79.104.10.443 > 192.168.2.70.11874: Flags [S.], cksum 0xdc2a (correct), seq 414711159, ack 1659161912, win 65535, options [mss 1460,sackOK,TS val 2864122530 ecr 1813121186,nop,wscale 13], length 0
LAN 02:11:25.646451 IP (tos 0x0, ttl 63, id 1222, offset 0, flags [DF], proto TCP (6), length 60)
LAN     192.168.56.1.11874 > 160.79.104.10.443: Flags [S], cksum 0x73c0 (correct), seq 1659161911, win 65280, options [mss 1280,sackOK,TS val 1813121186 ecr 0,nop,wscale 9], length 0
LAN 02:11:25.671890 IP (tos 0x0, ttl 55, id 0, offset 0, flags [DF], proto TCP (6), length 60)
LAN     160.79.104.10.443 > 192.168.56.1.11874: Flags [S.], cksum 0xa66f (correct), seq 414711159, ack 1659161912, win 65535, options [mss 1460,sackOK,TS val 2864122530 ecr 1813121186,nop,wscale 13], length 0
EST TCP_QUEUE; 2026-10-08-02:11:25; 1791425485.219201; 1791425485.219199; 0; 0; 0; 0
EST TCP_QUEUE; 2026-10-08-02:11:25; 1791425485.271585; 1791425485.271581; 1; 352; 1; 2660
EST TCP_QUEUE; 2026-10-08-02:11:25; 1791425485.319193; 1791425485.319190; 1; 352; 1; 0
EST TCP_QUEUE; 2026-10-08-02:11:25; 1791425485.360607; 1791425485.360604; 1; 352; 1; 0
EST TCP_QUEUE; 2026-10-08-02:11:25; 1791425485.418539; 1791425485.418537; 1; 934; 1; 0
EST TCP_QUEUE; 2026-10-08-02:11:25; 1791425485.472757; 1791425485.472755; 1; 736; 0; 0
EST TCP_QUEUE; 2026-10-08-02:11:25; 1791425485.525761; 1791425485.525758; 1; 736; 0; 0
EST TCP_QUEUE; 2026-10-08-02:11:25; 1791425485.577530; 1791425485.577528; 1; 1116; 0; 0
EST TCP_QUEUE; 2026-10-08-02:11:25; 1791425485.626798; 1791425485.626793; 1; 1116; 0; 0
EST TCP_QUEUE; 2026-10-08-02:11:25; 1791425485.666918; 1791425485.666916; 0; 0; 0; 0
EST TCP_QUEUE; 2026-10-08-02:11:25; 1791425485.724947; 1791425485.724944; 0; 0; 0; 0
EST TCP_QUEUE; 2026-10-08-02:11:25; 1791425485.778684; 1791425485.778680; 0; 0; 0; 0
EST TCP_QUEUE; 2026-10-08-02:11:25; 1791425485.829034; 1791425485.829031; 1; 659; 0; 0
EST TCP_QUEUE; 2026-10-08-02:11:25; 1791425485.883850; 1791425485.883848; 1; 659; 0; 0
EST TCP_QUEUE; 2026-10-08-02:11:25; 1791425485.943319; 1791425485.943317; 1; 659; 0; 0
EST TCP_QUEUE; 2026-10-08-02:11:25; 1791425485.984738; 1791425485.984735; 0; 0; 0; 0
EST TCP_QUEUE; 2026-10-08-02:11:26; 1791425486.053003; 1791425486.053000; 0; 0; 0; 0
EST TCP_QUEUE; 2026-10-08-02:11:26; 1791425486.106980; 1791425486.106976; 0; 0; 0; 0
EST TCP_QUEUE; 2026-10-08-02:11:26; 1791425486.159649; 1791425486.159646; 0; 0; 0; 0
EST TCP_QUEUE; 2026-10-08-02:11:26; 1791425486.219637; 1791425486.219633; 0; 0; 0; 0
WAN 02:11:26.531151 IP (tos 0x0, ttl 127, id 19070, offset 0, flags [DF], proto TCP (6), length 64)
WAN     192.168.2.70.20548 > 104.18.125.108.443: Flags [S], cksum 0x27b8 (correct), seq 297437898, win 65535, options [mss 1460,nop,wscale 8,nop,nop,sackOK,nop,nop,TS val 3394153729 ecr 0], length 0
WAN 02:11:26.555916 IP (tos 0x0, ttl 56, id 0, offset 0, flags [DF], proto TCP (6), length 60)
WAN     104.18.125.108.443 > 192.168.2.70.20548: Flags [S.], cksum 0xf2ee (correct), seq 1806004667, ack 297437899, win 65535, options [mss 1400,sackOK,TS val 1616382268 ecr 3394153729,nop,wscale 13], length 0
LAN 02:11:26.530845 IP (tos 0x0, ttl 128, id 19070, offset 0, flags [DF], proto TCP (6), length 52)
LAN     192.168.56.1.20548 > 104.18.125.108.443: Flags [S], cksum 0xa264 (correct), seq 297437898, win 65535, options [mss 1460,nop,wscale 8,nop,nop,sackOK], length 0
LAN 02:11:26.556152 IP (tos 0x0, ttl 55, id 0, offset 0, flags [DF], proto TCP (6), length 60)
LAN     104.18.125.108.443 > 192.168.56.1.20548: Flags [S.], cksum 0xa11d (correct), seq 1806004667, ack 297437899, win 65535, options [mss 1400,sackOK,nop,nop,nop,nop,nop,nop,nop,nop,nop,nop,nop,wscale 13], length 0
EST TCP_QUEUE; 2026-10-08-02:11:26; 1791425486.301893; 1791425486.301890; 0; 0; 0; 0
EST TCP_QUEUE; 2026-10-08-02:11:26; 1791425486.351839; 1791425486.351835; 1; 969; 0; 0
EST TCP_QUEUE; 2026-10-08-02:11:26; 1791425486.408800; 1791425486.408797; 1; 969; 0; 0
EST TCP_QUEUE; 2026-10-08-02:11:26; 1791425486.463396; 1791425486.463393; 1; 540; 0; 0
EST TCP_QUEUE; 2026-10-08-02:11:26; 1791425486.517514; 1791425486.517511; 1; 540; 0; 0
EST TCP_QUEUE; 2026-10-08-02:11:26; 1791425486.582355; 1791425486.582351; 1; 118; 0; 0
EST TCP_QUEUE; 2026-10-08-02:11:26; 1791425486.627797; 1791425486.627794; 1; 118; 0; 0
EST TCP_QUEUE; 2026-10-08-02:11:26; 1791425486.669304; 1791425486.669301; 1; 1594; 0; 0
EST TCP_QUEUE; 2026-10-08-02:11:26; 1791425486.728884; 1791425486.728882; 1; 1594; 0; 0
EST TCP_QUEUE; 2026-10-08-02:11:26; 1791425486.787919; 1791425486.787916; 0; 0; 0; 0
EST TCP_QUEUE; 2026-10-08-02:11:26; 1791425486.862431; 1791425486.862428; 0; 0; 0; 0
EST TCP_QUEUE; 2026-10-08-02:11:26; 1791425486.922420; 1791425486.922417; 1; 436; 0; 0
EST TCP_QUEUE; 2026-10-08-02:11:26; 1791425486.990635; 1791425486.990631; 1; 436; 0; 0
EST TCP_QUEUE; 2026-10-08-02:11:27; 1791425487.056918; 1791425487.056914; 1; 436; 0; 0
EST TCP_QUEUE; 2026-10-08-02:11:27; 1791425487.114352; 1791425487.114349; 0; 0; 0; 0
EST TCP_QUEUE; 2026-10-08-02:11:27; 1791425487.168510; 1791425487.168507; 0; 0; 0; 0
EST TCP_QUEUE; 2026-10-08-02:11:27; 1791425487.222925; 1791425487.222921; 0; 0; 0; 0
EST TCP_QUEUE; 2026-10-08-02:11:27; 1791425487.277170; 1791425487.277168; 0; 0; 0; 0
EST TCP_QUEUE; 2026-10-08-02:11:27; 1791425487.327128; 1791425487.327125; 0; 0; 0; 0
EST TCP_QUEUE; 2026-10-08-02:11:27; 1791425487.369292; 1791425487.369289; 1; 221; 0; 0
EST TCP_QUEUE; 2026-10-08-02:11:27; 1791425487.430665; 1791425487.430662; 1; 221; 0; 0
EST TCP_QUEUE; 2026-10-08-02:11:27; 1791425487.488541; 1791425487.488538; 1; 578; 0; 0
EST TCP_QUEUE; 2026-10-08-02:11:27; 1791425487.583752; 1791425487.583750; 1; 578; 0; 0
EST TCP_QUEUE; 2026-10-08-02:11:27; 1791425487.640041; 1791425487.640039; 1; 578; 0; 0
EST TCP_QUEUE; 2026-10-08-02:11:27; 1791425487.685934; 1791425487.685930; 1; 1280; 0; 0
EST TCP_QUEUE; 2026-10-08-02:11:27; 1791425487.788198; 1791425487.788174; 0; 0; 0; 0
EST TCP_QUEUE; 2026-10-08-02:11:27; 1791425487.843697; 1791425487.843695; 1; 788; 0; 0
EST TCP_QUEUE; 2026-10-08-02:11:27; 1791425487.901788; 1791425487.901786; 1; 788; 1; 0
EST TCP_QUEUE; 2026-10-08-02:11:27; 1791425487.949941; 1791425487.949937; 1; 788; 1; 0
EST TCP_QUEUE; 2026-10-08-02:11:28; 1791425488.004539; 1791425488.004536; 1; 845; 1; 0
EST TCP_QUEUE; 2026-10-08-02:11:28; 1791425488.054425; 1791425488.054423; 1; 649; 1; 0
EST TCP_QUEUE; 2026-10-08-02:11:28; 1791425488.095711; 1791425488.095709; 1; 114; 1; 0
EST TCP_QUEUE; 2026-10-08-02:11:28; 1791425488.153639; 1791425488.153636; 1; 114; 1; 0
EST TCP_QUEUE; 2026-10-08-02:11:28; 1791425488.216232; 1791425488.216229; 1; 0; 1; 0
EST TCP_QUEUE; 2026-10-08-02:11:28; 1791425488.301620; 1791425488.301616; 1; 0; 1; 97
EST TCP_QUEUE; 2026-10-08-02:11:28; 1791425488.351941; 1791425488.351938; 1; 0; 1; 97
EST TCP_QUEUE; 2026-10-08-02:11:28; 1791425488.397770; 1791425488.397766; 1; 0; 1; 166
EST TCP_QUEUE; 2026-10-08-02:11:28; 1791425488.441261; 1791425488.441259; 1; 0; 1; 166
EST TCP_QUEUE; 2026-10-08-02:11:28; 1791425488.499071; 1791425488.499069; 1; 92; 1; 861
EST TCP_QUEUE; 2026-10-08-02:11:28; 1791425488.553777; 1791425488.553774; 1; 29; 1; 847
EST TCP_QUEUE; 2026-10-08-02:11:28; 1791425488.604118; 1791425488.604114; 1; 29; 1; 0
EST TCP_QUEUE; 2026-10-08-02:11:28; 1791425488.658178; 1791425488.658175; 1; 29; 1; 0
EST TCP_QUEUE; 2026-10-08-02:11:28; 1791425488.704343; 1791425488.704340; 1; 0; 1; 949
EST TCP_QUEUE; 2026-10-08-02:11:28; 1791425488.751954; 1791425488.751949; 1; 0; 1; 949
EST TCP_QUEUE; 2026-10-08-02:11:28; 1791425488.811250; 1791425488.811248; 1; 415; 1; 0
EST TCP_QUEUE; 2026-10-08-02:11:28; 1791425488.867935; 1791425488.867932; 1; 0; 1; 0
EST TCP_QUEUE; 2026-10-08-02:11:28; 1791425488.917891; 1791425488.917889; 1; 0; 1; 0
EST TCP_QUEUE; 2026-10-08-02:11:28; 1791425488.974552; 1791425488.974549; 1; 508; 1; 0
EST TCP_QUEUE; 2026-10-08-02:11:29; 1791425489.022561; 1791425489.022557; 1; 508; 1; 0
EST TCP_QUEUE; 2026-10-08-02:11:29; 1791425489.068256; 1791425489.068254; 1; 1214; 1; 2331
EST TCP_QUEUE; 2026-10-08-02:11:29; 1791425489.125600; 1791425489.125595; 1; 819; 1; 1700
EST TCP_QUEUE; 2026-10-08-02:11:29; 1791425489.179826; 1791425489.179823; 1; 747; 1; 1700
EST TCP_QUEUE; 2026-10-08-02:11:29; 1791425489.234291; 1791425489.234287; 1; 747; 1; 1700
EST TCP_QUEUE; 2026-10-08-02:11:29; 1791425489.292755; 1791425489.292753; 1; 747; 1; 0
EST TCP_QUEUE; 2026-10-08-02:11:29; 1791425489.340184; 1791425489.340181; 1; 747; 1; 0
EST TCP_QUEUE; 2026-10-08-02:11:29; 1791425489.387659; 1791425489.387655; 1; 1213; 1; 0
EST TCP_QUEUE; 2026-10-08-02:11:29; 1791425489.456777; 1791425489.456775; 1; 1213; 1; 0
EST TCP_QUEUE; 2026-10-08-02:11:29; 1791425489.513151; 1791425489.513148; 1; 1135; 1; 0
EST TCP_QUEUE; 2026-10-08-02:11:29; 1791425489.563862; 1791425489.563859; 1; 479; 1; 0
EST TCP_QUEUE; 2026-10-08-02:11:29; 1791425489.618158; 1791425489.618156; 1; 479; 1; 0
EST TCP_QUEUE; 2026-10-08-02:11:29; 1791425489.664012; 1791425489.664009; 1; 384; 1; 0
WAN 02:11:31.090569 IP (tos 0x0, ttl 62, id 7747, offset 0, flags [DF], proto TCP (6), length 60)
WAN     192.168.2.70.11848 > 160.79.104.10.443: Flags [S], cksum 0xd6b4 (correct), seq 3111779189, win 65280, options [mss 1280,sackOK,TS val 3475633047 ecr 0,nop,wscale 9], length 0
LAN 02:11:31.089880 IP (tos 0x0, ttl 63, id 7747, offset 0, flags [DF], proto TCP (6), length 60)
LAN     192.168.56.1.11848 > 160.79.104.10.443: Flags [S], cksum 0xa0f9 (correct), seq 3111779189, win 65280, options [mss 1280,sackOK,TS val 3475633047 ecr 0,nop,wscale 9], length 0
WAN 02:11:31.120485 IP (tos 0x0, ttl 56, id 0, offset 0, flags [DF], proto TCP (6), length 60)
WAN     160.79.104.10.443 > 192.168.2.70.11848: Flags [S.], cksum 0x9a81 (correct), seq 2305624464, ack 3111779190, win 65535, options [mss 1460,sackOK,TS val 549750441 ecr 3475633047,nop,wscale 13], length 0
LAN 02:11:31.120796 IP (tos 0x0, ttl 55, id 0, offset 0, flags [DF], proto TCP (6), length 60)
LAN     160.79.104.10.443 > 192.168.56.1.11848: Flags [S.], cksum 0x64c6 (correct), seq 2305624464, ack 3111779190, win 65535, options [mss 1460,sackOK,TS val 549750441 ecr 3475633047,nop,wscale 13], length 0
WAN 02:11:31.287939 IP (tos 0x0, ttl 127, id 64969, offset 0, flags [DF], proto TCP (6), length 64)
WAN     192.168.2.70.20551 > 172.215.188.232.443: Flags [S], cksum 0x3869 (correct), seq 1935643695, win 65535, options [mss 1460,nop,wscale 8,nop,nop,sackOK,nop,nop,TS val 3394153729 ecr 0], length 0
LAN 02:11:31.287426 IP (tos 0x0, ttl 128, id 64969, offset 0, flags [DF], proto TCP (6), length 52)
LAN     192.168.56.1.20551 > 172.215.188.232.443: Flags [S], cksum 0xb315 (correct), seq 1935643695, win 65535, options [mss 1460,nop,wscale 8,nop,nop,sackOK], length 0
EST TCP_QUEUE; 2026-10-08-02:11:29; 1791425489.707376; 1791425489.707373; 1; 384; 1; 0
EST TCP_QUEUE; 2026-10-08-02:11:29; 1791425489.767372; 1791425489.767369; 1; 1116; 1; 0
EST TCP_QUEUE; 2026-10-08-02:11:29; 1791425489.830945; 1791425489.830943; 1; 1116; 1; 0
EST TCP_QUEUE; 2026-10-08-02:11:29; 1791425489.881742; 1791425489.881739; 1; 550; 1; 1366
EST TCP_QUEUE; 2026-10-08-02:11:29; 1791425489.935620; 1791425489.935617; 1; 325; 1; 1366
EST TCP_QUEUE; 2026-10-08-02:11:29; 1791425489.987202; 1791425489.987199; 1; 325; 1; 255
EST TCP_QUEUE; 2026-10-08-02:11:30; 1791425490.029789; 1791425490.029787; 1; 325; 1; 255
EST TCP_QUEUE; 2026-10-08-02:11:30; 1791425490.098981; 1791425490.098960; 1; 873; 1; 255
EST TCP_QUEUE; 2026-10-08-02:11:30; 1791425490.153366; 1791425490.153364; 1; 873; 1; 255
EST TCP_QUEUE; 2026-10-08-02:11:30; 1791425490.203602; 1791425490.203599; 1; 1125; 1; 1313
EST TCP_QUEUE; 2026-10-08-02:11:30; 1791425490.257833; 1791425490.257830; 1; 1120; 1; 1313
EST TCP_QUEUE; 2026-10-08-02:11:30; 1791425490.308250; 1791425490.308248; 1; 867; 1; 0
EST TCP_QUEUE; 2026-10-08-02:11:30; 1791425490.359175; 1791425490.359171; 1; 867; 1; 0
EST TCP_QUEUE; 2026-10-08-02:11:30; 1791425490.419035; 1791425490.419032; 1; 601; 1; 0
EST TCP_QUEUE; 2026-10-08-02:11:30; 1791425490.475321; 1791425490.475318; 1; 601; 1; 0
EST TCP_QUEUE; 2026-10-08-02:11:30; 1791425490.525601; 1791425490.525598; 1; 591; 1; 0
EST TCP_QUEUE; 2026-10-08-02:11:30; 1791425490.583669; 1791425490.583667; 1; 591; 1; 1098
EST TCP_QUEUE; 2026-10-08-02:11:30; 1791425490.635741; 1791425490.635738; 1; 591; 1; 1098
EST TCP_QUEUE; 2026-10-08-02:11:30; 1791425490.679451; 1791425490.679447; 1; 1489; 1; 1936
WAN 02:11:31.334631 IP (tos 0x0, ttl 113, id 13722, offset 0, flags [DF], proto TCP (6), length 60)
WAN     172.215.188.232.443 > 192.168.2.70.20551: Flags [S.], cksum 0xb781 (correct), seq 3583581478, ack 1935643696, win 65535, options [mss 1440,nop,wscale 8,sackOK,TS val 1341476923 ecr 3394153729], length 0
LAN 02:11:31.334951 IP (tos 0x0, ttl 112, id 13722, offset 0, flags [DF], proto TCP (6), length 60)
LAN     172.215.188.232.443 > 192.168.56.1.20551: Flags [S.], cksum 0x9c4c (correct), seq 3583581478, ack 1935643696, win 65535, options [mss 1440,nop,wscale 8,sackOK,nop,nop,nop,nop,nop,nop,nop,nop,nop,nop], length 0
EST TCP_QUEUE; 2026-10-08-02:11:30; 1791425490.738700; 1791425490.738697; 1; 1489; 1; 1936
EST TCP_QUEUE; 2026-10-08-02:11:30; 1791425490.797070; 1791425490.797067; 1; 421; 0; 0
EST TCP_QUEUE; 2026-10-08-02:11:30; 1791425490.847756; 1791425490.847753; 1; 421; 0; 0
EST TCP_QUEUE; 2026-10-08-02:11:30; 1791425490.901669; 1791425490.901667; 0; 0; 0; 0
EST TCP_QUEUE; 2026-10-08-02:11:30; 1791425490.951739; 1791425490.951737; 1; 384; 1; 0
EST TCP_QUEUE; 2026-10-08-02:11:30; 1791425490.994974; 1791425490.994970; 1; 384; 1; 0
EST TCP_QUEUE; 2026-10-08-02:11:31; 1791425491.108993; 1791425491.108991; 1; 348; 1; 344
EST TCP_QUEUE; 2026-10-08-02:11:31; 1791425491.167800; 1791425491.167796; 1; 788; 0; 0
EST TCP_QUEUE; 2026-10-08-02:11:31; 1791425491.215970; 1791425491.215968; 1; 788; 0; 0
EST TCP_QUEUE; 2026-10-08-02:11:31; 1791425491.270342; 1791425491.270339; 1; 1279; 0; 0
EST TCP_QUEUE; 2026-10-08-02:11:31; 1791425491.315798; 1791425491.315796; 1; 1279; 0; 0
EST TCP_QUEUE; 2026-10-08-02:11:31; 1791425491.360902; 1791425491.360900; 1; 1279; 0; 0
EST TCP_QUEUE; 2026-10-08-02:11:31; 1791425491.420918; 1791425491.420915; 0; 0; 0; 0
EST TCP_QUEUE; 2026-10-08-02:11:31; 1791425491.473598; 1791425491.473594; 0; 0; 0; 0
EST TCP_QUEUE; 2026-10-08-02:11:31; 1791425491.523505; 1791425491.523503; 0; 0; 0; 0
EST TCP_QUEUE; 2026-10-08-02:11:31; 1791425491.586839; 1791425491.586835; 0; 0; 0; 0
EST TCP_QUEUE; 2026-10-08-02:11:31; 1791425491.639665; 1791425491.639662; 0; 0; 0; 0
EST TCP_QUEUE; 2026-10-08-02:11:31; 1791425491.681267; 1791425491.681264; 1; 854; 0; 0
EST TCP_QUEUE; 2026-10-08-02:11:31; 1791425491.739699; 1791425491.739695; 1; 369; 0; 0
EST TCP_QUEUE; 2026-10-08-02:11:31; 1791425491.800951; 1791425491.800948; 1; 369; 0; 0
EST TCP_QUEUE; 2026-10-08-02:11:31; 1791425491.917006; 1791425491.917003; 1; 0; 0; 0
EST TCP_QUEUE; 2026-10-08-02:11:31; 1791425491.981289; 1791425491.981286; 0; 0; 0; 0
EST TCP_QUEUE; 2026-10-08-02:11:32; 1791425492.031064; 1791425492.031062; 0; 0; 0; 0
EST TCP_QUEUE; 2026-10-08-02:11:32; 1791425492.077109; 1791425492.077106; 0; 0; 0; 0
EST TCP_QUEUE; 2026-10-08-02:11:32; 1791425492.134333; 1791425492.134330; 0; 0; 0; 0
EST TCP_QUEUE; 2026-10-08-02:11:32; 1791425492.196473; 1791425492.196471; 0; 0; 0; 0
EST TCP_QUEUE; 2026-10-08-02:11:32; 1791425492.247027; 1791425492.247025; 1; 703; 0; 0
EST TCP_QUEUE; 2026-10-08-02:11:32; 1791425492.301364; 1791425492.301360; 1; 703; 0; 0
EST TCP_QUEUE; 2026-10-08-02:11:32; 1791425492.350478; 1791425492.350475; 1; 703; 0; 0
EST TCP_QUEUE; 2026-10-08-02:11:32; 1791425492.393099; 1791425492.393096; 0; 0; 0; 0
EST TCP_QUEUE; 2026-10-08-02:11:32; 1791425492.455341; 1791425492.455337; 0; 0; 0; 0
EST TCP_QUEUE; 2026-10-08-02:11:32; 1791425492.510952; 1791425492.510950; 0; 0; 0; 0
EST TCP_QUEUE; 2026-10-08-02:11:32; 1791425492.563661; 1791425492.563658; 0; 0; 0; 0
EST TCP_QUEUE; 2026-10-08-02:11:32; 1791425492.617528; 1791425492.617525; 0; 0; 0; 0
EST TCP_QUEUE; 2026-10-08-02:11:32; 1791425492.685101; 1791425492.685099; 0; 0; 0; 0
EST TCP_QUEUE; 2026-10-08-02:11:32; 1791425492.725633; 1791425492.725630; 1; 702; 1; 0
EST TCP_QUEUE; 2026-10-08-02:11:32; 1791425492.784396; 1791425492.784393; 1; 195; 1; 0
EST TCP_QUEUE; 2026-10-08-02:11:32; 1791425492.842901; 1791425492.842897; 1; 195; 1; 0
EST TCP_QUEUE; 2026-10-08-02:11:32; 1791425492.897119; 1791425492.897117; 1; 213; 1; 0
EST TCP_QUEUE; 2026-10-08-02:11:32; 1791425492.949087; 1791425492.949085; 1; 213; 1; 0
EST TCP_QUEUE; 2026-10-08-02:11:32; 1791425492.996668; 1791425492.996665; 1; 638; 0; 0
EST TCP_QUEUE; 2026-10-08-02:11:33; 1791425493.042141; 1791425493.042138; 1; 638; 0; 0
EST TCP_QUEUE; 2026-10-08-02:11:33; 1791425493.100438; 1791425493.100435; 0; 0; 0; 0
EST TCP_QUEUE; 2026-10-08-02:11:33; 1791425493.161871; 1791425493.161868; 0; 0; 0; 0
WAN 02:11:33.574042 IP (tos 0x0, ttl 127, id 64984, offset 0, flags [DF], proto TCP (6), length 64)
WAN     192.168.2.70.20552 > 172.215.188.232.443: Flags [S], cksum 0x394d (correct), seq 3111406901, win 65535, options [mss 1460,nop,wscale 8,nop,nop,sackOK,nop,nop,TS val 3394153729 ecr 0], length 0
LAN 02:11:33.573687 IP (tos 0x0, ttl 128, id 64984, offset 0, flags [DF], proto TCP (6), length 52)
LAN     192.168.56.1.20552 > 172.215.188.232.443: Flags [S], cksum 0xb3f9 (correct), seq 3111406901, win 65535, options [mss 1460,nop,wscale 8,nop,nop,sackOK], length 0
WAN 02:11:33.619823 IP (tos 0x0, ttl 113, id 23739, offset 0, flags [DF], proto TCP (6), length 60)
WAN     172.215.188.232.443 > 192.168.2.70.20552: Flags [S.], cksum 0x465c (correct), seq 3066668075, ack 3111406902, win 65535, options [mss 1440,nop,wscale 8,sackOK,TS val 4106694 ecr 3394153729], length 0
LAN 02:11:33.620118 IP (tos 0x0, ttl 112, id 23739, offset 0, flags [DF], proto TCP (6), length 60)
LAN     172.215.188.232.443 > 192.168.56.1.20552: Flags [S.], cksum 0x34fb (correct), seq 3066668075, ack 3111406902, win 65535, options [mss 1440,nop,wscale 8,sackOK,nop,nop,nop,nop,nop,nop,nop,nop,nop,nop], length 0
WAN 02:11:33.760311 IP (tos 0x0, ttl 62, id 50222, offset 0, flags [DF], proto TCP (6), length 60)
WAN     192.168.2.70.11886 > 172.64.155.209.443: Flags [S], cksum 0x59ad (correct), seq 886399230, win 65280, options [mss 1280,sackOK,TS val 1542898448 ecr 0,nop,wscale 9], length 0
WAN 02:11:33.784332 IP (tos 0x0, ttl 56, id 0, offset 0, flags [DF], proto TCP (6), length 60)
WAN     172.64.155.209.443 > 192.168.2.70.11886: Flags [S.], cksum 0xab28 (correct), seq 1272610326, ack 886399231, win 65535, options [mss 1400,sackOK,TS val 4276741149 ecr 1542898448,nop,wscale 13], length 0
LAN 02:11:33.760036 IP (tos 0x0, ttl 63, id 50222, offset 0, flags [DF], proto TCP (6), length 60)
LAN     192.168.56.1.11886 > 172.64.155.209.443: Flags [S], cksum 0x23f2 (correct), seq 886399230, win 65280, options [mss 1280,sackOK,TS val 1542898448 ecr 0,nop,wscale 9], length 0
LAN 02:11:33.784631 IP (tos 0x0, ttl 55, id 0, offset 0, flags [DF], proto TCP (6), length 60)
LAN     172.64.155.209.443 > 192.168.56.1.11886: Flags [S.], cksum 0x756d (correct), seq 1272610326, ack 886399231, win 65535, options [mss 1400,sackOK,TS val 4276741149 ecr 1542898448,nop,wscale 13], length 0
WAN 02:11:34.149418 IP (tos 0x0, ttl 127, id 12085, offset 0, flags [DF], proto TCP (6), length 64)
WAN     192.168.2.70.20556 > 3.212.215.51.443: Flags [S], cksum 0xd3b9 (correct), seq 540007106, win 65535, options [mss 1460,nop,wscale 8,nop,nop,sackOK,nop,nop,TS val 3394153729 ecr 0], length 0
LAN 02:11:34.149153 IP (tos 0x0, ttl 128, id 12085, offset 0, flags [DF], proto TCP (6), length 52)
LAN     192.168.56.1.20556 > 3.212.215.51.443: Flags [S], cksum 0x4e66 (correct), seq 540007106, win 65535, options [mss 1460,nop,wscale 8,nop,nop,sackOK], length 0
LAN 02:11:34.197920 IP (tos 0x0, ttl 247, id 0, offset 0, flags [DF], proto TCP (6), length 60)
LAN     3.212.215.51.443 > 192.168.56.1.20556: Flags [S.], cksum 0x20de (correct), seq 2758081574, ack 540007107, win 26847, options [mss 1460,sackOK,nop,nop,nop,nop,nop,nop,nop,nop,nop,nop,nop,wscale 8], length 0
WAN 02:11:34.197576 IP (tos 0x0, ttl 248, id 0, offset 0, flags [DF], proto TCP (6), length 60)
WAN     3.212.215.51.443 > 192.168.2.70.20556: Flags [S.], cksum 0x9f81 (correct), seq 2758081574, ack 540007107, win 26847, options [mss 1460,sackOK,TS val 2027144174 ecr 3394153729,nop,wscale 8], length 0
EST TCP_QUEUE; 2026-10-08-02:11:33; 1791425493.212409; 1791425493.212406; 1; 499; 1; 0
EST TCP_QUEUE; 2026-10-08-02:11:33; 1791425493.265536; 1791425493.265533; 1; 0; 1; 0
EST TCP_QUEUE; 2026-10-08-02:11:33; 1791425493.313160; 1791425493.313158; 1; 0; 1; 0
EST TCP_QUEUE; 2026-10-08-02:11:33; 1791425493.358242; 1791425493.358239; 1; 0; 1; 0
EST TCP_QUEUE; 2026-10-08-02:11:33; 1791425493.419873; 1791425493.419870; 1; 417; 1; 676
EST TCP_QUEUE; 2026-10-08-02:11:33; 1791425493.478133; 1791425493.478130; 1; 257; 1; 0
EST TCP_QUEUE; 2026-10-08-02:11:33; 1791425493.528524; 1791425493.528521; 1; 0; 1; 0
EST TCP_QUEUE; 2026-10-08-02:11:33; 1791425493.606158; 1791425493.606155; 1; 0; 1; 1826
EST TCP_QUEUE; 2026-10-08-02:11:33; 1791425493.654189; 1791425493.654186; 1; 0; 1; 1695
WAN 02:11:34.688741 IP (tos 0x0, ttl 127, id 64998, offset 0, flags [DF], proto TCP (6), length 64)
WAN     192.168.2.70.20557 > 172.215.188.232.443: Flags [S], cksum 0x8f72 (correct), seq 2382307968, win 65535, options [mss 1460,nop,wscale 8,nop,nop,sackOK,nop,nop,TS val 3394153729 ecr 0], length 0
LAN 02:11:34.688343 IP (tos 0x0, ttl 128, id 64998, offset 0, flags [DF], proto TCP (6), length 52)
LAN     192.168.56.1.20557 > 172.215.188.232.443: Flags [S], cksum 0x0a1f (correct), seq 2382307968, win 65535, options [mss 1460,nop,wscale 8,nop,nop,sackOK], length 0
WAN 02:11:34.734801 IP (tos 0x0, ttl 113, id 21240, offset 0, flags [DF], proto TCP (6), length 60)
WAN     172.215.188.232.443 > 192.168.2.70.20557: Flags [S.], cksum 0xc8ec (correct), seq 3989964574, ack 2382307969, win 65535, options [mss 1440,nop,wscale 8,sackOK,TS val 1362137709 ecr 3394153729], length 0
LAN 02:11:34.735112 IP (tos 0x0, ttl 112, id 21240, offset 0, flags [DF], proto TCP (6), length 60)
LAN     172.215.188.232.443 > 192.168.56.1.20557: Flags [S.], cksum 0xf124 (correct), seq 3989964574, ack 2382307969, win 65535, options [mss 1440,nop,wscale 8,sackOK,nop,nop,nop,nop,nop,nop,nop,nop,nop,nop], length 0
WAN 02:11:35.074769 IP (tos 0x0, ttl 127, id 65012, offset 0, flags [DF], proto TCP (6), length 64)
LAN 02:11:35.074315 IP (tos 0x0, ttl 128, id 65012, offset 0, flags [DF], proto TCP (6), length 52)
LAN     192.168.56.1.20558 > 172.215.188.232.443: Flags [S], cksum 0x2702 (correct), seq 2314340777, win 65535, options [mss 1460,nop,wscale 8,nop,nop,sackOK], length 0
WAN     192.168.2.70.20558 > 172.215.188.232.443: Flags [S], cksum 0xac55 (correct), seq 2314340777, win 65535, options [mss 1460,nop,wscale 8,nop,nop,sackOK,nop,nop,TS val 3394153729 ecr 0], length 0
WAN 02:11:35.119594 IP (tos 0x0, ttl 113, id 55537, offset 0, flags [DF], proto TCP (6), length 60)
WAN     172.215.188.232.443 > 192.168.2.70.20558: Flags [S.], cksum 0xeebb (correct), seq 1472438688, ack 2314340778, win 65535, options [mss 1440,nop,wscale 8,sackOK,TS val 1341490761 ecr 3394153729], length 0
LAN 02:11:35.119946 IP (tos 0x0, ttl 112, id 55537, offset 0, flags [DF], proto TCP (6), length 60)
LAN     172.215.188.232.443 > 192.168.56.1.20558: Flags [S.], cksum 0x0995 (correct), seq 1472438688, ack 2314340778, win 65535, options [mss 1440,nop,wscale 8,sackOK,nop,nop,nop,nop,nop,nop,nop,nop,nop,nop], length 0
EST TCP_QUEUE; 2026-10-08-02:11:33; 1791425493.695934; 1791425493.695932; 1; 920; 1; 1695
EST TCP_QUEUE; 2026-10-08-02:11:33; 1791425493.753339; 1791425493.753336; 1; 0; 1; 1695
EST TCP_QUEUE; 2026-10-08-02:11:33; 1791425493.810153; 1791425493.810151; 1; 0; 1; 1079
EST TCP_QUEUE; 2026-10-08-02:11:33; 1791425493.860260; 1791425493.860257; 1; 0; 1; 1079
EST TCP_QUEUE; 2026-10-08-02:11:33; 1791425493.913521; 1791425493.913518; 1; 375; 1; 690
EST TCP_QUEUE; 2026-10-08-02:11:33; 1791425493.958723; 1791425493.958720; 1; 375; 1; 690
EST TCP_QUEUE; 2026-10-08-02:11:34; 1791425494.005109; 1791425494.005106; 1; 369; 1; 690
EST TCP_QUEUE; 2026-10-08-02:11:34; 1791425494.081727; 1791425494.081723; 1; 1151; 1; 1962
EST TCP_QUEUE; 2026-10-08-02:11:34; 1791425494.134008; 1791425494.134005; 1; 1151; 1; 1962
EST TCP_QUEUE; 2026-10-08-02:11:34; 1791425494.184320; 1791425494.184317; 1; 576; 1; 0
EST TCP_QUEUE; 2026-10-08-02:11:34; 1791425494.236632; 1791425494.236629; 1; 576; 1; 0
EST TCP_QUEUE; 2026-10-08-02:11:34; 1791425494.283658; 1791425494.283655; 1; 993; 1; 1157
EST TCP_QUEUE; 2026-10-08-02:11:34; 1791425494.333216; 1791425494.333213; 1; 993; 1; 1157
EST TCP_QUEUE; 2026-10-08-02:11:34; 1791425494.406399; 1791425494.406397; 1; 0; 1; 0
EST TCP_QUEUE; 2026-10-08-02:11:34; 1791425494.478724; 1791425494.478722; 1; 1658; 1; 0
EST TCP_QUEUE; 2026-10-08-02:11:34; 1791425494.524875; 1791425494.524871; 1; 1658; 1; 0
EST TCP_QUEUE; 2026-10-08-02:11:34; 1791425494.540406; 1791425494.540403; 1; 1658; 1; 0
EST TCP_QUEUE; 2026-10-08-02:11:34; 1791425494.587061; 1791425494.587059; 1; 0; 1; 582
EST TCP_QUEUE; 2026-10-08-02:11:34; 1791425494.629522; 1791425494.629519; 1; 0; 1; 582
EST TCP_QUEUE; 2026-10-08-02:11:34; 1791425494.687656; 1791425494.687653; 1; 0; 1; 4192
WAN 02:11:35.450104 IP (tos 0x0, ttl 127, id 65026, offset 0, flags [DF], proto TCP (6), length 64)
WAN     192.168.2.70.20559 > 172.215.188.232.443: Flags [S], cksum 0xdd39 (correct), seq 2269764460, win 65535, options [mss 1460,nop,wscale 8,nop,nop,sackOK,nop,nop,TS val 3394153729 ecr 0], length 0
WAN 02:11:35.494515 IP (tos 0x0, ttl 112, id 54012, offset 0, flags [DF], proto TCP (6), length 60)
WAN     172.215.188.232.443 > 192.168.2.70.20559: Flags [S.], cksum 0x6a11 (correct), seq 527843464, ack 2269764461, win 65535, options [mss 1440,nop,wscale 8,sackOK,TS val 874836238 ecr 3394153729], length 0
LAN 02:11:35.449739 IP (tos 0x0, ttl 128, id 65026, offset 0, flags [DF], proto TCP (6), length 52)
LAN     192.168.56.1.20559 > 172.215.188.232.443: Flags [S], cksum 0x57e6 (correct), seq 2269764460, win 65535, options [mss 1460,nop,wscale 8,nop,nop,sackOK], length 0
LAN 02:11:35.494786 IP (tos 0x0, ttl 111, id 54012, offset 0, flags [DF], proto TCP (6), length 60)
LAN     172.215.188.232.443 > 192.168.56.1.20559: Flags [S.], cksum 0xd3de (correct), seq 527843464, ack 2269764461, win 65535, options [mss 1440,nop,wscale 8,sackOK,nop,nop,nop,nop,nop,nop,nop,nop,nop,nop], length 0
EST TCP_QUEUE; 2026-10-08-02:11:34; 1791425494.742504; 1791425494.742501; 1; 0; 1; 4192
EST TCP_QUEUE; 2026-10-08-02:11:34; 1791425494.792292; 1791425494.792290; 1; 0; 1; 7091
EST TCP_QUEUE; 2026-10-08-02:11:34; 1791425494.845298; 1791425494.845104; 1; 0; 1; 7091
EST TCP_QUEUE; 2026-10-08-02:11:34; 1791425494.892648; 1791425494.892645; 1; 107; 1; 7518
EST TCP_QUEUE; 2026-10-08-02:11:34; 1791425494.934157; 1791425494.934154; 1; 107; 1; 2299
EST TCP_QUEUE; 2026-10-08-02:11:34; 1791425494.991554; 1791425494.991551; 1; 214; 1; 2299
EST TCP_QUEUE; 2026-10-08-02:11:35; 1791425495.057215; 1791425495.057212; 1; 214; 1; 2299
EST TCP_QUEUE; 2026-10-08-02:11:35; 1791425495.101491; 1791425495.101488; 1; 238; 1; 5010
EST TCP_QUEUE; 2026-10-08-02:11:35; 1791425495.152965; 1791425495.152963; 1; 80; 1; 4082
EST TCP_QUEUE; 2026-10-08-02:11:35; 1791425495.202676; 1791425495.202674; 1; 80; 1; 4082
EST TCP_QUEUE; 2026-10-08-02:11:35; 1791425495.244445; 1791425495.244441; 1; 80; 1; 2770
EST TCP_QUEUE; 2026-10-08-02:11:35; 1791425495.302489; 1791425495.302486; 1; 464; 1; 2770
EST TCP_QUEUE; 2026-10-08-02:11:35; 1791425495.360193; 1791425495.360189; 1; 60; 1; 2770
EST TCP_QUEUE; 2026-10-08-02:11:35; 1791425495.410630; 1791425495.410627; 1; 60; 1; 1750
EST TCP_QUEUE; 2026-10-08-02:11:35; 1791425495.465103; 1791425495.465101; 1; 60; 1; 1377
EST TCP_QUEUE; 2026-10-08-02:11:35; 1791425495.521171; 1791425495.521168; 1; 563; 1; 1240
EST TCP_QUEUE; 2026-10-08-02:11:35; 1791425495.564607; 1791425495.564604; 1; 563; 1; 1240
EST TCP_QUEUE; 2026-10-08-02:11:35; 1791425495.622143; 1791425495.622140; 1; 0; 1; 1240
EST TCP_QUEUE; 2026-10-08-02:11:35; 1791425495.679200; 1791425495.679197; 1; 0; 1; 1821
EST TCP_QUEUE; 2026-10-08-02:11:35; 1791425495.728938; 1791425495.728936; 1; 0; 1; 1821
EST TCP_QUEUE; 2026-10-08-02:11:35; 1791425495.783498; 1791425495.783495; 1; 398; 1; 1940
EST TCP_QUEUE; 2026-10-08-02:11:35; 1791425495.843277; 1791425495.843275; 1; 398; 1; 1940
EST TCP_QUEUE; 2026-10-08-02:11:35; 1791425495.917357; 1791425495.917354; 1; 80; 1; 0
EST TCP_QUEUE; 2026-10-08-02:11:35; 1791425495.975318; 1791425495.975316; 1; 80; 1; 0
EST TCP_QUEUE; 2026-10-08-02:11:36; 1791425496.029867; 1791425496.029864; 1; 80; 1; 0
EST TCP_QUEUE; 2026-10-08-02:11:36; 1791425496.082032; 1791425496.082030; 1; 794; 1; 2122
EST TCP_QUEUE; 2026-10-08-02:11:36; 1791425496.136680; 1791425496.136677; 1; 794; 1; 2122
EST TCP_QUEUE; 2026-10-08-02:11:36; 1791425496.182601; 1791425496.182598; 1; 1075; 1; 2122
EST TCP_QUEUE; 2026-10-08-02:11:36; 1791425496.226889; 1791425496.226887; 1; 1075; 1; 2122
EST TCP_QUEUE; 2026-10-08-02:11:36; 1791425496.283758; 1791425496.283755; 1; 1077; 0; 0
EST TCP_QUEUE; 2026-10-08-02:11:36; 1791425496.339691; 1791425496.339688; 1; 1077; 0; 0
EST TCP_QUEUE; 2026-10-08-02:11:36; 1791425496.392275; 1791425496.392266; 0; 0; 0; 0
EST TCP_QUEUE; 2026-10-08-02:11:36; 1791425496.445522; 1791425496.445518; 0; 0; 0; 0
EST TCP_QUEUE; 2026-10-08-02:11:36; 1791425496.491049; 1791425496.491046; 1; 1112; 1; 2046
EST TCP_QUEUE; 2026-10-08-02:11:36; 1791425496.541652; 1791425496.541650; 1; 133; 1; 0
EST TCP_QUEUE; 2026-10-08-02:11:36; 1791425496.601841; 1791425496.601837; 1; 133; 1; 0
EST TCP_QUEUE; 2026-10-08-02:11:36; 1791425496.660302; 1791425496.660300; 1; 133; 1; 0
EST TCP_QUEUE; 2026-10-08-02:11:36; 1791425496.710368; 1791425496.710365; 0; 0; 0; 0
EST TCP_QUEUE; 2026-10-08-02:11:36; 1791425496.760977; 1791425496.760973; 0; 0; 0; 0
EST TCP_QUEUE; 2026-10-08-02:11:36; 1791425496.807339; 1791425496.807337; 0; 0; 0; 0
EST TCP_QUEUE; 2026-10-08-02:11:36; 1791425496.848036; 1791425496.848033; 0; 0; 0; 0
EST TCP_QUEUE; 2026-10-08-02:11:36; 1791425496.906436; 1791425496.906433; 0; 0; 0; 0
EST TCP_QUEUE; 2026-10-08-02:11:36; 1791425496.960254; 1791425496.960251; 0; 0; 0; 0
EST TCP_QUEUE; 2026-10-08-02:11:37; 1791425497.010870; 1791425497.010868; 1; 1191; 0; 0
EST TCP_QUEUE; 2026-10-08-02:11:37; 1791425497.063302; 1791425497.063299; 1; 1191; 0; 0
EST TCP_QUEUE; 2026-10-08-02:11:37; 1791425497.109476; 1791425497.109472; 1; 1191; 0; 0
EST TCP_QUEUE; 2026-10-08-02:11:37; 1791425497.151304; 1791425497.151299; 1; 1191; 0; 0
WAN 02:11:37.490622 IP (tos 0x0, ttl 62, id 42441, offset 0, flags [DF], proto TCP (6), length 60)
WAN     192.168.2.70.11878 > 160.79.104.10.443: Flags [S], cksum 0x0508 (correct), seq 674737734, win 65280, options [mss 1280,sackOK,TS val 3752563478 ecr 0,nop,wscale 9], length 0
LAN 02:11:37.490048 IP (tos 0x0, ttl 63, id 42441, offset 0, flags [DF], proto TCP (6), length 60)
LAN     192.168.56.1.11878 > 160.79.104.10.443: Flags [S], cksum 0xcf4c (correct), seq 674737734, win 65280, options [mss 1280,sackOK,TS val 3752563478 ecr 0,nop,wscale 9], length 0
WAN 02:11:37.520555 IP (tos 0x0, ttl 56, id 0, offset 0, flags [DF], proto TCP (6), length 60)
WAN     160.79.104.10.443 > 192.168.2.70.11878: Flags [S.], cksum 0x9339 (correct), seq 2611015406, ack 674737735, win 65535, options [mss 1460,sackOK,TS val 956214392 ecr 3752563478,nop,wscale 13], length 0
LAN 02:11:37.520868 IP (tos 0x0, ttl 55, id 0, offset 0, flags [DF], proto TCP (6), length 60)
LAN     160.79.104.10.443 > 192.168.56.1.11878: Flags [S.], cksum 0x5d7e (correct), seq 2611015406, ack 674737735, win 65535, options [mss 1460,sackOK,TS val 956214392 ecr 3752563478,nop,wscale 13], length 0
EST TCP_QUEUE; 2026-10-08-02:11:37; 1791425497.209352; 1791425497.209349; 1; 999; 0; 0
EST TCP_QUEUE; 2026-10-08-02:11:37; 1791425497.263217; 1791425497.263214; 1; 999; 0; 0
EST TCP_QUEUE; 2026-10-08-02:11:37; 1791425497.313781; 1791425497.313779; 1; 1188; 0; 0
EST TCP_QUEUE; 2026-10-08-02:11:37; 1791425497.369015; 1791425497.369012; 0; 0; 0; 0
EST TCP_QUEUE; 2026-10-08-02:11:37; 1791425497.417654; 1791425497.417648; 0; 0; 0; 0
EST TCP_QUEUE; 2026-10-08-02:11:37; 1791425497.458117; 1791425497.458113; 0; 0; 0; 0
EST TCP_QUEUE; 2026-10-08-02:11:37; 1791425497.517212; 1791425497.517208; 0; 0; 0; 0
EST TCP_QUEUE; 2026-10-08-02:11:37; 1791425497.577163; 1791425497.577161; 0; 0; 0; 0
EST TCP_QUEUE; 2026-10-08-02:11:37; 1791425497.627105; 1791425497.627102; 0; 0; 0; 0
EST TCP_QUEUE; 2026-10-08-02:11:37; 1791425497.683664; 1791425497.683661; 0; 0; 0; 0
EST TCP_QUEUE; 2026-10-08-02:11:37; 1791425497.731333; 1791425497.731330; 0; 0; 0; 0
EST TCP_QUEUE; 2026-10-08-02:11:37; 1791425497.774952; 1791425497.774949; 0; 0; 0; 0
EST TCP_QUEUE; 2026-10-08-02:11:37; 1791425497.835374; 1791425497.835370; 0; 0; 0; 0
EST TCP_QUEUE; 2026-10-08-02:11:37; 1791425497.890825; 1791425497.890822; 0; 0; 0; 0
EST TCP_QUEUE; 2026-10-08-02:11:37; 1791425497.943904; 1791425497.943901; 0; 0; 0; 0
EST TCP_QUEUE; 2026-10-08-02:11:37; 1791425497.998340; 1791425497.998335; 0; 0; 0; 0
EST TCP_QUEUE; 2026-10-08-02:11:38; 1791425498.046269; 1791425498.046263; 1; 1851; 0; 0
EST TCP_QUEUE; 2026-10-08-02:11:38; 1791425498.089640; 1791425498.089635; 1; 1851; 0; 0
EST TCP_QUEUE; 2026-10-08-02:11:38; 1791425498.148965; 1791425498.148962; 1; 1851; 0; 0
EST TCP_QUEUE; 2026-10-08-02:11:38; 1791425498.203117; 1791425498.203114; 1; 1424; 0; 0
EST TCP_QUEUE; 2026-10-08-02:11:38; 1791425498.255613; 1791425498.255609; 1; 1424; 0; 0
EST TCP_QUEUE; 2026-10-08-02:11:38; 1791425498.308074; 1791425498.308070; 1; 1212; 0; 0
EST TCP_QUEUE; 2026-10-08-02:11:38; 1791425498.390893; 1791425498.390890; 1; 1212; 0; 0
EST TCP_QUEUE; 2026-10-08-02:11:38; 1791425498.434898; 1791425498.434895; 1; 1212; 0; 0
EST TCP_QUEUE; 2026-10-08-02:11:38; 1791425498.491863; 1791425498.491860; 1; 0; 0; 0
EST TCP_QUEUE; 2026-10-08-02:11:38; 1791425498.550641; 1791425498.550638; 1; 0; 0; 0
EST TCP_QUEUE; 2026-10-08-02:11:38; 1791425498.604947; 1791425498.604943; 1; 307; 0; 0
EST TCP_QUEUE; 2026-10-08-02:11:38; 1791425498.658637; 1791425498.658634; 1; 307; 0; 0
EST TCP_QUEUE; 2026-10-08-02:11:38; 1791425498.707360; 1791425498.707355; 1; 0; 0; 0
EST TCP_QUEUE; 2026-10-08-02:11:38; 1791425498.746899; 1791425498.746897; 1; 0; 0; 0
EST TCP_QUEUE; 2026-10-08-02:11:38; 1791425498.804907; 1791425498.804904; 1; 0; 0; 0
EST TCP_QUEUE; 2026-10-08-02:11:38; 1791425498.858735; 1791425498.858733; 1; 0; 0; 0
EST TCP_QUEUE; 2026-10-08-02:11:38; 1791425498.915481; 1791425498.915469; 0; 0; 0; 0
EST TCP_QUEUE; 2026-10-08-02:11:38; 1791425498.966516; 1791425498.966510; 0; 0; 0; 0
EST TCP_QUEUE; 2026-10-08-02:11:39; 1791425499.019768; 1791425499.019763; 0; 0; 0; 0
EST TCP_QUEUE; 2026-10-08-02:11:39; 1791425499.066359; 1791425499.066354; 0; 0; 0; 0
EST TCP_QUEUE; 2026-10-08-02:11:39; 1791425499.124496; 1791425499.124492; 1; 862; 0; 0
EST TCP_QUEUE; 2026-10-08-02:11:39; 1791425499.210095; 1791425499.210091; 1; 862; 0; 0
EST TCP_QUEUE; 2026-10-08-02:11:39; 1791425499.262201; 1791425499.262197; 1; 862; 0; 0
EST TCP_QUEUE; 2026-10-08-02:11:39; 1791425499.319009; 1791425499.319006; 1; 1442; 0; 0
EST TCP_QUEUE; 2026-10-08-02:11:39; 1791425499.364517; 1791425499.364514; 1; 1442; 0; 0
EST TCP_QUEUE; 2026-10-08-02:11:39; 1791425499.410405; 1791425499.410402; 1; 506; 0; 0
EST TCP_QUEUE; 2026-10-08-02:11:39; 1791425499.469702; 1791425499.469699; 0; 0; 0; 0
EST TCP_QUEUE; 2026-10-08-02:11:39; 1791425499.523970; 1791425499.523967; 0; 0; 0; 0
EST TCP_QUEUE; 2026-10-08-02:11:39; 1791425499.622052; 1791425499.622048; 0; 0; 0; 0
EST TCP_QUEUE; 2026-10-08-02:11:39; 1791425499.681728; 1791425499.681725; 0; 0; 0; 0
EST TCP_QUEUE; 2026-10-08-02:11:39; 1791425499.764107; 1791425499.764105; 0; 0; 0; 0
EST TCP_QUEUE; 2026-10-08-02:11:39; 1791425499.836585; 1791425499.836581; 0; 0; 0; 0
EST TCP_QUEUE; 2026-10-08-02:11:39; 1791425499.894014; 1791425499.894011; 0; 0; 0; 0
EST TCP_QUEUE; 2026-10-08-02:11:39; 1791425499.950501; 1791425499.950498; 0; 0; 0; 0
EST TCP_QUEUE; 2026-10-08-02:11:40; 1791425500.002909; 1791425500.002906; 0; 0; 0; 0
EST TCP_QUEUE; 2026-10-08-02:11:40; 1791425500.111960; 1791425500.111957; 0; 0; 0; 0
EST TCP_QUEUE; 2026-10-08-02:11:40; 1791425500.187131; 1791425500.187128; 1; 946; 0; 0
EST TCP_QUEUE; 2026-10-08-02:11:40; 1791425500.246248; 1791425500.246245; 1; 946; 0; 0
EST TCP_QUEUE; 2026-10-08-02:11:40; 1791425500.323294; 1791425500.323291; 1; 998; 0; 0
EST TCP_QUEUE; 2026-10-08-02:11:40; 1791425500.377762; 1791425500.377759; 0; 0; 0; 0
EST TCP_QUEUE; 2026-10-08-02:11:40; 1791425500.434121; 1791425500.434119; 1; 0; 0; 0
EST TCP_QUEUE; 2026-10-08-02:11:40; 1791425500.488121; 1791425500.488117; 1; 309; 0; 0
EST TCP_QUEUE; 2026-10-08-02:11:40; 1791425500.535959; 1791425500.535956; 1; 309; 0; 0
EST TCP_QUEUE; 2026-10-08-02:11:40; 1791425500.590971; 1791425500.590968; 1; 1369; 1; 0
EST TCP_QUEUE; 2026-10-08-02:11:40; 1791425500.649418; 1791425500.649416; 1; 109; 1; 0
EST TCP_QUEUE; 2026-10-08-02:11:40; 1791425500.712767; 1791425500.712764; 1; 109; 1; 0
EST TCP_QUEUE; 2026-10-08-02:11:40; 1791425500.764897; 1791425500.764895; 1; 109; 1; 0
EST TCP_QUEUE; 2026-10-08-02:11:40; 1791425500.824978; 1791425500.824976; 1; 689; 0; 0
EST TCP_QUEUE; 2026-10-08-02:11:40; 1791425500.872920; 1791425500.872917; 0; 0; 0; 0
EST TCP_QUEUE; 2026-10-08-02:11:40; 1791425500.918919; 1791425500.918904; 0; 0; 0; 0
EST TCP_QUEUE; 2026-10-08-02:11:40; 1791425500.974918; 1791425500.974914; 0; 0; 0; 0
EST TCP_QUEUE; 2026-10-08-02:11:41; 1791425501.036944; 1791425501.036939; 0; 0; 0; 0
EST TCP_QUEUE; 2026-10-08-02:11:41; 1791425501.115509; 1791425501.115506; 0; 0; 0; 0
EST TCP_QUEUE; 2026-10-08-02:11:41; 1791425501.169905; 1791425501.169903; 1; 483; 0; 0
EST TCP_QUEUE; 2026-10-08-02:11:41; 1791425501.220090; 1791425501.220087; 1; 483; 0; 0
EST TCP_QUEUE; 2026-10-08-02:11:41; 1791425501.281072; 1791425501.281070; 1; 483; 0; 0
EST TCP_QUEUE; 2026-10-08-02:11:41; 1791425501.372411; 1791425501.372408; 0; 0; 0; 0
EST TCP_QUEUE; 2026-10-08-02:11:41; 1791425501.410515; 1791425501.410512; 0; 0; 0; 0
EST TCP_QUEUE; 2026-10-08-02:11:41; 1791425501.460698; 1791425501.460695; 1; 0; 0; 0
EST TCP_QUEUE; 2026-10-08-02:11:41; 1791425501.518866; 1791425501.518863; 1; 714; 1; 0
EST TCP_QUEUE; 2026-10-08-02:11:41; 1791425501.576452; 1791425501.576449; 1; 179; 1; 2364
EST TCP_QUEUE; 2026-10-08-02:11:41; 1791425501.620157; 1791425501.620154; 1; 179; 1; 0
EST TCP_QUEUE; 2026-10-08-02:11:41; 1791425501.681824; 1791425501.681820; 1; 855; 1; 0
EST TCP_QUEUE; 2026-10-08-02:11:41; 1791425501.743638; 1791425501.743636; 1; 855; 1; 0
EST TCP_QUEUE; 2026-10-08-02:11:41; 1791425501.822261; 1791425501.822257; 1; 1167; 1; 2364
EST TCP_QUEUE; 2026-10-08-02:11:41; 1791425501.876689; 1791425501.876686; 1; 1167; 1; 2364
EST TCP_QUEUE; 2026-10-08-02:11:41; 1791425501.921062; 1791425501.921060; 1; 1167; 1; 2364
EST TCP_QUEUE; 2026-10-08-02:11:41; 1791425501.968881; 1791425501.968878; 0; 0; 0; 0
EST TCP_QUEUE; 2026-10-08-02:11:42; 1791425502.030547; 1791425502.030545; 0; 0; 0; 0
EST TCP_QUEUE; 2026-10-08-02:11:42; 1791425502.121551; 1791425502.121548; 0; 0; 0; 0
EST TCP_QUEUE; 2026-10-08-02:11:42; 1791425502.176499; 1791425502.176494; 0; 0; 0; 0
EST TCP_QUEUE; 2026-10-08-02:11:42; 1791425502.228625; 1791425502.228621; 1; 1242; 0; 0
EST TCP_QUEUE; 2026-10-08-02:11:42; 1791425502.299628; 1791425502.299622; 1; 1242; 0; 0
EST TCP_QUEUE; 2026-10-08-02:11:42; 1791425502.341111; 1791425502.341107; 1; 1242; 0; 0
EST TCP_QUEUE; 2026-10-08-02:11:42; 1791425502.413821; 1791425502.413817; 1; 1348; 0; 0
EST TCP_QUEUE; 2026-10-08-02:11:42; 1791425502.466275; 1791425502.466273; 1; 1348; 0; 0
EST TCP_QUEUE; 2026-10-08-02:11:42; 1791425502.518916; 1791425502.518914; 1; 886; 0; 0
EST TCP_QUEUE; 2026-10-08-02:11:42; 1791425502.575176; 1791425502.575173; 1; 886; 0; 0
EST TCP_QUEUE; 2026-10-08-02:11:42; 1791425502.624854; 1791425502.624851; 1; 886; 0; 0
EST TCP_QUEUE; 2026-10-08-02:11:42; 1791425502.678064; 1791425502.678061; 0; 0; 0; 0
EST TCP_QUEUE; 2026-10-08-02:11:42; 1791425502.753319; 1791425502.753316; 1; 717; 1; 2484
EST TCP_QUEUE; 2026-10-08-02:11:42; 1791425502.811919; 1791425502.811916; 1; 717; 1; 2484
EST TCP_QUEUE; 2026-10-08-02:11:42; 1791425502.864436; 1791425502.864433; 1; 717; 1; 2484
EST TCP_QUEUE; 2026-10-08-02:11:42; 1791425502.920110; 1791425502.920107; 1; 2484; 0; 0
EST TCP_QUEUE; 2026-10-08-02:11:42; 1791425502.965468; 1791425502.965465; 1; 2484; 0; 0
EST TCP_QUEUE; 2026-10-08-02:11:43; 1791425503.006794; 1791425503.006790; 0; 0; 0; 0
EST TCP_QUEUE; 2026-10-08-02:11:43; 1791425503.068430; 1791425503.068427; 0; 0; 0; 0
EST TCP_QUEUE; 2026-10-08-02:11:43; 1791425503.122488; 1791425503.122486; 0; 0; 0; 0
EST TCP_QUEUE; 2026-10-08-02:11:43; 1791425503.178936; 1791425503.178934; 0; 0; 0; 0
EST TCP_QUEUE; 2026-10-08-02:11:43; 1791425503.233160; 1791425503.233158; 0; 0; 0; 0
EST TCP_QUEUE; 2026-10-08-02:11:43; 1791425503.281238; 1791425503.281235; 1; 264; 0; 0
EST TCP_QUEUE; 2026-10-08-02:11:43; 1791425503.322839; 1791425503.322836; 1; 264; 0; 0
EST TCP_QUEUE; 2026-10-08-02:11:43; 1791425503.382454; 1791425503.382451; 1; 1394; 0; 0
EST TCP_QUEUE; 2026-10-08-02:11:43; 1791425503.438847; 1791425503.438845; 1; 1394; 0; 0
EST TCP_QUEUE; 2026-10-08-02:11:43; 1791425503.489206; 1791425503.489203; 1; 1394; 0; 0
EST TCP_QUEUE; 2026-10-08-02:11:43; 1791425503.543704; 1791425503.543701; 1; 1394; 0; 0
EST TCP_QUEUE; 2026-10-08-02:11:43; 1791425503.599960; 1791425503.599957; 1; 800; 0; 0
EST TCP_QUEUE; 2026-10-08-02:11:43; 1791425503.648660; 1791425503.648658; 1; 800; 0; 0
EST TCP_QUEUE; 2026-10-08-02:11:43; 1791425503.712791; 1791425503.712787; 1; 800; 0; 0
EST TCP_QUEUE; 2026-10-08-02:11:43; 1791425503.767290; 1791425503.767287; 0; 0; 0; 0
EST TCP_QUEUE; 2026-10-08-02:11:43; 1791425503.817498; 1791425503.817494; 0; 0; 0; 0
EST TCP_QUEUE; 2026-10-08-02:11:43; 1791425503.918053; 1791425503.918049; 1; 0; 0; 0
EST TCP_QUEUE; 2026-10-08-02:11:43; 1791425503.977869; 1791425503.977866; 1; 0; 0; 0
EST TCP_QUEUE; 2026-10-08-02:11:44; 1791425504.019447; 1791425504.019444; 1; 0; 0; 0
EST TCP_QUEUE; 2026-10-08-02:11:44; 1791425504.079140; 1791425504.079135; 0; 0; 0; 0
EST TCP_QUEUE; 2026-10-08-02:11:44; 1791425504.136893; 1791425504.136890; 0; 0; 0; 0
EST TCP_QUEUE; 2026-10-08-02:11:44; 1791425504.187577; 1791425504.187574; 1; 442; 0; 0
EST TCP_QUEUE; 2026-10-08-02:11:44; 1791425504.247598; 1791425504.247595; 1; 1148; 1; 1510
EST TCP_QUEUE; 2026-10-08-02:11:44; 1791425504.295813; 1791425504.295811; 1; 1148; 1; 1510
EST TCP_QUEUE; 2026-10-08-02:11:44; 1791425504.395213; 1791425504.395210; 1; 555; 0; 0
EST TCP_QUEUE; 2026-10-08-02:11:44; 1791425504.458860; 1791425504.458857; 1; 555; 0; 0
EST TCP_QUEUE; 2026-10-08-02:11:44; 1791425504.513532; 1791425504.513530; 1; 0; 0; 0
EST TCP_QUEUE; 2026-10-08-02:11:44; 1791425504.565742; 1791425504.565739; 1; 0; 0; 0
EST TCP_QUEUE; 2026-10-08-02:11:44; 1791425504.618038; 1791425504.618036; 0; 0; 0; 0
EST TCP_QUEUE; 2026-10-08-02:11:44; 1791425504.693221; 1791425504.693218; 1; 374; 0; 0
EST TCP_QUEUE; 2026-10-08-02:11:44; 1791425504.744455; 1791425504.744452; 1; 374; 0; 0
EST TCP_QUEUE; 2026-10-08-02:11:44; 1791425504.809989; 1791425504.809986; 0; 0; 0; 0
EST TCP_QUEUE; 2026-10-08-02:11:44; 1791425504.903222; 1791425504.903219; 0; 0; 0; 0
EST TCP_QUEUE; 2026-10-08-02:11:44; 1791425504.959594; 1791425504.959591; 1; 347; 0; 0
EST TCP_QUEUE; 2026-10-08-02:11:45; 1791425505.012190; 1791425505.012187; 1; 347; 0; 0
EST TCP_QUEUE; 2026-10-08-02:11:45; 1791425505.064409; 1791425505.064405; 1; 347; 0; 0
EST TCP_QUEUE; 2026-10-08-02:11:45; 1791425505.110954; 1791425505.110951; 0; 0; 0; 0
EST TCP_QUEUE; 2026-10-08-02:11:45; 1791425505.168603; 1791425505.168600; 0; 0; 0; 0
EST TCP_QUEUE; 2026-10-08-02:11:45; 1791425505.224862; 1791425505.224859; 0; 0; 0; 0
EST TCP_QUEUE; 2026-10-08-02:11:45; 1791425505.318662; 1791425505.318660; 0; 0; 0; 0
EST TCP_QUEUE; 2026-10-08-02:11:45; 1791425505.376649; 1791425505.376646; 1; 781; 1; 0
EST TCP_QUEUE; 2026-10-08-02:11:45; 1791425505.424381; 1791425505.424378; 1; 781; 1; 0
EST TCP_QUEUE; 2026-10-08-02:11:45; 1791425505.463961; 1791425505.463958; 1; 781; 1; 0
EST TCP_QUEUE; 2026-10-08-02:11:45; 1791425505.522220; 1791425505.522217; 1; 442; 0; 0
EST TCP_QUEUE; 2026-10-08-02:11:45; 1791425505.577701; 1791425505.577699; 1; 442; 0; 0
EST TCP_QUEUE; 2026-10-08-02:11:45; 1791425505.628456; 1791425505.628453; 1; 442; 0; 0
EST TCP_QUEUE; 2026-10-08-02:11:45; 1791425505.680926; 1791425505.680924; 0; 0; 0; 0
EST TCP_QUEUE; 2026-10-08-02:11:45; 1791425505.735198; 1791425505.735194; 1; 222; 0; 0
EST TCP_QUEUE; 2026-10-08-02:11:45; 1791425505.810097; 1791425505.810092; 1; 222; 0; 0
EST TCP_QUEUE; 2026-10-08-02:11:45; 1791425505.892376; 1791425505.892372; 0; 0; 0; 0
EST TCP_QUEUE; 2026-10-08-02:11:45; 1791425505.959991; 1791425505.959988; 0; 0; 0; 0
EST TCP_QUEUE; 2026-10-08-02:11:46; 1791425506.011240; 1791425506.011237; 1; 517; 0; 0
EST TCP_QUEUE; 2026-10-08-02:11:46; 1791425506.065204; 1791425506.065201; 1; 517; 0; 0
EST TCP_QUEUE; 2026-10-08-02:11:46; 1791425506.114776; 1791425506.114771; 1; 517; 0; 0
EST TCP_QUEUE; 2026-10-08-02:11:46; 1791425506.164016; 1791425506.164013; 1; 517; 0; 0
EST TCP_QUEUE; 2026-10-08-02:11:46; 1791425506.254884; 1791425506.254881; 0; 0; 0; 0
EST TCP_QUEUE; 2026-10-08-02:11:46; 1791425506.369226; 1791425506.369224; 0; 0; 0; 0
EST TCP_QUEUE; 2026-10-08-02:11:46; 1791425506.420340; 1791425506.420337; 1; 957; 0; 0
EST TCP_QUEUE; 2026-10-08-02:11:46; 1791425506.470960; 1791425506.470957; 1; 957; 0; 0
EST TCP_QUEUE; 2026-10-08-02:11:46; 1791425506.517887; 1791425506.517885; 1; 957; 0; 0
EST TCP_QUEUE; 2026-10-08-02:11:46; 1791425506.560680; 1791425506.560677; 1; 957; 0; 0
EST TCP_QUEUE; 2026-10-08-02:11:46; 1791425506.622178; 1791425506.622175; 1; 438; 0; 0
EST TCP_QUEUE; 2026-10-08-02:11:46; 1791425506.684335; 1791425506.684332; 0; 0; 0; 0
EST TCP_QUEUE; 2026-10-08-02:11:46; 1791425506.745364; 1791425506.745361; 1; 2088; 0; 0
EST TCP_QUEUE; 2026-10-08-02:11:46; 1791425506.794352; 1791425506.794348; 1; 2088; 0; 0
EST TCP_QUEUE; 2026-10-08-02:11:46; 1791425506.842499; 1791425506.842496; 1; 2088; 0; 0
EST TCP_QUEUE; 2026-10-08-02:11:46; 1791425506.886089; 1791425506.886086; 0; 0; 0; 0
EST TCP_QUEUE; 2026-10-08-02:11:46; 1791425506.950790; 1791425506.950786; 0; 0; 0; 0
EST TCP_QUEUE; 2026-10-08-02:11:47; 1791425507.017360; 1791425507.017358; 0; 0; 0; 0
EST TCP_QUEUE; 2026-10-08-02:11:47; 1791425507.068614; 1791425507.068611; 1; 394; 0; 0
EST TCP_QUEUE; 2026-10-08-02:11:47; 1791425507.120708; 1791425507.120705; 1; 394; 0; 0
EST TCP_QUEUE; 2026-10-08-02:11:47; 1791425507.166868; 1791425507.166864; 0; 0; 0; 0
EST TCP_QUEUE; 2026-10-08-02:11:47; 1791425507.209851; 1791425507.209848; 0; 0; 0; 0
EST TCP_QUEUE; 2026-10-08-02:11:47; 1791425507.269913; 1791425507.269910; 0; 0; 0; 0
EST TCP_QUEUE; 2026-10-08-02:11:47; 1791425507.330048; 1791425507.330045; 0; 0; 0; 0
EST TCP_QUEUE; 2026-10-08-02:11:47; 1791425507.413615; 1791425507.413611; 0; 0; 0; 0
EST TCP_QUEUE; 2026-10-08-02:11:47; 1791425507.465749; 1791425507.465746; 1; 1026; 0; 0
EST TCP_QUEUE; 2026-10-08-02:11:47; 1791425507.513816; 1791425507.513813; 1; 1026; 0; 0
EST TCP_QUEUE; 2026-10-08-02:11:47; 1791425507.557285; 1791425507.557283; 1; 1026; 0; 0
EST TCP_QUEUE; 2026-10-08-02:11:47; 1791425507.615054; 1791425507.615051; 1; 0; 0; 0
EST TCP_QUEUE; 2026-10-08-02:11:47; 1791425507.673137; 1791425507.673134; 1; 0; 0; 0
EST TCP_QUEUE; 2026-10-08-02:11:47; 1791425507.725728; 1791425507.725723; 1; 0; 0; 0
EST TCP_QUEUE; 2026-10-08-02:11:47; 1791425507.780212; 1791425507.780208; 0; 0; 0; 0
EST TCP_QUEUE; 2026-10-08-02:11:47; 1791425507.826178; 1791425507.826174; 1; 900; 0; 0
EST TCP_QUEUE; 2026-10-08-02:11:47; 1791425507.883076; 1791425507.883073; 1; 1290; 0; 0
EST TCP_QUEUE; 2026-10-08-02:11:47; 1791425507.941265; 1791425507.941261; 1; 1290; 0; 0
EST TCP_QUEUE; 2026-10-08-02:11:47; 1791425507.997200; 1791425507.997198; 0; 0; 0; 0
EST TCP_QUEUE; 2026-10-08-02:11:48; 1791425508.049579; 1791425508.049577; 0; 0; 0; 0
EST TCP_QUEUE; 2026-10-08-02:11:48; 1791425508.103586; 1791425508.103584; 1; 0; 0; 0
EST TCP_QUEUE; 2026-10-08-02:11:48; 1791425508.152068; 1791425508.152066; 1; 0; 0; 0
EST TCP_QUEUE; 2026-10-08-02:11:48; 1791425508.195562; 1791425508.195559; 1; 0; 0; 0
EST TCP_QUEUE; 2026-10-08-02:11:48; 1791425508.298181; 1791425508.298177; 0; 0; 0; 0
EST TCP_QUEUE; 2026-10-08-02:11:48; 1791425508.359948; 1791425508.359945; 0; 0; 0; 0
EST TCP_QUEUE; 2026-10-08-02:11:48; 1791425508.413896; 1791425508.413893; 0; 0; 0; 0
EST TCP_QUEUE; 2026-10-08-02:11:48; 1791425508.468298; 1791425508.468296; 0; 0; 0; 0
EST TCP_QUEUE; 2026-10-08-02:11:48; 1791425508.516128; 1791425508.516125; 1; 291; 0; 0
EST TCP_QUEUE; 2026-10-08-02:11:48; 1791425508.559708; 1791425508.559705; 1; 291; 0; 0
EST TCP_QUEUE; 2026-10-08-02:11:48; 1791425508.618063; 1791425508.618060; 1; 291; 0; 0
EST TCP_QUEUE; 2026-10-08-02:11:48; 1791425508.676352; 1791425508.676350; 1; 763; 0; 0
EST TCP_QUEUE; 2026-10-08-02:11:48; 1791425508.732587; 1791425508.732584; 1; 763; 0; 0
EST TCP_QUEUE; 2026-10-08-02:11:48; 1791425508.800213; 1791425508.800210; 0; 0; 0; 0
EST TCP_QUEUE; 2026-10-08-02:11:48; 1791425508.848305; 1791425508.848301; 1; 7; 0; 0
EST TCP_QUEUE; 2026-10-08-02:11:48; 1791425508.890265; 1791425508.890262; 1; 7; 0; 0
EST TCP_QUEUE; 2026-10-08-02:11:48; 1791425508.957227; 1791425508.957224; 1; 7; 0; 0
EST TCP_QUEUE; 2026-10-08-02:11:49; 1791425509.017460; 1791425509.017458; 0; 0; 0; 0
EST TCP_QUEUE; 2026-10-08-02:11:49; 1791425509.069157; 1791425509.069154; 0; 0; 0; 0
EST TCP_QUEUE; 2026-10-08-02:11:49; 1791425509.120401; 1791425509.120398; 0; 0; 0; 0
EST TCP_QUEUE; 2026-10-08-02:11:49; 1791425509.166931; 1791425509.166927; 1; 681; 0; 0
EST TCP_QUEUE; 2026-10-08-02:11:49; 1791425509.210042; 1791425509.210038; 1; 681; 0; 0
EST TCP_QUEUE; 2026-10-08-02:11:49; 1791425509.298568; 1791425509.298566; 0; 0; 0; 0
EST TCP_QUEUE; 2026-10-08-02:11:49; 1791425509.395809; 1791425509.395806; 0; 0; 0; 0
EST TCP_QUEUE; 2026-10-08-02:11:49; 1791425509.494354; 1791425509.494351; 0; 0; 0; 0
EST TCP_QUEUE; 2026-10-08-02:11:49; 1791425509.552979; 1791425509.552976; 1; 1814; 0; 0
EST TCP_QUEUE; 2026-10-08-02:11:49; 1791425509.600769; 1791425509.600765; 1; 1814; 0; 0
EST TCP_QUEUE; 2026-10-08-02:11:49; 1791425509.643210; 1791425509.643207; 1; 1814; 0; 0
EST TCP_QUEUE; 2026-10-08-02:11:49; 1791425509.701661; 1791425509.701659; 0; 0; 0; 0
EST TCP_QUEUE; 2026-10-08-02:11:49; 1791425509.757899; 1791425509.757897; 1; 161; 0; 0
EST TCP_QUEUE; 2026-10-08-02:11:49; 1791425509.808651; 1791425509.808648; 1; 161; 0; 0
EST TCP_QUEUE; 2026-10-08-02:11:49; 1791425509.861414; 1791425509.861411; 1; 161; 0; 0
EST TCP_QUEUE; 2026-10-08-02:11:49; 1791425509.910838; 1791425509.910835; 1; 42; 0; 0
EST TCP_QUEUE; 2026-10-08-02:11:50; 1791425510.008894; 1791425510.008889; 1; 42; 0; 0
EST TCP_QUEUE; 2026-10-08-02:11:50; 1791425510.072625; 1791425510.072621; 0; 0; 0; 0
EST TCP_QUEUE; 2026-10-08-02:11:50; 1791425510.152042; 1791425510.152039; 0; 0; 0; 0
EST TCP_QUEUE; 2026-10-08-02:11:50; 1791425510.204942; 1791425510.204938; 1; 600; 0; 0
EST TCP_QUEUE; 2026-10-08-02:11:50; 1791425510.259118; 1791425510.259115; 1; 600; 0; 0
EST TCP_QUEUE; 2026-10-08-02:11:50; 1791425510.304715; 1791425510.304713; 1; 600; 0; 0
EST TCP_QUEUE; 2026-10-08-02:11:50; 1791425510.399074; 1791425510.399070; 0; 0; 0; 0
EST TCP_QUEUE; 2026-10-08-02:11:50; 1791425510.496703; 1791425510.496701; 0; 0; 0; 0
EST TCP_QUEUE; 2026-10-08-02:11:50; 1791425510.553345; 1791425510.553343; 0; 0; 0; 0
EST TCP_QUEUE; 2026-10-08-02:11:50; 1791425510.621593; 1791425510.621590; 1; 628; 0; 0
EST TCP_QUEUE; 2026-10-08-02:11:50; 1791425510.673763; 1791425510.673761; 0; 0; 0; 0
EST TCP_QUEUE; 2026-10-08-02:11:50; 1791425510.719664; 1791425510.719660; 0; 0; 0; 0
EST TCP_QUEUE; 2026-10-08-02:11:50; 1791425510.761493; 1791425510.761490; 0; 0; 0; 0
EST TCP_QUEUE; 2026-10-08-02:11:50; 1791425510.818990; 1791425510.818988; 1; 523; 0; 0
EST TCP_QUEUE; 2026-10-08-02:11:50; 1791425510.874314; 1791425510.874310; 1; 523; 0; 0
EST TCP_QUEUE; 2026-10-08-02:11:50; 1791425510.926168; 1791425510.926164; 1; 523; 0; 0
EST TCP_QUEUE; 2026-10-08-02:11:50; 1791425510.980156; 1791425510.980154; 1; 137; 0; 0
EST TCP_QUEUE; 2026-10-08-02:11:51; 1791425511.026155; 1791425511.026153; 1; 137; 0; 0
EST TCP_QUEUE; 2026-10-08-02:11:51; 1791425511.098425; 1791425511.098422; 0; 0; 0; 0
EST TCP_QUEUE; 2026-10-08-02:11:51; 1791425511.156363; 1791425511.156361; 0; 0; 0; 0
EST TCP_QUEUE; 2026-10-08-02:11:51; 1791425511.212897; 1791425511.212893; 1; 543; 0; 0
EST TCP_QUEUE; 2026-10-08-02:11:51; 1791425511.263247; 1791425511.263244; 1; 543; 0; 0
EST TCP_QUEUE; 2026-10-08-02:11:51; 1791425511.315818; 1791425511.315815; 1; 543; 0; 0
EST TCP_QUEUE; 2026-10-08-02:11:51; 1791425511.367301; 1791425511.367298; 0; 0; 0; 0
EST TCP_QUEUE; 2026-10-08-02:11:51; 1791425511.411617; 1791425511.411606; 1; 680; 1; 553
EST TCP_QUEUE; 2026-10-08-02:11:51; 1791425511.470558; 1791425511.470555; 1; 680; 1; 553
EST TCP_QUEUE; 2026-10-08-02:11:51; 1791425511.533460; 1791425511.533457; 1; 680; 1; 553
EST TCP_QUEUE; 2026-10-08-02:11:51; 1791425511.605050; 1791425511.605047; 1; 1347; 0; 0
EST TCP_QUEUE; 2026-10-08-02:11:51; 1791425511.667061; 1791425511.667057; 1; 1347; 0; 0
EST TCP_QUEUE; 2026-10-08-02:11:51; 1791425511.715335; 1791425511.715329; 1; 1347; 0; 0
EST TCP_QUEUE; 2026-10-08-02:11:51; 1791425511.758755; 1791425511.758749; 1; 124; 1; 0
EST TCP_QUEUE; 2026-10-08-02:11:51; 1791425511.818568; 1791425511.818565; 1; 124; 1; 0
EST TCP_QUEUE; 2026-10-08-02:11:51; 1791425511.874465; 1791425511.874462; 1; 554; 1; 293
EST TCP_QUEUE; 2026-10-08-02:11:51; 1791425511.924588; 1791425511.924585; 1; 554; 1; 293
EST TCP_QUEUE; 2026-10-08-02:11:51; 1791425511.976874; 1791425511.976871; 1; 1395; 0; 0
EST TCP_QUEUE; 2026-10-08-02:11:52; 1791425512.024963; 1791425512.024960; 1; 1395; 0; 0
EST TCP_QUEUE; 2026-10-08-02:11:52; 1791425512.105697; 1791425512.105692; 0; 0; 0; 0
EST TCP_QUEUE; 2026-10-08-02:11:52; 1791425512.170336; 1791425512.170328; 0; 0; 0; 0
EST TCP_QUEUE; 2026-10-08-02:11:52; 1791425512.223564; 1791425512.223561; 0; 0; 0; 0
EST TCP_QUEUE; 2026-10-08-02:11:52; 1791425512.273738; 1791425512.273735; 1; 93; 0; 0
EST TCP_QUEUE; 2026-10-08-02:11:52; 1791425512.327992; 1791425512.327989; 1; 93; 0; 0
EST TCP_QUEUE; 2026-10-08-02:11:52; 1791425512.373944; 1791425512.373941; 0; 0; 0; 0
EST TCP_QUEUE; 2026-10-08-02:11:52; 1791425512.425739; 1791425512.425736; 0; 0; 0; 0
EST TCP_QUEUE; 2026-10-08-02:11:52; 1791425512.494783; 1791425512.494781; 0; 0; 0; 0
EST TCP_QUEUE; 2026-10-08-02:11:52; 1791425512.549066; 1791425512.549063; 0; 0; 0; 0
EST TCP_QUEUE; 2026-10-08-02:11:52; 1791425512.630538; 1791425512.630535; 0; 0; 0; 0
EST TCP_QUEUE; 2026-10-08-02:11:52; 1791425512.687095; 1791425512.687092; 1; 1432; 0; 0
EST TCP_QUEUE; 2026-10-08-02:11:52; 1791425512.730912; 1791425512.730909; 1; 1432; 0; 0
EST TCP_QUEUE; 2026-10-08-02:11:52; 1791425512.777169; 1791425512.777164; 0; 0; 0; 0
EST TCP_QUEUE; 2026-10-08-02:11:52; 1791425512.834566; 1791425512.834562; 0; 0; 0; 0
EST TCP_QUEUE; 2026-10-08-02:11:52; 1791425512.902349; 1791425512.902347; 1; 1825; 1; 2356
EST TCP_QUEUE; 2026-10-08-02:11:52; 1791425512.949037; 1791425512.949033; 1; 1059; 1; 2356
EST TCP_QUEUE; 2026-10-08-02:11:53; 1791425513.000924; 1791425513.000922; 1; 0; 1; 2356
EST TCP_QUEUE; 2026-10-08-02:11:53; 1791425513.050697; 1791425513.050695; 1; 0; 1; 2356
EST TCP_QUEUE; 2026-10-08-02:11:53; 1791425513.107909; 1791425513.107906; 1; 0; 1; 2356
EST TCP_QUEUE; 2026-10-08-02:11:53; 1791425513.167477; 1791425513.167475; 1; 1009; 1; 611
EST TCP_QUEUE; 2026-10-08-02:11:53; 1791425513.227692; 1791425513.227690; 1; 303; 1; 0
EST TCP_QUEUE; 2026-10-08-02:11:53; 1791425513.278502; 1791425513.278500; 1; 303; 1; 0
EST TCP_QUEUE; 2026-10-08-02:11:53; 1791425513.331122; 1791425513.331119; 1; 0; 1; 0
EST TCP_QUEUE; 2026-10-08-02:11:53; 1791425513.377033; 1791425513.377030; 1; 0; 1; 0
EST TCP_QUEUE; 2026-10-08-02:11:53; 1791425513.418620; 1791425513.418618; 1; 0; 1; 0
EST TCP_QUEUE; 2026-10-08-02:11:53; 1791425513.474353; 1791425513.474350; 1; 223; 1; 2200
EST TCP_QUEUE; 2026-10-08-02:11:53; 1791425513.528975; 1791425513.528973; 1; 223; 1; 1686
EST TCP_QUEUE; 2026-10-08-02:11:53; 1791425513.583265; 1791425513.583262; 1; 293; 1; 1290
EST TCP_QUEUE; 2026-10-08-02:11:53; 1791425513.635547; 1791425513.635544; 1; 293; 1; 1290
EST TCP_QUEUE; 2026-10-08-02:11:53; 1791425513.681863; 1791425513.681861; 1; 345; 1; 1376
EST TCP_QUEUE; 2026-10-08-02:11:53; 1791425513.726711; 1791425513.726709; 1; 345; 1; 1376
EST TCP_QUEUE; 2026-10-08-02:11:53; 1791425513.786856; 1791425513.786854; 1; 270; 1; 1865
EST TCP_QUEUE; 2026-10-08-02:11:53; 1791425513.841030; 1791425513.841028; 1; 270; 1; 0
EST TCP_QUEUE; 2026-10-08-02:11:53; 1791425513.891204; 1791425513.891202; 1; 574; 1; 0
EST TCP_QUEUE; 2026-10-08-02:11:53; 1791425513.948869; 1791425513.948865; 1; 362; 1; 0
EST TCP_QUEUE; 2026-10-08-02:11:54; 1791425514.007422; 1791425514.007419; 1; 362; 1; 664
EST TCP_QUEUE; 2026-10-08-02:11:54; 1791425514.048886; 1791425514.048883; 1; 362; 1; 664
EST TCP_QUEUE; 2026-10-08-02:11:54; 1791425514.116220; 1791425514.116218; 1; 20; 1; 996
EST TCP_QUEUE; 2026-10-08-02:11:54; 1791425514.178522; 1791425514.178518; 1; 20; 1; 0
EST TCP_QUEUE; 2026-10-08-02:11:54; 1791425514.231007; 1791425514.231003; 1; 20; 1; 0
EST TCP_QUEUE; 2026-10-08-02:11:54; 1791425514.283265; 1791425514.283262; 1; 0; 1; 593
EST TCP_QUEUE; 2026-10-08-02:11:54; 1791425514.342925; 1791425514.342921; 1; 0; 1; 593
EST TCP_QUEUE; 2026-10-08-02:11:54; 1791425514.384270; 1791425514.384267; 1; 211; 1; 1297
EST TCP_QUEUE; 2026-10-08-02:11:54; 1791425514.442451; 1791425514.442448; 1; 211; 1; 496
EST TCP_QUEUE; 2026-10-08-02:11:54; 1791425514.503970; 1791425514.503968; 1; 571; 1; 496
EST TCP_QUEUE; 2026-10-08-02:11:54; 1791425514.580432; 1791425514.580429; 1; 571; 1; 1087
EST TCP_QUEUE; 2026-10-08-02:11:54; 1791425514.632070; 1791425514.632067; 1; 571; 1; 710
EST TCP_QUEUE; 2026-10-08-02:11:54; 1791425514.678620; 1791425514.678617; 1; 578; 1; 710
EST TCP_QUEUE; 2026-10-08-02:11:54; 1791425514.720199; 1791425514.720195; 1; 578; 1; 710
EST TCP_QUEUE; 2026-10-08-02:11:54; 1791425514.783794; 1791425514.783790; 1; 390; 1; 864
EST TCP_QUEUE; 2026-10-08-02:11:54; 1791425514.839016; 1791425514.839013; 1; 390; 1; 0
EST TCP_QUEUE; 2026-10-08-02:11:54; 1791425514.891792; 1791425514.891790; 1; 338; 1; 0
EST TCP_QUEUE; 2026-10-08-02:11:54; 1791425514.947064; 1791425514.947062; 1; 253; 1; 0
EST TCP_QUEUE; 2026-10-08-02:11:55; 1791425515.010064; 1791425515.010061; 1; 151; 1; 2193
EST TCP_QUEUE; 2026-10-08-02:11:55; 1791425515.053796; 1791425515.053793; 1; 151; 1; 2193
EST TCP_QUEUE; 2026-10-08-02:11:55; 1791425515.113171; 1791425515.113168; 1; 265; 1; 0
EST TCP_QUEUE; 2026-10-08-02:11:55; 1791425515.175697; 1791425515.175694; 1; 217; 1; 0
EST TCP_QUEUE; 2026-10-08-02:11:55; 1791425515.228494; 1791425515.228490; 1; 217; 1; 0
EST TCP_QUEUE; 2026-10-08-02:11:55; 1791425515.280555; 1791425515.280553; 1; 521; 1; 2014
EST TCP_QUEUE; 2026-10-08-02:11:55; 1791425515.325982; 1791425515.325980; 1; 521; 1; 0
EST TCP_QUEUE; 2026-10-08-02:11:55; 1791425515.367917; 1791425515.367915; 1; 438; 1; 0
EST TCP_QUEUE; 2026-10-08-02:11:55; 1791425515.427310; 1791425515.427308; 1; 438; 1; 0
EST TCP_QUEUE; 2026-10-08-02:11:55; 1791425515.481546; 1791425515.481543; 1; 719; 1; 184
EST TCP_QUEUE; 2026-10-08-02:11:55; 1791425515.535965; 1791425515.535963; 1; 719; 1; 184
EST TCP_QUEUE; 2026-10-08-02:11:55; 1791425515.588805; 1791425515.588802; 1; 432; 1; 0
EST TCP_QUEUE; 2026-10-08-02:11:55; 1791425515.636755; 1791425515.636753; 1; 432; 1; 0
EST TCP_QUEUE; 2026-10-08-02:11:55; 1791425515.681572; 1791425515.681569; 1; 316; 1; 1132
EST TCP_QUEUE; 2026-10-08-02:11:55; 1791425515.741452; 1791425515.741449; 1; 247; 1; 1132
EST TCP_QUEUE; 2026-10-08-02:11:55; 1791425515.798176; 1791425515.798173; 1; 247; 1; 0
EST TCP_QUEUE; 2026-10-08-02:11:55; 1791425515.846313; 1791425515.846309; 1; 247; 1; 0
EST TCP_QUEUE; 2026-10-08-02:11:55; 1791425515.901004; 1791425515.901002; 1; 453; 1; 1396
EST TCP_QUEUE; 2026-10-08-02:11:55; 1791425515.946456; 1791425515.946453; 1; 453; 1; 0
EST TCP_QUEUE; 2026-10-08-02:11:56; 1791425516.004055; 1791425516.004052; 1; 453; 1; 0
EST TCP_QUEUE; 2026-10-08-02:11:56; 1791425516.073570; 1791425516.073566; 1; 0; 1; 885
EST TCP_QUEUE; 2026-10-08-02:11:56; 1791425516.127503; 1791425516.127499; 1; 0; 1; 885
EST TCP_QUEUE; 2026-10-08-02:11:56; 1791425516.179845; 1791425516.179842; 1; 681; 0; 0
EST TCP_QUEUE; 2026-10-08-02:11:56; 1791425516.261499; 1791425516.261496; 1; 681; 0; 0
EST TCP_QUEUE; 2026-10-08-02:11:56; 1791425516.307820; 1791425516.307817; 1; 550; 0; 0
EST TCP_QUEUE; 2026-10-08-02:11:56; 1791425516.356451; 1791425516.356448; 1; 550; 0; 0
EST TCP_QUEUE; 2026-10-08-02:11:56; 1791425516.422162; 1791425516.422159; 0; 0; 0; 0
EST TCP_QUEUE; 2026-10-08-02:11:56; 1791425516.490006; 1791425516.489999; 0; 0; 0; 0
EST TCP_QUEUE; 2026-10-08-02:11:56; 1791425516.536436; 1791425516.536433; 1; 368; 0; 0
EST TCP_QUEUE; 2026-10-08-02:11:56; 1791425516.589549; 1791425516.589545; 1; 368; 0; 0
EST TCP_QUEUE; 2026-10-08-02:11:56; 1791425516.640943; 1791425516.640940; 1; 617; 1; 0
EST TCP_QUEUE; 2026-10-08-02:11:56; 1791425516.682727; 1791425516.682724; 1; 617; 1; 0
EST TCP_QUEUE; 2026-10-08-02:11:56; 1791425516.742124; 1791425516.742121; 1; 617; 1; 0
EST TCP_QUEUE; 2026-10-08-02:11:56; 1791425516.798683; 1791425516.798679; 1; 1274; 0; 0
EST TCP_QUEUE; 2026-10-08-02:11:56; 1791425516.849280; 1791425516.849277; 1; 1274; 0; 0
EST TCP_QUEUE; 2026-10-08-02:11:56; 1791425516.899211; 1791425516.899209; 1; 1304; 0; 0
EST TCP_QUEUE; 2026-10-08-02:11:56; 1791425516.958695; 1791425516.958692; 1; 1304; 0; 0
EST TCP_QUEUE; 2026-10-08-02:11:57; 1791425517.002337; 1791425517.002334; 1; 1304; 0; 0
EST TCP_QUEUE; 2026-10-08-02:11:57; 1791425517.088917; 1791425517.088914; 0; 0; 0; 0
EST TCP_QUEUE; 2026-10-08-02:11:57; 1791425517.165804; 1791425517.165802; 1; 697; 1; 1740
EST TCP_QUEUE; 2026-10-08-02:11:57; 1791425517.217129; 1791425517.217126; 1; 697; 1; 1740
EST TCP_QUEUE; 2026-10-08-02:11:57; 1791425517.273527; 1791425517.273525; 1; 577; 0; 0
EST TCP_QUEUE; 2026-10-08-02:11:57; 1791425517.319484; 1791425517.319482; 1; 577; 0; 0
EST TCP_QUEUE; 2026-10-08-02:11:57; 1791425517.363419; 1791425517.363417; 1; 577; 0; 0
EST TCP_QUEUE; 2026-10-08-02:11:57; 1791425517.420876; 1791425517.420874; 1; 0; 0; 0
EST TCP_QUEUE; 2026-10-08-02:11:57; 1791425517.485217; 1791425517.485214; 0; 0; 0; 0
EST TCP_QUEUE; 2026-10-08-02:11:57; 1791425517.543512; 1791425517.543509; 1; 1550; 0; 0
EST TCP_QUEUE; 2026-10-08-02:11:57; 1791425517.598110; 1791425517.598105; 1; 0; 0; 0
EST TCP_QUEUE; 2026-10-08-02:11:57; 1791425517.655637; 1791425517.655632; 1; 283; 0; 0
EST TCP_QUEUE; 2026-10-08-02:11:57; 1791425517.698622; 1791425517.698618; 1; 283; 0; 0
EST TCP_QUEUE; 2026-10-08-02:11:57; 1791425517.758578; 1791425517.758575; 1; 283; 0; 0
EST TCP_QUEUE; 2026-10-08-02:11:57; 1791425517.822985; 1791425517.822983; 0; 0; 0; 0
EST TCP_QUEUE; 2026-10-08-02:11:57; 1791425517.877247; 1791425517.877244; 0; 0; 0; 0
EST TCP_QUEUE; 2026-10-08-02:11:57; 1791425517.929422; 1791425517.929419; 0; 0; 0; 0
EST TCP_QUEUE; 2026-10-08-02:11:57; 1791425517.981283; 1791425517.981278; 1; 894; 0; 0
EST TCP_QUEUE; 2026-10-08-02:11:58; 1791425518.025663; 1791425518.025660; 1; 894; 0; 0
EST TCP_QUEUE; 2026-10-08-02:11:58; 1791425518.107783; 1791425518.107780; 1; 894; 0; 0
EST TCP_QUEUE; 2026-10-08-02:11:58; 1791425518.192560; 1791425518.192557; 0; 0; 0; 0
EST TCP_QUEUE; 2026-10-08-02:11:58; 1791425518.250941; 1791425518.250939; 0; 0; 0; 0
EST TCP_QUEUE; 2026-10-08-02:11:58; 1791425518.305670; 1791425518.305668; 0; 0; 0; 0
EST TCP_QUEUE; 2026-10-08-02:11:58; 1791425518.353199; 1791425518.353196; 1; 389; 0; 0
EST TCP_QUEUE; 2026-10-08-02:11:58; 1791425518.395250; 1791425518.395247; 1; 389; 0; 0
EST TCP_QUEUE; 2026-10-08-02:11:58; 1791425518.462087; 1791425518.462084; 1; 389; 0; 0
EST TCP_QUEUE; 2026-10-08-02:11:58; 1791425518.530769; 1791425518.530764; 1; 125; 0; 0
EST TCP_QUEUE; 2026-10-08-02:11:58; 1791425518.579116; 1791425518.579112; 0; 0; 0; 0
EST TCP_QUEUE; 2026-10-08-02:11:58; 1791425518.634934; 1791425518.634931; 0; 0; 0; 0
EST TCP_QUEUE; 2026-10-08-02:11:58; 1791425518.680901; 1791425518.680898; 0; 0; 0; 0
EST TCP_QUEUE; 2026-10-08-02:11:58; 1791425518.724381; 1791425518.724378; 1; 0; 0; 0
EST TCP_QUEUE; 2026-10-08-02:11:58; 1791425518.782223; 1791425518.782219; 1; 0; 0; 0
EST TCP_QUEUE; 2026-10-08-02:11:58; 1791425518.838889; 1791425518.838886; 1; 0; 0; 0
EST TCP_QUEUE; 2026-10-08-02:11:58; 1791425518.889125; 1791425518.889122; 0; 0; 0; 0
EST TCP_QUEUE; 2026-10-08-02:11:58; 1791425518.943895; 1791425518.943891; 0; 0; 0; 0
EST TCP_QUEUE; 2026-10-08-02:11:58; 1791425518.994690; 1791425518.994687; 0; 0; 0; 0
EST TCP_QUEUE; 2026-10-08-02:11:59; 1791425519.062822; 1791425519.062819; 0; 0; 0; 0
EST TCP_QUEUE; 2026-10-08-02:11:59; 1791425519.119024; 1791425519.119021; 1; 1028; 0; 0
EST TCP_QUEUE; 2026-10-08-02:11:59; 1791425519.303540; 1791425519.303538; 0; 0; 0; 0
EST TCP_QUEUE; 2026-10-08-02:11:59; 1791425519.375406; 1791425519.375403; 0; 0; 0; 0
EST TCP_QUEUE; 2026-10-08-02:11:59; 1791425519.429153; 1791425519.429151; 1; 493; 0; 0
EST TCP_QUEUE; 2026-10-08-02:11:59; 1791425519.477172; 1791425519.477169; 1; 493; 0; 0
EST TCP_QUEUE; 2026-10-08-02:11:59; 1791425519.518956; 1791425519.518953; 1; 493; 0; 0
EST TCP_QUEUE; 2026-10-08-02:11:59; 1791425519.580571; 1791425519.580567; 1; 309; 0; 0
EST TCP_QUEUE; 2026-10-08-02:11:59; 1791425519.635449; 1791425519.635446; 1; 309; 0; 0
EST TCP_QUEUE; 2026-10-08-02:11:59; 1791425519.687591; 1791425519.687588; 0; 0; 0; 0
EST TCP_QUEUE; 2026-10-08-02:11:59; 1791425519.743458; 1791425519.743454; 0; 0; 0; 0
EST TCP_QUEUE; 2026-10-08-02:11:59; 1791425519.793348; 1791425519.793345; 1; 219; 0; 0
EST TCP_QUEUE; 2026-10-08-02:11:59; 1791425519.897352; 1791425519.897346; 1; 219; 0; 0
EST TCP_QUEUE; 2026-10-08-02:11:59; 1791425519.954872; 1791425519.954869; 1; 219; 0; 0
EST TCP_QUEUE; 2026-10-08-02:12:00; 1791425520.013128; 1791425520.013122; 0; 0; 0; 0
EST TCP_QUEUE; 2026-10-08-02:12:00; 1791425520.067319; 1791425520.067316; 0; 0; 0; 0
EST TCP_QUEUE; 2026-10-08-02:12:00; 1791425520.126301; 1791425520.126297; 0; 0; 0; 0
EST TCP_QUEUE; 2026-10-08-02:12:00; 1791425520.177664; 1791425520.177661; 1; 336; 0; 0
EST TCP_QUEUE; 2026-10-08-02:12:00; 1791425520.282705; 1791425520.282703; 0; 0; 0; 0
EST TCP_QUEUE; 2026-10-08-02:12:00; 1791425520.380067; 1791425520.380064; 0; 0; 0; 0
EST TCP_QUEUE; 2026-10-08-02:12:00; 1791425520.437550; 1791425520.437547; 0; 0; 0; 0
EST TCP_QUEUE; 2026-10-08-02:12:00; 1791425520.487382; 1791425520.487380; 0; 0; 0; 0
EST TCP_QUEUE; 2026-10-08-02:12:00; 1791425520.541699; 1791425520.541697; 1; 667; 0; 0
EST TCP_QUEUE; 2026-10-08-02:12:00; 1791425520.588990; 1791425520.588986; 1; 667; 0; 0
EST TCP_QUEUE; 2026-10-08-02:12:00; 1791425520.630998; 1791425520.630996; 1; 667; 0; 0
EST TCP_QUEUE; 2026-10-08-02:12:00; 1791425520.692436; 1791425520.692433; 0; 0; 0; 0
WAN 02:12:01.614853 IP (tos 0x0, ttl 127, id 13292, offset 0, flags [DF], proto TCP (6), length 64)
WAN     192.168.2.70.29917 > 52.123.129.14.443: Flags [S], cksum 0x1e00 (correct), seq 3929655134, win 65535, options [mss 1460,nop,wscale 8,nop,nop,sackOK,nop,nop,TS val 3394153729 ecr 0], length 0
WAN 02:12:01.633859 IP (tos 0x0, ttl 120, id 50440, offset 0, flags [DF], proto TCP (6), length 52)
WAN     52.123.129.14.443 > 192.168.2.70.29917: Flags [S.], cksum 0xf402 (correct), seq 1026202941, ack 3929655135, win 65535, options [mss 1440,nop,wscale 8,nop,nop,sackOK], length 0
LAN 02:12:01.614289 IP (tos 0x0, ttl 128, id 13292, offset 0, flags [DF], proto TCP (6), length 52)
LAN     192.168.56.1.29917 > 52.123.129.14.443: Flags [S], cksum 0x98ac (correct), seq 3929655134, win 65535, options [mss 1460,nop,wscale 8,nop,nop,sackOK], length 0
LAN 02:12:01.634319 IP (tos 0x0, ttl 119, id 50440, offset 0, flags [DF], proto TCP (6), length 52)
LAN     52.123.129.14.443 > 192.168.56.1.29917: Flags [S.], cksum 0xbe47 (correct), seq 1026202941, ack 3929655135, win 65535, options [mss 1440,nop,wscale 8,nop,nop,sackOK], length 0
WAN 02:12:02.030928 IP (tos 0x0, ttl 127, id 41119, offset 0, flags [DF], proto TCP (6), length 64)
WAN     192.168.2.70.21340 > 216.197.195.136.443: Flags [S], cksum 0x1628 (correct), seq 2620676088, win 65535, options [mss 1460,nop,wscale 8,nop,nop,sackOK,nop,nop,TS val 3394153729 ecr 0], length 0
WAN 02:12:02.039074 IP (tos 0x0, ttl 58, id 0, offset 0, flags [DF], proto TCP (6), length 60)
WAN     216.197.195.136.443 > 192.168.2.70.21340: Flags [S.], cksum 0xbe9b (correct), seq 2914254187, ack 2620676089, win 65160, options [mss 1384,sackOK,TS val 1798591729 ecr 3394153729,nop,wscale 7], length 0
WAN 02:12:02.049511 IP (tos 0x0, ttl 58, id 0, offset 0, flags [DF], proto TCP (6), length 60)
WAN     216.197.195.136.443 > 192.168.2.70.21340: Flags [S.], cksum 0xbe90 (correct), seq 2914254187, ack 2620676089, win 65160, options [mss 1384,sackOK,TS val 1798591740 ecr 3394153729,nop,wscale 7], length 0
LAN 02:12:02.030593 IP (tos 0x0, ttl 128, id 41119, offset 0, flags [DF], proto TCP (6), length 52)
LAN     192.168.56.1.21340 > 216.197.195.136.443: Flags [S], cksum 0x90d4 (correct), seq 2620676088, win 65535, options [mss 1460,nop,wscale 8,nop,nop,sackOK], length 0
LAN 02:12:02.040618 IP (tos 0x0, ttl 57, id 0, offset 0, flags [DF], proto TCP (6), length 60)
LAN     216.197.195.136.443 > 192.168.56.1.21340: Flags [S.], cksum 0xc35b (correct), seq 2914254187, ack 2620676089, win 65160, options [mss 1384,sackOK,nop,nop,nop,nop,nop,nop,nop,nop,nop,nop,nop,wscale 7], length 0
LAN 02:12:02.049814 IP (tos 0x0, ttl 57, id 0, offset 0, flags [DF], proto TCP (6), length 60)
LAN     216.197.195.136.443 > 192.168.56.1.21340: Flags [S.], cksum 0xc35b (correct), seq 2914254187, ack 2620676089, win 65160, options [mss 1384,sackOK,nop,nop,nop,nop,nop,nop,nop,nop,nop,nop,nop,wscale 7], length 0
EST TCP_QUEUE; 2026-10-08-02:12:00; 1791425520.748074; 1791425520.748071; 0; 0; 0; 0
EST TCP_QUEUE; 2026-10-08-02:12:00; 1791425520.798220; 1791425520.798217; 0; 0; 0; 0
EST TCP_QUEUE; 2026-10-08-02:12:00; 1791425520.854829; 1791425520.854826; 1; 265; 0; 0
EST TCP_QUEUE; 2026-10-08-02:12:00; 1791425520.902270; 1791425520.902267; 1; 265; 0; 0
EST TCP_QUEUE; 2026-10-08-02:12:00; 1791425520.946701; 1791425520.946698; 1; 265; 0; 0
EST TCP_QUEUE; 2026-10-08-02:12:01; 1791425521.004037; 1791425521.004033; 0; 0; 0; 0
EST TCP_QUEUE; 2026-10-08-02:12:01; 1791425521.057753; 1791425521.057751; 0; 0; 0; 0
EST TCP_QUEUE; 2026-10-08-02:12:01; 1791425521.110445; 1791425521.110442; 0; 0; 0; 0
EST TCP_QUEUE; 2026-10-08-02:12:01; 1791425521.171549; 1791425521.171542; 0; 0; 0; 0
EST TCP_QUEUE; 2026-10-08-02:12:01; 1791425521.218962; 1791425521.218958; 1; 1018; 0; 0
EST TCP_QUEUE; 2026-10-08-02:12:01; 1791425521.279308; 1791425521.279305; 1; 1018; 0; 0
EST TCP_QUEUE; 2026-10-08-02:12:01; 1791425521.348644; 1791425521.348640; 1; 1018; 0; 0
EST TCP_QUEUE; 2026-10-08-02:12:01; 1791425521.416776; 1791425521.416773; 0; 0; 0; 0
EST TCP_QUEUE; 2026-10-08-02:12:01; 1791425521.469638; 1791425521.469635; 0; 0; 0; 0
EST TCP_QUEUE; 2026-10-08-02:12:01; 1791425521.526768; 1791425521.526765; 1; 118; 0; 0
EST TCP_QUEUE; 2026-10-08-02:12:01; 1791425521.566672; 1791425521.566668; 1; 243; 1; 0
EST TCP_QUEUE; 2026-10-08-02:12:01; 1791425521.608859; 1791425521.608855; 1; 243; 1; 0
EST TCP_QUEUE; 2026-10-08-02:12:01; 1791425521.668039; 1791425521.668036; 1; 0; 0; 0
EST TCP_QUEUE; 2026-10-08-02:12:01; 1791425521.720848; 1791425521.720846; 1; 0; 0; 0
EST TCP_QUEUE; 2026-10-08-02:12:01; 1791425521.779672; 1791425521.779669; 1; 0; 0; 0
EST TCP_QUEUE; 2026-10-08-02:12:01; 1791425521.833065; 1791425521.833062; 1; 0; 0; 0
EST TCP_QUEUE; 2026-10-08-02:12:01; 1791425521.879324; 1791425521.879322; 1; 954; 0; 0
EST TCP_QUEUE; 2026-10-08-02:12:02; 1791425522.021791; 1791425522.021789; 1; 2202; 0; 0
EST TCP_QUEUE; 2026-10-08-02:12:02; 1791425522.028624; 1791425522.028621; 1; 2202; 0; 0
EST TCP_QUEUE; 2026-10-08-02:12:02; 1791425522.041059; 1791425522.041055; 1; 0; 0; 0
EST TCP_QUEUE; 2026-10-08-02:12:02; 1791425522.196633; 1791425522.196630; 1; 6854; 0; 0
EST TCP_QUEUE; 2026-10-08-02:12:02; 1791425522.279977; 1791425522.279974; 1; 39107; 0; 0
EST TCP_QUEUE; 2026-10-08-02:12:02; 1791425522.280305; 1791425522.280303; 1; 39107; 0; 0
EST TCP_QUEUE; 2026-10-08-02:12:02; 1791425522.280318; 1791425522.280317; 1; 39107; 0; 0
EST TCP_QUEUE; 2026-10-08-02:12:02; 1791425522.338203; 1791425522.338200; 1; 39107; 0; 0
EST TCP_QUEUE; 2026-10-08-02:12:02; 1791425522.483962; 1791425522.483959; 0; 0; 0; 0
EST TCP_QUEUE; 2026-10-08-02:12:02; 1791425522.638730; 1791425522.638727; 0; 0; 0; 0
EST TCP_QUEUE; 2026-10-08-02:12:02; 1791425522.639007; 1791425522.639005; 0; 0; 0; 0
EST TCP_QUEUE; 2026-10-08-02:12:02; 1791425522.639029; 1791425522.639027; 0; 0; 0; 0
EST TCP_QUEUE; 2026-10-08-02:12:02; 1791425522.657117; 1791425522.657114; 0; 0; 0; 0
EST TCP_QUEUE; 2026-10-08-02:12:02; 1791425522.663524; 1791425522.663521; 0; 0; 0; 0
EST TCP_QUEUE; 2026-10-08-02:12:02; 1791425522.669579; 1791425522.669576; 0; 0; 0; 0
EST TCP_QUEUE; 2026-10-08-02:12:02; 1791425522.823443; 1791425522.823441; 1; 0; 0; 0
EST TCP_QUEUE; 2026-10-08-02:12:02; 1791425522.849110; 1791425522.849107; 1; 0; 0; 0
EST TCP_QUEUE; 2026-10-08-02:12:02; 1791425522.853704; 1791425522.853700; 1; 0; 0; 0
EST TCP_QUEUE; 2026-10-08-02:12:02; 1791425522.867602; 1791425522.867600; 0; 0; 0; 0
EST TCP_QUEUE; 2026-10-08-02:12:03; 1791425523.031246; 1791425523.031240; 1; 119396; 0; 0
EST TCP_QUEUE; 2026-10-08-02:12:03; 1791425523.057943; 1791425523.057940; 1; 119396; 0; 0
EST TCP_QUEUE; 2026-10-08-02:12:03; 1791425523.057962; 1791425523.057960; 1; 119396; 0; 0
EST TCP_QUEUE; 2026-10-08-02:12:03; 1791425523.090182; 1791425523.090180; 1; 119396; 0; 0
EST TCP_QUEUE; 2026-10-08-02:12:03; 1791425523.234345; 1791425523.234342; 0; 0; 0; 0
EST TCP_QUEUE; 2026-10-08-02:12:03; 1791425523.252047; 1791425523.252045; 0; 0; 0; 0
EST TCP_QUEUE; 2026-10-08-02:12:03; 1791425523.261404; 1791425523.261400; 0; 0; 0; 0
EST TCP_QUEUE; 2026-10-08-02:12:03; 1791425523.438623; 1791425523.438620; 1; 116031; 0; 0
EST TCP_QUEUE; 2026-10-08-02:12:03; 1791425523.466158; 1791425523.466155; 1; 116031; 0; 0
EST TCP_QUEUE; 2026-10-08-02:12:03; 1791425523.468187; 1791425523.468183; 1; 116031; 0; 0
EST TCP_QUEUE; 2026-10-08-02:12:03; 1791425523.475245; 1791425523.475243; 1; 116031; 0; 0
EST TCP_QUEUE; 2026-10-08-02:12:03; 1791425523.516694; 1791425523.516691; 1; 116031; 0; 0
EST TCP_QUEUE; 2026-10-08-02:12:03; 1791425523.667692; 1791425523.667688; 0; 0; 0; 0
EST TCP_QUEUE; 2026-10-08-02:12:03; 1791425523.671113; 1791425523.671110; 0; 0; 0; 0
EST TCP_QUEUE; 2026-10-08-02:12:03; 1791425523.687275; 1791425523.687271; 0; 0; 0; 0
EST TCP_QUEUE; 2026-10-08-02:12:03; 1791425523.848043; 1791425523.848039; 1; 113887; 0; 0
EST TCP_QUEUE; 2026-10-08-02:12:03; 1791425523.866161; 1791425523.866156; 1; 113887; 0; 0
EST TCP_QUEUE; 2026-10-08-02:12:03; 1791425523.874622; 1791425523.874618; 1; 113887; 0; 0
EST TCP_QUEUE; 2026-10-08-02:12:03; 1791425523.894672; 1791425523.894669; 1; 113887; 0; 0
EST TCP_QUEUE; 2026-10-08-02:12:04; 1791425524.053084; 1791425524.053081; 0; 0; 0; 0
EST TCP_QUEUE; 2026-10-08-02:12:04; 1791425524.081211; 1791425524.081207; 1; 133; 0; 0
EST TCP_QUEUE; 2026-10-08-02:12:04; 1791425524.083474; 1791425524.083471; 1; 133; 0; 0
EST TCP_QUEUE; 2026-10-08-02:12:04; 1791425524.104041; 1791425524.104039; 1; 133; 0; 0
LAN 02:12:04.698400 IP (tos 0x0, ttl 63, id 43925, offset 0, flags [DF], proto TCP (6), length 60)
LAN     192.168.56.1.11860 > 172.64.155.209.443: Flags [S], cksum 0xa572 (correct), seq 3443070583, win 65280, options [mss 1280,sackOK,TS val 160646704 ecr 0,nop,wscale 9], length 0
LAN 02:12:04.735910 IP (tos 0x0, ttl 55, id 0, offset 0, flags [DF], proto TCP (6), length 60)
LAN     172.64.155.209.443 > 192.168.56.1.11860: Flags [S.], cksum 0x9493 (correct), seq 758320752, ack 3443070584, win 65535, options [mss 1400,sackOK,TS val 1407287246 ecr 160646704,nop,wscale 13], length 0
WAN 02:12:04.698941 IP (tos 0x0, ttl 62, id 43925, offset 0, flags [DF], proto TCP (6), length 60)
WAN     192.168.2.70.11860 > 172.64.155.209.443: Flags [S], cksum 0xdb2d (correct), seq 3443070583, win 65280, options [mss 1280,sackOK,TS val 160646704 ecr 0,nop,wscale 9], length 0
WAN 02:12:04.735630 IP (tos 0x0, ttl 56, id 0, offset 0, flags [DF], proto TCP (6), length 60)
WAN     172.64.155.209.443 > 192.168.2.70.11860: Flags [S.], cksum 0xca4e (correct), seq 758320752, ack 3443070584, win 65535, options [mss 1400,sackOK,TS val 1407287246 ecr 160646704,nop,wscale 13], length 0
EST TCP_QUEUE; 2026-10-08-02:12:04; 1791425524.275538; 1791425524.275535; 0; 0; 0; 0
EST TCP_QUEUE; 2026-10-08-02:12:04; 1791425524.282942; 1791425524.282939; 0; 0; 0; 0
EST TCP_QUEUE; 2026-10-08-02:12:04; 1791425524.295862; 1791425524.295859; 0; 0; 0; 0
EST TCP_QUEUE; 2026-10-08-02:12:04; 1791425524.465645; 1791425524.465633; 0; 0; 0; 0
EST TCP_QUEUE; 2026-10-08-02:12:04; 1791425524.488953; 1791425524.488947; 0; 0; 0; 0
EST TCP_QUEUE; 2026-10-08-02:12:04; 1791425524.492313; 1791425524.492305; 1; 1474; 0; 0
EST TCP_QUEUE; 2026-10-08-02:12:04; 1791425524.493014; 1791425524.493010; 1; 1474; 0; 0
EST TCP_QUEUE; 2026-10-08-02:12:04; 1791425524.652300; 1791425524.652296; 1; 1474; 0; 0
EST TCP_QUEUE; 2026-10-08-02:12:04; 1791425524.680852; 1791425524.680849; 0; 0; 0; 0
EST TCP_QUEUE; 2026-10-08-02:12:04; 1791425524.688303; 1791425524.688300; 0; 0; 0; 0
EST TCP_QUEUE; 2026-10-08-02:12:04; 1791425524.710544; 1791425524.710541; 1; 0; 0; 0
EST TCP_QUEUE; 2026-10-08-02:12:04; 1791425524.872664; 1791425524.872658; 1; 92298; 0; 0
EST TCP_QUEUE; 2026-10-08-02:12:04; 1791425524.890806; 1791425524.890801; 1; 92298; 0; 0
EST TCP_QUEUE; 2026-10-08-02:12:04; 1791425524.897564; 1791425524.897560; 1; 92298; 0; 0
EST TCP_QUEUE; 2026-10-08-02:12:04; 1791425524.920476; 1791425524.920472; 1; 1040; 0; 0
EST TCP_QUEUE; 2026-10-08-02:12:05; 1791425525.078691; 1791425525.078689; 0; 0; 0; 0
EST TCP_QUEUE; 2026-10-08-02:12:05; 1791425525.102255; 1791425525.102252; 0; 0; 0; 0
EST TCP_QUEUE; 2026-10-08-02:12:05; 1791425525.119723; 1791425525.119719; 0; 0; 0; 0
EST TCP_QUEUE; 2026-10-08-02:12:05; 1791425525.119747; 1791425525.119745; 0; 0; 0; 0
EST TCP_QUEUE; 2026-10-08-02:12:05; 1791425525.293023; 1791425525.293017; 0; 0; 0; 0
EST TCP_QUEUE; 2026-10-08-02:12:05; 1791425525.332558; 1791425525.332555; 0; 0; 0; 0
EST TCP_QUEUE; 2026-10-08-02:12:05; 1791425525.359710; 1791425525.359707; 0; 0; 0; 0
EST TCP_QUEUE; 2026-10-08-02:12:05; 1791425525.362584; 1791425525.362580; 0; 0; 0; 0
EST TCP_QUEUE; 2026-10-08-02:12:05; 1791425525.443613; 1791425525.443611; 0; 0; 0; 0
EST TCP_QUEUE; 2026-10-08-02:12:05; 1791425525.496739; 1791425525.496737; 0; 0; 0; 0
EST TCP_QUEUE; 2026-10-08-02:12:05; 1791425525.558121; 1791425525.558119; 1; 1899; 0; 0
EST TCP_QUEUE; 2026-10-08-02:12:05; 1791425525.610949; 1791425525.610946; 1; 1899; 0; 0
EST TCP_QUEUE; 2026-10-08-02:12:05; 1791425525.665031; 1791425525.665028; 1; 1899; 0; 0
EST TCP_QUEUE; 2026-10-08-02:12:05; 1791425525.717849; 1791425525.717846; 0; 0; 0; 0
EST TCP_QUEUE; 2026-10-08-02:12:05; 1791425525.765939; 1791425525.765935; 0; 0; 0; 0
EST TCP_QUEUE; 2026-10-08-02:12:05; 1791425525.811883; 1791425525.811879; 0; 0; 0; 0
EST TCP_QUEUE; 2026-10-08-02:12:05; 1791425525.869893; 1791425525.869889; 0; 0; 0; 0
EST TCP_QUEUE; 2026-10-08-02:12:05; 1791425525.925170; 1791425525.925168; 0; 0; 0; 0
EST TCP_QUEUE; 2026-10-08-02:12:05; 1791425525.977544; 1791425525.977542; 1; 886; 0; 0
EST TCP_QUEUE; 2026-10-08-02:12:06; 1791425526.039456; 1791425526.039453; 1; 886; 0; 0
EST TCP_QUEUE; 2026-10-08-02:12:06; 1791425526.085609; 1791425526.085606; 0; 0; 0; 0
EST TCP_QUEUE; 2026-10-08-02:12:06; 1791425526.127363; 1791425526.127360; 0; 0; 0; 0
EST TCP_QUEUE; 2026-10-08-02:12:06; 1791425526.189125; 1791425526.189122; 1; 897; 0; 0
EST TCP_QUEUE; 2026-10-08-02:12:06; 1791425526.315052; 1791425526.315049; 1; 897; 0; 0
EST TCP_QUEUE; 2026-10-08-02:12:06; 1791425526.411846; 1791425526.411844; 0; 0; 0; 0
EST TCP_QUEUE; 2026-10-08-02:12:06; 1791425526.487672; 1791425526.487669; 0; 0; 0; 0
EST TCP_QUEUE; 2026-10-08-02:12:06; 1791425526.533600; 1791425526.533598; 0; 0; 0; 0
EST TCP_QUEUE; 2026-10-08-02:12:06; 1791425526.575130; 1791425526.575128; 0; 0; 0; 0
EST TCP_QUEUE; 2026-10-08-02:12:06; 1791425526.636804; 1791425526.636801; 1; 1093; 0; 0
EST TCP_QUEUE; 2026-10-08-02:12:06; 1791425526.697051; 1791425526.696798; 1; 1093; 0; 0
EST TCP_QUEUE; 2026-10-08-02:12:06; 1791425526.747222; 1791425526.747220; 1; 1093; 0; 0
EST TCP_QUEUE; 2026-10-08-02:12:06; 1791425526.805874; 1791425526.805871; 0; 0; 0; 0
EST TCP_QUEUE; 2026-10-08-02:12:06; 1791425526.898415; 1791425526.898411; 0; 0; 0; 0
EST TCP_QUEUE; 2026-10-08-02:12:06; 1791425526.945933; 1791425526.945930; 0; 0; 0; 0
EST TCP_QUEUE; 2026-10-08-02:12:07; 1791425527.004090; 1791425527.004085; 1; 744; 0; 0
EST TCP_QUEUE; 2026-10-08-02:12:07; 1791425527.065561; 1791425527.065558; 1; 1168; 0; 0
EST TCP_QUEUE; 2026-10-08-02:12:07; 1791425527.118090; 1791425527.118083; 1; 1168; 0; 0
EST TCP_QUEUE; 2026-10-08-02:12:07; 1791425527.169258; 1791425527.169250; 0; 0; 0; 0
EST TCP_QUEUE; 2026-10-08-02:12:07; 1791425527.217695; 1791425527.217687; 0; 0; 0; 0
EST TCP_QUEUE; 2026-10-08-02:12:07; 1791425527.257498; 1791425527.257495; 1; 2192; 0; 0
EST TCP_QUEUE; 2026-10-08-02:12:07; 1791425527.319526; 1791425527.319522; 1; 2192; 0; 0
EST TCP_QUEUE; 2026-10-08-02:12:07; 1791425527.391041; 1791425527.391039; 0; 0; 0; 0
EST TCP_QUEUE; 2026-10-08-02:12:07; 1791425527.445451; 1791425527.445448; 0; 0; 0; 0
EST TCP_QUEUE; 2026-10-08-02:12:07; 1791425527.503706; 1791425527.503703; 0; 0; 0; 0
EST TCP_QUEUE; 2026-10-08-02:12:07; 1791425527.566298; 1791425527.566294; 0; 0; 0; 0
EST TCP_QUEUE; 2026-10-08-02:12:07; 1791425527.614941; 1791425527.614939; 0; 0; 0; 0
EST TCP_QUEUE; 2026-10-08-02:12:07; 1791425527.672301; 1791425527.672299; 1; 1160; 0; 0
EST TCP_QUEUE; 2026-10-08-02:12:07; 1791425527.728818; 1791425527.728815; 1; 1160; 0; 0
EST TCP_QUEUE; 2026-10-08-02:12:07; 1791425527.785308; 1791425527.785305; 0; 0; 0; 0
EST TCP_QUEUE; 2026-10-08-02:12:07; 1791425527.859490; 1791425527.859485; 0; 0; 0; 0
EST TCP_QUEUE; 2026-10-08-02:12:07; 1791425527.906817; 1791425527.906814; 0; 0; 0; 0
EST TCP_QUEUE; 2026-10-08-02:12:08; 1791425528.012239; 1791425528.012236; 0; 0; 0; 0
EST TCP_QUEUE; 2026-10-08-02:12:08; 1791425528.075134; 1791425528.075131; 1; 628; 0; 0
EST TCP_QUEUE; 2026-10-08-02:12:08; 1791425528.130836; 1791425528.130833; 1; 803; 0; 0
EST TCP_QUEUE; 2026-10-08-02:12:08; 1791425528.180877; 1791425528.180874; 1; 803; 0; 0
WAN 02:12:08.837797 IP (tos 0x0, ttl 127, id 46127, offset 0, flags [DF], proto TCP (6), length 64)
WAN     192.168.2.70.26704 > 150.171.110.152.443: Flags [S], cksum 0xcd45 (correct), seq 3413898153, win 65535, options [mss 1460,nop,wscale 8,nop,nop,sackOK,nop,nop,TS val 3394153729 ecr 0], length 0
WAN 02:12:08.883312 IP (tos 0x0, ttl 48, id 0, offset 0, flags [DF], proto TCP (6), length 60)
WAN     150.171.110.152.443 > 192.168.2.70.26704: Flags [S.], cksum 0x8353 (correct), seq 3067197569, ack 3413898154, win 65535, options [mss 1440,sackOK,TS val 4258918092 ecr 3394153729,nop,wscale 9], length 0
LAN 02:12:08.837733 IP (tos 0x0, ttl 128, id 46127, offset 0, flags [DF], proto TCP (6), length 52)
LAN     192.168.56.1.26704 > 150.171.110.152.443: Flags [S], cksum 0x47f2 (correct), seq 3413898153, win 65535, options [mss 1460,nop,wscale 8,nop,nop,sackOK], length 0
LAN 02:12:08.883618 IP (tos 0x0, ttl 47, id 0, offset 0, flags [DF], proto TCP (6), length 60)
LAN     150.171.110.152.443 > 192.168.56.1.26704: Flags [S.], cksum 0xb494 (correct), seq 3067197569, ack 3413898154, win 65535, options [mss 1440,sackOK,nop,nop,nop,nop,nop,nop,nop,nop,nop,nop,nop,wscale 9], length 0
EST TCP_QUEUE; 2026-10-08-02:12:08; 1791425528.233434; 1791425528.233432; 1; 803; 0; 0
EST TCP_QUEUE; 2026-10-08-02:12:08; 1791425528.284970; 1791425528.284968; 0; 0; 0; 0
EST TCP_QUEUE; 2026-10-08-02:12:08; 1791425528.326099; 1791425528.326096; 1; 893; 0; 0
EST TCP_QUEUE; 2026-10-08-02:12:08; 1791425528.388077; 1791425528.388073; 1; 893; 0; 0
EST TCP_QUEUE; 2026-10-08-02:12:08; 1791425528.444408; 1791425528.444405; 1; 893; 0; 0
EST TCP_QUEUE; 2026-10-08-02:12:08; 1791425528.496976; 1791425528.496974; 0; 0; 0; 0
EST TCP_QUEUE; 2026-10-08-02:12:08; 1791425528.559919; 1791425528.559913; 0; 0; 0; 0
EST TCP_QUEUE; 2026-10-08-02:12:08; 1791425528.609297; 1791425528.609293; 0; 0; 0; 0
EST TCP_QUEUE; 2026-10-08-02:12:08; 1791425528.648741; 1791425528.648736; 0; 0; 0; 0
EST TCP_QUEUE; 2026-10-08-02:12:08; 1791425528.710304; 1791425528.710299; 1; 1163; 0; 0
EST TCP_QUEUE; 2026-10-08-02:12:08; 1791425528.765079; 1791425528.765073; 1; 1163; 0; 0
EST TCP_QUEUE; 2026-10-08-02:12:08; 1791425528.814294; 1791425528.814292; 1; 1163; 0; 0
EST TCP_QUEUE; 2026-10-08-02:12:08; 1791425528.870999; 1791425528.870997; 1; 0; 0; 0
EST TCP_QUEUE; 2026-10-08-02:12:08; 1791425528.915052; 1791425528.915049; 1; 0; 0; 0
EST TCP_QUEUE; 2026-10-08-02:12:08; 1791425528.960566; 1791425528.960563; 1; 0; 0; 0
EST TCP_QUEUE; 2026-10-08-02:12:09; 1791425529.017942; 1791425529.017940; 0; 0; 0; 0
EST TCP_QUEUE; 2026-10-08-02:12:09; 1791425529.072363; 1791425529.072359; 0; 0; 0; 0
EST TCP_QUEUE; 2026-10-08-02:12:09; 1791425529.122988; 1791425529.122986; 1; 0; 0; 0
EST TCP_QUEUE; 2026-10-08-02:12:09; 1791425529.175554; 1791425529.175551; 1; 0; 0; 0
EST TCP_QUEUE; 2026-10-08-02:12:09; 1791425529.225205; 1791425529.225202; 1; 0; 0; 0
EST TCP_QUEUE; 2026-10-08-02:12:09; 1791425529.269267; 1791425529.269263; 0; 0; 0; 0
EST TCP_QUEUE; 2026-10-08-02:12:09; 1791425529.326858; 1791425529.326854; 1; 832; 0; 0
EST TCP_QUEUE; 2026-10-08-02:12:09; 1791425529.380788; 1791425529.380785; 1; 864; 0; 0
EST TCP_QUEUE; 2026-10-08-02:12:09; 1791425529.448640; 1791425529.448636; 1; 864; 0; 0
EST TCP_QUEUE; 2026-10-08-02:12:09; 1791425529.511176; 1791425529.511173; 0; 0; 0; 0
EST TCP_QUEUE; 2026-10-08-02:12:09; 1791425529.558989; 1791425529.558985; 0; 0; 0; 0
EST TCP_QUEUE; 2026-10-08-02:12:09; 1791425529.608345; 1791425529.608342; 0; 0; 0; 0
EST TCP_QUEUE; 2026-10-08-02:12:09; 1791425529.662283; 1791425529.662280; 0; 0; 0; 0
EST TCP_QUEUE; 2026-10-08-02:12:09; 1791425529.718265; 1791425529.718262; 0; 0; 0; 0
EST TCP_QUEUE; 2026-10-08-02:12:09; 1791425529.767084; 1791425529.767081; 1; 926; 0; 0
EST TCP_QUEUE; 2026-10-08-02:12:09; 1791425529.831848; 1791425529.831845; 1; 926; 0; 0
EST TCP_QUEUE; 2026-10-08-02:12:09; 1791425529.873725; 1791425529.873720; 0; 0; 0; 0
EST TCP_QUEUE; 2026-10-08-02:12:09; 1791425529.919263; 1791425529.919255; 0; 0; 0; 0
EST TCP_QUEUE; 2026-10-08-02:12:10; 1791425530.007282; 1791425530.007279; 0; 0; 0; 0
EST TCP_QUEUE; 2026-10-08-02:12:10; 1791425530.065868; 1791425530.065866; 0; 0; 0; 0
EST TCP_QUEUE; 2026-10-08-02:12:10; 1791425530.119845; 1791425530.119842; 0; 0; 0; 0
EST TCP_QUEUE; 2026-10-08-02:12:10; 1791425530.172325; 1791425530.172321; 1; 189; 0; 0
EST TCP_QUEUE; 2026-10-08-02:12:10; 1791425530.220018; 1791425530.220014; 1; 84; 0; 0
EST TCP_QUEUE; 2026-10-08-02:12:10; 1791425530.264032; 1791425530.264029; 1; 84; 0; 0
EST TCP_QUEUE; 2026-10-08-02:12:10; 1791425530.326020; 1791425530.326014; 1; 84; 0; 0
EST TCP_QUEUE; 2026-10-08-02:12:10; 1791425530.389105; 1791425530.389102; 1; 485; 0; 0
EST TCP_QUEUE; 2026-10-08-02:12:10; 1791425530.441376; 1791425530.441372; 1; 485; 0; 0
EST TCP_QUEUE; 2026-10-08-02:12:10; 1791425530.503524; 1791425530.503521; 1; 485; 0; 0
EST TCP_QUEUE; 2026-10-08-02:12:10; 1791425530.551450; 1791425530.551447; 1; 485; 0; 0
EST TCP_QUEUE; 2026-10-08-02:12:10; 1791425530.605043; 1791425530.605041; 1; 770; 0; 0
EST TCP_QUEUE; 2026-10-08-02:12:10; 1791425530.664888; 1791425530.664884; 1; 770; 0; 0
EST TCP_QUEUE; 2026-10-08-02:12:10; 1791425530.727215; 1791425530.727211; 0; 0; 0; 0
EST TCP_QUEUE; 2026-10-08-02:12:10; 1791425530.777617; 1791425530.777612; 1; 975; 0; 0
EST TCP_QUEUE; 2026-10-08-02:12:10; 1791425530.829748; 1791425530.829681; 1; 975; 0; 0
EST TCP_QUEUE; 2026-10-08-02:12:10; 1791425530.877819; 1791425530.877815; 1; 975; 0; 0
EST TCP_QUEUE; 2026-10-08-02:12:10; 1791425530.942620; 1791425530.942616; 1; 975; 0; 0
EST TCP_QUEUE; 2026-10-08-02:12:11; 1791425531.010819; 1791425531.010815; 0; 0; 0; 0
EST TCP_QUEUE; 2026-10-08-02:12:11; 1791425531.066157; 1791425531.066153; 0; 0; 0; 0
EST TCP_QUEUE; 2026-10-08-02:12:11; 1791425531.132093; 1791425531.132090; 0; 0; 0; 0
EST TCP_QUEUE; 2026-10-08-02:12:11; 1791425531.185016; 1791425531.185013; 0; 0; 0; 0
EST TCP_QUEUE; 2026-10-08-02:12:11; 1791425531.233636; 1791425531.233634; 1; 490; 0; 0
EST TCP_QUEUE; 2026-10-08-02:12:11; 1791425531.275953; 1791425531.275951; 1; 1346; 0; 0
EST TCP_QUEUE; 2026-10-08-02:12:11; 1791425531.353145; 1791425531.353142; 1; 1346; 0; 0
EST TCP_QUEUE; 2026-10-08-02:12:11; 1791425531.408304; 1791425531.408301; 1; 450; 1; 0
EST TCP_QUEUE; 2026-10-08-02:12:11; 1791425531.460612; 1791425531.460609; 1; 450; 1; 0
EST TCP_QUEUE; 2026-10-08-02:12:11; 1791425531.513126; 1791425531.513124; 1; 452; 0; 0
EST TCP_QUEUE; 2026-10-08-02:12:11; 1791425531.560987; 1791425531.560984; 1; 452; 0; 0
EST TCP_QUEUE; 2026-10-08-02:12:11; 1791425531.610339; 1791425531.610337; 1; 1286; 0; 0
EST TCP_QUEUE; 2026-10-08-02:12:11; 1791425531.668234; 1791425531.668231; 0; 0; 0; 0
EST TCP_QUEUE; 2026-10-08-02:12:11; 1791425531.726936; 1791425531.726933; 0; 0; 0; 0
EST TCP_QUEUE; 2026-10-08-02:12:11; 1791425531.778700; 1791425531.778697; 0; 0; 0; 0
EST TCP_QUEUE; 2026-10-08-02:12:11; 1791425531.835028; 1791425531.835026; 1; 576; 0; 0
EST TCP_QUEUE; 2026-10-08-02:12:11; 1791425531.879382; 1791425531.879379; 1; 576; 0; 0
EST TCP_QUEUE; 2026-10-08-02:12:11; 1791425531.921085; 1791425531.921082; 1; 576; 0; 0
EST TCP_QUEUE; 2026-10-08-02:12:12; 1791425532.015172; 1791425532.015164; 0; 0; 0; 0
EST TCP_QUEUE; 2026-10-08-02:12:12; 1791425532.105991; 1791425532.105984; 0; 0; 0; 0
EST TCP_QUEUE; 2026-10-08-02:12:12; 1791425532.191896; 1791425532.191894; 0; 0; 0; 0
EST TCP_QUEUE; 2026-10-08-02:12:12; 1791425532.244314; 1791425532.244311; 0; 0; 0; 0
EST TCP_QUEUE; 2026-10-08-02:12:12; 1791425532.294013; 1791425532.294010; 0; 0; 0; 0
EST TCP_QUEUE; 2026-10-08-02:12:12; 1791425532.341612; 1791425532.341609; 1; 1533; 0; 0
EST TCP_QUEUE; 2026-10-08-02:12:12; 1791425532.416632; 1791425532.416629; 1; 1533; 0; 0
EST TCP_QUEUE; 2026-10-08-02:12:12; 1791425532.478575; 1791425532.478573; 1; 0; 0; 0
EST TCP_QUEUE; 2026-10-08-02:12:12; 1791425532.533029; 1791425532.533025; 1; 922; 1; 1638
EST TCP_QUEUE; 2026-10-08-02:12:12; 1791425532.585672; 1791425532.585669; 1; 922; 1; 1638
EST TCP_QUEUE; 2026-10-08-02:12:12; 1791425532.633755; 1791425532.633751; 1; 922; 1; 1638
EST TCP_QUEUE; 2026-10-08-02:12:12; 1791425532.678584; 1791425532.678580; 0; 0; 0; 0
EST TCP_QUEUE; 2026-10-08-02:12:12; 1791425532.734849; 1791425532.734847; 0; 0; 0; 0
EST TCP_QUEUE; 2026-10-08-02:12:12; 1791425532.793572; 1791425532.793569; 0; 0; 0; 0
EST TCP_QUEUE; 2026-10-08-02:12:12; 1791425532.847106; 1791425532.847100; 1; 1564; 0; 0
EST TCP_QUEUE; 2026-10-08-02:12:12; 1791425532.913862; 1791425532.913858; 1; 1564; 0; 0
EST TCP_QUEUE; 2026-10-08-02:12:12; 1791425532.959220; 1791425532.959216; 1; 1564; 0; 0
EST TCP_QUEUE; 2026-10-08-02:12:13; 1791425533.004626; 1791425533.004624; 0; 0; 0; 0
EST TCP_QUEUE; 2026-10-08-02:12:13; 1791425533.089451; 1791425533.089447; 0; 0; 0; 0
EST TCP_QUEUE; 2026-10-08-02:12:13; 1791425533.156260; 1791425533.156257; 0; 0; 0; 0
EST TCP_QUEUE; 2026-10-08-02:12:13; 1791425533.212454; 1791425533.212450; 0; 0; 0; 0
EST TCP_QUEUE; 2026-10-08-02:12:13; 1791425533.265153; 1791425533.265149; 0; 0; 0; 0
EST TCP_QUEUE; 2026-10-08-02:12:13; 1791425533.309651; 1791425533.309645; 0; 0; 0; 0
EST TCP_QUEUE; 2026-10-08-02:12:13; 1791425533.359750; 1791425533.359747; 0; 0; 0; 0
EST TCP_QUEUE; 2026-10-08-02:12:13; 1791425533.417458; 1791425533.417455; 1; 787; 0; 0
EST TCP_QUEUE; 2026-10-08-02:12:13; 1791425533.471941; 1791425533.471939; 1; 787; 0; 0
EST TCP_QUEUE; 2026-10-08-02:12:13; 1791425533.524072; 1791425533.524069; 1; 787; 0; 0
EST TCP_QUEUE; 2026-10-08-02:12:13; 1791425533.578588; 1791425533.578584; 1; 1129; 0; 0
EST TCP_QUEUE; 2026-10-08-02:12:13; 1791425533.626475; 1791425533.626472; 1; 1129; 0; 0
EST TCP_QUEUE; 2026-10-08-02:12:13; 1791425533.672140; 1791425533.672138; 1; 860; 0; 0
EST TCP_QUEUE; 2026-10-08-02:12:13; 1791425533.733580; 1791425533.733577; 1; 860; 0; 0
EST TCP_QUEUE; 2026-10-08-02:12:13; 1791425533.788212; 1791425533.788209; 0; 0; 0; 0
EST TCP_QUEUE; 2026-10-08-02:12:13; 1791425533.838333; 1791425533.838330; 0; 0; 0; 0
EST TCP_QUEUE; 2026-10-08-02:12:13; 1791425533.891611; 1791425533.891605; 1; 1507; 0; 0
EST TCP_QUEUE; 2026-10-08-02:12:13; 1791425533.940670; 1791425533.940667; 1; 1507; 0; 0
EST TCP_QUEUE; 2026-10-08-02:12:13; 1791425533.984665; 1791425533.984661; 1; 1507; 0; 0
EST TCP_QUEUE; 2026-10-08-02:12:14; 1791425534.110610; 1791425534.110604; 0; 0; 0; 0
EST TCP_QUEUE; 2026-10-08-02:12:14; 1791425534.196350; 1791425534.196347; 0; 0; 0; 0
EST TCP_QUEUE; 2026-10-08-02:12:14; 1791425534.246246; 1791425534.246242; 0; 0; 0; 0
EST TCP_QUEUE; 2026-10-08-02:12:14; 1791425534.298227; 1791425534.298225; 0; 0; 0; 0
EST TCP_QUEUE; 2026-10-08-02:12:14; 1791425534.346239; 1791425534.346223; 0; 0; 0; 0
EST TCP_QUEUE; 2026-10-08-02:12:14; 1791425534.391577; 1791425534.391575; 0; 0; 0; 0
EST TCP_QUEUE; 2026-10-08-02:12:14; 1791425534.451346; 1791425534.451343; 1; 1070; 0; 0
EST TCP_QUEUE; 2026-10-08-02:12:14; 1791425534.507290; 1791425534.507287; 1; 1070; 0; 0
EST TCP_QUEUE; 2026-10-08-02:12:14; 1791425534.560232; 1791425534.560230; 1; 1070; 0; 0
EST TCP_QUEUE; 2026-10-08-02:12:14; 1791425534.614254; 1791425534.614252; 1; 995; 0; 0
EST TCP_QUEUE; 2026-10-08-02:12:14; 1791425534.662286; 1791425534.662283; 1; 995; 0; 0
EST TCP_QUEUE; 2026-10-08-02:12:14; 1791425534.705897; 1791425534.705894; 1; 165; 0; 0
EST TCP_QUEUE; 2026-10-08-02:12:14; 1791425534.763284; 1791425534.763280; 1; 165; 0; 0
EST TCP_QUEUE; 2026-10-08-02:12:14; 1791425534.819734; 1791425534.819730; 0; 0; 0; 0
EST TCP_QUEUE; 2026-10-08-02:12:14; 1791425534.874399; 1791425534.874395; 0; 0; 0; 0
EST TCP_QUEUE; 2026-10-08-02:12:14; 1791425534.928828; 1791425534.928824; 1; 623; 0; 0
EST TCP_QUEUE; 2026-10-08-02:12:14; 1791425534.975082; 1791425534.975077; 1; 623; 0; 0
EST TCP_QUEUE; 2026-10-08-02:12:15; 1791425535.020052; 1791425535.020049; 1; 623; 0; 0
EST TCP_QUEUE; 2026-10-08-02:12:15; 1791425535.082337; 1791425535.082332; 0; 0; 0; 0
EST TCP_QUEUE; 2026-10-08-02:12:15; 1791425535.136005; 1791425535.136000; 0; 0; 0; 0
EST TCP_QUEUE; 2026-10-08-02:12:15; 1791425535.219483; 1791425535.219480; 0; 0; 0; 0
EST TCP_QUEUE; 2026-10-08-02:12:15; 1791425535.274166; 1791425535.274162; 0; 0; 0; 0
EST TCP_QUEUE; 2026-10-08-02:12:15; 1791425535.324027; 1791425535.324023; 0; 0; 0; 0
EST TCP_QUEUE; 2026-10-08-02:12:15; 1791425535.363025; 1791425535.363022; 0; 0; 0; 0
EST TCP_QUEUE; 2026-10-08-02:12:15; 1791425535.421032; 1791425535.421030; 0; 0; 0; 0
EST TCP_QUEUE; 2026-10-08-02:12:15; 1791425535.476993; 1791425535.476991; 0; 0; 0; 0
EST TCP_QUEUE; 2026-10-08-02:12:15; 1791425535.527687; 1791425535.527684; 1; 80; 0; 0
EST TCP_QUEUE; 2026-10-08-02:12:15; 1791425535.586470; 1791425535.586466; 1; 80; 0; 0
EST TCP_QUEUE; 2026-10-08-02:12:15; 1791425535.638284; 1791425535.638280; 1; 80; 0; 0
EST TCP_QUEUE; 2026-10-08-02:12:15; 1791425535.679871; 1791425535.679866; 1; 430; 0; 0
EST TCP_QUEUE; 2026-10-08-02:12:15; 1791425535.739218; 1791425535.739215; 1; 430; 0; 0
EST TCP_QUEUE; 2026-10-08-02:12:15; 1791425535.793816; 1791425535.793812; 1; 592; 0; 0
EST TCP_QUEUE; 2026-10-08-02:12:15; 1791425535.844697; 1791425535.844666; 1; 592; 0; 0
EST TCP_QUEUE; 2026-10-08-02:12:15; 1791425535.898754; 1791425535.898751; 0; 0; 0; 0
EST TCP_QUEUE; 2026-10-08-02:12:15; 1791425535.948979; 1791425535.948976; 0; 0; 0; 0
EST TCP_QUEUE; 2026-10-08-02:12:15; 1791425535.989731; 1791425535.989727; 1; 852; 0; 0
EST TCP_QUEUE; 2026-10-08-02:12:16; 1791425536.104116; 1791425536.104110; 1; 1449; 1; 0
EST TCP_QUEUE; 2026-10-08-02:12:16; 1791425536.200770; 1791425536.200768; 1; 1894; 0; 0
EST TCP_QUEUE; 2026-10-08-02:12:16; 1791425536.289870; 1791425536.289867; 0; 0; 0; 0
EST TCP_QUEUE; 2026-10-08-02:12:16; 1791425536.342635; 1791425536.342632; 0; 0; 0; 0
EST TCP_QUEUE; 2026-10-08-02:12:16; 1791425536.391446; 1791425536.391440; 0; 0; 0; 0
EST TCP_QUEUE; 2026-10-08-02:12:16; 1791425536.432081; 1791425536.432076; 0; 0; 0; 0
EST TCP_QUEUE; 2026-10-08-02:12:16; 1791425536.495749; 1791425536.495746; 0; 0; 0; 0
EST TCP_QUEUE; 2026-10-08-02:12:16; 1791425536.554534; 1791425536.554532; 1; 468; 0; 0
EST TCP_QUEUE; 2026-10-08-02:12:16; 1791425536.627215; 1791425536.627212; 1; 468; 0; 0
EST TCP_QUEUE; 2026-10-08-02:12:16; 1791425536.679818; 1791425536.679816; 0; 0; 0; 0
EST TCP_QUEUE; 2026-10-08-02:12:16; 1791425536.726039; 1791425536.725839; 0; 0; 0; 0
EST TCP_QUEUE; 2026-10-08-02:12:16; 1791425536.769207; 1791425536.769204; 1; 593; 0; 0
EST TCP_QUEUE; 2026-10-08-02:12:16; 1791425536.827222; 1791425536.827218; 1; 593; 0; 0
EST TCP_QUEUE; 2026-10-08-02:12:16; 1791425536.881447; 1791425536.881443; 0; 0; 0; 0
EST TCP_QUEUE; 2026-10-08-02:12:16; 1791425536.932200; 1791425536.932195; 0; 0; 0; 0
EST TCP_QUEUE; 2026-10-08-02:12:16; 1791425536.986571; 1791425536.986567; 0; 0; 0; 0
EST TCP_QUEUE; 2026-10-08-02:12:17; 1791425537.064021; 1791425537.064016; 1; 1449; 0; 0
EST TCP_QUEUE; 2026-10-08-02:12:17; 1791425537.104906; 1791425537.104901; 1; 1449; 0; 0
EST TCP_QUEUE; 2026-10-08-02:12:17; 1791425537.163990; 1791425537.163988; 1; 0; 1; 1872
EST TCP_QUEUE; 2026-10-08-02:12:17; 1791425537.234147; 1791425537.234143; 1; 0; 1; 1872
EST TCP_QUEUE; 2026-10-08-02:12:17; 1791425537.287469; 1791425537.287462; 0; 0; 0; 0
EST TCP_QUEUE; 2026-10-08-02:12:17; 1791425537.341291; 1791425537.341287; 0; 0; 0; 0
EST TCP_QUEUE; 2026-10-08-02:12:17; 1791425537.386736; 1791425537.386733; 0; 0; 0; 0
EST TCP_QUEUE; 2026-10-08-02:12:17; 1791425537.432457; 1791425537.432454; 0; 0; 0; 0
EST TCP_QUEUE; 2026-10-08-02:12:17; 1791425537.493063; 1791425537.493060; 0; 0; 0; 0
EST TCP_QUEUE; 2026-10-08-02:12:17; 1791425537.563686; 1791425537.563684; 0; 0; 0; 0
EST TCP_QUEUE; 2026-10-08-02:12:17; 1791425537.622426; 1791425537.622424; 1; 863; 0; 0
EST TCP_QUEUE; 2026-10-08-02:12:17; 1791425537.675138; 1791425537.675135; 1; 863; 0; 0
EST TCP_QUEUE; 2026-10-08-02:12:17; 1791425537.724247; 1791425537.724244; 1; 863; 0; 0
EST TCP_QUEUE; 2026-10-08-02:12:17; 1791425537.767616; 1791425537.767614; 0; 0; 0; 0
EST TCP_QUEUE; 2026-10-08-02:12:17; 1791425537.825290; 1791425537.825287; 1; 326; 0; 0
EST TCP_QUEUE; 2026-10-08-02:12:17; 1791425537.883557; 1791425537.883554; 1; 326; 0; 0
EST TCP_QUEUE; 2026-10-08-02:12:17; 1791425537.936208; 1791425537.936205; 1; 326; 0; 0
EST TCP_QUEUE; 2026-10-08-02:12:17; 1791425537.991105; 1791425537.991101; 0; 0; 0; 0
EST TCP_QUEUE; 2026-10-08-02:12:18; 1791425538.043052; 1791425538.043049; 1; 505; 0; 0
EST TCP_QUEUE; 2026-10-08-02:12:18; 1791425538.117112; 1791425538.117109; 1; 505; 0; 0
EST TCP_QUEUE; 2026-10-08-02:12:18; 1791425538.174937; 1791425538.174933; 0; 0; 0; 0
EST TCP_QUEUE; 2026-10-08-02:12:18; 1791425538.229056; 1791425538.229053; 1; 721; 0; 0
EST TCP_QUEUE; 2026-10-08-02:12:18; 1791425538.291065; 1791425538.291062; 1; 721; 0; 0
EST TCP_QUEUE; 2026-10-08-02:12:18; 1791425538.345192; 1791425538.345190; 1; 721; 0; 0
EST TCP_QUEUE; 2026-10-08-02:12:18; 1791425538.393236; 1791425538.393234; 0; 0; 0; 0
EST TCP_QUEUE; 2026-10-08-02:12:18; 1791425538.434837; 1791425538.434834; 0; 0; 0; 0
EST TCP_QUEUE; 2026-10-08-02:12:18; 1791425538.492821; 1791425538.492818; 0; 0; 0; 0
EST TCP_QUEUE; 2026-10-08-02:12:18; 1791425538.615644; 1791425538.615640; 0; 0; 0; 0
EST TCP_QUEUE; 2026-10-08-02:12:18; 1791425538.682782; 1791425538.682778; 1; 514; 0; 0
EST TCP_QUEUE; 2026-10-08-02:12:18; 1791425538.735426; 1791425538.735420; 1; 514; 0; 0
EST TCP_QUEUE; 2026-10-08-02:12:18; 1791425538.781605; 1791425538.781602; 0; 0; 0; 0
EST TCP_QUEUE; 2026-10-08-02:12:18; 1791425538.822784; 1791425538.822781; 0; 0; 0; 0
EST TCP_QUEUE; 2026-10-08-02:12:18; 1791425538.880577; 1791425538.880575; 1; 375; 0; 0
EST TCP_QUEUE; 2026-10-08-02:12:18; 1791425538.935385; 1791425538.935381; 1; 375; 0; 0
EST TCP_QUEUE; 2026-10-08-02:12:18; 1791425538.987359; 1791425538.987356; 0; 0; 0; 0
EST TCP_QUEUE; 2026-10-08-02:12:19; 1791425539.081046; 1791425539.081041; 1; 468; 0; 0
EST TCP_QUEUE; 2026-10-08-02:12:19; 1791425539.136535; 1791425539.136531; 1; 468; 0; 0
EST TCP_QUEUE; 2026-10-08-02:12:19; 1791425539.177680; 1791425539.177677; 1; 468; 0; 0
EST TCP_QUEUE; 2026-10-08-02:12:19; 1791425539.237095; 1791425539.237093; 1; 468; 0; 0
EST TCP_QUEUE; 2026-10-08-02:12:19; 1791425539.294780; 1791425539.294778; 1; 0; 0; 0
EST TCP_QUEUE; 2026-10-08-02:12:19; 1791425539.358562; 1791425539.358557; 1; 0; 0; 0
EST TCP_QUEUE; 2026-10-08-02:12:19; 1791425539.410486; 1791425539.410483; 0; 0; 0; 0
EST TCP_QUEUE; 2026-10-08-02:12:19; 1791425539.456078; 1791425539.456075; 0; 0; 0; 0
EST TCP_QUEUE; 2026-10-08-02:12:19; 1791425539.501591; 1791425539.501589; 0; 0; 0; 0
EST TCP_QUEUE; 2026-10-08-02:12:19; 1791425539.602730; 1791425539.602726; 0; 0; 0; 0
EST TCP_QUEUE; 2026-10-08-02:12:19; 1791425539.672259; 1791425539.672255; 0; 0; 0; 0
EST TCP_QUEUE; 2026-10-08-02:12:19; 1791425539.728081; 1791425539.728079; 1; 1027; 0; 0
EST TCP_QUEUE; 2026-10-08-02:12:19; 1791425539.778539; 1791425539.778536; 1; 1027; 0; 0
EST TCP_QUEUE; 2026-10-08-02:12:19; 1791425539.826688; 1791425539.826685; 1; 1027; 0; 0
EST TCP_QUEUE; 2026-10-08-02:12:19; 1791425539.870288; 1791425539.870284; 0; 0; 0; 0
EST TCP_QUEUE; 2026-10-08-02:12:19; 1791425539.933855; 1791425539.933852; 1; 380; 0; 0
EST TCP_QUEUE; 2026-10-08-02:12:19; 1791425539.993000; 1791425539.992996; 1; 380; 0; 0
EST TCP_QUEUE; 2026-10-08-02:12:20; 1791425540.103438; 1791425540.103431; 1; 1898; 0; 0
EST TCP_QUEUE; 2026-10-08-02:12:20; 1791425540.194468; 1791425540.194460; 1; 1898; 0; 0
EST TCP_QUEUE; 2026-10-08-02:12:20; 1791425540.245732; 1791425540.245729; 1; 1898; 0; 0
EST TCP_QUEUE; 2026-10-08-02:12:20; 1791425540.286636; 1791425540.286633; 1; 793; 0; 0
EST TCP_QUEUE; 2026-10-08-02:12:20; 1791425540.346357; 1791425540.346354; 1; 793; 0; 0
EST TCP_QUEUE; 2026-10-08-02:12:20; 1791425540.403186; 1791425540.403184; 0; 0; 0; 0
EST TCP_QUEUE; 2026-10-08-02:12:20; 1791425540.456181; 1791425540.456178; 0; 0; 0; 0
EST TCP_QUEUE; 2026-10-08-02:12:20; 1791425540.510553; 1791425540.510550; 0; 0; 0; 0
EST TCP_QUEUE; 2026-10-08-02:12:20; 1791425540.618176; 1791425540.618172; 0; 0; 0; 0
EST TCP_QUEUE; 2026-10-08-02:12:20; 1791425540.708140; 1791425540.708136; 0; 0; 0; 0
EST TCP_QUEUE; 2026-10-08-02:12:20; 1791425540.766091; 1791425540.766086; 1; 708; 0; 0
EST TCP_QUEUE; 2026-10-08-02:12:20; 1791425540.822401; 1791425540.822397; 1; 708; 0; 0
EST TCP_QUEUE; 2026-10-08-02:12:20; 1791425540.875111; 1791425540.875106; 0; 0; 0; 0
EST TCP_QUEUE; 2026-10-08-02:12:20; 1791425540.928923; 1791425540.928919; 1; 398; 0; 0
EST TCP_QUEUE; 2026-10-08-02:12:20; 1791425540.974746; 1791425540.974743; 1; 398; 0; 0
EST TCP_QUEUE; 2026-10-08-02:12:21; 1791425541.018591; 1791425541.018585; 1; 398; 0; 0
EST TCP_QUEUE; 2026-10-08-02:12:21; 1791425541.122525; 1791425541.122518; 0; 0; 0; 0
EST TCP_QUEUE; 2026-10-08-02:12:21; 1791425541.189891; 1791425541.189885; 1; 768; 0; 0
EST TCP_QUEUE; 2026-10-08-02:12:21; 1791425541.287699; 1791425541.287696; 1; 237; 0; 0
EST TCP_QUEUE; 2026-10-08-02:12:21; 1791425541.365046; 1791425541.365043; 1; 237; 0; 0
EST TCP_QUEUE; 2026-10-08-02:12:21; 1791425541.429247; 1791425541.429245; 1; 237; 0; 0
EST TCP_QUEUE; 2026-10-08-02:12:21; 1791425541.475926; 1791425541.475923; 0; 0; 0; 0
EST TCP_QUEUE; 2026-10-08-02:12:21; 1791425541.533877; 1791425541.533873; 0; 0; 0; 0
EST TCP_QUEUE; 2026-10-08-02:12:21; 1791425541.596981; 1791425541.596976; 1; 1058; 1; 0
EST TCP_QUEUE; 2026-10-08-02:12:21; 1791425541.647209; 1791425541.647204; 1; 1058; 1; 0
EST TCP_QUEUE; 2026-10-08-02:12:21; 1791425541.703215; 1791425541.703212; 1; 1185; 1; 0
EST TCP_QUEUE; 2026-10-08-02:12:21; 1791425541.750812; 1791425541.750809; 1; 1185; 1; 0
EST TCP_QUEUE; 2026-10-08-02:12:21; 1791425541.793476; 1791425541.793473; 1; 111; 0; 0
EST TCP_QUEUE; 2026-10-08-02:12:21; 1791425541.853585; 1791425541.853582; 1; 111; 0; 0
EST TCP_QUEUE; 2026-10-08-02:12:21; 1791425541.910069; 1791425541.910065; 1; 111; 0; 0
EST TCP_QUEUE; 2026-10-08-02:12:21; 1791425541.968207; 1791425541.968203; 1; 643; 0; 0
EST TCP_QUEUE; 2026-10-08-02:12:22; 1791425542.018833; 1791425542.018829; 1; 643; 0; 0
EST TCP_QUEUE; 2026-10-08-02:12:22; 1791425542.066716; 1791425542.066713; 0; 0; 0; 0
EST TCP_QUEUE; 2026-10-08-02:12:22; 1791425542.108216; 1791425542.108212; 1; 878; 1; 0
EST TCP_QUEUE; 2026-10-08-02:12:22; 1791425542.168335; 1791425542.168330; 1; 878; 1; 0
EST TCP_QUEUE; 2026-10-08-02:12:22; 1791425542.223941; 1791425542.223939; 1; 277; 1; 0
EST TCP_QUEUE; 2026-10-08-02:12:22; 1791425542.310491; 1791425542.310484; 1; 277; 0; 0
EST TCP_QUEUE; 2026-10-08-02:12:22; 1791425542.408280; 1791425542.408273; 1; 926; 0; 0
EST TCP_QUEUE; 2026-10-08-02:12:22; 1791425542.467915; 1791425542.467912; 0; 0; 0; 0
EST TCP_QUEUE; 2026-10-08-02:12:22; 1791425542.509714; 1791425542.509711; 0; 0; 0; 0
EST TCP_QUEUE; 2026-10-08-02:12:22; 1791425542.567432; 1791425542.567429; 0; 0; 0; 0
EST TCP_QUEUE; 2026-10-08-02:12:22; 1791425542.624993; 1791425542.624987; 0; 0; 0; 0
EST TCP_QUEUE; 2026-10-08-02:12:22; 1791425542.677716; 1791425542.677709; 0; 0; 0; 0
EST TCP_QUEUE; 2026-10-08-02:12:22; 1791425542.730823; 1791425542.730820; 0; 0; 0; 0
EST TCP_QUEUE; 2026-10-08-02:12:22; 1791425542.774555; 1791425542.774553; 0; 0; 0; 0
EST TCP_QUEUE; 2026-10-08-02:12:22; 1791425542.817768; 1791425542.817766; 0; 0; 0; 0
EST TCP_QUEUE; 2026-10-08-02:12:22; 1791425542.879821; 1791425542.879817; 1; 295; 0; 0
EST TCP_QUEUE; 2026-10-08-02:12:22; 1791425542.947513; 1791425542.947502; 1; 295; 0; 0
EST TCP_QUEUE; 2026-10-08-02:12:22; 1791425542.998036; 1791425542.998028; 1; 1526; 0; 0
EST TCP_QUEUE; 2026-10-08-02:12:23; 1791425543.049402; 1791425543.049395; 1; 1526; 0; 0
EST TCP_QUEUE; 2026-10-08-02:12:23; 1791425543.096398; 1791425543.096392; 1; 1526; 0; 0
EST TCP_QUEUE; 2026-10-08-02:12:23; 1791425543.173909; 1791425543.173901; 0; 0; 0; 0
EST TCP_QUEUE; 2026-10-08-02:12:23; 1791425543.232794; 1791425543.232792; 1; 627; 0; 0
EST TCP_QUEUE; 2026-10-08-02:12:23; 1791425543.292716; 1791425543.292713; 1; 627; 0; 0
EST TCP_QUEUE; 2026-10-08-02:12:23; 1791425543.349397; 1791425543.349393; 1; 627; 0; 0
EST TCP_QUEUE; 2026-10-08-02:12:23; 1791425543.407952; 1791425543.407947; 1; 707; 0; 0
EST TCP_QUEUE; 2026-10-08-02:12:23; 1791425543.474826; 1791425543.474824; 0; 0; 0; 0
EST TCP_QUEUE; 2026-10-08-02:12:23; 1791425543.517812; 1791425543.517809; 0; 0; 0; 0
EST TCP_QUEUE; 2026-10-08-02:12:23; 1791425543.577842; 1791425543.577838; 0; 0; 0; 0
EST TCP_QUEUE; 2026-10-08-02:12:23; 1791425543.636116; 1791425543.636113; 0; 0; 0; 0
EST TCP_QUEUE; 2026-10-08-02:12:23; 1791425543.690207; 1791425543.690202; 0; 0; 0; 0
WAN 02:12:23.761250 IP (tos 0x0, ttl 127, id 54153, offset 0, flags [DF], proto TCP (6), length 64)
WAN     192.168.2.70.26710 > 192.178.192.94.80: Flags [S], cksum 0x5404 (correct), seq 4145661668, win 65535, options [mss 1460,nop,wscale 8,nop,nop,sackOK,nop,nop,TS val 3394153729 ecr 0], length 0
WAN 02:12:23.793280 IP (tos 0x0, ttl 121, id 0, offset 0, flags [DF], proto TCP (6), length 60)
WAN     192.178.192.94.80 > 192.168.2.70.26710: Flags [S.], cksum 0xb205 (correct), seq 3487634994, ack 4145661669, win 65535, options [mss 1412,sackOK,TS val 3648189596 ecr 3394153729,nop,wscale 8], length 0
LAN 02:12:23.760930 IP (tos 0x0, ttl 128, id 54153, offset 0, flags [DF], proto TCP (6), length 52)
LAN     192.168.56.1.26710 > 192.178.192.94.80: Flags [S], cksum 0xceb0 (correct), seq 4145661668, win 65535, options [mss 1460,nop,wscale 8,nop,nop,sackOK], length 0
LAN 02:12:23.793564 IP (tos 0x0, ttl 120, id 0, offset 0, flags [DF], proto TCP (6), length 60)
LAN     192.178.192.94.80 > 192.168.56.1.26710: Flags [S.], cksum 0xc4af (correct), seq 3487634994, ack 4145661669, win 65535, options [mss 1412,sackOK,nop,nop,nop,nop,nop,nop,nop,nop,nop,nop,nop,wscale 8], length 0
WAN 02:12:23.973246 IP (tos 0x0, ttl 127, id 16798, offset 0, flags [DF], proto TCP (6), length 64)
WAN     192.168.2.70.26711 > 23.220.109.74.80: Flags [S], cksum 0x3dff (correct), seq 3814059159, win 65535, options [mss 1460,nop,wscale 8,nop,nop,sackOK,nop,nop,TS val 3394153729 ecr 0], length 0
WAN 02:12:23.994292 IP (tos 0x0, ttl 56, id 0, offset 0, flags [DF], proto TCP (6), length 60)
WAN     23.220.109.74.80 > 192.168.2.70.26711: Flags [S.], cksum 0x7380 (correct), seq 21007221, ack 3814059160, win 65160, options [mss 1460,sackOK,TS val 2989596420 ecr 3394153729,nop,wscale 7], length 0
LAN 02:12:23.971861 IP (tos 0x0, ttl 128, id 16798, offset 0, flags [DF], proto TCP (6), length 52)
LAN     192.168.56.1.26711 > 23.220.109.74.80: Flags [S], cksum 0xb8ab (correct), seq 3814059159, win 65535, options [mss 1460,nop,wscale 8,nop,nop,sackOK], length 0
LAN 02:12:23.994755 IP (tos 0x0, ttl 55, id 0, offset 0, flags [DF], proto TCP (6), length 60)
LAN     23.220.109.74.80 > 192.168.56.1.26711: Flags [S.], cksum 0x0951 (correct), seq 21007221, ack 3814059160, win 65160, options [mss 1460,sackOK,nop,nop,nop,nop,nop,nop,nop,nop,nop,nop,nop,wscale 7], length 0
WAN 02:12:24.167737 IP (tos 0x0, ttl 127, id 16802, offset 0, flags [DF], proto TCP (6), length 64)
WAN     192.168.2.70.26712 > 23.220.109.74.80: Flags [S], cksum 0xcbd9 (correct), seq 1252587369, win 65535, options [mss 1460,nop,wscale 8,nop,nop,sackOK,nop,nop,TS val 3394153729 ecr 0], length 0
WAN 02:12:24.187457 IP (tos 0x0, ttl 57, id 0, offset 0, flags [DF], proto TCP (6), length 60)
WAN     23.220.109.74.80 > 192.168.2.70.26712: Flags [S.], cksum 0xc25a (correct), seq 2305766266, ack 1252587370, win 65160, options [mss 1460,sackOK,TS val 3549072503 ecr 3394153729,nop,wscale 7], length 0
LAN 02:12:24.167395 IP (tos 0x0, ttl 128, id 16802, offset 0, flags [DF], proto TCP (6), length 52)
LAN     192.168.56.1.26712 > 23.220.109.74.80: Flags [S], cksum 0x4686 (correct), seq 1252587369, win 65535, options [mss 1460,nop,wscale 8,nop,nop,sackOK], length 0
LAN 02:12:24.187857 IP (tos 0x0, ttl 56, id 0, offset 0, flags [DF], proto TCP (6), length 60)
LAN     23.220.109.74.80 > 192.168.56.1.26712: Flags [S.], cksum 0x66f7 (correct), seq 2305766266, ack 1252587370, win 65160, options [mss 1460,sackOK,nop,nop,nop,nop,nop,nop,nop,nop,nop,nop,nop,wscale 7], length 0
EST TCP_QUEUE; 2026-10-08-02:12:23; 1791425543.744495; 1791425543.744492; 0; 0; 0; 0
EST TCP_QUEUE; 2026-10-08-02:12:23; 1791425543.792262; 1791425543.792258; 1; 38; 0; 0
EST TCP_QUEUE; 2026-10-08-02:12:23; 1791425543.836667; 1791425543.836664; 1; 38; 0; 0
EST TCP_QUEUE; 2026-10-08-02:12:23; 1791425543.897678; 1791425543.897675; 1; 38; 0; 0
EST TCP_QUEUE; 2026-10-08-02:12:23; 1791425543.952444; 1791425543.952440; 1; 38; 0; 0
EST TCP_QUEUE; 2026-10-08-02:12:24; 1791425544.002860; 1791425544.002857; 1; 81; 0; 0
EST TCP_QUEUE; 2026-10-08-02:12:24; 1791425544.058922; 1791425544.058919; 1; 81; 0; 0
EST TCP_QUEUE; 2026-10-08-02:12:24; 1791425544.105081; 1791425544.105078; 1; 480; 0; 0
EST TCP_QUEUE; 2026-10-08-02:12:24; 1791425544.152113; 1791425544.152110; 1; 368; 0; 0
EST TCP_QUEUE; 2026-10-08-02:12:24; 1791425544.208302; 1791425544.208299; 1; 0; 0; 0
EST TCP_QUEUE; 2026-10-08-02:12:24; 1791425544.271898; 1791425544.271881; 1; 0; 0; 0
EST TCP_QUEUE; 2026-10-08-02:12:24; 1791425544.324532; 1791425544.324520; 1; 0; 0; 0
EST TCP_QUEUE; 2026-10-08-02:12:24; 1791425544.388773; 1791425544.388770; 1; 455; 0; 0
EST TCP_QUEUE; 2026-10-08-02:12:24; 1791425544.432695; 1791425544.432692; 1; 455; 0; 0
EST TCP_QUEUE; 2026-10-08-02:12:24; 1791425544.474301; 1791425544.474298; 1; 455; 0; 0
EST TCP_QUEUE; 2026-10-08-02:12:24; 1791425544.538040; 1791425544.538038; 1; 455; 0; 0
EST TCP_QUEUE; 2026-10-08-02:12:24; 1791425544.592061; 1791425544.592058; 0; 0; 0; 0
EST TCP_QUEUE; 2026-10-08-02:12:24; 1791425544.644929; 1791425544.644925; 0; 0; 0; 0
EST TCP_QUEUE; 2026-10-08-02:12:24; 1791425544.697050; 1791425544.697047; 0; 0; 0; 0
EST TCP_QUEUE; 2026-10-08-02:12:24; 1791425544.744762; 1791425544.744760; 0; 0; 0; 0
EST TCP_QUEUE; 2026-10-08-02:12:24; 1791425544.786278; 1791425544.786275; 0; 0; 0; 0
EST TCP_QUEUE; 2026-10-08-02:12:24; 1791425544.848737; 1791425544.848734; 0; 0; 0; 0
EST TCP_QUEUE; 2026-10-08-02:12:24; 1791425544.906883; 1791425544.906879; 1; 1130; 0; 0
EST TCP_QUEUE; 2026-10-08-02:12:24; 1791425544.963723; 1791425544.963718; 1; 1130; 0; 0
EST TCP_QUEUE; 2026-10-08-02:12:25; 1791425545.018666; 1791425545.018661; 1; 1130; 0; 0
EST TCP_QUEUE; 2026-10-08-02:12:25; 1791425545.063094; 1791425545.063092; 1; 1130; 0; 0
EST TCP_QUEUE; 2026-10-08-02:12:25; 1791425545.106801; 1791425545.106794; 1; 796; 0; 0
EST TCP_QUEUE; 2026-10-08-02:12:25; 1791425545.164320; 1791425545.164318; 1; 796; 0; 0
EST TCP_QUEUE; 2026-10-08-02:12:25; 1791425545.222681; 1791425545.222678; 0; 0; 0; 0
EST TCP_QUEUE; 2026-10-08-02:12:25; 1791425545.282923; 1791425545.282920; 1; 0; 0; 0
EST TCP_QUEUE; 2026-10-08-02:12:25; 1791425545.336882; 1791425545.336879; 1; 0; 0; 0
EST TCP_QUEUE; 2026-10-08-02:12:25; 1791425545.413556; 1791425545.413547; 1; 999; 0; 0
EST TCP_QUEUE; 2026-10-08-02:12:25; 1791425545.474852; 1791425545.474850; 1; 999; 0; 0
EST TCP_QUEUE; 2026-10-08-02:12:25; 1791425545.535369; 1791425545.535365; 1; 999; 0; 0
EST TCP_QUEUE; 2026-10-08-02:12:25; 1791425545.589355; 1791425545.589351; 1; 0; 0; 0
EST TCP_QUEUE; 2026-10-08-02:12:25; 1791425545.639671; 1791425545.639668; 1; 0; 0; 0
EST TCP_QUEUE; 2026-10-08-02:12:25; 1791425545.694102; 1791425545.694098; 0; 0; 0; 0
EST TCP_QUEUE; 2026-10-08-02:12:25; 1791425545.745833; 1791425545.745831; 0; 0; 0; 0
EST TCP_QUEUE; 2026-10-08-02:12:25; 1791425545.785945; 1791425545.785942; 0; 0; 0; 0
EST TCP_QUEUE; 2026-10-08-02:12:25; 1791425545.845279; 1791425545.845275; 0; 0; 0; 0
EST TCP_QUEUE; 2026-10-08-02:12:25; 1791425545.903193; 1791425545.903183; 0; 0; 0; 0
EST TCP_QUEUE; 2026-10-08-02:12:25; 1791425545.953785; 1791425545.953782; 1; 77; 0; 0
EST TCP_QUEUE; 2026-10-08-02:12:26; 1791425546.008625; 1791425546.008617; 1; 77; 0; 0
EST TCP_QUEUE; 2026-10-08-02:12:26; 1791425546.056840; 1791425546.056834; 1; 77; 0; 0
EST TCP_QUEUE; 2026-10-08-02:12:26; 1791425546.104286; 1791425546.104278; 1; 1187; 0; 0
EST TCP_QUEUE; 2026-10-08-02:12:26; 1791425546.162123; 1791425546.162117; 1; 1187; 0; 0
EST TCP_QUEUE; 2026-10-08-02:12:26; 1791425546.213661; 1791425546.213658; 1; 1187; 0; 0
EST TCP_QUEUE; 2026-10-08-02:12:26; 1791425546.275445; 1791425546.275442; 1; 0; 0; 0
EST TCP_QUEUE; 2026-10-08-02:12:26; 1791425546.332041; 1791425546.332039; 1; 0; 0; 0
EST TCP_QUEUE; 2026-10-08-02:12:26; 1791425546.377937; 1791425546.377934; 1; 0; 0; 0
EST TCP_QUEUE; 2026-10-08-02:12:26; 1791425546.420189; 1791425546.420186; 1; 0; 0; 0
EST TCP_QUEUE; 2026-10-08-02:12:26; 1791425546.479205; 1791425546.479202; 1; 99; 0; 0
EST TCP_QUEUE; 2026-10-08-02:12:26; 1791425546.535512; 1791425546.535508; 1; 99; 0; 0
EST TCP_QUEUE; 2026-10-08-02:12:26; 1791425546.586704; 1791425546.586702; 0; 0; 0; 0
EST TCP_QUEUE; 2026-10-08-02:12:26; 1791425546.640724; 1791425546.640722; 0; 0; 0; 0
EST TCP_QUEUE; 2026-10-08-02:12:26; 1791425546.689093; 1791425546.689090; 0; 0; 0; 0
EST TCP_QUEUE; 2026-10-08-02:12:26; 1791425546.733591; 1791425546.733588; 0; 0; 0; 0
EST TCP_QUEUE; 2026-10-08-02:12:26; 1791425546.794385; 1791425546.794381; 0; 0; 0; 0
EST TCP_QUEUE; 2026-10-08-02:12:26; 1791425546.847351; 1791425546.847348; 0; 0; 0; 0
EST TCP_QUEUE; 2026-10-08-02:12:26; 1791425546.904478; 1791425546.904475; 0; 0; 0; 0
EST TCP_QUEUE; 2026-10-08-02:12:26; 1791425546.958951; 1791425546.958946; 0; 0; 0; 0
EST TCP_QUEUE; 2026-10-08-02:12:27; 1791425547.004541; 1791425547.004537; 0; 0; 0; 0
EST TCP_QUEUE; 2026-10-08-02:12:27; 1791425547.058580; 1791425547.058576; 1; 1085; 0; 0
EST TCP_QUEUE; 2026-10-08-02:12:27; 1791425547.116860; 1791425547.116856; 1; 1085; 0; 0
EST TCP_QUEUE; 2026-10-08-02:12:27; 1791425547.170757; 1791425547.170753; 1; 1875; 0; 0
EST TCP_QUEUE; 2026-10-08-02:12:27; 1791425547.220883; 1791425547.220879; 1; 1875; 0; 0
EST TCP_QUEUE; 2026-10-08-02:12:27; 1791425547.321778; 1791425547.321775; 1; 258; 0; 0
EST TCP_QUEUE; 2026-10-08-02:12:27; 1791425547.383020; 1791425547.383018; 1; 258; 0; 0
EST TCP_QUEUE; 2026-10-08-02:12:27; 1791425547.448053; 1791425547.448050; 1; 258; 0; 0
EST TCP_QUEUE; 2026-10-08-02:12:27; 1791425547.503702; 1791425547.503699; 1; 493; 0; 0
EST TCP_QUEUE; 2026-10-08-02:12:27; 1791425547.563998; 1791425547.563995; 1; 493; 0; 0
EST TCP_QUEUE; 2026-10-08-02:12:27; 1791425547.616960; 1791425547.616956; 1; 493; 0; 0
EST TCP_QUEUE; 2026-10-08-02:12:27; 1791425547.668768; 1791425547.668765; 0; 0; 0; 0
EST TCP_QUEUE; 2026-10-08-02:12:27; 1791425547.720654; 1791425547.720651; 0; 0; 0; 0
EST TCP_QUEUE; 2026-10-08-02:12:27; 1791425547.764134; 1791425547.764131; 0; 0; 0; 0
EST TCP_QUEUE; 2026-10-08-02:12:27; 1791425547.820214; 1791425547.820211; 0; 0; 0; 0
EST TCP_QUEUE; 2026-10-08-02:12:27; 1791425547.880503; 1791425547.880501; 0; 0; 0; 0
EST TCP_QUEUE; 2026-10-08-02:12:27; 1791425547.932446; 1791425547.932443; 1; 311; 0; 0
EST TCP_QUEUE; 2026-10-08-02:12:27; 1791425547.985170; 1791425547.985167; 1; 311; 0; 0
EST TCP_QUEUE; 2026-10-08-02:12:28; 1791425548.033122; 1791425548.033119; 1; 311; 0; 0
EST TCP_QUEUE; 2026-10-08-02:12:28; 1791425548.074022; 1791425548.074019; 1; 1024; 0; 0
EST TCP_QUEUE; 2026-10-08-02:12:28; 1791425548.133650; 1791425548.133645; 1; 1024; 0; 0
EST TCP_QUEUE; 2026-10-08-02:12:28; 1791425548.189709; 1791425548.189704; 1; 1024; 0; 0
EST TCP_QUEUE; 2026-10-08-02:12:28; 1791425548.248161; 1791425548.248156; 1; 1024; 0; 0
EST TCP_QUEUE; 2026-10-08-02:12:28; 1791425548.323478; 1791425548.323474; 1; 1089; 0; 0
EST TCP_QUEUE; 2026-10-08-02:12:28; 1791425548.369449; 1791425548.369444; 1; 608; 0; 0
EST TCP_QUEUE; 2026-10-08-02:12:28; 1791425548.413076; 1791425548.413073; 1; 608; 0; 0
EST TCP_QUEUE; 2026-10-08-02:12:28; 1791425548.472704; 1791425548.472701; 0; 0; 0; 0
EST TCP_QUEUE; 2026-10-08-02:12:28; 1791425548.528184; 1791425548.528180; 0; 0; 0; 0
EST TCP_QUEUE; 2026-10-08-02:12:28; 1791425548.583415; 1791425548.583411; 1; 1085; 0; 0
EST TCP_QUEUE; 2026-10-08-02:12:28; 1791425548.636474; 1791425548.636467; 1; 1085; 0; 0
EST TCP_QUEUE; 2026-10-08-02:12:28; 1791425548.685033; 1791425548.685030; 0; 0; 0; 0
EST TCP_QUEUE; 2026-10-08-02:12:28; 1791425548.726622; 1791425548.726618; 0; 0; 0; 0
EST TCP_QUEUE; 2026-10-08-02:12:28; 1791425548.785270; 1791425548.785266; 0; 0; 0; 0
EST TCP_QUEUE; 2026-10-08-02:12:28; 1791425548.846589; 1791425548.846587; 0; 0; 0; 0
EST TCP_QUEUE; 2026-10-08-02:12:28; 1791425548.904948; 1791425548.904946; 0; 0; 0; 0
EST TCP_QUEUE; 2026-10-08-02:12:28; 1791425548.961836; 1791425548.961833; 0; 0; 0; 0
EST TCP_QUEUE; 2026-10-08-02:12:29; 1791425549.006901; 1791425549.006898; 0; 0; 0; 0
EST TCP_QUEUE; 2026-10-08-02:12:29; 1791425549.050699; 1791425549.050694; 0; 0; 0; 0
EST TCP_QUEUE; 2026-10-08-02:12:29; 1791425549.108790; 1791425549.108786; 0; 0; 0; 0
EST TCP_QUEUE; 2026-10-08-02:12:29; 1791425549.167088; 1791425549.167084; 1; 457; 0; 0
EST TCP_QUEUE; 2026-10-08-02:12:29; 1791425549.217144; 1791425549.217141; 1; 457; 0; 0
EST TCP_QUEUE; 2026-10-08-02:12:29; 1791425549.269463; 1791425549.269460; 1; 653; 0; 0
EST TCP_QUEUE; 2026-10-08-02:12:29; 1791425549.319613; 1791425549.319610; 1; 415; 0; 0
EST TCP_QUEUE; 2026-10-08-02:12:29; 1791425549.394076; 1791425549.394073; 1; 415; 0; 0
EST TCP_QUEUE; 2026-10-08-02:12:29; 1791425549.490761; 1791425549.490758; 1; 344; 0; 0
EST TCP_QUEUE; 2026-10-08-02:12:29; 1791425549.572147; 1791425549.572145; 0; 0; 0; 0
EST TCP_QUEUE; 2026-10-08-02:12:29; 1791425549.623164; 1791425549.623162; 1; 0; 0; 0
EST TCP_QUEUE; 2026-10-08-02:12:29; 1791425549.674807; 1791425549.674805; 1; 0; 0; 0
EST TCP_QUEUE; 2026-10-08-02:12:29; 1791425549.720830; 1791425549.720827; 1; 0; 0; 0
EST TCP_QUEUE; 2026-10-08-02:12:29; 1791425549.770760; 1791425549.770752; 0; 0; 0; 0
EST TCP_QUEUE; 2026-10-08-02:12:29; 1791425549.830327; 1791425549.830324; 0; 0; 0; 0
EST TCP_QUEUE; 2026-10-08-02:12:29; 1791425549.919221; 1791425549.919219; 0; 0; 0; 0
EST TCP_QUEUE; 2026-10-08-02:12:29; 1791425549.982847; 1791425549.982841; 0; 0; 0; 0
EST TCP_QUEUE; 2026-10-08-02:12:30; 1791425550.036186; 1791425550.036179; 0; 0; 0; 0
EST TCP_QUEUE; 2026-10-08-02:12:30; 1791425550.083154; 1791425550.083151; 0; 0; 0; 0
EST TCP_QUEUE; 2026-10-08-02:12:30; 1791425550.124676; 1791425550.124674; 0; 0; 0; 0
EST TCP_QUEUE; 2026-10-08-02:12:30; 1791425550.182726; 1791425550.182723; 0; 0; 0; 0
EST TCP_QUEUE; 2026-10-08-02:12:30; 1791425550.236923; 1791425550.236919; 1; 0; 0; 0
EST TCP_QUEUE; 2026-10-08-02:12:30; 1791425550.294132; 1791425550.294127; 1; 0; 0; 0
EST TCP_QUEUE; 2026-10-08-02:12:30; 1791425550.348331; 1791425550.348325; 1; 0; 0; 0
EST TCP_QUEUE; 2026-10-08-02:12:30; 1791425550.398494; 1791425550.398489; 1; 1286; 0; 0
EST TCP_QUEUE; 2026-10-08-02:12:30; 1791425550.464709; 1791425550.464707; 1; 333; 0; 0
EST TCP_QUEUE; 2026-10-08-02:12:30; 1791425550.522389; 1791425550.522386; 1; 333; 0; 0
EST TCP_QUEUE; 2026-10-08-02:12:30; 1791425550.580372; 1791425550.580370; 0; 0; 0; 0
EST TCP_QUEUE; 2026-10-08-02:12:30; 1791425550.630869; 1791425550.630866; 0; 0; 0; 0
EST TCP_QUEUE; 2026-10-08-02:12:30; 1791425550.683141; 1791425550.683139; 1; 785; 0; 0
EST TCP_QUEUE; 2026-10-08-02:12:30; 1791425550.735459; 1791425550.735457; 1; 785; 0; 0
EST TCP_QUEUE; 2026-10-08-02:12:30; 1791425550.782498; 1791425550.782496; 0; 0; 0; 0
EST TCP_QUEUE; 2026-10-08-02:12:30; 1791425550.842238; 1791425550.842236; 0; 0; 0; 0
EST TCP_QUEUE; 2026-10-08-02:12:30; 1791425550.906372; 1791425550.906369; 0; 0; 0; 0
EST TCP_QUEUE; 2026-10-08-02:12:30; 1791425550.963075; 1791425550.963072; 0; 0; 0; 0
EST TCP_QUEUE; 2026-10-08-02:12:31; 1791425551.018987; 1791425551.018984; 0; 0; 0; 0
EST TCP_QUEUE; 2026-10-08-02:12:31; 1791425551.070603; 1791425551.070600; 0; 0; 0; 0
EST TCP_QUEUE; 2026-10-08-02:12:31; 1791425551.113849; 1791425551.113846; 0; 0; 0; 0
EST TCP_QUEUE; 2026-10-08-02:12:31; 1791425551.173675; 1791425551.173673; 0; 0; 0; 0
EST TCP_QUEUE; 2026-10-08-02:12:31; 1791425551.230429; 1791425551.230421; 1; 1763; 0; 0
EST TCP_QUEUE; 2026-10-08-02:12:31; 1791425551.278265; 1791425551.278262; 1; 1320; 0; 0
EST TCP_QUEUE; 2026-10-08-02:12:31; 1791425551.331011; 1791425551.331008; 1; 1320; 0; 0
EST TCP_QUEUE; 2026-10-08-02:12:31; 1791425551.387003; 1791425551.387000; 1; 741; 0; 0
EST TCP_QUEUE; 2026-10-08-02:12:31; 1791425551.434434; 1791425551.434431; 1; 741; 0; 0
EST TCP_QUEUE; 2026-10-08-02:12:31; 1791425551.491666; 1791425551.491664; 1; 775; 0; 0
EST TCP_QUEUE; 2026-10-08-02:12:31; 1791425551.583639; 1791425551.583633; 1; 775; 0; 0
EST TCP_QUEUE; 2026-10-08-02:12:31; 1791425551.640463; 1791425551.640458; 1; 775; 0; 0
EST TCP_QUEUE; 2026-10-08-02:12:31; 1791425551.692355; 1791425551.692349; 1; 216; 0; 0
EST TCP_QUEUE; 2026-10-08-02:12:31; 1791425551.738790; 1791425551.738785; 1; 216; 0; 0
EST TCP_QUEUE; 2026-10-08-02:12:31; 1791425551.785261; 1791425551.785258; 1; 216; 0; 0
EST TCP_QUEUE; 2026-10-08-02:12:31; 1791425551.836740; 1791425551.836738; 1; 216; 0; 0
EST TCP_QUEUE; 2026-10-08-02:12:31; 1791425551.896729; 1791425551.896727; 0; 0; 0; 0
EST TCP_QUEUE; 2026-10-08-02:12:31; 1791425551.960579; 1791425551.960576; 0; 0; 0; 0
EST TCP_QUEUE; 2026-10-08-02:12:32; 1791425552.023216; 1791425552.023213; 0; 0; 0; 0
EST TCP_QUEUE; 2026-10-08-02:12:32; 1791425552.070840; 1791425552.070837; 0; 0; 0; 0
EST TCP_QUEUE; 2026-10-08-02:12:32; 1791425552.112574; 1791425552.112571; 0; 0; 0; 0
EST TCP_QUEUE; 2026-10-08-02:12:32; 1791425552.192973; 1791425552.192970; 0; 0; 0; 0
EST TCP_QUEUE; 2026-10-08-02:12:32; 1791425552.247508; 1791425552.247506; 0; 0; 0; 0
EST TCP_QUEUE; 2026-10-08-02:12:32; 1791425552.298082; 1791425552.298080; 0; 0; 0; 0
EST TCP_QUEUE; 2026-10-08-02:12:32; 1791425552.362504; 1791425552.362500; 1; 940; 0; 0
EST TCP_QUEUE; 2026-10-08-02:12:32; 1791425552.411873; 1791425552.411866; 1; 940; 0; 0
EST TCP_QUEUE; 2026-10-08-02:12:32; 1791425552.467102; 1791425552.467099; 1; 1176; 0; 0
EST TCP_QUEUE; 2026-10-08-02:12:32; 1791425552.523603; 1791425552.523600; 1; 1176; 0; 0
EST TCP_QUEUE; 2026-10-08-02:12:32; 1791425552.616026; 1791425552.616023; 1; 460; 0; 0
EST TCP_QUEUE; 2026-10-08-02:12:32; 1791425552.676772; 1791425552.676769; 0; 0; 0; 0
EST TCP_QUEUE; 2026-10-08-02:12:32; 1791425552.730247; 1791425552.730244; 1; 0; 0; 0
EST TCP_QUEUE; 2026-10-08-02:12:32; 1791425552.778714; 1791425552.778711; 1; 0; 0; 0
EST TCP_QUEUE; 2026-10-08-02:12:32; 1791425552.824362; 1791425552.824359; 1; 0; 0; 0
EST TCP_QUEUE; 2026-10-08-02:12:32; 1791425552.884291; 1791425552.884288; 0; 0; 0; 0
EST TCP_QUEUE; 2026-10-08-02:12:32; 1791425552.938550; 1791425552.938546; 0; 0; 0; 0
EST TCP_QUEUE; 2026-10-08-02:12:32; 1791425552.990982; 1791425552.990978; 0; 0; 0; 0
EST TCP_QUEUE; 2026-10-08-02:12:33; 1791425553.125256; 1791425553.125251; 0; 0; 0; 0
EST TCP_QUEUE; 2026-10-08-02:12:33; 1791425553.173024; 1791425553.173014; 0; 0; 0; 0
EST TCP_QUEUE; 2026-10-08-02:12:33; 1791425553.222857; 1791425553.222851; 0; 0; 0; 0
EST TCP_QUEUE; 2026-10-08-02:12:33; 1791425553.283009; 1791425553.283007; 0; 0; 0; 0
EST TCP_QUEUE; 2026-10-08-02:12:33; 1791425553.337459; 1791425553.337456; 0; 0; 0; 0
EST TCP_QUEUE; 2026-10-08-02:12:33; 1791425553.396072; 1791425553.396069; 1; 932; 0; 0
EST TCP_QUEUE; 2026-10-08-02:12:33; 1791425553.469712; 1791425553.469707; 1; 932; 0; 0
EST TCP_QUEUE; 2026-10-08-02:12:33; 1791425553.525472; 1791425553.525469; 1; 932; 0; 0
EST TCP_QUEUE; 2026-10-08-02:12:33; 1791425553.575044; 1791425553.575040; 1; 160; 0; 0
EST TCP_QUEUE; 2026-10-08-02:12:33; 1791425553.694302; 1791425553.694293; 1; 533; 0; 0
EST TCP_QUEUE; 2026-10-08-02:12:33; 1791425553.746846; 1791425553.746843; 1; 533; 0; 0
EST TCP_QUEUE; 2026-10-08-02:12:33; 1791425553.795475; 1791425553.795472; 1; 629; 0; 0
EST TCP_QUEUE; 2026-10-08-02:12:33; 1791425553.849727; 1791425553.849724; 1; 629; 0; 0
EST TCP_QUEUE; 2026-10-08-02:12:33; 1791425553.904290; 1791425553.904284; 0; 0; 0; 0
EST TCP_QUEUE; 2026-10-08-02:12:33; 1791425553.952339; 1791425553.952336; 0; 0; 0; 0
EST TCP_QUEUE; 2026-10-08-02:12:34; 1791425554.007247; 1791425554.007245; 0; 0; 0; 0
EST TCP_QUEUE; 2026-10-08-02:12:34; 1791425554.120054; 1791425554.120048; 0; 0; 0; 0
EST TCP_QUEUE; 2026-10-08-02:12:34; 1791425554.201731; 1791425554.201726; 0; 0; 0; 0
EST TCP_QUEUE; 2026-10-08-02:12:34; 1791425554.257939; 1791425554.257933; 0; 0; 0; 0
EST TCP_QUEUE; 2026-10-08-02:12:34; 1791425554.304982; 1791425554.304980; 0; 0; 0; 0
EST TCP_QUEUE; 2026-10-08-02:12:34; 1791425554.357967; 1791425554.357964; 0; 0; 0; 0
EST TCP_QUEUE; 2026-10-08-02:12:34; 1791425554.422017; 1791425554.422014; 0; 0; 0; 0
EST TCP_QUEUE; 2026-10-08-02:12:34; 1791425554.476009; 1791425554.476006; 1; 935; 0; 0
EST TCP_QUEUE; 2026-10-08-02:12:34; 1791425554.526485; 1791425554.526483; 1; 935; 0; 0
EST TCP_QUEUE; 2026-10-08-02:12:34; 1791425554.604192; 1791425554.604186; 1; 438; 0; 0
EST TCP_QUEUE; 2026-10-08-02:12:34; 1791425554.654230; 1791425554.654227; 1; 498; 0; 0
EST TCP_QUEUE; 2026-10-08-02:12:34; 1791425554.701190; 1791425554.701188; 1; 498; 0; 0
EST TCP_QUEUE; 2026-10-08-02:12:34; 1791425554.759157; 1791425554.759155; 1; 498; 0; 0
EST TCP_QUEUE; 2026-10-08-02:12:34; 1791425554.819502; 1791425554.819499; 1; 771; 0; 0
EST TCP_QUEUE; 2026-10-08-02:12:34; 1791425554.868760; 1791425554.868756; 1; 771; 0; 0
EST TCP_QUEUE; 2026-10-08-02:12:34; 1791425554.921676; 1791425554.921670; 1; 771; 0; 0
EST TCP_QUEUE; 2026-10-08-02:12:34; 1791425554.967933; 1791425554.967926; 0; 0; 0; 0
EST TCP_QUEUE; 2026-10-08-02:12:35; 1791425555.017793; 1791425555.017791; 0; 0; 0; 0
EST TCP_QUEUE; 2026-10-08-02:12:35; 1791425555.081541; 1791425555.081539; 0; 0; 0; 0
EST TCP_QUEUE; 2026-10-08-02:12:35; 1791425555.209903; 1791425555.209898; 0; 0; 0; 0
EST TCP_QUEUE; 2026-10-08-02:12:35; 1791425555.296478; 1791425555.296475; 0; 0; 0; 0
EST TCP_QUEUE; 2026-10-08-02:12:35; 1791425555.392686; 1791425555.392681; 0; 0; 0; 0
EST TCP_QUEUE; 2026-10-08-02:12:35; 1791425555.449469; 1791425555.449466; 0; 0; 0; 0
EST TCP_QUEUE; 2026-10-08-02:12:35; 1791425555.488655; 1791425555.488630; 0; 0; 0; 0
EST TCP_QUEUE; 2026-10-08-02:12:35; 1791425555.546713; 1791425555.546709; 1; 0; 0; 0
EST TCP_QUEUE; 2026-10-08-02:12:35; 1791425555.601193; 1791425555.601191; 1; 0; 0; 0
EST TCP_QUEUE; 2026-10-08-02:12:35; 1791425555.653966; 1791425555.653962; 1; 0; 0; 0
EST TCP_QUEUE; 2026-10-08-02:12:35; 1791425555.705918; 1791425555.705916; 1; 0; 0; 0
EST TCP_QUEUE; 2026-10-08-02:12:35; 1791425555.754989; 1791425555.754985; 1; 0; 0; 0
EST TCP_QUEUE; 2026-10-08-02:12:35; 1791425555.799756; 1791425555.799750; 1; 0; 0; 0
EST TCP_QUEUE; 2026-10-08-02:12:35; 1791425555.857429; 1791425555.857426; 1; 0; 0; 0
EST TCP_QUEUE; 2026-10-08-02:12:35; 1791425555.913722; 1791425555.913718; 1; 931; 0; 0
EST TCP_QUEUE; 2026-10-08-02:12:35; 1791425555.968338; 1791425555.968335; 1; 931; 0; 0
EST TCP_QUEUE; 2026-10-08-02:12:36; 1791425556.023868; 1791425556.023861; 1; 931; 0; 0
EST TCP_QUEUE; 2026-10-08-02:12:36; 1791425556.072205; 1791425556.072202; 0; 0; 0; 0
EST TCP_QUEUE; 2026-10-08-02:12:36; 1791425556.117649; 1791425556.117645; 0; 0; 0; 0
EST TCP_QUEUE; 2026-10-08-02:12:36; 1791425556.184779; 1791425556.184775; 0; 0; 0; 0
EST TCP_QUEUE; 2026-10-08-02:12:36; 1791425556.299603; 1791425556.299600; 0; 0; 0; 0
EST TCP_QUEUE; 2026-10-08-02:12:36; 1791425556.368929; 1791425556.368925; 0; 0; 0; 0
EST TCP_QUEUE; 2026-10-08-02:12:36; 1791425556.421711; 1791425556.421708; 0; 0; 0; 0
EST TCP_QUEUE; 2026-10-08-02:12:36; 1791425556.467579; 1791425556.467575; 0; 0; 0; 0
EST TCP_QUEUE; 2026-10-08-02:12:36; 1791425556.509096; 1791425556.509093; 0; 0; 0; 0
EST TCP_QUEUE; 2026-10-08-02:12:36; 1791425556.569218; 1791425556.569215; 0; 0; 0; 0
EST TCP_QUEUE; 2026-10-08-02:12:36; 1791425556.623404; 1791425556.623401; 1; 724; 0; 0
EST TCP_QUEUE; 2026-10-08-02:12:36; 1791425556.675425; 1791425556.675423; 1; 724; 0; 0
EST TCP_QUEUE; 2026-10-08-02:12:36; 1791425556.730252; 1791425556.730250; 1; 724; 0; 0
EST TCP_QUEUE; 2026-10-08-02:12:36; 1791425556.778156; 1791425556.778153; 1; 165; 0; 0
EST TCP_QUEUE; 2026-10-08-02:12:36; 1791425556.823187; 1791425556.823184; 1; 0; 0; 0
EST TCP_QUEUE; 2026-10-08-02:12:36; 1791425556.883466; 1791425556.883463; 1; 0; 0; 0
EST TCP_QUEUE; 2026-10-08-02:12:36; 1791425556.951346; 1791425556.951343; 1; 0; 0; 0
EST TCP_QUEUE; 2026-10-08-02:12:37; 1791425557.003672; 1791425557.003669; 1; 572; 0; 0
EST TCP_QUEUE; 2026-10-08-02:12:37; 1791425557.056231; 1791425557.056229; 1; 572; 0; 0
EST TCP_QUEUE; 2026-10-08-02:12:37; 1791425557.105440; 1791425557.105437; 1; 595; 0; 0
EST TCP_QUEUE; 2026-10-08-02:12:37; 1791425557.153319; 1791425557.153314; 1; 595; 0; 0
EST TCP_QUEUE; 2026-10-08-02:12:37; 1791425557.220646; 1791425557.220643; 1; 0; 0; 0
EST TCP_QUEUE; 2026-10-08-02:12:37; 1791425557.320032; 1791425557.320028; 0; 0; 0; 0
EST TCP_QUEUE; 2026-10-08-02:12:37; 1791425557.385660; 1791425557.385658; 0; 0; 0; 0
EST TCP_QUEUE; 2026-10-08-02:12:37; 1791425557.446112; 1791425557.446110; 0; 0; 0; 0
EST TCP_QUEUE; 2026-10-08-02:12:37; 1791425557.493497; 1791425557.493495; 0; 0; 0; 0
EST TCP_QUEUE; 2026-10-08-02:12:37; 1791425557.535201; 1791425557.535198; 0; 0; 0; 0
EST TCP_QUEUE; 2026-10-08-02:12:37; 1791425557.594693; 1791425557.594691; 0; 0; 0; 0
EST TCP_QUEUE; 2026-10-08-02:12:37; 1791425557.654854; 1791425557.654851; 0; 0; 0; 0
EST TCP_QUEUE; 2026-10-08-02:12:37; 1791425557.705707; 1791425557.705705; 0; 0; 0; 0
EST TCP_QUEUE; 2026-10-08-02:12:37; 1791425557.758121; 1791425557.758118; 1; 376; 0; 0
EST TCP_QUEUE; 2026-10-08-02:12:37; 1791425557.805850; 1791425557.805847; 1; 376; 0; 0
EST TCP_QUEUE; 2026-10-08-02:12:37; 1791425557.847109; 1791425557.847106; 1; 376; 0; 0
EST TCP_QUEUE; 2026-10-08-02:12:37; 1791425557.909902; 1791425557.909899; 1; 291; 0; 0
EST TCP_QUEUE; 2026-10-08-02:12:37; 1791425557.965653; 1791425557.965650; 1; 291; 0; 0
EST TCP_QUEUE; 2026-10-08-02:12:38; 1791425558.018186; 1791425558.018182; 1; 291; 0; 0
EST TCP_QUEUE; 2026-10-08-02:12:38; 1791425558.071524; 1791425558.071519; 0; 0; 0; 0
EST TCP_QUEUE; 2026-10-08-02:12:38; 1791425558.117142; 1791425558.117138; 1; 545; 0; 0
EST TCP_QUEUE; 2026-10-08-02:12:38; 1791425558.163625; 1791425558.163620; 1; 545; 0; 0
EST TCP_QUEUE; 2026-10-08-02:12:38; 1791425558.238835; 1791425558.238832; 1; 545; 0; 0
EST TCP_QUEUE; 2026-10-08-02:12:38; 1791425558.298543; 1791425558.298541; 0; 0; 0; 0
EST TCP_QUEUE; 2026-10-08-02:12:38; 1791425558.363307; 1791425558.363304; 0; 0; 0; 0
EST TCP_QUEUE; 2026-10-08-02:12:38; 1791425558.417339; 1791425558.417336; 0; 0; 0; 0
EST TCP_QUEUE; 2026-10-08-02:12:38; 1791425558.465436; 1791425558.465433; 0; 0; 0; 0
EST TCP_QUEUE; 2026-10-08-02:12:38; 1791425558.510161; 1791425558.510159; 1; 0; 0; 0
EST TCP_QUEUE; 2026-10-08-02:12:38; 1791425558.564405; 1791425558.564403; 1; 0; 0; 0
EST TCP_QUEUE; 2026-10-08-02:12:38; 1791425558.626436; 1791425558.626434; 1; 0; 0; 0
EST TCP_QUEUE; 2026-10-08-02:12:38; 1791425558.677450; 1791425558.677447; 1; 577; 0; 0
EST TCP_QUEUE; 2026-10-08-02:12:38; 1791425558.743183; 1791425558.743179; 1; 383; 0; 0
EST TCP_QUEUE; 2026-10-08-02:12:38; 1791425558.790950; 1791425558.790947; 1; 383; 0; 0
EST TCP_QUEUE; 2026-10-08-02:12:38; 1791425558.834531; 1791425558.834528; 1; 889; 0; 0
EST TCP_QUEUE; 2026-10-08-02:12:38; 1791425558.892540; 1791425558.892537; 1; 889; 0; 0
EST TCP_QUEUE; 2026-10-08-02:12:38; 1791425558.951186; 1791425558.951182; 1; 889; 0; 0
EST TCP_QUEUE; 2026-10-08-02:12:39; 1791425559.014376; 1791425559.014370; 1; 1259; 0; 0
EST TCP_QUEUE; 2026-10-08-02:12:39; 1791425559.073171; 1791425559.073167; 1; 1259; 0; 0
EST TCP_QUEUE; 2026-10-08-02:12:39; 1791425559.123105; 1791425559.123101; 1; 1259; 0; 0
EST TCP_QUEUE; 2026-10-08-02:12:39; 1791425559.170504; 1791425559.170500; 0; 0; 0; 0
EST TCP_QUEUE; 2026-10-08-02:12:39; 1791425559.228157; 1791425559.228153; 1; 611; 0; 0
EST TCP_QUEUE; 2026-10-08-02:12:39; 1791425559.284832; 1791425559.284828; 1; 611; 0; 0
EST TCP_QUEUE; 2026-10-08-02:12:39; 1791425559.338187; 1791425559.338184; 1; 611; 0; 0
EST TCP_QUEUE; 2026-10-08-02:12:39; 1791425559.408294; 1791425559.408291; 0; 0; 0; 0
EST TCP_QUEUE; 2026-10-08-02:12:39; 1791425559.458155; 1791425559.458153; 0; 0; 0; 0
EST TCP_QUEUE; 2026-10-08-02:12:39; 1791425559.501620; 1791425559.501617; 0; 0; 0; 0
EST TCP_QUEUE; 2026-10-08-02:12:39; 1791425559.561257; 1791425559.561254; 0; 0; 0; 0
EST TCP_QUEUE; 2026-10-08-02:12:39; 1791425559.617321; 1791425559.617319; 0; 0; 0; 0
EST TCP_QUEUE; 2026-10-08-02:12:39; 1791425559.668380; 1791425559.668377; 0; 0; 0; 0
EST TCP_QUEUE; 2026-10-08-02:12:39; 1791425559.723162; 1791425559.723159; 1; 0; 0; 0
EST TCP_QUEUE; 2026-10-08-02:12:39; 1791425559.774809; 1791425559.774805; 1; 0; 0; 0
EST TCP_QUEUE; 2026-10-08-02:12:39; 1791425559.818952; 1791425559.818948; 1; 0; 0; 0
EST TCP_QUEUE; 2026-10-08-02:12:39; 1791425559.876244; 1791425559.876239; 0; 0; 0; 0
EST TCP_QUEUE; 2026-10-08-02:12:39; 1791425559.930367; 1791425559.930362; 1; 710; 0; 0
EST TCP_QUEUE; 2026-10-08-02:12:39; 1791425559.980692; 1791425559.980689; 1; 710; 0; 0
EST TCP_QUEUE; 2026-10-08-02:12:40; 1791425560.033471; 1791425560.033467; 1; 710; 0; 0
EST TCP_QUEUE; 2026-10-08-02:12:40; 1791425560.081812; 1791425560.081808; 1; 304; 0; 0
EST TCP_QUEUE; 2026-10-08-02:12:40; 1791425560.122673; 1791425560.122668; 1; 304; 0; 0
EST TCP_QUEUE; 2026-10-08-02:12:40; 1791425560.179973; 1791425560.179970; 0; 0; 0; 0
EST TCP_QUEUE; 2026-10-08-02:12:40; 1791425560.236772; 1791425560.236769; 0; 0; 0; 0
EST TCP_QUEUE; 2026-10-08-02:12:40; 1791425560.286877; 1791425560.286875; 1; 721; 0; 0
EST TCP_QUEUE; 2026-10-08-02:12:40; 1791425560.343330; 1791425560.343328; 1; 721; 0; 0
EST TCP_QUEUE; 2026-10-08-02:12:40; 1791425560.393641; 1791425560.393639; 0; 0; 0; 0
EST TCP_QUEUE; 2026-10-08-02:12:40; 1791425560.430378; 1791425560.430376; 0; 0; 0; 0
EST TCP_QUEUE; 2026-10-08-02:12:40; 1791425560.490270; 1791425560.490267; 0; 0; 0; 0
EST TCP_QUEUE; 2026-10-08-02:12:40; 1791425560.544513; 1791425560.544511; 0; 0; 0; 0
EST TCP_QUEUE; 2026-10-08-02:12:40; 1791425560.601364; 1791425560.601361; 0; 0; 0; 0
EST TCP_QUEUE; 2026-10-08-02:12:40; 1791425560.653473; 1791425560.653470; 0; 0; 0; 0
EST TCP_QUEUE; 2026-10-08-02:12:40; 1791425560.701246; 1791425560.701243; 0; 0; 0; 0
EST TCP_QUEUE; 2026-10-08-02:12:40; 1791425560.742958; 1791425560.742955; 0; 0; 0; 0
EST TCP_QUEUE; 2026-10-08-02:12:40; 1791425560.800746; 1791425560.800743; 0; 0; 0; 0
EST TCP_QUEUE; 2026-10-08-02:12:40; 1791425560.855078; 1791425560.855075; 0; 0; 0; 0
EST TCP_QUEUE; 2026-10-08-02:12:40; 1791425560.916311; 1791425560.916306; 1; 486; 0; 0
EST TCP_QUEUE; 2026-10-08-02:12:40; 1791425560.970625; 1791425560.970619; 1; 486; 0; 0
EST TCP_QUEUE; 2026-10-08-02:12:41; 1791425561.018588; 1791425561.018584; 1; 1691; 0; 0
EST TCP_QUEUE; 2026-10-08-02:12:41; 1791425561.060250; 1791425561.060245; 1; 1691; 0; 0
EST TCP_QUEUE; 2026-10-08-02:12:41; 1791425561.117831; 1791425561.117827; 1; 1215; 0; 0
EST TCP_QUEUE; 2026-10-08-02:12:41; 1791425561.175528; 1791425561.175524; 1; 1215; 0; 0
EST TCP_QUEUE; 2026-10-08-02:12:41; 1791425561.228674; 1791425561.228668; 1; 1215; 0; 0
EST TCP_QUEUE; 2026-10-08-02:12:41; 1791425561.281229; 1791425561.281226; 0; 0; 0; 0
EST TCP_QUEUE; 2026-10-08-02:12:41; 1791425561.325698; 1791425561.325695; 1; 219; 0; 0
EST TCP_QUEUE; 2026-10-08-02:12:41; 1791425561.394767; 1791425561.394764; 1; 219; 0; 0
EST TCP_QUEUE; 2026-10-08-02:12:41; 1791425561.460357; 1791425561.460354; 1; 219; 0; 0
EST TCP_QUEUE; 2026-10-08-02:12:41; 1791425561.514374; 1791425561.514372; 1; 172; 0; 0
EST TCP_QUEUE; 2026-10-08-02:12:41; 1791425561.564907; 1791425561.564905; 1; 672; 1; 2260
EST TCP_QUEUE; 2026-10-08-02:12:41; 1791425561.617038; 1791425561.617034; 1; 387; 1; 0
EST TCP_QUEUE; 2026-10-08-02:12:41; 1791425561.663082; 1791425561.663079; 1; 387; 1; 0
EST TCP_QUEUE; 2026-10-08-02:12:41; 1791425561.704639; 1791425561.704636; 1; 387; 1; 0
EST TCP_QUEUE; 2026-10-08-02:12:41; 1791425561.764279; 1791425561.764277; 1; 387; 1; 0
EST TCP_QUEUE; 2026-10-08-02:12:41; 1791425561.820995; 1791425561.820993; 0; 0; 0; 0
EST TCP_QUEUE; 2026-10-08-02:12:41; 1791425561.875588; 1791425561.875585; 0; 0; 0; 0
EST TCP_QUEUE; 2026-10-08-02:12:41; 1791425561.926072; 1791425561.926069; 0; 0; 0; 0
EST TCP_QUEUE; 2026-10-08-02:12:41; 1791425561.978878; 1791425561.978872; 0; 0; 0; 0
EST TCP_QUEUE; 2026-10-08-02:12:42; 1791425562.020705; 1791425562.020700; 0; 0; 0; 0
EST TCP_QUEUE; 2026-10-08-02:12:42; 1791425562.100579; 1791425562.100575; 1; 1944; 0; 0
EST TCP_QUEUE; 2026-10-08-02:12:42; 1791425562.154719; 1791425562.154715; 1; 701; 0; 0
EST TCP_QUEUE; 2026-10-08-02:12:42; 1791425562.205596; 1791425562.205592; 1; 701; 0; 0
EST TCP_QUEUE; 2026-10-08-02:12:42; 1791425562.316427; 1791425562.316423; 0; 0; 0; 0
EST TCP_QUEUE; 2026-10-08-02:12:42; 1791425562.388365; 1791425562.388361; 1; 2276; 0; 0
EST TCP_QUEUE; 2026-10-08-02:12:42; 1791425562.432001; 1791425562.431998; 1; 2276; 0; 0
EST TCP_QUEUE; 2026-10-08-02:12:42; 1791425562.503367; 1791425562.503364; 0; 0; 0; 0
EST TCP_QUEUE; 2026-10-08-02:12:42; 1791425562.592644; 1791425562.592642; 0; 0; 0; 0
EST TCP_QUEUE; 2026-10-08-02:12:42; 1791425562.644847; 1791425562.644844; 0; 0; 0; 0
EST TCP_QUEUE; 2026-10-08-02:12:42; 1791425562.699390; 1791425562.699387; 0; 0; 0; 0
EST TCP_QUEUE; 2026-10-08-02:12:42; 1791425562.747688; 1791425562.747685; 0; 0; 0; 0
EST TCP_QUEUE; 2026-10-08-02:12:42; 1791425562.789029; 1791425562.789025; 0; 0; 0; 0
EST TCP_QUEUE; 2026-10-08-02:12:42; 1791425562.854442; 1791425562.854439; 0; 0; 0; 0
EST TCP_QUEUE; 2026-10-08-02:12:42; 1791425562.907350; 1791425562.907346; 0; 0; 0; 0
EST TCP_QUEUE; 2026-10-08-02:12:42; 1791425562.958179; 1791425562.958174; 0; 0; 0; 0
EST TCP_QUEUE; 2026-10-08-02:12:43; 1791425563.014294; 1791425563.014289; 0; 0; 0; 0
EST TCP_QUEUE; 2026-10-08-02:12:43; 1791425563.074379; 1791425563.074373; 0; 0; 0; 0
EST TCP_QUEUE; 2026-10-08-02:12:43; 1791425563.115489; 1791425563.115484; 1; 1006; 0; 0
EST TCP_QUEUE; 2026-10-08-02:12:43; 1791425563.175708; 1791425563.175702; 1; 1006; 0; 0
EST TCP_QUEUE; 2026-10-08-02:12:43; 1791425563.230651; 1791425563.230646; 1; 1812; 0; 0
EST TCP_QUEUE; 2026-10-08-02:12:43; 1791425563.302333; 1791425563.302328; 1; 1812; 0; 0
EST TCP_QUEUE; 2026-10-08-02:12:43; 1791425563.399386; 1791425563.399384; 0; 0; 0; 0
EST TCP_QUEUE; 2026-10-08-02:12:43; 1791425563.463002; 1791425563.463000; 1; 888; 0; 0
EST TCP_QUEUE; 2026-10-08-02:12:43; 1791425563.508174; 1791425563.508171; 1; 888; 0; 0
EST TCP_QUEUE; 2026-10-08-02:12:43; 1791425563.567790; 1791425563.567787; 1; 426; 0; 0
EST TCP_QUEUE; 2026-10-08-02:12:43; 1791425563.622165; 1791425563.622162; 1; 426; 0; 0
EST TCP_QUEUE; 2026-10-08-02:12:43; 1791425563.681441; 1791425563.681435; 0; 0; 0; 0
EST TCP_QUEUE; 2026-10-08-02:12:43; 1791425563.732161; 1791425563.732155; 0; 0; 0; 0
EST TCP_QUEUE; 2026-10-08-02:12:43; 1791425563.777912; 1791425563.777905; 0; 0; 0; 0
EST TCP_QUEUE; 2026-10-08-02:12:43; 1791425563.823520; 1791425563.823512; 0; 0; 0; 0
EST TCP_QUEUE; 2026-10-08-02:12:43; 1791425563.881088; 1791425563.881082; 0; 0; 0; 0
EST TCP_QUEUE; 2026-10-08-02:12:43; 1791425563.962402; 1791425563.962395; 0; 0; 0; 0
EST TCP_QUEUE; 2026-10-08-02:12:44; 1791425564.017866; 1791425564.017860; 0; 0; 0; 0
EST TCP_QUEUE; 2026-10-08-02:12:44; 1791425564.083861; 1791425564.083855; 1; 1335; 0; 0
EST TCP_QUEUE; 2026-10-08-02:12:44; 1791425564.139558; 1791425564.139553; 1; 1335; 0; 0
EST TCP_QUEUE; 2026-10-08-02:12:44; 1791425564.181680; 1791425564.181674; 1; 1569; 0; 0
EST TCP_QUEUE; 2026-10-08-02:12:44; 1791425564.238013; 1791425564.238006; 1; 1569; 0; 0
EST TCP_QUEUE; 2026-10-08-02:12:44; 1791425564.296763; 1791425564.296760; 1; 1134; 0; 0
EST TCP_QUEUE; 2026-10-08-02:12:44; 1791425564.349397; 1791425564.349395; 1; 1134; 0; 0
EST TCP_QUEUE; 2026-10-08-02:12:44; 1791425564.419167; 1791425564.419165; 0; 0; 0; 0
EST TCP_QUEUE; 2026-10-08-02:12:44; 1791425564.465508; 1791425564.465505; 1; 25; 0; 0
EST TCP_QUEUE; 2026-10-08-02:12:44; 1791425564.517110; 1791425564.517107; 1; 25; 0; 0
EST TCP_QUEUE; 2026-10-08-02:12:44; 1791425564.579985; 1791425564.579983; 0; 0; 0; 0
EST TCP_QUEUE; 2026-10-08-02:12:44; 1791425564.641440; 1791425564.641437; 0; 0; 0; 0
EST TCP_QUEUE; 2026-10-08-02:12:44; 1791425564.689408; 1791425564.689404; 0; 0; 0; 0
EST TCP_QUEUE; 2026-10-08-02:12:44; 1791425564.749526; 1791425564.749522; 0; 0; 0; 0
EST TCP_QUEUE; 2026-10-08-02:12:44; 1791425564.794951; 1791425564.794948; 0; 0; 0; 0
EST TCP_QUEUE; 2026-10-08-02:12:44; 1791425564.842002; 1791425564.841999; 0; 0; 0; 0
EST TCP_QUEUE; 2026-10-08-02:12:44; 1791425564.928190; 1791425564.928179; 0; 0; 0; 0
EST TCP_QUEUE; 2026-10-08-02:12:44; 1791425564.984529; 1791425564.984525; 0; 0; 0; 0
EST TCP_QUEUE; 2026-10-08-02:12:45; 1791425565.036463; 1791425565.036458; 0; 0; 0; 0
EST TCP_QUEUE; 2026-10-08-02:12:45; 1791425565.113549; 1791425565.113547; 0; 0; 0; 0
EST TCP_QUEUE; 2026-10-08-02:12:45; 1791425565.159633; 1791425565.159629; 0; 0; 0; 0
EST TCP_QUEUE; 2026-10-08-02:12:45; 1791425565.201085; 1791425565.201083; 0; 0; 0; 0
EST TCP_QUEUE; 2026-10-08-02:12:45; 1791425565.262867; 1791425565.262864; 1; 277; 0; 0
EST TCP_QUEUE; 2026-10-08-02:12:45; 1791425565.321508; 1791425565.321505; 1; 474; 0; 0
EST TCP_QUEUE; 2026-10-08-02:12:45; 1791425565.397274; 1791425565.397272; 1; 474; 0; 0
EST TCP_QUEUE; 2026-10-08-02:12:45; 1791425565.458835; 1791425565.458832; 1; 474; 0; 0
EST TCP_QUEUE; 2026-10-08-02:12:45; 1791425565.504976; 1791425565.504973; 1; 567; 0; 0
EST TCP_QUEUE; 2026-10-08-02:12:45; 1791425565.550237; 1791425565.550234; 1; 567; 0; 0
EST TCP_QUEUE; 2026-10-08-02:12:45; 1791425565.610191; 1791425565.610189; 1; 567; 0; 0
EST TCP_QUEUE; 2026-10-08-02:12:45; 1791425565.664330; 1791425565.664327; 1; 567; 0; 0
EST TCP_QUEUE; 2026-10-08-02:12:45; 1791425565.716686; 1791425565.716684; 0; 0; 0; 0
EST TCP_QUEUE; 2026-10-08-02:12:45; 1791425565.775161; 1791425565.775157; 0; 0; 0; 0
EST TCP_QUEUE; 2026-10-08-02:12:45; 1791425565.822742; 1791425565.822734; 0; 0; 0; 0
EST TCP_QUEUE; 2026-10-08-02:12:45; 1791425565.865508; 1791425565.865503; 0; 0; 0; 0
EST TCP_QUEUE; 2026-10-08-02:12:45; 1791425565.922867; 1791425565.922861; 0; 0; 0; 0
EST TCP_QUEUE; 2026-10-08-02:12:45; 1791425565.983250; 1791425565.983244; 0; 0; 0; 0
EST TCP_QUEUE; 2026-10-08-02:12:46; 1791425566.037411; 1791425566.037405; 0; 0; 0; 0
EST TCP_QUEUE; 2026-10-08-02:12:46; 1791425566.115582; 1791425566.115576; 0; 0; 0; 0
EST TCP_QUEUE; 2026-10-08-02:12:46; 1791425566.167571; 1791425566.167562; 0; 0; 0; 0
EST TCP_QUEUE; 2026-10-08-02:12:46; 1791425566.208294; 1791425566.208284; 0; 0; 0; 0
EST TCP_QUEUE; 2026-10-08-02:12:46; 1791425566.265864; 1791425566.265860; 0; 0; 0; 0
EST TCP_QUEUE; 2026-10-08-02:12:46; 1791425566.325449; 1791425566.325447; 1; 0; 0; 0
EST TCP_QUEUE; 2026-10-08-02:12:46; 1791425566.415006; 1791425566.415004; 1; 0; 0; 0
EST TCP_QUEUE; 2026-10-08-02:12:46; 1791425566.506098; 1791425566.506096; 0; 0; 0; 0
EST TCP_QUEUE; 2026-10-08-02:12:46; 1791425566.557972; 1791425566.557969; 1; 580; 0; 0
EST TCP_QUEUE; 2026-10-08-02:12:46; 1791425566.615066; 1791425566.615063; 1; 580; 0; 0
EST TCP_QUEUE; 2026-10-08-02:12:46; 1791425566.678695; 1791425566.678692; 0; 0; 0; 0
EST TCP_QUEUE; 2026-10-08-02:12:46; 1791425566.734469; 1791425566.734467; 0; 0; 0; 0
EST TCP_QUEUE; 2026-10-08-02:12:46; 1791425566.785094; 1791425566.785091; 0; 0; 0; 0
EST TCP_QUEUE; 2026-10-08-02:12:46; 1791425566.837525; 1791425566.837523; 0; 0; 0; 0
EST TCP_QUEUE; 2026-10-08-02:12:46; 1791425566.886493; 1791425566.886491; 0; 0; 0; 0
EST TCP_QUEUE; 2026-10-08-02:12:46; 1791425566.929259; 1791425566.929256; 0; 0; 0; 0
EST TCP_QUEUE; 2026-10-08-02:12:46; 1791425566.994309; 1791425566.994301; 0; 0; 0; 0
EST TCP_QUEUE; 2026-10-08-02:12:47; 1791425567.096415; 1791425567.096407; 0; 0; 0; 0
EST TCP_QUEUE; 2026-10-08-02:12:47; 1791425567.149970; 1791425567.149964; 0; 0; 0; 0
EST TCP_QUEUE; 2026-10-08-02:12:47; 1791425567.211124; 1791425567.211118; 0; 0; 0; 0
EST TCP_QUEUE; 2026-10-08-02:12:47; 1791425567.259052; 1791425567.259046; 0; 0; 0; 0
EST TCP_QUEUE; 2026-10-08-02:12:47; 1791425567.301327; 1791425567.301321; 0; 0; 0; 0
EST TCP_QUEUE; 2026-10-08-02:12:47; 1791425567.363796; 1791425567.363792; 1; 1494; 0; 0
EST TCP_QUEUE; 2026-10-08-02:12:47; 1791425567.419362; 1791425567.419358; 1; 883; 0; 0
EST TCP_QUEUE; 2026-10-08-02:12:47; 1791425567.475800; 1791425567.475798; 1; 883; 0; 0
EST TCP_QUEUE; 2026-10-08-02:12:47; 1791425567.526277; 1791425567.526274; 1; 883; 0; 0
EST TCP_QUEUE; 2026-10-08-02:12:47; 1791425567.599246; 1791425567.599243; 1; 892; 0; 0
EST TCP_QUEUE; 2026-10-08-02:12:47; 1791425567.656782; 1791425567.656779; 1; 892; 0; 0
EST TCP_QUEUE; 2026-10-08-02:12:47; 1791425567.714114; 1791425567.714112; 1; 278; 1; 0
EST TCP_QUEUE; 2026-10-08-02:12:47; 1791425567.776281; 1791425567.776278; 1; 278; 1; 0
EST TCP_QUEUE; 2026-10-08-02:12:47; 1791425567.827693; 1791425567.827689; 1; 278; 1; 0
EST TCP_QUEUE; 2026-10-08-02:12:47; 1791425567.879318; 1791425567.879315; 1; 659; 0; 0
EST TCP_QUEUE; 2026-10-08-02:12:47; 1791425567.925683; 1791425567.925680; 1; 659; 0; 0
EST TCP_QUEUE; 2026-10-08-02:12:48; 1791425568.002966; 1791425568.002961; 0; 0; 0; 0
EST TCP_QUEUE; 2026-10-08-02:12:48; 1791425568.069742; 1791425568.069738; 0; 0; 0; 0
EST TCP_QUEUE; 2026-10-08-02:12:48; 1791425568.125845; 1791425568.125841; 0; 0; 0; 0
EST TCP_QUEUE; 2026-10-08-02:12:48; 1791425568.185875; 1791425568.185873; 0; 0; 0; 0
EST TCP_QUEUE; 2026-10-08-02:12:48; 1791425568.242159; 1791425568.242156; 0; 0; 0; 0
EST TCP_QUEUE; 2026-10-08-02:12:48; 1791425568.287865; 1791425568.287862; 0; 0; 0; 0
EST TCP_QUEUE; 2026-10-08-02:12:48; 1791425568.329235; 1791425568.329232; 0; 0; 0; 0
EST TCP_QUEUE; 2026-10-08-02:12:48; 1791425568.392880; 1791425568.392878; 0; 0; 0; 0
EST TCP_QUEUE; 2026-10-08-02:12:48; 1791425568.449019; 1791425568.449015; 1; 0; 0; 0
EST TCP_QUEUE; 2026-10-08-02:12:48; 1791425568.499457; 1791425568.499455; 1; 0; 0; 0
EST TCP_QUEUE; 2026-10-08-02:12:48; 1791425568.564167; 1791425568.564165; 1; 0; 0; 0
EST TCP_QUEUE; 2026-10-08-02:12:48; 1791425568.618967; 1791425568.618965; 0; 0; 0; 0
EST TCP_QUEUE; 2026-10-08-02:12:48; 1791425568.661578; 1791425568.661575; 1; 0; 0; 0
EST TCP_QUEUE; 2026-10-08-02:12:48; 1791425568.722283; 1791425568.722277; 1; 0; 0; 0
EST TCP_QUEUE; 2026-10-08-02:12:48; 1791425568.781866; 1791425568.781861; 0; 0; 0; 0
EST TCP_QUEUE; 2026-10-08-02:12:48; 1791425568.832025; 1791425568.832019; 0; 0; 0; 0
EST TCP_QUEUE; 2026-10-08-02:12:48; 1791425568.884569; 1791425568.884558; 0; 0; 0; 0
EST TCP_QUEUE; 2026-10-08-02:12:48; 1791425568.930859; 1791425568.930851; 1; 2262; 1; 0
EST TCP_QUEUE; 2026-10-08-02:12:48; 1791425568.982897; 1791425568.982890; 1; 2262; 1; 0
EST TCP_QUEUE; 2026-10-08-02:12:49; 1791425569.043957; 1791425569.043951; 1; 2262; 1; 0
EST TCP_QUEUE; 2026-10-08-02:12:49; 1791425569.097135; 1791425569.097133; 1; 2143; 0; 0
EST TCP_QUEUE; 2026-10-08-02:12:49; 1791425569.149932; 1791425569.149928; 1; 2143; 0; 0
EST TCP_QUEUE; 2026-10-08-02:12:49; 1791425569.204968; 1791425569.204961; 0; 0; 0; 0
EST TCP_QUEUE; 2026-10-08-02:12:49; 1791425569.270359; 1791425569.270350; 0; 0; 0; 0
EST TCP_QUEUE; 2026-10-08-02:12:49; 1791425569.314212; 1791425569.314205; 0; 0; 0; 0
EST TCP_QUEUE; 2026-10-08-02:12:49; 1791425569.370821; 1791425569.370816; 0; 0; 0; 0
EST TCP_QUEUE; 2026-10-08-02:12:49; 1791425569.426590; 1791425569.426588; 0; 0; 0; 0
EST TCP_QUEUE; 2026-10-08-02:12:49; 1791425569.480924; 1791425569.480922; 1; 2262; 0; 0
EST TCP_QUEUE; 2026-10-08-02:12:49; 1791425569.538382; 1791425569.538377; 1; 2262; 0; 0
EST TCP_QUEUE; 2026-10-08-02:12:49; 1791425569.608431; 1791425569.608429; 1; 864; 0; 0
EST TCP_QUEUE; 2026-10-08-02:12:49; 1791425569.656184; 1791425569.656181; 1; 864; 0; 0
EST TCP_QUEUE; 2026-10-08-02:12:49; 1791425569.719883; 1791425569.719879; 0; 0; 0; 0
EST TCP_QUEUE; 2026-10-08-02:12:49; 1791425569.803722; 1791425569.803717; 0; 0; 0; 0
EST TCP_QUEUE; 2026-10-08-02:12:49; 1791425569.853225; 1791425569.853222; 0; 0; 0; 0
EST TCP_QUEUE; 2026-10-08-02:12:49; 1791425569.910972; 1791425569.910969; 0; 0; 0; 0
EST TCP_QUEUE; 2026-10-08-02:12:49; 1791425569.953950; 1791425569.953947; 0; 0; 0; 0
EST TCP_QUEUE; 2026-10-08-02:12:49; 1791425569.995248; 1791425569.995244; 0; 0; 0; 0
EST TCP_QUEUE; 2026-10-08-02:12:50; 1791425570.055092; 1791425570.055089; 0; 0; 0; 0
EST TCP_QUEUE; 2026-10-08-02:12:50; 1791425570.115234; 1791425570.115232; 0; 0; 0; 0
EST TCP_QUEUE; 2026-10-08-02:12:50; 1791425570.173383; 1791425570.173380; 1; 309; 1; 3478
EST TCP_QUEUE; 2026-10-08-02:12:50; 1791425570.239564; 1791425570.239562; 1; 309; 1; 3478
EST TCP_QUEUE; 2026-10-08-02:12:50; 1791425570.286460; 1791425570.286455; 0; 0; 0; 0
EST TCP_QUEUE; 2026-10-08-02:12:50; 1791425570.331302; 1791425570.331298; 0; 0; 0; 0
EST TCP_QUEUE; 2026-10-08-02:12:50; 1791425570.388537; 1791425570.388535; 0; 0; 0; 0
EST TCP_QUEUE; 2026-10-08-02:12:50; 1791425570.442986; 1791425570.442983; 0; 0; 0; 0
EST TCP_QUEUE; 2026-10-08-02:12:50; 1791425570.495205; 1791425570.495202; 0; 0; 0; 0
EST TCP_QUEUE; 2026-10-08-02:12:50; 1791425570.549935; 1791425570.549931; 1; 0; 0; 0
EST TCP_QUEUE; 2026-10-08-02:12:50; 1791425570.601408; 1791425570.601405; 1; 0; 0; 0
EST TCP_QUEUE; 2026-10-08-02:12:50; 1791425570.701638; 1791425570.701635; 0; 0; 0; 0
EST TCP_QUEUE; 2026-10-08-02:12:50; 1791425570.786956; 1791425570.786952; 0; 0; 0; 0
EST TCP_QUEUE; 2026-10-08-02:12:50; 1791425570.840509; 1791425570.840506; 0; 0; 0; 0
EST TCP_QUEUE; 2026-10-08-02:12:50; 1791425570.891449; 1791425570.891446; 0; 0; 0; 0
EST TCP_QUEUE; 2026-10-08-02:12:50; 1791425570.943801; 1791425570.943798; 0; 0; 0; 0
EST TCP_QUEUE; 2026-10-08-02:12:50; 1791425570.989436; 1791425570.989433; 0; 0; 0; 0
EST TCP_QUEUE; 2026-10-08-02:12:51; 1791425571.063924; 1791425571.063920; 0; 0; 0; 0
EST TCP_QUEUE; 2026-10-08-02:12:51; 1791425571.124279; 1791425571.124276; 0; 0; 0; 0
EST TCP_QUEUE; 2026-10-08-02:12:51; 1791425571.183219; 1791425571.183213; 0; 0; 0; 0
EST TCP_QUEUE; 2026-10-08-02:12:51; 1791425571.235929; 1791425571.235923; 1; 1641; 0; 0
EST TCP_QUEUE; 2026-10-08-02:12:51; 1791425571.289024; 1791425571.289022; 1; 1641; 0; 0
EST TCP_QUEUE; 2026-10-08-02:12:51; 1791425571.342921; 1791425571.342918; 1; 1641; 0; 0
EST TCP_QUEUE; 2026-10-08-02:12:51; 1791425571.386850; 1791425571.386848; 0; 0; 0; 0
EST TCP_QUEUE; 2026-10-08-02:12:51; 1791425571.443834; 1791425571.443832; 0; 0; 0; 0
EST TCP_QUEUE; 2026-10-08-02:12:51; 1791425571.497917; 1791425571.497914; 0; 0; 0; 0
EST TCP_QUEUE; 2026-10-08-02:12:51; 1791425571.558162; 1791425571.558160; 1; 249; 0; 0
EST TCP_QUEUE; 2026-10-08-02:12:51; 1791425571.612573; 1791425571.612570; 1; 249; 0; 0
EST TCP_QUEUE; 2026-10-08-02:12:51; 1791425571.658873; 1791425571.658868; 1; 249; 0; 0
EST TCP_QUEUE; 2026-10-08-02:12:51; 1791425571.710222; 1791425571.710218; 1; 641; 0; 0
EST TCP_QUEUE; 2026-10-08-02:12:51; 1791425571.777035; 1791425571.777030; 0; 0; 0; 0
EST TCP_QUEUE; 2026-10-08-02:12:51; 1791425571.829886; 1791425571.829883; 0; 0; 0; 0
EST TCP_QUEUE; 2026-10-08-02:12:51; 1791425571.891915; 1791425571.891912; 0; 0; 0; 0
EST TCP_QUEUE; 2026-10-08-02:12:51; 1791425571.952199; 1791425571.952196; 0; 0; 0; 0
EST TCP_QUEUE; 2026-10-08-02:12:52; 1791425572.004299; 1791425572.004295; 0; 0; 0; 0
EST TCP_QUEUE; 2026-10-08-02:12:52; 1791425572.046053; 1791425572.046049; 1; 339; 0; 0
EST TCP_QUEUE; 2026-10-08-02:12:52; 1791425572.111617; 1791425572.111613; 1; 339; 0; 0
EST TCP_QUEUE; 2026-10-08-02:12:52; 1791425572.168160; 1791425572.168155; 0; 0; 0; 0
EST TCP_QUEUE; 2026-10-08-02:12:52; 1791425572.224547; 1791425572.224544; 0; 0; 0; 0
EST TCP_QUEUE; 2026-10-08-02:12:52; 1791425572.281954; 1791425572.281952; 1; 1086; 0; 0
EST TCP_QUEUE; 2026-10-08-02:12:52; 1791425572.330415; 1791425572.330412; 1; 1086; 0; 0
EST TCP_QUEUE; 2026-10-08-02:12:52; 1791425572.376036; 1791425572.376033; 0; 0; 0; 0
EST TCP_QUEUE; 2026-10-08-02:12:52; 1791425572.435112; 1791425572.435109; 0; 0; 0; 0
EST TCP_QUEUE; 2026-10-08-02:12:52; 1791425572.489265; 1791425572.489262; 0; 0; 0; 0
EST TCP_QUEUE; 2026-10-08-02:12:52; 1791425572.539629; 1791425572.539626; 0; 0; 0; 0
EST TCP_QUEUE; 2026-10-08-02:12:52; 1791425572.595928; 1791425572.595926; 1; 0; 0; 0
EST TCP_QUEUE; 2026-10-08-02:12:52; 1791425572.647513; 1791425572.647510; 1; 0; 0; 0
EST TCP_QUEUE; 2026-10-08-02:12:52; 1791425572.697020; 1791425572.697017; 1; 0; 0; 0
EST TCP_QUEUE; 2026-10-08-02:12:52; 1791425572.772773; 1791425572.772770; 0; 0; 0; 0
EST TCP_QUEUE; 2026-10-08-02:12:52; 1791425572.828704; 1791425572.828701; 0; 0; 0; 0
EST TCP_QUEUE; 2026-10-08-02:12:52; 1791425572.878851; 1791425572.878849; 0; 0; 0; 0
EST TCP_QUEUE; 2026-10-08-02:12:52; 1791425572.939497; 1791425572.939494; 0; 0; 0; 0
EST TCP_QUEUE; 2026-10-08-02:12:52; 1791425572.985171; 1791425572.985168; 0; 0; 0; 0
EST TCP_QUEUE; 2026-10-08-02:12:53; 1791425573.029045; 1791425573.029042; 0; 0; 0; 0
EST TCP_QUEUE; 2026-10-08-02:12:53; 1791425573.094820; 1791425573.094818; 0; 0; 0; 0
EST TCP_QUEUE; 2026-10-08-02:12:53; 1791425573.152474; 1791425573.152471; 0; 0; 0; 0
EST TCP_QUEUE; 2026-10-08-02:12:53; 1791425573.200811; 1791425573.200807; 0; 0; 0; 0
EST TCP_QUEUE; 2026-10-08-02:12:53; 1791425573.276414; 1791425573.276411; 1; 615; 0; 0
EST TCP_QUEUE; 2026-10-08-02:12:53; 1791425573.334138; 1791425573.334135; 1; 615; 0; 0
EST TCP_QUEUE; 2026-10-08-02:12:53; 1791425573.393977; 1791425573.393974; 1; 615; 0; 0
EST TCP_QUEUE; 2026-10-08-02:12:53; 1791425573.460964; 1791425573.460962; 1; 615; 0; 0
EST TCP_QUEUE; 2026-10-08-02:12:53; 1791425573.515262; 1791425573.515259; 0; 0; 0; 0
EST TCP_QUEUE; 2026-10-08-02:12:53; 1791425573.569267; 1791425573.569265; 0; 0; 0; 0
EST TCP_QUEUE; 2026-10-08-02:12:53; 1791425573.627606; 1791425573.627603; 0; 0; 0; 0
EST TCP_QUEUE; 2026-10-08-02:12:53; 1791425573.679290; 1791425573.679287; 1; 258; 0; 0
EST TCP_QUEUE; 2026-10-08-02:12:53; 1791425573.720836; 1791425573.720833; 1; 258; 0; 0
EST TCP_QUEUE; 2026-10-08-02:12:53; 1791425573.780909; 1791425573.780906; 1; 724; 0; 0
EST TCP_QUEUE; 2026-10-08-02:12:53; 1791425573.837032; 1791425573.837029; 1; 724; 0; 0
EST TCP_QUEUE; 2026-10-08-02:12:53; 1791425573.887476; 1791425573.887474; 0; 0; 0; 0
EST TCP_QUEUE; 2026-10-08-02:12:53; 1791425573.960837; 1791425573.960834; 0; 0; 0; 0
EST TCP_QUEUE; 2026-10-08-02:12:54; 1791425574.010590; 1791425574.010587; 0; 0; 0; 0
EST TCP_QUEUE; 2026-10-08-02:12:54; 1791425574.054614; 1791425574.054611; 0; 0; 0; 0
EST TCP_QUEUE; 2026-10-08-02:12:54; 1791425574.112342; 1791425574.112339; 0; 0; 0; 0
EST TCP_QUEUE; 2026-10-08-02:12:54; 1791425574.178316; 1791425574.178314; 0; 0; 0; 0
EST TCP_QUEUE; 2026-10-08-02:12:54; 1791425574.250126; 1791425574.250123; 0; 0; 0; 0
EST TCP_QUEUE; 2026-10-08-02:12:54; 1791425574.304628; 1791425574.304624; 0; 0; 0; 0
EST TCP_QUEUE; 2026-10-08-02:12:54; 1791425574.386062; 1791425574.386058; 1; 255; 0; 0
EST TCP_QUEUE; 2026-10-08-02:12:54; 1791425574.450025; 1791425574.450022; 1; 255; 0; 0
EST TCP_QUEUE; 2026-10-08-02:12:54; 1791425574.507750; 1791425574.507747; 0; 0; 0; 0
EST TCP_QUEUE; 2026-10-08-02:12:54; 1791425574.584566; 1791425574.584561; 0; 0; 0; 0
EST TCP_QUEUE; 2026-10-08-02:12:54; 1791425574.638000; 1791425574.637997; 0; 0; 0; 0
EST TCP_QUEUE; 2026-10-08-02:12:54; 1791425574.690194; 1791425574.690192; 1; 2; 0; 0
EST TCP_QUEUE; 2026-10-08-02:12:54; 1791425574.739983; 1791425574.739980; 1; 2; 0; 0
EST TCP_QUEUE; 2026-10-08-02:12:54; 1791425574.811111; 1791425574.811107; 1; 2; 0; 0
EST TCP_QUEUE; 2026-10-08-02:12:54; 1791425574.870853; 1791425574.870847; 0; 0; 0; 0
EST TCP_QUEUE; 2026-10-08-02:12:54; 1791425574.924720; 1791425574.924717; 0; 0; 0; 0
EST TCP_QUEUE; 2026-10-08-02:12:54; 1791425574.979123; 1791425574.979119; 0; 0; 0; 0
EST TCP_QUEUE; 2026-10-08-02:12:55; 1791425575.087320; 1791425575.087312; 0; 0; 0; 0
EST TCP_QUEUE; 2026-10-08-02:12:55; 1791425575.147952; 1791425575.147948; 0; 0; 0; 0
EST TCP_QUEUE; 2026-10-08-02:12:55; 1791425575.187050; 1791425575.187047; 0; 0; 0; 0
EST TCP_QUEUE; 2026-10-08-02:12:55; 1791425575.244989; 1791425575.244986; 0; 0; 0; 0
EST TCP_QUEUE; 2026-10-08-02:12:55; 1791425575.299223; 1791425575.299219; 0; 0; 0; 0
EST TCP_QUEUE; 2026-10-08-02:12:55; 1791425575.349912; 1791425575.349908; 1; 1133; 0; 0
EST TCP_QUEUE; 2026-10-08-02:12:55; 1791425575.417906; 1791425575.417901; 1; 1133; 0; 0
EST TCP_QUEUE; 2026-10-08-02:12:55; 1791425575.467203; 1791425575.467200; 0; 0; 0; 0
EST TCP_QUEUE; 2026-10-08-02:12:55; 1791425575.513172; 1791425575.513169; 0; 0; 0; 0
EST TCP_QUEUE; 2026-10-08-02:12:55; 1791425575.578224; 1791425575.578221; 0; 0; 0; 0
EST TCP_QUEUE; 2026-10-08-02:12:55; 1791425575.641007; 1791425575.640993; 0; 0; 0; 0
EST TCP_QUEUE; 2026-10-08-02:12:55; 1791425575.685969; 1791425575.685961; 0; 0; 0; 0
EST TCP_QUEUE; 2026-10-08-02:12:55; 1791425575.737609; 1791425575.737606; 1; 1242; 0; 0
EST TCP_QUEUE; 2026-10-08-02:12:55; 1791425575.785409; 1791425575.785406; 1; 1242; 0; 0
EST TCP_QUEUE; 2026-10-08-02:12:55; 1791425575.827038; 1791425575.827035; 1; 1242; 0; 0
EST TCP_QUEUE; 2026-10-08-02:12:55; 1791425575.888893; 1791425575.888889; 1; 1139; 0; 0
EST TCP_QUEUE; 2026-10-08-02:12:55; 1791425575.946948; 1791425575.946944; 1; 1139; 0; 0
EST TCP_QUEUE; 2026-10-08-02:12:56; 1791425576.013241; 1791425576.013238; 0; 0; 0; 0
EST TCP_QUEUE; 2026-10-08-02:12:56; 1791425576.102174; 1791425576.102171; 0; 0; 0; 0
EST TCP_QUEUE; 2026-10-08-02:12:56; 1791425576.163962; 1791425576.163960; 0; 0; 0; 0
EST TCP_QUEUE; 2026-10-08-02:12:56; 1791425576.206915; 1791425576.206912; 1; 172; 0; 0
EST TCP_QUEUE; 2026-10-08-02:12:56; 1791425576.264788; 1791425576.264785; 1; 172; 0; 0
EST TCP_QUEUE; 2026-10-08-02:12:56; 1791425576.322884; 1791425576.322881; 1; 172; 0; 0
EST TCP_QUEUE; 2026-10-08-02:12:56; 1791425576.390832; 1791425576.390829; 1; 101; 0; 0
EST TCP_QUEUE; 2026-10-08-02:12:56; 1791425576.443653; 1791425576.443650; 1; 101; 0; 0
EST TCP_QUEUE; 2026-10-08-02:12:56; 1791425576.489642; 1791425576.489639; 1; 101; 0; 0
EST TCP_QUEUE; 2026-10-08-02:12:56; 1791425576.555904; 1791425576.555901; 1; 101; 0; 0
EST TCP_QUEUE; 2026-10-08-02:12:56; 1791425576.619852; 1791425576.619849; 0; 0; 0; 0
EST TCP_QUEUE; 2026-10-08-02:12:56; 1791425576.676322; 1791425576.676320; 0; 0; 0; 0
EST TCP_QUEUE; 2026-10-08-02:12:56; 1791425576.727072; 1791425576.727070; 0; 0; 0; 0
EST TCP_QUEUE; 2026-10-08-02:12:56; 1791425576.779099; 1791425576.779096; 1; 100; 0; 0
EST TCP_QUEUE; 2026-10-08-02:12:56; 1791425576.824939; 1791425576.824936; 1; 100; 0; 0
EST TCP_QUEUE; 2026-10-08-02:12:56; 1791425576.868750; 1791425576.868747; 1; 136; 0; 0
EST TCP_QUEUE; 2026-10-08-02:12:56; 1791425576.926353; 1791425576.926349; 1; 136; 0; 0
EST TCP_QUEUE; 2026-10-08-02:12:56; 1791425576.987052; 1791425576.987047; 0; 0; 0; 0
EST TCP_QUEUE; 2026-10-08-02:12:57; 1791425577.039567; 1791425577.039560; 0; 0; 0; 0
EST TCP_QUEUE; 2026-10-08-02:12:57; 1791425577.112781; 1791425577.112778; 0; 0; 0; 0
EST TCP_QUEUE; 2026-10-08-02:12:57; 1791425577.207249; 1791425577.207240; 0; 0; 0; 0
EST TCP_QUEUE; 2026-10-08-02:12:57; 1791425577.252357; 1791425577.252348; 0; 0; 0; 0
EST TCP_QUEUE; 2026-10-08-02:12:57; 1791425577.315579; 1791425577.315573; 0; 0; 0; 0
EST TCP_QUEUE; 2026-10-08-02:12:57; 1791425577.369098; 1791425577.369094; 0; 0; 0; 0
EST TCP_QUEUE; 2026-10-08-02:12:57; 1791425577.421340; 1791425577.421289; 1; 273; 0; 0
EST TCP_QUEUE; 2026-10-08-02:12:57; 1791425577.475329; 1791425577.475326; 1; 273; 0; 0
EST TCP_QUEUE; 2026-10-08-02:12:57; 1791425577.526998; 1791425577.526994; 1; 273; 0; 0
EST TCP_QUEUE; 2026-10-08-02:12:57; 1791425577.569070; 1791425577.569067; 0; 0; 0; 0
EST TCP_QUEUE; 2026-10-08-02:12:57; 1791425577.632299; 1791425577.632296; 0; 0; 0; 0
EST TCP_QUEUE; 2026-10-08-02:12:57; 1791425577.686491; 1791425577.686489; 0; 0; 0; 0
EST TCP_QUEUE; 2026-10-08-02:12:57; 1791425577.737250; 1791425577.737248; 0; 0; 0; 0
EST TCP_QUEUE; 2026-10-08-02:12:57; 1791425577.789333; 1791425577.789330; 1; 97; 0; 0
EST TCP_QUEUE; 2026-10-08-02:12:57; 1791425577.835216; 1791425577.835213; 1; 97; 0; 0
EST TCP_QUEUE; 2026-10-08-02:12:57; 1791425577.876975; 1791425577.876972; 1; 97; 0; 0
EST TCP_QUEUE; 2026-10-08-02:12:57; 1791425577.944637; 1791425577.944634; 1; 97; 0; 0
EST TCP_QUEUE; 2026-10-08-02:12:58; 1791425578.005376; 1791425578.005374; 1; 301; 0; 0
EST TCP_QUEUE; 2026-10-08-02:12:58; 1791425578.052032; 1791425578.052027; 1; 301; 0; 0
EST TCP_QUEUE; 2026-10-08-02:12:58; 1791425578.104814; 1791425578.104808; 0; 0; 0; 0
EST TCP_QUEUE; 2026-10-08-02:12:58; 1791425578.150735; 1791425578.150728; 0; 0; 0; 0
EST TCP_QUEUE; 2026-10-08-02:12:58; 1791425578.195446; 1791425578.195440; 0; 0; 0; 0
EST TCP_QUEUE; 2026-10-08-02:12:58; 1791425578.268612; 1791425578.268606; 0; 0; 0; 0
EST TCP_QUEUE; 2026-10-08-02:12:58; 1791425578.322249; 1791425578.322241; 0; 0; 0; 0
EST TCP_QUEUE; 2026-10-08-02:12:58; 1791425578.371133; 1791425578.371129; 0; 0; 0; 0
EST TCP_QUEUE; 2026-10-08-02:12:58; 1791425578.424076; 1791425578.424071; 0; 0; 0; 0
EST TCP_QUEUE; 2026-10-08-02:12:58; 1791425578.469748; 1791425578.469745; 1; 256; 0; 0
EST TCP_QUEUE; 2026-10-08-02:12:58; 1791425578.511423; 1791425578.511420; 1; 256; 0; 0
EST TCP_QUEUE; 2026-10-08-02:12:58; 1791425578.570114; 1791425578.570111; 0; 0; 0; 0
EST TCP_QUEUE; 2026-10-08-02:12:58; 1791425578.623362; 1791425578.623359; 0; 0; 0; 0
EST TCP_QUEUE; 2026-10-08-02:12:58; 1791425578.687296; 1791425578.687294; 0; 0; 0; 0
EST TCP_QUEUE; 2026-10-08-02:12:58; 1791425578.741424; 1791425578.741417; 0; 0; 0; 0
EST TCP_QUEUE; 2026-10-08-02:12:58; 1791425578.787240; 1791425578.787235; 0; 0; 0; 0
EST TCP_QUEUE; 2026-10-08-02:12:58; 1791425578.827159; 1791425578.827156; 1; 687; 0; 0
EST TCP_QUEUE; 2026-10-08-02:12:58; 1791425578.888868; 1791425578.888866; 1; 687; 0; 0
EST TCP_QUEUE; 2026-10-08-02:12:58; 1791425578.943137; 1791425578.943134; 1; 687; 0; 0
EST TCP_QUEUE; 2026-10-08-02:12:58; 1791425578.997653; 1791425578.997650; 1; 792; 0; 0
EST TCP_QUEUE; 2026-10-08-02:12:59; 1791425579.115748; 1791425579.115745; 0; 0; 0; 0
EST TCP_QUEUE; 2026-10-08-02:12:59; 1791425579.199922; 1791425579.199920; 0; 0; 0; 0
EST TCP_QUEUE; 2026-10-08-02:12:59; 1791425579.257576; 1791425579.257574; 0; 0; 0; 0
EST TCP_QUEUE; 2026-10-08-02:12:59; 1791425579.323331; 1791425579.323328; 0; 0; 0; 0
EST TCP_QUEUE; 2026-10-08-02:12:59; 1791425579.382509; 1791425579.382505; 0; 0; 0; 0
EST TCP_QUEUE; 2026-10-08-02:12:59; 1791425579.435878; 1791425579.435872; 0; 0; 0; 0
EST TCP_QUEUE; 2026-10-08-02:12:59; 1791425579.488290; 1791425579.488287; 1; 386; 0; 0
EST TCP_QUEUE; 2026-10-08-02:12:59; 1791425579.536747; 1791425579.536743; 1; 386; 0; 0
EST TCP_QUEUE; 2026-10-08-02:12:59; 1791425579.580801; 1791425579.580796; 1; 386; 0; 0
EST TCP_QUEUE; 2026-10-08-02:12:59; 1791425579.641914; 1791425579.641906; 1; 386; 0; 0
EST TCP_QUEUE; 2026-10-08-02:12:59; 1791425579.711377; 1791425579.711374; 0; 0; 0; 0
EST TCP_QUEUE; 2026-10-08-02:12:59; 1791425579.798576; 1791425579.798572; 0; 0; 0; 0
EST TCP_QUEUE; 2026-10-08-02:12:59; 1791425579.858709; 1791425579.858705; 0; 0; 0; 0
EST TCP_QUEUE; 2026-10-08-02:12:59; 1791425579.904399; 1791425579.904397; 1; 0; 0; 0
EST TCP_QUEUE; 2026-10-08-02:12:59; 1791425579.947218; 1791425579.947216; 1; 0; 0; 0
EST TCP_QUEUE; 2026-10-08-02:13:00; 1791425580.006104; 1791425580.006101; 1; 88; 0; 0
EST TCP_QUEUE; 2026-10-08-02:13:00; 1791425580.060314; 1791425580.060311; 1; 157; 0; 0
EST TCP_QUEUE; 2026-10-08-02:13:00; 1791425580.113523; 1791425580.113519; 1; 157; 0; 0
EST TCP_QUEUE; 2026-10-08-02:13:00; 1791425580.169014; 1791425580.169011; 0; 0; 0; 0
EST TCP_QUEUE; 2026-10-08-02:13:00; 1791425580.230655; 1791425580.230651; 0; 0; 0; 0
EST TCP_QUEUE; 2026-10-08-02:13:00; 1791425580.293722; 1791425580.293718; 0; 0; 0; 0
EST TCP_QUEUE; 2026-10-08-02:13:00; 1791425580.377500; 1791425580.377495; 0; 0; 0; 0
EST TCP_QUEUE; 2026-10-08-02:13:00; 1791425580.438729; 1791425580.438727; 0; 0; 0; 0
EST TCP_QUEUE; 2026-10-08-02:13:00; 1791425580.488766; 1791425580.488763; 0; 0; 0; 0
EST TCP_QUEUE; 2026-10-08-02:13:00; 1791425580.545310; 1791425580.545307; 0; 0; 0; 0
EST TCP_QUEUE; 2026-10-08-02:13:00; 1791425580.593847; 1791425580.593844; 1; 569; 0; 0
EST TCP_QUEUE; 2026-10-08-02:13:00; 1791425580.702643; 1791425580.702639; 0; 0; 0; 0
EST TCP_QUEUE; 2026-10-08-02:13:00; 1791425580.770477; 1791425580.770472; 0; 0; 0; 0
EST TCP_QUEUE; 2026-10-08-02:13:00; 1791425580.853280; 1791425580.853277; 0; 0; 0; 0
EST TCP_QUEUE; 2026-10-08-02:13:00; 1791425580.913334; 1791425580.913332; 0; 0; 0; 0
EST TCP_QUEUE; 2026-10-08-02:13:00; 1791425580.969802; 1791425580.969799; 1; 624; 0; 0
EST TCP_QUEUE; 2026-10-08-02:13:01; 1791425581.016043; 1791425581.016040; 1; 624; 0; 0
EST TCP_QUEUE; 2026-10-08-02:13:01; 1791425581.070085; 1791425581.070082; 0; 0; 0; 0
EST TCP_QUEUE; 2026-10-08-02:13:01; 1791425581.120945; 1791425581.120942; 1; 909; 0; 0
EST TCP_QUEUE; 2026-10-08-02:13:01; 1791425581.177054; 1791425581.177045; 1; 909; 0; 0
EST TCP_QUEUE; 2026-10-08-02:13:01; 1791425581.231391; 1791425581.231384; 1; 909; 0; 0
EST TCP_QUEUE; 2026-10-08-02:13:01; 1791425581.286258; 1791425581.286256; 0; 0; 0; 0
EST TCP_QUEUE; 2026-10-08-02:13:01; 1791425581.331939; 1791425581.331935; 0; 0; 0; 0
EST TCP_QUEUE; 2026-10-08-02:13:01; 1791425581.373849; 1791425581.373847; 0; 0; 0; 0
EST TCP_QUEUE; 2026-10-08-02:13:01; 1791425581.433390; 1791425581.433386; 0; 0; 0; 0
EST TCP_QUEUE; 2026-10-08-02:13:01; 1791425581.487957; 1791425581.487954; 0; 0; 0; 0
EST TCP_QUEUE; 2026-10-08-02:13:01; 1791425581.548137; 1791425581.548133; 1; 968; 1; 1836
EST TCP_QUEUE; 2026-10-08-02:13:01; 1791425581.627299; 1791425581.627297; 1; 968; 1; 0
EST TCP_QUEUE; 2026-10-08-02:13:01; 1791425581.690745; 1791425581.690742; 1; 352; 0; 0
EST TCP_QUEUE; 2026-10-08-02:13:01; 1791425581.746158; 1791425581.746156; 1; 352; 0; 0
EST TCP_QUEUE; 2026-10-08-02:13:01; 1791425581.806030; 1791425581.806027; 0; 0; 0; 0
EST TCP_QUEUE; 2026-10-08-02:13:01; 1791425581.905059; 1791425581.905056; 0; 0; 0; 0
EST TCP_QUEUE; 2026-10-08-02:13:01; 1791425581.954182; 1791425581.954180; 0; 0; 0; 0
EST TCP_QUEUE; 2026-10-08-02:13:02; 1791425582.009153; 1791425582.009150; 0; 0; 0; 0
EST TCP_QUEUE; 2026-10-08-02:13:02; 1791425582.054743; 1791425582.054740; 1; 450; 0; 0
EST TCP_QUEUE; 2026-10-08-02:13:02; 1791425582.108190; 1791425582.108186; 1; 450; 0; 0
EST TCP_QUEUE; 2026-10-08-02:13:02; 1791425582.199145; 1791425582.199140; 0; 0; 0; 0
EST TCP_QUEUE; 2026-10-08-02:13:02; 1791425582.255674; 1791425582.255667; 1; 1467; 0; 0
EST TCP_QUEUE; 2026-10-08-02:13:02; 1791425582.304068; 1791425582.304066; 1; 1608; 0; 0
EST TCP_QUEUE; 2026-10-08-02:13:02; 1791425582.361003; 1791425582.361001; 1; 0; 0; 0
EST TCP_QUEUE; 2026-10-08-02:13:02; 1791425582.410902; 1791425582.410899; 1; 0; 0; 0
EST TCP_QUEUE; 2026-10-08-02:13:02; 1791425582.475011; 1791425582.475009; 0; 0; 0; 0
EST TCP_QUEUE; 2026-10-08-02:13:02; 1791425582.532699; 1791425582.532696; 0; 0; 0; 0
EST TCP_QUEUE; 2026-10-08-02:13:02; 1791425582.587341; 1791425582.587338; 0; 0; 0; 0
EST TCP_QUEUE; 2026-10-08-02:13:02; 1791425582.643632; 1791425582.643629; 0; 0; 0; 0
EST TCP_QUEUE; 2026-10-08-02:13:02; 1791425582.723122; 1791425582.723119; 0; 0; 0; 0
EST TCP_QUEUE; 2026-10-08-02:13:02; 1791425582.771128; 1791425582.771124; 1; 549; 0; 0
EST TCP_QUEUE; 2026-10-08-02:13:02; 1791425582.814323; 1791425582.814321; 1; 549; 0; 0
EST TCP_QUEUE; 2026-10-08-02:13:02; 1791425582.886235; 1791425582.886231; 0; 0; 0; 0
EST TCP_QUEUE; 2026-10-08-02:13:02; 1791425582.942230; 1791425582.942227; 0; 0; 0; 0
EST TCP_QUEUE; 2026-10-08-02:13:02; 1791425582.992865; 1791425582.992863; 0; 0; 0; 0
EST TCP_QUEUE; 2026-10-08-02:13:03; 1791425583.048937; 1791425583.048934; 0; 0; 0; 0
EST TCP_QUEUE; 2026-10-08-02:13:03; 1791425583.095248; 1791425583.095246; 0; 0; 0; 0
EST TCP_QUEUE; 2026-10-08-02:13:03; 1791425583.137420; 1791425583.137417; 0; 0; 0; 0
EST TCP_QUEUE; 2026-10-08-02:13:03; 1791425583.217953; 1791425583.217949; 1; 384; 0; 0
EST TCP_QUEUE; 2026-10-08-02:13:03; 1791425583.278077; 1791425583.278072; 0; 0; 0; 0
EST TCP_QUEUE; 2026-10-08-02:13:03; 1791425583.333858; 1791425583.333852; 1; 1241; 0; 0
EST TCP_QUEUE; 2026-10-08-02:13:03; 1791425583.388494; 1791425583.388491; 1; 499; 0; 0
EST TCP_QUEUE; 2026-10-08-02:13:03; 1791425583.469651; 1791425583.469649; 0; 0; 0; 0
EST TCP_QUEUE; 2026-10-08-02:13:03; 1791425583.511623; 1791425583.511618; 0; 0; 0; 0
EST TCP_QUEUE; 2026-10-08-02:13:03; 1791425583.569653; 1791425583.569646; 0; 0; 0; 0
EST TCP_QUEUE; 2026-10-08-02:13:03; 1791425583.627020; 1791425583.627018; 0; 0; 0; 0
EST TCP_QUEUE; 2026-10-08-02:13:03; 1791425583.718094; 1791425583.718090; 0; 0; 0; 0
EST TCP_QUEUE; 2026-10-08-02:13:03; 1791425583.786696; 1791425583.786691; 0; 0; 0; 0
EST TCP_QUEUE; 2026-10-08-02:13:03; 1791425583.842875; 1791425583.842870; 0; 0; 0; 0
EST TCP_QUEUE; 2026-10-08-02:13:03; 1791425583.897085; 1791425583.897080; 1; 1385; 0; 0
EST TCP_QUEUE; 2026-10-08-02:13:03; 1791425583.953928; 1791425583.953919; 1; 1385; 0; 0
EST TCP_QUEUE; 2026-10-08-02:13:04; 1791425584.010065; 1791425584.010060; 0; 0; 0; 0
EST TCP_QUEUE; 2026-10-08-02:13:04; 1791425584.060386; 1791425584.060381; 0; 0; 0; 0
EST TCP_QUEUE; 2026-10-08-02:13:04; 1791425584.116153; 1791425584.116150; 0; 0; 0; 0
EST TCP_QUEUE; 2026-10-08-02:13:04; 1791425584.163610; 1791425584.163607; 0; 0; 0; 0
EST TCP_QUEUE; 2026-10-08-02:13:04; 1791425584.205074; 1791425584.205071; 0; 0; 0; 0
EST TCP_QUEUE; 2026-10-08-02:13:04; 1791425584.267249; 1791425584.267246; 1; 763; 0; 0
EST TCP_QUEUE; 2026-10-08-02:13:04; 1791425584.327297; 1791425584.327294; 1; 763; 0; 0
EST TCP_QUEUE; 2026-10-08-02:13:04; 1791425584.397004; 1791425584.397000; 0; 0; 0; 0
EST TCP_QUEUE; 2026-10-08-02:13:04; 1791425584.468682; 1791425584.468680; 1; 616; 0; 0
EST TCP_QUEUE; 2026-10-08-02:13:04; 1791425584.528235; 1791425584.528231; 1; 616; 0; 0
EST TCP_QUEUE; 2026-10-08-02:13:04; 1791425584.568233; 1791425584.568231; 0; 0; 0; 0
EST TCP_QUEUE; 2026-10-08-02:13:04; 1791425584.631936; 1791425584.631933; 0; 0; 0; 0
EST TCP_QUEUE; 2026-10-08-02:13:04; 1791425584.687891; 1791425584.687889; 0; 0; 0; 0
EST TCP_QUEUE; 2026-10-08-02:13:04; 1791425584.738746; 1791425584.738743; 0; 0; 0; 0
EST TCP_QUEUE; 2026-10-08-02:13:04; 1791425584.792900; 1791425584.792896; 0; 0; 0; 0
EST TCP_QUEUE; 2026-10-08-02:13:04; 1791425584.842398; 1791425584.842394; 0; 0; 0; 0
EST TCP_QUEUE; 2026-10-08-02:13:04; 1791425584.905638; 1791425584.905634; 0; 0; 0; 0
EST TCP_QUEUE; 2026-10-08-02:13:04; 1791425584.964938; 1791425584.964933; 1; 2424; 0; 0
EST TCP_QUEUE; 2026-10-08-02:13:05; 1791425585.019477; 1791425585.019475; 1; 2424; 0; 0
EST TCP_QUEUE; 2026-10-08-02:13:05; 1791425585.075688; 1791425585.075685; 0; 0; 0; 0
EST TCP_QUEUE; 2026-10-08-02:13:05; 1791425585.128240; 1791425585.128237; 0; 0; 0; 0
EST TCP_QUEUE; 2026-10-08-02:13:05; 1791425585.174016; 1791425585.174012; 0; 0; 0; 0
EST TCP_QUEUE; 2026-10-08-02:13:05; 1791425585.240987; 1791425585.240985; 0; 0; 0; 0
EST TCP_QUEUE; 2026-10-08-02:13:05; 1791425585.298651; 1791425585.298648; 1; 1065; 0; 0
EST TCP_QUEUE; 2026-10-08-02:13:05; 1791425585.359511; 1791425585.359506; 1; 1065; 0; 0
EST TCP_QUEUE; 2026-10-08-02:13:05; 1791425585.409945; 1791425585.409940; 1; 1065; 0; 0
EST TCP_QUEUE; 2026-10-08-02:13:05; 1791425585.463634; 1791425585.463631; 1; 1065; 0; 0
EST TCP_QUEUE; 2026-10-08-02:13:05; 1791425585.511675; 1791425585.511672; 1; 982; 0; 0
EST TCP_QUEUE; 2026-10-08-02:13:05; 1791425585.553350; 1791425585.553347; 1; 982; 0; 0
EST TCP_QUEUE; 2026-10-08-02:13:05; 1791425585.610955; 1791425585.610939; 1; 982; 0; 0
EST TCP_QUEUE; 2026-10-08-02:13:05; 1791425585.665360; 1791425585.665357; 1; 982; 0; 0
EST TCP_QUEUE; 2026-10-08-02:13:05; 1791425585.721380; 1791425585.721377; 0; 0; 0; 0
EST TCP_QUEUE; 2026-10-08-02:13:05; 1791425585.811657; 1791425585.811654; 0; 0; 0; 0
EST TCP_QUEUE; 2026-10-08-02:13:05; 1791425585.880573; 1791425585.880570; 0; 0; 0; 0
EST TCP_QUEUE; 2026-10-08-02:13:05; 1791425585.933357; 1791425585.933352; 0; 0; 0; 0
EST TCP_QUEUE; 2026-10-08-02:13:05; 1791425585.991618; 1791425585.991615; 1; 20; 0; 0
EST TCP_QUEUE; 2026-10-08-02:13:06; 1791425586.043698; 1791425586.043696; 1; 20; 0; 0
EST TCP_QUEUE; 2026-10-08-02:13:06; 1791425586.099822; 1791425586.099819; 0; 0; 0; 0
EST TCP_QUEUE; 2026-10-08-02:13:06; 1791425586.152625; 1791425586.152623; 0; 0; 0; 0
EST TCP_QUEUE; 2026-10-08-02:13:06; 1791425586.201063; 1791425586.201060; 0; 0; 0; 0
EST TCP_QUEUE; 2026-10-08-02:13:06; 1791425586.303497; 1791425586.303495; 0; 0; 0; 0
EST TCP_QUEUE; 2026-10-08-02:13:06; 1791425586.406976; 1791425586.406961; 1; 233; 0; 0
EST TCP_QUEUE; 2026-10-08-02:13:06; 1791425586.474106; 1791425586.474103; 0; 0; 0; 0
EST TCP_QUEUE; 2026-10-08-02:13:06; 1791425586.524535; 1791425586.524533; 1; 775; 0; 0
EST TCP_QUEUE; 2026-10-08-02:13:06; 1791425586.577250; 1791425586.577247; 1; 1011; 0; 0
EST TCP_QUEUE; 2026-10-08-02:13:06; 1791425586.623100; 1791425586.623096; 1; 1011; 0; 0
EST TCP_QUEUE; 2026-10-08-02:13:06; 1791425586.672109; 1791425586.672107; 0; 0; 0; 0
EST TCP_QUEUE; 2026-10-08-02:13:06; 1791425586.747814; 1791425586.747811; 0; 0; 0; 0
EST TCP_QUEUE; 2026-10-08-02:13:06; 1791425586.810381; 1791425586.810376; 1; 0; 0; 0
EST TCP_QUEUE; 2026-10-08-02:13:06; 1791425586.912406; 1791425586.912403; 1; 0; 0; 0
EST TCP_QUEUE; 2026-10-08-02:13:06; 1791425586.967308; 1791425586.967305; 0; 0; 0; 0
EST TCP_QUEUE; 2026-10-08-02:13:07; 1791425587.013026; 1791425587.013022; 1; 415; 0; 0
EST TCP_QUEUE; 2026-10-08-02:13:07; 1791425587.054755; 1791425587.054750; 1; 415; 0; 0
EST TCP_QUEUE; 2026-10-08-02:13:07; 1791425587.112600; 1791425587.112597; 1; 415; 0; 0
EST TCP_QUEUE; 2026-10-08-02:13:07; 1791425587.166968; 1791425587.166964; 0; 0; 0; 0
EST TCP_QUEUE; 2026-10-08-02:13:07; 1791425587.226798; 1791425587.226795; 0; 0; 0; 0
EST TCP_QUEUE; 2026-10-08-02:13:07; 1791425587.306593; 1791425587.306589; 0; 0; 0; 0
EST TCP_QUEUE; 2026-10-08-02:13:07; 1791425587.379474; 1791425587.379468; 1; 1069; 0; 0
EST TCP_QUEUE; 2026-10-08-02:13:07; 1791425587.459449; 1791425587.459447; 1; 1069; 0; 0
EST TCP_QUEUE; 2026-10-08-02:13:07; 1791425587.519303; 1791425587.519300; 1; 1069; 0; 0
EST TCP_QUEUE; 2026-10-08-02:13:07; 1791425587.573797; 1791425587.573794; 1; 1185; 0; 0
EST TCP_QUEUE; 2026-10-08-02:13:07; 1791425587.624342; 1791425587.624339; 1; 831; 0; 0
EST TCP_QUEUE; 2026-10-08-02:13:07; 1791425587.678674; 1791425587.678672; 1; 831; 0; 0
EST TCP_QUEUE; 2026-10-08-02:13:07; 1791425587.724494; 1791425587.724491; 1; 831; 0; 0
EST TCP_QUEUE; 2026-10-08-02:13:07; 1791425587.804780; 1791425587.804777; 0; 0; 0; 0
EST TCP_QUEUE; 2026-10-08-02:13:07; 1791425587.866466; 1791425587.866463; 0; 0; 0; 0
EST TCP_QUEUE; 2026-10-08-02:13:07; 1791425587.961789; 1791425587.961787; 0; 0; 0; 0
EST TCP_QUEUE; 2026-10-08-02:13:08; 1791425588.010091; 1791425588.010087; 0; 0; 0; 0
EST TCP_QUEUE; 2026-10-08-02:13:08; 1791425588.063537; 1791425588.063532; 1; 985; 0; 0
EST TCP_QUEUE; 2026-10-08-02:13:08; 1791425588.115660; 1791425588.115652; 1; 985; 0; 0
EST TCP_QUEUE; 2026-10-08-02:13:08; 1791425588.156833; 1791425588.156825; 1; 985; 0; 0
EST TCP_QUEUE; 2026-10-08-02:13:08; 1791425588.214263; 1791425588.214259; 0; 0; 0; 0
EST TCP_QUEUE; 2026-10-08-02:13:08; 1791425588.316833; 1791425588.316830; 0; 0; 0; 0
EST TCP_QUEUE; 2026-10-08-02:13:08; 1791425588.368709; 1791425588.368707; 0; 0; 0; 0
EST TCP_QUEUE; 2026-10-08-02:13:08; 1791425588.425210; 1791425588.425207; 1; 1508; 0; 0
EST TCP_QUEUE; 2026-10-08-02:13:08; 1791425588.469719; 1791425588.469717; 1; 1508; 0; 0
EST TCP_QUEUE; 2026-10-08-02:13:08; 1791425588.512766; 1791425588.512763; 1; 1508; 0; 0
EST TCP_QUEUE; 2026-10-08-02:13:08; 1791425588.574571; 1791425588.574567; 0; 0; 0; 0
EST TCP_QUEUE; 2026-10-08-02:13:08; 1791425588.630647; 1791425588.630644; 1; 1343; 0; 0
EST TCP_QUEUE; 2026-10-08-02:13:08; 1791425588.684827; 1791425588.684823; 1; 705; 0; 0
EST TCP_QUEUE; 2026-10-08-02:13:08; 1791425588.739613; 1791425588.739611; 1; 705; 0; 0
EST TCP_QUEUE; 2026-10-08-02:13:08; 1791425588.787280; 1791425588.787277; 1; 705; 0; 0
EST TCP_QUEUE; 2026-10-08-02:13:08; 1791425588.829452; 1791425588.829448; 1; 705; 0; 0
EST TCP_QUEUE; 2026-10-08-02:13:08; 1791425588.890999; 1791425588.890996; 0; 0; 0; 0
EST TCP_QUEUE; 2026-10-08-02:13:08; 1791425588.949166; 1791425588.949161; 0; 0; 0; 0
EST TCP_QUEUE; 2026-10-08-02:13:08; 1791425588.997946; 1791425588.997942; 0; 0; 0; 0
EST TCP_QUEUE; 2026-10-08-02:13:09; 1791425589.054193; 1791425589.054187; 0; 0; 0; 0
EST TCP_QUEUE; 2026-10-08-02:13:09; 1791425589.103374; 1791425589.103371; 0; 0; 0; 0
EST TCP_QUEUE; 2026-10-08-02:13:09; 1791425589.147307; 1791425589.147304; 1; 934; 0; 0
EST TCP_QUEUE; 2026-10-08-02:13:09; 1791425589.204991; 1791425589.204988; 1; 934; 0; 0
EST TCP_QUEUE; 2026-10-08-02:13:09; 1791425589.439813; 1791425589.439809; 1; 464; 0; 0
EST TCP_QUEUE; 2026-10-08-02:13:09; 1791425589.489822; 1791425589.489820; 1; 1848; 0; 0
EST TCP_QUEUE; 2026-10-08-02:13:09; 1791425589.546323; 1791425589.546319; 1; 1848; 0; 0
EST TCP_QUEUE; 2026-10-08-02:13:09; 1791425589.617563; 1791425589.617560; 0; 0; 0; 0
EST TCP_QUEUE; 2026-10-08-02:13:09; 1791425589.661142; 1791425589.661139; 0; 0; 0; 0
EST TCP_QUEUE; 2026-10-08-02:13:09; 1791425589.718732; 1791425589.718729; 1; 1582; 0; 0
EST TCP_QUEUE; 2026-10-08-02:13:09; 1791425589.774989; 1791425589.774987; 1; 567; 0; 0
EST TCP_QUEUE; 2026-10-08-02:13:09; 1791425589.825511; 1791425589.825508; 1; 567; 0; 0
EST TCP_QUEUE; 2026-10-08-02:13:09; 1791425589.883137; 1791425589.883131; 0; 0; 0; 0
EST TCP_QUEUE; 2026-10-08-02:13:09; 1791425589.960285; 1791425589.960282; 0; 0; 0; 0
EST TCP_QUEUE; 2026-10-08-02:13:10; 1791425590.004286; 1791425590.004283; 0; 0; 0; 0
EST TCP_QUEUE; 2026-10-08-02:13:10; 1791425590.106691; 1791425590.106688; 0; 0; 0; 0
EST TCP_QUEUE; 2026-10-08-02:13:10; 1791425590.184915; 1791425590.184909; 1; 1848; 0; 0
EST TCP_QUEUE; 2026-10-08-02:13:10; 1791425590.236619; 1791425590.236615; 1; 1848; 0; 0
EST TCP_QUEUE; 2026-10-08-02:13:10; 1791425590.291168; 1791425590.291165; 0; 0; 0; 0
EST TCP_QUEUE; 2026-10-08-02:13:10; 1791425590.342919; 1791425590.342914; 0; 0; 0; 0
EST TCP_QUEUE; 2026-10-08-02:13:10; 1791425590.411617; 1791425590.411613; 0; 0; 0; 0
EST TCP_QUEUE; 2026-10-08-02:13:10; 1791425590.482898; 1791425590.482894; 0; 0; 0; 0
EST TCP_QUEUE; 2026-10-08-02:13:10; 1791425590.537062; 1791425590.537040; 1; 0; 0; 0
EST TCP_QUEUE; 2026-10-08-02:13:10; 1791425590.607062; 1791425590.607059; 1; 0; 0; 0
EST TCP_QUEUE; 2026-10-08-02:13:10; 1791425590.668658; 1791425590.668653; 0; 0; 0; 0
EST TCP_QUEUE; 2026-10-08-02:13:10; 1791425590.718253; 1791425590.718245; 0; 0; 0; 0
EST TCP_QUEUE; 2026-10-08-02:13:10; 1791425590.758805; 1791425590.758800; 1; 1746; 0; 0
EST TCP_QUEUE; 2026-10-08-02:13:10; 1791425590.818624; 1791425590.818619; 1; 1647; 0; 0
EST TCP_QUEUE; 2026-10-08-02:13:10; 1791425590.872758; 1791425590.872756; 1; 1647; 0; 0
EST TCP_QUEUE; 2026-10-08-02:13:10; 1791425590.953447; 1791425590.953444; 1; 1647; 0; 0
EST TCP_QUEUE; 2026-10-08-02:13:11; 1791425591.010513; 1791425591.010509; 1; 174; 0; 0
EST TCP_QUEUE; 2026-10-08-02:13:11; 1791425591.056550; 1791425591.056547; 1; 174; 0; 0
EST TCP_QUEUE; 2026-10-08-02:13:11; 1791425591.097937; 1791425591.097934; 1; 670; 0; 0
EST TCP_QUEUE; 2026-10-08-02:13:11; 1791425591.164281; 1791425591.164277; 1; 670; 0; 0
EST TCP_QUEUE; 2026-10-08-02:13:11; 1791425591.223757; 1791425591.223755; 1; 0; 0; 0
EST TCP_QUEUE; 2026-10-08-02:13:11; 1791425591.276054; 1791425591.276051; 1; 0; 0; 0
EST TCP_QUEUE; 2026-10-08-02:13:11; 1791425591.328936; 1791425591.328932; 1; 0; 0; 0
EST TCP_QUEUE; 2026-10-08-02:13:11; 1791425591.374334; 1791425591.374330; 0; 0; 0; 0
EST TCP_QUEUE; 2026-10-08-02:13:11; 1791425591.431459; 1791425591.431456; 1; 0; 0; 0
EST TCP_QUEUE; 2026-10-08-02:13:11; 1791425591.496900; 1791425591.496898; 1; 0; 0; 0
EST TCP_QUEUE; 2026-10-08-02:13:11; 1791425591.577090; 1791425591.577086; 1; 437; 0; 0
EST TCP_QUEUE; 2026-10-08-02:13:11; 1791425591.626959; 1791425591.626957; 1; 437; 0; 0
EST TCP_QUEUE; 2026-10-08-02:13:11; 1791425591.719991; 1791425591.719988; 1; 437; 0; 0
EST TCP_QUEUE; 2026-10-08-02:13:11; 1791425591.769476; 1791425591.769474; 0; 0; 0; 0
EST TCP_QUEUE; 2026-10-08-02:13:11; 1791425591.838533; 1791425591.838531; 1; 603; 0; 0
EST TCP_QUEUE; 2026-10-08-02:13:11; 1791425591.905235; 1791425591.905231; 1; 1319; 0; 0
EST TCP_QUEUE; 2026-10-08-02:13:11; 1791425591.957846; 1791425591.957843; 1; 1319; 0; 0
EST TCP_QUEUE; 2026-10-08-02:13:12; 1791425592.011279; 1791425592.011276; 0; 0; 0; 0
EST TCP_QUEUE; 2026-10-08-02:13:12; 1791425592.063869; 1791425592.063865; 0; 0; 0; 0
EST TCP_QUEUE; 2026-10-08-02:13:12; 1791425592.114567; 1791425592.114561; 0; 0; 0; 0
EST TCP_QUEUE; 2026-10-08-02:13:12; 1791425592.194804; 1791425592.194797; 0; 0; 0; 0
EST TCP_QUEUE; 2026-10-08-02:13:12; 1791425592.271649; 1791425592.271642; 1; 1265; 0; 0
EST TCP_QUEUE; 2026-10-08-02:13:12; 1791425592.330477; 1791425592.330471; 1; 1265; 0; 0
EST TCP_QUEUE; 2026-10-08-02:13:12; 1791425592.379932; 1791425592.379929; 0; 0; 0; 0
EST TCP_QUEUE; 2026-10-08-02:13:12; 1791425592.440073; 1791425592.440070; 0; 0; 0; 0
EST TCP_QUEUE; 2026-10-08-02:13:12; 1791425592.486327; 1791425592.486325; 0; 0; 0; 0
EST TCP_QUEUE; 2026-10-08-02:13:12; 1791425592.527246; 1791425592.527243; 0; 0; 0; 0
EST TCP_QUEUE; 2026-10-08-02:13:12; 1791425592.589834; 1791425592.589831; 0; 0; 0; 0
EST TCP_QUEUE; 2026-10-08-02:13:12; 1791425592.646331; 1791425592.646328; 1; 188; 0; 0
EST TCP_QUEUE; 2026-10-08-02:13:12; 1791425592.700563; 1791425592.700558; 1; 188; 0; 0
EST TCP_QUEUE; 2026-10-08-02:13:12; 1791425592.788779; 1791425592.788775; 0; 0; 0; 0
EST TCP_QUEUE; 2026-10-08-02:13:12; 1791425592.841390; 1791425592.841386; 0; 0; 0; 0
EST TCP_QUEUE; 2026-10-08-02:13:12; 1791425592.886146; 1791425592.886141; 1; 1026; 0; 0
EST TCP_QUEUE; 2026-10-08-02:13:12; 1791425592.944629; 1791425592.944625; 1; 731; 0; 0
EST TCP_QUEUE; 2026-10-08-02:13:13; 1791425593.003086; 1791425593.003083; 1; 731; 0; 0
EST TCP_QUEUE; 2026-10-08-02:13:13; 1791425593.053366; 1791425593.053362; 1; 731; 0; 0
EST TCP_QUEUE; 2026-10-08-02:13:13; 1791425593.115857; 1791425593.115852; 0; 0; 0; 0
EST TCP_QUEUE; 2026-10-08-02:13:13; 1791425593.164018; 1791425593.164014; 0; 0; 0; 0
EST TCP_QUEUE; 2026-10-08-02:13:13; 1791425593.206786; 1791425593.206782; 0; 0; 0; 0
EST TCP_QUEUE; 2026-10-08-02:13:13; 1791425593.290009; 1791425593.290005; 0; 0; 0; 0
EST TCP_QUEUE; 2026-10-08-02:13:13; 1791425593.344879; 1791425593.344875; 1; 1058; 1; 0
EST TCP_QUEUE; 2026-10-08-02:13:13; 1791425593.394196; 1791425593.394194; 1; 955; 1; 0
EST TCP_QUEUE; 2026-10-08-02:13:13; 1791425593.446820; 1791425593.446817; 1; 955; 1; 0
EST TCP_QUEUE; 2026-10-08-02:13:13; 1791425593.494605; 1791425593.494603; 0; 0; 0; 0
EST TCP_QUEUE; 2026-10-08-02:13:13; 1791425593.535937; 1791425593.535934; 0; 0; 0; 0
EST TCP_QUEUE; 2026-10-08-02:13:13; 1791425593.596371; 1791425593.596368; 0; 0; 0; 0
EST TCP_QUEUE; 2026-10-08-02:13:13; 1791425593.679538; 1791425593.679534; 1; 1115; 0; 0
EST TCP_QUEUE; 2026-10-08-02:13:13; 1791425593.803711; 1791425593.803707; 1; 1115; 0; 0
EST TCP_QUEUE; 2026-10-08-02:13:13; 1791425593.904876; 1791425593.904873; 0; 0; 0; 0
EST TCP_QUEUE; 2026-10-08-02:13:13; 1791425593.954375; 1791425593.954372; 1; 788; 0; 0
EST TCP_QUEUE; 2026-10-08-02:13:13; 1791425593.998051; 1791425593.998049; 1; 1069; 0; 0
EST TCP_QUEUE; 2026-10-08-02:13:14; 1791425594.056458; 1791425594.056456; 1; 1069; 0; 0
EST TCP_QUEUE; 2026-10-08-02:13:14; 1791425594.111185; 1791425594.111182; 1; 1069; 0; 0
EST TCP_QUEUE; 2026-10-08-02:13:14; 1791425594.166369; 1791425594.166364; 1; 1069; 0; 0
EST TCP_QUEUE; 2026-10-08-02:13:14; 1791425594.255287; 1791425594.255282; 0; 0; 0; 0
EST TCP_QUEUE; 2026-10-08-02:13:14; 1791425594.334053; 1791425594.334048; 0; 0; 0; 0
EST TCP_QUEUE; 2026-10-08-02:13:14; 1791425594.395184; 1791425594.395174; 1; 1719; 0; 0
EST TCP_QUEUE; 2026-10-08-02:13:14; 1791425594.454503; 1791425594.454500; 1; 1719; 0; 0
EST TCP_QUEUE; 2026-10-08-02:13:14; 1791425594.508370; 1791425594.508368; 0; 0; 0; 0
EST TCP_QUEUE; 2026-10-08-02:13:14; 1791425594.562852; 1791425594.562850; 0; 0; 0; 0
EST TCP_QUEUE; 2026-10-08-02:13:14; 1791425594.615841; 1791425594.615838; 0; 0; 0; 0
EST TCP_QUEUE; 2026-10-08-02:13:14; 1791425594.714005; 1791425594.714001; 0; 0; 0; 0
EST TCP_QUEUE; 2026-10-08-02:13:14; 1791425594.794487; 1791425594.794482; 1; 578; 0; 0
EST TCP_QUEUE; 2026-10-08-02:13:14; 1791425594.873323; 1791425594.873321; 0; 0; 0; 0
EST TCP_QUEUE; 2026-10-08-02:13:14; 1791425594.932988; 1791425594.932986; 0; 0; 0; 0
EST TCP_QUEUE; 2026-10-08-02:13:14; 1791425594.985743; 1791425594.985740; 1; 367; 0; 0
EST TCP_QUEUE; 2026-10-08-02:13:15; 1791425595.042061; 1791425595.042058; 1; 367; 0; 0
EST TCP_QUEUE; 2026-10-08-02:13:15; 1791425595.087695; 1791425595.087692; 1; 712; 0; 0
EST TCP_QUEUE; 2026-10-08-02:13:15; 1791425595.195817; 1791425595.195814; 0; 0; 0; 0
EST TCP_QUEUE; 2026-10-08-02:13:15; 1791425595.258111; 1791425595.258108; 0; 0; 0; 0
EST TCP_QUEUE; 2026-10-08-02:13:15; 1791425595.336711; 1791425595.336708; 0; 0; 0; 0
EST TCP_QUEUE; 2026-10-08-02:13:15; 1791425595.408645; 1791425595.408641; 1; 563; 0; 0
EST TCP_QUEUE; 2026-10-08-02:13:15; 1791425595.482441; 1791425595.482436; 1; 563; 0; 0
EST TCP_QUEUE; 2026-10-08-02:13:15; 1791425595.543484; 1791425595.543482; 1; 563; 0; 0
EST TCP_QUEUE; 2026-10-08-02:13:15; 1791425595.594897; 1791425595.594893; 0; 0; 0; 0
EST TCP_QUEUE; 2026-10-08-02:13:15; 1791425595.660263; 1791425595.660260; 0; 0; 0; 0
EST TCP_QUEUE; 2026-10-08-02:13:15; 1791425595.713379; 1791425595.713375; 0; 0; 0; 0
EST TCP_QUEUE; 2026-10-08-02:13:15; 1791425595.765593; 1791425595.765591; 1; 455; 0; 0
EST TCP_QUEUE; 2026-10-08-02:13:15; 1791425595.819618; 1791425595.819615; 1; 455; 0; 0
EST TCP_QUEUE; 2026-10-08-02:13:15; 1791425595.904700; 1791425595.904696; 0; 0; 0; 0
EST TCP_QUEUE; 2026-10-08-02:13:15; 1791425595.945847; 1791425595.945844; 0; 0; 0; 0
EST TCP_QUEUE; 2026-10-08-02:13:16; 1791425596.005885; 1791425596.005881; 0; 0; 0; 0
EST TCP_QUEUE; 2026-10-08-02:13:16; 1791425596.060338; 1791425596.060335; 1; 1121; 0; 0
EST TCP_QUEUE; 2026-10-08-02:13:16; 1791425596.112486; 1791425596.112483; 1; 1195; 0; 0
EST TCP_QUEUE; 2026-10-08-02:13:16; 1791425596.194785; 1791425596.194781; 1; 1195; 0; 0
EST TCP_QUEUE; 2026-10-08-02:13:16; 1791425596.255405; 1791425596.255401; 1; 1195; 0; 0
EST TCP_QUEUE; 2026-10-08-02:13:16; 1791425596.307250; 1791425596.307246; 0; 0; 0; 0
EST TCP_QUEUE; 2026-10-08-02:13:16; 1791425596.365923; 1791425596.365919; 0; 0; 0; 0
EST TCP_QUEUE; 2026-10-08-02:13:16; 1791425596.420773; 1791425596.420770; 0; 0; 0; 0
EST TCP_QUEUE; 2026-10-08-02:13:16; 1791425596.471087; 1791425596.471084; 1; 718; 0; 0
EST TCP_QUEUE; 2026-10-08-02:13:16; 1791425596.529727; 1791425596.529724; 1; 718; 0; 0
EST TCP_QUEUE; 2026-10-08-02:13:16; 1791425596.581178; 1791425596.581174; 0; 0; 0; 0
EST TCP_QUEUE; 2026-10-08-02:13:16; 1791425596.696871; 1791425596.696868; 0; 0; 0; 0
EST TCP_QUEUE; 2026-10-08-02:13:16; 1791425596.795702; 1791425596.795699; 0; 0; 0; 0
EST TCP_QUEUE; 2026-10-08-02:13:16; 1791425596.849105; 1791425596.849102; 1; 1068; 0; 0
EST TCP_QUEUE; 2026-10-08-02:13:16; 1791425596.901562; 1791425596.901559; 1; 1068; 0; 0
EST TCP_QUEUE; 2026-10-08-02:13:16; 1791425596.957963; 1791425596.957960; 1; 1068; 0; 0
EST TCP_QUEUE; 2026-10-08-02:13:17; 1791425597.002305; 1791425597.002302; 0; 0; 0; 0
EST TCP_QUEUE; 2026-10-08-02:13:17; 1791425597.046278; 1791425597.046275; 0; 0; 0; 0
EST TCP_QUEUE; 2026-10-08-02:13:17; 1791425597.132804; 1791425597.132801; 1; 1069; 0; 0
EST TCP_QUEUE; 2026-10-08-02:13:17; 1791425597.200363; 1791425597.200359; 1; 584; 0; 0
EST TCP_QUEUE; 2026-10-08-02:13:17; 1791425597.254902; 1791425597.254899; 1; 584; 0; 0
EST TCP_QUEUE; 2026-10-08-02:13:17; 1791425597.309069; 1791425597.309066; 1; 584; 0; 0
EST TCP_QUEUE; 2026-10-08-02:13:17; 1791425597.366287; 1791425597.366285; 1; 584; 0; 0
EST TCP_QUEUE; 2026-10-08-02:13:17; 1791425597.424024; 1791425597.424021; 0; 0; 0; 0
EST TCP_QUEUE; 2026-10-08-02:13:17; 1791425597.483786; 1791425597.483782; 1; 553; 0; 0
EST TCP_QUEUE; 2026-10-08-02:13:17; 1791425597.541731; 1791425597.541727; 1; 1354; 0; 0
EST TCP_QUEUE; 2026-10-08-02:13:17; 1791425597.595925; 1791425597.595922; 1; 1354; 0; 0
EST TCP_QUEUE; 2026-10-08-02:13:17; 1791425597.656264; 1791425597.656261; 1; 597; 0; 0
EST TCP_QUEUE; 2026-10-08-02:13:17; 1791425597.858240; 1791425597.858236; 1; 510; 0; 0
EST TCP_QUEUE; 2026-10-08-02:13:17; 1791425597.914435; 1791425597.914430; 1; 510; 0; 0
EST TCP_QUEUE; 2026-10-08-02:13:17; 1791425597.972766; 1791425597.972760; 0; 0; 0; 0
EST TCP_QUEUE; 2026-10-08-02:13:18; 1791425598.026747; 1791425598.026744; 1; 865; 0; 0
EST TCP_QUEUE; 2026-10-08-02:13:18; 1791425598.077404; 1791425598.077400; 1; 865; 0; 0
EST TCP_QUEUE; 2026-10-08-02:13:18; 1791425598.135537; 1791425598.135534; 1; 865; 0; 0
EST TCP_QUEUE; 2026-10-08-02:13:18; 1791425598.180996; 1791425598.180993; 0; 0; 0; 0
EST TCP_QUEUE; 2026-10-08-02:13:18; 1791425598.226653; 1791425598.226649; 1; 1491; 0; 0
EST TCP_QUEUE; 2026-10-08-02:13:18; 1791425598.296139; 1791425598.296137; 1; 1491; 0; 0
EST TCP_QUEUE; 2026-10-08-02:13:18; 1791425598.354194; 1791425598.354191; 1; 1491; 0; 0
EST TCP_QUEUE; 2026-10-08-02:13:18; 1791425598.412426; 1791425598.412423; 0; 0; 0; 0
EST TCP_QUEUE; 2026-10-08-02:13:18; 1791425598.465192; 1791425598.465190; 0; 0; 0; 0
EST TCP_QUEUE; 2026-10-08-02:13:18; 1791425598.511439; 1791425598.511436; 0; 0; 0; 0
EST TCP_QUEUE; 2026-10-08-02:13:18; 1791425598.556240; 1791425598.556237; 1; 339; 0; 0
EST TCP_QUEUE; 2026-10-08-02:13:18; 1791425598.616495; 1791425598.616492; 1; 339; 0; 0
EST TCP_QUEUE; 2026-10-08-02:13:18; 1791425598.711790; 1791425598.711786; 0; 0; 0; 0
EST TCP_QUEUE; 2026-10-08-02:13:18; 1791425598.761953; 1791425598.761949; 0; 0; 0; 0
EST TCP_QUEUE; 2026-10-08-02:13:18; 1791425598.815857; 1791425598.815854; 0; 0; 0; 0
EST TCP_QUEUE; 2026-10-08-02:13:18; 1791425598.862244; 1791425598.862241; 0; 0; 0; 0
EST TCP_QUEUE; 2026-10-08-02:13:18; 1791425598.906229; 1791425598.906225; 1; 630; 0; 0
EST TCP_QUEUE; 2026-10-08-02:13:18; 1791425598.977004; 1791425598.977001; 1; 630; 0; 0
EST TCP_QUEUE; 2026-10-08-02:13:19; 1791425599.031113; 1791425599.031110; 1; 630; 0; 0
EST TCP_QUEUE; 2026-10-08-02:13:19; 1791425599.087782; 1791425599.087779; 0; 0; 0; 0
EST TCP_QUEUE; 2026-10-08-02:13:19; 1791425599.144528; 1791425599.144525; 0; 0; 0; 0
EST TCP_QUEUE; 2026-10-08-02:13:19; 1791425599.188095; 1791425599.188091; 0; 0; 0; 0
EST TCP_QUEUE; 2026-10-08-02:13:19; 1791425599.234106; 1791425599.234103; 0; 0; 0; 0
EST TCP_QUEUE; 2026-10-08-02:13:19; 1791425599.291278; 1791425599.291275; 1; 473; 0; 0
EST TCP_QUEUE; 2026-10-08-02:13:19; 1791425599.349329; 1791425599.349326; 1; 473; 0; 0
EST TCP_QUEUE; 2026-10-08-02:13:19; 1791425599.401917; 1791425599.401912; 1; 473; 0; 0
EST TCP_QUEUE; 2026-10-08-02:13:19; 1791425599.456806; 1791425599.456803; 1; 473; 0; 0
EST TCP_QUEUE; 2026-10-08-02:13:19; 1791425599.506147; 1791425599.506144; 0; 0; 0; 0
EST TCP_QUEUE; 2026-10-08-02:13:19; 1791425599.556007; 1791425599.556003; 0; 0; 0; 0
EST TCP_QUEUE; 2026-10-08-02:13:19; 1791425599.618647; 1791425599.618645; 1; 1998; 0; 0
EST TCP_QUEUE; 2026-10-08-02:13:19; 1791425599.677576; 1791425599.677573; 1; 1998; 0; 0
EST TCP_QUEUE; 2026-10-08-02:13:19; 1791425599.729639; 1791425599.729635; 1; 1998; 0; 0
EST TCP_QUEUE; 2026-10-08-02:13:19; 1791425599.802930; 1791425599.802928; 0; 0; 0; 0
EST TCP_QUEUE; 2026-10-08-02:13:19; 1791425599.848913; 1791425599.848911; 0; 0; 0; 0
EST TCP_QUEUE; 2026-10-08-02:13:19; 1791425599.890298; 1791425599.890295; 0; 0; 0; 0
EST TCP_QUEUE; 2026-10-08-02:13:19; 1791425599.950382; 1791425599.950379; 1; 443; 0; 0
EST TCP_QUEUE; 2026-10-08-02:13:20; 1791425600.006753; 1791425600.006750; 1; 443; 0; 0
EST TCP_QUEUE; 2026-10-08-02:13:20; 1791425600.059955; 1791425600.059952; 1; 443; 0; 0
EST TCP_QUEUE; 2026-10-08-02:13:20; 1791425600.121847; 1791425600.121844; 1; 345; 0; 0
EST TCP_QUEUE; 2026-10-08-02:13:20; 1791425600.167714; 1791425600.167712; 1; 345; 0; 0
EST TCP_QUEUE; 2026-10-08-02:13:20; 1791425600.209836; 1791425600.209832; 1; 345; 0; 0
EST TCP_QUEUE; 2026-10-08-02:13:20; 1791425600.274741; 1791425600.274738; 0; 0; 0; 0
EST TCP_QUEUE; 2026-10-08-02:13:20; 1791425600.329184; 1791425600.329181; 0; 0; 0; 0
EST TCP_QUEUE; 2026-10-08-02:13:20; 1791425600.381321; 1791425600.381317; 1; 693; 0; 0
EST TCP_QUEUE; 2026-10-08-02:13:20; 1791425600.433968; 1791425600.433964; 1; 693; 0; 0
EST TCP_QUEUE; 2026-10-08-02:13:20; 1791425600.481721; 1791425600.481719; 0; 0; 0; 0
EST TCP_QUEUE; 2026-10-08-02:13:20; 1791425600.523423; 1791425600.523420; 0; 0; 0; 0
EST TCP_QUEUE; 2026-10-08-02:13:20; 1791425600.621792; 1791425600.621789; 0; 0; 0; 0
EST TCP_QUEUE; 2026-10-08-02:13:20; 1791425600.678334; 1791425600.678331; 1; 0; 0; 0
EST TCP_QUEUE; 2026-10-08-02:13:20; 1791425600.728827; 1791425600.728824; 1; 0; 0; 0
EST TCP_QUEUE; 2026-10-08-02:13:20; 1791425600.781300; 1791425600.781298; 0; 0; 0; 0
EST TCP_QUEUE; 2026-10-08-02:13:20; 1791425600.828951; 1791425600.828949; 0; 0; 0; 0
EST TCP_QUEUE; 2026-10-08-02:13:20; 1791425600.870544; 1791425600.870541; 0; 0; 0; 0
EST TCP_QUEUE; 2026-10-08-02:13:20; 1791425600.928246; 1791425600.928243; 0; 0; 0; 0
EST TCP_QUEUE; 2026-10-08-02:13:20; 1791425600.986783; 1791425600.986781; 0; 0; 0; 0
EST TCP_QUEUE; 2026-10-08-02:13:21; 1791425601.041186; 1791425601.041184; 1; 394; 0; 0
EST TCP_QUEUE; 2026-10-08-02:13:21; 1791425601.111405; 1791425601.111401; 1; 394; 0; 0
EST TCP_QUEUE; 2026-10-08-02:13:21; 1791425601.159967; 1791425601.159963; 1; 394; 0; 0
EST TCP_QUEUE; 2026-10-08-02:13:21; 1791425601.202502; 1791425601.202498; 0; 0; 0; 0
EST TCP_QUEUE; 2026-10-08-02:13:21; 1791425601.262418; 1791425601.262414; 0; 0; 0; 0
EST TCP_QUEUE; 2026-10-08-02:13:21; 1791425601.316553; 1791425601.316551; 0; 0; 0; 0
EST TCP_QUEUE; 2026-10-08-02:13:21; 1791425601.368578; 1791425601.368575; 0; 0; 0; 0
EST TCP_QUEUE; 2026-10-08-02:13:21; 1791425601.421060; 1791425601.421057; 1; 1035; 0; 0
EST TCP_QUEUE; 2026-10-08-02:13:21; 1791425601.470918; 1791425601.470916; 1; 1035; 0; 0
EST TCP_QUEUE; 2026-10-08-02:13:21; 1791425601.514008; 1791425601.514006; 1; 1035; 0; 0
EST TCP_QUEUE; 2026-10-08-02:13:21; 1791425601.582061; 1791425601.582059; 1; 274; 1; 0
EST TCP_QUEUE; 2026-10-08-02:13:21; 1791425601.641785; 1791425601.641783; 1; 274; 1; 0
EST TCP_QUEUE; 2026-10-08-02:13:21; 1791425601.692212; 1791425601.692210; 1; 0; 0; 0
EST TCP_QUEUE; 2026-10-08-02:13:21; 1791425601.798100; 1791425601.798095; 1; 0; 0; 0
EST TCP_QUEUE; 2026-10-08-02:13:21; 1791425601.847143; 1791425601.847139; 1; 0; 0; 0
EST TCP_QUEUE; 2026-10-08-02:13:21; 1791425601.893941; 1791425601.893939; 0; 0; 0; 0
EST TCP_QUEUE; 2026-10-08-02:13:21; 1791425601.950795; 1791425601.950792; 1; 759; 1; 0
EST TCP_QUEUE; 2026-10-08-02:13:22; 1791425602.006393; 1791425602.006390; 1; 759; 1; 0
EST TCP_QUEUE; 2026-10-08-02:13:22; 1791425602.057412; 1791425602.057409; 1; 717; 1; 0
EST TCP_QUEUE; 2026-10-08-02:13:22; 1791425602.109992; 1791425602.109987; 1; 1304; 0; 0
EST TCP_QUEUE; 2026-10-08-02:13:22; 1791425602.159968; 1791425602.159964; 1; 1304; 0; 0
EST TCP_QUEUE; 2026-10-08-02:13:22; 1791425602.207375; 1791425602.207369; 1; 305; 0; 0
EST TCP_QUEUE; 2026-10-08-02:13:22; 1791425602.267266; 1791425602.267260; 0; 0; 0; 0
EST TCP_QUEUE; 2026-10-08-02:13:22; 1791425602.321406; 1791425602.321404; 0; 0; 0; 0
EST TCP_QUEUE; 2026-10-08-02:13:22; 1791425602.373275; 1791425602.373272; 0; 0; 0; 0
EST TCP_QUEUE; 2026-10-08-02:13:22; 1791425602.429767; 1791425602.429764; 0; 0; 0; 0
EST TCP_QUEUE; 2026-10-08-02:13:22; 1791425602.475316; 1791425602.475314; 1; 949; 0; 0
EST TCP_QUEUE; 2026-10-08-02:13:22; 1791425602.518955; 1791425602.518952; 1; 949; 0; 0
EST TCP_QUEUE; 2026-10-08-02:13:22; 1791425602.577160; 1791425602.577157; 0; 0; 0; 0
EST TCP_QUEUE; 2026-10-08-02:13:22; 1791425602.633785; 1791425602.633782; 0; 0; 0; 0
EST TCP_QUEUE; 2026-10-08-02:13:22; 1791425602.712544; 1791425602.712541; 0; 0; 0; 0
EST TCP_QUEUE; 2026-10-08-02:13:22; 1791425602.771913; 1791425602.771908; 0; 0; 0; 0
EST TCP_QUEUE; 2026-10-08-02:13:22; 1791425602.819916; 1791425602.819912; 0; 0; 0; 0
EST TCP_QUEUE; 2026-10-08-02:13:22; 1791425602.861127; 1791425602.861122; 0; 0; 0; 0
EST TCP_QUEUE; 2026-10-08-02:13:22; 1791425602.920720; 1791425602.920715; 0; 0; 0; 0
EST TCP_QUEUE; 2026-10-08-02:13:22; 1791425602.976942; 1791425602.976939; 0; 0; 0; 0
EST TCP_QUEUE; 2026-10-08-02:13:23; 1791425603.026957; 1791425603.026954; 0; 0; 0; 0
EST TCP_QUEUE; 2026-10-08-02:13:23; 1791425603.087571; 1791425603.087569; 1; 535; 0; 0
EST TCP_QUEUE; 2026-10-08-02:13:23; 1791425603.152668; 1791425603.152666; 1; 638; 1; 1830
EST TCP_QUEUE; 2026-10-08-02:13:23; 1791425603.200029; 1791425603.200025; 1; 638; 1; 1830
EST TCP_QUEUE; 2026-10-08-02:13:23; 1791425603.259499; 1791425603.259496; 1; 638; 1; 1830
EST TCP_QUEUE; 2026-10-08-02:13:23; 1791425603.316144; 1791425603.316141; 0; 0; 0; 0
EST TCP_QUEUE; 2026-10-08-02:13:23; 1791425603.368824; 1791425603.368821; 0; 0; 0; 0
EST TCP_QUEUE; 2026-10-08-02:13:23; 1791425603.421141; 1791425603.421138; 0; 0; 0; 0
EST TCP_QUEUE; 2026-10-08-02:13:23; 1791425603.468416; 1791425603.468414; 0; 0; 0; 0
EST TCP_QUEUE; 2026-10-08-02:13:23; 1791425603.510204; 1791425603.510202; 0; 0; 0; 0
EST TCP_QUEUE; 2026-10-08-02:13:23; 1791425603.571763; 1791425603.571760; 1; 697; 0; 0
EST TCP_QUEUE; 2026-10-08-02:13:23; 1791425603.626019; 1791425603.626016; 1; 697; 0; 0
EST TCP_QUEUE; 2026-10-08-02:13:23; 1791425603.682527; 1791425603.682524; 0; 0; 0; 0
EST TCP_QUEUE; 2026-10-08-02:13:23; 1791425603.735211; 1791425603.735207; 1; 579; 0; 0
EST TCP_QUEUE; 2026-10-08-02:13:23; 1791425603.783605; 1791425603.783602; 1; 579; 0; 0
EST TCP_QUEUE; 2026-10-08-02:13:23; 1791425603.828930; 1791425603.828926; 1; 579; 0; 0
EST TCP_QUEUE; 2026-10-08-02:13:23; 1791425603.892658; 1791425603.892654; 0; 0; 0; 0
EST TCP_QUEUE; 2026-10-08-02:13:23; 1791425603.954949; 1791425603.954944; 0; 0; 0; 0
EST TCP_QUEUE; 2026-10-08-02:13:24; 1791425604.007117; 1791425604.007112; 0; 0; 0; 0
EST TCP_QUEUE; 2026-10-08-02:13:24; 1791425604.059458; 1791425604.059454; 0; 0; 0; 0
EST TCP_QUEUE; 2026-10-08-02:13:24; 1791425604.107747; 1791425604.107742; 0; 0; 0; 0
EST TCP_QUEUE; 2026-10-08-02:13:24; 1791425604.151091; 1791425604.151086; 1; 792; 0; 0
EST TCP_QUEUE; 2026-10-08-02:13:24; 1791425604.210904; 1791425604.210900; 1; 792; 0; 0
EST TCP_QUEUE; 2026-10-08-02:13:24; 1791425604.270975; 1791425604.270971; 0; 0; 0; 0
EST TCP_QUEUE; 2026-10-08-02:13:24; 1791425604.325764; 1791425604.325757; 0; 0; 0; 0
EST TCP_QUEUE; 2026-10-08-02:13:24; 1791425604.380194; 1791425604.380188; 0; 0; 0; 0
EST TCP_QUEUE; 2026-10-08-02:13:24; 1791425604.425114; 1791425604.425112; 0; 0; 0; 0
EST TCP_QUEUE; 2026-10-08-02:13:24; 1791425604.468196; 1791425604.468193; 1; 0; 0; 0
EST TCP_QUEUE; 2026-10-08-02:13:24; 1791425604.526246; 1791425604.526243; 1; 0; 0; 0
EST TCP_QUEUE; 2026-10-08-02:13:24; 1791425604.582500; 1791425604.582497; 1; 658; 0; 0
EST TCP_QUEUE; 2026-10-08-02:13:24; 1791425604.634616; 1791425604.634614; 1; 658; 0; 0
EST TCP_QUEUE; 2026-10-08-02:13:24; 1791425604.687398; 1791425604.687395; 1; 658; 0; 0
EST TCP_QUEUE; 2026-10-08-02:13:24; 1791425604.735431; 1791425604.735427; 1; 658; 0; 0
EST TCP_QUEUE; 2026-10-08-02:13:24; 1791425604.784464; 1791425604.784462; 1; 0; 0; 0
EST TCP_QUEUE; 2026-10-08-02:13:24; 1791425604.847824; 1791425604.847822; 1; 0; 0; 0
EST TCP_QUEUE; 2026-10-08-02:13:24; 1791425604.904581; 1791425604.904579; 0; 0; 0; 0
EST TCP_QUEUE; 2026-10-08-02:13:24; 1791425604.954630; 1791425604.954628; 0; 0; 0; 0
EST TCP_QUEUE; 2026-10-08-02:13:25; 1791425605.014378; 1791425605.014370; 0; 0; 0; 0
EST TCP_QUEUE; 2026-10-08-02:13:25; 1791425605.060856; 1791425605.060849; 0; 0; 0; 0
EST TCP_QUEUE; 2026-10-08-02:13:25; 1791425605.105656; 1791425605.105643; 0; 0; 0; 0
EST TCP_QUEUE; 2026-10-08-02:13:25; 1791425605.170467; 1791425605.170460; 1; 569; 0; 0
EST TCP_QUEUE; 2026-10-08-02:13:25; 1791425605.226090; 1791425605.226083; 1; 569; 0; 0
EST TCP_QUEUE; 2026-10-08-02:13:25; 1791425605.275107; 1791425605.275105; 1; 569; 0; 0
EST TCP_QUEUE; 2026-10-08-02:13:25; 1791425605.334179; 1791425605.334176; 1; 569; 0; 0
EST TCP_QUEUE; 2026-10-08-02:13:25; 1791425605.413921; 1791425605.413918; 0; 0; 0; 0
EST TCP_QUEUE; 2026-10-08-02:13:25; 1791425605.457644; 1791425605.457641; 0; 0; 0; 0
EST TCP_QUEUE; 2026-10-08-02:13:25; 1791425605.519215; 1791425605.519212; 0; 0; 0; 0
EST TCP_QUEUE; 2026-10-08-02:13:25; 1791425605.575779; 1791425605.575775; 0; 0; 0; 0
EST TCP_QUEUE; 2026-10-08-02:13:25; 1791425605.626075; 1791425605.626071; 1; 1080; 0; 0
EST TCP_QUEUE; 2026-10-08-02:13:25; 1791425605.678335; 1791425605.678332; 1; 1080; 0; 0
EST TCP_QUEUE; 2026-10-08-02:13:25; 1791425605.726010; 1791425605.726007; 1; 1080; 0; 0
EST TCP_QUEUE; 2026-10-08-02:13:25; 1791425605.814270; 1791425605.814267; 0; 0; 0; 0
EST TCP_QUEUE; 2026-10-08-02:13:25; 1791425605.903322; 1791425605.903318; 0; 0; 0; 0
EST TCP_QUEUE; 2026-10-08-02:13:25; 1791425605.963833; 1791425605.963567; 0; 0; 0; 0
EST TCP_QUEUE; 2026-10-08-02:13:26; 1791425606.013219; 1791425606.013216; 0; 0; 0; 0
EST TCP_QUEUE; 2026-10-08-02:13:26; 1791425606.067805; 1791425606.067803; 0; 0; 0; 0
EST TCP_QUEUE; 2026-10-08-02:13:26; 1791425606.115845; 1791425606.115842; 0; 0; 0; 0
EST TCP_QUEUE; 2026-10-08-02:13:26; 1791425606.161569; 1791425606.161567; 0; 0; 0; 0
EST TCP_QUEUE; 2026-10-08-02:13:26; 1791425606.225427; 1791425606.225424; 1; 2324; 0; 0
EST TCP_QUEUE; 2026-10-08-02:13:26; 1791425606.277622; 1791425606.277619; 1; 2324; 0; 0
EST TCP_QUEUE; 2026-10-08-02:13:26; 1791425606.330092; 1791425606.330090; 1; 2324; 0; 0
EST TCP_QUEUE; 2026-10-08-02:13:26; 1791425606.411600; 1791425606.411596; 0; 0; 0; 0
EST TCP_QUEUE; 2026-10-08-02:13:26; 1791425606.467190; 1791425606.467186; 1; 722; 0; 0
EST TCP_QUEUE; 2026-10-08-02:13:26; 1791425606.510637; 1791425606.510632; 1; 722; 0; 0
EST TCP_QUEUE; 2026-10-08-02:13:26; 1791425606.578174; 1791425606.578171; 0; 0; 0; 0
EST TCP_QUEUE; 2026-10-08-02:13:26; 1791425606.632613; 1791425606.632609; 0; 0; 0; 0
EST TCP_QUEUE; 2026-10-08-02:13:26; 1791425606.684504; 1791425606.684501; 1; 541; 0; 0
EST TCP_QUEUE; 2026-10-08-02:13:26; 1791425606.740161; 1791425606.740159; 1; 541; 0; 0
EST TCP_QUEUE; 2026-10-08-02:13:26; 1791425606.786434; 1791425606.786431; 0; 0; 0; 0
EST TCP_QUEUE; 2026-10-08-02:13:26; 1791425606.828645; 1791425606.828642; 0; 0; 0; 0
EST TCP_QUEUE; 2026-10-08-02:13:26; 1791425606.890730; 1791425606.890726; 0; 0; 0; 0
EST TCP_QUEUE; 2026-10-08-02:13:26; 1791425606.962448; 1791425606.962444; 0; 0; 0; 0
EST TCP_QUEUE; 2026-10-08-02:13:27; 1791425607.020470; 1791425607.020467; 0; 0; 0; 0
EST TCP_QUEUE; 2026-10-08-02:13:27; 1791425607.072560; 1791425607.072557; 0; 0; 0; 0
EST TCP_QUEUE; 2026-10-08-02:13:27; 1791425607.123048; 1791425607.123045; 0; 0; 0; 0
EST TCP_QUEUE; 2026-10-08-02:13:27; 1791425607.207428; 1791425607.207425; 0; 0; 0; 0
EST TCP_QUEUE; 2026-10-08-02:13:27; 1791425607.262941; 1791425607.262938; 1; 0; 0; 0
EST TCP_QUEUE; 2026-10-08-02:13:27; 1791425607.315262; 1791425607.315258; 1; 0; 0; 0
EST TCP_QUEUE; 2026-10-08-02:13:27; 1791425607.416705; 1791425607.416699; 0; 0; 0; 0
EST TCP_QUEUE; 2026-10-08-02:13:27; 1791425607.474490; 1791425607.474484; 0; 0; 0; 0
EST TCP_QUEUE; 2026-10-08-02:13:27; 1791425607.519073; 1791425607.519069; 0; 0; 0; 0
EST TCP_QUEUE; 2026-10-08-02:13:27; 1791425607.562466; 1791425607.562461; 0; 0; 0; 0
EST TCP_QUEUE; 2026-10-08-02:13:27; 1791425607.620067; 1791425607.620062; 0; 0; 0; 0
EST TCP_QUEUE; 2026-10-08-02:13:27; 1791425607.680300; 1791425607.680297; 0; 0; 0; 0
EST TCP_QUEUE; 2026-10-08-02:13:27; 1791425607.732377; 1791425607.732374; 1; 1698; 0; 0
EST TCP_QUEUE; 2026-10-08-02:13:27; 1791425607.786485; 1791425607.786483; 1; 1698; 0; 0
EST TCP_QUEUE; 2026-10-08-02:13:27; 1791425607.832718; 1791425607.832716; 1; 1698; 0; 0
EST TCP_QUEUE; 2026-10-08-02:13:27; 1791425607.878561; 1791425607.878557; 0; 0; 0; 0
EST TCP_QUEUE; 2026-10-08-02:13:27; 1791425607.937757; 1791425607.937755; 0; 0; 0; 0
EST TCP_QUEUE; 2026-10-08-02:13:27; 1791425607.991923; 1791425607.991921; 0; 0; 0; 0
EST TCP_QUEUE; 2026-10-08-02:13:28; 1791425608.044064; 1791425608.044062; 0; 0; 0; 0
EST TCP_QUEUE; 2026-10-08-02:13:28; 1791425608.100077; 1791425608.100074; 0; 0; 0; 0
EST TCP_QUEUE; 2026-10-08-02:13:28; 1791425608.194913; 1791425608.194911; 0; 0; 0; 0
EST TCP_QUEUE; 2026-10-08-02:13:28; 1791425608.259935; 1791425608.259932; 0; 0; 0; 0
EST TCP_QUEUE; 2026-10-08-02:13:28; 1791425608.317648; 1791425608.317645; 1; 0; 0; 0
EST TCP_QUEUE; 2026-10-08-02:13:28; 1791425608.372365; 1791425608.372363; 0; 0; 0; 0
EST TCP_QUEUE; 2026-10-08-02:13:28; 1791425608.426444; 1791425608.426440; 0; 0; 0; 0
EST TCP_QUEUE; 2026-10-08-02:13:28; 1791425608.479096; 1791425608.479093; 0; 0; 0; 0
EST TCP_QUEUE; 2026-10-08-02:13:28; 1791425608.528673; 1791425608.528670; 0; 0; 0; 0
EST TCP_QUEUE; 2026-10-08-02:13:28; 1791425608.574007; 1791425608.574005; 0; 0; 0; 0
EST TCP_QUEUE; 2026-10-08-02:13:28; 1791425608.639546; 1791425608.639541; 0; 0; 0; 0
EST TCP_QUEUE; 2026-10-08-02:13:28; 1791425608.704867; 1791425608.704863; 0; 0; 0; 0
EST TCP_QUEUE; 2026-10-08-02:13:28; 1791425608.756797; 1791425608.756793; 1; 542; 0; 0
EST TCP_QUEUE; 2026-10-08-02:13:28; 1791425608.810955; 1791425608.810951; 1; 542; 0; 0
EST TCP_QUEUE; 2026-10-08-02:13:28; 1791425608.859640; 1791425608.859635; 1; 542; 0; 0
EST TCP_QUEUE; 2026-10-08-02:13:28; 1791425608.902534; 1791425608.902530; 0; 0; 0; 0
EST TCP_QUEUE; 2026-10-08-02:13:28; 1791425608.960133; 1791425608.960130; 0; 0; 0; 0
EST TCP_QUEUE; 2026-10-08-02:13:29; 1791425609.014208; 1791425609.014205; 0; 0; 0; 0
EST TCP_QUEUE; 2026-10-08-02:13:29; 1791425609.064974; 1791425609.064970; 0; 0; 0; 0
EST TCP_QUEUE; 2026-10-08-02:13:29; 1791425609.119404; 1791425609.119400; 0; 0; 0; 0
EST TCP_QUEUE; 2026-10-08-02:13:29; 1791425609.165588; 1791425609.165585; 0; 0; 0; 0
EST TCP_QUEUE; 2026-10-08-02:13:29; 1791425609.210030; 1791425609.210027; 0; 0; 0; 0
EST TCP_QUEUE; 2026-10-08-02:13:29; 1791425609.298746; 1791425609.298743; 1; 183; 0; 0
EST TCP_QUEUE; 2026-10-08-02:13:29; 1791425609.357654; 1791425609.357650; 1; 183; 0; 0
EST TCP_QUEUE; 2026-10-08-02:13:29; 1791425609.414737; 1791425609.414734; 1; 183; 0; 0
EST TCP_QUEUE; 2026-10-08-02:13:29; 1791425609.468693; 1791425609.468690; 0; 0; 0; 0
EST TCP_QUEUE; 2026-10-08-02:13:29; 1791425609.516924; 1791425609.516921; 0; 0; 0; 0
EST TCP_QUEUE; 2026-10-08-02:13:29; 1791425609.557925; 1791425609.557922; 0; 0; 0; 0
EST TCP_QUEUE; 2026-10-08-02:13:29; 1791425609.621117; 1791425609.621115; 0; 0; 0; 0
EST TCP_QUEUE; 2026-10-08-02:13:29; 1791425609.727935; 1791425609.727932; 0; 0; 0; 0
EST TCP_QUEUE; 2026-10-08-02:13:29; 1791425609.778042; 1791425609.778039; 0; 0; 0; 0
EST TCP_QUEUE; 2026-10-08-02:13:29; 1791425609.831171; 1791425609.831169; 1; 1115; 0; 0
EST TCP_QUEUE; 2026-10-08-02:13:29; 1791425609.880733; 1791425609.880730; 1; 1115; 0; 0
EST TCP_QUEUE; 2026-10-08-02:13:29; 1791425609.922301; 1791425609.922297; 1; 1115; 0; 0
EST TCP_QUEUE; 2026-10-08-02:13:29; 1791425609.982472; 1791425609.982469; 0; 0; 0; 0
EST TCP_QUEUE; 2026-10-08-02:13:30; 1791425610.037025; 1791425610.037020; 0; 0; 0; 0
EST TCP_QUEUE; 2026-10-08-02:13:30; 1791425610.093153; 1791425610.093149; 0; 0; 0; 0
EST TCP_QUEUE; 2026-10-08-02:13:30; 1791425610.149679; 1791425610.149674; 0; 0; 0; 0
EST TCP_QUEUE; 2026-10-08-02:13:30; 1791425610.195245; 1791425610.195241; 0; 0; 0; 0
EST TCP_QUEUE; 2026-10-08-02:13:30; 1791425610.240035; 1791425610.240033; 0; 0; 0; 0
EST TCP_QUEUE; 2026-10-08-02:13:30; 1791425610.298263; 1791425610.298261; 0; 0; 0; 0
EST TCP_QUEUE; 2026-10-08-02:13:30; 1791425610.353320; 1791425610.353315; 1; 0; 0; 0
EST TCP_QUEUE; 2026-10-08-02:13:30; 1791425610.409548; 1791425610.409543; 1; 0; 0; 0
EST TCP_QUEUE; 2026-10-08-02:13:30; 1791425610.463132; 1791425610.463128; 1; 0; 0; 0
EST TCP_QUEUE; 2026-10-08-02:13:30; 1791425610.509202; 1791425610.509198; 0; 0; 0; 0
EST TCP_QUEUE; 2026-10-08-02:13:30; 1791425610.552310; 1791425610.552307; 0; 0; 0; 0
EST TCP_QUEUE; 2026-10-08-02:13:30; 1791425610.612107; 1791425610.612104; 0; 0; 0; 0
EST TCP_QUEUE; 2026-10-08-02:13:30; 1791425610.666725; 1791425610.666722; 0; 0; 0; 0
EST TCP_QUEUE; 2026-10-08-02:13:30; 1791425610.722591; 1791425610.722588; 0; 0; 0; 0
EST TCP_QUEUE; 2026-10-08-02:13:30; 1791425610.775083; 1791425610.775081; 0; 0; 0; 0
EST TCP_QUEUE; 2026-10-08-02:13:30; 1791425610.824820; 1791425610.824817; 0; 0; 0; 0
EST TCP_QUEUE; 2026-10-08-02:13:30; 1791425610.868445; 1791425610.868442; 1; 940; 0; 0
EST TCP_QUEUE; 2026-10-08-02:13:30; 1791425610.928605; 1791425610.928602; 1; 940; 0; 0
EST TCP_QUEUE; 2026-10-08-02:13:30; 1791425610.982292; 1791425610.982289; 0; 0; 0; 0
EST TCP_QUEUE; 2026-10-08-02:13:31; 1791425611.033316; 1791425611.033314; 0; 0; 0; 0
EST TCP_QUEUE; 2026-10-08-02:13:31; 1791425611.087331; 1791425611.087327; 0; 0; 0; 0
EST TCP_QUEUE; 2026-10-08-02:13:31; 1791425611.133182; 1791425611.133179; 0; 0; 0; 0
EST TCP_QUEUE; 2026-10-08-02:13:31; 1791425611.175067; 1791425611.175064; 0; 0; 0; 0
EST TCP_QUEUE; 2026-10-08-02:13:31; 1791425611.239963; 1791425611.239960; 0; 0; 0; 0
EST TCP_QUEUE; 2026-10-08-02:13:31; 1791425611.292823; 1791425611.292821; 0; 0; 0; 0
EST TCP_QUEUE; 2026-10-08-02:13:31; 1791425611.345519; 1791425611.345516; 0; 0; 0; 0
EST TCP_QUEUE; 2026-10-08-02:13:31; 1791425611.400034; 1791425611.400031; 1; 883; 0; 0
EST TCP_QUEUE; 2026-10-08-02:13:31; 1791425611.447513; 1791425611.447510; 1; 883; 0; 0
EST TCP_QUEUE; 2026-10-08-02:13:31; 1791425611.491912; 1791425611.491906; 0; 0; 0; 0
EST TCP_QUEUE; 2026-10-08-02:13:31; 1791425611.603823; 1791425611.603819; 0; 0; 0; 0
EST TCP_QUEUE; 2026-10-08-02:13:31; 1791425611.657861; 1791425611.657857; 0; 0; 0; 0
EST TCP_QUEUE; 2026-10-08-02:13:31; 1791425611.707873; 1791425611.707870; 0; 0; 0; 0
EST TCP_QUEUE; 2026-10-08-02:13:31; 1791425611.765869; 1791425611.765865; 0; 0; 0; 0
EST TCP_QUEUE; 2026-10-08-02:13:31; 1791425611.813796; 1791425611.813792; 0; 0; 0; 0
EST TCP_QUEUE; 2026-10-08-02:13:31; 1791425611.857547; 1791425611.857545; 0; 0; 0; 0
EST TCP_QUEUE; 2026-10-08-02:13:31; 1791425611.915283; 1791425611.915281; 1; 1672; 0; 0
EST TCP_QUEUE; 2026-10-08-02:13:31; 1791425611.973369; 1791425611.973366; 1; 1672; 0; 0
EST TCP_QUEUE; 2026-10-08-02:13:32; 1791425612.024105; 1791425612.024101; 1; 1672; 0; 0
EST TCP_QUEUE; 2026-10-08-02:13:32; 1791425612.076423; 1791425612.076419; 0; 0; 0; 0
EST TCP_QUEUE; 2026-10-08-02:13:32; 1791425612.121948; 1791425612.121946; 0; 0; 0; 0
EST TCP_QUEUE; 2026-10-08-02:13:32; 1791425612.163774; 1791425612.163772; 0; 0; 0; 0
EST TCP_QUEUE; 2026-10-08-02:13:32; 1791425612.225281; 1791425612.225278; 0; 0; 0; 0
EST TCP_QUEUE; 2026-10-08-02:13:32; 1791425612.302989; 1791425612.302986; 1; 2042; 0; 0
EST TCP_QUEUE; 2026-10-08-02:13:32; 1791425612.364657; 1791425612.364650; 1; 2042; 0; 0
EST TCP_QUEUE; 2026-10-08-02:13:32; 1791425612.418100; 1791425612.418098; 1; 1264; 0; 0
EST TCP_QUEUE; 2026-10-08-02:13:32; 1791425612.461981; 1791425612.461978; 1; 1264; 0; 0
EST TCP_QUEUE; 2026-10-08-02:13:32; 1791425612.512896; 1791425612.512893; 1; 1264; 0; 0
EST TCP_QUEUE; 2026-10-08-02:13:32; 1791425612.570754; 1791425612.570750; 0; 0; 0; 0
EST TCP_QUEUE; 2026-10-08-02:13:32; 1791425612.625202; 1791425612.625199; 0; 0; 0; 0
EST TCP_QUEUE; 2026-10-08-02:13:32; 1791425612.677731; 1791425612.677728; 0; 0; 0; 0
EST TCP_QUEUE; 2026-10-08-02:13:32; 1791425612.730185; 1791425612.730183; 0; 0; 0; 0
EST TCP_QUEUE; 2026-10-08-02:13:32; 1791425612.776096; 1791425612.776093; 0; 0; 0; 0
EST TCP_QUEUE; 2026-10-08-02:13:32; 1791425612.817668; 1791425612.817665; 0; 0; 0; 0
EST TCP_QUEUE; 2026-10-08-02:13:32; 1791425612.875623; 1791425612.875619; 0; 0; 0; 0
EST TCP_QUEUE; 2026-10-08-02:13:32; 1791425612.930072; 1791425612.930066; 0; 0; 0; 0
EST TCP_QUEUE; 2026-10-08-02:13:32; 1791425612.982577; 1791425612.982573; 1; 1104; 0; 0
EST TCP_QUEUE; 2026-10-08-02:13:33; 1791425613.036818; 1791425613.036811; 1; 1104; 0; 0
EST TCP_QUEUE; 2026-10-08-02:13:33; 1791425613.090636; 1791425613.090632; 0; 0; 0; 0
EST TCP_QUEUE; 2026-10-08-02:13:33; 1791425613.131621; 1791425613.131618; 0; 0; 0; 0
EST TCP_QUEUE; 2026-10-08-02:13:33; 1791425613.191419; 1791425613.191415; 0; 0; 0; 0
EST TCP_QUEUE; 2026-10-08-02:13:33; 1791425613.247820; 1791425613.247816; 0; 0; 0; 0
EST TCP_QUEUE; 2026-10-08-02:13:33; 1791425613.300232; 1791425613.300229; 0; 0; 0; 0
EST TCP_QUEUE; 2026-10-08-02:13:33; 1791425613.355183; 1791425613.355177; 0; 0; 0; 0
EST TCP_QUEUE; 2026-10-08-02:13:33; 1791425613.402675; 1791425613.402670; 0; 0; 0; 0
EST TCP_QUEUE; 2026-10-08-02:13:33; 1791425613.446043; 1791425613.446041; 0; 0; 0; 0
EST TCP_QUEUE; 2026-10-08-02:13:33; 1791425613.507610; 1791425613.507606; 1; 626; 0; 0
EST TCP_QUEUE; 2026-10-08-02:13:33; 1791425613.564688; 1791425613.564684; 1; 626; 0; 0
EST TCP_QUEUE; 2026-10-08-02:13:33; 1791425613.622092; 1791425613.622089; 0; 0; 0; 0
EST TCP_QUEUE; 2026-10-08-02:13:33; 1791425613.674332; 1791425613.674329; 0; 0; 0; 0
EST TCP_QUEUE; 2026-10-08-02:13:33; 1791425613.722214; 1791425613.722211; 0; 0; 0; 0
EST TCP_QUEUE; 2026-10-08-02:13:33; 1791425613.772275; 1791425613.772272; 0; 0; 0; 0
EST TCP_QUEUE; 2026-10-08-02:13:33; 1791425613.831584; 1791425613.831579; 0; 0; 0; 0
EST TCP_QUEUE; 2026-10-08-02:13:33; 1791425613.966040; 1791425613.966034; 0; 0; 0; 0
EST TCP_QUEUE; 2026-10-08-02:13:34; 1791425614.016281; 1791425614.016276; 0; 0; 0; 0
EST TCP_QUEUE; 2026-10-08-02:13:34; 1791425614.070659; 1791425614.070654; 1; 1686; 0; 0
EST TCP_QUEUE; 2026-10-08-02:13:34; 1791425614.117156; 1791425614.117150; 1; 1686; 0; 0
EST TCP_QUEUE; 2026-10-08-02:13:34; 1791425614.158177; 1791425614.158173; 1; 1686; 0; 0
EST TCP_QUEUE; 2026-10-08-02:13:34; 1791425614.219737; 1791425614.219733; 0; 0; 0; 0
EST TCP_QUEUE; 2026-10-08-02:13:34; 1791425614.278306; 1791425614.278302; 0; 0; 0; 0
EST TCP_QUEUE; 2026-10-08-02:13:34; 1791425614.330751; 1791425614.330746; 0; 0; 0; 0
EST TCP_QUEUE; 2026-10-08-02:13:34; 1791425614.387130; 1791425614.387125; 1; 190; 0; 0
EST TCP_QUEUE; 2026-10-08-02:13:34; 1791425614.442080; 1791425614.442077; 1; 190; 0; 0
EST TCP_QUEUE; 2026-10-08-02:13:34; 1791425614.483758; 1791425614.483756; 0; 0; 0; 0
EST TCP_QUEUE; 2026-10-08-02:13:34; 1791425614.545777; 1791425614.545772; 1; 813; 0; 0
EST TCP_QUEUE; 2026-10-08-02:13:34; 1791425614.618546; 1791425614.618543; 1; 813; 0; 0
EST TCP_QUEUE; 2026-10-08-02:13:34; 1791425614.669248; 1791425614.669245; 0; 0; 0; 0
EST TCP_QUEUE; 2026-10-08-02:13:34; 1791425614.730146; 1791425614.730138; 0; 0; 0; 0
EST TCP_QUEUE; 2026-10-08-02:13:34; 1791425614.778407; 1791425614.778398; 0; 0; 0; 0
EST TCP_QUEUE; 2026-10-08-02:13:34; 1791425614.819272; 1791425614.819269; 0; 0; 0; 0
EST TCP_QUEUE; 2026-10-08-02:13:34; 1791425614.917625; 1791425614.917622; 0; 0; 0; 0
EST TCP_QUEUE; 2026-10-08-02:13:35; 1791425615.000017; 1791425615.000012; 0; 0; 0; 0
EST TCP_QUEUE; 2026-10-08-02:13:35; 1791425615.052408; 1791425615.052403; 0; 0; 0; 0
EST TCP_QUEUE; 2026-10-08-02:13:35; 1791425615.106650; 1791425615.106644; 1; 2193; 0; 0
EST TCP_QUEUE; 2026-10-08-02:13:35; 1791425615.154378; 1791425615.154372; 1; 2193; 0; 0
EST TCP_QUEUE; 2026-10-08-02:13:35; 1791425615.199128; 1791425615.199121; 1; 2193; 0; 0
EST TCP_QUEUE; 2026-10-08-02:13:35; 1791425615.318839; 1791425615.318837; 0; 0; 0; 0
EST TCP_QUEUE; 2026-10-08-02:13:35; 1791425615.376404; 1791425615.376399; 0; 0; 0; 0
EST TCP_QUEUE; 2026-10-08-02:13:35; 1791425615.435451; 1791425615.435448; 0; 0; 0; 0
EST TCP_QUEUE; 2026-10-08-02:13:35; 1791425615.487885; 1791425615.487882; 0; 0; 0; 0
EST TCP_QUEUE; 2026-10-08-02:13:35; 1791425615.537709; 1791425615.537707; 0; 0; 0; 0
EST TCP_QUEUE; 2026-10-08-02:13:35; 1791425615.605001; 1791425615.604998; 1; 138; 0; 0
EST TCP_QUEUE; 2026-10-08-02:13:35; 1791425615.663022; 1791425615.663019; 1; 138; 0; 0
WAN 02:13:36.168905 IP (tos 0x0, ttl 127, id 14416, offset 0, flags [DF], proto TCP (6), length 64)
WAN     192.168.2.70.13742 > 52.104.123.39.443: Flags [S], cksum 0x454b (correct), seq 3140752450, win 65535, options [mss 1460,nop,wscale 8,nop,nop,sackOK,nop,nop,TS val 3394153729 ecr 0], length 0
LAN 02:13:36.167568 IP (tos 0x0, ttl 128, id 14416, offset 0, flags [DF], proto TCP (6), length 52)
LAN     192.168.56.1.13742 > 52.104.123.39.443: Flags [S], cksum 0xbff7 (correct), seq 3140752450, win 65535, options [mss 1460,nop,wscale 8,nop,nop,sackOK], length 0
WAN 02:13:36.207876 IP (tos 0x0, ttl 116, id 42911, offset 0, flags [DF], proto TCP (6), length 52)
WAN     52.104.123.39.443 > 192.168.2.70.13742: Flags [S.], cksum 0x5a5b (correct), seq 2705390085, ack 3140752451, win 65535, options [mss 1460,nop,wscale 8,nop,nop,sackOK], length 0
LAN 02:13:36.208161 IP (tos 0x0, ttl 115, id 42911, offset 0, flags [DF], proto TCP (6), length 52)
LAN     52.104.123.39.443 > 192.168.56.1.13742: Flags [S.], cksum 0x24a0 (correct), seq 2705390085, ack 3140752451, win 65535, options [mss 1460,nop,wscale 8,nop,nop,sackOK], length 0
EST TCP_QUEUE; 2026-10-08-02:13:35; 1791425615.722330; 1791425615.722316; 0; 0; 0; 0
EST TCP_QUEUE; 2026-10-08-02:13:35; 1791425615.769049; 1791425615.769047; 0; 0; 0; 0
EST TCP_QUEUE; 2026-10-08-02:13:35; 1791425615.821487; 1791425615.821484; 0; 0; 0; 0
EST TCP_QUEUE; 2026-10-08-02:13:35; 1791425615.920594; 1791425615.920589; 0; 0; 0; 0
EST TCP_QUEUE; 2026-10-08-02:13:35; 1791425615.982069; 1791425615.982064; 1; 1452; 0; 0
EST TCP_QUEUE; 2026-10-08-02:13:36; 1791425616.039255; 1791425616.039250; 1; 1452; 0; 0
EST TCP_QUEUE; 2026-10-08-02:13:36; 1791425616.096060; 1791425616.096056; 0; 0; 0; 0
EST TCP_QUEUE; 2026-10-08-02:13:36; 1791425616.146232; 1791425616.146227; 0; 0; 0; 0
EST TCP_QUEUE; 2026-10-08-02:13:36; 1791425616.200715; 1791425616.200711; 1; 2150; 0; 0
EST TCP_QUEUE; 2026-10-08-02:13:36; 1791425616.245745; 1791425616.245742; 1; 2150; 0; 0
EST TCP_QUEUE; 2026-10-08-02:13:36; 1791425616.289408; 1791425616.289405; 0; 0; 0; 0
EST TCP_QUEUE; 2026-10-08-02:13:36; 1791425616.349121; 1791425616.349118; 0; 0; 0; 0
EST TCP_QUEUE; 2026-10-08-02:13:36; 1791425616.406601; 1791425616.406593; 0; 0; 0; 0
EST TCP_QUEUE; 2026-10-08-02:13:36; 1791425616.485968; 1791425616.485959; 0; 0; 0; 0
EST TCP_QUEUE; 2026-10-08-02:13:36; 1791425616.537448; 1791425616.537445; 1; 1166; 0; 0
EST TCP_QUEUE; 2026-10-08-02:13:36; 1791425616.585447; 1791425616.585444; 1; 1166; 0; 0
EST TCP_QUEUE; 2026-10-08-02:13:36; 1791425616.636393; 1791425616.636391; 1; 255; 0; 0
EST TCP_QUEUE; 2026-10-08-02:13:36; 1791425616.694123; 1791425616.694121; 1; 255; 0; 0
EST TCP_QUEUE; 2026-10-08-02:13:36; 1791425616.750451; 1791425616.750448; 1; 255; 0; 0
EST TCP_QUEUE; 2026-10-08-02:13:36; 1791425616.801240; 1791425616.801237; 1; 945; 0; 0
EST TCP_QUEUE; 2026-10-08-02:13:36; 1791425616.880411; 1791425616.880408; 1; 945; 0; 0
EST TCP_QUEUE; 2026-10-08-02:13:36; 1791425616.926745; 1791425616.926743; 1; 1142; 1; 0
EST TCP_QUEUE; 2026-10-08-02:13:36; 1791425616.971934; 1791425616.971931; 1; 1142; 1; 0
EST TCP_QUEUE; 2026-10-08-02:13:37; 1791425617.029787; 1791425617.029784; 1; 1142; 1; 0
EST TCP_QUEUE; 2026-10-08-02:13:37; 1791425617.086380; 1791425617.086377; 0; 0; 0; 0
EST TCP_QUEUE; 2026-10-08-02:13:37; 1791425617.136334; 1791425617.136331; 0; 0; 0; 0
EST TCP_QUEUE; 2026-10-08-02:13:37; 1791425617.212680; 1791425617.212677; 0; 0; 0; 0
EST TCP_QUEUE; 2026-10-08-02:13:37; 1791425617.257746; 1791425617.257743; 1; 1243; 0; 0
EST TCP_QUEUE; 2026-10-08-02:13:37; 1791425617.305424; 1791425617.305421; 1; 1243; 0; 0
EST TCP_QUEUE; 2026-10-08-02:13:37; 1791425617.362457; 1791425617.362452; 1; 1243; 0; 0
EST TCP_QUEUE; 2026-10-08-02:13:37; 1791425617.419709; 1791425617.419705; 1; 465; 0; 0
EST TCP_QUEUE; 2026-10-08-02:13:37; 1791425617.481070; 1791425617.481067; 1; 768; 0; 0
EST TCP_QUEUE; 2026-10-08-02:13:37; 1791425617.525263; 1791425617.525260; 1; 1796; 0; 0
EST TCP_QUEUE; 2026-10-08-02:13:37; 1791425617.573977; 1791425617.573975; 1; 1796; 0; 0
EST TCP_QUEUE; 2026-10-08-02:13:37; 1791425617.617083; 1791425617.617081; 1; 1796; 0; 0
EST TCP_QUEUE; 2026-10-08-02:13:37; 1791425617.673326; 1791425617.673323; 1; 367; 0; 0
EST TCP_QUEUE; 2026-10-08-02:13:37; 1791425617.773156; 1791425617.773152; 1; 688; 0; 0
EST TCP_QUEUE; 2026-10-08-02:13:37; 1791425617.827090; 1791425617.827087; 1; 688; 0; 0
EST TCP_QUEUE; 2026-10-08-02:13:37; 1791425617.924112; 1791425617.924108; 0; 0; 0; 0
EST TCP_QUEUE; 2026-10-08-02:13:37; 1791425617.977169; 1791425617.977166; 0; 0; 0; 0
EST TCP_QUEUE; 2026-10-08-02:13:38; 1791425618.018753; 1791425618.018751; 0; 0; 0; 0
EST TCP_QUEUE; 2026-10-08-02:13:38; 1791425618.080461; 1791425618.080458; 0; 0; 0; 0
EST TCP_QUEUE; 2026-10-08-02:13:38; 1791425618.131067; 1791425618.131064; 0; 0; 0; 0
EST TCP_QUEUE; 2026-10-08-02:13:38; 1791425618.183410; 1791425618.183408; 0; 0; 0; 0
EST TCP_QUEUE; 2026-10-08-02:13:38; 1791425618.239797; 1791425618.239794; 0; 0; 0; 0
EST TCP_QUEUE; 2026-10-08-02:13:38; 1791425618.286552; 1791425618.286549; 1; 1003; 0; 0
EST TCP_QUEUE; 2026-10-08-02:13:38; 1791425618.327263; 1791425618.327261; 1; 1003; 0; 0
EST TCP_QUEUE; 2026-10-08-02:13:38; 1791425618.385232; 1791425618.385229; 1; 1003; 0; 0
EST TCP_QUEUE; 2026-10-08-02:13:38; 1791425618.444226; 1791425618.444221; 1; 1003; 0; 0
EST TCP_QUEUE; 2026-10-08-02:13:38; 1791425618.499793; 1791425618.499789; 1; 2156; 0; 0
EST TCP_QUEUE; 2026-10-08-02:13:38; 1791425618.556720; 1791425618.556717; 1; 930; 0; 0
EST TCP_QUEUE; 2026-10-08-02:13:38; 1791425618.602275; 1791425618.602272; 1; 930; 0; 0
EST TCP_QUEUE; 2026-10-08-02:13:38; 1791425618.645786; 1791425618.645782; 1; 930; 0; 0
EST TCP_QUEUE; 2026-10-08-02:13:38; 1791425618.703345; 1791425618.703343; 1; 570; 1; 811
EST TCP_QUEUE; 2026-10-08-02:13:38; 1791425618.761271; 1791425618.761269; 1; 570; 1; 811
EST TCP_QUEUE; 2026-10-08-02:13:38; 1791425618.811933; 1791425618.811930; 1; 570; 1; 811
EST TCP_QUEUE; 2026-10-08-02:13:38; 1791425618.866247; 1791425618.866244; 1; 570; 1; 811
EST TCP_QUEUE; 2026-10-08-02:13:38; 1791425618.912478; 1791425618.912475; 0; 0; 0; 0
EST TCP_QUEUE; 2026-10-08-02:13:38; 1791425618.958225; 1791425618.958223; 0; 0; 0; 0
EST TCP_QUEUE; 2026-10-08-02:13:39; 1791425619.016229; 1791425619.016226; 1; 952; 0; 0
EST TCP_QUEUE; 2026-10-08-02:13:39; 1791425619.072156; 1791425619.072153; 1; 952; 0; 0
EST TCP_QUEUE; 2026-10-08-02:13:39; 1791425619.122736; 1791425619.122731; 1; 952; 0; 0
EST TCP_QUEUE; 2026-10-08-02:13:39; 1791425619.184455; 1791425619.184449; 0; 0; 0; 0
EST TCP_QUEUE; 2026-10-08-02:13:39; 1791425619.233657; 1791425619.233652; 0; 0; 0; 0
EST TCP_QUEUE; 2026-10-08-02:13:39; 1791425619.273674; 1791425619.273671; 0; 0; 0; 0
EST TCP_QUEUE; 2026-10-08-02:13:39; 1791425619.331843; 1791425619.331841; 0; 0; 0; 0
EST TCP_QUEUE; 2026-10-08-02:13:39; 1791425619.388054; 1791425619.388051; 1; 1447; 0; 0
EST TCP_QUEUE; 2026-10-08-02:13:39; 1791425619.444426; 1791425619.444423; 1; 1447; 0; 0
EST TCP_QUEUE; 2026-10-08-02:13:39; 1791425619.502691; 1791425619.502688; 1; 899; 0; 0
EST TCP_QUEUE; 2026-10-08-02:13:39; 1791425619.588386; 1791425619.588384; 0; 0; 0; 0
EST TCP_QUEUE; 2026-10-08-02:13:39; 1791425619.630778; 1791425619.630775; 0; 0; 0; 0
EST TCP_QUEUE; 2026-10-08-02:13:39; 1791425619.690480; 1791425619.690478; 0; 0; 0; 0
EST TCP_QUEUE; 2026-10-08-02:13:39; 1791425619.744766; 1791425619.744763; 1; 424; 0; 0
EST TCP_QUEUE; 2026-10-08-02:13:39; 1791425619.795255; 1791425619.795253; 1; 424; 0; 0
EST TCP_QUEUE; 2026-10-08-02:13:39; 1791425619.848191; 1791425619.848188; 1; 424; 0; 0
EST TCP_QUEUE; 2026-10-08-02:13:39; 1791425619.893619; 1791425619.893617; 0; 0; 0; 0
EST TCP_QUEUE; 2026-10-08-02:13:39; 1791425619.945121; 1791425619.945118; 0; 0; 0; 0
EST TCP_QUEUE; 2026-10-08-02:13:40; 1791425620.005185; 1791425620.005181; 0; 0; 0; 0
EST TCP_QUEUE; 2026-10-08-02:13:40; 1791425620.068881; 1791425620.068877; 0; 0; 0; 0
EST TCP_QUEUE; 2026-10-08-02:13:40; 1791425620.127075; 1791425620.127070; 0; 0; 0; 0
WAN 02:13:41.644714 IP (tos 0x0, ttl 127, id 13336, offset 0, flags [DF], proto TCP (6), length 64)
WAN     192.168.2.70.44868 > 52.123.129.14.443: Flags [S], cksum 0x0178 (correct), seq 1985027432, win 65535, options [mss 1460,nop,wscale 8,nop,nop,sackOK,nop,nop,TS val 3394153729 ecr 0], length 0
WAN 02:13:41.664286 IP (tos 0x0, ttl 119, id 50461, offset 0, flags [DF], proto TCP (6), length 52)
WAN     52.123.129.14.443 > 192.168.2.70.44868: Flags [S.], cksum 0xfe3f (correct), seq 2082486146, ack 1985027433, win 65535, options [mss 1440,nop,wscale 8,nop,nop,sackOK], length 0
WAN 02:13:41.666556 IP (tos 0x0, ttl 127, id 13338, offset 0, flags [DF], proto TCP (6), length 64)
WAN     192.168.2.70.44869 > 52.123.129.14.443: Flags [S], cksum 0x97f4 (correct), seq 1796051502, win 65535, options [mss 1460,nop,wscale 8,nop,nop,sackOK,nop,nop,TS val 3394153729 ecr 0], length 0
WAN 02:13:41.687028 IP (tos 0x0, ttl 120, id 36713, offset 0, flags [DF], proto TCP (6), length 52)
WAN     52.123.129.14.443 > 192.168.2.70.44869: Flags [S.], cksum 0xdb2a (correct), seq 243359411, ack 1796051503, win 65535, options [mss 1440,nop,wscale 8,nop,nop,sackOK], length 0
LAN 02:13:41.644381 IP (tos 0x0, ttl 128, id 13336, offset 0, flags [DF], proto TCP (6), length 52)
LAN     192.168.56.1.44868 > 52.123.129.14.443: Flags [S], cksum 0x7c24 (correct), seq 1985027432, win 65535, options [mss 1460,nop,wscale 8,nop,nop,sackOK], length 0
LAN 02:13:41.664628 IP (tos 0x0, ttl 118, id 50461, offset 0, flags [DF], proto TCP (6), length 52)
LAN     52.123.129.14.443 > 192.168.56.1.44868: Flags [S.], cksum 0xc884 (correct), seq 2082486146, ack 1985027433, win 65535, options [mss 1440,nop,wscale 8,nop,nop,sackOK], length 0
LAN 02:13:41.666267 IP (tos 0x0, ttl 128, id 13338, offset 0, flags [DF], proto TCP (6), length 52)
LAN     192.168.56.1.44869 > 52.123.129.14.443: Flags [S], cksum 0x12a1 (correct), seq 1796051502, win 65535, options [mss 1460,nop,wscale 8,nop,nop,sackOK], length 0
LAN 02:13:41.687302 IP (tos 0x0, ttl 119, id 36713, offset 0, flags [DF], proto TCP (6), length 52)
LAN     52.123.129.14.443 > 192.168.56.1.44869: Flags [S.], cksum 0xa56f (correct), seq 243359411, ack 1796051503, win 65535, options [mss 1440,nop,wscale 8,nop,nop,sackOK], length 0
WAN 02:13:41.838311 IP (tos 0x0, ttl 127, id 13359, offset 0, flags [DF], proto TCP (6), length 64)
WAN     192.168.2.70.44870 > 52.123.129.14.443: Flags [S], cksum 0x18f5 (correct), seq 3587221097, win 65535, options [mss 1460,nop,wscale 8,nop,nop,sackOK,nop,nop,TS val 3394153729 ecr 0], length 0
WAN 02:13:41.847086 IP (tos 0x0, ttl 127, id 13360, offset 0, flags [DF], proto TCP (6), length 64)
WAN     192.168.2.70.44871 > 52.123.129.14.443: Flags [S], cksum 0x2883 (correct), seq 3748760889, win 65535, options [mss 1460,nop,wscale 8,nop,nop,sackOK,nop,nop,TS val 3394153729 ecr 0], length 0
WAN 02:13:41.858067 IP (tos 0x0, ttl 120, id 55041, offset 0, flags [DF], proto TCP (6), length 52)
WAN     52.123.129.14.443 > 192.168.2.70.44870: Flags [S.], cksum 0x8913 (correct), seq 673060910, ack 3587221098, win 65535, options [mss 1440,nop,wscale 8,nop,nop,sackOK], length 0
WAN 02:13:41.867895 IP (tos 0x0, ttl 119, id 12216, offset 0, flags [DF], proto TCP (6), length 52)
WAN     52.123.129.14.443 > 192.168.2.70.44871: Flags [S.], cksum 0x50b3 (correct), seq 3324690959, ack 3748760890, win 65535, options [mss 1440,nop,wscale 8,nop,nop,sackOK], length 0
LAN 02:13:41.837080 IP (tos 0x0, ttl 128, id 13359, offset 0, flags [DF], proto TCP (6), length 52)
LAN     192.168.56.1.44870 > 52.123.129.14.443: Flags [S], cksum 0x93a1 (correct), seq 3587221097, win 65535, options [mss 1460,nop,wscale 8,nop,nop,sackOK], length 0
LAN 02:13:41.846828 IP (tos 0x0, ttl 128, id 13360, offset 0, flags [DF], proto TCP (6), length 52)
LAN     192.168.56.1.44871 > 52.123.129.14.443: Flags [S], cksum 0xa32f (correct), seq 3748760889, win 65535, options [mss 1460,nop,wscale 8,nop,nop,sackOK], length 0
LAN 02:13:41.858379 IP (tos 0x0, ttl 119, id 55041, offset 0, flags [DF], proto TCP (6), length 52)
LAN     52.123.129.14.443 > 192.168.56.1.44870: Flags [S.], cksum 0x5358 (correct), seq 673060910, ack 3587221098, win 65535, options [mss 1440,nop,wscale 8,nop,nop,sackOK], length 0
LAN 02:13:41.868326 IP (tos 0x0, ttl 118, id 12216, offset 0, flags [DF], proto TCP (6), length 52)
LAN     52.123.129.14.443 > 192.168.56.1.44871: Flags [S.], cksum 0x1af8 (correct), seq 3324690959, ack 3748760890, win 65535, options [mss 1440,nop,wscale 8,nop,nop,sackOK], length 0
EST TCP_QUEUE; 2026-10-08-02:13:40; 1791425620.216619; 1791425620.216614; 0; 0; 0; 0
EST TCP_QUEUE; 2026-10-08-02:13:40; 1791425620.268807; 1791425620.268802; 0; 0; 0; 0
EST TCP_QUEUE; 2026-10-08-02:13:40; 1791425620.312231; 1791425620.312229; 0; 0; 0; 0
EST TCP_QUEUE; 2026-10-08-02:13:40; 1791425620.368081; 1791425620.368078; 0; 0; 0; 0
EST TCP_QUEUE; 2026-10-08-02:13:40; 1791425620.425738; 1791425620.425734; 1; 1572; 0; 0
EST TCP_QUEUE; 2026-10-08-02:13:40; 1791425620.491567; 1791425620.491563; 1; 1572; 0; 0
EST TCP_QUEUE; 2026-10-08-02:13:40; 1791425620.546165; 1791425620.546162; 1; 1572; 0; 0
EST TCP_QUEUE; 2026-10-08-02:13:40; 1791425620.619348; 1791425620.619343; 0; 0; 0; 0
EST TCP_QUEUE; 2026-10-08-02:13:40; 1791425620.668809; 1791425620.668805; 0; 0; 0; 0
EST TCP_QUEUE; 2026-10-08-02:13:40; 1791425620.726480; 1791425620.726475; 1; 1071; 0; 0
EST TCP_QUEUE; 2026-10-08-02:13:40; 1791425620.790627; 1791425620.790624; 1; 532; 0; 0
EST TCP_QUEUE; 2026-10-08-02:13:40; 1791425620.841048; 1791425620.841045; 1; 532; 0; 0
EST TCP_QUEUE; 2026-10-08-02:13:40; 1791425620.899071; 1791425620.899069; 1; 532; 0; 0
EST TCP_QUEUE; 2026-10-08-02:13:40; 1791425620.945277; 1791425620.945275; 1; 532; 0; 0
EST TCP_QUEUE; 2026-10-08-02:13:40; 1791425620.992936; 1791425620.992931; 1; 751; 0; 0
EST TCP_QUEUE; 2026-10-08-02:13:41; 1791425621.064767; 1791425621.064762; 1; 751; 0; 0
EST TCP_QUEUE; 2026-10-08-02:13:41; 1791425621.130473; 1791425621.130469; 0; 0; 0; 0
EST TCP_QUEUE; 2026-10-08-02:13:41; 1791425621.188842; 1791425621.188837; 0; 0; 0; 0
EST TCP_QUEUE; 2026-10-08-02:13:41; 1791425621.244496; 1791425621.244493; 0; 0; 0; 0
EST TCP_QUEUE; 2026-10-08-02:13:41; 1791425621.292117; 1791425621.292115; 0; 0; 0; 0
EST TCP_QUEUE; 2026-10-08-02:13:41; 1791425621.337669; 1791425621.337666; 0; 0; 0; 0
EST TCP_QUEUE; 2026-10-08-02:13:41; 1791425621.393414; 1791425621.393412; 0; 0; 0; 0
EST TCP_QUEUE; 2026-10-08-02:13:41; 1791425621.447814; 1791425621.447812; 1; 696; 0; 0
EST TCP_QUEUE; 2026-10-08-02:13:41; 1791425621.498011; 1791425621.498009; 1; 641; 0; 0
EST TCP_QUEUE; 2026-10-08-02:13:41; 1791425621.564514; 1791425621.564512; 1; 868; 1; 1750
EST TCP_QUEUE; 2026-10-08-02:13:41; 1791425621.610141; 1791425621.610137; 1; 868; 1; 1750
EST TCP_QUEUE; 2026-10-08-02:13:41; 1791425621.653889; 1791425621.653887; 1; 868; 1; 1750
EST TCP_QUEUE; 2026-10-08-02:13:41; 1791425621.711462; 1791425621.711459; 1; 1750; 0; 0
EST TCP_QUEUE; 2026-10-08-02:13:41; 1791425621.765794; 1791425621.765791; 1; 1750; 0; 0
EST TCP_QUEUE; 2026-10-08-02:13:41; 1791425621.816867; 1791425621.816864; 1; 296; 0; 0
EST TCP_QUEUE; 2026-10-08-02:13:41; 1791425621.871228; 1791425621.871225; 1; 824; 0; 0
EST TCP_QUEUE; 2026-10-08-02:13:41; 1791425621.916930; 1791425621.916927; 1; 824; 0; 0
EST TCP_QUEUE; 2026-10-08-02:13:41; 1791425621.957577; 1791425621.957573; 1; 824; 0; 0
EST TCP_QUEUE; 2026-10-08-02:13:42; 1791425622.016860; 1791425622.016856; 1; 824; 0; 0
EST TCP_QUEUE; 2026-10-08-02:13:42; 1791425622.069958; 1791425622.069955; 0; 0; 0; 0
EST TCP_QUEUE; 2026-10-08-02:13:42; 1791425622.120473; 1791425622.120470; 0; 0; 0; 0
EST TCP_QUEUE; 2026-10-08-02:13:42; 1791425622.200811; 1791425622.200809; 0; 0; 0; 0
EST TCP_QUEUE; 2026-10-08-02:13:42; 1791425622.246161; 1791425622.246157; 0; 0; 0; 0
EST TCP_QUEUE; 2026-10-08-02:13:42; 1791425622.289716; 1791425622.289713; 0; 0; 0; 0
EST TCP_QUEUE; 2026-10-08-02:13:42; 1791425622.353319; 1791425622.353317; 0; 0; 0; 0
EST TCP_QUEUE; 2026-10-08-02:13:42; 1791425622.403771; 1791425622.403768; 0; 0; 0; 0
EST TCP_QUEUE; 2026-10-08-02:13:42; 1791425622.458253; 1791425622.458251; 0; 0; 0; 0
EST TCP_QUEUE; 2026-10-08-02:13:42; 1791425622.510574; 1791425622.510572; 0; 0; 0; 0
EST TCP_QUEUE; 2026-10-08-02:13:42; 1791425622.558292; 1791425622.558289; 0; 0; 0; 0
EST TCP_QUEUE; 2026-10-08-02:13:42; 1791425622.599797; 1791425622.599794; 1; 1091; 0; 0
EST TCP_QUEUE; 2026-10-08-02:13:42; 1791425622.659714; 1791425622.659712; 1; 1091; 0; 0
EST TCP_QUEUE; 2026-10-08-02:13:42; 1791425622.716725; 1791425622.716723; 1; 1091; 0; 0
EST TCP_QUEUE; 2026-10-08-02:13:42; 1791425622.768667; 1791425622.768664; 0; 0; 0; 0
EST TCP_QUEUE; 2026-10-08-02:13:42; 1791425622.820775; 1791425622.820772; 0; 0; 0; 0
EST TCP_QUEUE; 2026-10-08-02:13:42; 1791425622.868505; 1791425622.868330; 0; 0; 0; 0
EST TCP_QUEUE; 2026-10-08-02:13:42; 1791425622.909388; 1791425622.909385; 0; 0; 0; 0
EST TCP_QUEUE; 2026-10-08-02:13:42; 1791425622.967223; 1791425622.967221; 1; 921; 0; 0
EST TCP_QUEUE; 2026-10-08-02:13:43; 1791425623.025338; 1791425623.025335; 1; 921; 0; 0
EST TCP_QUEUE; 2026-10-08-02:13:43; 1791425623.075835; 1791425623.075833; 0; 0; 0; 0
EST TCP_QUEUE; 2026-10-08-02:13:43; 1791425623.128355; 1791425623.128352; 0; 0; 0; 0
EST TCP_QUEUE; 2026-10-08-02:13:43; 1791425623.180421; 1791425623.180418; 0; 0; 0; 0
EST TCP_QUEUE; 2026-10-08-02:13:43; 1791425623.223643; 1791425623.223639; 0; 0; 0; 0
EST TCP_QUEUE; 2026-10-08-02:13:43; 1791425623.289093; 1791425623.289090; 0; 0; 0; 0
EST TCP_QUEUE; 2026-10-08-02:13:43; 1791425623.345516; 1791425623.345511; 0; 0; 0; 0
EST TCP_QUEUE; 2026-10-08-02:13:43; 1791425623.397516; 1791425623.397514; 0; 0; 0; 0
EST TCP_QUEUE; 2026-10-08-02:13:43; 1791425623.448410; 1791425623.448408; 0; 0; 0; 0
EST TCP_QUEUE; 2026-10-08-02:13:43; 1791425623.499916; 1791425623.499914; 0; 0; 0; 0
EST TCP_QUEUE; 2026-10-08-02:13:43; 1791425623.543362; 1791425623.543360; 0; 0; 0; 0
EST TCP_QUEUE; 2026-10-08-02:13:43; 1791425623.609268; 1791425623.609265; 0; 0; 0; 0
EST TCP_QUEUE; 2026-10-08-02:13:43; 1791425623.672990; 1791425623.672987; 0; 0; 0; 0
EST TCP_QUEUE; 2026-10-08-02:13:43; 1791425623.725128; 1791425623.725126; 1; 1204; 0; 0
EST TCP_QUEUE; 2026-10-08-02:13:43; 1791425623.782065; 1791425623.782062; 1; 1204; 0; 0
EST TCP_QUEUE; 2026-10-08-02:13:43; 1791425623.823702; 1791425623.823700; 1; 1204; 0; 0
EST TCP_QUEUE; 2026-10-08-02:13:43; 1791425623.866716; 1791425623.866712; 0; 0; 0; 0
EST TCP_QUEUE; 2026-10-08-02:13:43; 1791425623.923186; 1791425623.923184; 0; 0; 0; 0
EST TCP_QUEUE; 2026-10-08-02:13:43; 1791425623.979329; 1791425623.979326; 0; 0; 0; 0
EST TCP_QUEUE; 2026-10-08-02:13:44; 1791425624.030277; 1791425624.030275; 1; 95; 0; 0
EST TCP_QUEUE; 2026-10-08-02:13:44; 1791425624.084215; 1791425624.084212; 1; 95; 0; 0
EST TCP_QUEUE; 2026-10-08-02:13:44; 1791425624.132452; 1791425624.132449; 1; 95; 0; 0
EST TCP_QUEUE; 2026-10-08-02:13:44; 1791425624.173627; 1791425624.173624; 0; 0; 0; 0
EST TCP_QUEUE; 2026-10-08-02:13:44; 1791425624.233232; 1791425624.233229; 0; 0; 0; 0
EST TCP_QUEUE; 2026-10-08-02:13:44; 1791425624.289508; 1791425624.289505; 0; 0; 0; 0
EST TCP_QUEUE; 2026-10-08-02:13:44; 1791425624.347085; 1791425624.347079; 0; 0; 0; 0
EST TCP_QUEUE; 2026-10-08-02:13:44; 1791425624.400006; 1791425624.399994; 0; 0; 0; 0
EST TCP_QUEUE; 2026-10-08-02:13:44; 1791425624.442907; 1791425624.442903; 0; 0; 0; 0
EST TCP_QUEUE; 2026-10-08-02:13:44; 1791425624.488482; 1791425624.488478; 0; 0; 0; 0
EST TCP_QUEUE; 2026-10-08-02:13:44; 1791425624.545567; 1791425624.545564; 0; 0; 0; 0
EST TCP_QUEUE; 2026-10-08-02:13:44; 1791425624.601898; 1791425624.601896; 0; 0; 0; 0
EST TCP_QUEUE; 2026-10-08-02:13:44; 1791425624.689248; 1791425624.689245; 0; 0; 0; 0
EST TCP_QUEUE; 2026-10-08-02:13:44; 1791425624.761467; 1791425624.761465; 0; 0; 0; 0
EST TCP_QUEUE; 2026-10-08-02:13:44; 1791425624.808668; 1791425624.808666; 1; 638; 0; 0
EST TCP_QUEUE; 2026-10-08-02:13:44; 1791425624.852146; 1791425624.852142; 1; 638; 0; 0
EST TCP_QUEUE; 2026-10-08-02:13:44; 1791425624.912167; 1791425624.912164; 1; 638; 0; 0
EST TCP_QUEUE; 2026-10-08-02:13:44; 1791425624.966666; 1791425624.966663; 0; 0; 0; 0
EST TCP_QUEUE; 2026-10-08-02:13:45; 1791425625.017168; 1791425625.017165; 0; 0; 0; 0
EST TCP_QUEUE; 2026-10-08-02:13:45; 1791425625.105054; 1791425625.105049; 0; 0; 0; 0
EST TCP_QUEUE; 2026-10-08-02:13:45; 1791425625.151065; 1791425625.151060; 1; 1115; 0; 0
EST TCP_QUEUE; 2026-10-08-02:13:45; 1791425625.194781; 1791425625.194776; 1; 1115; 0; 0
EST TCP_QUEUE; 2026-10-08-02:13:45; 1791425625.252635; 1791425625.252629; 1; 1115; 0; 0
EST TCP_QUEUE; 2026-10-08-02:13:45; 1791425625.307278; 1791425625.307272; 0; 0; 0; 0
EST TCP_QUEUE; 2026-10-08-02:13:45; 1791425625.358592; 1791425625.358589; 0; 0; 0; 0
EST TCP_QUEUE; 2026-10-08-02:13:45; 1791425625.411129; 1791425625.411126; 0; 0; 0; 0
EST TCP_QUEUE; 2026-10-08-02:13:45; 1791425625.464561; 1791425625.464558; 0; 0; 0; 0
EST TCP_QUEUE; 2026-10-08-02:13:45; 1791425625.506072; 1791425625.506068; 0; 0; 0; 0
EST TCP_QUEUE; 2026-10-08-02:13:45; 1791425625.567937; 1791425625.567934; 0; 0; 0; 0
EST TCP_QUEUE; 2026-10-08-02:13:45; 1791425625.621945; 1791425625.621942; 0; 0; 0; 0
EST TCP_QUEUE; 2026-10-08-02:13:45; 1791425625.706865; 1791425625.706862; 0; 0; 0; 0
WAN 02:13:46.763365 IP (tos 0x0, ttl 127, id 49216, offset 0, flags [DF], proto TCP (6), length 64)
WAN     192.168.2.70.44874 > 4.150.223.114.443: Flags [S], cksum 0x9a95 (correct), seq 902403661, win 65535, options [mss 1460,nop,wscale 8,nop,nop,sackOK,nop,nop,TS val 3394153729 ecr 0], length 0
WAN 02:13:46.793218 IP (tos 0x0, ttl 114, id 41597, offset 0, flags [DF], proto TCP (6), length 60)
WAN     4.150.223.114.443 > 192.168.2.70.44874: Flags [S.], cksum 0x84de (correct), seq 4145013458, ack 902403662, win 65535, options [mss 1440,nop,wscale 8,sackOK,TS val 251870938 ecr 3394153729], length 0
LAN 02:13:46.762920 IP (tos 0x0, ttl 128, id 49216, offset 0, flags [DF], proto TCP (6), length 52)
LAN     192.168.56.1.44874 > 4.150.223.114.443: Flags [S], cksum 0x1542 (correct), seq 902403661, win 65535, options [mss 1460,nop,wscale 8,nop,nop,sackOK], length 0
LAN 02:13:46.793515 IP (tos 0x0, ttl 113, id 41597, offset 0, flags [DF], proto TCP (6), length 60)
LAN     4.150.223.114.443 > 192.168.56.1.44874: Flags [S.], cksum 0x1756 (correct), seq 4145013458, ack 902403662, win 65535, options [mss 1440,nop,wscale 8,sackOK,nop,nop,nop,nop,nop,nop,nop,nop,nop,nop], length 0
EST TCP_QUEUE; 2026-10-08-02:13:45; 1791425625.760976; 1791425625.760974; 0; 0; 0; 0
EST TCP_QUEUE; 2026-10-08-02:13:45; 1791425625.807248; 1791425625.807246; 0; 0; 0; 0
EST TCP_QUEUE; 2026-10-08-02:13:45; 1791425625.850083; 1791425625.850080; 1; 592; 0; 0
EST TCP_QUEUE; 2026-10-08-02:13:45; 1791425625.909940; 1791425625.909937; 1; 592; 0; 0
EST TCP_QUEUE; 2026-10-08-02:13:45; 1791425625.964391; 1791425625.964388; 1; 592; 0; 0
EST TCP_QUEUE; 2026-10-08-02:13:46; 1791425626.017512; 1791425626.017508; 0; 0; 0; 0
EST TCP_QUEUE; 2026-10-08-02:13:46; 1791425626.083976; 1791425626.083973; 1; 1060; 0; 0
EST TCP_QUEUE; 2026-10-08-02:13:46; 1791425626.139661; 1791425626.139655; 1; 1060; 0; 0
EST TCP_QUEUE; 2026-10-08-02:13:46; 1791425626.187306; 1791425626.187297; 1; 1501; 0; 0
EST TCP_QUEUE; 2026-10-08-02:13:46; 1791425626.245548; 1791425626.245545; 1; 1501; 0; 0
EST TCP_QUEUE; 2026-10-08-02:13:46; 1791425626.300182; 1791425626.300179; 1; 836; 0; 0
EST TCP_QUEUE; 2026-10-08-02:13:46; 1791425626.359952; 1791425626.359949; 1; 836; 0; 0
EST TCP_QUEUE; 2026-10-08-02:13:46; 1791425626.412709; 1791425626.412706; 0; 0; 0; 0
EST TCP_QUEUE; 2026-10-08-02:13:46; 1791425626.461189; 1791425626.461185; 0; 0; 0; 0
EST TCP_QUEUE; 2026-10-08-02:13:46; 1791425626.501997; 1791425626.501995; 0; 0; 0; 0
EST TCP_QUEUE; 2026-10-08-02:13:46; 1791425626.561778; 1791425626.561774; 0; 0; 0; 0
EST TCP_QUEUE; 2026-10-08-02:13:46; 1791425626.616050; 1791425626.616048; 0; 0; 0; 0
EST TCP_QUEUE; 2026-10-08-02:13:46; 1791425626.668472; 1791425626.668468; 0; 0; 0; 0
EST TCP_QUEUE; 2026-10-08-02:13:46; 1791425626.727489; 1791425626.727486; 0; 0; 0; 0
EST TCP_QUEUE; 2026-10-08-02:13:46; 1791425626.784244; 1791425626.784241; 1; 1569; 0; 0
EST TCP_QUEUE; 2026-10-08-02:13:46; 1791425626.824125; 1791425626.824123; 1; 440; 0; 0
EST TCP_QUEUE; 2026-10-08-02:13:46; 1791425626.881888; 1791425626.881884; 1; 440; 0; 0
EST TCP_QUEUE; 2026-10-08-02:13:46; 1791425626.938009; 1791425626.938006; 1; 440; 0; 0
EST TCP_QUEUE; 2026-10-08-02:13:46; 1791425626.990322; 1791425626.990319; 1; 767; 0; 0
EST TCP_QUEUE; 2026-10-08-02:13:47; 1791425627.045002; 1791425627.044999; 1; 767; 0; 0
EST TCP_QUEUE; 2026-10-08-02:13:47; 1791425627.096459; 1791425627.096457; 0; 0; 0; 0
EST TCP_QUEUE; 2026-10-08-02:13:47; 1791425627.151386; 1791425627.151384; 0; 0; 0; 0
EST TCP_QUEUE; 2026-10-08-02:13:47; 1791425627.203549; 1791425627.203545; 0; 0; 0; 0
EST TCP_QUEUE; 2026-10-08-02:13:47; 1791425627.263738; 1791425627.263736; 1; 730; 0; 0
EST TCP_QUEUE; 2026-10-08-02:13:47; 1791425627.316669; 1791425627.316666; 1; 730; 0; 0
EST TCP_QUEUE; 2026-10-08-02:13:47; 1791425627.370688; 1791425627.370686; 0; 0; 0; 0
EST TCP_QUEUE; 2026-10-08-02:13:47; 1791425627.418559; 1791425627.418556; 0; 0; 0; 0
EST TCP_QUEUE; 2026-10-08-02:13:47; 1791425627.457846; 1791425627.457844; 0; 0; 0; 0
EST TCP_QUEUE; 2026-10-08-02:13:47; 1791425627.520070; 1791425627.520067; 0; 0; 0; 0
EST TCP_QUEUE; 2026-10-08-02:13:47; 1791425627.611006; 1791425627.611002; 0; 0; 0; 0
EST TCP_QUEUE; 2026-10-08-02:13:47; 1791425627.698293; 1791425627.698290; 0; 0; 0; 0
EST TCP_QUEUE; 2026-10-08-02:13:47; 1791425627.785822; 1791425627.785820; 0; 0; 0; 0
EST TCP_QUEUE; 2026-10-08-02:13:47; 1791425627.849685; 1791425627.849681; 0; 0; 0; 0
EST TCP_QUEUE; 2026-10-08-02:13:47; 1791425627.891189; 1791425627.891186; 0; 0; 0; 0
EST TCP_QUEUE; 2026-10-08-02:13:47; 1791425627.948972; 1791425627.948969; 0; 0; 0; 0
EST TCP_QUEUE; 2026-10-08-02:13:48; 1791425628.005227; 1791425628.005225; 1; 417; 0; 0
EST TCP_QUEUE; 2026-10-08-02:13:48; 1791425628.057798; 1791425628.057796; 1; 417; 0; 0
EST TCP_QUEUE; 2026-10-08-02:13:48; 1791425628.115557; 1791425628.115554; 0; 0; 0; 0
EST TCP_QUEUE; 2026-10-08-02:13:48; 1791425628.186489; 1791425628.186487; 0; 0; 0; 0
EST TCP_QUEUE; 2026-10-08-02:13:48; 1791425628.235826; 1791425628.235824; 0; 0; 0; 0
EST TCP_QUEUE; 2026-10-08-02:13:48; 1791425628.291566; 1791425628.291564; 1; 0; 0; 0
EST TCP_QUEUE; 2026-10-08-02:13:48; 1791425628.351758; 1791425628.351756; 1; 0; 0; 0
EST TCP_QUEUE; 2026-10-08-02:13:48; 1791425628.404326; 1791425628.404323; 1; 0; 0; 0
EST TCP_QUEUE; 2026-10-08-02:13:48; 1791425628.458661; 1791425628.458659; 1; 0; 0; 0
EST TCP_QUEUE; 2026-10-08-02:13:48; 1791425628.504485; 1791425628.504482; 0; 0; 0; 0
EST TCP_QUEUE; 2026-10-08-02:13:48; 1791425628.546057; 1791425628.546055; 0; 0; 0; 0
EST TCP_QUEUE; 2026-10-08-02:13:48; 1791425628.603908; 1791425628.603905; 0; 0; 0; 0
EST TCP_QUEUE; 2026-10-08-02:13:48; 1791425628.664162; 1791425628.664160; 0; 0; 0; 0
EST TCP_QUEUE; 2026-10-08-02:13:48; 1791425628.716432; 1791425628.716429; 0; 0; 0; 0
EST TCP_QUEUE; 2026-10-08-02:13:48; 1791425628.767090; 1791425628.767087; 0; 0; 0; 0
EST TCP_QUEUE; 2026-10-08-02:13:48; 1791425628.820867; 1791425628.820863; 0; 0; 0; 0
EST TCP_QUEUE; 2026-10-08-02:13:48; 1791425628.864208; 1791425628.864205; 0; 0; 0; 0
EST TCP_QUEUE; 2026-10-08-02:13:48; 1791425628.929410; 1791425628.929407; 0; 0; 0; 0
EST TCP_QUEUE; 2026-10-08-02:13:48; 1791425628.988684; 1791425628.988681; 0; 0; 0; 0
EST TCP_QUEUE; 2026-10-08-02:13:49; 1791425629.036571; 1791425629.036567; 1; 706; 0; 0
EST TCP_QUEUE; 2026-10-08-02:13:49; 1791425629.088758; 1791425629.088755; 1; 706; 0; 0
EST TCP_QUEUE; 2026-10-08-02:13:49; 1791425629.136677; 1791425629.136675; 1; 706; 0; 0
EST TCP_QUEUE; 2026-10-08-02:13:49; 1791425629.178070; 1791425629.178068; 0; 0; 0; 0
EST TCP_QUEUE; 2026-10-08-02:13:49; 1791425629.236022; 1791425629.236020; 0; 0; 0; 0
EST TCP_QUEUE; 2026-10-08-02:13:49; 1791425629.291968; 1791425629.291964; 1; 369; 0; 0
EST TCP_QUEUE; 2026-10-08-02:13:49; 1791425629.342829; 1791425629.342826; 1; 369; 0; 0
EST TCP_QUEUE; 2026-10-08-02:13:49; 1791425629.426753; 1791425629.426751; 1; 369; 0; 0
EST TCP_QUEUE; 2026-10-08-02:13:49; 1791425629.476210; 1791425629.476207; 0; 0; 0; 0
EST TCP_QUEUE; 2026-10-08-02:13:49; 1791425629.517630; 1791425629.517626; 0; 0; 0; 0
EST TCP_QUEUE; 2026-10-08-02:13:49; 1791425629.579314; 1791425629.579312; 0; 0; 0; 0
EST TCP_QUEUE; 2026-10-08-02:13:49; 1791425629.635671; 1791425629.635668; 0; 0; 0; 0
EST TCP_QUEUE; 2026-10-08-02:13:49; 1791425629.688239; 1791425629.688236; 0; 0; 0; 0
EST TCP_QUEUE; 2026-10-08-02:13:49; 1791425629.752319; 1791425629.752316; 0; 0; 0; 0
EST TCP_QUEUE; 2026-10-08-02:13:49; 1791425629.800071; 1791425629.800069; 0; 0; 0; 0
EST TCP_QUEUE; 2026-10-08-02:13:49; 1791425629.870038; 1791425629.870035; 0; 0; 0; 0
EST TCP_QUEUE; 2026-10-08-02:13:49; 1791425629.926484; 1791425629.926481; 0; 0; 0; 0
EST TCP_QUEUE; 2026-10-08-02:13:49; 1791425629.980511; 1791425629.980508; 1; 550; 0; 0
EST TCP_QUEUE; 2026-10-08-02:13:50; 1791425630.033358; 1791425630.033355; 1; 550; 0; 0
EST TCP_QUEUE; 2026-10-08-02:13:50; 1791425630.086697; 1791425630.086694; 1; 1594; 0; 0
EST TCP_QUEUE; 2026-10-08-02:13:50; 1791425630.133759; 1791425630.133756; 1; 1594; 0; 0
EST TCP_QUEUE; 2026-10-08-02:13:50; 1791425630.175461; 1791425630.175458; 1; 1594; 0; 0
EST TCP_QUEUE; 2026-10-08-02:13:50; 1791425630.233461; 1791425630.233458; 1; 1594; 0; 0
EST TCP_QUEUE; 2026-10-08-02:13:50; 1791425630.289236; 1791425630.289233; 0; 0; 0; 0
EST TCP_QUEUE; 2026-10-08-02:13:50; 1791425630.343518; 1791425630.343513; 1; 772; 0; 0
EST TCP_QUEUE; 2026-10-08-02:13:50; 1791425630.398029; 1791425630.398026; 1; 772; 0; 0
EST TCP_QUEUE; 2026-10-08-02:13:50; 1791425630.446084; 1791425630.446081; 1; 772; 0; 0
EST TCP_QUEUE; 2026-10-08-02:13:50; 1791425630.487449; 1791425630.487447; 0; 0; 0; 0
EST TCP_QUEUE; 2026-10-08-02:13:50; 1791425630.547982; 1791425630.547979; 0; 0; 0; 0
EST TCP_QUEUE; 2026-10-08-02:13:50; 1791425630.605865; 1791425630.605862; 0; 0; 0; 0
EST TCP_QUEUE; 2026-10-08-02:13:50; 1791425630.657927; 1791425630.657924; 0; 0; 0; 0
EST TCP_QUEUE; 2026-10-08-02:13:50; 1791425630.715139; 1791425630.715134; 0; 0; 0; 0
EST TCP_QUEUE; 2026-10-08-02:13:50; 1791425630.763078; 1791425630.763072; 0; 0; 0; 0
EST TCP_QUEUE; 2026-10-08-02:13:50; 1791425630.815669; 1791425630.815666; 0; 0; 0; 0
EST TCP_QUEUE; 2026-10-08-02:13:50; 1791425630.877499; 1791425630.877488; 0; 0; 0; 0
EST TCP_QUEUE; 2026-10-08-02:13:50; 1791425630.932606; 1791425630.932598; 0; 0; 0; 0
EST TCP_QUEUE; 2026-10-08-02:13:50; 1791425630.981343; 1791425630.981340; 0; 0; 0; 0
EST TCP_QUEUE; 2026-10-08-02:13:51; 1791425631.036790; 1791425631.036787; 1; 468; 0; 0
EST TCP_QUEUE; 2026-10-08-02:13:51; 1791425631.081803; 1791425631.081801; 1; 468; 0; 0
EST TCP_QUEUE; 2026-10-08-02:13:51; 1791425631.130071; 1791425631.130068; 1; 468; 0; 0
EST TCP_QUEUE; 2026-10-08-02:13:51; 1791425631.191402; 1791425631.191400; 1; 894; 0; 0
EST TCP_QUEUE; 2026-10-08-02:13:51; 1791425631.247007; 1791425631.247004; 1; 894; 0; 0
EST TCP_QUEUE; 2026-10-08-02:13:51; 1791425631.301417; 1791425631.301415; 0; 0; 0; 0
EST TCP_QUEUE; 2026-10-08-02:13:51; 1791425631.354139; 1791425631.354137; 0; 0; 0; 0
EST TCP_QUEUE; 2026-10-08-02:13:51; 1791425631.399946; 1791425631.399943; 1; 476; 0; 0
EST TCP_QUEUE; 2026-10-08-02:13:51; 1791425631.449589; 1791425631.449585; 1; 476; 0; 0
EST TCP_QUEUE; 2026-10-08-02:13:51; 1791425631.509110; 1791425631.509106; 1; 476; 0; 0
EST TCP_QUEUE; 2026-10-08-02:13:51; 1791425631.565811; 1791425631.565804; 1; 476; 0; 0
EST TCP_QUEUE; 2026-10-08-02:13:51; 1791425631.616548; 1791425631.616544; 0; 0; 0; 0
EST TCP_QUEUE; 2026-10-08-02:13:51; 1791425631.668442; 1791425631.668439; 0; 0; 0; 0
EST TCP_QUEUE; 2026-10-08-02:13:51; 1791425631.720963; 1791425631.720957; 0; 0; 0; 0
EST TCP_QUEUE; 2026-10-08-02:13:51; 1791425631.801117; 1791425631.801111; 0; 0; 0; 0
EST TCP_QUEUE; 2026-10-08-02:13:51; 1791425631.858318; 1791425631.858315; 0; 0; 0; 0
EST TCP_QUEUE; 2026-10-08-02:13:51; 1791425631.920979; 1791425631.920976; 0; 0; 0; 0
EST TCP_QUEUE; 2026-10-08-02:13:51; 1791425631.970919; 1791425631.970916; 0; 0; 0; 0
EST TCP_QUEUE; 2026-10-08-02:13:52; 1791425632.027663; 1791425632.027660; 0; 0; 0; 0
EST TCP_QUEUE; 2026-10-08-02:13:52; 1791425632.073652; 1791425632.073650; 0; 0; 0; 0
EST TCP_QUEUE; 2026-10-08-02:13:52; 1791425632.117975; 1791425632.117972; 0; 0; 0; 0
EST TCP_QUEUE; 2026-10-08-02:13:52; 1791425632.176946; 1791425632.176943; 0; 0; 0; 0
EST TCP_QUEUE; 2026-10-08-02:13:52; 1791425632.235161; 1791425632.235158; 1; 828; 0; 0
EST TCP_QUEUE; 2026-10-08-02:13:52; 1791425632.287582; 1791425632.287579; 1; 828; 0; 0
EST TCP_QUEUE; 2026-10-08-02:13:52; 1791425632.340728; 1791425632.340725; 1; 828; 0; 0
EST TCP_QUEUE; 2026-10-08-02:13:52; 1791425632.389840; 1791425632.389836; 0; 0; 0; 0
EST TCP_QUEUE; 2026-10-08-02:13:52; 1791425632.435505; 1791425632.435503; 1; 172; 0; 0
EST TCP_QUEUE; 2026-10-08-02:13:52; 1791425632.495615; 1791425632.495612; 1; 172; 0; 0
EST TCP_QUEUE; 2026-10-08-02:13:52; 1791425632.550757; 1791425632.550754; 1; 172; 0; 0
EST TCP_QUEUE; 2026-10-08-02:13:52; 1791425632.601233; 1791425632.601230; 0; 0; 0; 0
EST TCP_QUEUE; 2026-10-08-02:13:52; 1791425632.655945; 1791425632.655941; 0; 0; 0; 0
EST TCP_QUEUE; 2026-10-08-02:13:52; 1791425632.715302; 1791425632.715299; 0; 0; 0; 0
EST TCP_QUEUE; 2026-10-08-02:13:52; 1791425632.794153; 1791425632.794150; 0; 0; 0; 0
EST TCP_QUEUE; 2026-10-08-02:13:52; 1791425632.851026; 1791425632.851024; 0; 0; 0; 0
EST TCP_QUEUE; 2026-10-08-02:13:52; 1791425632.909409; 1791425632.909406; 0; 0; 0; 0
EST TCP_QUEUE; 2026-10-08-02:13:52; 1791425632.959967; 1791425632.959965; 0; 0; 0; 0
EST TCP_QUEUE; 2026-10-08-02:13:53; 1791425633.015792; 1791425633.015786; 0; 0; 0; 0
EST TCP_QUEUE; 2026-10-08-02:13:53; 1791425633.061330; 1791425633.061325; 0; 0; 0; 0
EST TCP_QUEUE; 2026-10-08-02:13:53; 1791425633.102352; 1791425633.102347; 0; 0; 0; 0
EST TCP_QUEUE; 2026-10-08-02:13:53; 1791425633.161767; 1791425633.161764; 0; 0; 0; 0
EST TCP_QUEUE; 2026-10-08-02:13:53; 1791425633.219887; 1791425633.219884; 0; 0; 0; 0
EST TCP_QUEUE; 2026-10-08-02:13:53; 1791425633.270505; 1791425633.270501; 1; 1087; 0; 0
EST TCP_QUEUE; 2026-10-08-02:13:53; 1791425633.325009; 1791425633.325004; 1; 1087; 0; 0
EST TCP_QUEUE; 2026-10-08-02:13:53; 1791425633.372591; 1791425633.372588; 0; 0; 0; 0
EST TCP_QUEUE; 2026-10-08-02:13:53; 1791425633.416058; 1791425633.416055; 0; 0; 0; 0
EST TCP_QUEUE; 2026-10-08-02:13:53; 1791425633.473836; 1791425633.473834; 0; 0; 0; 0
EST TCP_QUEUE; 2026-10-08-02:13:53; 1791425633.528282; 1791425633.528278; 1; 819; 0; 0
EST TCP_QUEUE; 2026-10-08-02:13:53; 1791425633.579278; 1791425633.579275; 1; 819; 0; 0
EST TCP_QUEUE; 2026-10-08-02:13:53; 1791425633.631174; 1791425633.631171; 1; 819; 0; 0
EST TCP_QUEUE; 2026-10-08-02:13:53; 1791425633.677437; 1791425633.677433; 0; 0; 0; 0
EST TCP_QUEUE; 2026-10-08-02:13:53; 1791425633.723646; 1791425633.723640; 0; 0; 0; 0
EST TCP_QUEUE; 2026-10-08-02:13:53; 1791425633.782974; 1791425633.782968; 0; 0; 0; 0
EST TCP_QUEUE; 2026-10-08-02:13:53; 1791425633.836932; 1791425633.836930; 0; 0; 0; 0
EST TCP_QUEUE; 2026-10-08-02:13:53; 1791425633.891170; 1791425633.891161; 0; 0; 0; 0
EST TCP_QUEUE; 2026-10-08-02:13:53; 1791425633.964574; 1791425633.964571; 0; 0; 0; 0
EST TCP_QUEUE; 2026-10-08-02:13:54; 1791425634.010233; 1791425634.010229; 0; 0; 0; 0
EST TCP_QUEUE; 2026-10-08-02:13:54; 1791425634.054006; 1791425634.054004; 0; 0; 0; 0
EST TCP_QUEUE; 2026-10-08-02:13:54; 1791425634.112006; 1791425634.112002; 0; 0; 0; 0
EST TCP_QUEUE; 2026-10-08-02:13:54; 1791425634.168190; 1791425634.168187; 0; 0; 0; 0
EST TCP_QUEUE; 2026-10-08-02:13:54; 1791425634.222391; 1791425634.222388; 0; 0; 0; 0
EST TCP_QUEUE; 2026-10-08-02:13:54; 1791425634.276753; 1791425634.276750; 1; 487; 0; 0
EST TCP_QUEUE; 2026-10-08-02:13:54; 1791425634.324617; 1791425634.324614; 1; 845; 0; 0
EST TCP_QUEUE; 2026-10-08-02:13:54; 1791425634.366270; 1791425634.366267; 1; 845; 0; 0
EST TCP_QUEUE; 2026-10-08-02:13:54; 1791425634.424644; 1791425634.424641; 1; 845; 0; 0
EST TCP_QUEUE; 2026-10-08-02:13:54; 1791425634.478675; 1791425634.478673; 1; 104; 0; 0
EST TCP_QUEUE; 2026-10-08-02:13:54; 1791425634.527386; 1791425634.527383; 1; 104; 0; 0
EST TCP_QUEUE; 2026-10-08-02:13:54; 1791425634.589481; 1791425634.589478; 1; 0; 0; 0
EST TCP_QUEUE; 2026-10-08-02:13:54; 1791425634.635183; 1791425634.635179; 1; 0; 0; 0
EST TCP_QUEUE; 2026-10-08-02:13:54; 1791425634.682759; 1791425634.682756; 0; 0; 0; 0
EST TCP_QUEUE; 2026-10-08-02:13:54; 1791425634.742936; 1791425634.742928; 0; 0; 0; 0
EST TCP_QUEUE; 2026-10-08-02:13:54; 1791425634.813579; 1791425634.813573; 0; 0; 0; 0
EST TCP_QUEUE; 2026-10-08-02:13:54; 1791425634.868466; 1791425634.868455; 1; 633; 1; 0
EST TCP_QUEUE; 2026-10-08-02:13:54; 1791425634.929234; 1791425634.929228; 1; 633; 1; 0
EST TCP_QUEUE; 2026-10-08-02:13:54; 1791425634.989910; 1791425634.989907; 1; 2442; 0; 0
EST TCP_QUEUE; 2026-10-08-02:13:55; 1791425635.033798; 1791425635.033794; 1; 2442; 0; 0
EST TCP_QUEUE; 2026-10-08-02:13:55; 1791425635.093304; 1791425635.093301; 0; 0; 0; 0
EST TCP_QUEUE; 2026-10-08-02:13:55; 1791425635.153476; 1791425635.153472; 0; 0; 0; 0
EST TCP_QUEUE; 2026-10-08-02:13:55; 1791425635.205653; 1791425635.205650; 0; 0; 0; 0
EST TCP_QUEUE; 2026-10-08-02:13:55; 1791425635.258385; 1791425635.258382; 0; 0; 0; 0
EST TCP_QUEUE; 2026-10-08-02:13:55; 1791425635.307672; 1791425635.307670; 0; 0; 0; 0
EST TCP_QUEUE; 2026-10-08-02:13:55; 1791425635.353410; 1791425635.353408; 0; 0; 0; 0
EST TCP_QUEUE; 2026-10-08-02:13:55; 1791425635.414176; 1791425635.414172; 1; 933; 0; 0
EST TCP_QUEUE; 2026-10-08-02:13:55; 1791425635.467967; 1791425635.467964; 1; 933; 0; 0
EST TCP_QUEUE; 2026-10-08-02:13:55; 1791425635.520225; 1791425635.520221; 1; 933; 0; 0
EST TCP_QUEUE; 2026-10-08-02:13:55; 1791425635.574724; 1791425635.574720; 1; 1158; 0; 0
EST TCP_QUEUE; 2026-10-08-02:13:55; 1791425635.618600; 1791425635.618597; 1; 1158; 0; 0
EST TCP_QUEUE; 2026-10-08-02:13:55; 1791425635.665915; 1791425635.665912; 1; 1158; 0; 0
EST TCP_QUEUE; 2026-10-08-02:13:55; 1791425635.725394; 1791425635.725392; 1; 1158; 0; 0
EST TCP_QUEUE; 2026-10-08-02:13:55; 1791425635.780340; 1791425635.780337; 0; 0; 0; 0
EST TCP_QUEUE; 2026-10-08-02:13:55; 1791425635.834059; 1791425635.834056; 0; 0; 0; 0
EST TCP_QUEUE; 2026-10-08-02:13:55; 1791425635.886479; 1791425635.886476; 0; 0; 0; 0
EST TCP_QUEUE; 2026-10-08-02:13:55; 1791425635.955213; 1791425635.955209; 0; 0; 0; 0
EST TCP_QUEUE; 2026-10-08-02:13:55; 1791425635.998860; 1791425635.998858; 0; 0; 0; 0
EST TCP_QUEUE; 2026-10-08-02:13:56; 1791425636.058904; 1791425636.058901; 1; 674; 1; 2264
EST TCP_QUEUE; 2026-10-08-02:13:56; 1791425636.113584; 1791425636.113577; 1; 674; 1; 2264
EST TCP_QUEUE; 2026-10-08-02:13:56; 1791425636.166119; 1791425636.166115; 1; 674; 1; 2264
EST TCP_QUEUE; 2026-10-08-02:13:56; 1791425636.226283; 1791425636.226279; 1; 334; 0; 0
EST TCP_QUEUE; 2026-10-08-02:13:56; 1791425636.273638; 1791425636.273636; 0; 0; 0; 0
EST TCP_QUEUE; 2026-10-08-02:13:56; 1791425636.315169; 1791425636.315167; 0; 0; 0; 0
EST TCP_QUEUE; 2026-10-08-02:13:56; 1791425636.388924; 1791425636.388922; 0; 0; 0; 0
EST TCP_QUEUE; 2026-10-08-02:13:56; 1791425636.446277; 1791425636.446273; 1; 1073; 0; 0
EST TCP_QUEUE; 2026-10-08-02:13:56; 1791425636.497540; 1791425636.497536; 1; 1073; 0; 0
EST TCP_QUEUE; 2026-10-08-02:13:56; 1791425636.554747; 1791425636.554739; 1; 1073; 0; 0
EST TCP_QUEUE; 2026-10-08-02:13:56; 1791425636.599296; 1791425636.599293; 0; 0; 0; 0
EST TCP_QUEUE; 2026-10-08-02:13:56; 1791425636.646699; 1791425636.646697; 1; 1143; 0; 0
EST TCP_QUEUE; 2026-10-08-02:13:56; 1791425636.703189; 1791425636.703187; 1; 1143; 0; 0
EST TCP_QUEUE; 2026-10-08-02:13:56; 1791425636.763127; 1791425636.763125; 1; 1143; 0; 0
EST TCP_QUEUE; 2026-10-08-02:13:56; 1791425636.817449; 1791425636.817446; 0; 0; 0; 0
EST TCP_QUEUE; 2026-10-08-02:13:56; 1791425636.896927; 1791425636.896924; 0; 0; 0; 0
EST TCP_QUEUE; 2026-10-08-02:13:56; 1791425636.958218; 1791425636.958215; 0; 0; 0; 0
EST TCP_QUEUE; 2026-10-08-02:13:57; 1791425637.001929; 1791425637.001926; 0; 0; 0; 0
EST TCP_QUEUE; 2026-10-08-02:13:57; 1791425637.061711; 1791425637.061709; 0; 0; 0; 0
EST TCP_QUEUE; 2026-10-08-02:13:57; 1791425637.116784; 1791425637.116781; 1; 863; 0; 0
EST TCP_QUEUE; 2026-10-08-02:13:57; 1791425637.168765; 1791425637.168761; 1; 863; 0; 0
EST TCP_QUEUE; 2026-10-08-02:13:57; 1791425637.220986; 1791425637.220982; 1; 863; 0; 0
EST TCP_QUEUE; 2026-10-08-02:13:57; 1791425637.276351; 1791425637.276348; 0; 0; 0; 0
EST TCP_QUEUE; 2026-10-08-02:13:57; 1791425637.318416; 1791425637.318413; 0; 0; 0; 0
EST TCP_QUEUE; 2026-10-08-02:13:57; 1791425637.376604; 1791425637.376599; 0; 0; 0; 0
EST TCP_QUEUE; 2026-10-08-02:13:57; 1791425637.433005; 1791425637.433000; 0; 0; 0; 0
EST TCP_QUEUE; 2026-10-08-02:13:57; 1791425637.483057; 1791425637.483052; 0; 0; 0; 0
EST TCP_QUEUE; 2026-10-08-02:13:57; 1791425637.539623; 1791425637.539617; 1; 1336; 0; 0
EST TCP_QUEUE; 2026-10-08-02:13:57; 1791425637.584968; 1791425637.584964; 1; 1336; 0; 0
EST TCP_QUEUE; 2026-10-08-02:13:57; 1791425637.630780; 1791425637.630778; 1; 1336; 0; 0
EST TCP_QUEUE; 2026-10-08-02:13:57; 1791425637.688649; 1791425637.688646; 1; 920; 0; 0
EST TCP_QUEUE; 2026-10-08-02:13:57; 1791425637.746703; 1791425637.746699; 1; 920; 0; 0
EST TCP_QUEUE; 2026-10-08-02:13:57; 1791425637.820156; 1791425637.820153; 0; 0; 0; 0
EST TCP_QUEUE; 2026-10-08-02:13:57; 1791425637.874577; 1791425637.874575; 0; 0; 0; 0
EST TCP_QUEUE; 2026-10-08-02:13:57; 1791425637.920050; 1791425637.920048; 0; 0; 0; 0
EST TCP_QUEUE; 2026-10-08-02:13:57; 1791425637.967026; 1791425637.967018; 0; 0; 0; 0
EST TCP_QUEUE; 2026-10-08-02:13:58; 1791425638.024627; 1791425638.024625; 0; 0; 0; 0
EST TCP_QUEUE; 2026-10-08-02:13:58; 1791425638.089760; 1791425638.089757; 0; 0; 0; 0
EST TCP_QUEUE; 2026-10-08-02:13:58; 1791425638.144387; 1791425638.144175; 1; 0; 0; 0
EST TCP_QUEUE; 2026-10-08-02:13:58; 1791425638.234173; 1791425638.234169; 1; 0; 0; 0
EST TCP_QUEUE; 2026-10-08-02:13:58; 1791425638.283922; 1791425638.283917; 0; 0; 0; 0
EST TCP_QUEUE; 2026-10-08-02:13:58; 1791425638.383356; 1791425638.383351; 0; 0; 0; 0
EST TCP_QUEUE; 2026-10-08-02:13:58; 1791425638.456092; 1791425638.456090; 0; 0; 0; 0
EST TCP_QUEUE; 2026-10-08-02:13:58; 1791425638.509728; 1791425638.509726; 0; 0; 0; 0
EST TCP_QUEUE; 2026-10-08-02:13:58; 1791425638.566506; 1791425638.566503; 1; 729; 0; 0
EST TCP_QUEUE; 2026-10-08-02:13:58; 1791425638.620945; 1791425638.620943; 1; 729; 0; 0
EST TCP_QUEUE; 2026-10-08-02:13:58; 1791425638.667558; 1791425638.667555; 0; 0; 0; 0
EST TCP_QUEUE; 2026-10-08-02:13:58; 1791425638.708692; 1791425638.708689; 1; 523; 0; 0
EST TCP_QUEUE; 2026-10-08-02:13:58; 1791425638.768704; 1791425638.768698; 1; 523; 0; 0
EST TCP_QUEUE; 2026-10-08-02:13:58; 1791425638.833114; 1791425638.833109; 1; 523; 0; 0
EST TCP_QUEUE; 2026-10-08-02:13:58; 1791425638.898076; 1791425638.898074; 0; 0; 0; 0
EST TCP_QUEUE; 2026-10-08-02:13:58; 1791425638.964299; 1791425638.964297; 0; 0; 0; 0
EST TCP_QUEUE; 2026-10-08-02:13:59; 1791425639.017575; 1791425639.017572; 0; 0; 0; 0
EST TCP_QUEUE; 2026-10-08-02:13:59; 1791425639.065412; 1791425639.065410; 0; 0; 0; 0
EST TCP_QUEUE; 2026-10-08-02:13:59; 1791425639.129047; 1791425639.129044; 0; 0; 0; 0
EST TCP_QUEUE; 2026-10-08-02:13:59; 1791425639.183834; 1791425639.183828; 1; 24; 0; 0
EST TCP_QUEUE; 2026-10-08-02:13:59; 1791425639.237201; 1791425639.237194; 1; 24; 0; 0
EST TCP_QUEUE; 2026-10-08-02:13:59; 1791425639.288699; 1791425639.288694; 0; 0; 0; 0
EST TCP_QUEUE; 2026-10-08-02:13:59; 1791425639.334921; 1791425639.334916; 0; 0; 0; 0
EST TCP_QUEUE; 2026-10-08-02:13:59; 1791425639.387310; 1791425639.387307; 0; 0; 0; 0
EST TCP_QUEUE; 2026-10-08-02:13:59; 1791425639.476644; 1791425639.476641; 0; 0; 0; 0
EST TCP_QUEUE; 2026-10-08-02:13:59; 1791425639.540546; 1791425639.540543; 0; 0; 0; 0
EST TCP_QUEUE; 2026-10-08-02:13:59; 1791425639.591233; 1791425639.591230; 1; 653; 0; 0
EST TCP_QUEUE; 2026-10-08-02:13:59; 1791425639.648823; 1791425639.648820; 1; 653; 0; 0
EST TCP_QUEUE; 2026-10-08-02:13:59; 1791425639.694609; 1791425639.694607; 1; 653; 0; 0
EST TCP_QUEUE; 2026-10-08-02:13:59; 1791425639.740360; 1791425639.740358; 1; 1226; 0; 0
EST TCP_QUEUE; 2026-10-08-02:13:59; 1791425639.810211; 1791425639.810205; 1; 1226; 0; 0
EST TCP_QUEUE; 2026-10-08-02:13:59; 1791425639.903343; 1791425639.903331; 0; 0; 0; 0
EST TCP_QUEUE; 2026-10-08-02:13:59; 1791425639.959472; 1791425639.959468; 1; 1327; 0; 0
EST TCP_QUEUE; 2026-10-08-02:14:00; 1791425640.017177; 1791425640.017175; 1; 1327; 0; 0
EST TCP_QUEUE; 2026-10-08-02:14:00; 1791425640.078074; 1791425640.078071; 0; 0; 0; 0
EST TCP_QUEUE; 2026-10-08-02:14:00; 1791425640.126713; 1791425640.126709; 0; 0; 0; 0
EST TCP_QUEUE; 2026-10-08-02:14:00; 1791425640.184865; 1791425640.184859; 0; 0; 0; 0
EST TCP_QUEUE; 2026-10-08-02:14:00; 1791425640.239249; 1791425640.239244; 1; 981; 0; 0
EST TCP_QUEUE; 2026-10-08-02:14:00; 1791425640.289259; 1791425640.289254; 1; 981; 0; 0
EST TCP_QUEUE; 2026-10-08-02:14:00; 1791425640.417866; 1791425640.417863; 0; 0; 0; 0
EST TCP_QUEUE; 2026-10-08-02:14:00; 1791425640.462810; 1791425640.462807; 0; 0; 0; 0
EST TCP_QUEUE; 2026-10-08-02:14:00; 1791425640.508373; 1791425640.508371; 0; 0; 0; 0
EST TCP_QUEUE; 2026-10-08-02:14:00; 1791425640.573829; 1791425640.573827; 0; 0; 0; 0
EST TCP_QUEUE; 2026-10-08-02:14:00; 1791425640.630139; 1791425640.630135; 0; 0; 0; 0
EST TCP_QUEUE; 2026-10-08-02:14:00; 1791425640.680865; 1791425640.680862; 1; 886; 0; 0
EST TCP_QUEUE; 2026-10-08-02:14:00; 1791425640.733540; 1791425640.733536; 1; 886; 0; 0
EST TCP_QUEUE; 2026-10-08-02:14:00; 1791425640.779350; 1791425640.779346; 1; 694; 0; 0
EST TCP_QUEUE; 2026-10-08-02:14:00; 1791425640.821245; 1791425640.821241; 1; 694; 0; 0
EST TCP_QUEUE; 2026-10-08-02:14:00; 1791425640.880102; 1791425640.880099; 0; 0; 0; 0
EST TCP_QUEUE; 2026-10-08-02:14:00; 1791425640.941950; 1791425640.941942; 0; 0; 0; 0
EST TCP_QUEUE; 2026-10-08-02:14:01; 1791425641.011159; 1791425641.011153; 0; 0; 0; 0
EST TCP_QUEUE; 2026-10-08-02:14:01; 1791425641.095860; 1791425641.095857; 0; 0; 0; 0
EST TCP_QUEUE; 2026-10-08-02:14:01; 1791425641.159945; 1791425641.159940; 0; 0; 0; 0
EST TCP_QUEUE; 2026-10-08-02:14:01; 1791425641.201454; 1791425641.201449; 0; 0; 0; 0
EST TCP_QUEUE; 2026-10-08-02:14:01; 1791425641.260501; 1791425641.260498; 1; 951; 0; 0
EST TCP_QUEUE; 2026-10-08-02:14:01; 1791425641.316737; 1791425641.316734; 1; 951; 0; 0
EST TCP_QUEUE; 2026-10-08-02:14:01; 1791425641.371066; 1791425641.371064; 1; 868; 0; 0
EST TCP_QUEUE; 2026-10-08-02:14:01; 1791425641.427423; 1791425641.427420; 1; 868; 0; 0
EST TCP_QUEUE; 2026-10-08-02:14:01; 1791425641.506705; 1791425641.506701; 0; 0; 0; 0
EST TCP_QUEUE; 2026-10-08-02:14:01; 1791425641.552348; 1791425641.552344; 1; 0; 0; 0
EST TCP_QUEUE; 2026-10-08-02:14:01; 1791425641.609872; 1791425641.609869; 1; 0; 1; 0
EST TCP_QUEUE; 2026-10-08-02:14:01; 1791425641.669670; 1791425641.669667; 0; 0; 0; 0
EST TCP_QUEUE; 2026-10-08-02:14:01; 1791425641.722190; 1791425641.722187; 1; 1057; 0; 0
EST TCP_QUEUE; 2026-10-08-02:14:01; 1791425641.773000; 1791425641.772997; 1; 1057; 0; 0
EST TCP_QUEUE; 2026-10-08-02:14:01; 1791425641.820235; 1791425641.820232; 1; 1297; 0; 0
EST TCP_QUEUE; 2026-10-08-02:14:01; 1791425641.910593; 1791425641.910590; 1; 1297; 0; 0
EST TCP_QUEUE; 2026-10-08-02:14:01; 1791425641.976436; 1791425641.976433; 1; 0; 0; 0
EST TCP_QUEUE; 2026-10-08-02:14:02; 1791425642.032346; 1791425642.032344; 1; 0; 0; 0
EST TCP_QUEUE; 2026-10-08-02:14:02; 1791425642.118133; 1791425642.118129; 0; 0; 0; 0
EST TCP_QUEUE; 2026-10-08-02:14:02; 1791425642.198270; 1791425642.198264; 1; 0; 0; 0
EST TCP_QUEUE; 2026-10-08-02:14:02; 1791425642.243952; 1791425642.243946; 1; 0; 0; 0
EST TCP_QUEUE; 2026-10-08-02:14:02; 1791425642.285916; 1791425642.285911; 1; 1744; 0; 0
EST TCP_QUEUE; 2026-10-08-02:14:02; 1791425642.342333; 1791425642.342331; 1; 885; 0; 0
EST TCP_QUEUE; 2026-10-08-02:14:02; 1791425642.397151; 1791425642.397146; 1; 885; 0; 0
EST TCP_QUEUE; 2026-10-08-02:14:02; 1791425642.459847; 1791425642.459844; 1; 885; 0; 0
EST TCP_QUEUE; 2026-10-08-02:14:02; 1791425642.519198; 1791425642.519193; 1; 88; 0; 0
EST TCP_QUEUE; 2026-10-08-02:14:02; 1791425642.583409; 1791425642.583404; 0; 0; 0; 0
EST TCP_QUEUE; 2026-10-08-02:14:02; 1791425642.624789; 1791425642.624784; 0; 0; 0; 0
EST TCP_QUEUE; 2026-10-08-02:14:02; 1791425642.688650; 1791425642.688645; 0; 0; 0; 0
EST TCP_QUEUE; 2026-10-08-02:14:02; 1791425642.743336; 1791425642.743329; 1; 512; 0; 0
EST TCP_QUEUE; 2026-10-08-02:14:02; 1791425642.793100; 1791425642.793097; 1; 512; 0; 0
EST TCP_QUEUE; 2026-10-08-02:14:02; 1791425642.847178; 1791425642.847175; 1; 593; 0; 0
EST TCP_QUEUE; 2026-10-08-02:14:02; 1791425642.913717; 1791425642.913713; 1; 593; 0; 0
EST TCP_QUEUE; 2026-10-08-02:14:02; 1791425642.942226; 1791425642.942223; 1; 593; 0; 0
EST TCP_QUEUE; 2026-10-08-02:14:03; 1791425643.007621; 1791425643.007618; 0; 0; 0; 0
EST TCP_QUEUE; 2026-10-08-02:14:03; 1791425643.104918; 1791425643.104915; 0; 0; 0; 0
EST TCP_QUEUE; 2026-10-08-02:14:03; 1791425643.183759; 1791425643.183756; 0; 0; 0; 0
EST TCP_QUEUE; 2026-10-08-02:14:03; 1791425643.259607; 1791425643.259602; 0; 0; 0; 0
EST TCP_QUEUE; 2026-10-08-02:14:03; 1791425643.320411; 1791425643.320405; 1; 1983; 0; 0
EST TCP_QUEUE; 2026-10-08-02:14:03; 1791425643.370727; 1791425643.370724; 1; 1983; 0; 0
EST TCP_QUEUE; 2026-10-08-02:14:03; 1791425643.427003; 1791425643.426999; 1; 1983; 0; 0
EST TCP_QUEUE; 2026-10-08-02:14:03; 1791425643.496188; 1791425643.496184; 0; 0; 0; 0
EST TCP_QUEUE; 2026-10-08-02:14:03; 1791425643.541621; 1791425643.541618; 0; 0; 0; 0
EST TCP_QUEUE; 2026-10-08-02:14:03; 1791425643.616833; 1791425643.616829; 0; 0; 0; 0
EST TCP_QUEUE; 2026-10-08-02:14:03; 1791425643.662483; 1791425643.662480; 0; 0; 0; 0
EST TCP_QUEUE; 2026-10-08-02:14:03; 1791425643.707933; 1791425643.707930; 0; 0; 0; 0
EST TCP_QUEUE; 2026-10-08-02:14:03; 1791425643.771916; 1791425643.771913; 0; 0; 0; 0
EST TCP_QUEUE; 2026-10-08-02:14:03; 1791425643.832043; 1791425643.832041; 1; 655; 0; 0
EST TCP_QUEUE; 2026-10-08-02:14:03; 1791425643.882084; 1791425643.882081; 1; 5; 0; 0
EST TCP_QUEUE; 2026-10-08-02:14:03; 1791425643.939112; 1791425643.939109; 1; 5; 0; 0
EST TCP_QUEUE; 2026-10-08-02:14:03; 1791425643.985524; 1791425643.985521; 1; 5; 0; 0
EST TCP_QUEUE; 2026-10-08-02:14:04; 1791425644.031305; 1791425644.031302; 1; 5; 0; 0
EST TCP_QUEUE; 2026-10-08-02:14:04; 1791425644.104472; 1791425644.104468; 0; 0; 0; 0
EST TCP_QUEUE; 2026-10-08-02:14:04; 1791425644.162172; 1791425644.162163; 0; 0; 0; 0
EST TCP_QUEUE; 2026-10-08-02:14:04; 1791425644.250014; 1791425644.250005; 1; 818; 1; 0
EST TCP_QUEUE; 2026-10-08-02:14:04; 1791425644.296444; 1791425644.296437; 1; 818; 1; 0
EST TCP_QUEUE; 2026-10-08-02:14:04; 1791425644.341199; 1791425644.341195; 1; 434; 1; 0
EST TCP_QUEUE; 2026-10-08-02:14:04; 1791425644.382696; 1791425644.382694; 1; 434; 0; 0
EST TCP_QUEUE; 2026-10-08-02:14:04; 1791425644.440520; 1791425644.440516; 1; 434; 0; 0
EST TCP_QUEUE; 2026-10-08-02:14:04; 1791425644.503793; 1791425644.503790; 0; 0; 0; 0
EST TCP_QUEUE; 2026-10-08-02:14:04; 1791425644.555137; 1791425644.555133; 0; 0; 0; 0
EST TCP_QUEUE; 2026-10-08-02:14:04; 1791425644.628991; 1791425644.628987; 0; 0; 0; 0
EST TCP_QUEUE; 2026-10-08-02:14:04; 1791425644.674544; 1791425644.674540; 0; 0; 0; 0
EST TCP_QUEUE; 2026-10-08-02:14:04; 1791425644.716412; 1791425644.716409; 0; 0; 0; 0
EST TCP_QUEUE; 2026-10-08-02:14:04; 1791425644.774833; 1791425644.774828; 0; 0; 0; 0
EST TCP_QUEUE; 2026-10-08-02:14:04; 1791425644.828844; 1791425644.828840; 0; 0; 0; 0
EST TCP_QUEUE; 2026-10-08-02:14:04; 1791425644.879142; 1791425644.879137; 1; 2019; 0; 0
EST TCP_QUEUE; 2026-10-08-02:14:04; 1791425644.931660; 1791425644.931657; 1; 544; 0; 0
EST TCP_QUEUE; 2026-10-08-02:14:04; 1791425644.977958; 1791425644.977955; 1; 544; 0; 0
EST TCP_QUEUE; 2026-10-08-02:14:05; 1791425645.020753; 1791425645.020751; 1; 544; 0; 0
EST TCP_QUEUE; 2026-10-08-02:14:05; 1791425645.118294; 1791425645.118282; 0; 0; 0; 0
EST TCP_QUEUE; 2026-10-08-02:14:05; 1791425645.211338; 1791425645.211326; 0; 0; 0; 0
EST TCP_QUEUE; 2026-10-08-02:14:05; 1791425645.278072; 1791425645.278063; 0; 0; 0; 0
EST TCP_QUEUE; 2026-10-08-02:14:05; 1791425645.329352; 1791425645.329348; 0; 0; 0; 0
EST TCP_QUEUE; 2026-10-08-02:14:05; 1791425645.386939; 1791425645.386936; 0; 0; 0; 0
EST TCP_QUEUE; 2026-10-08-02:14:05; 1791425645.428109; 1791425645.428106; 1; 118; 0; 0
EST TCP_QUEUE; 2026-10-08-02:14:05; 1791425645.485792; 1791425645.485789; 1; 118; 0; 0
EST TCP_QUEUE; 2026-10-08-02:14:05; 1791425645.546365; 1791425645.546362; 1; 118; 0; 0
EST TCP_QUEUE; 2026-10-08-02:14:05; 1791425645.598543; 1791425645.598540; 0; 0; 0; 0
EST TCP_QUEUE; 2026-10-08-02:14:05; 1791425645.652855; 1791425645.652852; 0; 0; 0; 0
EST TCP_QUEUE; 2026-10-08-02:14:05; 1791425645.699766; 1791425645.699762; 0; 0; 0; 0
EST TCP_QUEUE; 2026-10-08-02:14:05; 1791425645.744604; 1791425645.744601; 0; 0; 0; 0
EST TCP_QUEUE; 2026-10-08-02:14:05; 1791425645.806000; 1791425645.805997; 0; 0; 0; 0
EST TCP_QUEUE; 2026-10-08-02:14:05; 1791425645.860268; 1791425645.860265; 0; 0; 0; 0
EST TCP_QUEUE; 2026-10-08-02:14:05; 1791425645.912661; 1791425645.912658; 0; 0; 0; 0
EST TCP_QUEUE; 2026-10-08-02:14:05; 1791425645.965760; 1791425645.965757; 1; 408; 0; 0
EST TCP_QUEUE; 2026-10-08-02:14:06; 1791425646.011080; 1791425646.011076; 1; 661; 0; 0
EST TCP_QUEUE; 2026-10-08-02:14:06; 1791425646.058874; 1791425646.058871; 1; 661; 0; 0
EST TCP_QUEUE; 2026-10-08-02:14:06; 1791425646.118373; 1791425646.118370; 1; 661; 0; 0
EST TCP_QUEUE; 2026-10-08-02:14:06; 1791425646.215790; 1791425646.215786; 0; 0; 0; 0
EST TCP_QUEUE; 2026-10-08-02:14:06; 1791425646.289056; 1791425646.289053; 0; 0; 0; 0
EST TCP_QUEUE; 2026-10-08-02:14:06; 1791425646.351009; 1791425646.351007; 0; 0; 0; 0
EST TCP_QUEUE; 2026-10-08-02:14:06; 1791425646.401619; 1791425646.401616; 0; 0; 0; 0
EST TCP_QUEUE; 2026-10-08-02:14:06; 1791425646.442445; 1791425646.442441; 0; 0; 0; 0
EST TCP_QUEUE; 2026-10-08-02:14:06; 1791425646.504286; 1791425646.504283; 1; 364; 0; 0
EST TCP_QUEUE; 2026-10-08-02:14:06; 1791425646.560666; 1791425646.560664; 1; 364; 0; 0
EST TCP_QUEUE; 2026-10-08-02:14:06; 1791425646.613105; 1791425646.613102; 1; 364; 0; 0
EST TCP_QUEUE; 2026-10-08-02:14:06; 1791425646.667229; 1791425646.667226; 0; 0; 0; 0
EST TCP_QUEUE; 2026-10-08-02:14:06; 1791425646.723427; 1791425646.723423; 0; 0; 0; 0
EST TCP_QUEUE; 2026-10-08-02:14:06; 1791425646.792915; 1791425646.792909; 0; 0; 0; 0
EST TCP_QUEUE; 2026-10-08-02:14:06; 1791425646.862816; 1791425646.862813; 0; 0; 0; 0
EST TCP_QUEUE; 2026-10-08-02:14:06; 1791425646.917764; 1791425646.917761; 0; 0; 0; 0
EST TCP_QUEUE; 2026-10-08-02:14:06; 1791425646.967694; 1791425646.967690; 0; 0; 0; 0
EST TCP_QUEUE; 2026-10-08-02:14:07; 1791425647.022513; 1791425647.022510; 0; 0; 0; 0
EST TCP_QUEUE; 2026-10-08-02:14:07; 1791425647.067849; 1791425647.067847; 1; 473; 0; 0
EST TCP_QUEUE; 2026-10-08-02:14:07; 1791425647.111370; 1791425647.111368; 1; 0; 0; 0
EST TCP_QUEUE; 2026-10-08-02:14:07; 1791425647.204151; 1791425647.204149; 1; 0; 0; 0
EST TCP_QUEUE; 2026-10-08-02:14:07; 1791425647.276277; 1791425647.276274; 0; 0; 0; 0
EST TCP_QUEUE; 2026-10-08-02:14:07; 1791425647.326695; 1791425647.326693; 0; 0; 0; 0
EST TCP_QUEUE; 2026-10-08-02:14:07; 1791425647.384680; 1791425647.384677; 0; 0; 0; 0
EST TCP_QUEUE; 2026-10-08-02:14:07; 1791425647.438980; 1791425647.438976; 0; 0; 0; 0
EST TCP_QUEUE; 2026-10-08-02:14:07; 1791425647.480279; 1791425647.480274; 0; 0; 0; 0
EST TCP_QUEUE; 2026-10-08-02:14:07; 1791425647.538241; 1791425647.538238; 0; 0; 0; 0
EST TCP_QUEUE; 2026-10-08-02:14:07; 1791425647.596915; 1791425647.596911; 0; 0; 0; 0
EST TCP_QUEUE; 2026-10-08-02:14:07; 1791425647.656915; 1791425647.656910; 1; 1086; 0; 0
EST TCP_QUEUE; 2026-10-08-02:14:07; 1791425647.707279; 1791425647.707276; 1; 1086; 0; 0
EST TCP_QUEUE; 2026-10-08-02:14:07; 1791425647.806851; 1791425647.806842; 0; 0; 0; 0
EST TCP_QUEUE; 2026-10-08-02:14:07; 1791425647.850586; 1791425647.850578; 0; 0; 0; 0
EST TCP_QUEUE; 2026-10-08-02:14:07; 1791425647.927861; 1791425647.927858; 0; 0; 0; 0
EST TCP_QUEUE; 2026-10-08-02:14:08; 1791425648.009966; 1791425648.009964; 0; 0; 0; 0
EST TCP_QUEUE; 2026-10-08-02:14:08; 1791425648.059483; 1791425648.059481; 0; 0; 0; 0
EST TCP_QUEUE; 2026-10-08-02:14:08; 1791425648.113974; 1791425648.113971; 0; 0; 0; 0
EST TCP_QUEUE; 2026-10-08-02:14:08; 1791425648.164096; 1791425648.164093; 1; 1310; 0; 0
EST TCP_QUEUE; 2026-10-08-02:14:08; 1791425648.207327; 1791425648.207325; 1; 824; 0; 0
EST TCP_QUEUE; 2026-10-08-02:14:08; 1791425648.270232; 1791425648.270226; 1; 824; 0; 0
EST TCP_QUEUE; 2026-10-08-02:14:08; 1791425648.326562; 1791425648.326556; 1; 824; 0; 0
EST TCP_QUEUE; 2026-10-08-02:14:08; 1791425648.417364; 1791425648.417357; 0; 0; 0; 0
EST TCP_QUEUE; 2026-10-08-02:14:08; 1791425648.465246; 1791425648.465243; 0; 0; 0; 0
EST TCP_QUEUE; 2026-10-08-02:14:08; 1791425648.513235; 1791425648.513232; 0; 0; 0; 0
EST TCP_QUEUE; 2026-10-08-02:14:08; 1791425648.554412; 1791425648.554408; 0; 0; 0; 0
EST TCP_QUEUE; 2026-10-08-02:14:08; 1791425648.615025; 1791425648.615021; 0; 0; 0; 0
EST TCP_QUEUE; 2026-10-08-02:14:08; 1791425648.668482; 1791425648.668479; 0; 0; 0; 0
EST TCP_QUEUE; 2026-10-08-02:14:08; 1791425648.719175; 1791425648.719172; 1; 415; 0; 0
EST TCP_QUEUE; 2026-10-08-02:14:08; 1791425648.810940; 1791425648.810935; 1; 415; 0; 0
EST TCP_QUEUE; 2026-10-08-02:14:08; 1791425648.860071; 1791425648.860067; 1; 415; 0; 0
EST TCP_QUEUE; 2026-10-08-02:14:08; 1791425648.901503; 1791425648.901500; 1; 0; 0; 0
EST TCP_QUEUE; 2026-10-08-02:14:08; 1791425648.959534; 1791425648.959531; 1; 0; 0; 0
EST TCP_QUEUE; 2026-10-08-02:14:09; 1791425649.018152; 1791425649.018148; 1; 276; 0; 0
EST TCP_QUEUE; 2026-10-08-02:14:09; 1791425649.069887; 1791425649.069884; 0; 0; 0; 0
EST TCP_QUEUE; 2026-10-08-02:14:09; 1791425649.120724; 1791425649.120721; 0; 0; 0; 0
EST TCP_QUEUE; 2026-10-08-02:14:09; 1791425649.168265; 1791425649.168263; 0; 0; 0; 0
EST TCP_QUEUE; 2026-10-08-02:14:09; 1791425649.222334; 1791425649.222331; 0; 0; 0; 0
EST TCP_QUEUE; 2026-10-08-02:14:09; 1791425649.285567; 1791425649.285564; 1; 888; 0; 0
EST TCP_QUEUE; 2026-10-08-02:14:09; 1791425649.341456; 1791425649.341454; 1; 717; 0; 0
EST TCP_QUEUE; 2026-10-08-02:14:09; 1791425649.394245; 1791425649.394242; 1; 717; 0; 0
EST TCP_QUEUE; 2026-10-08-02:14:09; 1791425649.452254; 1791425649.452251; 1; 717; 0; 0
EST TCP_QUEUE; 2026-10-08-02:14:09; 1791425649.498167; 1791425649.498165; 1; 589; 0; 0
EST TCP_QUEUE; 2026-10-08-02:14:09; 1791425649.549602; 1791425649.549599; 1; 589; 0; 0
EST TCP_QUEUE; 2026-10-08-02:14:09; 1791425649.611057; 1791425649.611055; 1; 589; 0; 0
EST TCP_QUEUE; 2026-10-08-02:14:09; 1791425649.668147; 1791425649.668144; 0; 0; 0; 0
EST TCP_QUEUE; 2026-10-08-02:14:09; 1791425649.718009; 1791425649.718006; 0; 0; 0; 0
EST TCP_QUEUE; 2026-10-08-02:14:09; 1791425649.809065; 1791425649.809062; 1; 475; 0; 0
EST TCP_QUEUE; 2026-10-08-02:14:09; 1791425649.890084; 1791425649.890081; 1; 475; 0; 0
EST TCP_QUEUE; 2026-10-08-02:14:09; 1791425649.948789; 1791425649.948785; 1; 475; 0; 0
EST TCP_QUEUE; 2026-10-08-02:14:10; 1791425650.012344; 1791425650.012342; 0; 0; 0; 0
EST TCP_QUEUE; 2026-10-08-02:14:10; 1791425650.074662; 1791425650.074659; 0; 0; 0; 0
EST TCP_QUEUE; 2026-10-08-02:14:10; 1791425650.125030; 1791425650.125027; 0; 0; 0; 0
EST TCP_QUEUE; 2026-10-08-02:14:10; 1791425650.177723; 1791425650.177721; 0; 0; 0; 0
EST TCP_QUEUE; 2026-10-08-02:14:10; 1791425650.225530; 1791425650.225527; 0; 0; 0; 0
EST TCP_QUEUE; 2026-10-08-02:14:10; 1791425650.270881; 1791425650.270878; 0; 0; 0; 0
EST TCP_QUEUE; 2026-10-08-02:14:10; 1791425650.329987; 1791425650.329979; 0; 0; 0; 0
EST TCP_QUEUE; 2026-10-08-02:14:10; 1791425650.383052; 1791425650.383049; 1; 1900; 0; 0
EST TCP_QUEUE; 2026-10-08-02:14:10; 1791425650.433333; 1791425650.433330; 1; 1900; 0; 0
EST TCP_QUEUE; 2026-10-08-02:14:10; 1791425650.487898; 1791425650.487895; 1; 1900; 0; 0
EST TCP_QUEUE; 2026-10-08-02:14:10; 1791425650.534238; 1791425650.534234; 1; 1900; 0; 0
EST TCP_QUEUE; 2026-10-08-02:14:10; 1791425650.604704; 1791425650.604700; 0; 0; 0; 0
EST TCP_QUEUE; 2026-10-08-02:14:10; 1791425650.663566; 1791425650.663561; 0; 0; 0; 0
EST TCP_QUEUE; 2026-10-08-02:14:10; 1791425650.718969; 1791425650.718964; 0; 0; 0; 0
EST TCP_QUEUE; 2026-10-08-02:14:10; 1791425650.777315; 1791425650.777310; 0; 0; 0; 0
EST TCP_QUEUE; 2026-10-08-02:14:10; 1791425650.830015; 1791425650.830010; 1; 968; 0; 0
EST TCP_QUEUE; 2026-10-08-02:14:10; 1791425650.877678; 1791425650.877672; 1; 1421; 0; 0
EST TCP_QUEUE; 2026-10-08-02:14:10; 1791425650.933870; 1791425650.933865; 1; 1421; 0; 0
EST TCP_QUEUE; 2026-10-08-02:14:10; 1791425650.990114; 1791425650.990111; 0; 0; 0; 0
EST TCP_QUEUE; 2026-10-08-02:14:11; 1791425651.044447; 1791425651.044444; 0; 0; 0; 0
EST TCP_QUEUE; 2026-10-08-02:14:11; 1791425651.099370; 1791425651.099355; 0; 0; 0; 0
EST TCP_QUEUE; 2026-10-08-02:14:11; 1791425651.156988; 1791425651.156982; 0; 0; 0; 0
EST TCP_QUEUE; 2026-10-08-02:14:11; 1791425651.201545; 1791425651.201539; 0; 0; 0; 0
EST TCP_QUEUE; 2026-10-08-02:14:11; 1791425651.242410; 1791425651.242407; 0; 0; 0; 0
EST TCP_QUEUE; 2026-10-08-02:14:11; 1791425651.302355; 1791425651.302352; 0; 0; 0; 0
EST TCP_QUEUE; 2026-10-08-02:14:11; 1791425651.358439; 1791425651.358437; 0; 0; 0; 0
EST TCP_QUEUE; 2026-10-08-02:14:11; 1791425651.410927; 1791425651.410924; 0; 0; 0; 0
EST TCP_QUEUE; 2026-10-08-02:14:11; 1791425651.469148; 1791425651.469146; 1; 1115; 0; 0
EST TCP_QUEUE; 2026-10-08-02:14:11; 1791425651.515186; 1791425651.515183; 1; 1115; 0; 0
EST TCP_QUEUE; 2026-10-08-02:14:11; 1791425651.610007; 1791425651.610003; 0; 0; 0; 0
EST TCP_QUEUE; 2026-10-08-02:14:11; 1791425651.667925; 1791425651.667921; 0; 0; 0; 0
EST TCP_QUEUE; 2026-10-08-02:14:11; 1791425651.722773; 1791425651.722768; 0; 0; 0; 0
EST TCP_QUEUE; 2026-10-08-02:14:11; 1791425651.777234; 1791425651.777231; 0; 0; 0; 0
EST TCP_QUEUE; 2026-10-08-02:14:11; 1791425651.829838; 1791425651.829836; 0; 0; 0; 0
EST TCP_QUEUE; 2026-10-08-02:14:11; 1791425651.901182; 1791425651.901178; 0; 0; 0; 0
EST TCP_QUEUE; 2026-10-08-02:14:11; 1791425651.943622; 1791425651.943618; 1; 769; 0; 0
EST TCP_QUEUE; 2026-10-08-02:14:12; 1791425652.002662; 1791425652.002660; 1; 769; 0; 0
EST TCP_QUEUE; 2026-10-08-02:14:12; 1791425652.087783; 1791425652.087781; 0; 0; 0; 0
EST TCP_QUEUE; 2026-10-08-02:14:12; 1791425652.161320; 1791425652.161318; 0; 0; 0; 0
EST TCP_QUEUE; 2026-10-08-02:14:12; 1791425652.213860; 1791425652.213858; 0; 0; 0; 0
EST TCP_QUEUE; 2026-10-08-02:14:12; 1791425652.261896; 1791425652.261893; 0; 0; 0; 0
EST TCP_QUEUE; 2026-10-08-02:14:12; 1791425652.303291; 1791425652.303288; 0; 0; 0; 0
EST TCP_QUEUE; 2026-10-08-02:14:12; 1791425652.361970; 1791425652.361967; 0; 0; 0; 0
EST TCP_QUEUE; 2026-10-08-02:14:12; 1791425652.419584; 1791425652.419578; 0; 0; 0; 0
EST TCP_QUEUE; 2026-10-08-02:14:12; 1791425652.471978; 1791425652.471975; 1; 751; 0; 0
EST TCP_QUEUE; 2026-10-08-02:14:12; 1791425652.526482; 1791425652.526479; 1; 751; 0; 0
EST TCP_QUEUE; 2026-10-08-02:14:12; 1791425652.613057; 1791425652.613054; 1; 801; 0; 0
EST TCP_QUEUE; 2026-10-08-02:14:12; 1791425652.668158; 1791425652.668154; 0; 0; 0; 0
EST TCP_QUEUE; 2026-10-08-02:14:12; 1791425652.724109; 1791425652.724106; 0; 0; 0; 0
EST TCP_QUEUE; 2026-10-08-02:14:12; 1791425652.813557; 1791425652.813553; 0; 0; 0; 0
EST TCP_QUEUE; 2026-10-08-02:14:12; 1791425652.867666; 1791425652.867663; 0; 0; 0; 0
EST TCP_QUEUE; 2026-10-08-02:14:12; 1791425652.928401; 1791425652.928397; 0; 0; 0; 0
EST TCP_QUEUE; 2026-10-08-02:14:12; 1791425652.976144; 1791425652.976140; 1; 1080; 0; 0
EST TCP_QUEUE; 2026-10-08-02:14:13; 1791425653.015733; 1791425653.015729; 1; 1080; 0; 0
EST TCP_QUEUE; 2026-10-08-02:14:13; 1791425653.124355; 1791425653.124353; 0; 0; 0; 0
EST TCP_QUEUE; 2026-10-08-02:14:13; 1791425653.195218; 1791425653.195216; 0; 0; 0; 0
EST TCP_QUEUE; 2026-10-08-02:14:13; 1791425653.247513; 1791425653.247509; 0; 0; 0; 0
EST TCP_QUEUE; 2026-10-08-02:14:13; 1791425653.299692; 1791425653.299690; 0; 0; 0; 0
EST TCP_QUEUE; 2026-10-08-02:14:13; 1791425653.409797; 1791425653.409795; 0; 0; 0; 0
EST TCP_QUEUE; 2026-10-08-02:14:13; 1791425653.451321; 1791425653.451319; 0; 0; 0; 0
EST TCP_QUEUE; 2026-10-08-02:14:13; 1791425653.509364; 1791425653.509360; 1; 1521; 0; 0
EST TCP_QUEUE; 2026-10-08-02:14:13; 1791425653.575996; 1791425653.575993; 1; 1521; 0; 0
EST TCP_QUEUE; 2026-10-08-02:14:13; 1791425653.635534; 1791425653.635531; 1; 1521; 0; 0
EST TCP_QUEUE; 2026-10-08-02:14:13; 1791425653.690693; 1791425653.690687; 0; 0; 0; 0
EST TCP_QUEUE; 2026-10-08-02:14:13; 1791425653.742050; 1791425653.742045; 0; 0; 0; 0
EST TCP_QUEUE; 2026-10-08-02:14:13; 1791425653.783615; 1791425653.783610; 0; 0; 0; 0
EST TCP_QUEUE; 2026-10-08-02:14:13; 1791425653.843412; 1791425653.843407; 0; 0; 0; 0
EST TCP_QUEUE; 2026-10-08-02:14:13; 1791425653.899728; 1791425653.899724; 0; 0; 0; 0
EST TCP_QUEUE; 2026-10-08-02:14:13; 1791425653.957373; 1791425653.957370; 0; 0; 0; 0
EST TCP_QUEUE; 2026-10-08-02:14:14; 1791425654.009866; 1791425654.009863; 1; 0; 0; 0
EST TCP_QUEUE; 2026-10-08-02:14:14; 1791425654.061692; 1791425654.061690; 1; 0; 0; 0
EST TCP_QUEUE; 2026-10-08-02:14:14; 1791425654.111066; 1791425654.111063; 1; 0; 0; 0
EST TCP_QUEUE; 2026-10-08-02:14:14; 1791425654.203795; 1791425654.203791; 0; 0; 0; 0
EST TCP_QUEUE; 2026-10-08-02:14:14; 1791425654.264342; 1791425654.264337; 0; 0; 0; 0
EST TCP_QUEUE; 2026-10-08-02:14:14; 1791425654.323195; 1791425654.323191; 0; 0; 0; 0
EST TCP_QUEUE; 2026-10-08-02:14:14; 1791425654.373038; 1791425654.373034; 0; 0; 0; 0
EST TCP_QUEUE; 2026-10-08-02:14:14; 1791425654.422285; 1791425654.422282; 0; 0; 0; 0
EST TCP_QUEUE; 2026-10-08-02:14:14; 1791425654.464186; 1791425654.464182; 0; 0; 0; 0
EST TCP_QUEUE; 2026-10-08-02:14:14; 1791425654.520142; 1791425654.520139; 0; 0; 0; 0
EST TCP_QUEUE; 2026-10-08-02:14:14; 1791425654.575285; 1791425654.575283; 1; 1055; 0; 0
EST TCP_QUEUE; 2026-10-08-02:14:14; 1791425654.637479; 1791425654.637477; 1; 1055; 0; 0
EST TCP_QUEUE; 2026-10-08-02:14:14; 1791425654.690049; 1791425654.690046; 1; 864; 0; 0
EST TCP_QUEUE; 2026-10-08-02:14:14; 1791425654.738515; 1791425654.738511; 1; 864; 0; 0
EST TCP_QUEUE; 2026-10-08-02:14:14; 1791425654.779724; 1791425654.779721; 0; 0; 0; 0
EST TCP_QUEUE; 2026-10-08-02:14:14; 1791425654.837708; 1791425654.837706; 0; 0; 0; 0
EST TCP_QUEUE; 2026-10-08-02:14:14; 1791425654.894624; 1791425654.894620; 0; 0; 0; 0
EST TCP_QUEUE; 2026-10-08-02:14:14; 1791425654.944489; 1791425654.944483; 0; 0; 0; 0
EST TCP_QUEUE; 2026-10-08-02:14:14; 1791425654.995737; 1791425654.995734; 0; 0; 0; 0
EST TCP_QUEUE; 2026-10-08-02:14:15; 1791425655.043704; 1791425655.043701; 1; 370; 0; 0
EST TCP_QUEUE; 2026-10-08-02:14:15; 1791425655.084429; 1791425655.084427; 1; 370; 0; 0
EST TCP_QUEUE; 2026-10-08-02:14:15; 1791425655.142213; 1791425655.142211; 1; 370; 0; 0
EST TCP_QUEUE; 2026-10-08-02:14:15; 1791425655.198198; 1791425655.198195; 0; 0; 0; 0
EST TCP_QUEUE; 2026-10-08-02:14:15; 1791425655.247762; 1791425655.247757; 0; 0; 0; 0
EST TCP_QUEUE; 2026-10-08-02:14:15; 1791425655.303854; 1791425655.303850; 0; 0; 0; 0
EST TCP_QUEUE; 2026-10-08-02:14:15; 1791425655.403396; 1791425655.403393; 0; 0; 0; 0
EST TCP_QUEUE; 2026-10-08-02:14:15; 1791425655.449049; 1791425655.449047; 0; 0; 0; 0
EST TCP_QUEUE; 2026-10-08-02:14:15; 1791425655.512999; 1791425655.512995; 0; 0; 0; 0
EST TCP_QUEUE; 2026-10-08-02:14:15; 1791425655.574927; 1791425655.574923; 0; 0; 0; 0
EST TCP_QUEUE; 2026-10-08-02:14:15; 1791425655.626358; 1791425655.626354; 1; 2754; 0; 0
EST TCP_QUEUE; 2026-10-08-02:14:15; 1791425655.691554; 1791425655.691550; 1; 2754; 0; 0
EST TCP_QUEUE; 2026-10-08-02:14:15; 1791425655.737813; 1791425655.737810; 1; 2754; 0; 0
EST TCP_QUEUE; 2026-10-08-02:14:15; 1791425655.783446; 1791425655.783442; 0; 0; 0; 0
EST TCP_QUEUE; 2026-10-08-02:14:15; 1791425655.840715; 1791425655.840710; 0; 0; 0; 0
EST TCP_QUEUE; 2026-10-08-02:14:15; 1791425655.910623; 1791425655.910618; 0; 0; 0; 0
EST TCP_QUEUE; 2026-10-08-02:14:15; 1791425655.961152; 1791425655.961149; 0; 0; 0; 0
EST TCP_QUEUE; 2026-10-08-02:14:16; 1791425656.015297; 1791425656.015294; 0; 0; 0; 0
EST TCP_QUEUE; 2026-10-08-02:14:16; 1791425656.061123; 1791425656.061121; 0; 0; 0; 0
EST TCP_QUEUE; 2026-10-08-02:14:16; 1791425656.110190; 1791425656.110186; 1; 517; 0; 0
WAN 02:14:17.561670 IP (tos 0x0, ttl 127, id 747, offset 0, flags [DF], proto TCP (6), length 64)
WAN     192.168.2.70.44885 > 20.42.72.131.443: Flags [S], cksum 0x2e98 (correct), seq 494641641, win 65535, options [mss 1460,nop,wscale 8,nop,nop,sackOK,nop,nop,TS val 3394153729 ecr 0], length 0
LAN 02:14:17.561474 IP (tos 0x0, ttl 128, id 747, offset 0, flags [DF], proto TCP (6), length 52)
LAN     192.168.56.1.44885 > 20.42.72.131.443: Flags [S], cksum 0xa944 (correct), seq 494641641, win 65535, options [mss 1460,nop,wscale 8,nop,nop,sackOK], length 0
EST TCP_QUEUE; 2026-10-08-02:14:16; 1791425656.203362; 1791425656.203357; 1; 517; 0; 0
EST TCP_QUEUE; 2026-10-08-02:14:16; 1791425656.257979; 1791425656.257976; 1; 517; 0; 0
EST TCP_QUEUE; 2026-10-08-02:14:16; 1791425656.316437; 1791425656.316433; 0; 0; 0; 0
EST TCP_QUEUE; 2026-10-08-02:14:16; 1791425656.416068; 1791425656.416063; 0; 0; 0; 0
EST TCP_QUEUE; 2026-10-08-02:14:16; 1791425656.468204; 1791425656.468201; 0; 0; 0; 0
EST TCP_QUEUE; 2026-10-08-02:14:16; 1791425656.510416; 1791425656.510413; 0; 0; 0; 0
EST TCP_QUEUE; 2026-10-08-02:14:16; 1791425656.568366; 1791425656.568364; 0; 0; 0; 0
EST TCP_QUEUE; 2026-10-08-02:14:16; 1791425656.629615; 1791425656.629611; 0; 0; 0; 0
EST TCP_QUEUE; 2026-10-08-02:14:16; 1791425656.678888; 1791425656.678885; 1; 0; 0; 0
WAN 02:14:17.608738 IP (tos 0x0, ttl 113, id 42294, offset 0, flags [DF], proto TCP (6), length 60)
WAN     20.42.72.131.443 > 192.168.2.70.44885: Flags [S.], cksum 0x3283 (correct), seq 1689628307, ack 494641642, win 65535, options [mss 1440,nop,wscale 8,sackOK,TS val 1037876472 ecr 3394153729], length 0
LAN 02:14:17.609063 IP (tos 0x0, ttl 112, id 42294, offset 0, flags [DF], proto TCP (6), length 60)
LAN     20.42.72.131.443 > 192.168.56.1.44885: Flags [S.], cksum 0x71f2 (correct), seq 1689628307, ack 494641642, win 65535, options [mss 1440,nop,wscale 8,sackOK,nop,nop,nop,nop,nop,nop,nop,nop,nop,nop], length 0
EST TCP_QUEUE; 2026-10-08-02:14:16; 1791425656.732707; 1791425656.732705; 1; 0; 0; 0
EST TCP_QUEUE; 2026-10-08-02:14:16; 1791425656.778978; 1791425656.778974; 1; 1239; 0; 0
EST TCP_QUEUE; 2026-10-08-02:14:16; 1791425656.824520; 1791425656.824517; 1; 1239; 0; 0
EST TCP_QUEUE; 2026-10-08-02:14:16; 1791425656.884649; 1791425656.884646; 0; 0; 0; 0
EST TCP_QUEUE; 2026-10-08-02:14:16; 1791425656.962233; 1791425656.962230; 0; 0; 0; 0
EST TCP_QUEUE; 2026-10-08-02:14:17; 1791425657.012443; 1791425657.012440; 0; 0; 0; 0
EST TCP_QUEUE; 2026-10-08-02:14:17; 1791425657.113590; 1791425657.113585; 0; 0; 0; 0
EST TCP_QUEUE; 2026-10-08-02:14:17; 1791425657.166842; 1791425657.166839; 1; 376; 0; 0
EST TCP_QUEUE; 2026-10-08-02:14:17; 1791425657.211466; 1791425657.211460; 1; 376; 0; 0
EST TCP_QUEUE; 2026-10-08-02:14:17; 1791425657.273115; 1791425657.273109; 0; 0; 0; 0
EST TCP_QUEUE; 2026-10-08-02:14:17; 1791425657.332356; 1791425657.332349; 0; 0; 0; 0
EST TCP_QUEUE; 2026-10-08-02:14:17; 1791425657.418743; 1791425657.418739; 1; 1445; 0; 0
EST TCP_QUEUE; 2026-10-08-02:14:17; 1791425657.482856; 1791425657.482853; 1; 1445; 0; 0
EST TCP_QUEUE; 2026-10-08-02:14:17; 1791425657.535111; 1791425657.535108; 1; 1445; 0; 0
EST TCP_QUEUE; 2026-10-08-02:14:17; 1791425657.576798; 1791425657.576795; 1; 669; 0; 0
EST TCP_QUEUE; 2026-10-08-02:14:17; 1791425657.634882; 1791425657.634879; 1; 669; 0; 0
EST TCP_QUEUE; 2026-10-08-02:14:17; 1791425657.693684; 1791425657.693680; 1; 421; 0; 0
EST TCP_QUEUE; 2026-10-08-02:14:17; 1791425657.745332; 1791425657.745328; 1; 421; 0; 0
EST TCP_QUEUE; 2026-10-08-02:14:17; 1791425657.798396; 1791425657.798391; 1; 421; 0; 0
EST TCP_QUEUE; 2026-10-08-02:14:17; 1791425657.846046; 1791425657.846042; 1; 421; 0; 0
EST TCP_QUEUE; 2026-10-08-02:14:17; 1791425657.895437; 1791425657.895432; 1; 1012; 0; 0
EST TCP_QUEUE; 2026-10-08-02:14:17; 1791425657.954128; 1791425657.954122; 1; 1012; 0; 0
EST TCP_QUEUE; 2026-10-08-02:14:18; 1791425658.009639; 1791425658.009636; 0; 0; 0; 0
EST TCP_QUEUE; 2026-10-08-02:14:18; 1791425658.108511; 1791425658.108454; 0; 0; 0; 0
EST TCP_QUEUE; 2026-10-08-02:14:18; 1791425658.192903; 1791425658.192900; 1; 0; 0; 0
EST TCP_QUEUE; 2026-10-08-02:14:18; 1791425658.238983; 1791425658.238980; 1; 0; 0; 0
EST TCP_QUEUE; 2026-10-08-02:14:18; 1791425658.280281; 1791425658.280279; 1; 0; 0; 0
EST TCP_QUEUE; 2026-10-08-02:14:18; 1791425658.340632; 1791425658.340630; 1; 0; 0; 0
EST TCP_QUEUE; 2026-10-08-02:14:18; 1791425658.401112; 1791425658.401108; 0; 0; 0; 0
EST TCP_QUEUE; 2026-10-08-02:14:18; 1791425658.451638; 1791425658.451635; 0; 0; 0; 0
EST TCP_QUEUE; 2026-10-08-02:14:18; 1791425658.504154; 1791425658.504152; 0; 0; 0; 0
EST TCP_QUEUE; 2026-10-08-02:14:18; 1791425658.555107; 1791425658.555105; 0; 0; 0; 0
EST TCP_QUEUE; 2026-10-08-02:14:18; 1791425658.599424; 1791425658.599421; 0; 0; 0; 0
EST TCP_QUEUE; 2026-10-08-02:14:18; 1791425658.659154; 1791425658.659150; 0; 0; 0; 0
EST TCP_QUEUE; 2026-10-08-02:14:18; 1791425658.716133; 1791425658.716127; 0; 0; 0; 0
EST TCP_QUEUE; 2026-10-08-02:14:18; 1791425658.768906; 1791425658.768901; 1; 1530; 0; 0
EST TCP_QUEUE; 2026-10-08-02:14:18; 1791425658.820398; 1791425658.820396; 1; 1530; 0; 0
EST TCP_QUEUE; 2026-10-08-02:14:18; 1791425658.867890; 1791425658.867888; 1; 1022; 0; 0
EST TCP_QUEUE; 2026-10-08-02:14:18; 1791425658.914347; 1791425658.914342; 1; 1022; 0; 0
EST TCP_QUEUE; 2026-10-08-02:14:18; 1791425658.973659; 1791425658.973655; 0; 0; 0; 0
EST TCP_QUEUE; 2026-10-08-02:14:19; 1791425659.028930; 1791425659.028926; 0; 0; 0; 0
EST TCP_QUEUE; 2026-10-08-02:14:19; 1791425659.105011; 1791425659.105008; 0; 0; 0; 0
EST TCP_QUEUE; 2026-10-08-02:14:19; 1791425659.171119; 1791425659.171116; 0; 0; 0; 0
EST TCP_QUEUE; 2026-10-08-02:14:19; 1791425659.223283; 1791425659.223281; 0; 0; 0; 0
EST TCP_QUEUE; 2026-10-08-02:14:19; 1791425659.266161; 1791425659.266158; 1; 1061; 0; 0
EST TCP_QUEUE; 2026-10-08-02:14:19; 1791425659.324727; 1791425659.324725; 1; 1061; 0; 0
EST TCP_QUEUE; 2026-10-08-02:14:19; 1791425659.380582; 1791425659.380577; 0; 0; 0; 0
EST TCP_QUEUE; 2026-10-08-02:14:19; 1791425659.432735; 1791425659.432733; 1; 0; 0; 0
EST TCP_QUEUE; 2026-10-08-02:14:19; 1791425659.506399; 1791425659.506396; 1; 0; 0; 0
EST TCP_QUEUE; 2026-10-08-02:14:19; 1791425659.556090; 1791425659.556086; 1; 0; 0; 0
EST TCP_QUEUE; 2026-10-08-02:14:19; 1791425659.616032; 1791425659.616029; 0; 0; 0; 0
EST TCP_QUEUE; 2026-10-08-02:14:19; 1791425659.675722; 1791425659.675718; 0; 0; 0; 0
EST TCP_QUEUE; 2026-10-08-02:14:19; 1791425659.729560; 1791425659.729555; 0; 0; 0; 0
EST TCP_QUEUE; 2026-10-08-02:14:19; 1791425659.785903; 1791425659.785898; 1; 127; 0; 0
EST TCP_QUEUE; 2026-10-08-02:14:19; 1791425659.841705; 1791425659.841703; 1; 127; 0; 0
EST TCP_QUEUE; 2026-10-08-02:14:19; 1791425659.887357; 1791425659.887353; 1; 127; 0; 0
EST TCP_QUEUE; 2026-10-08-02:14:19; 1791425659.952301; 1791425659.952299; 1; 127; 0; 0
EST TCP_QUEUE; 2026-10-08-02:14:20; 1791425660.023669; 1791425660.023667; 1; 473; 0; 0
EST TCP_QUEUE; 2026-10-08-02:14:20; 1791425660.077849; 1791425660.077847; 0; 0; 0; 0
EST TCP_QUEUE; 2026-10-08-02:14:20; 1791425660.128390; 1791425660.128386; 0; 0; 0; 0
EST TCP_QUEUE; 2026-10-08-02:14:20; 1791425660.182960; 1791425660.182958; 0; 0; 0; 0
EST TCP_QUEUE; 2026-10-08-02:14:20; 1791425660.229129; 1791425660.229126; 0; 0; 0; 0
EST TCP_QUEUE; 2026-10-08-02:14:20; 1791425660.276342; 1791425660.276340; 0; 0; 0; 0
EST TCP_QUEUE; 2026-10-08-02:14:20; 1791425660.333860; 1791425660.333857; 1; 779; 0; 0
EST TCP_QUEUE; 2026-10-08-02:14:20; 1791425660.399886; 1791425660.399884; 1; 779; 0; 0
EST TCP_QUEUE; 2026-10-08-02:14:20; 1791425660.455511; 1791425660.455508; 1; 779; 0; 0
EST TCP_QUEUE; 2026-10-08-02:14:20; 1791425660.515138; 1791425660.515135; 0; 0; 0; 0
EST TCP_QUEUE; 2026-10-08-02:14:20; 1791425660.564675; 1791425660.564672; 0; 0; 0; 0
EST TCP_QUEUE; 2026-10-08-02:14:20; 1791425660.606310; 1791425660.606306; 0; 0; 0; 0
EST TCP_QUEUE; 2026-10-08-02:14:20; 1791425660.664261; 1791425660.664257; 0; 0; 0; 0
EST TCP_QUEUE; 2026-10-08-02:14:20; 1791425660.718350; 1791425660.718347; 0; 0; 0; 0
EST TCP_QUEUE; 2026-10-08-02:14:20; 1791425660.774453; 1791425660.774449; 0; 0; 0; 0
EST TCP_QUEUE; 2026-10-08-02:14:20; 1791425660.826887; 1791425660.826884; 0; 0; 0; 0
EST TCP_QUEUE; 2026-10-08-02:14:20; 1791425660.872928; 1791425660.872925; 1; 84; 0; 0
EST TCP_QUEUE; 2026-10-08-02:14:20; 1791425660.919837; 1791425660.919831; 1; 84; 0; 0
EST TCP_QUEUE; 2026-10-08-02:14:20; 1791425660.978832; 1791425660.978825; 1; 1310; 0; 0
EST TCP_QUEUE; 2026-10-08-02:14:21; 1791425661.039872; 1791425661.039870; 1; 1310; 0; 0
EST TCP_QUEUE; 2026-10-08-02:14:21; 1791425661.105943; 1791425661.105940; 0; 0; 0; 0
EST TCP_QUEUE; 2026-10-08-02:14:21; 1791425661.195096; 1791425661.195094; 0; 0; 0; 0
EST TCP_QUEUE; 2026-10-08-02:14:21; 1791425661.245282; 1791425661.245279; 0; 0; 0; 0
EST TCP_QUEUE; 2026-10-08-02:14:21; 1791425661.290347; 1791425661.290344; 0; 0; 0; 0
EST TCP_QUEUE; 2026-10-08-02:14:21; 1791425661.351711; 1791425661.351708; 1; 800; 0; 0
EST TCP_QUEUE; 2026-10-08-02:14:21; 1791425661.407025; 1791425661.407022; 1; 800; 0; 0
EST TCP_QUEUE; 2026-10-08-02:14:21; 1791425661.461207; 1791425661.461203; 1; 800; 0; 0
EST TCP_QUEUE; 2026-10-08-02:14:21; 1791425661.515931; 1791425661.515928; 0; 0; 0; 0
EST TCP_QUEUE; 2026-10-08-02:14:21; 1791425661.561937; 1791425661.561934; 1; 0; 1; 1832
EST TCP_QUEUE; 2026-10-08-02:14:21; 1791425661.606701; 1791425661.606698; 1; 0; 1; 0
EST TCP_QUEUE; 2026-10-08-02:14:21; 1791425661.666357; 1791425661.666354; 1; 0; 1; 0
EST TCP_QUEUE; 2026-10-08-02:14:21; 1791425661.722564; 1791425661.722562; 0; 0; 0; 0
EST TCP_QUEUE; 2026-10-08-02:14:21; 1791425661.776180; 1791425661.776172; 0; 0; 0; 0
EST TCP_QUEUE; 2026-10-08-02:14:21; 1791425661.830285; 1791425661.830283; 0; 0; 0; 0
EST TCP_QUEUE; 2026-10-08-02:14:21; 1791425661.874458; 1791425661.874455; 0; 0; 0; 0
EST TCP_QUEUE; 2026-10-08-02:14:21; 1791425661.918163; 1791425661.918160; 1; 0; 0; 0
EST TCP_QUEUE; 2026-10-08-02:14:21; 1791425661.979795; 1791425661.979792; 1; 0; 0; 0
EST TCP_QUEUE; 2026-10-08-02:14:22; 1791425662.037871; 1791425662.037867; 1; 0; 0; 0
EST TCP_QUEUE; 2026-10-08-02:14:22; 1791425662.092440; 1791425662.092437; 1; 755; 0; 0
EST TCP_QUEUE; 2026-10-08-02:14:22; 1791425662.152242; 1791425662.152239; 1; 755; 0; 0
EST TCP_QUEUE; 2026-10-08-02:14:22; 1791425662.200603; 1791425662.200599; 0; 0; 0; 0
EST TCP_QUEUE; 2026-10-08-02:14:22; 1791425662.257521; 1791425662.257518; 0; 0; 0; 0
EST TCP_QUEUE; 2026-10-08-02:14:22; 1791425662.320520; 1791425662.320512; 0; 0; 0; 0
EST TCP_QUEUE; 2026-10-08-02:14:22; 1791425662.380247; 1791425662.380239; 1; 1817; 0; 0
EST TCP_QUEUE; 2026-10-08-02:14:22; 1791425662.431873; 1791425662.431869; 1; 1817; 0; 0
EST TCP_QUEUE; 2026-10-08-02:14:22; 1791425662.487350; 1791425662.487346; 1; 1817; 0; 0
EST TCP_QUEUE; 2026-10-08-02:14:22; 1791425662.535880; 1791425662.535875; 1; 1817; 0; 0
EST TCP_QUEUE; 2026-10-08-02:14:22; 1791425662.579539; 1791425662.579536; 0; 0; 0; 0
EST TCP_QUEUE; 2026-10-08-02:14:22; 1791425662.637276; 1791425662.637272; 0; 0; 0; 0
EST TCP_QUEUE; 2026-10-08-02:14:22; 1791425662.717169; 1791425662.717163; 0; 0; 0; 0
EST TCP_QUEUE; 2026-10-08-02:14:22; 1791425662.769941; 1791425662.769936; 0; 0; 0; 0
EST TCP_QUEUE; 2026-10-08-02:14:22; 1791425662.824525; 1791425662.824521; 1; 1077; 0; 0
EST TCP_QUEUE; 2026-10-08-02:14:22; 1791425662.872052; 1791425662.872048; 1; 1077; 0; 0
EST TCP_QUEUE; 2026-10-08-02:14:22; 1791425662.913662; 1791425662.913657; 1; 1077; 0; 0
EST TCP_QUEUE; 2026-10-08-02:14:22; 1791425662.971033; 1791425662.971029; 1; 998; 0; 0
EST TCP_QUEUE; 2026-10-08-02:14:23; 1791425663.026157; 1791425663.026151; 1; 998; 0; 0
EST TCP_QUEUE; 2026-10-08-02:14:23; 1791425663.078079; 1791425663.078077; 1; 766; 0; 0
EST TCP_QUEUE; 2026-10-08-02:14:23; 1791425663.137985; 1791425663.137981; 1; 766; 0; 0
EST TCP_QUEUE; 2026-10-08-02:14:23; 1791425663.309453; 1791425663.309451; 0; 0; 0; 0
EST TCP_QUEUE; 2026-10-08-02:14:23; 1791425663.370379; 1791425663.370376; 0; 0; 0; 0
EST TCP_QUEUE; 2026-10-08-02:14:23; 1791425663.428559; 1791425663.428557; 1; 444; 0; 0
EST TCP_QUEUE; 2026-10-08-02:14:23; 1791425663.488613; 1791425663.488611; 1; 444; 0; 0
EST TCP_QUEUE; 2026-10-08-02:14:23; 1791425663.546861; 1791425663.546859; 1; 444; 0; 0
EST TCP_QUEUE; 2026-10-08-02:14:23; 1791425663.600283; 1791425663.600281; 0; 0; 0; 0
EST TCP_QUEUE; 2026-10-08-02:14:23; 1791425663.647200; 1791425663.647197; 0; 0; 0; 0
EST TCP_QUEUE; 2026-10-08-02:14:23; 1791425663.689212; 1791425663.689209; 0; 0; 0; 0
EST TCP_QUEUE; 2026-10-08-02:14:23; 1791425663.749464; 1791425663.749460; 1; 306; 0; 0
EST TCP_QUEUE; 2026-10-08-02:14:23; 1791425663.812932; 1791425663.812929; 1; 306; 0; 0
EST TCP_QUEUE; 2026-10-08-02:14:23; 1791425663.865177; 1791425663.865173; 1; 306; 0; 0
EST TCP_QUEUE; 2026-10-08-02:14:23; 1791425663.944503; 1791425663.944501; 0; 0; 0; 0
EST TCP_QUEUE; 2026-10-08-02:14:23; 1791425663.992715; 1791425663.992711; 1; 649; 0; 0
EST TCP_QUEUE; 2026-10-08-02:14:24; 1791425664.033937; 1791425664.033934; 1; 649; 0; 0
EST TCP_QUEUE; 2026-10-08-02:14:24; 1791425664.105714; 1791425664.105711; 0; 0; 0; 0
EST TCP_QUEUE; 2026-10-08-02:14:24; 1791425664.167325; 1791425664.167323; 1; 1079; 0; 0
EST TCP_QUEUE; 2026-10-08-02:14:24; 1791425664.217451; 1791425664.217448; 1; 1079; 0; 0
EST TCP_QUEUE; 2026-10-08-02:14:24; 1791425664.285726; 1791425664.285722; 0; 0; 0; 0
EST TCP_QUEUE; 2026-10-08-02:14:24; 1791425664.339904; 1791425664.339899; 0; 0; 0; 0
EST TCP_QUEUE; 2026-10-08-02:14:24; 1791425664.381505; 1791425664.381501; 0; 0; 0; 0
EST TCP_QUEUE; 2026-10-08-02:14:24; 1791425664.441571; 1791425664.441569; 0; 0; 0; 0
EST TCP_QUEUE; 2026-10-08-02:14:24; 1791425664.494409; 1791425664.494403; 1; 67; 0; 0
EST TCP_QUEUE; 2026-10-08-02:14:24; 1791425664.549278; 1791425664.549270; 1; 67; 0; 0
EST TCP_QUEUE; 2026-10-08-02:14:24; 1791425664.601882; 1791425664.601878; 0; 0; 0; 0
EST TCP_QUEUE; 2026-10-08-02:14:24; 1791425664.647976; 1791425664.647974; 0; 0; 0; 0
EST TCP_QUEUE; 2026-10-08-02:14:24; 1791425664.716840; 1791425664.716835; 0; 0; 0; 0
EST TCP_QUEUE; 2026-10-08-02:14:24; 1791425664.776212; 1791425664.776204; 0; 0; 0; 0
EST TCP_QUEUE; 2026-10-08-02:14:24; 1791425664.828997; 1791425664.828994; 0; 0; 0; 0
EST TCP_QUEUE; 2026-10-08-02:14:24; 1791425664.881248; 1791425664.881245; 0; 0; 0; 0
EST TCP_QUEUE; 2026-10-08-02:14:24; 1791425664.935860; 1791425664.935855; 0; 0; 0; 0
EST TCP_QUEUE; 2026-10-08-02:14:24; 1791425664.981750; 1791425664.981745; 0; 0; 0; 0
EST TCP_QUEUE; 2026-10-08-02:14:25; 1791425665.025346; 1791425665.025342; 1; 894; 0; 0
EST TCP_QUEUE; 2026-10-08-02:14:25; 1791425665.101862; 1791425665.101859; 1; 894; 0; 0
EST TCP_QUEUE; 2026-10-08-02:14:25; 1791425665.174038; 1791425665.174035; 0; 0; 0; 0
EST TCP_QUEUE; 2026-10-08-02:14:25; 1791425665.226014; 1791425665.226011; 1; 290; 0; 0
EST TCP_QUEUE; 2026-10-08-02:14:25; 1791425665.285027; 1791425665.285022; 1; 290; 0; 0
EST TCP_QUEUE; 2026-10-08-02:14:25; 1791425665.338246; 1791425665.338243; 1; 290; 0; 0
EST TCP_QUEUE; 2026-10-08-02:14:25; 1791425665.395172; 1791425665.395169; 0; 0; 0; 0
EST TCP_QUEUE; 2026-10-08-02:14:25; 1791425665.457254; 1791425665.457251; 0; 0; 0; 0
EST TCP_QUEUE; 2026-10-08-02:14:25; 1791425665.511415; 1791425665.511411; 1; 966; 0; 0
EST TCP_QUEUE; 2026-10-08-02:14:25; 1791425665.562992; 1791425665.562988; 1; 966; 0; 0
EST TCP_QUEUE; 2026-10-08-02:14:25; 1791425665.618162; 1791425665.618157; 1; 966; 0; 0
EST TCP_QUEUE; 2026-10-08-02:14:25; 1791425665.673763; 1791425665.673760; 0; 0; 0; 0
EST TCP_QUEUE; 2026-10-08-02:14:25; 1791425665.737561; 1791425665.737557; 1; 0; 0; 0
EST TCP_QUEUE; 2026-10-08-02:14:25; 1791425665.794469; 1791425665.794465; 1; 0; 0; 0
EST TCP_QUEUE; 2026-10-08-02:14:25; 1791425665.888045; 1791425665.888041; 0; 0; 0; 0
EST TCP_QUEUE; 2026-10-08-02:14:25; 1791425665.963405; 1791425665.963400; 0; 0; 0; 0
EST TCP_QUEUE; 2026-10-08-02:14:26; 1791425666.015571; 1791425666.015568; 0; 0; 0; 0
EST TCP_QUEUE; 2026-10-08-02:14:26; 1791425666.063193; 1791425666.063190; 1; 435; 0; 0
EST TCP_QUEUE; 2026-10-08-02:14:26; 1791425666.110694; 1791425666.110692; 1; 435; 0; 0
EST TCP_QUEUE; 2026-10-08-02:14:26; 1791425666.168380; 1791425666.168377; 0; 0; 0; 0
EST TCP_QUEUE; 2026-10-08-02:14:26; 1791425666.244202; 1791425666.244200; 0; 0; 0; 0
EST TCP_QUEUE; 2026-10-08-02:14:26; 1791425666.294500; 1791425666.294498; 1; 240; 0; 0
EST TCP_QUEUE; 2026-10-08-02:14:26; 1791425666.409289; 1791425666.409286; 0; 0; 0; 0
EST TCP_QUEUE; 2026-10-08-02:14:26; 1791425666.464602; 1791425666.464599; 0; 0; 0; 0
EST TCP_QUEUE; 2026-10-08-02:14:26; 1791425666.513960; 1791425666.513958; 0; 0; 0; 0
EST TCP_QUEUE; 2026-10-08-02:14:26; 1791425666.581094; 1791425666.581090; 1; 0; 0; 0
EST TCP_QUEUE; 2026-10-08-02:14:26; 1791425666.642006; 1791425666.642004; 1; 0; 0; 0
EST TCP_QUEUE; 2026-10-08-02:14:26; 1791425666.692679; 1791425666.692676; 0; 0; 0; 0
EST TCP_QUEUE; 2026-10-08-02:14:26; 1791425666.751547; 1791425666.751544; 0; 0; 0; 0
EST TCP_QUEUE; 2026-10-08-02:14:26; 1791425666.800360; 1791425666.800356; 1; 1269; 0; 0
EST TCP_QUEUE; 2026-10-08-02:14:26; 1791425666.840141; 1791425666.840138; 1; 1269; 0; 0
EST TCP_QUEUE; 2026-10-08-02:14:26; 1791425666.901482; 1791425666.901480; 0; 0; 0; 0
EST TCP_QUEUE; 2026-10-08-02:14:26; 1791425666.964001; 1791425666.963999; 0; 0; 0; 0
EST TCP_QUEUE; 2026-10-08-02:14:27; 1791425667.020300; 1791425667.020297; 0; 0; 0; 0
EST TCP_QUEUE; 2026-10-08-02:14:27; 1791425667.074914; 1791425667.074911; 0; 0; 0; 0
EST TCP_QUEUE; 2026-10-08-02:14:27; 1791425667.122704; 1791425667.122701; 1; 179; 0; 0
EST TCP_QUEUE; 2026-10-08-02:14:27; 1791425667.167231; 1791425667.167227; 1; 179; 0; 0
EST TCP_QUEUE; 2026-10-08-02:14:27; 1791425667.237187; 1791425667.237184; 1; 179; 0; 0
EST TCP_QUEUE; 2026-10-08-02:14:27; 1791425667.303005; 1791425667.303001; 0; 0; 0; 0
EST TCP_QUEUE; 2026-10-08-02:14:27; 1791425667.357581; 1791425667.357575; 1; 1609; 0; 0
EST TCP_QUEUE; 2026-10-08-02:14:27; 1791425667.463901; 1791425667.463897; 1; 1609; 0; 0
EST TCP_QUEUE; 2026-10-08-02:14:27; 1791425667.509363; 1791425667.509360; 0; 0; 0; 0
EST TCP_QUEUE; 2026-10-08-02:14:27; 1791425667.553246; 1791425667.553243; 0; 0; 0; 0
EST TCP_QUEUE; 2026-10-08-02:14:27; 1791425667.612980; 1791425667.612977; 1; 752; 0; 0
EST TCP_QUEUE; 2026-10-08-02:14:27; 1791425667.667348; 1791425667.667345; 1; 752; 0; 0
EST TCP_QUEUE; 2026-10-08-02:14:27; 1791425667.723785; 1791425667.723783; 1; 752; 0; 0
EST TCP_QUEUE; 2026-10-08-02:14:27; 1791425667.780675; 1791425667.780671; 0; 0; 0; 0
EST TCP_QUEUE; 2026-10-08-02:14:27; 1791425667.826621; 1791425667.826617; 0; 0; 0; 0
EST TCP_QUEUE; 2026-10-08-02:14:27; 1791425667.870479; 1791425667.870474; 1; 2048; 1; 0
EST TCP_QUEUE; 2026-10-08-02:14:27; 1791425667.927759; 1791425667.927754; 1; 2048; 1; 0
EST TCP_QUEUE; 2026-10-08-02:14:28; 1791425668.008984; 1791425668.008979; 1; 1604; 0; 0
EST TCP_QUEUE; 2026-10-08-02:14:28; 1791425668.061341; 1791425668.061337; 1; 1604; 0; 0
EST TCP_QUEUE; 2026-10-08-02:14:28; 1791425668.113278; 1791425668.113276; 0; 0; 0; 0
EST TCP_QUEUE; 2026-10-08-02:14:28; 1791425668.159371; 1791425668.159367; 1; 0; 0; 0
EST TCP_QUEUE; 2026-10-08-02:14:28; 1791425668.205075; 1791425668.205064; 1; 0; 0; 0
EST TCP_QUEUE; 2026-10-08-02:14:28; 1791425668.267045; 1791425668.267033; 0; 0; 0; 0
EST TCP_QUEUE; 2026-10-08-02:14:28; 1791425668.327591; 1791425668.327576; 0; 0; 0; 0
EST TCP_QUEUE; 2026-10-08-02:14:28; 1791425668.375926; 1791425668.375921; 1; 2166; 0; 0
EST TCP_QUEUE; 2026-10-08-02:14:28; 1791425668.434363; 1791425668.434358; 1; 2166; 0; 0
EST TCP_QUEUE; 2026-10-08-02:14:28; 1791425668.479721; 1791425668.479716; 1; 2166; 0; 0
EST TCP_QUEUE; 2026-10-08-02:14:28; 1791425668.527720; 1791425668.527711; 1; 2166; 0; 0
EST TCP_QUEUE; 2026-10-08-02:14:28; 1791425668.587380; 1791425668.587373; 0; 0; 0; 0
EST TCP_QUEUE; 2026-10-08-02:14:28; 1791425668.643362; 1791425668.643357; 0; 0; 0; 0
EST TCP_QUEUE; 2026-10-08-02:14:28; 1791425668.696797; 1791425668.696793; 0; 0; 0; 0
EST TCP_QUEUE; 2026-10-08-02:14:28; 1791425668.749468; 1791425668.749466; 1; 21; 0; 0
EST TCP_QUEUE; 2026-10-08-02:14:28; 1791425668.797380; 1791425668.797378; 1; 21; 0; 0
EST TCP_QUEUE; 2026-10-08-02:14:28; 1791425668.838603; 1791425668.838600; 1; 21; 0; 0
EST TCP_QUEUE; 2026-10-08-02:14:28; 1791425668.900595; 1791425668.900592; 0; 0; 0; 0
EST TCP_QUEUE; 2026-10-08-02:14:28; 1791425668.954763; 1791425668.954760; 0; 0; 0; 0
EST TCP_QUEUE; 2026-10-08-02:14:29; 1791425669.012880; 1791425669.012877; 1; 0; 1; 2662
EST TCP_QUEUE; 2026-10-08-02:14:29; 1791425669.065722; 1791425669.065719; 1; 0; 1; 2662
EST TCP_QUEUE; 2026-10-08-02:14:29; 1791425669.111452; 1791425669.111450; 1; 0; 1; 2662
EST TCP_QUEUE; 2026-10-08-02:14:29; 1791425669.155239; 1791425669.155235; 1; 0; 1; 2662
EST TCP_QUEUE; 2026-10-08-02:14:29; 1791425669.213515; 1791425669.213513; 1; 501; 0; 0
EST TCP_QUEUE; 2026-10-08-02:14:29; 1791425669.322651; 1791425669.322645; 1; 501; 0; 0
EST TCP_QUEUE; 2026-10-08-02:14:29; 1791425669.399735; 1791425669.399733; 0; 0; 0; 0
EST TCP_QUEUE; 2026-10-08-02:14:29; 1791425669.460419; 1791425669.460415; 1; 378; 0; 0
EST TCP_QUEUE; 2026-10-08-02:14:29; 1791425669.525450; 1791425669.525447; 1; 378; 0; 0
EST TCP_QUEUE; 2026-10-08-02:14:29; 1791425669.580995; 1791425669.580992; 0; 0; 0; 0
EST TCP_QUEUE; 2026-10-08-02:14:29; 1791425669.638315; 1791425669.638312; 0; 0; 0; 0
EST TCP_QUEUE; 2026-10-08-02:14:29; 1791425669.697624; 1791425669.697622; 0; 0; 0; 0
EST TCP_QUEUE; 2026-10-08-02:14:29; 1791425669.748917; 1791425669.748914; 0; 0; 0; 0
EST TCP_QUEUE; 2026-10-08-02:14:29; 1791425669.803393; 1791425669.803389; 0; 0; 0; 0
EST TCP_QUEUE; 2026-10-08-02:14:29; 1791425669.917251; 1791425669.917248; 0; 0; 0; 0
EST TCP_QUEUE; 2026-10-08-02:14:29; 1791425669.968274; 1791425669.968271; 1; 385; 1; 0
EST TCP_QUEUE; 2026-10-08-02:14:30; 1791425670.026193; 1791425670.026188; 1; 385; 1; 0
EST TCP_QUEUE; 2026-10-08-02:14:30; 1791425670.082396; 1791425670.082394; 1; 516; 0; 0
EST TCP_QUEUE; 2026-10-08-02:14:30; 1791425670.135274; 1791425670.135269; 1; 516; 0; 0
EST TCP_QUEUE; 2026-10-08-02:14:30; 1791425670.189326; 1791425670.189323; 0; 0; 0; 0
WAN 02:14:31.784879 IP (tos 0x0, ttl 127, id 40628, offset 0, flags [DF], proto TCP (6), length 64)
WAN     192.168.2.70.44891 > 52.178.17.234.443: Flags [S], cksum 0xd778 (correct), seq 1535234317, win 65535, options [mss 1460,nop,wscale 8,nop,nop,sackOK,nop,nop,TS val 3394153729 ecr 0], length 0
LAN 02:14:31.784523 IP (tos 0x0, ttl 128, id 40628, offset 0, flags [DF], proto TCP (6), length 52)
LAN     192.168.56.1.44891 > 52.178.17.234.443: Flags [S], cksum 0x5225 (correct), seq 1535234317, win 65535, options [mss 1460,nop,wscale 8,nop,nop,sackOK], length 0
EST TCP_QUEUE; 2026-10-08-02:14:30; 1791425670.236899; 1791425670.236896; 1; 456; 0; 0
EST TCP_QUEUE; 2026-10-08-02:14:30; 1791425670.281226; 1791425670.281222; 1; 456; 0; 0
EST TCP_QUEUE; 2026-10-08-02:14:30; 1791425670.449780; 1791425670.449777; 0; 0; 0; 0
EST TCP_QUEUE; 2026-10-08-02:14:30; 1791425670.503671; 1791425670.503668; 1; 860; 0; 0
EST TCP_QUEUE; 2026-10-08-02:14:30; 1791425670.566365; 1791425670.566360; 1; 860; 0; 0
EST TCP_QUEUE; 2026-10-08-02:14:30; 1791425670.622265; 1791425670.622261; 1; 860; 0; 0
EST TCP_QUEUE; 2026-10-08-02:14:30; 1791425670.668179; 1791425670.668176; 0; 0; 0; 0
EST TCP_QUEUE; 2026-10-08-02:14:30; 1791425670.711715; 1791425670.711712; 0; 0; 0; 0
EST TCP_QUEUE; 2026-10-08-02:14:30; 1791425670.769825; 1791425670.769823; 0; 0; 0; 0
EST TCP_QUEUE; 2026-10-08-02:14:30; 1791425670.825550; 1791425670.825548; 0; 0; 0; 0
EST TCP_QUEUE; 2026-10-08-02:14:30; 1791425670.876147; 1791425670.876144; 0; 0; 0; 0
EST TCP_QUEUE; 2026-10-08-02:14:30; 1791425670.952272; 1791425670.952267; 0; 0; 0; 0
EST TCP_QUEUE; 2026-10-08-02:14:31; 1791425671.000088; 1791425671.000084; 0; 0; 0; 0
EST TCP_QUEUE; 2026-10-08-02:14:31; 1791425671.045849; 1791425671.045843; 0; 0; 0; 0
EST TCP_QUEUE; 2026-10-08-02:14:31; 1791425671.108656; 1791425671.108653; 1; 313; 0; 0
EST TCP_QUEUE; 2026-10-08-02:14:31; 1791425671.169319; 1791425671.169317; 1; 313; 0; 0
EST TCP_QUEUE; 2026-10-08-02:14:31; 1791425671.218865; 1791425671.218862; 1; 313; 0; 0
EST TCP_QUEUE; 2026-10-08-02:14:31; 1791425671.277788; 1791425671.277785; 1; 542; 0; 0
EST TCP_QUEUE; 2026-10-08-02:14:31; 1791425671.329752; 1791425671.329748; 1; 542; 0; 0
EST TCP_QUEUE; 2026-10-08-02:14:31; 1791425671.377546; 1791425671.377543; 0; 0; 0; 0
EST TCP_QUEUE; 2026-10-08-02:14:31; 1791425671.443268; 1791425671.443266; 0; 0; 0; 0
EST TCP_QUEUE; 2026-10-08-02:14:31; 1791425671.500064; 1791425671.500059; 0; 0; 0; 0
EST TCP_QUEUE; 2026-10-08-02:14:31; 1791425671.553931; 1791425671.553928; 1; 405; 0; 0
EST TCP_QUEUE; 2026-10-08-02:14:31; 1791425671.612078; 1791425671.612074; 1; 405; 0; 0
EST TCP_QUEUE; 2026-10-08-02:14:31; 1791425671.657798; 1791425671.657795; 1; 405; 0; 0
EST TCP_QUEUE; 2026-10-08-02:14:31; 1791425671.699651; 1791425671.699648; 0; 0; 0; 0
WAN 02:14:31.913205 IP (tos 0x0, ttl 106, id 7287, offset 0, flags [DF], proto TCP (6), length 60)
WAN     52.178.17.234.443 > 192.168.2.70.44891: Flags [S.], cksum 0xf3fc (correct), seq 2596931876, ack 1535234318, win 65535, options [mss 1440,nop,wscale 8,sackOK,TS val 658057821 ecr 3394153729], length 0
LAN 02:14:31.913517 IP (tos 0x0, ttl 105, id 7287, offset 0, flags [DF], proto TCP (6), length 60)
LAN     52.178.17.234.443 > 192.168.56.1.44891: Flags [S.], cksum 0x8a2d (correct), seq 2596931876, ack 1535234318, win 65535, options [mss 1440,nop,wscale 8,sackOK,nop,nop,nop,nop,nop,nop,nop,nop,nop,nop], length 0
EST TCP_QUEUE; 2026-10-08-02:14:31; 1791425671.781080; 1791425671.781077; 0; 0; 0; 0
EST TCP_QUEUE; 2026-10-08-02:14:31; 1791425671.838879; 1791425671.838876; 0; 0; 0; 0
EST TCP_QUEUE; 2026-10-08-02:14:31; 1791425671.889416; 1791425671.889413; 0; 0; 0; 0
EST TCP_QUEUE; 2026-10-08-02:14:31; 1791425671.946692; 1791425671.946689; 0; 0; 0; 0
EST TCP_QUEUE; 2026-10-08-02:14:31; 1791425671.990467; 1791425671.990463; 0; 0; 0; 0
EST TCP_QUEUE; 2026-10-08-02:14:32; 1791425672.034629; 1791425672.034624; 0; 0; 0; 0
EST TCP_QUEUE; 2026-10-08-02:14:32; 1791425672.092863; 1791425672.092861; 0; 0; 0; 0
EST TCP_QUEUE; 2026-10-08-02:14:32; 1791425672.150571; 1791425672.150565; 1; 1732; 0; 0
EST TCP_QUEUE; 2026-10-08-02:14:32; 1791425672.205803; 1791425672.205799; 1; 1732; 0; 0
EST TCP_QUEUE; 2026-10-08-02:14:32; 1791425672.293244; 1791425672.293242; 1; 524; 0; 0
EST TCP_QUEUE; 2026-10-08-02:14:32; 1791425672.341333; 1791425672.341329; 1; 524; 0; 0
EST TCP_QUEUE; 2026-10-08-02:14:32; 1791425672.393990; 1791425672.393983; 1; 524; 0; 0
EST TCP_QUEUE; 2026-10-08-02:14:32; 1791425672.451344; 1791425672.451335; 1; 524; 0; 0
EST TCP_QUEUE; 2026-10-08-02:14:32; 1791425672.507790; 1791425672.507783; 0; 0; 0; 0
EST TCP_QUEUE; 2026-10-08-02:14:32; 1791425672.558698; 1791425672.558695; 1; 772; 0; 0
EST TCP_QUEUE; 2026-10-08-02:14:32; 1791425672.612984; 1791425672.612981; 1; 772; 0; 0
EST TCP_QUEUE; 2026-10-08-02:14:32; 1791425672.659008; 1791425672.659005; 1; 552; 0; 0
EST TCP_QUEUE; 2026-10-08-02:14:32; 1791425672.700557; 1791425672.700555; 1; 552; 0; 0
EST TCP_QUEUE; 2026-10-08-02:14:32; 1791425672.764274; 1791425672.764271; 1; 552; 0; 0
EST TCP_QUEUE; 2026-10-08-02:14:32; 1791425672.824472; 1791425672.824470; 0; 0; 0; 0
EST TCP_QUEUE; 2026-10-08-02:14:32; 1791425672.882637; 1791425672.882634; 0; 0; 0; 0
EST TCP_QUEUE; 2026-10-08-02:14:32; 1791425672.934722; 1791425672.934720; 0; 0; 0; 0
EST TCP_QUEUE; 2026-10-08-02:14:32; 1791425672.988391; 1791425672.988389; 0; 0; 0; 0
EST TCP_QUEUE; 2026-10-08-02:14:33; 1791425673.032321; 1791425673.032318; 0; 0; 0; 0
EST TCP_QUEUE; 2026-10-08-02:14:33; 1791425673.097370; 1791425673.097368; 0; 0; 0; 0
EST TCP_QUEUE; 2026-10-08-02:14:33; 1791425673.155700; 1791425673.155697; 1; 420; 0; 0
EST TCP_QUEUE; 2026-10-08-02:14:33; 1791425673.206305; 1791425673.206303; 1; 420; 0; 0
EST TCP_QUEUE; 2026-10-08-02:14:33; 1791425673.258764; 1791425673.258761; 1; 420; 0; 0
EST TCP_QUEUE; 2026-10-08-02:14:33; 1791425673.306958; 1791425673.306954; 1; 373; 0; 0
EST TCP_QUEUE; 2026-10-08-02:14:33; 1791425673.397012; 1791425673.397009; 1; 373; 0; 0
EST TCP_QUEUE; 2026-10-08-02:14:33; 1791425673.470052; 1791425673.470049; 0; 0; 0; 0
EST TCP_QUEUE; 2026-10-08-02:14:33; 1791425673.525039; 1791425673.525035; 0; 0; 0; 0
EST TCP_QUEUE; 2026-10-08-02:14:33; 1791425673.575264; 1791425673.575261; 0; 0; 0; 0
EST TCP_QUEUE; 2026-10-08-02:14:33; 1791425673.628786; 1791425673.628783; 1; 0; 0; 0
EST TCP_QUEUE; 2026-10-08-02:14:33; 1791425673.677032; 1791425673.677029; 1; 0; 0; 0
EST TCP_QUEUE; 2026-10-08-02:14:33; 1791425673.718494; 1791425673.718492; 1; 0; 0; 0
EST TCP_QUEUE; 2026-10-08-02:14:33; 1791425673.780452; 1791425673.780450; 0; 0; 0; 0
EST TCP_QUEUE; 2026-10-08-02:14:33; 1791425673.836763; 1791425673.836759; 0; 0; 0; 0
EST TCP_QUEUE; 2026-10-08-02:14:33; 1791425673.927553; 1791425673.927541; 0; 0; 0; 0
EST TCP_QUEUE; 2026-10-08-02:14:33; 1791425673.976260; 1791425673.976257; 0; 0; 0; 0
EST TCP_QUEUE; 2026-10-08-02:14:34; 1791425674.024433; 1791425674.024430; 0; 0; 0; 0
EST TCP_QUEUE; 2026-10-08-02:14:34; 1791425674.068453; 1791425674.068448; 0; 0; 0; 0
EST TCP_QUEUE; 2026-10-08-02:14:34; 1791425674.128168; 1791425674.128165; 0; 0; 0; 0
EST TCP_QUEUE; 2026-10-08-02:14:34; 1791425674.182069; 1791425674.182067; 1; 0; 0; 0
EST TCP_QUEUE; 2026-10-08-02:14:34; 1791425674.234881; 1791425674.234879; 1; 0; 0; 0
EST TCP_QUEUE; 2026-10-08-02:14:34; 1791425674.288740; 1791425674.288738; 0; 0; 0; 0
EST TCP_QUEUE; 2026-10-08-02:14:34; 1791425674.334957; 1791425674.334955; 1; 0; 0; 0
EST TCP_QUEUE; 2026-10-08-02:14:34; 1791425674.377242; 1791425674.377239; 1; 0; 0; 0
EST TCP_QUEUE; 2026-10-08-02:14:34; 1791425674.440326; 1791425674.440324; 1; 0; 0; 0
EST TCP_QUEUE; 2026-10-08-02:14:34; 1791425674.497957; 1791425674.497951; 0; 0; 0; 0
EST TCP_QUEUE; 2026-10-08-02:14:34; 1791425674.551100; 1791425674.551091; 0; 0; 0; 0
EST TCP_QUEUE; 2026-10-08-02:14:34; 1791425674.614933; 1791425674.614927; 0; 0; 0; 0
EST TCP_QUEUE; 2026-10-08-02:14:34; 1791425674.663440; 1791425674.663434; 1; 1032; 0; 0
EST TCP_QUEUE; 2026-10-08-02:14:34; 1791425674.706910; 1791425674.706905; 1; 1032; 0; 0
EST TCP_QUEUE; 2026-10-08-02:14:34; 1791425674.769768; 1791425674.769765; 0; 0; 0; 0
EST TCP_QUEUE; 2026-10-08-02:14:34; 1791425674.822008; 1791425674.822005; 0; 0; 0; 0
EST TCP_QUEUE; 2026-10-08-02:14:34; 1791425674.872851; 1791425674.872848; 0; 0; 0; 0
EST TCP_QUEUE; 2026-10-08-02:14:34; 1791425674.932485; 1791425674.932481; 0; 0; 0; 0
EST TCP_QUEUE; 2026-10-08-02:14:34; 1791425674.984048; 1791425674.984042; 0; 0; 0; 0
EST TCP_QUEUE; 2026-10-08-02:14:35; 1791425675.027445; 1791425675.027440; 0; 0; 0; 0
EST TCP_QUEUE; 2026-10-08-02:14:35; 1791425675.088065; 1791425675.088063; 0; 0; 0; 0
EST TCP_QUEUE; 2026-10-08-02:14:35; 1791425675.145006; 1791425675.144842; 0; 0; 0; 0
EST TCP_QUEUE; 2026-10-08-02:14:35; 1791425675.194613; 1791425675.194611; 1; 309; 0; 0
EST TCP_QUEUE; 2026-10-08-02:14:35; 1791425675.285401; 1791425675.285399; 1; 309; 0; 0
EST TCP_QUEUE; 2026-10-08-02:14:35; 1791425675.331932; 1791425675.331929; 1; 309; 0; 0
EST TCP_QUEUE; 2026-10-08-02:14:35; 1791425675.373608; 1791425675.373604; 1; 163; 0; 0
EST TCP_QUEUE; 2026-10-08-02:14:35; 1791425675.433108; 1791425675.433105; 1; 163; 0; 0
EST TCP_QUEUE; 2026-10-08-02:14:35; 1791425675.487513; 1791425675.487510; 0; 0; 0; 0
EST TCP_QUEUE; 2026-10-08-02:14:35; 1791425675.608094; 1791425675.608089; 0; 0; 0; 0
EST TCP_QUEUE; 2026-10-08-02:14:35; 1791425675.666435; 1791425675.666430; 0; 0; 0; 0
EST TCP_QUEUE; 2026-10-08-02:14:35; 1791425675.718970; 1791425675.718965; 1; 1457; 0; 0
EST TCP_QUEUE; 2026-10-08-02:14:35; 1791425675.762076; 1791425675.762069; 1; 1457; 0; 0
WAN 02:14:36.308933 IP (tos 0x0, ttl 127, id 40522, offset 0, flags [DF], proto TCP (6), length 64)
WAN     192.168.2.70.44893 > 13.107.137.11.443: Flags [S], cksum 0xbba9 (correct), seq 433643177, win 65535, options [mss 1460,nop,wscale 8,nop,nop,sackOK,nop,nop,TS val 3394153729 ecr 0], length 0
WAN 02:14:36.335831 IP (tos 0x0, ttl 115, id 63413, offset 0, flags [DF], proto TCP (6), length 52)
WAN     13.107.137.11.443 > 192.168.2.70.44893: Flags [S.], cksum 0xda5d (correct), seq 1564816497, ack 433643178, win 65535, options [mss 1440,nop,wscale 8,nop,nop,sackOK], length 0
LAN 02:14:36.308584 IP (tos 0x0, ttl 128, id 40522, offset 0, flags [DF], proto TCP (6), length 52)
LAN     192.168.56.1.44893 > 13.107.137.11.443: Flags [S], cksum 0x3656 (correct), seq 433643177, win 65535, options [mss 1460,nop,wscale 8,nop,nop,sackOK], length 0
LAN 02:14:36.336298 IP (tos 0x0, ttl 114, id 63413, offset 0, flags [DF], proto TCP (6), length 52)
LAN     13.107.137.11.443 > 192.168.56.1.44893: Flags [S.], cksum 0xa4a2 (correct), seq 1564816497, ack 433643178, win 65535, options [mss 1440,nop,wscale 8,nop,nop,sackOK], length 0
EST TCP_QUEUE; 2026-10-08-02:14:35; 1791425675.818474; 1791425675.818471; 1; 1457; 0; 0
EST TCP_QUEUE; 2026-10-08-02:14:35; 1791425675.878881; 1791425675.878879; 0; 0; 0; 0
EST TCP_QUEUE; 2026-10-08-02:14:35; 1791425675.933381; 1791425675.933379; 0; 0; 0; 0
EST TCP_QUEUE; 2026-10-08-02:14:36; 1791425676.007009; 1791425676.007007; 0; 0; 0; 0
EST TCP_QUEUE; 2026-10-08-02:14:36; 1791425676.090145; 1791425676.090142; 0; 0; 0; 0
EST TCP_QUEUE; 2026-10-08-02:14:36; 1791425676.147105; 1791425676.147103; 0; 0; 0; 0
EST TCP_QUEUE; 2026-10-08-02:14:36; 1791425676.205204; 1791425676.205201; 0; 0; 0; 0
EST TCP_QUEUE; 2026-10-08-02:14:36; 1791425676.265276; 1791425676.265273; 1; 667; 0; 0
EST TCP_QUEUE; 2026-10-08-02:14:36; 1791425676.315194; 1791425676.315191; 1; 251; 0; 0
EST TCP_QUEUE; 2026-10-08-02:14:36; 1791425676.367742; 1791425676.367738; 1; 251; 0; 0
EST TCP_QUEUE; 2026-10-08-02:14:36; 1791425676.415623; 1791425676.415619; 1; 525; 0; 0
EST TCP_QUEUE; 2026-10-08-02:14:36; 1791425676.459692; 1791425676.459688; 1; 525; 0; 0
EST TCP_QUEUE; 2026-10-08-02:14:36; 1791425676.522237; 1791425676.522235; 1; 525; 0; 0
EST TCP_QUEUE; 2026-10-08-02:14:36; 1791425676.575670; 1791425676.575667; 0; 0; 0; 0
EST TCP_QUEUE; 2026-10-08-02:14:36; 1791425676.629453; 1791425676.629451; 0; 0; 0; 0
EST TCP_QUEUE; 2026-10-08-02:14:36; 1791425676.709177; 1791425676.709174; 0; 0; 0; 0
EST TCP_QUEUE; 2026-10-08-02:14:36; 1791425676.765219; 1791425676.765215; 1; 817; 0; 0
EST TCP_QUEUE; 2026-10-08-02:14:36; 1791425676.809978; 1791425676.809975; 1; 817; 0; 0
EST TCP_QUEUE; 2026-10-08-02:14:36; 1791425676.868062; 1791425676.868059; 0; 0; 0; 0
EST TCP_QUEUE; 2026-10-08-02:14:36; 1791425676.930301; 1791425676.930299; 0; 0; 0; 0
EST TCP_QUEUE; 2026-10-08-02:14:36; 1791425676.982700; 1791425676.982698; 0; 0; 0; 0
EST TCP_QUEUE; 2026-10-08-02:14:37; 1791425677.043012; 1791425677.043010; 0; 0; 0; 0
EST TCP_QUEUE; 2026-10-08-02:14:37; 1791425677.119478; 1791425677.119476; 0; 0; 0; 0
EST TCP_QUEUE; 2026-10-08-02:14:37; 1791425677.159337; 1791425677.159332; 0; 0; 0; 0
EST TCP_QUEUE; 2026-10-08-02:14:37; 1791425677.224863; 1791425677.224860; 0; 0; 0; 0
EST TCP_QUEUE; 2026-10-08-02:14:37; 1791425677.281359; 1791425677.281355; 1; 2354; 0; 0
EST TCP_QUEUE; 2026-10-08-02:14:37; 1791425677.331164; 1791425677.331160; 1; 2354; 0; 0
EST TCP_QUEUE; 2026-10-08-02:14:37; 1791425677.387796; 1791425677.387794; 0; 0; 0; 0
EST TCP_QUEUE; 2026-10-08-02:14:37; 1791425677.436009; 1791425677.436006; 1; 98; 0; 0
EST TCP_QUEUE; 2026-10-08-02:14:37; 1791425677.485092; 1791425677.485089; 1; 98; 0; 0
EST TCP_QUEUE; 2026-10-08-02:14:37; 1791425677.546898; 1791425677.546895; 1; 98; 0; 0
EST TCP_QUEUE; 2026-10-08-02:14:37; 1791425677.608894; 1791425677.608891; 1; 0; 0; 0
EST TCP_QUEUE; 2026-10-08-02:14:37; 1791425677.667993; 1791425677.667990; 0; 0; 0; 0
EST TCP_QUEUE; 2026-10-08-02:14:37; 1791425677.724226; 1791425677.724222; 1; 230; 0; 0
EST TCP_QUEUE; 2026-10-08-02:14:37; 1791425677.775967; 1791425677.775963; 1; 230; 0; 0
EST TCP_QUEUE; 2026-10-08-02:14:37; 1791425677.819768; 1791425677.819764; 1; 231; 0; 0
EST TCP_QUEUE; 2026-10-08-02:14:37; 1791425677.881350; 1791425677.881348; 1; 231; 0; 0
EST TCP_QUEUE; 2026-10-08-02:14:37; 1791425677.935286; 1791425677.935283; 1; 231; 0; 0
EST TCP_QUEUE; 2026-10-08-02:14:38; 1791425678.008999; 1791425678.008997; 0; 0; 0; 0
EST TCP_QUEUE; 2026-10-08-02:14:38; 1791425678.063763; 1791425678.063760; 0; 0; 0; 0
EST TCP_QUEUE; 2026-10-08-02:14:38; 1791425678.113315; 1791425678.113311; 0; 0; 0; 0
EST TCP_QUEUE; 2026-10-08-02:14:38; 1791425678.154969; 1791425678.154966; 0; 0; 0; 0
EST TCP_QUEUE; 2026-10-08-02:14:38; 1791425678.212540; 1791425678.212537; 0; 0; 0; 0
EST TCP_QUEUE; 2026-10-08-02:14:38; 1791425678.267236; 1791425678.267234; 0; 0; 0; 0
EST TCP_QUEUE; 2026-10-08-02:14:38; 1791425678.317383; 1791425678.317380; 1; 0; 0; 0
EST TCP_QUEUE; 2026-10-08-02:14:38; 1791425678.369571; 1791425678.369569; 1; 0; 0; 0
EST TCP_QUEUE; 2026-10-08-02:14:38; 1791425678.421303; 1791425678.421300; 1; 0; 0; 0
EST TCP_QUEUE; 2026-10-08-02:14:38; 1791425678.461654; 1791425678.461650; 1; 0; 0; 0
EST TCP_QUEUE; 2026-10-08-02:14:38; 1791425678.525896; 1791425678.525891; 1; 983; 0; 0
EST TCP_QUEUE; 2026-10-08-02:14:38; 1791425678.585308; 1791425678.585306; 1; 983; 0; 0
EST TCP_QUEUE; 2026-10-08-02:14:38; 1791425678.637610; 1791425678.637607; 1; 983; 0; 0
EST TCP_QUEUE; 2026-10-08-02:14:38; 1791425678.711658; 1791425678.711651; 1; 336; 0; 0
EST TCP_QUEUE; 2026-10-08-02:14:38; 1791425678.763354; 1791425678.763350; 1; 336; 0; 0
EST TCP_QUEUE; 2026-10-08-02:14:38; 1791425678.804914; 1791425678.804909; 1; 336; 0; 0
EST TCP_QUEUE; 2026-10-08-02:14:38; 1791425678.864779; 1791425678.864775; 1; 1487; 0; 0
EST TCP_QUEUE; 2026-10-08-02:14:38; 1791425678.925609; 1791425678.925607; 1; 1487; 0; 0
EST TCP_QUEUE; 2026-10-08-02:14:38; 1791425678.975673; 1791425678.975669; 0; 0; 0; 0
EST TCP_QUEUE; 2026-10-08-02:14:39; 1791425679.028238; 1791425679.028235; 0; 0; 0; 0
EST TCP_QUEUE; 2026-10-08-02:14:39; 1791425679.077720; 1791425679.077717; 0; 0; 0; 0
EST TCP_QUEUE; 2026-10-08-02:14:39; 1791425679.117711; 1791425679.117709; 0; 0; 0; 0
EST TCP_QUEUE; 2026-10-08-02:14:39; 1791425679.177215; 1791425679.177211; 0; 0; 0; 0
WAN 02:14:40.375519 IP (tos 0x0, ttl 62, id 25606, offset 0, flags [DF], proto TCP (6), length 60)
WAN     192.168.2.70.11874 > 140.82.114.5.443: Flags [S], cksum 0x6f3f (correct), seq 3578970745, win 65280, options [mss 1280,sackOK,TS val 735978852 ecr 0,nop,wscale 9], length 0
LAN 02:14:40.375251 IP (tos 0x0, ttl 63, id 25606, offset 0, flags [DF], proto TCP (6), length 60)
LAN     192.168.56.1.11874 > 140.82.114.5.443: Flags [S], cksum 0x3984 (correct), seq 3578970745, win 65280, options [mss 1280,sackOK,TS val 735978852 ecr 0,nop,wscale 9], length 0
WAN 02:14:40.418478 IP (tos 0x0, ttl 239, id 0, offset 0, flags [DF], proto TCP (6), length 60)
WAN     140.82.114.5.443 > 192.168.2.70.11874: Flags [S.], cksum 0x3bf9 (correct), seq 1536421810, ack 3578970746, win 65535, options [mss 1436,sackOK,TS val 3746629377 ecr 735978852,nop,wscale 10], length 0
LAN 02:14:40.418727 IP (tos 0x0, ttl 238, id 0, offset 0, flags [DF], proto TCP (6), length 60)
LAN     140.82.114.5.443 > 192.168.56.1.11874: Flags [S.], cksum 0x063e (correct), seq 1536421810, ack 3578970746, win 65535, options [mss 1436,sackOK,TS val 3746629377 ecr 735978852,nop,wscale 10], length 0
EST TCP_QUEUE; 2026-10-08-02:14:39; 1791425679.233449; 1791425679.233446; 0; 0; 0; 0
EST TCP_QUEUE; 2026-10-08-02:14:39; 1791425679.284038; 1791425679.284035; 1; 14; 0; 0
EST TCP_QUEUE; 2026-10-08-02:14:39; 1791425679.338707; 1791425679.338703; 1; 14; 0; 0
EST TCP_QUEUE; 2026-10-08-02:14:39; 1791425679.386790; 1791425679.386785; 1; 140; 0; 0
EST TCP_QUEUE; 2026-10-08-02:14:39; 1791425679.436089; 1791425679.436085; 1; 140; 0; 0
EST TCP_QUEUE; 2026-10-08-02:14:39; 1791425679.497643; 1791425679.497638; 1; 140; 0; 0
EST TCP_QUEUE; 2026-10-08-02:14:39; 1791425679.558092; 1791425679.558086; 1; 1108; 0; 0
EST TCP_QUEUE; 2026-10-08-02:14:39; 1791425679.623611; 1791425679.623607; 1; 1108; 0; 0
EST TCP_QUEUE; 2026-10-08-02:14:39; 1791425679.676283; 1791425679.676279; 0; 0; 0; 0
EST TCP_QUEUE; 2026-10-08-02:14:39; 1791425679.722188; 1791425679.722183; 0; 0; 0; 0
EST TCP_QUEUE; 2026-10-08-02:14:39; 1791425679.767400; 1791425679.767396; 0; 0; 0; 0
EST TCP_QUEUE; 2026-10-08-02:14:39; 1791425679.825650; 1791425679.825645; 0; 0; 0; 0
EST TCP_QUEUE; 2026-10-08-02:14:39; 1791425679.879745; 1791425679.879741; 0; 0; 0; 0
EST TCP_QUEUE; 2026-10-08-02:14:39; 1791425679.937796; 1791425679.937792; 1; 510; 0; 0
EST TCP_QUEUE; 2026-10-08-02:14:39; 1791425679.990565; 1791425679.990560; 1; 510; 0; 0
EST TCP_QUEUE; 2026-10-08-02:14:40; 1791425680.038257; 1791425680.038253; 1; 510; 0; 0
EST TCP_QUEUE; 2026-10-08-02:14:40; 1791425680.079466; 1791425680.079462; 0; 0; 0; 0
EST TCP_QUEUE; 2026-10-08-02:14:40; 1791425680.139052; 1791425680.139050; 0; 0; 0; 0
EST TCP_QUEUE; 2026-10-08-02:14:40; 1791425680.212824; 1791425680.212822; 0; 0; 0; 0
EST TCP_QUEUE; 2026-10-08-02:14:40; 1791425680.276771; 1791425680.276769; 1; 0; 0; 0
EST TCP_QUEUE; 2026-10-08-02:14:40; 1791425680.350693; 1791425680.350690; 1; 0; 0; 0
EST TCP_QUEUE; 2026-10-08-02:14:40; 1791425680.396497; 1791425680.396493; 1; 0; 0; 0
EST TCP_QUEUE; 2026-10-08-02:14:40; 1791425680.437873; 1791425680.437870; 1; 0; 0; 0
EST TCP_QUEUE; 2026-10-08-02:14:40; 1791425680.500012; 1791425680.500009; 1; 0; 0; 0
EST TCP_QUEUE; 2026-10-08-02:14:40; 1791425680.558217; 1791425680.558213; 1; 0; 0; 0
EST TCP_QUEUE; 2026-10-08-02:14:40; 1791425680.608705; 1791425680.608701; 1; 1139; 0; 0
EST TCP_QUEUE; 2026-10-08-02:14:40; 1791425680.660769; 1791425680.660766; 1; 1139; 0; 0
EST TCP_QUEUE; 2026-10-08-02:14:40; 1791425680.718085; 1791425680.718083; 1; 1139; 0; 0
EST TCP_QUEUE; 2026-10-08-02:14:40; 1791425680.769502; 1791425680.769499; 0; 0; 0; 0
EST TCP_QUEUE; 2026-10-08-02:14:40; 1791425680.825366; 1791425680.825363; 0; 0; 0; 0
EST TCP_QUEUE; 2026-10-08-02:14:40; 1791425680.881486; 1791425680.881483; 0; 0; 0; 0
EST TCP_QUEUE; 2026-10-08-02:14:40; 1791425680.938069; 1791425680.938066; 0; 0; 0; 0
EST TCP_QUEUE; 2026-10-08-02:14:40; 1791425680.992478; 1791425680.992475; 0; 0; 0; 0
EST TCP_QUEUE; 2026-10-08-02:14:41; 1791425681.110842; 1791425681.110838; 1; 900; 0; 0
EST TCP_QUEUE; 2026-10-08-02:14:41; 1791425681.161328; 1791425681.161324; 1; 900; 0; 0
EST TCP_QUEUE; 2026-10-08-02:14:41; 1791425681.219440; 1791425681.219437; 0; 0; 0; 0
EST TCP_QUEUE; 2026-10-08-02:14:41; 1791425681.281218; 1791425681.281216; 0; 0; 0; 0
EST TCP_QUEUE; 2026-10-08-02:14:41; 1791425681.331976; 1791425681.331973; 0; 0; 0; 0
EST TCP_QUEUE; 2026-10-08-02:14:41; 1791425681.384463; 1791425681.384460; 0; 0; 0; 0
EST TCP_QUEUE; 2026-10-08-02:14:41; 1791425681.430325; 1791425681.430322; 1; 226; 0; 0
EST TCP_QUEUE; 2026-10-08-02:14:41; 1791425681.473485; 1791425681.473483; 1; 181; 0; 0
EST TCP_QUEUE; 2026-10-08-02:14:41; 1791425681.533637; 1791425681.533634; 1; 181; 0; 0
EST TCP_QUEUE; 2026-10-08-02:14:41; 1791425681.589753; 1791425681.589750; 1; 226; 1; 0
EST TCP_QUEUE; 2026-10-08-02:14:41; 1791425681.639753; 1791425681.639750; 1; 226; 1; 0
WAN 02:14:42.543061 IP (tos 0x0, ttl 62, id 9714, offset 0, flags [DF], proto TCP (6), length 60)
WAN     192.168.2.70.11848 > 20.42.72.131.443: Flags [S], cksum 0x361f (correct), seq 3766395621, win 65280, options [mss 1280,sackOK,TS val 3019934862 ecr 0,nop,wscale 9], length 0
WAN 02:14:42.593153 IP (tos 0x0, ttl 113, id 26625, offset 0, flags [DF], proto TCP (6), length 60)
WAN     20.42.72.131.443 > 192.168.2.70.11848: Flags [S.], cksum 0x4feb (correct), seq 2030320873, ack 3766395622, win 65535, options [mss 1440,nop,wscale 8,sackOK,TS val 269229707 ecr 3019934862], length 0
LAN 02:14:42.542732 IP (tos 0x0, ttl 63, id 9714, offset 0, flags [DF], proto TCP (6), length 60)
LAN     192.168.56.1.11848 > 20.42.72.131.443: Flags [S], cksum 0x0064 (correct), seq 3766395621, win 65280, options [mss 1280,sackOK,TS val 3019934862 ecr 0,nop,wscale 9], length 0
LAN 02:14:42.593661 IP (tos 0x0, ttl 112, id 26625, offset 0, flags [DF], proto TCP (6), length 60)
LAN     20.42.72.131.443 > 192.168.56.1.11848: Flags [S.], cksum 0x1a30 (correct), seq 2030320873, ack 3766395622, win 65535, options [mss 1440,nop,wscale 8,sackOK,TS val 269229707 ecr 3019934862], length 0
EST TCP_QUEUE; 2026-10-08-02:14:41; 1791425681.700027; 1791425681.700024; 1; 226; 1; 0
EST TCP_QUEUE; 2026-10-08-02:14:41; 1791425681.765609; 1791425681.765607; 1; 226; 1; 0
EST TCP_QUEUE; 2026-10-08-02:14:41; 1791425681.809676; 1791425681.809673; 0; 0; 0; 0
EST TCP_QUEUE; 2026-10-08-02:14:41; 1791425681.868690; 1791425681.868687; 0; 0; 0; 0
EST TCP_QUEUE; 2026-10-08-02:14:41; 1791425681.923162; 1791425681.923160; 0; 0; 0; 0
EST TCP_QUEUE; 2026-10-08-02:14:41; 1791425681.974763; 1791425681.974761; 0; 0; 0; 0
EST TCP_QUEUE; 2026-10-08-02:14:42; 1791425682.027966; 1791425682.027962; 0; 0; 0; 0
EST TCP_QUEUE; 2026-10-08-02:14:42; 1791425682.074234; 1791425682.074231; 1; 662; 0; 0
EST TCP_QUEUE; 2026-10-08-02:14:42; 1791425682.156512; 1791425682.156509; 1; 662; 0; 0
EST TCP_QUEUE; 2026-10-08-02:14:42; 1791425682.216467; 1791425682.216464; 1; 228; 0; 0
EST TCP_QUEUE; 2026-10-08-02:14:42; 1791425682.270354; 1791425682.270351; 0; 0; 0; 0
EST TCP_QUEUE; 2026-10-08-02:14:42; 1791425682.320979; 1791425682.320976; 0; 0; 0; 0
EST TCP_QUEUE; 2026-10-08-02:14:42; 1791425682.389338; 1791425682.389336; 0; 0; 0; 0
EST TCP_QUEUE; 2026-10-08-02:14:42; 1791425682.444254; 1791425682.444236; 0; 0; 0; 0
EST TCP_QUEUE; 2026-10-08-02:14:42; 1791425682.480634; 1791425682.480631; 0; 0; 0; 0
EST TCP_QUEUE; 2026-10-08-02:14:42; 1791425682.540343; 1791425682.540339; 1; 243; 0; 0
EST TCP_QUEUE; 2026-10-08-02:14:42; 1791425682.594034; 1791425682.594030; 1; 243; 0; 0
EST TCP_QUEUE; 2026-10-08-02:14:42; 1791425682.648754; 1791425682.648752; 1; 243; 0; 0
EST TCP_QUEUE; 2026-10-08-02:14:42; 1791425682.701324; 1791425682.701321; 1; 255; 0; 0
EST TCP_QUEUE; 2026-10-08-02:14:42; 1791425682.747195; 1791425682.747193; 1; 255; 0; 0
EST TCP_QUEUE; 2026-10-08-02:14:42; 1791425682.788823; 1791425682.788821; 1; 255; 0; 0
EST TCP_QUEUE; 2026-10-08-02:14:42; 1791425682.852261; 1791425682.852258; 1; 255; 0; 0
EST TCP_QUEUE; 2026-10-08-02:14:42; 1791425682.907064; 1791425682.907062; 0; 0; 0; 0
EST TCP_QUEUE; 2026-10-08-02:14:42; 1791425682.961299; 1791425682.961297; 0; 0; 0; 0
EST TCP_QUEUE; 2026-10-08-02:14:43; 1791425683.013801; 1791425683.013798; 0; 0; 0; 0
EST TCP_QUEUE; 2026-10-08-02:14:43; 1791425683.063299; 1791425683.063296; 0; 0; 0; 0
EST TCP_QUEUE; 2026-10-08-02:14:43; 1791425683.106134; 1791425683.106131; 0; 0; 0; 0
EST TCP_QUEUE; 2026-10-08-02:14:43; 1791425683.162835; 1791425683.162832; 1; 121; 0; 0
EST TCP_QUEUE; 2026-10-08-02:14:43; 1791425683.226276; 1791425683.226268; 1; 121; 0; 0
EST TCP_QUEUE; 2026-10-08-02:14:43; 1791425683.275295; 1791425683.275292; 0; 0; 0; 0
EST TCP_QUEUE; 2026-10-08-02:14:43; 1791425683.329717; 1791425683.329715; 0; 0; 0; 0
EST TCP_QUEUE; 2026-10-08-02:14:43; 1791425683.375779; 1791425683.375777; 0; 0; 0; 0
EST TCP_QUEUE; 2026-10-08-02:14:43; 1791425683.419202; 1791425683.419199; 0; 0; 0; 0
EST TCP_QUEUE; 2026-10-08-02:14:43; 1791425683.477141; 1791425683.477138; 0; 0; 0; 0
EST TCP_QUEUE; 2026-10-08-02:14:43; 1791425683.535501; 1791425683.535498; 0; 0; 0; 0
EST TCP_QUEUE; 2026-10-08-02:14:43; 1791425683.587829; 1791425683.587825; 1; 651; 0; 0
EST TCP_QUEUE; 2026-10-08-02:14:43; 1791425683.710608; 1791425683.710602; 1; 651; 0; 0
EST TCP_QUEUE; 2026-10-08-02:14:43; 1791425683.756885; 1791425683.756879; 1; 1028; 0; 0
EST TCP_QUEUE; 2026-10-08-02:14:43; 1791425683.798289; 1791425683.798283; 1; 1028; 0; 0
EST TCP_QUEUE; 2026-10-08-02:14:43; 1791425683.856240; 1791425683.856234; 1; 1028; 0; 0
EST TCP_QUEUE; 2026-10-08-02:14:43; 1791425683.917935; 1791425683.917929; 0; 0; 0; 0
EST TCP_QUEUE; 2026-10-08-02:14:43; 1791425683.968773; 1791425683.968768; 0; 0; 0; 0
EST TCP_QUEUE; 2026-10-08-02:14:44; 1791425684.023179; 1791425684.023173; 0; 0; 0; 0
EST TCP_QUEUE; 2026-10-08-02:14:44; 1791425684.111000; 1791425684.110998; 0; 0; 0; 0
EST TCP_QUEUE; 2026-10-08-02:14:44; 1791425684.166040; 1791425684.166036; 0; 0; 0; 0
EST TCP_QUEUE; 2026-10-08-02:14:44; 1791425684.227211; 1791425684.227208; 1; 687; 0; 0
EST TCP_QUEUE; 2026-10-08-02:14:44; 1791425684.295612; 1791425684.295610; 1; 687; 0; 0
EST TCP_QUEUE; 2026-10-08-02:14:44; 1791425684.355672; 1791425684.355668; 1; 687; 0; 0
EST TCP_QUEUE; 2026-10-08-02:14:44; 1791425684.413266; 1791425684.413259; 0; 0; 0; 0
EST TCP_QUEUE; 2026-10-08-02:14:44; 1791425684.459918; 1791425684.459914; 0; 0; 0; 0
EST TCP_QUEUE; 2026-10-08-02:14:44; 1791425684.501887; 1791425684.501883; 0; 0; 0; 0
EST TCP_QUEUE; 2026-10-08-02:14:44; 1791425684.581087; 1791425684.581080; 0; 0; 0; 0
EST TCP_QUEUE; 2026-10-08-02:14:44; 1791425684.638403; 1791425684.638400; 1; 0; 0; 0
EST TCP_QUEUE; 2026-10-08-02:14:44; 1791425684.693477; 1791425684.693473; 1; 0; 0; 0
EST TCP_QUEUE; 2026-10-08-02:14:44; 1791425684.797968; 1791425684.797965; 1; 348; 0; 0
EST TCP_QUEUE; 2026-10-08-02:14:44; 1791425684.843660; 1791425684.843656; 1; 348; 0; 0
EST TCP_QUEUE; 2026-10-08-02:14:44; 1791425684.885429; 1791425684.885426; 1; 348; 0; 0
WAN 02:14:48.352331 IP (tos 0x0, ttl 62, id 64592, offset 0, flags [DF], proto TCP (6), length 60)
WAN     192.168.2.70.11830 > 140.82.114.4.443: Flags [S], cksum 0x5e6a (correct), seq 3759819583, win 65280, options [mss 1280,sackOK,TS val 3945980803 ecr 0,nop,wscale 9], length 0
WAN 02:14:48.394837 IP (tos 0x0, ttl 48, id 0, offset 0, flags [DF], proto TCP (6), length 60)
WAN     140.82.114.4.443 > 192.168.2.70.11830: Flags [S.], cksum 0xf9e5 (correct), seq 672515691, ack 3759819584, win 65535, options [mss 1436,sackOK,TS val 3756430447 ecr 3945980803,nop,wscale 10], length 0
LAN 02:14:48.352257 IP (tos 0x0, ttl 63, id 64592, offset 0, flags [DF], proto TCP (6), length 60)
LAN     192.168.56.1.11830 > 140.82.114.4.443: Flags [S], cksum 0x28af (correct), seq 3759819583, win 65280, options [mss 1280,sackOK,TS val 3945980803 ecr 0,nop,wscale 9], length 0
LAN 02:14:48.394898 IP (tos 0x0, ttl 47, id 0, offset 0, flags [DF], proto TCP (6), length 60)
LAN     140.82.114.4.443 > 192.168.56.1.11830: Flags [S.], cksum 0xc42a (correct), seq 672515691, ack 3759819584, win 65535, options [mss 1436,sackOK,TS val 3756430447 ecr 3945980803,nop,wscale 10], length 0
LAN 02:14:49.397593 IP (tos 0x0, ttl 128, id 22227, offset 0, flags [DF], proto TCP (6), length 52)
LAN     192.168.56.1.34424 > 13.66.138.105.443: Flags [S], cksum 0xc549 (correct), seq 2450915112, win 65535, options [mss 1460,nop,wscale 8,nop,nop,sackOK], length 0
WAN 02:14:49.397664 IP (tos 0x0, ttl 127, id 22227, offset 0, flags [DF], proto TCP (6), length 64)
WAN     192.168.2.70.34424 > 13.66.138.105.443: Flags [S], cksum 0x4a9d (correct), seq 2450915112, win 65535, options [mss 1460,nop,wscale 8,nop,nop,sackOK,nop,nop,TS val 3394153729 ecr 0], length 0
WAN 02:14:49.449071 IP (tos 0x0, ttl 113, id 40185, offset 0, flags [DF], proto TCP (6), length 60)
WAN     13.66.138.105.443 > 192.168.2.70.34424: Flags [S.], cksum 0x93ca (correct), seq 610881841, ack 2450915113, win 65535, options [mss 1440,nop,wscale 8,sackOK,TS val 1619522233 ecr 3394153729], length 0
LAN 02:14:49.449141 IP (tos 0x0, ttl 112, id 40185, offset 0, flags [DF], proto TCP (6), length 60)
LAN     13.66.138.105.443 > 192.168.56.1.34424: Flags [S.], cksum 0x2ba6 (correct), seq 610881841, ack 2450915113, win 65535, options [mss 1440,nop,wscale 8,sackOK,nop,nop,nop,nop,nop,nop,nop,nop,nop,nop], length 0
WAN 02:14:51.827483 IP (tos 0x0, ttl 127, id 762, offset 0, flags [DF], proto TCP (6), length 64)
WAN     192.168.2.70.3242 > 20.42.72.131.443: Flags [S], cksum 0xb184 (correct), seq 440124648, win 65535, options [mss 1460,nop,wscale 8,nop,nop,sackOK,nop,nop,TS val 3394153729 ecr 0], length 0
WAN 02:14:51.880089 IP (tos 0x0, ttl 113, id 831, offset 0, flags [DF], proto TCP (6), length 60)
WAN     20.42.72.131.443 > 192.168.2.70.3242: Flags [S.], cksum 0x1d18 (correct), seq 515495755, ack 440124649, win 65535, options [mss 1440,nop,wscale 8,sackOK,TS val 1036808868 ecr 3394153729], length 0
LAN 02:14:51.827368 IP (tos 0x0, ttl 128, id 762, offset 0, flags [DF], proto TCP (6), length 52)
LAN     192.168.56.1.3242 > 20.42.72.131.443: Flags [S], cksum 0x2c31 (correct), seq 440124648, win 65535, options [mss 1460,nop,wscale 8,nop,nop,sackOK], length 0
LAN 02:14:51.880161 IP (tos 0x0, ttl 112, id 831, offset 0, flags [DF], proto TCP (6), length 60)
LAN     20.42.72.131.443 > 192.168.56.1.3242: Flags [S.], cksum 0x1223 (correct), seq 515495755, ack 440124649, win 65535, options [mss 1440,nop,wscale 8,sackOK,nop,nop,nop,nop,nop,nop,nop,nop,nop,nop], length 0
WAN 02:15:12.500927 IP (tos 0x0, ttl 62, id 50590, offset 0, flags [DF], proto TCP (6), length 60)
WAN     192.168.2.70.11876 > 160.79.104.10.443: Flags [S], cksum 0xaeca (correct), seq 4199091334, win 65280, options [mss 1280,sackOK,TS val 589985157 ecr 0,nop,wscale 9], length 0
WAN 02:15:12.538290 IP (tos 0x0, ttl 56, id 0, offset 0, flags [DF], proto TCP (6), length 60)
WAN     160.79.104.10.443 > 192.168.2.70.11876: Flags [S.], cksum 0xd1b1 (correct), seq 2184922591, ack 4199091335, win 65535, options [mss 1460,sackOK,TS val 719382613 ecr 589985157,nop,wscale 13], length 0
LAN 02:15:12.500845 IP (tos 0x0, ttl 63, id 50590, offset 0, flags [DF], proto TCP (6), length 60)
LAN     192.168.56.1.11876 > 160.79.104.10.443: Flags [S], cksum 0x790f (correct), seq 4199091334, win 65280, options [mss 1280,sackOK,TS val 589985157 ecr 0,nop,wscale 9], length 0
LAN 02:15:12.538361 IP (tos 0x0, ttl 55, id 0, offset 0, flags [DF], proto TCP (6), length 60)
LAN     160.79.104.10.443 > 192.168.56.1.11876: Flags [S.], cksum 0x9bf6 (correct), seq 2184922591, ack 4199091335, win 65535, options [mss 1460,sackOK,TS val 719382613 ecr 589985157,nop,wscale 13], length 0
