0 1791336426410702 25303
1 1791336426429869 22245
2 1791336426454274 26554
3 1791336426468758 21938
4 1791336426489320 22640
5 1791336426510339 23044
6 1791336426528585 20875
7 1791336426551289 24281
8 1791336426575680 28204
9 1791336426595521 27128
10 1791336426616118 26631
11 1791336426637138 29205
12 1791336426655559 28109
13 1791336426671856 23664
14 1791336426688800 20838
15 1791336426714167 26578
16 1791336426729088 22338
17 1791336426749121 21909
18 1791336426768907 21445
19 1791336426793902 24987
20 1791336426810302 23554
21 1791336426831505 25271
22 1791336426848505 21007
23 1791336426867646 21098
24 1791336426890384 22736
25 1791336426908894 21164
26 1791336426934551 25653
27 1791336426951260 25244
28 1791336426967881 20997
29 1791336426991957 24118
30 1791336427012706 20746
31 1791336427030432 22871
32 1791336427046911 20722
33 1791336427077096 30226
34 1791336427088086 21812
35 1791336427115822 27733
36 1791336427136820 30620
37 1791336427154713 27558
38 1791336427168323 21728
39 1791336427190323 23473
40 1791336427208100 21587
41 1791336427233888 27355
42 1791336427248335 21722
43 1791336427276837 29595
44 1791336427290712 24123
45 1791336427317807 27091
46 1791336427329133 21883
47 1791336427349927 23509
48 1791336427369849 22037
49 1791336427389065 22303
50 1791336427416003 28321
51 1791336427436499 29961
52 1791336427450945 23460
53 1791336427466803 21034
54 1791336427487527 20781
55 1791336427509401 22816
56 1791336427528045 21411
57 1791336427554837 26789
58 1791336427574857 28573
59 1791336427596629 29528
60 1791336427607992 21540
61 1791336427628235 22288
62 1791336427656148 27908
63 1791336427669337 22579
64 1791336427690654 21645
65 1791336427710460 23656
66 1791336427735865 28176
67 1791336427753636 26377
68 1791336427769855 21677
69 1791336427788829 21723
70 1791336427810122 23410
71 1791336427838456 28331
72 1791336427849004 22749
73 1791336427868301 22218
74 1791336427887704 20931
75 1791336427909192 21485
76 1791336427933659 26956
77 1791336427958034 24370
78 1791336427971057 24623
79 1791336427994697 27342
80 1791336428007519 20526
81 1791336428032154 25593
82 1791336428049380 21374
83 1791336428075952 29199
84 1791336428095855 28582
85 1791336428114837 28044
86 1791336428132744 25595
87 1791336428150970 20797
88 1791336428168727 22035
89 1791336428192738 26054
90 1791336428209359 23457
91 1791336428233884 26930
92 1791336428256343 22455
93 1791336428277053 27431
94 1791336428287293 20584
95 1791336428307523 20903
96 1791336428329369 21968
97 1791336428350593 24714
98 1791336428369644 22886
99 1791336428388493 22780
100 1791336428409705 23546
101 1791336428428525 20880
102 1791336428447725 21860
103 1791336428468626 20899
104 1791336428488416 21774
105 1791336428511682 25473
106 1791336428526316 20522
107 1791336428547702 21383
108 1791336428568899 21195
109 1791336428590873 24934
110 1791336428608845 21465
111 1791336428629619 22646
112 1791336428649006 21544
113 1791336428677274 28265
114 1791336428688127 21173
115 1791336428710019 23475
116 1791336428729226 21511
117 1791336428750547 23168
118 1791336428775865 28059
119 1791336428796668 30459
120 1791336428808766 22445
121 1791336428836900 28131
122 1791336428848564 22075
123 1791336428874815 26242
124 1791336428894853 28248
125 1791336428908556 21062
126 1791336428927687 21248
127 1791336428948611 21897
128 1791336428970123 21638
129 1791336428988967 20534
130 1791336429016867 28294
131 1791336429033248 25894
132 1791336429048006 21049
133 1791336429071120 23112
134 1791336429098097 26974
135 1791336429110407 23551
136 1791336429139034 28623
137 1791336429150675 23973
138 1791336429169978 23133
139 1791336429191660 23521
140 1791336429211799 25175
141 1791336429235313 23510
142 1791336429258523 28104
143 1791336429270665 23328
144 1791336429291889 23832
145 1791336429318234 26339
146 1791336429329612 21838
147 1791336429349165 21864
148 1791336429368928 21506
149 1791336429395661 28082
150 1791336429414449 26805
151 1791336429427844 21300
152 1791336429455592 29464
153 1791336429472066 25603
154 1791336429494165 27137
155 1791336429510058 22575
156 1791336429530172 23138
157 1791336429547506 20738
158 1791336429575517 28062
159 1791336429589693 22835
160 1791336429618668 29241
161 1791336429629733 23040
162 1791336429651911 22459
163 1791336429668645 21508
164 1791336429688596 22612
165 1791336429707602 21538
166 1791336429729367 21761
167 1791336429752598 25424
168 1791336429776292 23691
169 1791336429786862 20721
170 1791336429809471 22606
171 1791336429830282 21618
172 1791336429856133 29581
173 1791336429873381 26005
174 1791336429894093 26272
175 1791336429915572 21476
176 1791336429935362 27665
177 1791336429947466 20973
178 1791336429967901 20433
179 1791336429995970 30071
180 1791336430007578 21291
181 1791336430028305 20723
182 1791336430053012 26158
183 1791336430076045 28071
184 1791336430095898 29181
185 1791336430109101 22080
186 1791336430129165 22317
187 1791336430148755 22459
188 1791336430169644 22996
189 1791336430193033 25417
190 1791336430210780 24396
191 1791336430239315 28799
192 1791336430256212 23568
193 1791336430269084 21323
194 1791336430296532 27446
195 1791336430308534 21961
196 1791336430331278 24716
197 1791336430347680 21872
198 1791336430379734 32051
199 1791336430390071 23229
200 1791336430410346 23046
201 1791336430429643 21621
202 1791336430448924 21976
203 1791336430468066 22216
204 1791336430495773 27703
205 1791336430507125 20391
206 1791336430537045 30179
207 1791336430553023 25376
208 1791336430577201 27226
209 1791336430587943 21099
210 1791336430609972 22027
211 1791336430631895 24067
212 1791336430658086 26263
213 1791336430669164 22813
214 1791336430689578 20405
215 1791336430708758 22018
216 1791336430732028 25367
217 1791336430749429 23346
218 1791336430775938 26687
219 1791336430797863 31048
220 1791336430808951 21124
221 1791336430829822 23275
222 1791336430856767 26941
223 1791336430877199 24072
224 1791336430887648 21048
225 1791336430908426 20777
226 1791336430927044 20710
227 1791336430946526 20578
228 1791336430967302 20773
229 1791336430991314 24623
230 1791336431022708 31679
231 1791336431035899 24708
232 1791336431052183 25370
233 1791336431075962 29635
234 1791336431093409 26612
235 1791336431110452 22169
236 1791336431127836 21123
237 1791336431154903 28477
238 1791336431174096 27710
239 1791336431189524 22625
240 1791336431209083 21437
241 1791336431227243 21614
242 1791336431254253 27006
243 1791336431274491 26580
244 1791336431288697 22135
245 1791336431309566 22537
246 1791336431333586 26678
247 1791336431354915 27518
248 1791336431372334 25845
249 1791336431389283 22539
250 1791336431408908 22446
251 1791336431428017 20840
252 1791336431456654 29737
253 1791336431476315 27507
254 1791336431497562 27470
255 1791336431507759 20643
256 1791336431531363 23600
257 1791336431546840 20867
258 1791336431568034 21190
259 1791336431596168 28131
260 1791336431612323 25788
261 1791336431628755 22304
262 1791336431649792 22569
263 1791336431669741 22095
264 1791336431697299 27554
265 1791336431715698 25447
266 1791336431728734 22127
267 1791336431750057 22874
268 1791336431770245 22656
269 1791336431793939 23760
270 1791336431816207 26362
271 1791336431828433 21353
272 1791336431850676 24140
273 1791336431876809 28841
274 1791336431890987 23412
275 1791336431907888 20870
276 1791336431929591 22828
277 1791336431949968 22798
278 1791336431970495 22618
279 1791336431991407 25245
280 1791336432018129 26719
281 1791336432035184 23648
282 1791336432056063 27737
283 1791336432074984 27994
284 1791336432090023 22388
285 1791336432111985 24113
286 1791336432138081 26093
287 1791336432151787 24724
288 1791336432169837 21884
289 1791336432190206 22472
290 1791336432216647 26438
291 1791336432234811 24443
292 1791336432248264 21530
293 1791336432268786 20520
294 1791336432288022 21415
295 1791336432308116 22154
296 1791336432329912 21839
297 1791336432349029 21303
298 1791336432368989 22099
299 1791336432395589 28685
300 1791336432408268 22113
301 1791336432435039 26767
302 1791336432457564 30510
303 1791336432467854 20822
304 1791336432487739 20971
305 1791336432516812 29070
306 1791336432535488 28745
307 1791336432558370 28255
308 1791336432570946 23959
309 1791336432592082 21132
310 1791336432616968 28145
311 1791336432634002 23268
312 1791336432654058 27593
313 1791336432686176 32115
314 1791336432696534 26917
315 1791336432706770 20589
316 1791336432728635 22702
317 1791336432749772 23910
318 1791336432777634 31635
319 1791336432788421 22311
320 1791336432816510 28084
321 1791336432834030 21653
322 1791336432848702 22466
323 1791336432870669 22809
324 1791336432896329 25705
325 1791336432916885 24782
326 1791336432936289 29551
327 1791336432952904 24977
328 1791336432978174 29503
329 1791336432989360 22084
330 1791336433012694 24707
331 1791336433029881 21907
332 1791336433051016 21860
333 1791336433069840 22640
334 1791336433091516 24647
335 1791336433117148 25627
336 1791336433139862 25143
337 1791336433155219 27741
338 1791336433171297 25038
339 1791336433196291 27921
340 1791336433207157 20422
341 1791336433228525 21713
342 1791336433254982 26454
343 1791336433276693 30867
344 1791336433295060 27344
345 1791336433308065 21229
346 1791336433331058 24520
347 1791336433348595 22320
348 1791336433367370 20423
349 1791336433392847 26248
350 1791336433409265 21617
351 1791336433429360 22641
352 1791336433450721 23431
353 1791336433475899 25297
354 1791336433495182 23680
355 1791336433516428 24755
356 1791336433531451 22880
357 1791336433549451 22921
358 1791336433568095 21811
359 1791336433589779 23992
360 1791336433612037 23466
361 1791336433627984 21139
362 1791336433651166 24218
363 1791336433670398 22495
364 1791336433697641 27239
365 1791336433708996 23233
366 1791336433728874 21745
367 1791336433747894 21262
368 1791336433773899 25999
369 1791336433788312 21877
370 1791336433807734 20487
371 1791336433829179 21656
372 1791336433846710 20717
373 1791336433867748 21034
374 1791336433889008 22537
375 1791336433908638 21774
376 1791336433930799 24198
377 1791336433949989 21339
378 1791336433976714 26721
379 1791336433992580 26080
380 1791336434008372 22210
381 1791336434028601 22659
382 1791336434047304 20813
383 1791336434074677 27371
384 1791336434090259 22149
385 1791336434112764 24826
386 1791336434137117 24463
387 1791336434155971 27558
388 1791336434172816 25850
389 1791336434194216 26572
390 1791336434209699 23764
391 1791336434236432 28853
392 1791336434249442 22508
393 1791336434267777 21490
394 1791336434294078 26297
395 1791336434310082 23495
396 1791336434328944 21293
397 1791336434356205 29707
398 1791336434376691 29627
399 1791336434392975 26149
400 1791336434410192 22458
401 1791336434433318 24628
402 1791336434450614 22724
403 1791336434477214 26597
404 1791336434489509 22418
405 1791336434508246 21211
406 1791336434527436 21656
407 1791336434558844 31405
408 1791336434581359 34214
409 1791336434599034 32134
410 1791336434615126 28330
411 1791336434643585 36761
412 1791336434654293 24553
413 1791336434681141 34412
414 1791336434706733 39039
415 1791336434717519 30820
416 1791336434734266 27530
417 1791336434757351 30544
418 1791336434786276 36859
419 1791336434802964 30923
420 1791336434816175 29939
421 1791336434842475 34499
422 1791336434858766 29238
423 1791336434876367 28476
424 1791336434901555 30921
425 1791336434920372 29385
426 1791336434936606 30049
427 1791336434957746 28438
428 1791336434978880 25444
429 1791336434996805 29923
430 1791336435025073 36922
431 1791336435035812 29908
432 1791336435053895 27145
433 1791336435077965 30584
434 1791336435103766 36915
435 1791336435118090 30010
436 1791336435136341 30354
437 1791336435158303 26755
438 1791336435177965 30617
439 1791336435196886 30049
440 1791336435218179 30606
441 1791336435235438 28878
442 1791336435248705 22227
443 1791336435275995 29089
444 1791336435291504 24695
445 1791336435319493 31473
446 1791336435337382 29560
447 1791336435350525 24656
448 1791336435377110 30045
449 1791336435402462 32155
450 1791336435415925 29386
451 1791336435444117 38534
452 1791336435457015 29141
453 1791336435477150 27743
454 1791336435496928 30308
455 1791336435517785 27493
456 1791336435537715 31433
457 1791336435557591 30548
458 1791336435576528 26551
459 1791336435597921 25840
460 1791336435614690 26525
461 1791336435629137 22382
462 1791336435656225 27418
463 1791336435682305 34281
464 1791336435694592 27760
465 1791336435718889 30366
466 1791336435737543 29963
467 1791336435761298 33728
468 1791336435777730 31303
469 1791336435798178 31374
470 1791336435816348 29586
471 1791336435840462 29994
472 1791336435857182 29544
473 1791336435872843 24751
474 1791336435898001 28328
475 1791336435920977 33975
476 1791336435937982 31638
477 1791336435962996 35541
478 1791336435976882 29207
479 1791336435996802 30250
480 1791336436010413 24086
481 1791336436037331 29232
482 1791336436066471 34848
483 1791336436084642 37145
484 1791336436110747 44273
485 1791336436133124 46283
486 1791336436153787 43036
487 1791336436171567 42972
488 1791336436196729 50400
489 1791336436217640 51049
490 1791336436244419 54595
491 1791336436258116 52107
492 1791336436289702 57816
493 1791336436311422 63906
494 1791336436324724 58002
495 1791336436346678 56971
496 1791336436370368 58945
497 1791336436386424 60005
498 1791336436412693 66012
499 1791336436429857 59485
500 1791336436448553 62126
501 1791336436476876 64179
502 1791336436492325 62659
503 1791336436519469 70914
504 1791336436530472 64151
505 1791336436556401 69261
506 1791336436578716 64403
507 1791336436589413 62814
508 1791336436617233 71086
509 1791336436633591 66202
510 1791336436657168 69451
511 1791336436677876 68206
512 1791336436697819 64413
513 1791336436717529 70448
514 1791336436738497 65591
515 1791336436757244 69788
516 1791336436786089 73189
517 1791336436797392 71368
518 1791336436824792 76091
519 1791336436839692 68623
520 1791336436855684 69587
521 1791336436871427 65530
522 1791336436883067 54467
523 1791336436899110 51037
524 1791336436925337 53906
525 1791336436938472 50621
526 1791336436957992 51738
527 1791336436987287 60067
528 1791336437003193 56894
529 1791336437021521 54044
530 1791336437048297 61007
531 1791336437062014 54679
532 1791336437088156 61264
533 1791336437109013 60715
534 1791336437128881 62364
535 1791336437147101 61125
536 1791336437167150 58133
537 1791336437186773 57888
538 1791336437209521 62418
539 1791336437231513 64360
540 1791336437247208 60424
541 1791336437267056 60964
542 1791336437290675 64524
543 1791336437307713 60503
544 1791336437327597 60575
545 1791336437355503 65009
546 1791336437370890 63174
547 1791336437391486 65572
548 1791336437410997 63939
549 1791336437433123 65550
550 1791336437456666 70079
551 1791336437477490 66718
552 1791336437496952 70647
553 1791336437520249 70244
554 1791336437541224 74113
555 1791336437556175 68374
556 1791336437577422 70149
557 1791336437599666 72612
558 1791336437617185 70442
559 1791336437637746 69673
560 1791336437667145 78742
561 1791336437679898 73582
562 1791336437696540 69466
563 1791336437717247 70605
564 1791336437737677 70529
565 1791336437760383 70037
566 1791336437775955 68285
567 1791336437800165 73564
568 1791336437818317 72174
569 1791336437840747 73713
570 1791336437851264 65058
571 1791336437880056 69526
572 1791336437894580 66829
573 1791336437919598 68332
574 1791336437933167 66149
575 1791336437956885 70178
576 1791336437971527 64471
577 1791336437990005 60923
578 1791336438005147 58465
579 1791336438026365 54835
580 1791336438040035 50027
581 1791336438056087 45632
582 1791336438074870 48503
583 1791336438091746 44759
584 1791336438106340 39392
585 1791336438127991 36303
586 1791336438138800 32457
587 1791336438159591 31597
588 1791336438179677 31750
589 1791336438199531 32572
590 1791336438215063 27454
591 1791336438233345 27734
592 1791336438256448 29035
593 1791336438275637 28853
594 1791336438297285 27834
595 1791336438320615 34628
596 1791336438338838 31537
597 1791336438352638 25013
598 1791336438376612 29466
599 1791336438397760 28762
600 1791336438416404 29599
601 1791336438442102 33477
602 1791336438454761 28874
603 1791336438477508 30594
604 1791336438489860 23825
605 1791336438511207 23937
606 1791336438537101 29769
607 1791336438559694 28258
608 1791336438570257 23353
609 1791336438603333 33073
610 1791336438622607 35355
611 1791336438636706 29846
612 1791336438657486 30331
613 1791336438676623 29743
614 1791336438701191 35067
615 1791336438716846 27705
616 1791336438741348 29777
617 1791336438758878 29445
618 1791336438776560 28586
619 1791336438796214 27597
620 1791336438813940 28095
621 1791336438840057 28937
622 1791336438851133 24514
623 1791336438875180 28440
624 1791336438897709 30161
625 1791336438917756 31272
626 1791336438938825 32709
627 1791336438958878 31835
628 1791336438974981 27940
629 1791336438996896 29187
630 1791336439013547 25928
631 1791336439036495 29113
632 1791336439059320 29979
633 1791336439071145 24529
634 1791336439098318 31328
635 1791336439116417 24271
636 1791336439137871 27439
637 1791336439150703 23443
638 1791336439175411 26633
639 1791336439197948 27072
640 1791336439217974 31851
641 1791336439234778 28014
642 1791336439258758 29869
643 1791336439272277 25014
644 1791336439294166 26980
645 1791336439317270 30209
646 1791336439336754 26990
647 1791336439357279 27586
648 1791336439372258 24539
649 1791336439391900 23818
650 1791336439417552 29607
651 1791336439435777 27610
652 1791336439458492 32462
653 1791336439477764 30327
654 1791336439498142 31108
655 1791336439517051 29986
656 1791336439546043 37003
657 1791336439570254 38639
658 1791336439591338 45291
659 1791336439608665 42388
660 1791336439636048 48540
661 1791336439658431 51199
662 1791336439687937 61823
663 1791336439707004 60385
664 1791336439726781 60241
665 1791336439757882 69942
666 1791336439780089 73082
667 1791336439796207 69718
668 1791336439829166 80004
669 1791336439847000 80644
670 1791336439875472 88505
671 1791336439900028 93421
672 1791336439917921 88750
673 1791336439942404 95403
674 1791336439959552 92788
675 1791336439986386 100449
676 1791336440005188 97696
677 1791336440027841 100605
678 1791336440048294 99176
679 1791336440066085 98067
680 1791336440087370 101138
681 1791336440105260 98383
682 1791336440128129 101864
683 1791336440153831 105535
684 1791336440167755 101664
685 1791336440183762 96387
686 1791336440209705 102569
687 1791336440225297 97166
688 1791336440249634 102322
689 1791336440268200 101834
690 1791336440288033 101294
691 1791336440316356 106648
692 1791336440329593 102479
693 1791336440344562 96935
694 1791336440367660 101816
695 1791336440379190 91472
696 1791336440396245 88627
697 1791336440412910 83572
698 1791336440430746 84672
699 1791336440451846 84174
700 1791336440468821 81056
701 1791336440485180 78571
702 1791336440504825 74075
703 1791336440526263 74803
704 1791336440541095 72270
705 1791336440555943 67125
706 1791336440570050 63102
707 1791336440585866 59601
708 1791336440606328 58721
709 1791336440619534 49480
710 1791336440635664 49794
711 1791336440647021 40690
712 1791336440655201 28272
713 1791336440677999 30975
714 1791336440699344 32539
715 1791336440711666 24955
716 1791336440736068 27990
717 1791336440753286 27391
718 1791336440780378 27088
719 1791336440798405 28541
720 1791336440819104 31291
721 1791336440836540 29400
722 1791336440857611 30260
723 1791336440873787 27104
724 1791336440896596 29012
725 1791336440919057 26874
726 1791336440935739 29249
727 1791336440959680 33351
728 1791336440974119 26748
729 1791336440997679 31698
730 1791336441009736 22797
731 1791336441039658 32408
732 1791336441065871 38892
733 1791336441086382 36388
734 1791336441096756 30881
735 1791336441116946 30562
736 1791336441136736 30195
737 1791336441165332 36921
738 1791336441177817 26849
739 1791336441200652 31752
740 1791336441222293 36166
741 1791336441239296 31142
742 1791336441257474 30662
743 1791336441275804 28974
744 1791336441296958 27734
745 1791336441312514 26094
746 1791336441337675 31575
747 1791336441357465 30550
748 1791336441376262 30341
749 1791336441388952 23225
750 1791336441418867 29912
751 1791336441436251 28489
752 1791336441460700 32847
753 1791336441480776 34216
754 1791336441510752 43821
755 1791336441514844 28299
756 1791336441538822 28066
757 1791336441556854 28533
758 1791336441578332 28679
759 1791336441598989 32957
760 1791336441613983 26934
761 1791336441637868 31693
762 1791336441657028 29961
763 1791336441681113 34493
764 1791336441696008 29086
765 1791336441718766 31687
766 1791336441736076 27878
767 1791336441757538 29670
768 1791336441776054 25710
769 1791336441800750 34205
770 1791336441816439 28825
771 1791336441850978 42445
772 1791336441858815 33224
773 1791336441883465 32484
774 1791336441906191 38319
775 1791336441908295 21689
776 1791336441938159 31965
777 1791336441955178 27585
778 1791336441976101 28862
779 1791336441996990 27180
780 1791336442012128 25672
781 1791336442039438 31342
782 1791336442058411 30207
783 1791336442077394 31683
784 1791336442089570 23499
785 1791336442118278 31399
786 1791336442138058 32329
787 1791336442159966 29240
788 1791336442169238 22991
789 1791336442196128 29412
790 1791336442218727 28107
791 1791336442237576 30093
792 1791336442256857 30603
793 1791336442271151 24800
794 1791336442296316 25160
795 1791336442315277 29012
796 1791336442331709 23964
797 1791336442358379 28341
798 1791336442387209 37216
799 1791336442398834 31031
800 1791336442414616 27557
801 1791336442436215 29628
802 1791336442454712 27673
803 1791336442482095 32638
804 1791336442496769 27633
805 1791336442521724 31746
806 1791336442536159 30186
807 1791336442547051 21173
808 1791336442573821 26768
809 1791336442594112 24130
810 1791336442618070 30454
811 1791336442645257 33302
812 1791336442658200 30406
813 1791336442671032 24219
814 1791336442711712 43094
815 1791336442739721 46462
816 1791336442753219 41502
817 1791336442772927 33200
818 1791336442789161 42571
819 1791336442800246 27314
820 1791336442833939 47092
821 1791336442858298 49596
822 1791336442869992 36049
823 1791336442890142 31839
824 1791336442897151 27155
825 1791336442918823 28891
826 1791336442941006 33902
827 1791336442955252 28538
828 1791336442978119 30694
829 1791336442999680 32677
830 1791336443017535 27819
831 1791336443029306 22760
832 1791336443056829 27518
833 1791336443074218 22332
834 1791336443093990 26293
835 1791336443117449 28793
836 1791336443132942 26477
837 1791336443156922 28899
838 1791336443178044 28532
839 1791336443204429 38207
840 1791336443217929 29019
841 1791336443236570 27500
842 1791336443251939 25589
843 1791336443277289 29593
844 1791336443290405 23554
845 1791336443317614 28164
846 1791336443329015 22672
847 1791336443356301 29932
848 1791336443379172 27177
849 1791336443398825 30214
850 1791336443418367 30678
851 1791336443436889 29796
852 1791336443458123 27687
853 1791336443474365 28126
854 1791336443497768 30589
855 1791336443517473 30079
856 1791336443537460 30547
857 1791336443562871 33990
858 1791336443584940 38501
859 1791336443606428 39207
860 1791336443629502 42563
861 1791336443650159 43726
862 1791336443676439 49829
863 1791336443696387 50285
864 1791336443725679 58219
865 1791336443750239 61866
866 1791336443771413 64251
867 1791336443786120 60436
868 1791336443817227 66983
869 1791336443840457 69033
870 1791336443861182 75058
871 1791336443886555 79190
872 1791336443903353 75882
873 1791336443930044 81055
874 1791336443940648 73169
875 1791336443965880 79321
876 1791336443988517 81994
877 1791336444006628 80623
878 1791336444033450 86816
879 1791336444044695 78811
880 1791336444066327 77797
881 1791336444086956 80530
882 1791336444114340 80886
883 1791336444126534 79588
884 1791336444147479 81146
885 1791336444168575 81613
886 1791336444195505 88476
887 1791336444211213 84650
888 1791336444236345 88861
889 1791336444247398 81570
890 1791336444275417 86966
891 1791336444287020 81123
892 1791336444311103 83699
893 1791336444326528 79204
894 1791336444347280 79617
895 1791336444366787 79760
896 1791336444390172 79935
897 1791336444403374 76841
898 1791336444427410 80126
899 1791336444439105 72314
900 1791336444463956 77354
901 1791336444487678 79831
902 1791336444500771 73357
903 1791336444517068 70043
904 1791336444536581 68774
905 1791336444555775 68093
906 1791336444575280 68896
907 1791336444587130 59937
908 1791336444599332 52005
909 1791336444611999 44782
910 1791336444628225 41090
911 1791336444642588 33712
912 1791336444660752 33627
913 1791336444680666 34450
914 1791336444696871 30918
915 1791336444726151 38642
916 1791336444737805 27132
917 1791336444756514 30359
918 1791336444777672 31282
919 1791336444803433 34009
920 1791336444828088 42150
921 1791336444838340 31859
922 1791336444858802 30709
923 1791336444887434 40820
924 1791336444899218 31615
925 1791336444917171 30186
926 1791336444936742 28955
927 1791336444950829 23811
928 1791336444979446 28611
929 1791336444998044 31859
930 1791336445018310 32313
931 1791336445046726 34842
932 1791336445059617 29777
933 1791336445070756 24274
934 1791336445089468 23040
935 1791336445117850 28378
936 1791336445138450 32030
937 1791336445158640 31507
938 1791336445174229 27752
939 1791336445197266 28196
940 1791336445215942 27727
941 1791336445238270 31027
942 1791336445263848 36397
943 1791336445275316 27241
944 1791336445292844 25731
945 1791336445316581 28852
946 1791336445339403 32879
947 1791336445350428 23893
948 1791336445377744 31903
949 1791336445396699 29262
950 1791336445416291 30265
951 1791336445436694 30731
952 1791336445460251 28670
953 1791336445474206 26434
954 1791336445498532 27486
955 1791336445517038 29901
956 1791336445530098 22372
957 1791336445559799 33205
958 1791336445579099 30993
959 1791336445599026 30971
960 1791336445618552 31444
961 1791336445637808 30252
962 1791336445649069 22975
963 1791336445672450 26071
964 1791336445698939 30394
965 1791336445716173 29114
966 1791336445742004 35150
967 1791336445756500 28362
968 1791336445778538 31103
969 1791336445792363 25114
970 1791336445819042 32602
971 1791336445839244 31682
972 1791336445861685 34676
973 1791336445886013 35538
974 1791336445896685 29628
975 1791336445916861 30843
976 1791336445938952 32504
977 1791336445958061 29714
978 1791336445972760 26467
979 1791336445998871 32059
980 1791336446020783 32780
981 1791336446037210 29757
982 1791336446051670 25275
983 1791336446073361 26020
984 1791336446098771 30116
985 1791336446115401 27386
986 1791336446138746 32805
987 1791336446156804 29433
988 1791336446176162 30211
989 1791336446199630 31618
990 1791336446221380 33926
991 1791336446242468 33358
992 1791336446254479 26472
993 1791336446277703 30097
994 1791336446297027 29794
995 1791336446321579 32471
996 1791336446337624 30195
997 1791336446356547 30269
998 1791336446378133 31055
999 1791336446389210 22730
1000 1791336446414150 27661
1001 1791336446435597 28482
1002 1791336446458744 28938
1003 1791336446480642 33715
1004 1791336446496557 29052
1005 1791336446517382 31221
1006 1791336446531703 25562
1007 1791336446558705 30277
1008 1791336446577488 30184
1009 1791336446597677 30674
1010 1791336446623650 37422
1011 1791336446639943 31214
1012 1791336446659324 31650
1013 1791336446677620 30154
1014 1791336446700356 29282
1015 1791336446725807 38878
1016 1791336446747218 38243
1017 1791336446768419 42608
1018 1791336446792220 44993
1019 1791336446816559 48132
1020 1791336446837761 50265
1021 1791336446862307 54967
1022 1791336446895689 68609
1023 1791336446908452 60887
1024 1791336446935588 68705
1025 1791336446956668 69237
1026 1791336446968196 61587
1027 1791336446985530 59580
1028 1791336447014783 68675
1029 1791336447033105 66506
1030 1791336447057451 71915
1031 1791336447079321 72940
1032 1791336447103225 75339
1033 1791336447128592 77661
1034 1791336447145519 78927
1035 1791336447156482 69172
1036 1791336447186711 79282
1037 1791336447197770 70156
1038 1791336447217687 72164
1039 1791336447243080 76509
1040 1791336447270703 83987
1041 1791336447286276 79500
1042 1791336447313453 87548
1043 1791336447327323 77603
1044 1791336447358034 87324
1045 1791336447370473 84194
1046 1791336447394662 81200
1047 1791336447408382 81055
1048 1791336447436272 87935
1049 1791336447448303 80896
1050 1791336447467709 80103
1051 1791336447491009 82622
1052 1791336447508386 81888
1053 1791336447527563 79572
1054 1791336447548487 80776
1055 1791336447565699 74684
1056 1791336447585630 79130
1057 1791336447609655 82089
1058 1791336447627979 79487
1059 1791336447638376 72673
1060 1791336447655308 69674
1061 1791336447676095 69103
1062 1791336447696368 68384
1063 1791336447725613 75067
1064 1791336447736958 69991
1065 1791336447749135 62942
1066 1791336447765345 58370
1067 1791336447779808 54191
1068 1791336447796616 49500
1069 1791336447817353 50367
1070 1791336447830101 42233
1071 1791336447847086 41036
1072 1791336447866587 36483
1073 1791336447877896 30808
1074 1791336447890480 24087
1075 1791336447916478 29269
1076 1791336447929520 23538
1077 1791336447954476 27607
1078 1791336447978793 29462
1079 1791336447997838 30012
1080 1791336448012389 26350
1081 1791336448038344 32289
1082 1791336448055233 27565
1083 1791336448085628 36393
1084 1791336448097683 27947
1085 1791336448110625 24993
1086 1791336448143791 33163
1087 1791336448155397 29343
1088 1791336448172402 26323
1089 1791336448200455 31713
1090 1791336448216449 30426
1091 1791336448233140 27432
1092 1791336448253817 25712
1093 1791336448275296 28338
1094 1791336448295997 26751
1095 1791336448317991 27481
1096 1791336448335234 28445
1097 1791336448358190 31083
1098 1791336448378758 30817
1099 1791336448397338 29531
1100 1791336448416077 29237
1101 1791336448436400 26438
1102 1791336448452734 23743
1103 1791336448471529 25096
1104 1791336448497895 30164
1105 1791336448522015 34932
1106 1791336448537544 31264
1107 1791336448554228 28042
1108 1791336448579596 33066
1109 1791336448597230 30412
1110 1791336448618672 31860
1111 1791336448638435 31495
1112 1791336448652657 25764
1113 1791336448673372 24961
1114 1791336448701122 32197
1115 1791336448717951 31351
1116 1791336448735796 29249
1117 1791336448754566 27592
1118 1791336448777902 30871
1119 1791336448789324 23523
1120 1791336448814640 27762
1121 1791336448837924 29094
1122 1791336448856853 30114
1123 1791336448876666 30370
1124 1791336448900098 30974
1125 1791336448918411 32415
1126 1791336448937148 26719
1127 1791336448960264 28138
1128 1791336448976008 29745
1129 1791336448996902 28778
1130 1791336449019782 26979
1131 1791336449032406 26348
1132 1791336449056193 28328
1133 1791336449075274 27943
1134 1791336449097199 30201
1135 1791336449118640 31823
1136 1791336449135940 29350
1137 1791336449157950 27806
1138 1791336449170166 23026
1139 1791336449198892 31377
1140 1791336449217967 27180
1141 1791336449234820 28526
1142 1791336449255836 28158
1143 1791336449277111 31057
1144 1791336449296220 29878
1145 1791336449325236 31882
1146 1791336449338842 32009
1147 1791336449356180 26448
1148 1791336449376327 27905
1149 1791336449394172 26007
1150 1791336449416169 29436
1151 1791336449437567 27936
1152 1791336449456944 30451
1153 1791336449481306 29316
1154 1791336449495954 27584
1155 1791336449519688 31912
1156 1791336449534452 26669
1157 1791336449563914 37749
1158 1791336449581255 33253
1159 1791336449603098 34880
1160 1791336449614897 26884
1161 1791336449631146 24406
1162 1791336449656892 25741
1163 1791336449667339 20755
1164 1791336449690130 22787
1165 1791336449708863 20876
1166 1791336449729164 22365
1167 1791336449747326 20499
1168 1791336449769562 22232
1169 1791336449793297 23732
1170 1791336449808593 22938
1171 1791336449827651 21116
1172 1791336449850040 23458
1173 1791336449869183 21656
1174 1791336449892601 23640
1175 1791336449908886 21865
1176 1791336449934239 27293
1177 1791336449948648 22148
1178 1791336449975726 28772
1179 1791336449994281 27935
1180 1791336450009579 21018
1181 1791336450036272 26691
1182 1791336450054806 25756
1183 1791336450076247 27248
1184 1791336450087887 20499
1185 1791336450107982 20962
1186 1791336450135667 29296
1187 1791336450155978 28097
1188 1791336450175584 29511
1189 1791336450193391 26490
1190 1791336450210880 24522
1191 1791336450228430 21181
1192 1791336450249578 21285
1193 1791336450273078 27131
1194 1791336450288168 21130
1195 1791336450308519 22320
1196 1791336450333161 26248
1197 1791336450351488 25656
1198 1791336450368535 21230
1199 1791336450388200 22620
1200 1791336450412009 24989
1201 1791336450429657 22431
1202 1791336450457506 27846
1203 1791336450470598 23766
1204 1791336450490802 24465
1205 1791336450510987 22708
1206 1791336450531946 24134
1207 1791336450549417 22507
1208 1791336450567129 20864
1209 1791336450590067 23999
1210 1791336450616188 28169
1211 1791336450633903 26916
1212 1791336450649368 21798
1213 1791336450668524 22302
1214 1791336450695272 27968
1215 1791336450708009 20938
1216 1791336450729222 21196
1217 1791336450747582 20508
1218 1791336450776247 28660
1219 1791336450789973 22269
1220 1791336450812684 24878
1221 1791336450836181 29085
1222 1791336450857211 30418
1223 1791336450872959 24289
1224 1791336450895774 26433
1225 1791336450906964 20586
1226 1791336450935291 28325
1227 1791336450952142 25315
1228 1791336450970400 21792
1229 1791336450990887 22378
1230 1791336451018642 30636
1231 1791336451028561 20976
1232 1791336451049486 23641
1233 1791336451068569 21766
1234 1791336451094968 28871
1235 1791336451119161 32259
1236 1791336451130337 23879
1237 1791336451150176 22885
1238 1791336451176540 29007
1239 1791336451196401 29816
1240 1791336451209471 22015
1241 1791336451235120 25645
1242 1791336451253928 27859
1243 1791336451269388 22483
1244 1791336451287412 21167
1245 1791336451308335 21514
1246 1791336451328323 22196
1247 1791336451354975 26647
1248 1791336451373295 26310
1249 1791336451389099 21132
1250 1791336451415756 29157
1251 1791336451427263 21028
1252 1791336451449178 22138
1253 1791336451470526 21339
1254 1791336451489366 22698
1255 1791336451508164 20818
1256 1791336451530977 22811
1257 1791336451556561 28152
1258 1791336451577179 30408
1259 1791336451591627 23751
1260 1791336451609386 23080
1261 1791336451633501 24111
1262 1791336451654969 28029
1263 1791336451675912 29598
1264 1791336451692311 26162
1265 1791336451708877 21657
1266 1791336451727480 20500
1267 1791336451755162 28447
1268 1791336451775944 29279
1269 1791336451795904 29202
1270 1791336451810670 21980
1271 1791336451832969 22295
1272 1791336451851183 23522
1273 1791336451868620 21524
1274 1791336451888909 22622
1275 1791336451909270 22574
1276 1791336451927950 21854
1277 1791336451950890 22936
1278 1791336451968913 21758
1279 1791336451989296 22724
1280 1791336452015304 27341
1281 1791336452036963 29984
1282 1791336452049480 22009
1283 1791336452067145 21019
1284 1791336452089850 23352
1285 1791336452113932 24078
1286 1791336452127343 21265
1287 1791336452157180 29833
1288 1791336452167441 21724
1289 1791336452188490 21995
1290 1791336452213939 27423
1291 1791336452231788 24542
1292 1791336452259502 27710
1293 1791336452270145 23764
1294 1791336452296097 29987
1295 1791336452311908 23909
1296 1791336452329430 22412
1297 1791336452349091 21987
1298 1791336452368040 20954
1299 1791336452391678 24861
1300 1791336452415302 23621
1301 1791336452429004 22205
1302 1791336452448483 21322
1303 1791336452469344 22614
1304 1791336452490825 21581
1305 1791336452516504 28673
1306 1791336452533899 26283
1307 1791336452549527 22718
1308 1791336452586911 37379
1309 1791336452599026 28613
1310 1791336452610444 23530
1311 1791336452635575 28627
1312 1791336452647941 22007
1313 1791336452675988 28651
1314 1791336452688442 21806
1315 1791336452709350 23077
1316 1791336452729798 23732
1317 1791336452748539 21149
1318 1791336452771322 24024
1319 1791336452787248 20653
1320 1791336452819503 32833
1321 1791336452837887 30531
1322 1791336452858274 29157
1323 1791336452892679 45524
1324 1791336452900557 33073
1325 1791336452926776 38734
1326 1791336452974535 67544
1327 1791336453002156 75377
1328 1791336453024596 78567
1329 1791336453024601 51177
1330 1791336453043987 57494
1331 1791336453072504 65441
1332 1791336453099594 71997
1333 1791336453116971 70055
1334 1791336453133321 66342
1335 1791336453154346 68033
1336 1791336453170856 63579
1337 1791336453203425 71974
1338 1791336453216503 69632
1339 1791336453239519 72196
1340 1791336453249115 63050
1341 1791336453270605 61698
1342 1791336453298576 70976
1343 1791336453329714 81955
1344 1791336453361916 93831
1345 1791336453377965 90254
1346 1791336453386454 80555
1347 1791336453407030 79246
1348 1791336453429909 84029
1349 1791336453458842 91497
1350 1791336453468672 82213
1351 1791336453489415 82947
1352 1791336453520871 93727
1353 1791336453536292 89786
1354 1791336453550260 84149
1355 1791336453569425 82945
1356 1791336453592519 85372
1357 1791336453623682 93549
1358 1791336453643559 93730
1359 1791336453674274 104846
1360 1791336453677889 92304
1361 1791336453707054 100269
1362 1791336453727659 101388
1363 1791336453747631 101239
1364 1791336453780222 106359
1365 1791336453789712 102889
1366 1791336453811432 104375
1367 1791336453833236 106998
1368 1791336453844060 96411
1369 1791336453867124 98733
1370 1791336453887910 100645
1371 1791336453917651 109492
1372 1791336453927975 102269
1373 1791336453956504 108498
1374 1791336453967132 100855
1375 1791336453987161 99590
1376 1791336454018785 112035
1377 1791336454045577 117599
1378 1791336454061385 110253
1379 1791336454078186 111046
1380 1791336454098033 110870
1381 1791336454112901 106583
1382 1791336454132735 106669
1383 1791336454147136 101557
1384 1791336454169844 102417
1385 1791336454190990 103265
1386 1791336454209930 103456
1387 1791336454228011 100515
1388 1791336454253462 106322
1389 1791336454259931 92560
1390 1791336454286830 100752
1391 1791336454296291 89444
1392 1791336454313532 86036
1393 1791336454325488 79123
1394 1791336454338744 72365
1395 1791336454365925 79257
1396 1791336454378410 65960
1397 1791336454397036 71545
1398 1791336454423038 76809
1399 1791336454437697 71770
1400 1791336454464225 71594
1401 1791336454467035 60539
1402 1791336454489332 61856
1403 1791336454506086 59063
1404 1791336454524007 56970
1405 1791336454534075 46782
1406 1791336454563241 57152
1407 1791336454584174 56055
1408 1791336454599925 51998
1409 1791336454617317 49925
1410 1791336454637474 51099
1411 1791336454647331 40133
1412 1791336454666063 38937
1413 1791336454679061 31807
1414 1791336454703146 37079
1415 1791336454725064 37180
1416 1791336454746992 39146
1417 1791336454759181 30998
1418 1791336454786148 39153
1419 1791336454795293 27952
1420 1791336454824993 38841
1421 1791336454848093 38842
1422 1791336454857889 29572
1423 1791336454883290 35851
1424 1791336454900221 32057
1425 1791336454928685 39603
1426 1791336454938092 30315
1427 1791336454962319 34778
1428 1791336454980728 33470
1429 1791336454997946 29982
1430 1791336455014383 23835
1431 1791336455037000 29850
1432 1791336455068984 37261
1433 1791336455083131 35799
1434 1791336455106957 39575
1435 1791336455127110 39918
1436 1791336455140095 33135
1437 1791336455158624 32118
1438 1791336455193565 45337
1439 1791336455209574 41575
1440 1791336455230415 43800
1441 1791336455247276 40241
1442 1791336455271935 44442
1443 1791336455276184 28903
1444 1791336455320510 53301
1445 1791336455327690 33743
1446 1791336455351275 39756
1447 1791336455367759 42073
1448 1791336455382036 34748
1449 1791336455415374 48442
1450 1791336455427570 40022
1451 1791336455449471 42922
1452 1791336455467734 40246
1453 1791336455492060 44681
1454 1791336455505553 37816
1455 1791336455538597 46535
1456 1791336455552831 47276
1457 1791336455587716 61659
1458 1791336455596085 45076
1459 1791336455626230 59604
1460 1791336455628132 40413
1461 1791336455655320 47124
1462 1791336455666197 39964
1463 1791336455694498 47328
1464 1791336455714817 48617
1465 1791336455731312 44194
1466 1791336455747109 41140
1467 1791336455778041 51302
1468 1791336455795314 48202
1469 1791336455818147 50836
1470 1791336455833146 46005
1471 1791336455854236 47594
1472 1791336455871181 44703
1473 1791336455888571 40578
1474 1791336455914113 46071
1475 1791336455936065 49618
1476 1791336455957344 50918
1477 1791336455977607 50193
1478 1791336455998521 48506
1479 1791336456019906 53376
1480 1791336456035503 48242
1481 1791336456066902 60243
1482 1791336456071537 44639
1483 1791336456095212 48529
1484 1791336456120608 53878
1485 1791336456150812 64242
1486 1791336456167105 53837
1487 1791336456181451 54697
1488 1791336456197330 50388
1489 1791336456221866 54758
1490 1791336456236238 49489
1491 1791336456257660 51208
1492 1791336456278216 52121
1493 1791336456296078 48491
1494 1791336456318026 48172
1495 1791336456335390 47198
1496 1791336456357934 50545
1497 1791336456377795 50837
1498 1791336456406827 59409
1499 1791336456427470 61119
1500 1791336456437732 50802
1501 1791336456475415 68905
1502 1791336456488388 61851
1503 1791336456505752 58650
1504 1791336456534007 64591
1505 1791336456538364 49973
1506 1791336456561606 55850
1507 1791336456584257 58069
1508 1791336456600987 51028
1509 1791336456617660 51172
1510 1791336456641220 52746
1511 1791336456671032 64178
1512 1791336456688197 61927
1513 1791336456699514 51581
1514 1791336456718401 52325
1515 1791336456740837 52636
1516 1791336456767306 58853
1517 1791336456786114 59490
1518 1791336456804575 58595
1519 1791336456832054 64745
1520 1791336456849514 63396
1521 1791336456868068 61899
1522 1791336456896550 69772
1523 1791336456913483 64669
1524 1791336456932717 65321
1525 1791336456948531 62120
1526 1791336456969728 56240
1527 1791336456988890 56169
1528 1791336457005357 56821
1529 1791336457028292 60475
1530 1791336457054738 68201
1531 1791336457070553 63769
1532 1791336457098918 70623
1533 1791336457111640 64205
1534 1791336457127567 60057
1535 1791336457155976 68297
1536 1791336457169337 62820
1537 1791336457187242 60774
1538 1791336457213212 66232
1539 1791336457233421 66774
1540 1791336457249830 62585
1541 1791336457267160 60322
1542 1791336457290222 61655
1543 1791336457313810 67828
1544 1791336457327999 60836
1545 1791336457354457 66140
1546 1791336457382183 70808
1547 1791336457396862 70699
1548 1791336457425618 79311
1549 1791336457443481 75945
1550 1791336457456376 69945
1551 1791336457474296 66744
1552 1791336457487600 61978
1553 1791336457516572 68531
1554 1791336457534813 67345
1555 1791336457564228 76626
1556 1791336457588511 81290
1557 1791336457605229 78342
1558 1791336457628004 81756
1559 1791336457641054 73946
1560 1791336457660292 72581
1561 1791336457675843 68997
1562 1791336457690219 62212
1563 1791336457715205 67806
1564 1791336457735907 66401
1565 1791336457759784 71913
1566 1791336457776198 69416
1567 1791336457805539 77561
1568 1791336457820495 68665
1569 1791336457835497 67362
1570 1791336457861037 73106
1571 1791336457876796 71255
1572 1791336457900824 74075
1573 1791336457909571 60543
1574 1791336457928680 61582
1575 1791336457947925 60625
1576 1791336457970143 61497
1577 1791336457979569 51977
1578 1791336457983930 36000
1579 1791336458006931 39593
1580 1791336458018501 29233
1581 1791336458039273 32337
1582 1791336458057889 30520
1583 1791336458084959 37653
1584 1791336458104766 37772
1585 1791336458134802 47802
1586 1791336458134851 27697
1587 1791336458197743 62932
1588 1791336458197761 49650
1589 1791336458197775 31225
1590 1791336458228276 38308
1591 1791336458258140 50670
1592 1791336458270941 42654
1593 1791336458297124 38977
1594 1791336458303626 34303
1595 1791336458320660 32828
1596 1791336458355073 49163
1597 1791336458362382 34978
1598 1791336458399782 44696
1599 1791336458407474 38448
1600 1791336458416106 28725
1601 1791336458439997 32519
1602 1791336458463091 35403
1603 1791336458478804 30929
1604 1791336458496972 30606
1605 1791336458512967 25437
1606 1791336458536249 28611
1607 1791336458556496 28985
1608 1791336458569943 23292
1609 1791336458602023 35387
1610 1791336458625872 38260
1611 1791336458636521 28503
1612 1791336458650820 24944
1613 1791336458675501 29490
1614 1791336458688944 22323
1615 1791336458718915 32072
1616 1791336458736035 29964
1617 1791336458752811 25647
1618 1791336458786070 38662
1619 1791336458791618 25342
1620 1791336458816964 30891
1621 1791336458837380 30369
1622 1791336458864832 38092
1623 1791336458877653 30804
1624 1791336458896192 30109
1625 1791336458919666 32343
1626 1791336458939503 32524
1627 1791336458960028 33421
1628 1791336458990385 38895
1629 1791336459009491 41319
1630 1791336459026450 36885
1631 1791336459040987 33702
1632 1791336459055948 29494
1633 1791336459077647 30153
1634 1791336459103282 36834
1635 1791336459115656 28378
1636 1791336459139544 31578
1637 1791336459169624 42173
1638 1791336459199232 52079
1639 1791336459215602 47857
1640 1791336459227892 40848
1641 1791336459257374 49298
1642 1791336459267764 41091
1643 1791336459287028 40601
1644 1791336459308491 41317
1645 1791336459327232 40200
1646 1791336459348186 41923
1647 1791336459372923 46391
1648 1791336459385696 38350
1649 1791336459420076 47149
1650 1791336459435162 49462
1651 1791336459456815 49623
1652 1791336459475378 47221
1653 1791336459492734 46302
1654 1791336459523981 56707
1655 1791336459538640 45903
1656 1791336459547620 41138
1657 1791336459563645 36959
1658 1791336459587641 40587
1659 1791336459611498 44674
1660 1791336459641074 53417
1661 1791336459662606 51345
1662 1791336459681476 55246
1663 1791336459691486 44581
1664 1791336459711816 44141
1665 1791336459736024 50146
1666 1791336459748955 43275
1667 1791336459776375 50029
1668 1791336459797639 50128
1669 1791336459812176 44262
1670 1791336459828913 42012
1671 1791336459855019 47939
1672 1791336459879753 50862
1673 1791336459890668 43429
1674 1791336459916947 49523
1675 1791336459936514 47567
1676 1791336459945322 36964
1677 1791336459972275 44341
1678 1791336459997223 47868
1679 1791336460025885 58133
1680 1791336460044763 55332
1681 1791336460060995 54600
1682 1791336460087205 61317
1683 1791336460099142 50254
1684 1791336460127969 58120
1685 1791336460137369 50160
1686 1791336460155927 48262
1687 1791336460178895 51581
1688 1791336460203563 55456
1689 1791336460226829 58496
1690 1791336460245039 52653
1691 1791336460257437 50557
1692 1791336460278802 51968
1693 1791336460300231 52571
1694 1791336460319706 53097
1695 1791336460337475 49777
1696 1791336460359892 50617
1697 1791336460376230 47162
1698 1791336460392191 43166
1699 1791336460428245 56786
1700 1791336460448614 60463
1701 1791336460466498 52186
1702 1791336460481446 53198
1703 1791336460497853 51456
1704 1791336460523586 57227
1705 1791336460537041 50373
1706 1791336460560031 52355
1707 1791336460582139 53391
1708 1791336460607973 59384
1709 1791336460621201 52886
1710 1791336460648705 58978
1711 1791336460658401 50425
1712 1791336460688034 60454
1713 1791336460695892 48566
1714 1791336460717822 50644
1715 1791336460737596 50562
1716 1791336460756649 46030
1717 1791336460776406 50361
1718 1791336460796007 48899
1719 1791336460826430 58853
1720 1791336460838120 51452
1721 1791336460862966 51115
1722 1791336460887252 60820
1723 1791336460899635 52488
1724 1791336460915524 48279
1725 1791336460937490 50657
1726 1791336460974908 67886
1727 1791336460987163 61055
1728 1791336461011389 60048
1729 1791336461028650 53735
1730 1791336461041273 54107
1731 1791336461060933 54131
1732 1791336461077183 48530
1733 1791336461098077 51595
1734 1791336461127178 55905
1735 1791336461145418 58365
1736 1791336461164181 57594
1737 1791336461192842 66474
1738 1791336461201126 55706
1739 1791336461226846 59019
1740 1791336461240111 53256
1741 1791336461259306 51917
1742 1791336461279227 52377
1743 1791336461304567 57624
1744 1791336461337349 64734
1745 1791336461346216 59117
1746 1791336461365095 58539
1747 1791336461376385 50435
1748 1791336461408104 61885
1749 1791336461429248 56769
1750 1791336461447452 59424
1751 1791336461460489 52383
1752 1791336461478570 52233
1753 1791336461497388 49933
1754 1791336461526423 57190
1755 1791336461544412 58337
1756 1791336461560946 53030
1757 1791336461586404 59978
1758 1791336461609757 61333
1759 1791336461622047 54443
1760 1791336461640973 54701
1761 1791336461658972 53078
1762 1791336461690097 63007
1763 1791336461705848 59489
1764 1791336461726195 58595
1765 1791336461738838 53000
1766 1791336461766365 60513
1767 1791336461792933 66734
1768 1791336461803103 56711
1769 1791336461827338 61185
1770 1791336461859387 66450
1771 1791336461873352 65108
1772 1791336461889001 61651
1773 1791336461905335 54732
1774 1791336461926363 54793
1775 1791336461946176 59237
1776 1791336461970416 63008
1777 1791336461996563 70198
1778 1791336462009227 63048
1779 1791336462043235 72814
1780 1791336462048920 62817
1781 1791336462067978 60349
1782 1791336462092886 65130
1783 1791336462106821 60244
1784 1791336462126761 60689
1785 1791336462147183 60719
1786 1791336462173261 66436
1787 1791336462188336 62036
1788 1791336462207428 60551
1789 1791336462227911 56558
1790 1791336462252735 65207
1791 1791336462275570 68138
1792 1791336462299623 72233
1793 1791336462311881 65684
1794 1791336462341294 69376
1795 1791336462360167 74178
1796 1791336462369146 62576
1797 1791336462388410 62300
1798 1791336462425178 77920
1799 1791336462436941 70405
1800 1791336462456647 69967
1801 1791336462476951 69412
1802 1791336462498668 68467
1803 1791336462505340 58569
1804 1791336462528873 62519
1805 1791336462556087 69918
1806 1791336462578044 71447
1807 1791336462605497 77892
1808 1791336462625641 79124
1809 1791336462639472 64990
1810 1791336462652843 66219
1811 1791336462668213 62713
1812 1791336462705381 79737
1813 1791336462714152 68180
1814 1791336462735869 69546
1815 1791336462748867 62404
1816 1791336462783857 74852
1817 1791336462796242 69796
1818 1791336462818014 71548
1819 1791336462842098 74239
1820 1791336462855288 69321
1821 1791336462874340 67445
1822 1791336462897980 71166
1823 1791336462913574 67198
1824 1791336462939886 71740
1825 1791336462949304 62610
1826 1791336462974865 67397
1827 1791336462979626 53854
1828 1791336462997835 51446
1829 1791336463007220 39613
1830 1791336463041853 52367
1831 1791336463055438 49220
1832 1791336463075030 45931
1833 1791336463084309 37617
1834 1791336463102177 35066
1835 1791336463125379 37792
1836 1791336463144590 36565
1837 1791336463159243 28974
1838 1791336463177318 28018
1839 1791336463208617 37191
1840 1791336463226338 38044
1841 1791336463247623 40647
1842 1791336463263336 36995
1843 1791336463284157 36531
1844 1791336463297535 28605
1845 1791336463314051 25897
1846 1791336463346925 40962
1847 1791336463361234 34060
1848 1791336463377446 30517
1849 1791336463407175 38696
1850 1791336463416090 29405
1851 1791336463430560 23382
1852 1791336463458169 30646
1853 1791336463472969 26572
1854 1791336463498459 31993
1855 1791336463526846 37674
1856 1791336463543860 36282
1857 1791336463555636 28787
1858 1791336463571036 21711
1859 1791336463607331 40252
1860 1791336463620370 33992
1861 1791336463637482 30147
1862 1791336463657606 29978
1863 1791336463678590 31638
1864 1791336463700926 34122
1865 1791336463720278 32659
1866 1791336463736835 29244
1867 1791336463763152 31242
1868 1791336463777741 31225
1869 1791336463802184 34607
1870 1791336463819592 33011
1871 1791336463845595 38214
1872 1791336463859198 31215
1873 1791336463877299 31701
1874 1791336463902207 35645
1875 1791336463916642 29855
1876 1791336463951187 43452
1877 1791336463974474 43359
1878 1791336463981062 30408
1879 1791336463998084 31293
1880 1791336464018144 30691
1881 1791336464039828 32909
1882 1791336464063354 36935
1883 1791336464088068 40562
1884 1791336464104258 36224
1885 1791336464118804 32023
1886 1791336464157499 47177
1887 1791336464167823 41794
1888 1791336464193497 47014
1889 1791336464206783 39577
1890 1791336464235860 47952
1891 1791336464238444 31658
1892 1791336464271463 45085
1893 1791336464298156 45387
1894 1791336464305578 38985
1895 1791336464341973 52505
1896 1791336464361097 55515
1897 1791336464371424 45183
1898 1791336464391302 43602
1899 1791336464415511 47217
1900 1791336464446014 57825
1901 1791336464462490 46976
1902 1791336464475738 45253
1903 1791336464479609 33912
1904 1791336464503128 35508
1905 1791336464530335 44393
1906 1791336464547363 40564
1907 1791336464563163 36781
1908 1791336464589966 42600
1909 1791336464612291 44677
1910 1791336464634895 48286
1911 1791336464659978 47684
1912 1791336464677614 48610
1913 1791336464686116 38658
1914 1791336464710634 40774
1915 1791336464734638 48519
1916 1791336464758079 49854
1917 1791336464773198 46106
1918 1791336464795932 49217
1919 1791336464821935 54320
1920 1791336464830004 43021
1921 1791336464852947 46035
1922 1791336464876495 48413
1923 1791336464899759 53068
1924 1791336464926663 56060
1925 1791336464936973 49815
1926 1791336464958128 50906
1927 1791336464971262 44596
1928 1791336464994184 47946
1929 1791336465011903 45283
1930 1791336465035004 46915
1931 1791336465056279 46911
1932 1791336465093003 57992
1933 1791336465097809 51316
1934 1791336465142132 68600
1935 1791336465152063 65782
1936 1791336465159503 52664
1937 1791336465198041 55903
1938 1791336465207098 58523
1939 1791336465219685 52048
1940 1791336465237399 51220
1941 1791336465257802 50700
1942 1791336465287075 61240
1943 1791336465312171 64614
1944 1791336465330993 64289
1945 1791336465353889 66809
1946 1791336465373254 61081
1947 1791336465386795 60293
1948 1791336465417554 70290
1949 1791336465417561 47765
1950 1791336465450865 64067
1951 1791336465461214 54761
1952 1791336465477665 49312
1953 1791336465493408 42795
1954 1791336465512396 45477
1955 1791336465532293 45065
1956 1791336465559604 53116
1957 1791336465615032 86758
1958 1791336465618236 70154
1959 1791336465641863 75764
1960 1791336465649413 60865
1961 1791336465657109 49852
1962 1791336465686150 54146
1963 1791336465698507 49090
1964 1791336465717281 50976
1965 1791336465737536 51382
1966 1791336465762955 53521
1967 1791336465782198 51576
1968 1791336465796174 49926
1969 1791336465817924 48287
1970 1791336465845478 57572
1971 1791336465859207 51514
1972 1791336465884289 57820
1973 1791336465908734 63251
1974 1791336465947089 79106
1975 1791336465947125 59873
1976 1791336465970673 63268
1977 1791336465977867 30774
1978 1791336465995416 48302
1979 1791336466022009 54424
1980 1791336466034529 47889
1981 1791336466059302 51695
1982 1791336466086789 57030
1983 1791336466095985 49294
1984 1791336466131640 59649
1985 1791336466140654 53861
1986 1791336466164898 58256
1987 1791336466186965 61225
1988 1791336466209900 63844
1989 1791336466221137 54420
1990 1791336466246201 60107
1991 1791336466259058 52463
1992 1791336466285734 58560
1993 1791336466300786 54581
1994 1791336466325052 55497
1995 1791336466343901 58165
1996 1791336466358891 51947
1997 1791336466376157 49035
1998 1791336466412503 65199
1999 1791336466427115 55519
2000 1791336466453398 66834
2001 1791336466468041 61689
2002 1791336466478003 52064
2003 1791336466506772 60750
2004 1791336466524510 57551
2005 1791336466546058 59624
2006 1791336466567565 60790
2007 1791336466586478 60847
2008 1791336466609744 63683
2009 1791336466628479 61499
2010 1791336466647150 60668
2011 1791336466659145 51538
2012 1791336466685125 57189
2013 1791336466701535 54899
2014 1791336466728056 61659
2015 1791336466742010 52710
2016 1791336466763874 57275
2017 1791336466785299 58702
2018 1791336466805116 58909
2019 1791336466825779 59444
2020 1791336466846573 59933
2021 1791336466867053 59485
2022 1791336466887874 62091
2023 1791336466912994 66419
2024 1791336466934419 68196
2025 1791336466947365 59595
2026 1791336466975755 62758
2027 1791336466986257 59491
2028 1791336466998927 51559
2029 1791336467037346 69080
2030 1791336467066272 80009
2031 1791336467078534 65407
2032 1791336467079737 52133
2033 1791336467120449 69980
2034 1791336467134199 67923
2035 1791336467163323 76140
2036 1791336467187279 75584
2037 1791336467191939 63714
2038 1791336467207529 60591
2039 1791336467225860 59059
2040 1791336467257931 70649
2041 1791336467287177 79645
2042 1791336467309838 83974
2043 1791336467326523 78953
2044 1791336467337815 64474
2045 1791336467340979 53797
2046 1791336467374336 64492
2047 1791336467389419 62890
2048 1791336467421498 71280
2049 1791336467447339 79858
2050 1791336467468335 78911
2051 1791336467471115 59724
2052 1791336467487352 61305
2053 1791336467512920 65576
2054 1791336467536677 69373
2055 1791336467552969 66446
2056 1791336467566806 60032
2057 1791336467592970 66563
2058 1791336467608715 61625
2059 1791336467638212 71403
2060 1791336467669123 78261
2061 1791336467683473 76267
2062 1791336467696472 69904
2063 1791336467726765 78529
2064 1791336467728854 59727
2065 1791336467747993 61307
2066 1791336467787533 79358
2067 1791336467794817 68050
2068 1791336467817786 71638
2069 1791336467831622 65638
2070 1791336467853215 65678
2071 1791336467866648 59915
2072 1791336467888629 60876
2073 1791336467897949 51514
2074 1791336467933421 66767
2075 1791336467944532 57960
2076 1791336467968020 61563
2077 1791336467989338 62311
2078 1791336468004485 58757
2079 1791336468034565 66540
2080 1791336468052943 63599
2081 1791336468061205 54331
2082 1791336468088418 53849
2083 1791336468097408 44461
2084 1791336468108715 42039
2085 1791336468129543 41120
2086 1791336468148123 39399
2087 1791336468152252 25529
2088 1791336468173291 25163
2089 1791336468193081 25326
2090 1791336468217684 30903
2091 1791336468244369 36926
2092 1791336468266728 40553
2093 1791336468300807 40591
2094 1791336468300818 34084
2095 1791336468315189 29078
2096 1791336468349507 40162
2097 1791336468379265 49409
2098 1791336468379274 29758
2099 1791336468400586 34398
2100 1791336468424989 38177
2101 1791336468436834 29547
2102 1791336468457512 30984
2103 1791336468481257 32260
2104 1791336468495207 28887
2105 1791336468523959 28747
2106 1791336468534438 25838
2107 1791336468568692 37816
2108 1791336468572377 25412
2109 1791336468607312 39417
2110 1791336468635274 42334
2111 1791336468649191 41875
2112 1791336468664574 29297
2113 1791336468675540 27813
2114 1791336468697625 31367
2115 1791336468709596 23158
2116 1791336468738182 31674
2117 1791336468756130 28928
2118 1791336468772025 25003
2119 1791336468806700 39307
2120 1791336468822741 29261
2121 1791336468836452 29746
2122 1791336468858057 32019
2123 1791336468882164 34968
2124 1791336468901790 34707
2125 1791336468921250 32905
2126 1791336468943559 36333
2127 1791336468963178 34773
2128 1791336468986429 37525
2129 1791336469013039 44679
2130 1791336469013970 27533
2131 1791336469037240 28412
2132 1791336469054898 26787
2133 1791336469080564 32802
2134 1791336469099736 32521
2135 1791336469119273 31675
2136 1791336469136928 28844
2137 1791336469166050 39490
2138 1791336469194516 43108
2139 1791336469198361 32306
2140 1791336469211147 24090
2141 1791336469238507 31107
2142 1791336469257373 29296
2143 1791336469293635 39840
2144 1791336469297368 30517
2145 1791336469328492 40342
2146 1791336469337381 30560
2147 1791336469362370 35478
2148 1791336469386079 36556
2149 1791336469407482 37924
2150 1791336469412008 26048
2151 1791336469433298 26247
2152 1791336469475472 47827
2153 1791336469475485 28937
2154 1791336469506197 37861
2155 1791336469526289 39447
2156 1791336469540205 34004
2157 1791336469551960 25664
2158 1791336469588068 40897
2159 1791336469612694 44148
2160 1791336469621849 34196
2161 1791336469643261 30562
2162 1791336469669702 41937
2163 1791336469688969 42258
2164 1791336469714567 47960
2165 1791336469727738 41428
2166 1791336469747583 41299
2167 1791336469767192 40544
2168 1791336469801782 54995
2169 1791336469810850 44441
2170 1791336469843798 42009
2171 1791336469850670 39814
2172 1791336469878019 47459
2173 1791336469888342 41395
2174 1791336469906057 36985
2175 1791336469925473 37126
2176 1791336469944700 38637
2177 1791336469966518 41040
2178 1791336469995140 48842
2179 1791336470008112 41589
2180 1791336470032931 46495
2181 1791336470043634 35514
2182 1791336470071788 41703
2183 1791336470094418 44333
2184 1791336470101207 33973
2185 1791336470135679 41253
2186 1791336470176561 67407
2187 1791336470188377 52691
2188 1791336470199454 48783
2189 1791336470221284 44720
2190 1791336470234159 45776
2191 1791336470248631 40761
2192 1791336470268256 35197
2193 1791336470298198 49559
2194 1791336470311369 43108
2195 1791336470322812 35090
2196 1791336470344672 33296
2197 1791336470379091 51451
2198 1791336470392695 44946
2199 1791336470418612 39442
2200 1791336470434179 42204
2201 1791336470462089 53957
2202 1791336470467721 37915
2203 1791336470500022 49603
2204 1791336470519470 52432
2205 1791336470532961 45434
2206 1791336470544093 37534
2207 1791336470578049 48377
2208 1791336470599591 51750
2209 1791336470616671 49686
2210 1791336470642367 55477
2211 1791336470657455 50198
2212 1791336470680687 50901
2213 1791336470699065 51359
2214 1791336470716313 48355
2215 1791336470751367 64470
2216 1791336470751378 42380
2217 1791336470787068 58860
2218 1791336470797436 46683
2219 1791336470817407 50085
2220 1791336470854632 67559
2221 1791336470866047 59178
2222 1791336470880829 53843
2223 1791336470900102 51899
2224 1791336470920413 54360
2225 1791336470953967 64408
2226 1791336470959040 47027
2227 1791336470984069 57317
2228 1791336471004517 57852
2229 1791336471020851 53769
2230 1791336471040467 50915
2231 1791336471063958 54282
2232 1791336471081693 52817
2233 1791336471105225 57644
2234 1791336471128951 57686
2235 1791336471153818 64543
2236 1791336471168873 50998
2237 1791336471175273 48575
2238 1791336471201592 47770
2239 1791336471203496 35228
2240 1791336471237322 46233
2241 1791336471271491 63680
2242 1791336471278810 51857
2243 1791336471304456 56598
2244 1791336471333732 67051
2245 1791336471334118 46343
2246 1791336471362562 56506
2247 1791336471369149 41259
2248 1791336471407285 60554
2249 1791336471420386 53786
2250 1791336471442154 54108
2251 1791336471454801 48142
2252 1791336471478387 48765
2253 1791336471490431 43490
2254 1791336471517779 51546
2255 1791336471529105 40075
2256 1791336471560738 54108
2257 1791336471579342 53021
2258 1791336471599008 52731
2259 1791336471634707 66584
2260 1791336471640623 52862
2261 1791336471668147 54965
2262 1791336471678097 50388
2263 1791336471699627 52644
2264 1791336471717079 49763
2265 1791336471746339 58003
2266 1791336471768779 60771
2267 1791336471781306 54012
2268 1791336471800088 53744
2269 1791336471826517 59441
2270 1791336471849828 60147
2271 1791336471860098 52334
2272 1791336471879046 52524
2273 1791336471901250 54023
2274 1791336471909222 41886
2275 1791336471939911 52010
2276 1791336471961242 53355
2277 1791336471979011 51792
2278 1791336471991591 44547
2279 1791336472017265 49290
2280 1791336472041675 52231
2281 1791336472062870 56390
2282 1791336472088936 54304
2283 1791336472109096 62489
2284 1791336472120274 53816
2285 1791336472141165 52225
2286 1791336472154665 47444
2287 1791336472183506 50259
2288 1791336472198179 49744
2289 1791336472228166 61335
2290 1791336472240195 53945
2291 1791336472275765 68196
2292 1791336472297260 70736
2293 1791336472318947 67842
2294 1791336472337244 61473
2295 1791336472352883 64567
2296 1791336472367852 60920
2297 1791336472380064 52671
2298 1791336472409557 56669
2299 1791336472417334 50778
2300 1791336472454335 65543
2301 1791336472471603 63916
2302 1791336472488881 61370
2303 1791336472518552 71307
2304 1791336472525836 58128
2305 1791336472556189 68345
2306 1791336472567917 60902
2307 1791336472592007 66165
2308 1791336472609139 63036
2309 1791336472626579 58779
2310 1791336472650447 63710
2311 1791336472671671 62528
2312 1791336472702586 76002
2313 1791336472714428 64760
2314 1791336472738257 66581
2315 1791336472757348 69346
2316 1791336472767174 61366
2317 1791336472786112 58899
2318 1791336472801701 54370
2319 1791336472824156 56967
2320 1791336472846614 60499
2321 1791336472871556 62218
2322 1791336472887711 60198
2323 1791336472912003 65387
2324 1791336472932621 61059
2325 1791336472937735 50919
2326 1791336472961188 54034
2327 1791336472976104 49643
2328 1791336472976112 25497
2329 1791336472991755 24824
2330 1791336473008751 22120
2331 1791336473037938 30678
2332 1791336473048801 22938
2333 1791336473069549 22407
2334 1791336473091067 24360
2335 1791336473109877 22773
2336 1791336473128482 21543
2337 1791336473148955 22168
2338 1791336473174145 25182
2339 1791336473189037 21994
2340 1791336473209152 22633
2341 1791336473234423 27552
2342 1791336473250724 23809
2343 1791336473275413 27755
2344 1791336473293363 26839
2345 1791336473313832 26096
2346 1791336473336054 22215
2347 1791336473356421 27282
2348 1791336473379231 27284
2349 1791336473396989 27956
2350 1791336473412088 24431
2351 1791336473429832 23452
2352 1791336473458143 28299
2353 1791336473472014 25323
2354 1791336473488396 21995
2355 1791336473514598 27433
2356 1791336473528677 23096
2357 1791336473555827 29033
2358 1791336473575805 29056
2359 1791336473592994 24975
2360 1791336473609234 21390
2361 1791336473629061 22628
2362 1791336473648625 21889
2363 1791336473675654 27224
2364 1791336473689192 22826
2365 1791336473708735 21777
2366 1791336473734866 27359
2367 1791336473755162 27784
2368 1791336473772544 23958
2369 1791336473789295 22945
2370 1791336473810868 24424
2371 1791336473830972 23851
2372 1791336473856104 25358
2373 1791336473874693 22966
2374 1791336473897685 26562
2375 1791336473911375 24870
2376 1791336473936345 24964
2377 1791336473947058 21086
2378 1791336473975129 28069
2379 1791336473995372 28456
2380 1791336474008533 21669
2381 1791336474031672 23135
2382 1791336474055777 26635
2383 1791336474075629 29297
2384 1791336474097303 29655
2385 1791336474110314 23463
2386 1791336474134599 24281
2387 1791336474152684 25492
2388 1791336474178331 25642
2389 1791336474189054 22946
2390 1791336474216846 27788
2391 1791336474237967 30553
2392 1791336474249495 22448
2393 1791336474276250 26748
2394 1791336474286497 20769
2395 1791336474322380 35943
2396 1791336474336555 29865
2397 1791336474355480 28974
2398 1791336474376204 27418
2399 1791336474392382 26043
2400 1791336474412749 24664
2401 1791336474435860 23106
2402 1791336474451717 22112
2403 1791336474473215 25930
2404 1791336474494061 27678
2405 1791336474509159 22606
2406 1791336474528940 22097
2407 1791336474556037 28543
2408 1791336474578151 30917
2409 1791336474589845 22270
2410 1791336474616656 26806
2411 1791336474637226 25286
2412 1791336474659795 28225
2413 1791336474670920 23369
2414 1791336474689383 22798
2415 1791336474715475 28150
2416 1791336474736495 29217
2417 1791336474748529 21925
2418 1791336474768733 22611
2419 1791336474797192 30773
2420 1791336474808285 20988
2421 1791336474828824 22352
2422 1791336474864236 37852
2423 1791336474875168 28897
2424 1791336474889664 21865
2425 1791336474916970 30655
2426 1791336474936943 28699
2427 1791336474948905 22726
2428 1791336474970830 21915
2429 1791336474988458 22160
2430 1791336475007867 21784
2431 1791336475029739 21866
2432 1791336475049828 23281
2433 1791336475075986 26148
2434 1791336475099640 32235
2435 1791336475119966 32057
2436 1791336475130518 23852
2437 1791336475150555 22811
2438 1791336475169572 22836
2439 1791336475197020 28985
2440 1791336475208575 22151
2441 1791336475228467 21737
2442 1791336475252593 24283
2443 1791336475272209 24087
2444 1791336475291384 22767
2445 1791336475309915 20933
2446 1791336475328781 20948
2447 1791336475350145 22549
2448 1791336475372637 24586
2449 1791336475394561 27582
2450 1791336475417898 31126
2451 1791336475439291 30307
2452 1791336475457570 29018
2453 1791336475477607 30101
2454 1791336475492501 23660
2455 1791336475516288 29589
2456 1791336475538149 31495
2457 1791336475557431 24929
2458 1791336475575234 23767
2459 1791336475589269 22690
2460 1791336475611243 24092
2461 1791336475632290 24205
2462 1791336475658477 26270
2463 1791336475674657 26889
2464 1791336475695382 29113
2465 1791336475712485 25192
2466 1791336475728986 21002
2467 1791336475751168 25467
2468 1791336475767894 21232
2469 1791336475793233 26589
2470 1791336475808614 21991
2471 1791336475835774 27810
2472 1791336475854642 26820
2473 1791336475874348 26673
2474 1791336475895913 27027
2475 1791336475916154 28424
2476 1791336475935305 28333
2477 1791336475949964 21627
2478 1791336475976809 29285
2479 1791336476000037 32035
2480 1791336476008674 22183
2481 1791336476031345 22668
2482 1791336476057229 29259
2483 1791336476076981 29700
2484 1791336476093279 27404
2485 1791336476120777 30719
2486 1791336476139213 29370
2487 1791336476156879 27910
2488 1791336476188715 41964
2489 1791336476211600 42759
2490 1791336476229350 41577
2491 1791336476238741 30112
2492 1791336476274049 44694
2493 1791336476291185 42635
2494 1791336476327994 55398
2495 1791336476350188 62236
2496 1791336476375783 62418
2497 1791336476400561 73100
2498 1791336476412148 65683
2499 1791336476436955 67757
2500 1791336476449165 61029
2501 1791336476467236 59217
2502 1791336476495378 65630
2503 1791336476522651 74726
2504 1791336476537391 70149
2505 1791336476564774 76375
2506 1791336476587560 80535
2507 1791336476609245 82258
2508 1791336476626393 79644
2509 1791336476647646 80206
2510 1791336476659335 72644
2511 1791336476685200 78039
2512 1791336476709157 82820
2513 1791336476730916 83262
2514 1791336476745994 79104
2515 1791336476768275 81645
2516 1791336476792005 85083
2517 1791336476808908 82306
2518 1791336476840813 94814
2519 1791336476852815 85902
2520 1791336476879278 91421
2521 1791336476899555 92031
2522 1791336476919507 92265
2523 1791336476941890 95283
2524 1791336476958972 92485
2525 1791336476987536 96482
2526 1791336476997853 89868
2527 1791336477016030 89306
2528 1791336477033865 87296
2529 1791336477066282 99319
2530 1791336477095428 107887
2531 1791336477105519 98395
2532 1791336477131358 104870
2533 1791336477139469 86059
2534 1791336477154637 88349
2535 1791336477184307 95911
2536 1791336477190266 84741
2537 1791336477220941 89577
2538 1791336477248052 97856
2539 1791336477271997 100148
2540 1791336477292226 104789
2541 1791336477306444 98641
2542 1791336477332006 104124
2543 1791336477346402 100028
2544 1791336477376374 104372
2545 1791336477386669 100360
2546 1791336477405426 98976
2547 1791336477442429 115821
2548 1791336477463980 117566
2549 1791336477491527 125573
2550 1791336477499428 112754
2551 1791336477526757 121293
2552 1791336477544107 116469
2553 1791336477570107 121088
2554 1791336477599368 129916
2555 1791336477602279 113968
2556 1791336477625824 118259
2557 1791336477656209 129446
2558 1791336477670383 123383
2559 1791336477696545 128014
2560 1791336477709582 122173
2561 1791336477731504 124089
2562 1791336477749022 123350
2563 1791336477768674 122024
2564 1791336477796919 128399
2565 1791336477814125 126778
2566 1791336477843903 135918
2567 1791336477865823 139998
2568 1791336477878358 130949
2569 1791336477907325 140242
2570 1791336477918108 131417
2571 1791336477938669 131014
2572 1791336477959263 131612
2573 1791336477974493 127533
2574 1791336477994990 129164
2575 1791336478017665 125715
2576 1791336478026267 118936
2577 1791336478041157 114727
2578 1791336478052740 102699
2579 1791336478072572 106079
2580 1791336478080965 95020
2581 1791336478089875 83029
2582 1791336478105025 78753
2583 1791336478122516 69769
2584 1791336478136308 68943
2585 1791336478148935 61267
2586 1791336478169550 59981
2587 1791336478181083 55266
2588 1791336478196526 47587
2589 1791336478208163 39748
2590 1791336478220297 32467
2591 1791336478238719 30550
2592 1791336478262604 35066
2593 1791336478285166 36538
2594 1791336478300641 34705
2595 1791336478319852 30563
2596 1791336478337322 29648
2597 1791336478358044 31741
2598 1791336478386352 38998
2599 1791336478401360 34012
2600 1791336478420204 33848
2601 1791336478446282 37969
2602 1791336478455508 28181
2603 1791336478484801 38515
2604 1791336478506318 38365
2605 1791336478518865 31410
2606 1791336478545493 39170
2607 1791336478559909 33612
2608 1791336478586655 41158
2609 1791336478614281 42444
2610 1791336478625659 39000
2611 1791336478638143 31182
2612 1791336478656153 30490
2613 1791336478677184 29102
2614 1791336478700898 34567
2615 1791336478719169 32543
2616 1791336478750190 41678
2617 1791336478767559 34881
2618 1791336478792100 45512
2619 1791336478802603 35040
2620 1791336478819424 27311
2621 1791336478838707 31362
2622 1791336478858617 29361
2623 1791336478876475 29798
2624 1791336478901573 34828
2625 1791336478921795 35194
2626 1791336478934688 28232
2627 1791336478971464 43951
2628 1791336478988649 39039
2629 1791336479000978 29507
2630 1791336479031038 42379
2631 1791336479046049 38203
2632 1791336479067744 38080
2633 1791336479083158 37102
2634 1791336479100944 33192
2635 1791336479133685 43736
2636 1791336479141768 35195
2637 1791336479161680 34387
2638 1791336479181976 34548
2639 1791336479195704 29616
2640 1791336479225485 36316
2641 1791336479251274 43378
2642 1791336479275465 49977
2643 1791336479291708 40429
2644 1791336479317155 41685
2645 1791336479325578 39181
2646 1791336479344982 37993
2647 1791336479362922 37338
2648 1791336479393491 45589
2649 1791336479419961 53713
2650 1791336479429384 41248
2651 1791336479438148 30446
2652 1791336479465559 38692
2653 1791336479476911 29074
2654 1791336479499050 33486
2655 1791336479521936 34589
2656 1791336479537193 29555
2657 1791336479564398 37102
2658 1791336479583099 30662
2659 1791336479600048 31167
2660 1791336479619058 32534
2661 1791336479651578 44797
2662 1791336479667605 39344
2663 1791336479680541 32877
2664 1791336479713330 46905
2665 1791336479727523 39819
2666 1791336479737700 31192
2667 1791336479761821 34294
2668 1791336479781257 34050
2669 1791336479803562 37059
2670 1791336479825875 39396
2671 1791336479839784 31614
2672 1791336479866473 40594
2673 1791336479874715 28199
2674 1791336479913695 47216
2675 1791336479927242 39352
2676 1791336479940376 32684
2677 1791336479958423 31962
2678 1791336479992358 43621
2679 1791336480015910 46602
2680 1791336480025310 34805
2681 1791336480041430 33015
2682 1791336480074226 43748
2683 1791336480076284 26975
2684 1791336480100952 32989
2685 1791336480125719 35739
2686 1791336480148360 38300
2687 1791336480167129 41403
2688 1791336480180350 33648
2689 1791336480214121 46987
2690 1791336480231335 43022
2691 1791336480279323 65198
2692 1791336480279760 51477
2693 1791336480307423 52087
2694 1791336480322076 53578
2695 1791336480344051 56112
2696 1791336480371224 64583
2697 1791336480404601 74162
2698 1791336480426629 78126
2699 1791336480438190 66986
2700 1791336480449523 60973
2701 1791336480469180 62492
2702 1791336480485189 58555
2703 1791336480519836 72794
2704 1791336480541665 74022
2705 1791336480572132 82041
2706 1791336480579449 73096
2707 1791336480599296 72661
2708 1791336480634651 87148
2709 1791336480649077 83013
2710 1791336480666541 73514
2711 1791336480682733 72117
2712 1791336480697540 69112
2713 1791336480709217 62619
2714 1791336480730331 63782
2715 1791336480758163 71086
2716 1791336480786477 78808
2717 1791336480808022 79485
2718 1791336480837359 90069
2719 1791336480850281 81749
2720 1791336480859318 72947
2721 1791336480883263 77420
2722 1791336480905152 78780
2723 1791336480921213 72835
2724 1791336480938719 72230
2725 1791336480962252 75760
2726 1791336480990983 84717
2727 1791336481013540 85565
2728 1791336481025477 79285
2729 1791336481057806 89338
2730 1791336481077659 89984
2731 1791336481092783 83376
2732 1791336481114308 88823
2733 1791336481135273 84078
2734 1791336481153258 85358
2735 1791336481174663 86611
2736 1791336481196993 88674
2737 1791336481214184 78905
2738 1791336481219017 70990
2739 1791336481249377 74708
2740 1791336481256191 67576
2741 1791336481287372 79101
2742 1791336481289925 60916
2743 1791336481308741 59360
2744 1791336481347341 73863
2745 1791336481356850 69474
2746 1791336481368090 59345
2747 1791336481371919 45145
2748 1791336481399625 53087
2749 1791336481418914 51774
2750 1791336481427520 40230
2751 1791336481454000 45438
2752 1791336481469707 43216
2753 1791336481493477 40964
2754 1791336481512432 45224
2755 1791336481529270 40860
2756 1791336481552382 40984
2757 1791336481570409 43458
2758 1791336481596723 47310
2759 1791336481611929 44046
2760 1791336481635654 49930
2761 1791336481658607 50407
2762 1791336481678628 51822
2763 1791336481684165 37922
2764 1791336481711674 44206
2765 1791336481738839 49760
2766 1791336481757368 45690
2767 1791336481772145 45804
2768 1791336481795788 46113
2769 1791336481823591 56185
2770 1791336481842031 53715
2771 1791336481856927 50064
2772 1791336481886774 57605
2773 1791336481896152 44817
2774 1791336481914427 46953
2775 1791336481942825 56045
2776 1791336481960174 48076
2777 1791336481974919 48826
2778 1791336482006556 59117
2779 1791336482030007 56768
2780 1791336482040932 51737
2781 1791336482051812 45249
2782 1791336482083181 53167
2783 1791336482103577 57172
2784 1791336482121103 50423
2785 1791336482142560 55951
2786 1791336482161666 54277
2787 1791336482185543 55720
2788 1791336482205565 56234
2789 1791336482219183 52708
2790 1791336482239982 54435
2791 1791336482254782 49212
2792 1791336482277174 49296
2793 1791336482303348 56403
2794 1791336482316864 50662
2795 1791336482345726 59160
2796 1791336482361226 53712
2797 1791336482381947 52909
2798 1791336482402545 56814
2799 1791336482415969 47201
2800 1791336482441802 53972
2801 1791336482465611 58607
2802 1791336482485819 58862
2803 1791336482501490 52120
2804 1791336482520501 54885
2805 1791336482548433 62607
2806 1791336482569499 62160
2807 1791336482583973 56144
2808 1791336482617365 69653
2809 1791336482628920 60616
2810 1791336482658481 69051
2811 1791336482663524 54985
2812 1791336482688893 61789
2813 1791336482707906 60313
2814 1791336482726639 60372
2815 1791336482753989 65091
2816 1791336482771009 63779
2817 1791336482794189 67546
2818 1791336482819458 71194
2819 1791336482837595 70920
2820 1791336482865807 71612
2821 1791336482880037 73158
2822 1791336482899440 72176
2823 1791336482914535 67333
2824 1791336482937987 72176
2825 1791336482953853 66111
2826 1791336482989331 80661
2827 1791336483000890 72380
2828 1791336483016359 68889
2829 1791336483042945 75457
2830 1791336483054823 65489
2831 1791336483077955 68836
2832 1791336483100608 71051
2833 1791336483113760 64816
2834 1791336483138213 70613
2835 1791336483153892 67343
2836 1791336483171424 64663
2837 1791336483197597 70040
2838 1791336483213591 63680
2839 1791336483239091 71004
2840 1791336483256933 67850
2841 1791336483277295 69956
2842 1791336483292254 66475
2843 1791336483317105 70190
2844 1791336483333610 65577
2845 1791336483351566 63252
2846 1791336483379568 69571
2847 1791336483401138 67524
2848 1791336483416032 69505
2849 1791336483434668 67970
2850 1791336483456101 68043
2851 1791336483480759 73825
2852 1791336483508867 75484
2853 1791336483525060 72330
2854 1791336483541988 67787
2855 1791336483556002 67701
2856 1791336483572837 63964
2857 1791336483587073 59919
2858 1791336483616442 69488
2859 1791336483634076 63413
2860 1791336483659169 73136
2861 1791336483677258 69231
2862 1791336483689283 61859
2863 1791336483712778 66236
2864 1791336483727606 58437
2865 1791336483741095 51808
2866 1791336483759632 49566
2867 1791336483768492 40881
2868 1791336483801815 50415
2869 1791336483816102 49727
2870 1791336483845749 58348
2871 1791336483863402 54403
2872 1791336483899104 71013
2873 1791336483911274 65519
2874 1791336483937734 70326
2875 1791336483956020 68097
2876 1791336483985307 77714
2877 1791336484003103 74798
2878 1791336484018379 71772
2879 1791336484030847 63367
2880 1791336484058263 70304
2881 1791336484075436 67228
2882 1791336484088971 58121
2883 1791336484105415 57951
2884 1791336484132212 62582
2885 1791336484152879 65788
2886 1791336484161381 55960
2887 1791336484186775 59512
2888 1791336484205009 58327
2889 1791336484232552 65079
2890 1791336484259392 72612
2891 1791336484284121 75968
2892 1791336484291843 64414
2893 1791336484309697 63782
2894 1791336484338015 71116
2895 1791336484364041 76369
2896 1791336484368785 62112
2897 1791336484391238 64126
2898 1791336484415599 67352
2899 1791336484439419 71541
2900 1791336484452065 60824
2901 1791336484478495 71489
2902 1791336484499704 72014
2903 1791336484515527 69140
2904 1791336484530255 63917
2905 1791336484549917 64042
2906 1791336484586899 77247
2907 1791336484607189 79727
2908 1791336484631926 82006
2909 1791336484672314 100149
2910 1791336484672338 85435
2911 1791336484697242 90049
2912 1791336484697251 67269
2913 1791336484705902 58956
2914 1791336484729027 56709
2915 1791336484758165 71488
2916 1791336484769480 63564
2917 1791336484786250 58391
2918 1791336484832736 84734
2919 1791336484838590 69103
2920 1791336484859013 72756
2921 1791336484865542 58848
2922 1791336484899420 71872
2923 1791336484914103 66842
2924 1791336484931784 66234
2925 1791336484947430 60568
2926 1791336484978037 70835
2927 1791336484997685 65896
2928 1791336485008546 61111
2929 1791336485023053 54985
2930 1791336485064417 77074
2931 1791336485096112 87559
2932 1791336485113227 50006
2933 1791336485113248 48905
2934 1791336485121972 49533
2935 1791336485140290 44171
2936 1791336485154753 41519
2937 1791336485175452 45507
2938 1791336485200488 50246
2939 1791336485223418 55497
2940 1791336485231796 41434
2941 1791336485239946 30903
2942 1791336485268454 40150
2943 1791336485290994 43680
2944 1791336485303691 35676
2945 1791336485326171 39647
2946 1791336485349154 40431
2947 1791336485356020 29846
2948 1791336485400049 52146
2949 1791336485410668 43054
2950 1791336485426786 40102
2951 1791336485455590 47520
2952 1791336485474976 48186
2953 1791336485490288 43928
2954 1791336485500319 33301
2955 1791336485530926 40633
2956 1791336485553095 44906
2957 1791336485566589 39115
2958 1791336485593892 41530
2959 1791336485612997 46404
2960 1791336485633721 46351
2961 1791336485661434 48430
2962 1791336485672277 42243
2963 1791336485686755 36901
2964 1791336485704369 36318
2965 1791336485728560 41801
2966 1791336485749675 42079
2967 1791336485773885 45522
2968 1791336485792081 43695
2969 1791336485813542 43966
2970 1791336485834575 48027
2971 1791336485851020 43619
2972 1791336485896981 62404
2973 1791336485907655 58578
2974 1791336485928574 60616
2975 1791336485949075 62281
2976 1791336485971259 63599
2977 1791336485992425 66399
2978 1791336486019721 72042
2979 1791336486037632 70959
2980 1791336486061563 71027
2981 1791336486070686 62296
2982 1791336486101860 74518
2983 1791336486130746 81925
2984 1791336486140770 70041
2985 1791336486150642 64415
2986 1791336486184793 76435
2987 1791336486208893 78141
2988 1791336486224613 76726
2989 1791336486236690 69914
2990 1791336486265711 79309
2991 1791336486280389 72500
2992 1791336486299302 71217
2993 1791336486318430 72133
2994 1791336486341231 75514
2995 1791336486360540 72788
2996 1791336486377637 69938
2997 1791336486393315 67155
2998 1791336486432936 85198
2999 1791336486464792 97419
3000 1791336486467533 80217
3001 1791336486493644 86192
3002 1791336486516633 83694
3003 1791336486533254 85321
3004 1791336486543327 75790
3005 1791336486557670 70540
3006 1791336486580823 73784
3007 1791336486597741 71913
3008 1791336486624743 77582
3009 1791336486643883 76067
3010 1791336486661984 75653
3011 1791336486678075 68616
3012 1791336486691360 65386
3013 1791336486714269 66145
3014 1791336486731149 63162
3015 1791336486758306 70640
3016 1791336486764350 56838
3017 1791336486786623 58587
3018 1791336486805696 56353
3019 1791336486826202 57265
3020 1791336486849184 62556
3021 1791336486862885 57185
3022 1791336486887805 61600
3023 1791336486903057 53868
3024 1791336486918792 49553
3025 1791336486939247 52624
3026 1791336486970155 62218
3027 1791336486976034 48528
3028 1791336486998768 46612
3029 1791336487021474 53472
3030 1791336487041795 55134
3031 1791336487062511 55385
3032 1791336487087527 58177
3033 1791336487095708 47912
3034 1791336487130818 59672
3035 1791336487156357 68825
3036 1791336487162488 49990
3037 1791336487191522 60701
3038 1791336487212152 64959
3039 1791336487245610 66029
3040 1791336487245640 57452
3041 1791336487268487 60512
3042 1791336487288548 58462
3043 1791336487302859 57244
3044 1791336487330201 62680
3045 1791336487345525 58702
3046 1791336487363782 57270
3047 1791336487385406 57784
3048 1791336487408447 62917
3049 1791336487431030 62527
3050 1791336487450838 65428
3051 1791336487475757 69588
3052 1791336487480238 51785
3053 1791336487498812 47968
3054 1791336487525469 57981
3055 1791336487549888 62614
3056 1791336487567814 61072
3057 1791336487587685 62211
3058 1791336487620685 74500
3059 1791336487622115 55073
3060 1791336487653846 66156
3061 1791336487677376 71217
3062 1791336487697347 69553
3063 1791336487714265 66436
3064 1791336487735046 67027
3065 1791336487757000 67730
3066 1791336487779394 72473
3067 1791336487807518 73790
3068 1791336487815985 69485
3069 1791336487838183 69238
3070 1791336487849703 63182
3071 1791336487872462 65633
3072 1791336487904283 77548
3073 1791336487915985 69249
3074 1791336487930215 64012
3075 1791336487958841 72626
3076 1791336487992594 85121
3077 1791336488002076 72839
3078 1791336488023329 76882
3079 1791336488034099 67878
3080 1791336488059046 66445
3081 1791336488080667 71808
3082 1791336488096393 64576
3083 1791336488122590 70525
3084 1791336488140547 73167
3085 1791336488158472 70060
3086 1791336488237887 128105
3087 1791336488237899 109069
3088 1791336488268621 114012
3089 1791336488281619 89259
3090 1791336488281628 89259
3091 1791336488284115 69906
3092 1791336488309959 81877
3093 1791336488320641 68810
3094 1791336488339415 70791
3095 1791336488370515 83129
3096 1791336488390149 83971
3097 1791336488408066 81707
3098 1791336488420873 71159
3099 1791336488436113 65594
3100 1791336488463466 76626
3101 1791336488479622 72817
3102 1791336488514542 85757
3103 1791336488526302 76796
3104 1791336488550970 79878
3105 1791336488573673 84590
3106 1791336488587045 79110
3107 1791336488617085 90780
3108 1791336488637059 90445
3109 1791336488666681 99396
3110 1791336488683493 96444
3111 1791336488709951 103319
3112 1791336488728159 99969
3113 1791336488751129 104849
3114 1791336488773702 107016
3115 1791336488799080 109872
3116 1791336488816094 109227
3117 1791336488835835 108843
3118 1791336488850058 100872
3119 1791336488875868 103995
3120 1791336488894473 108467
3121 1791336488918428 111915
3122 1791336488941339 107523
3123 1791336488960936 111487
3124 1791336488975284 104991
3125 1791336488996394 108396
3126 1791336489013775 106789
3127 1791336489041065 111163
3128 1791336489065810 116084
3129 1791336489082610 114897
3130 1791336489100304 112157
3131 1791336489141325 134533
3132 1791336489147780 121647
3133 1791336489160633 112554
3134 1791336489167063 101243
3135 1791336489186987 101232
3136 1791336489209935 99381
3137 1791336489222707 95757
3138 1791336489248168 100382
3139 1791336489275191 108116
3140 1791336489292249 105662
3141 1791336489302835 92895
3142 1791336489313160 86903
3143 1791336489334836 86665
3144 1791336489346727 79734
3145 1791336489355947 67125
3146 1791336489410298 98829
3147 1791336489421600 92294
3148 1791336489440486 93752
3149 1791336489458215 88162
3150 1791336489472965 82109
3151 1791336489497887 87582
3152 1791336489513811 85972
3153 1791336489533671 82548
3154 1791336489561064 93607
3155 1791336489587134 95269
3156 1791336489596562 86988
3157 1791336489612529 79853
3158 1791336489625885 79219
3159 1791336489649106 81676
3160 1791336489674624 88054
3161 1791336489690550 83008
3162 1791336489718677 92788
3163 1791336489734794 88607
3164 1791336489756438 89083
3165 1791336489770901 82857
3166 1791336489788619 80917
3167 1791336489799390 73525
3168 1791336489827747 79541
3169 1791336489849759 83441
3170 1791336489866601 79765
3171 1791336489889039 81139
3172 1791336489925485 99152
3173 1791336489945366 95604
3174 1791336489963621 97016
3175 1791336489981522 92480
3176 1791336489997941 90896
3177 1791336490013199 87697
3178 1791336490032543 85487
3179 1791336490052990 85834
3180 1791336490073742 85488
3181 1791336490088605 82099
3182 1791336490098303 69361
3183 1791336490119312 72091
3184 1791336490132671 63320
3185 1791336490137294 49825
3186 1791336490156173 49770
3187 1791336490168193 39900
3188 1791336490179518 31894
3189 1791336490201661 34740
3190 1791336490214790 28125
3191 1791336490240049 31899
3192 1791336490267319 40699
3193 1791336490279162 29435
3194 1791336490296858 30030
3195 1791336490313451 26232
3196 1791336490347877 38559
3197 1791336490360640 33618
3198 1791336490377872 30102
3199 1791336490401932 34818
3200 1791336490422820 36006
3201 1791336490444005 37499
3202 1791336490454479 28094
3203 1791336490483914 36811
3204 1791336490498760 31567
3205 1791336490519654 33129
3206 1791336490539002 29792
3207 1791336490559761 29359
3208 1791336490579339 32677
3209 1791336490595176 28704
3210 1791336490625744 38499
3211 1791336490642415 35518
3212 1791336490662611 36861
3213 1791336490677691 32109
3214 1791336490696814 30547
3215 1791336490713537 26609
3216 1791336490740494 32762
3217 1791336490757901 28079
3218 1791336490786058 39373
3219 1791336490797473 29206
3220 1791336490825124 39062
3221 1791336490838951 29477
3222 1791336490865358 39840
3223 1791336490877904 31266
3224 1791336490906653 37872
3225 1791336490929120 40904
3226 1791336490946538 39882
3227 1791336490960155 31031
3228 1791336490987671 41129
3229 1791336491008096 40233
3230 1791336491034171 46490
3231 1791336491039650 31549
3232 1791336491078732 44555
3233 1791336491087541 39289
3234 1791336491104224 32449
3235 1791336491142651 55102
3236 1791336491155736 47713
3237 1791336491183343 40685
3238 1791336491190299 38311
3239 1791336491220411 48750
3240 1791336491240109 53135
3241 1791336491252966 44830
3242 1791336491270637 42766
3243 1791336491292569 39597
3244 1791336491314644 45079
3245 1791336491320902 33597
3246 1791336491343463 34254
3247 1791336491372181 45792
3248 1791336491391565 45144
3249 1791336491400234 28048
3250 1791336491428494 41315
3251 1791336491449804 43267
3252 1791336491465826 37326
3253 1791336491494738 48105
3254 1791336491517417 51587
3255 1791336491527586 39341
3256 1791336491548030 34524
3257 1791336491567213 40461
3258 1791336491584806 36770
3259 1791336491603171 35953
3260 1791336491626638 39431
3261 1791336491647200 40308
3262 1791336491658837 32195
3263 1791336491689797 43637
3264 1791336491706405 39459
3265 1791336491723475 33674
3266 1791336491751057 44648
3267 1791336491792539 65410
3268 1791336491806466 57010
3269 1791336491808543 39456
3270 1791336491819498 33207
3271 1791336491842554 36085
3272 1791336491866727 35418
3273 1791336491885478 38609
3274 1791336491900648 34055
3275 1791336491927420 41938
3276 1791336491947734 41062
3277 1791336491967116 39694
3278 1791336491982092 34993
3279 1791336491992480 25682
3280 1791336492018293 31384
3281 1791336492050935 44995
3282 1791336492058982 31982
3283 1791336492091045 40107
3284 1791336492110939 41004
3285 1791336492121776 34722
3286 1791336492152081 41137
3287 1791336492158834 30954
3288 1791336492193685 41599
3289 1791336492220103 52881
3290 1791336492233840 44260
3291 1791336492237544 30529
3292 1791336492283043 53386
3293 1791336492294301 46467
3294 1791336492309717 39355
3295 1791336492334548 45017
3296 1791336492351525 44249
3297 1791336492369213 41044
3298 1791336492386526 39681
3299 1791336492409570 43663
3300 1791336492436338 49807
3301 1791336492452321 46401
3302 1791336492470850 43203
3303 1791336492493069 42843
3304 1791336492511927 44494
3305 1791336492539697 47846
3306 1791336492564801 58581
3307 1791336492581724 51059
3308 1791336492597990 48547
3309 1791336492607820 41931
3310 1791336492640192 54242
3311 1791336492663623 55796
3312 1791336492675541 49124
3313 1791336492704503 58034
3314 1791336492720099 52204
3315 1791336492745529 57778
3316 1791336492767510 59503
3317 1791336492791275 62876
3318 1791336492808705 63173
3319 1791336492837260 69744
3320 1791336492853897 65598
3321 1791336492874755 67037
3322 1791336492901231 72565
3323 1791336492916611 68848
3324 1791336492929933 63613
3325 1791336492949351 62257
3326 1791336492967779 58926
3327 1791336492987134 57198
3328 1791336493010136 60781
3329 1791336493028223 60438
3330 1791336493034416 47279
3331 1791336493061144 53515
3332 1791336493083274 55868
3333 1791336493117782 65260
3334 1791336493121897 53765
3335 1791336493140296 51925
3336 1791336493153770 45500
3337 1791336493175136 47443
3338 1791336493196042 47521
3339 1791336493223492 53454
3340 1791336493247470 60416
3341 1791336493262476 55808
3342 1791336493284418 57975
3343 1791336493305675 58200
3344 1791336493331402 61557
3345 1791336493346782 57526
3346 1791336493369396 63716
3347 1791336493388120 59867
3348 1791336493415488 68701
3349 1791336493428590 60985
3350 1791336493452010 66080
3351 1791336493479253 72141
3352 1791336493485791 58499
3353 1791336493501844 54920
3354 1791336493541428 72234
3355 1791336493556641 70846
3356 1791336493578008 70072
3357 1791336493595752 63404
3358 1791336493633166 86451
3359 1791336493649551 82096
3360 1791336493658926 71316
3361 1791336493683277 75643
3362 1791336493697591 64417
3363 1791336493709885 62300
3364 1791336493735084 67989
3365 1791336493762731 73405
3366 1791336493791776 81885
3367 1791336493803168 76212
3368 1791336493835957 85039
3369 1791336493845028 78235
3370 1791336493866497 80194
3371 1791336493879050 72026
3372 1791336493905544 78917
3373 1791336493926634 78340
3374 1791336493945625 79124
3375 1791336493967429 78965
3376 1791336493980644 75096
3377 1791336494007093 80802
3378 1791336494029278 83646
3379 1791336494052489 85337
3380 1791336494070130 83082
3381 1791336494089490 82576
3382 1791336494109121 82197
3383 1791336494123256 75387
3384 1791336494148872 79493
3385 1791336494170707 82676
3386 1791336494191230 84456
3387 1791336494210287 79187
3388 1791336494231022 83128
3389 1791336494245252 77252
3390 1791336494260985 74296
3391 1791336494278910 72527
3392 1791336494299011 68680
3393 1791336494316053 69414
3394 1791336494331819 64216
3395 1791336494345742 59017
3396 1791336494372530 66008
3397 1791336494398587 66751
3398 1791336494410394 64648
3399 1791336494427911 55378
3400 1791336494436594 48369
3401 1791336494452802 46157
3402 1791336494486597 58681
3403 1791336494504909 57300
3404 1791336494524677 58633
3405 1791336494544523 57921
3406 1791336494551069 44581
3407 1791336494570999 43096
3408 1791336494592524 45768
3409 1791336494610725 42826
3410 1791336494631271 38739
3411 1791336494649873 43793
3412 1791336494676639 49653
3413 1791336494700525 50648
3414 1791336494718399 50176
3415 1791336494736500 46938
3416 1791336494751023 44243
3417 1791336494772263 42765
3418 1791336494792669 46555
3419 1791336494816039 48150
3420 1791336494832287 45242
3421 1791336494865753 58055
3422 1791336494865768 39399
3423 1791336494898175 51175
3424 1791336494918524 52768
3425 1791336494930624 43824
3426 1791336494957058 48370
3427 1791336494981230 54521
3428 1791336494998468 51305
3429 1791336495009414 41867
3430 1791336495039586 53104
3431 1791336495050972 45175
3432 1791336495086000 56877
3433 1791336495100706 54023
3434 1791336495115625 47225
3435 1791336495133796 47790
3436 1791336495163425 53621
3437 1791336495188296 60398
3438 1791336495209203 60869
3439 1791336495220914 50619
3440 1791336495253318 65015
3441 1791336495286644 77434
3442 1791336495290897 62028
3443 1791336495308095 55759
3444 1791336495331063 63808
3445 1791336495350058 63409
3446 1791336495373017 66735
3447 1791336495382005 55627
3448 1791336495410055 62153
3449 1791336495430552 63185
3450 1791336495451235 63069
3451 1791336495477950 69395
3452 1791336495496425 65868
3453 1791336495500697 54140
3454 1791336495528207 60524
3455 1791336495542879 56267
3456 1791336495557208 50515
3457 1791336495591824 65569
3458 1791336495610508 64062
3459 1791336495639774 71305
3460 1791336495657689 65860
3461 1791336495678168 67655
3462 1791336495689943 63522
3463 1791336495711364 65088
3464 1791336495730123 58329
3465 1791336495752985 64712
3466 1791336495767135 60091
3467 1791336495793417 63291
3468 1791336495820910 67916
3469 1791336495838574 71431
3470 1791336495854558 66595
3471 1791336495878706 71228
3472 1791336495899976 72929
3473 1791336495915783 65977
3474 1791336495934566 67832
3475 1791336495949937 63875
3476 1791336495978493 64967
3477 1791336495997720 69495
3478 1791336496009813 63081
3479 1791336496027902 60304
3480 1791336496054731 68393
3481 1791336496071397 62044
3482 1791336496098089 71400
3483 1791336496110387 62574
3484 1791336496146597 75195
3485 1791336496162025 70749
3486 1791336496183601 76198
3487 1791336496195683 68415
3488 1791336496210381 63780
3489 1791336496237913 66546
3490 1791336496271418 81737
3491 1791336496333802 123414
3492 1791336496348162 117101
3493 1791336496451987 205091
3494 1791336496483063 211639
3495 1791336496492261 189965
3496 1791336496492280 158471
3497 1791336496492288 158451
3498 1791336496511342 163175
3499 1791336496529263 77272
3500 1791336496529273 77272
3501 1791336496529278 77270
3502 1791336496538606 86592
3503 1791336496538617 86598
3504 1791336496545016 77676
3505 1791336496558147 71007
3506 1791336496576293 68415
3507 1791336496593745 66368
3508 1791336496609443 63276
3509 1791336496626886 53834
3510 1791336496645016 55693
3511 1791336496659459 52170
3512 1791336496667014 40124
3513 1791336496680688 33888
3514 1791336496692273 26097
3515 1791336496721540 35005
3516 1791336496762540 48916
3517 1791336496763644 37415
3518 1791336496783986 35499
3519 1791336496807800 38694
3520 1791336496828851 42603
3521 1791336496858362 51644
3522 1791336496878164 50732
3523 1791336496907483 59963
3524 1791336496918615 51323
3525 1791336496940545 51788
3526 1791336496967189 59701
3527 1791336496980098 53880
3528 1791336497004121 56063
3529 1791336497025621 58425
3530 1791336497047956 61167
3531 1791336497066285 57492
3532 1791336497071376 45748
3533 1791336497093117 45159
3534 1791336497126404 60111
3535 1791336497151788 61865
3536 1791336497167236 54890
3537 1791336497185401 58991
3538 1791336497198444 52694
3539 1791336497225201 57958
3540 1791336497247319 61910
3541 1791336497276124 68400
3542 1791336497287341 57031
3543 1791336497310297 62973
3544 1791336497335528 68493
3545 1791336497350765 64282
3546 1791336497374093 67009
3547 1791336497395367 67066
3548 1791336497406641 60196
3549 1791336497427253 59350
3550 1791336497448122 61367
3551 1791336497470954 64310
3552 1791336497490996 63738
3553 1791336497517731 70319
3554 1791336497536732 68683
3555 1791336497556644 69017
3556 1791336497579053 70296
3557 1791336497608361 81925
3558 1791336497609374 61957
3559 1791336497646600 80185
3560 1791336497664173 75336
3561 1791336497684991 76626
3562 1791336497696838 69831
3563 1791336497717568 71055
3564 1791336497743399 75148
3565 1791336497759241 73128
3566 1791336497787248 77521
3567 1791336497808643 77349
3568 1791336497835656 88762
3569 1791336497838535 70827
3570 1791336497872032 86103
3571 1791336497881573 74369
3572 1791336497904530 77120
3573 1791336497922070 72304
3574 1791336497952045 85263
3575 1791336497962856 75060
3576 1791336497981205 75382
3577 1791336498011444 82981
3578 1791336498021931 74981
3579 1791336498046003 78518
3580 1791336498078053 91275
3581 1791336498089841 78395
3582 1791336498107923 81018
3583 1791336498129960 83951
3584 1791336498149714 81024
3585 1791336498172237 82390
3586 1791336498183217 75775
3587 1791336498205579 78301
3588 1791336498220805 73774
3589 1791336498237489 71003
3590 1791336498258069 70849
3591 1791336498277014 71429
3592 1791336498287884 61173
3593 1791336498307133 61268
3594 1791336498327807 60891
3595 1791336498347503 59841
3596 1791336498359154 52018
3597 1791336498384459 56648
3598 1791336498406208 58702
3599 1791336498415865 48989
3600 1791336498433388 47572
3601 1791336498456513 50301
3602 1791336498470073 40593
3603 1791336498486361 38930
3604 1791336498513909 46270
3605 1791336498527857 41493
3606 1791336498547752 34038
3607 1791336498568964 41103
3608 1791336498578334 31957
3609 1791336498595301 27410
3610 1791336498628522 41476
3611 1791336498640199 29341
3612 1791336498670267 43658
3613 1791336498681671 33250
3614 1791336498700413 30299
3615 1791336498729900 43093
3616 1791336498752004 44008
3617 1791336498756830 27501
3618 1791336498780826 32685
3619 1791336498803481 33752
3620 1791336498832079 44864
3621 1791336498842633 33602
3622 1791336498862490 36107
3623 1791336498889665 43164
3624 1791336498911407 42098
3625 1791336498922103 33913
3626 1791336498946775 39073
3627 1791336498974554 47255
3628 1791336498988293 41516
3629 1791336499006570 40416
3630 1791336499022904 35212
3631 1791336499046962 40389
3632 1791336499067579 40563
3633 1791336499086982 40014
3634 1791336499109761 42178
3635 1791336499128401 42228
3636 1791336499144972 35205
3637 1791336499167569 39163
3638 1791336499189539 41868
3639 1791336499207661 40967
3640 1791336499220536 33335
3641 1791336499247343 40108
3642 1791336499262394 32515
3643 1791336499284465 37117
3644 1791336499312879 47318
3645 1791336499336492 50615
3646 1791336499353783 47139
3647 1791336499369117 42546
3648 1791336499387570 33782
3649 1791336499397272 30532
3650 1791336499422802 35227
3651 1791336499449334 41562
3652 1791336499476347 48192
3653 1791336499477643 30963
3654 1791336499507648 40620
3655 1791336499521459 33049
3656 1791336499547660 41138
3657 1791336499564343 37398
3658 1791336499592669 45005
3659 1791336499608657 39639
3660 1791336499617819 30139
3661 1791336499651479 43481
3662 1791336499676753 47397
3663 1791336499688373 36892
3664 1791336499715730 49555
3665 1791336499720176 33617
3666 1791336499747084 31350
3667 1791336499756561 29864
3668 1791336499778790 31702
3669 1791336499819101 47640
3670 1791336499836452 46153
3671 1791336499842300 31377
3672 1791336499858997 32629
3673 1791336499883861 37168
3674 1791336499907008 40815
3675 1791336499927291 36318
3676 1791336499943280 36266
3677 1791336499968431 41559
3678 1791336499983562 33805
3679 1791336500008862 41865
3680 1791336500026791 40888
3681 1791336500065109 56242
3682 1791336500087608 60813
3683 1791336500087619 41200
3684 1791336500130845 58559
3685 1791336500140174 52605
3686 1791336500155838 46189
3687 1791336500170422 43451
3688 1791336500189802 42842
3689 1791336500222920 56322
3690 1791336500236283 46477
3691 1791336500249500 41093
3692 1791336500265365 38490
3693 1791336500289176 41713
3694 1791336500315492 45751
3695 1791336500336036 48795
3696 1791336500356300 49234
3697 1791336500386007 59263
3698 1791336500401539 53796
3699 1791336500418634 52049
3700 1791336500426968 40957
3701 1791336500457097 49359
3702 1791336500476113 49143
3703 1791336500507318 59440
3704 1791336500527231 61026
3705 1791336500551345 62538
3706 1791336500573854 66533
3707 1791336500595229 67995
3708 1791336500600944 54430
3709 1791336500656550 84605
3710 1791336500656559 69026
3711 1791336500669919 63877
3712 1791336500681900 54920
3713 1791336500707469 59163
3714 1791336500718908 53017
3715 1791336500746655 59535
3716 1791336500785028 77556
3717 1791336500798819 68988
3718 1791336500810761 64100
3719 1791336500842105 75347
3720 1791336500860752 74230
3721 1791336500879429 73178
3722 1791336500898465 71780
3723 1791336500932655 84437
3724 1791336500946057 79288
3725 1791336500962272 75986
3726 1791336500982074 74923
3727 1791336501001377 73597
3728 1791336501016555 70495
3729 1791336501046739 79595
3730 1791336501066856 79508
3731 1791336501085885 78000
3732 1791336501099753 72088
3733 1791336501126640 79899
3734 1791336501144727 77868
3735 1791336501171414 85526
3736 1791336501189687 83549
3737 1791336501207509 80863
3738 1791336501235446 87204
3739 1791336501257033 88966
3740 1791336501272312 85911
3741 1791336501297605 90091
3742 1791336501308655 82777
3743 1791336501325834 74678
3744 1791336501326809 59011
3745 1791336501347742 59934
3746 1791336501360136 53158
3747 1791336501370618 44781
3748 1791336501378198 31186
3749 1791336501388650 21542
3750 1791336501407467 21136
3751 1791336501428787 22350
3752 1791336501453620 27158
3753 1791336501474392 27505
3754 1791336501493952 26657
3755 1791336501508881 21546
3756 1791336501529278 22516
3757 1791336501552840 26159
3758 1791336501576926 24082
3759 1791336501592238 22582
3760 1791336501616326 27037
3761 1791336501630411 22281
3762 1791336501655586 25170
3763 1791336501672114 21448
3764 1791336501689136 22459
3765 1791336501714773 27239
3766 1791336501735900 29134
3767 1791336501753559 26254
3768 1791336501769287 21163
3769 1791336501787671 21506
3770 1791336501809447 21822
3771 1791336501835344 25894
3772 1791336501852002 23232
3773 1791336501880091 33442
3774 1791336501893708 27225
3775 1791336501909806 22365
3776 1791336501929612 23741
3777 1791336501949110 21391
3778 1791336501975879 29453
3779 1791336501997505 31043
3780 1791336502008264 21259
3781 1791336502036325 29389
3782 1791336502055772 29301
3783 1791336502070927 22337
3784 1791336502099243 28411
3785 1791336502121449 33452
3786 1791336502134889 25361
3787 1791336502150419 24025
3788 1791336502177618 27195
3789 1791336502193077 26467
3790 1791336502208704 22494
3791 1791336502236189 29579
3792 1791336502253981 27518
3793 1791336502269375 22781
3794 1791336502288955 21511
3795 1791336502317089 29450
3796 1791336502337976 30891
3797 1791336502356907 27133
3798 1791336502376337 26727
3799 1791336502396327 29852
3800 1791336502408460 20795
3801 1791336502435685 28582
3802 1791336502457630 31601
3803 1791336502476381 28690
3804 1791336502495798 29457
3805 1791336502512845 24955
3806 1791336502529567 22430
3807 1791336502552241 24845
3808 1791336502569126 22321
3809 1791336502590295 23464
3810 1791336502614430 27094
3811 1791336502631784 23321
3812 1791336502656280 27359
3813 1791336502668661 22358
3814 1791336502691345 22682
3815 1791336502713878 24643
3816 1791336502728778 20809
3817 1791336502753644 26052
3818 1791336502772175 24997
3819 1791336502797231 25177
3820 1791336502812817 25758
3821 1791336502837287 24467
3822 1791336502849294 22810
3823 1791336502868413 21117
3824 1791336502889560 22865
3825 1791336502910056 23536
3826 1791336502928016 21605
3827 1791336502949282 21952
3828 1791336502968681 22398
3829 1791336502987653 20998
3830 1791336503016928 30879
3831 1791336503030414 24099
3832 1791336503057495 27063
3833 1791336503077857 26379
3834 1791336503092327 26409
3835 1791336503110257 23415
3836 1791336503136959 26693
3837 1791336503148158 22020
3838 1791336503170035 23898
3839 1791336503196919 29380
3840 1791336503209357 22940
3841 1791336503230359 21585
3842 1791336503254046 27308
3843 1791336503276613 27108
3844 1791336503297371 26660
3845 1791336503315764 24663
3846 1791336503328305 20868
3847 1791336503348818 21683
3848 1791336503370641 21818
3849 1791336503388268 20760
3850 1791336503411320 24744
3851 1791336503427580 20987
3852 1791336503448667 22080
3853 1791336503468542 21987
3854 1791336503489990 24134
3855 1791336503507681 21433
3856 1791336503529639 22000
3857 1791336503548849 20979
3858 1791336503569320 23518
3859 1791336503587763 21737
3860 1791336503609980 22204
3861 1791336503629803 23195
3862 1791336503675343 45534
3863 1791336503688550 37081
3864 1791336503699597 24252
3865 1791336503727113 38558
3866 1791336503746886 40783
3867 1791336503764189 37073
3868 1791336503778538 31647
3869 1791336503789714 22557
3870 1791336503816515 26790
3871 1791336503832859 24964
3872 1791336503848563 21714
3873 1791336503868050 20884
3874 1791336503893742 27766
3875 1791336503912734 26178
3876 1791336503930293 23852
3877 1791336503949011 21875
3878 1791336503969822 23088
3879 1791336503991347 23736
3880 1791336504017033 25681
3881 1791336504039041 27518
3882 1791336504047749 21151
3883 1791336504076696 28943
3884 1791336504089006 21764
3885 1791336504107452 21575
3886 1791336504131331 23954
3887 1791336504155970 24634
3888 1791336504170143 23247
3889 1791336504191092 23738
3890 1791336504216278 25181
3891 1791336504232329 24902
3892 1791336504253675 25028
3893 1791336504270306 22353
3894 1791336504290454 23806
3895 1791336504310624 23141
3896 1791336504328319 22000
3897 1791336504350396 23541
3898 1791336504367971 21100
3899 1791336504396521 29441
3900 1791336504416203 29041
3901 1791336504431957 25725
3902 1791336504459650 27688
3903 1791336504470302 23290
3904 1791336504489628 22583
3905 1791336504513305 26367
3906 1791336504528791 22052
3907 1791336504549093 22297
3908 1791336504569031 22520
3909 1791336504589404 20629
3910 1791336504614370 26801
3911 1791336504630254 24204
3912 1791336504656588 26312
3913 1791336504675952 23967
3914 1791336504694945 25464
3915 1791336504714785 24695
3916 1791336504728467 21648
3917 1791336504753279 26101
3918 1791336504776982 30211
3919 1791336504797114 29594
3920 1791336504807736 21132
3921 1791336504830388 22647
3922 1791336504849084 22257
3923 1791336504871286 23617
3924 1791336504889990 23064
3925 1791336504907781 21089
3926 1791336504928482 21395
3927 1791336504949525 23557
3928 1791336504968411 21444
3929 1791336504990889 22475
3930 1791336505007802 21988
3931 1791336505034357 27499
3932 1791336505050660 23664
3933 1791336505076724 29478
3934 1791336505089388 22429
3935 1791336505115787 26876
3936 1791336505132261 24614
3937 1791336505157500 25230
3938 1791336505170428 23452
3939 1791336505190795 25026
3940 1791336505218298 27492
3941 1791336505230797 23651
3942 1791336505247878 21274
3943 1791336505277352 29468
3944 1791336505289043 21361
3945 1791336505314856 26395
3946 1791336505333551 26951
3947 1791336505348897 21916
3948 1791336505375654 26752
3949 1791336505394549 28056
3950 1791336505408087 21000
3951 1791336505430139 24015
3952 1791336505450683 23476
3953 1791336505469307 22460
3954 1791336505487318 20958
3955 1791336505515814 28489
3956 1791336505531262 24046
3957 1791336505551463 24630
3958 1791336505576173 24706
3959 1791336505587451 21467
3960 1791336505617126 29670
3961 1791336505634803 25672
3962 1791336505651139 24121
3963 1791336505669982 23638
3964 1791336505687976 21000
3965 1791336505716798 28784
3966 1791336505735910 27877
3967 1791336505749628 23585
3968 1791336505770333 20962
3969 1791336505789277 21097
3970 1791336505814101 26496
3971 1791336505830289 21590
3972 1791336505847316 20980
3973 1791336505869377 22055
3974 1791336505889788 23053
3975 1791336505916774 27906
3976 1791336505936807 26093
3977 1791336505956539 25656
3978 1791336505975992 29294
3979 1791336505987082 21369
3980 1791336506008346 21259
3981 1791336506032438 24087
3982 1791336506049992 23159
3983 1791336506069135 22164
3984 1791336506089239 22106
3985 1791336506122241 35362
3986 1791336506135409 28245
3987 1791336506150710 23590
3988 1791336506179754 29038
3989 1791336506205917 26402
3990 1791336506220993 31573
3991 1791336506234669 28741
3992 1791336506261889 27616
3993 1791336506286737 39785
3994 1791336506309675 22932
3995 1791336506309689 22849
3996 1791336506333114 26012
3997 1791336506350672 23941
3998 1791336506376042 28283
3999 1791336506401185 34535
4000 1791336506411971 22362
4001 1791336506431402 24710
4002 1791336506448662 21896
4003 1791336506469266 22209
4004 1791336506496700 29462
4005 1791336506515948 27184
4006 1791336506537264 26876
4007 1791336506549864 22987
4008 1791336506577686 27819
4009 1791336506598497 25534
4010 1791336506609755 22334
4011 1791336506636961 29040
4012 1791336506656028 29039
4013 1791336506676805 26464
4014 1791336506688032 21426
4015 1791336506709179 21143
4016 1791336506728078 21277
4017 1791336506748559 21906
4018 1791336506770112 23211
4019 1791336506788932 21771
4020 1791336506819872 32837
4021 1791336506830404 22406
4022 1791336506851438 24538
4023 1791336506870347 24423
4024 1791336506892565 26420
4025 1791336506916182 23923
4026 1791336506927439 21689
4027 1791336506950961 23518
4028 1791336506977039 29079
4029 1791336506995780 28790
4030 1791336507013141 26755
4031 1791336507028480 21753
4032 1791336507056721 29831
4033 1791336507076182 29404
4034 1791336507090268 22497
4035 1791336507112932 24609
4036 1791336507129731 21055
4037 1791336507150092 23148
4038 1791336507169796 22152
4039 1791336507189560 22986
4040 1791336507217718 29566
4041 1791336507235784 26297
4042 1791336507256832 27099
4043 1791336507270275 22116
4044 1791336507296077 25793
4045 1791336507309726 23725
4046 1791336507334091 25627
4047 1791336507349723 22938
4048 1791336507375826 28066
4049 1791336507396414 29277
4050 1791336507415588 25662
4051 1791336507437192 28580
4052 1791336507455028 25015
4053 1791336507468713 21557
4054 1791336507491566 24320
4055 1791336507512539 24973
4056 1791336507527527 20842
4057 1791336507552671 25140
4058 1791336507567790 22020
4059 1791336507593442 25779
4060 1791336507610134 22897
4061 1791336507628779 22769
4062 1791336507650212 21429
4063 1791336507669268 21295
4064 1791336507693690 25697
4065 1791336507709808 23025
4066 1791336507726938 20570
4067 1791336507748068 21218
4068 1791336507773665 25592
4069 1791336507789560 22360
4070 1791336507816724 29001
4071 1791336507835600 28762
4072 1791336507848270 21814
4073 1791336507869946 21673
4074 1791336507892605 24704
4075 1791336507908102 21744
4076 1791336507927783 21889
4077 1791336507954050 26264
4078 1791336507972855 25612
4079 1791336507994749 25490
4080 1791336508015493 29117
4081 1791336508036832 29868
4082 1791336508047279 21049
4083 1791336508073998 26710
4084 1791336508096362 26866
4085 1791336508120815 27208
4086 1791336508136649 28886
4087 1791336508148255 21813
4088 1791336508178009 29750
4089 1791336508189035 22257
4090 1791336508209330 22891
4091 1791336508228695 22171
4092 1791336508248507 22047
4093 1791336508276118 27608
4094 1791336508296823 30685
4095 1791336508307986 20650
4096 1791336508329138 21868
4097 1791336508350165 21013
4098 1791336508376282 28705
4099 1791336508388095 21765
4100 1791336508408052 20873
4101 1791336508429192 21137
4102 1791336508448653 21936
4103 1791336508475689 27150
4104 1791336508493615 25827
4105 1791336508513448 26497
4106 1791336508534142 28104
4107 1791336508567291 40847
4108 1791336508586553 35864
4109 1791336508603795 37038
4110 1791336508620774 34216
4111 1791336508657723 36945
4112 1791336508680447 46860
4113 1791336508699488 41762
4114 1791336508720412 39960
4115 1791336508720418 33909
4116 1791336508748526 29700
4117 1791336508756998 30237
4118 1791336508768591 22427
4119 1791336508793612 27082
4120 1791336508809095 22131
4121 1791336508828534 22485
4122 1791336508856057 29375
4123 1791336508873973 25889
4124 1791336508889576 22620
4125 1791336508913322 23741
4126 1791336508927992 22093
4127 1791336508950461 23573
4128 1791336508975197 26143
4129 1791336508998704 28099
4130 1791336509009033 21681
4131 1791336509030122 23800
4132 1791336509048667 21883
4133 1791336509071108 24083
4134 1791336509088005 21338
4135 1791336509108611 20693
4136 1791336509127404 21246
4137 1791336509157358 30516
4138 1791336509167656 21202
4139 1791336509191073 23984
4140 1791336509216015 25905
4141 1791336509232766 23079
4142 1791336509258214 28751
4143 1791336509273084 22390
4144 1791336509291050 24055
4145 1791336509317898 26843
4146 1791336509328530 22151
4147 1791336509352186 23717
4148 1791336509368828 21761
# sent 4149 received 4149
