0 1791334542490714 27944
1 1791334542509662 25719
2 1791334542527661 21218
3 1791334542548784 23420
4 1791334542570014 24050
5 1791334542586336 20864
6 1791334542609577 23237
7 1791334542626017 21810
8 1791334542645328 20849
9 1791334542666015 20684
10 1791334542690842 24870
11 1791334542708233 22327
12 1791334542728461 25434
13 1791334542747797 22642
14 1791334542769896 24217
15 1791334542788924 24582
16 1791334542818880 29952
17 1791334542829927 21436
18 1791334542845167 21546
19 1791334542867049 22944
20 1791334542885643 21574
21 1791334542909514 23868
22 1791334542928829 22472
23 1791334542947414 21809
24 1791334542971166 23750
25 1791334542985895 22199
26 1791334543011854 25955
27 1791334543029702 21544
28 1791334543048481 22974
29 1791334543072449 28611
30 1791334543089879 23308
31 1791334543108792 21856
32 1791334543127627 23308
33 1791334543156047 28496
34 1791334543173312 25624
35 1791334543186711 23235
36 1791334543207219 20503
37 1791334543233358 26160
38 1791334543248378 23350
39 1791334543266856 22777
40 1791334543291141 24348
41 1791334543309339 22299
42 1791334543328902 25335
43 1791334543347771 23784
44 1791334543373501 25727
45 1791334543397123 27936
46 1791334543411793 25726
47 1791334543428737 22151
48 1791334543447446 24284
49 1791334543468834 21431
50 1791334543494014 27958
51 1791334543511695 27131
52 1791334543531807 23983
53 1791334543547708 21439
54 1791334543568665 24430
55 1791334543588174 24253
56 1791334543613546 25368
57 1791334543627992 24288
58 1791334543655604 27608
59 1791334543666574 22072
60 1791334543690154 23576
61 1791334543708105 21020
62 1791334543729030 20922
63 1791334543748872 23040
64 1791334543766381 20868
65 1791334543787454 21070
66 1791334543807496 22390
67 1791334543826571 21271
68 1791334543848593 24912
69 1791334543866578 22944
70 1791334543888176 21595
71 1791334543907623 22162
72 1791334543928425 24578
73 1791334543951414 27355
74 1791334543967649 23158
75 1791334543985596 21668
76 1791334544007512 21913
77 1791334544027862 20346
78 1791334544047392 22428
79 1791334544066184 21331
80 1791334544090885 24698
81 1791334544109604 23895
82 1791334544125513 20885
83 1791334544149794 25121
84 1791334544173435 26891
85 1791334544192391 25921
86 1791334544207156 23537
87 1791334544232827 27268
88 1791334544249798 21436
89 1791334544267540 22165
90 1791334544292529 25042
91 1791334544311605 26517
92 1791334544337641 29944
93 1791334544348701 24650
94 1791334544368997 23212
95 1791334544389956 23515
96 1791334544412499 26271
97 1791334544428479 22993
98 1791334544446523 22539
99 1791334544468846 22374
100 1791334544489057 21343
101 1791334544515631 29897
102 1791334544526589 21745
103 1791334544550111 23518
104 1791334544571768 25191
105 1791334544587991 22230
106 1791334544605649 20967
107 1791334544634611 28959
108 1791334544650605 25068
109 1791334544673404 25654
110 1791334544691110 24288
111 1791334544708704 22176
112 1791334544728008 23627
113 1791334544749508 21497
114 1791334544771575 25777
115 1791334544788921 25012
116 1791334544807655 22713
117 1791334544830851 23192
118 1791334544850216 23850
119 1791334544871126 24909
120 1791334544890422 24222
121 1791334544907923 20978
122 1791334544927470 23740
123 1791334544949398 25324
124 1791334544968837 22932
125 1791334544988560 22526
126 1791334545007854 23345
127 1791334545037473 29615
128 1791334545047846 22373
129 1791334545067977 22870
130 1791334545090389 26531
131 1791334545105342 20543
132 1791334545128462 23113
133 1791334545145719 21529
134 1791334545169897 24220
135 1791334545187814 21263
136 1791334545208063 24735
137 1791334545228340 25245
138 1791334545248747 24498
139 1791334545276379 29600
140 1791334545294771 28359
141 1791334545305055 21486
142 1791334545326586 23581
143 1791334545347542 23537
144 1791334545367882 22991
145 1791334545395887 28001
146 1791334545408033 22442
147 1791334545427833 24314
148 1791334545446536 23033
149 1791334545471311 24771
150 1791334545492200 24805
151 1791334545507653 20322
152 1791334545528668 21693
153 1791334545555779 29149
154 1791334545576691 27819
155 1791334545587369 21805
156 1791334545609918 24232
157 1791334545628355 22019
158 1791334545652191 28605
159 1791334545668451 21054
160 1791334545689284 22640
161 1791334545711767 25677
162 1791334545736209 28903
163 1791334545746375 20629
164 1791334545766790 21746
165 1791334545787783 23373
166 1791334545813531 25745
167 1791334545828932 25395
168 1791334545848122 24540
169 1791334545865984 21523
170 1791334545889564 23623
171 1791334545908047 22229
172 1791334545926765 22743
173 1791334545949343 22575
174 1791334545974510 28897
175 1791334545988751 24987
176 1791334546007398 23588
177 1791334546026857 22212
178 1791334546046951 22293
179 1791334546072199 25245
180 1791334546086056 21227
181 1791334546112101 26150
182 1791334546126938 20428
183 1791334546149588 23481
184 1791334546175139 29044
185 1791334546186657 21954
186 1791334546206435 22717
187 1791334546233093 26653
188 1791334546248621 23321
189 1791334546268717 23227
190 1791334546287946 23871
191 1791334546306525 21376
192 1791334546327717 21186
193 1791334546355760 28041
194 1791334546367604 21993
195 1791334546385662 21287
196 1791334546411689 26307
197 1791334546430512 22747
198 1791334546451157 25941
199 1791334546468742 22102
200 1791334546488528 24807
201 1791334546508893 21207
202 1791334546525491 21172
203 1791334546546414 20921
204 1791334546573453 27035
205 1791334546585805 20800
206 1791334546613196 27439
207 1791334546625485 21110
208 1791334546648633 23272
209 1791334546667461 23773
210 1791334546689141 21723
211 1791334546708525 23943
212 1791334546730098 26505
213 1791334546747993 21521
214 1791334546768714 23837
215 1791334546790163 24373
216 1791334546807324 20784
217 1791334546827557 23168
218 1791334546855563 28002
219 1791334546871706 25496
220 1791334546887674 22094
221 1791334546909164 24945
222 1791334546927641 23239
223 1791334546947690 22934
224 1791334546967431 22013
225 1791334546987337 22761
226 1791334547006945 22412
227 1791334547026527 22877
228 1791334547053637 27106
229 1791334547070901 24204
230 1791334547087690 21400
231 1791334547111855 25576
232 1791334547133387 25777
233 1791334547146844 23730
234 1791334547167759 20899
235 1791334547186294 22692
236 1791334547209103 23711
237 1791334547235543 26436
238 1791334547247559 23646
239 1791334547268494 20932
240 1791334547288776 23477
241 1791334547308396 22348
242 1791334547328893 25112
243 1791334547349158 23355
244 1791334547366206 21198
245 1791334547388026 24032
246 1791334547416148 28166
247 1791334547427240 23588
248 1791334547450139 26203
249 1791334547471107 24300
250 1791334547491605 24572
251 1791334547508722 21510
252 1791334547526234 22478
253 1791334547547248 23250
254 1791334547571475 24300
255 1791334547588423 20959
256 1791334547608031 22770
257 1791334547628867 23761
258 1791334547648806 24857
259 1791334547671148 22339
260 1791334547692544 26083
261 1791334547712181 25097
262 1791334547726482 20724
263 1791334547749019 22534
264 1791334547772020 25486
265 1791334547787278 21404
266 1791334547808489 21209
267 1791334547826318 21821
268 1791334547849651 23331
269 1791334547867014 23457
270 1791334547889919 22900
271 1791334547908503 22228
272 1791334547931834 26326
273 1791334547953034 25327
274 1791334547970354 25804
275 1791334547992889 26764
276 1791334548008398 20844
277 1791334548025883 21010
278 1791334548052794 26908
279 1791334548066327 22595
280 1791334548092065 25736
281 1791334548109969 22445
282 1791334548130216 25323
283 1791334548149675 22816
284 1791334548171917 26454
285 1791334548188541 20887
286 1791334548210332 25117
287 1791334548228741 22746
288 1791334548249703 24092
289 1791334548266383 21911
290 1791334548287764 21378
291 1791334548314096 29422
292 1791334548329714 24433
293 1791334548348909 22784
294 1791334548369962 23724
295 1791334548386307 21210
296 1791334548415737 29428
297 1791334548426193 21059
298 1791334548452343 26146
299 1791334548468354 23429
300 1791334548486818 23075
301 1791334548509650 24982
302 1791334548527618 22956
303 1791334548549777 25235
304 1791334548572399 25820
305 1791334548590272 22758
306 1791334548609159 22667
307 1791334548628925 22704
308 1791334548650100 23913
309 1791334548674323 27832
310 1791334548691712 22840
311 1791334548710690 22827
312 1791334548729292 23239
313 1791334548749573 23742
314 1791334548765611 21343
315 1791334548787572 23225
316 1791334548807613 22016
317 1791334548828469 23044
318 1791334548849233 23532
319 1791334548869822 25109
320 1791334548888094 21663
321 1791334548908508 23699
322 1791334548933619 25106
323 1791334548955991 27106
324 1791334548966446 21795
325 1791334548992627 26178
326 1791334549012025 25710
327 1791334549025689 20947
328 1791334549047545 21853
329 1791334549068122 22580
330 1791334549088431 23215
331 1791334549107410 22698
332 1791334549127761 23909
333 1791334549149399 25192
334 1791334549167950 23169
335 1791334549188627 20732
336 1791334549207580 22798
337 1791334549228842 23174
338 1791334549246042 21689
339 1791334549267968 23779
340 1791334549288285 22941
341 1791334549309817 24474
342 1791334549327612 20832
343 1791334549346911 22161
344 1791334549369573 22658
345 1791334549386370 21292
346 1791334549413797 27423
347 1791334549430518 26790
348 1791334549447289 23791
349 1791334549473338 26125
350 1791334549490793 24869
351 1791334549511015 24500
352 1791334549528554 21877
353 1791334549545490 21880
354 1791334549568498 23005
355 1791334549587169 23421
356 1791334549614078 26906
357 1791334549628963 21916
358 1791334549647962 22614
359 1791334549669730 26278
360 1791334549691047 21369
361 1791334549711095 23294
362 1791334549728685 24000
363 1791334549745447 21717
364 1791334549768606 23156
365 1791334549787733 23823
366 1791334549808815 21079
367 1791334549828919 23207
368 1791334549848196 21742
369 1791334549874313 26111
370 1791334549888501 24437
371 1791334549907684 22808
372 1791334549930431 22822
373 1791334549949107 22740
374 1791334549970621 24877
375 1791334549987883 21380
376 1791334550014889 28240
377 1791334550032511 27343
378 1791334550047952 21934
379 1791334550070591 24825
380 1791334550087534 21794
381 1791334550107422 21132
382 1791334550126930 22957
383 1791334550149068 24360
384 1791334550170347 24773
385 1791334550192369 26123
386 1791334550208311 22507
387 1791334550228755 24051
388 1791334550254266 30292
389 1791334550269482 24719
390 1791334550292636 26647
391 1791334550308333 21474
392 1791334550326027 21301
393 1791334550355837 29808
394 1791334550367676 22204
395 1791334550393372 25693
396 1791334550408652 22742
397 1791334550428041 22236
398 1791334550451951 23907
399 1791334550472097 26971
400 1791334550491784 24140
401 1791334550515157 27273
402 1791334550527992 24127
403 1791334550545103 20774
404 1791334550565787 20786
405 1791334550592083 26291
406 1791334550607106 24095
407 1791334550637654 34229
408 1791334550647907 23915
409 1791334550673161 25882
410 1791334550696727 28982
411 1791334550707641 23589
412 1791334550735501 30666
413 1791334550758146 31845
414 1791334550771287 24429
415 1791334550803066 36204
416 1791334550814710 30739
417 1791334550842294 39223
418 1791334550858058 32810
419 1791334550878902 31509
420 1791334550898550 32085
421 1791334550911898 24471
422 1791334550936015 29201
423 1791334550958208 32922
424 1791334550977165 30859
425 1791334550989807 25534
426 1791334551014528 28445
427 1791334551030220 24544
428 1791334551055177 28936
429 1791334551078584 34883
430 1791334551096322 28622
431 1791334551107016 22490
432 1791334551134888 27869
433 1791334551151696 27526
434 1791334551176489 29889
435 1791334551201379 35515
436 1791334551214296 27323
437 1791334551233319 28786
438 1791334551250308 25963
439 1791334551270333 24341
440 1791334551298874 31651
441 1791334551318530 31838
442 1791334551335204 27547
443 1791334551358679 34645
444 1791334551378502 31444
445 1791334551395854 30486
446 1791334551418248 31981
447 1791334551438914 31616
448 1791334551457643 30445
449 1791334551474527 28169
450 1791334551498005 29035
451 1791334551510051 23307
452 1791334551541041 37464
453 1791334551557101 28867
454 1791334551576694 31338
455 1791334551595842 30554
456 1791334551615778 27931
457 1791334551630851 25561
458 1791334551651858 25726
459 1791334551670639 23635
460 1791334551696057 30255
461 1791334551711186 27060
462 1791334551732257 28565
463 1791334551755419 27416
464 1791334551774212 29033
465 1791334551794796 26951
466 1791334551812742 28573
467 1791334551838217 31336
468 1791334551858035 32770
469 1791334551869868 26430
470 1791334551890352 26914
471 1791334551908084 23831
472 1791334551930513 25110
473 1791334551952093 28003
474 1791334551976921 29025
475 1791334551995192 29617
476 1791334552009123 24917
477 1791334552036722 31941
478 1791334552052059 25914
479 1791334552076996 27706
480 1791334552095465 30532
481 1791334552119281 34186
482 1791334552145180 39414
483 1791334552160218 34491
484 1791334552186684 41499
485 1791334552206964 40939
486 1791334552237027 50338
487 1791334552259608 55670
488 1791334552278695 54011
489 1791334552304439 56701
490 1791334552329304 61229
491 1791334552346398 62473
492 1791334552367066 62625
493 1791334552391100 65124
494 1791334552406884 62099
495 1791334552424815 60066
496 1791334552447192 61463
497 1791334552464741 57855
498 1791334552488850 65661
499 1791334552506651 63218
500 1791334552528295 63717
501 1791334552548093 63483
502 1791334552565972 59311
503 1791334552595001 66702
504 1791334552616151 72246
505 1791334552636765 70789
506 1791334552656898 73485
507 1791334552676953 71755
508 1791334552695908 69650
509 1791334552723637 76544
510 1791334552738148 74937
511 1791334552758573 73451
512 1791334552789482 83189
513 1791334552801945 78305
514 1791334552819290 74810
515 1791334552845405 78714
516 1791334552866618 77458
517 1791334552887193 79279
518 1791334552897592 73491
519 1791334552924363 80224
520 1791334552946953 80936
521 1791334552967923 83947
522 1791334552985329 75877
523 1791334552999466 75101
524 1791334553026147 79275
525 1791334553047538 79611
526 1791334553066329 82489
527 1791334553090088 83451
528 1791334553108090 82869
529 1791334553129200 85623
530 1791334553156938 90605
531 1791334553168203 82530
532 1791334553187474 81178
533 1791334553205790 79808
534 1791334553227216 80713
535 1791334553248140 81974
536 1791334553277704 93738
537 1791334553282986 77193
538 1791334553302660 75439
539 1791334553322651 75498
540 1791334553339955 73702
541 1791334553350557 67550
542 1791334553370538 66046
543 1791334553397467 73090
544 1791334553412029 65347
545 1791334553428076 62128
546 1791334553447290 61957
547 1791334553467050 60623
548 1791334553481759 58501
549 1791334553492022 44727
550 1791334553513160 46875
551 1791334553525783 38445
552 1791334553542949 35057
553 1791334553560782 34997
554 1791334553567774 24819
555 1791334553591192 27796
556 1791334553617990 31661
557 1791334553636351 31251
558 1791334553662435 38788
559 1791334553678521 33533
560 1791334553692062 28065
561 1791334553717961 33255
562 1791334553743507 37071
563 1791334553760219 31946
564 1791334553770600 27087
565 1791334553800405 34396
566 1791334553819378 33164
567 1791334553830958 27117
568 1791334553854819 27781
569 1791334553878647 30697
570 1791334553897449 31506
571 1791334553914109 27256
572 1791334553938141 30895
573 1791334553960845 33673
574 1791334553981433 34647
575 1791334553997816 34340
576 1791334554021962 37128
577 1791334554035936 32464
578 1791334554048978 24342
579 1791334554068898 24001
580 1791334554094702 26330
581 1791334554115154 31088
582 1791334554143100 35494
583 1791334554157429 34014
584 1791334554168193 25078
585 1791334554192930 29150
586 1791334554220484 32184
587 1791334554236812 29112
588 1791334554258312 32458
589 1791334554277291 32188
590 1791334554297827 32194
591 1791334554309144 25568
592 1791334554337191 32519
593 1791334554352337 26616
594 1791334554376366 27859
595 1791334554392076 28096
596 1791334554416317 29030
597 1791334554432418 28004
598 1791334554458891 32569
599 1791334554479688 31681
600 1791334554495854 32126
601 1791334554512899 27567
602 1791334554538168 32439
603 1791334554556028 29789
604 1791334554579865 34322
605 1791334554597170 29676
606 1791334554607788 21455
607 1791334554637104 29311
608 1791334554650429 26331
609 1791334554677287 31953
610 1791334554697550 31364
611 1791334554713101 28999
612 1791334554740071 33576
613 1791334554758055 30333
614 1791334554774545 28122
615 1791334554792977 29622
616 1791334554816757 28896
617 1791334554834980 28816
618 1791334554850589 25380
619 1791334554872763 26881
620 1791334554897514 30529
621 1791334554917458 32954
622 1791334554938373 32990
623 1791334554950843 24345
624 1791334554973734 28217
625 1791334554997666 30277
626 1791334555013816 26471
627 1791334555037185 32342
628 1791334555056746 32156
629 1791334555082317 37459
630 1791334555098797 33615
631 1791334555113018 28744
632 1791334555136823 29831
633 1791334555149376 25481
634 1791334555168633 25244
635 1791334555190914 25541
636 1791334555214623 26813
637 1791334555236325 30562
638 1791334555255229 30400
639 1791334555285422 36637
640 1791334555298337 32238
641 1791334555314528 29100
642 1791334555329363 25615
643 1791334555351415 25160
644 1791334555377495 31029
645 1791334555395869 29817
646 1791334555412994 27704
647 1791334555430864 25501
648 1791334555458195 31495
649 1791334555476375 28674
650 1791334555498217 31948
651 1791334555514236 27805
652 1791334555531892 28268
653 1791334555559588 30257
654 1791334555575076 28000
655 1791334555602547 34899
656 1791334555626877 40012
657 1791334555646861 42526
658 1791334555667586 40705
659 1791334555697383 50517
660 1791334555717252 49662
661 1791334555738781 53361
662 1791334555759924 54080
663 1791334555787542 62296
664 1791334555806424 60688
665 1791334555833347 66161
666 1791334555856925 69373
667 1791334555878248 71819
668 1791334555904877 76596
669 1791334555924751 79729
670 1791334555949076 83738
671 1791334555979031 91754
672 1791334555997879 92994
673 1791334556022377 97621
674 1791334556038766 94366
675 1791334556071274 103111
676 1791334556084400 100715
677 1791334556106210 101167
678 1791334556127779 102929
679 1791334556149937 103203
680 1791334556169790 104429
681 1791334556192841 108861
682 1791334556210096 105600
683 1791334556229636 101853
684 1791334556252344 106594
685 1791334556268339 103102
686 1791334556286887 99517
687 1791334556303319 99517
688 1791334556331683 108325
689 1791334556355972 111571
690 1791334556378573 110228
691 1791334556397106 110577
692 1791334556408089 104834
693 1791334556432807 105522
694 1791334556445402 100287
695 1791334556464114 100219
696 1791334556489502 102076
697 1791334556502154 97970
698 1791334556514021 87687
699 1791334556534291 88883
700 1791334556550229 86109
701 1791334556569362 79855
702 1791334556585489 77515
703 1791334556613439 86316
704 1791334556624897 77327
705 1791334556637715 74030
706 1791334556657694 72201
707 1791334556676716 68588
708 1791334556687814 62914
709 1791334556705507 60624
710 1791334556717761 49659
711 1791334556731623 46186
712 1791334556740466 34953
713 1791334556758108 30334
714 1791334556773419 27595
715 1791334556798442 32664
716 1791334556818517 32747
717 1791334556837319 29813
718 1791334556856459 29964
719 1791334556877303 31664
720 1791334556890074 23794
721 1791334556916466 30503
722 1791334556939989 34231
723 1791334556957101 30053
724 1791334556970798 27318
725 1791334556991605 25978
726 1791334557015759 29478
727 1791334557036969 30181
728 1791334557053363 28821
729 1791334557077443 30534
730 1791334557101975 37849
731 1791334557122257 35980
732 1791334557137118 31761
733 1791334557150679 25546
734 1791334557195046 48020
735 1791334557208175 43213
736 1791334557230057 35006
737 1791334557236002 27818
738 1791334557260858 34144
739 1791334557276920 29152
740 1791334557290655 26838
741 1791334557334688 46990
742 1791334557349431 45099
743 1791334557362423 27722
744 1791334557381842 34446
745 1791334557402475 32505
746 1791334557414291 25020
747 1791334557439188 29908
748 1791334557459274 31377
749 1791334557470183 25772
750 1791334557501852 35362
751 1791334557513297 29904
752 1791334557536990 29748
753 1791334557564342 37947
754 1791334557577077 30364
755 1791334557594145 29796
756 1791334557620152 33729
757 1791334557637562 31018
758 1791334557667260 42342
759 1791334557681015 34209
760 1791334557692035 24771
761 1791334557717713 33791
762 1791334557734397 29830
763 1791334557760744 35771
764 1791334557774853 29133
765 1791334557797880 30752
766 1791334557817508 30584
767 1791334557834757 28285
768 1791334557853978 28233
769 1791334557877700 29641
770 1791334557899034 33027
771 1791334557917433 30933
772 1791334557931078 25563
773 1791334557957160 30446
774 1791334557981990 35003
775 1791334557989183 25144
776 1791334558016073 30349
777 1791334558030136 25420
778 1791334558058012 33571
779 1791334558076904 29416
780 1791334558089555 25742
781 1791334558118895 33213
782 1791334558137452 29398
783 1791334558156280 30201
784 1791334558181833 36112
785 1791334558197990 32785
786 1791334558209613 25772
787 1791334558238445 33838
788 1791334558259503 33692
789 1791334558277268 31684
790 1791334558301335 34773
791 1791334558315937 30847
792 1791334558332844 27442
793 1791334558355311 31476
794 1791334558378974 31425
795 1791334558389636 26126
796 1791334558414751 29024
797 1791334558442268 34504
798 1791334558455347 30047
799 1791334558479414 35068
800 1791334558498124 32116
801 1791334558516689 30342
802 1791334558537074 32327
803 1791334558553430 28848
804 1791334558572535 24704
805 1791334558596605 30151
806 1791334558616070 30285
807 1791334558627695 23457
808 1791334558657248 32771
809 1791334558675896 28310
810 1791334558688116 23815
811 1791334558708439 24514
812 1791334558736451 31537
813 1791334558751808 27122
814 1791334558776075 32393
815 1791334558796967 32444
816 1791334558807977 24198
817 1791334558836080 29744
818 1791334558847030 23429
819 1791334558872876 27046
820 1791334558895435 29336
821 1791334558909208 25123
822 1791334558946631 40821
823 1791334558958725 34745
824 1791334558977891 31258
825 1791334558988509 22515
826 1791334559010340 26715
827 1791334559035999 28900
828 1791334559057239 29433
829 1791334559075717 30763
830 1791334559096802 32040
831 1791334559116787 30757
832 1791334559132273 28132
833 1791334559158367 32279
834 1791334559177141 30257
835 1791334559193041 28199
836 1791334559218641 31896
837 1791334559229293 22867
838 1791334559257062 32822
839 1791334559276671 32341
840 1791334559291176 25711
841 1791334559309337 23005
842 1791334559334240 27275
843 1791334559355536 30692
844 1791334559370970 26483
845 1791334559389193 24844
846 1791334559408767 23817
847 1791334559443993 39275
848 1791334559457312 34248
849 1791334559476606 32609
850 1791334559502731 36447
851 1791334559525318 41092
852 1791334559548770 43418
853 1791334559582186 56866
854 1791334559595064 49381
855 1791334559625738 60023
856 1791334559643420 58689
857 1791334559676925 68689
858 1791334559698047 72386
859 1791334559715801 72377
860 1791334559741712 75615
861 1791334559767985 81540
862 1791334559787707 84462
863 1791334559818035 92077
864 1791334559837307 90657
865 1791334559867648 99660
866 1791334559882856 98768
867 1791334559911124 104617
868 1791334559930622 104652
869 1791334559950598 106012
870 1791334559977950 113878
871 1791334560000301 117442
872 1791334560024808 119793
873 1791334560057328 130267
874 1791334560076158 130160
875 1791334560102454 137637
876 1791334560125537 139475
877 1791334560143466 139765
878 1791334560167913 143101
879 1791334560187870 143000
880 1791334560208365 143505
881 1791334560231071 142830
882 1791334560250364 142318
883 1791334560266947 141407
884 1791334560279180 135708
885 1791334560303915 136233
886 1791334560318142 133097
887 1791334560335600 131642
888 1791334560356762 128416
889 1791334560376647 132432
890 1791334560395651 128700
891 1791334560408046 124743
892 1791334560430110 126190
893 1791334560443309 118657
894 1791334560463289 119506
895 1791334560482459 117381
896 1791334560500266 112109
897 1791334560508665 103363
898 1791334560523699 97580
899 1791334560532521 89208
900 1791334560551957 88666
901 1791334560561710 77901
902 1791334560577763 69092
903 1791334560588516 64813
904 1791334560615610 67390
905 1791334560619347 53582
906 1791334560627178 42391
907 1791334560646768 40714
908 1791334560656325 29143
909 1791334560681800 35256
910 1791334560696529 30214
911 1791334560716507 33203
912 1791334560736327 30422
913 1791334560760059 33811
914 1791334560777469 31490
915 1791334560792952 26618
916 1791334560809162 24737
917 1791334560839907 30708
918 1791334560860257 32276
919 1791334560870963 27522
920 1791334560895485 30438
921 1791334560914532 30646
922 1791334560938973 34357
923 1791334560961173 37494
924 1791334560983177 33985
925 1791334560995295 27475
926 1791334561016473 33292
927 1791334561042344 36555
928 1791334561053299 29147
929 1791334561072481 28564
930 1791334561097528 31864
931 1791334561116502 29619
932 1791334561141223 35823
933 1791334561162062 35145
934 1791334561172361 28065
935 1791334561193723 29083
936 1791334561216270 30240
937 1791334561234209 28380
938 1791334561256961 28932
939 1791334561280566 34471
940 1791334561295744 30704
941 1791334561317329 28536
942 1791334561336260 29592
943 1791334561359836 34907
944 1791334561374564 27945
945 1791334561398055 33331
946 1791334561425785 38877
947 1791334561444214 33751
948 1791334561454987 29425
949 1791334561467045 23184
950 1791334561491388 24338
951 1791334561517966 31429
952 1791334561539706 33118
953 1791334561558256 30901
954 1791334561581627 34575
955 1791334561600020 32310
956 1791334561618003 32095
957 1791334561628741 22010
958 1791334561650317 26756
959 1791334561673826 28118
960 1791334561696927 28584
961 1791334561708110 23388
962 1791334561738321 30208
963 1791334561762902 35781
964 1791334561777589 30642
965 1791334561792939 30032
966 1791334561813903 26769
967 1791334561830117 26984
968 1791334561854876 30868
969 1791334561869475 24039
970 1791334561898232 33704
971 1791334561911913 26704
972 1791334561938215 31580
973 1791334561959867 34177
974 1791334561978941 31161
975 1791334561996455 29408
976 1791334562016565 30576
977 1791334562032107 25873
978 1791334562057593 31478
979 1791334562071803 26340
980 1791334562096846 30364
981 1791334562112431 26294
982 1791334562132178 29249
983 1791334562148742 21671
984 1791334562175479 31809
985 1791334562197718 32793
986 1791334562217540 32542
987 1791334562238093 31367
988 1791334562258979 34395
989 1791334562278738 34895
990 1791334562295643 32022
991 1791334562318323 34066
992 1791334562335164 30175
993 1791334562360260 33438
994 1791334562375076 29521
995 1791334562388888 25271
996 1791334562409884 24701
997 1791334562431388 25936
998 1791334562458091 31618
999 1791334562477941 32018
1000 1791334562490351 24630
1001 1791334562511653 26112
1002 1791334562536716 32396
1003 1791334562551516 26818
1004 1791334562577490 30572
1005 1791334562598909 32759
1006 1791334562613827 26367
1007 1791334562627128 24033
1008 1791334562658036 31894
1009 1791334562676067 29335
1010 1791334562695729 30692
1011 1791334562707985 23908
1012 1791334562730584 25883
1013 1791334562755680 30524
1014 1791334562778652 34239
1015 1791334562801161 34482
1016 1791334562811845 27278
1017 1791334562833226 29894
1018 1791334562856013 28677
1019 1791334562877755 32299
1020 1791334562888535 22520
1021 1791334562918634 34451
1022 1791334562935947 28627
1023 1791334562956547 32119
1024 1791334562970349 26273
1025 1791334562994005 27946
1026 1791334563019351 33343
1027 1791334563036725 29695
1028 1791334563049381 24606
1029 1791334563075266 30548
1030 1791334563097117 29367
1031 1791334563116471 30158
1032 1791334563132284 26669
1033 1791334563158769 32256
1034 1791334563176728 30267
1035 1791334563196399 30531
1036 1791334563217247 31372
1037 1791334563228050 22408
1038 1791334563249651 26207
1039 1791334563273226 27190
1040 1791334563292246 24313
1041 1791334563316642 30854
1042 1791334563336783 33065
1043 1791334563356507 30416
1044 1791334563376597 30283
1045 1791334563391979 27457
1046 1791334563417357 30819
1047 1791334563429425 26138
1048 1791334563459850 33980
1049 1791334563470447 25843
1050 1791334563488633 25602
1051 1791334563511576 27495
1052 1791334563536968 31872
1053 1791334563553624 27888
1054 1791334563575152 25853
1055 1791334563600055 36001
1056 1791334563619149 31081
1057 1791334563638026 32380
1058 1791334563656103 29323
1059 1791334563676412 30635
1060 1791334563688704 23550
1061 1791334563710441 26234
1062 1791334563731097 25669
1063 1791334563754168 27694
1064 1791334563775222 30598
1065 1791334563796417 29902
1066 1791334563818689 33043
1067 1791334563831270 26939
1068 1791334563856612 31283
1069 1791334563870604 24354
1070 1791334563902762 34591
1071 1791334563916930 30148
1072 1791334563939876 32055
1073 1791334563965367 39084
1074 1791334563984314 40685
1075 1791334564010377 45006
1076 1791334564033917 49599
1077 1791334564058866 48484
1078 1791334564078636 50561
1079 1791334564101894 55449
1080 1791334564128490 62075
1081 1791334564150018 65090
1082 1791334564167390 63751
1083 1791334564198165 72172
1084 1791334564217068 70327
1085 1791334564234909 71526
1086 1791334564263376 77640
1087 1791334564276804 71158
1088 1791334564297725 73569
1089 1791334564326755 78692
1090 1791334564337907 74580
1091 1791334564358121 73048
1092 1791334564384578 76256
1093 1791334564389410 65643
1094 1791334564425180 78404
1095 1791334564448442 80659
1096 1791334564465603 81136
1097 1791334564490240 82908
1098 1791334564505610 80864
1099 1791334564526747 83225
1100 1791334564547196 81589
1101 1791334564573502 88141
1102 1791334564590258 84812
1103 1791334564608069 81321
1104 1791334564627399 80199
1105 1791334564649304 82884
1106 1791334564667818 82907
1107 1791334564686552 82295
1108 1791334564707038 83045
1109 1791334564727609 83715
1110 1791334564745786 79533
1111 1791334564769523 82969
1112 1791334564785250 78452
1113 1791334564808082 80471
1114 1791334564824231 79814
1115 1791334564844211 81146
1116 1791334564865634 80629
1117 1791334564889350 81265
1118 1791334564901802 77569
1119 1791334564922698 78484
1120 1791334564944017 78380
1121 1791334564961608 72255
1122 1791334564973525 70300
1123 1791334564987585 60896
1124 1791334565007752 63798
1125 1791334565023265 55402
1126 1791334565037030 52349
1127 1791334565053041 45340
1128 1791334565066561 43293
1129 1791334565088883 44488
1130 1791334565099198 33371
1131 1791334565116870 27984
1132 1791334565138121 33393
1133 1791334565156651 29298
1134 1791334565174005 29237
1135 1791334565192404 26847
1136 1791334565218588 30628
1137 1791334565238324 31171
1138 1791334565251168 26837
1139 1791334565269871 25953
1140 1791334565296829 31973
1141 1791334565310828 27439
1142 1791334565332006 27966
1143 1791334565352166 29058
1144 1791334565377702 29781
1145 1791334565395041 30355
1146 1791334565418847 32245
1147 1791334565432318 26340
1148 1791334565449295 26336
1149 1791334565477222 33365
1150 1791334565492416 26930
1151 1791334565509929 22794
1152 1791334565532009 26861
1153 1791334565557452 31447
1154 1791334565583636 38190
1155 1791334565598883 33961
1156 1791334565610095 26455
1157 1791334565631308 25206
1158 1791334565657882 30818
1159 1791334565675187 28682
1160 1791334565688707 25299
1161 1791334565718943 30233
1162 1791334565732605 28435
1163 1791334565748061 24181
1164 1791334565770408 25884
1165 1791334565788129 21560
1166 1791334565808180 23754
1167 1791334565828107 24308
1168 1791334565848071 23789
1169 1791334565869782 25137
1170 1791334565890013 26134
1171 1791334565907832 23101
1172 1791334565925333 21954
1173 1791334565948241 22906
1174 1791334565975939 27992
1175 1791334565986034 21587
1176 1791334566008035 24774
1177 1791334566026649 20886
1178 1791334566044972 20647
1179 1791334566068858 24636
1180 1791334566090153 25788
1181 1791334566108667 23572
1182 1791334566127998 23511
1183 1791334566146732 22077
1184 1791334566167954 21218
1185 1791334566192390 24505
1186 1791334566208717 25202
1187 1791334566228390 22505
1188 1791334566249805 23685
1189 1791334566267993 21714
1190 1791334566292763 24766
1191 1791334566308685 24455
1192 1791334566326141 20868
1193 1791334566349121 23085
1194 1791334566367426 20691
1195 1791334566388137 20760
1196 1791334566407940 22379
1197 1791334566425689 21160
1198 1791334566446737 21045
1199 1791334566469982 23241
1200 1791334566491976 22222
1201 1791334566516863 27791
1202 1791334566530191 25537
1203 1791334566545227 22073
1204 1791334566566371 21140
1205 1791334566590831 24457
1206 1791334566607241 22609
1207 1791334566628767 21523
1208 1791334566646662 22661
1209 1791334566666170 22085
1210 1791334566689944 23770
1211 1791334566710069 23459
1212 1791334566729211 23141
1213 1791334566747930 21593
1214 1791334566767418 23769
1215 1791334566785535 21817
1216 1791334566809005 23516
1217 1791334566828487 22002
1218 1791334566848950 23087
1219 1791334566867696 22675
1220 1791334566892461 27715
1221 1791334566908010 22452
1222 1791334566928522 23806
1223 1791334566948072 23957
1224 1791334566966680 20987
1225 1791334566990065 23381
1226 1791334567008532 22023
1227 1791334567028523 24231
1228 1791334567050760 25618
1229 1791334567066316 20719
1230 1791334567088767 22449
1231 1791334567108127 24204
1232 1791334567128389 20339
1233 1791334567149386 24468
1234 1791334567166567 20527
1235 1791334567190948 24378
1236 1791334567208522 23194
1237 1791334567228102 25056
1238 1791334567246027 22000
1239 1791334567272222 27700
1240 1791334567286329 20668
1241 1791334567308950 22717
1242 1791334567328208 23778
1243 1791334567358296 30085
1244 1791334567372163 26083
1245 1791334567390186 23256
1246 1791334567413610 26938
1247 1791334567429201 22450
1248 1791334567447849 22131
1249 1791334567467185 21689
1250 1791334567486641 22521
1251 1791334567508264 22979
1252 1791334567527651 21978
1253 1791334567547880 22226
1254 1791334567571591 25667
1255 1791334567587922 23112
1256 1791334567609306 24805
1257 1791334567628650 22691
1258 1791334567646396 21876
1259 1791334567669848 23449
1260 1791334567693491 29741
1261 1791334567716384 27695
1262 1791334567727651 23844
1263 1791334567749053 21397
1264 1791334567767833 22140
1265 1791334567792651 27387
1266 1791334567808093 23036
1267 1791334567829026 23380
1268 1791334567848755 24660
1269 1791334567868429 23749
1270 1791334567891668 27417
1271 1791334567907063 21089
1272 1791334567929423 24845
1273 1791334567962009 32582
1274 1791334567975482 28486
1275 1791334567988549 24444
1276 1791334568006792 21324
1277 1791334568028844 23909
1278 1791334568055812 32573
1279 1791334568067172 24157
1280 1791334568088378 21300
1281 1791334568105093 20911
1282 1791334568125893 20795
1283 1791334568148023 22127
1284 1791334568167281 23371
1285 1791334568184644 21224
1286 1791334568210355 25707
1287 1791334568233033 26651
1288 1791334568251551 25007
1289 1791334568268977 22159
1290 1791334568290590 23761
1291 1791334568307081 21213
1292 1791334568328451 24549
1293 1791334568348496 24293
1294 1791334568366590 21932
1295 1791334568388576 21981
1296 1791334568405299 20757
1297 1791334568428100 22797
1298 1791334568447161 21595
1299 1791334568472046 25559
1300 1791334568492562 28377
1301 1791334568510841 24506
1302 1791334568530290 23825
1303 1791334568549844 24349
1304 1791334568566257 22876
1305 1791334568588242 23748
1306 1791334568604989 20862
1307 1791334568630942 25950
1308 1791334568652219 25607
1309 1791334568669084 22815
1310 1791334568689991 23794
1311 1791334568711387 27224
1312 1791334568728153 22041
1313 1791334568756475 29595
1314 1791334568773940 28625
1315 1791334568789905 23847
1316 1791334568808600 22457
1317 1791334568829320 25742
1318 1791334568847907 24075
1319 1791334568876170 28259
1320 1791334568888899 23483
1321 1791334568911194 27097
1322 1791334568948063 42602
1323 1791334568958559 33694
1324 1791334568987017 41815
1325 1791334569018062 50969
1326 1791334569059126 72105
1327 1791334569087127 77274
1328 1791334569109130 80606
1329 1791334569134066 86130
1330 1791334569157255 90958
1331 1791334569166354 80287
1332 1791334569181207 77625
1333 1791334569216032 88873
1334 1791334569229320 82754
1335 1791334569241150 75344
1336 1791334569271600 84006
1337 1791334569292984 87932
1338 1791334569315514 86191
1339 1791334569338024 92421
1340 1791334569354256 89967
1341 1791334569381876 95427
1342 1791334569399060 89975
1343 1791334569412028 86078
1344 1791334569433149 86901
1345 1791334569460080 93651
1346 1791334569483983 100914
1347 1791334569498799 91710
1348 1791334569534370 106577
1349 1791334569538927 92724
1350 1791334569560370 94583
1351 1791334569578418 94429
1352 1791334569592630 87774
1353 1791334569623905 97790
1354 1791334569656614 109810
1355 1791334569668812 105122
1356 1791334569696275 109708
1357 1791334569712330 106193
1358 1791334569724778 100870
1359 1791334569750934 104053
1360 1791334569771323 106433
1361 1791334569793901 108191
1362 1791334569819555 112088
1363 1791334569840024 115244
1364 1791334569869188 122106
1365 1791334569880964 117716
1366 1791334569913013 127540
1367 1791334569924796 118247
1368 1791334569953676 125577
1369 1791334569960309 113217
1370 1791334569983734 117164
1371 1791334570007168 121028
1372 1791334570028066 119953
1373 1791334570038949 115730
1374 1791334570067722 120585
1375 1791334570081181 114720
1376 1791334570108429 124382
1377 1791334570135781 128607
1378 1791334570147193 120943
1379 1791334570177076 129941
1380 1791334570184506 117930
1381 1791334570205001 120682
1382 1791334570228144 119904
1383 1791334570238790 111130
1384 1791334570250457 103426
1385 1791334570265915 100582
1386 1791334570288171 103662
1387 1791334570304339 100533
1388 1791334570320142 93243
1389 1791334570336192 91595
1390 1791334570356585 91250
1391 1791334570369011 81395
1392 1791334570387797 83453
1393 1791334570392058 63718
1394 1791334570401807 55266
1395 1791334570421976 56825
1396 1791334570430427 43716
1397 1791334570451242 43226
1398 1791334570463079 37747
1399 1791334570477911 33256
1400 1791334570494533 31451
1401 1791334570520192 31647
1402 1791334570545399 38531
1403 1791334570555964 29005
1404 1791334570574974 30839
1405 1791334570592520 25922
1406 1791334570617777 29460
1407 1791334570646600 42575
1408 1791334570659016 31726
1409 1791334570677282 30679
1410 1791334570692005 27239
1411 1791334570708807 25261
1412 1791334570738804 33230
1413 1791334570766211 39703
1414 1791334570782637 36142
1415 1791334570802693 37158
1416 1791334570837859 53680
1417 1791334570855938 48391
1418 1791334570867520 43086
1419 1791334570880400 37108
1420 1791334570898183 30659
1421 1791334570922239 35792
1422 1791334570944379 37192
1423 1791334570955150 31477
1424 1791334570970404 26022
1425 1791334571000146 34585
1426 1791334571028340 41039
1427 1791334571052717 44360
1428 1791334571057474 33675
1429 1791334571082253 35318
1430 1791334571096324 32519
1431 1791334571110963 27406
1432 1791334571136344 30754
1433 1791334571166151 37206
1434 1791334571178464 32474
1435 1791334571199346 34392
1436 1791334571222235 36089
1437 1791334571237996 32865
1438 1791334571257769 33802
1439 1791334571277415 31048
1440 1791334571299237 35403
1441 1791334571310860 24021
1442 1791334571339789 34423
1443 1791334571360664 37560
1444 1791334571387377 39671
1445 1791334571410621 44153
1446 1791334571426930 39546
1447 1791334571436085 30378
1448 1791334571460890 34386
1449 1791334571479531 34025
1450 1791334571498060 31746
1451 1791334571511397 27528
1452 1791334571530200 25592
1453 1791334571556131 31123
1454 1791334571588847 42728
1455 1791334571604462 37148
1456 1791334571621754 38078
1457 1791334571638840 34654
1458 1791334571660494 34910
1459 1791334571693496 47147
1460 1791334571701659 32962
1461 1791334571709983 23842
1462 1791334571730110 25256
1463 1791334571756717 32822
1464 1791334571783693 37295
1465 1791334571805791 41215
1466 1791334571816457 32761
1467 1791334571850780 45358
1468 1791334571858108 30948
1469 1791334571884430 40346
1470 1791334571898328 34679
1471 1791334571920473 36041
1472 1791334571936267 30994
1473 1791334571958245 33803
1474 1791334571989396 43910
1475 1791334572006273 39480
1476 1791334572020846 33714
1477 1791334572039332 33852
1478 1791334572055018 28705
1479 1791334572082227 34827
1480 1791334572098959 34956
1481 1791334572123886 36697
1482 1791334572146753 41163
1483 1791334572156615 32727
1484 1791334572181343 34588
1485 1791334572205356 39593
1486 1791334572226059 37513
1487 1791334572247763 43231
1488 1791334572267642 41829
1489 1791334572282465 35909
1490 1791334572317510 49863
1491 1791334572337305 52421
1492 1791334572351678 44628
1493 1791334572364122 39919
1494 1791334572389332 43514
1495 1791334572406330 42203
1496 1791334572433596 46052
1497 1791334572451690 46041
1498 1791334572476100 48070
1499 1791334572479535 34222
1500 1791334572513066 45418
1501 1791334572538225 53020
1502 1791334572550128 42893
1503 1791334572580983 56296
1504 1791334572594852 47886
1505 1791334572610488 45686
1506 1791334572629044 40777
1507 1791334572649777 46281
1508 1791334572677282 51198
1509 1791334572696977 51199
1510 1791334572714715 48624
1511 1791334572730459 41094
1512 1791334572749820 46136
1513 1791334572777662 53564
1514 1791334572795870 50562
1515 1791334572810483 46518
1516 1791334572838364 52105
1517 1791334572865987 59548
1518 1791334572877359 50334
1519 1791334572898868 55034
1520 1791334572918034 53348
1521 1791334572934335 48750
1522 1791334572958858 53517
1523 1791334572978786 51689
1524 1791334572998259 51258
1525 1791334573029815 61756
1526 1791334573039565 53038
1527 1791334573062322 54619
1528 1791334573078376 52079
1529 1791334573106513 58725
1530 1791334573119200 54563
1531 1791334573140424 54206
1532 1791334573163968 57452
1533 1791334573180086 51945
1534 1791334573200858 55435
1535 1791334573216838 52867
1536 1791334573246893 60478
1537 1791334573260542 55198
1538 1791334573278887 52482
1539 1791334573312959 66062
1540 1791334573335003 68022
1541 1791334573354005 65852
1542 1791334573360348 53723
1543 1791334573391435 62970
1544 1791334573402925 53072
1545 1791334573419197 54199
1546 1791334573439563 54098
1547 1791334573460326 57398
1548 1791334573486356 58103
1549 1791334573497640 53499
1550 1791334573527947 62289
1551 1791334573537560 52187
1552 1791334573570217 64764
1553 1791334573580507 53101
1554 1791334573614457 67120
1555 1791334573629729 64984
1556 1791334573658218 71161
1557 1791334573678745 70736
1558 1791334573682142 56450
1559 1791334573706340 59631
1560 1791334573729991 65913
1561 1791334573753136 66460
1562 1791334573774973 68631
1563 1791334573793990 66907
1564 1791334573808004 60755
1565 1791334573822845 57782
1566 1791334573839129 55871
1567 1791334573865124 59143
1568 1791334573888761 65913
1569 1791334573907898 63283
1570 1791334573926599 62474
1571 1791334573946709 59911
1572 1791334573967165 60517
1573 1791334573989092 62489
1574 1791334574002864 56923
1575 1791334574029815 63766
1576 1791334574050936 64323
1577 1791334574073253 70385
1578 1791334574095824 69836
1579 1791334574120905 71326
1580 1791334574149155 81055
1581 1791334574155669 69273
1582 1791334574185469 77174
1583 1791334574198839 72056
1584 1791334574214226 66762
1585 1791334574237547 72348
1586 1791334574248140 62659
1587 1791334574270079 63091
1588 1791334574289122 65084
1589 1791334574312578 68415
1590 1791334574328138 61603
1591 1791334574357120 69687
1592 1791334574378617 70555
1593 1791334574391100 64905
1594 1791334574412123 65415
1595 1791334574429803 61582
1596 1791334574449944 64135
1597 1791334574478642 71643
1598 1791334574491871 65795
1599 1791334574514510 71406
1600 1791334574529596 65577
1601 1791334574556452 70258
1602 1791334574570824 66906
1603 1791334574597557 70689
1604 1791334574627239 79954
1605 1791334574646596 81627
1606 1791334574659406 75028
1607 1791334574680572 73914
1608 1791334574684847 57815
1609 1791334574703195 56562
1610 1791334574721543 53398
1611 1791334574730627 45777
1612 1791334574743783 40586
1613 1791334574767883 40738
1614 1791334574778116 34330
1615 1791334574790577 24415
1616 1791334574814471 28075
1617 1791334574833533 29564
1618 1791334574850936 26219
1619 1791334574877033 31465
1620 1791334574902336 36979
1621 1791334574916244 31256
1622 1791334574941329 35740
1623 1791334574959639 34984
1624 1791334574977979 34336
1625 1791334574997264 28403
1626 1791334575016736 31709
1627 1791334575045460 37961
1628 1791334575055331 28202
1629 1791334575074493 29819
1630 1791334575099228 31295
1631 1791334575112121 25541
1632 1791334575129963 22846
1633 1791334575155846 32516
1634 1791334575168805 24462
1635 1791334575198812 35784
1636 1791334575212175 27049
1637 1791334575241727 35352
1638 1791334575265178 39000
1639 1791334575277087 32751
1640 1791334575297836 32654
1641 1791334575320547 34579
1642 1791334575347170 38825
1643 1791334575359533 31466
1644 1791334575379570 34133
1645 1791334575395699 29248
1646 1791334575409274 23265
1647 1791334575430909 26805
1648 1791334575456723 30597
1649 1791334575478437 32984
1650 1791334575488839 22183
1651 1791334575519065 34104
1652 1791334575530130 27002
1653 1791334575558575 33169
1654 1791334575570686 27139
1655 1791334575598050 33955
1656 1791334575620967 35008
1657 1791334575634798 31195
1658 1791334575663902 39837
1659 1791334575685323 42070
1660 1791334575700707 36802
1661 1791334575708257 24063
1662 1791334575737671 31091
1663 1791334575758148 34049
1664 1791334575778876 32650
1665 1791334575806616 39543
1666 1791334575827902 39348
1667 1791334575846986 40367
1668 1791334575875864 47958
1669 1791334575898971 52419
1670 1791334575900865 34649
1671 1791334575921251 34858
1672 1791334575939446 33548
1673 1791334575966321 39747
1674 1791334575981306 34819
1675 1791334576007630 42536
1676 1791334576032484 45395
1677 1791334576052409 47188
1678 1791334576059159 33337
1679 1791334576086810 42896
1680 1791334576101887 37482
1681 1791334576137290 51989
1682 1791334576158617 50878
1683 1791334576175812 48431
1684 1791334576196354 52928
1685 1791334576219401 53321
1686 1791334576235661 46868
1687 1791334576248859 40432
1688 1791334576275066 47471
1689 1791334576289244 43992
1690 1791334576313893 49409
1691 1791334576330169 43317
1692 1791334576351017 46594
1693 1791334576370202 47204
1694 1791334576399112 51652
1695 1791334576419036 54091
1696 1791334576453331 66775
1697 1791334576480142 72442
1698 1791334576480146 50489
1699 1791334576508092 60942
1700 1791334576520839 53652
1701 1791334576543397 58194
1702 1791334576556072 48754
1703 1791334576576293 50520
1704 1791334576596563 53162
1705 1791334576619323 52092
1706 1791334576638164 54533
1707 1791334576662437 56986
1708 1791334576675756 49389
1709 1791334576703857 59581
1710 1791334576733384 69295
1711 1791334576740151 54797
1712 1791334576758122 54260
1713 1791334576791562 58170
1714 1791334576801086 57280
1715 1791334576820343 55370
1716 1791334576835187 48479
1717 1791334576866544 59527
1718 1791334576889325 61976
1719 1791334576897331 53083
1720 1791334576925732 59183
1721 1791334576938827 53741
1722 1791334576959664 54992
1723 1791334576971071 46266
1724 1791334577002002 56843
1725 1791334577018644 52626
1726 1791334577039270 55200
1727 1791334577064865 61252
1728 1791334577078150 52120
1729 1791334577097077 51152
1730 1791334577116253 52965
1731 1791334577139146 51935
1732 1791334577158060 52346
1733 1791334577177173 51298
1734 1791334577202359 58573
1735 1791334577229238 64406
1736 1791334577245565 61354
1737 1791334577269753 61140
1738 1791334577289704 61744
1739 1791334577313376 68853
1740 1791334577318734 52343
1741 1791334577348378 61013
1742 1791334577370882 64408
1743 1791334577391316 65132
1744 1791334577399037 52106
1745 1791334577420700 55259
1746 1791334577437666 51904
1747 1791334577466328 62954
1748 1791334577485906 58874
1749 1791334577508130 64410
1750 1791334577519113 55594
1751 1791334577547366 63206
1752 1791334577567119 60327
1753 1791334577589697 64294
1754 1791334577625971 78601
1755 1791334577642289 75161
1756 1791334577652010 68737
1757 1791334577662350 56730
1758 1791334577680904 54931
1759 1791334577701381 57343
1760 1791334577725792 60690
1761 1791334577752227 66134
1762 1791334577770538 65237
1763 1791334577799029 73231
1764 1791334577824496 77207
1765 1791334577834616 68399
1766 1791334577852476 65389
1767 1791334577872043 65532
1768 1791334577893103 68604
1769 1791334577917873 72033
1770 1791334577931992 66163
1771 1791334577945958 58325
1772 1791334577978455 72141
1773 1791334577993410 70273
1774 1791334578013790 69747
1775 1791334578029653 66322
1776 1791334578057917 74296
1777 1791334578090666 82145
1778 1791334578099134 72170
1779 1791334578124235 77951
1780 1791334578139221 71732
1781 1791334578156392 71697
1782 1791334578172558 66560
1783 1791334578196154 71916
1784 1791334578209262 64976
1785 1791334578227245 61943
1786 1791334578255504 69628
1787 1791334578267156 63274
1788 1791334578288778 61529
1789 1791334578303663 60101
1790 1791334578327033 61067
1791 1791334578342528 55542
1792 1791334578364377 60709
1793 1791334578385727 58692
1794 1791334578397415 49614
1795 1791334578415761 51619
1796 1791334578421708 36836
1797 1791334578449715 43550
1798 1791334578464644 39271
1799 1791334578478083 31865
1800 1791334578506608 41962
1801 1791334578519929 36021
1802 1791334578536440 29825
1803 1791334578553542 27359
1804 1791334578581887 35807
1805 1791334578589692 24647
1806 1791334578624641 38633
1807 1791334578637356 32263
1808 1791334578650019 25375
1809 1791334578676379 32768
1810 1791334578702858 35539
1811 1791334578712304 27196
1812 1791334578733620 30760
1813 1791334578757936 31168
1814 1791334578779582 34064
1815 1791334578801173 35398
1816 1791334578823043 38798
1817 1791334578838222 30522
1818 1791334578856832 33786
1819 1791334578869517 24408
1820 1791334578914090 50613
1821 1791334578918826 34965
1822 1791334578937959 30262
1823 1791334578957873 33619
1824 1791334578977424 33692
1825 1791334578996675 29772
1826 1791334579019258 34729
1827 1791334579039683 35027
1828 1791334579058310 33800
1829 1791334579072763 28717
1830 1791334579097447 33425
1831 1791334579118442 33226
1832 1791334579128021 23650
1833 1791334579151604 25101
1834 1791334579177048 33099
1835 1791334579207386 41113
1836 1791334579212735 25154
1837 1791334579234630 28458
1838 1791334579259875 35553
1839 1791334579275513 29732
1840 1791334579310323 42985
1841 1791334579314781 27851
1842 1791334579338528 31861
1843 1791334579363921 39260
1844 1791334579375891 32184
1845 1791334579396667 32743
1846 1791334579407878 24161
1847 1791334579437497 29939
1848 1791334579462889 37126
1849 1791334579475192 29680
1850 1791334579498142 35249
1851 1791334579518730 34485
1852 1791334579541092 35673
1853 1791334579557957 27233
1854 1791334579573998 29541
1855 1791334579599601 32804
1856 1791334579611832 24238
1857 1791334579632179 25979
1858 1791334579656754 33751
1859 1791334579687958 39719
1860 1791334579701501 34432
1861 1791334579725022 41794
1862 1791334579742180 38267
1863 1791334579757920 34673
1864 1791334579773995 28407
1865 1791334579809457 43671
1866 1791334579814585 27500
1867 1791334579845897 41656
1868 1791334579867109 39694
1869 1791334579887181 41281
1870 1791334579899514 32402
1871 1791334579918650 33678
1872 1791334579945562 38454
1873 1791334579962392 37426
1874 1791334579985934 40368
1875 1791334580001035 36848
1876 1791334580026712 41036
1877 1791334580068835 64646
1878 1791334580068868 42151
1879 1791334580085236 38975
1880 1791334580112394 43553
1881 1791334580117887 32647
1882 1791334580138540 33246
1883 1791334580158172 31935
1884 1791334580177313 27955
1885 1791334580205040 38766
1886 1791334580223135 37349
1887 1791334580236400 31353
1888 1791334580264939 41800
1889 1791334580288909 44467
1890 1791334580309769 44824
1891 1791334580320082 35408
1892 1791334580336010 32220
1893 1791334580367318 40177
1894 1791334580375550 28640
1895 1791334580396450 29127
1896 1791334580419226 32359
1897 1791334580449280 42475
1898 1791334580477023 48032
1899 1791334580477029 31939
1900 1791334580498445 33472
1901 1791334580509199 25425
1902 1791334580540942 36033
1903 1791334580559184 35752
1904 1791334580578191 34907
1905 1791334580588531 22792
1906 1791334580618250 34153
1907 1791334580638558 34432
1908 1791334580662868 38936
1909 1791334580686722 42571
1910 1791334580699390 36519
1911 1791334580719947 34813
1912 1791334580731934 28359
1913 1791334580758162 31303
1914 1791334580774546 28984
1915 1791334580798264 30050
1916 1791334580818342 31047
1917 1791334580836404 29375
1918 1791334580856432 32208
1919 1791334580876155 29058
1920 1791334580908116 40268
1921 1791334580915831 28779
1922 1791334580931435 27323
1923 1791334580971104 44823
1924 1791334580973353 26345
1925 1791334580999924 36120
1926 1791334581026485 40878
1927 1791334581038850 34056
1928 1791334581056980 31411
1929 1791334581094163 46730
1930 1791334581100967 33826
1931 1791334581118066 32288
1932 1791334581139784 33772
1933 1791334581164886 39241
1934 1791334581185962 39787
1935 1791334581214372 49483
1936 1791334581227121 41155
1937 1791334581239144 34514
1938 1791334581262391 35267
1939 1791334581279315 33907
1940 1791334581306153 39734
1941 1791334581320267 36019
1942 1791334581347612 42792
1943 1791334581369609 41661
1944 1791334581387668 44107
1945 1791334581409887 43134
1946 1791334581440101 52431
1947 1791334581452720 48832
1948 1791334581465557 40393
1949 1791334581492346 48327
1950 1791334581513587 48936
1951 1791334581533044 46808
1952 1791334581556280 49827
1953 1791334581578013 52080
1954 1791334581596716 51816
1955 1791334581617479 51786
1956 1791334581628534 43806
1957 1791334581651843 44269
1958 1791334581678456 51309
1959 1791334581689242 42894
1960 1791334581718030 49532
1961 1791334581738005 54346
1962 1791334581766785 62074
1963 1791334581778664 50923
1964 1791334581796205 51781
1965 1791334581817916 51128
1966 1791334581846790 61093
1967 1791334581870113 64156
1968 1791334581880397 53441
1969 1791334581889452 42658
1970 1791334581922507 59039
1971 1791334581936197 51442
1972 1791334581963119 57443
1973 1791334581978051 54367
1974 1791334582004153 58801
1975 1791334582022969 59845
1976 1791334582039691 53335
1977 1791334582070389 66381
1978 1791334582080948 57976
1979 1791334582099919 53042
1980 1791334582116786 47156
1981 1791334582129302 44187
1982 1791334582155854 49258
1983 1791334582187354 62284
1984 1791334582195402 46147
1985 1791334582226994 62124
1986 1791334582245217 58785
1987 1791334582262962 54551
1988 1791334582278228 51960
1989 1791334582306023 60801
1990 1791334582320764 57793
1991 1791334582347882 61902
1992 1791334582368381 62337
1993 1791334582380084 55954
1994 1791334582409750 61863
1995 1791334582419986 52933
1996 1791334582443596 57469
1997 1791334582462534 58410
1998 1791334582480023 54132
1999 1791334582496171 52569
2000 1791334582523007 57386
2001 1791334582538620 51790
2002 1791334582560436 54616
2003 1791334582583260 60247
2004 1791334582612385 57778
2005 1791334582620469 53048
2006 1791334582652696 69433
2007 1791334582661778 50054
2008 1791334582680552 55933
2009 1791334582708203 55500
2010 1791334582733430 66362
2011 1791334582749838 62950
2012 1791334582767050 60272
2013 1791334582788514 60347
2014 1791334582807313 61308
2015 1791334582828209 61155
2016 1791334582840394 56554
2017 1791334582863760 56443
2018 1791334582884146 57031
2019 1791334582908150 61757
2020 1791334582929670 65909
2021 1791334582958238 73850
2022 1791334582979813 72831
2023 1791334582987974 58751
2024 1791334583003145 56589
2025 1791334583027107 63028
2026 1791334583041896 56731
2027 1791334583061581 58434
2028 1791334583087729 60620
2029 1791334583105684 58574
2030 1791334583134279 70328
2031 1791334583161363 75376
2032 1791334583170403 65992
2033 1791334583198243 71676
2034 1791334583209110 62609
2035 1791334583233398 68706
2036 1791334583249436 64063
2037 1791334583269368 65339
2038 1791334583287095 58810
2039 1791334583315420 70672
2040 1791334583330551 66468
2041 1791334583346653 62818
2042 1791334583373195 66135
2043 1791334583395173 69017
2044 1791334583432226 86333
2045 1791334583450677 77477
2046 1791334583465641 75248
2047 1791334583477217 66854
2048 1791334583490073 66012
2049 1791334583519932 75174
2050 1791334583533449 67800
2051 1791334583557670 69873
2052 1791334583569106 61549
2053 1791334583589638 65637
2054 1791334583607977 61285
2055 1791334583639846 70733
2056 1791334583650433 65012
2057 1791334583678168 70185
2058 1791334583688048 59622
2059 1791334583706779 63503
2060 1791334583744708 77514
2061 1791334583756148 71319
2062 1791334583776210 71433
2063 1791334583792617 65667
2064 1791334583809360 64647
2065 1791334583825661 58943
2066 1791334583858428 71310
2067 1791334583882449 75465
2068 1791334583900117 74447
2069 1791334583917333 63417
2070 1791334583935707 70931
2071 1791334583955705 70196
2072 1791334583973225 69466
2073 1791334584003828 73305
2074 1791334584019595 70002
2075 1791334584025034 57855
2076 1791334584057239 69942
2077 1791334584076978 73145
2078 1791334584093424 68387
2079 1791334584105329 60896
2080 1791334584121715 57070
2081 1791334584136073 51776
2082 1791334584147621 42455
2083 1791334584167233 41924
2084 1791334584179860 36618
2085 1791334584196516 30552
2086 1791334584211354 27223
2087 1791334584233609 26576
2088 1791334584261826 36522
2089 1791334584268439 24086
2090 1791334584291456 27879
2091 1791334584311606 27143
2092 1791334584348826 40242
2093 1791334584349745 22312
2094 1791334584379116 30283
2095 1791334584407768 41484
2096 1791334584411123 23121
2097 1791334584439506 31731
2098 1791334584458005 31448
2099 1791334584473229 25731
2100 1791334584498081 31616
2101 1791334584517979 30634
2102 1791334584530652 25412
2103 1791334584551807 26243
2104 1791334584584296 37688
2105 1791334584597828 32937
2106 1791334584615992 32545
2107 1791334584647014 39692
2108 1791334584649508 26032
2109 1791334584676343 29324
2110 1791334584695776 29278
2111 1791334584713440 27993
2112 1791334584736970 28862
2113 1791334584770929 45922
2114 1791334584789125 40842
2115 1791334584798981 30741
2116 1791334584812371 27140
2117 1791334584827719 24381
2118 1791334584850658 25584
2119 1791334584880035 33709
2120 1791334584895695 27870
2121 1791334584911363 26232
2122 1791334584938052 27595
2123 1791334584952267 28591
2124 1791334584969432 25177
2125 1791334584991300 27605
2126 1791334585011364 27189
2127 1791334585035438 31774
2128 1791334585057445 30361
2129 1791334585077973 31163
2130 1791334585098722 33949
2131 1791334585111518 25078
2132 1791334585141075 32213
2133 1791334585153552 28031
2134 1791334585189554 41357
2135 1791334585194749 28442
2136 1791334585208940 25075
2137 1791334585248041 41008
2138 1791334585265918 38352
2139 1791334585273014 24957
2140 1791334585293682 28422
2141 1791334585315554 28718
2142 1791334585339261 32117
2143 1791334585361308 34065
2144 1791334585410033 58296
2145 1791334585410049 42122
2146 1791334585424524 39842
2147 1791334585438258 34629
2148 1791334585453919 29388
2149 1791334585506933 58920
2150 1791334585517291 46683
2151 1791334585524008 34469
2152 1791334585538434 31493
2153 1791334585560647 36637
2154 1791334585591288 41879
2155 1791334585606634 36594
2156 1791334585620482 36059
2157 1791334585639589 32950
2158 1791334585651754 24441
2159 1791334585677975 32849
2160 1791334585702735 36459
2161 1791334585717743 34371
2162 1791334585737882 31169
2163 1791334585758817 32296
2164 1791334585788239 41481
2165 1791334585809486 42889
2166 1791334585823518 38084
2167 1791334585837611 30659
2168 1791334585856026 32503
2169 1791334585896941 52552
2170 1791334585900165 32750
2171 1791334585919393 30728
2172 1791334585935766 28401
2173 1791334585955345 28121
2174 1791334585977916 34902
2175 1791334585999381 31847
2176 1791334586022485 35010
2177 1791334586032172 25391
2178 1791334586058909 32201
2179 1791334586075356 29264
2180 1791334586113207 46591
2181 1791334586116404 29807
2182 1791334586156733 48507
2183 1791334586171526 41812
2184 1791334586182382 37825
2185 1791334586200314 33300
2186 1791334586219833 32348
2187 1791334586248212 39650
2188 1791334586258468 31954
2189 1791334586289885 42578
2190 1791334586309303 42375
2191 1791334586327100 41141
2192 1791334586347650 41697
2193 1791334586361551 35835
2194 1791334586391571 43915
2195 1791334586432271 64618
2196 1791334586442154 50578
2197 1791334586470727 66324
2198 1791334586486043 53834
2199 1791334586509245 64283
2200 1791334586531681 66411
2201 1791334586543348 58496
2202 1791334586553864 44612
2203 1791334586562821 33330
2204 1791334586589767 46413
2205 1791334586612058 49231
2206 1791334586626308 41523
2207 1791334586655243 47966
2208 1791334586673906 47591
2209 1791334586693604 39091
2210 1791334586710875 39615
2211 1791334586726755 43082
2212 1791334586756377 45496
2213 1791334586769403 44984
2214 1791334586801356 55170
2215 1791334586839240 72655
2216 1791334586839250 50662
2217 1791334586858999 51421
2218 1791334586874253 47066
2219 1791334586901390 57309
2220 1791334586912650 45692
2221 1791334586937955 53231
2222 1791334586962288 56409
2223 1791334586968442 42813
2224 1791334586988171 42004
2225 1791334587011213 47184
2226 1791334587033447 45864
2227 1791334587058149 51228
2228 1791334587077659 49374
2229 1791334587088679 41772
2230 1791334587109658 43945
2231 1791334587127697 43072
2232 1791334587151768 46835
2233 1791334587170022 43141
2234 1791334587189355 44189
2235 1791334587221381 54757
2236 1791334587229093 43870
2237 1791334587266256 60142
2238 1791334587280831 54077
2239 1791334587299121 51195
2240 1791334587318051 53969
2241 1791334587331309 44497
2242 1791334587358440 50186
2243 1791334587388674 59872
2244 1791334587394022 46316
2245 1791334587415793 50425
2246 1791334587439775 51095
2247 1791334587456540 52621
2248 1791334587480488 56298
2249 1791334587501786 55033
2250 1791334587509811 38833
2251 1791334587533074 48098
2252 1791334587563369 57369
2253 1791334587587023 58309
2254 1791334587610252 66694
2255 1791334587632031 68658
2256 1791334587646799 62818
2257 1791334587656002 48430
2258 1791334587690223 62928
2259 1791334587701271 55299
2260 1791334587718571 52863
2261 1791334587747093 60319
2262 1791334587766355 60493
2263 1791334587788532 60326
2264 1791334587811616 67537
2265 1791334587828646 65010
2266 1791334587848697 65022
2267 1791334587867088 61653
2268 1791334587892484 64324
2269 1791334587910176 61476
2270 1791334587927587 60494
2271 1791334587948635 64832
2272 1791334587968681 63839
2273 1791334587988142 63193
2274 1791334588011143 66347
2275 1791334588028120 62090
2276 1791334588043671 56680
2277 1791334588074159 67069
2278 1791334588083991 59580
2279 1791334588107757 64080
2280 1791334588120867 53862
2281 1791334588152963 68967
2282 1791334588175372 69045
2283 1791334588195222 70692
2284 1791334588220426 73449
2285 1791334588239159 72941
2286 1791334588251062 65028
2287 1791334588269839 64938
2288 1791334588288089 59792
2289 1791334588308896 64439
2290 1791334588329228 63084
2291 1791334588357111 73298
2292 1791334588365974 62052
2293 1791334588393449 69720
2294 1791334588415448 69531
2295 1791334588431545 66289
2296 1791334588456996 72209
2297 1791334588479852 70952
2298 1791334588496473 67878
2299 1791334588503668 58042
2300 1791334588529518 64013
2301 1791334588565277 80993
2302 1791334588577357 73686
2303 1791334588600438 73035
2304 1791334588617956 70010
2305 1791334588644129 78849
2306 1791334588659403 73053
2307 1791334588680841 73623
2308 1791334588699292 75156
2309 1791334588719227 75094
2310 1791334588738256 71922
2311 1791334588760302 74486
2312 1791334588776949 73453
2313 1791334588802031 78317
2314 1791334588811462 65118
2315 1791334588828906 64660
2316 1791334588854359 66755
2317 1791334588880786 74639
2318 1791334588899396 70487
2319 1791334588915813 68647
2320 1791334588919859 52810
2321 1791334588939866 56189
2322 1791334588966411 58637
2323 1791334588981723 55149
2324 1791334589000843 55409
2325 1791334589009250 43415
2326 1791334589039064 50817
2327 1791334589039507 35269
2328 1791334589049201 25790
2329 1791334589069235 24225
2330 1791334589087266 21098
2331 1791334589109921 24492
2332 1791334589127550 21820
2333 1791334589155526 27972
2334 1791334589169737 25581
2335 1791334589194441 24759
2336 1791334589206657 21019
2337 1791334589232137 27414
2338 1791334589250202 25431
2339 1791334589268498 24279
2340 1791334589285202 21319
2341 1791334589308099 22894
2342 1791334589327340 23634
2343 1791334589347099 23715
2344 1791334589367963 23845
2345 1791334589388433 23596
2346 1791334589407355 22416
2347 1791334589430589 23232
2348 1791334589451270 24952
2349 1791334589468389 23097
2350 1791334589486138 22639
2351 1791334589508879 22735
2352 1791334589526599 20811
2353 1791334589557507 30954
2354 1791334589568464 24126
2355 1791334589588782 25154
2356 1791334589608569 22471
2357 1791334589626755 22655
2358 1791334589651737 27759
2359 1791334589670322 22333
2360 1791334589686857 21121
2361 1791334589712590 25730
2362 1791334589728580 22222
2363 1791334589744989 20787
2364 1791334589776938 31992
2365 1791334589787707 21720
2366 1791334589808144 24336
2367 1791334589827388 21918
2368 1791334589853819 26489
2369 1791334589867396 21095
2370 1791334589886299 21019
2371 1791334589906655 22381
2372 1791334589930907 24302
2373 1791334589951334 24382
2374 1791334589968385 22830
2375 1791334589990243 24614
2376 1791334590006864 21978
2377 1791334590026331 22522
2378 1791334590048638 24447
2379 1791334590069137 24087
2380 1791334590090027 24974
2381 1791334590108272 22839
2382 1791334590130798 22523
2383 1791334590147947 22451
2384 1791334590169092 25847
2385 1791334590189550 23706
2386 1791334590208786 22944
2387 1791334590225903 22088
2388 1791334590251903 25996
2389 1791334590273147 26454
2390 1791334590289334 22497
2391 1791334590308105 22085
2392 1791334590328134 23588
2393 1791334590352936 24800
2394 1791334590371767 25538
2395 1791334590388002 21767
2396 1791334590409923 25655
2397 1791334590426604 20558
2398 1791334590451062 26427
2399 1791334590471046 24625
2400 1791334590485444 20758
2401 1791334590508931 23484
2402 1791334590533080 25813
2403 1791334590549374 24336
2404 1791334590572756 26952
2405 1791334590590728 25540
2406 1791334590613957 27812
2407 1791334590628758 22965
2408 1791334590645837 21768
2409 1791334590668297 22455
2410 1791334590696797 31280
2411 1791334590707167 23793
2412 1791334590727218 22585
2413 1791334590747257 22719
2414 1791334590766705 22561
2415 1791334590787513 20805
2416 1791334590808292 24484
2417 1791334590829561 25981
2418 1791334590854388 27923
2419 1791334590876654 30882
2420 1791334590888404 22853
2421 1791334590915449 29140
2422 1791334590926114 21007
2423 1791334590949700 23584
2424 1791334590968441 23679
2425 1791334590985035 20999
2426 1791334591006144 21106
2427 1791334591028440 22293
2428 1791334591046935 21977
2429 1791334591068926 21988
2430 1791334591087136 23450
2431 1791334591108459 24933
2432 1791334591129348 23931
2433 1791334591150346 23943
2434 1791334591171978 24779
2435 1791334591190604 24482
2436 1791334591209651 22835
2437 1791334591229194 22675
2438 1791334591247202 23293
2439 1791334591266023 21799
2440 1791334591289138 23112
2441 1791334591307282 20769
2442 1791334591328362 21075
2443 1791334591346066 20451
2444 1791334591371459 25390
2445 1791334591388512 22578
2446 1791334591407281 22683
2447 1791334591435447 30141
2448 1791334591447024 21966
2449 1791334591467801 20773
2450 1791334591488340 23747
2451 1791334591507226 21777
2452 1791334591530572 27098
2453 1791334591548466 22308
2454 1791334591564597 20764
2455 1791334591590984 26384
2456 1791334591608964 21711
2457 1791334591628267 22851
2458 1791334591647523 23260
2459 1791334591667110 21925
2460 1791334591689677 22565
2461 1791334591708632 24197
2462 1791334591728704 23600
2463 1791334591746351 20928
2464 1791334591767146 20842
2465 1791334591787929 20826
2466 1791334591806892 22110
2467 1791334591835781 28886
2468 1791334591846870 22740
2469 1791334591869343 22531
2470 1791334591890481 24015
2471 1791334591910769 23339
2472 1791334591928806 21952
2473 1791334591945797 21879
2474 1791334591970316 24516
2475 1791334591995321 29660
2476 1791334592008707 24371
2477 1791334592031588 26681
2478 1791334592049652 24274
2479 1791334592076575 29290
2480 1791334592089266 25441
2481 1791334592109969 22627
2482 1791334592129225 21816
2483 1791334592148539 22671
2484 1791334592181144 34000
2485 1791334592195522 30834
2486 1791334592207012 22353
2487 1791334592240965 36783
2488 1791334592258437 33192
2489 1791334592275509 27842
2490 1791334592298751 30988
2491 1791334592319767 33912
2492 1791334592345472 39589
2493 1791334592361383 34177
2494 1791334592377408 33698
2495 1791334592399436 32497
2496 1791334592420343 35492
2497 1791334592436998 32596
2498 1791334592466084 40825
2499 1791334592477867 30710
2500 1791334592507111 41778
2501 1791334592518577 33503
2502 1791334592542377 35261
2503 1791334592556572 28623
2504 1791334592580558 32414
2505 1791334592599557 35468
2506 1791334592616693 31103
2507 1791334592649047 41470
2508 1791334592662230 37150
2509 1791334592677181 32640
2510 1791334592692766 29350
2511 1791334592727296 40360
2512 1791334592736359 29694
2513 1791334592773477 46929
2514 1791334592785663 38589
2515 1791334592800055 32911
2516 1791334592823334 37668
2517 1791334592841241 32445
2518 1791334592859381 36044
2519 1791334592872597 25195
2520 1791334592892267 28385
2521 1791334592927568 42581
2522 1791334592945900 42181
2523 1791334592955957 31099
2524 1791334592976832 31469
2525 1791334593009003 43608
2526 1791334593029577 44618
2527 1791334593041037 37155
2528 1791334593070388 41585
2529 1791334593076031 31901
2530 1791334593109476 44852
2531 1791334593128459 41983
2532 1791334593151686 47661
2533 1791334593158846 31849
2534 1791334593182072 36880
2535 1791334593205031 38963
2536 1791334593222386 37313
2537 1791334593248683 45152
2538 1791334593265906 42023
2539 1791334593289513 42692
2540 1791334593310993 46262
2541 1791334593321757 37477
2542 1791334593343057 38969
2543 1791334593369542 42293
2544 1791334593397237 54177
2545 1791334593408794 43051
2546 1791334593428194 42499
2547 1791334593451302 43513
2548 1791334593474045 47658
2549 1791334593487330 40717
2550 1791334593511374 47779
2551 1791334593529355 43959
2552 1791334593551839 47698
2553 1791334593581388 57640
2554 1791334593603818 58196
2555 1791334593610360 46992
2556 1791334593634314 48965
2557 1791334593653261 49441
2558 1791334593672656 39297
2559 1791334593697732 50608
2560 1791334593717097 50478
2561 1791334593737928 51337
2562 1791334593763192 58621
2563 1791334593791713 68402
2564 1791334593806714 62189
2565 1791334593833433 70238
2566 1791334593854411 67386
2567 1791334593867773 61055
2568 1791334593885520 60666
2569 1791334593915818 69028
2570 1791334593937242 71633
2571 1791334593950268 64744
2572 1791334593975576 69597
2573 1791334593997518 70644
2574 1791334594016583 71595
2575 1791334594034646 70864
2576 1791334594059585 72908
2577 1791334594081452 74464
2578 1791334594095600 67358
2579 1791334594115728 71989
2580 1791334594139944 75023
2581 1791334594164815 77659
2582 1791334594183265 77116
2583 1791334594196019 68416
2584 1791334594224652 80842
2585 1791334594255964 91135
2586 1791334594269190 85922
2587 1791334594289412 82511
2588 1791334594314104 90723
2589 1791334594320568 74883
2590 1791334594347667 80139
2591 1791334594366125 76710
2592 1791334594397412 90831
2593 1791334594414499 86609
2594 1791334594438441 90771
2595 1791334594445777 79764
2596 1791334594461271 74194
2597 1791334594489091 80793
2598 1791334594508317 84083
2599 1791334594516176 70839
2600 1791334594528809 63719
2601 1791334594549137 61927
2602 1791334594567433 60605
2603 1791334594588075 64531
2604 1791334594608960 61322
2605 1791334594627232 59790
2606 1791334594653072 67272
2607 1791334594679343 72927
2608 1791334594706998 81607
2609 1791334594725900 72824
2610 1791334594737669 68955
2611 1791334594756835 70302
2612 1791334594767424 60421
2613 1791334594793608 67704
2614 1791334594809335 65295
2615 1791334594835252 69856
2616 1791334594848263 63098
2617 1791334594876548 71277
2618 1791334594895950 71163
2619 1791334594920109 73607
2620 1791334594942154 77438
2621 1791334594955303 69133
2622 1791334594976363 67529
2623 1791334594998173 74734
2624 1791334595016455 70742
2625 1791334595028621 64889
2626 1791334595046281 59847
2627 1791334595070420 63423
2628 1791334595096129 71166
2629 1791334595123039 76755
2630 1791334595130656 63157
2631 1791334595148170 62292
2632 1791334595172145 68393
2633 1791334595181060 58019
2634 1791334595206504 60493
2635 1791334595229873 61699
2636 1791334595247717 62318
2637 1791334595281200 74692
2638 1791334595291209 62379
2639 1791334595306231 60393
2640 1791334595328930 61974
2641 1791334595350040 65853
2642 1791334595366154 61668
2643 1791334595397090 69357
2644 1791334595413108 65858
2645 1791334595436706 72289
2646 1791334595456212 69436
2647 1791334595469999 64434
2648 1791334595490765 63488
2649 1791334595521087 73409
2650 1791334595533167 64299
2651 1791334595557121 70427
2652 1791334595568396 62302
2653 1791334595592485 64945
2654 1791334595614852 67924
2655 1791334595649255 85382
2656 1791334595668433 83053
2657 1791334595675940 68718
2658 1791334595710022 82753
2659 1791334595719262 70580
2660 1791334595736229 67793
2661 1791334595769744 84448
2662 1791334595787953 81220
2663 1791334595808366 81192
2664 1791334595828047 80867
2665 1791334595844099 80298
2666 1791334595857171 69214
2667 1791334595879280 72585
2668 1791334595902387 75931
2669 1791334595915071 71615
2670 1791334595946734 80171
2671 1791334595968621 79481
2672 1791334595987582 79446
2673 1791334596007651 82336
2674 1791334596018978 73633
2675 1791334596035074 66450
2676 1791334596053177 65592
2677 1791334596067974 64088
2678 1791334596078540 54518
2679 1791334596111174 65060
2680 1791334596123721 59752
2681 1791334596147570 60442
2682 1791334596168230 62856
2683 1791334596178822 55099
2684 1791334596204705 58001
2685 1791334596220268 55350
2686 1791334596247161 61296
2687 1791334596262338 58589
2688 1791334596284253 59475
2689 1791334596299642 53290
2690 1791334596320597 56827
2691 1791334596339972 55817
2692 1791334596368816 63290
2693 1791334596390686 64923
2694 1791334596414439 67241
2695 1791334596424229 58844
2696 1791334596456650 71201
2697 1791334596465218 58509
2698 1791334596485524 61290
2699 1791334596509519 61500
2700 1791334596522955 58342
2701 1791334596539138 55464
2702 1791334596564797 57799
2703 1791334596580900 57941
2704 1791334596607799 61730
2705 1791334596629264 64463
2706 1791334596653179 68638
2707 1791334596668085 61745
2708 1791334596693641 69706
2709 1791334596718975 71668
2710 1791334596734577 68167
2711 1791334596755722 67139
2712 1791334596769080 63532
2713 1791334596788776 63901
2714 1791334596805873 59120
2715 1791334596833869 68613
2716 1791334596855269 69271
2717 1791334596870132 65119
2718 1791334596888676 60500
2719 1791334596907734 61804
2720 1791334596919627 55567
2721 1791334596946680 61497
2722 1791334596967189 62640
2723 1791334596996038 69756
2724 1791334597016497 69813
2725 1791334597032720 65528
2726 1791334597048019 62571
2727 1791334597072487 65293
2728 1791334597090785 64560
2729 1791334597115759 68501
2730 1791334597140520 74197
2731 1791334597158409 72714
2732 1791334597183671 79826
2733 1791334597213587 84375
2734 1791334597225975 80515
2735 1791334597248033 81776
2736 1791334597276287 92613
2737 1791334597309144 103123
2738 1791334597320778 95857
2739 1791334597338463 91091
2740 1791334597358705 93440
2741 1791334597399369 113627
2742 1791334597405922 98881
2743 1791334597421942 95312
2744 1791334597435566 91513
2745 1791334597459215 94916
2746 1791334597487485 103998
2747 1791334597507092 101168
2748 1791334597523283 99705
2749 1791334597545723 101417
2750 1791334597562567 93620
2751 1791334597581205 94103
2752 1791334597596127 92314
2753 1791334597623930 100641
2754 1791334597649043 103319
2755 1791334597668176 100443
2756 1791334597689031 102701
2757 1791334597702601 99289
2758 1791334597723016 99083
2759 1791334597738348 91453
2760 1791334597753386 85207
2761 1791334597770775 83869
2762 1791334597797470 91280
2763 1791334597799959 76939
2764 1791334597826456 79530
2765 1791334597840624 72030
2766 1791334597860438 75925
2767 1791334597885091 80549
2768 1791334597904634 78175
2769 1791334597908595 62851
2770 1791334597931317 64107
2771 1791334597953270 69611
2772 1791334597969684 66320
2773 1791334598000335 75964
2774 1791334598014775 67238
2775 1791334598026803 59650
2776 1791334598054925 67804
2777 1791334598066908 59734
2778 1791334598089458 64099
2779 1791334598108994 65925
2780 1791334598126144 60954
2781 1791334598149205 61711
2782 1791334598175870 70224
2783 1791334598192429 66951
2784 1791334598208389 64876
2785 1791334598229709 63149
2786 1791334598256332 69783
2787 1791334598269170 61853
2788 1791334598287500 62124
2789 1791334598299317 54794
2790 1791334598330111 64670
2791 1791334598349584 65585
2792 1791334598375914 68447
2793 1791334598386307 59671
2794 1791334598408613 64582
2795 1791334598433385 67897
2796 1791334598458206 72853
2797 1791334598466576 62342
2798 1791334598488281 61855
2799 1791334598512807 67750
2800 1791334598531861 66315
2801 1791334598551500 64882
2802 1791334598581179 74886
2803 1791334598588977 62280
2804 1791334598618709 71154
2805 1791334598639047 70541
2806 1791334598650256 61276
2807 1791334598671447 65217
2808 1791334598690174 65988
2809 1791334598709606 64152
2810 1791334598727998 64254
2811 1791334598754158 68624
2812 1791334598774230 70349
2813 1791334598791753 64328
2814 1791334598818567 71696
2815 1791334598845209 76664
2816 1791334598848781 62030
2817 1791334598865865 59656
2818 1791334598887298 63134
2819 1791334598909630 65702
2820 1791334598929254 63386
2821 1791334598948786 61566
2822 1791334598971800 66278
2823 1791334598992279 65217
2824 1791334599002533 53744
2825 1791334599018115 52609
2826 1791334599044561 57943
2827 1791334599057191 50771
2828 1791334599078552 54982
2829 1791334599099186 54622
2830 1791334599110117 46504
2831 1791334599120535 35064
2832 1791334599135974 32447
2833 1791334599161625 35301
2834 1791334599185223 40396
2835 1791334599198017 33954
2836 1791334599232463 47968
2837 1791334599240847 32753
2838 1791334599260779 33574
2839 1791334599285018 38018
2840 1791334599299317 33305
2841 1791334599316606 31576
2842 1791334599347391 38159
2843 1791334599360917 36879
2844 1791334599379130 31736
2845 1791334599404836 37770
2846 1791334599423073 37931
2847 1791334599443091 38253
2848 1791334599455839 32798
2849 1791334599485029 41933
2850 1791334599497931 31664
2851 1791334599525344 40313
2852 1791334599542501 36218
2853 1791334599557230 31883
2854 1791334599580984 37155
2855 1791334599598317 33637
2856 1791334599620474 37064
2857 1791334599640888 34552
2858 1791334599669185 42685
2859 1791334599680791 34610
2860 1791334599699403 35681
2861 1791334599718705 32401
2862 1791334599738505 30836
2863 1791334599768573 43332
2864 1791334599790037 40995
2865 1791334599798331 31545
2866 1791334599827029 42466
2867 1791334599849306 42982
2868 1791334599868327 42091
2869 1791334599897412 50551
2870 1791334599906841 39928
2871 1791334599918221 32550
2872 1791334599946148 40405
2873 1791334599968158 44757
2874 1791334599987302 41607
2875 1791334600008929 42330
2876 1791334600025402 39107
2877 1791334600044916 37821
2878 1791334600066994 41870
2879 1791334600085558 41684
2880 1791334600106706 39795
2881 1791334600121784 37084
2882 1791334600147437 41729
2883 1791334600164997 37117
2884 1791334600195875 49422
2885 1791334600207503 43227
2886 1791334600227057 41513
2887 1791334600252872 48861
2888 1791334600275344 48284
2889 1791334600289641 42833
2890 1791334600308392 45173
2891 1791334600341385 54101
2892 1791334600342858 36054
2893 1791334600371127 46430
2894 1791334600389352 46490
2895 1791334600408945 43047
2896 1791334600430733 44698
2897 1791334600461099 56324
2898 1791334600472391 49049
2899 1791334600494180 47282
2900 1791334600518783 51988
2901 1791334600536566 49871
2902 1791334600557799 52228
2903 1791334600574342 50637
2904 1791334600592817 48494
2905 1791334600625351 60112
2906 1791334600645756 58801
2907 1791334600658026 51385
2908 1791334600678921 53661
2909 1791334600697382 51622
2910 1791334600710167 42355
2911 1791334600736633 49798
2912 1791334600755574 51638
2913 1791334600776007 50011
2914 1791334600805688 58342
2915 1791334600818510 52278
2916 1791334600847423 60886
2917 1791334600866553 62750
2918 1791334600896337 69082
2919 1791334600918156 74271
2920 1791334600931305 67053
2921 1791334600959092 74132
2922 1791334600985897 80697
2923 1791334600999120 73620
2924 1791334601020949 73453
2925 1791334601032245 67899
2926 1791334601057886 71986
2927 1791334601079011 74014
2928 1791334601099325 74127
2929 1791334601117894 73228
2930 1791334601139029 73378
2931 1791334601160259 74696
2932 1791334601187007 80634
2933 1791334601217525 90633
2934 1791334601230380 81520
2935 1791334601250549 82639
2936 1791334601268398 81388
2937 1791334601285925 80782
2938 1791334601307165 81494
2939 1791334601327082 80071
2940 1791334601340492 75826
2941 1791334601378602 92674
2942 1791334601389626 82459
2943 1791334601406462 79379
2944 1791334601417265 69886
2945 1791334601442267 76170
2946 1791334601462603 75410
2947 1791334601487195 81529
2948 1791334601505131 79667
2949 1791334601521618 77495
2950 1791334601541844 76914
2951 1791334601562722 75526
2952 1791334601580303 75717
2953 1791334601603997 76610
2954 1791334601625455 81453
2955 1791334601640382 74916
2956 1791334601667256 82330
2957 1791334601686438 83351
2958 1791334601700367 76198
2959 1791334601722079 76698
2960 1791334601741998 74740
2961 1791334601763510 78220
2962 1791334601779455 75312
2963 1791334601789199 64684
2964 1791334601805498 61791
2965 1791334601831167 67655
2966 1791334601856541 71910
2967 1791334601870914 66259
2968 1791334601877518 51389
2969 1791334601899518 52121
2970 1791334601919477 54488
2971 1791334601949372 63166
2972 1791334601960246 52673
2973 1791334601977311 52827
2974 1791334602006444 61095
2975 1791334602015764 49780
2976 1791334602045576 61833
2977 1791334602069940 63493
2978 1791334602080325 51665
2979 1791334602099025 55183
2980 1791334602126416 60625
2981 1791334602148967 61546
2982 1791334602168564 65100
2983 1791334602196223 69805
2984 1791334602211682 64523
2985 1791334602224286 56572
2986 1791334602256450 69103
2987 1791334602259861 53484
2988 1791334602295679 71390
2989 1791334602309418 65495
2990 1791334602323360 60375
2991 1791334602345305 58215
2992 1791334602366145 59111
2993 1791334602382119 58753
2994 1791334602397417 52110
2995 1791334602422330 56183
2996 1791334602447446 63945
2997 1791334602489131 85123
2998 1791334602503130 77903
2999 1791334602529162 84603
3000 1791334602537631 69081
3001 1791334602541282 55794
3002 1791334602566567 63433
3003 1791334602587019 62661
3004 1791334602609724 62849
3005 1791334602644086 78379
3006 1791334602646801 60335
3007 1791334602673825 68073
3008 1791334602702747 75352
3009 1791334602711163 67073
3010 1791334602731492 64847
3011 1791334602756749 71499
3012 1791334602777250 67831
3013 1791334602793859 68928
3014 1791334602825288 80052
3015 1791334602833516 66344
3016 1791334602858123 74463
3017 1791334602883100 77043
3018 1791334602884595 60095
3019 1791334602928305 81555
3020 1791334602947322 80988
3021 1791334602960889 77785
3022 1791334602983978 74627
3023 1791334602998527 72214
3024 1791334603017085 70736
3025 1791334603038055 70722
3026 1791334603052798 68817
3027 1791334603082043 75218
3028 1791334603096666 73086
3029 1791334603117219 72652
3030 1791334603135686 68600
3031 1791334603149741 66006
3032 1791334603177765 71835
3033 1791334603199953 73594
3034 1791334603219189 73732
3035 1791334603239172 73602
3036 1791334603255567 68206
3037 1791334603271665 67597
3038 1791334603294326 68165
3039 1791334603307386 60873
3040 1791334603321188 55219
3041 1791334603339780 55052
3042 1791334603350647 46713
3043 1791334603373092 48717
3044 1791334603387225 42515
3045 1791334603408056 41003
3046 1791334603423472 36242
3047 1791334603438565 34858
3048 1791334603462310 38834
3049 1791334603482861 38401
3050 1791334603507535 41349
3051 1791334603518141 35275
3052 1791334603539329 35324
3053 1791334603557253 33456
3054 1791334603582746 35802
3055 1791334603607117 43506
3056 1791334603624957 38374
3057 1791334603640682 33861
3058 1791334603659276 34315
3059 1791334603680603 33526
3060 1791334603709482 42502
3061 1791334603720013 32641
3062 1791334603737750 30553
3063 1791334603757563 33114
3064 1791334603779663 32685
3065 1791334603802429 36434
3066 1791334603830161 45284
3067 1791334603841992 38460
3068 1791334603860439 34784
3069 1791334603886674 37429
3070 1791334603899304 34970
3071 1791334603927148 40472
3072 1791334603948722 41237
3073 1791334603977052 50933
3074 1791334603997229 50650
3075 1791334604020121 51016
3076 1791334604040230 54333
3077 1791334604056196 51605
3078 1791334604086852 61280
3079 1791334604095826 52378
3080 1791334604121090 53566
3081 1791334604143696 56968
3082 1791334604158876 55400
3083 1791334604189191 60287
3084 1791334604202065 58822
3085 1791334604225764 59352
3086 1791334604241843 57152
3087 1791334604265982 62341
3088 1791334604284611 59158
3089 1791334604321216 75608
3090 1791334604331129 65144
3091 1791334604348350 63891
3092 1791334604373601 68065
3093 1791334604391252 66496
3094 1791334604409509 65361
3095 1791334604430678 64299
3096 1791334604453328 63848
3097 1791334604477819 70501
3098 1791334604498646 74077
3099 1791334604523512 76615
3100 1791334604538441 71396
3101 1791334604550023 65670
3102 1791334604571520 63702
3103 1791334604603097 79579
3104 1791334604617187 72600
3105 1791334604637624 69803
3106 1791334604659397 75105
3107 1791334604677284 74184
3108 1791334604695170 71520
3109 1791334604717409 70139
3110 1791334604741205 76748
3111 1791334604758195 71607
3112 1791334604790689 85215
3113 1791334604807003 81081
3114 1791334604828062 80972
3115 1791334604844656 77628
3116 1791334604873524 87638
3117 1791334604893393 87306
3118 1791334604908501 80436
3119 1791334604917286 72627
3120 1791334604941857 75153
3121 1791334604961722 76207
3122 1791334604986298 81688
3123 1791334605007146 79451
3124 1791334605028594 81841
3125 1791334605047175 83296
3126 1791334605066802 80501
3127 1791334605086006 79638
3128 1791334605120332 92796
3129 1791334605122844 76560
3130 1791334605146013 81461
3131 1791334605159827 74100
3132 1791334605178961 71134
3133 1791334605197846 74999
3134 1791334605229373 83357
3135 1791334605237954 71812
3136 1791334605249291 62844
3137 1791334605269302 60912
3138 1791334605299823 73492
3139 1791334605300778 57461
3140 1791334605328722 61103
3141 1791334605348695 63800
3142 1791334605365323 59695
3143 1791334605377682 52921
3144 1791334605396905 48208
3145 1791334605408864 43538
3146 1791334605430312 42909
3147 1791334605448965 43042
3148 1791334605469528 44415
3149 1791334605493977 48736
3150 1791334605507284 43422
3151 1791334605525392 39133
3152 1791334605549947 45315
3153 1791334605574530 51038
3154 1791334605594547 49006
3155 1791334605616336 48890
3156 1791334605633190 46099
3157 1791334605647443 40608
3158 1791334605666357 39571
3159 1791334605681459 35123
3160 1791334605713973 48244
3161 1791334605739441 54534
3162 1791334605760111 53856
3163 1791334605775764 48826
3164 1791334605800960 53848
3165 1791334605808030 43404
3166 1791334605829239 43163
3167 1791334605857410 51254
3168 1791334605872139 47091
3169 1791334605889349 41666
3170 1791334605922357 56692
3171 1791334605935209 48371
3172 1791334605948612 42729
3173 1791334605972317 48703
3174 1791334605989401 42208
3175 1791334606014042 47818
3176 1791334606032988 47040
3177 1791334606055630 47949
3178 1791334606076702 51159
3179 1791334606102889 57506
3180 1791334606121266 55483
3181 1791334606136157 50788
3182 1791334606153545 50653
3183 1791334606182472 54772
3184 1791334606191130 44373
3185 1791334606222001 57169
3186 1791334606234605 48378
3187 1791334606260260 56711
3188 1791334606271049 47459
3189 1791334606298047 51265
3190 1791334606327280 62709
3191 1791334606346752 59776
3192 1791334606368510 64657
3193 1791334606382797 56045
3194 1791334606397149 50393
3195 1791334606417750 51379
3196 1791334606430972 48171
3197 1791334606460497 54341
3198 1791334606495146 70150
3199 1791334606509630 63113
3200 1791334606533181 65010
3201 1791334606544171 56097
3202 1791334606566835 59540
3203 1791334606579947 53185
3204 1791334606596294 52120
3205 1791334606629931 63951
3206 1791334606656792 69572
3207 1791334606670351 64711
3208 1791334606692164 65534
3209 1791334606705063 61140
3210 1791334606729884 66196
3211 1791334606744791 58348
3212 1791334606769045 63968
3213 1791334606782009 55901
3214 1791334606804462 61153
3215 1791334606826184 62356
3216 1791334606850401 61373
3217 1791334606859942 55476
3218 1791334606888038 61851
3219 1791334606910635 64920
3220 1791334606924410 57401
3221 1791334606942473 59007
3222 1791334606964128 58575
3223 1791334606991055 66643
3224 1791334607004827 60636
3225 1791334607029750 66069
3226 1791334607052201 68703
3227 1791334607075427 71494
3228 1791334607102505 75417
3229 1791334607109363 62986
3230 1791334607129731 65509
3231 1791334607147448 62059
3232 1791334607172403 68220
3233 1791334607195013 69054
3234 1791334607215748 70476
3235 1791334607233208 63712
3236 1791334607253884 67271
3237 1791334607274446 68931
3238 1791334607299304 69880
3239 1791334607318018 68465
3240 1791334607330590 64820
3241 1791334607356370 69402
3242 1791334607378093 72692
3243 1791334607390270 66879
3244 1791334607416128 67409
3245 1791334607454078 85538
3246 1791334607468802 83267
3247 1791334607482987 78522
3248 1791334607508770 81930
3249 1791334607530117 83315
3250 1791334607560736 93714
3251 1791334607579521 96530
3252 1791334607594266 87776
3253 1791334607627752 102850
3254 1791334607651099 107368
3255 1791334607667526 100864
3256 1791334607690691 106861
3257 1791334607706317 99408
3258 1791334607715368 90741
3259 1791334607737432 93502
3260 1791334607766782 99253
3261 1791334607778246 87977
3262 1791334607799715 94101
3263 1791334607837683 112056
3264 1791334607860458 114735
3265 1791334607868161 101376
3266 1791334607886276 102168
3267 1791334607919886 116009
3268 1791334607936052 109925
3269 1791334607945920 96946
3270 1791334607976325 112648
3271 1791334607992459 106180
3272 1791334608013614 106567
3273 1791334608028131 102954
3274 1791334608058440 112688
3275 1791334608067204 103653
3276 1791334608095047 109340
3277 1791334608099904 94143
3278 1791334608127517 102838
3279 1791334608142675 95189
3280 1791334608162289 95669
3281 1791334608173382 88058
3282 1791334608193892 83031
3283 1791334608220472 92952
3284 1791334608234579 85096
3285 1791334608254912 87651
3286 1791334608287327 95527
3287 1791334608290889 82397
3288 1791334608310389 80711
3289 1791334608336260 86634
3290 1791334608348711 82706
3291 1791334608361781 74451
3292 1791334608392946 84370
3293 1791334608394744 65672
3294 1791334608424309 77167
3295 1791334608444659 76144
3296 1791334608463238 70286
3297 1791334608473184 64924
3298 1791334608497934 73618
3299 1791334608512799 68132
3300 1791334608528787 64985
3301 1791334608555045 71377
3302 1791334608575322 72015
3303 1791334608587588 62198
3304 1791334608625659 79452
3305 1791334608650955 82039
3306 1791334608670148 85554
3307 1791334608670256 65288
3308 1791334608705347 79685
3309 1791334608720484 69526
3310 1791334608732137 68223
3311 1791334608763599 78045
3312 1791334608810988 105629
3313 1791334608832548 105894
3314 1791334608861032 107433
3315 1791334608870535 106930
3316 1791334608899922 88925
3317 1791334608899934 88147
3318 1791334608919247 86692
3319 1791334608952955 91913
3320 1791334608952989 83740
3321 1791334608988845 100550
3322 1791334608993719 76379
3323 1791334609007366 83248
3324 1791334609042381 92316
3325 1791334609049340 81616
3326 1791334609064936 78227
3327 1791334609090308 83468
3328 1791334609102569 75205
3329 1791334609129432 85404
3330 1791334609131674 66732
3331 1791334609152875 68405
3332 1791334609177102 71287
3333 1791334609192087 66519
3334 1791334609210205 63307
3335 1791334609233698 70398
3336 1791334609253930 66318
3337 1791334609268733 60682
3338 1791334609277643 49291
3339 1791334609289628 42110
3340 1791334609295096 29728
3341 1791334609319796 33614
3342 1791334609339048 33160
3343 1791334609371947 44955
3344 1791334609376855 28700
3345 1791334609403578 37274
3346 1791334609421070 33746
3347 1791334609438045 34459
3348 1791334609460105 33407
3349 1791334609473700 29097
3350 1791334609502609 33574
3351 1791334609519887 30247
3352 1791334609547753 43237
3353 1791334609565961 38186
3354 1791334609579423 31665
3355 1791334609597588 33477
3356 1791334609631034 43353
3357 1791334609679625 72064
3358 1791334609700821 69762
3359 1791334609700908 42721
3360 1791334609715656 50788
3361 1791334609737552 52033
3362 1791334609759719 49295
3363 1791334609759726 29900
3364 1791334609792368 44333
3365 1791334609809863 38755
3366 1791334609831829 39458
3367 1791334609831842 28037
3368 1791334609879624 51580
3369 1791334609882668 39276
3370 1791334609909453 45275
3371 1791334609919094 35314
3372 1791334609939716 34458
3373 1791334609967820 40666
3374 1791334609979045 32113
3375 1791334610007869 40044
3376 1791334610018148 30314
3377 1791334610040127 33287
3378 1791334610062212 38157
3379 1791334610078595 34381
3380 1791334610092588 28094
3381 1791334610129660 42350
3382 1791334610135385 26013
3383 1791334610153473 28567
3384 1791334610186834 39726
3385 1791334610198937 32051
3386 1791334610227618 41098
3387 1791334610244198 36969
3388 1791334610263005 36023
3389 1791334610277894 33690
3390 1791334610306231 43219
3391 1791334610322539 33244
3392 1791334610339147 33135
3393 1791334610358007 32185
3394 1791334610374383 27725
3395 1791334610401911 36118
3396 1791334610418655 32708
3397 1791334610436449 32829
3398 1791334610468519 40862
3399 1791334610479478 34539
3400 1791334610499844 33041
3401 1791334610537415 50323
3402 1791334610556337 48417
3403 1791334610582155 52051
3404 1791334610596469 52176
3405 1791334610626396 44279
3406 1791334610626432 36979
3407 1791334610650851 41562
3408 1791334610672863 46461
3409 1791334610687110 42222
3410 1791334610714461 47117
3411 1791334610731435 44316
3412 1791334610740624 35219
3413 1791334610773199 41756
3414 1791334610796181 47288
3415 1791334610798560 29417
3416 1791334610859274 75383
3417 1791334610869984 58382
3418 1791334610880645 51902
3419 1791334610883419 24138
3420 1791334610913593 48261
3421 1791334610956747 73324
3422 1791334610959819 46222
3423 1791334610981060 41895
3424 1791334610993728 43477
3425 1791334611011740 48511
3426 1791334611027640 39383
3427 1791334611060618 48872
3428 1791334611069957 43241
3429 1791334611095640 46911
3430 1791334611114229 46033
3431 1791334611133891 46150
3432 1791334611150490 43311
3433 1791334611178255 49070
3434 1791334611203616 55821
3435 1791334611212773 48817
3436 1791334611237463 47708
3437 1791334611266457 62838
3438 1791334611277585 48146
3439 1791334611291775 45486
3440 1791334611315169 49730
3441 1791334611330792 45163
3442 1791334611357878 50575
3443 1791334611380671 55945
3444 1791334611400854 56292
3445 1791334611418034 49665
3446 1791334611440765 53235
3447 1791334611456514 50752
3448 1791334611481351 56507
3449 1791334611494700 45216
3450 1791334611518508 51486
3451 1791334611549632 63402
3452 1791334611557828 46788
3453 1791334611572123 45575
3454 1791334611603542 53905
3455 1791334611617102 49801
3456 1791334611650544 65940
3457 1791334611665309 61758
3458 1791334611698180 74448
3459 1791334611716344 69285
3460 1791334611729423 64109
3461 1791334611747704 62513
3462 1791334611767500 61608
3463 1791334611792097 65287
3464 1791334611810465 62757
3465 1791334611834895 67388
3466 1791334611867391 79611
3467 1791334611885924 76518
3468 1791334611897331 70904
3469 1791334611922955 73484
3470 1791334611940715 73320
3471 1791334611954775 68807
3472 1791334611977357 70095
3473 1791334611997629 74666
3474 1791334612027789 80277
3475 1791334612044170 77560
3476 1791334612057900 74360
3477 1791334612082356 75518
3478 1791334612108322 85200
3479 1791334612130203 86027
3480 1791334612143272 78415
3481 1791334612171438 85906
3482 1791334612188119 79787
3483 1791334612200697 76537
3484 1791334612216853 73577
3485 1791334612236548 72594
3486 1791334612260284 74224
3487 1791334612281574 76812
3488 1791334612299350 75192
3489 1791334612327149 80537
3490 1791334612347061 81549
3491 1791334612366475 79451
3492 1791334612387614 80552
3493 1791334612406913 81472
3494 1791334612429255 82958
3495 1791334612453395 89576
3496 1791334612469506 82485
3497 1791334612487621 80706
3498 1791334612516237 89209
3499 1791334612526840 80808
3500 1791334612549980 85100
3501 1791334612570556 85039
3502 1791334612586357 79658
3503 1791334612602095 75738
3504 1791334612628919 82532
3505 1791334612640258 75088
3506 1791334612651757 66070
3507 1791334612667813 61578
3508 1791334612703874 79540
3509 1791334612708809 63208
3510 1791334612725307 59358
3511 1791334612740607 56620
3512 1791334612765128 61249
3513 1791334612777650 53091
3514 1791334612794431 48667
3515 1791334612815551 51095
3516 1791334612829946 43184
3517 1791334612845589 38339
3518 1791334612865549 39007
3519 1791334612883894 38300
3520 1791334612906946 41553
3521 1791334612942545 58648
3522 1791334612964546 58627
3523 1791334613004243 61689
3524 1791334613004250 59519
3525 1791334613021979 57425
3526 1791334613028708 42946
3527 1791334613050791 46691
3528 1791334613067947 43858
3529 1791334613084237 40144
3530 1791334613112539 44589
3531 1791334613119226 35947
3532 1791334613145560 38553
3533 1791334613162340 37849
3534 1791334613186589 42487
3535 1791334613214447 47735
3536 1791334613226269 41453
3537 1791334613247350 40035
3538 1791334613268914 43074
3539 1791334613299942 52586
3540 1791334613310282 44067
3541 1791334613329440 45816
3542 1791334613363207 55516
3543 1791334613370314 43813
3544 1791334613392753 46181
3545 1791334613413036 49825
3546 1791334613440382 50908
3547 1791334613449908 41279
3548 1791334613471583 47648
3549 1791334613499582 55656
3550 1791334613524747 58181
3551 1791334613541376 52708
3552 1791334613565147 57682
3553 1791334613569751 45000
3554 1791334613602489 48092
3555 1791334613621027 55845
3556 1791334613641513 56035
3557 1791334613664875 50591
3558 1791334613676953 49265
3559 1791334613713389 67476
3560 1791334613719437 54556
3561 1791334613767125 83593
3562 1791334613781136 67743
3563 1791334613816802 53448
3564 1791334613816832 53458
3565 1791334613816841 53461
3566 1791334613852763 61865
3567 1791334613867667 63627
3568 1791334613883676 50024
3569 1791334613893599 46357
3570 1791334613923032 55360
3571 1791334613942399 58713
3572 1791334613958892 50712
3573 1791334613979557 56517
3574 1791334614004183 57299
3575 1791334614020490 57140
3576 1791334614041288 53672
3577 1791334614064564 60375
3578 1791334614081240 57229
3579 1791334614109765 65050
3580 1791334614128972 64402
3581 1791334614147472 57710
3582 1791334614172609 68449
3583 1791334614182276 56804
3584 1791334614211261 67685
3585 1791334614219160 51818
3586 1791334614240973 57164
3587 1791334614268364 61652
3588 1791334614284937 57592
3589 1791334614301587 55820
3590 1791334614324954 61734
3591 1791334614350896 65953
3592 1791334614380974 73300
3593 1791334614382639 58494
3594 1791334614400620 53336
3595 1791334614419455 52242
3596 1791334614447998 58425
3597 1791334614467889 61650
3598 1791334614487866 60930
3599 1791334614507144 60671
3600 1791334614528485 61551
3601 1791334614540776 57283
3602 1791334614580219 73070
3603 1791334614592222 64438
3604 1791334614616072 67370
3605 1791334614623249 55659
3606 1791334614644071 56826
3607 1791334614659830 55511
3608 1791334614679518 56263
3609 1791334614723391 79313
3610 1791334614743065 71355
3611 1791334614758227 69723
3612 1791334614775299 64497
3613 1791334614787732 64337
3614 1791334614810363 67292
3615 1791334614830724 66152
3616 1791334614850580 66978
3617 1791334614883729 77274
3618 1791334614901261 71614
3619 1791334614929930 79347
3620 1791334614930685 66316
3621 1791334614950423 66687
3622 1791334614977335 69853
3623 1791334614991901 68062
3624 1791334615017144 72699
3625 1791334615039402 71920
3626 1791334615050381 66652
3627 1791334615079808 74126
3628 1791334615089138 65656
3629 1791334615107119 63142
3630 1791334615129506 64899
3631 1791334615169851 83332
3632 1791334615188828 82723
3633 1791334615202359 78847
3634 1791334615223893 79677
3635 1791334615247010 83073
3636 1791334615268922 84306
3637 1791334615284656 78799
3638 1791334615292025 68130
3639 1791334615308727 62577
3640 1791334615344136 78217
3641 1791334615369628 84968
3642 1791334615386140 81490
3643 1791334615408013 80292
3644 1791334615424348 80206
3645 1791334615450943 82810
3646 1791334615472366 86221
3647 1791334615488743 83043
3648 1791334615501417 77775
3649 1791334615542948 95594
3650 1791334615553796 87161
3651 1791334615566259 82324
3652 1791334615582788 78098
3653 1791334615599405 72261
3654 1791334615644418 101462
3655 1791334615664626 98395
3656 1791334615670872 88048
3657 1791334615697152 85389
3658 1791334615710171 82208
3659 1791334615721364 76940
3660 1791334615737450 72816
3661 1791334615768590 82991
3662 1791334615787870 82997
3663 1791334615806246 82614
3664 1791334615827046 77908
3665 1791334615839890 71295
3666 1791334615868032 82792
3667 1791334615887364 81113
3668 1791334615914398 87345
3669 1791334615928844 78685
3670 1791334615949546 82590
3671 1791334615963100 76618
3672 1791334615986892 79853
3673 1791334615997103 73128
3674 1791334616027923 79993
3675 1791334616041690 78586
3676 1791334616064524 78137
3677 1791334616085554 78897
3678 1791334616101517 74510
3679 1791334616118635 74105
3680 1791334616141043 76239
3681 1791334616169248 83689
3682 1791334616191201 84077
3683 1791334616207252 79833
3684 1791334616234762 91055
3685 1791334616246912 81316
3686 1791334616268651 81287
3687 1791334616288731 82334
3688 1791334616306067 79638
3689 1791334616330226 83310
3690 1791334616349589 85614
3691 1791334616370197 83660
3692 1791334616398243 92898
3693 1791334616420525 95640
3694 1791334616447315 100983
3695 1791334616452868 88134
3696 1791334616479529 95452
3697 1791334616496986 88967
3698 1791334616519372 94570
3699 1791334616547795 100477
3700 1791334616556421 87956
3701 1791334616577423 89772
3702 1791334616601626 93784
3703 1791334616611673 85114
3704 1791334616638637 90837
3705 1791334616658881 89847
3706 1791334616676909 89736
3707 1791334616698281 87637
3708 1791334616711055 84789
3709 1791334616728473 82919
3710 1791334616759129 89552
3711 1791334616769587 78588
3712 1791334616788005 76947
3713 1791334616805007 76867
3714 1791334616827734 78866
3715 1791334616836798 67207
3716 1791334616853448 68400
3717 1791334616866524 61514
3718 1791334616886164 58426
3719 1791334616900793 53469
3720 1791334616918119 51591
3721 1791334616932870 46702
3722 1791334616948017 39472
3723 1791334616968629 41044
3724 1791334616984237 36751
3725 1791334617002611 35575
3726 1791334617021387 37146
3727 1791334617035684 31246
3728 1791334617073030 46066
3729 1791334617080355 33322
3730 1791334617100233 33817
3731 1791334617117326 32838
3732 1791334617146681 39524
3733 1791334617161685 35105
3734 1791334617187565 40880
3735 1791334617207211 38553
3736 1791334617221210 34088
3737 1791334617235874 29551
3738 1791334617267385 38995
3739 1791334617268400 23997
3740 1791334617290001 24098
3741 1791334617312025 27790
3742 1791334617335859 29475
3743 1791334617355460 29050
3744 1791334617367097 23905
3745 1791334617386664 22096
3746 1791334617406320 23113
3747 1791334617429232 22908
3748 1791334617448568 22021
3749 1791334617466834 22044
3750 1791334617488546 24349
3751 1791334617508986 24644
3752 1791334617535382 29654
3753 1791334617548886 21871
3754 1791334617566972 22935
3755 1791334617590572 23581
3756 1791334617608493 22579
3757 1791334617627227 21396
3758 1791334617650029 24394
3759 1791334617667450 22696
3760 1791334617693211 25838
3761 1791334617713317 26335
3762 1791334617732321 25355
3763 1791334617753928 25706
3764 1791334617768975 21338
3765 1791334617793302 28499
3766 1791334617808953 22052
3767 1791334617827135 23199
3768 1791334617850895 27017
3769 1791334617868604 24069
3770 1791334617887778 22341
3771 1791334617915800 29608
3772 1791334617927395 23753
3773 1791334617950263 27254
3774 1791334617968379 22269
3775 1791334617989355 25895
3776 1791334618008956 23635
3777 1791334618027090 21960
3778 1791334618044932 21239
3779 1791334618071696 26761
3780 1791334618088087 21342
3781 1791334618108826 24002
3782 1791334618131115 24332
3783 1791334618146085 23138
3784 1791334618170680 24590
3785 1791334618189061 22995
3786 1791334618212106 26683
3787 1791334618231316 24326
3788 1791334618251403 23996
3789 1791334618265382 21639
3790 1791334618287622 22234
3791 1791334618309152 23389
3792 1791334618336145 29070
3793 1791334618346773 22115
3794 1791334618372501 28845
3795 1791334618388038 21076
3796 1791334618410366 26636
3797 1791334618430269 25160
3798 1791334618451526 24985
3799 1791334618469010 21506
3800 1791334618487322 21227
3801 1791334618510706 26501
3802 1791334618528803 21760
3803 1791334618546924 22106
3804 1791334618574980 28123
3805 1791334618589365 22802
3806 1791334618608753 22389
3807 1791334618635550 30967
3808 1791334618650979 26420
3809 1791334618671647 26155
3810 1791334618688377 22287
3811 1791334618709118 24957
3812 1791334618728360 23315
3813 1791334618748132 22280
3814 1791334618765435 21747
3815 1791334618787026 21589
3816 1791334618804922 20934
3817 1791334618826436 21510
3818 1791334618849339 22936
3819 1791334618868573 22372
3820 1791334618887745 22391
3821 1791334618908989 21242
3822 1791334618934143 27413
3823 1791334618951333 23860
3824 1791334618966507 23006
3825 1791334618987577 21122
3826 1791334619008339 22785
3827 1791334619028792 24871
3828 1791334619057145 28348
3829 1791334619068647 22899
3830 1791334619089037 25192
3831 1791334619108011 23519
3832 1791334619126666 21217
3833 1791334619152262 27588
3834 1791334619171627 26458
3835 1791334619188886 23840
3836 1791334619215011 30230
3837 1791334619226459 21591
3838 1791334619245607 21067
3839 1791334619268493 22882
3840 1791334619288867 23333
3841 1791334619315538 26785
3842 1791334619326958 21796
3843 1791334619350069 23107
3844 1791334619368057 22498
3845 1791334619391012 26662
3846 1791334619410618 24444
3847 1791334619429552 24002
3848 1791334619447225 21432
3849 1791334619469620 22392
3850 1791334619487836 22761
3851 1791334619518883 31044
3852 1791334619531532 26866
3853 1791334619545622 22308
3854 1791334619570952 26438
3855 1791334619587448 23200
3856 1791334619613269 25817
3857 1791334619629770 21938
3858 1791334619651597 25007
3859 1791334619674097 28435
3860 1791334619686977 20640
3861 1791334619707708 20728
3862 1791334619727245 21780
3863 1791334619749802 25554
3864 1791334619771255 25104
3865 1791334619791656 26829
3866 1791334619809806 22895
3867 1791334619827576 22066
3868 1791334619856406 28827
3869 1791334619869792 24469
3870 1791334619888383 22252
3871 1791334619908749 24153
3872 1791334619928404 23022
3873 1791334619950887 22526
3874 1791334619977194 29843
3875 1791334619988426 23162
3876 1791334620007259 22152
3877 1791334620028175 20913
3878 1791334620048741 24094
3879 1791334620068313 22693
3880 1791334620092193 27398
3881 1791334620107864 20902
3882 1791334620128376 20555
3883 1791334620153059 27745
3884 1791334620167315 23648
3885 1791334620193989 26671
3886 1791334620209103 21907
3887 1791334620227648 24395
3888 1791334620245990 21336
3889 1791334620274186 28446
3890 1791334620289864 25446
3891 1791334620306356 22498
3892 1791334620326797 22048
3893 1791334620345430 21507
3894 1791334620366103 22742
3895 1791334620388030 22015
3896 1791334620415538 27505
3897 1791334620435198 29609
3898 1791334620446451 21546
3899 1791334620472999 26545
3900 1791334620487053 21800
3901 1791334620508648 21592
3902 1791334620528998 25281
3903 1791334620548498 24557
3904 1791334620568719 23352
3905 1791334620589027 24649
3906 1791334620606008 20736
3907 1791334620633549 27537
3908 1791334620647627 21026
3909 1791334620667841 23746
3910 1791334620693057 28595
3911 1791334620710561 25117
3912 1791334620728452 23883
3913 1791334620747318 21622
3914 1791334620769859 25379
3915 1791334620788477 24131
3916 1791334620809453 24021
3917 1791334620828800 22999
3918 1791334620848980 23998
3919 1791334620872160 26178
3920 1791334620890626 25213
3921 1791334620908233 22924
3922 1791334620928812 23563
3923 1791334620948916 24594
3924 1791334620972415 27219
3925 1791334620988537 23330
3926 1791334621005865 22340
3927 1791334621026643 22274
3928 1791334621045251 22186
3929 1791334621064940 20772
3930 1791334621088118 23174
3931 1791334621105971 20632
3932 1791334621130022 25142
3933 1791334621148468 25141
3934 1791334621168530 22619
3935 1791334621186445 21444
3936 1791334621215949 29502
3937 1791334621226509 20945
3938 1791334621245654 22090
3939 1791334621277245 31588
3940 1791334621288033 22294
3941 1791334621304254 20732
3942 1791334621328472 25301
3943 1791334621347102 23151
3944 1791334621368547 21679
3945 1791334621388246 23340
3946 1791334621409518 23476
3947 1791334621428360 21948
3948 1791334621447710 22785
3949 1791334621473900 28198
3950 1791334621489362 23258
3951 1791334621509626 24259
3952 1791334621528597 23085
3953 1791334621546417 22098
3954 1791334621568740 24383
3955 1791334621590507 21764
3956 1791334621609987 22853
3957 1791334621628811 22136
3958 1791334621653928 28403
3959 1791334621671678 25520
3960 1791334621688585 22454
3961 1791334621705717 20756
3962 1791334621729619 24622
3963 1791334621751365 25437
3964 1791334621768585 22589
3965 1791334621789284 25426
3966 1791334621806171 21350
3967 1791334621833697 27520
3968 1791334621849600 24501
3969 1791334621868561 23025
3970 1791334621890449 21885
3971 1791334621911156 23617
3972 1791334621932130 27658
3973 1791334621956397 29166
3974 1791334621968951 23232
3975 1791334621986449 22895
3976 1791334622008512 22059
3977 1791334622027042 23434
3978 1791334622046900 22231
3979 1791334622070364 23461
3980 1791334622089636 23168
3981 1791334622109109 22903
3982 1791334622125789 21257
3983 1791334622151466 25673
3984 1791334622170559 24832
3985 1791334622186142 20684
3986 1791334622212722 27622
3987 1791334622229555 21354
3988 1791334622247154 22831
3989 1791334622268766 24574
3990 1791334622285599 21447
3991 1791334622308212 22610
3992 1791334622326526 21030
3993 1791334622348163 24478
3994 1791334622372732 26416
3995 1791334622388640 22358
3996 1791334622407055 20775
3997 1791334622427254 23236
3998 1791334622449579 25549
3999 1791334622464979 21106
4000 1791334622486986 22128
4001 1791334622516916 33130
4002 1791334622528949 24216
4003 1791334622550721 25927
4004 1791334622567759 21297
4005 1791334622589185 23618
4006 1791334622606474 22524
4007 1791334622631771 25367
4008 1791334622651449 25153
4009 1791334622669028 22694
4010 1791334622697754 28879
4011 1791334622709790 23120
4012 1791334622727453 21388
4013 1791334622747286 22610
4014 1791334622766122 22532
4015 1791334622792633 27535
4016 1791334622809849 22671
4017 1791334622829674 23153
4018 1791334622845257 21455
4019 1791334622868685 23424
4020 1791334622890819 22131
4021 1791334622908681 23089
4022 1791334622928803 23275
4023 1791334622949436 24135
4024 1791334622966026 21587
4025 1791334622986950 20971
4026 1791334623007258 23746
4027 1791334623025593 22376
4028 1791334623046541 20945
4029 1791334623077500 31001
4030 1791334623088788 24947
4031 1791334623116150 27359
4032 1791334623126678 21783
4033 1791334623149636 22956
4034 1791334623168555 22114
4035 1791334623188627 23656
4036 1791334623216029 27398
4037 1791334623227352 22762
4038 1791334623246346 23154
4039 1791334623274035 27740
4040 1791334623290748 24303
4041 1791334623318735 31565
4042 1791334623336957 28824
4043 1791334623347434 23017
4044 1791334623368383 23835
4045 1791334623389644 24047
4046 1791334623409922 23442
4047 1791334623427592 21604
4048 1791334623446689 22957
4049 1791334623468875 24362
4050 1791334623491481 25088
4051 1791334623515707 28826
4052 1791334623527245 23685
4053 1791334623547084 22304
4054 1791334623572227 25138
4055 1791334623590611 24767
4056 1791334623614466 27980
4057 1791334623625846 21018
4058 1791334623657077 31507
4059 1791334623669759 26235
4060 1791334623688393 23843
4061 1791334623707157 21661
4062 1791334623726584 22479
4063 1791334623749499 22911
4064 1791334623767629 20532
4065 1791334623786457 21101
4066 1791334623807079 20618
4067 1791334623827828 22256
4068 1791334623845559 21171
4069 1791334623876323 30760
4070 1791334623887392 21908
4071 1791334623909148 21752
4072 1791334623931972 27920
4073 1791334623949681 22653
4074 1791334623964031 20709
4075 1791334623985662 21628
4076 1791334624007728 23830
4077 1791334624029982 24213
4078 1791334624058408 31835
4079 1791334624072855 26380
4080 1791334624089363 22902
4081 1791334624106325 21581
4082 1791334624129167 25600
4083 1791334624149539 23880
4084 1791334624167659 21761
4085 1791334624186479 21857
4086 1791334624208567 24112
4087 1791334624229222 23877
4088 1791334624254540 28778
4089 1791334624268032 21167
4090 1791334624286268 21754
4091 1791334624315894 29623
4092 1791334624326348 22652
4093 1791334624347903 21551
4094 1791334624376968 33480
4095 1791334624389629 25213
4096 1791334624406869 21259
4097 1791334624436061 29181
4098 1791334624449452 24722
4099 1791334624467537 21662
4100 1791334624486226 21565
4101 1791334624512550 26321
4102 1791334624526242 21460
4103 1791334624549524 24414
4104 1791334624565841 21637
4105 1791334624587753 21908
4106 1791334624607068 23678
4107 1791334624627975 20903
4108 1791334624648964 21815
4109 1791334624673915 27752
4110 1791334624685330 22071
4111 1791334624715835 30501
4112 1791334624728819 24662
4113 1791334624748317 24322
4114 1791334624768221 24574
4115 1791334624789423 25721
4116 1791334624808776 22403
4117 1791334624829022 24507
4118 1791334624847256 21735
4119 1791334624866588 22437
4120 1791334624890604 24013
4121 1791334624910646 25719
4122 1791334624929568 23708
4123 1791334624950613 24022
4124 1791334624966632 22708
4125 1791334624988331 21697
4126 1791334625006551 22765
4127 1791334625029035 24677
4128 1791334625057022 30647
4129 1791334625068869 24204
4130 1791334625086372 22684
4131 1791334625107874 21500
4132 1791334625126639 22124
4133 1791334625150737 24095
4134 1791334625166698 22437
4135 1791334625189634 22933
4136 1791334625209240 23252
4137 1791334625226430 22205
4138 1791334625246212 22285
4139 1791334625269573 23358
4140 1791334625288534 22880
4141 1791334625309017 25303
# sent 4142 received 4142
