0 1791334630919753 25528
1 1791334630940163 23795
2 1791334630958186 22293
3 1791334630980017 21828
4 1791334631007003 29462
5 1791334631017346 20965
6 1791334631038523 22680
7 1791334631062360 26225
8 1791334631077561 22154
9 1791334631099027 23241
10 1791334631128159 29130
11 1791334631145224 23739
12 1791334631165263 28161
13 1791334631175570 21209
14 1791334631206781 31208
15 1791334631217517 22007
16 1791334631244631 27111
17 1791334631266172 31006
18 1791334631276689 21129
19 1791334631298926 22234
20 1791334631322217 26550
21 1791334631342647 25033
22 1791334631360032 21173
23 1791334631379446 22121
24 1791334631399141 23455
25 1791334631419864 22161
26 1791334631439266 22996
27 1791334631457165 21106
28 1791334631485103 28063
29 1791334631507471 28874
30 1791334631517562 21869
31 1791334631546397 29059
32 1791334631564943 28399
33 1791334631579680 21897
34 1791334631600175 24960
35 1791334631617399 20894
36 1791334631640018 24631
37 1791334631658849 21932
38 1791334631679861 24494
39 1791334631709257 33299
40 1791334631722283 25726
41 1791334631738500 21694
42 1791334631756446 21864
43 1791334631778751 22300
44 1791334631797743 22914
45 1791334631818727 20981
46 1791334631837590 21834
47 1791334631863379 27681
48 1791334631879185 23123
49 1791334631899470 23391
50 1791334631920081 20606
51 1791334631940514 24528
52 1791334631957711 20709
53 1791334631978786 21072
54 1791334631996303 20656
55 1791334632017252 21228
56 1791334632046811 29556
57 1791334632058041 23086
58 1791334632080157 22112
59 1791334632102006 26479
60 1791334632118548 22734
61 1791334632136321 20886
62 1791334632158265 23245
63 1791334632178834 23984
64 1791334632200137 23374
65 1791334632219111 21495
66 1791334632246835 30259
67 1791334632257515 21987
68 1791334632277609 22071
69 1791334632303958 28132
70 1791334632319909 24183
71 1791334632339651 23085
72 1791334632362766 26564
73 1791334632379065 23056
74 1791334632400840 23860
75 1791334632418789 22174
76 1791334632438966 22379
77 1791334632458668 22436
78 1791334632478656 22129
79 1791334632499994 23415
80 1791334632520973 23603
81 1791334632541112 25747
82 1791334632560916 24774
83 1791334632585341 27838
84 1791334632607323 29837
85 1791334632617593 20937
86 1791334632636479 21786
87 1791334632659396 23634
88 1791334632678871 22449
89 1791334632705078 29456
90 1791334632722162 27175
91 1791334632737851 21027
92 1791334632766367 28512
93 1791334632781410 25418
94 1791334632806290 30574
95 1791334632817315 22778
96 1791334632838606 21289
97 1791334632858571 21740
98 1791334632876288 21169
99 1791334632899764 23473
100 1791334632918674 21592
101 1791334632940640 23829
102 1791334632965131 27852
103 1791334632986380 30668
104 1791334632999538 23856
105 1791334633015906 21329
106 1791334633040228 24440
107 1791334633059171 21681
108 1791334633077046 22375
109 1791334633099594 22616
110 1791334633116660 21165
111 1791334633139344 23919
112 1791334633157492 21177
113 1791334633180752 25747
114 1791334633199302 23357
115 1791334633217078 21683
116 1791334633238401 23205
117 1791334633258660 22681
118 1791334633277452 22389
119 1791334633300041 24486
120 1791334633318681 21438
121 1791334633347817 29133
122 1791334633359148 21540
123 1791334633385050 29294
124 1791334633403978 27943
125 1791334633419257 21799
126 1791334633446271 27547
127 1791334633465463 25138
128 1791334633477669 22777
129 1791334633499826 22154
130 1791334633518881 22496
131 1791334633544446 25560
132 1791334633563705 28690
133 1791334633581770 25336
134 1791334633599473 20642
135 1791334633617761 21757
136 1791334633638374 23725
137 1791334633667030 31702
138 1791334633679095 23662
139 1791334633703554 27194
140 1791334633724513 28168
141 1791334633741583 26643
142 1791334633761511 23369
143 1791334633780824 22236
144 1791334633802893 28063
145 1791334633819043 22476
146 1791334633840663 25431
147 1791334633868077 32137
148 1791334633880633 23947
149 1791334633899300 22323
150 1791334633918649 21983
151 1791334633936893 21387
152 1791334633959047 23041
153 1791334633977227 20581
154 1791334633999491 22261
155 1791334634019946 24828
156 1791334634047202 30786
157 1791334634059807 24127
158 1791334634079952 24595
159 1791334634098664 22740
160 1791334634119997 23231
161 1791334634138087 21572
162 1791334634159212 21117
163 1791334634177567 21499
164 1791334634198088 22260
165 1791334634220245 24334
166 1791334634239084 23508
167 1791334634258604 22347
168 1791334634285788 27181
169 1791334634302735 27144
170 1791334634324109 27645
171 1791334634339526 22805
172 1791334634363794 27989
173 1791334634379239 23493
174 1791334634399587 24625
175 1791334634419966 25424
176 1791334634438695 23768
177 1791334634457742 22585
178 1791334634480362 22617
179 1791334634499346 24020
180 1791334634516852 20473
181 1791334634546458 29603
182 1791334634557667 21794
183 1791334634576642 22009
184 1791334634597359 20712
185 1791334634627395 30033
186 1791334634640531 24045
187 1791334634657364 21539
188 1791334634684586 27219
189 1791334634703584 26692
190 1791334634727000 30512
191 1791334634738666 23458
192 1791334634765500 26830
193 1791334634782586 26882
194 1791334634797553 22931
195 1791334634825670 28113
196 1791334634838531 23094
197 1791334634858550 22282
198 1791334634877704 22617
199 1791334634903017 25310
200 1791334634917650 20957
201 1791334634951393 35957
202 1791334634966354 30813
203 1791334634977432 21666
204 1791334635000618 23243
205 1791334635016514 21020
206 1791334635040568 24098
207 1791334635066851 26280
208 1791334635077696 22249
209 1791334635099230 23566
210 1791334635121221 23422
211 1791334635139262 21441
212 1791334635157455 22140
213 1791334635176983 21489
214 1791334635200739 24721
215 1791334635217796 21903
216 1791334635237680 21901
217 1791334635257821 22803
218 1791334635280281 22690
219 1791334635301009 25354
220 1791334635318893 22249
221 1791334635336858 21589
222 1791334635359516 22655
223 1791334635377759 22469
224 1791334635402390 24678
225 1791334635418425 21757
226 1791334635435837 20836
227 1791334635457535 21695
228 1791334635477495 21884
229 1791334635499036 24341
230 1791334635520960 24626
231 1791334635536477 20612
232 1791334635557702 21271
233 1791334635577527 22622
234 1791334635605591 29544
235 1791334635621411 25706
236 1791334635639225 21605
237 1791334635657782 21871
238 1791334635676407 20706
239 1791334635698468 22058
240 1791334635716199 20935
241 1791334635745986 29783
242 1791334635756725 21942
243 1791334635781658 24929
244 1791334635798751 22168
245 1791334635818389 22683
246 1791334635840281 23528
247 1791334635860369 24460
248 1791334635882231 25230
249 1791334635899154 23524
250 1791334635917675 22140
251 1791334635939496 21864
252 1791334635956987 20887
253 1791334635978219 23218
254 1791334636000315 22093
255 1791334636017669 22139
256 1791334636046668 28996
257 1791334636057952 21491
258 1791334636086462 28506
259 1791334636098620 21905
260 1791334636118436 22521
261 1791334636137933 21170
262 1791334636157647 22634
263 1791334636186900 29250
264 1791334636199379 22822
265 1791334636217669 22632
266 1791334636236745 21143
267 1791334636266056 30646
268 1791334636277399 21842
269 1791334636301145 23743
270 1791334636318579 22939
271 1791334636346615 30421
272 1791334636359263 23537
273 1791334636376840 21927
274 1791334636396861 21901
275 1791334636419900 24093
276 1791334636439346 23157
277 1791334636455870 20791
278 1791334636476719 20893
279 1791334636498243 22225
280 1791334636524279 27512
281 1791334636537620 21801
282 1791334636560091 22468
283 1791334636577143 22012
284 1791334636601888 24743
285 1791334636619067 22896
286 1791334636638657 23705
287 1791334636664406 28175
288 1791334636685227 30257
289 1791334636703443 28504
290 1791334636722256 25643
291 1791334636739048 23577
292 1791334636756629 21297
293 1791334636777399 21680
294 1791334636798631 23048
295 1791334636819216 22434
296 1791334636836776 20569
297 1791334636858754 21974
298 1791334636879653 24341
299 1791334636903145 25659
300 1791334636919338 21844
301 1791334636940437 23637
302 1791334636964232 27696
303 1791334636978147 23185
304 1791334637013232 35082
305 1791334637027180 31354
306 1791334637040941 23148
307 1791334637057014 21127
308 1791334637078742 21774
309 1791334637100929 25542
310 1791334637119518 21837
311 1791334637146536 30117
312 1791334637166140 29620
313 1791334637179080 22721
314 1791334637207599 31503
315 1791334637219048 22053
316 1791334637237630 21105
317 1791334637256918 21676
318 1791334637284971 28050
319 1791334637305167 30031
320 1791334637323646 24838
321 1791334637339993 22920
322 1791334637364060 27224
323 1791334637378802 23298
324 1791334637398648 22428
325 1791334637418913 23326
326 1791334637447229 30626
327 1791334637457569 21012
328 1791334637478955 21383
329 1791334637500604 23853
330 1791334637520167 24493
331 1791334637539298 24488
332 1791334637558735 21904
333 1791334637577486 22391
334 1791334637601245 23755
335 1791334637616984 21331
336 1791334637639610 22669
337 1791334637658563 21276
338 1791334637677345 21662
339 1791334637698993 23687
340 1791334637718405 22418
341 1791334637737625 22292
342 1791334637758376 22737
343 1791334637776525 20772
344 1791334637797533 21060
345 1791334637818603 21064
346 1791334637837316 21306
347 1791334637865699 28380
348 1791334637883528 27664
349 1791334637898499 21791
350 1791334637917866 23038
351 1791334637945722 27852
352 1791334637956912 21713
353 1791334637977870 20954
354 1791334638006076 28203
355 1791334638027008 31097
356 1791334638041795 25642
357 1791334638058313 21956
358 1791334638078964 24025
359 1791334638107186 31370
360 1791334638117376 20944
361 1791334638138821 21442
362 1791334638158788 23832
363 1791334638177625 21042
364 1791334638198817 21405
365 1791334638218097 22923
366 1791334638244630 26529
367 1791334638263381 26298
368 1791334638278790 23026
369 1791334638296662 21414
370 1791334638318884 22218
371 1791334638337414 22259
372 1791334638362588 25171
373 1791334638377804 21937
374 1791334638401455 24491
375 1791334638419211 21572
376 1791334638439854 23208
377 1791334638464665 26945
378 1791334638485132 29486
379 1791334638505850 29957
380 1791334638526668 30964
381 1791334638545166 26326
382 1791334638565214 28868
383 1791334638583375 27707
384 1791334638605649 27996
385 1791334638623667 27867
386 1791334638638773 22771
387 1791334638657549 21595
388 1791334638677511 21415
389 1791334638697928 23137
390 1791334638718942 24075
391 1791334638744626 25680
392 1791334638760770 25075
393 1791334638778870 21264
394 1791334638798913 22389
395 1791334638824852 28151
396 1791334638840939 23585
397 1791334638861739 26428
398 1791334638878120 21515
399 1791334638905212 27088
400 1791334638920572 23396
401 1791334638949668 29094
402 1791334638967149 30521
403 1791334638979895 23674
404 1791334638998739 21762
405 1791334639024732 27703
406 1791334639046388 25917
407 1791334639066965 30651
408 1791334639079393 24874
409 1791334639101435 25282
410 1791334639125472 30837
411 1791334639139261 24465
412 1791334639168143 32831
413 1791334639184280 29752
414 1791334639198478 23007
415 1791334639223921 28899
416 1791334639248233 30361
417 1791334639270220 32295
418 1791334639289320 31634
419 1791334639307711 30912
420 1791334639327697 31206
421 1791334639347765 30787
422 1791334639366504 30467
423 1791334639382532 26401
424 1791334639407619 29918
425 1791334639423114 28308
426 1791334639447165 29752
427 1791334639471925 36687
428 1791334639494149 37909
429 1791334639505192 28641
430 1791334639527022 29630
431 1791334639547963 31322
432 1791334639567696 30697
433 1791334639587275 30205
434 1791334639607607 31429
435 1791334639629160 33224
436 1791334639643367 26569
437 1791334639659329 23364
438 1791334639686254 26920
439 1791334639708192 32625
440 1791334639726159 29619
441 1791334639756825 39377
442 1791334639768461 32542
443 1791334639788186 31358
444 1791334639808303 31046
445 1791334639827938 28354
446 1791334639847777 32582
447 1791334639858909 22061
448 1791334639890570 32052
449 1791334639907481 30849
450 1791334639934034 38552
451 1791334639947486 30895
452 1791334639963838 25038
453 1791334639984085 26297
454 1791334639997918 22978
455 1791334640027999 30078
456 1791334640048861 33021
457 1791334640067626 31697
458 1791334640093781 38698
459 1791334640106761 26513
460 1791334640120392 24061
461 1791334640143293 28414
462 1791334640166680 27763
463 1791334640186089 30166
464 1791334640212419 34490
465 1791334640228355 30694
466 1791334640247861 31097
467 1791334640267242 31515
468 1791334640289721 30934
469 1791334640302022 26917
470 1791334640327868 31120
471 1791334640347331 31506
472 1791334640359448 24266
473 1791334640381230 26166
474 1791334640409844 28609
475 1791334640429028 32449
476 1791334640447203 31436
477 1791334640466880 31365
478 1791334640486494 30022
479 1791334640510917 34259
480 1791334640527580 30844
481 1791334640547172 30581
482 1791334640571663 36328
483 1791334640596686 40844
484 1791334640619819 43301
485 1791334640639630 42941
486 1791334640666407 47563
487 1791334640685799 50531
488 1791334640707661 52814
489 1791334640731303 55963
490 1791334640749421 53375
491 1791334640779508 59491
492 1791334640790487 55572
493 1791334640817362 60509
494 1791334640836427 60215
495 1791334640856919 60658
496 1791334640880190 65244
497 1791334640907025 70594
498 1791334640918430 62755
499 1791334640938402 62914
500 1791334640965835 70384
501 1791334640986293 70700
502 1791334641009287 70879
503 1791334641027764 70067
504 1791334641054197 73182
505 1791334641066527 68864
506 1791334641087389 71347
507 1791334641107388 70002
508 1791334641127502 70094
509 1791334641147881 72489
510 1791334641170016 72969
511 1791334641193527 76887
512 1791334641215645 80604
513 1791334641239196 82450
514 1791334641246657 69349
515 1791334641267865 73230
516 1791334641295312 79926
517 1791334641311928 76998
518 1791334641335794 78504
519 1791334641364567 84808
520 1791334641377767 82562
521 1791334641397242 79651
522 1791334641415822 81099
523 1791334641439922 84267
524 1791334641459197 81427
525 1791334641475589 80320
526 1791334641497866 82068
527 1791334641516291 80870
528 1791334641541916 82717
529 1791334641559308 83717
530 1791334641578761 80891
531 1791334641595306 79011
532 1791334641616968 79865
533 1791334641636380 79947
534 1791334641656063 80696
535 1791334641678067 82820
536 1791334641690204 73468
537 1791334641711147 74765
538 1791334641726348 70618
539 1791334641750650 72581
540 1791334641765951 69030
541 1791334641790779 75098
542 1791334641807734 70554
543 1791334641819786 64719
544 1791334641846154 65454
545 1791334641857305 60649
546 1791334641877174 59507
547 1791334641889872 54317
548 1791334641908865 51557
549 1791334641919593 42525
550 1791334641931105 34794
551 1791334641947958 30650
552 1791334641976061 36483
553 1791334641987467 30889
554 1791334642009094 33029
555 1791334642027636 32802
556 1791334642048107 31664
557 1791334642068007 31867
558 1791334642086797 29572
559 1791334642099068 22477
560 1791334642123946 28461
561 1791334642140902 23802
562 1791334642160924 23425
563 1791334642179832 23889
564 1791334642204252 28293
565 1791334642228240 31286
566 1791334642247371 29677
567 1791334642263192 26348
568 1791334642283582 26769
569 1791334642309892 30947
570 1791334642325315 28702
571 1791334642348866 30262
572 1791334642359447 24125
573 1791334642391206 34885
574 1791334642412472 32461
575 1791334642424797 27958
576 1791334642443672 27957
577 1791334642467860 32217
578 1791334642487661 32022
579 1791334642506835 29748
580 1791334642525283 30075
581 1791334642549382 33127
582 1791334642565451 28738
583 1791334642588970 31551
584 1791334642607883 31118
585 1791334642628555 31805
586 1791334642646588 30015
587 1791334642677374 41916
588 1791334642688066 32194
589 1791334642706776 29400
590 1791334642725868 28219
591 1791334642746685 31142
592 1791334642768199 30861
593 1791334642789287 34397
594 1791334642807700 30825
595 1791334642826155 30691
596 1791334642849418 33983
597 1791334642867937 30708
598 1791334642888014 30767
599 1791334642905037 28077
600 1791334642919960 23401
601 1791334642946237 28827
602 1791334642970098 33522
603 1791334642986675 29184
604 1791334643010047 31190
605 1791334643017744 22757
606 1791334643039531 23667
607 1791334643059281 24170
608 1791334643091966 35928
609 1791334643108881 28641
610 1791334643127514 29313
611 1791334643143403 26545
612 1791334643166463 30513
613 1791334643187377 32551
614 1791334643199461 22569
615 1791334643228102 29103
616 1791334643245573 29336
617 1791334643267127 31292
618 1791334643288969 31176
619 1791334643299722 24464
620 1791334643326354 30765
621 1791334643343928 27146
622 1791334643361931 24193
623 1791334643387151 31263
624 1791334643408949 29607
625 1791334643427140 30010
626 1791334643441163 25076
627 1791334643473035 37192
628 1791334643483077 27166
629 1791334643507201 29733
630 1791334643527097 29693
631 1791334643544934 29574
632 1791334643567055 31852
633 1791334643587750 32177
634 1791334643607647 31240
635 1791334643630070 31961
636 1791334643643036 28140
637 1791334643668294 31420
638 1791334643687675 31019
639 1791334643707890 31427
640 1791334643720422 25320
641 1791334643744867 29464
642 1791334643770026 33125
643 1791334643789851 33047
644 1791334643807290 29506
645 1791334643823109 27302
646 1791334643848024 30720
647 1791334643869977 33528
648 1791334643884912 28072
649 1791334643910239 32831
650 1791334643927474 30483
651 1791334643944366 27359
652 1791334643969271 31955
653 1791334643990223 32065
654 1791334644009258 33856
655 1791334644037292 39565
656 1791334644057302 40432
657 1791334644077078 39782
658 1791334644107293 49987
659 1791334644125191 48377
660 1791334644151054 54353
661 1791334644171752 55364
662 1791334644205277 69290
663 1791334644216208 59462
664 1791334644244381 67813
665 1791334644271223 73100
666 1791334644287902 71689
667 1791334644307226 69408
668 1791334644324487 68306
669 1791334644349199 73043
670 1791334644370149 72324
671 1791334644398958 78823
672 1791334644409289 72276
673 1791334644434130 75080
674 1791334644449659 73312
675 1791334644475750 80271
676 1791334644501042 83230
677 1791334644507745 70604
678 1791334644534554 76696
679 1791334644555915 80159
680 1791334644574599 77513
681 1791334644596839 81625
682 1791334644617633 83076
683 1791334644637435 81516
684 1791334644657334 82729
685 1791334644686202 89358
686 1791334644698834 81196
687 1791334644719348 81908
688 1791334644751475 96071
689 1791334644762105 85763
690 1791334644777840 81901
691 1791334644802940 83974
692 1791334644818535 83621
693 1791334644836124 80495
694 1791334644861772 83926
695 1791334644878009 81692
696 1791334644899245 82897
697 1791334644919764 83633
698 1791334644934907 77857
699 1791334644957764 80302
700 1791334644976458 80563
701 1791334644997930 78158
702 1791334645017096 82177
703 1791334645033619 75853
704 1791334645055251 79514
705 1791334645070539 72605
706 1791334645088172 71071
707 1791334645100300 62459
708 1791334645117612 62358
709 1791334645128582 51357
710 1791334645146827 50552
711 1791334645158225 40610
712 1791334645177854 40399
713 1791334645192591 37306
714 1791334645207547 32962
715 1791334645226995 32054
716 1791334645249047 33145
717 1791334645267626 30991
718 1791334645289073 32296
719 1791334645308311 30656
720 1791334645326583 29529
721 1791334645345850 29635
722 1791334645363327 28482
723 1791334645387204 29535
724 1791334645398107 22544
725 1791334645433183 36955
726 1791334645446680 29920
727 1791334645470738 34409
728 1791334645484411 29118
729 1791334645498676 22962
730 1791334645527360 30628
731 1791334645549165 33210
732 1791334645567355 29297
733 1791334645596221 40658
734 1791334645608357 33573
735 1791334645626795 30571
736 1791334645639212 24620
737 1791334645672566 37277
738 1791334645680496 24797
739 1791334645698448 22766
740 1791334645728728 33015
741 1791334645744495 26417
742 1791334645768320 30928
743 1791334645789895 32405
744 1791334645804091 27796
745 1791334645829028 29474
746 1791334645840857 24504
747 1791334645867982 27119
748 1791334645887310 29942
749 1791334645909820 31966
750 1791334645927598 29852
751 1791334645946957 30651
752 1791334645959081 23844
753 1791334645986711 31019
754 1791334646012514 36262
755 1791334646025962 29374
756 1791334646049670 32060
757 1791334646060477 22675
758 1791334646086339 25971
759 1791334646107968 32460
760 1791334646125657 26871
761 1791334646147477 30325
762 1791334646166761 30642
763 1791334646183501 27975
764 1791334646208632 32915
765 1791334646227416 30563
766 1791334646247837 31062
767 1791334646261317 24724
768 1791334646284120 26027
769 1791334646305980 27977
770 1791334646329795 29085
771 1791334646347677 31023
772 1791334646367726 30950
773 1791334646379151 23152
774 1791334646403933 27958
775 1791334646425595 28296
776 1791334646447188 31839
777 1791334646469734 29806
778 1791334646487744 30280
779 1791334646508585 31831
780 1791334646526356 29977
781 1791334646547931 32548
782 1791334646568936 32423
783 1791334646589049 31358
784 1791334646606658 28681
785 1791334646629149 33295
786 1791334646648178 30559
787 1791334646666281 30107
788 1791334646688252 32439
789 1791334646706731 31266
790 1791334646727093 30426
791 1791334646752196 32542
792 1791334646764200 28384
793 1791334646789759 34129
794 1791334646807965 30067
795 1791334646827399 30619
796 1791334646842579 27399
797 1791334646866250 28774
798 1791334646889587 30390
799 1791334646908757 32580
800 1791334646920486 23821
801 1791334646944076 28493
802 1791334646966469 29738
803 1791334646989627 29904
804 1791334647000481 24652
805 1791334647020494 25622
806 1791334647046797 31001
807 1791334647064785 29658
808 1791334647089211 32774
809 1791334647109480 32564
810 1791334647128372 30824
811 1791334647150158 33083
812 1791334647176776 37459
813 1791334647189646 33821
814 1791334647219494 42401
815 1791334647240054 42797
816 1791334647266722 47226
817 1791334647287847 48025
818 1791334647307962 52366
819 1791334647325117 48472
820 1791334647351880 55353
821 1791334647369241 50882
822 1791334647396850 60374
823 1791334647407193 51075
824 1791334647429514 53166
825 1791334647448652 51798
826 1791334647477722 60609
827 1791334647488934 51759
828 1791334647515407 60099
829 1791334647548060 70334
830 1791334647559448 60398
831 1791334647577021 61602
832 1791334647593268 57922
833 1791334647618048 61263
834 1791334647641409 64384
835 1791334647658870 61492
836 1791334647677805 62458
837 1791334647710475 69061
838 1791334647723842 67164
839 1791334647747724 69912
840 1791334647758992 63640
841 1791334647778978 62734
842 1791334647807835 67774
843 1791334647820719 64157
844 1791334647847798 70540
845 1791334647862385 66606
846 1791334647889331 73198
847 1791334647909619 74394
848 1791334647927281 71171
849 1791334647950080 73396
850 1791334647977769 79960
851 1791334647997400 82090
852 1791334648010078 74249
853 1791334648034752 78679
854 1791334648055254 77479
855 1791334648069616 72206
856 1791334648091134 74834
857 1791334648107587 72826
858 1791334648127194 71937
859 1791334648150857 73187
860 1791334648178054 82368
861 1791334648191223 76270
862 1791334648211580 76064
863 1791334648232396 75575
864 1791334648251928 73864
865 1791334648275038 75504
866 1791334648292153 73831
867 1791334648317341 77041
868 1791334648330827 74922
869 1791334648350153 75108
870 1791334648370839 75526
871 1791334648393736 76388
872 1791334648415379 77986
873 1791334648427607 70485
874 1791334648454009 76923
875 1791334648464600 68269
876 1791334648481944 66620
877 1791334648509799 73083
878 1791334648516032 60544
879 1791334648537904 61260
880 1791334648553570 55923
881 1791334648576369 60882
882 1791334648598079 60160
883 1791334648610376 53557
884 1791334648627103 50730
885 1791334648645038 46955
886 1791334648663920 46115
887 1791334648677024 40751
888 1791334648694225 37492
889 1791334648711855 34826
890 1791334648726690 32461
891 1791334648742713 27370
892 1791334648762854 27889
893 1791334648787698 30115
894 1791334648803627 27727
895 1791334648827237 29667
896 1791334648841865 24985
897 1791334648865703 28072
898 1791334648886548 31381
899 1791334648909353 34251
900 1791334648920127 24385
901 1791334648939872 23370
902 1791334648968750 33219
903 1791334648991247 35813
904 1791334649004672 28166
905 1791334649020130 25310
906 1791334649052787 35785
907 1791334649071630 33489
908 1791334649086159 27932
909 1791334649102411 26092
910 1791334649127228 31777
911 1791334649147990 31388
912 1791334649158738 23845
913 1791334649187973 29448
914 1791334649205275 28637
915 1791334649228234 29119
916 1791334649245750 30562
917 1791334649266929 31428
918 1791334649287825 27818
919 1791334649308760 31691
920 1791334649327085 29341
921 1791334649349285 32597
922 1791334649368808 31700
923 1791334649382108 25414
924 1791334649407766 32026
925 1791334649427407 30685
926 1791334649452127 30995
927 1791334649466600 31030
928 1791334649480631 24708
929 1791334649509348 34300
930 1791334649527604 30742
931 1791334649547842 31036
932 1791334649567086 29657
933 1791334649586355 30278
934 1791334649607068 29999
935 1791334649624608 28903
936 1791334649647030 27581
937 1791334649665594 29286
938 1791334649686260 26735
939 1791334649698933 22942
940 1791334649724279 25345
941 1791334649745239 27612
942 1791334649765139 30256
943 1791334649788095 31447
944 1791334649806280 29367
945 1791334649828896 31446
946 1791334649847660 32127
947 1791334649869868 32838
948 1791334649886648 31491
949 1791334649906009 28987
950 1791334649919839 24085
951 1791334649938591 23253
952 1791334649967353 29978
953 1791334649992332 35463
954 1791334650009052 33443
955 1791334650023505 28174
956 1791334650043931 26997
957 1791334650067233 30938
958 1791334650084251 27616
959 1791334650108914 34263
960 1791334650129855 31204
961 1791334650146323 28540
962 1791334650163836 28257
963 1791334650187763 30847
964 1791334650208243 31490
965 1791334650228094 30793
966 1791334650246488 30914
967 1791334650268539 31924
968 1791334650284822 27356
969 1791334650304920 30249
970 1791334650330158 34501
971 1791334650357569 38880
972 1791334650375271 39163
973 1791334650397911 42634
974 1791334650420024 44749
975 1791334650444377 49132
976 1791334650468805 48779
977 1791334650492736 55459
978 1791334650516927 60890
979 1791334650537117 60118
980 1791334650568572 73499
981 1791334650588735 71923
982 1791334650610225 73104
983 1791334650633213 76407
984 1791334650662188 84493
985 1791334650680518 84892
986 1791334650697051 82542
987 1791334650727461 89436
988 1791334650749305 91350
989 1791334650767426 91787
990 1791334650792115 95060
991 1791334650805733 90118
992 1791334650826788 90449
993 1791334650845809 89091
994 1791334650868410 93164
995 1791334650888263 91441
996 1791334650903117 86560
997 1791334650925982 91075
998 1791334650950177 93331
999 1791334650969058 92489
1000 1791334650984059 88965
1001 1791334651015035 97369
1002 1791334651031448 94530
1003 1791334651052880 96744
1004 1791334651063554 87857
1005 1791334651096338 95539
1006 1791334651106771 91732
1007 1791334651126484 90671
1008 1791334651143018 86372
1009 1791334651162859 86866
1010 1791334651179361 83019
1011 1791334651199648 84223
1012 1791334651216107 79803
1013 1791334651231641 73941
1014 1791334651249816 74215
1015 1791334651279048 83278
1016 1791334651289348 73239
1017 1791334651299165 62837
1018 1791334651321225 65476
1019 1791334651347448 68397
1020 1791334651353465 58265
1021 1791334651378119 60340
1022 1791334651391837 55523
1023 1791334651408014 52802
1024 1791334651420827 42706
1025 1791334651431774 36169
1026 1791334651447557 32167
1027 1791334651467708 30508
1028 1791334651478086 22200
1029 1791334651503222 26646
1030 1791334651525582 27854
1031 1791334651548693 31920
1032 1791334651572703 34984
1033 1791334651583178 25245
1034 1791334651606248 30978
1035 1791334651627120 31607
1036 1791334651647676 32348
1037 1791334651657036 21627
1038 1791334651687689 32488
1039 1791334651708989 32064
1040 1791334651729182 32567
1041 1791334651749283 31645
1042 1791334651769512 31440
1043 1791334651779880 23932
1044 1791334651802340 26155
1045 1791334651825591 28580
1046 1791334651853126 38100
1047 1791334651866429 29493
1048 1791334651887944 32522
1049 1791334651907155 29425
1050 1791334651927872 31456
1051 1791334651947711 31435
1052 1791334651968050 31071
1053 1791334651978453 23036
1054 1791334652001112 24750
1055 1791334652026213 29277
1056 1791334652049057 31568
1057 1791334652067846 30874
1058 1791334652086147 30491
1059 1791334652110933 35992
1060 1791334652133032 37605
1061 1791334652148592 32171
1062 1791334652166337 28556
1063 1791334652188054 33217
1064 1791334652206302 29674
1065 1791334652227187 26536
1066 1791334652239068 23918
1067 1791334652268317 32576
1068 1791334652288841 32249
1069 1791334652307411 30895
1070 1791334652323882 27269
1071 1791334652348602 29546
1072 1791334652364873 27127
1073 1791334652386535 29375
1074 1791334652409313 32351
1075 1791334652423969 27018
1076 1791334652441596 26873
1077 1791334652467250 25650
1078 1791334652482332 26614
1079 1791334652506994 32062
1080 1791334652523741 28331
1081 1791334652547998 30964
1082 1791334652560278 25164
1083 1791334652586514 29245
1084 1791334652606854 31627
1085 1791334652629123 28745
1086 1791334652643671 26458
1087 1791334652664867 27486
1088 1791334652686748 30266
1089 1791334652706683 30999
1090 1791334652728938 32958
1091 1791334652750563 33675
1092 1791334652762607 27402
1093 1791334652786975 29220
1094 1791334652806287 28891
1095 1791334652826623 31144
1096 1791334652846334 31147
1097 1791334652868095 32151
1098 1791334652878914 24198
1099 1791334652904858 27232
1100 1791334652920034 24567
1101 1791334652945911 29870
1102 1791334652968577 31688
1103 1791334652987343 29712
1104 1791334653007492 30837
1105 1791334653028096 32317
1106 1791334653039411 22872
1107 1791334653060299 25011
1108 1791334653087694 31653
1109 1791334653106332 29641
1110 1791334653119707 24129
1111 1791334653139986 23463
1112 1791334653162023 26718
1113 1791334653186167 29642
1114 1791334653200517 24843
1115 1791334653227821 31613
1116 1791334653246437 30361
1117 1791334653263653 28161
1118 1791334653287656 30387
1119 1791334653304841 27764
1120 1791334653322956 24946
1121 1791334653346858 30901
1122 1791334653374641 38202
1123 1791334653389208 28584
1124 1791334653399633 24987
1125 1791334653425056 29674
1126 1791334653448263 27939
1127 1791334653469129 31562
1128 1791334653487050 30272
1129 1791334653506206 30004
1130 1791334653524891 28717
1131 1791334653546568 29316
1132 1791334653559265 23515
1133 1791334653584093 27159
1134 1791334653609232 31220
1135 1791334653625567 28205
1136 1791334653641050 26026
1137 1791334653662436 25374
1138 1791334653690948 33002
1139 1791334653706825 31752
1140 1791334653728131 32077
1141 1791334653745708 29977
1142 1791334653761564 25661
1143 1791334653786656 29362
1144 1791334653808681 33147
1145 1791334653827620 30368
1146 1791334653847070 31009
1147 1791334653867271 31030
1148 1791334653896279 35506
1149 1791334653907691 32603
1150 1791334653931947 35787
1151 1791334653954132 38155
1152 1791334653979326 44005
1153 1791334654006887 46434
1154 1791334654027358 48028
1155 1791334654043909 48118
1156 1791334654069627 51697
1157 1791334654094890 57586
1158 1791334654113033 56203
1159 1791334654144639 66945
1160 1791334654160609 65717
1161 1791334654186951 69421
1162 1791334654186957 49638
1163 1791334654186960 30936
1164 1791334654198562 22602
1165 1791334654217803 21378
1166 1791334654239015 23008
1167 1791334654261056 24572
1168 1791334654280422 23829
1169 1791334654302833 25976
1170 1791334654320258 20953
1171 1791334654342733 25896
1172 1791334654361687 25220
1173 1791334654377215 20558
1174 1791334654398468 22167
1175 1791334654419106 22949
1176 1791334654441104 24323
1177 1791334654460937 24305
1178 1791334654480211 23393
1179 1791334654502383 25247
1180 1791334654516649 21135
1181 1791334654537775 21124
1182 1791334654560718 24121
1183 1791334654586231 29231
1184 1791334654600456 24805
1185 1791334654621392 25654
1186 1791334654636091 20925
1187 1791334654657041 21006
1188 1791334654678193 21148
1189 1791334654707219 30329
1190 1791334654720925 24169
1191 1791334654738012 21078
1192 1791334654759029 23187
1193 1791334654779030 22533
1194 1791334654799169 22686
1195 1791334654826048 28640
1196 1791334654840107 22925
1197 1791334654865296 25317
1198 1791334654886842 31315
1199 1791334654899170 23353
1200 1791334654930279 31105
1201 1791334654945189 28278
1202 1791334654959351 23857
1203 1791334654979132 23258
1204 1791334655000218 25671
1205 1791334655021568 25893
1206 1791334655040085 22455
1207 1791334655062656 25402
1208 1791334655076171 21018
1209 1791334655111609 35435
1210 1791334655125145 30614
1211 1791334655135772 20757
1212 1791334655157506 21730
1213 1791334655184213 26704
1214 1791334655199700 22747
1215 1791334655219971 24161
1216 1791334655238037 22281
1217 1791334655257349 21805
1218 1791334655281592 24315
1219 1791334655298082 22095
1220 1791334655321798 26997
1221 1791334655338354 22669
1222 1791334655359943 23563
1223 1791334655382085 27572
1224 1791334655399618 22228
1225 1791334655420116 23142
1226 1791334655445924 28567
1227 1791334655456788 21397
1228 1791334655481283 24491
1229 1791334655507481 29680
1230 1791334655518918 24390
1231 1791334655538678 22372
1232 1791334655559987 24788
1233 1791334655582602 23327
1234 1791334655599937 23122
1235 1791334655617604 21967
1236 1791334655642890 25283
1237 1791334655656922 21359
1238 1791334655679314 22388
1239 1791334655700210 20892
1240 1791334655719068 22736
1241 1791334655747246 30808
1242 1791334655759323 23841
1243 1791334655779948 23845
1244 1791334655800525 23584
1245 1791334655819106 22618
1246 1791334655846046 27120
1247 1791334655860758 22440
1248 1791334655884661 23896
1249 1791334655897867 20771
1250 1791334655917795 22117
1251 1791334655937798 22502
1252 1791334655966699 29138
1253 1791334655978576 21347
1254 1791334656002679 25052
1255 1791334656019568 22825
1256 1791334656039217 24377
1257 1791334656064876 28463
1258 1791334656085520 29884
1259 1791334656100538 21256
1260 1791334656122962 25840
1261 1791334656139800 23328
1262 1791334656162237 26794
1263 1791334656177180 21030
1264 1791334656200979 23796
1265 1791334656221414 24533
1266 1791334656237667 21071
1267 1791334656257489 22635
1268 1791334656286728 29236
1269 1791334656297480 22679
1270 1791334656320917 23433
1271 1791334656339304 23240
1272 1791334656359347 22445
1273 1791334656378886 23051
1274 1791334656396596 21513
1275 1791334656416262 21203
1276 1791334656439934 23669
1277 1791334656457270 20678
1278 1791334656477374 22037
1279 1791334656499032 24165
1280 1791334656525980 26944
1281 1791334656536246 20781
1282 1791334656564659 28410
1283 1791334656579456 23201
1284 1791334656601843 24642
1285 1791334656618449 20718
1286 1791334656646664 30834
1287 1791334656658030 21690
1288 1791334656684226 26485
1289 1791334656703209 27500
1290 1791334656719166 22624
1291 1791334656739717 20546
1292 1791334656764969 29648
1293 1791334656786726 31421
1294 1791334656800421 25194
1295 1791334656829052 28975
1296 1791334656842393 26121
1297 1791334656867731 29819
1298 1791334656879463 24450
1299 1791334656904817 25351
1300 1791334656919334 21684
1301 1791334656943768 27804
1302 1791334656963578 26996
1303 1791334656981902 24785
1304 1791334657004135 25026
1305 1791334657022292 26795
1306 1791334657038898 21523
1307 1791334657056423 21170
1308 1791334657077389 20963
1309 1791334657107307 29915
1310 1791334657117675 21028
1311 1791334657140211 22580
1312 1791334657161303 23991
1313 1791334657178615 21169
1314 1791334657196500 21860
1315 1791334657217531 21027
1316 1791334657243789 26255
1317 1791334657267597 31772
1318 1791334657277748 21268
1319 1791334657299704 23917
1320 1791334657317807 22694
1321 1791334657347141 29332
1322 1791334657361122 25284
1323 1791334657391966 36074
1324 1791334657409461 34156
1325 1791334657435153 39180
1326 1791334657440399 25130
1327 1791334657491362 56205
1328 1791334657530449 75313
1329 1791334657558618 82236
1330 1791334657574043 76786
1331 1791334657589780 72829
1332 1791334657617497 80941
1333 1791334657643224 84601
1334 1791334657654791 76873
1335 1791334657678662 81730
1336 1791334657707077 89577
1337 1791334657726103 88072
1338 1791334657739133 84340
1339 1791334657762208 85145
1340 1791334657785154 88517
1341 1791334657806698 89851
1342 1791334657826767 88999
1343 1791334657848532 87334
1344 1791334657880081 98625
1345 1791334657890168 93719
1346 1791334657906990 90065
1347 1791334657927946 91176
1348 1791334657947500 92353
1349 1791334657975974 98995
1350 1791334657993427 96984
1351 1791334658013301 96011
1352 1791334658037756 101591
1353 1791334658071385 115052
1354 1791334658077027 101050
1355 1791334658105201 110451
1356 1791334658117799 103052
1357 1791334658143488 105728
1358 1791334658160136 103391
1359 1791334658197747 120718
1360 1791334658208690 110582
1361 1791334658227655 110918
1362 1791334658256490 119375
1363 1791334658264499 107406
1364 1791334658282421 103164
1365 1791334658296860 99839
1366 1791334658327124 109759
1367 1791334658340295 103247
1368 1791334658359763 103256
1369 1791334658387951 110829
1370 1791334658402894 107059
1371 1791334658424704 107003
1372 1791334658451848 115505
1373 1791334658466768 112303
1374 1791334658497698 120716
1375 1791334658509037 113478
1376 1791334658536391 119673
1377 1791334658540065 104250
1378 1791334658561963 105923
1379 1791334658581170 104913
1380 1791334658589611 93039
1381 1791334658600237 79865
1382 1791334658616725 80655
1383 1791334658637667 80756
1384 1791334658666982 89079
1385 1791334658679851 84202
1386 1791334658689203 73096
1387 1791334658709786 72116
1388 1791334658717036 60202
1389 1791334658735179 57399
1390 1791334658746189 49620
1391 1791334658756847 40811
1392 1791334658768238 33058
1393 1791334658781182 24659
1394 1791334658811044 33170
1395 1791334658828606 31962
1396 1791334658852882 35013
1397 1791334658863809 27168
1398 1791334658891069 33718
1399 1791334658906355 28138
1400 1791334658923592 27718
1401 1791334658952840 34166
1402 1791334658969271 32397
1403 1791334658983080 27674
1404 1791334659021244 43575
1405 1791334659029362 32267
1406 1791334659053817 37944
1407 1791334659060696 25436
1408 1791334659083446 28448
1409 1791334659117100 33647
1410 1791334659121230 26455
1411 1791334659142494 25391
1412 1791334659167960 32338
1413 1791334659188292 31659
1414 1791334659210240 33205
1415 1791334659232888 36866
1416 1791334659249389 34807
1417 1791334659270519 35465
1418 1791334659280596 24776
1419 1791334659304770 27262
1420 1791334659335509 39034
1421 1791334659352596 34992
1422 1791334659367540 32027
1423 1791334659388752 32337
1424 1791334659408041 29040
1425 1791334659419434 24466
1426 1791334659439761 21965
1427 1791334659467153 31734
1428 1791334659490849 33346
1429 1791334659515844 39749
1430 1791334659527884 30986
1431 1791334659542585 26738
1432 1791334659568202 31922
1433 1791334659582324 24585
1434 1791334659610231 32300
1435 1791334659628445 31711
1436 1791334659651847 35698
1437 1791334659667992 33326
1438 1791334659699539 42695
1439 1791334659713963 38360
1440 1791334659741946 42405
1441 1791334659754124 36004
1442 1791334659766785 29194
1443 1791334659794417 36962
1444 1791334659814006 38533
1445 1791334659827646 33228
1446 1791334659856150 38083
1447 1791334659866873 30056
1448 1791334659907102 51375
1449 1791334659933488 58014
1450 1791334659933503 33965
1451 1791334659945908 30209
1452 1791334659971653 34241
1453 1791334659993005 31211
1454 1791334660000388 24029
1455 1791334660038921 43537
1456 1791334660065784 50502
1457 1791334660069511 33091
1458 1791334660104420 38631
1459 1791334660133379 49838
1460 1791334660137463 36512
1461 1791334660148209 30788
1462 1791334660175480 38858
1463 1791334660195648 39624
1464 1791334660212492 37009
1465 1791334660230098 34444
1466 1791334660251250 34406
1467 1791334660269480 33769
1468 1791334660293492 38697
1469 1791334660327706 52395
1470 1791334660329699 33844
1471 1791334660379424 51708
1472 1791334660382645 37873
1473 1791334660400451 41860
1474 1791334660411222 31791
1475 1791334660428906 33185
1476 1791334660458011 38576
1477 1791334660477328 31233
1478 1791334660493786 35769
1479 1791334660512132 34798
1480 1791334660555274 55772
1481 1791334660566612 37182
1482 1791334660600521 45240
1483 1791334660600526 44718
1484 1791334660608557 32592
1485 1791334660630898 34899
1486 1791334660655520 39400
1487 1791334660674654 38709
1488 1791334660691467 35935
1489 1791334660724212 49547
1490 1791334660737857 40611
1491 1791334660749507 31643
1492 1791334660769464 31604
1493 1791334660790635 29235
1494 1791334660817986 41043
1495 1791334660837904 40973
1496 1791334660849902 33723
1497 1791334660867480 29924
1498 1791334660899128 40768
1499 1791334660911430 36542
1500 1791334660928438 33328
1501 1791334660966510 49384
1502 1791334660980395 45196
1503 1791334660999075 42176
1504 1791334661022082 42058
1505 1791334661028798 31094
1506 1791334661052506 36277
1507 1791334661076863 40490
1508 1791334661091948 34477
1509 1791334661114450 37670
1510 1791334661132789 37519
1511 1791334661148078 33613
1512 1791334661172567 36375
1513 1791334661190271 32369
1514 1791334661218505 41543
1515 1791334661231215 33544
1516 1791334661262632 45090
1517 1791334661285999 48477
1518 1791334661290319 34309
1519 1791334661309571 32511
1520 1791334661329972 34852
1521 1791334661359448 44537
1522 1791334661377847 42364
1523 1791334661401850 44061
1524 1791334661425382 47533
1525 1791334661447084 45230
1526 1791334661458136 41312
1527 1791334661475590 40665
1528 1791334661502154 45354
1529 1791334661517319 41967
1530 1791334661538890 42357
1531 1791334661559537 42216
1532 1791334661573295 36752
1533 1791334661596067 38581
1534 1791334661627012 49451
1535 1791334661639183 43855
1536 1791334661674752 58426
1537 1791334661681519 44187
1538 1791334661705076 47002
1539 1791334661717578 42822
1540 1791334661737485 41341
1541 1791334661761338 44753
1542 1791334661776376 39133
1543 1791334661806931 49708
1544 1791334661818925 44305
1545 1791334661838727 42987
1546 1791334661867267 51303
1547 1791334661880748 44620
1548 1791334661899879 42210
1549 1791334661929778 50621
1550 1791334661934299 38428
1551 1791334661963510 46018
1552 1791334661978009 43707
1553 1791334662009185 50969
1554 1791334662020522 42510
1555 1791334662037830 41836
1556 1791334662058889 39895
1557 1791334662081953 45906
1558 1791334662093497 37040
1559 1791334662120058 42234
1560 1791334662134182 36640
1561 1791334662167205 50175
1562 1791334662190219 54323
1563 1791334662198829 39779
1564 1791334662219959 41819
1565 1791334662241586 45865
1566 1791334662266152 50307
1567 1791334662277367 39761
1568 1791334662299910 43391
1569 1791334662318092 42510
1570 1791334662348339 51051
1571 1791334662365640 49674
1572 1791334662386406 49400
1573 1791334662417748 59581
1574 1791334662427290 50151
1575 1791334662449920 54570
1576 1791334662456967 40061
1577 1791334662478042 42899
1578 1791334662499543 43381
1579 1791334662521976 46232
1580 1791334662546397 47187
1581 1791334662567146 49392
1582 1791334662593197 56479
1583 1791334662605861 50927
1584 1791334662627230 48744
1585 1791334662644180 45841
1586 1791334662668408 50244
1587 1791334662693446 56380
1588 1791334662706094 49458
1589 1791334662729182 52192
1590 1791334662742392 45843
1591 1791334662769546 51876
1592 1791334662789450 51114
1593 1791334662811836 54216
1594 1791334662821009 44419
1595 1791334662854033 56146
1596 1791334662868042 52665
1597 1791334662893493 56243
1598 1791334662910014 54647
1599 1791334662936018 58572
1600 1791334662951511 55135
1601 1791334662968826 53411
1602 1791334662995650 60410
1603 1791334663024871 67008
1604 1791334663026496 48943
1605 1791334663060134 64480
1606 1791334663090112 73417
1607 1791334663093945 56791
1608 1791334663119248 62289
1609 1791334663127904 51255
1610 1791334663153964 56959
1611 1791334663165731 48782
1612 1791334663196266 60949
1613 1791334663210994 53359
1614 1791334663231479 55391
1615 1791334663249043 52773
1616 1791334663273043 55930
1617 1791334663297877 62595
1618 1791334663313117 56530
1619 1791334663337129 59771
1620 1791334663356135 59155
1621 1791334663376295 59608
1622 1791334663395639 59510
1623 1791334663416916 60769
1624 1791334663440421 64124
1625 1791334663466028 70794
1626 1791334663479109 62189
1627 1791334663510136 72748
1628 1791334663518913 62349
1629 1791334663547945 71141
1630 1791334663557004 59531
1631 1791334663586349 68871
1632 1791334663605061 62513
1633 1791334663618884 62362
1634 1791334663639368 63682
1635 1791334663660840 66241
1636 1791334663690654 74103
1637 1791334663706625 69278
1638 1791334663723329 67553
1639 1791334663742780 67603
1640 1791334663758582 61623
1641 1791334663778659 57835
1642 1791334663812680 74576
1643 1791334663828031 70368
1644 1791334663845389 69558
1645 1791334663870933 73825
1646 1791334663882884 66726
1647 1791334663901860 65214
1648 1791334663925812 68976
1649 1791334663937747 59769
1650 1791334663969926 72272
1651 1791334663983442 66230
1652 1791334664009236 74208
1653 1791334664024383 66078
1654 1791334664048735 72782
1655 1791334664059807 64639
1656 1791334664089277 74090
1657 1791334664108989 73722
1658 1791334664137846 82452
1659 1791334664143693 68493
1660 1791334664159184 64154
1661 1791334664175552 59148
1662 1791334664199132 62126
1663 1791334664218837 63913
1664 1791334664247064 71509
1665 1791334664266375 70807
1666 1791334664293618 76371
1667 1791334664319484 82951
1668 1791334664333599 77308
1669 1791334664353748 78387
1670 1791334664371626 75890
1671 1791334664397981 78799
1672 1791334664404852 69545
1673 1791334664419612 64866
1674 1791334664446509 71194
1675 1791334664461529 65238
1676 1791334664484940 68916
1677 1791334664499982 65077
1678 1791334664517180 60850
1679 1791334664532788 55688
1680 1791334664555667 58712
1681 1791334664570004 52821
1682 1791334664580260 43168
1683 1791334664600557 45188
1684 1791334664625281 49853
1685 1791334664640925 45820
1686 1791334664659926 44508
1687 1791334664680254 40340
1688 1791334664704129 48079
1689 1791334664726804 46547
1690 1791334664742937 45248
1691 1791334664749757 32513
1692 1791334664779107 42628
1693 1791334664785398 30150
1694 1791334664819814 40704
1695 1791334664824196 27009
1696 1791334664841183 25074
1697 1791334664867945 32330
1698 1791334664899438 38963
1699 1791334664904733 28567
1700 1791334664921007 22963
1701 1791334664958802 41818
1702 1791334664970988 35189
1703 1791334664996316 37511
1704 1791334665011426 35373
1705 1791334665026861 31324
1706 1791334665050908 33338
1707 1791334665076327 41222
1708 1791334665089984 33966
1709 1791334665101795 25953
1710 1791334665132454 36040
1711 1791334665146995 30929
1712 1791334665164882 28117
1713 1791334665190853 33749
1714 1791334665209403 32351
1715 1791334665219747 23752
1716 1791334665248191 33334
1717 1791334665274107 36617
1718 1791334665290370 34817
1719 1791334665311184 35915
1720 1791334665330856 33698
1721 1791334665349635 33718
1722 1791334665370868 33229
1723 1791334665392081 35034
1724 1791334665408383 30514
1725 1791334665443749 46368
1726 1791334665465403 49451
1727 1791334665466823 29739
1728 1791334665490824 34628
1729 1791334665512029 34767
1730 1791334665540858 45391
1731 1791334665548689 31999
1732 1791334665587206 51521
1733 1791334665595686 38600
1734 1791334665605676 29292
1735 1791334665627873 32184
1736 1791334665656992 40924
1737 1791334665670200 33461
1738 1791334665691854 36684
1739 1791334665722326 43046
1740 1791334665730929 35884
1741 1791334665757860 39777
1742 1791334665767537 32391
1743 1791334665794211 38530
1744 1791334665822238 45852
1745 1791334665834358 37896
1746 1791334665848131 29560
1747 1791334665892067 57706
1748 1791334665896822 40948
1749 1791334665926459 48936
1750 1791334665938202 41375
1751 1791334665959528 44358
1752 1791334665980733 44560
1753 1791334666010854 52354
1754 1791334666021165 43281
1755 1791334666044333 45689
1756 1791334666059930 40630
1757 1791334666078610 42296
1758 1791334666103411 46675
1759 1791334666122574 45708
1760 1791334666139191 43125
1761 1791334666158401 42425
1762 1791334666191623 54159
1763 1791334666207762 50256
1764 1791334666230079 51917
1765 1791334666246327 49179
1766 1791334666266337 50984
1767 1791334666296798 58541
1768 1791334666307254 49796
1769 1791334666334016 55709
1770 1791334666345344 49656
1771 1791334666368729 51023
1772 1791334666381232 45315
1773 1791334666420426 63179
1774 1791334666421324 43802
1775 1791334666457372 59507
1776 1791334666471496 52007
1777 1791334666493649 53592
1778 1791334666507168 49794
1779 1791334666515856 37966
1780 1791334666545677 50008
1781 1791334666568009 52617
1782 1791334666586745 50800
1783 1791334666601746 44921
1784 1791334666627938 52725
1785 1791334666649361 51587
1786 1791334666671102 54786
1787 1791334666688488 53178
1788 1791334666706553 49806
1789 1791334666737499 59661
1790 1791334666753975 57630
1791 1791334666774138 58085
1792 1791334666791773 55065
1793 1791334666817075 61601
1794 1791334666829583 53844
1795 1791334666857572 56710
1796 1791334666870044 53934
1797 1791334666898029 63214
1798 1791334666910767 53627
1799 1791334666938396 61941
1800 1791334666958358 62614
1801 1791334666971185 55967
1802 1791334666987971 50000
1803 1791334667003921 46171
1804 1791334667037204 59411
1805 1791334667049205 51652
1806 1791334667081631 63865
1807 1791334667101522 64931
1808 1791334667124165 64462
1809 1791334667141837 61831
1810 1791334667159357 57829
1811 1791334667184165 65326
1812 1791334667217792 79607
1813 1791334667223428 64068
1814 1791334667229603 53372
1815 1791334667269852 69408
1816 1791334667282884 65088
1817 1791334667296225 57199
1818 1791334667320156 65124
1819 1791334667336724 59271
1820 1791334667357530 61878
1821 1791334667369585 54216
1822 1791334667397087 60361
1823 1791334667409651 53121
1824 1791334667437222 60700
1825 1791334667457006 60609
1826 1791334667475759 59241
1827 1791334667492022 55958
1828 1791334667517201 61120
1829 1791334667546553 70792
1830 1791334667558404 63312
1831 1791334667587257 70053
1832 1791334667598467 62610
1833 1791334667616891 61705
1834 1791334667630604 54905
1835 1791334667658816 62394
1836 1791334667687424 70529
1837 1791334667703174 67770
1838 1791334667714401 59124
1839 1791334667742248 65515
1840 1791334667767153 69202
1841 1791334667784532 70127
1842 1791334667800183 64832
1843 1791334667824074 67726
1844 1791334667844617 68032
1845 1791334667865249 69242
1846 1791334667891651 68451
1847 1791334667900393 64892
1848 1791334667922572 66716
1849 1791334667949367 73389
1850 1791334667970333 72731
1851 1791334667987086 71296
1852 1791334667999951 64796
1853 1791334668029016 74187
1854 1791334668049625 72397
1855 1791334668073366 77338
1856 1791334668089644 73532
1857 1791334668119027 81952
1858 1791334668129355 74436
1859 1791334668142136 67478
1860 1791334668165710 68873
1861 1791334668185389 68446
1862 1791334668200065 65224
1863 1791334668226735 70623
1864 1791334668245983 65263
1865 1791334668256865 59074
1866 1791334668281345 65599
1867 1791334668287591 48885
1868 1791334668300502 44488
1869 1791334668316915 39433
1870 1791334668329210 32889
1871 1791334668344976 29784
1872 1791334668371352 35115
1873 1791334668387730 31773
1874 1791334668402767 27608
1875 1791334668423093 25800
1876 1791334668446950 29906
1877 1791334668461184 24503
1878 1791334668485666 29421
1879 1791334668516759 38717
1880 1791334668524116 26232
1881 1791334668541952 26715
1882 1791334668564696 26885
1883 1791334668585420 30287
1884 1791334668616375 38746
1885 1791334668632620 35614
1886 1791334668647411 31715
1887 1791334668666892 30564
1888 1791334668685733 28813
1889 1791334668706172 28766
1890 1791334668720271 23294
1891 1791334668747999 32218
1892 1791334668775286 39262
1893 1791334668787834 32546
1894 1791334668806985 31696
1895 1791334668830086 32920
1896 1791334668847417 30667
1897 1791334668871576 35669
1898 1791334668879644 24569
1899 1791334668910282 35506
1900 1791334668930415 33045
1901 1791334668946931 21282
1902 1791334668982104 45966
1903 1791334668983045 25549
1904 1791334669009020 30992
1905 1791334669027997 29643
1906 1791334669044489 27770
1907 1791334669061967 25629
1908 1791334669099595 39254
1909 1791334669112753 34693
1910 1791334669129290 29686
1911 1791334669157857 38491
1912 1791334669181064 45805
1913 1791334669186825 28960
1914 1791334669206733 25661
1915 1791334669228353 32922
1916 1791334669247072 31994
1917 1791334669270690 32988
1918 1791334669292285 34604
1919 1791334669309038 30961
1920 1791334669320498 25421
1921 1791334669357393 42027
1922 1791334669366801 29056
1923 1791334669385282 28175
1924 1791334669414702 37129
1925 1791334669425608 29751
1926 1791334669450087 35381
1927 1791334669461891 26579
1928 1791334669479859 23172
1929 1791334669526122 49838
1930 1791334669537741 42117
1931 1791334669566488 40360
1932 1791334669571354 34354
1933 1791334669592835 32056
1934 1791334669608286 30120
1935 1791334669634672 38156
1936 1791334669648491 32570
1937 1791334669670771 36094
1938 1791334669688053 32489
1939 1791334669718557 42088
1940 1791334669726832 31677
1941 1791334669747561 29001
1942 1791334669764199 28309
1943 1791334669788078 32419
1944 1791334669809446 31489
1945 1791334669829368 33148
1946 1791334669846579 31010
1947 1791334669880576 40380
1948 1791334669895024 37115
1949 1791334669909925 33277
1950 1791334669929506 34476
1951 1791334669961348 36285
1952 1791334669982844 43459
1953 1791334669993368 36237
1954 1791334670023099 44837
1955 1791334670033673 38682
1956 1791334670074328 51218
1957 1791334670080619 42408
1958 1791334670096885 41536
1959 1791334670136694 62360
1960 1791334670149687 53745
1961 1791334670170186 52530
1962 1791334670207740 71043
1963 1791334670207760 39770
1964 1791334670232523 54285
1965 1791334670256490 48744
1966 1791334670261344 45361
1967 1791334670283390 43952
1968 1791334670300464 44961
1969 1791334670326962 48679
1970 1791334670338179 39185
1971 1791334670360952 44373
1972 1791334670380598 44347
1973 1791334670406058 45689
1974 1791334670415310 39881
1975 1791334670436565 38501
1976 1791334670467120 51246
1977 1791334670486796 51025
1978 1791334670506819 50223
1979 1791334670522224 45867
1980 1791334670544231 48923
1981 1791334670559067 43076
1982 1791334670576909 39846
1983 1791334670598996 43014
1984 1791334670616760 39847
1985 1791334670636243 41008
1986 1791334670654375 38592
1987 1791334670689831 54083
1988 1791334670697905 43526
1989 1791334670717143 41842
1990 1791334670733410 36918
1991 1791334670770425 52970
1992 1791334670797451 59212
1993 1791334670802884 46131
1994 1791334670829084 52769
1995 1791334670842966 45510
1996 1791334670859248 43431
1997 1791334670886931 49324
1998 1791334670913486 55710
1999 1791334670931496 54125
2000 1791334670953640 58221
2001 1791334670970244 54222
2002 1791334670993749 57381
2003 1791334671002185 45059
2004 1791334671027651 48499
2005 1791334671054028 51836
2006 1791334671064044 48074
2007 1791334671093000 57454
2008 1791334671112319 55453
2009 1791334671126626 48452
2010 1791334671170223 64901
2011 1791334671180782 56260
2012 1791334671201271 63578
2013 1791334671208974 53139
2014 1791334671239478 61722
2015 1791334671250014 52097
2016 1791334671270113 53509
2017 1791334671291138 52870
2018 1791334671308014 51196
2019 1791334671338315 62357
2020 1791334671349016 52022
2021 1791334671377019 59585
2022 1791334671391711 55148
2023 1791334671415502 55212
2024 1791334671438575 61549
2025 1791334671455987 58568
2026 1791334671479318 63810
2027 1791334671501151 62573
2028 1791334671509058 53411
2029 1791334671540534 62011
2030 1791334671562511 67263
2031 1791334671575398 57790
2032 1791334671609270 70043
2033 1791334671613606 57096
2034 1791334671639554 64152
2035 1791334671660688 62963
2036 1791334671677073 59822
2037 1791334671699325 63961
2038 1791334671719170 62329
2039 1791334671749150 72072
2040 1791334671763159 65182
2041 1791334671787628 71196
2042 1791334671811720 75424
2043 1791334671821248 64354
2044 1791334671848321 72707
2045 1791334671865888 70187
2046 1791334671887345 71811
2047 1791334671910737 74146
2048 1791334671929094 74122
2049 1791334671951965 74395
2050 1791334671966886 71830
2051 1791334671982160 64681
2052 1791334671996247 60361
2053 1791334672020575 65208
2054 1791334672040520 63013
2055 1791334672072832 76648
2056 1791334672087645 71580
2057 1791334672122783 84881
2058 1791334672133429 77901
2059 1791334672148442 71484
2060 1791334672182431 84387
2061 1791334672189337 71682
2062 1791334672217408 82487
2063 1791334672228018 71969
2064 1791334672241483 64357
2065 1791334672272946 76875
2066 1791334672287877 70466
2067 1791334672312799 76837
2068 1791334672335883 78631
2069 1791334672346184 70246
2070 1791334672371768 75651
2071 1791334672394144 76710
2072 1791334672407494 72033
2073 1791334672427671 69805
2074 1791334672439901 61216
2075 1791334672461342 63171
2076 1791334672477777 60310
2077 1791334672498002 62296
2078 1791334672519026 60819
2079 1791334672545484 69888
2080 1791334672565033 68944
2081 1791334672574184 56484
2082 1791334672598187 62046
2083 1791334672607285 48895
2084 1791334672632544 55248
2085 1791334672654235 57280
2086 1791334672655512 39872
2087 1791334672675593 38145
2088 1791334672684886 30648
2089 1791334672713538 38444
2090 1791334672727980 32354
2091 1791334672745940 30097
2092 1791334672765795 28992
2093 1791334672796883 40508
2094 1791334672816473 39236
2095 1791334672821023 24617
2096 1791334672841002 24525
2097 1791334672878094 38637
2098 1791334672884012 28177
2099 1791334672907279 30530
2100 1791334672927542 29992
2101 1791334672940043 23646
2102 1791334672972810 36322
2103 1791334672987922 32147
2104 1791334673009833 33369
2105 1791334673026406 29827
2106 1791334673056819 35487
2107 1791334673069253 32382
2108 1791334673083687 28633
2109 1791334673107916 30473
2110 1791334673136215 38532
2111 1791334673144490 28230
2112 1791334673162202 27435
2113 1791334673183293 28169
2114 1791334673210615 33659
2115 1791334673226262 30102
2116 1791334673248612 32756
2117 1791334673269554 32912
2118 1791334673286776 30472
2119 1791334673307738 29820
2120 1791334673326070 30278
2121 1791334673348833 30818
2122 1791334673362391 24249
2123 1791334673389482 31168
2124 1791334673408666 29970
2125 1791334673432639 33870
2126 1791334673450278 33209
2127 1791334673471142 29970
2128 1791334673492999 37699
2129 1791334673504054 27721
2130 1791334673533901 38627
2131 1791334673549858 32937
2132 1791334673564949 29459
2133 1791334673589069 30488
2134 1791334673624036 45959
2135 1791334673624047 24000
2136 1791334673646893 28071
2137 1791334673666137 28949
2138 1791334673707148 50903
2139 1791334673715204 37892
2140 1791334673737447 36045
2141 1791334673743647 28439
2142 1791334673773568 36115
2143 1791334673793423 35696
2144 1791334673817555 38795
2145 1791334673828875 30306
2146 1791334673845187 28039
2147 1791334673865007 27759
2148 1791334673887490 29880
2149 1791334673908264 30530
2150 1791334673922346 27278
2151 1791334673952941 36059
2152 1791334673971999 33671
2153 1791334673989981 30417
2154 1791334674007082 31048
2155 1791334674029255 33283
2156 1791334674050493 32504
2157 1791334674088715 49458
2158 1791334674088732 29147
2159 1791334674124854 46587
2160 1791334674137516 37607
2161 1791334674143056 25408
2162 1791334674163549 28089
2163 1791334674179265 23419
2164 1791334674213463 37027
2165 1791334674235565 36718
2166 1791334674249265 31848
2167 1791334674269245 33676
2168 1791334674292179 36692
2169 1791334674316185 38868
2170 1791334674341792 43965
2171 1791334674341801 26461
2172 1791334674361424 25317
2173 1791334674403008 45239
2174 1791334674409332 34533
2175 1791334674440938 42463
2176 1791334674448430 28397
2177 1791334674479217 42326
2178 1791334674499316 39832
2179 1791334674517498 38870
2180 1791334674530688 34891
2181 1791334674557733 41097
2182 1791334674581428 44257
2183 1791334674597048 40972
2184 1791334674623654 45383
2185 1791334674635144 39695
2186 1791334674656887 39185
2187 1791334674681037 45885
2188 1791334674689274 33869
2189 1791334674710456 34718
2190 1791334674736560 39236
2191 1791334674749676 33893
2192 1791334674772789 36225
2193 1791334674800100 43041
2194 1791334674816932 41016
2195 1791334674840995 43157
2196 1791334674851223 34580
2197 1791334674879442 43709
2198 1791334674898720 40200
2199 1791334674912276 36654
2200 1791334674952475 55785
2201 1791334674970981 56434
2202 1791334674980621 45712
2203 1791334675003153 46412
2204 1791334675024951 45181
2205 1791334675053640 50481
2206 1791334675067076 42118
2207 1791334675084378 41306
2208 1791334675107500 52164
2209 1791334675130538 51586
2210 1791334675141396 44783
2211 1791334675157314 42413
2212 1791334675189791 52146
2213 1791334675200515 44607
2214 1791334675229575 52962
2215 1791334675251025 53904
2216 1791334675269952 49806
2217 1791334675286802 50626
2218 1791334675308970 51894
2219 1791334675339358 63585
2220 1791334675348048 52107
2221 1791334675374197 57349
2222 1791334675399224 59862
2223 1791334675418367 60817
2224 1791334675435110 58576
2225 1791334675459778 61327
2226 1791334675474253 56501
2227 1791334675498992 63877
2228 1791334675518107 61152
2229 1791334675532122 57865
2230 1791334675549135 51806
2231 1791334675578687 60576
2232 1791334675601421 66042
2233 1791334675608754 52895
2234 1791334675629370 51700
2235 1791334675650629 53627
2236 1791334675672580 55911
2237 1791334675687121 49782
2238 1791334675713547 55830
2239 1791334675737020 61126
2240 1791334675758268 61945
2241 1791334675779552 63352
2242 1791334675798048 61020
2243 1791334675818698 60421
2244 1791334675844159 68700
2245 1791334675850174 52121
2246 1791334675887066 71645
2247 1791334675892082 57225
2248 1791334675920998 61030
2249 1791334675929830 53930
2250 1791334675964457 68888
2251 1791334675980609 61185
2252 1791334676003927 67889
2253 1791334676021822 63684
2254 1791334676040634 64175
2255 1791334676054670 57779
2256 1791334676082392 65135
2257 1791334676100487 59847
2258 1791334676127502 72825
2259 1791334676139803 64818
2260 1791334676176735 81409
2261 1791334676187543 68184
2262 1791334676202159 66588
2263 1791334676223837 64435
2264 1791334676243439 67530
2265 1791334676269921 74754
2266 1791334676290621 72731
2267 1791334676310093 68387
2268 1791334676317098 60972
2269 1791334676341396 63894
2270 1791334676358694 58937
2271 1791334676381520 65580
2272 1791334676397190 61583
2273 1791334676419471 62198
2274 1791334676440060 62881
2275 1791334676459811 63037
2276 1791334676496135 76660
2277 1791334676507886 69677
2278 1791334676524657 68117
2279 1791334676547346 71358
2280 1791334676560467 65020
2281 1791334676591282 74494
2282 1791334676612650 75608
2283 1791334676638540 79635
2284 1791334676659808 85014
2285 1791334676676475 79039
2286 1791334676702040 86177
2287 1791334676716085 79811
2288 1791334676731279 73356
2289 1791334676749570 73090
2290 1791334676763901 67695
2291 1791334676788454 72751
2292 1791334676810878 75124
2293 1791334676835885 78766
2294 1791334676848754 71591
2295 1791334676876701 81518
2296 1791334676897866 80977
2297 1791334676914272 78809
2298 1791334676945329 86661
2299 1791334676958824 82116
2300 1791334676982665 86541
2301 1791334677001543 87266
2302 1791334677014949 75728
2303 1791334677028007 70958
2304 1791334677067062 84391
2305 1791334677067073 70336
2306 1791334677083950 68996
2307 1791334677109371 71895
2308 1791334677111609 55438
2309 1791334677134229 56102
2310 1791334677149575 51557
2311 1791334677157956 38046
2312 1791334677170272 36039
2313 1791334677189482 31904
2314 1791334677202726 25068
2315 1791334677236208 38342
2316 1791334677243478 26955
2317 1791334677263444 27230
2318 1791334677288847 32470
2319 1791334677314717 35830
2320 1791334677337578 42175
2321 1791334677345755 31032
2322 1791334677374138 36557
2323 1791334677379464 24109
2324 1791334677399446 23126
2325 1791334677427137 32181
2326 1791334677446413 29107
2327 1791334677478288 40385
2328 1791334677488973 30756
2329 1791334677507188 28897
2330 1791334677521842 23435
2331 1791334677537529 21293
2332 1791334677559172 21635
2333 1791334677578664 23094
2334 1791334677600202 23627
2335 1791334677622621 25568
2336 1791334677648512 25980
2337 1791334677659067 22712
2338 1791334677678305 21577
2339 1791334677698610 22748
2340 1791334677717961 22303
2341 1791334677737281 22316
2342 1791334677764912 27627
2343 1791334677783241 25375
2344 1791334677799570 23063
2345 1791334677823880 25753
2346 1791334677844678 28190
2347 1791334677861047 25553
2348 1791334677876199 21205
2349 1791334677904202 28078
2350 1791334677922447 25519
2351 1791334677939503 22779
2352 1791334677966808 31166
2353 1791334677979148 23581
2354 1791334678000994 25727
2355 1791334678021632 22512
2356 1791334678039806 23102
2357 1791334678062233 24926
2358 1791334678077140 21302
2359 1791334678098695 23530
2360 1791334678120273 21890
2361 1791334678141385 25172
2362 1791334678159986 23078
2363 1791334678186122 28718
2364 1791334678207221 31068
2365 1791334678223646 25170
2366 1791334678240798 23539
2367 1791334678260411 23298
2368 1791334678278652 22471
2369 1791334678299271 24420
2370 1791334678317355 21406
2371 1791334678338984 23636
2372 1791334678365971 29474
2373 1791334678380566 24266
2374 1791334678397616 21942
2375 1791334678419723 22099
2376 1791334678438906 22995
2377 1791334678458281 21963
2378 1791334678481032 24784
2379 1791334678505663 31030
2380 1791334678516940 21606
2381 1791334678537240 22152
2382 1791334678566129 30832
2383 1791334678576838 22041
2384 1791334678598122 22323
2385 1791334678616719 20806
2386 1791334678644886 28164
2387 1791334678665145 27766
2388 1791334678687882 31862
2389 1791334678699109 23291
2390 1791334678717096 21700
2391 1791334678746915 29880
2392 1791334678757729 21913
2393 1791334678780235 23494
2394 1791334678800144 22666
2395 1791334678824591 24443
2396 1791334678848544 28178
2397 1791334678860250 23621
2398 1791334678883646 28006
2399 1791334678911219 34348
2400 1791334678923941 27456
2401 1791334678938419 22186
2402 1791334678964384 28238
2403 1791334678979390 23781
2404 1791334679005144 29370
2405 1791334679022669 27080
2406 1791334679037663 22020
2407 1791334679058646 22790
2408 1791334679080160 24746
2409 1791334679103070 24616
2410 1791334679122181 22804
2411 1791334679139465 23735
2412 1791334679158280 22467
2413 1791334679182121 23837
2414 1791334679200053 22050
2415 1791334679219230 21854
2416 1791334679238046 21894
2417 1791334679259793 23774
2418 1791334679279237 23514
2419 1791334679303829 24588
2420 1791334679327117 31241
2421 1791334679339625 23106
2422 1791334679366243 26613
2423 1791334679380637 25276
2424 1791334679407842 31786
2425 1791334679418710 23671
2426 1791334679438608 22766
2427 1791334679460268 25489
2428 1791334679479207 22170
2429 1791334679501668 25108
2430 1791334679528363 30265
2431 1791334679545650 28815
2432 1791334679556706 21983
2433 1791334679577476 20767
2434 1791334679599894 23295
2435 1791334679619229 22640
2436 1791334679642474 27342
2437 1791334679659026 22797
2438 1791334679677147 21925
2439 1791334679700264 24972
2440 1791334679720917 23403
2441 1791334679737860 21625
2442 1791334679767453 31432
2443 1791334679781875 25085
2444 1791334679802598 25216
2445 1791334679819095 21812
2446 1791334679838320 22366
2447 1791334679858796 22703
2448 1791334679878059 21898
2449 1791334679898308 22337
2450 1791334679919380 23572
2451 1791334679941576 22191
2452 1791334679959248 22426
2453 1791334679981681 25087
2454 1791334680005071 27401
2455 1791334680020759 23456
2456 1791334680041070 24969
2457 1791334680059013 21103
2458 1791334680080370 24951
2459 1791334680102646 24892
2460 1791334680119642 23564
2461 1791334680141420 24372
2462 1791334680156983 21808
2463 1791334680182569 25583
2464 1791334680198107 22227
2465 1791334680217448 21956
2466 1791334680238155 21838
2467 1791334680258299 22773
2468 1791334680280455 24424
2469 1791334680299435 23517
2470 1791334680319146 22400
2471 1791334680338039 21463
2472 1791334680357244 20807
2473 1791334680377296 20774
2474 1791334680397374 22911
2475 1791334680426914 29778
2476 1791334680440911 26124
2477 1791334680469659 28744
2478 1791334680481263 23435
2479 1791334680497553 20889
2480 1791334680527324 30650
2481 1791334680541432 24410
2482 1791334680559026 22264
2483 1791334680579274 22131
2484 1791334680605723 28530
2485 1791334680621421 25345
2486 1791334680650854 29431
2487 1791334680669134 33808
2488 1791334680688328 31833
2489 1791334680707435 32023
2490 1791334680736650 40321
2491 1791334680742230 27327
2492 1791334680771253 34599
2493 1791334680786794 30076
2494 1791334680807680 30246
2495 1791334680829555 33598
2496 1791334680852333 35771
2497 1791334680872015 36125
2498 1791334680888083 32849
2499 1791334680908815 33034
2500 1791334680928049 31159
2501 1791334680948061 28435
2502 1791334680973016 36529
2503 1791334680988189 27598
2504 1791334681017333 39385
2505 1791334681031239 34116
2506 1791334681056695 39360
2507 1791334681081576 43697
2508 1791334681093228 36808
2509 1791334681113233 36774
2510 1791334681128708 32589
2511 1791334681146510 31524
2512 1791334681177899 36565
2513 1791334681188318 30280
2514 1791334681227289 50384
2515 1791334681228527 30487
2516 1791334681266540 46715
2517 1791334681270233 34911
2518 1791334681296273 36315
2519 1791334681311643 34172
2520 1791334681327311 32296
2521 1791334681356115 38533
2522 1791334681381641 44265
2523 1791334681394273 38885
2524 1791334681421406 39761
2525 1791334681439561 45284
2526 1791334681466256 44846
2527 1791334681478042 40936
2528 1791334681498685 41357
2529 1791334681521536 45002
2530 1791334681539627 44305
2531 1791334681568018 52446
2532 1791334681572226 34609
2533 1791334681597371 39434
2534 1791334681621236 43330
2535 1791334681647737 50526
2536 1791334681660961 44935
2537 1791334681680501 43521
2538 1791334681707367 50040
2539 1791334681725384 44880
2540 1791334681743768 48820
2541 1791334681758796 43493
2542 1791334681790127 53694
2543 1791334681799042 40243
2544 1791334681817640 41788
2545 1791334681846423 48686
2546 1791334681867140 51833
2547 1791334681879850 43899
2548 1791334681907369 50163
2549 1791334681929083 51560
2550 1791334681941188 43581
2551 1791334681961112 43733
2552 1791334681986360 48305
2553 1791334682008036 52072
2554 1791334682032696 53818
2555 1791334682048200 50893
2556 1791334682070549 54094
2557 1791334682088601 51883
2558 1791334682120973 64880
2559 1791334682138196 62087
2560 1791334682153068 57219
2561 1791334682183172 66009
2562 1791334682209465 71963
2563 1791334682222180 64707
2564 1791334682240790 65450
2565 1791334682271645 73128
2566 1791334682297390 80259
2567 1791334682309812 73672
2568 1791334682326436 71212
2569 1791334682344548 69170
2570 1791334682380870 84548
2571 1791334682392748 77186
2572 1791334682407061 69354
2573 1791334682438569 82336
2574 1791334682460578 85409
2575 1791334682478649 81981
2576 1791334682491674 75335
2577 1791334682511854 76850
2578 1791334682537275 79922
2579 1791334682554861 79012
2580 1791334682593759 96049
2581 1791334682613100 94232
2582 1791334682627035 91666
2583 1791334682644676 89812
2584 1791334682663177 86556
2585 1791334682677435 81612
2586 1791334682696653 80264
2587 1791334682728399 88471
2588 1791334682740444 84378
2589 1791334682763708 86830
2590 1791334682787825 91167
2591 1791334682814026 98673
2592 1791334682836084 99891
2593 1791334682849953 92932
2594 1791334682879287 98732
2595 1791334682900405 93581
2596 1791334682901199 86117
2597 1791334682926501 90412
2598 1791334682953430 96688
2599 1791334682969581 92338
2600 1791334682989992 95373
2601 1791334683011995 95362
2602 1791334683029090 93581
2603 1791334683053686 96760
2604 1791334683071513 95277
2605 1791334683090154 92235
2606 1791334683112139 95949
2607 1791334683126601 89833
2608 1791334683138181 80924
2609 1791334683151021 73792
2610 1791334683177916 81149
2611 1791334683197462 82125
2612 1791334683209462 71277
2613 1791334683224522 68917
2614 1791334683249409 71489
2615 1791334683272169 74704
2616 1791334683278692 61728
2617 1791334683308656 70688
2618 1791334683323930 69309
2619 1791334683357646 81678
2620 1791334683369533 73121
2621 1791334683391253 74714
2622 1791334683406715 69331
2623 1791334683424086 68595
2624 1791334683447369 69599
2625 1791334683475326 79689
2626 1791334683487717 70471
2627 1791334683518044 82538
2628 1791334683541037 83438
2629 1791334683556337 81009
2630 1791334683575459 75973
2631 1791334683586293 69693
2632 1791334683609167 68368
2633 1791334683632024 76266
2634 1791334683645599 70136
2635 1791334683669119 72365
2636 1791334683691103 75636
2637 1791334683719525 80116
2638 1791334683736253 79395
2639 1791334683758058 76753
2640 1791334683774724 78540
2641 1791334683793501 76950
2642 1791334683807577 72417
2643 1791334683837666 80486
2644 1791334683848362 73634
2645 1791334683877591 78883
2646 1791334683897243 80584
2647 1791334683908272 71760
2648 1791334683936979 80182
2649 1791334683956081 79506
2650 1791334683975249 79845
2651 1791334683999766 81735
2652 1791334684016081 79840
2653 1791334684032624 77402
2654 1791334684054410 79204
2655 1791334684073015 77204
2656 1791334684099551 83941
2657 1791334684113249 77978
2658 1791334684134703 80292
2659 1791334684150657 74270
2660 1791334684182766 85748
2661 1791334684183298 68673
2662 1791334684208466 73759
2663 1791334684227553 71737
2664 1791334684245688 67441
2665 1791334684256037 59586
2666 1791334684276232 59692
2667 1791334684291271 56435
2668 1791334684298585 42542
2669 1791334684316925 40689
2670 1791334684331144 35475
2671 1791334684356080 39371
2672 1791334684369598 32257
2673 1791334684386080 30747
2674 1791334684413332 38149
2675 1791334684433353 37161
2676 1791334684447874 31648
2677 1791334684466505 30000
2678 1791334684489197 33185
2679 1791334684517853 37283
2680 1791334684539600 42623
2681 1791334684548071 32104
2682 1791334684572340 36028
2683 1791334684593248 37878
2684 1791334684610300 33989
2685 1791334684636522 38947
2686 1791334684648373 30682
2687 1791334684677464 41154
2688 1791334684694755 37124
2689 1791334684710257 34369
2690 1791334684732358 37600
2691 1791334684749742 34325
2692 1791334684768066 33009
2693 1791334684800067 43241
2694 1791334684807920 28746
2695 1791334684846363 49927
2696 1791334684857725 34809
2697 1791334684871255 35395
2698 1791334684889850 34754
2699 1791334684908142 30351
2700 1791334684933241 37462
2701 1791334684953471 36243
2702 1791334684959619 23000
2703 1791334684992471 37101
2704 1791334685013327 34968
2705 1791334685027947 32778
2706 1791334685056476 38983
2707 1791334685072331 35396
2708 1791334685090738 35238
2709 1791334685114735 39585
2710 1791334685128520 32638
2711 1791334685148044 33306
2712 1791334685175675 39393
2713 1791334685193263 37476
2714 1791334685216089 40410
2715 1791334685230047 35159
2716 1791334685253029 36938
2717 1791334685277722 40456
2718 1791334685301336 43243
2719 1791334685313462 36202
2720 1791334685327366 32135
2721 1791334685348236 33242
2722 1791334685369757 31765
2723 1791334685396332 37579
2724 1791334685417860 37648
2725 1791334685437531 41196
2726 1791334685448104 32135
2727 1791334685473551 36721
2728 1791334685489985 32936
2729 1791334685513960 36142
2730 1791334685526451 30640
2731 1791334685564486 47564
2732 1791334685579464 41786
2733 1791334685607046 50351
2734 1791334685616143 38565
2735 1791334685638136 40082
2736 1791334685649325 33180
2737 1791334685676297 38158
2738 1791334685690057 34369
2739 1791334685710825 35460
2740 1791334685736309 40268
2741 1791334685759845 41854
2742 1791334685775667 39353
2743 1791334685807825 50723
2744 1791334685818157 42487
2745 1791334685843251 47381
2746 1791334685857083 41649
2747 1791334685871586 34146
2748 1791334685897400 41981
2749 1791334685919336 44091
2750 1791334685947329 52644
2751 1791334685963283 48580
2752 1791334685993116 56384
2753 1791334686013763 55471
2754 1791334686029010 53240
2755 1791334686059629 61282
2756 1791334686075833 60847
2757 1791334686100904 65357
2758 1791334686121780 64910
2759 1791334686152629 77144
2760 1791334686168079 72979
2761 1791334686187192 70641
2762 1791334686220029 84448
2763 1791334686231982 75850
2764 1791334686250912 75395
2765 1791334686277079 81234
2766 1791334686300152 80120
2767 1791334686322269 84542
2768 1791334686341168 85044
2769 1791334686359497 82415
2770 1791334686381123 85668
2771 1791334686403200 87516
2772 1791334686427426 91052
2773 1791334686442356 85156
2774 1791334686458332 83472
2775 1791334686479359 83554
2776 1791334686512244 95806
2777 1791334686530240 91960
2778 1791334686550427 95951
2779 1791334686570197 95167
2780 1791334686586346 91143
2781 1791334686611066 94929
2782 1791334686627788 90597
2783 1791334686638617 80707
2784 1791334686658992 82334
2785 1791334686677260 80818
2786 1791334686707764 89932
2787 1791334686714261 79088
2788 1791334686730680 75521
2789 1791334686755291 79268
2790 1791334686766410 70224
2791 1791334686789274 75009
2792 1791334686809357 74205
2793 1791334686823329 68036
2794 1791334686845956 69616
2795 1791334686860194 64249
2796 1791334686884499 67060
2797 1791334686898760 63252
2798 1791334686915384 58788
2799 1791334686927692 49713
2800 1791334686951497 52734
2801 1791334686967295 51908
2802 1791334686979944 44418
2803 1791334686998282 43111
2804 1791334687009644 32544
2805 1791334687037361 39078
2806 1791334687056067 38988
2807 1791334687086748 50128
2808 1791334687109505 53431
2809 1791334687126630 43462
2810 1791334687130004 34879
2811 1791334687157370 39938
2812 1791334687181766 43908
2813 1791334687189113 32872
2814 1791334687243362 62914
2815 1791334687243420 48137
2816 1791334687262285 37079
2817 1791334687296712 53337
2818 1791334687317370 55082
2819 1791334687327375 51616
2820 1791334687341828 45192
2821 1791334687361920 45026
2822 1791334687365638 27447
2823 1791334687400398 42265
2824 1791334687410667 35177
2825 1791334687441029 45886
2826 1791334687467163 49852
2827 1791334687488142 50759
2828 1791334687502592 46194
2829 1791334687522227 46309
2830 1791334687537689 41903
2831 1791334687566878 49987
2832 1791334687579424 42589
2833 1791334687607428 52015
2834 1791334687618446 42241
2835 1791334687647485 50059
2836 1791334687678319 63529
2837 1791334687692655 58063
2838 1791334687706535 49215
2839 1791334687727138 48816
2840 1791334687753758 57949
2841 1791334687770523 52626
2842 1791334687788060 52508
2843 1791334687809335 52031
2844 1791334687820149 44590
2845 1791334687855006 56753
2846 1791334687876994 60900
2847 1791334687886459 49426
2848 1791334687913742 58733
2849 1791334687930747 54628
2850 1791334687938969 42090
2851 1791334687972743 57146
2852 1791334687994329 58810
2853 1791334688015556 60278
2854 1791334688034270 56655
2855 1791334688051115 56783
2856 1791334688073642 59020
2857 1791334688092080 57807
2858 1791334688117078 60989
2859 1791334688136683 58735
2860 1791334688149736 53244
2861 1791334688163412 46575
2862 1791334688187796 51109
2863 1791334688209709 52089
2864 1791334688226400 50255
2865 1791334688257503 60782
2866 1791334688277693 61722
2867 1791334688303033 66337
2868 1791334688327810 70303
2869 1791334688347005 70099
2870 1791334688355955 59033
2871 1791334688388087 71738
2872 1791334688394664 57467
2873 1791334688419071 63113
2874 1791334688437927 62147
2875 1791334688465649 70982
2876 1791334688486397 69816
2877 1791334688501122 63985
2878 1791334688529222 73618
2879 1791334688537778 61958
2880 1791334688555440 59940
2881 1791334688583469 67176
2882 1791334688608223 71224
2883 1791334688624214 69144
2884 1791334688645546 69144
2885 1791334688666457 70141
2886 1791334688677832 62739
2887 1791334688700827 62971
2888 1791334688720224 64175
2889 1791334688745465 69188
2890 1791334688759609 63689
2891 1791334688781736 64938
2892 1791334688798322 63496
2893 1791334688818081 60237
2894 1791334688845907 69078
2895 1791334688870187 72997
2896 1791334688886604 69111
2897 1791334688900539 65106
2898 1791334688923186 66715
2899 1791334688948020 71757
2900 1791334688965146 69827
2901 1791334688989804 74677
2902 1791334689000588 64429
2903 1791334689016046 59965
2904 1791334689044889 66371
2905 1791334689068031 72872
2906 1791334689086952 70904
2907 1791334689117208 74557
2908 1791334689129002 67416
2909 1791334689144792 68330
2910 1791334689168196 71739
2911 1791334689184062 66852
2912 1791334689199222 61953
2913 1791334689227999 71108
2914 1791334689246449 69573
2915 1791334689277582 80833
2916 1791334689295631 80406
2917 1791334689317912 80473
2918 1791334689330197 72501
2919 1791334689356427 78828
2920 1791334689375809 80482
2921 1791334689390436 72521
2922 1791334689411803 75191
2923 1791334689430501 75525
2924 1791334689457106 81294
2925 1791334689468638 72979
2926 1791334689486778 71075
2927 1791334689500153 63756
2928 1791334689521178 64201
2929 1791334689542245 65665
2930 1791334689550090 54555
2931 1791334689581034 65011
2932 1791334689603628 67215
2933 1791334689632562 76241
2934 1791334689655139 77871
2935 1791334689678764 76310
2936 1791334689689376 74608
2937 1791334689719513 84581
2938 1791334689744668 89527
2939 1791334689769949 93848
2940 1791334689788173 91946
2941 1791334689810114 92526
2942 1791334689837382 101398
2943 1791334689853546 96580
2944 1791334689874779 98657
2945 1791334689897048 100966
2946 1791334689918106 101184
2947 1791334689929326 91941
2948 1791334689955699 100740
2949 1791334689973294 98512
2950 1791334689995772 99285
2951 1791334690007379 91980
2952 1791334690044984 107055
2953 1791334690060866 105161
2954 1791334690073384 96568
2955 1791334690105978 110204
2956 1791334690116700 96737
2957 1791334690135507 100177
2958 1791334690164009 103139
2959 1791334690185371 110549
2960 1791334690197921 102891
2961 1791334690215416 99424
2962 1791334690248571 113061
2963 1791334690257938 101431
2964 1791334690269412 91865
2965 1791334690288037 91503
2966 1791334690304054 88635
2967 1791334690328304 88043
2968 1791334690341102 84329
2969 1791334690361472 85660
2970 1791334690376558 79721
2971 1791334690400468 79995
2972 1791334690408660 73862
2973 1791334690439720 82796
2974 1791334690462828 86267
2975 1791334690463684 67262
2976 1791334690476807 60787
2977 1791334690500009 63591
2978 1791334690532017 74984
2979 1791334690534040 58565
2980 1791334690549533 52049
2981 1791334690572780 56877
2982 1791334690596270 58287
2983 1791334690606099 50204
2984 1791334690635736 60385
2985 1791334690659084 63002
2986 1791334690666208 50348
2987 1791334690690048 54308
2988 1791334690711149 53756
2989 1791334690734325 54460
2990 1791334690759312 59833
2991 1791334690769250 51610
2992 1791334690781644 47304
2993 1791334690805535 50257
2994 1791334690823653 46203
2995 1791334690838085 42821
2996 1791334690850336 35163
2997 1791334690877328 40157
2998 1791334690892109 34983
2999 1791334690913920 36588
3000 1791334690943666 47677
3001 1791334690964412 47096
3002 1791334690982089 44529
3003 1791334690995950 38358
3004 1791334691009063 33629
3005 1791334691039927 44181
3006 1791334691059607 40884
3007 1791334691079042 40398
3008 1791334691089832 33352
3009 1791334691115147 38423
3010 1791334691129644 32572
3011 1791334691155605 40454
3012 1791334691178712 42579
3013 1791334691203541 47931
3014 1791334691227259 50031
3015 1791334691251052 52948
3016 1791334691251069 36254
3017 1791334691285103 47942
3018 1791334691306483 48803
3019 1791334691326834 48422
3020 1791334691338270 42581
3021 1791334691359982 44299
3022 1791334691387712 49438
3023 1791334691400630 44739
3024 1791334691417945 38923
3025 1791334691436241 39272
3026 1791334691459085 43486
3027 1791334691476274 40022
3028 1791334691497521 40633
3029 1791334691522560 46944
3030 1791334691536898 41335
3031 1791334691565410 47059
3032 1791334691577902 42563
3033 1791334691607079 49941
3034 1791334691617002 40560
3035 1791334691639832 43902
3036 1791334691664384 48263
3037 1791334691690470 54061
3038 1791334691697975 42179
3039 1791334691720497 43972
3040 1791334691750725 53096
3041 1791334691768732 52695
3042 1791334691787921 51724
3043 1791334691809176 53609
3044 1791334691817551 39626
3045 1791334691837499 41511
3046 1791334691873607 56051
3047 1791334691877901 41473
3048 1791334691907520 49473
3049 1791334691920431 44922
3050 1791334691953063 52676
3051 1791334691973563 58078
3052 1791334691996185 60624
3053 1791334692008545 50973
3054 1791334692033709 53863
3055 1791334692046053 50442
3056 1791334692075294 56792
3057 1791334692090390 53556
3058 1791334692114517 57652
3059 1791334692118867 43569
3060 1791334692151084 55025
3061 1791334692174785 60263
3062 1791334692198027 62111
3063 1791334692208302 51044
3064 1791334692228785 54281
3065 1791334692248618 50819
3066 1791334692273921 56390
3067 1791334692292373 55572
3068 1791334692304679 49172
3069 1791334692340932 62825
3070 1791334692364109 69614
3071 1791334692379733 60076
3072 1791334692391479 55865
3073 1791334692417298 60607
3074 1791334692430387 54698
3075 1791334692450801 55396
3076 1791334692473087 55786
3077 1791334692497381 62542
3078 1791334692515734 57875
3079 1791334692545272 69703
3080 1791334692549989 52606
3081 1791334692584468 69903
3082 1791334692589583 53534
3083 1791334692615812 59489
3084 1791334692640082 61358
3085 1791334692658860 62033
3086 1791334692678799 63329
3087 1791334692705987 69842
3088 1791334692716109 58674
3089 1791334692739320 63064
3090 1791334692754755 58092
3091 1791334692775358 60121
3092 1791334692796256 58600
3093 1791334692820615 65857
3094 1791334692842118 66757
3095 1791334692863304 67970
3096 1791334692889205 73029
3097 1791334692910700 74071
3098 1791334692918842 61139
3099 1791334692945760 70426
3100 1791334692959603 60559
3101 1791334692980522 64539
3102 1791334692998990 62522
3103 1791334693019368 59761
3104 1791334693041696 64165
3105 1791334693057036 60029
3106 1791334693080512 64333
3107 1791334693095431 59137
3108 1791334693121320 64639
3109 1791334693138157 62095
3110 1791334693166673 71239
3111 1791334693177444 61911
3112 1791334693207185 69355
3113 1791334693222006 66640
3114 1791334693242566 66078
3115 1791334693263721 67185
3116 1791334693286640 70678
3117 1791334693298840 60919
3118 1791334693329608 72016
3119 1791334693355603 78846
3120 1791334693368698 72236
3121 1791334693392357 75945
3122 1791334693406969 70278
3123 1791334693423440 67834
3124 1791334693446583 71229
3125 1791334693463344 65544
3126 1791334693491372 74952
3127 1791334693516554 79528
3128 1791334693533475 76079
3129 1791334693546339 69627
3130 1791334693564725 70107
3131 1791334693581510 65446
3132 1791334693600751 65448
3133 1791334693625958 67584
3134 1791334693634563 58195
3135 1791334693651974 52001
3136 1791334693668178 53067
3137 1791334693679761 45197
3138 1791334693716967 61770
3139 1791334693729175 51111
3140 1791334693750494 53658
3141 1791334693788431 71571
3142 1791334693807167 70468
3143 1791334693832923 76616
3144 1791334693856964 78773
3145 1791334693870395 73614
3146 1791334693898011 82613
3147 1791334693928547 92027
3148 1791334693933959 76991
3149 1791334693953471 77679
3150 1791334693966039 68119
3151 1791334693984719 64155
3152 1791334694005207 69346
3153 1791334694027006 69142
3154 1791334694047231 70040
3155 1791334694065616 70211
3156 1791334694081687 66027
3157 1791334694108478 71763
3158 1791334694124826 66863
3159 1791334694147636 65946
3160 1791334694159528 63668
3161 1791334694178080 60770
3162 1791334694206816 69720
3163 1791334694231449 76309
3164 1791334694254866 77471
3165 1791334694272641 76751
3166 1791334694284726 66679
3167 1791334694313353 76672
3168 1791334694325769 70899
3169 1791334694341584 66199
3170 1791334694374691 77670
3171 1791334694394648 79476
3172 1791334694411478 74112
3173 1791334694432313 76748
3174 1791334694446567 71873
3175 1791334694461811 67161
3176 1791334694490563 75556
3177 1791334694506478 69175
3178 1791334694527444 72350
3179 1791334694561816 85874
3180 1791334694576933 81456
3181 1791334694588023 72656
3182 1791334694607458 70588
3183 1791334694636192 79447
3184 1791334694650036 73374
3185 1791334694669438 71132
3186 1791334694691770 74198
3187 1791334694711248 75052
3188 1791334694727254 70555
3189 1791334694744216 67034
3190 1791334694761365 65291
3191 1791334694783944 69276
3192 1791334694800121 62808
3193 1791334694829654 70633
3194 1791334694846049 70543
3195 1791334694859739 64215
3196 1791334694879634 63804
3197 1791334694907169 70590
3198 1791334694927823 69467
3199 1791334694938072 62769
3200 1791334694951618 51624
3201 1791334694966693 48487
3202 1791334694991695 54177
3203 1791334695006240 47828
3204 1791334695026764 49966
3205 1791334695047795 50987
3206 1791334695060707 43900
3207 1791334695078776 41533
3208 1791334695099154 43768
3209 1791334695117370 39737
3210 1791334695138746 42625
3211 1791334695154963 38529
3212 1791334695171914 36753
3213 1791334695191308 36341
3214 1791334695209343 34122
3215 1791334695227605 31933
3216 1791334695252163 34539
3217 1791334695266129 31321
3218 1791334695297378 41856
3219 1791334695311988 36333
3220 1791334695322410 25731
3221 1791334695352261 34170
3222 1791334695368272 32433
3223 1791334695393798 36762
3224 1791334695406288 28053
3225 1791334695428032 32431
3226 1791334695457208 41142
3227 1791334695482687 46625
3228 1791334695492826 35616
3229 1791334695508476 30255
3230 1791334695533488 35988
3231 1791334695547489 31950
3232 1791334695573243 36212
3233 1791334695593500 35301
3234 1791334695607163 30570
3235 1791334695632658 33560
3236 1791334695660303 43642
3237 1791334695677535 39806
3238 1791334695697900 40527
3239 1791334695717943 41680
3240 1791334695741718 45790
3241 1791334695760638 43542
3242 1791334695778118 41922
3243 1791334695804027 46941
3244 1791334695816043 40500
3245 1791334695838902 40953
3246 1791334695857340 41969
3247 1791334695875303 39109
3248 1791334695896474 39129
3249 1791334695920669 45356
3250 1791334695944459 49357
3251 1791334695968157 50997
3252 1791334695984489 47395
3253 1791334696007152 50079
3254 1791334696030564 53823
3255 1791334696039136 42564
3256 1791334696064839 47378
3257 1791334696082266 47086
3258 1791334696112763 56688
3259 1791334696130170 53284
3260 1791334696146105 49171
3261 1791334696179240 62818
3262 1791334696190149 48986
3263 1791334696209537 54238
3264 1791334696223233 47215
3265 1791334696250016 54557
3266 1791334696268682 51530
3267 1791334696287859 52534
3268 1791334696307993 52132
3269 1791334696329764 53225
3270 1791334696349370 53941
3271 1791334696381024 63549
3272 1791334696391771 55517
3273 1791334696410898 55628
3274 1791334696439062 58034
3275 1791334696456692 58997
3276 1791334696474265 56442
3277 1791334696490493 53857
3278 1791334696505217 48522
3279 1791334696530274 56006
3280 1791334696555187 57656
3281 1791334696571137 55062
3282 1791334696591156 54480
3283 1791334696609423 54232
3284 1791334696632152 54601
3285 1791334696650048 54651
3286 1791334696667957 51191
3287 1791334696692273 55386
3288 1791334696726528 71299
3289 1791334696732575 57369
3290 1791334696756359 60208
3291 1791334696779709 62273
3292 1791334696795957 60277
3293 1791334696823885 67524
3294 1791334696832958 58342
3295 1791334696858662 63016
3296 1791334696877374 59283
3297 1791334696899871 63170
3298 1791334696919922 61256
3299 1791334696941844 65744
3300 1791334696957919 60340
3301 1791334696974661 59594
3302 1791334696994423 58213
3303 1791334697036622 80353
3304 1791334697048703 74037
3305 1791334697067935 73510
3306 1791334697094865 79866
3307 1791334697109793 73168
3308 1791334697131547 71918
3309 1791334697153133 76363
3310 1791334697173614 78745
3311 1791334697191103 74489
3312 1791334697209202 73810
3313 1791334697239797 81110
3314 1791334697257748 82198
3315 1791334697282316 84792
3316 1791334697302370 85667
3317 1791334697316738 81439
3318 1791334697343199 86627
3319 1791334697360564 82436
3320 1791334697377607 81478
3321 1791334697407855 91114
3322 1791334697420446 82242
3323 1791334697441423 85908
3324 1791334697466247 88636
3325 1791334697492824 97287
3326 1791334697511780 94456
3327 1791334697529754 92720
3328 1791334697545536 90248
3329 1791334697560389 85695
3330 1791334697588213 91022
3331 1791334697608226 92986
3332 1791334697629635 93381
3333 1791334697642364 85552
3334 1791334697658892 84190
3335 1791334697677211 79343
3336 1791334697705467 87631
3337 1791334697728051 87968
3338 1791334697734688 79678
3339 1791334697749170 72965
3340 1791334697769182 73789
3341 1791334697793099 76253
3342 1791334697812169 77478
3343 1791334697827357 70618
3344 1791334697843196 66748
3345 1791334697870879 75618
3346 1791334697881745 63933
3347 1791334697897251 61456
3348 1791334697912723 54628
3349 1791334697932360 55963
3350 1791334697940537 43283
3351 1791334697954335 38137
3352 1791334697970606 33925
3353 1791334697995016 40678
3354 1791334698007449 31800
3355 1791334698030389 35370
3356 1791334698057445 40947
3357 1791334698077896 41941
3358 1791334698088489 32428
3359 1791334698121246 46233
3360 1791334698137351 41577
3361 1791334698149804 34172
3362 1791334698187801 51452
3363 1791334698201464 45408
3364 1791334698213383 36202
3365 1791334698235169 38973
3366 1791334698251967 33627
3367 1791334698275839 40663
3368 1791334698299592 42647
3369 1791334698316818 41094
3370 1791334698347894 50189
3371 1791334698359946 43523
3372 1791334698388074 52663
3373 1791334698401493 45188
3374 1791334698432648 55045
3375 1791334698447874 50193
3376 1791334698468735 51973
3377 1791334698487595 48420
3378 1791334698511145 52322
3379 1791334698520562 42944
3380 1791334698546679 51743
3381 1791334698565457 48176
3382 1791334698580742 43750
3383 1791334698599370 38396
3384 1791334698624418 47553
3385 1791334698656619 61016
3386 1791334698666298 48740
3387 1791334698683199 46069
3388 1791334698701795 45171
3389 1791334698727481 51016
3390 1791334698741128 43837
3391 1791334698758834 43117
3392 1791334698786990 50671
3393 1791334698812159 55898
3394 1791334698828551 48484
3395 1791334698837077 39803
3396 1791334698876811 61298
3397 1791334698906288 70606
3398 1791334698911371 50582
3399 1791334698925951 49137
3400 1791334698948701 50556
3401 1791334698969435 50982
3402 1791334698988662 51548
3403 1791334699025941 68919
3404 1791334699034519 59253
3405 1791334699051996 54548
3406 1791334699074794 48842
3407 1791334699087371 52845
3408 1791334699105743 48917
3409 1791334699130508 55711
3410 1791334699160421 64085
3411 1791334699165818 49502
3412 1791334699182594 47682
3413 1791334699200799 44896
3414 1791334699232166 55421
3415 1791334699251578 56521
3416 1791334699272957 54765
3417 1791334699293727 58291
3418 1791334699347710 79801
3419 1791334699347722 67763
3420 1791334699368081 72425
3421 1791334699368088 42404
3422 1791334699418504 70834
3423 1791334699430268 72001
3424 1791334699445605 68930
3425 1791334699449370 53857
3426 1791334699470647 52132
3427 1791334699486995 46384
3428 1791334699527831 63005
3429 1791334699538330 60394
3430 1791334699570290 67900
3431 1791334699570297 54645
3432 1791334699589518 52258
3433 1791334699618407 63014
3434 1791334699643583 65878
3435 1791334699663747 68217
3436 1791334699679718 63044
3437 1791334699700305 65324
3438 1791334699719027 60913
3439 1791334699748903 69419
3440 1791334699762125 62259
3441 1791334699787735 72213
3442 1791334699801387 64537
3443 1791334699824891 65657
3444 1791334699836156 59496
3445 1791334699858745 62030
3446 1791334699892261 77156
3447 1791334699910827 74666
3448 1791334699925714 66966
3449 1791334699948900 74111
3450 1791334699969009 73316
3451 1791334699991166 75594
3452 1791334700007999 71804
3453 1791334700020746 63041
3454 1791334700048494 72621
3455 1791334700064354 68191
3456 1791334700078077 61040
3457 1791334700101336 63537
3458 1791334700126281 71230
3459 1791334700147194 70690
3460 1791334700167849 72145
3461 1791334700180280 63457
3462 1791334700206871 71435
3463 1791334700225674 68188
3464 1791334700247910 72755
3465 1791334700269548 73626
3466 1791334700291561 76304
3467 1791334700309476 73877
3468 1791334700337004 78026
3469 1791334700347165 69477
3470 1791334700374505 78538
3471 1791334700396614 79126
3472 1791334700405083 69639
3473 1791334700430833 75350
3474 1791334700451458 76950
3475 1791334700470564 73946
3476 1791334700491779 75587
3477 1791334700508117 72579
3478 1791334700527536 72933
3479 1791334700554374 76816
3480 1791334700570195 74955
3481 1791334700591978 76436
3482 1791334700614747 76630
3483 1791334700628556 74179
3484 1791334700658186 82845
3485 1791334700674887 79681
3486 1791334700705991 91241
3487 1791334700726997 87186
3488 1791334700739312 82214
3489 1791334700763014 88124
3490 1791334700797742 100974
3491 1791334700816805 99208
3492 1791334700834723 99115
3493 1791334700853399 96893
3494 1791334700877045 101744
3495 1791334700896938 99192
3496 1791334700916606 100306
3497 1791334700931016 96290
3498 1791334700953482 96171
3499 1791334700979112 103673
3500 1791334701001620 104680
3501 1791334701020680 104972
3502 1791334701039850 101750
3503 1791334701062730 104317
3504 1791334701075961 100046
3505 1791334701095581 99754
3506 1791334701118075 100908
3507 1791334701130784 95560
3508 1791334701142551 85989
3509 1791334701165951 90029
3510 1791334701179941 84417
3511 1791334701205127 89972
3512 1791334701221467 83713
3513 1791334701240888 85402
3514 1791334701258028 81279
3515 1791334701278073 81455
3516 1791334701301707 86272
3517 1791334701307036 71486
3518 1791334701325502 68856
3519 1791334701351242 73674
3520 1791334701367671 69674
3521 1791334701391723 75495
3522 1791334701408209 72212
3523 1791334701440542 81994
3524 1791334701452830 77745
3525 1791334701474047 76719
3526 1791334701493594 77830
3527 1791334701515804 79447
3528 1791334701529995 74322
3529 1791334701551576 74687
3530 1791334701567857 70064
3531 1791334701590768 74961
3532 1791334701610706 75426
3533 1791334701634064 75242
3534 1791334701652241 74311
3535 1791334701658839 61411
3536 1791334701693220 78293
3537 1791334701725409 88861
3538 1791334701736876 81699
3539 1791334701761334 83864
3540 1791334701773854 75729
3541 1791334701800109 84843
3542 1791334701823555 87293
3543 1791334701830130 74458
3544 1791334701860686 84513
3545 1791334701885674 89982
3546 1791334701900797 84639
3547 1791334701917866 81024
3548 1791334701937382 82247
3549 1791334701967562 87366
3550 1791334701980294 84759
3551 1791334702009315 93764
3552 1791334702022938 86428
3553 1791334702045863 90141
3554 1791334702066473 91027
3555 1791334702077256 81945
3556 1791334702097792 80944
3557 1791334702115801 80137
3558 1791334702129724 74491
3559 1791334702158892 83613
3560 1791334702170334 73136
3561 1791334702186768 71456
3562 1791334702205197 68535
3563 1791334702212571 54356
3564 1791334702242715 67396
3565 1791334702246712 49079
3566 1791334702267105 52365
3567 1791334702293923 56929
3568 1791334702303750 47472
3569 1791334702324333 46412
3570 1791334702339767 43857
3571 1791334702356412 38383
3572 1791334702373852 37732
3573 1791334702394636 38937
3574 1791334702414470 36794
3575 1791334702430479 35840
3576 1791334702464009 49535
3577 1791334702479278 41907
3578 1791334702496455 38333
3579 1791334702514066 36553
3580 1791334702536641 40687
3581 1791334702547314 31317
3582 1791334702576449 40772
3583 1791334702582572 27741
3584 1791334702615821 39593
3585 1791334702636329 36345
3586 1791334702648265 33056
3587 1791334702670079 33747
3588 1791334702684579 28142
3589 1791334702715893 38553
3590 1791334702733818 34480
3591 1791334702757600 41704
3592 1791334702777616 39448
3593 1791334702796454 38852
3594 1791334702801328 24663
3595 1791334702840672 44213
3596 1791334702852394 34150
3597 1791334702875525 34850
3598 1791334702890777 35920
3599 1791334702906919 31392
3600 1791334702934750 37915
3601 1791334702950521 35282
3602 1791334702964625 29872
3603 1791334702989109 30552
3604 1791334703008874 31352
3605 1791334703039370 43835
3606 1791334703049722 33360
3607 1791334703068778 33067
3608 1791334703112345 56681
3609 1791334703112351 34939
3610 1791334703130975 34069
3611 1791334703151522 33005
3612 1791334703187066 49279
3613 1791334703199292 42994
3614 1791334703216798 33684
3615 1791334703229386 32382
3616 1791334703250295 34948
3617 1791334703273132 34414
3618 1791334703292880 38265
3619 1791334703321346 45425
3620 1791334703338093 42604
3621 1791334703350772 35824
3622 1791334703377563 42693
3623 1791334703394045 36295
3624 1791334703417978 40392
3625 1791334703444773 47498
3626 1791334703466323 49913
3627 1791334703468610 31365
3628 1791334703508313 48729
3629 1791334703513317 37258
3630 1791334703528205 31000
3631 1791334703549754 34871
3632 1791334703584318 48564
3633 1791334703608359 52474
3634 1791334703612174 27849
3635 1791334703639562 42652
3636 1791334703664915 48593
3637 1791334703687565 47998
3638 1791334703709562 52081
3639 1791334703725020 46079
3640 1791334703743243 44616
3641 1791334703765276 45756
3642 1791334703791454 55762
3643 1791334703812686 55528
3644 1791334703820042 42011
3645 1791334703852808 56426
3646 1791334703852815 37235
3647 1791334703879571 42699
3648 1791334703913429 57742
3649 1791334703926772 49741
3650 1791334703947378 51930
3651 1791334703967818 52820
3652 1791334703990876 52794
3653 1791334704013906 57720
3654 1791334704026704 50898
3655 1791334704042999 47735
3656 1791334704059993 44161
3657 1791334704087645 51136
3658 1791334704107082 50117
3659 1791334704127944 51814
3660 1791334704143431 48277
3661 1791334704163442 46954
3662 1791334704189223 53072
3663 1791334704215464 58740
3664 1791334704231842 47295
3665 1791334704248893 52532
3666 1791334704269770 54300
3667 1791334704294563 59066
3668 1791334704317191 52424
3669 1791334704329320 50697
3670 1791334704345257 50688
3671 1791334704376762 60934
3672 1791334704393070 56280
3673 1791334704407216 51097
3674 1791334704426567 49802
3675 1791334704451683 56445
3676 1791334704466782 49432
3677 1791334704493687 56613
3678 1791334704528808 71890
3679 1791334704539296 59345
3680 1791334704549899 54178
3681 1791334704578821 61926
3682 1791334704599492 61224
3683 1791334704611923 55395
3684 1791334704629294 51180
3685 1791334704650904 54909
3686 1791334704670824 52994
3687 1791334704695835 58193
3688 1791334704710144 53849
3689 1791334704732956 54392
3690 1791334704748578 52738
3691 1791334704778120 58270
3692 1791334704790801 55435
3693 1791334704821039 65395
3694 1791334704839899 61774
3695 1791334704859423 60805
3696 1791334704890752 71341
3697 1791334704917902 78000
3698 1791334704940748 84027
3699 1791334704955741 79576
3700 1791334704971782 76084
3701 1791334705003814 86238
3702 1791334705021772 85583
3703 1791334705046030 90690
3704 1791334705066605 90761
3705 1791334705085879 90418
3706 1791334705113903 95812
3707 1791334705127772 92685
3708 1791334705139500 82840
3709 1791334705170042 93323
3710 1791334705197543 101178
3711 1791334705215292 100055
3712 1791334705220595 85369
3713 1791334705248634 91149
3714 1791334705271939 96402
3715 1791334705288618 92111
3716 1791334705307770 92475
3717 1791334705319979 84649
3718 1791334705341645 84299
3719 1791334705366247 87993
3720 1791334705390126 94232
3721 1791334705404523 87323
3722 1791334705426279 89462
3723 1791334705446797 90110
3724 1791334705468001 89815
3725 1791334705478768 81445
3726 1791334705508981 87382
3727 1791334705509406 73117
3728 1791334705525282 66858
3729 1791334705565072 89639
3730 1791334705576586 78585
3731 1791334705596351 77545
3732 1791334705598968 62778
3733 1791334705626558 69628
3734 1791334705657331 81677
3735 1791334705668546 72192
3736 1791334705684746 68001
3737 1791334705689063 52679
3738 1791334705717648 60312
3739 1791334705730743 51840
3740 1791334705757696 60931
3741 1791334705774793 59628
3742 1791334705779542 42445
3743 1791334705791733 34808
3744 1791334705810371 35571
3745 1791334705832244 33711
3746 1791334705855704 39033
3747 1791334705865542 30912
3748 1791334705884609 28899
3749 1791334705908167 29126
3750 1791334705920280 22798
3751 1791334705939351 21733
3752 1791334705960188 24844
3753 1791334705976126 21235
3754 1791334706005600 29470
3755 1791334706021414 25546
3756 1791334706037110 21068
3757 1791334706058210 21097
3758 1791334706080168 24448
3759 1791334706118529 38354
3760 1791334706118567 23748
3761 1791334706147069 28535
3762 1791334706157845 22940
3763 1791334706184703 27009
3764 1791334706211663 33266
3765 1791334706229840 30561
3766 1791334706245561 30533
3767 1791334706269790 23717
3768 1791334706277944 22036
3769 1791334706308066 30117
3770 1791334706321647 25354
3771 1791334706341100 24711
3772 1791334706359729 23315
3773 1791334706381259 22854
3774 1791334706408686 31145
3775 1791334706419055 21380
3776 1791334706439165 22589
3777 1791334706458581 21583
3778 1791334706481952 25303
3779 1791334706507044 29260
3780 1791334706527726 27432
3781 1791334706540880 24310
3782 1791334706559753 23803
3783 1791334706577962 22412
3784 1791334706599831 23366
3785 1791334706618076 22495
3786 1791334706638154 21924
3787 1791334706661206 25374
3788 1791334706679687 24380
3789 1791334706703322 26282
3790 1791334706718048 21387
3791 1791334706743672 27092
3792 1791334706759016 21972
3793 1791334706776670 20874
3794 1791334706798252 22533
3795 1791334706817015 20835
3796 1791334706839580 22560
3797 1791334706871289 31705
3798 1791334706886166 29074
3799 1791334706897094 21275
3800 1791334706920906 23806
3801 1791334706938096 20930
3802 1791334706962938 24826
3803 1791334706979293 21286
3804 1791334706998832 23537
3805 1791334707017436 21327
3806 1791334707040097 24015
3807 1791334707060042 23390
3808 1791334707086300 26338
3809 1791334707111534 35977
3810 1791334707125202 27865
3811 1791334707142556 26613
3812 1791334707157913 21824
3813 1791334707180367 22450
3814 1791334707199260 21788
3815 1791334707220236 24431
3816 1791334707238228 21035
3817 1791334707257094 22716
3818 1791334707279853 22751
3819 1791334707303180 27556
3820 1791334707323114 26815
3821 1791334707338020 21857
3822 1791334707358553 21587
3823 1791334707377218 21941
3824 1791334707401109 23885
3825 1791334707422871 25124
3826 1791334707439520 23102
3827 1791334707456189 20885
3828 1791334707478299 22924
3829 1791334707498641 22501
3830 1791334707518009 23097
3831 1791334707546013 27995
3832 1791334707561660 25693
3833 1791334707588651 29448
3834 1791334707599096 22760
3835 1791334707618167 21203
3836 1791334707636693 20816
3837 1791334707661503 24890
3838 1791334707679921 22405
3839 1791334707709480 31965
3840 1791334707724667 29305
3841 1791334707742469 27104
3842 1791334707758982 23049
3843 1791334707778782 22313
3844 1791334707799542 22661
3845 1791334707817899 22957
3846 1791334707841264 26219
3847 1791334707858526 20793
3848 1791334707877068 21039
3849 1791334707899305 22233
3850 1791334707917809 20811
3851 1791334707943723 26006
3852 1791334707965131 28434
3853 1791334707986003 30954
3854 1791334707997013 21803
3855 1791334708023016 25998
3856 1791334708038914 21294
3857 1791334708059132 22656
3858 1791334708078487 22123
3859 1791334708106190 29624
3860 1791334708125897 29800
3861 1791334708141020 23616
3862 1791334708156099 21012
3863 1791334708178225 22121
3864 1791334708202425 24195
3865 1791334708219079 22266
3866 1791334708247636 31931
3867 1791334708260429 25162
3868 1791334708285432 25434
3869 1791334708307436 32001
3870 1791334708323028 24819
3871 1791334708339892 21767
3872 1791334708359990 22482
3873 1791334708386072 26077
3874 1791334708398792 22062
3875 1791334708429661 33862
3876 1791334708455781 26062
3877 1791334708461621 24670
3878 1791334708478529 22744
3879 1791334708499247 22719
3880 1791334708517301 22054
3881 1791334708541240 23935
3882 1791334708557802 20757
3883 1791334708579417 21656
3884 1791334708601955 23702
3885 1791334708619738 22385
3886 1791334708639256 22548
3887 1791334708660371 24319
3888 1791334708682953 27146
3889 1791334708706208 30180
3890 1791334708719168 23642
3891 1791334708738452 22042
3892 1791334708756833 21160
3893 1791334708777340 21564
3894 1791334708800446 23100
3895 1791334708824343 24330
3896 1791334708847857 27144
3897 1791334708858378 21632
3898 1791334708876380 21128
3899 1791334708901828 26625
3900 1791334708925729 30140
3901 1791334708937885 22404
3902 1791334708964303 26414
3903 1791334708977800 22506
3904 1791334709007708 29905
3905 1791334709018263 21534
3906 1791334709037606 22475
3907 1791334709064077 26469
3908 1791334709078401 21669
3909 1791334709100853 24526
3910 1791334709118288 22515
3911 1791334709145772 30055
3912 1791334709156777 21596
3913 1791334709178671 21880
3914 1791334709198616 23319
3915 1791334709226429 29991
3916 1791334709243456 26777
3917 1791334709263089 24710
3918 1791334709279581 24357
3919 1791334709298770 22752
3920 1791334709317635 22476
3921 1791334709337529 21447
3922 1791334709358124 22269
3923 1791334709379536 21409
3924 1791334709399328 23075
3925 1791334709417213 20759
3926 1791334709445781 28565
3927 1791334709464041 27095
3928 1791334709478387 22987
3929 1791334709503906 27327
3930 1791334709517175 21987
3931 1791334709546500 29370
3932 1791334709559596 23628
3933 1791334709587483 28085
3934 1791334709597813 21966
3935 1791334709618823 21007
3936 1791334709636610 21203
3937 1791334709658814 22201
3938 1791334709678292 22261
3939 1791334709705986 29646
3940 1791334709721626 25709
3941 1791334709746521 29907
3942 1791334709759463 24691
3943 1791334709776677 21641
3944 1791334709806141 29995
3945 1791334709816420 21052
3946 1791334709843469 27046
3947 1791334709857615 22181
3948 1791334709878261 20690
3949 1791334709901402 25167
3950 1791334709922028 24200
3951 1791334709939606 23463
3952 1791334709958284 22267
3953 1791334709978306 22948
3954 1791334710000820 25582
3955 1791334710018298 21507
3956 1791334710038617 23430
3957 1791334710056347 21016
3958 1791334710077741 21390
3959 1791334710099171 23765
3960 1791334710117709 22115
3961 1791334710138246 22526
3962 1791334710157876 21599
3963 1791334710183069 25190
3964 1791334710198335 21950
3965 1791334710220420 22065
3966 1791334710240509 22111
3967 1791334710260268 21401
3968 1791334710281753 24253
3969 1791334710300630 24688
3970 1791334710317926 22085
3971 1791334710339737 21838
3972 1791334710357193 21675
3973 1791334710385759 28618
3974 1791334710399578 22363
3975 1791334710417383 21694
3976 1791334710446514 29129
3977 1791334710465725 25347
3978 1791334710485892 25362
3979 1791334710498776 23332
3980 1791334710517077 20858
3981 1791334710538400 22737
3982 1791334710558960 22418
3983 1791334710578353 22731
3984 1791334710601763 25512
3985 1791334710618864 22762
3986 1791334710638474 22355
3987 1791334710658035 21732
3988 1791334710677494 20966
3989 1791334710706945 29447
3990 1791334710723404 25878
3991 1791334710738440 21481
3992 1791334710758349 23138
3993 1791334710777606 22181
3994 1791334710807062 29453
3995 1791334710817962 22880
3996 1791334710835893 20742
3997 1791334710857404 22164
3998 1791334710879422 22014
3999 1791334710900138 24274
4000 1791334710919775 22354
4001 1791334710940503 24072
4002 1791334710958490 21335
4003 1791334710979727 23244
4004 1791334711006849 31548
4005 1791334711019014 22493
4006 1791334711038526 22074
4007 1791334711056706 20943
4008 1791334711078922 23373
4009 1791334711111089 32164
4010 1791334711122942 24176
4011 1791334711138459 22070
4012 1791334711162194 25921
4013 1791334711179692 22241
4014 1791334711199675 23744
4015 1791334711218606 21874
4016 1791334711237760 22181
4017 1791334711265325 27562
4018 1791334711278810 21200
4019 1791334711299511 23300
4020 1791334711317981 21385
4021 1791334711336578 21656
4022 1791334711357472 20891
4023 1791334711378772 23634
4024 1791334711407559 31712
4025 1791334711420776 23571
4026 1791334711437740 21745
4027 1791334711463937 26194
4028 1791334711477506 21978
4029 1791334711501800 25468
4030 1791334711519595 21536
4031 1791334711539949 23369
4032 1791334711559670 23334
4033 1791334711585753 29379
4034 1791334711598694 23490
4035 1791334711620287 22804
4036 1791334711642991 25214
4037 1791334711658308 21567
4038 1791334711677014 20696
4039 1791334711698664 21647
4040 1791334711718261 22335
4041 1791334711737027 20774
4042 1791334711758295 23807
4043 1791334711779612 24109
4044 1791334711799535 22954
4045 1791334711817299 20954
4046 1791334711837081 21358
4047 1791334711861609 24525
4048 1791334711878792 21064
4049 1791334711905872 30130
4050 1791334711916061 20578
4051 1791334711938113 22082
4052 1791334711956629 20830
4053 1791334711977426 20856
4054 1791334712004079 26650
4055 1791334712019520 22397
4056 1791334712038600 21118
4057 1791334712057892 22798
4058 1791334712081813 23918
4059 1791334712102573 25633
4060 1791334712123277 23297
4061 1791334712149724 29429
4062 1791334712165155 29311
4063 1791334712186171 30493
4064 1791334712205838 29827
4065 1791334712218692 22653
4066 1791334712239914 23349
4067 1791334712261895 25244
4068 1791334712277815 21205
4069 1791334712302764 26976
4070 1791334712317607 21475
4071 1791334712337643 22710
4072 1791334712357917 23038
4073 1791334712384186 26494
4074 1791334712399954 23261
4075 1791334712426739 29278
4076 1791334712437044 21713
4077 1791334712459781 24419
4078 1791334712480344 23129
4079 1791334712498792 23451
4080 1791334712517677 22476
4081 1791334712540329 22686
4082 1791334712561526 23626
4083 1791334712575826 21028
4084 1791334712603139 27310
4085 1791334712617516 21917
4086 1791334712646463 28944
4087 1791334712656924 22123
4088 1791334712676717 21095
4089 1791334712704869 28149
4090 1791334712718744 22254
4091 1791334712738228 22513
4092 1791334712759897 21711
4093 1791334712778598 23082
4094 1791334712797634 21720
4095 1791334712816737 22056
4096 1791334712838659 21918
4097 1791334712858505 22618
4098 1791334712876097 21317
4099 1791334712899519 23419
4100 1791334712918428 21869
4101 1791334712936362 21034
4102 1791334712957194 21924
4103 1791334712979915 22716
4104 1791334712998744 24062
4105 1791334713018899 23078
4106 1791334713038035 23177
4107 1791334713058588 20551
4108 1791334713087528 31329
4109 1791334713098804 22155
4110 1791334713116610 21624
4111 1791334713144359 27746
4112 1791334713158296 23408
4113 1791334713184745 28548
4114 1791334713199617 23264
4115 1791334713227680 32347
4116 1791334713241157 26099
4117 1791334713257757 21578
4118 1791334713278888 21189
4119 1791334713298799 23863
4120 1791334713318480 21080
4121 1791334713339330 24224
4122 1791334713364647 25315
4123 1791334713379535 21755
4124 1791334713398158 22012
4125 1791334713417691 22461
4126 1791334713438920 23205
4127 1791334713458411 22154
4128 1791334713476801 21289
4129 1791334713504347 27543
4130 1791334713519920 24321
4131 1791334713541025 26391
4132 1791334713556644 21372
4133 1791334713584591 27944
4134 1791334713603174 27203
4135 1791334713617584 21544
4136 1791334713636915 21376
4137 1791334713658221 23226
4138 1791334713679448 21224
4139 1791334713700222 23799
4140 1791334713718475 21739
4141 1791334713740785 22366
4142 1791334713759840 22331
4143 1791334713777879 20776
4144 1791334713807529 31729
4145 1791334713818539 22841
4146 1791334713838357 22366
4147 1791334713856911 21028
# sent 4148 received 4148
