0 1791252408594107 27163
1 1791252408612951 25534
2 1791252408636567 23612
3 1791252408659248 28216
4 1791252408678511 30804
5 1791252408695168 22950
6 1791252408713246 23530
7 1791252408730491 22712
8 1791252408751433 20939
9 1791252408772718 21282
10 1791252408792917 23024
11 1791252408813574 25605
12 1791252408837639 27124
13 1791252408853716 21804
14 1791252408875089 21371
15 1791252408897317 28875
16 1791252408913983 22813
17 1791252408931187 23755
18 1791252408953933 22744
19 1791252408978843 29805
20 1791252408996828 24575
21 1791252409015316 24494
22 1791252409031592 22403
23 1791252409057889 26294
24 1791252409074508 26255
25 1791252409098704 26593
26 1791252409113813 21844
27 1791252409135672 25617
28 1791252409152110 24083
29 1791252409176267 27330
30 1791252409194141 21656
31 1791252409214118 25684
32 1791252409233821 24628
33 1791252409252929 25722
34 1791252409273879 20947
35 1791252409292150 24701
36 1791252409313249 24842
37 1791252409343533 30493
38 1791252409354791 23774
39 1791252409371833 22848
40 1791252409399501 27666
41 1791252409417411 24017
42 1791252409434311 21746
43 1791252409453391 23125
44 1791252409474832 26389
45 1791252409491513 22587
46 1791252409512193 20677
47 1791252409532337 23866
48 1791252409557846 25624
49 1791252409584561 32194
50 1791252409595082 26894
51 1791252409613597 23929
52 1791252409633933 26206
53 1791252409653646 25145
54 1791252409673782 24372
55 1791252409692427 22015
56 1791252409716493 24108
57 1791252409733844 25952
58 1791252409755983 25826
59 1791252409772970 21755
60 1791252409794046 21723
61 1791252409815594 22909
62 1791252409833946 26596
63 1791252409853505 22468
64 1791252409873336 26156
65 1791252409893946 25092
66 1791252409915606 21655
67 1791252409929819 21450
68 1791252409953268 23445
69 1791252409975137 21865
70 1791252409992689 24353
71 1791252410013170 25022
72 1791252410033227 24483
73 1791252410053541 24344
74 1791252410072451 24007
75 1791252410095886 23682
76 1791252410111985 22670
77 1791252410130435 22128
78 1791252410153111 25021
79 1791252410175714 28098
80 1791252410188410 21043
81 1791252410213934 25648
82 1791252410235132 21196
83 1791252410254277 26619
84 1791252410277888 28926
85 1791252410290969 22506
86 1791252410314841 26348
87 1791252410337212 27565
88 1791252410349695 20355
89 1791252410375258 26446
90 1791252410393226 24736
91 1791252410412763 24589
92 1791252410434312 21546
93 1791252410455909 26546
94 1791252410471726 21715
95 1791252410495092 23364
96 1791252410512299 21128
97 1791252410542779 30658
98 1791252410555059 25758
99 1791252410572851 22936
100 1791252410594929 27196
101 1791252410617253 28693
102 1791252410634139 21991
103 1791252410651752 24365
104 1791252410674204 26091
105 1791252410688854 20771
106 1791252410715979 27175
107 1791252410735980 26498
108 1791252410751859 21828
109 1791252410775690 24777
110 1791252410794057 26004
111 1791252410812860 24962
112 1791252410834516 26914
113 1791252410854444 24032
114 1791252410870465 22568
115 1791252410896061 26280
116 1791252410911734 22474
117 1791252410933702 23935
118 1791252410953132 23648
119 1791252410976761 27606
120 1791252410994419 22505
121 1791252411009484 20734
122 1791252411034736 27180
123 1791252411050776 20708
124 1791252411072451 21672
125 1791252411098772 26318
126 1791252411113039 21077
127 1791252411134082 21040
128 1791252411162985 28948
129 1791252411174385 25968
130 1791252411194281 23753
131 1791252411213262 22134
132 1791252411233714 23482
133 1791252411253910 24703
134 1791252411272732 23663
135 1791252411302615 29880
136 1791252411313908 25573
137 1791252411339052 25199
138 1791252411355729 22484
139 1791252411376663 29289
140 1791252411391625 22585
141 1791252411415575 24006
142 1791252411431709 20519
143 1791252411454021 23204
144 1791252411471098 22704
145 1791252411493800 22699
146 1791252411513076 23952
147 1791252411535252 22167
148 1791252411549479 21991
149 1791252411570854 21458
150 1791252411593419 22981
151 1791252411611794 23643
152 1791252411633555 24461
153 1791252411653466 24523
154 1791252411675622 22153
155 1791252411697185 25703
156 1791252411713699 21040
157 1791252411733368 22557
158 1791252411756795 23407
159 1791252411775002 25896
160 1791252411791684 22303
161 1791252411818117 26503
162 1791252411835096 22706
163 1791252411850733 22913
164 1791252411875119 24384
165 1791252411895341 23984
166 1791252411911267 22458
167 1791252411934413 26157
168 1791252411951271 22510
169 1791252411975550 24276
170 1791252411992654 21781
171 1791252412013076 20418
172 1791252412033926 25711
173 1791252412055287 22199
174 1791252412076924 28183
175 1791252412094455 25950
176 1791252412118799 24605
177 1791252412132819 25088
178 1791252412155701 22879
179 1791252412173905 25601
180 1791252412194051 24880
181 1791252412213952 25451
182 1791252412233746 23500
183 1791252412255313 21618
184 1791252412274597 21737
185 1791252412296121 27893
186 1791252412316546 25144
187 1791252412332227 20847
188 1791252412356164 24771
189 1791252412374041 24798
190 1791252412391688 24000
191 1791252412416881 25190
192 1791252412437614 25503
193 1791252412453761 21079
194 1791252412480571 26807
195 1791252412496637 22430
196 1791252412514106 21765
197 1791252412534459 23701
198 1791252412551051 22635
199 1791252412573016 22693
200 1791252412596116 23325
201 1791252412616450 28161
202 1791252412632510 22288
203 1791252412653090 20577
204 1791252412676040 23822
205 1791252412695967 25733
206 1791252412716018 24597
207 1791252412734225 27111
208 1791252412750446 23306
209 1791252412773138 24072
210 1791252412795337 22488
211 1791252412813704 25454
212 1791252412833505 25988
213 1791252412855773 22264
214 1791252412877762 28447
215 1791252412897860 27123
216 1791252412913262 24882
217 1791252412931897 23584
218 1791252412954543 22639
219 1791252412975831 28578
220 1791252412994155 25897
221 1791252413014084 24080
222 1791252413034312 25758
223 1791252413059804 28802
224 1791252413082578 29952
225 1791252413093379 24487
226 1791252413115443 22126
227 1791252413135088 26188
228 1791252413153802 24030
229 1791252413175091 21287
230 1791252413190688 22269
231 1791252413215276 26483
232 1791252413234052 22989
233 1791252413249848 21177
234 1791252413274979 27576
235 1791252413294469 23951
236 1791252413320668 26193
237 1791252413331146 22207
238 1791252413353797 24650
239 1791252413373703 26320
240 1791252413395273 22233
241 1791252413417659 28395
242 1791252413434533 22380
243 1791252413455391 25112
244 1791252413472238 23586
245 1791252413493699 21456
246 1791252413512503 23591
247 1791252413535791 23357
248 1791252413555579 27677
249 1791252413579005 27801
250 1791252413595550 22700
251 1791252413614087 20824
252 1791252413640786 27087
253 1791252413659288 25253
254 1791252413675656 23156
255 1791252413693195 21918
256 1791252413715784 23661
257 1791252413732198 24870
258 1791252413753097 20895
259 1791252413778907 26946
260 1791252413791146 23230
261 1791252413814928 23881
262 1791252413834251 25567
263 1791252413864070 29809
264 1791252413875336 26314
265 1791252413893373 22538
266 1791252413919874 26495
267 1791252413937766 24140
268 1791252413956655 24247
269 1791252413974546 22955
270 1791252413995218 22369
271 1791252414014188 26390
272 1791252414032842 21869
273 1791252414053584 24952
274 1791252414070923 22657
275 1791252414093834 22906
276 1791252414115322 27916
277 1791252414136428 27514
278 1791252414153907 23350
279 1791252414176591 27256
280 1791252414195546 27299
281 1791252414214276 22929
282 1791252414240163 25882
283 1791252414259540 25747
284 1791252414273844 21044
285 1791252414295230 22047
286 1791252414313979 22134
287 1791252414335647 21661
288 1791252414354297 26588
289 1791252414377676 28494
290 1791252414397593 27721
291 1791252414421259 27582
292 1791252414432182 21338
293 1791252414455472 27288
294 1791252414471610 22542
295 1791252414494093 22481
296 1791252414512169 22909
297 1791252414535010 22892
298 1791252414554290 27004
299 1791252414571852 22740
300 1791252414597562 25993
301 1791252414613900 22806
302 1791252414633654 24957
303 1791252414651733 23180
304 1791252414692825 41085
305 1791252414698662 24955
306 1791252414717594 28853
307 1791252414736744 28087
308 1791252414752356 23934
309 1791252414776986 24624
310 1791252414794758 27036
311 1791252414813149 24060
312 1791252414835174 22021
313 1791252414848581 21284
314 1791252414874419 25834
315 1791252414900577 26488
316 1791252414915865 21888
317 1791252414933473 22919
318 1791252414953549 24924
319 1791252414975753 22199
320 1791252414993329 23108
321 1791252415022396 29061
322 1791252415033278 24977
323 1791252415054599 26968
324 1791252415074688 23553
325 1791252415096554 28796
326 1791252415114236 23554
327 1791252415135079 26584
328 1791252415153673 25262
329 1791252415170447 23175
330 1791252415192334 21881
331 1791252415214080 21742
332 1791252415229096 21664
333 1791252415253953 25993
334 1791252415275623 25784
335 1791252415293418 24129
336 1791252415315836 27502
337 1791252415334328 24003
338 1791252415363954 29623
339 1791252415375401 26644
340 1791252415394239 24786
341 1791252415412049 24454
342 1791252415432222 22254
343 1791252415453333 24983
344 1791252415472086 21790
345 1791252415496956 24866
346 1791252415513170 23499
347 1791252415537704 24599
348 1791252415554116 21335
349 1791252415575966 27837
350 1791252415590722 22684
351 1791252415613926 23386
352 1791252415634052 24313
353 1791252415653485 23249
354 1791252415675456 27715
355 1791252415692571 21785
356 1791252415715419 22828
357 1791252415736611 28744
358 1791252415752199 21011
359 1791252415774420 22217
360 1791252415791174 23238
361 1791252415823796 32610
362 1791252415834189 21446
363 1791252415854736 26758
364 1791252415874125 26486
365 1791252415901560 28002
366 1791252415914255 24125
367 1791252415933887 23036
368 1791252415948425 21008
369 1791252415975637 27209
370 1791252415995535 26784
371 1791252416012926 25025
372 1791252416039465 26533
373 1791252416052679 25454
374 1791252416080799 28115
375 1791252416095983 25325
376 1791252416114527 25418
377 1791252416134284 23591
378 1791252416158707 24421
379 1791252416175979 26477
380 1791252416190536 22433
381 1791252416214249 23708
382 1791252416234381 22238
383 1791252416251364 22494
384 1791252416273416 22046
385 1791252416290161 22425
386 1791252416314210 24036
387 1791252416334857 27275
388 1791252416354489 26724
389 1791252416375306 24263
390 1791252416395446 23949
391 1791252416411856 20749
392 1791252416434753 22998
393 1791252416463556 35413
394 1791252416474621 26253
395 1791252416495848 23541
396 1791252416513020 24974
397 1791252416544668 31642
398 1791252416578464 50518
399 1791252416609694 59489
400 1791252416621010 42542
401 1791252416621017 33082
402 1791252416633819 24120
403 1791252416659855 26032
404 1791252416673357 23163
405 1791252416701856 28496
406 1791252416712491 23036
407 1791252416734502 25575
408 1791252416752492 22748
409 1791252416788416 35921
410 1791252416794696 25888
411 1791252416818602 30179
412 1791252416835639 27408
413 1791252416862693 33370
414 1791252416875699 26889
415 1791252416898699 28033
416 1791252416919703 26432
417 1791252416936386 27363
418 1791252416960524 29983
419 1791252416987713 33910
420 1791252417002473 27859
421 1791252417018146 30428
422 1791252417043090 30941
423 1791252417055404 27040
424 1791252417074204 24979
425 1791252417098232 28298
426 1791252417123043 31154
427 1791252417150828 37291
428 1791252417155452 27389
429 1791252417178884 28052
430 1791252417195124 26592
431 1791252417227018 35158
432 1791252417237717 29786
433 1791252417250564 23542
434 1791252417273941 24629
435 1791252417296129 25483
436 1791252417320038 31800
437 1791252417336013 22224
438 1791252417362338 32131
439 1791252417384209 30586
440 1791252417405319 31639
441 1791252417425612 31738
442 1791252417445965 33152
443 1791252417457198 29420
444 1791252417483424 35677
445 1791252417511939 39508
446 1791252417525612 32447
447 1791252417540995 29051
448 1791252417554291 25902
449 1791252417576743 28766
450 1791252417602895 30842
451 1791252417615043 25899
452 1791252417636381 21331
453 1791252417656326 24622
454 1791252417679408 26540
455 1791252417696640 22952
456 1791252417723613 32207
457 1791252417735491 26318
458 1791252417754137 25451
459 1791252417775247 21948
460 1791252417803233 30149
461 1791252417815696 27915
462 1791252417833073 25701
463 1791252417854671 26292
464 1791252417880740 33476
465 1791252417903372 29220
466 1791252417917967 29246
467 1791252417941144 33577
468 1791252417953723 26497
469 1791252417974892 27062
470 1791252417995810 25623
471 1791252418025330 29516
472 1791252418039860 31436
473 1791252418063779 31277
474 1791252418082673 33803
475 1791252418097727 26772
476 1791252418124332 32053
477 1791252418145525 37348
478 1791252418163756 36052
479 1791252418193427 40896
480 1791252418212118 41854
481 1791252418232404 44737
482 1791252418251063 39190
483 1791252418280145 47738
484 1791252418291216 42189
485 1791252418314464 42526
486 1791252418333334 43995
487 1791252418357544 48175
488 1791252418374094 45516
489 1791252418402887 51632
490 1791252418416720 43336
491 1791252418437561 49444
492 1791252418459566 47905
493 1791252418485202 52648
494 1791252418499755 46409
495 1791252418527808 53541
496 1791252418538360 50913
497 1791252418569658 59053
498 1791252418583649 55837
499 1791252418605929 56062
500 1791252418626264 56604
501 1791252418646256 57903
502 1791252418672298 59105
503 1791252418687259 57198
504 1791252418704044 56607
505 1791252418733105 60803
506 1791252418743948 56685
507 1791252418773650 63136
508 1791252418792941 64357
509 1791252418819812 67278
510 1791252418831694 63851
511 1791252418864559 71801
512 1791252418882377 68840
513 1791252418893812 62115
514 1791252418925388 73596
515 1791252418939336 69102
516 1791252418963614 69799
517 1791252418981385 68047
518 1791252418994941 66347
519 1791252419021152 73083
520 1791252419039219 70446
521 1791252419063677 74891
522 1791252419084373 72345
523 1791252419106290 77790
524 1791252419123262 75418
525 1791252419144730 72039
526 1791252419163369 70603
527 1791252419187076 74229
528 1791252419207123 78629
529 1791252419225804 77162
530 1791252419250280 79806
531 1791252419267733 80653
532 1791252419291101 83974
533 1791252419313850 85205
534 1791252419324930 76120
535 1791252419346777 79041
536 1791252419367945 76968
537 1791252419385291 77817
538 1791252419406833 74215
539 1791252419426943 74620
540 1791252419445701 77753
541 1791252419473382 81824
542 1791252419493067 81554
543 1791252419505633 78687
544 1791252419535287 83773
545 1791252419557473 86005
546 1791252419572720 79650
547 1791252419593268 83212
548 1791252419610168 78773
549 1791252419637328 84540
550 1791252419653798 81075
551 1791252419666237 72965
552 1791252419678291 68243
553 1791252419692292 64356
554 1791252419711971 58264
555 1791252419725312 52863
556 1791252419740333 48039
557 1791252419761304 52402
558 1791252419776230 46569
559 1791252419794874 41382
560 1791252419813798 42671
561 1791252419822719 34602
562 1791252419845844 35001
563 1791252419857438 29445
564 1791252419878435 26332
565 1791252419894636 26967
566 1791252419923485 28846
567 1791252419935746 26547
568 1791252419958416 30125
569 1791252419990366 38789
570 1791252420003172 35253
571 1791252420021745 31831
572 1791252420045063 31228
573 1791252420059354 28865
574 1791252420087108 34134
575 1791252420099619 26818
576 1791252420115088 27977
577 1791252420136341 26434
578 1791252420161135 29105
579 1791252420184446 29084
580 1791252420199119 28616
581 1791252420224232 33841
582 1791252420237076 29742
583 1791252420255931 26515
584 1791252420272609 25315
585 1791252420299861 30978
586 1791252420325208 32211
587 1791252420344425 35785
588 1791252420361392 29993
589 1791252420374783 26568
590 1791252420396817 29016
591 1791252420423000 31438
592 1791252420437420 25709
593 1791252420458319 30687
594 1791252420479783 28528
595 1791252420494125 25992
596 1791252420521487 27358
597 1791252420541380 30172
598 1791252420560814 32254
599 1791252420584429 33889
600 1791252420607593 35534
601 1791252420619730 27794
602 1791252420634866 27269
603 1791252420665814 30946
604 1791252420678364 29462
605 1791252420692437 23036
606 1791252420723978 31538
607 1791252420734260 24638
608 1791252420752934 25583
609 1791252420783866 30929
610 1791252420801443 31174
611 1791252420820656 30944
612 1791252420837554 27281
613 1791252420853047 22117
614 1791252420881695 32046
615 1791252420897789 29862
616 1791252420919880 28440
617 1791252420937539 29553
618 1791252420964587 32112
619 1791252420983607 29595
620 1791252421006908 34304
621 1791252421024498 30027
622 1791252421038357 28193
623 1791252421063460 32058
624 1791252421084401 33002
625 1791252421103857 32582
626 1791252421114367 26627
627 1791252421133953 24182
628 1791252421155983 26681
629 1791252421174822 25722
630 1791252421194636 26124
631 1791252421220827 31838
632 1791252421232576 24778
633 1791252421255224 22642
634 1791252421283263 29694
635 1791252421302094 29490
636 1791252421322850 31399
637 1791252421342700 31137
638 1791252421356720 24238
639 1791252421384242 35100
640 1791252421408120 35166
641 1791252421423776 32853
642 1791252421435667 27540
643 1791252421454497 25319
644 1791252421475533 27721
645 1791252421497209 25756
646 1791252421515550 27887
647 1791252421534733 25169
648 1791252421560685 29560
649 1791252421583852 31190
650 1791252421603459 34253
651 1791252421623937 34142
652 1791252421642609 31804
653 1791252421663987 36628
654 1791252421694503 45198
655 1791252421718501 44711
656 1791252421737582 49806
657 1791252421758460 50622
658 1791252421782759 53749
659 1791252421803847 56034
660 1791252421828491 60260
661 1791252421865802 72664
662 1791252421887135 70777
663 1791252421909060 81307
664 1791252421930841 78236
665 1791252421953842 79653
666 1791252421973105 85966
667 1791252421995718 86653
668 1791252422014465 85923
669 1791252422045110 96307
670 1791252422066292 93185
671 1791252422091290 100239
672 1791252422110020 100875
673 1791252422133863 100868
674 1791252422154852 100964
675 1791252422174498 101020
676 1791252422193287 101993
677 1791252422206175 97831
678 1791252422233912 106540
679 1791252422247118 97472
680 1791252422274067 105337
681 1791252422293574 102767
682 1791252422316065 108632
683 1791252422334016 105743
684 1791252422353024 105902
685 1791252422384063 109993
686 1791252422399882 108635
687 1791252422417742 106160
688 1791252422441685 107715
689 1791252422453040 104794
690 1791252422468861 101014
691 1791252422486878 97927
692 1791252422505112 96206
693 1791252422524312 95831
694 1791252422544128 91078
695 1791252422554290 85427
696 1791252422578397 89921
697 1791252422591980 84423
698 1791252422609639 81325
699 1791252422629193 79789
700 1791252422654633 81736
701 1791252422662731 74536
702 1791252422680745 73435
703 1791252422698257 69061
704 1791252422714788 66738
705 1791252422729369 59451
706 1791252422747835 55246
707 1791252422751655 43657
708 1791252422765222 35850
709 1791252422781619 33781
710 1791252422803700 28939
711 1791252422814710 26949
712 1791252422835035 26641
713 1791252422860441 30525
714 1791252422887419 39729
715 1791252422903365 30236
716 1791252422921041 33701
717 1791252422944896 31520
718 1791252422955559 23007
719 1791252422978643 28094
720 1791252423005246 33738
721 1791252423025636 31523
722 1791252423045718 32512
723 1791252423057744 27834
724 1791252423080594 28252
725 1791252423099242 30234
726 1791252423116746 29058
727 1791252423141782 30843
728 1791252423164341 33012
729 1791252423180314 31976
730 1791252423203747 34366
731 1791252423225257 34668
732 1791252423236060 26519
733 1791252423263228 32321
734 1791252423284587 32922
735 1791252423304810 31159
736 1791252423322880 29798
737 1791252423342423 32086
738 1791252423363537 31508
739 1791252423381956 33141
740 1791252423397018 27639
741 1791252423416187 28786
742 1791252423442934 35580
743 1791252423462114 31485
744 1791252423480008 30062
745 1791252423497951 30054
746 1791252423524625 31901
747 1791252423542991 29638
748 1791252423562896 30530
749 1791252423578237 30880
750 1791252423602629 29078
751 1791252423619640 28157
752 1791252423642855 28877
753 1791252423657612 26041
754 1791252423675651 26946
755 1791252423703534 30408
756 1791252423714484 25907
757 1791252423738390 30335
758 1791252423762054 28840
759 1791252423779804 29507
760 1791252423803577 30874
761 1791252423823219 30585
762 1791252423836678 27749
763 1791252423862943 35042
764 1791252423875222 25983
765 1791252423894157 26868
766 1791252423913882 25195
767 1791252423937971 28875
768 1791252423963014 30251
769 1791252423973964 25352
770 1791252423994486 26639
771 1791252424013927 26211
772 1791252424037028 27735
773 1791252424059304 27260
774 1791252424081896 28843
775 1791252424097271 26128
776 1791252424124910 31907
777 1791252424146048 33599
778 1791252424165875 31674
779 1791252424175609 26954
780 1791252424195353 24892
781 1791252424220811 32528
782 1791252424243399 30140
783 1791252424255417 27300
784 1791252424282323 34299
785 1791252424304508 35573
786 1791252424325375 33995
787 1791252424338445 28822
788 1791252424363189 30428
789 1791252424380145 31014
790 1791252424403202 30012
791 1791252424424865 32773
792 1791252424444414 31449
793 1791252424462051 30568
794 1791252424477346 29522
795 1791252424499722 27487
796 1791252424515688 26631
797 1791252424542727 32669
798 1791252424559442 31394
799 1791252424584327 31220
800 1791252424603509 31778
801 1791252424625259 34419
802 1791252424646275 32455
803 1791252424663450 30551
804 1791252424679643 32101
805 1791252424704706 31493
806 1791252424717811 29330
807 1791252424741558 31340
808 1791252424763182 35214
809 1791252424775345 26262
810 1791252424801215 33882
811 1791252424814995 26819
812 1791252424838172 28152
813 1791252424856775 29517
814 1791252424884478 33229
815 1791252424903007 30726
816 1791252424915470 26248
817 1791252424931292 23836
818 1791252424960231 30878
819 1791252424984903 32120
820 1791252424995416 27190
821 1791252425018580 30348
822 1791252425034733 26514
823 1791252425059528 29038
824 1791252425082650 29359
825 1791252425103595 31743
826 1791252425122656 31597
827 1791252425133666 23663
828 1791252425154482 25317
829 1791252425173714 23493
830 1791252425194663 26566
831 1791252425215451 25158
832 1791252425234063 26031
833 1791252425253502 22945
834 1791252425276268 26626
835 1791252425304756 34046
836 1791252425319411 26398
837 1791252425340256 27116
838 1791252425355877 22280
839 1791252425378872 27728
840 1791252425396590 23256
841 1791252425418953 27175
842 1791252425445721 33084
843 1791252425461574 28665
844 1791252425483734 33618
845 1791252425504521 31288
846 1791252425519402 31427
847 1791252425544803 31806
848 1791252425556307 22400
849 1791252425584734 33901
850 1791252425601230 29043
851 1791252425617925 27444
852 1791252425639429 31985
853 1791252425664506 31205
854 1791252425675262 26217
855 1791252425709347 37583
856 1791252425722283 30961
857 1791252425746339 36988
858 1791252425768278 34224
859 1791252425788686 37860
860 1791252425811825 43545
861 1791252425837180 48492
862 1791252425863013 51183
863 1791252425882712 54124
864 1791252425904229 56599
865 1791252425926488 58305
866 1791252425960333 67173
867 1791252425983296 70818
868 1791252425994351 66666
869 1791252426022093 73429
870 1791252426046155 74375
871 1791252426056330 65740
872 1791252426084886 75363
873 1791252426101472 73878
874 1791252426134998 83507
875 1791252426145140 72641
876 1791252426163632 72870
877 1791252426185491 75724
878 1791252426217133 82756
879 1791252426233961 82582
880 1791252426252788 84580
881 1791252426272835 84064
882 1791252426291448 80528
883 1791252426316509 82546
884 1791252426335979 83436
885 1791252426342406 71491
886 1791252426368600 77149
887 1791252426388635 79478
888 1791252426413386 85382
889 1791252426434475 86216
890 1791252426451623 83562
891 1791252426473606 84968
892 1791252426494732 85903
893 1791252426515206 87449
894 1791252426535291 83665
895 1791252426547354 79145
896 1791252426566229 77605
897 1791252426591615 81117
898 1791252426613669 82907
899 1791252426624715 77359
900 1791252426644112 76672
901 1791252426666606 74989
902 1791252426684771 71098
903 1791252426702191 70915
904 1791252426720020 72572
905 1791252426738068 67920
906 1791252426760076 69018
907 1791252426782637 70773
908 1791252426793904 65729
909 1791252426813004 65690
910 1791252426823494 53802
911 1791252426837851 48827
912 1791252426860231 47224
913 1791252426872497 41590
914 1791252426893422 38536
915 1791252426906337 33899
916 1791252426923715 30291
917 1791252426941956 34322
918 1791252426957173 27677
919 1791252426975580 25252
920 1791252426994298 24742
921 1791252427018301 30518
922 1791252427041960 34534
923 1791252427061572 32930
924 1791252427087352 33927
925 1791252427103756 32334
926 1791252427116117 28762
927 1791252427138465 29508
928 1791252427159088 31682
929 1791252427190480 37160
930 1791252427201807 34363
931 1791252427223680 33689
932 1791252427234775 24366
933 1791252427254431 24878
934 1791252427285054 32980
935 1791252427306483 36683
936 1791252427316656 26094
937 1791252427337554 26961
938 1791252427354556 26661
939 1791252427379741 29048
940 1791252427393210 24984
941 1791252427424076 30863
942 1791252427442369 29200
943 1791252427461925 34599
944 1791252427486865 31974
945 1791252427499514 28510
946 1791252427510047 21696
947 1791252427533219 23170
948 1791252427560132 32142
949 1791252427575660 21918
950 1791252427594515 26925
951 1791252427620731 29730
952 1791252427635177 27273
953 1791252427653581 25516
954 1791252427684511 30926
955 1791252427697304 25177
956 1791252427724498 31713
957 1791252427736855 28359
958 1791252427758983 31366
959 1791252427786539 32780
960 1791252427798029 29986
961 1791252427817504 29682
962 1791252427841172 29624
963 1791252427857927 30008
964 1791252427880710 28970
965 1791252427903091 33188
966 1791252427922635 30603
967 1791252427943742 31499
968 1791252427962437 29703
969 1791252427977700 29763
970 1791252428003352 31383
971 1791252428014438 26184
972 1791252428034008 23899
973 1791252428062524 29798
974 1791252428076045 28050
975 1791252428099858 31613
976 1791252428112304 24680
977 1791252428146543 34481
978 1791252428159247 31048
979 1791252428182420 29115
980 1791252428201644 31190
981 1791252428221749 32269
982 1791252428234643 26354
983 1791252428261863 30085
984 1791252428280406 29850
985 1791252428308538 35056
986 1791252428323635 35195
987 1791252428334223 25682
988 1791252428356479 27955
989 1791252428376459 29054
990 1791252428394765 24648
991 1791252428415922 27192
992 1791252428434622 24580
993 1791252428463997 31147
994 1791252428486531 32948
995 1791252428503205 28361
996 1791252428514491 25765
997 1791252428534736 26200
998 1791252428555601 27304
999 1791252428574515 25374
1000 1791252428596687 28847
1001 1791252428614725 24895
1002 1791252428638983 26260
1003 1791252428664435 31735
1004 1791252428682726 29354
1005 1791252428695004 26184
1006 1791252428721026 29678
1007 1791252428741852 27979
1008 1791252428753487 23134
1009 1791252428779239 25750
1010 1791252428797698 29663
1011 1791252428817519 30074
1012 1791252428842632 30273
1013 1791252428862627 34079
1014 1791252428882746 32218
1015 1791252428904637 36267
1016 1791252428934088 42077
1017 1791252428954423 45326
1018 1791252428973863 44467
1019 1791252428987639 40229
1020 1791252429018762 44895
1021 1791252429035391 47748
1022 1791252429061761 53543
1023 1791252429084034 55680
1024 1791252429109541 60113
1025 1791252429125577 52352
1026 1791252429153155 60659
1027 1791252429169075 60150
1028 1791252429193038 61253
1029 1791252429213252 60094
1030 1791252429223835 54757
1031 1791252429255131 63049
1032 1791252429279122 65863
1033 1791252429305660 72684
1034 1791252429323949 70638
1035 1791252429335206 66619
1036 1791252429354229 66037
1037 1791252429365389 56012
1038 1791252429395902 66685
1039 1791252429406426 59087
1040 1791252429433950 62447
1041 1791252429462941 73149
1042 1791252429478311 69849
1043 1791252429504438 75190
1044 1791252429521476 69052
1045 1791252429545929 73376
1046 1791252429562918 69869
1047 1791252429579435 68919
1048 1791252429604426 76071
1049 1791252429623036 74559
1050 1791252429643338 73778
1051 1791252429665913 73152
1052 1791252429684465 74919
1053 1791252429706410 77352
1054 1791252429720777 73254
1055 1791252429744084 72146
1056 1791252429764480 75997
1057 1791252429784560 75461
1058 1791252429812738 83802
1059 1791252429828706 78004
1060 1791252429847241 74824
1061 1791252429874715 82561
1062 1791252429894799 82058
1063 1791252429911657 83066
1064 1791252429927310 80065
1065 1791252429948371 80192
1066 1791252429974830 86387
1067 1791252429996186 84525
1068 1791252430005563 78250
1069 1791252430024416 76043
1070 1791252430049597 78047
1071 1791252430065469 71669
1072 1791252430083106 70056
1073 1791252430102844 71356
1074 1791252430113311 63711
1075 1791252430133108 65276
1076 1791252430156252 63621
1077 1791252430174426 61112
1078 1791252430187013 53902
1079 1791252430204535 51653
1080 1791252430221644 53990
1081 1791252430237508 50491
1082 1791252430257790 48626
1083 1791252430275658 43697
1084 1791252430286968 38058
1085 1791252430303374 35228
1086 1791252430323024 36052
1087 1791252430334656 26985
1088 1791252430356911 28438
1089 1791252430380715 28646
1090 1791252430399925 29655
1091 1791252430418076 27011
1092 1791252430445407 33423
1093 1791252430463078 31749
1094 1791252430486713 35016
1095 1791252430502240 27863
1096 1791252430512803 23197
1097 1791252430543434 30784
1098 1791252430563460 30634
1099 1791252430585733 32889
1100 1791252430603807 29422
1101 1791252430617677 29582
1102 1791252430644997 34084
1103 1791252430666282 33078
1104 1791252430678314 29680
1105 1791252430700774 32251
1106 1791252430720135 32713
1107 1791252430739942 31722
1108 1791252430760985 27667
1109 1791252430784091 30305
1110 1791252430797051 25063
1111 1791252430823329 31672
1112 1791252430844224 31590
1113 1791252430855437 22928
1114 1791252430878681 27489
1115 1791252430899421 27076
1116 1791252430922349 33735
1117 1791252430943148 31341
1118 1791252430959340 29104
1119 1791252430984611 32702
1120 1791252430994816 25771
1121 1791252431018473 30179
1122 1791252431045848 33148
1123 1791252431064475 31770
1124 1791252431075232 27232
1125 1791252431100989 28843
1126 1791252431122073 27912
1127 1791252431140758 29424
1128 1791252431155131 27176
1129 1791252431175759 27825
1130 1791252431195743 26079
1131 1791252431214209 20667
1132 1791252431235014 24815
1133 1791252431255618 25760
1134 1791252431280183 30479
1135 1791252431301528 28117
1136 1791252431318905 29740
1137 1791252431332702 22639
1138 1791252431358027 26023
1139 1791252431378754 28858
1140 1791252431394010 26043
1141 1791252431422896 28876
1142 1791252431446945 34716
1143 1791252431462925 28783
1144 1791252431478345 31397
1145 1791252431499404 27277
1146 1791252431521202 32317
1147 1791252431538084 26594
1148 1791252431559920 30847
1149 1791252431583411 30608
1150 1791252431604307 32089
1151 1791252431621809 28286
1152 1791252431635753 24938
1153 1791252431663096 34720
1154 1791252431674372 25060
1155 1791252431694242 25665
1156 1791252431723265 29017
1157 1791252431736891 24081
1158 1791252431764352 33010
1159 1791252431785294 31076
1160 1791252431802756 34825
1161 1791252431819837 28615
1162 1791252431834660 25490
1163 1791252431852220 23883
1164 1791252431882747 30525
1165 1791252431893987 23112
1166 1791252431909064 20907
1167 1791252431932920 25344
1168 1791252431954120 21196
1169 1791252431972022 24217
1170 1791252431992516 21936
1171 1791252432013345 25628
1172 1791252432031239 22853
1173 1791252432053275 22080
1174 1791252432074058 26482
1175 1791252432094093 25990
1176 1791252432118824 29841
1177 1791252432134601 25954
1178 1791252432151665 23172
1179 1791252432175382 23715
1180 1791252432195491 27662
1181 1791252432213542 23955
1182 1791252432232222 21683
1183 1791252432253416 25419
1184 1791252432273523 24051
1185 1791252432299148 25622
1186 1791252432314325 26146
1187 1791252432330414 22922
1188 1791252432353339 23093
1189 1791252432375528 24152
1190 1791252432397930 27572
1191 1791252432415818 23130
1192 1791252432435082 23144
1193 1791252432453268 24947
1194 1791252432469551 22306
1195 1791252432494123 24741
1196 1791252432512970 22664
1197 1791252432534487 21513
1198 1791252432549873 21064
1199 1791252432576132 26255
1200 1791252432594426 23725
1201 1791252432613934 25577
1202 1791252432633221 22568
1203 1791252432654384 21160
1204 1791252432676349 27282
1205 1791252432692951 25063
1206 1791252432712260 22179
1207 1791252432733985 26677
1208 1791252432754469 24491
1209 1791252432776962 29698
1210 1791252432793622 21821
1211 1791252432813611 25445
1212 1791252432833993 23950
1213 1791252432854246 24046
1214 1791252432883595 29346
1215 1791252432894018 21934
1216 1791252432911464 22551
1217 1791252432931500 23200
1218 1791252432952527 21086
1219 1791252432973014 24341
1220 1791252432999709 26692
1221 1791252433018389 31123
1222 1791252433041463 28246
1223 1791252433053891 24604
1224 1791252433073620 25545
1225 1791252433094296 20673
1226 1791252433116488 28097
1227 1791252433133233 21661
1228 1791252433153799 26149
1229 1791252433174597 24984
1230 1791252433191646 22713
1231 1791252433214388 22740
1232 1791252433234040 24738
1233 1791252433253897 25590
1234 1791252433275219 25725
1235 1791252433295080 21687
1236 1791252433315958 28407
1237 1791252433334072 22056
1238 1791252433347934 20587
1239 1791252433379313 31376
1240 1791252433395836 23314
1241 1791252433420583 24744
1242 1791252433431543 22286
1243 1791252433457150 25650
1244 1791252433477331 25113
1245 1791252433493186 25934
1246 1791252433517242 24053
1247 1791252433533737 26329
1248 1791252433551042 22971
1249 1791252433574225 25519
1250 1791252433594430 23828
1251 1791252433614130 24126
1252 1791252433631533 22858
1253 1791252433653363 21827
1254 1791252433675432 25172
1255 1791252433693440 23925
1256 1791252433715271 21885
1257 1791252433734690 26572
1258 1791252433754519 25263
1259 1791252433773092 23169
1260 1791252433790089 20815
1261 1791252433812981 24551
1262 1791252433831367 23226
1263 1791252433852739 24899
1264 1791252433888054 35313
1265 1791252433905346 31129
1266 1791252433916313 28256
1267 1791252433934283 25181
1268 1791252433953494 23320
1269 1791252433974819 21323
1270 1791252433996122 23165
1271 1791252434013862 22934
1272 1791252434033848 26607
1273 1791252434052608 23353
1274 1791252434083303 30693
1275 1791252434097665 24774
1276 1791252434117683 26037
1277 1791252434135208 22333
1278 1791252434152551 22814
1279 1791252434174264 21710
1280 1791252434202177 29561
1281 1791252434213430 24803
1282 1791252434232670 25237
1283 1791252434256631 23958
1284 1791252434274931 23329
1285 1791252434293548 23448
1286 1791252434313732 24648
1287 1791252434334602 26802
1288 1791252434353590 23853
1289 1791252434374846 26978
1290 1791252434396885 27272
1291 1791252434412167 23794
1292 1791252434433102 24925
1293 1791252434455156 22051
1294 1791252434472540 23255
1295 1791252434491088 22681
1296 1791252434515073 24045
1297 1791252434532837 25397
1298 1791252434554680 26148
1299 1791252434581318 32713
1300 1791252434593384 25371
1301 1791252434613801 25900
1302 1791252434633286 24471
1303 1791252434653519 23215
1304 1791252434679113 25591
1305 1791252434695637 27630
1306 1791252434717557 21917
1307 1791252434734388 21814
1308 1791252434763056 30152
1309 1791252434774073 24897
1310 1791252434793178 23281
1311 1791252434815910 27980
1312 1791252434831245 20949
1313 1791252434853238 22925
1314 1791252434879826 26641
1315 1791252434895299 21498
1316 1791252434914761 26544
1317 1791252434933918 26061
1318 1791252434954010 25968
1319 1791252434975532 27368
1320 1791252435002926 27389
1321 1791252435015735 24349
1322 1791252435051344 40656
1323 1791252435064535 36241
1324 1791252435083670 32322
1325 1791252435097530 28979
1326 1791252435117848 29973
1327 1791252435151722 38976
1328 1791252435165952 32296
1329 1791252435182058 30331
1330 1791252435199439 30588
1331 1791252435218630 31083
1332 1791252435249641 31006
1333 1791252435262775 29015
1334 1791252435282671 33025
1335 1791252435304077 34533
1336 1791252435314607 23998
1337 1791252435337159 28250
1338 1791252435355659 22776
1339 1791252435381651 27042
1340 1791252435394175 26091
1341 1791252435426526 38791
1342 1791252435445148 37681
1343 1791252435462404 28799
1344 1791252435475330 27507
1345 1791252435499446 27580
1346 1791252435516221 27718
1347 1791252435551872 41770
1348 1791252435568359 39344
1349 1791252435598274 46399
1350 1791252435608565 40204
1351 1791252435625617 32413
1352 1791252435639774 31205
1353 1791252435658417 30204
1354 1791252435683547 35490
1355 1791252435702487 34317
1356 1791252435721058 30311
1357 1791252435752479 40209
1358 1791252435755226 26349
1359 1791252435786059 34330
1360 1791252435804480 32930
1361 1791252435823017 32885
1362 1791252435855039 42580
1363 1791252435881269 49153
1364 1791252435903838 49761
1365 1791252435914209 39093
1366 1791252435920638 32893
1367 1791252435950021 42059
1368 1791252435975945 40089
1369 1791252435983742 35543
1370 1791252436014166 40808
1371 1791252436033202 39958
1372 1791252436053012 40797
1373 1791252436074759 47419
1374 1791252436087711 38357
1375 1791252436104544 36562
1376 1791252436129551 41838
1377 1791252436153117 43486
1378 1791252436169535 41211
1379 1791252436192850 43238
1380 1791252436215682 47364
1381 1791252436237159 47182
1382 1791252436254122 45611
1383 1791252436283755 48168
1384 1791252436297156 48978
1385 1791252436325035 52411
1386 1791252436341694 48217
1387 1791252436356518 48677
1388 1791252436366748 35770
1389 1791252436403408 54988
1390 1791252436427358 52726
1391 1791252436445915 53124
1392 1791252436455817 48086
1393 1791252436475180 47819
1394 1791252436502572 52443
1395 1791252436529352 60880
1396 1791252436535825 44705
1397 1791252436564597 56586
1398 1791252436573181 43826
1399 1791252436603576 55063
1400 1791252436625878 56081
1401 1791252436637850 49816
1402 1791252436665681 57822
1403 1791252436681932 48907
1404 1791252436704731 56456
1405 1791252436735036 61962
1406 1791252436745281 52743
1407 1791252436776086 63889
1408 1791252436786480 53454
1409 1791252436809415 56981
1410 1791252436829519 61680
1411 1791252436853998 61141
1412 1791252436872882 63464
1413 1791252436885696 56738
1414 1791252436904308 54527
1415 1791252436933293 60408
1416 1791252436941288 48407
1417 1791252436978103 65465
1418 1791252436994271 65721
1419 1791252437014832 60990
1420 1791252437043507 71662
1421 1791252437056096 68653
1422 1791252437077989 64887
1423 1791252437093689 65265
1424 1791252437113536 57436
1425 1791252437136613 65496
1426 1791252437153450 65399
1427 1791252437181172 72243
1428 1791252437186762 56070
1429 1791252437219950 67212
1430 1791252437226957 58372
1431 1791252437253802 65777
1432 1791252437279047 71075
1433 1791252437295033 68072
1434 1791252437317318 64364
1435 1791252437337391 63304
1436 1791252437346725 53155
1437 1791252437365111 57346
1438 1791252437386683 57419
1439 1791252437414534 60411
1440 1791252437434700 66867
1441 1791252437457428 68687
1442 1791252437483660 71700
1443 1791252437495696 67884
1444 1791252437514099 62953
1445 1791252437546041 73783
1446 1791252437560326 67127
1447 1791252437581299 72721
1448 1791252437605356 72020
1449 1791252437625567 68840
1450 1791252437642150 69091
1451 1791252437665580 72343
1452 1791252437696947 84364
1453 1791252437713623 78974
1454 1791252437735545 81263
1455 1791252437749285 80593
1456 1791252437763973 71295
1457 1791252437798394 85738
1458 1791252437812802 84884
1459 1791252437823542 75010
1460 1791252437845465 73582
1461 1791252437872686 80197
1462 1791252437887430 77092
1463 1791252437906797 74441
1464 1791252437923313 75525
1465 1791252437943266 70576
1466 1791252437955051 67618
1467 1791252437983128 72865
1468 1791252438008061 75755
1469 1791252438017785 64148
1470 1791252438042925 71656
1471 1791252438056717 64751
1472 1791252438086305 78714
1473 1791252438104109 75889
1474 1791252438117441 65384
1475 1791252438145084 71776
1476 1791252438149921 56668
1477 1791252438164174 49630
1478 1791252438169891 37017
1479 1791252438180484 31088
1480 1791252438196525 26631
1481 1791252438222453 34275
1482 1791252438241918 33979
1483 1791252438254318 26372
1484 1791252438280272 29700
1485 1791252438302922 32472
1486 1791252438315577 26828
1487 1791252438337817 25101
1488 1791252438361694 32913
1489 1791252438394709 41891
1490 1791252438402236 29172
1491 1791252438426507 32528
1492 1791252438439065 30865
1493 1791252438476197 42366
1494 1791252438496898 43837
1495 1791252438497181 22584
1496 1791252438524596 33333
1497 1791252438537304 27566
1498 1791252438557360 25195
1499 1791252438585019 37420
1500 1791252438604010 31580
1501 1791252438622029 31063
1502 1791252438647361 40046
1503 1791252438672542 39084
1504 1791252438674310 26945
1505 1791252438703770 31226
1506 1791252438716228 27814
1507 1791252438752460 37860
1508 1791252438766665 35319
1509 1791252438778553 28456
1510 1791252438798002 29364
1511 1791252438819725 29857
1512 1791252438851472 38373
1513 1791252438866521 34295
1514 1791252438887710 36236
1515 1791252438897871 29343
1516 1791252438915450 27737
1517 1791252438940606 32097
1518 1791252438965366 31865
1519 1791252438988225 35319
1520 1791252439001099 32822
1521 1791252439022587 34359
1522 1791252439044024 35946
1523 1791252439063763 29253
1524 1791252439087098 34667
1525 1791252439103723 30472
1526 1791252439120671 33571
1527 1791252439154980 41702
1528 1791252439163620 30109
1529 1791252439180807 31032
1530 1791252439195288 26626
1531 1791252439227606 36116
1532 1791252439246397 35888
1533 1791252439267634 40025
1534 1791252439283030 32457
1535 1791252439310295 42658
1536 1791252439325223 36960
1537 1791252439342904 32605
1538 1791252439366605 39266
1539 1791252439395646 41785
1540 1791252439405985 37944
1541 1791252439432106 37418
1542 1791252439448397 37176
1543 1791252439471007 38897
1544 1791252439485735 37336
1545 1791252439507156 39350
1546 1791252439545405 52413
1547 1791252439550380 43220
1548 1791252439564186 36619
1549 1791252439592711 42477
1550 1791252439616668 43027
1551 1791252439631601 43443
1552 1791252439655327 46454
1553 1791252439666607 38203
1554 1791252439685571 37546
1555 1791252439705674 37366
1556 1791252439745578 53000
1557 1791252439758092 44890
1558 1791252439779059 44910
1559 1791252439805950 51627
1560 1791252439822637 48998
1561 1791252439833824 43894
1562 1791252439857436 50284
1563 1791252439877237 46291
1564 1791252439906435 53954
1565 1791252439918138 44533
1566 1791252439925344 33806
1567 1791252439956044 48125
1568 1791252439976250 43224
1569 1791252439988968 41680
1570 1791252440013629 44862
1571 1791252440037958 50519
1572 1791252440052208 44261
1573 1791252440077670 45986
1574 1791252440095001 46635
1575 1791252440109280 37503
1576 1791252440135098 42849
1577 1791252440159070 51130
1578 1791252440173038 39784
1579 1791252440195742 41825
1580 1791252440219077 49396
1581 1791252440245384 58087
1582 1791252440258148 42633
1583 1791252440274886 46651
1584 1791252440300090 52090
1585 1791252440325086 52367
1586 1791252440348351 54478
1587 1791252440364024 51340
1588 1791252440384559 54246
1589 1791252440394721 46366
1590 1791252440420374 52177
1591 1791252440437620 47029
1592 1791252440455823 43062
1593 1791252440481504 53456
1594 1791252440513276 58699
1595 1791252440518225 44635
1596 1791252440543151 54614
1597 1791252440564645 56830
1598 1791252440586711 53507
1599 1791252440605188 50154
1600 1791252440625062 52930
1601 1791252440635761 47086
1602 1791252440663110 50275
1603 1791252440675390 48040
1604 1791252440702420 52228
1605 1791252440721355 53220
1606 1791252440746765 55852
1607 1791252440766037 57743
1608 1791252440792871 56911
1609 1791252440807466 52851
1610 1791252440815300 43342
1611 1791252440839241 51936
1612 1791252440859010 51540
1613 1791252440878676 48341
1614 1791252440909388 55378
1615 1791252440925354 58089
1616 1791252440955383 63102
1617 1791252440967924 58535
1618 1791252440981858 52997
1619 1791252441006586 57386
1620 1791252441016621 48693
1621 1791252441053787 64750
1622 1791252441066875 55399
1623 1791252441096307 62328
1624 1791252441103034 50232
1625 1791252441123858 53140
1626 1791252441146374 57697
1627 1791252441182949 69334
1628 1791252441203364 74988
1629 1791252441219417 61562
1630 1791252441231759 58139
1631 1791252441253291 66097
1632 1791252441272005 60984
1633 1791252441288548 57932
1634 1791252441314500 62172
1635 1791252441332600 60590
1636 1791252441345256 57827
1637 1791252441368122 60377
1638 1791252441394933 62330
1639 1791252441416519 62329
1640 1791252441437233 69106
1641 1791252441448673 59174
1642 1791252441472607 63737
1643 1791252441500474 72468
1644 1791252441518115 69804
1645 1791252441542341 73244
1646 1791252441555713 62758
1647 1791252441579708 66696
1648 1791252441594664 61752
1649 1791252441615478 67762
1650 1791252441632543 58594
1651 1791252441658129 67568
1652 1791252441679587 66548
1653 1791252441695947 67879
1654 1791252441715653 66736
1655 1791252441742703 69172
1656 1791252441755032 66148
1657 1791252441778232 66015
1658 1791252441792096 63585
1659 1791252441809097 56639
1660 1791252441835596 67244
1661 1791252441853429 61319
1662 1791252441872552 63454
1663 1791252441886463 52862
1664 1791252441908894 60809
1665 1791252441934322 64721
1666 1791252441957847 65610
1667 1791252441978132 69696
1668 1791252442002853 68528
1669 1791252442022281 72791
1670 1791252442044440 68596
1671 1791252442065186 75808
1672 1791252442080699 68266
1673 1791252442108950 77475
1674 1791252442130365 77455
1675 1791252442143235 74723
1676 1791252442163444 70490
1677 1791252442182829 74761
1678 1791252442199178 71920
1679 1791252442218154 64620
1680 1791252442232957 65131
1681 1791252442254605 61615
1682 1791252442259525 51135
1683 1791252442274057 46262
1684 1791252442293705 45146
1685 1791252442310414 41583
1686 1791252442322670 28963
1687 1791252442338550 29802
1688 1791252442364803 36418
1689 1791252442383079 30327
1690 1791252442403811 30465
1691 1791252442422926 31570
1692 1791252442441163 33134
1693 1791252442460904 27354
1694 1791252442493957 39731
1695 1791252442506419 31074
1696 1791252442525857 37612
1697 1791252442546011 37900
1698 1791252442565819 32275
1699 1791252442583772 30264
1700 1791252442604861 30531
1701 1791252442615177 24034
1702 1791252442642194 33439
1703 1791252442663224 31676
1704 1791252442678883 31006
1705 1791252442694704 27277
1706 1791252442725768 37203
1707 1791252442748417 40276
1708 1791252442769504 40325
1709 1791252442783356 34936
1710 1791252442803844 34338
1711 1791252442832006 37055
1712 1791252442845632 37353
1713 1791252442865080 35494
1714 1791252442887142 35732
1715 1791252442906283 33955
1716 1791252442923818 36674
1717 1791252442947878 33409
1718 1791252442954312 26210
1719 1791252442983803 35922
1720 1791252443005257 35859
1721 1791252443038662 46003
1722 1791252443052612 39178
1723 1791252443066754 35778
1724 1791252443089009 37506
1725 1791252443113289 39974
1726 1791252443125800 37790
1727 1791252443144007 33888
1728 1791252443161892 27780
1729 1791252443174800 27590
1730 1791252443202601 29554
1731 1791252443234176 41247
1732 1791252443242947 28610
1733 1791252443264185 30005
1734 1791252443278613 25787
1735 1791252443302236 32940
1736 1791252443326937 35278
1737 1791252443360815 48077
1738 1791252443375886 46147
1739 1791252443386655 33956
1740 1791252443414883 41302
1741 1791252443431823 39820
1742 1791252443454727 46209
1743 1791252443463277 35166
1744 1791252443492399 38445
1745 1791252443512689 43316
1746 1791252443536363 45009
1747 1791252443544625 32113
1748 1791252443567849 40064
1749 1791252443586118 33713
1750 1791252443612995 45143
1751 1791252443628381 40624
1752 1791252443652394 39600
1753 1791252443675117 46732
1754 1791252443694331 43919
1755 1791252443713319 42937
1756 1791252443733882 45107
1757 1791252443755281 43172
1758 1791252443772843 43785
1759 1791252443793641 39130
1760 1791252443831060 62267
1761 1791252443844427 55414
1762 1791252443861591 49079
1763 1791252443866898 35835
1764 1791252443903682 51661
1765 1791252443921812 49971
1766 1791252443935009 44200
1767 1791252443951601 42901
1768 1791252443976205 48176
1769 1791252443996351 48864
1770 1791252444016904 47965
1771 1791252444033968 44521
1772 1791252444055207 43742
1773 1791252444074668 41427
1774 1791252444095897 47913
1775 1791252444125413 51651
1776 1791252444142701 48918
1777 1791252444162283 53497
1778 1791252444183112 54328
1779 1791252444198479 49561
1780 1791252444215894 47809
1781 1791252444242289 53795
1782 1791252444263902 53430
1783 1791252444273506 42779
1784 1791252444297603 49705
1785 1791252444315571 46971
1786 1791252444337458 49308
1787 1791252444358333 49634
1788 1791252444385906 51522
1789 1791252444396206 48335
1790 1791252444422502 50012
1791 1791252444434479 46239
1792 1791252444462508 52100
1793 1791252444473644 45824
1794 1791252444513579 61766
1795 1791252444525642 53918
1796 1791252444547094 57166
1797 1791252444564096 53176
1798 1791252444586905 53390
1799 1791252444605437 58340
1800 1791252444627449 59162
1801 1791252444639678 49820
1802 1791252444660891 53190
1803 1791252444684493 57041
1804 1791252444716834 61462
1805 1791252444726503 55285
1806 1791252444739157 45781
1807 1791252444756866 44370
1808 1791252444784475 53083
1809 1791252444812027 63564
1810 1791252444827754 59629
1811 1791252444843481 53244
1812 1791252444862309 51871
1813 1791252444890581 62824
1814 1791252444914425 62619
1815 1791252444931009 62478
1816 1791252444956373 65788
1817 1791252444966175 55813
1818 1791252444980752 51100
1819 1791252445004866 56261
1820 1791252445025765 58234
1821 1791252445047485 55633
1822 1791252445066496 58345
1823 1791252445093788 61615
1824 1791252445113416 65928
1825 1791252445132209 58988
1826 1791252445145315 51524
1827 1791252445163087 49668
1828 1791252445188631 57325
1829 1791252445204726 56778
1830 1791252445225893 53059
1831 1791252445245800 57165
1832 1791252445263483 54251
1833 1791252445288909 57077
1834 1791252445314945 62286
1835 1791252445325381 53894
1836 1791252445354898 65986
1837 1791252445362802 52278
1838 1791252445394451 61503
1839 1791252445418388 70959
1840 1791252445433383 60687
1841 1791252445459380 71068
1842 1791252445481768 65796
1843 1791252445507755 79526
1844 1791252445512496 64501
1845 1791252445540271 67231
1846 1791252445551507 59225
1847 1791252445566472 58707
1848 1791252445598300 65029
1849 1791252445619476 68289
1850 1791252445635469 60877
1851 1791252445658734 66205
1852 1791252445682333 68397
1853 1791252445702242 68718
1854 1791252445704059 55804
1855 1791252445747460 74279
1856 1791252445753051 59517
1857 1791252445762936 50790
1858 1791252445787858 54493
1859 1791252445795977 48325
1860 1791252445824595 52930
1861 1791252445847079 59218
1862 1791252445875512 62085
1863 1791252445890641 61138
1864 1791252445913004 65922
1865 1791252445934641 65484
1866 1791252445955589 65670
1867 1791252445978610 69426
1868 1791252445987469 59435
1869 1791252446007705 52805
1870 1791252446024708 53417
1871 1791252446053614 66142
1872 1791252446084971 77264
1873 1791252446097323 64059
1874 1791252446112562 64470
1875 1791252446139257 64719
1876 1791252446147967 58895
1877 1791252446165533 57688
1878 1791252446185906 52500
1879 1791252446217937 69967
1880 1791252446233493 60170
1881 1791252446255717 63712
1882 1791252446297471 84444
1883 1791252446302298 70615
1884 1791252446322941 72839
1885 1791252446340933 67192
1886 1791252446362645 71711
1887 1791252446377337 66599
1888 1791252446405199 71058
1889 1791252446417572 63504
1890 1791252446432992 64827
1891 1791252446456809 67065
1892 1791252446474701 67236
1893 1791252446501658 73495
1894 1791252446520414 72259
1895 1791252446533373 64894
1896 1791252446563812 75385
1897 1791252446579740 71383
1898 1791252446607999 75064
1899 1791252446617719 63716
1900 1791252446648277 75436
1901 1791252446666060 74330
1902 1791252446676755 68754
1903 1791252446702721 70028
1904 1791252446712252 63972
1905 1791252446732408 62113
1906 1791252446742931 53543
1907 1791252446756090 45177
1908 1791252446777695 45688
1909 1791252446791274 36962
1910 1791252446811023 36845
1911 1791252446822508 31232
1912 1791252446836766 27299
1913 1791252446856290 23531
1914 1791252446883500 35093
1915 1791252446900471 31540
1916 1791252446923239 29906
1917 1791252446941012 28028
1918 1791252446952267 22512
1919 1791252446973820 25237
1920 1791252447000686 30953
1921 1791252447016007 23478
1922 1791252447041613 32487
1923 1791252447063004 32638
1924 1791252447096367 43213
1925 1791252447106492 32981
1926 1791252447119337 24658
1927 1791252447140641 31000
1928 1791252447158738 27452
1929 1791252447182530 34616
1930 1791252447207865 31440
1931 1791252447225599 36925
1932 1791252447241003 33207
1933 1791252447274832 41436
1934 1791252447282174 34781
1935 1791252447303349 34071
1936 1791252447324000 31401
1937 1791252447335507 27483
1938 1791252447357801 26140
1939 1791252447389846 37575
1940 1791252447405359 33718
1941 1791252447415715 27387
1942 1791252447443541 35835
1943 1791252447454860 22983
1944 1791252447478515 27985
1945 1791252447495379 27383
1946 1791252447515314 27041
1947 1791252447544491 33951
1948 1791252447558421 30591
1949 1791252447585461 37240
1950 1791252447603311 30228
1951 1791252447628515 35604
1952 1791252447643489 34777
1953 1791252447659159 30640
1954 1791252447689074 40887
1955 1791252447713784 45567
1956 1791252447719787 30697
1957 1791252447735708 26727
1958 1791252447755714 27688
1959 1791252447784332 32045
1960 1791252447796865 29009
1961 1791252447826837 37766
1962 1791252447846117 37870
1963 1791252447873174 38947
1964 1791252447893561 41731
1965 1791252447897707 28530
1966 1791252447925665 38105
1967 1791252447944201 36116
1968 1791252447963584 34143
1969 1791252447991322 41597
1970 1791252448013148 43818
1971 1791252448029587 38450
1972 1791252448052263 40850
1973 1791252448069046 39457
1974 1791252448095891 44357
1975 1791252448105670 36621
1976 1791252448124529 36179
1977 1791252448144128 33949
1978 1791252448161410 32376
1979 1791252448190482 43024
1980 1791252448215898 41311
1981 1791252448227827 37343
1982 1791252448244863 37159
1983 1791252448271949 44120
1984 1791252448294857 43398
1985 1791252448304266 33038
1986 1791252448322910 35734
1987 1791252448355163 42483
1988 1791252448379789 44945
1989 1791252448402395 48288
1990 1791252448412004 38936
1991 1791252448429004 36334
1992 1791252448451194 39333
1993 1791252448471480 42465
1994 1791252448501035 52593
1995 1791252448520086 49841
1996 1791252448526169 38438
1997 1791252448563018 49916
1998 1791252448566772 33889
1999 1791252448588618 36332
2000 1791252448605989 32096
2001 1791252448633143 44522
2002 1791252448655271 41158
2003 1791252448673225 40581
2004 1791252448690204 41921
2005 1791252448716742 44631
2006 1791252448736261 46055
2007 1791252448745347 35530
2008 1791252448774282 44772
2009 1791252448794216 40806
2010 1791252448814894 41606
2011 1791252448834404 41894
2012 1791252448856235 45797
2013 1791252448869931 41617
2014 1791252448896445 41891
2015 1791252448918622 50425
2016 1791252448941284 47273
2017 1791252448955233 46407
2018 1791252448989423 57661
2019 1791252449008503 60186
2020 1791252449026340 56666
2021 1791252449043902 54478
2022 1791252449066370 57863
2023 1791252449082790 55005
2024 1791252449103069 54246
2025 1791252449134462 60364
2026 1791252449143369 50676
2027 1791252449163891 56092
2028 1791252449177876 48328
2029 1791252449208081 56352
2030 1791252449216137 43863
2031 1791252449244387 52604
2032 1791252449256300 48215
2033 1791252449287582 60045
2034 1791252449303280 51302
2035 1791252449326432 54180
2036 1791252449346444 58859
2037 1791252449375620 67017
2038 1791252449396918 62402
2039 1791252449413342 59179
2040 1791252449426602 59261
2041 1791252449444461 56235
2042 1791252449466830 54491
2043 1791252449488901 60328
2044 1791252449517753 68695
2045 1791252449534767 66371
2046 1791252449544341 56249
2047 1791252449573741 57511
2048 1791252449593650 59650
2049 1791252449614589 62474
2050 1791252449628607 56111
2051 1791252449653826 61908
2052 1791252449673830 65529
2053 1791252449684523 55914
2054 1791252449707899 56751
2055 1791252449728936 61003
2056 1791252449757912 66017
2057 1791252449776713 68805
2058 1791252449788366 59426
2059 1791252449808435 60935
2060 1791252449829056 56926
2061 1791252449848099 59730
2062 1791252449876990 68552
2063 1791252449899035 71123
2064 1791252449913656 65878
2065 1791252449934099 65101
2066 1791252449964399 70931
2067 1791252449972226 59835
2068 1791252449991465 62524
2069 1791252450024559 75290
2070 1791252450048450 76739
2071 1791252450057086 65618
2072 1791252450074792 64473
2073 1791252450094561 64669
2074 1791252450114472 66019
2075 1791252450141159 72387
2076 1791252450161845 68219
2077 1791252450174993 62573
2078 1791252450194393 61106
2079 1791252450215390 63725
2080 1791252450235597 63169
2081 1791252450259637 72339
2082 1791252450294301 81152
2083 1791252450312024 79433
2084 1791252450333585 80550
2085 1791252450360813 88428
2086 1791252450364309 73327
2087 1791252450384184 76413
2088 1791252450404170 73168
2089 1791252450413291 65059
2090 1791252450430800 63265
2091 1791252450458803 67556
2092 1791252450465075 53600
2093 1791252450501614 72921
2094 1791252450535476 82944
2095 1791252450551210 78766
2096 1791252450563481 69827
2097 1791252450583422 71908
2098 1791252450596131 65966
2099 1791252450606023 54810
2100 1791252450629614 58408
2101 1791252450651309 56962
2102 1791252450663401 56040
2103 1791252450693969 64353
2104 1791252450708002 57156
2105 1791252450733155 64827
2106 1791252450749267 60745
2107 1791252450767964 59959
2108 1791252450800712 67554
2109 1791252450802588 53968
2110 1791252450825849 57882
2111 1791252450862776 71348
2112 1791252450866012 53001
2113 1791252450878516 49189
2114 1791252450896027 47873
2115 1791252450917762 45229
2116 1791252450931147 40933
2117 1791252450944966 37808
2118 1791252450968373 39686
2119 1791252450988406 38478
2120 1791252450997746 29371
2121 1791252451021177 32770
2122 1791252451054224 39674
2123 1791252451071142 36638
2124 1791252451083211 32861
2125 1791252451095573 26257
2126 1791252451132516 38457
2127 1791252451139064 31338
2128 1791252451162266 30034
2129 1791252451187963 34921
2130 1791252451195593 27674
2131 1791252451216295 28329
2132 1791252451246032 38228
2133 1791252451260944 30892
2134 1791252451278934 31011
2135 1791252451313238 38967
2136 1791252451323962 34406
2137 1791252451344877 35085
2138 1791252451364679 32736
2139 1791252451377223 25578
2140 1791252451404397 35934
2141 1791252451434288 45624
2142 1791252451453795 45465
2143 1791252451466050 34615
2144 1791252451489480 35682
2145 1791252451502822 34931
2146 1791252451520517 31033
2147 1791252451537487 25421
2148 1791252451574557 41493
2149 1791252451593989 39794
2150 1791252451605971 36725
2151 1791252451624904 36766
2152 1791252451658744 50949
2153 1791252451677268 47962
2154 1791252451694791 43672
2155 1791252451709503 41355
2156 1791252451724899 31787
2157 1791252451743415 34395
2158 1791252451767038 33388
2159 1791252451800708 46486
2160 1791252451802879 35838
2161 1791252451827755 37823
2162 1791252451858027 44867
2163 1791252451873774 46016
2164 1791252451892621 38803
2165 1791252451913713 46158
2166 1791252451933284 43559
2167 1791252451952735 39783
2168 1791252451975743 42455
2169 1791252451992524 42568
2170 1791252452012858 44835
2171 1791252452044213 56371
2172 1791252452065660 53111
2173 1791252452076278 42342
2174 1791252452094793 46932
2175 1791252452128427 55487
2176 1791252452136670 47525
2177 1791252452162720 54461
2178 1791252452174529 46099
2179 1791252452194475 45676
2180 1791252452222441 48667
2181 1791252452241427 47525
2182 1791252452262171 47992
2183 1791252452294380 58128
2184 1791252452297045 43004
2185 1791252452315642 42109
2186 1791252452346133 52893
2187 1791252452363588 55684
2188 1791252452384442 54069
2189 1791252452404145 56473
2190 1791252452418486 45022
2191 1791252452441243 51407
2192 1791252452454513 46632
2193 1791252452478456 50467
2194 1791252452503781 52183
2195 1791252452524860 52366
2196 1791252452546041 57459
2197 1791252452569577 61053
2198 1791252452584772 53202
2199 1791252452607943 56715
2200 1791252452633973 64394
2201 1791252452655612 67559
2202 1791252452675747 67801
2203 1791252452693604 64294
2204 1791252452708829 58068
2205 1791252452724951 56955
2206 1791252452755933 63357
2207 1791252452769002 60946
2208 1791252452785707 52014
2209 1791252452803549 55492
2210 1791252452834562 65557
2211 1791252452848407 55946
2212 1791252452859694 46422
2213 1791252452880757 50096
2214 1791252452904114 55857
2215 1791252452929289 61102
2216 1791252452945239 51088
2217 1791252452973464 66180
2218 1791252452983709 54481
2219 1791252453013051 60441
2220 1791252453025820 53137
2221 1791252453058666 64658
2222 1791252453075642 67836
2223 1791252453103255 69261
2224 1791252453115989 63308
2225 1791252453134183 65465
2226 1791252453160440 72507
2227 1791252453183265 74681
2228 1791252453195882 62758
2229 1791252453238965 85220
2230 1791252453238971 65985
2231 1791252453257209 69385
2232 1791252453281676 70591
2233 1791252453300549 66140
2234 1791252453329634 77573
2235 1791252453334873 62914
2236 1791252453359383 68159
2237 1791252453380188 69346
2238 1791252453388527 58890
2239 1791252453416319 64553
2240 1791252453434829 60433
2241 1791252453464554 76418
2242 1791252453481587 71435
2243 1791252453495173 66478
2244 1791252453515879 65029
2245 1791252453536839 68950
2246 1791252453563924 75305
2247 1791252453580511 71117
2248 1791252453611868 82793
2249 1791252453624394 68635
2250 1791252453644619 76521
2251 1791252453670550 77270
2252 1791252453682427 72521
2253 1791252453696141 65761
2254 1791252453730286 80455
2255 1791252453741476 73177
2256 1791252453773712 79855
2257 1791252453782950 69669
2258 1791252453802288 72000
2259 1791252453825788 73454
2260 1791252453838875 70929
2261 1791252453865345 76499
2262 1791252453879901 66370
2263 1791252453898763 69598
2264 1791252453919954 65615
2265 1791252453934567 66635
2266 1791252453964322 70993
2267 1791252453980978 67549
2268 1791252453994937 66631
2269 1791252454009615 58638
2270 1791252454026539 55209
2271 1791252454044567 57318
2272 1791252454056969 47352
2273 1791252454073634 40740
2274 1791252454084917 35180
2275 1791252454102141 34381
2276 1791252454120920 29477
2277 1791252454152304 38593
2278 1791252454155948 27845
2279 1791252454184511 34503
2280 1791252454203092 30427
2281 1791252454225042 37061
2282 1791252454243898 30849
2283 1791252454262641 29590
2284 1791252454279072 26983
2285 1791252454304590 33865
2286 1791252454324099 35807
2287 1791252454346102 31689
2288 1791252454372486 40562
2289 1791252454385641 31328
2290 1791252454396405 26618
2291 1791252454424787 31038
2292 1791252454434276 26586
2293 1791252454466897 35440
2294 1791252454481358 26964
2295 1791252454498161 24509
2296 1791252454521306 29415
2297 1791252454543372 34892
2298 1791252454556551 22923
2299 1791252454583617 35394
2300 1791252454596038 26115
2301 1791252454631612 40786
2302 1791252454645763 37380
2303 1791252454660980 31591
2304 1791252454678050 27517
2305 1791252454696797 29654
2306 1791252454721520 30432
2307 1791252454741402 33029
2308 1791252454760755 27591
2309 1791252454784735 37030
2310 1791252454794745 21373
2311 1791252454817915 28510
2312 1791252454836476 27837
2313 1791252454858438 29549
2314 1791252454885659 32071
2315 1791252454908155 40529
2316 1791252454931905 39040
2317 1791252454944546 36387
2318 1791252454965558 36595
2319 1791252454984691 34547
2320 1791252455006044 32778
2321 1791252455016444 26790
2322 1791252455044742 37362
2323 1791252455064755 31848
2324 1791252455086586 37425
2325 1791252455103663 32133
2326 1791252455121512 33670
2327 1791252455146574 33375
2328 1791252455165454 32212
2329 1791252455175994 22144
2330 1791252455195507 24271
2331 1791252455212479 24505
2332 1791252455231446 22827
2333 1791252455254821 23372
2334 1791252455275943 24303
2335 1791252455296327 28243
2336 1791252455315369 25059
2337 1791252455334062 24497
2338 1791252455358112 28228
2339 1791252455373949 25711
2340 1791252455398363 26850
2341 1791252455417324 24927
2342 1791252455432896 25299
2343 1791252455457913 25014
2344 1791252455474263 22476
2345 1791252455496122 23470
2346 1791252455512462 21195
2347 1791252455533798 21333
2348 1791252455552182 21727
2349 1791252455574285 22100
2350 1791252455594703 22180
2351 1791252455611233 22075
2352 1791252455632039 20804
2353 1791252455656099 28513
2354 1791252455679633 23531
2355 1791252455694358 25688
2356 1791252455714194 26316
2357 1791252455731389 21777
2358 1791252455754118 22726
2359 1791252455772115 24378
2360 1791252455792713 20596
2361 1791252455811753 24018
2362 1791252455834733 25281
2363 1791252455854602 25894
2364 1791252455870510 20891
2365 1791252455895203 24689
2366 1791252455914266 22791
2367 1791252455935002 24267
2368 1791252455955779 24355
2369 1791252455976634 28790
2370 1791252455991316 20788
2371 1791252456012928 21675
2372 1791252456033907 21023
2373 1791252456058183 29640
2374 1791252456074564 23346
2375 1791252456093729 25632
2376 1791252456114731 25696
2377 1791252456134049 23350
2378 1791252456156342 28549
2379 1791252456174208 23723
2380 1791252456191162 20857
2381 1791252456212542 21377
2382 1791252456233649 26291
2383 1791252456253059 23986
2384 1791252456275510 22447
2385 1791252456291844 24644
2386 1791252456314690 22961
2387 1791252456333499 23436
2388 1791252456353601 24053
2389 1791252456374593 26667
2390 1791252456391404 23592
2391 1791252456412665 21257
2392 1791252456433789 26005
2393 1791252456451542 22087
2394 1791252456479758 28213
2395 1791252456496956 23490
2396 1791252456509499 21241
2397 1791252456533840 24338
2398 1791252456553740 23319
2399 1791252456575809 27331
2400 1791252456592940 21648
2401 1791252456611331 20761
2402 1791252456634613 23326
2403 1791252456653723 22699
2404 1791252456674983 25817
2405 1791252456693041 24029
2406 1791252456715100 22056
2407 1791252456734245 26781
2408 1791252456755197 24219
2409 1791252456770844 22573
2410 1791252456795105 24410
2411 1791252456811057 21164
2412 1791252456834433 25020
2413 1791252456854409 24817
2414 1791252456875299 24496
2415 1791252456893519 24960
2416 1791252456911347 23984
2417 1791252456941127 29778
2418 1791252456952475 22001
2419 1791252456971499 23919
2420 1791252456994390 26176
2421 1791252457013196 22779
2422 1791252457028871 21301
2423 1791252457053322 24447
2424 1791252457073121 24581
2425 1791252457093813 20735
2426 1791252457118063 24247
2427 1791252457134990 23800
2428 1791252457152662 22255
2429 1791252457175509 27749
2430 1791252457193910 25857
2431 1791252457219545 25678
2432 1791252457230803 21814
2433 1791252457259223 28418
2434 1791252457275636 25393
2435 1791252457293511 22804
2436 1791252457312750 24517
2437 1791252457333365 25492
2438 1791252457364822 31454
2439 1791252457375822 27524
2440 1791252457394007 24698
2441 1791252457412918 24649
2442 1791252457432941 25649
2443 1791252457460651 27706
2444 1791252457483584 30475
2445 1791252457494309 21480
2446 1791252457514367 23248
2447 1791252457533081 24668
2448 1791252457553936 25001
2449 1791252457574624 27204
2450 1791252457594813 25629
2451 1791252457612683 22824
2452 1791252457636041 23399
2453 1791252457653349 21708
2454 1791252457675750 22397
2455 1791252457695659 26789
2456 1791252457713107 21655
2457 1791252457730978 22797
2458 1791252457762087 33080
2459 1791252457772764 24396
2460 1791252457791250 22236
2461 1791252457813805 22553
2462 1791252457830952 21706
2463 1791252457854134 23179
2464 1791252457874985 24033
2465 1791252457891791 21475
2466 1791252457915252 23458
2467 1791252457933433 23690
2468 1791252457954173 20738
2469 1791252457974013 25785
2470 1791252457993284 25936
2471 1791252458014353 25897
2472 1791252458034533 24981
2473 1791252458055890 28111
2474 1791252458073692 21764
2475 1791252458091726 22610
2476 1791252458115518 23790
2477 1791252458135343 24479
2478 1791252458158917 28484
2479 1791252458170618 23052
2480 1791252458194771 24388
2481 1791252458214043 22889
2482 1791252458235008 25715
2483 1791252458247812 20461
2484 1791252458277131 29429
2485 1791252458294781 25520
2486 1791252458327476 34412
2487 1791252458347360 33783
2488 1791252458365202 37722
2489 1791252458375461 28099
2490 1791252458408205 40280
2491 1791252458419496 30584
2492 1791252458444393 36186
2493 1791252458473805 40842
2494 1791252458493255 38303
2495 1791252458505335 32314
2496 1791252458528976 37762
2497 1791252458544617 31571
2498 1791252458561081 33784
2499 1791252458584105 31345
2500 1791252458602802 34642
2501 1791252458624948 32601
2502 1791252458645712 36855
2503 1791252458662808 33579
2504 1791252458687519 39114
2505 1791252458702595 28316
2506 1791252458726470 38949
2507 1791252458745707 37930
2508 1791252458764160 35539
2509 1791252458794223 39951
2510 1791252458805577 38042
2511 1791252458825805 35488
2512 1791252458856277 44331
2513 1791252458863275 29957
2514 1791252458891517 40117
2515 1791252458906671 38777
2516 1791252458923222 33711
2517 1791252458941279 27468
2518 1791252458962971 35517
2519 1791252459004239 50099
2520 1791252459013316 45260
2521 1791252459029306 38994
2522 1791252459054251 43494
2523 1791252459073496 44173
2524 1791252459083921 33924
2525 1791252459125826 52465
2526 1791252459128912 32853
2527 1791252459140270 32045
2528 1791252459161809 32893
2529 1791252459187221 34600
2530 1791252459205912 37523
2531 1791252459220827 33602
2532 1791252459249290 35658
2533 1791252459264218 35512
2534 1791252459287578 38284
2535 1791252459317020 45031
2536 1791252459325731 38150
2537 1791252459346928 38575
2538 1791252459366187 37646
2539 1791252459394447 41648
2540 1791252459413911 41670
2541 1791252459427521 38372
2542 1791252459453905 41172
2543 1791252459473415 45892
2544 1791252459495548 47692
2545 1791252459516474 43902
2546 1791252459536264 47291
2547 1791252459559920 52004
2548 1791252459577134 47549
2549 1791252459601904 47865
2550 1791252459621055 52967
2551 1791252459634287 45474
2552 1791252459660477 46091
2553 1791252459675490 44599
2554 1791252459695831 47980
2555 1791252459717462 43825
2556 1791252459742894 51483
2557 1791252459757402 48754
2558 1791252459783045 55095
2559 1791252459810268 58077
2560 1791252459834844 58746
2561 1791252459846606 53588
2562 1791252459863178 52906
2563 1791252459883478 49489
2564 1791252459914327 66178
2565 1791252459940133 71436
2566 1791252459952197 60025
2567 1791252459980282 66783
2568 1791252460006762 73209
2569 1791252460025606 73406
2570 1791252460036125 64518
2571 1791252460056362 62564
2572 1791252460077817 65031
2573 1791252460095443 64655
2574 1791252460122416 74452
2575 1791252460149617 76540
2576 1791252460170484 77097
2577 1791252460190804 82177
2578 1791252460206024 77397
2579 1791252460234810 85190
2580 1791252460258263 88792
2581 1791252460275390 86829
2582 1791252460299146 90185
2583 1791252460313327 84981
2584 1791252460335227 83597
2585 1791252460358101 82708
2586 1791252460377619 85145
2587 1791252460394434 82052
2588 1791252460408520 80928
2589 1791252460425703 72489
2590 1791252460441549 73651
2591 1791252460472209 78212
2592 1791252460488405 79883
2593 1791252460504866 76626
2594 1791252460535850 87913
2595 1791252460567335 96288
2596 1791252460577992 89585
2597 1791252460604657 87633
2598 1791252460611824 81279
2599 1791252460644382 81779
2600 1791252460644387 77047
2601 1791252460677587 82867
2602 1791252460694686 86258
2603 1791252460714839 86291
2604 1791252460742570 94086
2605 1791252460764679 95113
2606 1791252460793286 101466
2607 1791252460805840 92655
2608 1791252460818014 85178
2609 1791252460837554 83966
2610 1791252460854125 86076
2611 1791252460876121 88133
2612 1791252460901532 92713
2613 1791252460921044 89522
2614 1791252460944624 91058
2615 1791252460948631 80619
2616 1791252460966525 77570
2617 1791252460997993 85024
2618 1791252461001461 74160
2619 1791252461016004 67645
2620 1791252461037973 64966
2621 1791252461070131 78018
2622 1791252461088095 78993
2623 1791252461096390 68492
2624 1791252461126545 78790
2625 1791252461143272 74111
2626 1791252461164351 76253
2627 1791252461175273 64105
2628 1791252461210776 83086
2629 1791252461229806 76872
2630 1791252461245158 77051
2631 1791252461269827 81882
2632 1791252461282811 72454
2633 1791252461314427 84618
2634 1791252461328124 78326
2635 1791252461334645 64816
2636 1791252461375392 81251
2637 1791252461396993 82563
2638 1791252461405377 77250
2639 1791252461433767 83530
2640 1791252461451179 77306
2641 1791252461476791 85478
2642 1791252461495726 81176
2643 1791252461514694 81932
2644 1791252461526481 75299
2645 1791252461545184 77040
2646 1791252461572786 79531
2647 1791252461586464 72190
2648 1791252461614807 79933
2649 1791252461638962 84689
2650 1791252461656615 87733
2651 1791252461669343 71924
2652 1791252461684742 72576
2653 1791252461707140 75330
2654 1791252461720300 68714
2655 1791252461743323 73977
2656 1791252461758182 68901
2657 1791252461783682 76540
2658 1791252461813976 82796
2659 1791252461824808 68610
2660 1791252461854301 86290
2661 1791252461865645 71520
2662 1791252461884270 75917
2663 1791252461908267 79541
2664 1791252461924919 76191
2665 1791252461936051 67949
2666 1791252461957898 70430
2667 1791252461979838 71568
2668 1791252462009470 81260
2669 1791252462025376 75649
2670 1791252462057225 83828
2671 1791252462073402 79621
2672 1791252462083526 74052
2673 1791252462095947 66201
2674 1791252462119435 71254
2675 1791252462143824 74969
2676 1791252462165755 73371
2677 1791252462173345 63848
2678 1791252462194002 63990
2679 1791252462218438 68447
2680 1791252462235104 63520
2681 1791252462243342 55580
2682 1791252462255678 47989
2683 1791252462274317 43382
2684 1791252462296150 47807
2685 1791252462306112 38296
2686 1791252462326149 31852
2687 1791252462344325 36984
2688 1791252462364171 30788
2689 1791252462393084 44306
2690 1791252462405594 30296
2691 1791252462427525 37267
2692 1791252462447787 36219
2693 1791252462456700 29172
2694 1791252462483229 35440
2695 1791252462498572 27802
2696 1791252462535965 42143
2697 1791252462541719 32184
2698 1791252462581408 48103
2699 1791252462590123 35954
2700 1791252462611922 38903
2701 1791252462620044 32162
2702 1791252462654758 42832
2703 1791252462666102 32030
2704 1791252462679373 31257
2705 1791252462706436 33017
2706 1791252462733568 39383
2707 1791252462755245 41857
2708 1791252462770958 38292
2709 1791252462791487 39990
2710 1791252462804009 35941
2711 1791252462822941 32935
2712 1791252462848673 36610
2713 1791252462860227 28507
2714 1791252462879721 31045
2715 1791252462905659 33136
2716 1791252462934671 42572
2717 1791252462947919 34921
2718 1791252462959536 26335
2719 1791252462993604 45682
2720 1791252463014345 41703
2721 1791252463030917 37309
2722 1791252463046551 37841
2723 1791252463063977 33993
2724 1791252463094665 40500
2725 1791252463102496 35194
2726 1791252463126447 32930
2727 1791252463154470 43840
2728 1791252463171356 43566
2729 1791252463202643 48888
2730 1791252463214576 45406
2731 1791252463234635 41198
2732 1791252463251068 43180
2733 1791252463274464 42271
2734 1791252463293190 44818
2735 1791252463304719 37434
2736 1791252463328820 41122
2737 1791252463355020 46895
2738 1791252463378608 51145
2739 1791252463398543 48665
2740 1791252463423879 53209
2741 1791252463437571 45137
2742 1791252463456033 43579
2743 1791252463489966 55433
2744 1791252463494861 45018
2745 1791252463529233 60355
2746 1791252463548513 58544
2747 1791252463563826 53438
2748 1791252463583834 54568
2749 1791252463598304 49961
2750 1791252463613652 45035
2751 1791252463633794 44408
2752 1791252463663223 54624
2753 1791252463688154 55084
2754 1791252463704873 55952
2755 1791252463717300 48500
2756 1791252463736544 48387
2757 1791252463762778 54531
2758 1791252463778456 50383
2759 1791252463803833 50915
2760 1791252463826966 56305
2761 1791252463844115 55827
2762 1791252463865356 51931
2763 1791252463885516 58547
2764 1791252463907885 58002
2765 1791252463927746 53757
2766 1791252463949779 61783
2767 1791252463966830 58942
2768 1791252463995732 67984
2769 1791252464016119 67244
2770 1791252464031179 57228
2771 1791252464045893 58814
2772 1791252464075148 61141
2773 1791252464091686 63743
2774 1791252464120465 67346
2775 1791252464139254 71359
2776 1791252464143524 55974
2777 1791252464174498 60931
2778 1791252464204839 71555
2779 1791252464232431 84062
2780 1791252464240662 70140
2781 1791252464255811 62292
2782 1791252464271093 61859
2783 1791252464297795 65360
2784 1791252464306607 56977
2785 1791252464341554 70459
2786 1791252464352247 64291
2787 1791252464372952 64947
2788 1791252464398112 65655
2789 1791252464414889 66807
2790 1791252464434596 63247
2791 1791252464450209 61995
2792 1791252464477552 64446
2793 1791252464497683 63834
2794 1791252464510600 60675
2795 1791252464532648 65240
2796 1791252464566772 74023
2797 1791252464592175 84020
2798 1791252464604919 77082
2799 1791252464635588 87097
2800 1791252464654129 84138
2801 1791252464674794 86940
2802 1791252464708466 94306
2803 1791252464724499 88908
2804 1791252464741394 91481
2805 1791252464763372 89992
2806 1791252464783216 89822
2807 1791252464802037 93941
2808 1791252464828854 96094
2809 1791252464846493 95718
2810 1791252464855208 82486
2811 1791252464877949 90396
2812 1791252464911227 99318
2813 1791252464924263 95948
2814 1791252464963060 110532
2815 1791252464968647 100532
2816 1791252464976091 88870
2817 1791252465003899 92669
2818 1791252465026633 93703
2819 1791252465061211 108802
2820 1791252465067023 98670
2821 1791252465077540 87775
2822 1791252465097837 88318
2823 1791252465111457 83365
2824 1791252465129152 76278
2825 1791252465153731 86705
2826 1791252465164789 74108
2827 1791252465179481 69801
2828 1791252465202659 73504
2829 1791252465223236 70956
2830 1791252465241434 68152
2831 1791252465256801 63594
2832 1791252465277733 64821
2833 1791252465304320 71037
2834 1791252465324767 71644
2835 1791252465334168 65223
2836 1791252465351330 57553
2837 1791252465369610 57378
2838 1791252465395080 60908
2839 1791252465398744 48428
2840 1791252465426730 58481
2841 1791252465456942 62857
2842 1791252465467357 59434
2843 1791252465488950 56248
2844 1791252465505865 57683
2845 1791252465526274 58894
2846 1791252465552705 64018
2847 1791252465567895 55551
2848 1791252465580687 52030
2849 1791252465604773 53175
2850 1791252465642328 74429
2851 1791252465656416 67929
2852 1791252465683785 73738
2853 1791252465697481 67976
2854 1791252465726278 72046
2855 1791252465743077 72153
2856 1791252465753140 65094
2857 1791252465767756 57129
2858 1791252465797521 70012
2859 1791252465816279 63712
2860 1791252465844004 76246
2861 1791252465855661 64764
2862 1791252465885732 70274
2863 1791252465900102 71411
2864 1791252465921212 72635
2865 1791252465942259 72884
2866 1791252465965725 72042
2867 1791252465987226 74297
2868 1791252466012865 79263
2869 1791252466022673 69040
2870 1791252466037989 66527
2871 1791252466063418 76189
2872 1791252466074514 66190
2873 1791252466109104 75102
2874 1791252466120490 67816
2875 1791252466135671 67934
2876 1791252466162085 69754
2877 1791252466174580 65474
2878 1791252466197366 69695
2879 1791252466221493 72778
2880 1791252466240472 73234
2881 1791252466264216 72618
2882 1791252466293486 80302
2883 1791252466308821 75499
2884 1791252466327392 78639
2885 1791252466342733 73836
2886 1791252466356142 65174
2887 1791252466373146 64708
2888 1791252466405368 77973
2889 1791252466427543 76485
2890 1791252466446874 76471
2891 1791252466463825 69724
2892 1791252466475391 61968
2893 1791252466492218 64672
2894 1791252466523674 75453
2895 1791252466535873 64151
2896 1791252466555055 66527
2897 1791252466568599 60436
2898 1791252466601603 71502
2899 1791252466627751 73241
2900 1791252466632980 65304
2901 1791252466650150 61000
2902 1791252466662774 53405
2903 1791252466678679 50925
2904 1791252466705962 56403
2905 1791252466714471 41692
2906 1791252466727229 39123
2907 1791252466743955 35802
2908 1791252466760800 33568
2909 1791252466786069 33464
2910 1791252466815754 43828
2911 1791252466834319 40042
2912 1791252466853010 40131
2913 1791252466865921 32315
2914 1791252466890879 37866
2915 1791252466908414 40156
2916 1791252466935128 44245
2917 1791252466948729 40312
2918 1791252466964808 31799
2919 1791252466985862 37130
2920 1791252467012269 37772
2921 1791252467025754 35572
2922 1791252467053646 41374
2923 1791252467067210 35072
2924 1791252467084570 35743
2925 1791252467096283 29069
2926 1791252467134339 42021
2927 1791252467145082 32520
2928 1791252467164305 30304
2929 1791252467187825 36328
2930 1791252467205779 31975
2931 1791252467220705 32876
2932 1791252467252551 38314
2933 1791252467274405 41249
2934 1791252467288816 37103
2935 1791252467313994 44816
2936 1791252467334765 45946
2937 1791252467354306 41314
2938 1791252467370965 36628
2939 1791252467391422 41738
2940 1791252467420994 50025
2941 1791252467437476 46390
2942 1791252467441352 32222
2943 1791252467462247 34200
2944 1791252467494002 42183
2945 1791252467505330 32619
2946 1791252467526135 34400
2947 1791252467553747 39866
2948 1791252467563395 35322
2949 1791252467585642 37480
2950 1791252467606513 35079
2951 1791252467623892 35759
2952 1791252467645272 37289
2953 1791252467667839 35273
2954 1791252467687582 40000
2955 1791252467704281 36408
2956 1791252467723895 36310
2957 1791252467745165 32942
2958 1791252467767993 38633
2959 1791252467792929 42388
2960 1791252467819788 51790
2961 1791252467831260 43528
2962 1791252467846004 33404
2963 1791252467869652 41491
2964 1791252467889073 36272
2965 1791252467912869 43214
2966 1791252467933858 44783
2967 1791252467956134 44185
2968 1791252467965103 36634
2969 1791252467995294 41414
2970 1791252468020498 46608
2971 1791252468035177 41829
2972 1791252468050592 40619
2973 1791252468082209 53408
2974 1791252468095753 47860
2975 1791252468115513 47596
2976 1791252468140399 45777
2977 1791252468165528 51913
2978 1791252468185568 52131
2979 1791252468202935 47063
2980 1791252468218287 46620
2981 1791252468228451 40477
2982 1791252468263558 50732
2983 1791252468279412 50958
2984 1791252468304383 55657
2985 1791252468324654 55689
2986 1791252468346022 57782
2987 1791252468367361 59418
2988 1791252468392647 63455
2989 1791252468404679 53585
2990 1791252468423817 56453
2991 1791252468441177 52638
2992 1791252468460392 51104
2993 1791252468485101 55239
2994 1791252468507189 59684
2995 1791252468547880 75312
2996 1791252468551633 63615
2997 1791252468573495 66303
2998 1791252468595852 66420
2999 1791252468620838 72955
3000 1791252468631107 62407
3001 1791252468658617 65359
3002 1791252468662908 49486
3003 1791252468691578 60469
3004 1791252468714406 64129
3005 1791252468734514 64015
3006 1791252468752870 61289
3007 1791252468782922 70211
3008 1791252468795563 67830
3009 1791252468822753 74763
3010 1791252468847930 76245
3011 1791252468862015 67896
3012 1791252468886306 72011
3013 1791252468902239 70122
3014 1791252468939216 91390
3015 1791252468946947 72573
3016 1791252468958183 70242
3017 1791252468990634 76769
3018 1791252469010118 76381
3019 1791252469017508 70559
3020 1791252469044736 76948
3021 1791252469062631 73255
3022 1791252469091740 83444
3023 1791252469109405 80988
3024 1791252469125747 77462
3025 1791252469142030 74154
3026 1791252469170009 79023
3027 1791252469185541 76133
3028 1791252469214767 85044
3029 1791252469234563 80940
3030 1791252469263670 95402
3031 1791252469282874 89350
3032 1791252469303433 90087
3033 1791252469313770 83707
3034 1791252469329638 80610
3035 1791252469354325 84816
3036 1791252469369999 80154
3037 1791252469386451 78571
3038 1791252469407045 77505
3039 1791252469424582 71758
3040 1791252469452385 82380
3041 1791252469467162 74001
3042 1791252469479693 72645
3043 1791252469505807 72851
3044 1791252469520594 68824
3045 1791252469541526 74360
3046 1791252469559510 65339
3047 1791252469573087 60725
3048 1791252469589982 55976
3049 1791252469610187 57445
3050 1791252469627013 58951
3051 1791252469656900 68603
3052 1791252469666497 56307
3053 1791252469678297 51280
3054 1791252469699918 51096
3055 1791252469715580 46628
3056 1791252469733724 46116
3057 1791252469766806 54651
3058 1791252469780218 47097
3059 1791252469805591 51154
3060 1791252469815482 46297
3061 1791252469844202 53798
3062 1791252469856648 48723
3063 1791252469880782 47804
3064 1791252469895687 46903
3065 1791252469923797 50191
3066 1791252469948747 56804
3067 1791252469954139 46177
3068 1791252469992578 62645
3069 1791252470009192 60442
3070 1791252470032276 58427
3071 1791252470043899 55095
3072 1791252470060735 51539
3073 1791252470082205 49927
3074 1791252470110431 59582
3075 1791252470133507 65664
3076 1791252470165955 78030
3077 1791252470167132 56698
3078 1791252470196289 62779
3079 1791252470214706 61925
3080 1791252470237421 70285
3081 1791252470243258 55401
3082 1791252470276617 63299
3083 1791252470287379 54607
3084 1791252470306706 58277
3085 1791252470329303 61077
3086 1791252470342077 54695
3087 1791252470372469 59824
3088 1791252470403060 73754
3089 1791252470413647 59822
3090 1791252470440720 68248
3091 1791252470453802 64875
3092 1791252470471433 63612
3093 1791252470500120 69292
3094 1791252470515865 67725
3095 1791252470535375 63939
3096 1791252470544090 56098
3097 1791252470568526 60581
3098 1791252470596349 67040
3099 1791252470614854 61895
3100 1791252470636994 68465
3101 1791252470656683 68622
3102 1791252470667452 59079
3103 1791252470694723 62103
3104 1791252470709671 62006
3105 1791252470737236 69780
3106 1791252470761604 69164
3107 1791252470783138 74967
3108 1791252470804403 72629
3109 1791252470832876 78776
3110 1791252470837487 64162
3111 1791252470855486 62158
3112 1791252470872657 64799
3113 1791252470899565 66685
3114 1791252470920539 70828
3115 1791252470933574 65800
3116 1791252470971249 78373
3117 1791252470984816 70718
3118 1791252471003407 72945
3119 1791252471023601 74243
3120 1791252471043310 72057
3121 1791252471064600 74805
3122 1791252471079202 65569
3123 1791252471101305 73242
3124 1791252471120892 72709
3125 1791252471140892 72086
3126 1791252471167345 72266
3127 1791252471173426 64663
3128 1791252471195959 63461
3129 1791252471215900 67334
3130 1791252471244377 77030
3131 1791252471259770 71862
3132 1791252471280582 71532
3133 1791252471301401 69387
3134 1791252471314132 66226
3135 1791252471351081 76915
3136 1791252471363365 75543
3137 1791252471393429 83605
3138 1791252471413255 83227
3139 1791252471428173 80396
3140 1791252471443923 73665
3141 1791252471476560 83128
3142 1791252471483570 70301
3143 1791252471504155 75979
3144 1791252471524728 76383
3145 1791252471559619 88532
3146 1791252471573937 80875
3147 1791252471592785 82764
3148 1791252471611624 81137
3149 1791252471617477 66936
3150 1791252471651246 77307
3151 1791252471654892 62995
3152 1791252471677216 65588
3153 1791252471708021 75575
3154 1791252471722934 71685
3155 1791252471744786 71998
3156 1791252471756072 68615
3157 1791252471776450 68425
3158 1791252471797218 63005
3159 1791252471809076 60825
3160 1791252471842397 67660
3161 1791252471847089 58733
3162 1791252471861327 53355
3163 1791252471881714 50258
3164 1791252471898689 51598
3165 1791252471927425 59443
3166 1791252471954703 61808
3167 1791252471966578 58424
3168 1791252471989828 62400
3169 1791252472027884 78677
3170 1791252472043863 75907
3171 1791252472068505 78674
3172 1791252472099995 91154
3173 1791252472113856 85970
3174 1791252472140601 92378
3175 1791252472163429 94986
3176 1791252472183204 90047
3177 1791252472191346 83191
3178 1791252472216127 84958
3179 1791252472241570 89382
3180 1791252472248527 80465
3181 1791252472277346 87899
3182 1791252472295517 82780
3183 1791252472308028 79850
3184 1791252472329383 81170
3185 1791252472347119 79381
3186 1791252472364723 77173
3187 1791252472399948 91917
3188 1791252472422855 94803
3189 1791252472441479 94357
3190 1791252472464056 92661
3191 1791252472476494 84383
3192 1791252472494130 86348
3193 1791252472519735 86567
3194 1791252472535314 83663
3195 1791252472554723 86357
3196 1791252472573528 83592
3197 1791252472594972 85039
3198 1791252472604300 75353
3199 1791252472626421 78498
3200 1791252472640015 71922
3201 1791252472660492 72556
3202 1791252472677889 68866
3203 1791252472695816 62158
3204 1791252472711111 63211
3205 1791252472736185 64978
3206 1791252472752467 59630
3207 1791252472765043 53930
3208 1791252472782955 49551
3209 1791252472803976 56320
3210 1791252472825115 55670
3211 1791252472847118 59286
3212 1791252472864099 50082
3213 1791252472880785 48697
3214 1791252472902897 55776
3215 1791252472930086 56334
3216 1791252472938008 44337
3217 1791252472952446 43365
3218 1791252472965216 35127
3219 1791252472991054 41780
3220 1791252473013936 41504
3221 1791252473028350 39466
3222 1791252473048751 38940
3223 1791252473076972 48613
3224 1791252473091182 42428
3225 1791252473114030 37051
3226 1791252473127928 37809
3227 1791252473140057 31598
3228 1791252473171448 43996
3229 1791252473191169 43270
3230 1791252473213250 41794
3231 1791252473238395 47875
3232 1791252473245829 35781
3233 1791252473265341 35652
3234 1791252473285082 30585
3235 1791252473304389 36092
3236 1791252473329365 40169
3237 1791252473345003 36477
3238 1791252473363734 34366
3239 1791252473388724 35826
3240 1791252473405672 37111
3241 1791252473423571 35407
3242 1791252473450564 38512
3243 1791252473465685 37891
3244 1791252473495467 45161
3245 1791252473514265 40246
3246 1791252473531227 43719
3247 1791252473557963 44820
3248 1791252473575638 46837
3249 1791252473594196 44593
3250 1791252473613786 39983
3251 1791252473634217 41436
3252 1791252473655929 47842
3253 1791252473678802 46098
3254 1791252473687110 37901
3255 1791252473719249 46441
3256 1791252473726192 39079
3257 1791252473759742 52120
3258 1791252473784624 49545
3259 1791252473795724 41803
3260 1791252473809893 41140
3261 1791252473830328 42076
3262 1791252473849245 41028
3263 1791252473867704 37368
3264 1791252473893105 45150
3265 1791252473908419 40711
3266 1791252473937894 44784
3267 1791252473964239 55817
3268 1791252473979173 45188
3269 1791252474002805 53088
3270 1791252474026110 56549
3271 1791252474039300 51595
3272 1791252474068671 55213
3273 1791252474078805 42912
3274 1791252474093213 43024
3275 1791252474120629 51950
3276 1791252474142062 53732
3277 1791252474156399 48697
3278 1791252474176202 42454
3279 1791252474196137 48240
3280 1791252474218248 43848
3281 1791252474245930 57486
3282 1791252474266030 52695
3283 1791252474288791 60842
3284 1791252474314712 63920
3285 1791252474319575 51252
3286 1791252474347778 59660
3287 1791252474363597 53879
3288 1791252474389276 56473
3289 1791252474401938 54140
3290 1791252474424752 56083
3291 1791252474446557 57278
3292 1791252474464927 52084
3293 1791252474484924 55178
3294 1791252474505213 51245
3295 1791252474517932 44530
3296 1791252474551489 58905
3297 1791252474558286 50310
3298 1791252474587402 58188
3299 1791252474610235 58740
3300 1791252474625727 53094
3301 1791252474644991 57585
3302 1791252474667264 58613
3303 1791252474689971 53162
3304 1791252474704508 54640
3305 1791252474727788 60517
3306 1791252474746006 57113
3307 1791252474758069 49029
3308 1791252474780113 52320
3309 1791252474821803 74107
3310 1791252474845683 67741
3311 1791252474849055 50448
3312 1791252474869059 53568
3313 1791252474883267 48540
3314 1791252474900217 51590
3315 1791252474925514 57335
3316 1791252474945309 57255
3317 1791252474966543 59142
3318 1791252474987710 55649
3319 1791252475005191 54289
3320 1791252475023671 50567
3321 1791252475048395 60903
3322 1791252475064973 56196
3323 1791252475091502 59428
3324 1791252475103615 55213
3325 1791252475130315 62956
3326 1791252475151368 63019
3327 1791252475165095 50154
3328 1791252475199532 69214
3329 1791252475214965 63591
3330 1791252475229494 61413
3331 1791252475268733 76458
3332 1791252475271493 56523
3333 1791252475290118 62608
3334 1791252475307201 57487
3335 1791252475325709 56969
3336 1791252475344376 55382
3337 1791252475369888 62682
3338 1791252475380899 52458
3339 1791252475406032 57683
3340 1791252475426004 56760
3341 1791252475457396 62664
3342 1791252475485870 72224
3343 1791252475495738 63038
3344 1791252475508298 59256
3345 1791252475531730 58313
3346 1791252475545760 54723
3347 1791252475570359 62055
3348 1791252475584486 55889
3349 1791252475601704 53540
3350 1791252475627768 57404
3351 1791252475655808 67804
3352 1791252475673036 64806
3353 1791252475688379 60607
3354 1791252475714312 64229
3355 1791252475736025 62984
3356 1791252475755155 66772
3357 1791252475775220 60895
3358 1791252475796400 62538
3359 1791252475810531 62373
3360 1791252475835862 66687
3361 1791252475854811 61211
3362 1791252475870249 59717
3363 1791252475888533 60381
3364 1791252475924622 73235
3365 1791252475937074 66820
3366 1791252475955727 67190
3367 1791252475981159 72811
3368 1791252475996076 66034
3369 1791252476026250 78543
3370 1791252476047097 78257
3371 1791252476066751 76088
3372 1791252476093264 84919
3373 1791252476122074 93668
3374 1791252476127002 79902
3375 1791252476147133 77308
3376 1791252476174364 84926
3377 1791252476195466 81452
3378 1791252476209530 82524
3379 1791252476239380 91519
3380 1791252476253429 84742
3381 1791252476284318 90911
3382 1791252476304314 94780
3383 1791252476318802 86127
3384 1791252476334875 85858
3385 1791252476366192 94301
3386 1791252476374893 87000
3387 1791252476397935 89506
3388 1791252476421473 86595
3389 1791252476442841 92639
3390 1791252476492546 120529
3391 1791252476492566 103874
3392 1791252476523424 114960
3393 1791252476525007 96980
3394 1791252476537400 84192
3395 1791252476559540 88299
3396 1791252476586538 93988
3397 1791252476606002 91536
3398 1791252476615504 85840
3399 1791252476622675 68470
3400 1791252476642282 69922
3401 1791252476665267 72583
3402 1791252476685220 76612
3403 1791252476705102 72622
3404 1791252476710967 63249
3405 1791252476731925 58203
3406 1791252476754163 66515
3407 1791252476784798 73827
3408 1791252476806120 77512
3409 1791252476830080 77069
3410 1791252476845644 74458
3411 1791252476864558 73021
3412 1791252476884849 72199
3413 1791252476897094 68096
3414 1791252476916920 68892
3415 1791252476944859 73779
3416 1791252476962189 72793
3417 1791252476984490 75622
3418 1791252476996469 67575
3419 1791252477034414 82207
3420 1791252477044921 76328
3421 1791252477068613 79300
3422 1791252477086526 72358
3423 1791252477108890 74470
3424 1791252477132718 82344
3425 1791252477139538 70920
3426 1791252477166405 71746
3427 1791252477184422 75527
3428 1791252477197576 66960
3429 1791252477218480 64757
3430 1791252477243382 74820
3431 1791252477264641 76733
3432 1791252477295802 84711
3433 1791252477315214 80536
3434 1791252477325281 77581
3435 1791252477347427 78964
3436 1791252477374698 84689
3437 1791252477385327 71984
3438 1791252477408513 77420
3439 1791252477424751 77317
3440 1791252477443017 74733
3441 1791252477464767 74136
3442 1791252477484445 75921
3443 1791252477505496 77269
3444 1791252477524822 77059
3445 1791252477544041 75956
3446 1791252477565942 74513
3447 1791252477584525 75961
3448 1791252477612991 80632
3449 1791252477623436 75878
3450 1791252477647068 78536
3451 1791252477665132 76820
3452 1791252477689464 76470
3453 1791252477705702 77603
3454 1791252477728469 81390
3455 1791252477755631 87859
3456 1791252477770056 81289
3457 1791252477788795 76676
3458 1791252477803915 75442
3459 1791252477834851 86477
3460 1791252477852038 81976
3461 1791252477870489 81690
3462 1791252477892693 79458
3463 1791252477909437 74581
3464 1791252477932801 80760
3465 1791252477944982 74484
3466 1791252477956444 63771
3467 1791252477970828 61387
3468 1791252478001076 73124
3469 1791252478022305 72164
3470 1791252478034864 64864
3471 1791252478044691 54880
3472 1791252478063794 55899
3473 1791252478083561 55213
3474 1791252478102350 50307
3475 1791252478122166 53894
3476 1791252478143448 51784
3477 1791252478163390 49588
3478 1791252478180588 47954
3479 1791252478187747 33958
3480 1791252478205599 33700
3481 1791252478218034 30285
3482 1791252478243403 35125
3483 1791252478258621 31362
3484 1791252478287234 37527
3485 1791252478307557 38512
3486 1791252478332261 45024
3487 1791252478349851 42290
3488 1791252478379371 47106
3489 1791252478383938 35942
3490 1791252478412720 37248
3491 1791252478426365 32826
3492 1791252478448333 36383
3493 1791252478473738 41864
3494 1791252478482222 33723
3495 1791252478505478 32990
3496 1791252478524844 36269
3497 1791252478551216 42640
3498 1791252478566742 37954
3499 1791252478588872 38388
3500 1791252478605102 37108
3501 1791252478626139 37358
3502 1791252478656884 44709
3503 1791252478670942 36296
3504 1791252478685521 33113
3505 1791252478705089 36393
3506 1791252478734152 42188
3507 1791252478747571 36079
3508 1791252478773999 45304
3509 1791252478792769 45195
3510 1791252478810130 41276
3511 1791252478824452 37223
3512 1791252478844640 36356
3513 1791252478865153 37458
3514 1791252478893695 43406
3515 1791252478906373 36398
3516 1791252478931416 39532
3517 1791252478944721 35444
3518 1791252478967808 39133
3519 1791252478986727 38524
3520 1791252479009511 41700
3521 1791252479027519 37696
3522 1791252479046441 36926
3523 1791252479059704 32182
3524 1791252479084191 35631
3525 1791252479108196 36299
3526 1791252479126548 35495
3527 1791252479144254 36055
3528 1791252479169830 40097
3529 1791252479191686 43289
3530 1791252479204367 35802
3531 1791252479240774 51415
3532 1791252479255752 42684
3533 1791252479282856 52193
3534 1791252479294309 40145
3535 1791252479306200 36839
3536 1791252479332855 40169
3537 1791252479356065 42113
3538 1791252479383663 51793
3539 1791252479392701 42005
3540 1791252479411683 44362
3541 1791252479430435 42221
3542 1791252479444282 35926
3543 1791252479467178 39376
3544 1791252479492660 38655
3545 1791252479511146 43965
3546 1791252479539367 48645
3547 1791252479552736 42573
3548 1791252479580502 51193
3549 1791252479615114 62376
3550 1791252479618535 42269
3551 1791252479634171 41468
3552 1791252479669723 56206
3553 1791252479673767 41624
3554 1791252479689571 40174
3555 1791252479715171 45444
3556 1791252479739176 50127
3557 1791252479760018 51435
3558 1791252479792825 64323
3559 1791252479816915 61583
3560 1791252479834054 65064
3561 1791252479844807 51979
3562 1791252479864849 55233
3563 1791252479884517 51197
3564 1791252479904273 55914
3565 1791252479923588 53920
3566 1791252479949244 60502
3567 1791252479966966 57115
3568 1791252479988863 58022
3569 1791252480004428 55541
3570 1791252480030369 63399
3571 1791252480054357 65512
3572 1791252480062630 53033
3573 1791252480085390 55018
3574 1791252480099379 51501
3575 1791252480123422 50370
3576 1791252480146016 53403
3577 1791252480165396 57326
3578 1791252480188950 61115
3579 1791252480200547 52064
3580 1791252480228369 58329
3581 1791252480252399 63446
3582 1791252480270525 58553
3583 1791252480286051 58206
3584 1791252480305761 58205
3585 1791252480315327 44785
3586 1791252480346644 55410
3587 1791252480362707 50053
3588 1791252480389321 61353
3589 1791252480408022 59255
3590 1791252480435524 61451
3591 1791252480457206 67882
3592 1791252480472874 64850
3593 1791252480500527 72520
3594 1791252480522737 74079
3595 1791252480538025 69655
3596 1791252480567266 74979
3597 1791252480574349 61906
3598 1791252480600392 67927
3599 1791252480614417 64825
3600 1791252480636447 69178
3601 1791252480659406 65125
3602 1791252480692671 79980
3603 1791252480696090 61059
3604 1791252480720279 65013
3605 1791252480728637 57533
3606 1791252480754006 61332
3607 1791252480777662 68198
3608 1791252480810014 81370
3609 1791252480826551 74004
3610 1791252480837144 66450
3611 1791252480883746 91234
3612 1791252480883755 75098
3613 1791252480896175 66239
3614 1791252480914536 65786
3615 1791252480936558 67968
3616 1791252480955575 65681
3617 1791252480982007 71264
3618 1791252481005878 69317
3619 1791252481024625 76783
3620 1791252481037020 66450
3621 1791252481066485 77917
3622 1791252481101365 85829
3623 1791252481101966 73763
3624 1791252481133077 83275
3625 1791252481147920 79188
3626 1791252481168294 66921
3627 1791252481194380 77352
3628 1791252481204087 71443
3629 1791252481222749 74821
3630 1791252481244740 76437
3631 1791252481269285 74899
3632 1791252481297348 76892
3633 1791252481297354 64899
3634 1791252481321136 67758
3635 1791252481347817 78517
3636 1791252481368218 79199
3637 1791252481393373 78957
3638 1791252481403693 76411
3639 1791252481433419 85598
3640 1791252481454410 86188
3641 1791252481483852 90476
3642 1791252481501271 86527
3643 1791252481509959 76815
3644 1791252481524089 72798
3645 1791252481541276 70333
3646 1791252481558693 69573
3647 1791252481585184 77567
3648 1791252481610581 81156
3649 1791252481627969 75528
3650 1791252481652118 78891
3651 1791252481683113 89253
3652 1791252481691471 80887
3653 1791252481705241 77269
3654 1791252481730138 81560
3655 1791252481745263 77773
3656 1791252481768174 76700
3657 1791252481779890 71927
3658 1791252481791195 61055
3659 1791252481816322 68120
3660 1791252481845101 77298
3661 1791252481873741 84866
3662 1791252481897007 89025
3663 1791252481919414 89712
3664 1791252481937202 86553
3665 1791252481954107 83298
3666 1791252481964621 74258
3667 1791252481988482 74894
3668 1791252482017370 85738
3669 1791252482032148 84730
3670 1791252482053192 79140
3671 1791252482068882 81478
3672 1791252482083519 72082
3673 1791252482113458 82002
3674 1791252482124539 76320
3675 1791252482143627 74743
3676 1791252482167717 78298
3677 1791252482185611 72151
3678 1791252482194253 66245
3679 1791252482221492 68061
3680 1791252482233996 66276
3681 1791252482263876 74074
3682 1791252482282382 71012
3683 1791252482301667 73615
3684 1791252482328036 80099
3685 1791252482335321 67232
3686 1791252482375281 82336
3687 1791252482394424 81786
3688 1791252482415158 87120
3689 1791252482426237 78131
3690 1791252482448503 75219
3691 1791252482466729 77405
3692 1791252482487256 79034
3693 1791252482504697 71879
3694 1791252482519886 71428
3695 1791252482543657 70608
3696 1791252482563932 76672
3697 1791252482586196 73376
3698 1791252482601605 73205
3699 1791252482624032 71396
3700 1791252482635243 65936
3701 1791252482664839 74852
3702 1791252482687212 79175
3703 1791252482711824 78431
3704 1791252482733071 84586
3705 1791252482746355 76462
3706 1791252482765763 78548
3707 1791252482793481 83897
3708 1791252482809527 78878
3709 1791252482832070 83980
3710 1791252482847507 79654
3711 1791252482868693 75710
3712 1791252482876866 69265
3713 1791252482904226 72510
3714 1791252482930076 82567
3715 1791252482944242 75547
3716 1791252482966734 78129
3717 1791252482989433 76423
3718 1791252482999529 72295
3719 1791252483028687 80136
3720 1791252483059211 86214
3721 1791252483069932 81946
3722 1791252483089110 72705
3723 1791252483105835 77146
3724 1791252483124398 75960
3725 1791252483148595 78660
3726 1791252483166505 78812
3727 1791252483194853 82145
3728 1791252483219642 91568
3729 1791252483228687 80327
3730 1791252483254983 84246
3731 1791252483266610 75859
3732 1791252483298482 84544
3733 1791252483315370 87429
3734 1791252483329534 81021
3735 1791252483358654 86099
3736 1791252483373265 79703
3737 1791252483402229 90242
3738 1791252483418943 90543
3739 1791252483438003 85339
3740 1791252483455825 84901
3741 1791252483463824 73686
3742 1791252483475048 61922
3743 1791252483507186 73850
3744 1791252483526327 74245
3745 1791252483538543 65084
3746 1791252483545680 57771
3747 1791252483545686 38497
3748 1791252483556250 28489
3749 1791252483585267 29014
3750 1791252483599823 26131
3751 1791252483614978 21599
3752 1791252483634786 26574
3753 1791252483653941 23905
3754 1791252483677564 23694
3755 1791252483695333 21371
3756 1791252483713988 23815
3757 1791252483733473 25214
3758 1791252483756114 22639
3759 1791252483774745 26342
3760 1791252483794262 24748
3761 1791252483812307 24431
3762 1791252483832919 22648
3763 1791252483853303 20380
3764 1791252483874685 22133
3765 1791252483895077 22949
3766 1791252483914500 22804
3767 1791252483935495 28037
3768 1791252483954581 23559
3769 1791252483971925 23843
3770 1791252483995106 23174
3771 1791252484013308 22906
3772 1791252484034350 25426
3773 1791252484058430 29612
3774 1791252484069870 22176
3775 1791252484098162 28288
3776 1791252484114367 21797
3777 1791252484135473 22794
3778 1791252484156267 28480
3779 1791252484174601 24701
3780 1791252484195687 23126
3781 1791252484209539 20908
3782 1791252484230012 21625
3783 1791252484253841 23879
3784 1791252484274606 27412
3785 1791252484294172 25338
3786 1791252484313960 22623
3787 1791252484332863 25490
3788 1791252484353530 26112
3789 1791252484381804 28270
3790 1791252484394816 26325
3791 1791252484414184 23995
3792 1791252484433470 25405
3793 1791252484460149 26675
3794 1791252484473805 20923
3795 1791252484498909 25103
3796 1791252484516066 23145
3797 1791252484534184 23972
3798 1791252484553832 21538
3799 1791252484572666 24047
3800 1791252484593093 24409
3801 1791252484614503 25001
3802 1791252484638441 23935
3803 1791252484658393 25893
3804 1791252484674614 22077
3805 1791252484693545 25679
3806 1791252484710553 21751
3807 1791252484733042 22533
3808 1791252484751889 22006
3809 1791252484773017 21124
3810 1791252484803560 31486
3811 1791252484815417 28017
3812 1791252484834753 25516
3813 1791252484848933 20517
3814 1791252484875269 27274
3815 1791252484897937 26599
3816 1791252484916753 24750
3817 1791252484934634 21879
3818 1791252484952582 22597
3819 1791252484972834 24164
3820 1791252484993691 24597
3821 1791252485015056 21362
3822 1791252485034878 26371
3823 1791252485058383 29348
3824 1791252485074992 22465
3825 1791252485094066 25909
3826 1791252485112912 23597
3827 1791252485134167 25592
3828 1791252485153737 23807
3829 1791252485175382 21644
3830 1791252485194314 22790
3831 1791252485213622 26111
3832 1791252485243867 30239
3833 1791252485254039 23011
3834 1791252485275606 24835
3835 1791252485293202 25836
3836 1791252485312408 24672
3837 1791252485335154 22796
3838 1791252485363468 35903
3839 1791252485376634 27415
3840 1791252485393515 22569
3841 1791252485414378 20860
3842 1791252485431932 21720
3843 1791252485457666 25731
3844 1791252485475102 27769
3845 1791252485501737 31149
3846 1791252485512999 22708
3847 1791252485530563 21815
3848 1791252485552811 22245
3849 1791252485585154 32340
3850 1791252485593859 25298
3851 1791252485612047 23778
3852 1791252485633632 21582
3853 1791252485655871 28218
3854 1791252485673165 22577
3855 1791252485694454 21493
3856 1791252485715832 26991
3857 1791252485733103 22707
3858 1791252485757822 24715
3859 1791252485773425 26178
3860 1791252485794088 20658
3861 1791252485811885 23500
3862 1791252485837856 25924
3863 1791252485852844 21713
3864 1791252485875912 24485
3865 1791252485894962 23650
3866 1791252485914404 24753
3867 1791252485940534 26125
3868 1791252485956962 23647
3869 1791252485969563 21718
3870 1791252485996039 26473
3871 1791252486011038 21816
3872 1791252486043471 34002
3873 1791252486055765 28449
3874 1791252486078522 27564
3875 1791252486094672 21327
3876 1791252486117281 26807
3877 1791252486133724 21140
3878 1791252486158186 24455
3879 1791252486175046 23219
3880 1791252486191797 24161
3881 1791252486214818 23018
3882 1791252486232701 24575
3883 1791252486252467 23704
3884 1791252486274347 25873
3885 1791252486292294 23891
3886 1791252486314872 22623
3887 1791252486333791 24041
3888 1791252486353392 22843
3889 1791252486374817 21423
3890 1791252486393216 24566
3891 1791252486418239 27773
3892 1791252486434856 22630
3893 1791252486453953 25543
3894 1791252486472955 23762
3895 1791252486494257 27228
3896 1791252486523556 29297
3897 1791252486534567 26797
3898 1791252486554615 25017
3899 1791252486573891 23858
3900 1791252486595450 21557
3901 1791252486613421 21934
3902 1791252486633326 24456
3903 1791252486657716 28901
3904 1791252486680553 28700
3905 1791252486694761 24774
3906 1791252486717946 23226
3907 1791252486735466 27476
3908 1791252486753873 26161
3909 1791252486771958 23151
3910 1791252486799684 27723
3911 1791252486817624 24730
3912 1791252486838708 25987
3913 1791252486858438 25943
3914 1791252486879961 26367
3915 1791252486896510 23718
3916 1791252486911370 24246
3917 1791252486932944 24237
3918 1791252486954539 21592
3919 1791252486969570 20994
3920 1791252486998558 30137
3921 1791252487014344 20787
3922 1791252487031009 22547
3923 1791252487054867 27083
3924 1791252487074745 25201
3925 1791252487089156 20730
3926 1791252487112990 23936
3927 1791252487134942 26801
3928 1791252487153959 23089
3929 1791252487182409 28448
3930 1791252487197722 30365
3931 1791252487214000 21871
3932 1791252487235209 23057
3933 1791252487249587 20693
3934 1791252487275145 25554
3935 1791252487293485 25320
3936 1791252487317718 29638
3937 1791252487334576 21824
3938 1791252487354279 25409
3939 1791252487372756 24855
3940 1791252487392716 23354
3941 1791252487415469 26617
3942 1791252487433564 24124
3943 1791252487452053 24446
3944 1791252487474967 26351
3945 1791252487494604 26750
3946 1791252487509650 22585
3947 1791252487533684 24031
3948 1791252487556444 22757
3949 1791252487574622 22993
3950 1791252487596148 22541
3951 1791252487612221 20704
3952 1791252487636646 24422
3953 1791252487657331 25461
3954 1791252487684171 32227
3955 1791252487697650 25996
3956 1791252487713302 21090
3957 1791252487735479 26407
3958 1791252487753558 22674
3959 1791252487770616 20936
3960 1791252487792417 24395
3961 1791252487813525 21106
3962 1791252487829667 21592
3963 1791252487855376 25810
3964 1791252487875764 24093
3965 1791252487892507 24586
3966 1791252487911404 22657
3967 1791252487935315 23907
3968 1791252487957941 27692
3969 1791252487974323 22353
3970 1791252487993936 21026
3971 1791252488011880 22701
3972 1791252488035671 23852
3973 1791252488051521 20751
3974 1791252488079724 28200
3975 1791252488093533 25481
3976 1791252488114400 21085
3977 1791252488131516 22810
3978 1791252488154380 22862
3979 1791252488173725 23182
3980 1791252488194465 26908
3981 1791252488212948 24615
3982 1791252488234170 24863
3983 1791252488262591 33535
3984 1791252488274400 26933
3985 1791252488293066 23596
3986 1791252488314072 23877
3987 1791252488336159 28584
3988 1791252488353330 23003
3989 1791252488374903 26405
3990 1791252488393601 24189
3991 1791252488413028 23167
3992 1791252488434431 21400
3993 1791252488453998 25476
3994 1791252488474240 26396
3995 1791252488493996 25905
3996 1791252488509572 22173
3997 1791252488535616 26155
3998 1791252488554054 22715
3999 1791252488573479 23541
4000 1791252488595913 27831
4001 1791252488616158 25416
4002 1791252488632345 23664
4003 1791252488652064 22735
4004 1791252488675379 23312
4005 1791252488689087 20942
4006 1791252488710022 21009
4007 1791252488733881 26615
4008 1791252488753719 25301
4009 1791252488777674 23952
4010 1791252488796500 23984
4011 1791252488814532 22672
4012 1791252488836481 27482
4013 1791252488853203 22291
4014 1791252488873682 24070
4015 1791252488893475 22845
4016 1791252488914208 25924
4017 1791252488929181 21028
4018 1791252488949898 20712
4019 1791252488973320 24942
4020 1791252488993105 23705
4021 1791252489012746 24576
4022 1791252489031892 21948
4023 1791252489057729 25835
4024 1791252489076069 23334
4025 1791252489092922 21082
4026 1791252489112851 23923
4027 1791252489133729 20867
4028 1791252489153893 25870
4029 1791252489174710 25788
4030 1791252489193866 24020
4031 1791252489213798 25381
4032 1791252489230776 22849
4033 1791252489250911 22871
4034 1791252489273300 22387
4035 1791252489298728 25786
4036 1791252489315018 23830
4037 1791252489334201 24995
4038 1791252489353320 24086
4039 1791252489374666 26476
4040 1791252489393885 24871
4041 1791252489410913 22751
4042 1791252489432724 21809
4043 1791252489453947 21219
4044 1791252489479388 25439
4045 1791252489496310 22529
4046 1791252489512385 24828
4047 1791252489537274 24885
4048 1791252489557027 25414
4049 1791252489579270 22241
4050 1791252489592865 24710
4051 1791252489614043 21174
4052 1791252489639148 25101
4053 1791252489653696 24669
4054 1791252489671096 22897
4055 1791252489695362 24263
4056 1791252489712152 24274
4057 1791252489743093 30938
4058 1791252489753663 26268
4059 1791252489775428 24046
4060 1791252489792540 24614
4061 1791252489813262 25074
4062 1791252489831958 21327
4063 1791252489853921 23880
4064 1791252489873050 24730
4065 1791252489896132 23401
4066 1791252489910869 23159
4067 1791252489935404 24567
4068 1791252489953507 25032
4069 1791252489973046 25487
4070 1791252489993034 23076
4071 1791252490010099 22556
4072 1791252490034213 24112
4073 1791252490051279 23097
4074 1791252490072254 20971
4075 1791252490100025 27768
4076 1791252490118056 25015
4077 1791252490133071 25029
4078 1791252490148960 20930
4079 1791252490172375 23412
4080 1791252490201269 28891
4081 1791252490212740 22582
4082 1791252490233744 25366
4083 1791252490253870 25522
4084 1791252490275316 26467
4085 1791252490297900 28459
4086 1791252490315572 23885
4087 1791252490331247 23198
4088 1791252490350725 21824
4089 1791252490376430 25702
4090 1791252490393278 22276
4091 1791252490409243 20864
4092 1791252490430140 20976
4093 1791252490453845 26355
4094 1791252490475831 26168
4095 1791252490497534 27315
4096 1791252490513880 21910
4097 1791252490536593 22710
4098 1791252490552943 21027
4099 1791252490572871 20720
4100 1791252490595211 24242
4101 1791252490621493 26270
4102 1791252490633850 23854
4103 1791252490654885 25128
4104 1791252490673867 24170
4105 1791252490702769 29118
4106 1791252490714190 26028
4107 1791252490734122 26246
4108 1791252490752516 23712
4109 1791252490771604 24025
4110 1791252490792395 20788
4111 1791252490817868 28560
4112 1791252490834385 22032
4113 1791252490853675 23884
4114 1791252490869528 21961
4115 1791252490894963 26445
4116 1791252490916387 24139
4117 1791252490931096 21107
4118 1791252490952800 24350
4119 1791252490975010 27563
4120 1791252490993676 24293
4121 1791252491015069 26783
4122 1791252491033861 23638
4123 1791252491048737 21605
4124 1791252491073428 24729
4125 1791252491094778 21348
4126 1791252491114141 26500
4127 1791252491134706 24221
4128 1791252491153877 26378
4129 1791252491175228 25428
4130 1791252491193729 25445
4131 1791252491213815 23765
4132 1791252491235379 25847
4133 1791252491253471 25464
4134 1791252491273512 22846
4135 1791252491299521 26005
4136 1791252491316116 22820
4137 1791252491344452 35972
4138 1791252491355167 27083
4139 1791252491376000 24859
4140 1791252491395658 25007
4141 1791252491411974 21640
4142 1791252491434376 25133
4143 1791252491453187 21466
4144 1791252491475101 21912
4145 1791252491493826 24635
4146 1791252491514373 26321
# sent 4147 received 4147
