0 1791336612317403 30241
1 1791336612336055 27668
2 1791336612354513 26130
3 1791336612376539 28051
4 1791336612396697 28204
5 1791336612416119 24083
6 1791336612433398 25468
7 1791336612454371 23846
8 1791336612473039 25502
9 1791336612497609 24567
10 1791336612511514 22234
11 1791336612536399 25368
12 1791336612556825 23923
13 1791336612576903 25034
14 1791336612597033 26791
15 1791336612614913 25159
16 1791336612631076 22624
17 1791336612657670 26590
18 1791336612681257 28566
19 1791336612696314 27397
20 1791336612717720 28418
21 1791336612733193 22327
22 1791336612757455 27182
23 1791336612777801 26649
24 1791336612796121 24178
25 1791336612817359 25097
26 1791336612835677 22758
27 1791336612856774 27458
28 1791336612875739 25908
29 1791336612891521 21883
30 1791336612909587 21487
31 1791336612935627 27183
32 1791336612956741 28151
33 1791336612970956 23204
34 1791336612994336 23376
35 1791336613012710 23481
36 1791336613036615 26822
37 1791336613056517 24564
38 1791336613071696 23649
39 1791336613097956 26354
40 1791336613115981 23642
41 1791336613136784 26558
42 1791336613155816 24354
43 1791336613177915 28693
44 1791336613193904 25659
45 1791336613215019 26508
46 1791336613236140 27695
47 1791336613255482 27165
48 1791336613271093 22588
49 1791336613289088 21392
50 1791336613317620 28530
51 1791336613337422 22375
52 1791336613358852 26518
53 1791336613369417 21299
54 1791336613395550 26130
55 1791336613414697 24872
56 1791336613438057 27755
57 1791336613457421 26078
58 1791336613477613 25460
59 1791336613491803 23707
60 1791336613515866 25685
61 1791336613537516 28684
62 1791336613556783 26394
63 1791336613576017 23085
64 1791336613599410 27726
65 1791336613610081 21820
66 1791336613628697 20792
67 1791336613655675 26974
68 1791336613675913 27594
69 1791336613689486 21284
70 1791336613714744 25255
71 1791336613734819 26290
72 1791336613753228 24463
73 1791336613770628 22266
74 1791336613793234 25578
75 1791336613809488 21548
76 1791336613836954 27597
77 1791336613860070 29135
78 1791336613873227 23770
79 1791336613894149 25555
80 1791336613914705 26998
81 1791336613934927 26593
82 1791336613949940 21681
83 1791336613971552 21608
84 1791336613996987 25524
85 1791336614020029 26920
86 1791336614035856 23538
87 1791336614057763 28853
88 1791336614074681 24719
89 1791336614094970 25755
90 1791336614111332 22927
91 1791336614137756 26677
92 1791336614156880 24362
93 1791336614174291 22429
94 1791336614196963 27054
95 1791336614217500 25868
96 1791336614237017 27866
97 1791336614255881 28187
98 1791336614275998 26902
99 1791336614295499 27150
100 1791336614311088 22989
101 1791336614329397 21643
102 1791336614352473 23073
103 1791336614377251 28369
104 1791336614396545 28896
105 1791336614412104 24287
106 1791336614429902 22014
107 1791336614458485 30074
108 1791336614472480 24048
109 1791336614489914 21809
110 1791336614516536 26618
111 1791336614537286 27648
112 1791336614556878 28114
113 1791336614577102 25993
114 1791336614595144 25191
115 1791336614615011 25862
116 1791336614634970 26128
117 1791336614650144 21319
118 1791336614677702 27554
119 1791336614697925 24888
120 1791336614714910 26997
121 1791336614733625 25012
122 1791336614750147 21492
123 1791336614769336 21501
124 1791336614792792 23453
125 1791336614816316 23582
126 1791336614839850 29117
127 1791336614859266 24228
128 1791336614877991 26425
129 1791336614897534 24818
130 1791336614916539 26486
131 1791336614937140 25537
132 1791336614952313 23858
133 1791336614975012 22695
134 1791336614998061 29810
135 1791336615018895 30131
136 1791336615029745 21108
137 1791336615049805 21159
138 1791336615069370 20911
139 1791336615090333 21665
140 1791336615115592 27824
141 1791336615133844 26058
142 1791336615150778 22803
143 1791336615172488 21705
144 1791336615189860 21248
145 1791336615208997 21330
146 1791336615237990 29194
147 1791336615258741 23769
148 1791336615275875 27088
149 1791336615296178 27635
150 1791336615317777 29205
151 1791336615336712 26782
152 1791336615359801 23083
153 1791336615375503 26987
154 1791336615391538 22696
155 1791336615408895 21115
156 1791336615434858 25959
157 1791336615452773 24286
158 1791336615476987 24197
159 1791336615490981 22811
160 1791336615511266 21382
161 1791336615537517 26247
162 1791336615555809 23089
163 1791336615576991 29277
164 1791336615600106 24309
165 1791336615617453 25506
166 1791336615630910 21059
167 1791336615648965 21005
168 1791336615672605 23636
169 1791336615689683 21341
170 1791336615713938 24252
171 1791336615737593 23652
172 1791336615757588 25304
173 1791336615777639 24985
174 1791336615796954 28088
175 1791336615816227 27329
176 1791336615841345 32192
177 1791336615856290 27369
178 1791336615871530 22901
179 1791336615896882 25348
180 1791336615915858 24893
181 1791336615931694 21250
182 1791336615951652 22513
183 1791336615975993 27255
184 1791336615995550 26477
185 1791336616011794 23032
186 1791336616038637 26839
187 1791336616055268 22432
188 1791336616074830 25145
189 1791336616099511 31123
190 1791336616115105 25956
191 1791336616133860 26174
192 1791336616148955 20767
193 1791336616176176 27218
194 1791336616192555 24061
195 1791336616216816 24257
196 1791336616237023 26677
197 1791336616257082 24603
198 1791336616277991 27301
199 1791336616296466 22729
200 1791336616316471 27473
201 1791336616338488 24650
202 1791336616356227 26488
203 1791336616375870 27216
204 1791336616395207 27871
205 1791336616416701 27397
206 1791336616435623 23458
207 1791336616456913 27772
208 1791336616477060 24926
209 1791336616498021 27085
210 1791336616515922 22977
211 1791336616536083 27676
212 1791336616555066 26499
213 1791336616577139 25548
214 1791336616596957 24927
215 1791336616615634 24081
216 1791336616636802 27097
217 1791336616656684 26398
218 1791336616670714 21303
219 1791336616691569 22986
220 1791336616714871 26141
221 1791336616737385 22511
222 1791336616751908 23882
223 1791336616775605 23812
224 1791336616798142 28410
225 1791336616818699 23691
226 1791336616835973 26939
227 1791336616855921 27594
228 1791336616877011 28289
229 1791336616895791 25092
230 1791336616916732 28301
231 1791336616934728 26790
232 1791336616958453 29718
233 1791336616978916 24028
234 1791336616997075 28894
235 1791336617017667 25045
236 1791336617035975 23292
237 1791336617050320 22368
238 1791336617075652 27076
239 1791336617094988 26552
240 1791336617113865 24786
241 1791336617139603 30634
242 1791336617155796 22548
243 1791336617174896 26371
244 1791336617193219 24908
245 1791336617215919 25250
246 1791336617237000 25428
247 1791336617255900 22942
248 1791336617276585 27783
249 1791336617292702 24632
250 1791336617316768 27004
251 1791336617336568 28038
252 1791336617350932 22581
253 1791336617375977 25042
254 1791336617399750 29963
255 1791336617417841 24820
256 1791336617437502 26152
257 1791336617457639 25486
258 1791336617471630 23832
259 1791336617496356 24722
260 1791336617515952 23972
261 1791336617533438 25188
262 1791336617557053 28209
263 1791336617577741 25207
264 1791336617595288 25382
265 1791336617623407 34244
266 1791336617636025 27573
267 1791336617652759 24301
268 1791336617675932 23170
269 1791336617697157 28254
270 1791336617715259 23043
271 1791336617730755 22498
272 1791336617756140 25374
273 1791336617777266 25803
274 1791336617799233 27914
275 1791336617810445 22541
276 1791336617836171 25722
277 1791336617852894 25076
278 1791336617879085 26188
279 1791336617897913 27053
280 1791336617917713 24922
281 1791336617932191 22257
282 1791336617957047 27631
283 1791336617976066 25182
284 1791336617997663 28287
285 1791336618016201 22731
286 1791336618036375 26216
287 1791336618057314 28014
288 1791336618074904 22770
289 1791336618091297 22962
290 1791336618112137 22512
291 1791336618137690 30005
292 1791336618157663 28767
293 1791336618176868 26214
294 1791336618195692 24765
295 1791336618216867 28597
296 1791336618235796 27495
297 1791336618255985 25934
298 1791336618270025 21487
299 1791336618297200 27016
300 1791336618310465 21971
301 1791336618331053 20584
302 1791336618349801 22004
303 1791336618375886 27256
304 1791336618393110 25135
305 1791336618408958 20906
306 1791336618436570 27609
307 1791336618459678 26660
308 1791336618472651 20599
309 1791336618488698 20734
310 1791336618510050 22082
311 1791336618537566 27511
312 1791336618559031 25823
313 1791336618569208 20912
314 1791336618589275 20438
315 1791336618613696 24419
316 1791336618629304 20477
317 1791336618655248 27343
318 1791336618676137 28166
319 1791336618690910 23225
320 1791336618709437 20441
321 1791336618731260 22787
322 1791336618756759 25585
323 1791336618776710 27113
324 1791336618795117 21604
325 1791336618812186 24241
326 1791336618829537 20887
327 1791336618849453 20917
328 1791336618871928 23441
329 1791336618897517 29577
330 1791336618917279 25032
331 1791336618930780 22526
332 1791336618950053 21944
333 1791336618979522 30570
334 1791336618996727 23825
335 1791336619014605 22900
336 1791336619031426 20882
337 1791336619056842 25538
338 1791336619072928 21922
339 1791336619089380 20374
340 1791336619114884 25972
341 1791336619130499 22686
342 1791336619155810 25307
343 1791336619170908 23177
344 1791336619196674 25763
345 1791336619218057 26271
346 1791336619235029 21199
347 1791336619249151 20753
348 1791336619275929 26868
349 1791336619292499 23469
350 1791336619308751 20464
351 1791336619333251 25399
352 1791336619354588 25302
353 1791336619376235 23243
354 1791336619392183 21364
355 1791336619416865 24678
356 1791336619434879 22211
357 1791336619454215 26069
358 1791336619474285 26258
359 1791336619496478 28948
360 1791336619516323 28695
361 1791336619537251 29547
362 1791336619547878 20415
363 1791336619569019 21139
364 1791336619594645 25623
365 1791336619618073 28237
366 1791336619635185 25690
367 1791336619655886 27234
368 1791336619673676 24740
369 1791336619696773 27982
370 1791336619715895 23520
371 1791336619731037 22345
372 1791336619759658 30670
373 1791336619777293 27971
374 1791336619795079 26888
375 1791336619817297 28383
376 1791336619837188 24783
377 1791336619852358 21023
378 1791336619867991 20437
379 1791336619896511 28516
380 1791336619916317 25449
381 1791336619932597 21770
382 1791336619948830 21081
383 1791336619970727 21894
384 1791336619996727 27763
385 1791336620017970 25532
386 1791336620038595 28222
387 1791336620056627 23452
388 1791336620073515 22667
389 1791336620095955 26246
390 1791336620114839 21225
391 1791336620129924 20959
392 1791336620150462 20636
393 1791336620172532 24352
394 1791336620196158 26429
395 1791336620218979 26379
396 1791336620229475 21167
397 1791336620253967 24902
398 1791336620271141 23369
399 1791336620293767 25519
400 1791336620312987 24675
401 1791336620337708 24718
402 1791336620356743 26601
403 1791336620375150 25479
404 1791336620397074 27839
405 1791336620417362 26804
406 1791336620442124 29286
407 1791336620456448 28698
408 1791336620478013 29614
409 1791336620497399 28117
410 1791336620519092 29990
411 1791336620539891 31660
412 1791336620558161 27023
413 1791336620578466 30489
414 1791336620607415 35497
415 1791336620618282 30300
416 1791336620636465 29047
417 1791336620659434 28120
418 1791336620676833 24510
419 1791336620699400 30041
420 1791336620716962 25909
421 1791336620736253 27624
422 1791336620758164 26915
423 1791336620782733 29090
424 1791336620803169 32198
425 1791336620819402 30105
426 1791336620835955 28582
427 1791336620867446 39572
428 1791336620880638 28703
429 1791336620897318 29869
430 1791336620923996 35701
431 1791336620935975 22930
432 1791336620957893 28273
433 1791336620977585 23130
434 1791336620997414 29199
435 1791336621018541 28535
436 1791336621037181 25709
437 1791336621057306 27454
438 1791336621078117 25609
439 1791336621097977 30166
440 1791336621119986 27205
441 1791336621138552 30264
442 1791336621159962 26602
443 1791336621179668 30799
444 1791336621197433 27116
445 1791336621220022 31749
446 1791336621234054 26058
447 1791336621258005 28886
448 1791336621277917 27360
449 1791336621297405 26832
450 1791336621316890 25311
451 1791336621329799 21974
452 1791336621361231 31430
453 1791336621385306 36339
454 1791336621399335 26117
455 1791336621426683 37657
456 1791336621438414 25676
457 1791336621458597 27794
458 1791336621476247 28578
459 1791336621498100 25939
460 1791336621517060 26793
461 1791336621536690 27740
462 1791336621560515 31417
463 1791336621577181 28561
464 1791336621593607 25695
465 1791336621617790 29043
466 1791336621637556 28184
467 1791336621656301 27543
468 1791336621680359 32130
469 1791336621698243 29272
470 1791336621717604 27196
471 1791336621737817 27381
472 1791336621758321 26361
473 1791336621778295 27159
474 1791336621798757 25248
475 1791336621818237 30354
476 1791336621838804 27983
477 1791336621867297 35975
478 1791336621877676 28519
479 1791336621897002 29702
480 1791336621918530 30582
481 1791336621947363 35682
482 1791336621969321 39729
483 1791336621989004 41637
484 1791336622023199 53875
485 1791336622037719 48704
486 1791336622059746 50020
487 1791336622078322 46715
488 1791336622093670 45561
489 1791336622127413 59246
490 1791336622149015 57937
491 1791336622178155 66378
492 1791336622189229 61772
493 1791336622207320 58303
494 1791336622236809 66247
495 1791336622247805 58572
496 1791336622272022 64700
497 1791336622297144 69121
498 1791336622311850 64042
499 1791336622339114 67089
500 1791336622360261 69333
501 1791336622377644 68594
502 1791336622405465 69718
503 1791336622421293 71735
504 1791336622446901 76425
505 1791336622460228 72107
506 1791336622476248 67478
507 1791336622503475 75708
508 1791336622525808 76864
509 1791336622542002 73458
510 1791336622559636 71897
511 1791336622586649 77979
512 1791336622598280 68453
513 1791336622624087 73697
514 1791336622638919 68275
515 1791336622658185 70440
516 1791336622690310 78634
517 1791336622706184 77715
518 1791336622727908 77604
519 1791336622748299 79628
520 1791336622777665 87371
521 1791336622782966 74865
522 1791336622812059 84149
523 1791336622831542 83436
524 1791336622857740 85173
525 1791336622879577 88585
526 1791336622899395 87330
527 1791336622918369 86821
528 1791336622937651 88427
529 1791336622958097 90155
530 1791336622977053 83608
531 1791336622992086 79195
532 1791336623013774 83220
533 1791336623028151 78767
534 1791336623047146 78142
535 1791336623070141 81481
536 1791336623087165 73386
537 1791336623099610 71453
538 1791336623127319 78283
539 1791336623138938 68791
540 1791336623157193 70021
541 1791336623178036 68282
542 1791336623196375 69052
543 1791336623217293 64588
544 1791336623230993 63482
545 1791336623249710 60934
546 1791336623267846 59481
547 1791336623278849 47853
548 1791336623298957 49241
549 1791336623309420 41603
550 1791336623326623 36711
551 1791336623346719 37851
552 1791336623357969 29627
553 1791336623376741 28381
554 1791336623396750 28582
555 1791336623414014 23618
556 1791336623441714 33277
557 1791336623458117 29197
558 1791336623482579 34694
559 1791336623502049 30395
560 1791336623518589 28512
561 1791336623542965 33835
562 1791336623558405 27358
563 1791336623582712 33469
564 1791336623605897 35033
565 1791336623626495 37495
566 1791336623641423 29472
567 1791336623658088 29630
568 1791336623677430 27008
569 1791336623702803 33496
570 1791336623718915 30494
571 1791336623745154 36735
572 1791336623761186 30822
573 1791336623777599 29264
574 1791336623801475 32715
575 1791336623817137 29018
576 1791336623840093 31615
577 1791336623858521 29170
578 1791336623878846 29561
579 1791336623900414 32170
580 1791336623917622 29067
581 1791336623942277 33119
582 1791336623961266 31550
583 1791336623979464 31950
584 1791336623998751 31054
585 1791336624018550 27203
586 1791336624040320 32113
587 1791336624060808 32926
588 1791336624078105 28414
589 1791336624101248 31199
590 1791336624116066 27183
591 1791336624144731 36313
592 1791336624163044 33439
593 1791336624188939 40594
594 1791336624199597 31054
595 1791336624216920 27974
596 1791336624231281 22242
597 1791336624261177 32174
598 1791336624276709 28810
599 1791336624307750 38548
600 1791336624319610 30240
601 1791336624340634 32951
602 1791336624357279 28874
603 1791336624386894 38116
604 1791336624397980 26707
605 1791336624423958 34658
606 1791336624437817 27980
607 1791336624461497 31911
608 1791336624482891 33606
609 1791336624499080 30840
610 1791336624513915 25109
611 1791336624537888 28698
612 1791336624554007 25531
613 1791336624578583 27339
614 1791336624597953 28057
615 1791336624622186 28674
616 1791336624638999 30727
617 1791336624655299 27846
618 1791336624677800 25760
619 1791336624705519 33763
620 1791336624716302 26214
621 1791336624738035 29776
622 1791336624760223 32549
623 1791336624779300 30351
624 1791336624796660 28616
625 1791336624827903 40492
626 1791336624842623 31688
627 1791336624855182 27271
628 1791336624881896 34123
629 1791336624899264 30595
630 1791336624922465 28915
631 1791336624934634 24328
632 1791336624963304 33884
633 1791336624980395 30862
634 1791336625000384 32509
635 1791336625015499 27770
636 1791336625037762 28972
637 1791336625058702 29888
638 1791336625076383 26494
639 1791336625098227 30252
640 1791336625113916 26055
641 1791336625136621 28467
642 1791336625162826 34362
643 1791336625186457 35341
644 1791336625197079 28921
645 1791336625219361 30389
646 1791336625237145 26476
647 1791336625259344 31416
648 1791336625278668 29424
649 1791336625297500 29450
650 1791336625319860 26959
651 1791336625335367 26627
652 1791336625357267 27570
653 1791336625378226 29046
654 1791336625403725 35760
655 1791336625427929 40479
656 1791336625457087 47368
657 1791336625476979 49046
658 1791336625510404 59905
659 1791336625518592 49545
660 1791336625547570 58859
661 1791336625577251 66843
662 1791336625591746 61498
663 1791336625618579 71004
664 1791336625637938 69583
665 1791336625662323 72264
666 1791336625689685 80120
667 1791336625717602 83418
668 1791336625742214 91649
669 1791336625757541 89988
670 1791336625785822 96133
671 1791336625808927 97816
672 1791336625827749 99117
673 1791336625847769 97064
674 1791336625873775 105665
675 1791336625897099 108781
676 1791336625909159 100223
677 1791336625935458 107703
678 1791336625950797 103023
679 1791336625972783 104593
680 1791336625988759 99286
681 1791336626017426 108258
682 1791336626037247 108647
683 1791336626056944 107901
684 1791336626072419 104273
685 1791336626093247 104479
686 1791336626107716 98358
687 1791336626129254 99690
688 1791336626148236 98352
689 1791336626167002 98554
690 1791336626192428 104318
691 1791336626197806 90081
692 1791336626212056 84186
693 1791336626241232 92992
694 1791336626256388 83197
695 1791336626270864 78429
696 1791336626292339 80935
697 1791336626313664 83509
698 1791336626326415 78535
699 1791336626336788 68927
700 1791336626360030 67685
701 1791336626380477 66808
702 1791336626396092 67611
703 1791336626411069 62456
704 1791336626416284 47036
705 1791336626438150 49765
706 1791336626448333 37572
707 1791336626458988 31036
708 1791336626477699 29363
709 1791336626502178 31227
710 1791336626518912 30900
711 1791336626538903 29739
712 1791336626564437 31847
713 1791336626587300 37912
714 1791336626599732 29389
715 1791336626618792 31488
716 1791336626642816 32934
717 1791336626659233 31049
718 1791336626670737 22723
719 1791336626698074 27332
720 1791336626719950 31323
721 1791336626746757 35011
722 1791336626757500 24545
723 1791336626778550 29708
724 1791336626797099 29056
725 1791336626818939 29189
726 1791336626838609 29956
727 1791336626859766 31551
728 1791336626888033 35922
729 1791336626903242 34138
730 1791336626914759 26714
731 1791336626943747 36104
732 1791336626959699 29683
733 1791336626981356 33062
734 1791336627009480 40531
735 1791336627023260 35248
736 1791336627036828 27720
737 1791336627066561 38628
738 1791336627078350 27888
739 1791336627100016 31450
740 1791336627111140 22108
741 1791336627140624 31163
742 1791336627155194 26590
743 1791336627183567 34256
744 1791336627200797 32758
745 1791336627223781 33865
746 1791336627242890 33170
747 1791336627261707 31123
748 1791336627277426 28343
749 1791336627318489 42939
750 1791336627323965 35845
751 1791336627343175 33706
752 1791336627362340 31989
753 1791336627380409 32158
754 1791336627396409 28551
755 1791336627411903 24396
756 1791336627437748 25839
757 1791336627459897 31118
758 1791336627480786 31721
759 1791336627501743 33557
760 1791336627516958 27280
761 1791336627539115 30613
762 1791336627559316 26005
763 1791336627576669 28039
764 1791336627597593 26904
765 1791336627622186 31634
766 1791336627639459 30271
767 1791336627661059 33230
768 1791336627679945 27783
769 1791336627697596 28920
770 1791336627725859 36777
771 1791336627741802 32006
772 1791336627757034 28652
773 1791336627777259 26689
774 1791336627805298 32383
775 1791336627818019 30090
776 1791336627838899 29800
777 1791336627856093 27739
778 1791336627876945 27871
779 1791336627898348 28409
780 1791336627920980 29161
781 1791336627938331 30501
782 1791336627960209 32108
783 1791336627975709 27219
784 1791336627997067 27021
785 1791336628016791 26999
786 1791336628037737 26347
787 1791336628058994 27911
788 1791336628081337 33228
789 1791336628101683 29476
790 1791336628118885 31045
791 1791336628138342 29830
792 1791336628162771 32446
793 1791336628181555 30609
794 1791336628195247 27255
795 1791336628216905 28624
796 1791336628238763 31073
797 1791336628265958 33003
798 1791336628276505 28667
799 1791336628297190 27924
800 1791336628311482 23634
801 1791336628337354 29578
802 1791336628357693 28162
803 1791336628375270 21945
804 1791336628398139 29081
805 1791336628419554 31840
806 1791336628445437 36778
807 1791336628460206 31352
808 1791336628478071 28911
809 1791336628501139 25795
810 1791336628518116 29385
811 1791336628537479 28890
812 1791336628555906 22514
813 1791336628578107 30173
814 1791336628596185 26620
815 1791336628616706 27578
816 1791336628638622 26965
817 1791336628666474 33956
818 1791336628679612 29557
819 1791336628699098 31372
820 1791336628716976 28199
821 1791336628738874 28428
822 1791336628758621 29356
823 1791336628777299 29139
824 1791336628802066 32166
825 1791336628817871 29513
826 1791336628834341 24813
827 1791336628856837 28120
828 1791336628880147 32137
829 1791336628897484 29422
830 1791336628917451 28590
831 1791336628936452 27431
832 1791336628956020 28193
833 1791336628979496 31712
834 1791336629004449 29952
835 1791336629016299 28574
836 1791336629038787 29990
837 1791336629060357 25559
838 1791336629082938 34918
839 1791336629095510 24419
840 1791336629122257 33649
841 1791336629139644 29374
842 1791336629156604 28679
843 1791336629176576 26532
844 1791336629199178 27959
845 1791336629226300 32967
846 1791336629248095 35335
847 1791336629264083 35357
848 1791336629289115 41056
849 1791336629317096 47674
850 1791336629336296 47178
851 1791336629357807 47595
852 1791336629379411 50771
853 1791336629403613 53001
854 1791336629436230 67103
855 1791336629449083 59536
856 1791336629476055 67096
857 1791336629496673 67263
858 1791336629527783 79264
859 1791336629547386 78160
860 1791336629566372 78102
861 1791336629586646 78556
862 1791336629601144 73358
863 1791336629628004 80616
864 1791336629646031 75136
865 1791336629666759 76387
866 1791336629696701 87027
867 1791336629708960 80953
868 1791336629729315 80551
869 1791336629752287 83489
870 1791336629779056 90425
871 1791336629797392 88428
872 1791336629808916 81493
873 1791336629835696 88095
874 1791336629864148 90968
875 1791336629880062 91156
876 1791336629899700 90779
877 1791336629912365 80814
878 1791336629932924 82404
879 1791336629950909 82580
880 1791336629976534 85561
881 1791336629990916 81972
882 1791336630011456 83791
883 1791336630025932 77843
884 1791336630052683 82737
885 1791336630068998 78078
886 1791336630087452 75993
887 1791336630097645 69336
888 1791336630126312 77525
889 1791336630136618 67616
890 1791336630154938 67482
891 1791336630178366 66282
892 1791336630193810 63384
893 1791336630211559 63175
894 1791336630232509 63565
895 1791336630246423 55713
896 1791336630267974 56412
897 1791336630286932 54420
898 1791336630297663 49915
899 1791336630317483 49506
900 1791336630332337 43759
901 1791336630347467 39182
902 1791336630363340 31000
903 1791336630378390 30916
904 1791336630397870 29861
905 1791336630418569 28922
906 1791336630443469 34774
907 1791336630461616 29961
908 1791336630474205 26608
909 1791336630506117 37887
910 1791336630525422 34627
911 1791336630538070 27805
912 1791336630556141 28294
913 1791336630573097 24327
914 1791336630595263 25477
915 1791336630617729 28526
916 1791336630641647 29719
917 1791336630659134 28806
918 1791336630678251 30157
919 1791336630697213 28111
920 1791336630717204 29685
921 1791336630738389 27564
922 1791336630760104 27031
923 1791336630776823 28250
924 1791336630801664 32869
925 1791336630818582 29098
926 1791336630837389 29280
927 1791336630858654 30126
928 1791336630876707 28768
929 1791336630902398 32516
930 1791336630913885 25231
931 1791336630936755 27518
932 1791336630957311 26096
933 1791336630977246 25825
934 1791336630997050 29096
935 1791336631018161 26698
936 1791336631038676 27058
937 1791336631067207 34779
938 1791336631086277 35948
939 1791336631091520 24309
940 1791336631116653 25129
941 1791336631138539 29296
942 1791336631158074 29707
943 1791336631175620 25217
944 1791336631197847 29609
945 1791336631219041 24422
946 1791336631235539 27468
947 1791336631255985 24531
948 1791336631281157 30066
949 1791336631298823 28887
950 1791336631310858 23239
951 1791336631337456 26594
952 1791336631358919 27176
953 1791336631381102 33158
954 1791336631398848 25582
955 1791336631420200 28917
956 1791336631446814 38482
957 1791336631459215 29884
958 1791336631477328 29247
959 1791336631499813 28556
960 1791336631517949 29836
961 1791336631539178 29601
962 1791336631559001 30656
963 1791336631576382 26157
964 1791336631597505 27534
965 1791336631617115 28188
966 1791336631639368 26972
967 1791336631657326 22376
968 1791336631676991 29082
969 1791336631694716 25623
970 1791336631715654 27180
971 1791336631738526 30323
972 1791336631757458 24669
973 1791336631779295 31449
974 1791336631800915 33002
975 1791336631816254 27642
976 1791336631838060 28225
977 1791336631856257 23963
978 1791336631877258 25869
979 1791336631902017 29684
980 1791336631913730 24066
981 1791336631938964 27571
982 1791336631957341 28972
983 1791336631977792 28783
984 1791336631998373 25921
985 1791336632021204 29156
986 1791336632037477 28924
987 1791336632063046 33796
988 1791336632073924 25395
989 1791336632098629 27701
990 1791336632117028 26163
991 1791336632137350 27149
992 1791336632160447 31818
993 1791336632177546 29789
994 1791336632196772 28815
995 1791336632217805 29804
996 1791336632246432 38307
997 1791336632257764 28926
998 1791336632280225 32155
999 1791336632301902 27928
1000 1791336632318601 31032
1001 1791336632340267 30628
1002 1791336632359433 30417
1003 1791336632376537 27671
1004 1791336632403316 34963
1005 1791336632417199 27145
1006 1791336632435872 25993
1007 1791336632459773 31638
1008 1791336632481575 30592
1009 1791336632506859 35663
1010 1791336632526996 39173
1011 1791336632552567 44173
1012 1791336632576182 47087
1013 1791336632603192 50622
1014 1791336632627419 55187
1015 1791336632641255 53438
1016 1791336632669036 61701
1017 1791336632691327 63905
1018 1791336632716012 67833
1019 1791336632737552 68513
1020 1791336632760709 69378
1021 1791336632776320 67415
1022 1791336632802870 73753
1023 1791336632827291 77981
1024 1791336632842987 75169
1025 1791336632868158 78051
1026 1791336632889302 80976
1027 1791336632896070 68776
1028 1791336632922684 74346
1029 1791336632945806 77646
1030 1791336632969925 80620
1031 1791336632988690 79947
1032 1791336633013970 85191
1033 1791336633030566 82150
1034 1791336633049620 79679
1035 1791336633067276 78576
1036 1791336633088402 79351
1037 1791336633107839 77269
1038 1791336633119929 71992
1039 1791336633148454 81176
1040 1791336633172227 84341
1041 1791336633189278 81432
1042 1791336633217400 88568
1043 1791336633238026 89570
1044 1791336633252691 80454
1045 1791336633267535 78248
1046 1791336633281988 74345
1047 1791336633310178 79835
1048 1791336633321642 71998
1049 1791336633343720 76180
1050 1791336633361654 71413
1051 1791336633377671 69168
1052 1791336633399414 70329
1053 1791336633421423 71661
1054 1791336633449358 76960
1055 1791336633460113 70267
1056 1791336633478051 67461
1057 1791336633499328 66577
1058 1791336633513719 64353
1059 1791336633530218 59886
1060 1791336633545570 55099
1061 1791336633566379 56503
1062 1791336633577089 46927
1063 1791336633591838 41535
1064 1791336633607724 38853
1065 1791336633628517 39411
1066 1791336633638698 30971
1067 1791336633662185 33666
1068 1791336633681349 31120
1069 1791336633700562 32418
1070 1791336633717248 29236
1071 1791336633739186 30724
1072 1791336633752663 24434
1073 1791336633781960 32985
1074 1791336633798994 30883
1075 1791336633818530 29646
1076 1791336633837367 26292
1077 1791336633857014 27566
1078 1791336633880978 33365
1079 1791336633906444 36707
1080 1791336633928092 33896
1081 1791336633938954 31104
1082 1791336633956492 28397
1083 1791336633980088 31246
1084 1791336634001846 32706
1085 1791336634017730 28816
1086 1791336634037750 27971
1087 1791336634056956 28481
1088 1791336634077621 29444
1089 1791336634098394 27264
1090 1791336634110709 22630
1091 1791336634147135 39128
1092 1791336634160373 29313
1093 1791336634182124 33643
1094 1791336634200298 31183
1095 1791336634217189 28341
1096 1791336634245549 33403
1097 1791336634257627 29752
1098 1791336634276743 26652
1099 1791336634297164 26939
1100 1791336634318151 28901
1101 1791336634334925 27597
1102 1791336634365171 36037
1103 1791336634377098 27815
1104 1791336634395147 23320
1105 1791336634420045 29633
1106 1791336634437279 27647
1107 1791336634458126 29015
1108 1791336634478063 30008
1109 1791336634496465 25304
1110 1791336634527658 37950
1111 1791336634538484 29708
1112 1791336634556713 29053
1113 1791336634579263 28129
1114 1791336634597140 22584
1115 1791336634617573 25150
1116 1791336634639154 27495
1117 1791336634656209 28264
1118 1791336634675907 27825
1119 1791336634696636 27295
1120 1791336634716746 27874
1121 1791336634738335 30231
1122 1791336634764922 36230
1123 1791336634777429 27971
1124 1791336634797687 26633
1125 1791336634817707 24992
1126 1791336634839041 29202
1127 1791336634856554 28492
1128 1791336634876772 28242
1129 1791336634897942 25589
1130 1791336634917955 29591
1131 1791336634937883 27901
1132 1791336634959253 27294
1133 1791336634977024 28972
1134 1791336634993617 25975
1135 1791336635017273 26520
1136 1791336635035451 27590
1137 1791336635056540 25678
1138 1791336635078413 27747
1139 1791336635098388 30403
1140 1791336635119136 25305
1141 1791336635137910 29011
1142 1791336635156794 27012
1143 1791336635178019 27486
1144 1791336635197898 28600
1145 1791336635222417 28928
1146 1791336635240611 31797
1147 1791336635257193 29588
1148 1791336635273350 24160
1149 1791336635301679 28325
1150 1791336635319145 30038
1151 1791336635337699 29752
1152 1791336635363340 34713
1153 1791336635378106 29650
1154 1791336635406965 38321
1155 1791336635419438 30149
1156 1791336635438365 29657
1157 1791336635459153 31397
1158 1791336635488865 39984
1159 1791336635510042 40203
1160 1791336635536244 47719
1161 1791336635536252 28036
1162 1791336635554953 26658
1163 1791336635575121 26724
1164 1791336635598637 29992
1165 1791336635608899 20534
1166 1791336635629651 21840
1167 1791336635653366 25068
1168 1791336635676152 26528
1169 1791336635696151 28471
1170 1791336635716380 27947
1171 1791336635733942 24980
1172 1791336635749088 21092
1173 1791336635775668 26577
1174 1791336635798914 30184
1175 1791336635818435 22770
1176 1791336635834123 22054
1177 1791336635854249 26329
1178 1791336635877449 23555
1179 1791336635901500 30521
1180 1791336635911983 21751
1181 1791336635936486 27719
1182 1791336635965066 28578
1183 1791336635975832 26385
1184 1791336635997397 25954
1185 1791336636017658 27756
1186 1791336636037528 24972
1187 1791336636056427 25049
1188 1791336636074003 26124
1189 1791336636089479 21362
1190 1791336636117756 28273
1191 1791336636137837 23969
1192 1791336636150835 21738
1193 1791336636175600 24761
1194 1791336636197843 28786
1195 1791336636216927 22435
1196 1791336636235325 26726
1197 1791336636259600 24270
1198 1791336636271771 22394
1199 1791336636295071 23296
1200 1791336636315738 26812
1201 1791336636333006 24537
1202 1791336636357293 28969
1203 1791336636376068 27699
1204 1791336636391989 24370
1205 1791336636416956 25441
1206 1791336636437068 26069
1207 1791336636453146 23985
1208 1791336636469000 20510
1209 1791336636496510 27507
1210 1791336636513942 21859
1211 1791336636531991 22398
1212 1791336636555845 25627
1213 1791336636569207 21024
1214 1791336636596148 27206
1215 1791336636615412 27651
1216 1791336636635777 26789
1217 1791336636652627 25055
1218 1791336636677152 24521
1219 1791336636697026 24220
1220 1791336636712208 23229
1221 1791336636733086 21245
1222 1791336636750242 22283
1223 1791336636771407 22253
1224 1791336636795635 27856
1225 1791336636812780 24212
1226 1791336636835123 22516
1227 1791336636856665 26601
1228 1791336636877616 26346
1229 1791336636897057 23717
1230 1791336636915898 21729
1231 1791336636930307 21877
1232 1791336636957148 26838
1233 1791336636976994 28643
1234 1791336636998577 27680
1235 1791336637014379 21745
1236 1791336637030881 22903
1237 1791336637056046 25161
1238 1791336637082337 30703
1239 1791336637098843 23859
1240 1791336637118668 28076
1241 1791336637137724 26507
1242 1791336637157149 25910
1243 1791336637178098 27030
1244 1791336637197053 27078
1245 1791336637216269 23118
1246 1791336637237472 24678
1247 1791336637249901 22327
1248 1791336637271129 21224
1249 1791336637297228 28403
1250 1791336637316353 23806
1251 1791336637336978 25874
1252 1791336637348633 20840
1253 1791336637376166 27517
1254 1791336637397822 26446
1255 1791336637412817 22628
1256 1791336637429941 21027
1257 1791336637452693 23871
1258 1791336637476128 27261
1259 1791336637493361 24665
1260 1791336637516067 24575
1261 1791336637538035 27461
1262 1791336637557759 25006
1263 1791336637571000 22007
1264 1791336637594076 25193
1265 1791336637611850 22602
1266 1791336637635815 23961
1267 1791336637654305 25489
1268 1791336637675016 26014
1269 1791336637690128 21149
1270 1791336637720344 30214
1271 1791336637740926 26630
1272 1791336637756068 28398
1273 1791336637775124 26622
1274 1791336637789726 20847
1275 1791336637816172 26444
1276 1791336637837659 28130
1277 1791336637858463 25003
1278 1791336637879572 29070
1279 1791336637896609 22823
1280 1791336637914247 25420
1281 1791336637929059 20926
1282 1791336637948356 20454
1283 1791336637975638 28133
1284 1791336637996486 28276
1285 1791336638015840 27541
1286 1791336638030621 22551
1287 1791336638058065 27808
1288 1791336638075856 23127
1289 1791336638097707 27930
1290 1791336638117072 25460
1291 1791336638132215 21016
1292 1791336638156311 24093
1293 1791336638176203 26717
1294 1791336638195892 26989
1295 1791336638212572 23783
1296 1791336638239772 30652
1297 1791336638257006 23542
1298 1791336638277053 26069
1299 1791336638296203 25266
1300 1791336638309375 20948
1301 1791336638335144 25763
1302 1791336638349073 20756
1303 1791336638370445 21369
1304 1791336638396215 25886
1305 1791336638408846 21070
1306 1791336638435264 26414
1307 1791336638456744 27705
1308 1791336638475774 25557
1309 1791336638493396 24825
1310 1791336638508729 20339
1311 1791336638539015 31392
1312 1791336638549352 21090
1313 1791336638576099 26743
1314 1791336638593094 24407
1315 1791336638618681 28849
1316 1791336638638374 22773
1317 1791336638649055 20933
1318 1791336638673288 24230
1319 1791336638693026 24105
1320 1791336638715364 22832
1321 1791336638736449 26064
1322 1791336638763573 33929
1323 1791336638784180 32028
1324 1791336638801976 34050
1325 1791336638817231 29693
1326 1791336638838262 28569
1327 1791336638866196 32135
1328 1791336638871176 23705
1329 1791336638896914 29191
1330 1791336638921870 33982
1331 1791336638938187 29459
1332 1791336638965507 35649
1333 1791336638976865 28513
1334 1791336639012760 42700
1335 1791336639026432 37304
1336 1791336639043659 31173
1337 1791336639062858 34987
1338 1791336639077239 29387
1339 1791336639097142 28041
1340 1791336639126631 33622
1341 1791336639145762 36769
1342 1791336639157830 29857
1343 1791336639181197 30633
1344 1791336639199048 30126
1345 1791336639218703 30656
1346 1791336639245246 36896
1347 1791336639263364 35339
1348 1791336639293475 43946
1349 1791336639305099 35732
1350 1791336639323002 29524
1351 1791336639348683 39585
1352 1791336639372948 41854
1353 1791336639401608 52921
1354 1791336639410365 37413
1355 1791336639421682 32425
1356 1791336639446450 37088
1357 1791336639465660 37132
1358 1791336639487849 39669
1359 1791336639512802 44735
1360 1791336639528181 40329
1361 1791336639546266 33461
1362 1791336639574800 46615
1363 1791336639588009 38924
1364 1791336639609409 35154
1365 1791336639627998 39974
1366 1791336639650310 41409
1367 1791336639668349 40347
1368 1791336639689046 40212
1369 1791336639707597 40134
1370 1791336639731781 42732
1371 1791336639748791 41191
1372 1791336639769175 39955
1373 1791336639796783 48187
1374 1791336639810566 41388
1375 1791336639832543 44959
1376 1791336639856873 47061
1377 1791336639880541 51813
1378 1791336639897201 48553
1379 1791336639917532 48540
1380 1791336639938058 50006
1381 1791336639967699 59631
1382 1791336639981261 52961
1383 1791336640003233 53657
1384 1791336640021978 54277
1385 1791336640038947 50237
1386 1791336640064538 56613
1387 1791336640079810 51054
1388 1791336640097307 49228
1389 1791336640123175 55320
1390 1791336640138700 49493
1391 1791336640157126 49518
1392 1791336640179220 50970
1393 1791336640201095 50859
1394 1791336640229240 55977
1395 1791336640246294 56874
1396 1791336640272034 62970
1397 1791336640288905 59662
1398 1791336640308189 55903
1399 1791336640340500 68462
1400 1791336640355597 66689
1401 1791336640362093 53899
1402 1791336640381969 52875
1403 1791336640401003 53024
1404 1791336640431656 63014
1405 1791336640442094 52801
1406 1791336640467671 57716
1407 1791336640491583 61840
1408 1791336640514560 66140
1409 1791336640535747 68070
1410 1791336640559060 68129
1411 1791336640582111 74410
1412 1791336640599619 66159
1413 1791336640619122 69494
1414 1791336640625574 57169
1415 1791336640655968 66636
1416 1791336640670339 61773
1417 1791336640696649 68529
1418 1791336640718169 68766
1419 1791336640730135 61282
1420 1791336640759249 70169
1421 1791336640770171 61875
1422 1791336640800420 71940
1423 1791336640819384 70277
1424 1791336640853174 83125
1425 1791336640855024 66851
1426 1791336640877675 69715
1427 1791336640899758 71864
1428 1791336640929405 76228
1429 1791336640946151 73370
1430 1791336640957402 61522
1431 1791336640978872 70129
1432 1791336640997812 68405
1433 1791336641010815 62189
1434 1791336641041355 72173
1435 1791336641050012 60540
1436 1791336641087594 79284
1437 1791336641088438 58533
1438 1791336641117571 69471
1439 1791336641135459 66012
1440 1791336641158667 71069
1441 1791336641176452 68189
1442 1791336641209603 78233
1443 1791336641216385 68355
1444 1791336641246353 78180
1445 1791336641258490 70422
1446 1791336641282495 72888
1447 1791336641300017 71254
1448 1791336641330512 82293
1449 1791336641346037 77885
1450 1791336641364312 76509
1451 1791336641394934 86694
1452 1791336641410501 80148
1453 1791336641426046 77324
1454 1791336641447922 78154
1455 1791336641459434 71095
1456 1791336641487001 76573
1457 1791336641507592 79285
1458 1791336641516367 68442
1459 1791336641555630 81586
1460 1791336641568251 78679
1461 1791336641587154 79559
1462 1791336641597835 69758
1463 1791336641608448 59707
1464 1791336641626608 58354
1465 1791336641658360 68405
1466 1791336641673264 64812
1467 1791336641695392 67556
1468 1791336641710063 60911
1469 1791336641728041 55989
1470 1791336641737054 43748
1471 1791336641757668 49080
1472 1791336641775647 47604
1473 1791336641795875 47077
1474 1791336641811766 42857
1475 1791336641835263 44166
1476 1791336641839230 28270
1477 1791336641857509 28141
1478 1791336641872406 24523
1479 1791336641903764 35919
1480 1791336641916916 28676
1481 1791336641936213 27315
1482 1791336641960594 31630
1483 1791336641989749 42190
1484 1791336641999485 30702
1485 1791336642025450 35698
1486 1791336642038867 26472
1487 1791336642052196 24584
1488 1791336642085867 35156
1489 1791336642100235 30260
1490 1791336642115233 26142
1491 1791336642153542 42553
1492 1791336642167097 33692
1493 1791336642195185 41639
1494 1791336642199834 30960
1495 1791336642215046 26550
1496 1791336642238967 30336
1497 1791336642261155 29607
1498 1791336642276668 27289
1499 1791336642305198 36541
1500 1791336642316603 28492
1501 1791336642355200 44245
1502 1791336642368181 39058
1503 1791336642386276 38118
1504 1791336642404058 35873
1505 1791336642424024 36267
1506 1791336642436344 26568
1507 1791336642458964 30133
1508 1791336642484379 33412
1509 1791336642503214 33638
1510 1791336642525336 36285
1511 1791336642548027 38581
1512 1791336642560192 29657
1513 1791336642580009 31968
1514 1791336642599099 30581
1515 1791336642637002 47957
1516 1791336642649067 36523
1517 1791336642673846 44351
1518 1791336642687703 39243
1519 1791336642719795 45947
1520 1791336642728190 40483
1521 1791336642745131 35881
1522 1791336642769427 41234
1523 1791336642788324 39083
1524 1791336642817789 50118
1525 1791336642829205 40876
1526 1791336642848049 35984
1527 1791336642867526 38318
1528 1791336642885094 37042
1529 1791336642913230 45701
1530 1791336642937260 48377
1531 1791336642951325 38093
1532 1791336642976877 47662
1533 1791336642998046 49246
1534 1791336643023759 51347
1535 1791336643036481 48183
1536 1791336643048764 40166
1537 1791336643080402 48252
1538 1791336643099634 50866
1539 1791336643123870 55345
1540 1791336643134472 46016
1541 1791336643153473 43335
1542 1791336643176935 48677
1543 1791336643193838 45805
1544 1791336643217931 50354
1545 1791336643236663 45869
1546 1791336643268685 59224
1547 1791336643284936 56892
1548 1791336643308509 60333
1549 1791336643317445 49954
1550 1791336643338004 48854
1551 1791336643357776 50058
1552 1791336643386224 57531
1553 1791336643399355 51151
1554 1791336643419380 50269
1555 1791336643446300 53636
1556 1791336643472618 60846
1557 1791336643485443 57335
1558 1791336643517202 65123
1559 1791336643523350 50903
1560 1791336643539175 50432
1561 1791336643565310 55646
1562 1791336643587560 59578
1563 1791336643605226 54800
1564 1791336643619270 50692
1565 1791336643637959 50396
1566 1791336643666820 57732
1567 1791336643697051 64366
1568 1791336643707998 59575
1569 1791336643725435 56837
1570 1791336643741963 52911
1571 1791336643768101 60101
1572 1791336643795628 67466
1573 1791336643811379 62325
1574 1791336643827400 59296
1575 1791336643849202 59779
1576 1791336643874176 64664
1577 1791336643889307 61906
1578 1791336643917334 68376
1579 1791336643925463 51282
1580 1791336643938353 50891
1581 1791336643973492 62406
1582 1791336643987237 57997
1583 1791336644013987 60399
1584 1791336644027188 59156
1585 1791336644047239 59999
1586 1791336644077063 64201
1587 1791336644089121 61930
1588 1791336644099744 52489
1589 1791336644129435 61772
1590 1791336644148876 59751
1591 1791336644171156 62503
1592 1791336644191810 62371
1593 1791336644206304 57422
1594 1791336644229607 60671
1595 1791336644255065 63373
1596 1791336644265628 58030
1597 1791336644295661 67712
1598 1791336644309366 61212
1599 1791336644333084 61336
1600 1791336644345214 56778
1601 1791336644379785 70416
1602 1791336644384651 56816
1603 1791336644413465 65779
1604 1791336644428382 59714
1605 1791336644442316 54446
1606 1791336644470431 62259
1607 1791336644486171 57787
1608 1791336644505198 57571
1609 1791336644528049 59978
1610 1791336644553340 65024
1611 1791336644567801 59156
1612 1791336644592564 64512
1613 1791336644614184 65162
1614 1791336644625724 57921
1615 1791336644641026 51577
1616 1791336644660418 47638
1617 1791336644672394 44204
1618 1791336644697176 48060
1619 1791336644718792 50679
1620 1791336644744536 51331
1621 1791336644760102 52147
1622 1791336644774276 43238
1623 1791336644787745 39742
1624 1791336644815497 42404
1625 1791336644830812 43063
1626 1791336644851582 41484
1627 1791336644873805 45812
1628 1791336644890157 38572
1629 1791336644898838 30384
1630 1791336644924135 33973
1631 1791336644942254 30508
1632 1791336644955018 26647
1633 1791336644978145 30197
1634 1791336644999101 29969
1635 1791336645022215 30056
1636 1791336645042658 34033
1637 1791336645063129 35582
1638 1791336645075998 26591
1639 1791336645108994 39851
1640 1791336645119942 29985
1641 1791336645137970 28972
1642 1791336645156757 28144
1643 1791336645182065 32639
1644 1791336645201349 32981
1645 1791336645218685 30335
1646 1791336645238545 30493
1647 1791336645268342 40409
1648 1791336645277389 29407
1649 1791336645308646 40301
1650 1791336645321943 33915
1651 1791336645343142 34492
1652 1791336645357389 27000
1653 1791336645377022 26811
1654 1791336645402211 34057
1655 1791336645417843 29359
1656 1791336645446185 38083
1657 1791336645465174 34525
1658 1791336645494239 41963
1659 1791336645508005 37150
1660 1791336645516008 27752
1661 1791336645545476 37449
1662 1791336645561151 32598
1663 1791336645578568 29551
1664 1791336645605935 33486
1665 1791336645614079 25200
1666 1791336645639027 30877
1667 1791336645657198 25574
1668 1791336645678418 29287
1669 1791336645697426 28497
1670 1791336645716129 28198
1671 1791336645736958 29032
1672 1791336645763213 34646
1673 1791336645778476 29286
1674 1791336645798909 30928
1675 1791336645812262 23195
1676 1791336645854971 44896
1677 1791336645868488 37738
1678 1791336645879341 31163
1679 1791336645906614 38122
1680 1791336645931543 40281
1681 1791336645946985 37587
1682 1791336645965744 34197
1683 1791336645986434 37672
1684 1791336646012851 44940
1685 1791336646034071 45306
1686 1791336646046485 33631
1687 1791336646059706 30201
1688 1791336646078462 29210
1689 1791336646115757 43506
1690 1791336646116691 28889
1691 1791336646153524 43779
1692 1791336646165615 33026
1693 1791336646187137 33609
1694 1791336646208179 39030
1695 1791336646228978 39701
1696 1791336646246750 38569
1697 1791336646269868 40886
1698 1791336646295376 44069
1699 1791336646306122 38355
1700 1791336646337797 49708
1701 1791336646348730 39980
1702 1791336646370660 39749
1703 1791336646395116 46383
1704 1791336646416450 47092
1705 1791336646438810 50732
1706 1791336646461233 52062
1707 1791336646468475 33891
1708 1791336646487433 36725
1709 1791336646510253 41774
1710 1791336646536150 48711
1711 1791336646549450 40956
1712 1791336646574232 42319
1713 1791336646596118 46664
1714 1791336646607919 39871
1715 1791336646637049 47593
1716 1791336646647211 39288
1717 1791336646671599 42953
1718 1791336646686600 39386
1719 1791336646707099 39771
1720 1791336646717711 26088
1721 1791336646755146 45530
1722 1791336646762441 32531
1723 1791336646781232 33251
1724 1791336646809133 36574
1725 1791336646827706 40199
1726 1791336646847283 39160
1727 1791336646861963 34254
1728 1791336646884529 37242
1729 1791336646911270 43078
1730 1791336646919809 31390
1731 1791336646946908 35635
1732 1791336646962075 34020
1733 1791336646989057 39655
1734 1791336647013272 42637
1735 1791336647035547 46480
1736 1791336647047946 36283
1737 1791336647069193 41270
1738 1791336647096543 48592
1739 1791336647102961 33764
1740 1791336647128151 39016
1741 1791336647146636 38095
1742 1791336647171309 43155
1743 1791336647187680 38301
1744 1791336647214257 42944
1745 1791336647230841 43154
1746 1791336647258186 48713
1747 1791336647284424 53579
1748 1791336647300633 50655
1749 1791336647316949 47616
1750 1791336647331438 42903
1751 1791336647347308 39539
1752 1791336647372496 41055
1753 1791336647398501 51190
1754 1791336647414260 46532
1755 1791336647428196 39222
1756 1791336647459053 48774
1757 1791336647477353 49154
1758 1791336647500475 47426
1759 1791336647509076 40361
1760 1791336647535470 47488
1761 1791336647557994 50028
1762 1791336647568300 38437
1763 1791336647597255 45978
1764 1791336647617402 49177
1765 1791336647635959 47083
1766 1791336647662629 54692
1767 1791336647685043 52846
1768 1791336647691114 40486
1769 1791336647719455 51038
1770 1791336647737223 46105
1771 1791336647761276 51273
1772 1791336647776367 47661
1773 1791336647797008 48602
1774 1791336647833990 66132
1775 1791336647839756 51716
1776 1791336647858963 50732
1777 1791336647888387 54393
1778 1791336647893494 45540
1779 1791336647917249 48801
1780 1791336647936605 48214
1781 1791336647956907 47763
1782 1791336647982560 54679
1783 1791336648006007 55375
1784 1791336648017044 48992
1785 1791336648040084 51179
1786 1791336648059614 50648
1787 1791336648086454 56259
1788 1791336648099152 50645
1789 1791336648137569 66677
1790 1791336648146676 58644
1791 1791336648172763 63212
1792 1791336648179773 52014
1793 1791336648209447 59487
1794 1791336648226211 53440
1795 1791336648236568 47918
1796 1791336648262893 53443
1797 1791336648280449 52264
1798 1791336648307063 56310
1799 1791336648331691 62056
1800 1791336648343114 55244
1801 1791336648365243 56386
1802 1791336648388474 57584
1803 1791336648403205 54040
1804 1791336648424218 56261
1805 1791336648448164 59688
1806 1791336648467007 56145
1807 1791336648488154 60010
1808 1791336648521177 73008
1809 1791336648528142 55108
1810 1791336648547752 59582
1811 1791336648577372 69135
1812 1791336648592971 64827
1813 1791336648606542 58786
1814 1791336648640168 68897
1815 1791336648659165 71026
1816 1791336648685102 76374
1817 1791336648709122 73752
1818 1791336648721294 67753
1819 1791336648736290 60924
1820 1791336648751526 62409
1821 1791336648779049 71501
1822 1791336648799823 70984
1823 1791336648819264 69192
1824 1791336648841278 73644
1825 1791336648869379 80874
1826 1791336648886341 73137
1827 1791336648888382 60878
1828 1791336648917230 68161
1829 1791336648938396 69013
1830 1791336648956347 67962
1831 1791336648976670 68997
1832 1791336648991045 62986
1833 1791336649021178 71950
1834 1791336649040209 67799
1835 1791336649058438 69798
1836 1791336649073588 64689
1837 1791336649103293 75846
1838 1791336649121153 72043
1839 1791336649153421 80649
1840 1791336649158949 70089
1841 1791336649186903 79326
1842 1791336649215152 86194
1843 1791336649233766 84620
1844 1791336649248226 78022
1845 1791336649269109 81026
1846 1791336649276243 67818
1847 1791336649305344 71573
1848 1791336649322235 73987
1849 1791336649347523 78532
1850 1791336649353628 65227
1851 1791336649379724 71131
1852 1791336649398003 61314
1853 1791336649419797 72269
1854 1791336649446825 72347
1855 1791336649463193 74166
1856 1791336649485504 76111
1857 1791336649501651 73505
1858 1791336649514533 65931
1859 1791336649530239 61520
1860 1791336649544468 55933
1861 1791336649564159 56398
1862 1791336649586366 58400
1863 1791336649606037 58178
1864 1791336649620403 52540
1865 1791336649635895 47561
1866 1791336649656294 46957
1867 1791336649667579 39005
1868 1791336649694393 43926
1869 1791336649706241 38659
1870 1791336649720921 32433
1871 1791336649737358 27537
1872 1791336649752896 24757
1873 1791336649775604 27478
1874 1791336649806290 37893
1875 1791336649818705 30426
1876 1791336649844271 36099
1877 1791336649860828 32475
1878 1791336649887994 38379
1879 1791336649901404 30865
1880 1791336649920230 32227
1881 1791336649938580 30116
1882 1791336649956553 27720
1883 1791336649981784 33767
1884 1791336650003437 33813
1885 1791336650015816 27886
1886 1791336650048715 38667
1887 1791336650054353 25354
1888 1791336650087202 38483
1889 1791336650105563 31960
1890 1791336650129185 41936
1891 1791336650146530 35944
1892 1791336650169826 41732
1893 1791336650186156 38096
1894 1791336650219402 49573
1895 1791336650230047 40038
1896 1791336650253735 38415
1897 1791336650271022 40970
1898 1791336650297769 46774
1899 1791336650297774 26741
1900 1791336650324374 34810
1901 1791336650341173 30580
1902 1791336650359063 30973
1903 1791336650393416 44918
1904 1791336650396110 27053
1905 1791336650431784 41239
1906 1791336650432714 23878
1907 1791336650458960 27482
1908 1791336650478682 30801
1909 1791336650518737 47066
1910 1791336650525756 32040
1911 1791336650541471 33107
1912 1791336650563076 32782
1913 1791336650587477 36571
1914 1791336650607744 37535
1915 1791336650627620 40139
1916 1791336650649150 41402
1917 1791336650662821 35193
1918 1791336650688583 39427
1919 1791336650703499 34206
1920 1791336650723382 34785
1921 1791336650741156 32597
1922 1791336650772974 43489
1923 1791336650790916 41602
1924 1791336650801837 28855
1925 1791336650828114 39027
1926 1791336650847330 34189
1927 1791336650862215 34097
1928 1791336650899674 52339
1929 1791336650921626 44004
1930 1791336650935978 40136
1931 1791336650942924 34762
1932 1791336650967069 32243
1933 1791336651007868 40790
1934 1791336651009457 38735
1935 1791336651024843 36781
1936 1791336651047136 39263
1937 1791336651065857 37857
1938 1791336651088984 39225
1939 1791336651110003 41276
1940 1791336651128769 39779
1941 1791336651158205 48198
1942 1791336651163199 34428
1943 1791336651189805 40918
1944 1791336651220082 51183
1945 1791336651235119 45304
1946 1791336651247411 34753
1947 1791336651275303 44923
1948 1791336651288904 41489
1949 1791336651317347 48855
1950 1791336651329383 41675
1951 1791336651356373 46351
1952 1791336651375173 47509
1953 1791336651387026 39355
1954 1791336651426368 57523
1955 1791336651435830 46141
1956 1791336651464037 55822
1957 1791336651477838 48694
1958 1791336651503384 55019
1959 1791336651518776 50148
1960 1791336651538791 50659
1961 1791336651567141 58024
1962 1791336651589998 58661
1963 1791336651599825 51614
1964 1791336651618179 45167
1965 1791336651641954 51952
1966 1791336651651441 38761
1967 1791336651676626 47530
1968 1791336651705215 54551
1969 1791336651718521 49332
1970 1791336651738873 50888
1971 1791336651763554 55967
1972 1791336651785830 52815
1973 1791336651809224 60049
1974 1791336651826261 58265
1975 1791336651847778 58893
1976 1791336651855719 46826
1977 1791336651887223 55704
1978 1791336651910613 62832
1979 1791336651926904 55083
1980 1791336651939285 52059
1981 1791336651971435 60819
1982 1791336651989364 59416
1983 1791336652016436 62889
1984 1791336652042331 72006
1985 1791336652056314 68203
1986 1791336652074423 66890
1987 1791336652094824 66505
1988 1791336652114766 64940
1989 1791336652137967 69896
1990 1791336652161751 68763
1991 1791336652178233 70124
1992 1791336652183816 55984
1993 1791336652209383 60772
1994 1791336652226083 57802
1995 1791336652247297 57250
1996 1791336652269833 60446
1997 1791336652288375 58698
1998 1791336652310513 63213
1999 1791336652328142 58751
2000 1791336652348801 60423
2001 1791336652367231 56715
2002 1791336652389815 61671
2003 1791336652414561 65758
2004 1791336652427882 60647
2005 1791336652459163 69345
2006 1791336652477468 69409
2007 1791336652498035 70151
2008 1791336652510151 61122
2009 1791336652537143 68520
2010 1791336652561257 72756
2011 1791336652582562 73581
2012 1791336652600446 65822
2013 1791336652620884 67496
2014 1791336652635183 66197
2015 1791336652650751 61565
2016 1791336652664036 55972
2017 1791336652689023 61016
2018 1791336652717777 69539
2019 1791336652736671 67066
2020 1791336652757983 68957
2021 1791336652786417 76479
2022 1791336652800999 72815
2023 1791336652834609 84567
2024 1791336652847263 78522
2025 1791336652870369 80874
2026 1791336652887279 77051
2027 1791336652907754 73139
2028 1791336652911328 64062
2029 1791336652936233 65859
2030 1791336652958942 71658
2031 1791336652983323 75564
2032 1791336652998822 64107
2033 1791336653031112 79257
2034 1791336653036790 67598
2035 1791336653063654 74611
2036 1791336653083230 73608
2037 1791336653111608 80484
2038 1791336653116385 68013
2039 1791336653148851 78813
2040 1791336653184597 96297
2041 1791336653201384 89769
2042 1791336653211629 83681
2043 1791336653224400 75543
2044 1791336653231099 57259
2045 1791336653244735 53615
2046 1791336653270196 58561
2047 1791336653290928 62715
2048 1791336653301235 53038
2049 1791336653331714 61511
2050 1791336653350141 59207
2051 1791336653361095 49026
2052 1791336653381481 49764
2053 1791336653390111 41773
2054 1791336653410008 40850
2055 1791336653427994 39020
2056 1791336653445929 35917
2057 1791336653459351 31353
2058 1791336653483665 32652
2059 1791336653500953 32073
2060 1791336653514108 26319
2061 1791336653538044 27799
2062 1791336653559872 27148
2063 1791336653570337 21854
2064 1791336653608027 38178
2065 1791336653623624 34055
2066 1791336653636872 28840
2067 1791336653667601 37189
2068 1791336653688749 40511
2069 1791336653692127 24520
2070 1791336653727984 39230
2071 1791336653739952 26319
2072 1791336653761529 33543
2073 1791336653776859 26587
2074 1791336653797382 28729
2075 1791336653826013 37681
2076 1791336653839380 31578
2077 1791336653867490 38020
2078 1791336653886139 31944
2079 1791336653904867 37370
2080 1791336653916696 26563
2081 1791336653944904 35449
2082 1791336653954119 25990
2083 1791336653985150 36409
2084 1791336654006473 35845
2085 1791336654019436 30604
2086 1791336654045744 37561
2087 1791336654058619 30997
2088 1791336654096005 44439
2089 1791336654102009 31744
2090 1791336654114474 25765
2091 1791336654148379 36364
2092 1791336654167352 34357
2093 1791336654180869 32485
2094 1791336654198198 30840
2095 1791336654227478 38825
2096 1791336654232360 23222
2097 1791336654252854 25368
2098 1791336654297163 49247
2099 1791336654306501 36310
2100 1791336654318999 25084
2101 1791336654346924 39244
2102 1791336654364717 35948
2103 1791336654385638 36486
2104 1791336654399310 29566
2105 1791336654426867 36150
2106 1791336654452601 41449
2107 1791336654463304 35023
2108 1791336654479068 26461
2109 1791336654507329 38589
2110 1791336654527833 38941
2111 1791336654532128 24796
2112 1791336654554119 26651
2113 1791336654582301 31446
2114 1791336654602469 30935
2115 1791336654620597 32921
2116 1791336654641445 32107
2117 1791336654668188 40317
2118 1791336654683126 34185
2119 1791336654700839 32647
2120 1791336654718204 28960
2121 1791336654736743 27943
2122 1791336654759856 31255
2123 1791336654785788 31870
2124 1791336654799419 29119
2125 1791336654818051 29369
2126 1791336654842261 32915
2127 1791336654858745 29614
2128 1791336654891896 40782
2129 1791336654898285 29058
2130 1791336654921295 29395
2131 1791336654936650 26026
2132 1791336654966463 38047
2133 1791336654978004 28595
2134 1791336655000791 31854
2135 1791336655034641 43832
2136 1791336655053819 39326
2137 1791336655076775 42752
2138 1791336655085970 37129
2139 1791336655101489 33208
2140 1791336655119422 31095
2141 1791336655154927 41389
2142 1791336655169468 36725
2143 1791336655182181 27250
2144 1791336655205009 36266
2145 1791336655232455 41309
2146 1791336655251974 37008
2147 1791336655272885 40425
2148 1791336655295660 43680
2149 1791336655312993 40099
2150 1791336655332882 37194
2151 1791336655352553 39555
2152 1791336655368181 39280
2153 1791336655389335 36777
2154 1791336655406882 38694
2155 1791336655425627 37475
2156 1791336655458331 49386
2157 1791336655477651 49595
2158 1791336655495755 46919
2159 1791336655519947 52187
2160 1791336655522560 34582
2161 1791336655553347 42610
2162 1791336655575139 45735
2163 1791336655598199 45128
2164 1791336655615134 43578
2165 1791336655634695 44982
2166 1791336655650642 43235
2167 1791336655669018 39496
2168 1791336655687693 38224
2169 1791336655711930 43094
2170 1791336655732151 44455
2171 1791336655753126 41997
2172 1791336655789138 60820
2173 1791336655816281 63152
2174 1791336655816305 47540
2175 1791336655833717 44575
2176 1791336655853494 37210
2177 1791336655876335 47468
2178 1791336655898777 46176
2179 1791336655913707 44743
2180 1791336655934171 45018
2181 1791336655960309 51025
2182 1791336655984382 55349
2183 1791336655997407 49342
2184 1791336656025948 55368
2185 1791336656058335 68819
2186 1791336656071444 56577
2187 1791336656093418 63936
2188 1791336656099353 51587
2189 1791336656130184 58734
2190 1791336656141221 48582
2191 1791336656165931 57241
2192 1791336656183674 53486
2193 1791336656201400 53479
2194 1791336656226677 56883
2195 1791336656237345 47709
2196 1791336656270504 60930
2197 1791336656281325 52214
2198 1791336656311100 62300
2199 1791336656327647 57130
2200 1791336656350357 61134
2201 1791336656369245 60338
2202 1791336656380709 53059
2203 1791336656406871 58939
2204 1791336656435845 66595
2205 1791336656451367 57279
2206 1791336656464296 53746
2207 1791336656487275 59426
2208 1791336656508865 58811
2209 1791336656526398 57114
2210 1791336656546518 59238
2211 1791336656573372 64502
2212 1791336656590200 62077
2213 1791336656621830 73866
2214 1791336656647718 75982
2215 1791336656668112 79143
2216 1791336656679538 62541
2217 1791336656691537 62557
2218 1791336656708229 60498
2219 1791336656734386 66268
2220 1791336656748114 59933
2221 1791336656777339 69197
2222 1791336656790178 60566
2223 1791336656816303 68185
2224 1791336656841122 71795
2225 1791336656857515 69720
2226 1791336656882140 74428
2227 1791336656897646 63966
2228 1791336656915737 65586
2229 1791336656936839 62582
2230 1791336656959996 69850
2231 1791336656988325 78617
2232 1791336656988348 60175
2233 1791336657027119 77653
2234 1791336657035388 59728
2235 1791336657051170 62840
2236 1791336657065104 57092
2237 1791336657089235 59740
2238 1791336657117757 69418
2239 1791336657134753 66096
2240 1791336657155960 67318
2241 1791336657168512 59803
2242 1791336657200919 69832
2243 1791336657221864 70446
2244 1791336657237333 68815
2245 1791336657250520 61106
2246 1791336657265389 55384
2247 1791336657303384 71965
2248 1791336657311265 60738
2249 1791336657348147 78862
2250 1791336657357167 65696
2251 1791336657378920 67643
2252 1791336657399894 65108
2253 1791336657418509 70350
2254 1791336657436242 65929
2255 1791336657460782 69280
2256 1791336657480044 67030
2257 1791336657497837 68886
2258 1791336657511997 63938
2259 1791336657530850 62171
2260 1791336657560920 71065
2261 1791336657580297 68292
2262 1791336657598911 68726
2263 1791336657616076 66762
2264 1791336657635051 65779
2265 1791336657663029 74450
2266 1791336657677470 66361
2267 1791336657695785 63752
2268 1791336657714282 65874
2269 1791336657738046 66300
2270 1791336657745148 56928
2271 1791336657774068 64559
2272 1791336657788514 56737
2273 1791336657808076 58350
2274 1791336657833741 59669
2275 1791336657859861 71344
2276 1791336657869168 61089
2277 1791336657895177 62478
2278 1791336657919520 63790
2279 1791336657925355 56320
2280 1791336657948131 60096
2281 1791336657957764 48021
2282 1791336657986554 57538
2283 1791336658005702 57568
2284 1791336658021929 52485
2285 1791336658041621 52651
2286 1791336658048820 39618
2287 1791336658069239 40501
2288 1791336658082586 34624
2289 1791336658098036 28794
2290 1791336658120728 30701
2291 1791336658141950 32443
2292 1791336658163385 35334
2293 1791336658181076 30090
2294 1791336658198326 29809
2295 1791336658216754 28301
2296 1791336658234342 26177
2297 1791336658255290 27166
2298 1791336658285511 37333
2299 1791336658305188 37262
2300 1791336658320993 31712
2301 1791336658346085 36268
2302 1791336658359917 29335
2303 1791336658376441 24854
2304 1791336658398420 26927
2305 1791336658418374 30581
2306 1791336658448575 36536
2307 1791336658469179 36774
2308 1791336658478703 30125
2309 1791336658496271 28347
2310 1791336658517917 26582
2311 1791336658546259 38835
2312 1791336658564761 36730
2313 1791336658581965 34588
2314 1791336658602638 32990
2315 1791336658622376 33592
2316 1791336658637599 29246
2317 1791336658668525 36764
2318 1791336658679385 31427
2319 1791336658696542 28015
2320 1791336658719548 30358
2321 1791336658743741 35500
2322 1791336658757485 27282
2323 1791336658778205 29851
2324 1791336658798566 30687
2325 1791336658821547 30521
2326 1791336658840501 27734
2327 1791336658858182 29748
2328 1791336658872328 24325
2329 1791336658894441 22182
2330 1791336658913867 25050
2331 1791336658934816 24693
2332 1791336658949681 21393
2333 1791336658970232 21627
2334 1791336658995627 25392
2335 1791336659020389 29218
2336 1791336659037104 23277
2337 1791336659050071 21925
2338 1791336659073989 24064
2339 1791336659089672 20974
2340 1791336659116507 27972
2341 1791336659133139 25149
2342 1791336659149133 21030
2343 1791336659171840 22703
2344 1791336659195379 26347
2345 1791336659213720 25202
2346 1791336659230631 22815
2347 1791336659251329 20694
2348 1791336659271272 21963
2349 1791336659296671 27459
2350 1791336659315458 23180
2351 1791336659331072 22958
2352 1791336659358428 27353
2353 1791336659376102 22093
2354 1791336659389241 21492
2355 1791336659415129 25885
2356 1791336659433368 24895
2357 1791336659449514 21136
2358 1791336659468761 20400
2359 1791336659497289 28523
2360 1791336659516373 27900
2361 1791336659540981 31324
2362 1791336659553876 25562
2363 1791336659576331 27404
2364 1791336659593962 25735
2365 1791336659612248 24484
2366 1791336659637574 25323
2367 1791336659655189 27256
2368 1791336659674134 25949
2369 1791336659689502 21289
2370 1791336659716597 27092
2371 1791336659736939 24410
2372 1791336659751907 23348
2373 1791336659782209 30297
2374 1791336659798354 23047
2375 1791336659808536 21162
2376 1791336659835390 27722
2377 1791336659851935 24073
2378 1791336659873888 25251
2379 1791336659895361 26658
2380 1791336659916405 28091
2381 1791336659936179 28647
2382 1791336659954130 22363
2383 1791336659969272 21545
2384 1791336659997717 28441
2385 1791336660015296 26792
2386 1791336660038379 27572
2387 1791336660056331 25285
2388 1791336660073013 24418
2389 1791336660090258 22549
2390 1791336660118866 28604
2391 1791336660136612 23798
2392 1791336660149428 21231
2393 1791336660171296 22029
2394 1791336660197519 29394
2395 1791336660216546 22635
2396 1791336660237484 27477
2397 1791336660258785 27901
2398 1791336660270695 22676
2399 1791336660298578 27878
2400 1791336660317621 24909
2401 1791336660333357 22711
2402 1791336660356258 22897
2403 1791336660379486 31229
2404 1791336660396641 22225
2405 1791336660417255 27789
2406 1791336660435191 27084
2407 1791336660454394 26329
2408 1791336660472604 23578
2409 1791336660490234 21847
2410 1791336660508476 20564
2411 1791336660529547 21187
2412 1791336660550999 21447
2413 1791336660569219 21196
2414 1791336660591471 22248
2415 1791336660612238 24914
2416 1791336660632909 25161
2417 1791336660648452 21120
2418 1791336660674447 26061
2419 1791336660696478 28286
2420 1791336660709280 21162
2421 1791336660738532 29249
2422 1791336660752169 24429
2423 1791336660776667 28816
2424 1791336660788852 21436
2425 1791336660808791 20780
2426 1791336660831980 23643
2427 1791336660858071 26086
2428 1791336660873018 21903
2429 1791336660897250 26586
2430 1791336660915124 22776
2431 1791336660936957 27143
2432 1791336660956967 26362
2433 1791336660977590 24268
2434 1791336660999640 26064
2435 1791336661010058 21650
2436 1791336661029579 21317
2437 1791336661059292 29703
2438 1791336661076408 23967
2439 1791336661099922 31369
2440 1791336661115122 26355
2441 1791336661131555 23146
2442 1791336661149270 20855
2443 1791336661169937 21370
2444 1791336661199689 30567
2445 1791336661217996 23941
2446 1791336661236588 25733
2447 1791336661259268 29818
2448 1791336661276437 28219
2449 1791336661290087 22201
2450 1791336661314314 26239
2451 1791336661335374 26528
2452 1791336661352249 24009
2453 1791336661373183 23068
2454 1791336661396707 27398
2455 1791336661417169 25867
2456 1791336661428740 20575
2457 1791336661455864 27119
2458 1791336661477856 25589
2459 1791336661496205 23564
2460 1791336661516232 24461
2461 1791336661538407 28763
2462 1791336661556393 23860
2463 1791336661578398 25835
2464 1791336661596098 23286
2465 1791336661610376 20953
2466 1791336661635306 24926
2467 1791336661656526 26996
2468 1791336661675217 23985
2469 1791336661698546 30650
2470 1791336661710181 22193
2471 1791336661733455 23269
2472 1791336661756302 27785
2473 1791336661775244 26761
2474 1791336661797138 28777
2475 1791336661813562 21533
2476 1791336661838209 29157
2477 1791336661859365 24713
2478 1791336661876446 29120
2479 1791336661893208 25207
2480 1791336661918687 25477
2481 1791336661942933 30772
2482 1791336661957225 27587
2483 1791336661972165 23055
2484 1791336661996837 28367
2485 1791336662018037 25014
2486 1791336662042363 29646
2487 1791336662072471 41341
2488 1791336662081344 33377
2489 1791336662117745 49129
2490 1791336662126704 35275
2491 1791336662143594 35166
2492 1791336662158170 30231
2493 1791336662193569 45121
2494 1791336662233357 65668
2495 1791336662284701 95261
2496 1791336662318125 109202
2497 1791336662363962 130603
2498 1791336662369738 119756
2499 1791336662388085 119416
2500 1791336662405508 117266
2501 1791336662420102 112600
2502 1791336662450751 119175
2503 1791336662461861 112903
2504 1791336662481089 111348
2505 1791336662506370 118282
2506 1791336662520242 110815
2507 1791336662555693 126898
2508 1791336662577532 126777
2509 1791336662597149 128719
2510 1791336662617281 128375
2511 1791336662646426 138295
2512 1791336662665066 137010
2513 1791336662681190 127323
2514 1791336662706762 137658
2515 1791336662717990 129137
2516 1791336662748213 140686
2517 1791336662762089 134102
2518 1791336662795621 145105
2519 1791336662813222 144632
2520 1791336662835219 141589
2521 1791336662843313 134236
2522 1791336662873834 145341
2523 1791336662880026 131809
2524 1791336662911565 140652
2525 1791336662921281 133315
2526 1791336662947484 139371
2527 1791336662961429 134077
2528 1791336662981776 133317
2529 1791336662994411 125666
2530 1791336663013134 124605
2531 1791336663032531 120963
2532 1791336663048043 119179
2533 1791336663055480 107993
2534 1791336663069362 101518
2535 1791336663087040 97542
2536 1791336663093295 85549
2537 1791336663109406 80250
2538 1791336663122687 74639
2539 1791336663136884 68757
2540 1791336663149249 56164
2541 1791336663160258 51892
2542 1791336663180400 51895
2543 1791336663202415 53163
2544 1791336663220094 52388
2545 1791336663235688 48016
2546 1791336663255482 45248
2547 1791336663263943 34819
2548 1791336663277610 29542
2549 1791336663301371 32101
2550 1791336663320237 30375
2551 1791336663355289 41214
2552 1791336663372153 44330
2553 1791336663386677 37092
2554 1791336663428466 56582
2555 1791336663434838 46456
2556 1791336663450565 40115
2557 1791336663472750 44280
2558 1791336663491433 40866
2559 1791336663515331 42573
2560 1791336663536475 45038
2561 1791336663570944 55603
2562 1791336663595972 59488
2563 1791336663601382 50383
2564 1791336663628374 57421
2565 1791336663642607 46624
2566 1791336663662726 34343
2567 1791336663662735 34320
2568 1791336663679141 27085
2569 1791336663715115 43391
2570 1791336663734997 45326
2571 1791336663760688 46010
2572 1791336663775465 41696
2573 1791336663788752 37681
2574 1791336663808312 39902
2575 1791336663826324 37836
2576 1791336663843665 35351
2577 1791336663868242 36494
2578 1791336663883486 34595
2579 1791336663906325 38080
2580 1791336663925280 36535
2581 1791336663952977 43889
2582 1791336663967141 39649
2583 1791336663994320 42869
2584 1791336664005633 34179
2585 1791336664032277 43280
2586 1791336664047843 39285
2587 1791336664070560 40151
2588 1791336664085482 37635
2589 1791336664101816 33771
2590 1791336664121500 33608
2591 1791336664140403 32105
2592 1791336664165468 37792
2593 1791336664180622 31837
2594 1791336664204242 36138
2595 1791336664224456 35179
2596 1791336664247271 38163
2597 1791336664267772 39664
2598 1791336664289797 42523
2599 1791336664316561 48784
2600 1791336664334823 45021
2601 1791336664357066 44224
2602 1791336664376648 44738
2603 1791336664399526 44025
2604 1791336664416151 46800
2605 1791336664438885 49871
2606 1791336664460199 51967
2607 1791336664476684 43474
2608 1791336664491605 42912
2609 1791336664526275 58249
2610 1791336664548203 59295
2611 1791336664563305 54640
2612 1791336664583066 54602
2613 1791336664596414 48207
2614 1791336664613019 44532
2615 1791336664633619 43562
2616 1791336664665589 57960
2617 1791336664691143 59195
2618 1791336664700999 48727
2619 1791336664724291 54249
2620 1791336664753989 62843
2621 1791336664770893 62269
2622 1791336664795160 66887
2623 1791336664817654 63662
2624 1791336664827305 56873
2625 1791336664837684 49231
2626 1791336664858515 50726
2627 1791336664887032 59723
2628 1791336664899190 50466
2629 1791336664917301 48122
2630 1791336664938585 48076
2631 1791336664959709 46028
2632 1791336664977125 49415
2633 1791336664990378 42239
2634 1791336665009404 40786
2635 1791336665032245 43492
2636 1791336665059982 50575
2637 1791336665077560 46955
2638 1791336665088084 40558
2639 1791336665107872 39742
2640 1791336665138381 50293
2641 1791336665151931 44057
2642 1791336665178504 50238
2643 1791336665189190 37895
2644 1791336665222733 54115
2645 1791336665235404 46210
2646 1791336665253972 44938
2647 1791336665268840 40916
2648 1791336665299567 45588
2649 1791336665310436 41592
2650 1791336665339929 51276
2651 1791336665357284 49172
2652 1791336665381795 53722
2653 1791336665397446 49026
2654 1791336665419013 51464
2655 1791336665443660 55717
2656 1791336665463378 55304
2657 1791336665497159 55740
2658 1791336665517714 67617
2659 1791336665523994 55056
2660 1791336665542562 51407
2661 1791336665563240 54780
2662 1791336665583997 54639
2663 1791336665606088 57009
2664 1791336665628146 58564
2665 1791336665648917 60172
2666 1791336665673670 64264
2667 1791336665695248 67099
2668 1791336665721866 72946
2669 1791336665748213 80102
2670 1791336665758467 69733
2671 1791336665776532 68432
2672 1791336665799134 70552
2673 1791336665818629 70413
2674 1791336665839459 71342
2675 1791336665858085 70050
2676 1791336665878295 68919
2677 1791336665899151 71205
2678 1791336665918223 70112
2679 1791336665940489 70941
2680 1791336665963270 73611
2681 1791336665997025 87599
2682 1791336666012305 84526
2683 1791336666039885 89462
2684 1791336666045272 75897
2685 1791336666063887 74942
2686 1791336666091204 78895
2687 1791336666108606 78603
2688 1791336666118131 69422
2689 1791336666148953 79919
2690 1791336666159818 69459
2691 1791336666183796 75186
2692 1791336666198400 68282
2693 1791336666223514 74558
2694 1791336666243791 72878
2695 1791336666264597 76010
2696 1791336666283235 74643
2697 1791336666301054 72608
2698 1791336666331021 82822
2699 1791336666362803 94254
2700 1791336666372481 84332
2701 1791336666393542 85114
2702 1791336666420181 89156
2703 1791336666420189 70736
2704 1791336666444211 75868
2705 1791336666475314 81742
2706 1791336666481549 73813
2707 1791336666497495 69306
2708 1791336666532225 83029
2709 1791336666534483 64503
2710 1791336666553802 65904
2711 1791336666564804 52403
2712 1791336666589083 56852
2713 1791336666621271 72343
2714 1791336666654355 85475
2715 1791336666654397 65305
2716 1791336666669488 59474
2717 1791336666684723 55659
2718 1791336666718191 63828
2719 1791336666739600 71978
2720 1791336666753722 64781
2721 1791336666782865 72993
2722 1791336666798354 58746
2723 1791336666817922 64196
2724 1791336666829351 57269
2725 1791336666852227 62882
2726 1791336666876681 65128
2727 1791336666897562 68206
2728 1791336666910914 58678
2729 1791336666938026 69233
2730 1791336666954970 65913
2731 1791336666977034 66116
2732 1791336666991466 63332
2733 1791336667005950 57642
2734 1791336667029577 60914
2735 1791336667057448 68051
2736 1791336667077541 68491
2737 1791336667097574 67995
2738 1791336667118782 69784
2739 1791336667136811 69016
2740 1791336667162596 70190
2741 1791336667177033 68057
2742 1791336667198729 69844
2743 1791336667220012 71210
2744 1791336667239348 71419
2745 1791336667265598 76656
2746 1791336667283908 72895
2747 1791336667295748 66063
2748 1791336667320653 72208
2749 1791336667339218 70558
2750 1791336667364561 75814
2751 1791336667377636 69446
2752 1791336667409499 76113
2753 1791336667422073 73177
2754 1791336667437231 69363
2755 1791336667455969 68085
2756 1791336667477711 68423
2757 1791336667501375 72649
2758 1791336667517508 69365
2759 1791336667546677 74972
2760 1791336667567285 77745
2761 1791336667590453 77018
2762 1791336667599518 70969
2763 1791336667619285 71285
2764 1791336667637504 70217
2765 1791336667650770 60313
2766 1791336667669612 61533
2767 1791336667695355 66199
2768 1791336667711056 62137
2769 1791336667729379 60897
2770 1791336667757010 62460
2771 1791336667762980 54473
2772 1791336667777158 48641
2773 1791336667791483 43656
2774 1791336667814415 46067
2775 1791336667826325 38132
2776 1791336667844183 30911
2777 1791336667859444 32035
2778 1791336667890654 42634
2779 1791336667905682 37060
2780 1791336667926602 35946
2781 1791336667939314 30192
2782 1791336667961878 33972
2783 1791336667983991 36413
2784 1791336668001580 31393
2785 1791336668033999 44660
2786 1791336668053803 42982
2787 1791336668068839 40251
2788 1791336668087057 33251
2789 1791336668099086 30245
2790 1791336668120146 28828
2791 1791336668148553 40050
2792 1791336668163763 32608
2793 1791336668184005 35445
2794 1791336668209465 39909
2795 1791336668226416 37522
2796 1791336668253078 43610
2797 1791336668273181 44684
2798 1791336668298599 46036
2799 1791336668315272 42288
2800 1791336668334519 46709
2801 1791336668350221 42072
2802 1791336668385955 51939
2803 1791336668391097 42933
2804 1791336668407588 38272
2805 1791336668432803 43515
2806 1791336668450653 43057
2807 1791336668469139 38884
2808 1791336668493259 42602
2809 1791336668509230 40694
2810 1791336668535500 44009
2811 1791336668550502 41269
2812 1791336668562008 32424
2813 1791336668589179 39956
2814 1791336668615720 45362
2815 1791336668627431 39188
2816 1791336668647801 37536
2817 1791336668683212 55778
2818 1791336668689455 41650
2819 1791336668715570 47070
2820 1791336668742922 53750
2821 1791336668756013 46214
2822 1791336668777157 48621
2823 1791336668796747 48661
2824 1791336668828485 59217
2825 1791336668837692 48980
2826 1791336668857718 48842
2827 1791336668869672 41184
2828 1791336668896916 48330
2829 1791336668921816 53427
2830 1791336668940194 50187
2831 1791336668958365 50208
2832 1791336668976387 48202
2833 1791336669009683 60090
2834 1791336669022296 51558
2835 1791336669041975 54327
2836 1791336669055386 45700
2837 1791336669083440 54125
2838 1791336669105742 56595
2839 1791336669124388 55536
2840 1791336669142286 53630
2841 1791336669161100 53290
2842 1791336669186699 58865
2843 1791336669203890 55548
2844 1791336669234563 65895
2845 1791336669253053 60586
2846 1791336669289176 80865
2847 1791336669298345 66000
2848 1791336669332690 84054
2849 1791336669358779 89963
2850 1791336669372182 83002
2851 1791336669386999 74262
2852 1791336669402337 69643
2853 1791336669424181 72803
2854 1791336669432631 60635
2855 1791336669454405 65214
2856 1791336669477303 68220
2857 1791336669498346 70232
2858 1791336669528288 79670
2859 1791336669548107 77551
2860 1791336669568112 80099
2861 1791336669595118 85009
2862 1791336669613122 84831
2863 1791336669624286 76176
2864 1791336669648012 79897
2865 1791336669676533 83157
2866 1791336669699843 89450
2867 1791336669717844 89352
2868 1791336669724658 76639
2869 1791336669751092 81985
2870 1791336669771873 77209
2871 1791336669783471 75410
2872 1791336669807289 76997
2873 1791336669827631 78408
2874 1791336669850216 80014
2875 1791336669875511 86358
2876 1791336669888806 81514
2877 1791336669903954 76320
2878 1791336669928290 79505
2879 1791336669951958 82158
2880 1791336669980242 92195
2881 1791336669988862 79968
2882 1791336670016198 87950
2883 1791336670038468 90269
2884 1791336670045274 75903
2885 1791336670076648 89242
2886 1791336670087792 78949
2887 1791336670110077 76904
2888 1791336670130012 80497
2889 1791336670139058 71332
2890 1791336670168180 80386
2891 1791336670186525 76631
2892 1791336670197249 67234
2893 1791336670213987 65374
2894 1791336670244071 75887
2895 1791336670257165 69308
2896 1791336670271427 63106
2897 1791336670298080 65714
2898 1791336670324740 75767
2899 1791336670338600 68366
2900 1791336670364067 69737
2901 1791336670387820 79162
2902 1791336670397362 66830
2903 1791336670417527 68413
2904 1791336670437821 68922
2905 1791336670457369 69546
2906 1791336670478918 69600
2907 1791336670497934 69231
2908 1791336670519164 71049
2909 1791336670536908 67899
2910 1791336670558017 66937
2911 1791336670580772 70474
2912 1791336670605018 76451
2913 1791336670619833 70599
2914 1791336670640093 70823
2915 1791336670660425 69633
2916 1791336670680228 67291
2917 1791336670687829 59067
2918 1791336670728161 79663
2919 1791336670747500 79049
2920 1791336670774258 86424
2921 1791336670794820 86695
2922 1791336670802288 74123
2923 1791336670828966 81462
2924 1791336670849330 75069
2925 1791336670866560 79099
2926 1791336670884104 76332
2927 1791336670910910 81940
2928 1791336670930983 82197
2929 1791336670945241 74697
2930 1791336670965320 76406
2931 1791336670987996 77082
2932 1791336671006604 76725
2933 1791336671025739 77037
2934 1791336671040513 73004
2935 1791336671059601 71601
2936 1791336671077316 64128
2937 1791336671103800 73821
2938 1791336671133462 85636
2939 1791336671148082 74809
2940 1791336671168886 81184
2941 1791336671188642 80267
2942 1791336671209332 75865
2943 1791336671209341 61239
2944 1791336671219695 50806
2945 1791336671238551 49906
2946 1791336671251720 42794
2947 1791336671258247 30175
2948 1791336671286688 34964
2949 1791336671305094 36877
2950 1791336671323140 34527
2951 1791336671339744 31315
2952 1791336671357689 28683
2953 1791336671380331 31776
2954 1791336671410267 38545
2955 1791336671417974 29808
2956 1791336671443134 33803
2957 1791336671461393 31141
2958 1791336671484296 34613
2959 1791336671503564 35548
2960 1791336671524094 36226
2961 1791336671553097 43946
2962 1791336671566217 36711
2963 1791336671590081 36980
2964 1791336671610459 42563
2965 1791336671627300 37216
2966 1791336671641935 31472
2967 1791336671666544 39240
2968 1791336671682568 32264
2969 1791336671704460 35251
2970 1791336671714550 26127
2971 1791336671743855 33886
2972 1791336671764039 31593
2973 1791336671781406 32736
2974 1791336671813343 44597
2975 1791336671828591 39905
2976 1791336671846669 33324
2977 1791336671857387 29820
2978 1791336671874409 26655
2979 1791336671910258 37749
2980 1791336671921348 29494
2981 1791336671943449 33186
2982 1791336671958424 27921
2983 1791336671979668 31272
2984 1791336672016762 46555
2985 1791336672025428 31931
2986 1791336672056880 41375
2987 1791336672059683 31831
2988 1791336672090425 42367
2989 1791336672097704 26986
2990 1791336672126863 38685
2991 1791336672147928 38015
2992 1791336672161579 32977
2993 1791336672193168 45236
2994 1791336672206505 36467
2995 1791336672244055 50884
2996 1791336672246864 39310
2997 1791336672267805 38955
2998 1791336672286904 37050
2999 1791336672300431 32622
3000 1791336672335174 44302
3001 1791336672349556 41643
3002 1791336672359479 31286
3003 1791336672378700 29137
3004 1791336672409463 39812
3005 1791336672429593 41483
3006 1791336672458575 49108
3007 1791336672478497 50682
3008 1791336672498487 49119
3009 1791336672527751 58077
3010 1791336672545186 55435
3011 1791336672561073 50818
3012 1791336672585352 57598
3013 1791336672598618 48135
3014 1791336672630390 59985
3015 1791336672657037 68859
3016 1791336672666583 56420
3017 1791336672691387 60994
3018 1791336672701048 52939
3019 1791336672710870 42362
3020 1791336672747982 56591
3021 1791336672772877 64123
3022 1791336672787773 59456
3023 1791336672817285 69298
3024 1791336672836955 64881
3025 1791336672851188 63412
3026 1791336672871889 63278
3027 1791336672898830 69706
3028 1791336672909178 60845
3029 1791336672932639 63760
3030 1791336672957432 68194
3031 1791336672973935 65275
3032 1791336673001581 73785
3033 1791336673025648 72977
3034 1791336673038112 69704
3035 1791336673065665 71880
3036 1791336673074603 66839
3037 1791336673108493 80626
3038 1791336673127934 79460
3039 1791336673139158 70709
3040 1791336673158700 70285
3041 1791336673182596 74760
3042 1791336673206759 78822
3043 1791336673228081 78056
3044 1791336673247455 79038
3045 1791336673275171 84022
3046 1791336673287536 79608
3047 1791336673303989 75904
3048 1791336673327304 79847
3049 1791336673351021 81645
3050 1791336673373954 86408
3051 1791336673398079 90013
3052 1791336673407611 80305
3053 1791336673432418 82160
3054 1791336673445706 76873
3055 1791336673465510 77221
3056 1791336673487349 79735
3057 1791336673506645 75591
3058 1791336673538736 90421
3059 1791336673550171 79768
3060 1791336673571870 84519
3061 1791336673597207 88507
3062 1791336673621622 88952
3063 1791336673628070 80076
3064 1791336673650283 78410
3065 1791336673667504 78054
3066 1791336673697161 88737
3067 1791336673708688 80318
3068 1791336673721299 73232
3069 1791336673741164 73717
3070 1791336673756271 64800
3071 1791336673781002 73305
3072 1791336673787298 56783
3073 1791336673811012 63270
3074 1791336673826944 57195
3075 1791336673842864 55564
3076 1791336673855764 47698
3077 1791336673878155 49143
3078 1791336673892999 41885
3079 1791336673917835 49498
3080 1791336673940306 48722
3081 1791336673946893 37177
3082 1791336673960151 30557
3083 1791336673992312 41770
3084 1791336674008178 39148
3085 1791336674030567 38817
3086 1791336674041608 33426
3087 1791336674062003 34413
3088 1791336674085831 37426
3089 1791336674104469 36163
3090 1791336674121294 32309
3091 1791336674149080 40648
3092 1791336674164771 37247
3093 1791336674188509 40584
3094 1791336674208940 40298
3095 1791336674229191 40679
3096 1791336674256968 49203
3097 1791336674276188 46993
3098 1791336674295550 42727
3099 1791336674314531 40354
3100 1791336674338674 47368
3101 1791336674349096 35666
3102 1791336674371897 40004
3103 1791336674389488 40719
3104 1791336674404456 35580
3105 1791336674432516 43023
3106 1791336674451851 43778
3107 1791336674466263 37541
3108 1791336674495463 45012
3109 1791336674507632 40096
3110 1791336674534905 46114
3111 1791336674550604 42968
3112 1791336674569076 40904
3113 1791336674589676 39991
3114 1791336674612363 43285
3115 1791336674630651 40972
3116 1791336674661201 51995
3117 1791336674674912 47247
3118 1791336674697395 48525
3119 1791336674711341 41549
3120 1791336674735008 45792
3121 1791336674749466 39844
3122 1791336674776569 48916
3123 1791336674805758 57078
3124 1791336674816013 46945
3125 1791336674841968 51349
3126 1791336674859230 47155
3127 1791336674890872 59280
3128 1791336674907505 58683
3129 1791336674927751 60229
3130 1791336674938094 47220
3131 1791336674960341 52832
3132 1791336674985569 57816
3133 1791336675010940 62282
3134 1791336675025715 58237
3135 1791336675040870 52365
3136 1791336675058097 47154
3137 1791336675078272 49366
3138 1791336675101999 53251
3139 1791336675126952 57757
3140 1791336675139575 51207
3141 1791336675164583 55616
3142 1791336675187810 54774
3143 1791336675203329 53601
3144 1791336675225544 57793
3145 1791336675241156 53343
3146 1791336675263504 53293
3147 1791336675299236 68706
3148 1791336675311132 63389
3149 1791336675330754 62034
3150 1791336675352470 62868
3151 1791336675362558 52548
3152 1791336675387268 56508
3153 1791336675409734 58867
3154 1791336675432005 60084
3155 1791336675458662 71389
3156 1791336675477793 68052
3157 1791336675498519 69586
3158 1791336675528533 69865
3159 1791336675539654 68065
3160 1791336675559714 66121
3161 1791336675612183 101764
3162 1791336675615424 86888
3163 1791336675615433 67391
3164 1791336675631644 62933
3165 1791336675659994 47805
3166 1791336675676890 61489
3167 1791336675692550 63438
3168 1791336675717211 69126
3169 1791336675739627 68829
3170 1791336675761001 72350
3171 1791336675797068 84377
3172 1791336675804532 76567
3173 1791336675833311 78664
3174 1791336675837232 66090
3175 1791336675856841 67960
3176 1791336675876076 68368
3177 1791336675896783 66174
3178 1791336675914367 66382
3179 1791336675938323 69401
3180 1791336675956922 67645
3181 1791336675976465 66968
3182 1791336676007683 76196
3183 1791336676022924 74178
3184 1791336676045844 76708
3185 1791336676067942 79799
3186 1791336676097165 89479
3187 1791336676117829 89253
3188 1791336676144495 91245
3189 1791336676162216 94271
3190 1791336676190878 101930
3191 1791336676204276 94985
3192 1791336676227076 96696
3193 1791336676253157 104433
3194 1791336676260268 92690
3195 1791336676287447 99060
3196 1791336676306806 98688
3197 1791336676344266 112560
3198 1791336676358274 105111
3199 1791336676370920 103085
3200 1791336676392515 105066
3201 1791336676409559 100069
3202 1791336676427000 99193
3203 1791336676452663 103099
3204 1791336676477613 108745
3205 1791336676498408 106485
3206 1791336676519032 109468
3207 1791336676533374 104956
3208 1791336676565311 112645
3209 1791336676573125 104423
3210 1791336676599784 110196
3211 1791336676613686 101629
3212 1791336676636548 104713
3213 1791336676648027 99532
3214 1791336676670454 102060
3215 1791336676691453 102607
3216 1791336676707250 93561
3217 1791336676718228 89317
3218 1791336676735044 87014
3219 1791336676753040 83660
3220 1791336676778496 89480
3221 1791336676798982 91728
3222 1791336676818824 90861
3223 1791336676838644 89102
3224 1791336676857198 85602
3225 1791336676876598 87585
3226 1791336676898945 86272
3227 1791336676917490 89075
3228 1791336676936993 88892
3229 1791336676959320 85220
3230 1791336676970043 76824
3231 1791336677001749 90288
3232 1791336677013350 84265
3233 1791336677033083 78354
3234 1791336677046155 77409
3235 1791336677069701 80329
3236 1791336677097336 85921
3237 1791336677117508 89418
3238 1791336677138540 88249
3239 1791336677162272 94584
3240 1791336677184393 95294
3241 1791336677196730 88527
3242 1791336677219341 90775
3243 1791336677237194 82971
3244 1791336677251830 83086
3245 1791336677281460 92780
3246 1791336677298947 89836
3247 1791336677319202 91155
3248 1791336677346800 97568
3249 1791336677358011 87244
3250 1791336677377725 88949
3251 1791336677402877 94221
3252 1791336677416173 88412
3253 1791336677430285 81815
3254 1791336677451819 83506
3255 1791336677467548 78160
3256 1791336677490012 81468
3257 1791336677507678 77391
3258 1791336677528064 77424
3259 1791336677545165 77613
3260 1791336677565823 75807
3261 1791336677570550 62869
3262 1791336677585678 57798
3263 1791336677607125 58697
3264 1791336677617820 48813
3265 1791336677627312 38864
3266 1791336677649168 38901
3267 1791336677661995 34680
3268 1791336677677852 29761
3269 1791336677712472 42649
3270 1791336677728269 35446
3271 1791336677745629 33154
3272 1791336677765019 36850
3273 1791336677780966 31961
3274 1791336677797884 26825
3275 1791336677818696 30257
3276 1791336677855835 43457
3277 1791336677860362 31778
3278 1791336677888167 39460
3279 1791336677906713 38985
3280 1791336677925006 36836
3281 1791336677939483 30589
3282 1791336677964685 34088
3283 1791336677988483 36406
3284 1791336678005717 37708
3285 1791336678018422 29936
3286 1791336678046981 36776
3287 1791336678058601 27733
3288 1791336678091441 40021
3289 1791336678108843 40205
3290 1791336678126799 35355
3291 1791336678143756 36180
3292 1791336678163440 32928
3293 1791336678179082 30208
3294 1791336678201509 33455
3295 1791336678226702 37162
3296 1791336678251061 42250
3297 1791336678278315 46494
3298 1791336678282087 31023
3299 1791336678307772 38007
3300 1791336678335820 45513
3301 1791336678352626 44852
3302 1791336678368825 36318
3303 1791336678403285 50656
3304 1791336678410574 41825
3305 1791336678429968 41168
3306 1791336678447031 37080
3307 1791336678465820 35848
3308 1791336678488747 38551
3309 1791336678508127 38913
3310 1791336678528885 41178
3311 1791336678547955 39825
3312 1791336678570591 41703
3313 1791336678588556 40597
3314 1791336678608114 37519
3315 1791336678628294 40199
3316 1791336678650543 42427
3317 1791336678666555 38256
3318 1791336678696979 48853
3319 1791336678712978 43414
3320 1791336678728640 37890
3321 1791336678747013 34858
3322 1791336678771508 42862
3323 1791336678797553 46244
3324 1791336678810433 42894
3325 1791336678831973 44232
3326 1791336678856534 48799
3327 1791336678875387 43410
3328 1791336678900585 49076
3329 1791336678917173 47314
3330 1791336678941439 53513
3331 1791336678955861 47948
3332 1791336678972971 44934
3333 1791336678991554 43806
3334 1791336679010478 42137
3335 1791336679042552 53845
3336 1791336679057560 48259
3337 1791336679069444 40275
3338 1791336679093524 44970
3339 1791336679118459 49582
3340 1791336679139281 49966
3341 1791336679163470 51161
3342 1791336679177739 45960
3343 1791336679199726 50978
3344 1791336679217492 49196
3345 1791336679238044 48685
3346 1791336679259744 51525
3347 1791336679277559 49856
3348 1791336679301025 51941
3349 1791336679315531 46400
3350 1791336679338849 46721
3351 1791336679357683 48389
3352 1791336679381910 52467
3353 1791336679393645 45499
3354 1791336679417305 48838
3355 1791336679426477 38260
3356 1791336679454386 42663
3357 1791336679485459 56043
3358 1791336679497234 47848
3359 1791336679519124 51074
3360 1791336679536826 47427
3361 1791336679566888 58676
3362 1791336679587420 56026
3363 1791336679602250 49438
3364 1791336679612430 40427
3365 1791336679637420 49997
3366 1791336679675776 66007
3367 1791336679676505 47027
3368 1791336679714067 61746
3369 1791336679723448 52811
3370 1791336679741843 53701
3371 1791336679764887 50816
3372 1791336679790265 62278
3373 1791336679802830 54523
3374 1791336679828814 60182
3375 1791336679855732 65464
3376 1791336679886214 77148
3377 1791336679905190 76579
3378 1791336679916577 68520
3379 1791336679939696 70664
3380 1791336679956268 68505
3381 1791336679968728 61011
3382 1791336679997360 68170
3383 1791336680014891 63341
3384 1791336680029376 60645
3385 1791336680052490 63868
3386 1791336680086072 75265
3387 1791336680101188 71809
3388 1791336680121997 72883
3389 1791336680145272 71147
3390 1791336680162907 71981
3391 1791336680177715 70076
3392 1791336680197938 69617
3393 1791336680210438 62532
3394 1791336680238934 68938
3395 1791336680253698 65248
3396 1791336680282502 73187
3397 1791336680311418 83785
3398 1791336680332364 81683
3399 1791336680345410 77062
3400 1791336680358008 68984
3401 1791336680405840 96422
3402 1791336680413677 85998
3403 1791336680453674 102464
3404 1791336680460705 83188
3405 1791336680505890 100041
3406 1791336680505904 95599
3407 1791336680532951 81029
3408 1791336680532962 81031
3409 1791336680566132 85951
3410 1791336680572357 78496
3411 1791336680579319 60802
3412 1791336680595431 63582
3413 1791336680621688 71959
3414 1791336680629612 57248
3415 1791336680654263 58826
3416 1791336680680075 58379
3417 1791336680685139 55520
3418 1791336680697444 47760
3419 1791336680730936 60539
3420 1791336680762381 73161
3421 1791336680763898 41973
3422 1791336680781447 50507
3423 1791336680807051 56988
3424 1791336680828728 59333
3425 1791336680845849 57069
3426 1791336680867457 54868
3427 1791336680889344 60612
3428 1791336680907451 58579
3429 1791336680926421 58960
3430 1791336680940633 51286
3431 1791336680958172 50715
3432 1791336680987854 57541
3433 1791336681007372 58336
3434 1791336681019538 51178
3435 1791336681043360 55486
3436 1791336681064505 57129
3437 1791336681091521 60765
3438 1791336681109309 61707
3439 1791336681133273 63940
3440 1791336681163731 75554
3441 1791336681177719 68407
3442 1791336681202528 69125
3443 1791336681209294 61611
3444 1791336681229048 60170
3445 1791336681257988 69400
3446 1791336681277560 68263
3447 1791336681289676 60991
3448 1791336681310281 54025
3449 1791336681328214 57446
3450 1791336681357465 69339
3451 1791336681369428 59496
3452 1791336681391098 62881
3453 1791336681417172 68944
3454 1791336681436578 67147
3455 1791336681455056 66425
3456 1791336681477536 67647
3457 1791336681503831 71525
3458 1791336681517685 63699
3459 1791336681546853 78343
3460 1791336681568663 80581
3461 1791336681595542 87264
3462 1791336681612677 80640
3463 1791336681627654 79315
3464 1791336681647694 79027
3465 1791336681667999 79852
3466 1791336681680797 70705
3467 1791336681708184 80527
3468 1791336681724020 76324
3469 1791336681745361 77359
3470 1791336681767945 79328
3471 1791336681786891 78699
3472 1791336681804032 75422
3473 1791336681838288 87656
3474 1791336681839694 71745
3475 1791336681861554 72193
3476 1791336681888487 79893
3477 1791336681906042 74379
3478 1791336681929853 80160
3479 1791336681949720 77878
3480 1791336681959257 70766
3481 1791336681985617 76632
3482 1791336682002371 73491
3483 1791336682035559 85835
3484 1791336682052313 84842
3485 1791336682062771 73940
3486 1791336682087076 78359
3487 1791336682101481 72207
3488 1791336682136419 85214
3489 1791336682157864 86946
3490 1791336682181936 93367
3491 1791336682190328 81549
3492 1791336682207636 75072
3493 1791336682227701 74288
3494 1791336682240486 72162
3495 1791336682260727 70691
3496 1791336682276347 68707
3497 1791336682299847 72142
3498 1791336682319768 71189
3499 1791336682340957 73140
3500 1791336682361663 73619
3501 1791336682378319 68879
3502 1791336682394432 66260
3503 1791336682419113 70991
3504 1791336682441155 72579
3505 1791336682465017 73839
3506 1791336682477735 70171
3507 1791336682509465 78036
3508 1791336682527056 78475
3509 1791336682557436 87592
3510 1791336682568031 79219
3511 1791336682585800 76332
3512 1791336682616071 84403
3513 1791336682637304 85263
3514 1791336682649515 81481
3515 1791336682667797 79413
3516 1791336682693847 85311
3517 1791336682706767 77318
3518 1791336682738731 89212
3519 1791336682754249 86447
3520 1791336682773369 83584
3521 1791336682799015 86153
3522 1791336682805496 77290
3523 1791336682835557 86197
3524 1791336682857671 88442
3525 1791336682868515 80879
3526 1791336682896094 87620
3527 1791336682918670 90871
3528 1791336682926069 77359
3529 1791336682948120 79602
3530 1791336682973946 79507
3531 1791336682993002 83617
3532 1791336683005860 77325
3533 1791336683032403 84281
3534 1791336683053777 83896
3535 1791336683081978 88973
3536 1791336683092452 83315
3537 1791336683114563 82156
3538 1791336683133885 82002
3539 1791336683147649 79675
3540 1791336683179797 91173
3541 1791336683196661 88917
3542 1791336683228452 96917
3543 1791336683238605 90954
3544 1791336683264310 90277
3545 1791336683270384 81540
3546 1791336683299778 86853
3547 1791336683314682 86227
3548 1791336683321100 73243
3549 1791336683339478 70750
3550 1791336683358853 63143
3551 1791336683367960 55444
3552 1791336683387265 58828
3553 1791336683398867 49223
3554 1791336683411112 43148
3555 1791336683433135 45862
3556 1791336683452001 40885
3557 1791336683467912 34764
3558 1791336683473578 25782
3559 1791336683514140 46222
3560 1791336683520342 30596
3561 1791336683550897 36752
3562 1791336683562329 34892
3563 1791336683589194 39972
3564 1791336683599570 30956
3565 1791336683621683 32484
3566 1791336683648981 35483
3567 1791336683660816 30940
3568 1791336683679455 30468
3569 1791336683709172 41217
3570 1791336683734180 45149
3571 1791336683737194 28017
3572 1791336683767678 34240
3573 1791336683781688 33473
3574 1791336683794126 26443
3575 1791336683817683 28837
3576 1791336683841804 31621
3577 1791336683866303 38019
3578 1791336683878901 29916
3579 1791336683895749 27838
3580 1791336683919248 30240
3581 1791336683945473 36126
3582 1791336683973435 41117
3583 1791336683988558 39534
3584 1791336684008012 34575
3585 1791336684035150 46584
3586 1791336684038946 30929
3587 1791336684066706 36208
3588 1791336684077341 24380
3589 1791336684103364 32490
3590 1791336684126891 38955
3591 1791336684150927 42774
3592 1791336684178170 44574
3593 1791336684194579 43649
3594 1791336684214987 45075
3595 1791336684247619 55021
3596 1791336684267848 59169
3597 1791336684289708 58884
3598 1791336684310562 62941
3599 1791336684326323 58470
3600 1791336684346843 58166
3601 1791336684365958 57250
3602 1791336684392872 62558
3603 1791336684413569 64920
3604 1791336684444307 75131
3605 1791336684460727 68529
3606 1791336684476189 67573
3607 1791336684492315 64107
3608 1791336684518728 68739
3609 1791336684541323 73504
3610 1791336684569285 76959
3611 1791336684578472 69259
3612 1791336684612749 83607
3613 1791336684619146 71532
3614 1791336684639362 70072
3615 1791336684666916 78842
3616 1791336684696091 83338
3617 1791336684701139 71634
3618 1791336684732214 80026
3619 1791336684743856 71377
3620 1791336684761491 73290
3621 1791336684786533 78641
3622 1791336684809049 78981
3623 1791336684839830 90999
3624 1791336684864584 96791
3625 1791336684873803 84919
3626 1791336684899527 90473
3627 1791336684903952 64115
3628 1791336684909860 61312
3629 1791336684952082 80527
3630 1791336684965481 75163
3631 1791336684970649 60784
3632 1791336684999764 69851
3633 1791336685020543 71349
3634 1791336685043870 73797
3635 1791336685057152 66270
3636 1791336685070825 62548
3637 1791336685108196 79508
3638 1791336685118778 69522
3639 1791336685139233 69621
3640 1791336685161750 71172
3641 1791336685175771 67571
3642 1791336685204500 71956
3643 1791336685210218 62391
3644 1791336685236399 67793
3645 1791336685248133 60024
3646 1791336685267891 58729
3647 1791336685287498 58848
3648 1791336685314461 66322
3649 1791336685334121 66226
3650 1791336685346362 58857
3651 1791336685366852 52385
3652 1791336685382754 48627
3653 1791336685399197 45441
3654 1791336685419522 49872
3655 1791336685430935 42116
3656 1791336685451186 38440
3657 1791336685472237 41296
3658 1791336685493023 41833
3659 1791336685511548 42109
3660 1791336685528579 35548
3661 1791336685545597 36396
3662 1791336685563270 34687
3663 1791336685585594 36655
3664 1791336685600240 30579
3665 1791336685629159 37446
3666 1791336685642990 35040
3667 1791336685666527 37363
3668 1791336685683661 34675
3669 1791336685701260 33498
3670 1791336685720503 30061
3671 1791336685761265 53081
3672 1791336685766225 32388
3673 1791336685784858 36032
3674 1791336685800577 32437
3675 1791336685819233 29250
3676 1791336685846212 35198
3677 1791336685857750 30070
3678 1791336685876956 29346
3679 1791336685903875 35564
3680 1791336685920552 32356
3681 1791336685947596 39154
3682 1791336685962018 34157
3683 1791336685985054 37452
3684 1791336686013136 44252
3685 1791336686026371 37054
3686 1791336686050622 42180
3687 1791336686073837 44218
3688 1791336686088553 37928
3689 1791336686109425 35584
3690 1791336686138080 49521
3691 1791336686149766 40338
3692 1791336686164069 34105
3693 1791336686191968 42186
3694 1791336686219710 50444
3695 1791336686243500 51527
3696 1791336686249604 41281
3697 1791336686271499 42914
3698 1791336686293919 44310
3699 1791336686320234 48729
3700 1791336686335840 41912
3701 1791336686348406 38285
3702 1791336686365186 33047
3703 1791336686395259 46847
3704 1791336686413851 43658
3705 1791336686426098 38547
3706 1791336686450015 40351
3707 1791336686468621 37879
3708 1791336686493772 44319
3709 1791336686518087 49403
3710 1791336686531760 41256
3711 1791336686541316 31572
3712 1791336686568819 37050
3713 1791336686594188 44285
3714 1791336686617377 48552
3715 1791336686637845 44254
3716 1791336686647577 38271
3717 1791336686666613 38562
3718 1791336686688702 41120
3719 1791336686709350 40233
3720 1791336686735783 47076
3721 1791336686756376 47023
3722 1791336686767863 38608
3723 1791336686789960 40641
3724 1791336686806364 38495
3725 1791336686830529 41380
3726 1791336686865269 55838
3727 1791336686879165 48630
3728 1791336686894385 45347
3729 1791336686919086 50623
3730 1791336686948253 60275
3731 1791336686965092 55290
3732 1791336686974092 43863
3733 1791336686998242 50780
3734 1791336687022591 50455
3735 1791336687050661 56864
3736 1791336687057472 49799
3737 1791336687074644 46646
3738 1791336687101721 51056
3739 1791336687119994 46626
3740 1791336687142121 51036
3741 1791336687163616 55416
3742 1791336687188112 59864
3743 1791336687205389 56052
3744 1791336687216197 46789
3745 1791336687218813 30696
3746 1791336687230106 22024
3747 1791336687250359 21924
3748 1791336687276695 28429
3749 1791336687295086 26706
3750 1791336687314356 26117
3751 1791336687335131 25628
3752 1791336687353894 25611
3753 1791336687378953 25054
3754 1791336687390788 22368
3755 1791336687416032 25237
3756 1791336687439950 28580
3757 1791336687456746 28388
3758 1791336687477574 29082
3759 1791336687491449 21116
3760 1791336687516612 27600
3761 1791336687535569 27674
3762 1791336687555317 25526
3763 1791336687574763 24505
3764 1791336687590679 22901
3765 1791336687609699 20767
3766 1791336687629255 21227
3767 1791336687657792 28532
3768 1791336687677376 27897
3769 1791336687694244 23783
3770 1791336687711216 23187
3771 1791336687736757 25537
3772 1791336687752695 25021
3773 1791336687778012 25423
3774 1791336687798048 23088
3775 1791336687818811 27614
3776 1791336687837561 24143
3777 1791336687856230 24861
3778 1791336687873024 22591
3779 1791336687899244 30504
3780 1791336687909856 21591
3781 1791336687935555 25692
3782 1791336687956117 24380
3783 1791336687990678 38750
3784 1791336688000952 20821
3785 1791336688011279 23740
3786 1791336688039221 27938
3787 1791336688050069 21491
3788 1791336688077116 27039
3789 1791336688094249 25444
3790 1791336688112391 22604
3791 1791336688132482 24139
3792 1791336688157696 25209
3793 1791336688173202 24926
3794 1791336688191238 22821
3795 1791336688208500 21055
3796 1791336688235257 26751
3797 1791336688251478 23079
3798 1791336688277142 25661
3799 1791336688296450 26301
3800 1791336688313277 22709
3801 1791336688331339 22620
3802 1791336688356731 25388
3803 1791336688378682 26661
3804 1791336688396812 27408
3805 1791336688411102 22722
3806 1791336688435439 26478
3807 1791336688456787 27946
3808 1791336688476603 28864
3809 1791336688494295 24886
3810 1791336688508534 20820
3811 1791336688536129 27534
3812 1791336688548882 20514
3813 1791336688569151 20581
3814 1791336688596634 27864
3815 1791336688613623 22654
3816 1791336688630664 22150
3817 1791336688656774 26105
3818 1791336688672433 24625
3819 1791336688695484 25128
3820 1791336688715652 26952
3821 1791336688729740 21157
3822 1791336688748740 20803
3823 1791336688769642 20898
3824 1791336688790497 22524
3825 1791336688816616 28025
3826 1791336688837542 29853
3827 1791336688850651 22407
3828 1791336688875612 27923
3829 1791336688893656 25087
3830 1791336688914271 25582
3831 1791336688932796 25035
3832 1791336688955553 22754
3833 1791336688977628 29163
3834 1791336688996708 24102
3835 1791336689016615 27608
3836 1791336689036733 28934
3837 1791336689056544 28677
3838 1791336689069742 21822
3839 1791336689093505 25013
3840 1791336689114545 24953
3841 1791336689134783 26550
3842 1791336689152234 23609
3843 1791336689175341 24789
3844 1791336689198669 28692
3845 1791336689217585 23450
3846 1791336689235812 24727
3847 1791336689249184 20914
3848 1791336689276599 27409
3849 1791336689294567 20295
3850 1791336689310451 21129
3851 1791336689332828 22374
3852 1791336689353491 24788
3853 1791336689370819 22191
3854 1791336689397908 27931
3855 1791336689417985 24189
3856 1791336689435255 22347
3857 1791336689450289 21835
3858 1791336689468970 21497
3859 1791336689496687 27712
3860 1791336689513295 24727
3861 1791336689536346 23047
3862 1791336689554024 21821
3863 1791336689577784 29074
3864 1791336689595690 24340
3865 1791336689613154 24948
3866 1791336689634213 21055
3867 1791336689650745 23152
3868 1791336689675601 24853
3869 1791336689691511 22987
3870 1791336689715750 24235
3871 1791336689735795 25210
3872 1791336689756762 27540
3873 1791336689774595 23066
3874 1791336689794529 24894
3875 1791336689817690 28488
3876 1791336689837535 22824
3877 1791336689853331 20879
3878 1791336689875874 27590
3879 1791336689896627 27836
3880 1791336689916664 28219
3881 1791336689936488 27845
3882 1791336689950274 22509
3883 1791336689973985 23708
3884 1791336689989393 21202
3885 1791336690015468 26294
3886 1791336690030362 21602
3887 1791336690056272 25906
3888 1791336690069581 21234
3889 1791336690097907 28323
3890 1791336690113857 20958
3891 1791336690134347 26084
3892 1791336690156437 28334
3893 1791336690173313 25729
3894 1791336690192924 24336
3895 1791336690216607 23679
3896 1791336690237408 26654
3897 1791336690256527 23860
3898 1791336690276831 29120
3899 1791336690298676 28795
3900 1791336690318817 25203
3901 1791336690331502 23638
3902 1791336690356283 24776
3903 1791336690374035 25491
3904 1791336690397334 29395
3905 1791336690418369 25010
3906 1791336690436928 24425
3907 1791336690453431 22085
3908 1791336690476728 23291
3909 1791336690495759 23993
3910 1791336690513794 25094
3911 1791336690530391 22044
3912 1791336690551036 22303
3913 1791336690577823 26784
3914 1791336690595965 23986
3915 1791336690613015 24535
3916 1791336690638904 26083
3917 1791336690658938 27141
3918 1791336690676275 24760
3919 1791336690697203 27492
3920 1791336690717912 23774
3921 1791336690738667 27181
3922 1791336690755586 25151
3923 1791336690777616 28359
3924 1791336690797161 23007
3925 1791336690818611 24359
3926 1791336690835662 28230
3927 1791336690852682 24022
3928 1791336690868624 20782
3929 1791336690890497 21871
3930 1791336690911507 20999
3931 1791336690939283 27957
3932 1791336690956623 28284
3933 1791336690974761 26333
3934 1791336690999128 27864
3935 1791336691009967 21309
3936 1791336691033382 23649
3937 1791336691055556 26986
3938 1791336691085629 33222
3939 1791336691096707 26574
3940 1791336691108180 20367
3941 1791336691130464 22279
3942 1791336691156690 26223
3943 1791336691171804 22232
3944 1791336691197412 25605
3945 1791336691218714 30138
3946 1791336691233264 24222
3947 1791336691254826 26887
3948 1791336691272031 24385
3949 1791336691298756 26721
3950 1791336691316826 28186
3951 1791336691336643 28133
3952 1791336691355804 24175
3953 1791336691374390 25845
3954 1791336691398837 28556
3955 1791336691415915 28246
3956 1791336691436651 28121
3957 1791336691450040 21639
3958 1791336691477683 27641
3959 1791336691497713 23998
3960 1791336691510144 20897
3961 1791336691537404 28342
3962 1791336691557780 27792
3963 1791336691576640 22831
3964 1791336691592717 24237
3965 1791336691615627 22906
3966 1791336691636579 26511
3967 1791336691662184 33641
3968 1791336691675424 27743
3969 1791336691694015 25652
3970 1791336691716885 22866
3971 1791336691737851 24284
3972 1791336691758719 26457
3973 1791336691774941 21993
3974 1791336691797643 27855
3975 1791336691816390 22733
3976 1791336691834979 22926
3977 1791336691850308 22113
3978 1791336691871985 23650
3979 1791336691896834 29285
3980 1791336691914419 25892
3981 1791336691932560 24273
3982 1791336691957923 25361
3983 1791336691975601 27199
3984 1791336691989309 21057
3985 1791336692009625 21239
3986 1791336692034244 26066
3987 1791336692057169 28697
3988 1791336692076741 28664
3989 1791336692097334 26418
3990 1791336692109442 20881
3991 1791336692131287 22942
3992 1791336692156767 25475
3993 1791336692175462 25793
3994 1791336692199369 28712
3995 1791336692217309 23315
3996 1791336692233570 23726
3997 1791336692248691 21093
3998 1791336692270287 22510
3999 1791336692297943 27652
4000 1791336692317610 25026
4001 1791336692332202 23500
4002 1791336692356728 24524
4003 1791336692375290 27829
4004 1791336692394867 26565
4005 1791336692410798 23040
4006 1791336692436388 25587
4007 1791336692460936 29563
4008 1791336692477070 27683
4009 1791336692495523 27245
4010 1791336692514412 25640
4011 1791336692530745 22271
4012 1791336692558472 27724
4013 1791336692578478 26905
4014 1791336692593990 22816
4015 1791336692612246 24558
4016 1791336692635510 23261
4017 1791336692652189 24270
4018 1791336692675885 23692
4019 1791336692695976 26892
4020 1791336692717834 25306
4021 1791336692739067 24576
4022 1791336692750917 22281
4023 1791336692769445 21120
4024 1791336692789377 21093
4025 1791336692810301 20964
4026 1791336692836531 27224
4027 1791336692849550 21615
4028 1791336692877050 27496
4029 1791336692895954 21998
4030 1791336692916345 26488
4031 1791336692935844 25185
4032 1791336692949578 21315
4033 1791336692976868 27286
4034 1791336692997145 26911
4035 1791336693018551 25380
4036 1791336693037830 27328
4037 1791336693058465 26786
4038 1791336693076860 25240
4039 1791336693097431 25007
4040 1791336693117610 24560
4041 1791336693132540 22466
4042 1791336693155782 25840
4043 1791336693173509 25706
4044 1791336693188832 20290
4045 1791336693209156 21458
4046 1791336693232544 23707
4047 1791336693253350 24898
4048 1791336693275877 28066
4049 1791336693295107 27363
4050 1791336693309307 21156
4051 1791336693336668 27357
4052 1791336693355535 28019
4053 1791336693374719 24840
4054 1791336693395850 26709
4055 1791336693414211 24954
4056 1791336693436858 27134
4057 1791336693455673 26755
4058 1791336693473107 24157
4059 1791336693490942 23008
4060 1791336693517405 28255
4061 1791336693533973 25595
4062 1791336693556974 28389
4063 1791336693576181 23702
4064 1791336693596552 24913
4065 1791336693616322 26240
4066 1791336693629904 21326
4067 1791336693656529 26619
4068 1791336693676309 27821
4069 1791336693693442 25265
4070 1791336693716566 28847
4071 1791336693735823 27309
4072 1791336693751501 22041
4073 1791336693773869 22364
4074 1791336693794542 26177
4075 1791336693816697 28110
4076 1791336693837371 28960
4077 1791336693855586 24288
4078 1791336693870728 22945
4079 1791336693897066 26335
4080 1791336693916761 26055
4081 1791336693931805 21490
4082 1791336693955852 25869
4083 1791336693984731 32584
4084 1791336693996021 27014
4085 1791336694017181 27551
4086 1791336694034162 20960
4087 1791336694048984 21238
4088 1791336694069413 21736
4089 1791336694096578 28099
4090 1791336694117022 28640
4091 1791336694133402 25450
4092 1791336694149562 20654
4093 1791336694176929 27363
4094 1791336694197940 28513
4095 1791336694215599 27109
4096 1791336694236795 25541
4097 1791336694255747 26025
4098 1791336694270792 22906
4099 1791336694295784 24977
4100 1791336694315086 27068
4101 1791336694334387 25699
4102 1791336694353513 24803
4103 1791336694370023 21915
4104 1791336694399110 30155
4105 1791336694415585 22587
4106 1791336694436576 26176
4107 1791336694450745 23042
4108 1791336694477178 26429
4109 1791336694495688 23032
4110 1791336694508710 21021
4111 1791336694536810 28097
4112 1791336694554564 25648
4113 1791336694573539 24924
4114 1791336694599871 30173
4115 1791336694626844 32003
4116 1791336694632161 24178
4117 1791336694649065 21068
4118 1791336694669569 22317
4119 1791336694690451 20981
4120 1791336694716722 27710
4121 1791336694736462 28091
4122 1791336694756376 27807
4123 1791336694770673 20870
4124 1791336694797806 30244
4125 1791336694817580 29034
4126 1791336694835565 26995
4127 1791336694856386 28005
4128 1791336694873560 25535
4129 1791336694896870 26113
4130 1791336694917324 26296
4131 1791336694935762 24243
4132 1791336694957845 28215
4133 1791336694976553 23937
4134 1791336694996416 27872
4135 1791336695015880 24857
4136 1791336695029728 22188
4137 1791336695055532 26022
4138 1791336695075399 25471
4139 1791336695101268 32865
4140 1791336695118962 22930
4141 1791336695133045 24492
4142 1791336695156638 23588
4143 1791336695176791 28371
4144 1791336695197838 28387
4145 1791336695212196 23838
# sent 4146 received 4146
