0 1791230409663073 27579
1 1791230409678562 20588
2 1791230409705805 27240
3 1791230409720204 20988
4 1791230409744916 25668
5 1791230409763321 23693
6 1791230409782738 23818
7 1791230409800103 20947
8 1791230409822684 22578
9 1791230409845666 27943
10 1791230409862499 22862
11 1791230409883877 26172
12 1791230409902446 23043
13 1791230409921459 22082
14 1791230409939735 22905
15 1791230409970127 30386
16 1791230409980692 24642
17 1791230409999855 23004
18 1791230410024998 25184
19 1791230410048535 28718
20 1791230410066532 28184
21 1791230410085512 24451
22 1791230410105881 26203
23 1791230410123033 23552
24 1791230410138316 21903
25 1791230410163626 25307
26 1791230410179348 20921
27 1791230410201228 21922
28 1791230410219380 22797
29 1791230410241931 22548
30 1791230410262058 22304
31 1791230410278918 21998
32 1791230410300814 23954
33 1791230410320133 24161
34 1791230410341327 21532
35 1791230410364019 22756
36 1791230410382122 22799
37 1791230410402002 23841
38 1791230410420099 22261
39 1791230410443230 23426
40 1791230410462441 25424
41 1791230410480001 22769
42 1791230410499531 22436
43 1791230410530050 30598
44 1791230410542071 22874
45 1791230410559011 22691
46 1791230410579835 20820
47 1791230410599313 21332
48 1791230410620900 24458
49 1791230410638873 21361
50 1791230410664274 25398
51 1791230410689644 29838
52 1791230410702022 24080
53 1791230410719884 23603
54 1791230410741054 23159
55 1791230410763339 26835
56 1791230410785415 25734
57 1791230410801865 22352
58 1791230410823047 24541
59 1791230410842009 22763
60 1791230410862940 25676
61 1791230410880660 22715
62 1791230410899324 22584
63 1791230410920325 22519
64 1791230410940881 23121
65 1791230410960905 22637
66 1791230410980173 23784
67 1791230411000996 20821
68 1791230411020234 23634
69 1791230411041310 21073
70 1791230411060866 24145
71 1791230411084845 23975
72 1791230411103564 23489
73 1791230411125008 26450
74 1791230411141843 21770
75 1791230411161432 24588
76 1791230411181226 23484
77 1791230411200244 22166
78 1791230411222001 21753
79 1791230411241858 23266
80 1791230411260573 21998
81 1791230411282217 26168
82 1791230411300751 22278
83 1791230411322907 26074
84 1791230411339431 21793
85 1791230411364907 26375
86 1791230411383381 23899
87 1791230411400687 21667
88 1791230411422517 23734
89 1791230411440343 21607
90 1791230411463719 23373
91 1791230411483377 23792
92 1791230411501996 22633
93 1791230411523979 24782
94 1791230411548963 29738
95 1791230411561769 21525
96 1791230411585080 29039
97 1791230411601927 22290
98 1791230411617676 21128
99 1791230411640984 23354
100 1791230411660627 24779
101 1791230411680149 22494
102 1791230411700725 23651
103 1791230411730736 33664
104 1791230411740791 24755
105 1791230411759377 22514
106 1791230411784183 24801
107 1791230411802732 22457
108 1791230411826271 27385
109 1791230411846089 25809
110 1791230411864066 23683
111 1791230411882645 25724
112 1791230411901235 22139
113 1791230411924672 26966
114 1791230411942116 22526
115 1791230411962898 22494
116 1791230411979997 20788
117 1791230411999841 21467
118 1791230412019925 23029
119 1791230412045477 25549
120 1791230412062440 22886
121 1791230412082142 23490
122 1791230412105885 27004
123 1791230412124188 23592
124 1791230412144725 25045
125 1791230412161949 22850
126 1791230412179788 20900
127 1791230412202449 22658
128 1791230412222385 24378
129 1791230412240271 21359
130 1791230412261927 21652
131 1791230412279912 20794
132 1791230412302265 24481
133 1791230412330115 31459
134 1791230412341968 24780
135 1791230412359446 22525
136 1791230412381965 22515
137 1791230412402009 24164
138 1791230412419836 22621
139 1791230412446523 26680
140 1791230412460993 21643
141 1791230412482509 21513
142 1791230412502394 23496
143 1791230412517884 21271
144 1791230412540088 22201
145 1791230412558774 22484
146 1791230412584365 25588
147 1791230412602416 22762
148 1791230412620186 22608
149 1791230412643960 23768
150 1791230412663493 23627
151 1791230412682331 23406
152 1791230412701483 25495
153 1791230412719165 22045
154 1791230412740678 21509
155 1791230412764804 25782
156 1791230412779533 22188
157 1791230412804448 28530
158 1791230412821424 22149
159 1791230412839602 21568
160 1791230412860739 22285
161 1791230412884408 26687
162 1791230412903391 25153
163 1791230412923626 24815
164 1791230412942095 22585
165 1791230412964053 21956
166 1791230412986492 26717
167 1791230413003270 22402
168 1791230413020723 24465
169 1791230413045048 27660
170 1791230413064821 25583
171 1791230413084587 24383
172 1791230413099982 22015
173 1791230413123621 23635
174 1791230413142196 23645
175 1791230413159582 22764
176 1791230413182299 22763
177 1791230413202562 23886
178 1791230413223315 24279
179 1791230413241894 26190
180 1791230413264835 26047
181 1791230413285089 24844
182 1791230413306771 26331
183 1791230413323679 23364
184 1791230413340822 24376
185 1791230413365195 24424
186 1791230413382164 22229
187 1791230413400028 22259
188 1791230413430076 30280
189 1791230413442909 24448
190 1791230413461381 23943
191 1791230413478980 21792
192 1791230413500266 23200
193 1791230413523289 23020
194 1791230413546480 28475
195 1791230413564296 25338
196 1791230413582223 23286
197 1791230413601021 21870
198 1791230413619624 21401
199 1791230413644401 24775
200 1791230413662627 24199
201 1791230413682105 24795
202 1791230413702436 23985
203 1791230413722323 23396
204 1791230413744395 25911
205 1791230413761237 22271
206 1791230413782337 25184
207 1791230413801026 23014
208 1791230413819842 20919
209 1791230413841203 24406
210 1791230413862993 25489
211 1791230413880227 20806
212 1791230413907692 28423
213 1791230413920288 23197
214 1791230413944941 24718
215 1791230413963123 22832
216 1791230413982228 22901
217 1791230414001535 22280
218 1791230414018821 20986
219 1791230414043144 24320
220 1791230414059090 21187
221 1791230414087919 28826
222 1791230414106526 26169
223 1791230414119932 21743
224 1791230414143008 24053
225 1791230414164179 25301
226 1791230414180780 23222
227 1791230414201168 23393
228 1791230414219848 21957
229 1791230414245767 25972
230 1791230414259234 23055
231 1791230414280094 24063
232 1791230414302066 25259
233 1791230414320226 23054
234 1791230414340848 20611
235 1791230414364284 23487
236 1791230414382189 22470
237 1791230414402333 23778
238 1791230414421823 22631
239 1791230414442978 24520
240 1791230414462289 22749
241 1791230414482760 22530
242 1791230414502083 23762
243 1791230414520047 21193
244 1791230414542157 22156
245 1791230414560113 21342
246 1791230414581123 22208
247 1791230414604603 23522
248 1791230414619910 21076
249 1791230414640090 22926
250 1791230414660407 22549
251 1791230414680478 22405
252 1791230414702244 21760
253 1791230414720009 21167
254 1791230414745295 25953
255 1791230414762965 24354
256 1791230414780648 22615
257 1791230414801824 21173
258 1791230414829372 29193
259 1791230414839516 23094
260 1791230414862246 22777
261 1791230414884451 22192
262 1791230414902002 21949
263 1791230414920897 22249
264 1791230414937928 21091
265 1791230414962367 24718
266 1791230414979994 23000
267 1791230415003167 23171
268 1791230415026191 27295
269 1791230415040892 20899
270 1791230415062165 25216
271 1791230415081952 25732
272 1791230415102014 22452
273 1791230415118858 22684
274 1791230415143076 26882
275 1791230415164689 26243
276 1791230415178519 21985
277 1791230415200177 21654
278 1791230415220116 23404
279 1791230415240998 24261
280 1791230415260383 23330
281 1791230415280663 24522
282 1791230415302212 25312
283 1791230415322739 26651
284 1791230415339303 21230
285 1791230415358850 21653
286 1791230415386191 27337
287 1791230415406980 27632
288 1791230415422277 22346
289 1791230415441503 24392
290 1791230415460256 23447
291 1791230415480938 24857
292 1791230415498165 21737
293 1791230415524550 26380
294 1791230415541314 20866
295 1791230415560286 24267
296 1791230415582230 21941
297 1791230415600332 21201
298 1791230415625214 25102
299 1791230415641481 21374
300 1791230415658015 21096
301 1791230415681104 23176
302 1791230415701342 24026
303 1791230415720356 23291
304 1791230415741904 21543
305 1791230415759902 20741
306 1791230415782147 22242
307 1791230415802380 25197
308 1791230415821939 23115
309 1791230415842287 23597
310 1791230415862484 23940
311 1791230415882146 23080
312 1791230415899976 21481
313 1791230415919898 22720
314 1791230415944019 26587
315 1791230415957605 21405
316 1791230415982409 24800
317 1791230416003606 24511
318 1791230416021925 22872
319 1791230416038181 20999
320 1791230416059088 20905
321 1791230416080963 21870
322 1791230416102276 21388
323 1791230416123123 25501
324 1791230416146000 26342
325 1791230416160881 21293
326 1791230416181709 24960
327 1791230416200839 24514
328 1791230416223849 27131
329 1791230416241945 25916
330 1791230416260972 24767
331 1791230416285187 24211
332 1791230416297706 20869
333 1791230416318587 22080
334 1791230416343213 26727
335 1791230416360617 21328
336 1791230416377200 20652
337 1791230416402086 26264
338 1791230416418942 21655
339 1791230416439856 21013
340 1791230416460821 23206
341 1791230416480881 24192
342 1791230416501444 25234
343 1791230416521977 23909
344 1791230416545672 27338
345 1791230416560680 22136
346 1791230416585174 28555
347 1791230416600943 23945
348 1791230416617487 20668
349 1791230416640590 23216
350 1791230416659431 21863
351 1791230416681986 22551
352 1791230416701337 24537
353 1791230416724153 27354
354 1791230416742498 22770
355 1791230416761009 21732
356 1791230416782550 25530
357 1791230416802264 25380
358 1791230416823084 27190
359 1791230416842136 24871
360 1791230416862757 24741
361 1791230416879858 22318
362 1791230416903335 23475
363 1791230416921055 21333
364 1791230416941850 20789
365 1791230416962406 22716
366 1791230416980896 24138
367 1791230417000234 23623
368 1791230417022110 25591
369 1791230417042005 24765
370 1791230417061594 22505
371 1791230417082438 20944
372 1791230417103814 25459
373 1791230417123149 24037
374 1791230417145106 26193
375 1791230417161308 22457
376 1791230417180190 23193
377 1791230417200178 22033
378 1791230417222297 25078
379 1791230417238270 21652
380 1791230417259800 21527
381 1791230417285056 25252
382 1791230417299725 23638
383 1791230417324640 24911
384 1791230417346498 26778
385 1791230417364120 23659
386 1791230417381890 22276
387 1791230417402169 24347
388 1791230417428181 28872
389 1791230417439993 22044
390 1791230417465628 25744
391 1791230417482200 21466
392 1791230417500743 21607
393 1791230417520782 22262
394 1791230417540979 25097
395 1791230417562365 25451
396 1791230417585513 28765
397 1791230417610058 29460
398 1791230417621263 25299
399 1791230417641139 23933
400 1791230417660430 22183
401 1791230417690060 31627
402 1791230417701278 23131
403 1791230417726947 25666
404 1791230417745991 27485
405 1791230417765456 25908
406 1791230417782769 23573
407 1791230417811786 33803
408 1791230417827445 30864
409 1791230417856467 37382
410 1791230417868607 31494
411 1791230417887535 31066
412 1791230417906059 29094
413 1791230417920850 23037
414 1791230417948471 27615
415 1791230417971025 31991
416 1791230417990272 30488
417 1791230418004367 25284
418 1791230418030806 32184
419 1791230418045367 24989
420 1791230418072412 32375
421 1791230418083704 22463
422 1791230418109897 31542
423 1791230418123022 26027
424 1791230418149763 31885
425 1791230418165449 28882
426 1791230418197011 37131
427 1791230418208258 28037
428 1791230418223268 26253
429 1791230418243779 25124
430 1791230418270238 30781
431 1791230418292022 32335
432 1791230418310100 29315
433 1791230418323224 26868
434 1791230418346885 27889
435 1791230418362829 25833
436 1791230418386648 23814
437 1791230418409063 27026
438 1791230418429824 31367
439 1791230418440252 24019
440 1791230418465552 29544
441 1791230418482542 25015
442 1791230418500226 21890
443 1791230418522242 22635
444 1791230418546916 30235
445 1791230418564533 25472
446 1791230418589391 32114
447 1791230418602114 26055
448 1791230418625329 28353
449 1791230418646085 29465
450 1791230418670834 30589
451 1791230418681458 24484
452 1791230418703635 27733
453 1791230418725542 28376
454 1791230418743526 25855
455 1791230418769106 30629
456 1791230418791662 33247
457 1791230418809657 30678
458 1791230418823859 25226
459 1791230418839332 22873
460 1791230418864218 24883
461 1791230418881639 22974
462 1791230418910249 28595
463 1791230418922667 26008
464 1791230418945041 28187
465 1791230418971660 32111
466 1791230418990781 31561
467 1791230419012772 33270
468 1791230419030528 30094
469 1791230419049979 31131
470 1791230419069026 30668
471 1791230419080617 23573
472 1791230419103499 26272
473 1791230419125973 27970
474 1791230419147227 30664
475 1791230419170224 28142
476 1791230419189891 31241
477 1791230419210114 30888
478 1791230419238415 39028
479 1791230419256645 36433
480 1791230419281129 42711
481 1791230419297224 40576
482 1791230419317099 41253
483 1791230419341026 43796
484 1791230419366659 49556
485 1791230419400948 59918
486 1791230419412357 56033
487 1791230419430503 53661
488 1791230419450821 49869
489 1791230419477939 59117
490 1791230419492878 53936
491 1791230419516779 58411
492 1791230419538237 60296
493 1791230419563006 65084
494 1791230419580550 63768
495 1791230419602029 63788
496 1791230419621755 61983
497 1791230419643497 62944
498 1791230419662658 66712
499 1791230419685677 63910
500 1791230419700346 61254
501 1791230419731038 71785
502 1791230419756129 75771
503 1791230419771587 71409
504 1791230419789766 70041
505 1791230419810215 70286
506 1791230419831131 75000
507 1791230419842705 63361
508 1791230419870247 70274
509 1791230419887698 71347
510 1791230419910047 71731
511 1791230419932330 75954
512 1791230419959164 76624
513 1791230419971456 72154
514 1791230419990465 71387
515 1791230420015276 76951
516 1791230420032581 73414
517 1791230420060412 80411
518 1791230420073491 75715
519 1791230420100776 82042
520 1791230420124183 84345
521 1791230420143446 86158
522 1791230420157482 81376
523 1791230420182417 81639
524 1791230420192846 73603
525 1791230420219153 79905
526 1791230420243765 86412
527 1791230420264767 86371
528 1791230420292616 95807
529 1791230420313387 96093
530 1791230420313391 76344
531 1791230420344493 83935
532 1791230420364587 84416
533 1791230420390900 90872
534 1791230420407443 87544
535 1791230420423333 83188
536 1791230420443567 87820
537 1791230420468146 91294
538 1791230420489433 93057
539 1791230420510942 91354
540 1791230420531174 91983
541 1791230420551905 94268
542 1791230420570502 91676
543 1791230420594216 97412
544 1791230420607429 89561
545 1791230420638434 97044
546 1791230420660012 101138
547 1791230420674060 93259
548 1791230420697715 96688
549 1791230420717923 101278
550 1791230420735283 96845
551 1791230420755679 99519
552 1791230420775552 96206
553 1791230420800366 102647
554 1791230420821252 103326
555 1791230420845682 106302
556 1791230420863293 107611
557 1791230420882243 106688
558 1791230420892921 96812
559 1791230420918837 99585
560 1791230420939690 100686
561 1791230420961290 97994
562 1791230420976535 98393
563 1791230421002864 104843
564 1791230421023166 104326
565 1791230421042595 102902
566 1791230421058368 101554
567 1791230421079963 103424
568 1791230421100644 101616
569 1791230421130382 110347
570 1791230421145249 106920
571 1791230421165429 107232
572 1791230421188141 108478
573 1791230421209546 108899
574 1791230421233199 113740
575 1791230421250657 109957
576 1791230421271104 114071
577 1791230421292044 114936
578 1791230421310932 112816
579 1791230421329574 108208
580 1791230421349890 109870
581 1791230421366264 106817
582 1791230421390259 110327
583 1791230421410779 111820
584 1791230421432207 112944
585 1791230421453961 118025
586 1791230421469859 112534
587 1791230421489376 112791
588 1791230421512925 115343
589 1791230421532134 112433
590 1791230421551990 111656
591 1791230421573644 115935
592 1791230421589298 113329
593 1791230421618142 118095
594 1791230421637921 120169
595 1791230421660102 122956
596 1791230421678856 119592
597 1791230421694263 115487
598 1791230421712565 114100
599 1791230421736109 117964
600 1791230421750526 112602
601 1791230421766984 110743
602 1791230421790794 111935
603 1791230421814190 113601
604 1791230421830783 113422
605 1791230421844797 108684
606 1791230421865356 109395
607 1791230421889337 110251
608 1791230421901989 103441
609 1791230421920893 100429
610 1791230421939720 103775
611 1791230421958680 101870
612 1791230421978572 99629
613 1791230421999321 101287
614 1791230422010342 91461
615 1791230422036746 97023
616 1791230422048918 90220
617 1791230422063473 84898
618 1791230422080058 80991
619 1791230422096692 78735
620 1791230422111292 74543
621 1791230422133121 72672
622 1791230422148934 68873
623 1791230422163087 66392
624 1791230422185735 66176
625 1791230422201105 62560
626 1791230422220399 63289
627 1791230422236544 55978
628 1791230422251294 53546
629 1791230422272278 55831
630 1791230422282969 46422
631 1791230422302879 42758
632 1791230422324764 47689
633 1791230422342438 39915
634 1791230422357396 38782
635 1791230422380506 38066
636 1791230422391586 34184
637 1791230422409991 29481
638 1791230422428553 30131
639 1791230422441737 24719
640 1791230422470871 30383
641 1791230422483027 22554
642 1791230422504792 26888
643 1791230422525864 26816
644 1791230422556431 38217
645 1791230422571328 34973
646 1791230422582129 25695
647 1791230422603412 26409
648 1791230422630078 31856
649 1791230422647697 30980
650 1791230422665656 28419
651 1791230422689954 29515
652 1791230422717358 38079
653 1791230422728067 29129
654 1791230422738892 21531
655 1791230422764731 25830
656 1791230422785186 28554
657 1791230422811733 33087
658 1791230422823580 23610
659 1791230422848395 29638
660 1791230422871425 29257
661 1791230422883665 24113
662 1791230422905091 27907
663 1791230422930128 31047
664 1791230422942313 23165
665 1791230422964893 24842
666 1791230422984319 27834
667 1791230423007268 31255
668 1791230423038008 37877
669 1791230423048716 27356
670 1791230423065246 27235
671 1791230423080844 24764
672 1791230423110147 29300
673 1791230423127404 28863
674 1791230423144790 28380
675 1791230423172626 33799
676 1791230423190090 29985
677 1791230423200344 24518
678 1791230423231376 31576
679 1791230423241959 25452
680 1791230423260669 24012
681 1791230423291181 30756
682 1791230423310048 30034
683 1791230423325879 25826
684 1791230423345533 29150
685 1791230423365527 25280
686 1791230423381083 24650
687 1791230423402479 24595
688 1791230423429430 29200
689 1791230423451921 35282
690 1791230423471889 31867
691 1791230423500023 38941
692 1791230423514363 33148
693 1791230423525238 25211
694 1791230423546908 24000
695 1791230423569838 29135
696 1791230423584288 24756
697 1791230423608796 29608
698 1791230423624479 26146
699 1791230423644999 26968
700 1791230423671132 31838
701 1791230423690676 32296
702 1791230423702393 25343
703 1791230423732192 35206
704 1791230423758178 37033
705 1791230423775360 35378
706 1791230423799164 43012
707 1791230423824062 43183
708 1791230423841923 42754
709 1791230423864853 47673
710 1791230423890790 54647
711 1791230423909833 53079
712 1791230423938386 59200
713 1791230423958040 61854
714 1791230423989574 69585
715 1791230424010361 71971
716 1791230424035081 77036
717 1791230424058056 79172
718 1791230424080768 81514
719 1791230424105268 84657
720 1791230424130635 93883
721 1791230424151177 93118
722 1791230424176181 97738
723 1791230424205995 108684
724 1791230424222464 102134
725 1791230424245258 107170
726 1791230424269176 111821
727 1791230424291013 114827
728 1791230424321999 121806
729 1791230424333770 116111
730 1791230424355058 118379
731 1791230424374345 115978
732 1791230424400340 121042
733 1791230424419544 118611
734 1791230424434785 117952
735 1791230424456379 119450
736 1791230424472471 115994
737 1791230424500958 121768
738 1791230424520119 120042
739 1791230424532909 113362
740 1791230424559837 119551
741 1791230424588127 131744
742 1791230424600859 120427
743 1791230424620030 122054
744 1791230424639859 121832
745 1791230424659967 123967
746 1791230424679428 119588
747 1791230424701121 123672
748 1791230424720533 122008
749 1791230424741487 121454
750 1791230424759331 119469
751 1791230424779667 119696
752 1791230424798677 122009
753 1791230424816614 119376
754 1791230424841965 125664
755 1791230424863938 122447
756 1791230424882462 123124
757 1791230424900517 123714
758 1791230424921776 123096
759 1791230424939793 123176
760 1791230424961172 124077
761 1791230424982341 123377
762 1791230425004195 126128
763 1791230425023278 126468
764 1791230425045700 127558
765 1791230425062994 123196
766 1791230425080295 123420
767 1791230425099256 120730
768 1791230425122679 123924
769 1791230425131101 114425
770 1791230425150223 111921
771 1791230425162857 106854
772 1791230425186372 110014
773 1791230425212593 113455
774 1791230425223356 106096
775 1791230425240832 101234
776 1791230425265629 107416
777 1791230425278316 98404
778 1791230425300139 102926
779 1791230425312938 96979
780 1791230425331197 91504
781 1791230425351491 91585
782 1791230425361865 83547
783 1791230425384942 84800
784 1791230425402166 83376
785 1791230425420677 79668
786 1791230425433226 76158
787 1791230425444464 68502
788 1791230425462423 62343
789 1791230425480150 59468
790 1791230425495947 56732
791 1791230425512581 54567
792 1791230425528125 50412
793 1791230425542901 46950
794 1791230425559086 41748
795 1791230425572013 33737
796 1791230425590599 33476
797 1791230425603132 25156
798 1791230425626327 30048
799 1791230425649358 31141
800 1791230425671827 33524
801 1791230425690817 31634
802 1791230425709599 30282
803 1791230425739313 41323
804 1791230425751079 32789
805 1791230425763678 24359
806 1791230425791482 33657
807 1791230425808607 29378
808 1791230425829560 29118
809 1791230425845202 28583
810 1791230425871550 31629
811 1791230425886778 28684
812 1791230425910166 29667
813 1791230425932486 32587
814 1791230425953464 32932
815 1791230425974623 35125
816 1791230425990664 30094
817 1791230426010343 34535
818 1791230426030445 34020
819 1791230426042681 26132
820 1791230426061575 22352
821 1791230426082630 25493
822 1791230426102227 25366
823 1791230426126888 29801
824 1791230426152409 32524
825 1791230426170205 29507
826 1791230426191088 31350
827 1791230426212665 32719
828 1791230426232238 32711
829 1791230426249876 29762
830 1791230426261171 22232
831 1791230426283593 26886
832 1791230426304016 27353
833 1791230426328178 30426
834 1791230426355419 34564
835 1791230426365816 25770
836 1791230426391505 30474
837 1791230426410948 30011
838 1791230426430888 30446
839 1791230426443912 26725
840 1791230426467561 28611
841 1791230426482904 25345
842 1791230426510706 33745
843 1791230426526748 28138
844 1791230426544648 26176
845 1791230426568317 31107
846 1791230426594231 36184
847 1791230426612625 31918
848 1791230426632244 32919
849 1791230426651293 30941
850 1791230426671023 31051
851 1791230426692044 33322
852 1791230426704710 27338
853 1791230426731022 31590
854 1791230426741779 25457
855 1791230426770832 31679
856 1791230426786962 29188
857 1791230426805108 28763
858 1791230426831164 31292
859 1791230426849135 28531
860 1791230426869908 32625
861 1791230426890082 29159
862 1791230426910190 31823
863 1791230426930650 32581
864 1791230426943659 25284
865 1791230426960750 24839
866 1791230426985419 26822
867 1791230427003354 26591
868 1791230427029272 30303
869 1791230427044037 24976
870 1791230427068867 31838
871 1791230427090689 29774
872 1791230427104167 24803
873 1791230427131143 32833
874 1791230427142902 22651
875 1791230427169502 29330
876 1791230427179840 23441
877 1791230427210760 31436
878 1791230427235799 37455
879 1791230427258633 40636
880 1791230427279880 44078
881 1791230427298251 39615
882 1791230427325644 45761
883 1791230427345738 47482
884 1791230427371039 49375
885 1791230427389491 53479
886 1791230427420674 60861
887 1791230427442345 62931
888 1791230427464703 65609
889 1791230427492272 71591
890 1791230427519807 77458
891 1791230427531216 70873
892 1791230427562564 82226
893 1791230427573233 73256
894 1791230427592531 72778
895 1791230427621680 85334
896 1791230427625102 62532
897 1791230427640631 61877
898 1791230427667923 68641
899 1791230427690656 68970
900 1791230427715611 76614
901 1791230427740849 78555
902 1791230427760156 81763
903 1791230427779436 80368
904 1791230427795207 79593
905 1791230427813670 77305
906 1791230427840921 80761
907 1791230427852370 75485
908 1791230427884411 84433
909 1791230427906244 88315
910 1791230427923056 83012
911 1791230427939849 80037
912 1791230427963738 87754
913 1791230427984711 87778
914 1791230428004283 84957
915 1791230428023507 84304
916 1791230428045815 87913
917 1791230428069720 89994
918 1791230428091032 92313
919 1791230428110569 90993
920 1791230428128888 90434
921 1791230428151333 94932
922 1791230428170743 91530
923 1791230428192408 92124
924 1791230428211726 93774
925 1791230428240861 102037
926 1791230428251009 94105
927 1791230428272328 96345
928 1791230428293788 93505
929 1791230428321453 102496
930 1791230428336595 95822
931 1791230428352608 96041
932 1791230428371127 93564
933 1791230428397054 96165
934 1791230428420412 98955
935 1791230428433999 97435
936 1791230428457183 100789
937 1791230428474366 97529
938 1791230428500530 103646
939 1791230428523347 102930
940 1791230428545753 104861
941 1791230428560551 103366
942 1791230428579473 102889
943 1791230428602177 103711
944 1791230428624094 105892
945 1791230428650892 110933
946 1791230428669036 108481
947 1791230428683356 103880
948 1791230428700994 104198
949 1791230428720670 101436
950 1791230428748879 108854
951 1791230428765617 109198
952 1791230428796533 117254
953 1791230428807806 107624
954 1791230428823868 103196
955 1791230428845950 109030
956 1791230428870601 111237
957 1791230428894311 113343
958 1791230428906530 110386
959 1791230428933419 113968
960 1791230428957113 117142
961 1791230428967907 109567
962 1791230428991334 114175
963 1791230429005464 107643
964 1791230429025083 108164
965 1791230429050902 111069
966 1791230429072413 115669
967 1791230429094537 114441
968 1791230429115058 116953
969 1791230429134771 114842
970 1791230429160601 120715
971 1791230429175150 114501
972 1791230429193063 114422
973 1791230429210406 114057
974 1791230429238077 120511
975 1791230429256041 119891
976 1791230429276793 120259
977 1791230429290117 112841
978 1791230429309534 109962
979 1791230429328628 110688
980 1791230429349531 111450
981 1791230429365764 109719
982 1791230429386216 109419
983 1791230429409026 111826
984 1791230429433498 115488
985 1791230429451252 112743
986 1791230429464279 105706
987 1791230429484636 108715
988 1791230429503400 105911
989 1791230429522760 104430
990 1791230429543206 107118
991 1791230429560978 101493
992 1791230429578786 99513
993 1791230429595916 99345
994 1791230429615242 98122
995 1791230429630210 93975
996 1791230429649634 92889
997 1791230429665040 86251
998 1791230429680752 84830
999 1791230429699532 82204
1000 1791230429718964 80517
1001 1791230429738739 79744
1002 1791230429749864 73014
1003 1791230429770818 71283
1004 1791230429792708 74099
1005 1791230429810051 71309
1006 1791230429822877 63641
1007 1791230429841027 64146
1008 1791230429861332 62407
1009 1791230429880397 62329
1010 1791230429891396 55323
1011 1791230429910702 53632
1012 1791230429934822 55437
1013 1791230429949753 50698
1014 1791230429963271 44411
1015 1791230429980741 42747
1016 1791230429998563 41341
1017 1791230430015293 38051
1018 1791230430031972 35801
1019 1791230430054113 37507
1020 1791230430069367 33233
1021 1791230430090578 31728
1022 1791230430109645 29951
1023 1791230430127246 29327
1024 1791230430150552 28589
1025 1791230430170680 31038
1026 1791230430182697 25334
1027 1791230430205897 24639
1028 1791230430224756 28711
1029 1791230430245383 26480
1030 1791230430262493 25625
1031 1791230430289894 28865
1032 1791230430302592 25851
1033 1791230430323954 27784
1034 1791230430352196 33241
1035 1791230430370766 30815
1036 1791230430381304 24049
1037 1791230430407525 29325
1038 1791230430430443 30142
1039 1791230430453634 34527
1040 1791230430469924 33079
1041 1791230430489026 28934
1042 1791230430507400 30921
1043 1791230430530371 30428
1044 1791230430546378 28070
1045 1791230430572726 30931
1046 1791230430599789 39556
1047 1791230430613161 33208
1048 1791230430633645 33853
1049 1791230430650067 32657
1050 1791230430670821 31168
1051 1791230430685074 28131
1052 1791230430700958 24665
1053 1791230430724804 27275
1054 1791230430747075 30757
1055 1791230430763244 24233
1056 1791230430789856 30662
1057 1791230430809904 29727
1058 1791230430820841 24684
1059 1791230430850223 31933
1060 1791230430864846 27680
1061 1791230430887043 27665
1062 1791230430904489 26070
1063 1791230430921149 22503
1064 1791230430950760 29604
1065 1791230430961252 24897
1066 1791230430983466 25781
1067 1791230431013602 35577
1068 1791230431025275 26258
1069 1791230431050982 30943
1070 1791230431076057 36017
1071 1791230431088379 31713
1072 1791230431114774 38714
1073 1791230431139979 39383
1074 1791230431161060 43927
1075 1791230431183110 43127
1076 1791230431202236 45901
1077 1791230431229503 49678
1078 1791230431252577 53833
1079 1791230431268832 51790
1080 1791230431297315 59846
1081 1791230431321233 62720
1082 1791230431351189 70133
1083 1791230431360550 63231
1084 1791230431390351 72228
1085 1791230431413287 73891
1086 1791230431442217 82353
1087 1791230431452430 76281
1088 1791230431474596 76428
1089 1791230431498390 79315
1090 1791230431522899 80678
1091 1791230431532820 72577
1092 1791230431552892 72933
1093 1791230431579284 80911
1094 1791230431593212 75013
1095 1791230431619578 80013
1096 1791230431642877 83435
1097 1791230431656556 79424
1098 1791230431683093 85535
1099 1791230431704517 87968
1100 1791230431715483 79372
1101 1791230431738049 81626
1102 1791230431760324 84072
1103 1791230431790124 90577
1104 1791230431802066 84222
1105 1791230431819630 83199
1106 1791230431842774 82446
1107 1791230431863562 86934
1108 1791230431880415 81088
1109 1791230431910670 91037
1110 1791230431921361 80996
1111 1791230431942217 82991
1112 1791230431963076 82658
1113 1791230431980263 82982
1114 1791230432010673 89301
1115 1791230432032137 93728
1116 1791230432044719 86462
1117 1791230432073623 93405
1118 1791230432092131 94473
1119 1791230432112008 95761
1120 1791230432131161 91297
1121 1791230432152365 93932
1122 1791230432179164 98683
1123 1791230432189433 92601
1124 1791230432217392 100360
1125 1791230432232549 95224
1126 1791230432253899 95879
1127 1791230432281060 101890
1128 1791230432291534 92396
1129 1791230432306032 89048
1130 1791230432331940 95626
1131 1791230432352754 95493
1132 1791230432372752 91690
1133 1791230432397728 101981
1134 1791230432422266 101795
1135 1791230432453320 113063
1136 1791230432460793 101968
1137 1791230432480550 101647
1138 1791230432498122 100391
1139 1791230432522300 101562
1140 1791230432544169 103738
1141 1791230432554398 97881
1142 1791230432584195 103642
1143 1791230432604261 106134
1144 1791230432626897 107180
1145 1791230432641812 102151
1146 1791230432664790 105431
1147 1791230432683419 104959
1148 1791230432704259 106785
1149 1791230432732067 111693
1150 1791230432742629 105654
1151 1791230432763196 104268
1152 1791230432782392 105951
1153 1791230432802232 104096
1154 1791230432830775 112694
1155 1791230432857457 119165
1156 1791230432863658 107811
1157 1791230432889737 112781
1158 1791230432913826 113994
1159 1791230432937052 118128
1160 1791230432950236 112106
1161 1791230432962225 104754
1162 1791230432981126 104159
1163 1791230433002701 101647
1164 1791230433016017 95880
1165 1791230433016037 79689
1166 1791230433016040 59564
1167 1791230433016043 35586
1168 1791230433029720 29375
1169 1791230433042717 26697
1170 1791230433060420 24146
1171 1791230433080585 24178
1172 1791230433100366 22692
1173 1791230433119120 22287
1174 1791230433144257 25135
1175 1791230433164682 24898
1176 1791230433189356 28969
1177 1791230433199958 22284
1178 1791230433219556 22754
1179 1791230433241559 22000
1180 1791230433262540 23211
1181 1791230433280914 25043
1182 1791230433302336 24433
1183 1791230433322019 25114
1184 1791230433342990 23577
1185 1791230433365189 26321
1186 1791230433383951 24769
1187 1791230433400703 22570
1188 1791230433419560 22387
1189 1791230433449140 29710
1190 1791230433460144 21609
1191 1791230433488582 31933
1192 1791230433506510 27991
1193 1791230433523309 22978
1194 1791230433542077 23173
1195 1791230433564220 27374
1196 1791230433580758 20821
1197 1791230433600195 22748
1198 1791230433622551 23256
1199 1791230433645681 26967
1200 1791230433663368 23961
1201 1791230433681020 22108
1202 1791230433710898 31357
1203 1791230433722088 25763
1204 1791230433738636 22560
1205 1791230433762822 24182
1206 1791230433781411 22620
1207 1791230433803355 24553
1208 1791230433822746 23204
1209 1791230433839987 22989
1210 1791230433863207 23265
1211 1791230433880080 21715
1212 1791230433907209 27173
1213 1791230433920280 21017
1214 1791230433942758 22474
1215 1791230433959123 21949
1216 1791230433981676 22550
1217 1791230433998810 21491
1218 1791230434020330 21516
1219 1791230434039663 22670
1220 1791230434065712 26098
1221 1791230434087543 26750
1222 1791230434097942 22142
1223 1791230434121343 24594
1224 1791230434139068 20731
1225 1791230434161803 22731
1226 1791230434181137 23682
1227 1791230434202415 21275
1228 1791230434222453 24045
1229 1791230434240748 21903
1230 1791230434264447 23695
1231 1791230434283652 23684
1232 1791230434303531 23516
1233 1791230434324487 24710
1234 1791230434340114 22031
1235 1791230434363133 23015
1236 1791230434383392 25081
1237 1791230434401420 23088
1238 1791230434419552 21645
1239 1791230434443325 23769
1240 1791230434462495 23861
1241 1791230434480338 22722
1242 1791230434500276 23855
1243 1791230434521860 24521
1244 1791230434542404 25197
1245 1791230434557586 20807
1246 1791230434581160 23620
1247 1791230434600227 23524
1248 1791230434630532 30302
1249 1791230434642999 25151
1250 1791230434659459 22344
1251 1791230434684713 25355
1252 1791230434702580 23481
1253 1791230434723767 25334
1254 1791230434739699 23863
1255 1791230434764926 25278
1256 1791230434787129 30204
1257 1791230434807323 26042
1258 1791230434825052 26175
1259 1791230434845639 25748
1260 1791230434864804 25986
1261 1791230434888886 28824
1262 1791230434908165 29742
1263 1791230434920216 23730
1264 1791230434940784 20564
1265 1791230434964547 24889
1266 1791230434980452 20769
1267 1791230435000894 25119
1268 1791230435019826 21970
1269 1791230435047166 30908
1270 1791230435058219 21714
1271 1791230435089012 31178
1272 1791230435100204 22306
1273 1791230435119968 21947
1274 1791230435140942 20971
1275 1791230435160292 23020
1276 1791230435181359 21063
1277 1791230435201024 22919
1278 1791230435223818 26984
1279 1791230435244956 25734
1280 1791230435260903 20713
1281 1791230435279496 22403
1282 1791230435300346 20847
1283 1791230435321892 25834
1284 1791230435340191 23428
1285 1791230435360365 24260
1286 1791230435381413 22982
1287 1791230435399488 23052
1288 1791230435421241 21750
1289 1791230435438844 22940
1290 1791230435459750 20984
1291 1791230435489819 30065
1292 1791230435499183 20879
1293 1791230435517892 20834
1294 1791230435542420 24526
1295 1791230435559803 21037
1296 1791230435581059 21252
1297 1791230435603064 22003
1298 1791230435617772 20842
1299 1791230435642696 24921
1300 1791230435669484 28786
1301 1791230435682248 25585
1302 1791230435701539 22378
1303 1791230435722877 24345
1304 1791230435738578 20929
1305 1791230435764600 26085
1306 1791230435783637 24018
1307 1791230435809768 31499
1308 1791230435823120 25240
1309 1791230435840513 22040
1310 1791230435863199 22683
1311 1791230435880377 20984
1312 1791230435906144 25764
1313 1791230435922053 21381
1314 1791230435948192 30627
1315 1791230435959455 21633
1316 1791230435982083 25231
1317 1791230436000660 21144
1318 1791230436023944 25979
1319 1791230436045502 25137
1320 1791230436064133 25298
1321 1791230436080698 22131
1322 1791230436102085 25778
1323 1791230436122744 24246
1324 1791230436147463 29884
1325 1791230436164163 23221
1326 1791230436189291 28858
1327 1791230436203255 26309
1328 1791230436224817 25981
1329 1791230436243523 24384
1330 1791230436268696 29563
1331 1791230436284771 27062
1332 1791230436308758 28451
1333 1791230436324860 26273
1334 1791230436351513 33701
1335 1791230436364357 27995
1336 1791230436384376 26010
1337 1791230436412382 35639
1338 1791230436426140 26169
1339 1791230436450134 32999
1340 1791230436462910 24662
1341 1791230436483043 25093
1342 1791230436510107 30202
1343 1791230436533895 32492
1344 1791230436549073 29290
1345 1791230436569705 30215
1346 1791230436591449 33141
1347 1791230436615995 34735
1348 1791230436631926 30892
1349 1791230436644951 28954
1350 1791230436668341 29569
1351 1791230436685086 25620
1352 1791230436709071 30619
1353 1791230436730526 31855
1354 1791230436749871 30342
1355 1791230436767278 30507
1356 1791230436793835 34131
1357 1791230436808820 30844
1358 1791230436825850 26298
1359 1791230436845099 25409
1360 1791230436864061 24818
1361 1791230436879244 22143
1362 1791230436907185 28971
1363 1791230436930427 31964
1364 1791230436957204 37911
1365 1791230436964915 25655
1366 1791230436986715 29506
1367 1791230437000733 23427
1368 1791230437029122 31926
1369 1791230437050061 33667
1370 1791230437074271 31717
1371 1791230437089730 33099
1372 1791230437110104 30743
1373 1791230437122575 24679
1374 1791230437150831 34046
1375 1791230437163864 26604
1376 1791230437189450 30940
1377 1791230437207533 29584
1378 1791230437223739 23500
1379 1791230437249569 27638
1380 1791230437270091 29579
1381 1791230437287229 31311
1382 1791230437311467 30196
1383 1791230437329122 28490
1384 1791230437349896 32304
1385 1791230437362492 25326
1386 1791230437380113 22511
1387 1791230437408361 29972
1388 1791230437439257 39932
1389 1791230437460506 40008
1390 1791230437470355 31095
1391 1791230437496714 36206
1392 1791230437508364 28368
1393 1791230437522017 25301
1394 1791230437548975 32294
1395 1791230437562346 23221
1396 1791230437587134 30717
1397 1791230437602988 25574
1398 1791230437631354 31179
1399 1791230437649301 31764
1400 1791230437667088 29901
1401 1791230437687443 30322
1402 1791230437712927 33045
1403 1791230437723240 24356
1404 1791230437745082 28119
1405 1791230437769970 31205
1406 1791230437786512 28754
1407 1791230437804132 24436
1408 1791230437823734 26217
1409 1791230437857219 34728
1410 1791230437876585 37311
1411 1791230437888726 31505
1412 1791230437901510 24921
1413 1791230437930755 32463
1414 1791230437950384 34538
1415 1791230437962259 25240
1416 1791230437980086 22206
1417 1791230438003822 25999
1418 1791230438026796 28449
1419 1791230438053572 35117
1420 1791230438070110 31698
1421 1791230438094982 35533
1422 1791230438102649 25253
1423 1791230438126024 29797
1424 1791230438149336 29936
1425 1791230438164799 25994
1426 1791230438189356 29799
1427 1791230438203489 24157
1428 1791230438227323 28173
1429 1791230438249105 29469
1430 1791230438270007 30384
1431 1791230438290183 29619
1432 1791230438305623 27342
1433 1791230438338847 39745
1434 1791230438356331 34371
1435 1791230438362870 24020
1436 1791230438387767 31433
1437 1791230438403956 27780
1438 1791230438430058 30568
1439 1791230438448354 27553
1440 1791230438472916 32422
1441 1791230438492254 32283
1442 1791230438506074 26202
1443 1791230438534641 34071
1444 1791230438558193 40786
1445 1791230438569845 33399
1446 1791230438588459 30256
1447 1791230438608496 27862
1448 1791230438629245 31108
1449 1791230438652062 29490
1450 1791230438660749 23945
1451 1791230438694556 34708
1452 1791230438702623 22951
1453 1791230438724789 26201
1454 1791230438743319 26737
1455 1791230438769315 31973
1456 1791230438793350 35390
1457 1791230438810911 29773
1458 1791230438830072 30362
1459 1791230438849148 31937
1460 1791230438870498 34239
1461 1791230438886658 26555
1462 1791230438910849 30597
1463 1791230438922044 23095
1464 1791230438945796 29075
1465 1791230438962603 23280
1466 1791230438992206 31155
1467 1791230439007720 30922
1468 1791230439031423 31562
1469 1791230439047910 29161
1470 1791230439062961 26238
1471 1791230439088771 32625
1472 1791230439109067 30046
1473 1791230439126903 26888
1474 1791230439141230 23877
1475 1791230439166626 26123
1476 1791230439189743 29954
1477 1791230439202506 24372
1478 1791230439223165 25121
1479 1791230439251205 34341
1480 1791230439269158 29420
1481 1791230439282289 22393
1482 1791230439307276 26777
1483 1791230439320970 24207
1484 1791230439352649 32928
1485 1791230439365186 26025
1486 1791230439390272 30709
1487 1791230439402353 24046
1488 1791230439423053 25850
1489 1791230439451615 35087
1490 1791230439464424 25733
1491 1791230439481156 25368
1492 1791230439510711 31409
1493 1791230439528520 28032
1494 1791230439540245 22400
1495 1791230439565463 26603
1496 1791230439581477 24111
1497 1791230439605261 26125
1498 1791230439634217 34764
1499 1791230439643968 23844
1500 1791230439671501 32972
1501 1791230439687984 31556
1502 1791230439708621 29358
1503 1791230439736956 34506
1504 1791230439753518 32700
1505 1791230439768028 31070
1506 1791230439792981 32955
1507 1791230439817647 36897
1508 1791230439831230 32669
1509 1791230439850766 33111
1510 1791230439879077 37274
1511 1791230439893390 32169
1512 1791230439910964 31885
1513 1791230439927400 27059
1514 1791230439945009 24941
1515 1791230439978935 38761
1516 1791230439989167 29011
1517 1791230440009670 30730
1518 1791230440023354 25604
1519 1791230440050173 33865
1520 1791230440070799 30498
1521 1791230440087388 26213
1522 1791230440111379 31474
1523 1791230440130999 31329
1524 1791230440152933 30349
1525 1791230440164709 24540
1526 1791230440186111 28482
1527 1791230440201176 21462
1528 1791230440223059 26081
1529 1791230440241015 23612
1530 1791230440270340 30195
1531 1791230440292820 35162
1532 1791230440320416 29988
1533 1791230440328497 32473
1534 1791230440342311 25957
1535 1791230440366571 27570
1536 1791230440387768 28444
1537 1791230440424309 44542
1538 1791230440431022 32971
1539 1791230440460349 36034
1540 1791230440473161 32039
1541 1791230440490320 29968
1542 1791230440510754 29813
1543 1791230440530514 31129
1544 1791230440553636 34295
1545 1791230440574381 25478
1546 1791230440592877 35901
1547 1791230440631296 43417
1548 1791230440649585 39193
1549 1791230440649594 31233
1550 1791230440662897 22771
1551 1791230440683453 27332
1552 1791230440717612 36608
1553 1791230440730007 31103
1554 1791230440744703 27088
1555 1791230440768930 28147
1556 1791230440788338 28621
1557 1791230440810579 30833
1558 1791230440829867 29828
1559 1791230440842062 24936
1560 1791230440864598 25641
1561 1791230440893162 35881
1562 1791230440905580 28358
1563 1791230440927815 31158
1564 1791230440946149 25960
1565 1791230440964717 24642
1566 1791230440990543 34245
1567 1791230441005005 28684
1568 1791230441030075 30834
1569 1791230441053960 32993
1570 1791230441061990 23281
1571 1791230441083348 26291
1572 1791230441110812 32444
1573 1791230441127391 28866
1574 1791230441150533 28692
1575 1791230441160740 22587
1576 1791230441193106 33073
1577 1791230441207126 29722
1578 1791230441224098 23069
1579 1791230441253095 33121
1580 1791230441269237 31931
1581 1791230441291460 31164
1582 1791230441311415 31469
1583 1791230441328371 31213
1584 1791230441349798 31205
1585 1791230441365062 26098
1586 1791230441383894 27611
1587 1791230441413052 32598
1588 1791230441429523 32118
1589 1791230441443417 27140
1590 1791230441475206 35903
1591 1791230441484187 24215
1592 1791230441510877 29950
1593 1791230441527742 28256
1594 1791230441549183 32834
1595 1791230441562475 23951
1596 1791230441588710 29259
1597 1791230441605270 25982
1598 1791230441629417 29389
1599 1791230441662714 41312
1600 1791230441675229 33902
1601 1791230441691464 31823
1602 1791230441718218 37537
1603 1791230441732297 31998
1604 1791230441742474 24253
1605 1791230441780424 40018
1606 1791230441787479 29470
1607 1791230441802436 22049
1608 1791230441821722 23311
1609 1791230441856611 34883
1610 1791230441863535 24972
1611 1791230441892598 35985
1612 1791230441912631 31890
1613 1791230441936375 36529
1614 1791230441945958 25271
1615 1791230441963777 27399
1616 1791230441987697 28202
1617 1791230442011951 32851
1618 1791230442030243 33971
1619 1791230442048449 30470
1620 1791230442063593 26346
1621 1791230442087950 27898
1622 1791230442110115 30319
1623 1791230442129193 28503
1624 1791230442153272 34619
1625 1791230442171131 32690
1626 1791230442188607 32093
1627 1791230442203594 24245
1628 1791230442228431 30689
1629 1791230442253094 35616
1630 1791230442262911 23817
1631 1791230442290164 33686
1632 1791230442301313 24391
1633 1791230442334798 37296
1634 1791230442346251 28037
1635 1791230442364919 26918
1636 1791230442382355 25084
1637 1791230442402356 26306
1638 1791230442429332 32478
1639 1791230442442613 25558
1640 1791230442472992 35833
1641 1791230442488830 29498
1642 1791230442513309 34919
1643 1791230442523292 27158
1644 1791230442554170 34325
1645 1791230442561523 22838
1646 1791230442586558 27708
1647 1791230442603727 23688
1648 1791230442628527 30280
1649 1791230442646408 28913
1650 1791230442663771 25466
1651 1791230442698061 36676
1652 1791230442715541 34750
1653 1791230442734611 37252
1654 1791230442749489 33884
1655 1791230442764969 28771
1656 1791230442781904 23098
1657 1791230442801890 23822
1658 1791230442833952 36591
1659 1791230442850485 33508
1660 1791230442864570 24040
1661 1791230442890917 33395
1662 1791230442904933 28440
1663 1791230442924607 27706
1664 1791230442950046 31862
1665 1791230442981500 39595
1666 1791230442989099 28055
1667 1791230443006522 28153
1668 1791230443026552 25548
1669 1791230443051577 31325
1670 1791230443062610 26682
1671 1791230443082655 24937
1672 1791230443102974 23691
1673 1791230443130646 29574
1674 1791230443153079 34027
1675 1791230443167987 28498
1676 1791230443195429 37995
1677 1791230443215760 33861
1678 1791230443239557 39643
1679 1791230443246378 30607
1680 1791230443279520 39956
1681 1791230443294478 36690
1682 1791230443317694 39275
1683 1791230443332375 32026
1684 1791230443343223 25518
1685 1791230443365806 28754
1686 1791230443396135 35726
1687 1791230443413821 34448
1688 1791230443425807 29659
1689 1791230443448896 32766
1690 1791230443473896 31935
1691 1791230443491033 34282
1692 1791230443504178 27334
1693 1791230443527495 27007
1694 1791230443558896 37809
1695 1791230443569561 30068
1696 1791230443591064 32503
1697 1791230443602248 22223
1698 1791230443630516 31672
1699 1791230443649326 32112
1700 1791230443667553 31783
1701 1791230443700420 40716
1702 1791230443714395 33497
1703 1791230443730836 30412
1704 1791230443743202 26082
1705 1791230443774931 35600
1706 1791230443783616 26665
1707 1791230443803926 24505
1708 1791230443826900 30777
1709 1791230443859330 39318
1710 1791230443878711 39684
1711 1791230443893143 33810
1712 1791230443915705 36990
1713 1791230443923409 24379
1714 1791230443951927 36218
1715 1791230443980240 40945
1716 1791230443983909 24085
1717 1791230444010350 30108
1718 1791230444032683 36644
1719 1791230444053002 33930
1720 1791230444065124 27444
1721 1791230444083082 22657
1722 1791230444105582 25130
1723 1791230444123098 26711
1724 1791230444150815 30071
1725 1791230444169969 32949
1726 1791230444187234 26880
1727 1791230444229373 48973
1728 1791230444231239 32174
1729 1791230444241652 23058
1730 1791230444269953 32110
1731 1791230444294788 32951
1732 1791230444305691 26396
1733 1791230444336115 35116
1734 1791230444347009 27948
1735 1791230444370095 33977
1736 1791230444402072 42091
1737 1791230444415208 34652
1738 1791230444428562 28160
1739 1791230444442318 25296
1740 1791230444468569 32694
1741 1791230444498474 37121
1742 1791230444513552 34231
1743 1791230444524227 26985
1744 1791230444550866 32498
1745 1791230444568949 31770
1746 1791230444599701 38129
1747 1791230444610757 32775
1748 1791230444644973 45270
1749 1791230444651044 32418
1750 1791230444661762 23218
1751 1791230444693966 37744
1752 1791230444710857 33587
1753 1791230444728707 27775
1754 1791230444743730 26097
1755 1791230444765621 27073
1756 1791230444788625 31611
1757 1791230444812372 36284
1758 1791230444840613 44769
1759 1791230444853003 33901
1760 1791230444874641 34024
1761 1791230444889732 32109
1762 1791230444919171 39618
1763 1791230444937268 37944
1764 1791230444946629 27597
1765 1791230444962316 25426
1766 1791230444991106 34271
1767 1791230445010486 30049
1768 1791230445028423 28494
1769 1791230445049698 30767
1770 1791230445072321 32135
1771 1791230445083378 23824
1772 1791230445102756 23294
1773 1791230445123266 24306
1774 1791230445162959 46651
1775 1791230445176613 37560
1776 1791230445193998 32952
1777 1791230445212714 36098
1778 1791230445232950 33911
1779 1791230445251977 32227
1780 1791230445272338 31624
1781 1791230445282261 23050
1782 1791230445320083 40540
1783 1791230445333132 36219
1784 1791230445354666 35304
1785 1791230445363807 23765
1786 1791230445389814 33693
1787 1791230445408433 29203
1788 1791230445431861 35182
1789 1791230445451680 31759
1790 1791230445479284 40917
1791 1791230445492880 35341
1792 1791230445520037 40750
1793 1791230445542563 43957
1794 1791230445552061 32404
1795 1791230445585364 44630
1796 1791230445593418 30934
1797 1791230445612990 33978
1798 1791230445642394 42856
1799 1791230445659104 42503
1800 1791230445675344 39108
1801 1791230445700463 42999
1802 1791230445716995 39312
1803 1791230445735376 36357
1804 1791230445764257 47258
1805 1791230445782867 43112
1806 1791230445799855 39055
1807 1791230445818886 40334
1808 1791230445842509 44455
1809 1791230445866714 47824
1810 1791230445881970 45478
1811 1791230445906852 46313
1812 1791230445920231 43875
1813 1791230445931381 33101
1814 1791230445972488 52611
1815 1791230445984262 44014
1816 1791230446000623 41275
1817 1791230446022546 43140
1818 1791230446042411 41785
1819 1791230446051458 34376
1820 1791230446075006 35151
1821 1791230446101085 40511
1822 1791230446120348 44004
1823 1791230446140863 42414
1824 1791230446159087 39920
1825 1791230446182026 42148
1826 1791230446200133 44020
1827 1791230446225360 48026
1828 1791230446239111 38975
1829 1791230446262666 42424
1830 1791230446281333 43583
1831 1791230446295061 34863
1832 1791230446319991 43749
1833 1791230446340956 43574
1834 1791230446359802 40912
1835 1791230446381819 41474
1836 1791230446402667 44607
1837 1791230446430631 50151
1838 1791230446438623 37279
1839 1791230446469446 48887
1840 1791230446486404 50134
1841 1791230446500889 43769
1842 1791230446514597 33692
1843 1791230446541257 40770
1844 1791230446564046 48146
1845 1791230446585487 44804
1846 1791230446613018 51931
1847 1791230446620401 41457
1848 1791230446637128 37041
1849 1791230446667390 48785
1850 1791230446684435 47358
1851 1791230446710492 48716
1852 1791230446725365 47615
1853 1791230446742712 45417
1854 1791230446764141 48476
1855 1791230446788187 49367
1856 1791230446803091 44294
1857 1791230446824267 45209
1858 1791230446853950 54033
1859 1791230446880802 62792
1860 1791230446890793 50835
1861 1791230446911389 54573
1862 1791230446933247 52943
1863 1791230446951368 55151
1864 1791230446974443 57391
1865 1791230446984530 45113
1866 1791230447011495 51216
1867 1791230447030288 52850
1868 1791230447056849 57159
1869 1791230447079904 59839
1870 1791230447092448 54849
1871 1791230447111452 54600
1872 1791230447131220 52885
1873 1791230447162126 59043
1874 1791230447173346 54693
1875 1791230447192508 52912
1876 1791230447213328 54211
1877 1791230447227619 50680
1878 1791230447248644 47794
1879 1791230447270541 52566
1880 1791230447289551 48647
1881 1791230447315678 56277
1882 1791230447328692 48677
1883 1791230447348089 48063
1884 1791230447365490 49809
1885 1791230447391878 52253
1886 1791230447420686 60627
1887 1791230447439514 60039
1888 1791230447451269 54057
1889 1791230447473006 52582
1890 1791230447494090 54573
1891 1791230447522749 62976
1892 1791230447530197 51689
1893 1791230447550646 50324
1894 1791230447572578 55983
1895 1791230447600731 61177
1896 1791230447611859 52322
1897 1791230447627435 49035
1898 1791230447666341 68308
1899 1791230447684806 61772
1900 1791230447696266 55749
1901 1791230447711557 51123
1902 1791230447743193 63572
1903 1791230447750432 54163
1904 1791230447771444 54372
1905 1791230447792842 53017
1906 1791230447823244 65538
1907 1791230447849668 68339
1908 1791230447865059 64788
1909 1791230447871929 48681
1910 1791230447885424 44927
1911 1791230447910610 50801
1912 1791230447932945 56450
1913 1791230447958527 60554
1914 1791230447974443 53884
1915 1791230447995185 55717
1916 1791230448013165 54632
1917 1791230448034547 57362
1918 1791230448050812 53818
1919 1791230448070775 52974
1920 1791230448090567 54139
1921 1791230448110323 53803
1922 1791230448139280 61107
1923 1791230448163719 64517
1924 1791230448185655 67118
1925 1791230448198205 60473
1926 1791230448216839 55966
1927 1791230448242309 61706
1928 1791230448262232 64024
1929 1791230448275448 58606
1930 1791230448291438 54656
1931 1791230448319496 58484
1932 1791230448339809 59030
1933 1791230448352930 56231
1934 1791230448371448 52778
1935 1791230448403787 63974
1936 1791230448421116 63238
1937 1791230448453487 72854
1938 1791230448471218 68628
1939 1791230448481487 61957
1940 1791230448502650 62219
1941 1791230448532953 71851
1942 1791230448541258 60587
1943 1791230448565346 64836
1944 1791230448573538 57665
1945 1791230448600020 59576
1946 1791230448623620 64645
1947 1791230448642698 63233
1948 1791230448662774 64122
1949 1791230448691455 71736
1950 1791230448712612 76719
1951 1791230448733072 76091
1952 1791230448752731 76136
1953 1791230448764699 64058
1954 1791230448797903 81108
1955 1791230448818520 81709
1956 1791230448839634 80218
1957 1791230448861292 83867
1958 1791230448867643 69738
1959 1791230448883471 64948
1960 1791230448910305 70668
1961 1791230448925799 69429
1962 1791230448953074 73091
1963 1791230448966614 67198
1964 1791230448994845 71655
1965 1791230449011177 70246
1966 1791230449028181 68889
1967 1791230449051096 75057
1968 1791230449067166 66283
1969 1791230449083950 67490
1970 1791230449103929 63706
1971 1791230449120976 64394
1972 1791230449150444 69202
1973 1791230449165302 68760
1974 1791230449190926 70892
1975 1791230449215726 74865
1976 1791230449223192 64105
1977 1791230449251360 71082
1978 1791230449276048 75878
1979 1791230449289980 74252
1980 1791230449303525 66606
1981 1791230449331373 68754
1982 1791230449359778 83727
1983 1791230449375236 75687
1984 1791230449397767 81758
1985 1791230449423272 83380
1986 1791230449438811 79031
1987 1791230449450628 73639
1988 1791230449457319 60000
1989 1791230449483546 63709
1990 1791230449511401 72586
1991 1791230449531566 75232
1992 1791230449560696 84123
1993 1791230449580389 80120
1994 1791230449596572 79818
1995 1791230449621625 85179
1996 1791230449639147 78709
1997 1791230449650435 70543
1998 1791230449672628 76053
1999 1791230449702770 86814
2000 1791230449719462 80742
2001 1791230449733055 71512
2002 1791230449765558 87913
2003 1791230449781563 84711
2004 1791230449800298 83019
2005 1791230449811075 71303
2006 1791230449844165 80627
2007 1791230449851139 70481
2008 1791230449873098 73728
2009 1791230449891738 71538
2010 1791230449910293 67406
2011 1791230449930876 70771
2012 1791230449949110 71992
2013 1791230449960490 62947
2014 1791230449986102 65966
2015 1791230450020473 77076
2016 1791230450029111 69374
2017 1791230450050140 70871
2018 1791230450071382 71753
2019 1791230450101351 80875
2020 1791230450115684 76094
2021 1791230450131494 72302
2022 1791230450151155 72264
2023 1791230450173867 72924
2024 1791230450189925 74239
2025 1791230450209834 68582
2026 1791230450240566 82877
2027 1791230450255190 74457
2028 1791230450276367 76430
2029 1791230450313714 93443
2030 1791230450313719 73145
2031 1791230450340034 78902
2032 1791230450353159 76789
2033 1791230450370625 69534
2034 1791230450393187 76277
2035 1791230450414853 75576
2036 1791230450429849 70669
2037 1791230450459598 81456
2038 1791230450479349 83022
2039 1791230450499959 82219
2040 1791230450524151 83644
2041 1791230450540491 80890
2042 1791230450552631 75116
2043 1791230450575569 78409
2044 1791230450593192 73517
2045 1791230450610841 71338
2046 1791230450633518 76444
2047 1791230450659730 84158
2048 1791230450681012 84525
2049 1791230450705922 89262
2050 1791230450725422 85571
2051 1791230450732252 72699
2052 1791230450754761 78615
2053 1791230450779420 78740
2054 1791230450808958 87119
2055 1791230450823860 83811
2056 1791230450844000 84101
2057 1791230450859857 80433
2058 1791230450875748 75317
2059 1791230450893625 73686
2060 1791230450920366 83266
2061 1791230450945659 86335
2062 1791230450960232 84480
2063 1791230450983638 82791
2064 1791230451002623 82940
2065 1791230451036428 96907
2066 1791230451050698 90462
2067 1791230451071412 90340
2068 1791230451087663 91572
2069 1791230451111188 92008
2070 1791230451122879 86447
2071 1791230451140925 84925
2072 1791230451172561 89866
2073 1791230451184565 83582
2074 1791230451209178 92585
2075 1791230451229514 90125
2076 1791230451239781 83604
2077 1791230451262678 83246
2078 1791230451290216 89858
2079 1791230451303764 86978
2080 1791230451330353 94220
2081 1791230451350984 94553
2082 1791230451375237 98854
2083 1791230451394117 96961
2084 1791230451411293 94035
2085 1791230451425327 84976
2086 1791230451448818 89502
2087 1791230451469924 93133
2088 1791230451496132 97990
2089 1791230451519788 99970
2090 1791230451536277 95103
2091 1791230451540643 80840
2092 1791230451563385 85430
2093 1791230451581181 85045
2094 1791230451604557 87816
2095 1791230451634584 98305
2096 1791230451640907 83444
2097 1791230451672675 91919
2098 1791230451685459 85752
2099 1791230451710722 91310
2100 1791230451732221 92079
2101 1791230451760555 103891
2102 1791230451790077 110369
2103 1791230451797927 98884
2104 1791230451820243 102645
2105 1791230451844090 103460
2106 1791230451861249 100690
2107 1791230451872970 96179
2108 1791230451899600 101671
2109 1791230451920779 103986
2110 1791230451937054 99973
2111 1791230451956649 95396
2112 1791230451976675 98186
2113 1791230452002613 106251
2114 1791230452027125 108778
2115 1791230452052924 115867
2116 1791230452069041 112460
2117 1791230452096487 119808
2118 1791230452100902 102607
2119 1791230452126362 108657
2120 1791230452154410 113305
2121 1791230452158902 101321
2122 1791230452182322 103729
2123 1791230452211314 114823
2124 1791230452241288 119654
2125 1791230452253640 112592
2126 1791230452276177 117271
2127 1791230452298446 118802
2128 1791230452318218 121188
2129 1791230452332767 113888
2130 1791230452353458 113792
2131 1791230452365272 109488
2132 1791230452393390 117210
2133 1791230452402262 103813
2134 1791230452419136 101666
2135 1791230452442268 105095
2136 1791230452464694 107506
2137 1791230452483805 103489
2138 1791230452499627 102415
2139 1791230452515403 96798
2140 1791230452534306 97527
2141 1791230452540795 81307
2142 1791230452565050 85715
2143 1791230452584489 84859
2144 1791230452605639 87381
2145 1791230452620152 83681
2146 1791230452646769 90770
2147 1791230452662956 86735
2148 1791230452680561 81069
2149 1791230452695999 76083
2150 1791230452717943 77100
2151 1791230452718742 57963
2152 1791230452733220 56154
2153 1791230452751034 55033
2154 1791230452791335 73388
2155 1791230452802927 61578
2156 1791230452817794 61050
2157 1791230452828834 50681
2158 1791230452849711 52809
2159 1791230452865787 48467
2160 1791230452880971 41247
2161 1791230452904307 43092
2162 1791230452924923 43949
2163 1791230452932705 33400
2164 1791230452950901 30873
2165 1791230452979763 40381
2166 1791230452985402 25249
2167 1791230453008008 28241
2168 1791230453032740 34303
2169 1791230453051444 32324
2170 1791230453080623 40619
2171 1791230453089514 30210
2172 1791230453117880 38213
2173 1791230453141044 44708
2174 1791230453154279 36394
2175 1791230453165068 25954
2176 1791230453191386 30807
2177 1791230453207137 26994
2178 1791230453242870 42382
2179 1791230453275742 56793
2180 1791230453281279 38406
2181 1791230453295327 39272
2182 1791230453311083 35338
2183 1791230453329088 32435
2184 1791230453349794 33171
2185 1791230453372563 33357
2186 1791230453393394 36961
2187 1791230453406944 25852
2188 1791230453459693 59838
2189 1791230453459714 35781
2190 1791230453476641 37299
2191 1791230453499426 39730
2192 1791230453510743 34096
2193 1791230453530629 31201
2194 1791230453552599 32359
2195 1791230453570523 31405
2196 1791230453589264 32661
2197 1791230453618466 40149
2198 1791230453637343 37634
2199 1791230453651641 33171
2200 1791230453671050 33704
2201 1791230453691503 35074
2202 1791230453718878 38706
2203 1791230453725980 27181
2204 1791230453760241 41360
2205 1791230453783731 41600
2206 1791230453792569 32322
2207 1791230453815370 38096
2208 1791230453841080 40765
2209 1791230453852722 32743
2210 1791230453879417 38334
2211 1791230453892213 31433
2212 1791230453920731 41311
2213 1791230453953485 54214
2214 1791230453954681 33943
2215 1791230453968892 29130
2216 1791230453992545 35209
2217 1791230454013626 33187
2218 1791230454035419 35078
2219 1791230454055533 35281
2220 1791230454077556 40951
2221 1791230454094793 39256
2222 1791230454114751 38384
2223 1791230454129300 29725
2224 1791230454159656 39908
2225 1791230454180899 40042
2226 1791230454199329 40961
2227 1791230454223069 42707
2228 1791230454239841 40509
2229 1791230454261508 40899
2230 1791230454283283 44635
2231 1791230454302753 43012
2232 1791230454313896 37240
2233 1791230454343465 44787
2234 1791230454362524 43392
2235 1791230454373404 37164
2236 1791230454392392 32741
2237 1791230454419799 40272
2238 1791230454440286 42009
2239 1791230454455656 37457
2240 1791230454482071 42525
2241 1791230454499608 43949
2242 1791230454521051 40170
2243 1791230454541409 44631
2244 1791230454560286 43519
2245 1791230454584974 45042
2246 1791230454595653 35624
2247 1791230454622252 41400
2248 1791230454651090 55434
2249 1791230454663062 43128
2250 1791230454700814 59097
2251 1791230454709588 49902
2252 1791230454737300 56305
2253 1791230454742680 42866
2254 1791230454765193 47157
2255 1791230454795802 58499
2256 1791230454806632 47054
2257 1791230454822936 41796
2258 1791230454842806 47000
2259 1791230454872739 57006
2260 1791230454889868 53624
2261 1791230454911114 55069
2262 1791230454925722 45025
2263 1791230454949373 49878
2264 1791230454963454 44302
2265 1791230454980573 41840
2266 1791230455010856 50110
2267 1791230455035873 57243
2268 1791230455050285 51630
2269 1791230455067093 49063
2270 1791230455094027 58151
2271 1791230455116099 54477
2272 1791230455136943 60118
2273 1791230455159583 59523
2274 1791230455177496 61395
2275 1791230455189752 52806
2276 1791230455207113 47917
2277 1791230455229962 52463
2278 1791230455252233 51656
2279 1791230455272722 53190
2280 1791230455300316 60697
2281 1791230455325320 65981
2282 1791230455342344 61671
2283 1791230455361051 62499
2284 1791230455372601 53650
2285 1791230455393027 55892
2286 1791230455420763 60449
2287 1791230455430668 50828
2288 1791230455456803 55818
2289 1791230455473690 53663
2290 1791230455506037 66836
2291 1791230455514983 58177
2292 1791230455535515 56241
2293 1791230455550956 51091
2294 1791230455580937 63299
2295 1791230455588817 53298
2296 1791230455623316 63408
2297 1791230455639187 59642
2298 1791230455670590 70859
2299 1791230455682115 62250
2300 1791230455702463 65187
2301 1791230455722448 64772
2302 1791230455740957 64376
2303 1791230455764985 68610
2304 1791230455782346 65645
2305 1791230455799699 58937
2306 1791230455820852 61304
2307 1791230455839067 58298
2308 1791230455853501 54923
2309 1791230455874016 53162
2310 1791230455901337 62266
2311 1791230455925636 68629
2312 1791230455939539 63134
2313 1791230455965014 63963
2314 1791230455991908 71389
2315 1791230456000137 61101
2316 1791230456023523 67215
2317 1791230456048665 68265
2318 1791230456064407 66341
2319 1791230456073508 56935
2320 1791230456100334 59711
2321 1791230456129902 68977
2322 1791230456146514 68563
2323 1791230456168829 68883
2324 1791230456190212 69031
2325 1791230456200723 60364
2326 1791230456220291 63319
2327 1791230456241629 60338
2328 1791230456263056 63485
2329 1791230456298923 79198
2330 1791230456329898 93307
2331 1791230456331648 73800
2332 1791230456353812 73787
2333 1791230456353820 54890
2334 1791230456383659 53751
2335 1791230456383686 46660
2336 1791230456398617 41849
2337 1791230456409537 31468
2338 1791230456427660 30102
2339 1791230456445039 23171
2340 1791230456460862 20636
2341 1791230456483441 22574
2342 1791230456502527 22813
2343 1791230456522952 24940
2344 1791230456544153 25330
2345 1791230456560120 20784
2346 1791230456582044 23270
2347 1791230456602649 24254
2348 1791230456627136 27947
2349 1791230456642241 22458
2350 1791230456682419 42585
2351 1791230456698693 30114
2352 1791230456719536 43179
2353 1791230456731251 32552
2354 1791230456747810 28270
2355 1791230456758083 20932
2356 1791230456780672 22581
2357 1791230456805714 25136
2358 1791230456822664 23121
2359 1791230456840813 22714
2360 1791230456857974 21798
2361 1791230456883316 26099
2362 1791230456914856 34921
2363 1791230456927653 28079
2364 1791230456940876 24233
2365 1791230456961852 20971
2366 1791230456982391 25735
2367 1791230457001153 24423
2368 1791230457022204 21208
2369 1791230457043681 26206
2370 1791230457062232 24187
2371 1791230457079229 21821
2372 1791230457102179 22944
2373 1791230457123821 26355
2374 1791230457142439 22775
2375 1791230457158260 21630
2376 1791230457178796 20532
2377 1791230457202579 23832
2378 1791230457220958 22402
2379 1791230457238728 22426
2380 1791230457260860 24713
2381 1791230457282503 24586
2382 1791230457305314 26542
2383 1791230457327753 27304
2384 1791230457350840 23077
2385 1791230457365730 26668
2386 1791230457382704 22256
2387 1791230457406271 23563
2388 1791230457430078 29424
2389 1791230457440662 22003
2390 1791230457461473 24354
2391 1791230457486838 27628
2392 1791230457503823 23076
2393 1791230457520929 20828
2394 1791230457540638 23249
2395 1791230457561562 24183
2396 1791230457590186 28620
2397 1791230457600342 23288
2398 1791230457624736 24388
2399 1791230457645530 25309
2400 1791230457661343 20945
2401 1791230457680597 24216
2402 1791230457701891 24575
2403 1791230457726722 30570
2404 1791230457743658 26379
2405 1791230457767162 27913
2406 1791230457784618 23830
2407 1791230457803510 24046
2408 1791230457825681 26900
2409 1791230457841196 21007
2410 1791230457860564 23572
2411 1791230457890064 29496
2412 1791230457904078 24487
2413 1791230457920250 22286
2414 1791230457941383 25172
2415 1791230457960686 23799
2416 1791230457982214 24548
2417 1791230458001682 24359
2418 1791230458022978 24635
2419 1791230458039515 23442
2420 1791230458062570 24239
2421 1791230458083444 24118
2422 1791230458103764 24287
2423 1791230458122928 23324
2424 1791230458141683 22746
2425 1791230458161233 23123
2426 1791230458183545 24708
2427 1791230458204498 25236
2428 1791230458222462 23057
2429 1791230458239846 22083
2430 1791230458263868 24019
2431 1791230458280630 21231
2432 1791230458300341 22363
2433 1791230458322077 21733
2434 1791230458340719 22277
2435 1791230458361516 25219
2436 1791230458380634 21650
2437 1791230458402345 24429
2438 1791230458420487 24577
2439 1791230458445715 25225
2440 1791230458464383 24779
2441 1791230458480560 20899
2442 1791230458500461 23384
2443 1791230458521551 25666
2444 1791230458540259 20795
2445 1791230458559728 22050
2446 1791230458580998 23368
2447 1791230458602830 24760
2448 1791230458621628 22050
2449 1791230458643275 25944
2450 1791230458658163 21417
2451 1791230458679689 23218
2452 1791230458702749 23056
2453 1791230458722082 22257
2454 1791230458742631 25221
2455 1791230458760582 22866
2456 1791230458784344 25134
2457 1791230458801359 21502
2458 1791230458820575 22083
2459 1791230458849258 31535
2460 1791230458860630 24762
2461 1791230458882538 25983
2462 1791230458900268 24499
2463 1791230458923356 23132
2464 1791230458939970 22249
2465 1791230458962455 22759
2466 1791230458981868 22386
2467 1791230459004814 26925
2468 1791230459026398 27068
2469 1791230459047124 27342
2470 1791230459069838 29135
2471 1791230459080153 21053
2472 1791230459099996 22891
2473 1791230459124546 26687
2474 1791230459139445 22455
2475 1791230459161532 22132
2476 1791230459180523 22973
2477 1791230459201127 20600
2478 1791230459222715 24332
2479 1791230459245504 26896
2480 1791230459264143 24899
2481 1791230459282404 22952
2482 1791230459302132 24345
2483 1791230459319820 22308
2484 1791230459342436 24735
2485 1791230459361519 22746
2486 1791230459381396 21407
2487 1791230459400844 24170
2488 1791230459423554 26518
2489 1791230459441211 21323
2490 1791230459461044 20766
2491 1791230459487668 30374
2492 1791230459501943 21408
2493 1791230459523138 22509
2494 1791230459544449 25877
2495 1791230459563005 25238
2496 1791230459586924 27266
2497 1791230459612406 32707
2498 1791230459625220 26278
2499 1791230459656325 39189
2500 1791230459668206 29542
2501 1791230459694350 38023
2502 1791230459711456 34514
2503 1791230459742758 43853
2504 1791230459781115 61133
2505 1791230459805223 64351
2506 1791230459817333 59576
2507 1791230459851503 72671
2508 1791230459863743 67172
2509 1791230459881149 63812
2510 1791230459907877 68629
2511 1791230459933853 74734
2512 1791230459966671 88890
2513 1791230459973405 74054
2514 1791230459992720 71487
2515 1791230460010817 70600
2516 1791230460034551 73973
2517 1791230460053414 75714
2518 1791230460071892 71656
2519 1791230460115425 96048
2520 1791230460129547 88033
2521 1791230460134740 74696
2522 1791230460160609 81760
2523 1791230460190492 90249
2524 1791230460193383 75670
2525 1791230460230887 92209
2526 1791230460254215 95300
2527 1791230460267113 87541
2528 1791230460293620 77855
2529 1791230460293626 77833
2530 1791230460315476 74190
2531 1791230460346422 88377
2532 1791230460371506 93714
2533 1791230460382481 83919
2534 1791230460411865 91415
2535 1791230460447945 105152
2536 1791230460463119 102778
2537 1791230460481685 104187
2538 1791230460506952 106048
2539 1791230460528518 108659
2540 1791230460542134 101349
2541 1791230460556962 97566
2542 1791230460572992 92565
2543 1791230460603721 103106
2544 1791230460619483 102565
2545 1791230460629167 89422
2546 1791230460658949 101984
2547 1791230460675071 98774
2548 1791230460694717 95930
2549 1791230460715751 96915
2550 1791230460739772 102937
2551 1791230460763140 104185
2552 1791230460785094 103654
2553 1791230460810291 109471
2554 1791230460833299 117545
2555 1791230460848364 109391
2556 1791230460872483 112191
2557 1791230460890706 114151
2558 1791230460910839 114516
2559 1791230460936951 116302
2560 1791230460956184 117157
2561 1791230460969792 112326
2562 1791230461000739 120954
2563 1791230461012972 112378
2564 1791230461031133 115044
2565 1791230461053506 116552
2566 1791230461065333 109145
2567 1791230461089292 110024
2568 1791230461111514 110771
2569 1791230461127421 107244
2570 1791230461147114 110087
2571 1791230461176220 118631
2572 1791230461198792 119046
2573 1791230461227719 129936
2574 1791230461250415 130900
2575 1791230461268142 127760
2576 1791230461283425 124024
2577 1791230461308954 132729
2578 1791230461342693 144008
2579 1791230461348042 125128
2580 1791230461373227 133921
2581 1791230461393724 132813
2582 1791230461405531 128820
2583 1791230461440670 141028
2584 1791230461450459 129546
2585 1791230461478767 139638
2586 1791230461494447 134382
2587 1791230461518609 138798
2588 1791230461530219 133758
2589 1791230461552365 135804
2590 1791230461577286 137815
2591 1791230461606024 144283
2592 1791230461622749 143978
2593 1791230461633462 135102
2594 1791230461652621 134009
2595 1791230461671729 133334
2596 1791230461688735 128018
2597 1791230461706035 129728
2598 1791230461730484 131124
2599 1791230461736837 117038
2600 1791230461742915 101255
2601 1791230461761627 100224
2602 1791230461770999 91306
2603 1791230461784110 84536
2604 1791230461795588 77235
2605 1791230461806914 70126
2606 1791230461826278 69364
2607 1791230461832951 53268
2608 1791230461856840 61248
2609 1791230461862750 42480
2610 1791230461888737 49568
2611 1791230461908331 51489
2612 1791230461923994 43379
2613 1791230461940403 41325
2614 1791230461951393 32031
2615 1791230461975880 35475
2616 1791230462002844 43694
2617 1791230462012358 36474
2618 1791230462041271 41515
2619 1791230462051093 32955
2620 1791230462070916 30015
2621 1791230462093881 35162
2622 1791230462121848 42024
2623 1791230462130818 34282
2624 1791230462151418 33831
2625 1791230462180077 40314
2626 1791230462197128 37379
2627 1791230462217436 37356
2628 1791230462231039 33909
2629 1791230462249817 32378
2630 1791230462272647 33187
2631 1791230462299311 42570
2632 1791230462319888 42689
2633 1791230462339312 39999
2634 1791230462350783 31047
2635 1791230462371783 35599
2636 1791230462392676 34049
2637 1791230462410749 34313
2638 1791230462440156 40342
2639 1791230462447591 31340
2640 1791230462472172 32011
2641 1791230462500709 40929
2642 1791230462519751 40643
2643 1791230462531833 32458
2644 1791230462566592 46838
2645 1791230462583572 44253
2646 1791230462603758 42803
2647 1791230462618589 40718
2648 1791230462641480 38373
2649 1791230462653359 35749
2650 1791230462683015 46132
2651 1791230462699665 39134
2652 1791230462713501 32227
2653 1791230462743564 43896
2654 1791230462752767 33926
2655 1791230462771633 32209
2656 1791230462806525 47714
2657 1791230462827959 50583
2658 1791230462840563 37306
2659 1791230462855793 35665
2660 1791230462876729 38641
2661 1791230462895518 39721
2662 1791230462918736 42005
2663 1791230462935615 40092
2664 1791230462955525 36781
2665 1791230462965313 29695
2666 1791230462985395 29865
2667 1791230463014898 38335
2668 1791230463043475 43794
2669 1791230463060540 39278
2670 1791230463083729 46653
2671 1791230463104109 47068
2672 1791230463124516 45824
2673 1791230463146190 48587
2674 1791230463163999 44646
2675 1791230463180501 41162
2676 1791230463190176 31025
2677 1791230463225197 45621
2678 1791230463232114 33798
2679 1791230463252343 35857
2680 1791230463275107 34922
2681 1791230463290988 33601
2682 1791230463314134 37575
2683 1791230463340330 44174
2684 1791230463366986 44133
2685 1791230463381685 41351
2686 1791230463406864 49604
2687 1791230463416718 40271
2688 1791230463439719 38878
2689 1791230463463400 46836
2690 1791230463479598 42588
2691 1791230463510747 48131
2692 1791230463529255 50309
2693 1791230463551465 51540
2694 1791230463573424 55599
2695 1791230463592965 53270
2696 1791230463611545 51678
2697 1791230463627475 50745
2698 1791230463644271 45841
2699 1791230463665329 46264
2700 1791230463679144 39822
2701 1791230463693600 36501
2702 1791230463723620 44826
2703 1791230463743224 42948
2704 1791230463756572 35629
2705 1791230463779187 42366
2706 1791230463795063 38486
2707 1791230463814045 35521
2708 1791230463842212 42608
2709 1791230463867539 46493
2710 1791230463888724 47960
2711 1791230463913598 50041
2712 1791230463931258 48378
2713 1791230463941418 38598
2714 1791230463961194 45270
2715 1791230463990336 49284
2716 1791230464007628 46428
2717 1791230464031288 52118
2718 1791230464044864 46629
2719 1791230464062307 41889
2720 1791230464075584 38933
2721 1791230464099602 42047
2722 1791230464113710 38125
2723 1791230464143151 44341
2724 1791230464150617 31123
2725 1791230464182536 43648
2726 1791230464200052 39989
2727 1791230464225557 47113
2728 1791230464243124 43832
2729 1791230464272088 52997
2730 1791230464291466 50984
2731 1791230464303316 45854
2732 1791230464327716 49447
2733 1791230464334501 37531
2734 1791230464355444 38782
2735 1791230464379564 38860
2736 1791230464405783 45641
2737 1791230464428271 49455
2738 1791230464451326 54342
2739 1791230464475205 53215
2740 1791230464480540 41175
2741 1791230464504306 47303
2742 1791230464526735 47321
2743 1791230464556216 60395
2744 1791230464573604 53991
2745 1791230464586287 47553
2746 1791230464622438 66218
2747 1791230464644660 64672
2748 1791230464661239 59331
2749 1791230464686730 66132
2750 1791230464694134 56203
2751 1791230464719400 59404
2752 1791230464734797 56832
2753 1791230464759902 61807
2754 1791230464780491 61087
2755 1791230464800582 59461
2756 1791230464818773 58986
2757 1791230464850389 69891
2758 1791230464871077 73805
2759 1791230464898509 79953
2760 1791230464912758 74283
2761 1791230464927401 65625
2762 1791230464947052 69604
2763 1791230464959090 60781
2764 1791230464974305 55273
2765 1791230464994300 53098
2766 1791230465026554 70180
2767 1791230465042703 64047
2768 1791230465068081 70316
2769 1791230465101558 80813
2770 1791230465118472 79211
2771 1791230465128708 71222
2772 1791230465150771 69750
2773 1791230465170643 69987
2774 1791230465195455 76980
2775 1791230465212464 73005
2776 1791230465239032 79138
2777 1791230465258274 75741
2778 1791230465282580 84996
2779 1791230465301243 83592
2780 1791230465312976 76927
2781 1791230465338616 80725
2782 1791230465350634 69650
2783 1791230465368440 67808
2784 1791230465384619 67278
2785 1791230465401447 64872
2786 1791230465431051 70491
2787 1791230465453365 72908
2788 1791230465470331 72503
2789 1791230465491603 72830
2790 1791230465502899 66020
2791 1791230465524521 67703
2792 1791230465551751 72405
2793 1791230465573320 72890
2794 1791230465582745 65550
2795 1791230465610990 70828
2796 1791230465633881 77431
2797 1791230465659554 78261
2798 1791230465672629 74012
2799 1791230465695558 78045
2800 1791230465713560 76632
2801 1791230465742992 83435
2802 1791230465751175 75282
2803 1791230465769192 73630
2804 1791230465802414 79381
2805 1791230465805586 67582
2806 1791230465832356 74654
2807 1791230465854712 73943
2808 1791230465872178 71659
2809 1791230465893598 73029
2810 1791230465911623 72076
2811 1791230465940653 81839
2812 1791230465969418 91824
2813 1791230465982432 81700
2814 1791230466007843 88804
2815 1791230466024431 84385
2816 1791230466046783 86687
2817 1791230466060116 82172
2818 1791230466081697 82824
2819 1791230466106627 86358
2820 1791230466123989 84425
2821 1791230466144614 85296
2822 1791230466162692 80992
2823 1791230466180868 80054
2824 1791230466194828 76859
2825 1791230466221463 80359
2826 1791230466240044 78976
2827 1791230466259718 83294
2828 1791230466290625 86858
2829 1791230466301771 81090
2830 1791230466319883 80107
2831 1791230466342946 84020
2832 1791230466377287 96170
2833 1791230466397777 96670
2834 1791230466410820 90934
2835 1791230466430877 92237
2836 1791230466447777 90718
2837 1791230466473211 95871
2838 1791230466484114 87028
2839 1791230466500725 84197
2840 1791230466535593 94599
2841 1791230466551382 89010
2842 1791230466573644 94133
2843 1791230466594392 96702
2844 1791230466616501 95837
2845 1791230466631346 95750
2846 1791230466660878 101369
2847 1791230466669854 93782
2848 1791230466700017 99103
2849 1791230466712709 96205
2850 1791230466745418 105081
2851 1791230466761937 101055
2852 1791230466782233 102458
2853 1791230466800167 100146
2854 1791230466814958 96693
2855 1791230466839003 99132
2856 1791230466864860 105355
2857 1791230466882140 101896
2858 1791230466910233 110836
2859 1791230466922586 101182
2860 1791230466949510 110504
2861 1791230466972140 107277
2862 1791230466984797 108161
2863 1791230467013062 113505
2864 1791230467022941 105597
2865 1791230467042299 105834
2866 1791230467063014 107245
2867 1791230467086632 106431
2868 1791230467113889 116603
2869 1791230467125870 107943
2870 1791230467151650 112122
2871 1791230467171133 109576
2872 1791230467191828 111138
2873 1791230467207919 110758
2874 1791230467232667 116428
2875 1791230467256544 116390
2876 1791230467271398 113689
2877 1791230467290744 110611
2878 1791230467320007 119352
2879 1791230467329365 113106
2880 1791230467353056 114425
2881 1791230467365273 108725
2882 1791230467384078 107098
2883 1791230467410221 108189
2884 1791230467429909 109899
2885 1791230467450558 110179
2886 1791230467490485 133653
2887 1791230467493243 114572
2888 1791230467512758 111619
2889 1791230467530195 111382
2890 1791230467559487 122897
2891 1791230467572499 111373
2892 1791230467595981 117278
2893 1791230467615377 116619
2894 1791230467631567 113287
2895 1791230467655945 114118
2896 1791230467671154 111877
2897 1791230467689788 108609
2898 1791230467707427 111440
2899 1791230467732399 115176
2900 1791230467752479 116380
2901 1791230467761651 105700
2902 1791230467780750 103293
2903 1791230467808024 107004
2904 1791230467822718 100722
2905 1791230467850138 109416
2906 1791230467859302 99953
2907 1791230467877579 99920
2908 1791230467891651 94400
2909 1791230467916677 98152
2910 1791230467937741 97844
2911 1791230467960435 103219
2912 1791230467970332 92751
2913 1791230468005442 104880
2914 1791230468009345 92665
2915 1791230468027030 90497
2916 1791230468047644 89115
2917 1791230468062674 81372
2918 1791230468091524 91574
2919 1791230468100687 81731
2920 1791230468125199 85176
2921 1791230468135684 79665
2922 1791230468158837 82700
2923 1791230468182624 83109
2924 1791230468191505 66302
2925 1791230468211885 76198
2926 1791230468226183 69335
2927 1791230468241296 59239
2928 1791230468259628 63906
2929 1791230468271625 51867
2930 1791230468306284 66370
2931 1791230468312786 53154
2932 1791230468330766 49505
2933 1791230468356564 56677
2934 1791230468363380 43972
2935 1791230468377851 38690
2936 1791230468406278 49711
2937 1791230468422987 45133
2938 1791230468444885 42957
2939 1791230468466113 45531
2940 1791230468485450 45780
2941 1791230468493254 31716
2942 1791230468517404 38063
2943 1791230468531088 29530
2944 1791230468545961 29793
2945 1791230468571073 30510
2946 1791230468593073 33074
2947 1791230468612909 36700
2948 1791230468632546 32544
2949 1791230468661834 42655
2950 1791230468680493 40687
2951 1791230468693794 35390
2952 1791230468714469 33970
2953 1791230468746506 46178
2954 1791230468756924 38021
2955 1791230468771782 30353
2956 1791230468784211 28393
2957 1791230468820099 43745
2958 1791230468833460 32647
2959 1791230468859621 39518
2960 1791230468879295 42059
2961 1791230468892320 32688
2962 1791230468918935 39630
2963 1791230468932873 31913
2964 1791230468958877 39937
2965 1791230468979908 38762
2966 1791230469000103 42803
2967 1791230469012861 36251
2968 1791230469035846 35737
2969 1791230469058844 39026
2970 1791230469072364 36514
2971 1791230469096040 37188
2972 1791230469109391 30765
2973 1791230469126847 30804
2974 1791230469149958 31329
2975 1791230469181335 41779
2976 1791230469194799 32931
2977 1791230469230725 49383
2978 1791230469247113 44477
2979 1791230469273947 54191
2980 1791230469282912 44856
2981 1791230469294313 34599
2982 1791230469319709 40516
2983 1791230469339415 39024
2984 1791230469362127 43600
2985 1791230469387771 48354
2986 1791230469410009 47872
2987 1791230469424270 36487
2988 1791230469428187 30261
2989 1791230469461285 38415
2990 1791230469474365 35015
2991 1791230469493568 32674
2992 1791230469512329 31508
2993 1791230469546641 45960
2994 1791230469566721 41681
2995 1791230469576523 34569
2996 1791230469607010 47347
2997 1791230469620898 44369
2998 1791230469634288 33459
2999 1791230469661182 44223
3000 1791230469690517 49089
3001 1791230469697761 36573
3002 1791230469714823 33313
3003 1791230469735377 37887
3004 1791230469752755 34975
3005 1791230469771608 33971
3006 1791230469793787 37308
3007 1791230469824675 43843
3008 1791230469840591 40644
3009 1791230469858982 41314
3010 1791230469874996 37140
3011 1791230469894091 35104
3012 1791230469913106 34491
3013 1791230469939384 39767
3014 1791230469953082 34270
3015 1791230469982753 43366
3016 1791230470001215 41200
3017 1791230470023659 43989
3018 1791230470032146 35460
3019 1791230470060548 42257
3020 1791230470070483 30454
3021 1791230470095280 36825
3022 1791230470125576 48869
3023 1791230470144652 47222
3024 1791230470167709 49265
3025 1791230470191058 50153
3026 1791230470200327 43626
3027 1791230470227503 51455
3028 1791230470244645 47864
3029 1791230470274288 54086
3030 1791230470291369 54357
3031 1791230470305757 49078
3032 1791230470342135 64741
3033 1791230470365322 65359
3034 1791230470372196 51397
3035 1791230470398218 58501
3036 1791230470423447 62626
3037 1791230470457411 78858
3038 1791230470462139 64753
3039 1791230470481925 64149
3040 1791230470496288 57926
3041 1791230470520509 63095
3042 1791230470538557 61688
3043 1791230470559211 62920
3044 1791230470591158 70646
3045 1791230470603262 65914
3046 1791230470626057 68657
3047 1791230470650404 73630
3048 1791230470670831 73654
3049 1791230470692738 70323
3050 1791230470710825 68141
3051 1791230470732581 71069
3052 1791230470752618 76009
3053 1791230470762830 63472
3054 1791230470780925 60533
3055 1791230470800347 64171
3056 1791230470817266 59418
3057 1791230470843729 65357
3058 1791230470864529 65087
3059 1791230470886353 69083
3060 1791230470892462 53448
3061 1791230470915238 51894
3062 1791230470937526 56002
3063 1791230470967873 69562
3064 1791230470973671 56350
3065 1791230470991283 53753
3066 1791230471008718 48991
3067 1791230471027185 46955
3068 1791230471050030 46476
3069 1791230471064990 44788
3070 1791230471082940 45144
3071 1791230471113797 56761
3072 1791230471133128 55236
3073 1791230471162876 63110
3074 1791230471178950 61224
3075 1791230471197899 60940
3076 1791230471222286 61894
3077 1791230471243435 65198
3078 1791230471263664 65759
3079 1791230471291681 75435
3080 1791230471309841 73032
3081 1791230471325676 66049
3082 1791230471351551 72109
3083 1791230471363407 66893
3084 1791230471397986 77403
3085 1791230471418836 81490
3086 1791230471434049 77651
3087 1791230471457874 77775
3088 1791230471475453 78235
3089 1791230471493808 77072
3090 1791230471520716 81411
3091 1791230471540111 82233
3092 1791230471559907 83146
3093 1791230471574361 75213
3094 1791230471608366 87647
3095 1791230471614139 74295
3096 1791230471639902 79990
3097 1791230471663116 83373
3098 1791230471675676 75325
3099 1791230471687057 69236
3100 1791230471727821 87915
3101 1791230471751020 91343
3102 1791230471758641 82961
3103 1791230471784953 84136
3104 1791230471808444 89105
3105 1791230471823531 77719
3106 1791230471838668 81233
3107 1791230471861495 81800
3108 1791230471902586 99455
3109 1791230471902605 85537
3110 1791230471923069 86256
3111 1791230471944690 83996
3112 1791230471965433 87561
3113 1791230471975328 77738
3114 1791230472007487 86205
3115 1791230472028400 88750
3116 1791230472041367 83022
3117 1791230472061467 82262
3118 1791230472080712 80017
3119 1791230472103413 83902
3120 1791230472132993 92522
3121 1791230472154974 96813
3122 1791230472174994 96594
3123 1791230472194958 98412
3124 1791230472208601 89398
3125 1791230472232035 95301
3126 1791230472260840 102270
3127 1791230472278702 100894
3128 1791230472312757 113660
3129 1791230472313474 93761
3130 1791230472338278 98069
3131 1791230472359475 99097
3132 1791230472373357 97115
3133 1791230472392279 92191
3134 1791230472416518 96086
3135 1791230472428179 89893
3136 1791230472461044 101564
3137 1791230472472375 93472
3138 1791230472503831 103426
3139 1791230472523735 107213
3140 1791230472548006 107351
3141 1791230472580584 119995
3142 1791230472588776 109704
3143 1791230472599234 98604
3144 1791230472626436 106553
3145 1791230472643075 102290
3146 1791230472660267 100350
3147 1791230472679985 103352
3148 1791230472708911 112772
3149 1791230472733853 113175
3150 1791230472755842 116411
3151 1791230472769203 110492
3152 1791230472789925 110700
3153 1791230472808325 107011
3154 1791230472831298 107779
3155 1791230472847818 110578
3156 1791230472863078 107226
3157 1791230472885053 106579
3158 1791230472910523 113261
3159 1791230472936100 116436
3160 1791230472954240 114534
3161 1791230472974353 114804
3162 1791230473008509 128691
3163 1791230473013586 115283
3164 1791230473027423 106173
3165 1791230473040476 104373
3166 1791230473076721 116419
3167 1791230473094999 117531
3168 1791230473107442 107099
3169 1791230473126305 110539
3170 1791230473150002 110459
3171 1791230473173234 115046
3172 1791230473188385 111659
3173 1791230473213772 113203
3174 1791230473237448 116062
3175 1791230473251008 113527
3176 1791230473277467 117038
3177 1791230473296269 116458
3178 1791230473310150 111417
3179 1791230473335576 114677
3180 1791230473347953 110423
3181 1791230473374957 115566
3182 1791230473386282 108809
3183 1791230473403839 107566
3184 1791230473421123 103659
3185 1791230473444071 108491
3186 1791230473464269 104464
3187 1791230473485589 105173
3188 1791230473504024 103863
3189 1791230473530275 114234
3190 1791230473543230 101309
3191 1791230473557636 99755
3192 1791230473580979 100709
3193 1791230473594581 96332
3194 1791230473621849 101178
3195 1791230473633348 93769
3196 1791230473657793 100153
3197 1791230473675054 94072
3198 1791230473690586 94182
3199 1791230473710109 92846
3200 1791230473728346 89464
3201 1791230473742717 86042
3202 1791230473762593 82980
3203 1791230473781582 81234
3204 1791230473795380 75218
3205 1791230473820343 80732
3206 1791230473834794 77007
3207 1791230473861249 79751
3208 1791230473873917 75803
3209 1791230473884614 65599
3210 1791230473910769 74607
3211 1791230473925647 68226
3212 1791230473944762 63410
3213 1791230473967594 68707
3214 1791230473983906 63272
3215 1791230474001442 61378
3216 1791230474020731 64742
3217 1791230474033995 53859
3218 1791230474055768 59530
3219 1791230474073879 53144
3220 1791230474090563 52288
3221 1791230474111033 55263
3222 1791230474128696 50537
3223 1791230474144305 46917
3224 1791230474159156 41769
3225 1791230474181442 42205
3226 1791230474200982 41821
3227 1791230474223592 43138
3228 1791230474241587 40602
3229 1791230474253683 32406
3230 1791230474279854 38921
3231 1791230474298373 40923
3232 1791230474322390 42533
3233 1791230474326387 28012
3234 1791230474352396 31101
3235 1791230474372286 32481
3236 1791230474399244 39476
3237 1791230474413483 33494
3238 1791230474440560 41680
3239 1791230474451053 33631
3240 1791230474471551 30986
3241 1791230474486636 29855
3242 1791230474520396 40761
3243 1791230474525058 25907
3244 1791230474560772 40374
3245 1791230474578417 37506
3246 1791230474593293 34121
3247 1791230474608740 30321
3248 1791230474645132 44454
3249 1791230474653323 33037
3250 1791230474675960 35204
3251 1791230474690492 33715
3252 1791230474718415 42450
3253 1791230474736873 37503
3254 1791230474761445 43028
3255 1791230474780634 43758
3256 1791230474804773 43325
3257 1791230474819068 38432
3258 1791230474838704 38753
3259 1791230474854914 36859
3260 1791230474878715 40195
3261 1791230474889167 32513
3262 1791230474915936 40041
3263 1791230474932679 36014
3264 1791230474959498 43559
3265 1791230474980894 37521
3266 1791230475013850 54348
3267 1791230475021974 44272
3268 1791230475048617 51898
3269 1791230475064475 47419
3270 1791230475080680 39215
3271 1791230475092945 35283
3272 1791230475125941 45246
3273 1791230475148710 50304
3274 1791230475154384 33487
3275 1791230475170680 33782
3276 1791230475193249 36160
3277 1791230475217273 37971
3278 1791230475228935 27899
3279 1791230475252235 34959
3280 1791230475281032 40360
3281 1791230475289564 29622
3282 1791230475316098 39961
3283 1791230475328165 28759
3284 1791230475348227 32126
3285 1791230475380367 40684
3286 1791230475403374 42892
3287 1791230475425614 45244
3288 1791230475446370 47132
3289 1791230475460168 42955
3290 1791230475490574 54505
3291 1791230475501494 41322
3292 1791230475543114 62199
3293 1791230475551350 55653
3294 1791230475560763 44844
3295 1791230475578100 38157
3296 1791230475599646 43082
3297 1791230475616825 39957
3298 1791230475663328 63680
3299 1791230475672370 56404
3300 1791230475693886 56827
3301 1791230475711576 51461
3302 1791230475731310 53320
3303 1791230475761225 64854
3304 1791230475779831 63935
3305 1791230475797505 57274
3306 1791230475813888 55744
3307 1791230475840867 61851
3308 1791230475855433 58916
3309 1791230475883264 65159
3310 1791230475910498 69621
3311 1791230475934701 73142
3312 1791230475960551 81776
3313 1791230475972039 73860
3314 1791230475981395 63995
3315 1791230476005476 67209
3316 1791230476024964 64712
3317 1791230476052604 74807
3318 1791230476077031 77252
3319 1791230476093799 74209
3320 1791230476115861 74376
3321 1791230476133897 71670
3322 1791230476142893 65881
3323 1791230476172844 76167
3324 1791230476191023 75159
3325 1791230476202242 65032
3326 1791230476231595 72929
3327 1791230476258401 79482
3328 1791230476276409 79745
3329 1791230476290914 74330
3330 1791230476325955 85955
3331 1791230476332191 74810
3332 1791230476354262 77850
3333 1791230476381712 82910
3334 1791230476400983 80446
3335 1791230476413966 76855
3336 1791230476448427 87481
3337 1791230476455333 74669
3338 1791230476483792 85400
3339 1791230476513331 92751
3340 1791230476522284 83107
3341 1791230476534275 75190
3342 1791230476551640 75428
3343 1791230476577556 76542
3344 1791230476600965 80023
3345 1791230476612270 75793
3346 1791230476646647 86465
3347 1791230476663525 85966
3348 1791230476699445 98472
3349 1791230476716555 96353
3350 1791230476731814 91594
3351 1791230476749984 88625
3352 1791230476766874 87316
3353 1791230476781156 81708
3354 1791230476805598 89040
3355 1791230476826599 86948
3356 1791230476854238 94517
3357 1791230476880734 100950
3358 1791230476901414 101241
3359 1791230476911942 91624
3360 1791230476936247 97223
3361 1791230476963167 102066
3362 1791230476972472 91930
3363 1791230476992636 93203
3364 1791230477012348 93467
3365 1791230477033464 97210
3366 1791230477061477 104733
3367 1791230477079074 99685
3368 1791230477096607 96167
3369 1791230477116264 97946
3370 1791230477139035 100869
3371 1791230477162972 101491
3372 1791230477176560 97484
3373 1791230477196286 99675
3374 1791230477223295 107028
3375 1791230477243118 104079
3376 1791230477263720 104375
3377 1791230477281985 105418
3378 1791230477300708 104417
3379 1791230477320605 102861
3380 1791230477344772 107882
3381 1791230477359694 103067
3382 1791230477393832 115005
3383 1791230477407808 111520
3384 1791230477421076 103463
3385 1791230477450140 110699
3386 1791230477465913 108718
3387 1791230477496640 118882
3388 1791230477516875 117080
3389 1791230477523364 102284
3390 1791230477550183 112820
3391 1791230477571175 109419
3392 1791230477592363 115539
3393 1791230477618692 122048
3394 1791230477626576 109698
3395 1791230477645689 109086
3396 1791230477664166 105352
3397 1791230477696702 115452
3398 1791230477714113 113303
3399 1791230477738787 120093
3400 1791230477751269 111711
3401 1791230477778726 121260
3402 1791230477792804 115283
3403 1791230477813394 116966
3404 1791230477836951 117009
3405 1791230477856917 120260
3406 1791230477885807 125302
3407 1791230477894673 119091
3408 1791230477915972 119239
3409 1791230477941996 121902
3410 1791230477961236 124343
3411 1791230477974810 117884
3412 1791230478001622 120433
3413 1791230478013489 117158
3414 1791230478032892 116912
3415 1791230478052296 114989
3416 1791230478076502 116609
3417 1791230478099792 122820
3418 1791230478113151 116957
3419 1791230478140396 120201
3420 1791230478153726 117652
3421 1791230478166593 106896
3422 1791230478190631 114113
3423 1791230478219826 120031
3424 1791230478232274 115361
3425 1791230478254171 113773
3426 1791230478270564 110029
3427 1791230478281122 102288
3428 1791230478306108 106048
3429 1791230478328459 108461
3430 1791230478340843 100855
3431 1791230478368268 109094
3432 1791230478373881 97864
3433 1791230478387567 91264
3434 1791230478418992 99619
3435 1791230478432466 92249
3436 1791230478441107 84626
3437 1791230478461656 81821
3438 1791230478478790 78946
3439 1791230478495358 76356
3440 1791230478516265 77787
3441 1791230478527576 69908
3442 1791230478542787 63994
3443 1791230478569658 72939
3444 1791230478575380 59112
3445 1791230478599380 59278
3446 1791230478611433 55495
3447 1791230478639437 58194
3448 1791230478651586 52761
3449 1791230478671623 53012
3450 1791230478682784 43344
3451 1791230478702259 45478
3452 1791230478718099 42185
3453 1791230478744727 47093
3454 1791230478765788 48386
3455 1791230478772143 32846
3456 1791230478794375 34391
3457 1791230478813002 31538
3458 1791230478832142 31323
3459 1791230478849062 31777
3460 1791230478873576 33256
3461 1791230478889065 30877
3462 1791230478903656 27835
3463 1791230478934947 33859
3464 1791230478945482 25479
3465 1791230478972680 34063
3466 1791230478991475 30549
3467 1791230479013243 35587
3468 1791230479033872 36509
3469 1791230479053386 32063
3470 1791230479069520 32832
3471 1791230479105943 44983
3472 1791230479118656 38677
3473 1791230479130827 30037
3474 1791230479147317 30118
3475 1791230479167425 29605
3476 1791230479191344 34660
3477 1791230479211060 32866
3478 1791230479231060 32181
3479 1791230479250947 33920
3480 1791230479274338 34799
3481 1791230479289977 33518
3482 1791230479306281 27326
3483 1791230479325828 28846
3484 1791230479360350 39092
3485 1791230479369872 32750
3486 1791230479398583 38229
3487 1791230479413068 34536
3488 1791230479439658 41133
3489 1791230479460250 39876
3490 1791230479475927 36265
3491 1791230479495645 35389
3492 1791230479508123 32191
3493 1791230479536765 41116
3494 1791230479560831 39831
3495 1791230479575542 38773
3496 1791230479584586 25268
3497 1791230479609038 33492
3498 1791230479633200 33641
3499 1791230479644955 24522
3500 1791230479674785 35329
3501 1791230479693899 35769
3502 1791230479714885 38538
3503 1791230479725652 29516
3504 1791230479751272 34203
3505 1791230479766365 26717
3506 1791230479790074 33584
3507 1791230479809882 33320
3508 1791230479840321 40752
3509 1791230479850554 29849
3510 1791230479875350 35026
3511 1791230479894413 33016
3512 1791230479914253 36525
3513 1791230479945049 47826
3514 1791230479960964 42399
3515 1791230479985839 46197
3516 1791230480011337 54702
3517 1791230480019422 39665
3518 1791230480043133 42298
3519 1791230480062769 43345
3520 1791230480086110 47275
3521 1791230480102204 45241
3522 1791230480134127 53824
3523 1791230480152617 52069
3524 1791230480168011 48617
3525 1791230480197962 58830
3526 1791230480210984 54464
3527 1791230480235192 56358
3528 1791230480249777 51809
3529 1791230480272888 52025
3530 1791230480293929 53342
3531 1791230480312918 55093
3532 1791230480346572 70197
3533 1791230480366503 65710
3534 1791230480379080 60401
3535 1791230480408296 67674
3536 1791230480418457 58300
3537 1791230480443245 65583
3538 1791230480473385 73004
3539 1791230480477592 60072
3540 1791230480504284 64567
3541 1791230480528811 71811
3542 1791230480543329 66344
3543 1791230480566126 65483
3544 1791230480597182 71106
3545 1791230480606162 69190
3546 1791230480628565 66975
3547 1791230480649376 68849
3548 1791230480662640 65449
3549 1791230480725454 96881
3550 1791230480725497 85425
3551 1791230480736120 73475
3552 1791230480742011 65966
3553 1791230480782342 84470
3554 1791230480797735 72275
3555 1791230480797747 61622
3556 1791230480818162 60977
3557 1791230480846407 65730
3558 1791230480879083 82067
3559 1791230480896892 78728
3560 1791230480911224 72951
3561 1791230480934360 73338
3562 1791230480953722 74630
3563 1791230480964492 67596
3564 1791230480989224 69582
3565 1791230481014271 74760
3566 1791230481046938 87445
3567 1791230481065076 87319
3568 1791230481080815 78930
3569 1791230481100659 78939
3570 1791230481133470 89193
3571 1791230481145186 80823
3572 1791230481159182 79708
3573 1791230481181075 81246
3574 1791230481199765 78890
3575 1791230481220886 81314
3576 1791230481249063 89874
3577 1791230481263539 82460
3578 1791230481287726 90407
3579 1791230481309840 91364
3580 1791230481330834 91021
3581 1791230481351101 90732
3582 1791230481364349 86053
3583 1791230481389189 87874
3584 1791230481400341 81603
3585 1791230481439638 101524
3586 1791230481453042 96212
3587 1791230481476940 99981
3588 1791230481494725 96254
3589 1791230481514956 97718
3590 1791230481534221 94580
3591 1791230481546168 89611
3592 1791230481574773 97973
3593 1791230481592729 95300
3594 1791230481621214 101653
3595 1791230481638753 100058
3596 1791230481664460 103964
3597 1791230481679972 103266
3598 1791230481702619 103224
3599 1791230481726594 105836
3600 1791230481735818 98013
3601 1791230481765194 101507
3602 1791230481784723 104856
3603 1791230481802717 104615
3604 1791230481816152 100343
3605 1791230481846472 110644
3606 1791230481871025 110620
3607 1791230481881444 101847
3608 1791230481903359 106745
3609 1791230481923692 107536
3610 1791230481951423 110773
3611 1791230481970895 113619
3612 1791230481986985 106451
3613 1791230482005657 106331
3614 1791230482032444 112026
3615 1791230482051912 111643
3616 1791230482064735 106876
3617 1791230482083263 106991
3618 1791230482112929 114247
3619 1791230482125144 109256
3620 1791230482153594 117018
3621 1791230482171578 111931
3622 1791230482190256 111367
3623 1791230482210044 108013
3624 1791230482234266 114266
3625 1791230482250817 111761
3626 1791230482262853 106798
3627 1791230482300621 121593
3628 1791230482312757 114121
3629 1791230482331633 112572
3630 1791230482359592 119607
3631 1791230482377222 116807
3632 1791230482392969 112876
3633 1791230482413131 112507
3634 1791230482427651 110344
3635 1791230482444628 108815
3636 1791230482472918 113645
3637 1791230482499894 123852
3638 1791230482510244 110420
3639 1791230482532168 115794
3640 1791230482550514 112595
3641 1791230482575606 116133
3642 1791230482595677 114743
3643 1791230482613689 113921
3644 1791230482631521 112072
3645 1791230482666414 125807
3646 1791230482673104 116809
3647 1791230482691342 115732
3648 1791230482715698 120019
3649 1791230482733358 113203
3650 1791230482757012 117852
3651 1791230482775250 115721
3652 1791230482786201 109867
3653 1791230482809977 112895
3654 1791230482830177 114476
3655 1791230482851237 110558
3656 1791230482861507 104492
3657 1791230482885617 104628
3658 1791230482902786 102928
3659 1791230482918105 101404
3660 1791230482946078 106510
3661 1791230482964332 104248
3662 1791230482990506 114194
3663 1791230482991093 94673
3664 1791230483015615 97505
3665 1791230483035828 94129
3666 1791230483050948 92664
3667 1791230483062843 83577
3668 1791230483081395 84173
3669 1791230483097335 81718
3670 1791230483110043 74212
3671 1791230483129595 72278
3672 1791230483143314 65907
3673 1791230483166584 69245
3674 1791230483187365 68314
3675 1791230483206245 69559
3676 1791230483220798 60028
3677 1791230483236029 55992
3678 1791230483251507 49948
3679 1791230483272816 52660
3680 1791230483284139 48108
3681 1791230483303265 43272
3682 1791230483320613 40627
3683 1791230483333949 37366
3684 1791230483359562 39845
3685 1791230483370481 33746
3686 1791230483401156 41765
3687 1791230483415820 37248
3688 1791230483429173 28012
3689 1791230483449943 34118
3690 1791230483468617 29291
3691 1791230483484147 27739
3692 1791230483507650 28510
3693 1791230483527274 30461
3694 1791230483551387 35537
3695 1791230483575186 36388
3696 1791230483586070 25901
3697 1791230483609124 32454
3698 1791230483635132 36476
3699 1791230483652773 35775
3700 1791230483664671 27288
3701 1791230483685877 28740
3702 1791230483718108 40274
3703 1791230483731015 30015
3704 1791230483760133 42021
3705 1791230483772923 33171
3706 1791230483794356 34221
3707 1791230483813187 33317
3708 1791230483840374 40674
3709 1791230483857896 38474
3710 1791230483875017 34625
3711 1791230483894200 36300
3712 1791230483906771 29666
3713 1791230483932956 32683
3714 1791230483959318 40829
3715 1791230483983012 41678
3716 1791230483990923 31600
3717 1791230484014975 34492
3718 1791230484037619 37304
3719 1791230484050369 33836
3720 1791230484069989 32366
3721 1791230484092687 31377
3722 1791230484114669 33253
3723 1791230484123493 26911
3724 1791230484155998 35496
3725 1791230484162261 26117
3726 1791230484184515 28512
3727 1791230484212452 32881
3728 1791230484233235 32560
3729 1791230484249129 31480
3730 1791230484271269 31652
3731 1791230484283356 26562
3732 1791230484303969 27177
3733 1791230484328435 29299
3734 1791230484351527 35123
3735 1791230484371624 31651
3736 1791230484387777 31018
3737 1791230484411073 34395
3738 1791230484435959 34848
3739 1791230484449272 28864
3740 1791230484467436 31476
3741 1791230484493118 34802
3742 1791230484508319 31406
3743 1791230484529600 30520
3744 1791230484551218 32963
3745 1791230484573790 34696
3746 1791230484584400 23982
3747 1791230484610392 33033
3748 1791230484631454 32288
3749 1791230484650793 33298
3750 1791230484667660 28022
3751 1791230484685257 28411
3752 1791230484707756 27139
3753 1791230484720124 23625
3754 1791230484740157 23953
3755 1791230484763802 26826
3756 1791230484780279 23432
3757 1791230484799471 21081
3758 1791230484820888 21413
3759 1791230484843450 22673
3760 1791230484860218 21963
3761 1791230484882799 22573
3762 1791230484901729 22978
3763 1791230484921460 23840
3764 1791230484940478 24285
3765 1791230484960696 23610
3766 1791230484986486 25838
3767 1791230485001553 21621
3768 1791230485023220 23902
3769 1791230485040304 21109
3770 1791230485060154 22255
3771 1791230485084743 24583
3772 1791230485101156 21332
3773 1791230485122579 22082
3774 1791230485140594 22975
3775 1791230485160788 23166
3776 1791230485181069 23177
3777 1791230485207930 26858
3778 1791230485220860 20859
3779 1791230485240566 24407
3780 1791230485261052 23020
3781 1791230485280916 24139
3782 1791230485298080 21242
3783 1791230485320158 22067
3784 1791230485349965 29804
3785 1791230485360355 21011
3786 1791230485381262 25195
3787 1791230485401472 24641
3788 1791230485420094 22553
3789 1791230485441540 23703
3790 1791230485460402 23615
3791 1791230485481101 23715
3792 1791230485502596 21492
3793 1791230485520121 21125
3794 1791230485542923 25915
3795 1791230485563559 25448
3796 1791230485585504 27746
3797 1791230485600782 25137
3798 1791230485619644 23264
3799 1791230485641813 24499
3800 1791230485663424 24660
3801 1791230485682937 25313
3802 1791230485700400 21635
3803 1791230485719775 21197
3804 1791230485743445 23666
3805 1791230485760129 22709
3806 1791230485779574 22500
3807 1791230485804318 24800
3808 1791230485823595 24397
3809 1791230485842286 23855
3810 1791230485859897 21815
3811 1791230485882977 23073
3812 1791230485905512 22738
3813 1791230485921837 21107
3814 1791230485940869 24668
3815 1791230485963313 22440
3816 1791230485979564 23314
3817 1791230486001747 22180
3818 1791230486020231 23090
3819 1791230486041518 24419
3820 1791230486059759 21496
3821 1791230486082437 22675
3822 1791230486097718 21513
3823 1791230486120759 23276
3824 1791230486141921 25875
3825 1791230486162661 26716
3826 1791230486177863 21269
3827 1791230486202137 24271
3828 1791230486221803 22980
3829 1791230486240828 22231
3830 1791230486259802 23611
3831 1791230486280763 23246
3832 1791230486300673 23654
3833 1791230486321247 23786
3834 1791230486342655 23599
3835 1791230486362929 26271
3836 1791230486382129 24161
3837 1791230486399698 22957
3838 1791230486426049 26428
3839 1791230486441418 21043
3840 1791230486459479 22942
3841 1791230486484661 25244
3842 1791230486504022 24180
3843 1791230486522948 23068
3844 1791230486541625 22342
3845 1791230486568565 32409
3846 1791230486580477 23776
3847 1791230486605245 24765
3848 1791230486620310 23903
3849 1791230486642904 24683
3850 1791230486669216 26305
3851 1791230486681453 24984
3852 1791230486702500 23977
3853 1791230486721677 22224
3854 1791230486740685 24361
3855 1791230486763129 22441
3856 1791230486784889 25713
3857 1791230486802566 22999
3858 1791230486827193 30496
3859 1791230486840550 22239
3860 1791230486865021 24467
3861 1791230486883395 24877
3862 1791230486902154 22778
3863 1791230486923068 23960
3864 1791230486939800 22601
3865 1791230486962215 22462
3866 1791230486981461 22398
3867 1791230487002733 24304
3868 1791230487021396 23346
3869 1791230487042682 23651
3870 1791230487060337 22750
3871 1791230487082563 25902
3872 1791230487102055 22995
3873 1791230487120537 23644
3874 1791230487140724 24038
3875 1791230487156881 21116
3876 1791230487177158 21215
3877 1791230487203453 26337
3878 1791230487219146 20950
3879 1791230487245860 26760
3880 1791230487264847 24754
3881 1791230487282204 21829
3882 1791230487301815 24057
3883 1791230487325792 29395
3884 1791230487352792 32534
3885 1791230487369756 29933
3886 1791230487380999 22988
3887 1791230487400525 23181
3888 1791230487419084 22593
3889 1791230487440209 23223
3890 1791230487465240 27198
3891 1791230487481150 21874
3892 1791230487502819 23245
3893 1791230487520876 24208
3894 1791230487542232 24874
3895 1791230487561068 23719
3896 1791230487581909 23258
3897 1791230487601095 22374
3898 1791230487620813 24061
3899 1791230487640712 23141
3900 1791230487663078 22363
3901 1791230487680736 21777
3902 1791230487701231 23821
3903 1791230487723221 25743
3904 1791230487742985 24482
3905 1791230487759738 22152
3906 1791230487784843 25102
3907 1791230487807958 28638
3908 1791230487821135 22310
3909 1791230487851360 30215
3910 1791230487861910 21284
3911 1791230487879073 22252
3912 1791230487901191 22115
3913 1791230487924128 27384
3914 1791230487942904 25445
3915 1791230487963907 27555
3916 1791230487981351 23748
3917 1791230488000479 23003
3918 1791230488023948 25456
3919 1791230488046339 26230
3920 1791230488063268 22971
3921 1791230488080230 22351
3922 1791230488098627 21861
3923 1791230488126618 29998
3924 1791230488141725 20934
3925 1791230488161986 24974
3926 1791230488182982 23359
3927 1791230488202137 25541
3928 1791230488221575 24576
3929 1791230488242194 25459
3930 1791230488261600 24658
3931 1791230488292634 31006
3932 1791230488303212 22688
3933 1791230488329172 29555
3934 1791230488339669 21210
3935 1791230488369819 30554
3936 1791230488381781 25435
3937 1791230488402633 23646
3938 1791230488420410 23204
3939 1791230488441363 24225
3940 1791230488458871 21343
3941 1791230488481542 22665
3942 1791230488509089 27670
3943 1791230488521272 24914
3944 1791230488541634 22454
3945 1791230488565215 23576
3946 1791230488582068 22354
3947 1791230488604860 26185
3948 1791230488629098 29242
3949 1791230488642957 26983
3950 1791230488663962 27427
3951 1791230488679985 23017
3952 1791230488700945 22635
3953 1791230488725151 27752
3954 1791230488744656 25039
3955 1791230488763264 25681
3956 1791230488781513 24232
3957 1791230488800393 23523
3958 1791230488824248 26660
3959 1791230488844548 25821
3960 1791230488863727 26072
3961 1791230488888875 25259
3962 1791230488899915 22670
3963 1791230488924247 28165
3964 1791230488938604 22621
3965 1791230488961441 22830
3966 1791230488980492 24684
3967 1791230489004032 23535
3968 1791230489021061 21867
3969 1791230489040617 24037
3970 1791230489060612 24420
3971 1791230489084463 26729
3972 1791230489106956 22482
3973 1791230489120556 24379
3974 1791230489144377 23817
3975 1791230489162132 22125
3976 1791230489180423 21088
3977 1791230489208708 32305
3978 1791230489221156 24328
3979 1791230489241424 24287
3980 1791230489261840 25336
3981 1791230489283065 25126
3982 1791230489300837 22400
3983 1791230489324209 23693
3984 1791230489339923 20375
3985 1791230489364844 24916
3986 1791230489382495 21665
3987 1791230489401263 20884
3988 1791230489423639 24974
3989 1791230489440646 20845
3990 1791230489461506 25631
3991 1791230489479664 22662
3992 1791230489503972 24302
3993 1791230489521991 24751
3994 1791230489540314 23820
3995 1791230489559355 22803
3996 1791230489580223 20865
3997 1791230489602746 26262
3998 1791230489623992 24281
3999 1791230489640309 21385
4000 1791230489662279 23379
4001 1791230489680659 22613
4002 1791230489701977 21369
4003 1791230489719004 21977
4004 1791230489741350 22342
4005 1791230489759725 21324
4006 1791230489781319 21590
4007 1791230489800482 24203
4008 1791230489819844 23234
4009 1791230489840392 23782
4010 1791230489866136 25554
4011 1791230489885659 24253
4012 1791230489903612 23269
4013 1791230489923671 24174
4014 1791230489938999 23017
4015 1791230489964118 25115
4016 1791230489981684 22974
4017 1791230490001020 23627
4018 1791230490020443 24212
4019 1791230490043614 25505
4020 1791230490062218 21902
4021 1791230490080075 23301
4022 1791230490101205 23913
4023 1791230490123120 26392
4024 1791230490141559 22600
4025 1791230490161053 22341
4026 1791230490178523 22825
4027 1791230490205150 26624
4028 1791230490222958 23643
4029 1791230490241577 22182
4030 1791230490261325 21830
4031 1791230490290154 34350
4032 1791230490301457 21944
4033 1791230490322468 23935
4034 1791230490338892 22346
4035 1791230490362841 26053
4036 1791230490381810 23481
4037 1791230490400656 22875
4038 1791230490437725 39884
4039 1791230490450099 25237
4040 1791230490462606 25010
4041 1791230490486449 23840
4042 1791230490510009 28713
4043 1791230490521259 23985
4044 1791230490544898 27042
4045 1791230490569585 24683
4046 1791230490579896 21744
4047 1791230490602251 24892
4048 1791230490626023 29208
4049 1791230490664042 43107
4050 1791230490674852 33742
4051 1791230490690997 27244
4052 1791230490702309 24449
4053 1791230490732594 33908
4054 1791230490745821 25046
4055 1791230490761072 24332
4056 1791230490780836 23894
4057 1791230490802458 26098
4058 1791230490820318 21727
4059 1791230490844976 24656
4060 1791230490863978 24526
4061 1791230490879291 21241
4062 1791230490904842 25541
4063 1791230490924452 27532
4064 1791230490945523 21063
4065 1791230490962796 22646
4066 1791230490986129 28857
4067 1791230491005461 24572
4068 1791230491022971 23833
4069 1791230491049924 30877
4070 1791230491060031 20598
4071 1791230491080511 22216
4072 1791230491101523 24881
4073 1791230491119555 22674
4074 1791230491137972 21170
4075 1791230491164230 27303
4076 1791230491184671 28086
4077 1791230491201302 23504
4078 1791230491221260 22652
4079 1791230491243214 25198
4080 1791230491262818 23413
4081 1791230491285099 25495
4082 1791230491303130 24025
4083 1791230491323063 26069
4084 1791230491343354 24495
4085 1791230491365392 25867
4086 1791230491382728 22204
4087 1791230491400088 23135
4088 1791230491422462 26408
4089 1791230491443735 26587
4090 1791230491461237 23331
4091 1791230491480329 23766
4092 1791230491508268 27936
4093 1791230491524487 25595
4094 1791230491541437 22879
4095 1791230491561777 23787
4096 1791230491581065 21986
4097 1791230491599420 22733
4098 1791230491623136 25302
4099 1791230491644270 25528
4100 1791230491663499 23623
4101 1791230491681457 22122
4102 1791230491701073 22499
4103 1791230491720888 23405
4104 1791230491737972 20930
4105 1791230491762607 24630
4106 1791230491780347 21584
4107 1791230491804247 23897
4108 1791230491824016 23284
4109 1791230491840706 20923
4110 1791230491860630 24042
4111 1791230491877667 21783
4112 1791230491904870 27250
4113 1791230491925440 25500
4114 1791230491944742 23896
4115 1791230491968998 28552
4116 1791230491980034 23511
4117 1791230492000970 20932
4118 1791230492021693 24977
4119 1791230492044632 27906
4120 1791230492058218 22408
4121 1791230492083850 25629
4122 1791230492102320 22328
4123 1791230492125390 23224
4124 1791230492143413 22746
4125 1791230492163362 23423
4126 1791230492181283 22132
4127 1791230492202594 25252
4128 1791230492219786 20775
4129 1791230492244102 24314
4130 1791230492265530 26434
4131 1791230492282774 23008
4132 1791230492300569 23153
4133 1791230492327070 26497
4134 1791230492339819 23812
4135 1791230492361838 22015
4136 1791230492389444 29512
4137 1791230492406191 26897
4138 1791230492420915 22295
4139 1791230492442778 26242
4140 1791230492470876 28095
4141 1791230492481892 22561
4142 1791230492502604 24133
4143 1791230492520753 23646
4144 1791230492540510 22697
4145 1791230492564235 23787
4146 1791230492578004 21362
4147 1791230492600971 22959
4148 1791230492623347 25240
4149 1791230492640610 23802
4150 1791230492667903 30338
4151 1791230492684685 25365
4152 1791230492701117 22618
4153 1791230492723011 26663
# sent 4154 received 4154
