0 1791277206625082 21115
1 1791277206648381 23269
2 1791277206680630 32245
3 1791277206691694 25399
4 1791277206710904 23545
5 1791277206727234 22079
6 1791277206748972 22963
7 1791277206768001 22890
8 1791277206787388 22573
9 1791277206808045 23099
10 1791277206828249 22150
11 1791277206847362 21320
12 1791277206876541 29177
13 1791277206896233 29734
14 1791277206915577 29052
15 1791277206928968 22300
16 1791277206949344 23159
17 1791277206977137 31895
18 1791277206990436 25210
19 1791277207007644 23366
20 1791277207028991 23493
21 1791277207048222 21837
22 1791277207066827 21793
23 1791277207089718 22887
24 1791277207108329 22563
25 1791277207129170 23086
26 1791277207148529 21670
27 1791277207170221 24185
28 1791277207192180 25073
29 1791277207208788 22105
30 1791277207226504 21024
31 1791277207250691 24185
32 1791277207276771 26077
33 1791277207287284 22191
34 1791277207313298 27347
35 1791277207327825 21927
36 1791277207347525 21716
37 1791277207366539 21021
38 1791277207395603 29061
39 1791277207406994 21712
40 1791277207430738 23742
41 1791277207447356 20759
42 1791277207468112 21558
43 1791277207490995 24788
44 1791277207507705 20753
45 1791277207528520 20847
46 1791277207555201 26678
47 1791277207567351 22727
48 1791277207588112 23558
49 1791277207618276 30163
50 1791277207628602 20992
51 1791277207655604 30084
52 1791277207668326 23238
53 1791277207689713 21384
54 1791277207710236 23152
55 1791277207733886 23692
56 1791277207749569 21768
57 1791277207770440 23993
58 1791277207792180 25509
59 1791277207814249 26251
60 1791277207830575 23458
61 1791277207848562 23798
62 1791277207867927 23063
63 1791277207888574 22528
64 1791277207908487 22946
65 1791277207926635 21116
66 1791277207948486 22754
67 1791277207967847 21665
68 1791277207989113 23100
69 1791277208014286 27248
70 1791277208033097 27705
71 1791277208047036 22584
72 1791277208068718 21731
73 1791277208088476 22666
74 1791277208108168 23068
75 1791277208129251 21322
76 1791277208151317 26936
77 1791277208172308 24735
78 1791277208190173 23483
79 1791277208210007 23716
80 1791277208227770 20816
81 1791277208247285 21581
82 1791277208267322 21905
83 1791277208289658 24578
84 1791277208313048 26269
85 1791277208329708 23368
86 1791277208346477 20663
87 1791277208369172 24057
88 1791277208388037 23440
89 1791277208406093 21703
90 1791277208427743 21698
91 1791277208448444 20699
92 1791277208467357 21987
93 1791277208495776 28416
94 1791277208508770 24054
95 1791277208532837 24064
96 1791277208546785 20645
97 1791277208568441 21653
98 1791277208587181 20763
99 1791277208609249 22064
100 1791277208625976 20939
101 1791277208646917 20936
102 1791277208667452 22083
103 1791277208693948 26576
104 1791277208709947 25298
105 1791277208730018 22267
106 1791277208750282 22822
107 1791277208769630 24710
108 1791277208787947 21421
109 1791277208807423 22289
110 1791277208831476 24129
111 1791277208851224 26505
112 1791277208867099 20733
113 1791277208887869 20766
114 1791277208906580 21807
115 1791277208928808 22223
116 1791277208946852 20724
117 1791277208969630 22774
118 1791277208989355 21818
119 1791277209014020 27382
120 1791277209032186 25877
121 1791277209047618 20714
122 1791277209067372 21727
123 1791277209088089 22763
124 1791277209109265 21217
125 1791277209130167 25707
126 1791277209148004 21728
127 1791277209168075 21759
128 1791277209191426 25076
129 1791277209208675 24004
130 1791277209237694 29016
131 1791277209259054 27526
132 1791277209270225 22248
133 1791277209288674 22205
134 1791277209308505 23026
135 1791277209330398 24950
136 1791277209348290 23727
137 1791277209374710 26417
138 1791277209396650 30345
139 1791277209406979 22044
140 1791277209426047 20986
141 1791277209453323 27332
142 1791277209471599 23750
143 1791277209493389 25729
144 1791277209507626 21045
145 1791277209537025 29450
146 1791277209548538 22928
147 1791277209567154 21868
148 1791277209587282 21048
149 1791277209609451 22168
150 1791277209627170 21749
151 1791277209657303 30131
152 1791277209669598 22821
153 1791277209687297 21733
154 1791277209706326 21051
155 1791277209726988 20660
156 1791277209748179 21188
157 1791277209768053 23836
158 1791277209790043 22019
159 1791277209807097 21366
160 1791277209836771 32588
161 1791277209848455 23094
162 1791277209869273 22749
163 1791277209889193 22616
164 1791277209907870 23178
165 1791277209927851 23038
166 1791277209946580 20761
167 1791277209967873 21291
168 1791277209989192 21316
169 1791277210008398 21948
170 1791277210031170 24886
171 1791277210049168 23819
172 1791277210068496 22325
173 1791277210087038 22581
174 1791277210108665 21624
175 1791277210129560 23713
176 1791277210148279 22193
177 1791277210168137 23489
178 1791277210187794 22098
179 1791277210213718 25922
180 1791277210229374 23028
181 1791277210254443 27774
182 1791277210275270 29859
183 1791277210294957 28218
184 1791277210309094 23866
185 1791277210338477 32406
186 1791277210349625 24865
187 1791277210377531 31230
188 1791277210390320 24878
189 1791277210407485 22777
190 1791277210432542 25054
191 1791277210449711 22961
192 1791277210468307 23352
193 1791277210489206 23059
194 1791277210507142 20790
195 1791277210525537 21029
196 1791277210546752 21261
197 1791277210571943 25188
198 1791277210587364 21147
199 1791277210610878 23564
200 1791277210636149 28715
201 1791277210650932 24347
202 1791277210676259 29686
203 1791277210694138 27846
204 1791277210714903 27203
205 1791277210735458 27453
206 1791277210746240 21006
207 1791277210768961 22718
208 1791277210789232 21605
209 1791277210808434 22402
210 1791277210827485 22157
211 1791277210848549 23833
212 1791277210879254 30820
213 1791277210889821 22975
214 1791277210907975 21192
215 1791277210935876 27898
216 1791277210947464 22306
217 1791277210971636 24169
218 1791277210986887 21089
219 1791277211009663 24065
220 1791277211032790 25974
221 1791277211050187 24321
222 1791277211069445 22216
223 1791277211086862 22163
224 1791277211111065 24200
225 1791277211131138 24232
226 1791277211146838 20947
227 1791277211169926 23085
228 1791277211187079 20970
229 1791277211207829 20748
230 1791277211226575 22309
231 1791277211248534 22000
232 1791277211272060 25815
233 1791277211289072 22813
234 1791277211306785 22227
235 1791277211328418 21678
236 1791277211352625 26823
237 1791277211369732 23738
238 1791277211388869 23510
239 1791277211420145 31560
240 1791277211430520 23888
241 1791277211446718 21901
242 1791277211469617 24094
243 1791277211488392 23024
244 1791277211507832 22292
245 1791277211535451 27615
246 1791277211554817 28962
247 1791277211569047 22135
248 1791277211587867 21052
249 1791277211609859 23160
250 1791277211626239 20974
251 1791277211648085 21843
252 1791277211667130 22495
253 1791277211696221 31693
254 1791277211707778 23190
255 1791277211734403 28674
256 1791277211756877 29917
257 1791277211766827 21173
258 1791277211789023 22192
259 1791277211808090 21207
260 1791277211828866 20835
261 1791277211846264 21830
262 1791277211868797 22529
263 1791277211887169 22269
264 1791277211908180 22416
265 1791277211931020 23227
266 1791277211955083 27287
267 1791277211969808 22731
268 1791277211991306 25450
269 1791277212018542 32710
270 1791277212028884 22191
271 1791277212045890 20939
272 1791277212073223 27323
273 1791277212090154 24420
274 1791277212107478 20873
275 1791277212126426 21951
276 1791277212148059 21631
277 1791277212168315 22073
278 1791277212189771 23949
279 1791277212211449 24688
280 1791277212227269 21750
281 1791277212246344 21103
282 1791277212267722 21419
283 1791277212285974 21164
284 1791277212318080 32455
285 1791277212330729 26427
286 1791277212356615 26161
287 1791277212372994 26854
288 1791277212388062 22248
289 1791277212409191 24013
290 1791277212439165 29971
291 1791277212450352 24043
292 1791277212475813 28497
293 1791277212487643 23207
294 1791277212514499 26853
295 1791277212530687 24128
296 1791277212547822 21542
297 1791277212570080 22255
298 1791277212588767 22158
299 1791277212608688 23593
300 1791277212630523 21832
301 1791277212646925 21372
302 1791277212669296 22367
303 1791277212693154 26160
304 1791277212707413 21219
305 1791277212727419 22924
306 1791277212748563 23841
307 1791277212767931 23065
308 1791277212787950 22927
309 1791277212809653 23579
310 1791277212828797 21539
311 1791277212849167 21821
312 1791277212867687 21427
313 1791277212885673 21296
314 1791277212909827 24289
315 1791277212936235 26404
316 1791277212952258 26512
317 1791277212969064 23655
318 1791277212987673 22001
319 1791277213008797 24081
320 1791277213027081 21689
321 1791277213054194 27151
322 1791277213066589 20847
323 1791277213095874 29283
324 1791277213109138 23441
325 1791277213129950 24692
326 1791277213147165 21927
327 1791277213168652 22442
328 1791277213187666 20822
329 1791277213208448 23561
330 1791277213229227 23665
331 1791277213248021 21636
332 1791277213266689 21620
333 1791277213292974 26283
334 1791277213307988 21631
335 1791277213327746 23619
336 1791277213347962 23117
337 1791277213375750 27785
338 1791277213386658 22481
339 1791277213407519 22218
340 1791277213427645 22776
341 1791277213448669 22518
342 1791277213468463 23367
343 1791277213497215 29219
344 1791277213507967 23224
345 1791277213532279 26929
346 1791277213549045 21179
347 1791277213566578 21805
348 1791277213588445 21853
349 1791277213608012 21862
350 1791277213628656 23585
351 1791277213648444 22829
352 1791277213667278 22080
353 1791277213688947 21724
354 1791277213708665 24255
355 1791277213731554 26503
356 1791277213748865 21046
357 1791277213767489 21700
358 1791277213786257 20680
359 1791277213814404 28146
360 1791277213829948 22946
361 1791277213849465 22419
362 1791277213867226 20935
363 1791277213886849 21645
364 1791277213912651 25800
365 1791277213927428 20895
366 1791277213947870 22208
367 1791277213969500 21627
368 1791277213989725 24481
369 1791277214010780 23883
370 1791277214026973 20570
371 1791277214050169 25015
372 1791277214067320 21462
373 1791277214088628 23260
374 1791277214116518 30306
375 1791277214128611 23116
376 1791277214148402 22097
377 1791277214166402 20998
378 1791277214187327 20922
379 1791277214209030 23261
380 1791277214227947 22226
381 1791277214248527 22479
382 1791277214268773 22585
383 1791277214296522 30560
384 1791277214307129 22169
385 1791277214328125 22657
386 1791277214356996 28857
387 1791277214367587 21309
388 1791277214385590 20831
389 1791277214406433 20839
390 1791277214432319 25884
391 1791277214447477 22126
392 1791277214472131 24650
393 1791277214489937 23278
394 1791277214508503 23971
395 1791277214527871 21696
396 1791277214547563 21608
397 1791277214566489 20944
398 1791277214587044 21543
399 1791277214613622 26576
400 1791277214627358 21490
401 1791277214655431 28781
402 1791277214668088 22954
403 1791277214688003 23222
404 1791277214710274 22269
405 1791277214729650 22111
406 1791277214749205 24527
407 1791277214777927 28753
408 1791277214797949 31550
409 1791277214811458 26095
410 1791277214841094 33962
411 1791277214857347 30034
412 1791277214870150 25740
413 1791277214901780 36233
414 1791277214918376 32565
415 1791277214934494 26920
416 1791277214959446 31297
417 1791277214976608 29341
418 1791277214989572 24538
419 1791277215016668 30296
420 1791277215036595 30724
421 1791277215055336 29428
422 1791277215067690 22790
423 1791277215093505 26939
424 1791277215117581 31100
425 1791277215131229 24587
426 1791277215156642 31884
427 1791277215178256 32060
428 1791277215197380 30293
429 1791277215215749 30189
430 1791277215230818 24425
431 1791277215257837 32484
432 1791277215274990 29492
433 1791277215296132 31053
434 1791277215308059 22185
435 1791277215337104 29043
436 1791277215360231 33705
437 1791277215377384 29447
438 1791277215390208 25159
439 1791277215418408 32652
440 1791277215434816 29479
441 1791277215460009 33894
442 1791277215478383 31618
443 1791277215495914 28562
444 1791277215520667 32682
445 1791277215536245 29864
446 1791277215554907 28049
447 1791277215572743 28247
448 1791277215598489 32052
449 1791277215617489 32469
450 1791277215628625 23939
451 1791277215648095 22806
452 1791277215682601 36543
453 1791277215697173 26258
454 1791277215714236 27620
455 1791277215737842 28345
456 1791277215758117 31019
457 1791277215779600 33335
458 1791277215790294 25233
459 1791277215810386 24619
460 1791277215835507 30136
461 1791277215855176 27936
462 1791277215870596 25703
463 1791277215897742 30375
464 1791277215913505 27347
465 1791277215936947 30192
466 1791277215948055 22678
467 1791277215977086 29075
468 1791277215995889 30378
469 1791277216009787 24550
470 1791277216038976 31739
471 1791277216056904 29131
472 1791277216077698 29321
473 1791277216100395 33794
474 1791277216119305 32870
475 1791277216139975 32241
476 1791277216166187 39157
477 1791277216176395 30025
478 1791277216196567 30376
479 1791277216221801 36512
480 1791277216246242 38925
481 1791277216268147 41270
482 1791277216293246 47002
483 1791277216317004 52501
484 1791277216337585 52687
485 1791277216365705 59152
486 1791277216381533 56849
487 1791277216415915 69265
488 1791277216435545 69837
489 1791277216462640 73603
490 1791277216477252 70917
491 1791277216496193 71011
492 1791277216517588 70233
493 1791277216537309 70707
494 1791277216563538 77123
495 1791277216580685 74645
496 1791277216598475 71513
497 1791277216627339 78721
498 1791277216639175 73614
499 1791277216661057 73091
500 1791277216686997 82141
501 1791277216697393 70050
502 1791277216717456 71639
503 1791277216747057 81438
504 1791277216767617 80617
505 1791277216782052 76983
506 1791277216805657 80621
507 1791277216826976 79915
508 1791277216849548 82697
509 1791277216861535 75663
510 1791277216885974 80547
511 1791277216912280 86199
512 1791277216930170 85215
513 1791277216946366 80598
514 1791277216970281 84305
515 1791277216983197 77836
516 1791277217008146 82695
517 1791277217030017 84610
518 1791277217051454 86297
519 1791277217076037 90980
520 1791277217101111 95250
521 1791277217117959 92870
522 1791277217140931 93957
523 1791277217162886 97463
524 1791277217182632 92850
525 1791277217198362 92119
526 1791277217217212 91095
527 1791277217246447 97436
528 1791277217256874 91049
529 1791277217286738 98916
530 1791277217300186 94487
531 1791277217318309 91821
532 1791277217335293 88808
533 1791277217346277 78154
534 1791277217366846 80107
535 1791277217385959 78218
536 1791277217396996 71700
537 1791277217418986 72707
538 1791277217429974 63462
539 1791277217447655 61693
540 1791277217461024 55717
541 1791277217478027 49812
542 1791277217498704 51377
543 1791277217516531 52111
544 1791277217529376 44209
545 1791277217547732 42123
546 1791277217568869 42656
547 1791277217574619 29334
548 1791277217593067 28153
549 1791277217617659 29517
550 1791277217645678 39289
551 1791277217658725 29325
552 1791277217672558 26875
553 1791277217697701 30039
554 1791277217719059 32854
555 1791277217745604 38807
556 1791277217757173 31516
557 1791277217774820 29214
558 1791277217797922 31003
559 1791277217821275 34939
560 1791277217831621 25529
561 1791277217860014 34376
562 1791277217875806 30506
563 1791277217888925 23962
564 1791277217916394 31159
565 1791277217934487 29090
566 1791277217959254 32385
567 1791277217977886 29840
568 1791277217994069 27064
569 1791277218019334 33318
570 1791277218042621 35156
571 1791277218049467 23308
572 1791277218072250 26891
573 1791277218096063 29520
574 1791277218118782 33588
575 1791277218129338 22094
576 1791277218150680 25221
577 1791277218176891 32122
578 1791277218189138 22717
579 1791277218211753 26497
580 1791277218237242 30626
581 1791277218254315 27626
582 1791277218276592 29240
583 1791277218291196 25804
584 1791277218310188 25023
585 1791277218337079 31270
586 1791277218357949 31157
587 1791277218377599 33246
588 1791277218398746 31585
589 1791277218415671 30362
590 1791277218439717 28907
591 1791277218457454 29205
592 1791277218467674 21556
593 1791277218497932 30311
594 1791277218516828 31406
595 1791277218535037 28741
596 1791277218561785 31915
597 1791277218577011 29407
598 1791277218593009 27230
599 1791277218610029 25552
600 1791277218637508 31511
601 1791277218659648 34858
602 1791277218675930 28673
603 1791277218695504 29847
604 1791277218718887 32533
605 1791277218730886 26274
606 1791277218756033 28830
607 1791277218772223 26419
608 1791277218790288 24897
609 1791277218817243 31224
610 1791277218834444 27782
611 1791277218862147 34840
612 1791277218873706 27127
613 1791277218896537 31490
614 1791277218909258 23416
615 1791277218932525 26508
616 1791277218955278 28583
617 1791277218977607 32825
618 1791277218996476 29130
619 1791277219019869 33776
620 1791277219029665 24413
621 1791277219053590 27717
622 1791277219077783 32490
623 1791277219097697 30437
624 1791277219116516 30573
625 1791277219138415 31892
626 1791277219156148 29369
627 1791277219178273 31400
628 1791277219198641 30813
629 1791277219211763 25465
630 1791277219234747 27049
631 1791277219255790 26498
632 1791277219278314 29213
633 1791277219299308 31975
634 1791277219309824 23612
635 1791277219337503 31434
636 1791277219359122 33750
637 1791277219386243 35908
638 1791277219398110 31273
639 1791277219413306 27060
640 1791277219431615 23909
641 1791277219490226 63082
642 1791277219515361 37366
643 1791277219519315 41307
644 1791277219519320 29090
645 1791277219537076 28809
646 1791277219557816 31986
647 1791277219576112 29639
648 1791277219598872 33558
649 1791277219619179 34186
650 1791277219642650 35494
651 1791277219657777 30220
652 1791277219675909 28321
653 1791277219696975 31999
654 1791277219726816 37605
655 1791277219739451 32982
656 1791277219757411 30591
657 1791277219769366 24191
658 1791277219798816 32341
659 1791277219819189 32632
660 1791277219836439 29781
661 1791277219854066 28486
662 1791277219870692 25177
663 1791277219898128 32603
664 1791277219919043 31586
665 1791277219930366 25878
666 1791277219956380 31709
667 1791277219976672 31582
668 1791277219988749 22743
669 1791277220016993 31474
670 1791277220039345 33712
671 1791277220066899 40301
672 1791277220087500 42797
673 1791277220107511 40608
674 1791277220130593 43090
675 1791277220153800 47794
676 1791277220176459 49342
677 1791277220205183 56924
678 1791277220221013 55352
679 1791277220244973 58733
680 1791277220268749 63559
681 1791277220297810 71903
682 1791277220316595 71618
683 1791277220329437 63563
684 1791277220356016 69889
685 1791277220379997 73778
686 1791277220397259 71590
687 1791277220428235 82287
688 1791277220438755 71749
689 1791277220466324 80103
690 1791277220488962 79572
691 1791277220505636 77399
692 1791277220517003 70762
693 1791277220547399 81063
694 1791277220571982 83018
695 1791277220588271 82632
696 1791277220611290 86370
697 1791277220626413 79296
698 1791277220651499 85347
699 1791277220666772 80764
700 1791277220686380 80942
701 1791277220710778 84362
702 1791277220729004 82097
703 1791277220751596 85950
704 1791277220766981 80598
705 1791277220796162 90780
706 1791277220809954 83119
707 1791277220826708 80221
708 1791277220843972 76985
709 1791277220860357 74928
710 1791277220885592 80686
711 1791277220905444 78732
712 1791277220920146 76171
713 1791277220939065 74394
714 1791277220959544 74018
715 1791277220978849 73475
716 1791277221000829 73181
717 1791277221018299 72755
718 1791277221039267 74264
719 1791277221061214 74172
720 1791277221078521 71147
721 1791277221095441 68623
722 1791277221109338 63488
723 1791277221125128 59918
724 1791277221145714 58703
725 1791277221158448 49107
726 1791277221176240 51336
727 1791277221189456 43918
728 1791277221206845 41737
729 1791277221225342 38315
730 1791277221240969 34278
731 1791277221254834 29490
732 1791277221277822 32518
733 1791277221294320 28126
734 1791277221322703 37731
735 1791277221338372 33511
736 1791277221356975 29208
737 1791277221368255 22548
738 1791277221401196 33423
739 1791277221411349 24802
740 1791277221436089 28757
741 1791277221451264 25682
742 1791277221475828 29266
743 1791277221492674 28077
744 1791277221510197 24989
745 1791277221539795 34438
746 1791277221556322 31496
747 1791277221568709 23084
748 1791277221597730 30244
749 1791277221613236 26085
750 1791277221628689 23634
751 1791277221656419 31912
752 1791277221681119 35241
753 1791277221699864 31400
754 1791277221710485 25122
755 1791277221736736 30379
756 1791277221747899 22764
757 1791277221776890 29708
758 1791277221799042 32809
759 1791277221818909 31650
760 1791277221836957 30039
761 1791277221850957 24815
762 1791277221878356 27395
763 1791277221889587 25020
764 1791277221921636 36436
765 1791277221933335 23321
766 1791277221959878 32140
767 1791277221977668 32823
768 1791277221998423 33280
769 1791277222021344 33387
770 1791277222037054 30662
771 1791277222057782 32036
772 1791277222076214 29379
773 1791277222098695 31238
774 1791277222120359 34441
775 1791277222136786 30206
776 1791277222157616 31995
777 1791277222186284 39187
778 1791277222196744 30058
779 1791277222214344 28057
780 1791277222236175 29184
781 1791277222258756 33418
782 1791277222276700 29355
783 1791277222294639 26722
784 1791277222309490 24448
785 1791277222330421 25629
786 1791277222356613 30927
787 1791277222376509 31226
788 1791277222397209 30339
789 1791277222413278 27765
790 1791277222429511 22614
791 1791277222449388 24686
792 1791277222475539 26148
793 1791277222488614 23488
794 1791277222517339 31489
795 1791277222537268 30685
796 1791277222557749 31712
797 1791277222576799 30778
798 1791277222596971 31852
799 1791277222619237 34137
800 1791277222638505 31087
801 1791277222657964 30035
802 1791277222675981 29455
803 1791277222697116 31749
804 1791277222708050 23167
805 1791277222736025 30057
806 1791277222750486 25030
807 1791277222778205 31327
808 1791277222796366 29511
809 1791277222812928 28358
810 1791277222842424 35814
811 1791277222862056 32855
812 1791277222875896 30028
813 1791277222897419 31032
814 1791277222918152 31002
815 1791277222944024 37220
816 1791277222972445 45118
817 1791277222983959 39931
818 1791277223017037 49772
819 1791277223033932 48571
820 1791277223057237 51173
821 1791277223088014 60258
822 1791277223106440 60924
823 1791277223131199 63104
824 1791277223158957 70938
825 1791277223180675 74232
826 1791277223196674 71938
827 1791277223222903 76315
828 1791277223248011 79816
829 1791277223276654 90705
830 1791277223304631 97262
831 1791277223320707 95451
832 1791277223346197 101320
833 1791277223367168 101031
834 1791277223386552 99749
835 1791277223404011 99377
836 1791277223427910 101569
837 1791277223451183 104983
838 1791277223475021 107952
839 1791277223492218 105665
840 1791277223506813 102798
841 1791277223533912 108847
842 1791277223555548 109791
843 1791277223568092 103719
844 1791277223588949 102638
845 1791277223614144 108069
846 1791277223636338 109797
847 1791277223657944 112736
848 1791277223678912 114175
849 1791277223692427 107926
850 1791277223715403 110123
851 1791277223730317 104189
852 1791277223746103 101221
853 1791277223766278 99091
854 1791277223787471 101505
855 1791277223804966 100147
856 1791277223821549 96292
857 1791277223839123 93017
858 1791277223854382 88102
859 1791277223878838 91632
860 1791277223896854 91886
861 1791277223906948 80543
862 1791277223927171 82950
863 1791277223946990 80268
864 1791277223960054 73581
865 1791277223983589 76639
866 1791277223994324 67150
867 1791277224007708 60715
868 1791277224019271 54686
869 1791277224037616 49520
870 1791277224049427 44193
871 1791277224059900 35353
872 1791277224086973 37542
873 1791277224099165 33101
874 1791277224116888 29912
875 1791277224139489 34152
876 1791277224157875 28537
877 1791277224177078 30365
878 1791277224194497 29223
879 1791277224232332 45308
880 1791277224237299 31518
881 1791277224268208 35311
882 1791277224277512 32003
883 1791277224297323 29112
884 1791277224314665 29959
885 1791277224337156 31114
886 1791277224358340 32817
887 1791277224368734 22762
888 1791277224396749 31977
889 1791277224418205 32574
890 1791277224432374 24806
891 1791277224460826 34264
892 1791277224477627 30694
893 1791277224498517 32751
894 1791277224515553 26856
895 1791277224536495 29920
896 1791277224549944 24242
897 1791277224579202 29250
898 1791277224602595 33655
899 1791277224619914 30093
900 1791277224633733 26182
901 1791277224658056 30144
902 1791277224672482 25954
903 1791277224696782 29695
904 1791277224721685 35445
905 1791277224733924 28249
906 1791277224757343 28202
907 1791277224777880 31090
908 1791277224792823 26480
909 1791277224816492 30635
910 1791277224830043 24882
911 1791277224854546 29473
912 1791277224878202 33432
913 1791277224899440 31829
914 1791277224916752 31435
915 1791277224931510 24772
916 1791277224952834 26895
917 1791277224978589 30339
918 1791277224989370 23547
919 1791277225008559 22412
920 1791277225031664 24725
921 1791277225058187 30065
922 1791277225069820 22957
923 1791277225088343 22727
924 1791277225125598 38993
925 1791277225137884 33470
926 1791277225156844 31242
927 1791277225179101 33420
928 1791277225198078 31982
929 1791277225217197 30020
930 1791277225234851 29904
931 1791277225254705 30159
932 1791277225277266 30871
933 1791277225293067 27515
934 1791277225316721 30561
935 1791277225340242 34167
936 1791277225350854 24205
937 1791277225375663 31361
938 1791277225392488 27351
939 1791277225416794 31954
940 1791277225436297 30823
941 1791277225458285 30452
942 1791277225480411 33783
943 1791277225503687 34977
944 1791277225528204 38982
945 1791277225538919 33699
946 1791277225560256 32049
947 1791277225580660 30747
948 1791277225597767 32502
949 1791277225624202 36955
950 1791277225639256 33336
951 1791277225653523 29317
952 1791277225675356 29178
953 1791277225697353 32298
954 1791277225721229 35463
955 1791277225737805 29814
956 1791277225766462 40327
957 1791277225779501 30642
958 1791277225797204 31063
959 1791277225817133 30228
960 1791277225840153 33259
961 1791277225865657 37854
962 1791277225877911 33257
963 1791277225889755 24298
964 1791277225918922 29161
965 1791277225940943 35101
966 1791277225956685 27158
967 1791277225981895 33928
968 1791277225995983 28787
969 1791277226017248 30430
970 1791277226036151 31558
971 1791277226061318 35831
972 1791277226072455 27965
973 1791277226095109 28260
974 1791277226118241 27905
975 1791277226136546 30453
976 1791277226157997 30372
977 1791277226170250 24183
978 1791277226200541 33638
979 1791277226216472 29564
980 1791277226235450 28391
981 1791277226246944 22257
982 1791277226276825 30852
983 1791277226288654 23050
984 1791277226320948 32290
985 1791277226334101 28302
986 1791277226357643 30835
987 1791277226372824 25337
988 1791277226390329 23927
989 1791277226418551 28219
990 1791277226442467 35345
991 1791277226457794 30396
992 1791277226471808 25155
993 1791277226497181 30949
994 1791277226512047 25631
995 1791277226535834 28552
996 1791277226550877 25521
997 1791277226569996 24995
998 1791277226597014 31893
999 1791277226614149 29372
1000 1791277226635320 28065
1001 1791277226651274 26939
1002 1791277226672459 26110
1003 1791277226697942 30903
1004 1791277226716330 29301
1005 1791277226742273 36665
1006 1791277226756021 29645
1007 1791277226772743 27522
1008 1791277226797373 30768
1009 1791277226813247 25759
1010 1791277226836491 28740
1011 1791277226852005 26394
1012 1791277226877972 26252
1013 1791277226888482 22521
1014 1791277226912136 27891
1015 1791277226944039 31899
1016 1791277226956040 30685
1017 1791277226982013 37971
1018 1791277226999700 31419
1019 1791277227021499 36339
1020 1791277227048179 40954
1021 1791277227065808 40794
1022 1791277227089522 41886
1023 1791277227109996 44363
1024 1791277227132796 46172
1025 1791277227156578 48675
1026 1791277227171067 45053
1027 1791277227196255 51389
1028 1791277227216929 48843
1029 1791277227237711 51877
1030 1791277227267439 62639
1031 1791277227277900 52145
1032 1791277227307490 58037
1033 1791277227312594 45145
1034 1791277227340945 54262
1035 1791277227359735 52335
1036 1791277227380854 53460
1037 1791277227398988 53284
1038 1791277227424466 57638
1039 1791277227446225 58987
1040 1791277227467529 62262
1041 1791277227487426 62957
1042 1791277227511660 65433
1043 1791277227530786 63255
1044 1791277227545032 58546
1045 1791277227572414 65915
1046 1791277227594583 68631
1047 1791277227615465 70429
1048 1791277227629916 63734
1049 1791277227658402 71096
1050 1791277227676831 71787
1051 1791277227700554 70960
1052 1791277227717381 70624
1053 1791277227734690 69442
1054 1791277227759504 69699
1055 1791277227781288 74035
1056 1791277227803779 75087
1057 1791277227815727 69465
1058 1791277227842427 73604
1059 1791277227861986 76872
1060 1791277227888256 80960
1061 1791277227898280 72139
1062 1791277227911821 67252
1063 1791277227939439 73823
1064 1791277227960006 71747
1065 1791277227987190 81283
1066 1791277228005321 77130
1067 1791277228028012 83244
1068 1791277228045089 78046
1069 1791277228067199 80006
1070 1791277228081047 75722
1071 1791277228106781 78749
1072 1791277228117376 72421
1073 1791277228146394 79193
1074 1791277228156847 71984
1075 1791277228177825 71038
1076 1791277228200703 73225
1077 1791277228218852 72455
1078 1791277228246142 78957
1079 1791277228268098 78102
1080 1791277228279526 72455
1081 1791277228298410 73259
1082 1791277228318124 71979
1083 1791277228339187 71531
1084 1791277228355774 68838
1085 1791277228367170 62084
1086 1791277228395627 70814
1087 1791277228407192 61213
1088 1791277228417507 51878
1089 1791277228433521 47477
1090 1791277228454558 47364
1091 1791277228471050 46179
1092 1791277228486210 38638
1093 1791277228501819 36731
1094 1791277228518715 32501
1095 1791277228541760 34726
1096 1791277228556331 30600
1097 1791277228577699 31474
1098 1791277228598476 32254
1099 1791277228608999 23276
1100 1791277228638312 32549
1101 1791277228653488 26649
1102 1791277228669472 24519
1103 1791277228703723 37529
1104 1791277228717208 31877
1105 1791277228728220 23147
1106 1791277228755329 30955
1107 1791277228776469 29364
1108 1791277228799276 28962
1109 1791277228817653 30501
1110 1791277228835695 31181
1111 1791277228858865 32635
1112 1791277228880354 33248
1113 1791277228897810 30018
1114 1791277228915893 29610
1115 1791277228935776 30397
1116 1791277228950558 23605
1117 1791277228971477 24583
1118 1791277228995864 30934
1119 1791277229019590 29334
1120 1791277229036439 30429
1121 1791277229053565 26792
1122 1791277229071821 27210
1123 1791277229099324 31422
1124 1791277229117240 28774
1125 1791277229131419 26764
1126 1791277229153838 27637
1127 1791277229177853 29039
1128 1791277229202950 35100
1129 1791277229215837 28302
1130 1791277229227722 22342
1131 1791277229257093 29370
1132 1791277229278013 31241
1133 1791277229291744 26605
1134 1791277229317031 30648
1135 1791277229329055 22935
1136 1791277229353528 28491
1137 1791277229376022 28158
1138 1791277229403281 38070
1139 1791277229419653 32073
1140 1791277229426157 21622
1141 1791277229457733 31572
1142 1791277229477250 30945
1143 1791277229497318 29544
1144 1791277229513651 27329
1145 1791277229537618 30584
1146 1791277229555778 28750
1147 1791277229583402 35919
1148 1791277229596395 31399
1149 1791277229612230 27462
1150 1791277229635746 29890
1151 1791277229648073 22732
1152 1791277229676680 29147
1153 1791277229693874 28448
1154 1791277229715271 28374
1155 1791277229740456 32737
1156 1791277229751204 24546
1157 1791277229772652 25615
1158 1791277229798553 31532
1159 1791277229816879 29219
1160 1791277229829490 24468
1161 1791277229860566 31074
1162 1791277229874270 26951
1163 1791277229887647 20699
1164 1791277229910136 23259
1165 1791277229930307 24959
1166 1791277229950054 23210
1167 1791277229969080 22165
1168 1791277229989045 24512
1169 1791277230013255 26999
1170 1791277230028965 24040
1171 1791277230045240 20704
1172 1791277230069058 24773
1173 1791277230088439 22591
1174 1791277230109412 23523
1175 1791277230127992 21783
1176 1791277230146628 20639
1177 1791277230168462 23723
1178 1791277230196648 31260
1179 1791277230209051 23119
1180 1791277230235940 27008
1181 1791277230256658 30448
1182 1791277230270493 23992
1183 1791277230287013 21491
1184 1791277230306638 20709
1185 1791277230327704 21102
1186 1791277230348131 22284
1187 1791277230366864 20722
1188 1791277230387956 23153
1189 1791277230409573 21612
1190 1791277230431673 26736
1191 1791277230452021 24441
1192 1791277230471229 24677
1193 1791277230488965 21474
1194 1791277230507589 21988
1195 1791277230526851 21310
1196 1791277230548747 22013
1197 1791277230568582 22088
1198 1791277230587964 22914
1199 1791277230609259 23300
1200 1791277230636516 27254
1201 1791277230647852 22038
1202 1791277230668518 20663
1203 1791277230688780 23837
1204 1791277230717063 28280
1205 1791277230729872 23083
1206 1791277230755704 28933
1207 1791277230765959 20895
1208 1791277230787481 21519
1209 1791277230808019 23913
1210 1791277230827644 21915
1211 1791277230848970 23476
1212 1791277230871516 24647
1213 1791277230890417 23785
1214 1791277230909946 22785
1215 1791277230933079 26077
1216 1791277230947341 21235
1217 1791277230968528 21238
1218 1791277230989008 22570
1219 1791277231010067 24347
1220 1791277231028251 22569
1221 1791277231045788 21531
1222 1791277231070251 24459
1223 1791277231096669 26628
1224 1791277231108305 22139
1225 1791277231126727 21270
1226 1791277231146788 21265
1227 1791277231177011 30220
1228 1791277231187619 21299
1229 1791277231211839 24218
1230 1791277231231299 25162
1231 1791277231252002 24700
1232 1791277231267596 22233
1233 1791277231287947 22293
1234 1791277231311170 23220
1235 1791277231327066 20592
1236 1791277231354016 27531
1237 1791277231374903 29422
1238 1791277231391029 25605
1239 1791277231408403 23092
1240 1791277231429983 21620
1241 1791277231451032 25484
1242 1791277231467535 21115
1243 1791277231496863 32357
1244 1791277231508100 22972
1245 1791277231527934 22009
1246 1791277231552926 27219
1247 1791277231565958 20694
1248 1791277231588660 22699
1249 1791277231606245 22168
1250 1791277231628812 23538
1251 1791277231649976 25655
1252 1791277231676001 29874
1253 1791277231687407 23271
1254 1791277231707999 22486
1255 1791277231726034 20956
1256 1791277231747649 22375
1257 1791277231776601 28948
1258 1791277231786914 21347
1259 1791277231817181 30264
1260 1791277231827692 20952
1261 1791277231845843 21222
1262 1791277231870430 24585
1263 1791277231890022 22430
1264 1791277231908041 23511
1265 1791277231924996 20622
1266 1791277231947757 22759
1267 1791277231968870 24268
1268 1791277231994620 25866
1269 1791277232008045 22951
1270 1791277232026339 21413
1271 1791277232056993 30649
1272 1791277232067509 20966
1273 1791277232089528 24006
1274 1791277232114149 27559
1275 1791277232132240 25403
1276 1791277232155055 28722
1277 1791277232171047 24270
1278 1791277232187285 20662
1279 1791277232208434 24177
1280 1791277232227954 22733
1281 1791277232249355 24770
1282 1791277232268145 22741
1283 1791277232288074 22982
1284 1791277232308758 23653
1285 1791277232329434 20674
1286 1791277232347824 21426
1287 1791277232371879 24328
1288 1791277232388946 22534
1289 1791277232409080 22855
1290 1791277232434344 25249
1291 1791277232456182 25270
1292 1791277232472611 26991
1293 1791277232496617 28949
1294 1791277232507372 21969
1295 1791277232528327 20952
1296 1791277232550099 24990
1297 1791277232565771 20802
1298 1791277232587741 21967
1299 1791277232609823 24557
1300 1791277232626689 21305
1301 1791277232647081 20925
1302 1791277232668397 21314
1303 1791277232687996 21933
1304 1791277232708171 23100
1305 1791277232730466 23718
1306 1791277232747138 20847
1307 1791277232776489 29347
1308 1791277232787578 20726
1309 1791277232807025 21334
1310 1791277232831057 24029
1311 1791277232848815 22428
1312 1791277232870311 25053
1313 1791277232898020 27706
1314 1791277232910910 23905
1315 1791277232935473 28499
1316 1791277232949693 23857
1317 1791277232968959 24276
1318 1791277232992483 23522
1319 1791277233008832 24444
1320 1791277233036060 27589
1321 1791277233063204 37763
1322 1791277233078315 31676
1323 1791277233097975 31957
1324 1791277233120195 34241
1325 1791277233138941 34559
1326 1791277233172118 42912
1327 1791277233193983 41557
1328 1791277233208189 42478
1329 1791277233228038 40997
1330 1791277233255118 47663
1331 1791277233277202 50029
1332 1791277233289272 44421
1333 1791277233306669 40154
1334 1791277233336469 50799
1335 1791277233358028 51582
1336 1791277233378112 52641
1337 1791277233389509 42253
1338 1791277233417692 52927
1339 1791277233440507 55538
1340 1791277233463762 57978
1341 1791277233487981 62387
1342 1791277233506776 61528
1343 1791277233524769 59337
1344 1791277233538946 52063
1345 1791277233558616 51837
1346 1791277233584599 59827
1347 1791277233611431 65539
1348 1791277233631297 65064
1349 1791277233656820 72218
1350 1791277233678153 70974
1351 1791277233700035 68736
1352 1791277233719070 69032
1353 1791277233726767 61230
1354 1791277233749687 62992
1355 1791277233785981 78034
1356 1791277233801490 76443
1357 1791277233817659 72546
1358 1791277233836791 71368
1359 1791277233860335 75263
1360 1791277233882548 75511
1361 1791277233897258 70652
1362 1791277233917684 72585
1363 1791277233937571 70710
1364 1791277233959280 74449
1365 1791277233978150 70755
1366 1791277233998241 73200
1367 1791277234027492 79261
1368 1791277234038166 72724
1369 1791277234064328 79698
1370 1791277234082710 75723
1371 1791277234100405 73495
1372 1791277234126637 81749
1373 1791277234153524 89193
1374 1791277234167156 81463
1375 1791277234191925 85151
1376 1791277234206463 79822
1377 1791277234228020 81485
1378 1791277234247706 81491
1379 1791277234278047 90394
1380 1791277234296814 90348
1381 1791277234307357 79932
1382 1791277234327043 80181
1383 1791277234357029 89369
1384 1791277234375284 89302
1385 1791277234388081 80720
1386 1791277234411696 86422
1387 1791277234427059 81357
1388 1791277234458441 91887
1389 1791277234479371 94730
1390 1791277234506631 100991
1391 1791277234527056 100802
1392 1791277234536359 89033
1393 1791277234563963 97302
1394 1791277234586313 95008
1395 1791277234596666 91546
1396 1791277234628790 102808
1397 1791277234652134 105345
1398 1791277234667834 102065
1399 1791277234683243 97688
1400 1791277234708376 102255
1401 1791277234735794 109752
1402 1791277234770119 122198
1403 1791277234776487 110466
1404 1791277234797740 111998
1405 1791277234807301 99668
1406 1791277234839147 110970
1407 1791277234855456 108918
1408 1791277234866533 101198
1409 1791277234899250 113157
1410 1791277234912857 106951
1411 1791277234935569 109299
1412 1791277234961764 115521
1413 1791277234976060 109851
1414 1791277234996883 111914
1415 1791277235016468 110686
1416 1791277235043147 117761
1417 1791277235059244 114264
1418 1791277235079042 113114
1419 1791277235101130 115677
1420 1791277235122251 116292
1421 1791277235138080 112198
1422 1791277235165130 117400
1423 1791277235189818 122014
1424 1791277235206198 121150
1425 1791277235219965 113121
1426 1791277235247686 122677
1427 1791277235278526 130612
1428 1791277235284638 119505
1429 1791277235308102 118280
1430 1791277235308107 102639
1431 1791277235336723 110488
1432 1791277235357146 109720
1433 1791277235363927 97722
1434 1791277235377511 92869
1435 1791277235386967 79625
1436 1791277235397301 71421
1437 1791277235417794 72286
1438 1791277235429211 63792
1439 1791277235447956 62980
1440 1791277235454398 48179
1441 1791277235474675 49527
1442 1791277235484377 37698
1443 1791277235501463 36188
1444 1791277235516107 31727
1445 1791277235547759 39441
1446 1791277235566283 39383
1447 1791277235572912 26455
1448 1791277235592109 26664
1449 1791277235617074 25573
1450 1791277235627335 22768
1451 1791277235662293 35970
1452 1791277235675012 28752
1453 1791277235696285 30555
1454 1791277235708506 23845
1455 1791277235737376 31424
1456 1791277235752318 27217
1457 1791277235774202 27372
1458 1791277235805100 33463
1459 1791277235808510 23649
1460 1791277235833853 28749
1461 1791277235851535 26336
1462 1791277235874054 27929
1463 1791277235895156 27998
1464 1791277235917765 29568
1465 1791277235930848 24417
1466 1791277235951068 25812
1467 1791277235982592 33566
1468 1791277236023182 55788
1469 1791277236037006 49655
1470 1791277236045609 36329
1471 1791277236056426 29949
1472 1791277236083921 38309
1473 1791277236095842 30971
1474 1791277236114599 29252
1475 1791277236132860 27039
1476 1791277236158481 31881
1477 1791277236175369 27733
1478 1791277236192491 26178
1479 1791277236217438 28069
1480 1791277236238234 29456
1481 1791277236256433 26556
1482 1791277236273765 28718
1483 1791277236297560 29743
1484 1791277236310918 25862
1485 1791277236338380 33031
1486 1791277236361531 36120
1487 1791277236372530 22849
1488 1791277236397338 31262
1489 1791277236427029 40567
1490 1791277236447577 39565
1491 1791277236457357 32248
1492 1791277236470099 22519
1493 1791277236494350 29265
1494 1791277236517068 31027
1495 1791277236538578 31978
1496 1791277236550039 24330
1497 1791277236573944 29022
1498 1791277236590479 24014
1499 1791277236616465 30280
1500 1791277236637978 32645
1501 1791277236650335 23571
1502 1791277236675744 29085
1503 1791277236697927 30444
1504 1791277236737413 51939
1505 1791277236745887 38082
1506 1791277236753914 28743
1507 1791277236778194 33162
1508 1791277236789665 23917
1509 1791277236817050 32079
1510 1791277236837633 29801
1511 1791277236858945 31015
1512 1791277236871083 26093
1513 1791277236899267 33578
1514 1791277236915480 28801
1515 1791277236932300 26592
1516 1791277236958927 30893
1517 1791277236980568 33133
1518 1791277236994660 28640
1519 1791277237016830 29588
1520 1791277237035603 30670
1521 1791277237060389 34150
1522 1791277237069159 24265
1523 1791277237097570 31383
1524 1791277237118921 30805
1525 1791277237132919 27015
1526 1791277237151772 25654
1527 1791277237174016 27705
1528 1791277237198744 32698
1529 1791277237224584 37685
1530 1791277237234799 28472
1531 1791277237251661 27074
1532 1791277237271765 24190
1533 1791277237297591 30225
1534 1791277237314074 27707
1535 1791277237337121 27819
1536 1791277237350908 26273
1537 1791277237383200 33060
1538 1791277237390335 24460
1539 1791277237416702 30999
1540 1791277237429395 24829
1541 1791277237456295 28262
1542 1791277237474140 29254
1543 1791277237505298 37246
1544 1791277237517558 32525
1545 1791277237535783 30481
1546 1791277237556014 28910
1547 1791277237576860 31812
1548 1791277237595398 28963
1549 1791277237618757 33705
1550 1791277237638106 28052
1551 1791277237656478 31026
1552 1791277237679060 32965
1553 1791277237689879 25053
1554 1791277237719241 34453
1555 1791277237739469 32966
1556 1791277237763456 37947
1557 1791277237782604 36043
1558 1791277237805762 38951
1559 1791277237818916 33979
1560 1791277237837927 32162
1561 1791277237852484 25113
1562 1791277237883664 35770
1563 1791277237898800 31887
1564 1791277237919122 33000
1565 1791277237937831 31675
1566 1791277237953572 28053
1567 1791277237984865 38936
1568 1791277238004126 37072
1569 1791277238017260 32392
1570 1791277238034609 30480
1571 1791277238064314 36751
1572 1791277238081526 33823
1573 1791277238095793 31473
1574 1791277238110898 25512
1575 1791277238148930 41830
1576 1791277238162319 35428
1577 1791277238186218 40326
1578 1791277238207957 41863
1579 1791277238221283 36685
1580 1791277238241157 33881
1581 1791277238258008 32245
1582 1791277238279493 32206
1583 1791277238299730 33639
1584 1791277238322818 36795
1585 1791277238350023 42166
1586 1791277238369610 43669
1587 1791277238386873 41536
1588 1791277238418589 51450
1589 1791277238447627 61357
1590 1791277238455238 48090
1591 1791277238471188 45313
1592 1791277238488137 40507
1593 1791277238508149 42891
1594 1791277238536018 48849
1595 1791277238553391 46478
1596 1791277238573489 46959
1597 1791277238587584 40355
1598 1791277238606358 39787
1599 1791277238637982 53044
1600 1791277238648993 43351
1601 1791277238675055 45980
1602 1791277238697697 51327
1603 1791277238724521 59190
1604 1791277238741070 54911
1605 1791277238757548 50711
1606 1791277238777571 53048
1607 1791277238798077 51961
1608 1791277238809130 41868
1609 1791277238831577 46370
1610 1791277238857899 50038
1611 1791277238876740 49821
1612 1791277238886936 40279
1613 1791277238919353 53694
1614 1791277238943582 58212
1615 1791277238966522 59202
1616 1791277238984448 56680
1617 1791277239007411 62424
1618 1791277239021151 54626
1619 1791277239031415 46963
1620 1791277239062864 55451
1621 1791277239083633 57832
1622 1791277239098715 51957
1623 1791277239127859 61766
1624 1791277239148903 59616
1625 1791277239155023 49601
1626 1791277239177720 50658
1627 1791277239193287 48244
1628 1791277239220926 53500
1629 1791277239248126 61254
1630 1791277239251789 47051
1631 1791277239290744 60248
1632 1791277239300429 53507
1633 1791277239326747 60745
1634 1791277239353166 65984
1635 1791277239376670 71072
1636 1791277239399793 73043
1637 1791277239417845 72007
1638 1791277239423937 58359
1639 1791277239439874 52621
1640 1791277239467456 60858
1641 1791277239489314 61716
1642 1791277239525266 78336
1643 1791277239529024 62302
1644 1791277239557683 69033
1645 1791277239567412 61492
1646 1791277239592965 67695
1647 1791277239605704 59045
1648 1791277239620539 53640
1649 1791277239647408 60323
1650 1791277239660260 55453
1651 1791277239691375 64725
1652 1791277239696827 50150
1653 1791277239739591 72541
1654 1791277239757093 71052
1655 1791277239772135 66443
1656 1791277239795190 64735
1657 1791277239802581 54752
1658 1791277239818108 50900
1659 1791277239850487 62892
1660 1791277239877398 68055
1661 1791277239897934 70350
1662 1791277239900209 54453
1663 1791277239933464 68587
1664 1791277239943146 55558
1665 1791277239966730 61450
1666 1791277239987009 59241
1667 1791277240007448 63174
1668 1791277240018019 53109
1669 1791277240044622 57690
1670 1791277240069888 62438
1671 1791277240096800 71235
1672 1791277240127337 82712
1673 1791277240136574 71729
1674 1791277240156444 69521
1675 1791277240179914 74392
1676 1791277240188432 61093
1677 1791277240205559 59598
1678 1791277240237843 72641
1679 1791277240266467 80372
1680 1791277240282200 76118
1681 1791277240313251 85915
1682 1791277240324705 78306
1683 1791277240328920 62915
1684 1791277240351538 66502
1685 1791277240368019 61493
1686 1791277240387886 63179
1687 1791277240408953 63456
1688 1791277240443483 75463
1689 1791277240463171 77228
1690 1791277240481380 74524
1691 1791277240488911 60545
1692 1791277240507671 62940
1693 1791277240519083 53750
1694 1791277240539495 52932
1695 1791277240556913 49850
1696 1791277240568896 42855
1697 1791277240594588 48198
1698 1791277240606230 40765
1699 1791277240615503 28976
1700 1791277240634637 28404
1701 1791277240656177 30011
1702 1791277240669525 23667
1703 1791277240700107 34833
1704 1791277240726581 38661
1705 1791277240744998 37883
1706 1791277240749736 23767
1707 1791277240777780 32779
1708 1791277240794818 29320
1709 1791277240825668 38209
1710 1791277240840796 33241
1711 1791277240860983 35311
1712 1791277240881817 33812
1713 1791277240905754 39490
1714 1791277240921372 34571
1715 1791277240938086 32330
1716 1791277240960170 35015
1717 1791277240975255 30597
1718 1791277241007830 43004
1719 1791277241015757 29666
1720 1791277241043512 36530
1721 1791277241052264 26356
1722 1791277241075625 30853
1723 1791277241101998 33997
1724 1791277241116433 30607
1725 1791277241138040 30908
1726 1791277241167428 41206
1727 1791277241187585 42305
1728 1791277241207002 39572
1729 1791277241233544 45958
1730 1791277241237942 32055
1731 1791277241269673 42512
1732 1791277241281362 33338
1733 1791277241298365 31208
1734 1791277241316988 31545
1735 1791277241344286 38283
1736 1791277241364677 39168
1737 1791277241378833 34544
1738 1791277241396636 31956
1739 1791277241422811 37888
1740 1791277241439797 34785
1741 1791277241461944 35844
1742 1791277241480676 35715
1743 1791277241503457 35342
1744 1791277241510288 22825
1745 1791277241533765 26873
1746 1791277241560017 32965
1747 1791277241578651 32253
1748 1791277241602258 34495
1749 1791277241609764 23677
1750 1791277241637703 31393
1751 1791277241667339 41262
1752 1791277241677136 29113
1753 1791277241698612 31269
1754 1791277241718871 31183
1755 1791277241741043 35381
1756 1791277241762714 34679
1757 1791277241778512 33189
1758 1791277241815384 47520
1759 1791277241819312 32583
1760 1791277241840770 34707
1761 1791277241856320 29521
1762 1791277241880353 33109
1763 1791277241901623 34337
1764 1791277241915862 30858
1765 1791277241949557 42598
1766 1791277241968825 43140
1767 1791277241995570 50329
1768 1791277242008233 42482
1769 1791277242031665 43558
1770 1791277242049189 40943
1771 1791277242075103 49189
1772 1791277242089052 42313
1773 1791277242108483 42070
1774 1791277242133579 44524
1775 1791277242142030 37733
1776 1791277242160251 35056
1777 1791277242183128 35873
1778 1791277242209313 43203
1779 1791277242224055 39236
1780 1791277242243258 36433
1781 1791277242257223 33166
1782 1791277242293305 44359
1783 1791277242308685 41541
1784 1791277242323582 36650
1785 1791277242337906 31606
1786 1791277242369120 42498
1787 1791277242405333 59721
1788 1791277242412305 45724
1789 1791277242431926 44628
1790 1791277242461394 56058
1791 1791277242477250 51420
1792 1791277242497936 52318
1793 1791277242516113 48827
1794 1791277242527859 42016
1795 1791277242557824 49572
1796 1791277242577055 52184
1797 1791277242587638 40007
1798 1791277242606978 40240
1799 1791277242622704 38262
1800 1791277242647408 41346
1801 1791277242676487 50884
1802 1791277242680388 34005
1803 1791277242708852 42959
1804 1791277242727401 41158
1805 1791277242739589 33767
1806 1791277242767086 41729
1807 1791277242784443 38183
1808 1791277242800804 34592
1809 1791277242826752 42307
1810 1791277242849565 43974
1811 1791277242876608 49853
1812 1791277242894000 47992
1813 1791277242909095 43764
1814 1791277242938819 51226
1815 1791277242958456 54288
1816 1791277242977935 52147
1817 1791277242989882 39463
1818 1791277243014555 48866
1819 1791277243027961 40439
1820 1791277243052563 44297
1821 1791277243071543 44095
1822 1791277243100960 54623
1823 1791277243114722 48255
1824 1791277243132556 47786
1825 1791277243148759 41137
1826 1791277243170927 39974
1827 1791277243195992 49288
1828 1791277243207107 39707
1829 1791277243237124 50059
1830 1791277243258998 52649
1831 1791277243269598 43772
1832 1791277243297628 50322
1833 1791277243316523 49765
1834 1791277243327846 41861
1835 1791277243351116 43984
1836 1791277243376171 48501
1837 1791277243411466 66164
1838 1791277243412622 47493
1839 1791277243435058 48183
1840 1791277243467847 56379
1841 1791277243478855 52824
1842 1791277243496826 51074
1843 1791277243514871 47999
1844 1791277243547653 59533
1845 1791277243559348 52176
1846 1791277243579230 52741
1847 1791277243607181 59526
1848 1791277243618109 51710
1849 1791277243637809 53138
1850 1791277243656286 49102
1851 1791277243673012 48233
1852 1791277243698567 52358
1853 1791277243719023 52502
1854 1791277243736979 52755
1855 1791277243751007 43560
1856 1791277243777479 52864
1857 1791277243787789 41494
1858 1791277243820346 54422
1859 1791277243839932 55174
1860 1791277243857648 49986
1861 1791277243875625 49224
1862 1791277243898353 52678
1863 1791277243926196 55985
1864 1791277243939457 54060
1865 1791277243963261 58588
1866 1791277243978024 52061
1867 1791277244000700 52683
1868 1791277244013322 48034
1869 1791277244037781 52584
1870 1791277244049907 42765
1871 1791277244076497 46977
1872 1791277244097382 50154
1873 1791277244116415 49655
1874 1791277244137029 50032
1875 1791277244158903 51371
1876 1791277244182362 55725
1877 1791277244200535 53640
1878 1791277244219869 53084
1879 1791277244240475 55406
1880 1791277244262724 56212
1881 1791277244279130 52707
1882 1791277244300743 53529
1883 1791277244320214 54304
1884 1791277244339588 51334
1885 1791277244365469 57961
1886 1791277244387651 60919
1887 1791277244407663 61946
1888 1791277244420444 54973
1889 1791277244435745 48773
1890 1791277244460835 55579
1891 1791277244497358 70161
1892 1791277244502988 55383
1893 1791277244528221 60286
1894 1791277244537139 50333
1895 1791277244557987 52227
1896 1791277244577133 50174
1897 1791277244606056 58325
1898 1791277244629573 62792
1899 1791277244652274 67785
1900 1791277244672166 67008
1901 1791277244685067 59479
1902 1791277244717368 70730
1903 1791277244730312 63293
1904 1791277244748515 63441
1905 1791277244759828 52798
1906 1791277244786563 59648
1907 1791277244811629 65567
1908 1791277244830068 64014
1909 1791277244850275 65332
1910 1791277244861667 56187
1911 1791277244883957 55487
1912 1791277244911057 66046
1913 1791277244937718 70266
1914 1791277244970252 81972
1915 1791277244973873 64630
1916 1791277244989773 64557
1917 1791277245010873 63415
1918 1791277245037226 69466
1919 1791277245049507 62070
1920 1791277245067724 62223
1921 1791277245101309 73369
1922 1791277245109729 64586
1923 1791277245131051 65009
1924 1791277245149177 62760
1925 1791277245177106 72501
1926 1791277245213471 87771
1927 1791277245218009 70767
1928 1791277245240592 74115
1929 1791277245257857 70996
1930 1791277245275217 68010
1931 1791277245298963 70481
1932 1791277245307299 61043
1933 1791277245346488 75281
1934 1791277245355009 68252
1935 1791277245377807 71344
1936 1791277245396995 72516
1937 1791277245416939 70448
1938 1791277245437475 71876
1939 1791277245471263 84438
1940 1791277245477115 69663
1941 1791277245503397 78257
1942 1791277245520417 74854
1943 1791277245537762 71414
1944 1791277245559323 74140
1945 1791277245585386 78725
1946 1791277245601664 72995
1947 1791277245616031 69222
1948 1791277245637684 71825
1949 1791277245651202 65814
1950 1791277245676185 68229
1951 1791277245689254 63847
1952 1791277245697850 47727
1953 1791277245710682 43315
1954 1791277245730619 45104
1955 1791277245756771 48494
1956 1791277245770156 44518
1957 1791277245786500 40584
1958 1791277245807226 40402
1959 1791277245817492 32113
1960 1791277245837736 30508
1961 1791277245864511 35420
1962 1791277245878515 32825
1963 1791277245895839 31326
1964 1791277245917038 31329
1965 1791277245935058 29102
1966 1791277245958661 33408
1967 1791277245984337 36289
1968 1791277245995267 30230
1969 1791277246019315 34974
1970 1791277246037012 30386
1971 1791277246054715 30137
1972 1791277246074204 28662
1973 1791277246096848 31284
1974 1791277246119711 32138
1975 1791277246131285 25088
1976 1791277246149946 23330
1977 1791277246175853 30898
1978 1791277246191337 25977
1979 1791277246220357 33626
1980 1791277246242516 35334
1981 1791277246250903 24769
1982 1791277246276599 29156
1983 1791277246305126 39852
1984 1791277246319880 34620
1985 1791277246327061 22184
1986 1791277246352441 26341
1987 1791277246369414 22221
1988 1791277246392243 26579
1989 1791277246419226 31816
1990 1791277246437959 32265
1991 1791277246457706 32808
1992 1791277246475654 30598
1993 1791277246495264 29965
1994 1791277246519860 32839
1995 1791277246536745 31981
1996 1791277246559888 33380
1997 1791277246583590 38544
1998 1791277246604154 35937
1999 1791277246617782 31043
2000 1791277246634838 30680
2001 1791277246654847 29413
2002 1791277246678020 32546
2003 1791277246704163 38807
2004 1791277246719319 33409
2005 1791277246738357 34192
2006 1791277246769852 40575
2007 1791277246771360 25126
2008 1791277246798113 30639
2009 1791277246814577 27727
2010 1791277246839128 32972
2011 1791277246866186 39008
2012 1791277246889062 42356
2013 1791277246898764 33871
2014 1791277246917365 32542
2015 1791277246939839 33850
2016 1791277246957963 31165
2017 1791277246982088 34477
2018 1791277246997789 30539
2019 1791277247016144 28605
2020 1791277247044985 38647
2021 1791277247063778 36620
2022 1791277247082866 37876
2023 1791277247101156 34821
2024 1791277247125652 37382
2025 1791277247144218 39590
2026 1791277247157500 31844
2027 1791277247182379 38157
2028 1791277247200982 36315
2029 1791277247229258 39590
2030 1791277247249303 43692
2031 1791277247274460 47134
2032 1791277247291604 45526
2033 1791277247327616 59244
2034 1791277247335957 49301
2035 1791277247363354 42648
2036 1791277247363363 36267
2037 1791277247381401 35226
2038 1791277247401372 32509
2039 1791277247419739 33641
2040 1791277247445222 40368
2041 1791277247470576 42744
2042 1791277247494567 49342
2043 1791277247548106 77523
2044 1791277247548133 53558
2045 1791277247554640 45988
2046 1791277247561131 35161
2047 1791277247596700 48655
2048 1791277247602286 34243
2049 1791277247620175 35140
2050 1791277247646472 40361
2051 1791277247672998 44953
2052 1791277247694846 49070
2053 1791277247721325 48310
2054 1791277247742176 54685
2055 1791277247742183 34938
2056 1791277247774492 48874
2057 1791277247795198 47310
2058 1791277247808336 40751
2059 1791277247834165 48236
2060 1791277247848118 43291
2061 1791277247860658 34166
2062 1791277247883551 35429
2063 1791277247907566 37848
2064 1791277247919692 31903
2065 1791277247939439 31870
2066 1791277247975878 47851
2067 1791277247976795 31146
2068 1791277248007457 39983
2069 1791277248034244 46735
2070 1791277248050031 42716
2071 1791277248070418 39480
2072 1791277248096012 51156
2073 1791277248106416 40387
2074 1791277248134944 46755
2075 1791277248152839 46421
2076 1791277248175638 50085
2077 1791277248197947 46681
2078 1791277248204758 38686
2079 1791277248231554 43899
2080 1791277248246489 41729
2081 1791277248277682 52547
2082 1791277248287889 42087
2083 1791277248308752 42306
2084 1791277248319319 32016
2085 1791277248348384 40614
2086 1791277248368582 42477
2087 1791277248399473 52469
2088 1791277248417119 50649
2089 1791277248445515 58936
2090 1791277248456458 48002
2091 1791277248486462 59680
2092 1791277248496037 50518
2093 1791277248517298 51622
2094 1791277248535796 49425
2095 1791277248549198 44649
2096 1791277248573875 48640
2097 1791277248595697 49655
2098 1791277248620007 52425
2099 1791277248640841 54433
2100 1791277248662128 56785
2101 1791277248677062 50482
2102 1791277248693847 47187
2103 1791277248713576 48700
2104 1791277248743429 55242
2105 1791277248767742 57131
2106 1791277248769886 42114
2107 1791277248799564 54620
2108 1791277248829672 62323
2109 1791277248849153 61156
2110 1791277248862491 56603
2111 1791277248887309 61575
2112 1791277248899087 49929
2113 1791277248930061 62679
2114 1791277248943977 56663
2115 1791277248962495 56632
2116 1791277248972835 46616
2117 1791277249011838 67855
2118 1791277249026083 58849
2119 1791277249043150 54644
2120 1791277249070156 58311
2121 1791277249114750 88659
2122 1791277249114801 70237
2123 1791277249125495 58929
2124 1791277249141424 54184
2125 1791277249171883 57128
2126 1791277249186366 60864
2127 1791277249219158 71159
2128 1791277249228334 56448
2129 1791277249240463 54093
2130 1791277249264238 59523
2131 1791277249297061 68723
2132 1791277249297071 36350
2133 1791277249297077 32834
2134 1791277249353904 65913
2135 1791277249367552 59536
2136 1791277249387407 57883
2137 1791277249402696 57244
2138 1791277249422955 56341
2139 1791277249445413 58003
2140 1791277249466068 58889
2141 1791277249487251 62416
2142 1791277249508838 63420
2143 1791277249530593 64891
2144 1791277249556503 70841
2145 1791277249579445 74910
2146 1791277249592986 67994
2147 1791277249615034 67053
2148 1791277249635440 64632
2149 1791277249664360 76286
2150 1791277249672188 63783
2151 1791277249699480 72225
2152 1791277249709369 63651
2153 1791277249737651 73286
2154 1791277249757536 71309
2155 1791277249777490 72646
2156 1791277249799657 71778
2157 1791277249818954 74229
2158 1791277249846005 79302
2159 1791277249859353 72358
2160 1791277249877804 69137
2161 1791277249888875 63178
2162 1791277249918449 72439
2163 1791277249941468 74252
2164 1791277249958499 71119
2165 1791277249971713 64324
2166 1791277250008259 82176
2167 1791277250017457 72090
2168 1791277250050350 84053
2169 1791277250067968 80965
2170 1791277250086558 78297
2171 1791277250097101 71659
2172 1791277250121459 74099
2173 1791277250136470 68499
2174 1791277250152000 65440
2175 1791277250179043 71254
2176 1791277250197402 71276
2177 1791277250210956 64398
2178 1791277250219295 53797
2179 1791277250247246 60943
2180 1791277250267184 59998
2181 1791277250272804 47565
2182 1791277250312840 65591
2183 1791277250312846 46701
2184 1791277250338921 51729
2185 1791277250352630 44344
2186 1791277250360402 34711
2187 1791277250380673 32440
2188 1791277250396409 30966
2189 1791277250437033 48905
2190 1791277250445314 38570
2191 1791277250458472 33023
2192 1791277250477649 33331
2193 1791277250495351 28684
2194 1791277250511010 25437
2195 1791277250532281 27310
2196 1791277250555887 30260
2197 1791277250579745 33400
2198 1791277250598317 32940
2199 1791277250617133 30290
2200 1791277250635294 27773
2201 1791277250649383 22809
2202 1791277250695074 45688
2203 1791277250695840 29774
2204 1791277250711643 24221
2205 1791277250743252 35976
2206 1791277250750055 22936
2207 1791277250791566 43799
2208 1791277250793375 28690
2209 1791277250830661 39091
2210 1791277250835075 28165
2211 1791277250859096 33560
2212 1791277250877969 31918
2213 1791277250896121 30314
2214 1791277250924009 37075
2215 1791277250936719 29037
2216 1791277250957690 33679
2217 1791277250981853 35419
2218 1791277250993433 28138
2219 1791277251019256 33277
2220 1791277251038417 31813
2221 1791277251059551 33882
2222 1791277251077365 31910
2223 1791277251097470 32273
2224 1791277251120212 33836
2225 1791277251137655 32284
2226 1791277251156898 28826
2227 1791277251176456 30796
2228 1791277251196480 30782
2229 1791277251216984 31572
2230 1791277251237868 31707
2231 1791277251255917 30484
2232 1791277251283646 36271
2233 1791277251291261 24942
2234 1791277251319163 33932
2235 1791277251343716 37464
2236 1791277251366735 40072
2237 1791277251400069 53239
2238 1791277251406271 40527
2239 1791277251419304 30163
2240 1791277251452401 46124
2241 1791277251469362 44386
2242 1791277251484973 38904
2243 1791277251497964 30963
2244 1791277251518673 33697
2245 1791277251545339 38715
2246 1791277251569491 39789
2247 1791277251579391 34049
2248 1791277251606636 40615
2249 1791277251623347 36471
2250 1791277251652513 45875
2251 1791277251665819 40029
2252 1791277251686311 39295
2253 1791277251708072 42542
2254 1791277251719724 34455
2255 1791277251748134 41819
2256 1791277251765856 40244
2257 1791277251793214 45078
2258 1791277251815112 49254
2259 1791277251846417 58717
2260 1791277251849962 42588
2261 1791277251880599 55128
2262 1791277251887429 41152
2263 1791277251919450 53965
2264 1791277251936903 50521
2265 1791277251948156 42098
2266 1791277251976332 48627
2267 1791277251996893 50931
2268 1791277252010280 41178
2269 1791277252033470 47652
2270 1791277252066229 58783
2271 1791277252087887 59968
2272 1791277252100254 54553
2273 1791277252108789 42558
2274 1791277252137449 50141
2275 1791277252156027 49821
2276 1791277252191144 63296
2277 1791277252192784 44719
2278 1791277252219132 51550
2279 1791277252246922 61780
2280 1791277252256575 50664
2281 1791277252278187 50359
2282 1791277252313464 67473
2283 1791277252318983 53287
2284 1791277252341499 55982
2285 1791277252363162 56349
2286 1791277252370615 39379
2287 1791277252394531 49351
2288 1791277252413343 46432
2289 1791277252428028 42196
2290 1791277252450423 44841
2291 1791277252478356 53259
2292 1791277252517927 72247
2293 1791277252519799 52130
2294 1791277252555847 64699
2295 1791277252569830 61518
2296 1791277252586362 60244
2297 1791277252592809 47316
2298 1791277252619574 52352
2299 1791277252644151 57779
2300 1791277252666550 57505
2301 1791277252680600 55608
2302 1791277252695198 51041
2303 1791277252729180 62991
2304 1791277252740508 54594
2305 1791277252767001 58761
2306 1791277252777493 50853
2307 1791277252796525 50308
2308 1791277252817534 50527
2309 1791277252844345 59375
2310 1791277252865502 57109
2311 1791277252884136 58331
2312 1791277252919979 75632
2313 1791277252920036 54529
2314 1791277252947680 63541
2315 1791277252977416 57431
2316 1791277252986045 56110
2317 1791277253000470 55360
2318 1791277253019634 53842
2319 1791277253047783 61736
2320 1791277253063479 55136
2321 1791277253076911 50824
2322 1791277253115300 67512
2323 1791277253122409 55123
2324 1791277253154207 65596
2325 1791277253154219 38909
2326 1791277253179697 51104
2327 1791277253198697 51823
2328 1791277253209168 40975
2329 1791277253223121 32525
2330 1791277253238434 29260
2331 1791277253248832 24458
2332 1791277253266332 21648
2333 1791277253287721 21385
2334 1791277253305687 20822
2335 1791277253327626 21936
2336 1791277253350707 23078
2337 1791277253370691 25536
2338 1791277253396870 26172
2339 1791277253408709 23298
2340 1791277253427747 22633
2341 1791277253448225 22341
2342 1791277253469097 22891
2343 1791277253488774 22829
2344 1791277253507383 22620
2345 1791277253532338 25033
2346 1791277253550049 23827
2347 1791277253568391 21448
2348 1791277253588328 23848
2349 1791277253609381 24126
2350 1791277253628437 21704
2351 1791277253647045 21717
2352 1791277253667880 20831
2353 1791277253688550 20755
2354 1791277253707313 22309
2355 1791277253731156 23838
2356 1791277253754254 26266
2357 1791277253775844 28802
2358 1791277253794656 28357
2359 1791277253811975 26103
2360 1791277253830628 24569
2361 1791277253847699 20728
2362 1791277253866067 20950
2363 1791277253886847 20778
2364 1791277253909694 22844
2365 1791277253928575 22855
2366 1791277253952957 26931
2367 1791277253969469 23278
2368 1791277253988802 21641
2369 1791277254016257 29411
2370 1791277254031992 25521
2371 1791277254053537 26397
2372 1791277254068522 21793
2373 1791277254091137 24686
2374 1791277254111942 25653
2375 1791277254129345 22557
2376 1791277254148157 20866
2377 1791277254166122 21459
2378 1791277254195245 29119
2379 1791277254216829 28134
2380 1791277254229474 23123
2381 1791277254246619 21462
2382 1791277254267766 22883
2383 1791277254286763 21758
2384 1791277254313330 28313
2385 1791277254333909 28157
2386 1791277254354384 28850
2387 1791277254369791 23585
2388 1791277254385363 20691
2389 1791277254409143 23846
2390 1791277254428530 23823
2391 1791277254447442 20926
2392 1791277254469324 23729
2393 1791277254489243 22391
2394 1791277254508146 21778
2395 1791277254527340 21136
2396 1791277254546114 20549
2397 1791277254569262 24107
2398 1791277254591755 25326
2399 1791277254608625 21844
2400 1791277254627055 21514
2401 1791277254656712 30463
2402 1791277254667037 21135
2403 1791277254694905 27958
2404 1791277254710747 24185
2405 1791277254729624 21914
2406 1791277254749361 24190
2407 1791277254774979 25615
2408 1791277254787473 21110
2409 1791277254808116 22591
2410 1791277254831001 25893
2411 1791277254848448 22654
2412 1791277254868969 22526
2413 1791277254894137 25165
2414 1791277254908546 23983
2415 1791277254925964 21023
2416 1791277254946992 21024
2417 1791277254966220 22033
2418 1791277254990750 24526
2419 1791277255011152 24227
2420 1791277255026778 20891
2421 1791277255056312 29531
2422 1791277255067567 21893
2423 1791277255093645 28128
2424 1791277255108550 23674
2425 1791277255135390 30408
2426 1791277255149265 24235
2427 1791277255170214 20947
2428 1791277255190236 23113
2429 1791277255207918 22688
2430 1791277255228818 20895
2431 1791277255248409 21553
2432 1791277255268584 22140
2433 1791277255287483 22881
2434 1791277255313285 25798
2435 1791277255329459 23509
2436 1791277255348910 21911
2437 1791277255368492 22964
2438 1791277255389342 23103
2439 1791277255417550 28205
2440 1791277255430182 24827
2441 1791277255449500 22935
2442 1791277255467158 21539
2443 1791277255488060 23264
2444 1791277255506927 22653
2445 1791277255530846 23968
2446 1791277255548667 21641
2447 1791277255568526 21840
2448 1791277255589110 23486
2449 1791277255616249 28971
2450 1791277255628321 22689
2451 1791277255648052 23351
2452 1791277255668927 23268
2453 1791277255689656 22882
2454 1791277255707806 22035
2455 1791277255727739 22085
2456 1791277255747663 21997
2457 1791277255766551 21097
2458 1791277255788360 21806
2459 1791277255818652 30290
2460 1791277255825934 21174
2461 1791277255854953 29016
2462 1791277255875119 27989
2463 1791277255886854 20492
2464 1791277255909602 25196
2465 1791277255929429 24387
2466 1791277255948410 21844
2467 1791277255969303 23110
2468 1791277255993329 26843
2469 1791277256011669 26088
2470 1791277256033924 27309
2471 1791277256054901 25502
2472 1791277256076918 25745
2473 1791277256088530 21973
2474 1791277256107471 21138
2475 1791277256131124 23724
2476 1791277256147459 21430
2477 1791277256166486 21271
2478 1791277256189142 22653
2479 1791277256210262 23642
2480 1791277256227155 20815
2481 1791277256248868 21711
2482 1791277256276853 30327
2483 1791277256291001 24831
2484 1791277256315292 29163
2485 1791277256327479 21237
2486 1791277256351175 25460
2487 1791277256375173 26907
2488 1791277256402026 36786
2489 1791277256425411 40981
2490 1791277256432649 26975
2491 1791277256467580 42167
2492 1791277256480171 33608
2493 1791277256517418 52198
2494 1791277256546022 59478
2495 1791277256571442 64774
2496 1791277256598468 71361
2497 1791277256631794 86685
2498 1791277256639592 75068
2499 1791277256677885 91381
2500 1791277256685224 79913
2501 1791277256711592 84776
2502 1791277256733768 87982
2503 1791277256747615 82108
2504 1791277256772604 87377
2505 1791277256798228 93029
2506 1791277256816246 89087
2507 1791277256829871 83732
2508 1791277256859274 92581
2509 1791277256876349 88771
2510 1791277256897490 90623
2511 1791277256923922 98187
2512 1791277256937752 91040
2513 1791277256968120 101005
2514 1791277256989833 104607
2515 1791277257008291 102044
2516 1791277257025916 100047
2517 1791277257040125 93791
2518 1791277257070024 101900
2519 1791277257083609 97734
2520 1791277257107134 101883
2521 1791277257125716 100693
2522 1791277257154642 107899
2523 1791277257176537 106506
2524 1791277257189432 103237
2525 1791277257208371 101231
2526 1791277257226567 101609
2527 1791277257250256 103726
2528 1791277257269183 101936
2529 1791277257301600 116410
2530 1791277257326545 119542
2531 1791277257336856 111059
2532 1791277257365577 118645
2533 1791277257390661 123163
2534 1791277257410595 108990
2535 1791277257410605 105318
2536 1791277257435545 108998
2537 1791277257456005 108706
2538 1791277257469012 104112
2539 1791277257498341 110102
2540 1791277257536125 126023
2541 1791277257554043 124787
2542 1791277257573602 127433
2543 1791277257599518 133726
2544 1791277257615879 127600
2545 1791277257647862 140853
2546 1791277257668903 141563
2547 1791277257681925 134880
2548 1791277257698631 132203
2549 1791277257720471 129557
2550 1791277257727120 119562
2551 1791277257751679 125320
2552 1791277257767520 120487
2553 1791277257789020 121274
2554 1791277257800139 114071
2555 1791277257818448 113626
2556 1791277257846586 120213
2557 1791277257857866 112818
2558 1791277257880976 115170
2559 1791277257914753 125730
2560 1791277257943545 136356
2561 1791277257949309 120073
2562 1791277257959475 113001
2563 1791277257991388 124896
2564 1791277258000913 113646
2565 1791277258023198 114759
2566 1791277258039202 112625
2567 1791277258046376 100123
2568 1791277258068311 102050
2569 1791277258077368 91781
2570 1791277258089408 81511
2571 1791277258114396 87843
2572 1791277258130267 83888
2573 1791277258139952 71638
2574 1791277258161756 76879
2575 1791277258170870 63277
2576 1791277258188037 60037
2577 1791277258196293 50472
2578 1791277258211482 45111
2579 1791277258220331 33832
2580 1791277258240272 34667
2581 1791277258258783 31444
2582 1791277258280162 32787
2583 1791277258298911 33660
2584 1791277258322324 37140
2585 1791277258337199 30567
2586 1791277258359138 34638
2587 1791277258378669 32843
2588 1791277258405874 40244
2589 1791277258424339 37352
2590 1791277258436790 31508
2591 1791277258456250 31909
2592 1791277258478263 33043
2593 1791277258511974 46198
2594 1791277258524610 39709
2595 1791277258543972 35946
2596 1791277258562780 38167
2597 1791277258577702 33728
2598 1791277258598639 30404
2599 1791277258623473 38220
2600 1791277258639391 33854
2601 1791277258662735 35570
2602 1791277258687804 40544
2603 1791277258701398 35943
2604 1791277258716778 31880
2605 1791277258736821 30363
2606 1791277258765635 38468
2607 1791277258783869 37270
2608 1791277258802451 36812
2609 1791277258819056 33188
2610 1791277258848853 43755
2611 1791277258870628 44508
2612 1791277258888065 41056
2613 1791277258903380 34838
2614 1791277258921141 35950
2615 1791277258947217 42588
2616 1791277258965850 41202
2617 1791277258993466 46264
2618 1791277259003416 37563
2619 1791277259025219 37153
2620 1791277259048162 40030
2621 1791277259057459 32238
2622 1791277259096763 50756
2623 1791277259101639 34842
2624 1791277259122283 37151
2625 1791277259144631 38736
2626 1791277259166683 40757
2627 1791277259180727 36093
2628 1791277259205645 38959
2629 1791277259222949 36009
2630 1791277259240837 35188
2631 1791277259263334 38162
2632 1791277259278532 31327
2633 1791277259298465 31338
2634 1791277259322271 36827
2635 1791277259337005 31412
2636 1791277259359078 33173
2637 1791277259379474 32007
2638 1791277259408894 43739
2639 1791277259426173 39402
2640 1791277259445947 40848
2641 1791277259459213 33259
2642 1791277259482549 36904
2643 1791277259501309 36463
2644 1791277259524471 37076
2645 1791277259537884 30413
2646 1791277259558589 34115
2647 1791277259591889 45312
2648 1791277259605171 38771
2649 1791277259623079 35981
2650 1791277259645385 40211
2651 1791277259665544 38370
2652 1791277259683192 37804
2653 1791277259706554 41007
2654 1791277259742156 54826
2655 1791277259749093 42913
2656 1791277259761964 34472
2657 1791277259789063 43578
2658 1791277259798817 33064
2659 1791277259833838 46552
2660 1791277259847526 40199
2661 1791277259860785 34648
2662 1791277259883116 37173
2663 1791277259909233 42144
2664 1791277259935708 49386
2665 1791277259957030 49496
2666 1791277259982914 55481
2667 1791277259999782 54022
2668 1791277260020809 55347
2669 1791277260042766 56929
2670 1791277260081675 73706
2671 1791277260093758 66363
2672 1791277260117206 70083
2673 1791277260139758 74801
2674 1791277260162761 76308
2675 1791277260185773 79550
2676 1791277260205998 78308
2677 1791277260220282 74515
2678 1791277260235122 69051
2679 1791277260257324 71620
2680 1791277260275861 69861
2681 1791277260312312 86754
2682 1791277260316208 71452
2683 1791277260344834 77001
2684 1791277260357725 71581
2685 1791277260384505 78806
2686 1791277260398563 72896
2687 1791277260428934 84098
2688 1791277260450001 84135
2689 1791277260467782 83274
2690 1791277260496614 89435
2691 1791277260510253 83571
2692 1791277260534014 84010
2693 1791277260546729 79068
2694 1791277260570731 84029
2695 1791277260585568 77856
2696 1791277260609655 84445
2697 1791277260629539 83694
2698 1791277260652486 84473
2699 1791277260664935 79365
2700 1791277260692208 84448
2701 1791277260716660 91725
2702 1791277260720784 73768
2703 1791277260739645 74708
2704 1791277260765635 77280
2705 1791277260778845 73579
2706 1791277260799387 72125
2707 1791277260814986 70006
2708 1791277260838453 72816
2709 1791277260867351 80065
2710 1791277260879029 71873
2711 1791277260894430 67423
2712 1791277260917249 70907
2713 1791277260937860 71409
2714 1791277260946878 61619
2715 1791277260962956 58053
2716 1791277260979384 53499
2717 1791277261007206 60895
2718 1791277261027583 61514
2719 1791277261038035 52551
2720 1791277261064740 57529
2721 1791277261076148 50032
2722 1791277261098031 52343
2723 1791277261110038 45295
2724 1791277261129395 42633
2725 1791277261152222 47747
2726 1791277261183915 59344
2727 1791277261204146 53579
2728 1791277261212201 45384
2729 1791277261236912 49385
2730 1791277261252345 48195
2731 1791277261278548 52466
2732 1791277261300080 51837
2733 1791277261315506 48397
2734 1791277261333789 47399
2735 1791277261368940 61300
2736 1791277261378772 51012
2737 1791277261396310 49915
2738 1791277261424532 57433
2739 1791277261438756 51666
2740 1791277261451439 46287
2741 1791277261483333 58799
2742 1791277261502966 57496
2743 1791277261510736 44626
2744 1791277261547210 61498
2745 1791277261559253 54354
2746 1791277261586391 55902
2747 1791277261598005 51311
2748 1791277261616949 51631
2749 1791277261646976 61001
2750 1791277261663210 57423
2751 1791277261687855 61871
2752 1791277261710532 63555
2753 1791277261723472 55784
2754 1791277261740489 53677
2755 1791277261767250 60957
2756 1791277261795042 69815
2757 1791277261805875 58342
2758 1791277261835274 68021
2759 1791277261849380 64501
2760 1791277261871323 66780
2761 1791277261880968 53934
2762 1791277261909074 61879
2763 1791277261928488 61247
2764 1791277261942351 56653
2765 1791277261965701 60793
2766 1791277261978490 50598
2767 1791277262006238 60594
2768 1791277262026008 60690
2769 1791277262041401 53949
2770 1791277262067929 62058
2771 1791277262087570 61857
2772 1791277262107562 61090
2773 1791277262122203 54535
2774 1791277262148733 61161
2775 1791277262167799 61375
2776 1791277262190869 64589
2777 1791277262208939 62048
2778 1791277262227593 62067
2779 1791277262256615 71162
2780 1791277262261252 54193
2781 1791277262280042 52714
2782 1791277262303289 57068
2783 1791277262333767 67611
2784 1791277262349498 63102
2785 1791277262382554 75350
2786 1791277262390578 62678
2787 1791277262409063 61410
2788 1791277262426863 61824
2789 1791277262449625 63346
2790 1791277262467794 60860
2791 1791277262506128 79478
2792 1791277262520006 70682
2793 1791277262535332 67943
2794 1791277262548523 63342
2795 1791277262572649 66518
2796 1791277262586636 59003
2797 1791277262607064 59470
2798 1791277262630474 62210
2799 1791277262645946 59902
2800 1791277262664088 57883
2801 1791277262682515 58328
2802 1791277262712097 66659
2803 1791277262732618 68528
2804 1791277262757636 72578
2805 1791277262776509 70407
2806 1791277262788957 61598
2807 1791277262818389 73145
2808 1791277262837944 67861
2809 1791277262858504 73438
2810 1791277262872562 65440
2811 1791277262888893 62907
2812 1791277262908797 60708
2813 1791277262939603 72502
2814 1791277262959153 73898
2815 1791277262977481 71290
2816 1791277262990703 64984
2817 1791277263015585 68312
2818 1791277263036485 70949
2819 1791277263056667 70831
2820 1791277263078645 71938
2821 1791277263098117 70880
2822 1791277263127462 81316
2823 1791277263138457 71086
2824 1791277263171025 84938
2825 1791277263181767 77397
2826 1791277263217327 90974
2827 1791277263229574 81990
2828 1791277263248193 77164
2829 1791277263271755 86744
2830 1791277263292633 84318
2831 1791277263306186 78704
2832 1791277263322193 74876
2833 1791277263338083 71527
2834 1791277263357033 68806
2835 1791277263382013 76909
2836 1791277263398454 71693
2837 1791277263421697 75825
2838 1791277263437837 72631
2839 1791277263458675 72668
2840 1791277263478952 71780
2841 1791277263497673 71875
2842 1791277263533477 87088
2843 1791277263558035 92286
2844 1791277263572700 87455
2845 1791277263604517 97114
2846 1791277263627338 95097
2847 1791277263638544 91311
2848 1791277263655388 91199
2849 1791277263698261 107514
2850 1791277263701693 97173
2851 1791277263727130 99788
2852 1791277263757770 111360
2853 1791277263780244 114101
2854 1791277263790606 103661
2855 1791277263813352 106780
2856 1791277263827145 100300
2857 1791277263853258 107484
2858 1791277263884401 118410
2859 1791277263888817 103835
2860 1791277263924687 117140
2861 1791277263938149 112833
2862 1791277263957844 110657
2863 1791277263975135 110480
2864 1791277264011444 127041
2865 1791277264020726 113069
2866 1791277264028192 103502
2867 1791277264057723 112829
2868 1791277264070166 103086
2869 1791277264096710 110033
2870 1791277264117321 109356
2871 1791277264121643 95433
2872 1791277264141053 93999
2873 1791277264161389 91220
2874 1791277264177444 93019
2875 1791277264196007 88862
2876 1791277264223040 94262
2877 1791277264230464 86248
2878 1791277264248728 80649
2879 1791277264258678 71902
2880 1791277264285828 81194
2881 1791277264303693 76627
2882 1791277264325789 77974
2883 1791277264339725 73811
2884 1791277264368722 82892
2885 1791277264385676 76636
2886 1791277264407367 81576
2887 1791277264435099 89119
2888 1791277264447410 79956
2889 1791277264462925 77246
2890 1791277264478166 71706
2891 1791277264497773 73054
2892 1791277264530234 82820
2893 1791277264547602 81739
2894 1791277264563223 78514
2895 1791277264587520 82206
2896 1791277264607860 81782
2897 1791277264618877 74298
2898 1791277264638578 72458
2899 1791277264650876 64403
2900 1791277264679511 72822
2901 1791277264698428 72575
2902 1791277264726835 81289
2903 1791277264755200 89023
2904 1791277264758694 72862
2905 1791277264784719 77715
2906 1791277264799792 73630
2907 1791277264818272 72016
2908 1791277264829092 63647
2909 1791277264849241 64519
2910 1791277264863040 57759
2911 1791277264887295 60167
2912 1791277264910305 65832
2913 1791277264919667 54251
2914 1791277264946005 61065
2915 1791277264972612 67981
2916 1791277264982072 56484
2917 1791277265012359 66352
2918 1791277265017157 51123
2919 1791277265036303 52118
2920 1791277265048592 43489
2921 1791277265071062 44177
2922 1791277265084994 37611
2923 1791277265104688 39668
2924 1791277265120905 35908
2925 1791277265138992 34301
2926 1791277265154055 27594
2927 1791277265187269 40500
2928 1791277265206830 41535
2929 1791277265244155 58165
2930 1791277265249559 42727
2931 1791277265268006 40961
2932 1791277265280234 36076
2933 1791277265304261 36769
2934 1791277265324307 39173
2935 1791277265332435 28171
2936 1791277265378440 54131
2937 1791277265387037 38007
2938 1791277265398577 30656
2939 1791277265422284 37491
2940 1791277265445235 38087
2941 1791277265457688 32245
2942 1791277265492529 47291
2943 1791277265504047 35335
2944 1791277265524284 37643
2945 1791277265540104 36053
2946 1791277265567139 42853
2947 1791277265585713 39510
2948 1791277265605799 39728
2949 1791277265628106 42391
2950 1791277265631139 26178
2951 1791277265666958 40469
2952 1791277265676867 30807
2953 1791277265707720 40758
2954 1791277265728542 41890
2955 1791277265746638 39425
2956 1791277265767855 40819
2957 1791277265777738 32240
2958 1791277265802707 35618
2959 1791277265830768 45781
2960 1791277265851030 43700
2961 1791277265870606 39833
2962 1791277265885689 38146
2963 1791277265906197 41413
2964 1791277265923162 37470
2965 1791277265938160 32563
2966 1791277265965874 37887
2967 1791277265986217 41601
2968 1791277266011441 45563
2969 1791277266032601 46381
2970 1791277266049094 37650
2971 1791277266064776 38878
2972 1791277266086093 39237
2973 1791277266100209 35657
2974 1791277266130172 45066
2975 1791277266148408 42574
2976 1791277266175035 48006
2977 1791277266188698 40912
2978 1791277266218046 51362
2979 1791277266234252 45552
2980 1791277266249161 42748
2981 1791277266276662 44750
2982 1791277266281091 34820
2983 1791277266311954 45233
2984 1791277266327431 39891
2985 1791277266353488 45269
2986 1791277266377972 51382
2987 1791277266399308 52206
2988 1791277266414392 48649
2989 1791277266436287 49567
2990 1791277266461356 51737
2991 1791277266476263 45695
2992 1791277266487781 41326
2993 1791277266520615 54223
2994 1791277266539670 51886
2995 1791277266556046 50354
2996 1791277266574072 47064
2997 1791277266596317 46603
2998 1791277266626373 58822
2999 1791277266647120 58304
3000 1791277266666030 59401
3001 1791277266686094 59718
3002 1791277266706465 59841
3003 1791277266719078 53965
3004 1791277266740966 54868
3005 1791277266757992 51523
3006 1791277266779076 54595
3007 1791277266799496 53454
3008 1791277266820160 54764
3009 1791277266838891 51490
3010 1791277266857357 51686
3011 1791277266885698 59147
3012 1791277266912075 60781
3013 1791277266929733 60094
3014 1791277266949003 63825
3015 1791277266965733 57874
3016 1791277266978957 53724
3017 1791277267007518 60721
3018 1791277267017934 52294
3019 1791277267047552 59533
3020 1791277267069017 61496
3021 1791277267088088 61153
3022 1791277267105840 59016
3023 1791277267128551 62880
3024 1791277267147112 59964
3025 1791277267163155 58396
3026 1791277267182353 56494
3027 1791277267208529 62275
3028 1791277267230537 65633
3029 1791277267257810 73190
3030 1791277267289796 84532
3031 1791277267290725 65924
3032 1791277267315346 68493
3033 1791277267334036 67677
3034 1791277267360131 74387
3035 1791277267375734 67648
3036 1791277267391373 63327
3037 1791277267407302 62674
3038 1791277267422901 56875
3039 1791277267464421 76189
3040 1791277267483649 78208
3041 1791277267498067 72815
3042 1791277267512825 67100
3043 1791277267528750 64326
3044 1791277267553997 66785
3045 1791277267577480 69205
3046 1791277267597602 71917
3047 1791277267625548 77460
3048 1791277267637664 73018
3049 1791277267656530 71037
3050 1791277267682366 75135
3051 1791277267698805 73254
3052 1791277267708253 62229
3053 1791277267731783 65689
3054 1791277267748360 63476
3055 1791277267782668 77566
3056 1791277267801372 74404
3057 1791277267819256 73796
3058 1791277267843790 78198
3059 1791277267857294 69214
3060 1791277267877462 69651
3061 1791277267899636 72672
3062 1791277267917839 71168
3063 1791277267947929 80638
3064 1791277267967411 79010
3065 1791277267973756 67221
3066 1791277268000229 73982
3067 1791277268016403 70385
3068 1791277268037199 69877
3069 1791277268063281 77789
3070 1791277268078514 72677
3071 1791277268101104 74155
3072 1791277268129705 82965
3073 1791277268138314 72911
3074 1791277268167354 81265
3075 1791277268176620 67457
3076 1791277268188774 64223
3077 1791277268217017 69546
3078 1791277268244056 76699
3079 1791277268261993 75943
3080 1791277268277464 69264
3081 1791277268298806 72545
3082 1791277268318018 73959
3083 1791277268352687 85374
3084 1791277268370946 83402
3085 1791277268377104 71280
3086 1791277268399244 70526
3087 1791277268411689 64679
3088 1791277268424012 53063
3089 1791277268437628 50979
3090 1791277268457231 51194
3091 1791277268477796 53782
3092 1791277268496669 50931
3093 1791277268528630 63738
3094 1791277268551953 64276
3095 1791277268577010 69153
3096 1791277268597318 71726
3097 1791277268621413 73137
3098 1791277268638374 72055
3099 1791277268666601 79098
3100 1791277268697747 91414
3101 1791277268719316 92600
3102 1791277268737252 90169
3103 1791277268754381 87777
3104 1791277268783944 97519
3105 1791277268801040 95455
3106 1791277268819330 94525
3107 1791277268839554 93693
3108 1791277268858658 93822
3109 1791277268878227 92375
3110 1791277268895091 89806
3111 1791277268918820 92566
3112 1791277268938630 91631
3113 1791277268966496 99485
3114 1791277268981707 96907
3115 1791277269006577 99727
3116 1791277269027786 102658
3117 1791277269043551 96934
3118 1791277269068347 103400
3119 1791277269095651 108364
3120 1791277269108464 102367
3121 1791277269126007 100685
3122 1791277269133390 88186
3123 1791277269158933 91856
3124 1791277269177899 89681
3125 1791277269196661 88510
3126 1791277269209409 83399
3127 1791277269229897 84334
3128 1791277269243769 78113
3129 1791277269263591 77725
3130 1791277269283469 77448
3131 1791277269298814 72944
3132 1791277269319078 73913
3133 1791277269335913 70638
3134 1791277269353333 67914
3135 1791277269374578 69096
3136 1791277269391372 64224
3137 1791277269402337 55110
3138 1791277269429241 63335
3139 1791277269441288 55861
3140 1791277269450557 43659
3141 1791277269465508 38020
3142 1791277269478955 34439
3143 1791277269507788 42277
3144 1791277269528059 41566
3145 1791277269539906 32115
3146 1791277269559256 32215
3147 1791277269584033 37087
3148 1791277269598031 32873
3149 1791277269621592 37556
3150 1791277269648066 41691
3151 1791277269665544 37821
3152 1791277269681534 35425
3153 1791277269705233 39686
3154 1791277269721487 35975
3155 1791277269738245 33105
3156 1791277269769658 43744
3157 1791277269782496 33273
3158 1791277269800936 34107
3159 1791277269816641 30976
3160 1791277269846972 41569
3161 1791277269851403 23417
3162 1791277269889091 42116
3163 1791277269907540 42069
3164 1791277269932186 44574
3165 1791277269937224 31081
3166 1791277269966786 39378
3167 1791277269986654 38992
3168 1791277270006024 39235
3169 1791277270043304 57025
3170 1791277270046482 40454
3171 1791277270069198 44099
3172 1791277270088447 43900
3173 1791277270109098 42321
3174 1791277270129221 43711
3175 1791277270147922 40211
3176 1791277270167249 38025
3177 1791277270186443 39648
3178 1791277270210350 43098
3179 1791277270229071 43512
3180 1791277270237116 31737
3181 1791277270268057 43238
3182 1791277270282252 34902
3183 1791277270306855 39414
3184 1791277270336408 51095
3185 1791277270357244 51096
3186 1791277270361996 36364
3187 1791277270387817 42836
3188 1791277270409254 41200
3189 1791277270439112 51292
3190 1791277270457795 50346
3191 1791277270466483 39842
3192 1791277270498694 50850
3193 1791277270517606 51119
3194 1791277270529924 42532
3195 1791277270551046 43182
3196 1791277270580659 55413
3197 1791277270592512 44874
3198 1791277270617425 51417
3199 1791277270647391 59904
3200 1791277270649940 42757
3201 1791277270674685 49564
3202 1791277270686258 38864
3203 1791277270716480 51012
3204 1791277270731421 45517
3205 1791277270756154 49657
3206 1791277270786316 59483
3207 1791277270806955 59093
3208 1791277270818603 51069
3209 1791277270846075 59758
3210 1791277270867693 60728
3211 1791277270877602 50119
3212 1791277270899908 54698
3213 1791277270918728 51501
3214 1791277270938040 52170
3215 1791277270964369 55833
3216 1791277270978510 51995
3217 1791277270991983 47102
3218 1791277271020055 55680
3219 1791277271048618 61086
3220 1791277271057483 51328
3221 1791277271088138 62516
3222 1791277271104316 56424
3223 1791277271121517 56835
3224 1791277271147622 60694
3225 1791277271168142 63822
3226 1791277271185846 60176
3227 1791277271207187 59563
3228 1791277271221597 56738
3229 1791277271247213 61364
3230 1791277271270914 65685
3231 1791277271284447 59142
3232 1791277271307992 60777
3233 1791277271334313 67543
3234 1791277271348017 63567
3235 1791277271368119 62675
3236 1791277271388515 58714
3237 1791277271417000 71240
3238 1791277271435231 70097
3239 1791277271452715 67708
3240 1791277271477037 72264
3241 1791277271488117 59066
3242 1791277271517061 69415
3243 1791277271537066 67889
3244 1791277271547673 60316
3245 1791277271568854 63281
3246 1791277271590162 63728
3247 1791277271611250 65020
3248 1791277271627520 60446
3249 1791277271649661 62784
3250 1791277271670667 63030
3251 1791277271698123 71473
3252 1791277271719285 69621
3253 1791277271738254 68446
3254 1791277271749594 62963
3255 1791277271774188 65941
3256 1791277271795302 69697
3257 1791277271817834 72292
3258 1791277271838826 70949
3259 1791277271860177 72775
3260 1791277271879186 72854
3261 1791277271903251 75442
3262 1791277271926286 77844
3263 1791277271942183 75850
3264 1791277271959640 74174
3265 1791277271977132 70241
3266 1791277272003777 77488
3267 1791277272016823 71060
3268 1791277272050081 83663
3269 1791277272057820 73118
3270 1791277272076202 67283
3271 1791277272099152 71569
3272 1791277272116772 71475
3273 1791277272139374 72232
3274 1791277272157861 71954
3275 1791277272183050 78451
3276 1791277272207275 79910
3277 1791277272227952 81579
3278 1791277272248826 83234
3279 1791277272270036 84271
3280 1791277272289599 82670
3281 1791277272305897 78178
3282 1791277272319583 72665
3283 1791277272338721 68683
3284 1791277272350031 64095
3285 1791277272377695 71783
3286 1791277272396593 70926
3287 1791277272412037 65852
3288 1791277272433252 65850
3289 1791277272457132 69590
3290 1791277272466873 59699
3291 1791277272481909 54249
3292 1791277272510759 61529
3293 1791277272529121 63342
3294 1791277272558931 72358
3295 1791277272573076 66856
3296 1791277272600813 74655
3297 1791277272628351 80600
3298 1791277272646097 80923
3299 1791277272673972 86012
3300 1791277272698173 92865
3301 1791277272721675 93894
3302 1791277272748463 102364
3303 1791277272763707 99536
3304 1791277272769650 85608
3305 1791277272786013 81684
3306 1791277272796414 69297
3307 1791277272822346 75221
3308 1791277272833016 64735
3309 1791277272848110 62094
3310 1791277272876020 69035
3311 1791277272895706 67648
3312 1791277272912894 67355
3313 1791277272937831 72454
3314 1791277272948620 64262
3315 1791277272977968 72422
3316 1791277272997584 68870
3317 1791277273020165 75083
3318 1791277273038741 71408
3319 1791277273064407 73670
3320 1791277273076525 70916
3321 1791277273104372 78885
3322 1791277273116997 71955
3323 1791277273137712 73304
3324 1791277273155137 70225
3325 1791277273183729 79354
3326 1791277273199800 72626
3327 1791277273222254 75202
3328 1791277273241129 75665
3329 1791277273258455 69662
3330 1791277273284388 78691
3331 1791277273297635 72053
3332 1791277273318632 72070
3333 1791277273339945 75007
3334 1791277273354607 70216
3335 1791277273392200 84702
3336 1791277273407763 81528
3337 1791277273419356 72775
3338 1791277273438985 73924
3339 1791277273454167 68603
3340 1791277273470765 64351
3341 1791277273490830 65570
3342 1791277273521549 73582
3343 1791277273535077 70073
3344 1791277273557585 70211
3345 1791277273580360 73638
3346 1791277273593541 67994
3347 1791277273608824 59242
3348 1791277273623755 57808
3349 1791277273646216 59072
3350 1791277273668959 61239
3351 1791277273688529 61310
3352 1791277273702299 57262
3353 1791277273717626 50717
3354 1791277273738088 52560
3355 1791277273755232 50600
3356 1791277273778043 52939
3357 1791277273796249 48887
3358 1791277273806063 38848
3359 1791277273827088 39491
3360 1791277273847180 42046
3361 1791277273867879 42639
3362 1791277273887461 40649
3363 1791277273897223 29989
3364 1791277273929876 42413
3365 1791277273940707 35670
3366 1791277273970339 40461
3367 1791277273992825 45311
3368 1791277273999782 34981
3369 1791277274033412 46992
3370 1791277274052543 46600
3371 1791277274062751 34085
3372 1791277274078017 32162
3373 1791277274099703 31838
3374 1791277274131608 44672
3375 1791277274147344 39275
3376 1791277274160152 32829
3377 1791277274194220 46873
3378 1791277274207594 42744
3379 1791277274221658 33857
3380 1791277274240208 33629
3381 1791277274263297 35409
3382 1791277274281172 33473
3383 1791277274305922 39771
3384 1791277274339217 54010
3385 1791277274350593 44669
3386 1791277274369194 42060
3387 1791277274386088 40752
3388 1791277274407892 42987
3389 1791277274430246 45363
3390 1791277274447038 39143
3391 1791277274475369 47867
3392 1791277274497011 50899
3393 1791277274523157 57985
3394 1791277274542245 54689
3395 1791277274557668 52296
3396 1791277274568822 43870
3397 1791277274594624 46960
3398 1791277274614881 49200
3399 1791277274636726 51669
3400 1791277274662825 52232
3401 1791277274674507 48135
3402 1791277274698818 53694
3403 1791277274719818 53899
3404 1791277274736021 49488
3405 1791277274763414 58113
3406 1791277274780679 55144
3407 1791277274806464 62106
3408 1791277274819629 54299
3409 1791277274845114 58748
3410 1791277274858462 51995
3411 1791277274888388 63034
3412 1791277274904856 59740
3413 1791277274928175 60804
3414 1791277274945245 56854
3415 1791277274958661 53802
3416 1791277274987228 61450
3417 1791277274998478 53231
3418 1791277275017377 49515
3419 1791277275054990 68606
3420 1791277275067543 59793
3421 1791277275087122 61124
3422 1791277275119230 69244
3423 1791277275129227 63008
3424 1791277275152481 67027
3425 1791277275167255 60084
3426 1791277275178410 53271
3427 1791277275211686 61486
3428 1791277275224416 57703
3429 1791277275241434 55535
3430 1791277275264510 56987
3431 1791277275287343 62923
3432 1791277275308082 61099
3433 1791277275321450 56937
3434 1791277275343790 57236
3435 1791277275362903 55310
3436 1791277275385565 60621
3437 1791277275412319 66827
3438 1791277275433019 67309
3439 1791277275446115 60548
3440 1791277275471000 64462
3441 1791277275485499 59060
3442 1791277275510173 65435
3443 1791277275529055 64410
3444 1791277275539582 54080
3445 1791277275563918 58912
3446 1791277275589997 64250
3447 1791277275612855 65161
3448 1791277275627427 61443
3449 1791277275651650 64934
3450 1791277275667999 62927
3451 1791277275687839 61369
3452 1791277275720111 73025
3453 1791277275735722 70843
3454 1791277275757769 69926
3455 1791277275785403 78404
3456 1791277275801164 75167
3457 1791277275834455 88864
3458 1791277275852144 86385
3459 1791277275876291 90885
3460 1791277275896034 88561
3461 1791277275919546 91621
3462 1791277275931062 82947
3463 1791277275950873 83518
3464 1791277275977244 91811
3465 1791277275996560 89836
3466 1791277276017955 91492
3467 1791277276039396 94951
3468 1791277276063597 95999
3469 1791277276087980 98592
3470 1791277276097901 91518
3471 1791277276111103 85868
3472 1791277276139408 94560
3473 1791277276158102 93143
3474 1791277276177609 89874
3475 1791277276195504 89328
3476 1791277276224126 95572
3477 1791277276238963 94307
3478 1791277276266110 101777
3479 1791277276294953 108449
3480 1791277276299520 90028
3481 1791277276310614 86485
3482 1791277276331735 85098
3483 1791277276356324 90212
3484 1791277276370160 82779
3485 1791277276397454 91458
3486 1791277276407068 80963
3487 1791277276418088 72536
3488 1791277276447923 82417
3489 1791277276465880 80988
3490 1791277276477838 71703
3491 1791277276489388 64834
3492 1791277276523830 78844
3493 1791277276541337 75454
3494 1791277276563207 76404
3495 1791277276579979 75312
3496 1791277276605102 75988
3497 1791277276618108 73654
3498 1791277276641667 76746
3499 1791277276645536 58584
3500 1791277276676209 71105
3501 1791277276700694 72983
3502 1791277276707820 62610
3503 1791277276737265 71273
3504 1791277276757041 71453
3505 1791277276777531 72087
3506 1791277276801144 74294
3507 1791277276825048 77640
3508 1791277276838622 73369
3509 1791277276853104 68238
3510 1791277276880784 73739
3511 1791277276899461 74957
3512 1791277276913018 65524
3513 1791277276932600 65919
3514 1791277276957532 71748
3515 1791277276976565 65883
3516 1791277277012553 82734
3517 1791277277020196 71919
3518 1791277277036576 70498
3519 1791277277061145 76099
3520 1791277277094405 87171
3521 1791277277097526 71686
3522 1791277277124224 77990
3523 1791277277147318 79326
3524 1791277277165004 77024
3525 1791277277180854 73357
3526 1791277277202458 78231
3527 1791277277212920 66473
3528 1791277277253744 88736
3529 1791277277258621 72804
3530 1791277277288106 81056
3531 1791277277310931 85037
3532 1791277277320422 73079
3533 1791277277341630 75654
3534 1791277277361198 74867
3535 1791277277378964 72599
3536 1791277277398475 72581
3537 1791277277429729 84474
3538 1791277277446140 78780
3539 1791277277468981 81164
3540 1791277277488046 81209
3541 1791277277510840 83009
3542 1791277277533390 87247
3543 1791277277546497 79467
3544 1791277277577999 90557
3545 1791277277594878 87665
3546 1791277277610638 84236
3547 1791277277633474 88325
3548 1791277277650834 78907
3549 1791277277658261 70892
3550 1791277277682190 71549
3551 1791277277707910 80905
3552 1791277277720119 73011
3553 1791277277745044 77005
3554 1791277277757386 71503
3555 1791277277783128 75215
3556 1791277277796387 70996
3557 1791277277812354 67307
3558 1791277277836837 70423
3559 1791277277858367 73405
3560 1791277277877795 70096
3561 1791277277893437 67137
3562 1791277277906551 60736
3563 1791277277927748 62423
3564 1791277277938542 53552
3565 1791277277953736 47975
3566 1791277277973252 45502
3567 1791277277987455 39872
3568 1791277277997937 32276
3569 1791277278016364 31292
3570 1791277278046729 38640
3571 1791277278057915 31975
3572 1791277278094623 47991
3573 1791277278110977 45185
3574 1791277278126236 37727
3575 1791277278152749 45659
3576 1791277278165800 39561
3577 1791277278186147 38756
3578 1791277278205628 39896
3579 1791277278220772 34612
3580 1791277278247051 41420
3581 1791277278263256 37226
3582 1791277278285216 38955
3583 1791277278301465 33407
3584 1791277278315935 31051
3585 1791277278341874 36496
3586 1791277278358964 33420
3587 1791277278388073 40607
3588 1791277278404806 37395
3589 1791277278425653 39012
3590 1791277278441241 36641
3591 1791277278455771 30116
3592 1791277278481466 33891
3593 1791277278497290 31677
3594 1791277278523679 36892
3595 1791277278547303 39858
3596 1791277278568129 40482
3597 1791277278577489 31893
3598 1791277278602552 36291
3599 1791277278617157 30178
3600 1791277278644984 39493
3601 1791277278658104 31229
3602 1791277278688285 43298
3603 1791277278697020 31023
3604 1791277278718039 33872
3605 1791277278742973 36515
3606 1791277278755504 31281
3607 1791277278779085 34267
3608 1791277278795280 29385
3609 1791277278819030 32452
3610 1791277278842558 37371
3611 1791277278858633 34168
3612 1791277278888565 42872
3613 1791277278906871 40186
3614 1791277278917746 29179
3615 1791277278937724 31585
3616 1791277278968791 42156
3617 1791277278978216 32386
3618 1791277279011698 44498
3619 1791277279029113 39614
3620 1791277279039077 27375
3621 1791277279058802 33973
3622 1791277279087147 39174
3623 1791277279105170 35985
3624 1791277279128314 42234
3625 1791277279147090 41916
3626 1791277279159546 33183
3627 1791277279184330 37850
3628 1791277279209598 43870
3629 1791277279233424 49092
3630 1791277279255557 47918
3631 1791277279268685 43598
3632 1791277279298455 50584
3633 1791277279316389 50404
3634 1791277279350054 63988
3635 1791277279374506 65792
3636 1791277279391835 64634
3637 1791277279407866 57811
3638 1791277279444263 77025
3639 1791277279458772 70676
3640 1791277279469485 63455
3641 1791277279491693 64103
3642 1791277279511288 67022
3643 1791277279530841 64909
3644 1791277279551903 64498
3645 1791277279577113 71920
3646 1791277279597240 71164
3647 1791277279610015 64820
3648 1791277279633236 68190
3649 1791277279649349 64466
3650 1791277279671303 64588
3651 1791277279703797 77139
3652 1791277279716855 72217
3653 1791277279738725 71347
3654 1791277279755372 66587
3655 1791277279774263 66719
3656 1791277279788769 62640
3657 1791277279823093 71213
3658 1791277279837788 66178
3659 1791277279856973 69020
3660 1791277279879068 73389
3661 1791277279902793 78036
3662 1791277279927230 81253
3663 1791277279939261 72600
3664 1791277279957416 70055
3665 1791277279977904 71510
3666 1791277279997266 70638
3667 1791277280021931 76689
3668 1791277280048035 82297
3669 1791277280063723 78565
3670 1791277280079874 75030
3671 1791277280117679 91293
3672 1791277280134976 87876
3673 1791277280146833 77640
3674 1791277280159799 74616
3675 1791277280182326 75472
3676 1791277280209268 80305
3677 1791277280231921 85084
3678 1791277280249271 84331
3679 1791277280262334 77468
3680 1791277280291419 83027
3681 1791277280298198 72285
3682 1791277280321995 74821
3683 1791277280337981 70291
3684 1791277280357420 71143
3685 1791277280380369 75395
3686 1791277280394474 68499
3687 1791277280410354 62199
3688 1791277280430030 64020
3689 1791277280461228 71279
3690 1791277280467344 62682
3691 1791277280494457 68922
3692 1791277280512225 63079
3693 1791277280520195 52848
3694 1791277280538502 52883
3695 1791277280560690 52667
3696 1791277280574037 48239
3697 1791277280592502 47495
3698 1791277280609243 42632
3699 1791277280626074 39169
3700 1791277280656334 51076
3701 1791277280667427 41351
3702 1791277280687526 40318
3703 1791277280709067 42176
3704 1791277280727589 40915
3705 1791277280738509 29439
3706 1791277280768593 42618
3707 1791277280800488 54354
3708 1791277280813552 47379
3709 1791277280821230 36235
3710 1791277280839174 30213
3711 1791277280867796 40613
3712 1791277280890127 43408
3713 1791277280907732 41429
3714 1791277280928722 42980
3715 1791277280945312 39810
3716 1791277280969018 42078
3717 1791277280992302 46988
3718 1791277281010164 42586
3719 1791277281037596 50628
3720 1791277281050321 43537
3721 1791277281077987 52538
3722 1791277281100016 52435
3723 1791277281114953 49473
3724 1791277281129877 42354
3725 1791277281151002 46820
3726 1791277281170487 44712
3727 1791277281196186 50779
3728 1791277281212344 45766
3729 1791277281231761 45770
3730 1791277281244527 39837
3731 1791277281276574 51192
3732 1791277281288363 43832
3733 1791277281318474 52617
3734 1791277281329209 42490
3735 1791277281360363 53219
3736 1791277281385752 60833
3737 1791277281396703 51108
3738 1791277281425692 59452
3739 1791277281446455 60701
3740 1791277281458043 53196
3741 1791277281469172 43477
3742 1791277281483679 37221
3743 1791277281507347 42674
3744 1791277281524023 38600
3745 1791277281547059 40570
3746 1791277281547070 23044
3747 1791277281575720 28660
3748 1791277281586112 21727
3749 1791277281609639 23524
3750 1791277281628077 21447
3751 1791277281648273 22709
3752 1791277281670202 25161
3753 1791277281688516 23470
3754 1791277281706470 21033
3755 1791277281727425 21008
3756 1791277281746837 20986
3757 1791277281769880 23040
3758 1791277281787741 20630
3759 1791277281807876 22008
3760 1791277281829181 23073
3761 1791277281848941 22269
3762 1791277281873906 25076
3763 1791277281893219 27711
3764 1791277281908380 22066
3765 1791277281926352 20812
3766 1791277281947577 21222
3767 1791277281966932 22283
3768 1791277281993360 26540
3769 1791277282013572 27746
3770 1791277282031970 26303
3771 1791277282049410 23168
3772 1791277282067715 22237
3773 1791277282088654 23811
3774 1791277282107055 21072
3775 1791277282129033 22971
3776 1791277282146976 21009
3777 1791277282169956 22977
3778 1791277282190263 24917
3779 1791277282211052 24868
3780 1791277282231338 25043
3781 1791277282247701 21188
3782 1791277282269013 23397
3783 1791277282288997 23864
3784 1791277282309844 25207
3785 1791277282327280 22820
3786 1791277282350216 22932
3787 1791277282370663 23331
3788 1791277282392455 25022
3789 1791277282413551 27151
3790 1791277282428864 22366
3791 1791277282447961 22376
3792 1791277282469007 23896
3793 1791277282489095 22155
3794 1791277282507446 23134
3795 1791277282527388 22890
3796 1791277282549030 21640
3797 1791277282567451 21140
3798 1791277282588396 23731
3799 1791277282613601 25204
3800 1791277282630079 23336
3801 1791277282647575 22622
3802 1791277282668566 20988
3803 1791277282688316 21759
3804 1791277282708574 23391
3805 1791277282734069 27623
3806 1791277282756155 29609
3807 1791277282768113 23497
3808 1791277282787948 22346
3809 1791277282807118 22783
3810 1791277282827681 20561
3811 1791277282848809 21173
3812 1791277282874540 25728
3813 1791277282891272 24508
3814 1791277282908700 23265
3815 1791277282932520 24915
3816 1791277282948435 21337
3817 1791277282968177 23354
3818 1791277282988398 22478
3819 1791277283008367 23087
3820 1791277283026230 20674
3821 1791277283048475 22242
3822 1791277283066875 21273
3823 1791277283093378 26499
3824 1791277283106729 20974
3825 1791277283132479 25746
3826 1791277283147773 22059
3827 1791277283169767 24174
3828 1791277283189018 22290
3829 1791277283207850 21191
3830 1791277283226097 21284
3831 1791277283248028 21927
3832 1791277283266167 20993
3833 1791277283294925 28755
3834 1791277283306507 22076
3835 1791277283330686 24175
3836 1791277283348763 21832
3837 1791277283375893 29368
3838 1791277283394767 28561
3839 1791277283408003 21991
3840 1791277283435664 27658
3841 1791277283445912 21819
3842 1791277283466095 21132
3843 1791277283487113 21014
3844 1791277283508440 23867
3845 1791277283537625 31047
3846 1791277283547743 20858
3847 1791277283573962 26217
3848 1791277283588490 23309
3849 1791277283616498 29678
3850 1791277283636747 30005
3851 1791277283648974 21140
3852 1791277283667991 21577
3853 1791277283686384 20796
3854 1791277283707939 21602
3855 1791277283725299 20830
3856 1791277283746021 20720
3857 1791277283775606 29582
3858 1791277283788052 23284
3859 1791277283805209 20529
3860 1791277283828808 23647
3861 1791277283851951 23140
3862 1791277283867497 21056
3863 1791277283888501 23333
3864 1791277283909037 22557
3865 1791277283928339 21834
3866 1791277283946303 21091
3867 1791277283967136 20830
3868 1791277283986276 21786
3869 1791277284007385 21107
3870 1791277284028497 21154
3871 1791277284049270 24283
3872 1791277284078781 29507
3873 1791277284089221 23061
3874 1791277284111331 24970
3875 1791277284130522 23838
3876 1791277284148987 24408
3877 1791277284166272 20806
3878 1791277284188044 21770
3879 1791277284208558 23600
3880 1791277284232384 26697
3881 1791277284248580 22692
3882 1791277284272460 23702
3883 1791277284286723 21193
3884 1791277284313913 27188
3885 1791277284327048 21970
3886 1791277284349220 22169
3887 1791277284366268 21172
3888 1791277284388726 24101
3889 1791277284410202 25792
3890 1791277284435740 25594
3891 1791277284449930 22482
3892 1791277284469089 21687
3893 1791277284487426 20980
3894 1791277284507376 21816
3895 1791277284527223 22595
3896 1791277284549921 24509
3897 1791277284571862 25264
3898 1791277284586635 21265
3899 1791277284610301 23664
3900 1791277284633354 25718
3901 1791277284649291 22537
3902 1791277284670547 23601
3903 1791277284690029 23371
3904 1791277284707611 20873
3905 1791277284729805 24003
3906 1791277284748288 22731
3907 1791277284768230 21649
3908 1791277284786350 21946
3909 1791277284812267 25961
3910 1791277284827151 22490
3911 1791277284855749 28587
3912 1791277284866401 21975
3913 1791277284888790 23541
3914 1791277284911844 27209
3915 1791277284930246 21546
3916 1791277284947134 21584
3917 1791277284968042 20948
3918 1791277284989086 22922
3919 1791277285015512 28560
3920 1791277285034837 27277
3921 1791277285049756 21678
3922 1791277285071125 21365
3923 1791277285093149 25232
3924 1791277285110319 22798
3925 1791277285129160 22763
3926 1791277285147473 20990
3927 1791277285173262 26409
3928 1791277285189549 24639
3929 1791277285210459 23852
3930 1791277285228852 22508
3931 1791277285250224 23853
3932 1791277285268273 20823
3933 1791277285287113 21022
3934 1791277285311880 24763
3935 1791277285330005 24644
3936 1791277285351939 26349
3937 1791277285369157 23092
3938 1791277285387567 20995
3939 1791277285409976 24130
3940 1791277285427732 22062
3941 1791277285449785 22098
3942 1791277285474351 28934
3943 1791277285491385 25801
3944 1791277285510333 25606
3945 1791277285529791 23922
3946 1791277285549704 23878
3947 1791277285568428 23422
3948 1791277285586452 20646
3949 1791277285607512 21792
3950 1791277285630163 24757
3951 1791277285650329 25546
3952 1791277285669229 24915
3953 1791277285690400 24759
3954 1791277285707087 20602
3955 1791277285727263 20965
3956 1791277285748343 21076
3957 1791277285775637 30327
3958 1791277285796133 30619
3959 1791277285816211 29665
3960 1791277285835562 28058
3961 1791277285849345 23705
3962 1791277285868228 21916
3963 1791277285888587 24102
3964 1791277285919967 31505
3965 1791277285928759 22111
3966 1791277285946864 20950
3967 1791277285974587 27719
3968 1791277285990329 24009
3969 1791277286012755 25794
3970 1791277286030663 24347
3971 1791277286047403 21214
3972 1791277286067373 22178
3973 1791277286088872 23686
3974 1791277286117187 30683
3975 1791277286127329 22123
3976 1791277286149449 24096
3977 1791277286167705 23013
3978 1791277286188911 21202
3979 1791277286212223 27312
3980 1791277286228895 22442
3981 1791277286245871 20626
3982 1791277286268439 22563
3983 1791277286288370 22011
3984 1791277286306773 20704
3985 1791277286328605 21861
3986 1791277286349537 23069
3987 1791277286369618 22837
3988 1791277286388424 21905
3989 1791277286406995 21251
3990 1791277286435667 28671
3991 1791277286455183 29101
3992 1791277286475979 30445
3993 1791277286487661 22265
3994 1791277286508911 21244
3995 1791277286527386 20827
3996 1791277286547261 21767
3997 1791277286569498 24049
3998 1791277286588250 21822
3999 1791277286609193 22398
4000 1791277286630902 24118
4001 1791277286648513 22559
4002 1791277286667844 22333
4003 1791277286696005 28159
4004 1791277286713286 26908
4005 1791277286729382 20991
4006 1791277286749432 24980
4007 1791277286767836 21428
4008 1791277286790290 24663
4009 1791277286806923 21918
4010 1791277286831748 24823
4011 1791277286849568 21603
4012 1791277286867970 21186
4013 1791277286889858 21932
4014 1791277286908441 22092
4015 1791277286928705 22275
4016 1791277286947733 22050
4017 1791277286967810 23013
4018 1791277286990085 24210
4019 1791277287010972 23394
4020 1791277287031907 25831
4021 1791277287047427 20955
4022 1791277287068663 23559
4023 1791277287089065 23342
4024 1791277287108374 22475
4025 1791277287136663 30678
4026 1791277287156490 29760
4027 1791277287167199 22121
4028 1791277287189138 21936
4029 1791277287206245 20946
4030 1791277287227294 23000
4031 1791277287249181 21881
4032 1791277287270444 24509
4033 1791277287288646 21521
4034 1791277287309872 25120
4035 1791277287327974 23010
4036 1791277287349053 24044
4037 1791277287367839 21995
4038 1791277287386290 21480
4039 1791277287414200 27907
4040 1791277287430538 26014
4041 1791277287448373 21085
4042 1791277287466269 20957
4043 1791277287493095 26823
4044 1791277287508779 21409
4045 1791277287533542 24759
4046 1791277287547756 20883
4047 1791277287567377 21864
4048 1791277287596136 28756
4049 1791277287607226 20910
4050 1791277287630331 23526
4051 1791277287651024 25758
4052 1791277287675668 24640
4053 1791277287685843 20924
4054 1791277287707366 21520
4055 1791277287736826 29459
4056 1791277287747563 22212
4057 1791277287770323 22758
4058 1791277287788057 20865
4059 1791277287807903 21751
4060 1791277287829081 21176
4061 1791277287856760 30000
4062 1791277287870129 25267
4063 1791277287896787 26655
4064 1791277287908385 23184
4065 1791277287930525 25476
4066 1791277287948471 21022
4067 1791277287966283 20827
4068 1791277287995960 29674
4069 1791277288015352 25070
4070 1791277288032893 27475
4071 1791277288055921 29509
4072 1791277288067413 22114
4073 1791277288094611 27248
4074 1791277288112732 26240
4075 1791277288131556 25717
4076 1791277288146354 20803
4077 1791277288167137 20781
4078 1791277288188780 24110
4079 1791277288205369 20863
4080 1791277288235303 29976
4081 1791277288248625 22161
4082 1791277288268963 22933
4083 1791277288287907 21337
4084 1791277288309397 21535
4085 1791277288335741 26341
4086 1791277288350183 22656
4087 1791277288370170 23020
4088 1791277288395874 29002
4089 1791277288410354 24869
4090 1791277288431335 20978
4091 1791277288448704 22445
4092 1791277288467513 22825
4093 1791277288486761 21169
4094 1791277288507691 20927
4095 1791277288531718 24431
4096 1791277288547343 21420
4097 1791277288570457 24597
4098 1791277288595217 24757
4099 1791277288607632 22234
4100 1791277288628661 23292
4101 1791277288647580 21831
4102 1791277288668851 21268
4103 1791277288686733 22052
4104 1791277288708669 21933
4105 1791277288735944 29682
4106 1791277288746801 21340
4107 1791277288770044 23239
4108 1791277288792753 25092
4109 1791277288810885 22149
4110 1791277288830528 22597
4111 1791277288846824 20881
4112 1791277288868820 23162
4113 1791277288887950 22906
4114 1791277288907036 21255
4115 1791277288936457 30663
4116 1791277288946898 22252
4117 1791277288968711 21811
4118 1791277288987717 21207
4119 1791277289010602 22883
4120 1791277289027284 22465
4121 1791277289047632 20879
4122 1791277289071180 23546
4123 1791277289087770 22194
4124 1791277289116521 28749
4125 1791277289130772 25692
4126 1791277289148299 22511
4127 1791277289169854 23872
4128 1791277289186875 20964
4129 1791277289210282 23404
4130 1791277289232320 24260
4131 1791277289248546 21372
4132 1791277289268316 22777
4133 1791277289290453 23919
4134 1791277289311858 24470
4135 1791277289326430 20993
4136 1791277289349517 23084
4137 1791277289367613 21951
4138 1791277289395751 28135
4139 1791277289405902 20935
4140 1791277289429143 23238
4141 1791277289446333 20937
4142 1791277289470937 24602
4143 1791277289493008 25915
4144 1791277289513021 25610
4145 1791277289529237 21973
# sent 4146 received 4146
