0 1791255529527867 25575
1 1791255529550666 27083
2 1791255529571603 20935
3 1791255529589221 25007
4 1791255529604840 21697
5 1791255529629730 24888
6 1791255529644119 20538
7 1791255529666346 22679
8 1791255529685430 20916
9 1791255529705143 21341
10 1791255529725638 22673
11 1791255529752138 26497
12 1791255529767339 24492
13 1791255529793340 28875
14 1791255529806723 22930
15 1791255529833914 27186
16 1791255529847501 23846
17 1791255529873934 26607
18 1791255529888470 25329
19 1791255529908992 25298
20 1791255529933458 30741
21 1791255529950612 24430
22 1791255529964443 21198
23 1791255529984658 20977
24 1791255530010268 25602
25 1791255530025937 21219
26 1791255530050430 24491
27 1791255530066206 22086
28 1791255530090053 26681
29 1791255530114183 24126
30 1791255530133579 27528
31 1791255530151792 25584
32 1791255530171986 26837
33 1791255530191581 26621
34 1791255530206478 23378
35 1791255530228628 25764
36 1791255530246037 21530
37 1791255530273451 27489
38 1791255530298014 30709
39 1791255530312563 28953
40 1791255530335901 30308
41 1791255530346338 22943
42 1791255530372227 28352
43 1791255530394274 31704
44 1791255530408997 24846
45 1791255530428533 22612
46 1791255530448221 24629
47 1791255530467975 22985
48 1791255530486444 22810
49 1791255530508152 21782
50 1791255530524537 20827
51 1791255530553012 28472
52 1791255530571108 27478
53 1791255530589299 25321
54 1791255530615560 26258
55 1791255530626530 22793
56 1791255530653465 28741
57 1791255530666343 23505
58 1791255530695360 29013
59 1791255530706968 22983
60 1791255530730350 25710
61 1791255530750508 27386
62 1791255530772022 29603
63 1791255530793303 29630
64 1791255530804448 20654
65 1791255530823845 21210
66 1791255530845614 21811
67 1791255530866644 22172
68 1791255530884657 20889
69 1791255530906530 22739
70 1791255530929804 25561
71 1791255530944175 21481
72 1791255530965077 20899
73 1791255530985730 21728
74 1791255531009110 25848
75 1791255531029929 26728
76 1791255531051870 27692
77 1791255531072835 28769
78 1791255531089482 26338
79 1791255531114658 28536
80 1791255531125877 22738
81 1791255531155031 29138
82 1791255531174531 27061
83 1791255531186145 22353
84 1791255531206893 22918
85 1791255531231855 28511
86 1791255531248779 24555
87 1791255531265321 21922
88 1791255531290889 26906
89 1791255531304562 21186
90 1791255531326565 23205
91 1791255531345561 21372
92 1791255531364287 20926
93 1791255531392859 28569
94 1791255531410118 26815
95 1791255531426719 22526
96 1791255531452329 27568
97 1791255531473408 29745
98 1791255531485513 20886
99 1791255531504476 21778
100 1791255531526598 23188
101 1791255531545651 21336
102 1791255531564963 21242
103 1791255531592936 27969
104 1791255531609994 26009
105 1791255531627338 22265
106 1791255531645268 21791
107 1791255531672784 29289
108 1791255531692260 28633
109 1791255531709969 26737
110 1791255531734751 29582
111 1791255531753891 22749
112 1791255531768237 25155
113 1791255531790323 27159
114 1791255531806782 23311
115 1791255531832176 25392
116 1791255531847831 22751
117 1791255531867075 20852
118 1791255531884672 20766
119 1791255531905302 21744
120 1791255531926470 23321
121 1791255531944124 21004
122 1791255531965526 21400
123 1791255531988139 23649
124 1791255532005118 20839
125 1791255532028835 23713
126 1791255532051360 22522
127 1791255532071682 25798
128 1791255532084725 20930
129 1791255532110262 25534
130 1791255532134757 27115
131 1791255532151568 21317
132 1791255532165325 22019
133 1791255532184823 21590
134 1791255532207667 24732
135 1791255532226198 22416
136 1791255532244776 21445
137 1791255532273290 28564
138 1791255532293488 28148
139 1791255532313083 27838
140 1791255532330452 25795
141 1791255532346899 21421
142 1791255532363931 20786
143 1791255532392295 28355
144 1791255532407294 22679
145 1791255532435436 28137
146 1791255532446799 23602
147 1791255532465269 22000
148 1791255532484611 21487
149 1791255532504595 20765
150 1791255532525242 21830
151 1791255532546195 22998
152 1791255532578035 32578
153 1791255532593246 21781
154 1791255532612044 25397
155 1791255532628773 22382
156 1791255532645821 21533
157 1791255532668600 23804
158 1791255532693145 27460
159 1791255532714835 25804
160 1791255532727620 24108
161 1791255532744343 21126
162 1791255532765229 20882
163 1791255532785311 22239
164 1791255532807353 23335
165 1791255532836954 31661
166 1791255532854785 31479
167 1791255532874094 28575
168 1791255532889214 20909
169 1791255532907790 24539
170 1791255532933221 25489
171 1791255532947284 22071
172 1791255532967989 20701
173 1791255532994561 29622
174 1791255533012758 23562
175 1791255533029798 25161
176 1791255533045646 21756
177 1791255533074200 28552
178 1791255533093689 28906
179 1791255533110507 24819
180 1791255533123960 20955
181 1791255533145357 21395
182 1791255533164404 20524
183 1791255533184595 21931
184 1791255533210109 27479
185 1791255533224338 20910
186 1791255533252927 28586
187 1791255533274617 31397
188 1791255533288821 22845
189 1791255533307513 22813
190 1791255533335060 27595
191 1791255533346122 21906
192 1791255533378319 32192
193 1791255533389397 25368
194 1791255533407380 23369
195 1791255533429028 21644
196 1791255533444263 21379
197 1791255533469580 25360
198 1791255533493538 29100
199 1791255533511607 26466
200 1791255533532662 25304
201 1791255533552397 28294
202 1791255533571978 28731
203 1791255533592168 28068
204 1791255533607728 24323
205 1791255533625519 21297
206 1791255533644780 21782
207 1791255533670950 26166
208 1791255533684817 21520
209 1791255533705246 21803
210 1791255533724403 20551
211 1791255533744525 20638
212 1791255533768349 24631
213 1791255533793498 29486
214 1791255533814036 30583
215 1791255533830304 23514
216 1791255533845598 21022
217 1791255533866304 22670
218 1791255533885221 21472
219 1791255533905688 22776
220 1791255533927736 22045
221 1791255533945098 22082
222 1791255533966889 23908
223 1791255533993495 26754
224 1791255534007215 24045
225 1791255534023939 20968
226 1791255534046820 22876
227 1791255534065946 21153
228 1791255534084817 20805
229 1791255534106156 21337
230 1791255534133683 27523
231 1791255534154531 25884
232 1791255534165797 22397
233 1791255534194850 30843
234 1791255534205567 22548
235 1791255534226630 22447
236 1791255534254426 27793
237 1791255534265226 22005
238 1791255534285815 21786
239 1791255534307845 22991
240 1791255534335256 27408
241 1791255534345872 22378
242 1791255534367694 21820
243 1791255534385049 21966
244 1791255534403867 20870
245 1791255534425801 21986
246 1791255534456354 30549
247 1791255534466496 21286
248 1791255534490600 26949
249 1791255534507459 23663
250 1791255534530374 26449
251 1791255534544085 20820
252 1791255534566447 22979
253 1791255534593031 27502
254 1791255534604211 21516
255 1791255534625611 21396
256 1791255534645766 22180
257 1791255534671336 25565
258 1791255534686609 22852
259 1791255534706046 21442
260 1791255534724384 21585
261 1791255534746357 22392
262 1791255534767189 22583
263 1791255534787582 23567
264 1791255534804658 20715
265 1791255534826524 21861
266 1791255534845579 21232
267 1791255534864183 20578
268 1791255534887198 23597
269 1791255534912734 28379
270 1791255534926507 22973
271 1791255534950982 24471
272 1791255534970689 27414
273 1791255534994469 24217
274 1791255535008153 25216
275 1791255535025395 22061
276 1791255535046836 23217
277 1791255535066607 22941
278 1791255535084231 21087
279 1791255535107314 23080
280 1791255535125713 22207
281 1791255535144482 22022
282 1791255535165334 20849
283 1791255535193626 30040
284 1791255535209972 22787
285 1791255535224298 21080
286 1791255535252874 28573
287 1791255535269134 25831
288 1791255535285141 21727
289 1791255535310640 25495
290 1791255535329136 25076
291 1791255535350265 26454
292 1791255535372849 22648
293 1791255535387128 22776
294 1791255535408211 21079
295 1791255535428516 24529
296 1791255535445579 21841
297 1791255535470803 27342
298 1791255535485771 22371
299 1791255535509706 25970
300 1791255535532216 22506
301 1791255535546009 22492
302 1791255535566695 20683
303 1791255535592399 28353
304 1791255535613546 30424
305 1791255535633375 26676
306 1791255535648420 25570
307 1791255535665702 22269
308 1791255535689791 24087
309 1791255535708982 26083
310 1791255535733309 24308
311 1791255535751774 24494
312 1791255535764681 22138
313 1791255535783998 21050
314 1791255535806392 23326
315 1791255535825113 21322
316 1791255535845418 22483
317 1791255535865018 21133
318 1791255535890577 26959
319 1791255535908511 24805
320 1791255535930041 25661
321 1791255535944209 21087
322 1791255535967041 22829
323 1791255535992888 29093
324 1791255536015270 30850
325 1791255536026665 20831
326 1791255536051080 25260
327 1791255536067047 22754
328 1791255536085489 21119
329 1791255536104400 20941
330 1791255536127328 23168
331 1791255536144033 20771
332 1791255536166734 23271
333 1791255536187235 22822
334 1791255536214374 27135
335 1791255536224755 21240
336 1791255536248943 24185
337 1791255536265428 22238
338 1791255536288077 23859
339 1791255536312184 24154
340 1791255536327366 22033
341 1791255536346370 21995
342 1791255536363984 21528
343 1791255536385358 21369
344 1791255536408110 22750
345 1791255536427982 24548
346 1791255536449641 21786
347 1791255536465169 20991
348 1791255536486055 20871
349 1791255536512235 28204
350 1791255536524750 21425
351 1791255536553414 29857
352 1791255536568958 23355
353 1791255536585771 22407
354 1791255536604690 20629
355 1791255536626912 23028
356 1791255536646014 22888
357 1791255536664894 21181
358 1791255536685810 22635
359 1791255536707174 23131
360 1791255536726049 20615
361 1791255536753044 27748
362 1791255536775823 26865
363 1791255536787889 22547
364 1791255536814595 26703
365 1791255536827009 21269
366 1791255536852011 27270
367 1791255536867897 24014
368 1791255536894066 29481
369 1791255536914211 29089
370 1791255536936896 28731
371 1791255536948463 24069
372 1791255536967067 23994
373 1791255536985607 20877
374 1791255537004613 21240
375 1791255537028813 24198
376 1791255537055264 26448
377 1791255537066079 22087
378 1791255537087596 22735
379 1791255537105490 22122
380 1791255537131996 26502
381 1791255537149499 26179
382 1791255537165227 21720
383 1791255537184476 21793
384 1791255537213768 29288
385 1791255537224275 21139
386 1791255537245547 21262
387 1791255537272520 30162
388 1791255537291447 28511
389 1791255537304510 20934
390 1791255537331408 27795
391 1791255537350466 25767
392 1791255537367135 24135
393 1791255537388639 21937
394 1791255537408575 22875
395 1791255537425615 22480
396 1791255537446397 20779
397 1791255537465061 20585
398 1791255537483868 21411
399 1791255537506961 23136
400 1791255537535102 28139
401 1791255537554481 25972
402 1791255537567997 24689
403 1791255537584943 20834
404 1791255537611914 26966
405 1791255537625892 22085
406 1791255537650177 25984
407 1791255537673990 30232
408 1791255537688692 25170
409 1791255537723493 38539
410 1791255537736470 33458
411 1791255537756106 32611
412 1791255537773706 29326
413 1791255537793790 26995
414 1791255537811462 25807
415 1791255537833456 29015
416 1791255537853790 26227
417 1791255537871802 26859
418 1791255537894603 27746
419 1791255537917919 34031
420 1791255537934503 29645
421 1791255537955295 31851
422 1791255537973912 29331
423 1791255537989051 24744
424 1791255538012063 28422
425 1791255538028682 24933
426 1791255538054376 30240
427 1791255538071135 27458
428 1791255538093877 29697
429 1791255538114853 28583
430 1791255538134445 30410
431 1791255538157175 27310
432 1791255538169228 26031
433 1791255538193783 26983
434 1791255538214450 27362
435 1791255538230726 26583
436 1791255538246190 23062
437 1791255538275880 29885
438 1791255538293821 30055
439 1791255538314267 30596
440 1791255538328969 25350
441 1791255538347883 23316
442 1791255538378450 30564
443 1791255538390588 26571
444 1791255538415803 31793
445 1791255538433303 29396
446 1791255538454622 29215
447 1791255538478033 34631
448 1791255538496963 31844
449 1791255538515867 31246
450 1791255538535824 31361
451 1791255538548137 23560
452 1791255538576004 32634
453 1791255538595390 28592
454 1791255538615942 25261
455 1791255538630030 27157
456 1791255538657980 32792
457 1791255538673987 29910
458 1791255538696150 32018
459 1791255538715961 31020
460 1791255538731771 28174
461 1791255538761371 37048
462 1791255538773779 24846
463 1791255538793980 30679
464 1791255538811114 26093
465 1791255538834141 30189
466 1791255538853125 29244
467 1791255538869877 26200
468 1791255538894613 30847
469 1791255538913405 29523
470 1791255538930006 27073
471 1791255538955551 30934
472 1791255538973759 29188
473 1791255538993143 27184
474 1791255539010850 27392
475 1791255539033128 27466
476 1791255539053855 28075
477 1791255539081157 31002
478 1791255539096973 31163
479 1791255539121037 35225
480 1791255539143261 39680
481 1791255539168283 42626
482 1791255539191322 48367
483 1791255539208807 44077
484 1791255539233890 49049
485 1791255539261040 55262
486 1791255539284227 60560
487 1791255539304016 60774
488 1791255539329476 64731
489 1791255539353224 68994
490 1791255539373153 69527
491 1791255539394372 69950
492 1791255539415002 69319
493 1791255539435093 71624
494 1791255539455940 72132
495 1791255539474474 70263
496 1791255539503622 79614
497 1791255539514172 70384
498 1791255539535582 71370
499 1791255539552594 68701
500 1791255539578621 75080
501 1791255539597108 73987
502 1791255539619687 75417
503 1791255539638954 74885
504 1791255539654827 71309
505 1791255539683124 78540
506 1791255539703667 76436
507 1791255539718796 75430
508 1791255539740223 76049
509 1791255539762837 79706
510 1791255539783638 79966
511 1791255539793968 69370
512 1791255539823945 80039
513 1791255539843177 80338
514 1791255539862068 78428
515 1791255539885291 81108
516 1791255539902894 78947
517 1791255539924497 81317
518 1791255539940412 76150
519 1791255539966612 81318
520 1791255539984592 81694
521 1791255540009010 84510
522 1791255540028977 85561
523 1791255540048228 81613
524 1791255540070225 85631
525 1791255540093125 88606
526 1791255540111046 87268
527 1791255540133236 85388
528 1791255540146187 80442
529 1791255540173411 86556
530 1791255540194473 90530
531 1791255540209414 81452
532 1791255540219569 76226
533 1791255540242571 76198
534 1791255540264653 76951
535 1791255540283488 79527
536 1791255540297691 72618
537 1791255540309437 66863
538 1791255540332582 69155
539 1791255540344858 61366
540 1791255540367137 63965
541 1791255540383297 59263
542 1791255540403142 58280
543 1791255540424098 56958
544 1791255540435001 51727
545 1791255540456660 53515
546 1791255540472768 48667
547 1791255540486346 41639
548 1791255540503271 39832
549 1791255540525235 42119
550 1791255540533845 30570
551 1791255540557792 32553
552 1791255540585487 39407
553 1791255540595789 28653
554 1791255540614903 29413
555 1791255540633563 29844
556 1791255540654186 29862
557 1791255540676308 32590
558 1791255540692340 26655
559 1791255540716071 32913
560 1791255540732077 28697
561 1791255540753548 27764
562 1791255540779240 29644
563 1791255540800040 36590
564 1791255540816504 32044
565 1791255540837215 31324
566 1791255540859778 33324
567 1791255540870993 25386
568 1791255540893814 30147
569 1791255540915525 26235
570 1791255540931899 27110
571 1791255540954122 31205
572 1791255540983318 38877
573 1791255540994266 30972
574 1791255541011817 28496
575 1791255541026122 21620
576 1791255541058853 32725
577 1791255541074187 30364
578 1791255541099809 36380
579 1791255541115614 29124
580 1791255541134297 29835
581 1791255541155271 31158
582 1791255541173553 30326
583 1791255541194801 30500
584 1791255541213397 30688
585 1791255541236060 31358
586 1791255541246404 23136
587 1791255541274210 27802
588 1791255541290726 25862
589 1791255541315375 30812
590 1791255541334671 30222
591 1791255541358838 35391
592 1791255541376691 33159
593 1791255541391946 27739
594 1791255541412373 29282
595 1791255541434739 26912
596 1791255541452883 29698
597 1791255541474133 27836
598 1791255541492504 29024
599 1791255541513968 29322
600 1791255541536063 31363
601 1791255541554453 29825
602 1791255541582461 34610
603 1791255541594209 29993
604 1791255541614720 32256
605 1791255541633190 28954
606 1791255541650626 26041
607 1791255541675100 30401
608 1791255541693097 29570
609 1791255541714739 27708
610 1791255541732639 28697
611 1791255541754844 29677
612 1791255541774347 30078
613 1791255541789470 25466
614 1791255541813286 28546
615 1791255541827120 24222
616 1791255541852335 25211
617 1791255541873370 29529
618 1791255541893749 31304
619 1791255541911962 28675
620 1791255541933099 24818
621 1791255541953699 27202
622 1791255541972460 27260
623 1791255541993511 29085
624 1791255542013422 29550
625 1791255542040671 33810
626 1791255542061867 32577
627 1791255542075825 32381
628 1791255542092791 28028
629 1791255542113793 25596
630 1791255542130957 27492
631 1791255542153448 28068
632 1791255542173108 29503
633 1791255542194940 30179
634 1791255542210330 26947
635 1791255542229735 25608
636 1791255542252490 28335
637 1791255542274891 28755
638 1791255542293514 29287
639 1791255542315277 26728
640 1791255542333842 30530
641 1791255542354555 26516
642 1791255542374141 30093
643 1791255542388261 24605
644 1791255542412877 28542
645 1791255542434486 26467
646 1791255542454158 30744
647 1791255542473459 28727
648 1791255542488823 24291
649 1791255542507453 24131
650 1791255542532581 29614
651 1791255542556160 32185
652 1791255542571989 28174
653 1791255542593849 30255
654 1791255542623376 36941
655 1791255542644274 36160
656 1791255542659623 36244
657 1791255542686594 42318
658 1791255542713533 48788
659 1791255542733106 47962
660 1791255542751237 48000
661 1791255542776732 53241
662 1791255542802134 58482
663 1791255542821115 57072
664 1791255542836752 52644
665 1791255542863810 60057
666 1791255542881865 56881
667 1791255542907882 60242
668 1791255542922720 58907
669 1791255542944317 61199
670 1791255542966514 61592
671 1791255542991878 69155
672 1791255543015469 71250
673 1791255543026514 60206
674 1791255543044299 61094
675 1791255543067858 64516
676 1791255543090286 66982
677 1791255543104193 60391
678 1791255543130241 65414
679 1791255543153332 63034
680 1791255543167329 64071
681 1791255543195466 71210
682 1791255543212897 68040
683 1791255543234811 71421
684 1791255543259836 77150
685 1791255543279068 76331
686 1791255543295517 72488
687 1791255543316032 72217
688 1791255543339080 73767
689 1791255543363508 79280
690 1791255543384081 78896
691 1791255543402598 78584
692 1791255543422659 79078
693 1791255543442703 79580
694 1791255543461451 77367
695 1791255543482264 79662
696 1791255543498877 76209
697 1791255543519682 76975
698 1791255543548222 81260
699 1791255543560496 76598
700 1791255543596762 91333
701 1791255543603836 79485
702 1791255543631116 83405
703 1791255543649157 85880
704 1791255543668639 82989
705 1791255543686749 82896
706 1791255543705227 81700
707 1791255543734116 84955
708 1791255543755795 89871
709 1791255543774354 90028
710 1791255543785129 82302
711 1791255543801867 78297
712 1791255543824179 79944
713 1791255543834898 71511
714 1791255543846113 63081
715 1791255543870095 65115
716 1791255543882181 57998
717 1791255543905294 59735
718 1791255543918016 47917
719 1791255543934155 47836
720 1791255543943731 40319
721 1791255543966704 43051
722 1791255543982589 38853
723 1791255543998035 31327
724 1791255544013800 31208
725 1791255544034334 30550
726 1791255544055886 32146
727 1791255544074855 31482
728 1791255544091469 27996
729 1791255544108706 24262
730 1791255544133500 30305
731 1791255544151676 28230
732 1791255544169875 25461
733 1791255544195008 29242
734 1791255544206088 22604
735 1791255544235084 28993
736 1791255544245542 21782
737 1791255544279132 34944
738 1791255544295978 30357
739 1791255544312160 28257
740 1791255544334858 31439
741 1791255544354088 30019
742 1791255544378203 34342
743 1791255544392075 28155
744 1791255544417741 34088
745 1791255544431831 27541
746 1791255544449051 24520
747 1791255544465948 23021
748 1791255544494825 30255
749 1791255544513259 28642
750 1791255544533268 30101
751 1791255544551996 25708
752 1791255544572241 27503
753 1791255544593532 29566
754 1791255544613753 30182
755 1791255544635723 33080
756 1791255544654334 30435
757 1791255544674177 29560
758 1791255544702539 38965
759 1791255544714540 31126
760 1791255544733303 30760
761 1791255544752400 25570
762 1791255544775853 33045
763 1791255544800495 37626
764 1791255544819386 34550
765 1791255544834551 31708
766 1791255544847795 23818
767 1791255544874749 30817
768 1791255544893259 29786
769 1791255544916214 30893
770 1791255544939793 35686
771 1791255544956519 30675
772 1791255544966778 23519
773 1791255544992423 28055
774 1791255545014206 30945
775 1791255545033573 30534
776 1791255545053161 29013
777 1791255545076468 33757
778 1791255545093804 29539
779 1791255545107231 23922
780 1791255545128815 24456
781 1791255545153592 29711
782 1791255545165722 22501
783 1791255545193224 27498
784 1791255545211966 28670
785 1791255545235611 29787
786 1791255545252497 28408
787 1791255545269674 25685
788 1791255545295224 32274
789 1791255545313565 29482
790 1791255545335251 31405
791 1791255545354481 30529
792 1791255545377446 33072
793 1791255545395676 31315
794 1791255545414746 31333
795 1791255545438865 34613
796 1791255545454979 31466
797 1791255545472491 29397
798 1791255545494449 26881
799 1791255545515676 31972
800 1791255545530655 27380
801 1791255545552253 28178
802 1791255545572099 28532
803 1791255545595654 27790
804 1791255545613776 29318
805 1791255545635312 31974
806 1791255545653674 30452
807 1791255545668239 23888
808 1791255545692486 26388
809 1791255545712142 27746
810 1791255545732853 27249
811 1791255545745363 21574
812 1791255545770885 25520
813 1791255545792462 28545
814 1791255545818760 32148
815 1791255545833256 28994
816 1791255545846015 23109
817 1791255545873342 29227
818 1791255545899709 30881
819 1791255545928665 40139
820 1791255545942662 38918
821 1791255545970834 42164
822 1791255545983434 40768
823 1791255546013620 50586
824 1791255546032155 48717
825 1791255546062395 59400
826 1791255546083258 58640
827 1791255546104561 60801
828 1791255546129036 66637
829 1791255546148643 65381
830 1791255546175122 70558
831 1791255546207686 78645
832 1791255546228744 80098
833 1791255546247480 82489
834 1791255546273832 87951
835 1791255546293029 85340
836 1791255546314590 91581
837 1791255546334500 90349
838 1791255546364785 97280
839 1791255546383934 100685
840 1791255546404345 100877
841 1791255546429623 105281
842 1791255546444794 100565
843 1791255546463071 99126
844 1791255546484210 101147
845 1791255546503096 98749
846 1791255546522167 98550
847 1791255546552309 107512
848 1791255546569988 106915
849 1791255546591913 107701
850 1791255546611845 108746
851 1791255546638116 109006
852 1791255546653141 109852
853 1791255546677089 113155
854 1791255546692743 105544
855 1791255546702988 99507
856 1791255546723158 99917
857 1791255546742921 99287
858 1791255546755905 92422
859 1791255546775936 89680
860 1791255546797571 94610
861 1791255546814004 90843
862 1791255546834118 91194
863 1791255546853494 89636
864 1791255546864835 80338
865 1791255546886515 83293
866 1791255546909718 83139
867 1791255546922301 78443
868 1791255546934244 71407
869 1791255546963271 76753
870 1791255546974566 71367
871 1791255546993005 70700
872 1791255547006200 61388
873 1791255547017253 53980
874 1791255547033749 46456
875 1791255547045016 38812
876 1791255547064670 39140
877 1791255547075319 31988
878 1791255547095036 30363
879 1791255547112533 28779
880 1791255547143242 37319
881 1791255547162900 35052
882 1791255547167720 24473
883 1791255547197033 34128
884 1791255547214970 31489
885 1791255547243164 39282
886 1791255547256360 31541
887 1791255547274728 31558
888 1791255547297537 33005
889 1791255547325827 39155
890 1791255547337914 35165
891 1791255547357680 31847
892 1791255547376454 33332
893 1791255547394026 31060
894 1791255547414011 31140
895 1791255547433705 29199
896 1791255547462995 33842
897 1791255547473425 30057
898 1791255547487245 24245
899 1791255547511643 26541
900 1791255547537406 33217
901 1791255547550244 26324
902 1791255547569439 26487
903 1791255547592510 28802
904 1791255547608090 24706
905 1791255547629106 24742
906 1791255547651061 27095
907 1791255547672175 27595
908 1791255547693150 28883
909 1791255547716831 28476
910 1791255547733345 28926
911 1791255547748932 24483
912 1791255547772971 28995
913 1791255547797800 31922
914 1791255547809644 24352
915 1791255547834425 31395
916 1791255547859809 35815
917 1791255547873943 30316
918 1791255547893698 29423
919 1791255547913085 28851
920 1791255547941950 38453
921 1791255547957764 30765
922 1791255547974725 31418
923 1791255547992859 28350
924 1791255548013727 26426
925 1791255548032707 29591
926 1791255548054230 27156
927 1791255548073753 30175
928 1791255548093652 28762
929 1791255548110913 27914
930 1791255548141956 37943
931 1791255548153842 27673
932 1791255548175139 31553
933 1791255548196100 32572
934 1791255548206384 22990
935 1791255548238415 33950
936 1791255548248589 25828
937 1791255548274457 30860
938 1791255548287045 24131
939 1791255548313217 26169
940 1791255548331993 25515
941 1791255548351877 27708
942 1791255548372449 27546
943 1791255548391517 23819
944 1791255548415362 31986
945 1791255548432392 28792
946 1791255548454662 28729
947 1791255548473360 24128
948 1791255548496493 28894
949 1791255548514124 30168
950 1791255548532543 26842
951 1791255548550588 26970
952 1791255548578706 28115
953 1791255548596975 30158
954 1791255548608226 24123
955 1791255548631252 28063
956 1791255548653047 28947
957 1791255548673499 26977
958 1791255548698936 34103
959 1791255548720006 34554
960 1791255548730654 25846
961 1791255548750549 26180
962 1791255548773144 29660
963 1791255548802991 31523
964 1791255548815233 31556
965 1791255548832470 29478
966 1791255548855508 30640
967 1791255548872905 28438
968 1791255548892971 30295
969 1791255548915997 28830
970 1791255548928769 25360
971 1791255548950132 24303
972 1791255548970537 24956
973 1791255548993323 28604
974 1791255549016760 33933
975 1791255549033553 29784
976 1791255549061517 38448
977 1791255549074673 31528
978 1791255549090441 27820
979 1791255549110608 27068
980 1791255549135357 32635
981 1791255549157381 33585
982 1791255549169751 25857
983 1791255549193898 29940
984 1791255549213735 30742
985 1791255549232693 28209
986 1791255549254174 30169
987 1791255549267745 24914
988 1791255549292226 28294
989 1791255549313206 26679
990 1791255549338500 27980
991 1791255549353036 29490
992 1791255549373132 29813
993 1791255549393684 30443
994 1791255549414526 30329
995 1791255549441301 37674
996 1791255549462059 36495
997 1791255549473920 30918
998 1791255549491354 27124
999 1791255549514226 29474
1000 1791255549542173 37524
1001 1791255549552490 24865
1002 1791255549573251 26176
1003 1791255549598407 31846
1004 1791255549609193 25345
1005 1791255549624618 21984
1006 1791255549652777 28156
1007 1791255549673489 29641
1008 1791255549694166 30003
1009 1791255549713544 29954
1010 1791255549735094 26457
1011 1791255549753614 29129
1012 1791255549775306 26933
1013 1791255549793153 29119
1014 1791255549812457 29927
1015 1791255549841692 38197
1016 1791255549858389 35680
1017 1791255549882414 37013
1018 1791255549910453 47152
1019 1791255549930224 47807
1020 1791255549955120 50285
1021 1791255549975669 53107
1022 1791255549996016 51158
1023 1791255550013371 48752
1024 1791255550035663 52355
1025 1791255550053577 49340
1026 1791255550074054 50846
1027 1791255550095255 52334
1028 1791255550122722 59997
1029 1791255550139305 55782
1030 1791255550164927 60615
1031 1791255550183597 60923
1032 1791255550203344 59928
1033 1791255550223877 61063
1034 1791255550244470 60871
1035 1791255550269059 66272
1036 1791255550287511 63632
1037 1791255550312923 68473
1038 1791255550345203 76758
1039 1791255550358125 74462
1040 1791255550368216 64701
1041 1791255550387229 61174
1042 1791255550406359 61150
1043 1791255550433961 66960
1044 1791255550453864 69996
1045 1791255550475814 69906
1046 1791255550490238 67611
1047 1791255550514677 71597
1048 1791255550533626 69917
1049 1791255550560080 74674
1050 1791255550580294 76011
1051 1791255550598039 73541
1052 1791255550624241 75877
1053 1791255550638301 73511
1054 1791255550662291 77676
1055 1791255550682999 79089
1056 1791255550702421 78177
1057 1791255550723899 79939
1058 1791255550744314 82021
1059 1791255550762959 80016
1060 1791255550784324 81901
1061 1791255550802844 78942
1062 1791255550817701 73786
1063 1791255550837482 74519
1064 1791255550859714 75386
1065 1791255550882715 79917
1066 1791255550904040 78552
1067 1791255550922880 78941
1068 1791255550942445 78600
1069 1791255550957828 75108
1070 1791255550984092 80049
1071 1791255551002195 79298
1072 1791255551024873 82425
1073 1791255551042413 78690
1074 1791255551063787 80746
1075 1791255551082155 78346
1076 1791255551101995 79044
1077 1791255551113329 70913
1078 1791255551132231 68806
1079 1791255551150229 65683
1080 1791255551164364 56963
1081 1791255551183725 61146
1082 1791255551196442 52797
1083 1791255551212420 48053
1084 1791255551233524 49796
1085 1791255551243940 40193
1086 1791255551265726 42476
1087 1791255551284716 40773
1088 1791255551300012 34283
1089 1791255551315042 30514
1090 1791255551334436 29835
1091 1791255551355164 28512
1092 1791255551380570 31113
1093 1791255551397277 31187
1094 1791255551407669 24428
1095 1791255551433639 30219
1096 1791255551458284 32346
1097 1791255551476069 32077
1098 1791255551494532 29651
1099 1791255551514256 27028
1100 1791255551525719 22162
1101 1791255551555916 30194
1102 1791255551573945 29393
1103 1791255551595591 30836
1104 1791255551613877 30243
1105 1791255551629146 24747
1106 1791255551655779 32316
1107 1791255551682078 32810
1108 1791255551693974 30239
1109 1791255551723350 38399
1110 1791255551734598 31308
1111 1791255551755102 31748
1112 1791255551767951 24197
1113 1791255551787795 24374
1114 1791255551809938 24808
1115 1791255551827885 24580
1116 1791255551855434 28210
1117 1791255551874604 30406
1118 1791255551893718 30687
1119 1791255551905144 22096
1120 1791255551939264 34950
1121 1791255551952518 29221
1122 1791255551974408 29581
1123 1791255551998576 34973
1124 1791255552013697 30121
1125 1791255552039840 35102
1126 1791255552053215 29991
1127 1791255552074257 30494
1128 1791255552095121 31649
1129 1791255552117480 33332
1130 1791255552144635 32767
1131 1791255552155373 32042
1132 1791255552175951 31313
1133 1791255552189548 27062
1134 1791255552213017 29772
1135 1791255552241807 38250
1136 1791255552251831 27255
1137 1791255552274735 30119
1138 1791255552304781 32881
1139 1791255552310074 26481
1140 1791255552331167 26384
1141 1791255552351991 27639
1142 1791255552372685 24035
1143 1791255552399476 31737
1144 1791255552411039 27908
1145 1791255552431860 27625
1146 1791255552456605 31900
1147 1791255552471889 27614
1148 1791255552492611 28392
1149 1791255552514303 26653
1150 1791255552533100 28888
1151 1791255552552575 28002
1152 1791255552575489 29010
1153 1791255552593857 30935
1154 1791255552613294 26825
1155 1791255552630048 26970
1156 1791255552646154 23767
1157 1791255552672664 26508
1158 1791255552692406 25071
1159 1791255552715971 31207
1160 1791255552728846 24023
1161 1791255552751758 25978
1162 1791255552772690 28495
1163 1791255552790765 26636
1164 1791255552807130 22819
1165 1791255552830309 23288
1166 1791255552849621 25429
1167 1791255552868220 25485
1168 1791255552885482 21472
1169 1791255552911587 27976
1170 1791255552924389 20854
1171 1791255552948011 23620
1172 1791255552965690 22304
1173 1791255552990339 26261
1174 1791255553006011 23043
1175 1791255553023479 20426
1176 1791255553053287 29988
1177 1791255553070552 27181
1178 1791255553092314 28386
1179 1791255553112149 29104
1180 1791255553123410 20617
1181 1791255553145669 22257
1182 1791255553164446 20948
1183 1791255553192140 27690
1184 1791255553211892 28997
1185 1791255553225045 21524
1186 1791255553253724 30125
1187 1791255553264198 20786
1188 1791255553286860 22657
1189 1791255553305893 21176
1190 1791255553329857 25948
1191 1791255553352952 23150
1192 1791255553367274 22628
1193 1791255553384683 21288
1194 1791255553409866 25525
1195 1791255553425065 21101
1196 1791255553444552 21106
1197 1791255553467099 23535
1198 1791255553488178 23777
1199 1791255553513432 25251
1200 1791255553533496 29272
1201 1791255553545342 21390
1202 1791255553564782 21880
1203 1791255553589155 24950
1204 1791255553604644 21544
1205 1791255553631329 27541
1206 1791255553653636 30523
1207 1791255553672021 28454
1208 1791255553690086 26432
1209 1791255553708377 24742
1210 1791255553734025 25644
1211 1791255553746832 23404
1212 1791255553770396 23560
1213 1791255553785223 21388
1214 1791255553806968 23180
1215 1791255553833718 26747
1216 1791255553850042 26117
1217 1791255553866399 21316
1218 1791255553886954 21963
1219 1791255553914080 30893
1220 1791255553924492 21291
1221 1791255553948513 24605
1222 1791255553966945 23156
1223 1791255553985396 22550
1224 1791255554011639 27477
1225 1791255554025295 22396
1226 1791255554053406 30179
1227 1791255554074627 30716
1228 1791255554087606 21316
1229 1791255554106594 21802
1230 1791255554132987 26388
1231 1791255554149808 26588
1232 1791255554165528 22327
1233 1791255554189751 25786
1234 1791255554204871 21855
1235 1791255554224898 21802
1236 1791255554245741 22201
1237 1791255554266994 23010
1238 1791255554294353 27354
1239 1791255554305891 22420
1240 1791255554326628 23447
1241 1791255554356699 30067
1242 1791255554367068 23341
1243 1791255554389458 26028
1244 1791255554405773 22124
1245 1791255554425182 21317
1246 1791255554446601 21416
1247 1791255554467376 22718
1248 1791255554488056 24585
1249 1791255554507296 23152
1250 1791255554531361 24062
1251 1791255554545356 21580
1252 1791255554565066 22296
1253 1791255554585895 22940
1254 1791255554606724 22493
1255 1791255554626315 21926
1256 1791255554652745 26426
1257 1791255554666259 20892
1258 1791255554693583 27321
1259 1791255554711196 27223
1260 1791255554731876 25260
1261 1791255554745987 22551
1262 1791255554764743 21580
1263 1791255554785485 20785
1264 1791255554808007 24677
1265 1791255554832158 28072
1266 1791255554852261 27057
1267 1791255554871424 27571
1268 1791255554888565 24746
1269 1791255554906931 22031
1270 1791255554936995 30062
1271 1791255554949445 25727
1272 1791255554966506 22263
1273 1791255554985963 21388
1274 1791255555012729 28658
1275 1791255555025046 21097
1276 1791255555045486 22517
1277 1791255555073638 29772
1278 1791255555087329 24457
1279 1791255555109521 22189
1280 1791255555126644 23693
1281 1791255555145013 21991
1282 1791255555165951 22783
1283 1791255555185098 21939
1284 1791255555208262 24267
1285 1791255555233001 24733
1286 1791255555245741 23239
1287 1791255555276272 30526
1288 1791255555286760 23841
1289 1791255555310326 26369
1290 1791255555327287 23303
1291 1791255555351512 27915
1292 1791255555366990 22061
1293 1791255555387618 22931
1294 1791255555406535 21918
1295 1791255555425734 22973
1296 1791255555448493 25685
1297 1791255555479661 34903
1298 1791255555493127 29082
1299 1791255555509795 26214
1300 1791255555528870 22697
1301 1791255555551435 25312
1302 1791255555571545 26841
1303 1791255555593555 22122
1304 1791255555612816 27650
1305 1791255555625134 22077
1306 1791255555654074 29648
1307 1791255555664604 20953
1308 1791255555685754 21147
1309 1791255555707171 23060
1310 1791255555727112 23679
1311 1791255555746105 22550
1312 1791255555765739 21578
1313 1791255555790467 26245
1314 1791255555809539 26634
1315 1791255555837261 27716
1316 1791255555851625 25233
1317 1791255555866490 22022
1318 1791255555886629 23106
1319 1791255555910075 25685
1320 1791255555941826 38892
1321 1791255555953638 29676
1322 1791255555973257 30292
1323 1791255555993524 29511
1324 1791255556012407 28239
1325 1791255556041425 37127
1326 1791255556048669 25831
1327 1791255556079795 37006
1328 1791255556090567 27352
1329 1791255556111712 27449
1330 1791255556128912 26077
1331 1791255556153238 30040
1332 1791255556190277 40285
1333 1791255556202550 33268
1334 1791255556214508 30505
1335 1791255556235904 33351
1336 1791255556259825 36058
1337 1791255556275525 29825
1338 1791255556303894 36931
1339 1791255556314069 30120
1340 1791255556332276 28380
1341 1791255556358173 34726
1342 1791255556373129 28830
1343 1791255556397181 33302
1344 1791255556413924 29831
1345 1791255556444322 39826
1346 1791255556466542 40347
1347 1791255556477766 33440
1348 1791255556503574 40803
1349 1791255556516614 33664
1350 1791255556535129 31641
1351 1791255556565269 39990
1352 1791255556575672 31720
1353 1791255556595914 31752
1354 1791255556623991 38998
1355 1791255556642556 37409
1356 1791255556663905 39912
1357 1791255556675905 33346
1358 1791255556695823 32080
1359 1791255556726792 42557
1360 1791255556747805 43968
1361 1791255556774782 50625
1362 1791255556774790 31024
1363 1791255556803637 40525
1364 1791255556828091 43911
1365 1791255556848541 45055
1366 1791255556874261 46166
1367 1791255556885507 41073
1368 1791255556913537 47778
1369 1791255556928734 45193
1370 1791255556941412 38013
1371 1791255556966127 38848
1372 1791255556984923 41934
1373 1791255557007421 44209
1374 1791255557030616 46737
1375 1791255557054885 51224
1376 1791255557064711 40577
1377 1791255557088693 45034
1378 1791255557111989 48461
1379 1791255557132508 49303
1380 1791255557145135 41588
1381 1791255557170141 46304
1382 1791255557191959 48831
1383 1791255557211995 47648
1384 1791255557241376 57148
1385 1791255557261038 56862
1386 1791255557276898 52957
1387 1791255557297428 49714
1388 1791255557313532 50206
1389 1791255557335544 51992
1390 1791255557352355 49439
1391 1791255557375565 50973
1392 1791255557395119 52208
1393 1791255557416468 53923
1394 1791255557441973 58790
1395 1791255557461656 57121
1396 1791255557485962 62744
1397 1791255557501193 56992
1398 1791255557522982 59415
1399 1791255557542039 57692
1400 1791255557571442 65571
1401 1791255557576394 53409
1402 1791255557611119 67471
1403 1791255557626547 56087
1404 1791255557635355 52429
1405 1791255557660853 56981
1406 1791255557685431 59771
1407 1791255557703947 59843
1408 1791255557720845 56836
1409 1791255557743509 59237
1410 1791255557765389 61439
1411 1791255557800626 75350
1412 1791255557811873 68400
1413 1791255557830977 66475
1414 1791255557843836 58318
1415 1791255557869492 65512
1416 1791255557894927 65272
1417 1791255557904748 60908
1418 1791255557939419 74622
1419 1791255557955699 67440
1420 1791255557972916 69286
1421 1791255557996632 73504
1422 1791255558014002 69685
1423 1791255558025236 61991
1424 1791255558048113 64449
1425 1791255558062615 59171
1426 1791255558081545 56305
1427 1791255558106871 63258
1428 1791255558133580 70962
1429 1791255558156313 73037
1430 1791255558175848 71955
1431 1791255558198400 68083
1432 1791255558214010 70501
1433 1791255558239379 72441
1434 1791255558256717 71465
1435 1791255558282710 78179
1436 1791255558295033 71606
1437 1791255558313274 70403
1438 1791255558328721 63905
1439 1791255558351861 69147
1440 1791255558374453 70747
1441 1791255558403520 77023
1442 1791255558418939 69011
1443 1791255558435829 71306
1444 1791255558449839 66502
1445 1791255558475828 72305
1446 1791255558503166 77218
1447 1791255558514583 71400
1448 1791255558551387 82708
1449 1791255558563971 80911
1450 1791255558572652 69482
1451 1791255558602109 78506
1452 1791255558604061 60822
1453 1791255558633782 70599
1454 1791255558648424 63679
1455 1791255558665499 61435
1456 1791255558692312 69104
1457 1791255558703820 60547
1458 1791255558732875 67372
1459 1791255558741868 56493
1460 1791255558762167 58685
1461 1791255558779219 56187
1462 1791255558785330 40839
1463 1791255558799779 36193
1464 1791255558828831 44212
1465 1791255558847951 44369
1466 1791255558863462 38218
1467 1791255558867778 24573
1468 1791255558894698 31274
1469 1791255558910826 26403
1470 1791255558944636 40074
1471 1791255558960367 34459
1472 1791255558973228 28589
1473 1791255558999391 36285
1474 1791255559019015 35210
1475 1791255559034982 31596
1476 1791255559056108 32353
1477 1791255559091466 46552
1478 1791255559114628 45966
1479 1791255559123805 40063
1480 1791255559144022 36104
1481 1791255559155579 31772
1482 1791255559183202 39178
1483 1791255559195841 32586
1484 1791255559215110 31906
1485 1791255559246424 36139
1486 1791255559268578 44726
1487 1791255559276793 32824
1488 1791255559302503 33921
1489 1791255559320298 35944
1490 1791255559334175 31669
1491 1791255559358157 35425
1492 1791255559385013 35621
1493 1791255559400910 35437
1494 1791255559424823 39807
1495 1791255559443719 40047
1496 1791255559469920 45938
1497 1791255559487178 43455
1498 1791255559517676 53888
1499 1791255559519116 32473
1500 1791255559542350 37493
1501 1791255559556021 32132
1502 1791255559580190 37837
1503 1791255559604166 34308
1504 1791255559620726 36819
1505 1791255559647808 43638
1506 1791255559667672 42992
1507 1791255559681658 37712
1508 1791255559705935 41108
1509 1791255559725849 41917
1510 1791255559743266 40081
1511 1791255559767259 43443
1512 1791255559786624 43354
1513 1791255559812556 46825
1514 1791255559823920 40350
1515 1791255559844409 40986
1516 1791255559865759 42893
1517 1791255559893221 49517
1518 1791255559907986 44900
1519 1791255559940925 54851
1520 1791255559951515 46776
1521 1791255559973309 43041
1522 1791255559990842 47202
1523 1791255560018705 55808
1524 1791255560036273 46786
1525 1791255560052825 47833
1526 1791255560065480 40294
1527 1791255560093301 49450
1528 1791255560115012 50327
1529 1791255560135891 53060
1530 1791255560159502 56619
1531 1791255560186972 56708
1532 1791255560189209 45023
1533 1791255560212741 47577
1534 1791255560235691 51321
1535 1791255560266357 62218
1536 1791255560287111 59588
1537 1791255560294605 51009
1538 1791255560313684 50706
1539 1791255560344828 57714
1540 1791255560364250 60715
1541 1791255560378714 55112
1542 1791255560405218 60613
1543 1791255560419938 55685
1544 1791255560440430 56388
1545 1791255560464540 59317
1546 1791255560485755 59935
1547 1791255560508261 64859
1548 1791255560529994 65450
1549 1791255560543858 60518
1550 1791255560558674 52938
1551 1791255560590227 65642
1552 1791255560607001 63140
1553 1791255560619170 56089
1554 1791255560643680 54060
1555 1791255560664107 57103
1556 1791255560676494 52609
1557 1791255560701623 57939
1558 1791255560715399 51752
1559 1791255560750827 65671
1560 1791255560773131 68481
1561 1791255560796342 67345
1562 1791255560822333 73449
1563 1791255560843785 79007
1564 1791255560858751 73784
1565 1791255560875874 72295
1566 1791255560892745 70381
1567 1791255560918046 74628
1568 1791255560936458 72327
1569 1791255560955527 63829
1570 1791255560973623 69254
1571 1791255560998507 73883
1572 1791255561020624 73637
1573 1791255561036322 71260
1574 1791255561051051 66874
1575 1791255561073593 68637
1576 1791255561093461 66093
1577 1791255561115968 66392
1578 1791255561135721 67023
1579 1791255561152500 69440
1580 1791255561157221 53749
1581 1791255561181906 58520
1582 1791255561206987 63319
1583 1791255561235880 70475
1584 1791255561250361 67149
1585 1791255561266877 62378
1586 1791255561274309 50222
1587 1791255561302115 57582
1588 1791255561314223 49985
1589 1791255561342799 57842
1590 1791255561350579 46118
1591 1791255561364051 40500
1592 1791255561381821 39020
1593 1791255561394708 31961
1594 1791255561413824 30555
1595 1791255561434317 31263
1596 1791255561453757 29778
1597 1791255561476232 33348
1598 1791255561495159 32034
1599 1791255561516620 33071
1600 1791255561532340 28706
1601 1791255561548948 23962
1602 1791255561584719 42241
1603 1791255561594509 26481
1604 1791255561614856 30878
1605 1791255561630345 26732
1606 1791255561657423 33159
1607 1791255561666231 22475
1608 1791255561698992 35363
1609 1791255561714183 28413
1610 1791255561736081 32577
1611 1791255561754805 30170
1612 1791255561776062 32653
1613 1791255561799691 36722
1614 1791255561816042 32343
1615 1791255561834377 29614
1616 1791255561850604 25979
1617 1791255561868748 25803
1618 1791255561885413 21710
1619 1791255561918099 34714
1620 1791255561938266 30435
1621 1791255561950856 27556
1622 1791255561969622 25953
1623 1791255561985882 21871
1624 1791255562005780 22742
1625 1791255562033982 30473
1626 1791255562056289 32117
1627 1791255562073413 30154
1628 1791255562089701 25971
1629 1791255562114518 30768
1630 1791255562126905 23232
1631 1791255562154062 29292
1632 1791255562168339 24831
1633 1791255562196059 27989
1634 1791255562213315 28629
1635 1791255562226820 23657
1636 1791255562245202 22334
1637 1791255562267068 23661
1638 1791255562291584 26995
1639 1791255562313442 29083
1640 1791255562330433 27153
1641 1791255562360978 38120
1642 1791255562373930 30393
1643 1791255562393048 29574
1644 1791255562419962 36568
1645 1791255562444601 39360
1646 1791255562455904 32154
1647 1791255562478083 33479
1648 1791255562491512 27702
1649 1791255562513355 29495
1650 1791255562525794 23002
1651 1791255562553171 30315
1652 1791255562571287 25107
1653 1791255562592300 27661
1654 1791255562608599 24989
1655 1791255562633340 29462
1656 1791255562654809 30840
1657 1791255562667592 23586
1658 1791255562690009 27004
1659 1791255562718194 30947
1660 1791255562737683 34186
1661 1791255562753257 28761
1662 1791255562766388 22851
1663 1791255562793361 29169
1664 1791255562814975 31012
1665 1791255562831972 27394
1666 1791255562853967 30108
1667 1791255562879340 31685
1668 1791255562898774 34520
1669 1791255562912885 28900
1670 1791255562933683 29691
1671 1791255562954604 30996
1672 1791255562971552 27555
1673 1791255562993173 30193
1674 1791255563008359 25198
1675 1791255563033228 29802
1676 1791255563054182 29949
1677 1791255563081304 35512
1678 1791255563095348 30270
1679 1791255563112292 29165
1680 1791255563133821 30636
1681 1791255563152616 29435
1682 1791255563188691 44506
1683 1791255563204537 39433
1684 1791255563228876 41219
1685 1791255563235165 30809
1686 1791255563254273 30249
1687 1791255563274848 31342
1688 1791255563296077 31295
1689 1791255563313585 28701
1690 1791255563343935 40490
1691 1791255563364968 34213
1692 1791255563370751 27332
1693 1791255563393324 28353
1694 1791255563422812 35113
1695 1791255563441286 36651
1696 1791255563451253 28439
1697 1791255563476074 28057
1698 1791255563493023 29339
1699 1791255563510799 26959
1700 1791255563534262 30459
1701 1791255563559336 36257
1702 1791255563580619 37082
1703 1791255563601500 38915
1704 1791255563613812 29597
1705 1791255563637574 33286
1706 1791255563657059 32313
1707 1791255563678268 34887
1708 1791255563695782 31519
1709 1791255563724874 39222
1710 1791255563733755 30119
1711 1791255563755689 32078
1712 1791255563790394 46307
1713 1791255563804057 39971
1714 1791255563822529 38075
1715 1791255563846660 43175
1716 1791255563866670 44137
1717 1791255563885987 39324
1718 1791255563908004 41331
1719 1791255563923103 39544
1720 1791255563944374 39360
1721 1791255563960184 37078
1722 1791255563989875 45498
1723 1791255564006639 42940
1724 1791255564036662 48607
1725 1791255564047752 43321
1726 1791255564066763 38118
1727 1791255564082057 37340
1728 1791255564104591 38853
1729 1791255564129348 45940
1730 1791255564145941 43014
1731 1791255564172474 45192
1732 1791255564187758 43987
1733 1791255564209007 43721
1734 1791255564238794 55194
1735 1791255564251329 47297
1736 1791255564274413 48348
1737 1791255564287897 43319
1738 1791255564313971 50370
1739 1791255564340586 57766
1740 1791255564355602 51909
1741 1791255564384713 59328
1742 1791255564393628 49011
1743 1791255564414045 50429
1744 1791255564444313 59596
1745 1791255564453749 50345
1746 1791255564475245 51781
1747 1791255564500555 56240
1748 1791255564516079 51341
1749 1791255564543689 59246
1750 1791255564555163 50896
1751 1791255564574365 51027
1752 1791255564597243 53589
1753 1791255564613169 48811
1754 1791255564642878 57757
1755 1791255564653440 49616
1756 1791255564681582 58023
1757 1791255564704266 61386
1758 1791255564711525 47562
1759 1791255564736573 52030
1760 1791255564758427 55387
1761 1791255564774233 50802
1762 1791255564800561 57123
1763 1791255564818615 55155
1764 1791255564843437 52737
1765 1791255564862580 57355
1766 1791255564886375 62861
1767 1791255564897465 54150
1768 1791255564924554 61973
1769 1791255564945739 59361
1770 1791255564971711 68311
1771 1791255564983411 58854
1772 1791255564993213 49200
1773 1791255565026789 61168
1774 1791255565045712 62298
1775 1791255565058118 52851
1776 1791255565075435 51558
1777 1791255565097303 51572
1778 1791255565129082 64396
1779 1791255565141450 58636
1780 1791255565178096 73670
1781 1791255565185993 61477
1782 1791255565204268 61599
1783 1791255565225789 62254
1784 1791255565249468 65063
1785 1791255565281419 77148
1786 1791255565286931 62904
1787 1791255565305716 62762
1788 1791255565333703 64140
1789 1791255565350405 67809
1790 1791255565374091 69544
1791 1791255565387591 63571
1792 1791255565404598 61564
1793 1791255565427804 65296
1794 1791255565453815 67391
1795 1791255565463934 60245
1796 1791255565485918 61068
1797 1791255565502599 59412
1798 1791255565538536 74599
1799 1791255565542234 58456
1800 1791255565565544 62943
1801 1791255565592744 68750
1802 1791255565608880 64947
1803 1791255565629619 64072
1804 1791255565644981 62198
1805 1791255565665062 58367
1806 1791255565682758 58065
1807 1791255565696488 53510
1808 1791255565724647 60245
1809 1791255565745654 62892
1810 1791255565763897 60228
1811 1791255565787128 62942
1812 1791255565814398 68741
1813 1791255565832193 68293
1814 1791255565847819 64443
1815 1791255565871915 61853
1816 1791255565886318 62976
1817 1791255565912470 65170
1818 1791255565935477 72012
1819 1791255565945734 62626
1820 1791255565968637 63022
1821 1791255565984664 61337
1822 1791255566011869 68742
1823 1791255566028338 64022
1824 1791255566049225 65948
1825 1791255566062349 58657
1826 1791255566085965 61167
1827 1791255566091333 48086
1828 1791255566110183 47833
1829 1791255566134125 48157
1830 1791255566155011 50592
1831 1791255566173597 50140
1832 1791255566185967 39165
1833 1791255566208243 44132
1834 1791255566228699 45733
1835 1791255566248050 43181
1836 1791255566256185 31387
1837 1791255566276988 34069
1838 1791255566294412 28231
1839 1791255566315939 32226
1840 1791255566332407 27940
1841 1791255566353267 29719
1842 1791255566371894 28862
1843 1791255566395832 29447
1844 1791255566413608 30187
1845 1791255566437049 32167
1846 1791255566462433 37528
1847 1791255566485756 37469
1848 1791255566502557 40121
1849 1791255566521553 38328
1850 1791255566536982 34422
1851 1791255566563773 40974
1852 1791255566577112 33479
1853 1791255566593852 30077
1854 1791255566618626 34046
1855 1791255566637138 33890
1856 1791255566649890 25602
1857 1791255566679667 36099
1858 1791255566694031 29566
1859 1791255566714536 29219
1860 1791255566747916 40846
1861 1791255566749812 24503
1862 1791255566772005 28537
1863 1791255566794774 31800
1864 1791255566807400 23245
1865 1791255566833785 30508
1866 1791255566860358 33139
1867 1791255566877762 34299
1868 1791255566903013 38902
1869 1791255566924081 38531
1870 1791255566935704 32686
1871 1791255566963026 39583
1872 1791255566983274 35693
1873 1791255567004541 41512
1874 1791255567014793 31515
1875 1791255567031299 27077
1876 1791255567059343 35266
1877 1791255567084823 40852
1878 1791255567096072 30556
1879 1791255567114808 31366
1880 1791255567137861 32767
1881 1791255567162734 39046
1882 1791255567191549 47864
1883 1791255567209923 47177
1884 1791255567228581 38290
1885 1791255567253510 43584
1886 1791255567266448 38746
1887 1791255567282958 39091
1888 1791255567300576 37805
1889 1791255567326919 43959
1890 1791255567344628 40398
1891 1791255567370728 44881
1892 1791255567389722 46544
1893 1791255567410132 46275
1894 1791255567426874 43311
1895 1791255567453463 43896
1896 1791255567464054 40146
1897 1791255567491532 48141
1898 1791255567507452 44491
1899 1791255567527279 42437
1900 1791255567555320 52206
1901 1791255567572233 49358
1902 1791255567582975 39434
1903 1791255567614769 49838
1904 1791255567634638 51661
1905 1791255567659176 55345
1906 1791255567678818 50347
1907 1791255567696826 52340
1908 1791255567714303 50229
1909 1791255567725784 41538
1910 1791255567756474 51954
1911 1791255567769277 45410
1912 1791255567790727 47679
1913 1791255567830068 62877
1914 1791255567842743 58628
1915 1791255567845901 42634
1916 1791255567875509 50813
1917 1791255567885359 42612
1918 1791255567908014 44806
1919 1791255567929075 44954
1920 1791255567940434 37883
1921 1791255567965822 41826
1922 1791255567994058 51461
1923 1791255568018178 54391
1924 1791255568038147 54568
1925 1791255568055416 51281
1926 1791255568069431 46022
1927 1791255568094255 50824
1928 1791255568115100 52041
1929 1791255568138122 48121
1930 1791255568157895 46715
1931 1791255568173668 50297
1932 1791255568200415 56897
1933 1791255568215773 49756
1934 1791255568236285 49728
1935 1791255568253950 49976
1936 1791255568275090 51122
1937 1791255568288321 45369
1938 1791255568313492 48716
1939 1791255568345266 57511
1940 1791255568360158 56919
1941 1791255568369593 45638
1942 1791255568394522 49268
1943 1791255568414661 51021
1944 1791255568432533 48927
1945 1791255568453482 50015
1946 1791255568476175 53090
1947 1791255568497734 54895
1948 1791255568508547 44028
1949 1791255568528978 43276
1950 1791255568552403 48322
1951 1791255568575241 51057
1952 1791255568603655 55255
1953 1791255568618615 48974
1954 1791255568630099 46628
1955 1791255568652790 49131
1956 1791255568683967 59354
1957 1791255568694193 50907
1958 1791255568718451 53871
1959 1791255568734559 51130
1960 1791255568755902 51947
1961 1791255568775455 51906
1962 1791255568804435 56722
1963 1791255568820247 56460
1964 1791255568837098 53832
1965 1791255568864029 59590
1966 1791255568875190 49763
1967 1791255568904987 60758
1968 1791255568918308 54276
1969 1791255568935825 52204
1970 1791255568957878 53019
1971 1791255568987670 62915
1972 1791255569011988 67679
1973 1791255569020588 57074
1974 1791255569043512 56916
1975 1791255569064095 58793
1976 1791255569087582 63273
1977 1791255569105850 62334
1978 1791255569125238 61138
1979 1791255569156789 69204
1980 1791255569165345 60023
1981 1791255569178191 52949
1982 1791255569196166 50189
1983 1791255569218484 53135
1984 1791255569244028 59833
1985 1791255569264630 60530
1986 1791255569287701 63531
1987 1791255569298433 54629
1988 1791255569312397 48976
1989 1791255569340168 55565
1990 1791255569364519 60278
1991 1791255569383544 60085
1992 1791255569400472 56545
1993 1791255569413364 49495
1994 1791255569439444 56466
1995 1791255569466653 62390
1996 1791255569487206 63885
1997 1791255569505676 60936
1998 1791255569524857 61657
1999 1791255569534227 50882
2000 1791255569570406 64727
2001 1791255569594212 70121
2002 1791255569611098 67428
2003 1791255569637273 72420
2004 1791255569647077 64280
2005 1791255569683057 77808
2006 1791255569683071 57460
2007 1791255569717886 74227
2008 1791255569736903 73091
2009 1791255569752314 69254
2010 1791255569775535 70855
2011 1791255569786292 61770
2012 1791255569825685 77670
2013 1791255569826002 58286
2014 1791255569845192 62148
2015 1791255569870440 67055
2016 1791255569903128 80186
2017 1791255569925299 80102
2018 1791255569941379 70936
2019 1791255569942827 59995
2020 1791255569968742 65611
2021 1791255569985924 60806
2022 1791255570014574 71742
2023 1791255570029036 64788
2024 1791255570053736 69789
2025 1791255570076614 72867
2026 1791255570099277 75493
2027 1791255570118237 72264
2028 1791255570144786 74579
2029 1791255570159749 76181
2030 1791255570173583 68792
2031 1791255570193111 69112
2032 1791255570206144 61786
2033 1791255570233797 69029
2034 1791255570244275 61431
2035 1791255570270485 66821
2036 1791255570296056 71390
2037 1791255570322352 78074
2038 1791255570335957 72558
2039 1791255570367952 84825
2040 1791255570373154 68977
2041 1791255570392956 70600
2042 1791255570407032 63692
2043 1791255570440695 72739
2044 1791255570441601 57482
2045 1791255570456246 49213
2046 1791255570471172 45941
2047 1791255570487433 44487
2048 1791255570505467 40486
2049 1791255570523696 39859
2050 1791255570540760 36000
2051 1791255570552465 29128
2052 1791255570575478 29964
2053 1791255570590461 27073
2054 1791255570623784 39174
2055 1791255570634900 28763
2056 1791255570646143 22356
2057 1791255570680334 34187
2058 1791255570695957 31990
2059 1791255570717074 34203
2060 1791255570733677 28059
2061 1791255570758021 34234
2062 1791255570774550 30771
2063 1791255570796463 30957
2064 1791255570813294 30120
2065 1791255570832115 29345
2066 1791255570864636 41980
2067 1791255570867102 23679
2068 1791255570894816 31350
2069 1791255570913553 30130
2070 1791255570932332 29360
2071 1791255570952406 28426
2072 1791255570976560 33873
2073 1791255570994864 31024
2074 1791255571018285 34318
2075 1791255571032082 27275
2076 1791255571054006 29548
2077 1791255571073807 29475
2078 1791255571097239 32825
2079 1791255571116630 33188
2080 1791255571128704 25091
2081 1791255571165373 38504
2082 1791255571176548 30782
2083 1791255571198323 32947
2084 1791255571223915 37971
2085 1791255571237844 31691
2086 1791255571260465 36548
2087 1791255571277604 31440
2088 1791255571289539 26552
2089 1791255571331706 44657
2090 1791255571342938 32147
2091 1791255571357914 34772
2092 1791255571377814 34872
2093 1791255571400459 34482
2094 1791255571412696 27922
2095 1791255571433140 27104
2096 1791255571466301 41536
2097 1791255571484865 41373
2098 1791255571499099 34676
2099 1791255571513562 29272
2100 1791255571553418 49699
2101 1791255571554418 30065
2102 1791255571581540 36281
2103 1791255571600683 37463
2104 1791255571615286 32019
2105 1791255571644040 39765
2106 1791255571679448 53496
2107 1791255571679454 35584
2108 1791255571699711 36073
2109 1791255571725813 41814
2110 1791255571739454 35750
2111 1791255571762970 37155
2112 1791255571785102 39925
2113 1791255571802407 39434
2114 1791255571825280 40977
2115 1791255571841138 38728
2116 1791255571863016 39393
2117 1791255571884250 38117
2118 1791255571906172 43154
2119 1791255571930909 47068
2120 1791255571953584 47406
2121 1791255571965194 41073
2122 1791255571988535 44670
2123 1791255572011955 47709
2124 1791255572044369 59581
2125 1791255572050563 46538
2126 1791255572064116 39070
2127 1791255572088371 43998
2128 1791255572109918 46123
2129 1791255572136992 48618
2130 1791255572145639 42125
2131 1791255572160092 33216
2132 1791255572192865 47224
2133 1791255572208083 43974
2134 1791255572225795 39845
2135 1791255572240459 37003
2136 1791255572270094 44295
2137 1791255572290928 45076
2138 1791255572301154 36483
2139 1791255572321324 33487
2140 1791255572356352 49448
2141 1791255572365210 39134
2142 1791255572384899 40527
2143 1791255572413280 49218
2144 1791255572426257 42718
2145 1791255572454934 47251
2146 1791255572473490 49641
2147 1791255572493361 48846
2148 1791255572505328 41225
2149 1791255572529256 46541
2150 1791255572544343 41123
2151 1791255572565022 40531
2152 1791255572587961 43611
2153 1791255572611553 46528
2154 1791255572641959 58067
2155 1791255572663314 55002
2156 1791255572682218 57304
2157 1791255572693638 50332
2158 1791255572711577 48260
2159 1791255572742844 58659
2160 1791255572754182 50808
2161 1791255572774950 51161
2162 1791255572788309 45462
2163 1791255572808863 45451
2164 1791255572839506 55990
2165 1791255572864640 57122
2166 1791255572884474 60783
2167 1791255572897929 54920
2168 1791255572925338 60695
2169 1791255572932799 48785
2170 1791255572963006 58968
2171 1791255572973862 49294
2172 1791255573004419 60150
2173 1791255573031784 68775
2174 1791255573062633 78333
2175 1791255573073851 69429
2176 1791255573082753 59483
2177 1791255573096614 52321
2178 1791255573116682 54121
2179 1791255573149301 66544
2180 1791255573169596 61277
2181 1791255573190473 67124
2182 1791255573211712 62408
2183 1791255573228919 60043
2184 1791255573244598 59159
2185 1791255573269255 62031
2186 1791255573286864 57942
2187 1791255573298161 54161
2188 1791255573316119 52179
2189 1791255573344143 57275
2190 1791255573375372 67633
2191 1791255573381075 56869
2192 1791255573411343 67197
2193 1791255573428467 63887
2194 1791255573446549 61770
2195 1791255573462946 58893
2196 1791255573491312 67845
2197 1791255573508238 65191
2198 1791255573533294 70344
2199 1791255573554415 70735
2200 1791255573574082 66120
2201 1791255573582651 59182
2202 1791255573602411 58888
2203 1791255573637540 74675
2204 1791255573644644 61990
2205 1791255573674353 71939
2206 1791255573692476 69532
2207 1791255573716180 73082
2208 1791255573723361 59458
2209 1791255573755142 72118
2210 1791255573768854 65229
2211 1791255573799920 76558
2212 1791255573824585 80270
2213 1791255573843306 74448
2214 1791255573855034 71079
2215 1791255573874026 69987
2216 1791255573894580 69992
2217 1791255573914704 71395
2218 1791255573943637 75563
2219 1791255573953828 67568
2220 1791255573973442 69541
2221 1791255573994213 71120
2222 1791255574017702 74062
2223 1791255574043471 73878
2224 1791255574046279 62141
2225 1791255574096846 90120
2226 1791255574114580 88375
2227 1791255574122806 79329
2228 1791255574143593 78448
2229 1791255574155746 72295
2230 1791255574175048 70925
2231 1791255574194590 71780
2232 1791255574218480 74883
2233 1791255574228496 64962
2234 1791255574254858 70539
2235 1791255574277635 73614
2236 1791255574303174 79484
2237 1791255574311395 67827
2238 1791255574342673 73773
2239 1791255574365504 82576
2240 1791255574384158 80981
2241 1791255574403030 78071
2242 1791255574411835 69158
2243 1791255574427355 63348
2244 1791255574444447 60284
2245 1791255574457377 54344
2246 1791255574475844 51727
2247 1791255574489215 45481
2248 1791255574512616 48731
2249 1791255574526419 37717
2250 1791255574544918 32299
2251 1791255574568877 43196
2252 1791255574575444 32319
2253 1791255574600630 32522
2254 1791255574611668 28600
2255 1791255574631242 26497
2256 1791255574654788 30082
2257 1791255574674206 30311
2258 1791255574695775 32233
2259 1791255574713681 29811
2260 1791255574728457 25035
2261 1791255574747941 24534
2262 1791255574789625 42807
2263 1791255574796306 33039
2264 1791255574823250 33622
2265 1791255574848335 40922
2266 1791255574849737 26483
2267 1791255574877272 28933
2268 1791255574897890 34598
2269 1791255574914422 30479
2270 1791255574933491 29023
2271 1791255574953198 28622
2272 1791255574974679 30275
2273 1791255574985726 21709
2274 1791255575015692 32835
2275 1791255575031067 27838
2276 1791255575062683 37448
2277 1791255575090695 41026
2278 1791255575090768 28082
2279 1791255575115522 24819
2280 1791255575145052 40404
2281 1791255575152618 29665
2282 1791255575191493 46436
2283 1791255575197871 33028
2284 1791255575234436 45574
2285 1791255575254807 49729
2286 1791255575257342 33314
2287 1791255575273926 31195
2288 1791255575293627 30231
2289 1791255575310154 26557
2290 1791255575354537 47828
2291 1791255575362660 30787
2292 1791255575382497 36872
2293 1791255575400774 38109
2294 1791255575415809 33308
2295 1791255575443114 37416
2296 1791255575457987 31281
2297 1791255575476690 33573
2298 1791255575488142 24435
2299 1791255575519999 35175
2300 1791255575532415 28776
2301 1791255575567382 41029
2302 1791255575586003 42670
2303 1791255575597223 33579
2304 1791255575609794 27123
2305 1791255575643315 39540
2306 1791255575656989 32200
2307 1791255575672909 29592
2308 1791255575695426 31039
2309 1791255575729053 44846
2310 1791255575735570 30740
2311 1791255575754206 30442
2312 1791255575781979 38901
2313 1791255575807424 40751
2314 1791255575819520 35461
2315 1791255575839030 34970
2316 1791255575862689 39762
2317 1791255575887498 40822
2318 1791255575898090 35398
2319 1791255575922726 36754
2320 1791255575935657 31992
2321 1791255575949162 26433
2322 1791255575986118 40614
2323 1791255575993398 26679
2324 1791255576014781 28660
2325 1791255576025271 22385
2326 1791255576044142 20917
2327 1791255576072561 28562
2328 1791255576091958 28694
2329 1791255576104818 20906
2330 1791255576126128 22732
2331 1791255576147162 22966
2332 1791255576172846 25681
2333 1791255576190991 22974
2334 1791255576205165 21701
2335 1791255576224706 21367
2336 1791255576247455 22747
2337 1791255576265825 21600
2338 1791255576294976 29177
2339 1791255576314825 27026
2340 1791255576326983 23752
2341 1791255576347430 23795
2342 1791255576368678 21243
2343 1791255576394178 28449
2344 1791255576414693 25222
2345 1791255576434544 27104
2346 1791255576445074 21888
2347 1791255576471420 27458
2348 1791255576487614 24442
2349 1791255576506524 21930
2350 1791255576528602 25706
2351 1791255576543641 20972
2352 1791255576568354 24710
2353 1791255576593178 24820
2354 1791255576612217 25607
2355 1791255576632393 27708
2356 1791255576652473 28378
2357 1791255576670547 26463
2358 1791255576688005 25053
2359 1791255576704679 20824
2360 1791255576725862 21921
2361 1791255576746406 20796
2362 1791255576767932 23197
2363 1791255576794239 28436
2364 1791255576823864 32382
2365 1791255576834381 27090
2366 1791255576848966 25099
2367 1791255576867167 23332
2368 1791255576893810 26638
2369 1791255576907725 24319
2370 1791255576933445 29816
2371 1791255576950931 27506
2372 1791255576969204 22012
2373 1791255576984054 21026
2374 1791255577005316 21291
2375 1791255577026267 22935
2376 1791255577044243 21798
2377 1791255577073823 29652
2378 1791255577093020 28037
2379 1791255577111787 24464
2380 1791255577132073 27568
2381 1791255577147905 23891
2382 1791255577167306 21790
2383 1791255577185994 20898
2384 1791255577203887 20912
2385 1791255577225961 22161
2386 1791255577250131 27149
2387 1791255577274713 24615
2388 1791255577285570 22115
2389 1791255577304112 20506
2390 1791255577329300 25186
2391 1791255577344741 20841
2392 1791255577365742 20998
2393 1791255577386861 23452
2394 1791255577410543 23679
2395 1791255577430361 26721
2396 1791255577452099 21736
2397 1791255577464399 20988
2398 1791255577485611 21209
2399 1791255577513098 27874
2400 1791255577525231 21071
2401 1791255577547819 24655
2402 1791255577573673 25850
2403 1791255577584054 20801
2404 1791255577612008 27951
2405 1791255577625334 21952
2406 1791255577646255 20917
2407 1791255577667515 23111
2408 1791255577694612 27094
2409 1791255577705450 21109
2410 1791255577724478 20983
2411 1791255577753829 29348
2412 1791255577764178 20918
2413 1791255577783821 20737
2414 1791255577808150 24326
2415 1791255577826370 21522
2416 1791255577847353 23080
2417 1791255577865229 21988
2418 1791255577885087 21781
2419 1791255577907734 24356
2420 1791255577934053 26316
2421 1791255577947623 23907
2422 1791255577965749 22390
2423 1791255577986983 23443
2424 1791255578011959 27537
2425 1791255578024467 21102
2426 1791255578046651 22181
2427 1791255578064340 20598
2428 1791255578087607 23264
2429 1791255578107839 22703
2430 1791255578125982 22926
2431 1791255578154674 28688
2432 1791255578180389 29599
2433 1791255578190827 25563
2434 1791255578213692 27902
2435 1791255578232999 24646
2436 1791255578254865 24635
2437 1791255578265405 21899
2438 1791255578285387 21803
2439 1791255578307648 24124
2440 1791255578325530 21010
2441 1791255578345578 22483
2442 1791255578363681 21077
2443 1791255578394810 31125
2444 1791255578405272 21222
2445 1791255578426495 21220
2446 1791255578448354 24991
2447 1791255578474690 26380
2448 1791255578492825 25997
2449 1791255578505914 21963
2450 1791255578532010 26094
2451 1791255578552907 29208
2452 1791255578565427 22030
2453 1791255578584999 21807
2454 1791255578613500 28498
2455 1791255578630474 26516
2456 1791255578653488 26824
2457 1791255578668075 20916
2458 1791255578685719 20993
2459 1791255578707697 22984
2460 1791255578726159 20749
2461 1791255578745116 21638
2462 1791255578774093 28974
2463 1791255578793306 28630
2464 1791255578813894 30065
2465 1791255578824661 21240
2466 1791255578844666 21420
2467 1791255578865520 22569
2468 1791255578886043 23310
2469 1791255578904718 20508
2470 1791255578925157 21236
2471 1791255578950775 26335
2472 1791255578965181 20948
2473 1791255578983952 20768
2474 1791255579014247 30993
2475 1791255579027832 24647
2476 1791255579053215 25572
2477 1791255579063705 20700
2478 1791255579090325 26616
2479 1791255579105608 22142
2480 1791255579133748 29528
2481 1791255579156601 30461
2482 1791255579172953 29319
2483 1791255579209115 44793
2484 1791255579222939 38529
2485 1791255579236106 33422
2486 1791255579254243 31302
2487 1791255579278247 30024
2488 1791255579298008 34039
2489 1791255579324890 39428
2490 1791255579341561 37859
2491 1791255579354991 30097
2492 1791255579376089 31806
2493 1791255579395912 30890
2494 1791255579423034 39416
2495 1791255579435921 30962
2496 1791255579454575 31536
2497 1791255579474292 30183
2498 1791255579495710 32815
2499 1791255579514650 29340
2500 1791255579538131 35089
2501 1791255579555078 31880
2502 1791255579584173 40443
2503 1791255579612066 48588
2504 1791255579621686 37510
2505 1791255579646474 34406
2506 1791255579668663 44162
2507 1791255579684550 41773
2508 1791255579702455 37025
2509 1791255579716294 33277
2510 1791255579742919 40462
2511 1791255579768848 38181
2512 1791255579793975 51041
2513 1791255579799247 30395
2514 1791255579824829 38631
2515 1791255579850676 46507
2516 1791255579858207 34569
2517 1791255579887313 43513
2518 1791255579904835 37744
2519 1791255579926507 42643
2520 1791255579935993 32484
2521 1791255579961641 36253
2522 1791255579984645 41180
2523 1791255580007910 44987
2524 1791255580027482 44019
2525 1791255580047601 44090
2526 1791255580065771 42217
2527 1791255580093706 46102
2528 1791255580112945 48307
2529 1791255580125549 42134
2530 1791255580148903 44869
2531 1791255580167197 43318
2532 1791255580191507 46964
2533 1791255580208403 41202
2534 1791255580240582 51637
2535 1791255580252337 49560
2536 1791255580277235 54600
2537 1791255580284158 41485
2538 1791255580311866 49277
2539 1791255580341754 58309
2540 1791255580365671 62045
2541 1791255580371935 48389
2542 1791255580396214 52500
2543 1791255580407682 43328
2544 1791255580434567 51280
2545 1791255580457764 53536
2546 1791255580472968 50105
2547 1791255580490879 47505
2548 1791255580510563 47041
2549 1791255580536586 53325
2550 1791255580562291 54790
2551 1791255580585205 59961
2552 1791255580601500 52907
2553 1791255580625676 63381
2554 1791255580645356 60235
2555 1791255580661963 58819
2556 1791255580689668 63989
2557 1791255580713044 69645
2558 1791255580738498 71987
2559 1791255580753460 70593
2560 1791255580776938 73089
2561 1791255580820373 94500
2562 1791255580824692 81700
2563 1791255580845677 82991
2564 1791255580873635 89287
2565 1791255580887711 77655
2566 1791255580903890 79275
2567 1791255580922847 78612
2568 1791255580945755 81045
2569 1791255580968064 84688
2570 1791255580995289 91495
2571 1791255581005964 83114
2572 1791255581036139 90380
2573 1791255581051098 87109
2574 1791255581076212 92273
2575 1791255581095573 91621
2576 1791255581120305 92472
2577 1791255581133847 87360
2578 1791255581156278 92384
2579 1791255581176898 92112
2580 1791255581199258 94848
2581 1791255581230736 106540
2582 1791255581244214 99695
2583 1791255581258990 95197
2584 1791255581283223 99717
2585 1791255581297313 93835
2586 1791255581326717 103502
2587 1791255581334760 90544
2588 1791255581356186 92543
2589 1791255581379543 96309
2590 1791255581392251 89037
2591 1791255581422739 97380
2592 1791255581443209 98039
2593 1791255581455799 92356
2594 1791255581480495 97215
2595 1791255581499736 94587
2596 1791255581518658 95917
2597 1791255581535606 92394
2598 1791255581562245 98141
2599 1791255581578204 93307
2600 1791255581594020 88198
2601 1791255581623673 95654
2602 1791255581637948 94860
2603 1791255581664249 96338
2604 1791255581680050 95949
2605 1791255581691943 88414
2606 1791255581712211 88643
2607 1791255581732354 88955
2608 1791255581739800 75548
2609 1791255581764692 80868
2610 1791255581770581 66469
2611 1791255581787914 64314
2612 1791255581818530 74888
2613 1791255581834673 69978
2614 1791255581849574 62925
2615 1791255581864052 60467
2616 1791255581883383 57286
2617 1791255581895922 51286
2618 1791255581928482 65119
2619 1791255581953963 70575
2620 1791255581966334 61760
2621 1791255582002466 73980
2622 1791255582009222 62098
2623 1791255582040070 75410
2624 1791255582057986 72511
2625 1791255582069306 66830
2626 1791255582090079 65652
2627 1791255582106544 61386
2628 1791255582123105 58542
2629 1791255582154015 69341
2630 1791255582174660 70840
2631 1791255582191620 68512
2632 1791255582208286 63551
2633 1791255582243130 76972
2634 1791255582257147 72057
2635 1791255582269388 65466
2636 1791255582296358 70106
2637 1791255582311226 68092
2638 1791255582330939 67243
2639 1791255582355061 70766
2640 1791255582373700 68811
2641 1791255582397230 67395
2642 1791255582416362 72945
2643 1791255582433462 66986
2644 1791255582461974 76906
2645 1791255582476394 68397
2646 1791255582495811 72679
2647 1791255582514078 69102
2648 1791255582533709 69101
2649 1791255582555336 72673
2650 1791255582571953 68602
2651 1791255582596321 68139
2652 1791255582620908 76537
2653 1791255582637212 73864
2654 1791255582653575 70043
2655 1791255582687384 76932
2656 1791255582695666 67496
2657 1791255582719594 75374
2658 1791255582738139 71610
2659 1791255582750109 62722
2660 1791255582775740 71715
2661 1791255582794889 70583
2662 1791255582828868 82237
2663 1791255582853481 82907
2664 1791255582864822 80836
2665 1791255582881710 76937
2666 1791255582900604 75031
2667 1791255582915064 69704
2668 1791255582932492 69560
2669 1791255582952682 67974
2670 1791255582973567 69805
2671 1791255583002646 76981
2672 1791255583026191 80960
2673 1791255583034001 70237
2674 1791255583056656 73484
2675 1791255583075226 72578
2676 1791255583099018 75257
2677 1791255583122301 78423
2678 1791255583142042 78729
2679 1791255583165374 77780
2680 1791255583188015 80371
2681 1791255583195482 73178
2682 1791255583216076 72049
2683 1791255583245081 80484
2684 1791255583257567 73982
2685 1791255583275618 72398
2686 1791255583302466 79160
2687 1791255583314443 69359
2688 1791255583335728 70804
2689 1791255583363448 79919
2690 1791255583376171 73702
2691 1791255583402892 73856
2692 1791255583416182 69986
2693 1791255583434685 71234
2694 1791255583442493 59050
2695 1791255583453056 50161
2696 1791255583490345 63678
2697 1791255583494650 52155
2698 1791255583510623 47356
2699 1791255583522064 31717
2700 1791255583535132 30288
2701 1791255583556218 31562
2702 1791255583575109 29513
2703 1791255583602389 38698
2704 1791255583614391 30504
2705 1791255583643120 40729
2706 1791255583656726 33629
2707 1791255583674533 31410
2708 1791255583710387 42753
2709 1791255583718250 34628
2710 1791255583740478 30802
2711 1791255583762584 38920
2712 1791255583793135 48247
2713 1791255583798740 36151
2714 1791255583812554 26740
2715 1791255583842621 39482
2716 1791255583858594 35032
2717 1791255583884502 41877
2718 1791255583901559 38837
2719 1791255583923400 38894
2720 1791255583935758 32737
2721 1791255583958872 35470
2722 1791255583976801 33392
2723 1791255583990172 27090
2724 1791255584034031 45409
2725 1791255584053651 46437
2726 1791255584066506 39731
2727 1791255584083243 38811
2728 1791255584096209 33184
2729 1791255584120885 37638
2730 1791255584149072 43034
2731 1791255584168488 42916
2732 1791255584184231 41126
2733 1791255584199739 35557
2734 1791255584220352 36111
2735 1791255584237707 34321
2736 1791255584262762 40114
2737 1791255584275931 31022
2738 1791255584299504 36738
2739 1791255584326709 40250
2740 1791255584343039 38501
2741 1791255584367147 40435
2742 1791255584386060 43018
2743 1791255584401556 37994
2744 1791255584426325 42264
2745 1791255584454701 48725
2746 1791255584465388 39061
2747 1791255584488729 40946
2748 1791255584502055 36410
2749 1791255584518817 35797
2750 1791255584548478 44526
2751 1791255584572376 46447
2752 1791255584595291 46809
2753 1791255584607858 45057
2754 1791255584624022 41073
2755 1791255584644640 41328
2756 1791255584667007 42982
2757 1791255584693157 48962
2758 1791255584713156 49345
2759 1791255584732196 47397
2760 1791255584745429 42014
2761 1791255584772773 47608
2762 1791255584791419 45987
2763 1791255584814508 51113
2764 1791255584831814 48854
2765 1791255584850481 46785
2766 1791255584878238 54155
2767 1791255584899799 56038
2768 1791255584918303 54738
2769 1791255584937851 53707
2770 1791255584957078 52967
2771 1791255584973236 50784
2772 1791255585001677 58294
2773 1791255585022996 58619
2774 1791255585037224 51773
2775 1791255585067715 64423
2776 1791255585077976 54977
2777 1791255585103693 59511
2778 1791255585125520 57800
2779 1791255585145637 61857
2780 1791255585165981 62482
2781 1791255585183019 57495
2782 1791255585212536 66896
2783 1791255585217449 54106
2784 1791255585235660 52637
2785 1791255585265898 55395
2786 1791255585284370 57384
2787 1791255585296316 52202
2788 1791255585323829 58962
2789 1791255585347060 63570
2790 1791255585363108 59861
2791 1791255585381553 58616
2792 1791255585416617 69553
2793 1791255585423469 60358
2794 1791255585446814 61882
2795 1791255585459747 55864
2796 1791255585484211 60738
2797 1791255585514479 68896
2798 1791255585533184 68650
2799 1791255585553404 69191
2800 1791255585565300 61182
2801 1791255585584837 60818
2802 1791255585598917 54256
2803 1791255585622107 58931
2804 1791255585644321 61756
2805 1791255585667640 63466
2806 1791255585684822 59072
2807 1791255585703695 59371
2808 1791255585725990 59534
2809 1791255585744647 61804
2810 1791255585780234 76537
2811 1791255585794681 70760
2812 1791255585812430 68236
2813 1791255585833647 67760
2814 1791255585852677 66306
2815 1791255585874772 70700
2816 1791255585888712 65362
2817 1791255585914274 70857
2818 1791255585937012 74186
2819 1791255585956789 70562
2820 1791255585967933 64851
2821 1791255585991653 64116
2822 1791255586013798 70030
2823 1791255586037990 71575
2824 1791255586055706 72018
2825 1791255586065983 62387
2826 1791255586088999 64548
2827 1791255586121952 77490
2828 1791255586134962 70587
2829 1791255586154269 68764
2830 1791255586178641 73411
2831 1791255586203446 79289
2832 1791255586225519 81825
2833 1791255586255805 92244
2834 1791255586273751 87727
2835 1791255586304791 101342
2836 1791255586319746 96163
2837 1791255586339730 96175
2838 1791255586356342 93279
2839 1791255586375357 91826
2840 1791255586386532 81737
2841 1791255586414694 89830
2842 1791255586437772 93242
2843 1791255586456825 93252
2844 1791255586485955 101431
2845 1791255586501082 96054
2846 1791255586534516 105456
2847 1791255586543588 100421
2848 1791255586557572 88953
2849 1791255586584157 98199
2850 1791255586597575 92989
2851 1791255586634306 106433
2852 1791255586654908 111316
2853 1791255586668346 103182
2854 1791255586687737 103577
2855 1791255586703544 100408
2856 1791255586715656 84671
2857 1791255586735907 89942
2858 1791255586757806 93196
2859 1791255586782177 97890
2860 1791255586790170 86623
2861 1791255586815952 91006
2862 1791255586825653 82228
2863 1791255586843583 77650
2864 1791255586861160 77308
2865 1791255586875911 71987
2866 1791255586896576 72943
2867 1791255586918175 74855
2868 1791255586937076 71092
2869 1791255586952319 68420
2870 1791255586974637 70649
2871 1791255586992440 67739
2872 1791255587016598 71874
2873 1791255587045050 82409
2874 1791255587062945 77722
2875 1791255587084858 79077
2876 1791255587108683 81994
2877 1791255587124588 79535
2878 1791255587134762 71814
2879 1791255587164436 81307
2880 1791255587192074 83388
2881 1791255587205617 82046
2882 1791255587230284 80616
2883 1791255587233641 69947
2884 1791255587263034 78590
2885 1791255587283316 78506
2886 1791255587304250 76557
2887 1791255587326566 81655
2888 1791255587337818 74781
2889 1791255587364801 81482
2890 1791255587383418 80825
2891 1791255587414550 90461
2892 1791255587427407 81329
2893 1791255587457413 92609
2894 1791255587466479 83390
2895 1791255587487670 82546
2896 1791255587514370 91025
2897 1791255587529269 84899
2898 1791255587542947 77540
2899 1791255587572161 88420
2900 1791255587604738 99585
2901 1791255587623754 94480
2902 1791255587633044 90094
2903 1791255587652540 88893
2904 1791255587666981 81305
2905 1791255587682099 77988
2906 1791255587701784 78022
2907 1791255587717419 73232
2908 1791255587737177 73048
2909 1791255587754353 67712
2910 1791255587777825 71582
2911 1791255587785879 62661
2912 1791255587810888 66584
2913 1791255587828132 63573
2914 1791255587841630 58436
2915 1791255587854493 47395
2916 1791255587874926 47146
2917 1791255587892355 46490
2918 1791255587913403 47819
2919 1791255587931075 47100
2920 1791255587944506 41511
2921 1791255587963163 38442
2922 1791255587976389 31880
2923 1791255587993995 30828
2924 1791255588021834 37859
2925 1791255588052620 48147
2926 1791255588065158 35979
2927 1791255588085460 40660
2928 1791255588101399 36256
2929 1791255588120131 34668
2930 1791255588144727 40743
2931 1791255588164854 40749
2932 1791255588173799 29847
2933 1791255588204031 40916
2934 1791255588229948 45758
2935 1791255588240820 36785
2936 1791255588269077 39126
2937 1791255588288646 43850
2938 1791255588298157 32101
2939 1791255588314902 31750
2940 1791255588341497 36156
2941 1791255588373147 49849
2942 1791255588385251 40595
2943 1791255588403597 38544
2944 1791255588429113 43858
2945 1791255588452392 48932
2946 1791255588455392 30591
2947 1791255588494485 43079
2948 1791255588496208 33441
2949 1791255588519131 33695
2950 1791255588548620 39999
2951 1791255588556704 32673
2952 1791255588577635 33993
2953 1791255588597674 34193
2954 1791255588618501 35454
2955 1791255588642709 36735
2956 1791255588654785 27662
2957 1791255588683572 40859
2958 1791255588700350 35979
2959 1791255588728129 44554
2960 1791255588736667 33177
2961 1791255588753757 30005
2962 1791255588781814 36476
2963 1791255588798724 35774
2964 1791255588830843 46960
2965 1791255588845554 41782
2966 1791255588856017 31211
2967 1791255588877261 33165
2968 1791255588902759 35417
2969 1791255588919398 35191
2970 1791255588943079 40316
2971 1791255588956430 33764
2972 1791255588983110 40027
2973 1791255589000492 37020
2974 1791255589023827 40713
2975 1791255589036349 31385
2976 1791255589054661 30832
2977 1791255589076104 31666
2978 1791255589094471 25643
2979 1791255589115244 31062
2980 1791255589143185 40361
2981 1791255589164899 41493
2982 1791255589174144 30957
2983 1791255589196339 31522
2984 1791255589213644 29420
2985 1791255589246642 43471
2986 1791255589253181 29885
2987 1791255589281906 35348
2988 1791255589299539 35579
2989 1791255589316953 32330
2990 1791255589337832 34922
2991 1791255589355073 26512
2992 1791255589383593 37365
2993 1791255589403782 34362
2994 1791255589421985 38833
2995 1791255589434730 30944
2996 1791255589464579 39732
2997 1791255589484300 40764
2998 1791255589504865 40282
2999 1791255589519173 35598
3000 1791255589533854 30639
3001 1791255589559518 32861
3002 1791255589578029 34610
3003 1791255589615301 50458
3004 1791255589631989 42096
3005 1791255589643129 38794
3006 1791255589661100 36676
3007 1791255589684369 41237
3008 1791255589694739 31562
3009 1791255589724857 40485
3010 1791255589744978 40526
3011 1791255589751176 26316
3012 1791255589784059 39078
3013 1791255589801588 38083
3014 1791255589816172 32110
3015 1791255589845476 41967
3016 1791255589866811 36867
3017 1791255589876185 30706
3018 1791255589908189 44780
3019 1791255589933708 49330
3020 1791255589942126 33933
3021 1791255589962052 33918
3022 1791255589981894 38592
3023 1791255590000081 36786
3024 1791255590024234 36715
3025 1791255590053701 49404
3026 1791255590063070 39385
3027 1791255590094615 50122
3028 1791255590115500 52426
3029 1791255590135614 52170
3030 1791255590156769 53640
3031 1791255590184297 58685
3032 1791255590207980 63510
3033 1791255590220016 54980
3034 1791255590258078 74579
3035 1791255590283331 77350
3036 1791255590294258 67948
3037 1791255590305478 62819
3038 1791255590332944 69650
3039 1791255590346766 63432
3040 1791255590376668 72751
3041 1791255590394604 71436
3042 1791255590422318 77588
3043 1791255590446807 82210
3044 1791255590463715 79979
3045 1791255590482853 79873
3046 1791255590495843 73522
3047 1791255590516615 73064
3048 1791255590544407 80689
3049 1791255590566090 83234
3050 1791255590572454 66163
3051 1791255590597030 73885
3052 1791255590617685 73274
3053 1791255590646130 83110
3054 1791255590655901 73234
3055 1791255590682587 78973
3056 1791255590713777 88693
3057 1791255590730968 87680
3058 1791255590749686 83621
3059 1791255590763806 81216
3060 1791255590786499 83395
3061 1791255590812878 88749
3062 1791255590832848 86897
3063 1791255590852005 88196
3064 1791255590864228 81198
3065 1791255590882710 79537
3066 1791255590899586 76375
3067 1791255590923641 79350
3068 1791255590945850 81611
3069 1791255590965355 82642
3070 1791255590991449 87718
3071 1791255591008350 84707
3072 1791255591029255 86392
3073 1791255591044129 79833
3074 1791255591061257 76965
3075 1791255591084574 81799
3076 1791255591103710 79039
3077 1791255591119477 75344
3078 1791255591131528 65643
3079 1791255591154245 70526
3080 1791255591163933 60220
3081 1791255591183343 58819
3082 1791255591201773 57860
3083 1791255591223983 60366
3084 1791255591237085 53739
3085 1791255591253162 48176
3086 1791255591271319 47332
3087 1791255591292783 49169
3088 1791255591314366 50867
3089 1791255591330896 47302
3090 1791255591351533 48479
3091 1791255591373631 48678
3092 1791255591393547 48034
3093 1791255591418027 55241
3094 1791255591434296 50681
3095 1791255591458409 53080
3096 1791255591477551 51686
3097 1791255591498359 54759
3098 1791255591518327 52770
3099 1791255591528179 44602
3100 1791255591556647 53522
3101 1791255591574853 50938
3102 1791255591608450 63505
3103 1791255591621886 57613
3104 1791255591643587 59270
3105 1791255591664415 55962
3106 1791255591686613 62791
3107 1791255591712058 68469
3108 1791255591732369 68862
3109 1791255591750880 65451
3110 1791255591757466 53877
3111 1791255591783103 55618
3112 1791255591800718 56990
3113 1791255591832216 67528
3114 1791255591851594 68488
3115 1791255591865732 62464
3116 1791255591894365 62146
3117 1791255591911380 62551
3118 1791255591924317 61317
3119 1791255591943843 60669
3120 1791255591962062 57130
3121 1791255591983125 60455
3122 1791255592007971 64125
3123 1791255592027258 63414
3124 1791255592045608 62479
3125 1791255592057649 53440
3126 1791255592086593 60939
3127 1791255592110520 64908
3128 1791255592122902 58183
3129 1791255592149158 62561
3130 1791255592174441 65421
3131 1791255592192797 69891
3132 1791255592216532 70771
3133 1791255592237042 70298
3134 1791255592255327 67554
3135 1791255592266911 63124
3136 1791255592286437 60991
3137 1791255592313518 70210
3138 1791255592329730 66012
3139 1791255592348594 65067
3140 1791255592369729 64140
3141 1791255592393913 69732
3142 1791255592417175 70324
3143 1791255592436117 70206
3144 1791255592448589 61704
3145 1791255592474196 70711
3146 1791255592488474 64066
3147 1791255592515452 71554
3148 1791255592536112 72998
3149 1791255592557701 74065
3150 1791255592566232 62778
3151 1791255592592297 66911
3152 1791255592612877 68133
3153 1791255592634200 70890
3154 1791255592655343 71841
3155 1791255592684461 77369
3156 1791255592691405 67355
3157 1791255592718863 74990
3158 1791255592737596 74689
3159 1791255592748523 64950
3160 1791255592778611 71845
3161 1791255592793862 69823
3162 1791255592815815 70250
3163 1791255592842099 72506
3164 1791255592853837 70187
3165 1791255592882575 78416
3166 1791255592902285 78334
3167 1791255592929871 86520
3168 1791255592943734 79691
3169 1791255592962573 79995
3170 1791255592981966 78450
3171 1791255593001155 76456
3172 1791255593026558 82820
3173 1791255593035132 72557
3174 1791255593063931 80549
3175 1791255593076357 72229
3176 1791255593107761 83032
3177 1791255593116438 71706
3178 1791255593144693 80758
3179 1791255593163371 77345
3180 1791255593189805 86145
3181 1791255593198031 74652
3182 1791255593223285 79851
3183 1791255593244006 80632
3184 1791255593261519 77451
3185 1791255593289513 84096
3186 1791255593303057 79768
3187 1791255593319140 75130
3188 1791255593341632 78457
3189 1791255593365841 82076
3190 1791255593375849 72787
3191 1791255593394576 71043
3192 1791255593405935 62571
3193 1791255593424063 59274
3194 1791255593444355 60186
3195 1791255593454773 48834
3196 1791255593473339 50175
3197 1791255593486227 41870
3198 1791255593501573 37844
3199 1791255593517681 34904
3200 1791255593536926 31181
3201 1791255593552574 24672
3202 1791255593574619 27899
3203 1791255593597107 33295
3204 1791255593611527 28725
3205 1791255593645695 40805
3206 1791255593677137 49826
3207 1791255593691623 46775
3208 1791255593704152 40089
3209 1791255593725720 40655
3210 1791255593744622 41336
3211 1791255593762768 38778
3212 1791255593787656 43032
3213 1791255593808323 45552
3214 1791255593826486 41916
3215 1791255593845631 41234
3216 1791255593873503 50854
3217 1791255593894211 50245
3218 1791255593911512 48601
3219 1791255593922987 38696
3220 1791255593952118 47248
3221 1791255593964355 41413
3222 1791255593994234 50599
3223 1791255594013572 49587
3224 1791255594033228 50139
3225 1791255594048813 41157
3226 1791255594072050 48542
3227 1791255594110427 63051
3228 1791255594116431 45169
3229 1791255594134594 48325
3230 1791255594148633 44628
3231 1791255594182237 57313
3232 1791255594203475 55746
3233 1791255594224233 59430
3234 1791255594244102 60345
3235 1791255594269811 66331
3236 1791255594276305 52069
3237 1791255594296943 52837
3238 1791255594336005 66191
3239 1791255594349136 65183
3240 1791255594365642 61017
3241 1791255594382595 59592
3242 1791255594406049 61814
3243 1791255594428533 63393
3244 1791255594446280 63682
3245 1791255594482555 76503
3246 1791255594495682 71572
3247 1791255594515895 72699
3248 1791255594540079 72941
3249 1791255594560243 77685
3250 1791255594572627 67193
3251 1791255594599705 75554
3252 1791255594613239 68715
3253 1791255594629532 65512
3254 1791255594652297 68553
3255 1791255594670344 66041
3256 1791255594697986 74238
3257 1791255594714475 70169
3258 1791255594732582 70105
3259 1791255594758253 75627
3260 1791255594788160 81826
3261 1791255594810590 84457
3262 1791255594826352 83194
3263 1791255594847437 83202
3264 1791255594873850 89475
3265 1791255594885765 75172
3266 1791255594910868 86429
3267 1791255594922937 80515
3268 1791255594941842 77531
3269 1791255594962962 79637
3270 1791255594983371 78756
3271 1791255594998604 75660
3272 1791255595016192 73058
3273 1791255595037151 74185
3274 1791255595059295 75921
3275 1791255595081500 77706
3276 1791255595104344 80563
3277 1791255595126008 82572
3278 1791255595144587 77223
3279 1791255595170179 86067
3280 1791255595184394 81117
3281 1791255595202523 78298
3282 1791255595218589 74864
3283 1791255595240824 75876
3284 1791255595249539 65214
3285 1791255595274294 71768
3286 1791255595289591 65897
3287 1791255595305567 61000
3288 1791255595337358 67046
3289 1791255595349021 66109
3290 1791255595358502 52932
3291 1791255595367575 44335
3292 1791255595393562 50752
3293 1791255595407703 43609
3294 1791255595419422 34621
3295 1791255595447777 41026
3296 1791255595470860 47882
3297 1791255595484858 41234
3298 1791255595503064 39261
3299 1791255595514093 30284
3300 1791255595543204 40137
3301 1791255595569741 44422
3302 1791255595584306 41099
3303 1791255595602840 39081
3304 1791255595623089 39766
3305 1791255595641442 38599
3306 1791255595670925 47833
3307 1791255595685736 42518
3308 1791255595697268 33002
3309 1791255595730142 45573
3310 1791255595745212 41349
3311 1791255595766149 42455
3312 1791255595785054 41706
3313 1791255595799270 33117
3314 1791255595819950 34893
3315 1791255595839565 35393
3316 1791255595863360 38632
3317 1791255595884296 41550
3318 1791255595908232 44869
3319 1791255595923088 38789
3320 1791255595951424 43190
3321 1791255595953487 30396
3322 1791255595989281 41606
3323 1791255596004053 39925
3324 1791255596026059 41429
3325 1791255596044276 40208
3326 1791255596064355 40246
3327 1791255596087453 43173
3328 1791255596110797 47266
3329 1791255596135157 52458
3330 1791255596144095 40085
3331 1791255596175424 49135
3332 1791255596191154 47173
3333 1791255596211621 39477
3334 1791255596234144 46245
3335 1791255596257071 46326
3336 1791255596275551 47188
3337 1791255596286931 43036
3338 1791255596312454 48709
3339 1791255596329670 42736
3340 1791255596351526 47323
3341 1791255596371153 47010
3342 1791255596390308 47122
3343 1791255596408248 45205
3344 1791255596422642 39150
3345 1791255596450085 46345
3346 1791255596465503 42858
3347 1791255596494563 48995
3348 1791255596515155 51416
3349 1791255596535293 46905
3350 1791255596554416 51521
3351 1791255596577836 54163
3352 1791255596596475 52548
3353 1791255596614594 50982
3354 1791255596628203 43702
3355 1791255596649550 45657
3356 1791255596672906 49720
3357 1791255596697471 53307
3358 1791255596716574 49656
3359 1791255596733532 49253
3360 1791255596757437 50171
3361 1791255596782318 54059
3362 1791255596797375 53145
3363 1791255596822161 56113
3364 1791255596832238 49917
3365 1791255596854741 50280
3366 1791255596874223 49955
3367 1791255596898367 53505
3368 1791255596916052 52648
3369 1791255596936838 52121
3370 1791255596962580 60002
3371 1791255596982925 54106
3372 1791255597004884 60332
3373 1791255597032525 69942
3374 1791255597042072 59143
3375 1791255597072366 68747
3376 1791255597077353 53945
3377 1791255597107821 63971
3378 1791255597116058 51032
3379 1791255597148150 64980
3380 1791255597163066 60358
3381 1791255597180214 56810
3382 1791255597204506 56693
3383 1791255597217738 54668
3384 1791255597244025 60467
3385 1791255597265313 60911
3386 1791255597284820 61669
3387 1791255597304133 60500
3388 1791255597331206 66539
3389 1791255597346270 62858
3390 1791255597378200 74390
3391 1791255597389618 65399
3392 1791255597407687 61413
3393 1791255597423980 60476
3394 1791255597445146 60721
3395 1791255597463271 60090
3396 1791255597494333 70182
3397 1791255597499368 55655
3398 1791255597518242 54967
3399 1791255597545965 60893
3400 1791255597563065 58841
3401 1791255597590222 65475
3402 1791255597613898 67930
3403 1791255597625287 62218
3404 1791255597656144 68659
3405 1791255597672680 65054
3406 1791255597685098 60486
3407 1791255597709278 65224
3408 1791255597733425 68374
3409 1791255597744466 60942
3410 1791255597762329 55529
3411 1791255597785060 60882
3412 1791255597798506 54680
3413 1791255597818293 55961
3414 1791255597855682 71805
3415 1791255597876201 72662
3416 1791255597901449 78364
3417 1791255597907156 64392
3418 1791255597943829 73324
3419 1791255597954404 70286
3420 1791255597983829 79176
3421 1791255598005334 78865
3422 1791255598026881 83049
3423 1791255598049820 85891
3424 1791255598075083 91251
3425 1791255598092414 87874
3426 1791255598119082 95807
3427 1791255598129869 85721
3428 1791255598151925 86627
3429 1791255598168216 84943
3430 1791255598197632 86047
3431 1791255598212717 89563
3432 1791255598233163 90104
3433 1791255598253462 89975
3434 1791255598272265 87062
3435 1791255598290486 87120
3436 1791255598319014 95421
3437 1791255598347914 102403
3438 1791255598362253 99242
3439 1791255598386600 99446
3440 1791255598407582 102872
3441 1791255598415895 91495
3442 1791255598444715 101442
3443 1791255598457288 93742
3444 1791255598484968 98365
3445 1791255598497563 89977
3446 1791255598511685 87576
3447 1791255598530532 86711
3448 1791255598545575 82045
3449 1791255598573720 88748
3450 1791255598584805 81676
3451 1791255598606694 82714
3452 1791255598636491 93042
3453 1791255598644195 80210
3454 1791255598657666 72858
3455 1791255598675589 72484
3456 1791255598700851 77888
3457 1791255598723771 79571
3458 1791255598728546 64747
3459 1791255598749360 63976
3460 1791255598771253 66357
3461 1791255598792267 68494
3462 1791255598804562 61430
3463 1791255598826018 61816
3464 1791255598851023 63265
3465 1791255598863738 59758
3466 1791255598888388 64300
3467 1791255598905232 60803
3468 1791255598926888 63244
3469 1791255598953768 69709
3470 1791255598965607 61975
3471 1791255598991120 67648
3472 1791255599010511 66972
3473 1791255599034602 70929
3474 1791255599060651 77049
3475 1791255599077632 73960
3476 1791255599098209 68716
3477 1791255599119546 75683
3478 1791255599135701 69600
3479 1791255599156570 72268
3480 1791255599179412 75549
3481 1791255599199360 75908
3482 1791255599220363 76788
3483 1791255599240441 76688
3484 1791255599259638 76417
3485 1791255599277900 74267
3486 1791255599297941 72393
3487 1791255599314811 67950
3488 1791255599337169 70944
3489 1791255599347435 61500
3490 1791255599365343 61702
3491 1791255599396977 72464
3492 1791255599416188 70129
3493 1791255599436503 73452
3494 1791255599454051 70712
3495 1791255599476763 71142
3496 1791255599499034 74963
3497 1791255599519810 76954
3498 1791255599541545 77308
3499 1791255599558514 74200
3500 1791255599589895 84058
3501 1791255599607114 81712
3502 1791255599633518 87665
3503 1791255599644442 79306
3504 1791255599669368 79469
3505 1791255599686469 79352
3506 1791255599704771 80127
3507 1791255599714730 71577
3508 1791255599729266 65631
3509 1791255599753335 70019
3510 1791255599774683 71231
3511 1791255599806158 81211
3512 1791255599817254 73017
3513 1791255599842043 78255
3514 1791255599865685 81034
3515 1791255599874223 69212
3516 1791255599897186 72117
3517 1791255599914058 69586
3518 1791255599942425 77919
3519 1791255599959513 71256
3520 1791255599982002 77739
3521 1791255600002553 77417
3522 1791255600014846 72418
3523 1791255600034603 71381
3524 1791255600050954 67180
3525 1791255600072539 69982
3526 1791255600089006 59807
3527 1791255600099116 53800
3528 1791255600121314 57415
3529 1791255600134957 51332
3530 1791255600153383 49012
3531 1791255600165748 41260
3532 1791255600184823 41121
3533 1791255600192589 29357
3534 1791255600215599 31259
3535 1791255600243416 40111
3536 1791255600253867 30833
3537 1791255600278611 35191
3538 1791255600296349 32280
3539 1791255600313835 28978
3540 1791255600341113 37325
3541 1791255600369254 46033
3542 1791255600375660 31632
3543 1791255600404619 40891
3544 1791255600415496 32242
3545 1791255600442626 38004
3546 1791255600462245 38838
3547 1791255600479882 37244
3548 1791255600498856 35431
3549 1791255600516332 33152
3550 1791255600546448 42143
3551 1791255600555422 31836
3552 1791255600572739 29400
3553 1791255600606242 39987
3554 1791255600615370 32295
3555 1791255600643377 37132
3556 1791255600656234 32360
3557 1791255600676303 33110
3558 1791255600698215 34799
3559 1791255600720305 36411
3560 1791255600740009 34707
3561 1791255600753769 29988
3562 1791255600777407 34233
3563 1791255600795203 31711
3564 1791255600823650 39599
3565 1791255600837317 31779
3566 1791255600860012 36360
3567 1791255600878322 35737
3568 1791255600902594 37070
3569 1791255600925238 40935
3570 1791255600938135 35539
3571 1791255600962266 37410
3572 1791255600982252 35488
3573 1791255600997563 32136
3574 1791255601026147 42288
3575 1791255601047226 43900
3576 1791255601054087 29433
3577 1791255601079320 32109
3578 1791255601103434 37281
3579 1791255601118304 35848
3580 1791255601144866 41550
3581 1791255601164080 41179
3582 1791255601176228 31847
3583 1791255601191488 27405
3584 1791255601220358 36400
3585 1791255601242399 39648
3586 1791255601263606 38891
3587 1791255601281568 39167
3588 1791255601298086 34477
3589 1791255601319236 35041
3590 1791255601345083 41580
3591 1791255601356221 31784
3592 1791255601376919 31832
3593 1791255601398521 34354
3594 1791255601427940 44200
3595 1791255601448584 44701
3596 1791255601469748 41805
3597 1791255601491837 43250
3598 1791255601512010 48220
3599 1791255601530710 44787
3600 1791255601552837 49623
3601 1791255601583960 54065
3602 1791255601595473 50506
3603 1791255601623532 59956
3604 1791255601643044 59081
3605 1791255601663512 59861
3606 1791255601686218 62684
3607 1791255601706126 63079
3608 1791255601717725 54209
3609 1791255601735419 52143
3610 1791255601770787 66336
3611 1791255601790700 66677
3612 1791255601806209 62060
3613 1791255601833091 68099
3614 1791255601861632 76662
3615 1791255601862273 58759
3616 1791255601897475 66888
3617 1791255601906047 62257
3618 1791255601935799 72187
3619 1791255601935804 51529
3620 1791255601959298 55787
3621 1791255601990215 66469
3622 1791255602007690 63853
3623 1791255602025263 62045
3624 1791255602055063 71551
3625 1791255602073014 69738
3626 1791255602094931 71554
3627 1791255602114453 70865
3628 1791255602134663 71401
3629 1791255602155152 71669
3630 1791255602177407 74114
3631 1791255602199397 76845
3632 1791255602218738 73074
3633 1791255602233034 68267
3634 1791255602256819 74008
3635 1791255602273823 71186
3636 1791255602302916 78447
3637 1791255602323503 79055
3638 1791255602347017 83385
3639 1791255602364179 76097
3640 1791255602375547 72628
3641 1791255602404326 80819
3642 1791255602421834 78811
3643 1791255602443662 79480
3644 1791255602467765 84021
3645 1791255602490929 86600
3646 1791255602514697 89839
3647 1791255602527731 84065
3648 1791255602563382 100124
3649 1791255602580733 95849
3650 1791255602592001 88677
3651 1791255602610520 85597
3652 1791255602626004 81287
3653 1791255602635590 72202
3654 1791255602662063 75843
3655 1791255602683679 80151
3656 1791255602701767 77529
3657 1791255602717500 74104
3658 1791255602735509 71446
3659 1791255602756114 72431
3660 1791255602776985 73396
3661 1791255602797968 73402
3662 1791255602811338 62445
3663 1791255602832879 69509
3664 1791255602853749 67816
3665 1791255602869212 63673
3666 1791255602886620 58876
3667 1791255602894403 49726
3668 1791255602929370 60875
3669 1791255602937528 53432
3670 1791255602954430 49798
3671 1791255602989042 59669
3672 1791255602991676 48299
3673 1791255603019551 56760
3674 1791255603027245 43407
3675 1791255603059424 55836
3676 1791255603082169 56822
3677 1791255603096491 52037
3678 1791255603114192 51428
3679 1791255603132819 49281
3680 1791255603161633 58392
3681 1791255603167069 43605
3682 1791255603209336 64572
3683 1791255603228386 62713
3684 1791255603245792 61064
3685 1791255603269510 60165
3686 1791255603290208 61819
3687 1791255603306240 61919
3688 1791255603331703 62189
3689 1791255603347621 57409
3690 1791255603354630 50290
3691 1791255603381986 52391
3692 1791255603395688 51774
3693 1791255603417433 53526
3694 1791255603444334 58293
3695 1791255603455185 52239
3696 1791255603483430 60025
3697 1791255603507148 62811
3698 1791255603519071 48826
3699 1791255603539556 56122
3700 1791255603562059 58150
3701 1791255603594075 69223
3702 1791255603612288 67724
3703 1791255603624655 57444
3704 1791255603642665 58012
3705 1791255603663835 60246
3706 1791255603678902 55397
3707 1791255603705064 62396
3708 1791255603715780 51942
3709 1791255603746258 61449
3710 1791255603763840 58773
3711 1791255603782753 59800
3712 1791255603804538 59277
3713 1791255603824149 60306
3714 1791255603845196 62439
3715 1791255603874685 71046
3716 1791255603887236 64180
3717 1791255603906687 62256
3718 1791255603914355 50760
3719 1791255603951916 68972
3720 1791255603971947 68424
3721 1791255603986281 62562
3722 1791255604005753 62450
3723 1791255604031536 64457
3724 1791255604050894 66577
3725 1791255604078353 72596
3726 1791255604088499 64940
3727 1791255604116666 71514
3728 1791255604127291 62545
3729 1791255604152061 67205
3730 1791255604183026 76607
3731 1791255604194619 70660
3732 1791255604217123 73272
3733 1791255604235770 67259
3734 1791255604256515 73472
3735 1791255604283574 72847
3736 1791255604293530 69876
3737 1791255604313643 70023
3738 1791255604327067 62278
3739 1791255604347638 64060
3740 1791255604350580 45980
3741 1791255604363808 36738
3742 1791255604373706 30347
3743 1791255604393836 30171
3744 1791255604404090 20871
3745 1791255604433055 28961
3746 1791255604454092 29140
3747 1791255604472958 26200
3748 1791255604489219 25791
3749 1791255604508054 24954
3750 1791255604534756 26699
3751 1791255604546466 23027
3752 1791255604565265 21881
3753 1791255604586050 22456
3754 1791255604607286 21234
3755 1791255604628533 22929
3756 1791255604647252 20330
3757 1791255604666101 21385
3758 1791255604691321 27410
3759 1791255604708039 24726
3760 1791255604732064 24022
3761 1791255604748525 24225
3762 1791255604764861 20934
3763 1791255604787099 22234
3764 1791255604810596 26308
3765 1791255604824792 21542
3766 1791255604844081 21111
3767 1791255604870229 26189
3768 1791255604884670 20815
3769 1791255604908693 24021
3770 1791255604925713 22668
3771 1791255604946492 20775
3772 1791255604972890 29023
3773 1791255604992125 28567
3774 1791255605017049 30566
3775 1791255605032143 28024
3776 1791255605048040 23744
3777 1791255605073305 29432
3778 1791255605091802 27553
3779 1791255605106479 21617
3780 1791255605129558 23075
3781 1791255605153392 29636
3782 1791255605166862 23830
3783 1791255605191287 24421
3784 1791255605204358 20867
3785 1791255605226264 21903
3786 1791255605245383 22379
3787 1791255605266393 22365
3788 1791255605284426 21044
3789 1791255605304211 20936
3790 1791255605328346 24132
3791 1791255605352723 24372
3792 1791255605368518 24226
3793 1791255605390556 25809
3794 1791255605407278 23416
3795 1791255605432763 25481
3796 1791255605451304 25287
3797 1791255605464078 21039
3798 1791255605486803 22722
3799 1791255605513753 29313
3800 1791255605524209 20782
3801 1791255605549218 25233
3802 1791255605565799 21821
3803 1791255605593163 29424
3804 1791255605610419 25698
3805 1791255605626301 22556
3806 1791255605645477 22114
3807 1791255605667422 21941
3808 1791255605686740 21209
3809 1791255605704447 21004
3810 1791255605725289 20839
3811 1791255605755379 30087
3812 1791255605765617 21171
3813 1791255605784526 21832
3814 1791255605805298 20768
3815 1791255605826157 21700
3816 1791255605848964 25809
3817 1791255605872366 23399
3818 1791255605890349 26865
3819 1791255605910932 28081
3820 1791255605923697 20957
3821 1791255605947452 23752
3822 1791255605969442 24571
3823 1791255605985889 22027
3824 1791255606005994 22231
3825 1791255606027687 21686
3826 1791255606054461 26932
3827 1791255606076694 32316
3828 1791255606087481 24393
3829 1791255606106163 22474
3830 1791255606128465 22299
3831 1791255606146783 23232
3832 1791255606165874 21298
3833 1791255606187867 22134
3834 1791255606211766 23895
3835 1791255606224188 21157
3836 1791255606252852 28661
3837 1791255606270984 26878
3838 1791255606285170 21789
3839 1791255606312229 28106
3840 1791255606329531 24744
3841 1791255606349979 26291
3842 1791255606365798 22303
3843 1791255606385442 21211
3844 1791255606406265 21117
3845 1791255606428754 25251
3846 1791255606455096 26338
3847 1791255606465549 22361
3848 1791255606492350 26798
3849 1791255606508452 25247
3850 1791255606525911 22055
3851 1791255606551126 27291
3852 1791255606566642 21191
3853 1791255606587245 21087
3854 1791255606613497 30682
3855 1791255606633551 29929
3856 1791255606649084 24241
3857 1791255606665990 22677
3858 1791255606686857 22351
3859 1791255606708227 21365
3860 1791255606725475 21237
3861 1791255606748057 22576
3862 1791255606775997 31475
3863 1791255606789160 24348
3864 1791255606806690 21500
3865 1791255606833193 27345
3866 1791255606845601 22678
3867 1791255606874569 28966
3868 1791255606891381 22722
3869 1791255606906697 23604
3870 1791255606931506 24807
3871 1791255606955301 28297
3872 1791255606971109 23216
3873 1791255606985371 21898
3874 1791255607006204 21903
3875 1791255607026232 22855
3876 1791255607052611 28442
3877 1791255607069848 25792
3878 1791255607086051 22766
3879 1791255607112264 28036
3880 1791255607128383 24695
3881 1791255607150031 25969
3882 1791255607164026 21432
3883 1791255607193748 29719
3884 1791255607205378 21665
3885 1791255607225175 22235
3886 1791255607249333 26033
3887 1791255607273167 24021
3888 1791255607284816 20729
3889 1791255607311864 28328
3890 1791255607330576 27262
3891 1791255607345276 21920
3892 1791255607363850 20840
3893 1791255607389994 26202
3894 1791255607405730 22261
3895 1791255607434379 31209
3896 1791255607447725 24714
3897 1791255607473381 25653
3898 1791255607483772 20763
3899 1791255607504633 20857
3900 1791255607527253 22617
3901 1791255607550959 23702
3902 1791255607567299 22899
3903 1791255607585633 22266
3904 1791255607607013 24608
3905 1791255607629706 22690
3906 1791255607646351 21166
3907 1791255607664234 21160
3908 1791255607685027 20834
3909 1791255607713725 29651
3910 1791255607724308 21181
3911 1791255607747811 23551
3912 1791255607765398 20795
3913 1791255607792491 29242
3914 1791255607809037 25011
3915 1791255607828122 23384
3916 1791255607845435 21976
3917 1791255607871870 28489
3918 1791255607891600 28420
3919 1791255607905881 21915
3920 1791255607926787 22855
3921 1791255607953535 28375
3922 1791255607969785 25876
3923 1791255607985485 21810
3924 1791255608010580 25092
3925 1791255608028010 23633
3926 1791255608049520 26196
3927 1791255608070741 21279
3928 1791255608087658 23993
3929 1791255608111905 24289
3930 1791255608125322 21484
3931 1791255608148294 24996
3932 1791255608166716 23076
3933 1791255608184551 22093
3934 1791255608212918 28364
3935 1791255608229393 24953
3936 1791255608244479 20867
3937 1791255608265814 21480
3938 1791255608286637 21096
3939 1791255608311243 26889
3940 1791255608329762 25415
3941 1791255608345240 21746
3942 1791255608364738 21668
3943 1791255608388196 23455
3944 1791255608415184 27254
3945 1791255608429340 22976
3946 1791255608446223 21995
3947 1791255608463227 20769
3948 1791255608485526 22295
3949 1791255608504343 20375
3950 1791255608532766 28420
3951 1791255608552870 29656
3952 1791255608570323 25937
3953 1791255608584587 21157
3954 1791255608604475 20791
3955 1791255608626745 23640
3956 1791255608645295 20494
3957 1791255608673950 31101
3958 1791255608684378 21232
3959 1791255608705851 21470
3960 1791255608726618 22987
3961 1791255608744841 21114
3962 1791255608765175 22065
3963 1791255608784750 21593
3964 1791255608806669 21981
3965 1791255608826697 23532
3966 1791255608846818 22138
3967 1791255608874069 29341
3968 1791255608885703 22431
3969 1791255608906505 22685
3970 1791255608925737 21178
3971 1791255608946289 23238
3972 1791255608968547 24044
3973 1791255608984719 20747
3974 1791255609006425 21704
3975 1791255609025139 20752
3976 1791255609045502 21952
3977 1791255609065288 22013
3978 1791255609083832 20707
3979 1791255609113897 30062
3980 1791255609124100 20702
3981 1791255609147843 23740
3982 1791255609169737 21891
3983 1791255609185393 21501
3984 1791255609212735 27339
3985 1791255609228975 24721
3986 1791255609244664 21808
3987 1791255609265172 21739
3988 1791255609288511 24340
3989 1791255609311457 27636
3990 1791255609328225 24647
3991 1791255609345563 22253
3992 1791255609373215 29666
3993 1791255609386200 23505
3994 1791255609408216 22013
3995 1791255609425158 21429
3996 1791255609451554 27381
3997 1791255609469404 26061
3998 1791255609491887 26382
3999 1791255609514832 28604
4000 1791255609528056 21162
4001 1791255609545588 22083
4002 1791255609566424 22898
4003 1791255609594596 30049
4004 1791255609605675 22041
4005 1791255609624414 21024
4006 1791255609653939 29522
4007 1791255609664340 21001
4008 1791255609692091 28917
4009 1791255609704310 20933
4010 1791255609727253 22940
4011 1791255609753501 30909
4012 1791255609772951 29052
4013 1791255609788304 25442
4014 1791255609805634 22038
4015 1791255609827348 21709
4016 1791255609850886 26836
4017 1791255609865994 21851
4018 1791255609894097 28098
4019 1791255609913793 25746
4020 1791255609932887 24898
4021 1791255609951408 27878
4022 1791255609966690 22832
4023 1791255609985155 21486
4024 1791255610004429 21299
4025 1791255610025175 20743
4026 1791255610046227 22535
4027 1791255610071791 26811
4028 1791255610088658 23425
4029 1791255610107420 23415
4030 1791255610131190 26445
4031 1791255610145925 21899
4032 1791255610172793 27592
4033 1791255610185509 21803
4034 1791255610210411 24898
4035 1791255610233649 28282
4036 1791255610254439 27748
4037 1791255610272588 24807
4038 1791255610286264 22350
4039 1791255610312291 26020
4040 1791255610333682 27510
4041 1791255610346033 23138
4042 1791255610375373 29335
4043 1791255610387401 23294
4044 1791255610412448 27126
4045 1791255610433749 30991
4046 1791255610445112 21853
4047 1791255610473715 28597
4048 1791255610485188 22012
4049 1791255610504283 21356
4050 1791255610530183 25894
4051 1791255610543498 20744
4052 1791255610568918 25416
4053 1791255610584060 20767
4054 1791255610607702 23765
4055 1791255610633593 25889
4056 1791255610644230 21092
4057 1791255610668834 24599
4058 1791255610685498 21794
4059 1791255610707306 21798
4060 1791255610729129 25068
4061 1791255610753168 28501
4062 1791255610773231 28648
4063 1791255610789012 25051
4064 1791255610805289 21878
4065 1791255610827005 23753
4066 1791255610853333 26326
4067 1791255610872307 27284
4068 1791255610890240 27495
4069 1791255610907497 23879
4070 1791255610924336 20728
4071 1791255610945434 21096
4072 1791255610966120 22563
4073 1791255610993829 27706
4074 1791255611006599 23091
4075 1791255611034733 28131
4076 1791255611045887 22496
4077 1791255611076184 30292
4078 1791255611086317 20494
4079 1791255611110392 27022
4080 1791255611125395 22727
4081 1791255611151356 25959
4082 1791255611168544 25786
4083 1791255611186699 22914
4084 1791255611205202 22301
4085 1791255611227108 23829
4086 1791255611253397 26286
4087 1791255611270376 25083
4088 1791255611287626 24035
4089 1791255611306772 24107
4090 1791255611327970 25246
4091 1791255611352698 24723
4092 1791255611371542 23395
4093 1791255611388307 23477
4094 1791255611412722 24409
4095 1791255611428647 23937
4096 1791255611445942 22075
4097 1791255611467372 21424
4098 1791255611488133 24311
4099 1791255611508194 25470
4100 1791255611526920 22687
4101 1791255611548064 23264
4102 1791255611565497 21754
4103 1791255611590794 26813
4104 1791255611608383 25281
4105 1791255611626486 22548
4106 1791255611645652 20997
4107 1791255611663940 21069
4108 1791255611694300 30357
4109 1791255611704496 21134
4110 1791255611725071 20897
4111 1791255611753668 28594
4112 1791255611773596 29384
4113 1791255611796357 30293
4114 1791255611808269 25524
4115 1791255611827217 21733
4116 1791255611854383 27528
4117 1791255611865985 21981
4118 1791255611886767 22882
4119 1791255611908767 21997
4120 1791255611925905 22151
4121 1791255611946542 20633
4122 1791255611965236 21362
4123 1791255611986589 23207
4124 1791255612009071 25360
4125 1791255612028281 24630
4126 1791255612048815 25475
4127 1791255612073507 24770
4128 1791255612093614 29540
4129 1791255612104342 21468
4130 1791255612123974 20963
4131 1791255612145839 21861
4132 1791255612174469 28731
4133 1791255612185207 22172
4134 1791255612204185 20966
4135 1791255612228070 23880
4136 1791255612253128 25054
4137 1791255612271899 24714
4138 1791255612289484 24186
4139 1791255612313778 24290
4140 1791255612324122 20688
4141 1791255612345588 21462
# sent 4142 received 4142
