0 1791336930612402 24564
1 1791336930636661 24237
2 1791336930654661 25637
3 1791336930677390 25668
4 1791336930695746 23437
5 1791336930714304 25850
6 1791336930738702 24395
7 1791336930753825 22342
8 1791336930777219 23390
9 1791336930796477 26059
10 1791336930817039 24729
11 1791336930836740 28018
12 1791336930857008 25879
13 1791336930876846 25077
14 1791336930896765 23692
15 1791336930911686 21668
16 1791336930937227 25536
17 1791336930950226 21003
18 1791336930976064 25835
19 1791336930995564 26280
20 1791336931013566 23699
21 1791336931037481 23990
22 1791336931059352 28469
23 1791336931076008 26522
24 1791336931097996 28453
25 1791336931117223 24785
26 1791336931129471 20838
27 1791336931149480 20785
28 1791336931170162 20810
29 1791336931194647 24480
30 1791336931218063 29191
31 1791336931237624 28564
32 1791336931255173 23772
33 1791336931269745 20677
34 1791336931291129 22599
35 1791336931315962 24829
36 1791336931337199 24760
37 1791336931356019 24259
38 1791336931376775 26283
39 1791336931396338 22928
40 1791336931416260 25471
41 1791336931432173 23018
42 1791336931458328 26152
43 1791336931476323 23204
44 1791336931496834 26867
45 1791336931515602 26145
46 1791336931536444 20916
47 1791336931557914 29167
48 1791336931575324 21298
49 1791336931593314 24883
50 1791336931616541 23222
51 1791336931637981 26331
52 1791336931657043 24270
53 1791336931677242 24490
54 1791336931696621 25270
55 1791336931718278 26822
56 1791336931736494 23855
57 1791336931757804 27721
58 1791336931776285 26539
59 1791336931794051 22329
60 1791336931810706 22090
61 1791336931835846 25137
62 1791336931855144 25437
63 1791336931877904 28115
64 1791336931896203 23321
65 1791336931912028 21736
66 1791336931938561 26529
67 1791336931949238 21070
68 1791336931973443 24379
69 1791336931991053 22595
70 1791336932015804 27142
71 1791336932038645 26698
72 1791336932059040 24813
73 1791336932077773 25342
74 1791336932098500 26798
75 1791336932116042 22953
76 1791336932135975 26457
77 1791336932153072 23991
78 1791336932170499 21970
79 1791336932190079 21825
80 1791336932216051 26141
81 1791336932233029 20893
82 1791336932249500 21056
83 1791336932270113 21898
84 1791336932292027 23158
85 1791336932318066 28028
86 1791336932340259 27699
87 1791336932353384 24979
88 1791336932371718 23339
89 1791336932397635 25912
90 1791336932417982 24261
91 1791336932430660 21866
92 1791336932457188 26524
93 1791336932477168 26059
94 1791336932497121 27049
95 1791336932517427 27636
96 1791336932541607 30128
97 1791336932552999 22286
98 1791336932575886 22975
99 1791336932596911 26635
100 1791336932616868 25259
101 1791336932635334 24232
102 1791336932659444 29469
103 1791336932678336 24489
104 1791336932697171 25652
105 1791336932718060 25783
106 1791336932736457 24469
107 1791336932766811 35570
108 1791336932777088 25448
109 1791336932795418 22981
110 1791336932811283 22665
111 1791336932836878 25591
112 1791336932856990 22844
113 1791336932874624 22267
114 1791336932894752 26517
115 1791336932922225 27469
116 1791336932933642 22953
117 1791336932959539 31111
118 1791336932978021 24284
119 1791336932994507 24292
120 1791336933016129 27040
121 1791336933036871 20738
122 1791336933056746 28407
123 1791336933077479 28983
124 1791336933095153 26207
125 1791336933113752 24952
126 1791336933137861 24410
127 1791336933151301 21961
128 1791336933176334 25030
129 1791336933194948 25847
130 1791336933211269 22321
131 1791336933234436 26035
132 1791336933256155 27782
133 1791336933277224 21066
134 1791336933291553 21448
135 1791336933317202 25642
136 1791336933335363 26073
137 1791336933351828 23495
138 1791336933377188 25483
139 1791336933397324 23941
140 1791336933416842 24837
141 1791336933434780 25732
142 1791336933454575 26470
143 1791336933479068 24490
144 1791336933495153 24668
145 1791336933515502 25515
146 1791336933531902 23471
147 1791336933558076 28772
148 1791336933577166 25915
149 1791336933596371 28106
150 1791336933616602 27987
151 1791336933636843 26347
152 1791336933649496 20436
153 1791336933672405 22905
154 1791336933694618 25852
155 1791336933716184 27128
156 1791336933736326 27256
157 1791336933756041 26495
158 1791336933774187 24916
159 1791336933797880 29512
160 1791336933819524 24347
161 1791336933835444 27284
162 1791336933854153 24638
163 1791336933878631 29660
164 1791336933900873 26837
165 1791336933915929 27195
166 1791336933931174 22868
167 1791336933949366 21329
168 1791336933970939 21571
169 1791336933996036 27490
170 1791336934012920 24410
171 1791336934034844 26247
172 1791336934050350 21932
173 1791336934071634 22204
174 1791336934096520 24882
175 1791336934118627 25857
176 1791336934135033 21587
177 1791336934156829 27638
178 1791336934173801 25089
179 1791336934198337 28315
180 1791336934222692 28281
181 1791336934235614 23553
182 1791336934253791 24947
183 1791336934270991 21676
184 1791336934296047 25052
185 1791336934317347 26396
186 1791336934335974 24253
187 1791336934354773 26151
188 1791336934376474 27878
189 1791336934399901 23423
190 1791336934416834 27458
191 1791336934435348 26930
192 1791336934456326 27004
193 1791336934474871 23431
194 1791336934497703 28658
195 1791336934516695 23417
196 1791336934538753 27512
197 1791336934555117 22665
198 1791336934578097 23034
199 1791336934595204 26782
200 1791336934612170 23299
201 1791336934630735 22312
202 1791336934659287 28548
203 1791336934682348 28182
204 1791336934698451 25330
205 1791336934715081 24549
206 1791336934732821 22647
207 1791336934752843 23531
208 1791336934775953 23106
209 1791336934797874 27651
210 1791336934820117 26875
211 1791336934837152 24241
212 1791336934850419 21851
213 1791336934876820 26516
214 1791336934899649 29090
215 1791336934916520 26971
216 1791336934938752 22228
217 1791336934957318 26180
218 1791336934976078 24993
219 1791336934996107 23894
220 1791336935014422 24210
221 1791336935031269 22747
222 1791336935057141 28357
223 1791336935078379 23819
224 1791336935098309 29961
225 1791336935113505 24880
226 1791336935134515 25626
227 1791336935161578 32662
228 1791336935177219 22671
229 1791336935195312 25525
230 1791336935215871 26689
231 1791336935236597 26208
232 1791336935258859 28576
233 1791336935277477 25768
234 1791336935297410 26213
235 1791336935318514 25592
236 1791336935338469 29019
237 1791336935356146 23398
238 1791336935377062 25536
239 1791336935393002 24214
240 1791336935416250 27964
241 1791336935435491 26095
242 1791336935455734 27283
243 1791336935475349 26635
244 1791336935490298 21338
245 1791336935514451 24149
246 1791336935534347 25854
247 1791336935554572 26026
248 1791336935576998 28508
249 1791336935598963 25487
250 1791336935612116 23604
251 1791336935628950 20561
252 1791336935652684 23732
253 1791336935675535 26870
254 1791336935701272 25731
255 1791336935717066 28387
256 1791336935735020 24543
257 1791336935750313 22064
258 1791336935777660 29112
259 1791336935796688 24206
260 1791336935817131 25532
261 1791336935835747 22764
262 1791336935863869 35360
263 1791336935888789 24985
264 1791336935896401 27791
265 1791336935913015 24222
266 1791336935936915 23897
267 1791336935952372 22448
268 1791336935975656 23162
269 1791336935996464 26208
270 1791336936017134 25178
271 1791336936036576 22978
272 1791336936057426 27141
273 1791336936075737 22785
274 1791336936098610 28854
275 1791336936117574 25204
276 1791336936139743 28982
277 1791336936157977 22718
278 1791336936173726 23704
279 1791336936196214 26569
280 1791336936217123 25815
281 1791336936235653 22367
282 1791336936250572 21928
283 1791336936277240 26665
284 1791336936297133 25978
285 1791336936317923 26456
286 1791336936335140 26812
287 1791336936355963 27610
288 1791336936372752 24271
289 1791336936398143 29290
290 1791336936413458 24175
291 1791336936435471 26833
292 1791336936456240 27467
293 1791336936472849 22582
294 1791336936495514 22663
295 1791336936511422 23368
296 1791336936536977 25673
297 1791336936559647 29313
298 1791336936577062 24253
299 1791336936591274 21972
300 1791336936612862 24520
301 1791336936649196 36433
302 1791336936659656 31241
303 1791336936670327 21128
304 1791336936697058 27319
305 1791336936718312 26051
306 1791336936737356 23461
307 1791336936760157 31424
308 1791336936774920 20980
309 1791336936796510 27502
310 1791336936817262 27437
311 1791336936831587 22868
312 1791336936854480 25107
313 1791336936875959 27143
314 1791336936896423 25528
315 1791336936916244 26273
316 1791336936941864 25664
317 1791336936956676 27377
318 1791336936976877 28909
319 1791336937005561 28680
320 1791336937011716 23599
321 1791336937035164 23443
322 1791336937056272 24845
323 1791336937076994 26255
324 1791336937098711 28204
325 1791336937115105 26855
326 1791336937138042 22933
327 1791336937155834 24999
328 1791336937174238 25979
329 1791336937196234 26605
330 1791336937212241 22276
331 1791336937231356 21281
332 1791336937256479 25750
333 1791336937276456 22493
334 1791336937290475 21204
335 1791336937319641 29162
336 1791336937335378 22232
337 1791336937353656 23167
338 1791336937382862 34179
339 1791336937396908 21678
340 1791336937414033 25510
341 1791336937435922 27731
342 1791336937457127 27789
343 1791336937476325 27718
344 1791336937496095 26822
345 1791336937513888 25326
346 1791336937529036 20659
347 1791336937556767 28498
348 1791336937575269 26850
349 1791336937596499 26143
350 1791336937613346 24602
351 1791336937636443 23451
352 1791336937656219 26964
353 1791336937677005 27516
354 1791336937697181 22900
355 1791336937715405 24352
356 1791336937736515 24868
357 1791336937758093 28782
358 1791336937779200 21104
359 1791336937798295 29697
360 1791336937816611 28111
361 1791336937838138 28796
362 1791336937857583 27856
363 1791336937869546 20841
364 1791336937896525 27258
365 1791336937915933 27099
366 1791336937934265 24161
367 1791336937958415 24146
368 1791336937976747 26693
369 1791336937994619 25184
370 1791336938014406 25103
371 1791336938041082 26673
372 1791336938056376 25936
373 1791336938074525 26078
374 1791336938094814 26247
375 1791336938118771 23953
376 1791336938136346 23038
377 1791336938155986 26645
378 1791336938177968 27353
379 1791336938198660 30432
380 1791336938214709 26123
381 1791336938239402 24743
382 1791336938255574 26800
383 1791336938275912 27112
384 1791336938293259 24106
385 1791336938309958 21598
386 1791336938331295 21322
387 1791336938350582 21456
388 1791336938374828 26098
389 1791336938390123 21090
390 1791336938418055 27929
391 1791336938437492 24515
392 1791336938456960 27248
393 1791336938486717 29802
394 1791336938497249 25203
395 1791336938512250 21171
396 1791336938530681 22208
397 1791336938552278 23101
398 1791336938579592 27310
399 1791336938595755 24355
400 1791336938620892 30889
401 1791336938638471 24981
402 1791336938658461 24990
403 1791336938670722 21941
404 1791336938692797 22070
405 1791336938716748 27350
406 1791336938736639 23704
407 1791336938759861 30876
408 1791336938778340 29153
409 1791336938805784 32326
410 1791336938821207 27633
411 1791336938839286 29953
412 1791336938855437 26068
413 1791336938876284 27673
414 1791336938891982 21995
415 1791336938926614 35743
416 1791336938936948 28629
417 1791336938958066 28423
418 1791336938976427 26747
419 1791336939004899 36352
420 1791336939027628 31241
421 1791336939036584 27888
422 1791336939066908 30580
423 1791336939077788 23533
424 1791336939102778 34270
425 1791336939126508 29958
426 1791336939141579 26618
427 1791336939152184 23553
428 1791336939176894 28109
429 1791336939193830 25404
430 1791336939223133 34365
431 1791336939241154 29819
432 1791336939254117 25606
433 1791336939278849 30017
434 1791336939298381 26565
435 1791336939316858 27553
436 1791336939346910 37496
437 1791336939358897 29409
438 1791336939377099 28877
439 1791336939403469 30383
440 1791336939419236 30772
441 1791336939438183 25897
442 1791336939462019 30721
443 1791336939474875 26392
444 1791336939501995 32920
445 1791336939520037 29651
446 1791336939535949 26662
447 1791336939558928 30568
448 1791336939577520 29196
449 1791336939607660 36954
450 1791336939619152 27768
451 1791336939644357 32408
452 1791336939655339 24313
453 1791336939679914 31184
454 1791336939698102 29510
455 1791336939716553 25065
456 1791336939739065 30100
457 1791336939756221 25659
458 1791336939777973 29446
459 1791336939797162 26750
460 1791336939818635 27274
461 1791336939844444 35634
462 1791336939857147 24945
463 1791336939883021 33877
464 1791336939896609 28084
465 1791336939924972 36175
466 1791336939936274 27130
467 1791336939960365 31711
468 1791336939976731 28343
469 1791336939997280 26582
470 1791336940021032 31816
471 1791336940038950 29525
472 1791336940065129 36719
473 1791336940081515 33209
474 1791336940095806 27322
475 1791336940119202 29980
476 1791336940144230 31944
477 1791336940156195 22544
478 1791336940176942 28315
479 1791336940198079 28569
480 1791336940224492 30835
481 1791336940246223 37116
482 1791336940266264 34775
483 1791336940288046 39474
484 1791336940316125 45211
485 1791336940326781 38732
486 1791336940361225 51501
487 1791336940369182 40160
488 1791336940393795 40693
489 1791336940411435 42249
490 1791336940438858 48774
491 1791336940460933 49587
492 1791336940487468 55085
493 1791336940500238 50155
494 1791336940517919 49334
495 1791336940545856 51799
496 1791336940568077 55988
497 1791336940588077 56894
498 1791336940606998 58531
499 1791336940623704 55624
500 1791336940647440 59361
501 1791336940671715 62624
502 1791336940699896 66092
503 1791336940710898 61514
504 1791336940727021 55372
505 1791336940752537 60232
506 1791336940771703 61052
507 1791336940795960 67309
508 1791336940816217 65771
509 1791336940844301 74139
510 1791336940855202 65305
511 1791336940878023 68706
512 1791336940895447 66690
513 1791336940918649 68561
514 1791336940941514 72982
515 1791336940958080 69540
516 1791336940986362 73167
517 1791336941009987 81025
518 1791336941022779 70379
519 1791336941038950 70379
520 1791336941056707 68131
521 1791336941080253 70263
522 1791336941106239 75716
523 1791336941127117 77492
524 1791336941141875 71276
525 1791336941167795 75626
526 1791336941189237 77952
527 1791336941206678 78069
528 1791336941225688 77333
529 1791336941249951 80184
530 1791336941271729 82489
531 1791336941286944 77600
532 1791336941313995 85065
533 1791336941327040 77087
534 1791336941349284 77552
535 1791336941370760 82470
536 1791336941390857 76858
537 1791336941409756 79032
538 1791336941429323 80036
539 1791336941455159 84396
540 1791336941468761 77900
541 1791336941490138 80368
542 1791336941509804 80478
543 1791336941531418 76320
544 1791336941545675 76910
545 1791336941568956 78813
546 1791336941589968 80161
547 1791336941606936 76076
548 1791336941624752 75910
549 1791336941635804 66845
550 1791336941656970 67017
551 1791336941679049 67671
552 1791336941685852 55538
553 1791336941707532 55352
554 1791336941726793 53301
555 1791336941740102 47572
556 1791336941756611 47355
557 1791336941776601 47414
558 1791336941789738 40986
559 1791336941805884 36258
560 1791336941827092 37351
561 1791336941841097 30695
562 1791336941854168 25665
563 1791336941875985 26459
564 1791336941905764 33399
565 1791336941917227 26105
566 1791336941946810 37855
567 1791336941957027 26373
568 1791336941982391 27643
569 1791336941995658 24428
570 1791336942016754 25722
571 1791336942037626 28066
572 1791336942058899 30086
573 1791336942086744 33467
574 1791336942105644 32141
575 1791336942131587 40375
576 1791336942146242 29383
577 1791336942157501 26358
578 1791336942178793 28567
579 1791336942199820 28922
580 1791336942221485 32117
581 1791336942237124 27460
582 1791336942265643 30554
583 1791336942278669 27464
584 1791336942298854 27610
585 1791336942316447 24774
586 1791336942337019 25705
587 1791336942357776 29023
588 1791336942380381 30087
589 1791336942398064 27666
590 1791336942419364 30681
591 1791336942436758 27834
592 1791336942456737 26154
593 1791336942479143 30165
594 1791336942505347 32255
595 1791336942522802 31286
596 1791336942538324 28492
597 1791336942568901 31827
598 1791336942583619 35052
599 1791336942598189 29285
600 1791336942616228 26229
601 1791336942641223 32180
602 1791336942660573 30507
603 1791336942680939 32489
604 1791336942701587 32661
605 1791336942717331 28842
606 1791336942748745 33691
607 1791336942754659 25716
608 1791336942777462 28714
609 1791336942799116 26194
610 1791336942826576 34279
611 1791336942838868 30435
612 1791336942866783 37860
613 1791336942878056 27546
614 1791336942898922 27477
615 1791336942915332 26866
616 1791336942936790 27354
617 1791336942956968 26910
618 1791336942977658 28485
619 1791336942995596 26452
620 1791336943018835 29910
621 1791336943042700 29500
622 1791336943058188 29557
623 1791336943072752 23636
624 1791336943097220 24464
625 1791336943116620 27079
626 1791336943141950 33508
627 1791336943158722 28679
628 1791336943177381 28013
629 1791336943206696 31701
630 1791336943219529 30227
631 1791336943237568 25641
632 1791336943261772 26439
633 1791336943276878 27707
634 1791336943299366 30453
635 1791336943317108 29102
636 1791336943337252 26925
637 1791336943352433 23051
638 1791336943378693 26581
639 1791336943399637 31079
640 1791336943416745 27283
641 1791336943444262 33542
642 1791336943460601 31189
643 1791336943477706 28023
644 1791336943496607 27067
645 1791336943521459 25375
646 1791336943538460 27144
647 1791336943556429 23412
648 1791336943578030 29269
649 1791336943598922 30246
650 1791336943615904 27528
651 1791336943646985 37980
652 1791336943662821 34316
653 1791336943687066 38316
654 1791336943720397 46155
655 1791336943736657 47220
656 1791336943765485 56004
657 1791336943786625 55501
658 1791336943806214 56484
659 1791336943832776 61812
660 1791336943854646 65537
661 1791336943876270 67660
662 1791336943901039 71604
663 1791336943925387 76301
664 1791336943947407 78236
665 1791336943977328 83245
666 1791336943992336 83342
667 1791336944018911 88095
668 1791336944038824 89895
669 1791336944058237 87996
670 1791336944075849 86716
671 1791336944103885 90381
672 1791336944117392 89288
673 1791336944147484 93617
674 1791336944158539 89700
675 1791336944179613 89980
676 1791336944204308 93760
677 1791336944220651 90094
678 1791336944241960 89294
679 1791336944257060 86682
680 1791336944281866 91816
681 1791336944297356 88929
682 1791336944320057 90410
683 1791336944344296 96194
684 1791336944355569 87051
685 1791336944376566 87052
686 1791336944397439 86989
687 1791336944413978 84102
688 1791336944429942 80898
689 1791336944456706 86295
690 1791336944466914 75569
691 1791336944484879 73707
692 1791336944505942 75996
693 1791336944516339 67700
694 1791336944539397 70879
695 1791336944555248 66433
696 1791336944575674 64795
697 1791336944586216 57572
698 1791336944606436 57930
699 1791336944626739 58241
700 1791336944639673 51112
701 1791336944659962 50601
702 1791336944675208 46120
703 1791336944695570 46606
704 1791336944707420 39024
705 1791336944718320 29746
706 1791336944737237 28645
707 1791336944761942 31390
708 1791336944779533 30868
709 1791336944805149 36686
710 1791336944818096 24745
711 1791336944836476 27373
712 1791336944862566 32988
713 1791336944881061 30843
714 1791336944905204 36521
715 1791336944917702 28287
716 1791336944944739 35751
717 1791336944968618 36022
718 1791336944989478 32408
719 1791336945000840 32218
720 1791336945027361 37879
721 1791336945045928 33760
722 1791336945059671 28992
723 1791336945079002 28916
724 1791336945099521 28568
725 1791336945117650 28640
726 1791336945136974 26724
727 1791336945162761 33909
728 1791336945179469 30466
729 1791336945209600 39401
730 1791336945233434 38062
731 1791336945248286 38675
732 1791336945260550 27103
733 1791336945280727 32432
734 1791336945301915 32721
735 1791336945318609 29247
736 1791336945339633 29832
737 1791336945363191 33964
738 1791336945377138 26915
739 1791336945401760 31852
740 1791336945419869 24389
741 1791336945435529 26355
742 1791336945456173 26920
743 1791336945478303 28867
744 1791336945496955 25635
745 1791336945519006 29893
746 1791336945539308 30830
747 1791336945558287 30099
748 1791336945580996 31808
749 1791336945599098 30153
750 1791336945621006 32594
751 1791336945637606 28185
752 1791336945658104 29218
753 1791336945674940 25457
754 1791336945697209 28213
755 1791336945718530 29685
756 1791336945736892 23592
757 1791336945762282 31281
758 1791336945778091 28777
759 1791336945804281 35809
760 1791336945817772 29236
761 1791336945838122 27680
762 1791336945855304 25864
763 1791336945879565 29335
764 1791336945897771 28816
765 1791336945916988 26385
766 1791336945945619 28615
767 1791336945958851 30546
768 1791336945976134 24440
769 1791336946000288 31786
770 1791336946016141 27509
771 1791336946046809 30782
772 1791336946059701 30996
773 1791336946078335 29198
774 1791336946096704 27263
775 1791336946118614 28720
776 1791336946147128 30060
777 1791336946160197 30987
778 1791336946179321 29167
779 1791336946194997 26354
780 1791336946218730 30061
781 1791336946237576 27069
782 1791336946257024 27551
783 1791336946282859 30006
784 1791336946299888 31490
785 1791336946314657 25696
786 1791336946339274 30971
787 1791336946367196 33760
788 1791336946379974 31168
789 1791336946395429 26694
790 1791336946417231 28084
791 1791336946437743 24559
792 1791336946461713 31047
793 1791336946479338 29040
794 1791336946497072 28214
795 1791336946520234 23334
796 1791336946546153 37827
797 1791336946557180 28152
798 1791336946579153 29560
799 1791336946597042 24560
800 1791336946617890 26945
801 1791336946637245 26546
802 1791336946658630 25598
803 1791336946676815 25284
804 1791336946698417 28915
805 1791336946716874 27875
806 1791336946745318 34753
807 1791336946762935 31272
808 1791336946776039 25712
809 1791336946797980 29425
810 1791336946824899 35374
811 1791336946836451 27480
812 1791336946859275 29769
813 1791336946877046 25821
814 1791336946907557 30508
815 1791336946918054 29129
816 1791336946938438 29015
817 1791336946963071 34867
818 1791336946987420 35947
819 1791336947009888 41208
820 1791336947038750 48938
821 1791336947057022 47130
822 1791336947082311 50878
823 1791336947114588 57563
824 1791336947124833 55072
825 1791336947147811 59260
826 1791336947178372 69658
827 1791336947196234 67259
828 1791336947217225 67717
829 1791336947249441 76764
830 1791336947270331 80926
831 1791336947290567 81571
832 1791336947315501 83539
833 1791336947341995 92552
834 1791336947364420 94113
835 1791336947391530 100959
836 1791336947408020 98420
837 1791336947435205 104534
838 1791336947450345 101708
839 1791336947469816 101192
840 1791336947487240 95707
841 1791336947506449 98425
842 1791336947527422 98989
843 1791336947556149 105800
844 1791336947569522 99956
845 1791336947591499 102118
846 1791336947616969 107424
847 1791336947631885 103232
848 1791336947658277 109053
849 1791336947676161 106636
850 1791336947698838 107337
851 1791336947720019 107947
852 1791336947731729 102160
853 1791336947766954 113996
854 1791336947779429 110452
855 1791336947787176 98829
856 1791336947812741 101237
857 1791336947826481 96895
858 1791336947847310 93448
859 1791336947855977 87150
860 1791336947878593 87761
861 1791336947896655 87220
862 1791336947910178 81419
863 1791336947929017 79577
864 1791336947945911 76694
865 1791336947963232 73573
866 1791336947983345 73504
867 1791336947997752 68732
868 1791336948015146 64590
869 1791336948031558 63208
870 1791336948055825 66476
871 1791336948066702 56443
872 1791336948077095 45535
873 1791336948090267 40465
874 1791336948107423 34853
875 1791336948127243 36971
876 1791336948138903 27811
877 1791336948159212 27183
878 1791336948185970 37265
879 1791336948196694 26722
880 1791336948220667 32349
881 1791336948238181 28783
882 1791336948262849 30563
883 1791336948274499 22929
884 1791336948297849 28937
885 1791336948326559 36923
886 1791336948337517 26825
887 1791336948363930 32236
888 1791336948378873 29077
889 1791336948408776 40469
890 1791336948419108 30676
891 1791336948436347 27568
892 1791336948459448 31008
893 1791336948479090 30148
894 1791336948498583 29111
895 1791336948516360 25039
896 1791336948537006 26441
897 1791336948562901 30193
898 1791336948579201 27175
899 1791336948597560 29318
900 1791336948627048 33801
901 1791336948637190 26865
902 1791336948651934 22823
903 1791336948685366 34468
904 1791336948699443 30886
905 1791336948722338 33135
906 1791336948737655 27049
907 1791336948765377 35887
908 1791336948782516 30704
909 1791336948806496 37168
910 1791336948817435 28434
911 1791336948840809 31679
912 1791336948853938 24539
913 1791336948887031 33090
914 1791336948908607 34270
915 1791336948926554 34421
916 1791336948938519 29909
917 1791336948962212 29736
918 1791336948983443 34290
919 1791336948999157 30074
920 1791336949024757 28872
921 1791336949035460 26192
922 1791336949056259 26658
923 1791336949079650 28920
924 1791336949097794 28793
925 1791336949117084 26975
926 1791336949135728 26548
927 1791336949158444 28933
928 1791336949175410 26562
929 1791336949201040 32440
930 1791336949218781 30146
931 1791336949238951 29697
932 1791336949266132 37073
933 1791336949277753 27846
934 1791336949297493 28108
935 1791336949327631 30571
936 1791336949338844 26110
937 1791336949368321 31164
938 1791336949379321 30498
939 1791336949393009 24686
940 1791336949416736 28226
941 1791336949440826 32460
942 1791336949457212 24735
943 1791336949488824 32004
944 1791336949495393 25674
945 1791336949519169 30343
946 1791336949539376 28264
947 1791336949564377 30820
948 1791336949576069 26335
949 1791336949596471 27133
950 1791336949621723 31152
951 1791336949637922 29278
952 1791336949659123 29732
953 1791336949676541 27030
954 1791336949700175 29714
955 1791336949720440 27331
956 1791336949736739 28056
957 1791336949758244 28112
958 1791336949780059 28296
959 1791336949796007 27405
960 1791336949819029 30473
961 1791336949846224 37618
962 1791336949856441 27840
963 1791336949878308 28989
964 1791336949895522 26639
965 1791336949917532 28275
966 1791336949941687 28189
967 1791336949959169 30159
968 1791336949984227 33097
969 1791336950003551 32277
970 1791336950018654 29394
971 1791336950045755 36277
972 1791336950059030 28686
973 1791336950080144 30510
974 1791336950102451 28477
975 1791336950116375 25419
976 1791336950143433 34369
977 1791336950157838 29193
978 1791336950178936 30131
979 1791336950197190 28257
980 1791336950222499 30380
981 1791336950242049 30194
982 1791336950268787 38018
983 1791336950279233 28999
984 1791336950295949 27157
985 1791336950327618 38387
986 1791336950341027 30030
987 1791336950363801 31227
988 1791336950382484 33813
989 1791336950401095 32062
990 1791336950421140 31576
991 1791336950431838 23171
992 1791336950457537 25696
993 1791336950479004 30658
994 1791336950498881 29703
995 1791336950522144 33462
996 1791336950537769 27282
997 1791336950556756 25638
998 1791336950581328 32467
999 1791336950603678 34194
1000 1791336950619918 30692
1001 1791336950641895 33087
1002 1791336950658271 29814
1003 1791336950686104 36368
1004 1791336950698583 28116
1005 1791336950715431 23584
1006 1791336950738754 29997
1007 1791336950757039 28211
1008 1791336950789500 37137
1009 1791336950822077 48986
1010 1791336950822091 32579
1011 1791336950837920 28872
1012 1791336950867106 38155
1013 1791336950877599 28256
1014 1791336950894998 26372
1015 1791336950922255 33260
1016 1791336950944875 29950
1017 1791336950963249 29809
1018 1791336950981990 31668
1019 1791336950999759 29073
1020 1791336951017772 29173
1021 1791336951039768 29005
1022 1791336951055334 26253
1023 1791336951077837 28430
1024 1791336951101661 30293
1025 1791336951115220 26830
1026 1791336951137059 25715
1027 1791336951169107 39398
1028 1791336951191597 42669
1029 1791336951209908 40944
1030 1791336951239005 47404
1031 1791336951257684 47768
1032 1791336951279763 50303
1033 1791336951308704 58430
1034 1791336951326723 56113
1035 1791336951359994 70137
1036 1791336951375060 66353
1037 1791336951403655 72610
1038 1791336951426589 66586
1039 1791336951441722 66655
1040 1791336951451873 62781
1041 1791336951478844 65909
1042 1791336951507878 77133
1043 1791336951526052 75697
1044 1791336951547292 72314
1045 1791336951566963 77296
1046 1791336951580732 72836
1047 1791336951603464 74501
1048 1791336951634326 79998
1049 1791336951639449 70811
1050 1791336951670413 78883
1051 1791336951695895 87220
1052 1791336951718716 84387
1053 1791336951735112 85281
1054 1791336951749360 78943
1055 1791336951769613 80261
1056 1791336951798745 86164
1057 1791336951822078 87431
1058 1791336951837568 88192
1059 1791336951852227 82602
1060 1791336951878013 87911
1061 1791336951900376 85725
1062 1791336951916397 84226
1063 1791336951927803 76599
1064 1791336951946643 74833
1065 1791336951964809 76248
1066 1791336951983589 74243
1067 1791336952008634 76085
1068 1791336952026739 74956
1069 1791336952039358 70117
1070 1791336952066292 69797
1071 1791336952076602 67952
1072 1791336952107032 78192
1073 1791336952119328 70666
1074 1791336952140868 68016
1075 1791336952158551 69730
1076 1791336952171474 62871
1077 1791336952196581 67670
1078 1791336952208550 56879
1079 1791336952224601 53124
1080 1791336952246755 50441
1081 1791336952258483 49930
1082 1791336952270081 40726
1083 1791336952292688 39493
1084 1791336952306869 36786
1085 1791336952322630 29938
1086 1791336952333274 24593
1087 1791336952354050 24044
1088 1791336952378739 28130
1089 1791336952402554 31590
1090 1791336952419860 28135
1091 1791336952441420 30975
1092 1791336952460965 28178
1093 1791336952479069 29448
1094 1791336952501284 32016
1095 1791336952518759 29319
1096 1791336952537051 27339
1097 1791336952561956 33152
1098 1791336952580533 31509
1099 1791336952602054 32715
1100 1791336952617149 27346
1101 1791336952639522 31281
1102 1791336952657690 28788
1103 1791336952675497 25732
1104 1791336952706724 31363
1105 1791336952716934 28227
1106 1791336952738638 29321
1107 1791336952757381 27943
1108 1791336952781094 29426
1109 1791336952801936 32391
1110 1791336952821880 33072
1111 1791336952839709 29097
1112 1791336952856873 28466
1113 1791336952880762 31606
1114 1791336952905143 36264
1115 1791336952922990 33328
1116 1791336952944538 35592
1117 1791336952961085 30251
1118 1791336952981245 32284
1119 1791336952998747 25745
1120 1791336953029338 39885
1121 1791336953040965 28118
1122 1791336953058509 29167
1123 1791336953080578 29585
1124 1791336953097558 28733
1125 1791336953116928 28045
1126 1791336953141616 31176
1127 1791336953159983 30220
1128 1791336953178092 29111
1129 1791336953203055 31680
1130 1791336953219707 30891
1131 1791336953234438 25625
1132 1791336953259111 27303
1133 1791336953277572 24904
1134 1791336953299160 28795
1135 1791336953322227 28690
1136 1791336953345647 37253
1137 1791336953359528 30817
1138 1791336953377309 28299
1139 1791336953399009 29307
1140 1791336953416819 28326
1141 1791336953437776 27469
1142 1791336953456708 27008
1143 1791336953488223 31510
1144 1791336953507754 33613
1145 1791336953522038 33806
1146 1791336953539386 28777
1147 1791336953557017 25740
1148 1791336953582082 30110
1149 1791336953597865 29378
1150 1791336953619028 29765
1151 1791336953636015 27693
1152 1791336953658970 29349
1153 1791336953681593 31954
1154 1791336953696468 26865
1155 1791336953718330 28635
1156 1791336953739347 30630
1157 1791336953759690 31224
1158 1791336953776581 27012
1159 1791336953799033 22936
1160 1791336953818720 27588
1161 1791336953837417 23360
1162 1791336953855955 27034
1163 1791336953872208 23351
1164 1791336953899043 26830
1165 1791336953910746 21975
1166 1791336953934275 23523
1167 1791336953951708 22297
1168 1791336953976624 25112
1169 1791336953996070 25720
1170 1791336954015479 24633
1171 1791336954030492 20779
1172 1791336954058895 30166
1173 1791336954082792 27469
1174 1791336954095420 25178
1175 1791336954120040 24615
1176 1791336954135770 26942
1177 1791336954152199 22215
1178 1791336954175707 26688
1179 1791336954192967 24028
1180 1791336954218485 29446
1181 1791336954237843 23067
1182 1791336954257528 26836
1183 1791336954278588 26573
1184 1791336954296180 25781
1185 1791336954312018 22560
1186 1791336954330405 22031
1187 1791336954351943 23694
1188 1791336954376794 24845
1189 1791336954397160 22755
1190 1791336954419144 21980
1191 1791336954429714 21241
1192 1791336954455999 27629
1193 1791336954480649 24646
1194 1791336954491250 23056
1195 1791336954516487 25232
1196 1791336954529631 21170
1197 1791336954557920 28282
1198 1791336954579489 24363
1199 1791336954593922 25001
1200 1791336954619287 25359
1201 1791336954634949 22152
1202 1791336954649899 21402
1203 1791336954676182 27883
1204 1791336954695930 27342
1205 1791336954719667 30690
1206 1791336954733471 22372
1207 1791336954756018 24502
1208 1791336954777113 25171
1209 1791336954797202 22410
1210 1791336954811325 22884
1211 1791336954837929 26599
1212 1791336954851241 21937
1213 1791336954879431 29923
1214 1791336954897684 24467
1215 1791336954916922 23587
1216 1791336954936276 25876
1217 1791336954950932 22050
1218 1791336954977169 28450
1219 1791336954998058 24431
1220 1791336955015714 23038
1221 1791336955034156 25170
1222 1791336955057299 23699
1223 1791336955071917 20506
1224 1791336955093719 25255
1225 1791336955116750 28244
1226 1791336955136570 25108
1227 1791336955159441 22865
1228 1791336955172513 23514
1229 1791336955196300 23782
1230 1791336955218845 27949
1231 1791336955237753 26544
1232 1791336955258710 25604
1233 1791336955278460 26154
1234 1791336955297665 22739
1235 1791336955310988 21391
1236 1791336955337990 26995
1237 1791336955356370 23070
1238 1791336955371893 23423
1239 1791336955396122 24225
1240 1791336955415479 26691
1241 1791336955437621 28015
1242 1791336955454886 23737
1243 1791336955470933 22090
1244 1791336955499338 28399
1245 1791336955516929 24097
1246 1791336955537798 26263
1247 1791336955557089 25536
1248 1791336955576333 26336
1249 1791336955597140 25110
1250 1791336955618933 25964
1251 1791336955629959 21373
1252 1791336955655655 25690
1253 1791336955670932 22394
1254 1791336955696189 25249
1255 1791336955708943 20579
1256 1791336955735585 26637
1257 1791336955758167 29307
1258 1791336955772996 23746
1259 1791336955798479 27394
1260 1791336955816879 24888
1261 1791336955830341 21679
1262 1791336955851184 21304
1263 1791336955876356 27500
1264 1791336955899268 26856
1265 1791336955918166 26008
1266 1791336955937514 27065
1267 1791336955957749 23451
1268 1791336955977739 26465
1269 1791336955996093 23058
1270 1791336956011514 22197
1271 1791336956037246 25725
1272 1791336956052960 23524
1273 1791336956078914 28583
1274 1791336956089240 20826
1275 1791336956115854 26654
1276 1791336956131145 21875
1277 1791336956149122 21126
1278 1791336956176504 27929
1279 1791336956197088 28152
1280 1791336956214124 25241
1281 1791336956237986 28880
1282 1791336956255792 27410
1283 1791336956271468 22975
1284 1791336956297263 25789
1285 1791336956320352 29013
1286 1791336956339009 27781
1287 1791336956350187 20644
1288 1791336956373733 25341
1289 1791336956398095 24419
1290 1791336956416780 24385
1291 1791336956435374 22606
1292 1791336956457000 27570
1293 1791336956476324 27329
1294 1791336956498288 29535
1295 1791336956515141 25587
1296 1791336956535736 23836
1297 1791336956557598 25570
1298 1791336956577822 27980
1299 1791336956596992 25411
1300 1791336956614415 23731
1301 1791336956641556 31239
1302 1791336956657281 27847
1303 1791336956677645 20811
1304 1791336956690131 21620
1305 1791336956717183 27043
1306 1791336956737020 24868
1307 1791336956755887 25124
1308 1791336956769859 21105
1309 1791336956794478 24869
1310 1791336956813126 24505
1311 1791336956836531 23402
1312 1791336956855841 24909
1313 1791336956881451 32633
1314 1791336956899104 24190
1315 1791336956926872 27762
1316 1791336956943410 31203
1317 1791336956956312 27702
1318 1791336956977081 26699
1319 1791336956994152 25491
1320 1791336957017329 23174
1321 1791336957037716 29005
1322 1791336957060810 31595
1323 1791336957076996 27114
1324 1791336957102479 32274
1325 1791336957113109 22575
1326 1791336957147299 35943
1327 1791336957156556 27645
1328 1791336957190991 41176
1329 1791336957196780 26949
1330 1791336957235525 44527
1331 1791336957245431 29599
1332 1791336957268037 32508
1333 1791336957287190 37228
1334 1791336957305497 37456
1335 1791336957321996 33251
1336 1791336957351055 41020
1337 1791336957358437 28168
1338 1791336957389077 38018
1339 1791336957404104 32144
1340 1791336957416704 27623
1341 1791336957437950 29741
1342 1791336957459620 30318
1343 1791336957476439 27520
1344 1791336957517091 47834
1345 1791336957519479 22929
1346 1791336957549978 40377
1347 1791336957557887 25615
1348 1791336957585913 35931
1349 1791336957602982 34452
1350 1791336957620877 30457
1351 1791336957657688 48630
1352 1791336957665068 31659
1353 1791336957686089 36121
1354 1791336957699597 31075
1355 1791336957723769 34689
1356 1791336957739888 30899
1357 1791336957776281 45531
1358 1791336957779958 28784
1359 1791336957835648 63182
1360 1791336957835694 44785
1361 1791336957867734 32078
1362 1791336957869539 33866
1363 1791336957889673 40507
1364 1791336957911951 42409
1365 1791336957942864 53172
1366 1791336957961551 49591
1367 1791336957974497 35188
1368 1791336957986471 36627
1369 1791336958007622 38430
1370 1791336958031754 41969
1371 1791336958059652 44698
1372 1791336958072600 40841
1373 1791336958087154 36521
1374 1791336958126226 55824
1375 1791336958155611 64846
1376 1791336958167343 41110
1377 1791336958191057 58486
1378 1791336958191112 35495
1379 1791336958209108 40048
1380 1791336958226783 35715
1381 1791336958258374 49261
1382 1791336958277981 48335
1383 1791336958303343 54370
1384 1791336958315412 46017
1385 1791336958339183 50211
1386 1791336958350209 40716
1387 1791336958370225 41554
1388 1791336958396631 47009
1389 1791336958418869 48635
1390 1791336958438707 47415
1391 1791336958459653 48090
1392 1791336958487595 58825
1393 1791336958502591 53504
1394 1791336958516250 47494
1395 1791336958539067 49882
1396 1791336958563598 54391
1397 1791336958593389 59681
1398 1791336958607990 56727
1399 1791336958629138 53690
1400 1791336958648977 55585
1401 1791336958660977 52983
1402 1791336958682513 53532
1403 1791336958700636 51945
1404 1791336958726613 54504
1405 1791336958738856 50161
1406 1791336958773159 63531
1407 1791336958785797 54334
1408 1791336958808519 59108
1409 1791336958821496 48333
1410 1791336958850824 55216
1411 1791336958868181 59658
1412 1791336958890745 58143
1413 1791336958908358 57748
1414 1791336958923196 55012
1415 1791336958941672 51164
1416 1791336958962419 54058
1417 1791336958987890 58423
1418 1791336959010066 60112
1419 1791336959029250 60113
1420 1791336959057461 69567
1421 1791336959074368 64299
1422 1791336959093763 64511
1423 1791336959118409 69555
1424 1791336959139193 68688
1425 1791336959152535 60109
1426 1791336959170988 58859
1427 1791336959192735 62834
1428 1791336959219746 68408
1429 1791336959237528 66814
1430 1791336959260775 69668
1431 1791336959277460 67627
1432 1791336959298904 69308
1433 1791336959325087 75828
1434 1791336959335452 66208
1435 1791336959361651 73068
1436 1791336959386607 77966
1437 1791336959416947 88397
1438 1791336959442247 86368
1439 1791336959450335 81388
1440 1791336959459335 70043
1441 1791336959475356 62768
1442 1791336959498470 69269
1443 1791336959521061 72503
1444 1791336959537499 68637
1445 1791336959561017 71720
1446 1791336959579410 70202
1447 1791336959598568 70283
1448 1791336959617181 66265
1449 1791336959651960 83737
1450 1791336959672570 80526
1451 1791336959692783 83729
1452 1791336959707013 74228
1453 1791336959726748 74785
1454 1791336959749827 81375
1455 1791336959769186 78621
1456 1791336959779930 69713
1457 1791336959806002 76549
1458 1791336959827919 78089
1459 1791336959841263 72071
1460 1791336959859610 71505
1461 1791336959887740 79141
1462 1791336959906729 78807
1463 1791336959941275 83082
1464 1791336959948758 79700
1465 1791336959963974 72224
1466 1791336959985545 69728
1467 1791336960000856 71719
1468 1791336960019502 70741
1469 1791336960042218 73978
1470 1791336960056399 67000
1471 1791336960078031 69142
1472 1791336960100014 71325
1473 1791336960119573 70083
1474 1791336960147400 77589
1475 1791336960156829 65024
1476 1791336960176096 67445
1477 1791336960198430 68406
1478 1791336960210469 59020
1479 1791336960231180 60943
1480 1791336960241167 51739
1481 1791336960247241 38067
1482 1791336960260681 30145
1483 1791336960280169 30670
1484 1791336960297439 28316
1485 1791336960325350 33732
1486 1791336960346639 36591
1487 1791336960357397 28078
1488 1791336960376894 27548
1489 1791336960396647 26519
1490 1791336960423410 32357
1491 1791336960439402 30493
1492 1791336960467697 39152
1493 1791336960489246 37945
1494 1791336960506903 37736
1495 1791336960517210 28138
1496 1791336960539368 30920
1497 1791336960562085 33052
1498 1791336960587896 38752
1499 1791336960599948 31091
1500 1791336960617834 29933
1501 1791336960647303 36100
1502 1791336960660027 30248
1503 1791336960671496 22984
1504 1791336960696661 28067
1505 1791336960727996 38210
1506 1791336960744599 32273
1507 1791336960756832 28834
1508 1791336960776992 28195
1509 1791336960807993 37056
1510 1791336960818316 30023
1511 1791336960841423 33425
1512 1791336960859303 29444
1513 1791336960877756 27772
1514 1791336960898978 30360
1515 1791336960916228 26289
1516 1791336960948890 38218
1517 1791336960973601 44877
1518 1791336960986639 37746
1519 1791336960996373 22769
1520 1791336961012100 22723
1521 1791336961041602 31066
1522 1791336961056187 26791
1523 1791336961087879 37145
1524 1791336961097156 27949
1525 1791336961120801 32918
1526 1791336961142977 32553
1527 1791336961168880 36289
1528 1791336961171219 22782
1529 1791336961213323 44440
1530 1791336961224731 32186
1531 1791336961238921 30188
1532 1791336961266438 36923
1533 1791336961285140 34919
1534 1791336961305216 33384
1535 1791336961317056 28006
1536 1791336961349290 40585
1537 1791336961366692 38272
1538 1791336961387373 38080
1539 1791336961413289 41603
1540 1791336961428622 35782
1541 1791336961441511 33399
1542 1791336961461967 33342
1543 1791336961487004 36028
1544 1791336961504713 35435
1545 1791336961529852 40611
1546 1791336961538831 29861
1547 1791336961569303 39447
1548 1791336961584637 31661
1549 1791336961595706 26399
1550 1791336961628679 39330
1551 1791336961639381 26804
1552 1791336961660157 31474
1553 1791336961682479 32986
1554 1791336961698654 30266
1555 1791336961727826 36160
1556 1791336961758695 46656
1557 1791336961773257 44193
1558 1791336961795524 47133
1559 1791336961809630 36370
1560 1791336961828240 37042
1561 1791336961851416 42460
1562 1791336961868675 40431
1563 1791336961895364 45296
1564 1791336961908986 40307
1565 1791336961929911 40960
1566 1791336961948360 39372
1567 1791336961966233 36320
1568 1791336961989811 41448
1569 1791336962017485 48590
1570 1791336962029325 40739
1571 1791336962065433 54034
1572 1791336962076583 47254
1573 1791336962091342 41878
1574 1791336962108878 39291
1575 1791336962136876 47513
1576 1791336962149987 41106
1577 1791336962178336 46007
1578 1791336962190130 41282
1579 1791336962221919 53213
1580 1791336962237736 49077
1581 1791336962259539 50742
1582 1791336962277838 49708
1583 1791336962299961 50620
1584 1791336962319211 49832
1585 1791336962339526 50102
1586 1791336962368939 58724
1587 1791336962379269 49894
1588 1791336962396646 47689
1589 1791336962425577 56634
1590 1791336962448233 59283
1591 1791336962456806 44309
1592 1791336962495756 65587
1593 1791336962506973 58737
1594 1791336962524363 51745
1595 1791336962539554 49441
1596 1791336962558810 50277
1597 1791336962579545 43943
1598 1791336962606691 54475
1599 1791336962631280 60554
1600 1791336962652770 63361
1601 1791336962665846 54359
1602 1791336962680597 49083
1603 1791336962699306 46533
1604 1791336962721963 53480
1605 1791336962740372 48927
1606 1791336962760225 51183
1607 1791336962789641 59547
1608 1791336962814823 64771
1609 1791336962824019 55190
1610 1791336962855043 65399
1611 1791336962858754 49672
1612 1791336962888349 59097
1613 1791336962907049 57652
1614 1791336962926855 57098
1615 1791336962937952 49598
1616 1791336962957908 48150
1617 1791336962984903 54010
1618 1791336963003506 54822
1619 1791336963018694 46170
1620 1791336963037118 47788
1621 1791336963055480 46250
1622 1791336963089418 55768
1623 1791336963099831 50142
1624 1791336963126486 57039
1625 1791336963138646 49692
1626 1791336963166843 56633
1627 1791336963187330 55063
1628 1791336963199501 49194
1629 1791336963224770 56026
1630 1791336963248051 57688
1631 1791336963258860 48674
1632 1791336963289050 59802
1633 1791336963297387 49330
1634 1791336963316542 47241
1635 1791336963337642 48587
1636 1791336963359650 50610
1637 1791336963390288 60073
1638 1791336963394739 45831
1639 1791336963418495 49338
1640 1791336963445584 55294
1641 1791336963464045 54740
1642 1791336963479076 47111
1643 1791336963508189 59240
1644 1791336963519145 48486
1645 1791336963547282 58582
1646 1791336963560297 52105
1647 1791336963588112 55993
1648 1791336963603726 52095
1649 1791336963627111 56959
1650 1791336963640834 52716
1651 1791336963668610 57721
1652 1791336963685921 56968
1653 1791336963707176 57787
1654 1791336963729068 60454
1655 1791336963752754 63698
1656 1791336963772303 62734
1657 1791336963788765 59693
1658 1791336963806044 53288
1659 1791336963826966 56192
1660 1791336963845584 56816
1661 1791336963868722 58881
1662 1791336963889134 56437
1663 1791336963907367 55701
1664 1791336963929070 60344
1665 1791336963948120 58982
1666 1791336963974744 65752
1667 1791336963989340 60267
1668 1791336964007356 59233
1669 1791336964028625 59593
1670 1791336964051830 62484
1671 1791336964059527 49302
1672 1791336964084349 55721
1673 1791336964104442 53261
1674 1791336964121086 50962
1675 1791336964152058 63128
1676 1791336964166609 57378
1677 1791336964192772 63661
1678 1791336964217069 65007
1679 1791336964227992 57508
1680 1791336964245478 53944
1681 1791336964263338 51037
1682 1791336964278940 50945
1683 1791336964302781 52837
1684 1791336964322984 52757
1685 1791336964347381 58161
1686 1791336964366613 57675
1687 1791336964379196 50243
1688 1791336964400141 50652
1689 1791336964425713 54993
1690 1791336964441458 51865
1691 1791336964466324 56766
1692 1791336964488056 58928
1693 1791336964509089 60489
1694 1791336964518149 49479
1695 1791336964538928 50868
1696 1791336964573850 64758
1697 1791336964599452 70659
1698 1791336964615333 65565
1699 1791336964635134 61272
1700 1791336964649129 55850
1701 1791336964659852 51255
1702 1791336964683075 53897
1703 1791336964696599 47468
1704 1791336964724603 55328
1705 1791336964740407 47312
1706 1791336964765570 52557
1707 1791336964780567 51321
1708 1791336964807069 58302
1709 1791336964829556 58770
1710 1791336964840289 49756
1711 1791336964857375 48597
1712 1791336964884704 55145
1713 1791336964908494 59285
1714 1791336964926036 57299
1715 1791336964948992 58329
1716 1791336964960977 52480
1717 1791336964987625 59147
1718 1791336965000093 51098
1719 1791336965025937 57151
1720 1791336965048823 56030
1721 1791336965059150 49926
1722 1791336965081503 52089
1723 1791336965097662 49081
1724 1791336965119636 50677
1725 1791336965140653 51752
1726 1791336965168675 59369
1727 1791336965188940 58044
1728 1791336965207510 57546
1729 1791336965227155 58477
1730 1791336965246487 57459
1731 1791336965258509 49904
1732 1791336965292035 62382
1733 1791336965307271 58536
1734 1791336965326692 57107
1735 1791336965345448 53407
1736 1791336965368927 59703
1737 1791336965384753 54716
1738 1791336965403721 54898
1739 1791336965423159 54228
1740 1791336965436712 47794
1741 1791336965465609 56166
1742 1791336965488846 60293
1743 1791336965509105 59991
1744 1791336965522436 53444
1745 1791336965532424 44146
1746 1791336965558458 49350
1747 1791336965587342 56727
1748 1791336965600367 51354
1749 1791336965619606 51039
1750 1791336965639860 50232
1751 1791336965675715 66276
1752 1791336965688954 57940
1753 1791336965706414 56534
1754 1791336965726255 57618
1755 1791336965754712 65755
1756 1791336965771429 60829
1757 1791336965790891 62318
1758 1791336965814827 64942
1759 1791336965829847 60880
1760 1791336965854667 63774
1761 1791336965869079 60156
1762 1791336965889444 59594
1763 1791336965924892 75563
1764 1791336965929881 60798
1765 1791336965952460 63784
1766 1791336965969492 60466
1767 1791336965999404 69521
1768 1791336966007262 55540
1769 1791336966035460 66187
1770 1791336966050216 56627
1771 1791336966067965 57874
1772 1791336966092834 61213
1773 1791336966117670 67445
1774 1791336966136664 68695
1775 1791336966167498 76605
1776 1791336966193652 79325
1777 1791336966199536 69086
1778 1791336966213898 64791
1779 1791336966242351 73752
1780 1791336966267056 73400
1781 1791336966270464 61788
1782 1791336966288704 60114
1783 1791336966317136 68467
1784 1791336966344872 75098
1785 1791336966361187 72478
1786 1791336966386960 70124
1787 1791336966398064 68822
1788 1791336966416816 67062
1789 1791336966438748 69917
1790 1791336966467470 76317
1791 1791336966480985 71784
1792 1791336966494855 60532
1793 1791336966523609 74604
1794 1791336966541922 69433
1795 1791336966557674 67533
1796 1791336966575646 67030
1797 1791336966587885 58258
1798 1791336966613273 64681
1799 1791336966637566 66126
1800 1791336966646575 58685
1801 1791336966666965 53689
1802 1791336966692521 62861
1803 1791336966705731 56700
1804 1791336966722764 53724
1805 1791336966747400 54876
1806 1791336966767410 57538
1807 1791336966776927 47710
1808 1791336966798828 49092
1809 1791336966816954 48151
1810 1791336966838468 48313
1811 1791336966858545 48996
1812 1791336966887504 55100
1813 1791336966906849 53282
1814 1791336966927031 54115
1815 1791336966952764 64099
1816 1791336966964126 52383
1817 1791336966981097 51775
1818 1791336967002557 49789
1819 1791336967022192 53318
1820 1791336967039814 51236
1821 1791336967060533 51199
1822 1791336967079396 49609
1823 1791336967099087 44565
1824 1791336967116228 47358
1825 1791336967143663 54739
1826 1791336967162402 52708
1827 1791336967184412 55534
1828 1791336967205849 57007
1829 1791336967225704 56102
1830 1791336967246175 56921
1831 1791336967258606 48649
1832 1791336967282921 53411
1833 1791336967299823 51173
1834 1791336967328838 59542
1835 1791336967348687 55329
1836 1791336967365408 56048
1837 1791336967387521 58677
1838 1791336967406521 57831
1839 1791336967426218 50274
1840 1791336967442735 53061
1841 1791336967466629 57321
1842 1791336967478041 49122
1843 1791336967510648 58545
1844 1791336967539195 70281
1845 1791336967552048 63175
1846 1791336967569587 60949
1847 1791336967587698 55348
1848 1791336967606679 57834
1849 1791336967627388 57796
1850 1791336967654078 64473
1851 1791336967668678 55756
1852 1791336967698061 69314
1853 1791336967717986 63905
1854 1791336967725709 57027
1855 1791336967750273 60862
1856 1791336967768808 59622
1857 1791336967787499 54765
1858 1791336967803783 53508
1859 1791336967833239 64428
1860 1791336967853857 62566
1861 1791336967867818 58648
1862 1791336967890655 60812
1863 1791336967906066 57306
1864 1791336967927680 58570
1865 1791336967958434 67776
1866 1791336967978263 69149
1867 1791336967989588 60533
1868 1791336968009082 60247
1869 1791336968030747 62140
1870 1791336968048858 59266
1871 1791336968075942 66966
1872 1791336968095191 64441
1873 1791336968109493 60633
1874 1791336968139010 69663
1875 1791336968160414 66934
1876 1791336968167050 57553
1877 1791336968195076 64312
1878 1791336968214964 63158
1879 1791336968228119 59697
1880 1791336968251002 57420
1881 1791336968280165 67430
1882 1791336968298561 70435
1883 1791336968310722 62242
1884 1791336968338780 69566
1885 1791336968346773 56999
1886 1791336968368741 59351
1887 1791336968388395 56993
1888 1791336968407921 58466
1889 1791336968427349 58605
1890 1791336968450451 62053
1891 1791336968463457 55534
1892 1791336968486909 58074
1893 1791336968510239 59786
1894 1791336968531450 61522
1895 1791336968556867 67844
1896 1791336968579460 69843
1897 1791336968601722 70269
1898 1791336968609120 58549
1899 1791336968633730 65690
1900 1791336968650728 61664
1901 1791336968671260 62136
1902 1791336968687576 58409
1903 1791336968706044 56418
1904 1791336968720459 51191
1905 1791336968739242 49041
1906 1791336968762329 51991
1907 1791336968779738 48327
1908 1791336968799553 49751
1909 1791336968805365 33452
1910 1791336968823024 34074
1911 1791336968843746 34954
1912 1791336968859502 30968
1913 1791336968881984 32762
1914 1791336968911311 38684
1915 1791336968919325 30744
1916 1791336968944954 33640
1917 1791336968969250 40151
1918 1791336968990399 41186
1919 1791336969001919 32666
1920 1791336969027950 37539
1921 1791336969047930 38991
1922 1791336969072893 44940
1923 1791336969087452 39519
1924 1791336969105528 32633
1925 1791336969126534 36390
1926 1791336969141026 32093
1927 1791336969165572 34256
1928 1791336969181224 32392
1929 1791336969205293 35960
1930 1791336969228835 36975
1931 1791336969246235 37166
1932 1791336969266805 37967
1933 1791336969293628 43016
1934 1791336969310947 37324
1935 1791336969329675 36043
1936 1791336969344981 35621
1937 1791336969359410 30613
1938 1791336969381980 33633
1939 1791336969405891 36242
1940 1791336969425539 35868
1941 1791336969452709 43589
1942 1791336969462434 32889
1943 1791336969486071 33358
1944 1791336969513191 43543
1945 1791336969533331 44037
1946 1791336969551818 39822
1947 1791336969565195 31860
1948 1791336969593790 41968
1949 1791336969616111 46961
1950 1791336969636764 44396
1951 1791336969650408 41420
1952 1791336969675230 46274
1953 1791336969697859 47449
1954 1791336969705335 30235
1955 1791336969725447 35971
1956 1791336969746056 36551
1957 1791336969769438 40002
1958 1791336969786802 34685
1959 1791336969807386 37944
1960 1791336969825782 36009
1961 1791336969849298 37587
1962 1791336969868688 32698
1963 1791336969888820 39519
1964 1791336969913576 44885
1965 1791336969937336 48513
1966 1791336969966937 53359
1967 1791336969979098 49453
1968 1791336969998626 50037
1969 1791336970018901 46029
1970 1791336970033971 44761
1971 1791336970049463 37820
1972 1791336970069588 41472
1973 1791336970088969 40041
1974 1791336970118003 48610
1975 1791336970141962 52989
1976 1791336970158141 49628
1977 1791336970174468 45861
1978 1791336970197641 48469
1979 1791336970227311 58092
1980 1791336970242467 49781
1981 1791336970263258 48603
1982 1791336970279117 50114
1983 1791336970292793 41709
1984 1791336970323170 53575
1985 1791336970336578 45696
1986 1791336970363069 44372
1987 1791336970385467 55460
1988 1791336970406049 56077
1989 1791336970408976 40322
1990 1791336970441974 51405
1991 1791336970463675 54697
1992 1791336970485820 53729
1993 1791336970506987 57452
1994 1791336970520588 50766
1995 1791336970540662 52203
1996 1791336970558583 46560
1997 1791336970586466 57113
1998 1791336970599535 50542
1999 1791336970625607 56207
2000 1791336970648917 59194
2001 1791336970680111 70975
2002 1791336970691722 62487
2003 1791336970719344 70423
2004 1791336970726423 58201
2005 1791336970758121 67496
2006 1791336970769949 61050
2007 1791336970804210 75444
2008 1791336970807946 58777
2009 1791336970830473 61441
2010 1791336970848827 59875
2011 1791336970861245 53296
2012 1791336970890157 61095
2013 1791336970909616 60788
2014 1791336970930525 61317
2015 1791336970953471 63309
2016 1791336970978547 68927
2017 1791336971004820 74290
2018 1791336971018722 65247
2019 1791336971041910 66550
2020 1791336971061293 72176
2021 1791336971068836 58018
2022 1791336971088403 57953
2023 1791336971108079 59555
2024 1791336971143180 74341
2025 1791336971149853 61447
2026 1791336971174816 66733
2027 1791336971189539 61280
2028 1791336971210516 60657
2029 1791336971239974 68033
2030 1791336971255981 66765
2031 1791336971279219 69223
2032 1791336971297273 67199
2033 1791336971313015 63802
2034 1791336971332055 63230
2035 1791336971362757 73043
2036 1791336971370779 57759
2037 1791336971390113 59415
2038 1791336971406297 57324
2039 1791336971436949 66457
2040 1791336971460960 70844
2041 1791336971476059 67215
2042 1791336971501031 71440
2043 1791336971513598 65036
2044 1791336971530324 61053
2045 1791336971546267 56853
2046 1791336971575252 66851
2047 1791336971600693 70366
2048 1791336971613308 64945
2049 1791336971635493 65418
2050 1791336971653928 64750
2051 1791336971680253 69246
2052 1791336971700689 68278
2053 1791336971716879 67333
2054 1791336971734617 65733
2055 1791336971756603 66105
2056 1791336971782291 72466
2057 1791336971795052 60625
2058 1791336971819592 67240
2059 1791336971830012 61115
2060 1791336971859511 69812
2061 1791336971879687 63909
2062 1791336971886259 56245
2063 1791336971907408 58503
2064 1791336971929327 60547
2065 1791336971950679 60799
2066 1791336971964061 55283
2067 1791336971992146 62816
2068 1791336972008866 59553
2069 1791336972030959 62401
2070 1791336972055433 66662
2071 1791336972064280 55411
2072 1791336972082658 53586
2073 1791336972097147 47991
2074 1791336972107064 38244
2075 1791336972129262 40300
2076 1791336972149651 40658
2077 1791336972173932 44665
2078 1791336972198844 49926
2079 1791336972219322 45388
2080 1791336972234742 40119
2081 1791336972246248 30267
2082 1791336972269994 40771
2083 1791336972280803 32086
2084 1791336972300578 30581
2085 1791336972321078 32070
2086 1791336972336763 27746
2087 1791336972352493 23164
2088 1791336972381584 30251
2089 1791336972398193 29373
2090 1791336972425833 36390
2091 1791336972437689 28855
2092 1791336972458134 28234
2093 1791336972481289 30795
2094 1791336972502431 33100
2095 1791336972525396 36039
2096 1791336972549317 40342
2097 1791336972566739 37363
2098 1791336972588484 39164
2099 1791336972599873 25213
2100 1791336972617742 29255
2101 1791336972645736 36900
2102 1791336972661039 27207
2103 1791336972689491 33910
2104 1791336972706833 38083
2105 1791336972730222 40712
2106 1791336972755384 46349
2107 1791336972766762 36537
2108 1791336972778647 29630
2109 1791336972808770 39832
2110 1791336972837821 38636
2111 1791336972847286 38514
2112 1791336972867508 38031
2113 1791336972895093 46185
2114 1791336972912832 43527
2115 1791336972932194 43343
2116 1791336972952571 40479
2117 1791336972975039 45085
2118 1791336972990642 38068
2119 1791336973012984 43540
2120 1791336973029879 40992
2121 1791336973053071 44206
2122 1791336973075424 45541
2123 1791336973086045 37244
2124 1791336973109284 40747
2125 1791336973135805 46941
2126 1791336973155959 46511
2127 1791336973171384 42466
2128 1791336973187834 38360
2129 1791336973212984 44190
2130 1791336973227358 39520
2131 1791336973248410 36332
2132 1791336973277693 48273
2133 1791336973300031 51618
2134 1791336973309167 40116
2135 1791336973330904 41767
2136 1791336973353697 44527
2137 1791336973370978 42199
2138 1791336973396460 43805
2139 1791336973420734 50906
2140 1791336973438562 49928
2141 1791336973456254 43667
2142 1791336973486616 56345
2143 1791336973505616 53460
2144 1791336973525416 52092
2145 1791336973529280 36433
2146 1791336973563453 54514
2147 1791336973583089 53806
2148 1791336973601589 52364
2149 1791336973622740 53684
2150 1791336973642667 53778
2151 1791336973652605 43188
2152 1791336973675893 46815
2153 1791336973711613 60357
2154 1791336973714025 44713
2155 1791336973740513 50416
2156 1791336973753692 42074
2157 1791336973767070 37485
2158 1791336973796264 46540
2159 1791336973810406 41227
2160 1791336973830405 41285
2161 1791336973847665 38531
2162 1791336973870995 41823
2163 1791336973890096 40359
2164 1791336973916111 47093
2165 1791336973934409 44546
2166 1791336973956383 47285
2167 1791336973977123 43963
2168 1791336973995732 46675
2169 1791336974011433 42532
2170 1791336974035547 46546
2171 1791336974055974 47106
2172 1791336974076970 43639
2173 1791336974088549 39800
2174 1791336974123901 55365
2175 1791336974129296 40744
2176 1791336974159981 51053
2177 1791336974179702 50401
2178 1791336974197576 43012
2179 1791336974218019 43575
2180 1791336974230832 40886
2181 1791336974246286 37612
2182 1791336974269618 40105
2183 1791336974284846 36156
2184 1791336974304574 35554
2185 1791336974331566 42443
2186 1791336974351392 42200
2187 1791336974380698 49127
2188 1791336974387773 38162
2189 1791336974416909 47976
2190 1791336974448040 59139
2191 1791336974457898 46816
2192 1791336974478872 50524
2193 1791336974496896 48853
2194 1791336974519895 51474
2195 1791336974537187 44472
2196 1791336974565468 57266
2197 1791336974578995 49925
2198 1791336974597107 43284
2199 1791336974620705 51619
2200 1791336974637775 48998
2201 1791336974661674 52752
2202 1791336974682393 49832
2203 1791336974689529 40042
2204 1791336974729078 59843
2205 1791336974741525 52401
2206 1791336974766757 54045
2207 1791336974780233 51151
2208 1791336974799561 48233
2209 1791336974825835 56901
2210 1791336974847133 55530
2211 1791336974870962 59341
2212 1791336974888855 59800
2213 1791336974905566 56107
2214 1791336974912154 41664
2215 1791336974939200 50341
2216 1791336974969356 58228
2217 1791336974981583 52854
2218 1791336975008899 60416
2219 1791336975017765 48405
2220 1791336975047730 56553
2221 1791336975067541 58639
2222 1791336975093176 64267
2223 1791336975111231 57118
2224 1791336975129598 53698
2225 1791336975140789 47646
2226 1791336975155343 44878
2227 1791336975177448 47844
2228 1791336975200866 50123
2229 1791336975207536 38245
2230 1791336975236703 47427
2231 1791336975259673 50517
2232 1791336975275668 46167
2233 1791336975294788 44794
2234 1791336975325838 53802
2235 1791336975337895 48960
2236 1791336975367636 57129
2237 1791336975380829 48410
2238 1791336975397943 48967
2239 1791336975426975 55265
2240 1791336975443928 52471
2241 1791336975476236 63914
2242 1791336975505806 61870
2243 1791336975512541 63912
2244 1791336975528304 58549
2245 1791336975540549 51787
2246 1791336975559258 49177
2247 1791336975579645 51338
2248 1791336975611320 61665
2249 1791336975629189 59953
2250 1791336975645756 50954
2251 1791336975652025 40700
2252 1791336975682931 53739
2253 1791336975702654 50612
2254 1791336975729127 60106
2255 1791336975753018 63921
2256 1791336975779133 70132
2257 1791336975793534 64401
2258 1791336975817179 64156
2259 1791336975835174 65816
2260 1791336975861034 67496
2261 1791336975869943 55719
2262 1791336975884718 49539
2263 1791336975901243 45171
2264 1791336975919046 49940
2265 1791336975946281 56155
2266 1791336975972467 61960
2267 1791336975984044 55114
2268 1791336976006679 57464
2269 1791336976028147 58643
2270 1791336976054242 65957
2271 1791336976069840 52899
2272 1791336976092837 64686
2273 1791336976110314 61221
2274 1791336976132507 62870
2275 1791336976145903 57764
2276 1791336976166090 55772
2277 1791336976191512 59002
2278 1791336976204004 55570
2279 1791336976266983 97445
2280 1791336976267084 77505
2281 1791336976287396 78189
2282 1791336976311498 44507
2283 1791336976331904 64847
2284 1791336976331922 61417
2285 1791336976344777 55846
2286 1791336976370584 59071
2287 1791336976381658 51489
2288 1791336976417805 60125
2289 1791336976443021 73834
2290 1791336976460900 68563
2291 1791336976495410 86380
2292 1791336976495420 52389
2293 1791336976510893 49983
2294 1791336976558341 86491
2295 1791336976580237 89425
2296 1791336976580276 70440
2297 1791336976619578 61227
2298 1791336976619588 61197
2299 1791336976654025 73781
2300 1791336976676579 80900
2301 1791336976681791 64337
2302 1791336976709501 79836
2303 1791336976715577 64145
2304 1791336976728869 57707
2305 1791336976756818 66111
2306 1791336976777745 68240
2307 1791336976797794 68922
2308 1791336976810500 61063
2309 1791336976836009 66793
2310 1791336976854394 64500
2311 1791336976871521 61017
2312 1791336976906693 73648
2313 1791336976923966 71486
2314 1791336976936306 66961
2315 1791336976962867 72081
2316 1791336976976396 63139
2317 1791336976990992 62479
2318 1791336977010914 61720
2319 1791336977030695 61524
2320 1791336977058623 68512
2321 1791336977081812 72540
2322 1791336977100880 71971
2323 1791336977121175 71989
2324 1791336977121180 51999
2325 1791336977150790 61436
2326 1791336977177163 67902
2327 1791336977191324 58767
2328 1791336977212800 63921
2329 1791336977212805 43018
2330 1791336977217905 26577
2331 1791336977239505 28397
2332 1791336977254467 25784
2333 1791336977274910 26096
2334 1791336977296143 21231
2335 1791336977317022 24831
2336 1791336977338079 27070
2337 1791336977355691 24443
2338 1791336977375057 26730
2339 1791336977397992 22932
2340 1791336977415747 23976
2341 1791336977438478 28901
2342 1791336977457682 25033
2343 1791336977477095 24250
2344 1791336977495790 25230
2345 1791336977512575 23778
2346 1791336977536285 23707
2347 1791336977557327 25435
2348 1791336977576808 26472
2349 1791336977593499 24593
2350 1791336977617311 23808
2351 1791336977638449 23123
2352 1791336977655377 25702
2353 1791336977669980 21047
2354 1791336977697974 27988
2355 1791336977716881 23633
2356 1791336977736721 25212
2357 1791336977757640 27494
2358 1791336977777834 25738
2359 1791336977796827 25986
2360 1791336977818729 25736
2361 1791336977840604 26671
2362 1791336977855574 24970
2363 1791336977879979 30748
2364 1791336977902712 27461
2365 1791336977913739 25229
2366 1791336977938246 29369
2367 1791336977956748 27745
2368 1791336977972257 23089
2369 1791336977997663 25545
2370 1791336978013486 22725
2371 1791336978036819 23330
2372 1791336978057854 28015
2373 1791336978076298 23502
2374 1791336978094282 23963
2375 1791336978112396 22571
2376 1791336978134727 24134
2377 1791336978156587 27587
2378 1791336978177117 23696
2379 1791336978197693 26887
2380 1791336978217669 23753
2381 1791336978237910 27082
2382 1791336978256128 21532
2383 1791336978276537 26137
2384 1791336978290545 21850
2385 1791336978318002 27454
2386 1791336978336805 22602
2387 1791336978353129 24460
2388 1791336978376706 23574
2389 1791336978396263 27513
2390 1791336978410937 21188
2391 1791336978442300 32391
2392 1791336978457666 22179
2393 1791336978477451 25903
2394 1791336978499033 24653
2395 1791336978517743 26082
2396 1791336978536799 25137
2397 1791336978558719 27829
2398 1791336978576487 22276
2399 1791336978595862 26768
2400 1791336978615420 25869
2401 1791336978635777 26653
2402 1791336978655680 26957
2403 1791336978672037 23046
2404 1791336978689406 20454
2405 1791336978716696 27287
2406 1791336978736617 27595
2407 1791336978752574 23609
2408 1791336978770396 21259
2409 1791336978790195 21332
2410 1791336978817328 27175
2411 1791336978833992 25308
2412 1791336978856901 26830
2413 1791336978877984 24513
2414 1791336978896671 23811
2415 1791336978912757 24091
2416 1791336978935592 22829
2417 1791336978956132 27107
2418 1791336978973846 25029
2419 1791336978996353 27666
2420 1791336979008994 20667
2421 1791336979037455 28611
2422 1791336979058598 25590
2423 1791336979077981 25782
2424 1791336979097945 25491
2425 1791336979115815 25012
2426 1791336979136139 27523
2427 1791336979159222 23224
2428 1791336979175894 27555
2429 1791336979196335 27898
2430 1791336979216426 27455
2431 1791336979236975 27120
2432 1791336979256139 27421
2433 1791336979275989 26194
2434 1791336979295899 23770
2435 1791336979320973 29127
2436 1791336979332411 23705
2437 1791336979354066 25092
2438 1791336979376925 22857
2439 1791336979400543 26189
2440 1791336979416914 26843
2441 1791336979433964 25206
2442 1791336979455745 27223
2443 1791336979477676 28711
2444 1791336979496957 28088
2445 1791336979509568 20648
2446 1791336979536821 28379
2447 1791336979556632 27971
2448 1791336979577225 20589
2449 1791336979591760 21075
2450 1791336979616769 25006
2451 1791336979630539 21685
2452 1791336979658758 28215
2453 1791336979677454 21942
2454 1791336979702391 31396
2455 1791336979715847 26265
2456 1791336979733581 24534
2457 1791336979757219 23634
2458 1791336979775107 22949
2459 1791336979791900 23018
2460 1791336979816503 24599
2461 1791336979837697 27181
2462 1791336979861074 27224
2463 1791336979873640 24719
2464 1791336979895490 24853
2465 1791336979912116 23350
2466 1791336979937830 27748
2467 1791336979956580 23628
2468 1791336979974622 25643
2469 1791336979989633 20632
2470 1791336980010577 20965
2471 1791336980036680 27749
2472 1791336980054344 25415
2473 1791336980077267 27494
2474 1791336980096974 25060
2475 1791336980117039 24374
2476 1791336980133798 24978
2477 1791336980160333 26601
2478 1791336980176109 23868
2479 1791336980197340 25335
2480 1791336980211514 22982
2481 1791336980242663 33508
2482 1791336980253912 24007
2483 1791336980274960 26142
2484 1791336980294567 24589
2485 1791336980319783 30617
2486 1791336980342450 33614
2487 1791336980357450 28356
2488 1791336980390074 40210
2489 1791336980413079 43292
2490 1791336980427940 38825
2491 1791336980447997 34914
2492 1791336980469300 41354
2493 1791336980486741 38738
2494 1791336980520014 51255
2495 1791336980566624 76008
2496 1791336980582066 73114
2497 1791336980606639 78120
2498 1791336980645739 92932
2499 1791336980664876 95291
2500 1791336980672932 84296
2501 1791336980694494 84662
2502 1791336980699477 70412
2503 1791336980730442 81294
2504 1791336980757922 87132
2505 1791336980779247 85105
2506 1791336980799740 90921
2507 1791336980819024 88579
2508 1791336980838096 84962
2509 1791336980854654 85378
2510 1791336980876067 86884
2511 1791336980897706 84514
2512 1791336980916908 84784
2513 1791336980935884 86374
2514 1791336980956218 85407
2515 1791336980979752 90401
2516 1791336980996925 86796
2517 1791336981020016 91668
2518 1791336981031365 81867
2519 1791336981051835 83119
2520 1791336981079737 89503
2521 1791336981098934 89521
2522 1791336981125587 95583
2523 1791336981141805 92310
2524 1791336981168475 92383
2525 1791336981177039 85526
2526 1791336981198112 88982
2527 1791336981222806 93954
2528 1791336981247643 96652
2529 1791336981261544 93065
2530 1791336981285830 96514
2531 1791336981309289 100040
2532 1791336981329628 100357
2533 1791336981356189 105826
2534 1791336981377027 107869
2535 1791336981399478 109164
2536 1791336981416630 107337
2537 1791336981439967 111123
2538 1791336981466706 116491
2539 1791336981477773 106169
2540 1791336981497690 108873
2541 1791336981515128 105925
2542 1791336981530826 102041
2543 1791336981552749 99392
2544 1791336981569424 99966
2545 1791336981592912 103819
2546 1791336981614801 105324
2547 1791336981636820 106769
2548 1791336981661858 111721
2549 1791336981675955 106527
2550 1791336981698481 109777
2551 1791336981722843 113967
2552 1791336981743571 113719
2553 1791336981766924 114209
2554 1791336981786581 118526
2555 1791336981814897 126066
2556 1791336981836268 125044
2557 1791336981851441 122421
2558 1791336981886611 131870
2559 1791336981886621 117003
2560 1791336981898891 109960
2561 1791336981919053 110402
2562 1791336981928456 99809
2563 1791336981944131 94158
2564 1791336981961750 92758
2565 1791336981969491 79848
2566 1791336981989925 76800
2567 1791336982008787 80326
2568 1791336982018901 69264
2569 1791336982049540 80349
2570 1791336982077108 88150
2571 1791336982090341 81549
2572 1791336982110736 77567
2573 1791336982127558 78014
2574 1791336982134563 65840
2575 1791336982153205 64459
2576 1791336982163766 54737
2577 1791336982181747 52139
2578 1791336982205485 52548
2579 1791336982217908 48906
2580 1791336982230998 41872
2581 1791336982249500 40588
2582 1791336982277514 48164
2583 1791336982290614 41573
2584 1791336982316648 43713
2585 1791336982330269 41374
2586 1791336982345749 36733
2587 1791336982366614 36341
2588 1791336982386258 36882
2589 1791336982407903 34109
2590 1791336982423785 34449
2591 1791336982440248 32341
2592 1791336982457203 26888
2593 1791336982480747 31251
2594 1791336982509307 37906
2595 1791336982526663 35116
2596 1791336982547634 38590
2597 1791336982567639 37922
2598 1791336982593481 44445
2599 1791336982612892 43179
2600 1791336982633836 40350
2601 1791336982654508 42129
2602 1791336982669332 36651
2603 1791336982687495 38858
2604 1791336982713443 44624
2605 1791336982724136 32747
2606 1791336982744501 34901
2607 1791336982769694 41107
2608 1791336982791089 41007
2609 1791336982805717 36020
2610 1791336982830860 39767
2611 1791336982848761 38924
2612 1791336982867702 36838
2613 1791336982882908 34143
2614 1791336982907857 36949
2615 1791336982919564 31028
2616 1791336982943016 35153
2617 1791336982969731 39598
2618 1791336983001361 52522
2619 1791336983035947 66792
2620 1791336983035977 46900
2621 1791336983056299 46192
2622 1791336983074062 43538
2623 1791336983097822 46047
2624 1791336983126953 52886
2625 1791336983144496 55643
2626 1791336983169034 51347
2627 1791336983172430 43462
2628 1791336983192229 43214
2629 1791336983211756 42711
2630 1791336983237550 47748
2631 1791336983259905 50331
2632 1791336983280025 49393
2633 1791336983315121 56298
2634 1791336983329505 55203
2635 1791336983346568 52866
2636 1791336983360709 45585
2637 1791336983371979 42469
2638 1791336983403455 50131
2639 1791336983411017 41032
2640 1791336983436775 45971
2641 1791336983455524 44501
2642 1791336983470117 38717
2643 1791336983491246 39541
2644 1791336983519598 49927
2645 1791336983548456 57239
2646 1791336983560768 47914
2647 1791336983578768 48011
2648 1791336983599180 50720
2649 1791336983616249 46192
2650 1791336983642138 53103
2651 1791336983661068 52395
2652 1791336983678888 50331
2653 1791336983706931 57665
2654 1791336983732071 63725
2655 1791336983749984 60573
2656 1791336983788850 78788
2657 1791336983804996 72921
2658 1791336983822812 72822
2659 1791336983844573 76388
2660 1791336983852756 63887
2661 1791336983879716 68299
2662 1791336983902068 72326
2663 1791336983921660 70958
2664 1791336983947609 78693
2665 1791336983979856 85170
2666 1791336983987060 76561
2667 1791336984017026 86331
2668 1791336984029340 78697
2669 1791336984062318 92376
2670 1791336984074112 84768
2671 1791336984094234 83399
2672 1791336984108563 79215
2673 1791336984140687 89049
2674 1791336984145118 75702
2675 1791336984166994 78347
2676 1791336984197103 88620
2677 1791336984211868 80421
2678 1791336984255573 105494
2679 1791336984257322 88681
2680 1791336984269018 78775
2681 1791336984295807 83934
2682 1791336984317647 88971
2683 1791336984335976 86665
2684 1791336984357913 88890
2685 1791336984371250 80489
2686 1791336984388222 77828
2687 1791336984408419 79577
2688 1791336984426436 76281
2689 1791336984445609 75728
2690 1791336984459789 71561
2691 1791336984479283 70856
2692 1791336984512548 80473
2693 1791336984526855 76427
2694 1791336984539173 69130
2695 1791336984578564 86608
2696 1791336984597836 85284
2697 1791336984604829 76280
2698 1791336984621509 69643
2699 1791336984631912 60674
2700 1791336984650900 61997
2701 1791336984676433 54920
2702 1791336984685181 55626
2703 1791336984706164 55259
2704 1791336984727165 57158
2705 1791336984748829 60164
2706 1791336984766913 56942
2707 1791336984780749 51926
2708 1791336984806147 57306
2709 1791336984821316 51177
2710 1791336984846054 56338
2711 1791336984879326 66287
2712 1791336984887105 58389
2713 1791336984900164 51399
2714 1791336984930359 60883
2715 1791336984948874 56941
2716 1791336984963512 55033
2717 1791336984995735 65371
2718 1791336985009646 60768
2719 1791336985027360 58660
2720 1791336985047889 57665
2721 1791336985064172 54511
2722 1791336985086135 57401
2723 1791336985109169 61275
2724 1791336985133711 65095
2725 1791336985150731 61917
2726 1791336985180026 70852
2727 1791336985199316 70770
2728 1791336985210303 61237
2729 1791336985235317 66286
2730 1791336985252651 62543
2731 1791336985287198 78147
2732 1791336985294376 64971
2733 1791336985321871 69127
2734 1791336985339429 62025
2735 1791336985356594 63412
2736 1791336985369850 59748
2737 1791336985399131 68848
2738 1791336985415874 66492
2739 1791336985441237 71385
2740 1791336985457278 67140
2741 1791336985476796 65489
2742 1791336985496311 65377
2743 1791336985527108 74763
2744 1791336985546149 76609
2745 1791336985572042 80128
2746 1791336985582375 73191
2747 1791336985609573 73074
2748 1791336985617623 68915
2749 1791336985636469 67192
2750 1791336985659084 68587
2751 1791336985698890 89310
2752 1791336985718680 89796
2753 1791336985740299 86724
2754 1791336985784072 115218
2755 1791336985784087 85192
2756 1791336985839513 128267
2757 1791336985851265 115767
2758 1791336985867619 118148
2759 1791336985894385 110309
2760 1791336985894394 83571
2761 1791336985894398 83562
2762 1791336985919941 80421
2763 1791336985919952 68683
2764 1791336985941856 72231
2765 1791336985952507 62914
2766 1791336985969301 58480
2767 1791336985990683 58547
2768 1791336985997080 48951
2769 1791336986012794 43487
2770 1791336986026061 35363
2771 1791336986047285 38332
2772 1791336986059624 29431
2773 1791336986088210 35873
2774 1791336986098009 24649
2775 1791336986127905 39692
2776 1791336986133992 24228
2777 1791336986159139 31230
2778 1791336986192919 41909
2779 1791336986199747 26466
2780 1791336986227152 35318
2781 1791336986242355 29224
2782 1791336986267321 38404
2783 1791336986286926 36587
2784 1791336986308930 40270
2785 1791336986330487 39767
2786 1791336986339287 30353
2787 1791336986358976 28485
2788 1791336986387912 37060
2789 1791336986413415 42378
2790 1791336986425753 37835
2791 1791336986450854 37432
2792 1791336986469308 37600
2793 1791336986488031 38605
2794 1791336986499893 30578
2795 1791336986529318 41281
2796 1791336986547188 37268
2797 1791336986566541 37218
2798 1791336986583988 35376
2799 1791336986603868 32633
2800 1791336986627723 39336
2801 1791336986643986 34443
2802 1791336986662533 33369
2803 1791336986686981 37756
2804 1791336986707003 36784
2805 1791336986716226 27520
2806 1791336986750572 39609
2807 1791336986769324 40120
2808 1791336986783371 34334
2809 1791336986809762 40433
2810 1791336986825430 34713
2811 1791336986845988 36222
2812 1791336986868012 38424
2813 1791336986886779 37355
2814 1791336986911333 43316
2815 1791336986920151 29317
2816 1791336986950235 38893
2817 1791336986977191 43407
2818 1791336986986032 35793
2819 1791336987013925 43058
2820 1791336987032970 43122
2821 1791336987039502 31444
2822 1791336987062925 29949
2823 1791336987087618 37992
2824 1791336987108802 39578
2825 1791336987140630 49485
2826 1791336987150446 41640
2827 1791336987166582 36903
2828 1791336987183477 33029
2829 1791336987203267 32714
2830 1791336987221893 32394
2831 1791336987244512 34855
2832 1791336987276027 44742
2833 1791336987291787 39606
2834 1791336987322856 47322
2835 1791336987326374 34583
2836 1791336987349914 37634
2837 1791336987365504 36835
2838 1791336987385040 35121
2839 1791336987407011 37557
2840 1791336987433302 43429
2841 1791336987453181 43855
2842 1791336987480870 47539
2843 1791336987501933 48815
2844 1791336987526682 56025
2845 1791336987546063 56711
2846 1791336987569374 60705
2847 1791336987592722 60189
2848 1791336987609730 58783
2849 1791336987637792 68414
2850 1791336987672307 82125
2851 1791336987687145 77411
2852 1791336987708125 74247
2853 1791336987732018 80966
2854 1791336987732033 59716
2855 1791336987751576 62644
2856 1791336987782892 74764
2857 1791336987805251 73229
2858 1791336987822057 70479
2859 1791336987859272 76370
2860 1791336987864366 73221
2861 1791336987892004 80812
2862 1791336987910039 77406
2863 1791336987921873 71305
2864 1791336987937403 68413
2865 1791336987957878 65865
2866 1791336987966662 56612
2867 1791336988023398 85986
2868 1791336988038882 84483
2869 1791336988047329 72595
2870 1791336988073937 82576
2871 1791336988111688 88284
2872 1791336988125885 94339
2873 1791336988125893 76063
2874 1791336988153321 79376
2875 1791336988160867 71378
2876 1791336988173141 64278
2877 1791336988206179 75203
2878 1791336988224967 71563
2879 1791336988239517 70871
2880 1791336988272967 80804
2881 1791336988290395 80693
2882 1791336988306183 76975
2883 1791336988330623 81782
2884 1791336988355989 83438
2885 1791336988370729 80330
2886 1791336988393063 84811
2887 1791336988411773 81486
2888 1791336988437342 87489
2889 1791336988462862 92129
2890 1791336988476834 84927
2891 1791336988496052 87331
2892 1791336988511137 80786
2893 1791336988533367 84218
2894 1791336988546801 78428
2895 1791336988569078 79121
2896 1791336988590446 80706
2897 1791336988611466 79586
2898 1791336988629931 74935
2899 1791336988653840 84757
2900 1791336988667818 77369
2901 1791336988679592 68983
2902 1791336988703806 73871
2903 1791336988719869 66027
2904 1791336988737556 68560
2905 1791336988761721 71822
2906 1791336988776696 66975
2907 1791336988795013 65435
2908 1791336988811967 57478
2909 1791336988831527 62298
2910 1791336988859892 69560
2911 1791336988866693 55872
2912 1791336988892658 61127
2913 1791336988915218 56209
2914 1791336988915224 46139
2915 1791336988941348 49160
2916 1791336988957260 47694
2917 1791336988977960 48885
2918 1791336989000224 50398
2919 1791336989019592 50807
2920 1791336989037712 48241
2921 1791336989059277 50127
2922 1791336989088782 56427
2923 1791336989109502 59449
2924 1791336989134666 59666
2925 1791336989147881 59096
2926 1791336989172579 63073
2927 1791336989189096 59729
2928 1791336989206878 58993
2929 1791336989231250 60059
2930 1791336989253227 64127
2931 1791336989274285 64953
2932 1791336989296874 65621
2933 1791336989326664 73435
2934 1791336989343973 69985
2935 1791336989359570 63765
2936 1791336989372984 64393
2937 1791336989386638 57646
2938 1791336989404247 54373
2939 1791336989438337 65714
2940 1791336989449757 60437
2941 1791336989467942 59167
2942 1791336989489405 58367
2943 1791336989508867 59335
2944 1791336989531782 63836
2945 1791336989547628 58220
2946 1791336989579000 70129
2947 1791336989590292 61396
2948 1791336989616606 66767
2949 1791336989639180 66194
2950 1791336989650181 61419
2951 1791336989678669 69207
2952 1791336989687446 58253
2953 1791336989716039 67014
2954 1791336989739339 65333
2955 1791336989759576 66723
2956 1791336989776374 66945
2957 1791336989801171 71533
2958 1791336989820988 68013
2959 1791336989833235 61126
2960 1791336989860640 68085
2961 1791336989879847 70653
2962 1791336989894500 63877
2963 1791336989910755 60822
2964 1791336989945063 65842
2965 1791336989956627 67537
2966 1791336989978289 68591
2967 1791336989995119 65514
2968 1791336990019941 70174
2969 1791336990035747 64007
2970 1791336990057669 67878
2971 1791336990076894 67755
2972 1791336990090762 62620
2973 1791336990111225 62071
2974 1791336990139400 70041
2975 1791336990159199 68433
2976 1791336990173222 62197
2977 1791336990186278 51787
2978 1791336990207409 56110
2979 1791336990221013 51813
2980 1791336990239742 50859
2981 1791336990257442 47686
2982 1791336990284503 52150
2983 1791336990297214 47813
2984 1791336990310438 38151
2985 1791336990321467 32351
2986 1791336990348912 38471
2987 1791336990366851 38079
2988 1791336990381338 32421
2989 1791336990398803 29671
2990 1791336990419589 30311
2991 1791336990438490 29428
2992 1791336990465469 35992
2993 1791336990485239 36347
2994 1791336990507133 37616
2995 1791336990519859 30153
2996 1791336990539353 30327
2997 1791336990568479 38989
2998 1791336990590076 39062
2999 1791336990610911 42429
3000 1791336990614873 25519
3001 1791336990650262 39346
3002 1791336990659763 30317
3003 1791336990686427 37680
3004 1791336990707151 34105
3005 1791336990719602 30337
3006 1791336990751945 42651
3007 1791336990762780 30480
3008 1791336990789885 37938
3009 1791336990814337 44551
3010 1791336990844752 54859
3011 1791336990856939 48068
3012 1791336990866491 32764
3013 1791336990882083 33037
3014 1791336990908672 38572
3015 1791336990923968 34790
3016 1791336990941248 32573
3017 1791336990968754 38802
3018 1791336990989531 40755
3019 1791336991008227 39470
3020 1791336991027948 38413
3021 1791336991043248 35016
3022 1791336991068778 40827
3023 1791336991088068 36597
3024 1791336991106505 37799
3025 1791336991128121 40050
3026 1791336991148679 37470
3027 1791336991166994 38861
3028 1791336991189446 40764
3029 1791336991215420 47320
3030 1791336991238138 48687
3031 1791336991259508 45164
3032 1791336991283844 51343
3033 1791336991306445 54321
3034 1791336991316428 39204
3035 1791336991331170 41957
3036 1791336991359112 49636
3037 1791336991382965 51789
3038 1791336991403046 54729
3039 1791336991410563 41907
3040 1791336991437580 48445
3041 1791336991464044 54399
3042 1791336991479214 48947
3043 1791336991507333 51630
3044 1791336991523954 54228
3045 1791336991539846 51178
3046 1791336991559973 50815
3047 1791336991585879 57036
3048 1791336991605725 55607
3049 1791336991621037 51965
3050 1791336991650784 58487
3051 1791336991676015 60339
3052 1791336991691194 61725
3053 1791336991721545 71537
3054 1791336991736507 65276
3055 1791336991756358 66632
3056 1791336991775858 66028
3057 1791336991787815 58307
3058 1791336991819419 67582
3059 1791336991835883 65067
3060 1791336991857084 67801
3061 1791336991877883 68728
3062 1791336991898915 67689
3063 1791336991918831 69410
3064 1791336991938752 66531
3065 1791336991957725 63811
3066 1791336991982955 70785
3067 1791336991991175 61870
3068 1791336992027150 75841
3069 1791336992047845 78502
3070 1791336992062600 73328
3071 1791336992071744 60884
3072 1791336992106628 77426
3073 1791336992127261 79412
3074 1791336992153807 82060
3075 1791336992174711 78780
3076 1791336992192165 79337
3077 1791336992217072 87879
3078 1791336992229365 75553
3079 1791336992243802 71823
3080 1791336992277418 85252
3081 1791336992298222 89125
3082 1791336992318833 89510
3083 1791336992330145 81038
3084 1791336992360676 92239
3085 1791336992382256 87728
3086 1791336992397564 88809
3087 1791336992417474 88364
3088 1791336992427970 76661
3089 1791336992448232 79015
3090 1791336992477565 88744
3091 1791336992490675 78340
3092 1791336992511584 83611
3093 1791336992540200 91966
3094 1791336992560226 91461
3095 1791336992577469 87723
3096 1791336992593805 84563
3097 1791336992617189 80996
3098 1791336992630013 78773
3099 1791336992653928 83383
3100 1791336992676629 85008
3101 1791336992689714 80332
3102 1791336992699693 70275
3103 1791336992755363 101422
3104 1791336992755372 82950
3105 1791336992777615 88243
3106 1791336992805479 81202
3107 1791336992805485 77065
3108 1791336992819142 66148
3109 1791336992838557 61985
3110 1791336992844814 56039
3111 1791336992860559 50836
3112 1791336992885947 57066
3113 1791336992918157 66993
3114 1791336992924290 55004
3115 1791336992941112 52973
3116 1791336992960519 42354
3117 1791336992995195 63406
3118 1791336993013559 59220
3119 1791336993025209 52906
3120 1791336993048914 60023
3121 1791336993071914 58349
3122 1791336993085695 56530
3123 1791336993103015 54097
3124 1791336993119589 51385
3125 1791336993137022 47496
3126 1791336993156313 47608
3127 1791336993181331 51862
3128 1791336993196281 47141
3129 1791336993222193 53446
3130 1791336993247638 57497
3131 1791336993259927 51283
3132 1791336993290141 60888
3133 1791336993306883 56283
3134 1791336993323448 54529
3135 1791336993340850 50705
3136 1791336993362256 53911
3137 1791336993394208 61067
3138 1791336993401456 52250
3139 1791336993430322 61551
3140 1791336993459578 65365
3141 1791336993469953 59455
3142 1791336993496802 66476
3143 1791336993510981 61111
3144 1791336993539650 69688
3145 1791336993559630 68636
3146 1791336993575054 65060
3147 1791336993598827 69377
3148 1791336993618120 67484
3149 1791336993629846 58289
3150 1791336993650736 62342
3151 1791336993667503 58325
3152 1791336993691800 61950
3153 1791336993707783 57044
3154 1791336993728954 59598
3155 1791336993749480 57677
3156 1791336993769859 60868
3157 1791336993790034 61076
3158 1791336993806171 56927
3159 1791336993832401 63439
3160 1791336993853426 63388
3161 1791336993877782 68135
3162 1791336993899853 68668
3163 1791336993918290 66097
3164 1791336993937855 63614
3165 1791336993963152 71274
3166 1791336993974312 64460
3167 1791336993989979 58603
3168 1791336994015675 66150
3169 1791336994038441 65482
3170 1791336994062909 74159
3171 1791336994085276 75483
3172 1791336994113008 82004
3173 1791336994117440 62837
3174 1791336994140078 71012
3175 1791336994165961 77005
3176 1791336994179408 66396
3177 1791336994195169 65994
3178 1791336994226283 76799
3179 1791336994237218 68580
3180 1791336994269738 76534
3181 1791336994287070 78348
3182 1791336994303209 73509
3183 1791336994320005 71601
3184 1791336994345491 75750
3185 1791336994360099 69918
3186 1791336994381581 70281
3187 1791336994403004 74514
3188 1791336994428081 77322
3189 1791336994444077 74885
3190 1791336994465836 76482
3191 1791336994479427 69067
3192 1791336994491679 63595
3193 1791336994520997 69072
3194 1791336994534335 63153
3195 1791336994557519 68700
3196 1791336994571883 58310
3197 1791336994595003 66792
3198 1791336994605546 54713
3199 1791336994621178 51388
3200 1791336994634790 46591
3201 1791336994648022 38294
3202 1791336994667524 37934
3203 1791336994680400 32375
3204 1791336994705941 35891
3205 1791336994723056 34112
3206 1791336994746814 38765
3207 1791336994758924 29210
3208 1791336994786550 36512
3209 1791336994800249 30243
3210 1791336994829848 38617
3211 1791336994841830 32225
3212 1791336994871703 42303
3213 1791336994886658 37563
3214 1791336994907801 37009
3215 1791336994918004 29043
3216 1791336994948853 39133
3217 1791336994970294 41051
3218 1791336994994594 45790
3219 1791336995023595 53298
3220 1791336995039716 49839
3221 1791336995061957 51869
3222 1791336995080656 50865
3223 1791336995104071 55089
3224 1791336995124299 53213
3225 1791336995139166 49887
3226 1791336995159737 50733
3227 1791336995187411 57612
3228 1791336995206105 55308
3229 1791336995222263 49929
3230 1791336995250859 61828
3231 1791336995262141 51996
3232 1791336995290158 60717
3233 1791336995304363 55250
3234 1791336995332350 63690
3235 1791336995356736 66349
3236 1791336995371949 62525
3237 1791336995400483 68130
3238 1791336995415180 66287
3239 1791336995440185 69400
3240 1791336995458977 70734
3241 1791336995479657 69842
3242 1791336995496803 66943
3243 1791336995515917 67029
3244 1791336995542093 72664
3245 1791336995558099 67662
3246 1791336995573948 63188
3247 1791336995594286 64539
3248 1791336995619768 69491
3249 1791336995637295 68076
3250 1791336995669159 80878
3251 1791336995691748 82203
3252 1791336995701745 70544
3253 1791336995721990 69531
3254 1791336995741604 72441
3255 1791336995757679 65926
3256 1791336995786559 77399
3257 1791336995797397 68135
3258 1791336995827892 77002
3259 1791336995850454 79351
3260 1791336995875550 86510
3261 1791336995890035 79042
3262 1791336995909842 81947
3263 1791336995918912 70247
3264 1791336995939536 68138
3265 1791336995958769 69666
3266 1791336995975112 65266
3267 1791336995999255 67501
3268 1791336996022540 73843
3269 1791336996039292 70126
3270 1791336996062766 73915
3271 1791336996082074 72865
3272 1791336996117498 86994
3273 1791336996125571 77084
3274 1791336996146969 77431
3275 1791336996167671 78753
3276 1791336996189054 78079
3277 1791336996201192 70094
3278 1791336996217369 69017
3279 1791336996235373 66043
3280 1791336996265832 76774
3281 1791336996274049 61196
3282 1791336996291236 62356
3283 1791336996309340 55589
3284 1791336996330240 56188
3285 1791336996358220 69343
3286 1791336996369613 60270
3287 1791336996388196 57943
3288 1791336996407203 58401
3289 1791336996429670 60054
3290 1791336996430748 42549
3291 1791336996463467 50671
3292 1791336996480108 50435
3293 1791336996489631 40069
3294 1791336996508014 38213
3295 1791336996524184 34573
3296 1791336996545957 37941
3297 1791336996562568 33860
3298 1791336996580037 29577
3299 1791336996608901 37308
3300 1791336996629778 38641
3301 1791336996648326 39422
3302 1791336996665789 36765
3303 1791336996685380 37051
3304 1791336996699458 30237
3305 1791336996716351 26690
3306 1791336996746761 34426
3307 1791336996765680 36547
3308 1791336996783633 34756
3309 1791336996814255 43881
3310 1791336996833747 35754
3311 1791336996847118 37560
3312 1791336996862190 33269
3313 1791336996889159 39979
3314 1791336996908261 39388
3315 1791336996929511 40349
3316 1791336996947189 38926
3317 1791336996967123 37606
3318 1791336996986007 36895
3319 1791336997011543 38478
3320 1791336997027088 36934
3321 1791336997050677 40224
3322 1791336997067839 36912
3323 1791336997093087 42209
3324 1791336997107882 40040
3325 1791336997130917 38868
3326 1791336997149103 41217
3327 1791336997165064 37009
3328 1791336997193702 44596
3329 1791336997211859 43549
3330 1791336997230093 40878
3331 1791336997247724 36611
3332 1791336997278104 48007
3333 1791336997291437 41886
3334 1791336997313661 44761
3335 1791336997329209 38820
3336 1791336997362705 49041
3337 1791336997374610 45431
3338 1791336997398270 47288
3339 1791336997423076 49237
3340 1791336997436593 47592
3341 1791336997461073 52337
3342 1791336997481393 52864
3343 1791336997496374 43438
3344 1791336997515472 46651
3345 1791336997542707 53871
3346 1791336997558481 49598
3347 1791336997579921 49776
3348 1791336997606385 57392
3349 1791336997633607 56250
3350 1791336997639391 49867
3351 1791336997673924 64629
3352 1791336997693882 61066
3353 1791336997708657 58381
3354 1791336997709057 37367
3355 1791336997736772 47577
3356 1791336997757502 48839
3357 1791336997775388 46169
3358 1791336997802181 53139
3359 1791336997819836 49912
3360 1791336997838964 49929
3361 1791336997865092 53703
3362 1791336997876448 46676
3363 1791336997907280 58386
3364 1791336997922828 52944
3365 1791336997938962 47087
3366 1791336997958805 49842
3367 1791336997980105 47297
3368 1791336998001923 53774
3369 1791336998025525 55672
3370 1791336998046881 57786
3371 1791336998067998 59642
3372 1791336998090910 56081
3373 1791336998107772 57626
3374 1791336998127729 59728
3375 1791336998146151 55446
3376 1791336998172062 62983
3377 1791336998184988 55226
3378 1791336998203693 53875
3379 1791336998228805 56740
3380 1791336998247988 58704
3381 1791336998270572 61261
3382 1791336998287774 58964
3383 1791336998311217 63226
3384 1791336998348715 78139
3385 1791336998371503 82097
3386 1791336998382181 73070
3387 1791336998407736 73450
3388 1791336998415002 66330
3389 1791336998441150 71152
3390 1791336998462918 71454
3391 1791336998490002 79091
3392 1791336998504859 75701
3393 1791336998535543 86043
3394 1791336998558756 89512
3395 1791336998572333 82328
3396 1791336998584580 75108
3397 1791336998607338 72992
3398 1791336998627753 77147
3399 1791336998641882 69533
3400 1791336998667234 78357
3401 1791336998696496 87782
3402 1791336998717964 84411
3403 1791336998736733 88566
3404 1791336998759932 86278
3405 1791336998777401 87302
3406 1791336998794722 83859
3407 1791336998820463 87710
3408 1791336998827806 78683
3409 1791336998850391 81203
3410 1791336998887848 95888
3411 1791336998901264 88220
3412 1791336998916033 86792
3413 1791336998935785 85656
3414 1791336998948973 79501
3415 1791336998967793 79941
3416 1791336999002220 93634
3417 1791336999012149 80925
3418 1791336999029733 80757
3419 1791336999050887 72844
3420 1791336999069419 80533
3421 1791336999097887 86916
3422 1791336999120398 90661
3423 1791336999128858 79908
3424 1791336999151423 82440
3425 1791336999172511 83084
3426 1791336999188964 80228
3427 1791336999214642 85781
3428 1791336999228638 78069
3429 1791336999248933 80295
3430 1791336999259701 70734
3431 1791336999279439 64793
3432 1791336999295720 67078
3433 1791336999312146 63211
3434 1791336999337033 67220
3435 1791336999370122 79924
3436 1791336999385490 76437
3437 1791336999399018 69071
3438 1791336999427279 78460
3439 1791336999437412 67747
3440 1791336999460858 71540
3441 1791336999480889 71636
3442 1791336999496855 65431
3443 1791336999524606 75486
3444 1791336999543461 74171
3445 1791336999559279 70026
3446 1791336999579945 69484
3447 1791336999611731 75547
3448 1791336999621056 70982
3449 1791336999636912 68071
3450 1791336999668002 77860
3451 1791336999679574 67836
3452 1791336999703545 73376
3453 1791336999722160 71004
3454 1791336999749857 81850
3455 1791336999768750 78588
3456 1791336999794711 78566
3457 1791336999808558 79142
3458 1791336999829566 79704
3459 1791336999844117 75746
3460 1791336999882036 91088
3461 1791336999898290 89661
3462 1791336999909671 80102
3463 1791336999937053 87473
3464 1791336999948968 79902
3465 1791336999961186 71565
3466 1791336999991357 81682
3467 1791337000003354 71539
3468 1791337000026338 77426
3469 1791337000043267 74219
3470 1791337000067203 75842
3471 1791337000080176 70639
3472 1791337000101181 71909
3473 1791337000129384 78280
3474 1791337000148665 79319
3475 1791337000171296 80939
3476 1791337000197778 89306
3477 1791337000216493 87105
3478 1791337000228544 79876
3479 1791337000249136 79784
3480 1791337000268568 78596
3481 1791337000296684 87325
3482 1791337000316784 88237
3483 1791337000338655 89516
3484 1791337000364871 96299
3485 1791337000366470 77339
3486 1791337000384538 75358
3487 1791337000409236 75935
3488 1791337000431476 81931
3489 1791337000444797 74927
3490 1791337000462158 73410
3491 1791337000481626 72387
3492 1791337000490642 59161
3493 1791337000507121 51123
3494 1791337000517457 48376
3495 1791337000530825 40743
3496 1791337000550397 40404
3497 1791337000563786 34809
3498 1791337000586104 35704
3499 1791337000606261 35448
3500 1791337000629378 40766
3501 1791337000657470 42888
3502 1791337000663768 34385
3503 1791337000684059 32288
3504 1791337000705529 34236
3505 1791337000725757 37087
3506 1791337000741943 30585
3507 1791337000763815 34588
3508 1791337000780355 30949
3509 1791337000805485 36434
3510 1791337000827016 38337
3511 1791337000840017 30825
3512 1791337000858780 30221
3513 1791337000885414 34789
3514 1791337000903262 30530
3515 1791337000925069 35446
3516 1791337000948551 38977
3517 1791337000962042 31731
3518 1791337000979330 30776
3519 1791337001001106 32288
3520 1791337001017177 28330
3521 1791337001041512 31100
3522 1791337001070337 39553
3523 1791337001083327 33041
3524 1791337001107433 37094
3525 1791337001119778 30581
3526 1791337001142472 33565
3527 1791337001164706 33821
3528 1791337001186338 37020
3529 1791337001212988 36480
3530 1791337001227228 37173
3531 1791337001238446 28219
3532 1791337001268515 36065
3533 1791337001287809 32982
3534 1791337001297044 28524
3535 1791337001322355 33176
3536 1791337001341376 32224
3537 1791337001358717 29154
3538 1791337001385664 35757
3539 1791337001403364 29229
3540 1791337001431198 37344
3541 1791337001446646 37553
3542 1791337001465542 35662
3543 1791337001483291 33222
3544 1791337001501795 33076
3545 1791337001526406 35763
3546 1791337001542406 31657
3547 1791337001565463 34573
3548 1791337001581866 32554
3549 1791337001608122 39290
3550 1791337001616576 28510
3551 1791337001645616 37489
3552 1791337001660808 31752
3553 1791337001677973 28701
3554 1791337001707069 35816
3555 1791337001725723 36401
3556 1791337001747524 33894
3557 1791337001762480 32538
3558 1791337001780360 30749
3559 1791337001806699 37534
3560 1791337001835557 43824
3561 1791337001846129 36445
3562 1791337001856986 27556
3563 1791337001885693 36115
3564 1791337001922781 47941
3565 1791337001931714 42630
3566 1791337001945461 35217
3567 1791337001974172 42455
3568 1791337001988963 39653
3569 1791337002016300 47625
3570 1791337002036543 47577
3571 1791337002062154 52963
3572 1791337002083338 54098
3573 1791337002113741 64477
3574 1791337002127916 59470
3575 1791337002153523 64227
3576 1791337002172684 58941
3577 1791337002187861 59941
3578 1791337002207604 54078
3579 1791337002238059 66443
3580 1791337002263498 75634
3581 1791337002275327 66641
3582 1791337002306228 69313
3583 1791337002327650 78476
3584 1791337002344731 73499
3585 1791337002362714 72172
3586 1791337002381114 68289
3587 1791337002398947 69817
3588 1791337002427480 77554
3589 1791337002439243 70026
3590 1791337002471475 81470
3591 1791337002491073 80934
3592 1791337002508316 74927
3593 1791337002527621 77784
3594 1791337002545131 73876
3595 1791337002561905 70828
3596 1791337002587854 79535
3597 1791337002606924 77050
3598 1791337002625541 76562
3599 1791337002658981 89120
3600 1791337002672465 84607
3601 1791337002690578 78397
3602 1791337002709307 79294
3603 1791337002729406 77490
3604 1791337002746782 77267
3605 1791337002774184 83600
3606 1791337002787446 78133
3607 1791337002807207 77797
3608 1791337002836129 87228
3609 1791337002852352 83477
3610 1791337002876704 87074
3611 1791337002888365 78903
3612 1791337002915773 86040
3613 1791337002927090 76152
3614 1791337002971314 99062
3615 1791337002972464 84095
3616 1791337002994984 85950
3617 1791337003007270 78430
3618 1791337003044798 90445
3619 1791337003057673 86695
3620 1791337003069275 77965
3621 1791337003088234 76545
3622 1791337003108889 79495
3623 1791337003123027 73655
3624 1791337003144210 75040
3625 1791337003152511 64273
3626 1791337003169608 60717
3627 1791337003189232 60104
3628 1791337003218184 68426
3629 1791337003223908 54296
3630 1791337003240855 51620
3631 1791337003257667 47596
3632 1791337003268779 39589
3633 1791337003305603 55392
3634 1791337003315699 46916
3635 1791337003336696 40857
3636 1791337003346232 36787
3637 1791337003370746 41506
3638 1791337003389404 39810
3639 1791337003412185 41569
3640 1791337003433492 44085
3641 1791337003453692 43204
3642 1791337003467903 34706
3643 1791337003501230 49702
3644 1791337003502854 34948
3645 1791337003529170 38980
3646 1791337003549214 39020
3647 1791337003577181 48008
3648 1791337003603435 54215
3649 1791337003625188 56276
3650 1791337003644128 54969
3651 1791337003659884 50249
3652 1791337003680439 50553
3653 1791337003697487 46876
3654 1791337003717061 47992
3655 1791337003739790 50137
3656 1791337003769107 55600
3657 1791337003774788 42553
3658 1791337003800447 50751
3659 1791337003811771 42661
3660 1791337003845730 56512
3661 1791337003866404 56350
3662 1791337003881580 52481
3663 1791337003900892 50759
3664 1791337003916297 47423
3665 1791337003940754 50782
3666 1791337003960263 50699
3667 1791337003987011 53837
3668 1791337003996780 46715
3669 1791337004027220 57901
3670 1791337004049238 57121
3671 1791337004075973 65942
3672 1791337004089677 55915
3673 1791337004106973 57733
3674 1791337004123164 54134
3675 1791337004146831 57151
3676 1791337004167212 54305
3677 1791337004186321 57941
3678 1791337004204093 52710
3679 1791337004234063 63625
3680 1791337004249319 60655
3681 1791337004270000 61407
3682 1791337004293310 59245
3683 1791337004307338 58295
3684 1791337004330554 61846
3685 1791337004358678 69087
3686 1791337004377835 66343
3687 1791337004410812 80254
3688 1791337004417573 62007
3689 1791337004438709 67630
3690 1791337004457746 64788
3691 1791337004479303 68714
3692 1791337004494991 61268
3693 1791337004509756 60428
3694 1791337004537105 64360
3695 1791337004548984 57717
3696 1791337004576316 66556
3697 1791337004607709 71316
3698 1791337004622383 73842
3699 1791337004630440 61165
3700 1791337004657621 63768
3701 1791337004672870 64638
3702 1791337004698356 69057
3703 1791337004715918 65911
3704 1791337004736292 64712
3705 1791337004757258 64474
3706 1791337004768426 58893
3707 1791337004800108 69237
3708 1791337004818756 69527
3709 1791337004832751 64321
3710 1791337004853643 63629
3711 1791337004880485 70607
3712 1791337004916958 85257
3713 1791337004925289 71987
3714 1791337004940917 67560
3715 1791337004955184 65959
3716 1791337004975341 61330
3717 1791337004999845 70291
3718 1791337005020605 68985
3719 1791337005050813 81894
3720 1791337005061142 68229
3721 1791337005077279 66384
3722 1791337005093289 64526
3723 1791337005115433 64616
3724 1791337005141839 71912
3725 1791337005163005 74082
3726 1791337005185846 71636
3727 1791337005195498 66252
3728 1791337005209846 61253
3729 1791337005230997 58133
3730 1791337005246243 56449
3731 1791337005266048 56174
3732 1791337005292460 62223
3733 1791337005315909 66075
3734 1791337005345732 74227
3735 1791337005366385 73922
3736 1791337005392144 77307
3737 1791337005406752 77720
3738 1791337005428176 79176
3739 1791337005464779 95484
3740 1791337005488677 97464
3741 1791337005505242 96302
3742 1791337005505250 77071
3743 1791337005508094 59146
3744 1791337005516745 44614
3745 1791337005531093 42412
3746 1791337005539102 31004
3747 1791337005567823 38852
3748 1791337005579755 30540
3749 1791337005596143 28292
3750 1791337005617698 28665
3751 1791337005636864 25944
3752 1791337005656969 23932
3753 1791337005675984 21597
3754 1791337005694678 26367
3755 1791337005715658 26768
3756 1791337005742181 26520
3757 1791337005757128 21645
3758 1791337005771021 22406
3759 1791337005797759 26734
3760 1791337005816430 26022
3761 1791337005837842 21407
3762 1791337005857671 28301
3763 1791337005876410 23466
3764 1791337005897469 26767
3765 1791337005915934 23211
3766 1791337005939143 23197
3767 1791337005955158 26422
3768 1791337005971968 23331
3769 1791337005996067 25995
3770 1791337006011757 22854
3771 1791337006036414 27480
3772 1791337006054881 25799
3773 1791337006078753 23868
3774 1791337006096960 26849
3775 1791337006116563 24457
3776 1791337006136860 27355
3777 1791337006157494 24916
3778 1791337006176544 24915
3779 1791337006198345 21797
3780 1791337006215055 25875
3781 1791337006235882 26161
3782 1791337006256929 25504
3783 1791337006275533 23985
3784 1791337006297353 26456
3785 1791337006315576 23578
3786 1791337006334461 25331
3787 1791337006357084 22846
3788 1791337006371919 23256
3789 1791337006396007 24209
3790 1791337006417217 26738
3791 1791337006438677 26130
3792 1791337006457309 22878
3793 1791337006474689 22128
3794 1791337006494069 24950
3795 1791337006516755 22683
3796 1791337006538652 23778
3797 1791337006558548 25771
3798 1791337006576908 26718
3799 1791337006596558 25344
3800 1791337006616962 28840
3801 1791337006636148 27465
3802 1791337006656140 26797
3803 1791337006675898 25983
3804 1791337006694482 25313
3805 1791337006715141 26418
3806 1791337006733015 21313
3807 1791337006754174 25343
3808 1791337006771259 22053
3809 1791337006792710 21519
3810 1791337006817867 28565
3811 1791337006837326 23728
3812 1791337006859632 28670
3813 1791337006881790 22153
3814 1791337006896628 26243
3815 1791337006915446 26440
3816 1791337006936023 27002
3817 1791337006962424 26397
3818 1791337006972731 23209
3819 1791337006993239 24287
3820 1791337007014463 23586
3821 1791337007040717 29955
3822 1791337007058064 24260
3823 1791337007072014 22172
3824 1791337007100658 28636
3825 1791337007115925 21896
3826 1791337007131031 21713
3827 1791337007150319 21335
3828 1791337007173188 24856
3829 1791337007191041 22051
3830 1791337007213427 22382
3831 1791337007236373 27124
3832 1791337007252647 23767
3833 1791337007270890 21881
3834 1791337007296231 25338
3835 1791337007318632 27673
3836 1791337007337578 26597
3837 1791337007359067 27889
3838 1791337007372072 21516
3839 1791337007397303 25344
3840 1791337007419235 26710
3841 1791337007432215 23688
3842 1791337007456881 24661
3843 1791337007475150 22892
3844 1791337007491143 22818
3845 1791337007513563 22417
3846 1791337007535868 22557
3847 1791337007557845 27916
3848 1791337007575149 25863
3849 1791337007595308 26682
3850 1791337007612707 23680
3851 1791337007638420 28915
3852 1791337007658237 23152
3853 1791337007676861 27753
3854 1791337007696855 26297
3855 1791337007714867 25705
3856 1791337007736844 28045
3857 1791337007756337 28063
3858 1791337007771907 23832
3859 1791337007796737 26995
3860 1791337007820184 27686
3861 1791337007838907 25187
3862 1791337007857364 26434
3863 1791337007877066 24482
3864 1791337007896450 21742
3865 1791337007909257 20876
3866 1791337007935041 26075
3867 1791337007957047 28045
3868 1791337007975770 26772
3869 1791337007995750 26860
3870 1791337008019573 23819
3871 1791337008037003 27793
3872 1791337008059442 22436
3873 1791337008069816 20856
3874 1791337008090837 21017
3875 1791337008118710 28980
3876 1791337008136547 23372
3877 1791337008156803 26532
3878 1791337008176185 23822
3879 1791337008196103 25783
3880 1791337008215671 27205
3881 1791337008230592 21363
3882 1791337008251826 21750
3883 1791337008276961 27924
3884 1791337008293101 21753
3885 1791337008317329 28597
3886 1791337008335181 26777
3887 1791337008356853 26089
3888 1791337008376955 25731
3889 1791337008390247 21882
3890 1791337008410274 21965
3891 1791337008434627 24345
3892 1791337008455590 26565
3893 1791337008476478 27434
3894 1791337008494993 26204
3895 1791337008509316 20647
3896 1791337008535823 26694
3897 1791337008555659 27180
3898 1791337008579077 23414
3899 1791337008591010 21889
3900 1791337008617032 26015
3901 1791337008636636 23601
3902 1791337008656600 27672
3903 1791337008674106 25351
3904 1791337008690064 20939
3905 1791337008716299 27913
3906 1791337008735799 27427
3907 1791337008751030 21186
3908 1791337008774865 25919
3909 1791337008798356 27881
3910 1791337008817827 24379
3911 1791337008835583 24042
3912 1791337008858992 29745
3913 1791337008878071 23817
3914 1791337008897154 24670
3915 1791337008911015 22702
3916 1791337008934969 24075
3917 1791337008955674 26498
3918 1791337008970094 22035
3919 1791337008997261 28317
3920 1791337009015920 24284
3921 1791337009034935 25024
3922 1791337009055907 27126
3923 1791337009071704 21910
3924 1791337009097551 25844
3925 1791337009115966 23850
3926 1791337009130539 21376
3927 1791337009155499 27402
3928 1791337009179713 24210
3929 1791337009190444 21080
3930 1791337009212509 22114
3931 1791337009237799 25286
3932 1791337009259109 27058
3933 1791337009277446 23463
3934 1791337009294620 26172
3935 1791337009316428 26261
3936 1791337009334865 24460
3937 1791337009350863 21924
3938 1791337009374897 25915
3939 1791337009394967 26948
3940 1791337009410989 22751
3941 1791337009436375 27365
3942 1791337009455795 26450
3943 1791337009472999 23394
3944 1791337009497189 24187
3945 1791337009517664 26071
3946 1791337009537591 28768
3947 1791337009556453 27249
3948 1791337009579207 22751
3949 1791337009596032 26514
3950 1791337009616875 26702
3951 1791337009633862 24620
3952 1791337009656250 27841
3953 1791337009672889 23775
3954 1791337009698296 29135
3955 1791337009717791 24713
3956 1791337009737005 22562
3957 1791337009755806 26683
3958 1791337009776283 27386
3959 1791337009794501 24401
3960 1791337009815497 25893
3961 1791337009832056 23042
3962 1791337009850103 21459
3963 1791337009872403 22912
3964 1791337009896454 24047
3965 1791337009918243 28289
3966 1791337009936344 22729
3967 1791337009957143 25922
3968 1791337009977679 25238
3969 1791337009999059 25000
3970 1791337010015863 22932
3971 1791337010037607 26888
3972 1791337010052854 21913
3973 1791337010076244 25371
3974 1791337010089428 20973
3975 1791337010115547 26113
3976 1791337010138248 22749
3977 1791337010155551 25907
3978 1791337010171302 21887
3979 1791337010193817 22511
3980 1791337010211521 21373
3981 1791337010237065 27779
3982 1791337010259534 22529
3983 1791337010270291 21597
3984 1791337010294058 25100
3985 1791337010317913 28339
3986 1791337010335486 26680
3987 1791337010358919 30438
3988 1791337010372853 22318
3989 1791337010395579 23292
3990 1791337010411971 22832
3991 1791337010442309 30333
3992 1791337010455424 25206
3993 1791337010481559 32131
3994 1791337010495497 21108
3995 1791337010513313 24177
3996 1791337010537507 24190
3997 1791337010557472 23200
3998 1791337010577254 26595
3999 1791337010591268 21445
4000 1791337010617782 27031
4001 1791337010633751 24354
4002 1791337010656877 27958
4003 1791337010687239 30356
4004 1791337010698306 29582
4005 1791337010711488 22454
4006 1791337010736783 25286
4007 1791337010757931 28545
4008 1791337010786545 31505
4009 1791337010799364 29660
4010 1791337010817665 26683
4011 1791337010839647 27401
4012 1791337010856924 22637
4013 1791337010876552 23830
4014 1791337010893646 25320
4015 1791337010917164 23512
4016 1791337010935375 23036
4017 1791337010958040 29477
4018 1791337010977944 26546
4019 1791337010992465 21437
4020 1791337011018447 25975
4021 1791337011031544 21606
4022 1791337011056639 27522
4023 1791337011079513 22870
4024 1791337011097499 27508
4025 1791337011117350 25202
4026 1791337011135976 25479
4027 1791337011157814 27855
4028 1791337011174894 21797
4029 1791337011195535 24395
4030 1791337011216813 28750
4031 1791337011237637 20821
4032 1791337011248852 20658
4033 1791337011270916 22060
4034 1791337011288571 20629
4035 1791337011320125 31550
4036 1791337011330942 21969
4037 1791337011349249 20965
4038 1791337011372407 23154
4039 1791337011396758 27765
4040 1791337011413837 24908
4041 1791337011430369 21129
4042 1791337011455507 25134
4043 1791337011477123 28477
4044 1791337011496141 25816
4045 1791337011514184 25200
4046 1791337011534822 23345
4047 1791337011549711 20371
4048 1791337011576768 27373
4049 1791337011600816 24045
4050 1791337011615893 21496
4051 1791337011634987 25720
4052 1791337011657728 28361
4053 1791337011679601 24574
4054 1791337011698178 23599
4055 1791337011717187 27930
4056 1791337011736859 28335
4057 1791337011755257 25819
4058 1791337011780767 31314
4059 1791337011796878 21943
4060 1791337011819044 27037
4061 1791337011833438 21962
4062 1791337011862109 32483
4063 1791337011877979 22261
4064 1791337011891895 22779
4065 1791337011911101 21640
4066 1791337011931693 22247
4067 1791337011951605 22921
4068 1791337011976847 25237
4069 1791337012002401 32127
4070 1791337012020128 24180
4071 1791337012030447 21404
4072 1791337012057353 26901
4073 1791337012074165 24713
4074 1791337012097846 27355
4075 1791337012113411 21079
4076 1791337012132007 22695
4077 1791337012158132 28820
4078 1791337012173915 25610
4079 1791337012190370 21209
4080 1791337012213165 22790
4081 1791337012238380 25279
4082 1791337012252890 23523
4083 1791337012277011 26532
4084 1791337012296712 24778
4085 1791337012313631 21386
4086 1791337012339063 25429
4087 1791337012356791 23005
4088 1791337012373181 24349
4089 1791337012397386 24197
4090 1791337012411954 23524
4091 1791337012435744 25735
4092 1791337012457666 28716
4093 1791337012478751 25408
4094 1791337012497266 23225
4095 1791337012518872 21604
4096 1791337012537019 28231
4097 1791337012553082 23706
4098 1791337012570189 20971
4099 1791337012589915 20693
4100 1791337012616129 26514
4101 1791337012633954 24662
4102 1791337012660670 31215
4103 1791337012677701 22230
4104 1791337012695850 26468
4105 1791337012718375 26292
4106 1791337012736287 22833
4107 1791337012756482 24460
4108 1791337012778687 29336
4109 1791337012797507 23310
4110 1791337012812056 22650
4111 1791337012829358 20503
4112 1791337012850767 21405
4113 1791337012878619 27847
4114 1791337012897233 23589
4115 1791337012917511 25939
4116 1791337012930203 20880
4117 1791337012956595 26387
4118 1791337012977265 24634
4119 1791337012998256 26632
4120 1791337013014834 21382
4121 1791337013030540 21941
4122 1791337013050104 21004
4123 1791337013071493 22345
4124 1791337013092237 23666
4125 1791337013117120 24878
4126 1791337013136475 26108
4127 1791337013155716 27172
4128 1791337013182125 32833
4129 1791337013196486 25304
4130 1791337013214257 25882
4131 1791337013236280 22213
4132 1791337013258292 26932
4133 1791337013275403 23219
4134 1791337013290779 22092
4135 1791337013320349 29565
4136 1791337013337627 23939
4137 1791337013356192 26659
4138 1791337013372740 23835
4139 1791337013394681 25905
4140 1791337013419171 24483
4141 1791337013436285 24227
4142 1791337013457205 27532
4143 1791337013477847 25106
4144 1791337013501021 26345
4145 1791337013511319 22753
4146 1791337013541160 30614
4147 1791337013553241 20683
4148 1791337013578168 27862
# sent 4149 received 4149
