0 1791251238227910 23165
1 1791251238248913 23702
2 1791251238267109 21605
3 1791251238290179 23067
4 1791251238314174 28444
5 1791251238331408 22184
6 1791251238353000 26939
7 1791251238373188 25509
8 1791251238393742 24057
9 1791251238415299 27173
10 1791251238426818 21837
11 1791251238451879 25058
12 1791251238474711 27768
13 1791251238493170 23575
14 1791251238516536 27204
15 1791251238533664 25631
16 1791251238555392 29030
17 1791251238570825 22586
18 1791251238591804 26089
19 1791251238609870 24761
20 1791251238631861 26837
21 1791251238654644 29636
22 1791251238673010 27135
23 1791251238698412 25399
24 1791251238712659 26325
25 1791251238728219 21647
26 1791251238763597 35255
27 1791251238774125 27961
28 1791251238797823 26780
29 1791251238814640 25806
30 1791251238831596 26530
31 1791251238852091 20492
32 1791251238873906 21812
33 1791251238894060 24869
34 1791251238909023 22675
35 1791251238926728 21472
36 1791251238954217 27782
37 1791251238974158 23569
38 1791251238993812 26184
39 1791251239013536 23221
40 1791251239032309 25268
41 1791251239049865 20614
42 1791251239066194 20698
43 1791251239094079 28688
44 1791251239115584 21501
45 1791251239134478 28950
46 1791251239154459 22981
47 1791251239177207 29123
48 1791251239193688 26851
49 1791251239212162 26643
50 1791251239228372 22054
51 1791251239254758 26590
52 1791251239267646 20368
53 1791251239291755 24769
54 1791251239307029 20896
55 1791251239327951 22927
56 1791251239351367 26172
57 1791251239371967 26494
58 1791251239392814 20844
59 1791251239414284 29108
60 1791251239432339 21323
61 1791251239454870 29478
62 1791251239475750 25338
63 1791251239486681 20735
64 1791251239508441 21758
65 1791251239533363 24917
66 1791251239549190 22150
67 1791251239572320 23328
68 1791251239593993 28477
69 1791251239612874 26326
70 1791251239633983 27715
71 1791251239652216 23178
72 1791251239669017 23104
73 1791251239693753 24733
74 1791251239712707 25261
75 1791251239728323 22043
76 1791251239751532 25370
77 1791251239775015 28297
78 1791251239793044 23747
79 1791251239815280 27758
80 1791251239834232 24686
81 1791251239849644 22785
82 1791251239872703 23145
83 1791251239890412 22949
84 1791251239913551 27543
85 1791251239942174 28619
86 1791251239953358 26342
87 1791251239969145 21277
88 1791251239993104 26126
89 1791251240012332 24321
90 1791251240033041 26934
91 1791251240051589 22691
92 1791251240082861 31270
93 1791251240093407 25731
94 1791251240110760 23799
95 1791251240130694 25126
96 1791251240152407 26922
97 1791251240174659 22249
98 1791251240191150 25028
99 1791251240211575 24179
100 1791251240229337 23716
101 1791251240253700 24412
102 1791251240266731 20919
103 1791251240287806 21072
104 1791251240311853 26771
105 1791251240326544 21034
106 1791251240350080 23532
107 1791251240372585 26723
108 1791251240401762 36314
109 1791251240413167 26713
110 1791251240429513 21832
111 1791251240454435 24918
112 1791251240472634 23619
113 1791251240494528 21891
114 1791251240515482 21812
115 1791251240533426 27517
116 1791251240554426 23651
117 1791251240574785 25583
118 1791251240596106 24958
119 1791251240614381 24977
120 1791251240629709 22182
121 1791251240658811 29099
122 1791251240674101 22500
123 1791251240695087 27500
124 1791251240713634 24989
125 1791251240733939 26165
126 1791251240755221 21332
127 1791251240775660 27523
128 1791251240792945 22746
129 1791251240813709 26788
130 1791251240827719 21004
131 1791251240854128 26563
132 1791251240874000 23744
133 1791251240892020 22639
134 1791251240909309 23675
135 1791251240927443 22090
136 1791251240952561 27086
137 1791251240973788 21224
138 1791251240999216 25815
139 1791251241010482 24922
140 1791251241033140 22655
141 1791251241051941 26158
142 1791251241077997 31928
143 1791251241098403 27440
144 1791251241109093 21848
145 1791251241127681 22170
146 1791251241154640 28977
147 1791251241174416 28427
148 1791251241192795 25821
149 1791251241217386 24588
150 1791251241234477 29145
151 1791251241253521 26739
152 1791251241270719 22709
153 1791251241293444 25616
154 1791251241307756 20956
155 1791251241334955 27196
156 1791251241353950 25512
157 1791251241373715 24579
158 1791251241394938 24447
159 1791251241414373 27196
160 1791251241432379 23985
161 1791251241451841 25938
162 1791251241470070 24546
163 1791251241492398 27129
164 1791251241513197 25128
165 1791251241528702 22816
166 1791251241554980 26275
167 1791251241574119 23977
168 1791251241595737 27478
169 1791251241614234 22649
170 1791251241629761 23161
171 1791251241654454 29148
172 1791251241673771 22045
173 1791251241691894 26057
174 1791251241712287 25174
175 1791251241732895 27116
176 1791251241754001 24545
177 1791251241772396 27128
178 1791251241793179 28055
179 1791251241813438 26635
180 1791251241832207 25746
181 1791251241854923 22713
182 1791251241866388 21007
183 1791251241889992 23600
184 1791251241910836 23754
185 1791251241934771 27379
186 1791251241952714 22589
187 1791251241966996 21787
188 1791251241988400 21401
189 1791251242011323 23681
190 1791251242033144 24495
191 1791251242053751 26782
192 1791251242069535 23504
193 1791251242094435 24896
194 1791251242115618 24887
195 1791251242133230 27221
196 1791251242155075 25321
197 1791251242174121 23526
198 1791251242193372 24566
199 1791251242213730 25982
200 1791251242231200 23608
201 1791251242253159 21955
202 1791251242281900 28784
203 1791251242293808 20854
204 1791251242313790 25765
205 1791251242335765 28875
206 1791251242351376 26036
207 1791251242369431 24159
208 1791251242390389 20955
209 1791251242412550 26393
210 1791251242432813 26545
211 1791251242453223 25181
212 1791251242473944 25175
213 1791251242493900 23075
214 1791251242510579 24746
215 1791251242532907 26116
216 1791251242552318 23182
217 1791251242573975 26454
218 1791251242595637 25072
219 1791251242607943 22734
220 1791251242633287 25342
221 1791251242651019 22201
222 1791251242672127 23999
223 1791251242693306 27736
224 1791251242712265 26812
225 1791251242729987 23888
226 1791251242748061 22705
227 1791251242773592 25527
228 1791251242788054 21931
229 1791251242817018 28960
230 1791251242834711 25103
231 1791251242853345 24101
232 1791251242868277 21712
233 1791251242893375 27129
234 1791251242913637 26531
235 1791251242933535 25391
236 1791251242957313 23774
237 1791251242968616 21950
238 1791251242994219 28546
239 1791251243012121 21946
240 1791251243034737 29404
241 1791251243054861 22752
242 1791251243067291 20959
243 1791251243093070 25775
244 1791251243107445 21146
245 1791251243134064 28825
246 1791251243154262 25978
247 1791251243174582 22962
248 1791251243194726 28392
249 1791251243213720 24809
250 1791251243229313 22662
251 1791251243251888 22656
252 1791251243273453 27499
253 1791251243295081 27361
254 1791251243314080 28407
255 1791251243333159 27722
256 1791251243353318 28075
257 1791251243369986 24122
258 1791251243394964 29466
259 1791251243414041 22664
260 1791251243429031 23427
261 1791251243454422 28495
262 1791251243482792 28367
263 1791251243494889 26338
264 1791251243512537 24056
265 1791251243528911 23743
266 1791251243554301 25386
267 1791251243578009 28655
268 1791251243589308 23495
269 1791251243613214 27305
270 1791251243634947 29020
271 1791251243654403 28296
272 1791251243670836 25305
273 1791251243701309 30466
274 1791251243714832 29195
275 1791251243732071 25141
276 1791251243748860 22224
277 1791251243771873 26486
278 1791251243794207 28916
279 1791251243813115 26589
280 1791251243831903 26562
281 1791251243854817 28895
282 1791251243870885 24695
283 1791251243887385 21787
284 1791251243912096 26468
285 1791251243936249 27836
286 1791251243952981 22004
287 1791251243968131 22552
288 1791251243994243 26110
289 1791251244010546 23870
290 1791251244032560 26557
291 1791251244050670 23555
292 1791251244073476 22800
293 1791251244092522 26336
294 1791251244113387 27679
295 1791251244131187 25518
296 1791251244146345 20574
297 1791251244174791 28442
298 1791251244193909 24531
299 1791251244208011 22504
300 1791251244226773 21640
301 1791251244255359 29609
302 1791251244275315 25625
303 1791251244295120 29090
304 1791251244310288 22908
305 1791251244332456 26925
306 1791251244355128 28719
307 1791251244380004 29365
308 1791251244391750 26262
309 1791251244416854 28841
310 1791251244433547 24653
311 1791251244449101 23778
312 1791251244472072 26284
313 1791251244491289 25488
314 1791251244513324 27874
315 1791251244535198 26243
316 1791251244553234 23286
317 1791251244573033 25023
318 1791251244595075 25048
319 1791251244614485 24940
320 1791251244634897 26182
321 1791251244653105 22918
322 1791251244668690 22821
323 1791251244693308 24792
324 1791251244715331 29331
325 1791251244733264 22601
326 1791251244747090 21450
327 1791251244772680 25581
328 1791251244792743 27239
329 1791251244815755 23009
330 1791251244832398 25723
331 1791251244848894 23821
332 1791251244874482 25578
333 1791251244892821 22964
334 1791251244915781 23040
335 1791251244930802 24592
336 1791251244953439 28405
337 1791251244973417 24312
338 1791251244993849 25042
339 1791251245015202 28744
340 1791251245033082 26886
341 1791251245051481 25957
342 1791251245066795 21358
343 1791251245095088 28288
344 1791251245110545 21019
345 1791251245133521 28121
346 1791251245155052 21526
347 1791251245168930 22904
348 1791251245195648 26698
349 1791251245213622 23112
350 1791251245237407 30618
351 1791251245257535 25717
352 1791251245272896 27374
353 1791251245293776 27702
354 1791251245313304 27473
355 1791251245333175 27840
356 1791251245348625 22975
357 1791251245376560 30782
358 1791251245393884 27940
359 1791251245415297 29457
360 1791251245433455 26995
361 1791251245453003 27219
362 1791251245475630 30035
363 1791251245486123 20896
364 1791251245512214 26086
365 1791251245532902 20751
366 1791251245554499 28262
367 1791251245572684 24084
368 1791251245593425 27219
369 1791251245614707 21278
370 1791251245635123 29480
371 1791251245653810 23651
372 1791251245675057 28169
373 1791251245686720 20901
374 1791251245707346 20724
375 1791251245733858 26647
376 1791251245754683 23807
377 1791251245774257 25575
378 1791251245790114 24302
379 1791251245811301 25791
380 1791251245827404 22059
381 1791251245855203 28761
382 1791251245872593 23047
383 1791251245890144 24242
384 1791251245917578 31663
385 1791251245934411 26013
386 1791251245951780 23905
387 1791251245973893 22108
388 1791251245993789 25223
389 1791251246015987 27555
390 1791251246030756 20855
391 1791251246049836 24671
392 1791251246074155 28394
393 1791251246093305 22871
394 1791251246115363 22131
395 1791251246134820 29074
396 1791251246154309 23609
397 1791251246174223 28443
398 1791251246198065 23941
399 1791251246214191 25244
400 1791251246228921 22190
401 1791251246253607 26697
402 1791251246273316 26721
403 1791251246290314 24498
404 1791251246309785 24353
405 1791251246341718 32980
406 1791251246352998 27744
407 1791251246377774 30710
408 1791251246399361 34128
409 1791251246424132 37313
410 1791251246436908 29900
411 1791251246453448 26958
412 1791251246481844 36618
413 1791251246505480 31959
414 1791251246512533 26788
415 1791251246535288 29805
416 1791251246555832 28378
417 1791251246584285 37249
418 1791251246596679 29246
419 1791251246621062 33115
420 1791251246646318 32991
421 1791251246651753 25982
422 1791251246675065 28741
423 1791251246696727 25466
424 1791251246716951 31089
425 1791251246739892 31991
426 1791251246756085 28201
427 1791251246778203 32469
428 1791251246802770 34655
429 1791251246812191 26069
430 1791251246835672 29295
431 1791251246855760 28417
432 1791251246873874 22978
433 1791251246900690 35572
434 1791251246915447 28843
435 1791251246947746 32293
436 1791251246959357 32728
437 1791251246980166 32516
438 1791251246999289 33158
439 1791251247016546 30437
440 1791251247033745 28052
441 1791251247064088 30336
442 1791251247071951 26904
443 1791251247095750 30476
444 1791251247113032 27688
445 1791251247139043 27714
446 1791251247157267 30159
447 1791251247178969 32839
448 1791251247196881 31337
449 1791251247213340 27988
450 1791251247235592 29916
451 1791251247253456 27813
452 1791251247275175 27304
453 1791251247293483 27908
454 1791251247316512 28276
455 1791251247336998 30307
456 1791251247355691 29945
457 1791251247376990 30755
458 1791251247392758 22483
459 1791251247414991 28992
460 1791251247434327 28929
461 1791251247456015 29815
462 1791251247476026 24345
463 1791251247499850 34033
464 1791251247513661 27763
465 1791251247543780 38722
466 1791251247554972 28142
467 1791251247578637 31016
468 1791251247594423 29064
469 1791251247615292 27705
470 1791251247630606 24578
471 1791251247655677 28917
472 1791251247677134 30851
473 1791251247694319 28289
474 1791251247711951 25463
475 1791251247733593 27429
476 1791251247764379 35751
477 1791251247780519 31809
478 1791251247805118 36411
479 1791251247824188 38384
480 1791251247843097 37975
481 1791251247869429 41840
482 1791251247894198 48442
483 1791251247925950 56516
484 1791251247944425 57585
485 1791251247964133 58424
486 1791251247988127 62168
487 1791251248021144 75028
488 1791251248043121 76141
489 1791251248063513 77866
490 1791251248086071 76901
491 1791251248115715 87218
492 1791251248134235 88791
493 1791251248162313 95362
494 1791251248183176 97101
495 1791251248210743 102891
496 1791251248222958 96841
497 1791251248250552 102999
498 1791251248282054 112764
499 1791251248305664 118119
500 1791251248333531 122784
501 1791251248347626 122242
502 1791251248375161 128368
503 1791251248407616 141632
504 1791251248423702 136378
505 1791251248443754 138068
506 1791251248472324 146410
507 1791251248494620 147142
508 1791251248523962 155462
509 1791251248554119 160179
510 1791251248566457 159092
511 1791251248593752 163507
512 1791251248604545 158654
513 1791251248632865 167619
514 1791251248658851 172126
515 1791251248682370 174678
516 1791251248703360 177722
517 1791251248734116 187347
518 1791251248752957 186731
519 1791251248783729 192793
520 1791251248807282 194307
521 1791251248829589 202156
522 1791251248840234 193357
523 1791251248857431 191502
524 1791251248876163 190618
525 1791251248893866 187632
526 1791251248913024 186024
527 1791251248925327 179927
528 1791251248943511 178365
529 1791251248968928 178431
530 1791251248984312 177028
531 1791251249001786 172194
532 1791251249019312 172754
533 1791251249040951 173174
534 1791251249056649 166652
535 1791251249071951 166655
536 1791251249088687 163356
537 1791251249104074 156528
538 1791251249120583 154071
539 1791251249134436 145952
540 1791251249151372 145815
541 1791251249156995 131400
542 1791251249174806 129103
543 1791251249193475 121521
544 1791251249208333 120007
545 1791251249218557 111531
546 1791251249228708 99053
547 1791251249239041 93456
548 1791251249257971 92754
549 1791251249265148 79992
550 1791251249284601 76873
551 1791251249295039 66570
552 1791251249308181 62215
553 1791251249319006 53855
554 1791251249336901 50691
555 1791251249344157 36469
556 1791251249352764 25386
557 1791251249376159 30900
558 1791251249404612 39184
559 1791251249422990 36909
560 1791251249443600 33441
561 1791251249456795 31288
562 1791251249483382 32457
563 1791251249494186 28657
564 1791251249530074 35886
565 1791251249542196 36745
566 1791251249563522 33446
567 1791251249575177 29534
568 1791251249595171 25988
569 1791251249620951 32967
570 1791251249634300 28621
571 1791251249662374 36743
572 1791251249680363 33236
573 1791251249704352 37312
574 1791251249714732 29190
575 1791251249737375 31182
576 1791251249758711 31726
577 1791251249777771 32148
578 1791251249807609 36052
579 1791251249824262 38369
580 1791251249843604 36362
581 1791251249853979 23798
582 1791251249879579 32320
583 1791251249899035 29555
584 1791251249923530 32045
585 1791251249940853 35580
586 1791251249962958 34025
587 1791251249982831 37441
588 1791251249996315 26861
589 1791251250015923 30813
590 1791251250042422 36006
591 1791251250063424 38188
592 1791251250078652 29417
593 1791251250094545 28421
594 1791251250115351 29209
595 1791251250136205 27477
596 1791251250153702 28070
597 1791251250182906 29201
598 1791251250193918 28120
599 1791251250218350 32594
600 1791251250236142 30176
601 1791251250251210 25760
602 1791251250275073 28702
603 1791251250298369 30092
604 1791251250313440 27767
605 1791251250336330 30431
606 1791251250361883 31497
607 1791251250384724 34149
608 1791251250401606 36043
609 1791251250417536 29321
610 1791251250439918 32715
611 1791251250463406 29927
612 1791251250477020 30431
613 1791251250489454 23910
614 1791251250513127 26495
615 1791251250535960 28796
616 1791251250553543 28201
617 1791251250572708 27523
618 1791251250597889 32005
619 1791251250611872 25405
620 1791251250636958 31692
621 1791251250647861 21805
622 1791251250675869 28005
623 1791251250691101 25666
624 1791251250715587 27001
625 1791251250733253 26093
626 1791251250759666 31427
627 1791251250780338 33750
628 1791251250794410 26966
629 1791251250821827 34512
630 1791251250833047 26199
631 1791251250856840 30528
632 1791251250874105 27536
633 1791251250892596 26687
634 1791251250913074 27850
635 1791251250938112 31909
636 1791251250953438 27178
637 1791251250980232 34702
638 1791251250996829 28264
639 1791251251014674 28914
640 1791251251043880 35725
641 1791251251061907 31020
642 1791251251083087 36019
643 1791251251094124 26213
644 1791251251114445 28631
645 1791251251132945 27682
646 1791251251161045 34174
647 1791251251175619 29857
648 1791251251195144 28666
649 1791251251221487 33075
650 1791251251243253 32785
651 1791251251257090 26347
652 1791251251273835 28128
653 1791251251294790 29264
654 1791251251317032 31800
655 1791251251333363 27633
656 1791251251358240 32658
657 1791251251375202 25731
658 1791251251393773 25746
659 1791251251420496 30165
660 1791251251429999 24722
661 1791251251454201 26442
662 1791251251481459 30574
663 1791251251496876 26847
664 1791251251517842 30513
665 1791251251533650 27679
666 1791251251556623 31153
667 1791251251573117 26340
668 1791251251593579 27853
669 1791251251614346 27256
670 1791251251631595 25742
671 1791251251660219 33469
672 1791251251683710 37937
673 1791251251695780 29558
674 1791251251712644 26711
675 1791251251741199 34979
676 1791251251774026 40798
677 1791251251788004 37955
678 1791251251795714 30432
679 1791251251822885 34879
680 1791251251843934 35708
681 1791251251854087 28352
682 1791251251874311 29078
683 1791251251893496 26383
684 1791251251924384 32686
685 1791251251934867 26891
686 1791251251961835 32641
687 1791251251977578 31704
688 1791251251994295 29314
689 1791251252018325 30891
690 1791251252037831 31026
691 1791251252063077 31495
692 1791251252074168 29225
693 1791251252094485 26718
694 1791251252112586 24736
695 1791251252134313 27657
696 1791251252156616 29231
697 1791251252178055 31703
698 1791251252203625 32488
699 1791251252214694 28407
700 1791251252242053 32188
701 1791251252262116 31264
702 1791251252273552 26946
703 1791251252295585 29544
704 1791251252319924 31192
705 1791251252344383 31336
706 1791251252355103 29806
707 1791251252372989 26844
708 1791251252395248 29410
709 1791251252419186 33368
710 1791251252435825 30244
711 1791251252452625 27326
712 1791251252473617 28057
713 1791251252496867 27259
714 1791251252521220 32561
715 1791251252540372 34552
716 1791251252552922 25430
717 1791251252573812 28352
718 1791251252597096 31939
719 1791251252615586 30462
720 1791251252643928 34423
721 1791251252655484 26384
722 1791251252681730 32037
723 1791251252694140 25507
724 1791251252717151 30828
725 1791251252733133 26806
726 1791251252754830 29593
727 1791251252775851 30637
728 1791251252792182 27045
729 1791251252812958 27229
730 1791251252833788 28398
731 1791251252854923 29425
732 1791251252883428 37313
733 1791251252894982 26603
734 1791251252914479 27293
735 1791251252938316 30807
736 1791251252962764 35091
737 1791251252975512 29634
738 1791251252994508 27074
739 1791251253014661 24380
740 1791251253034103 25279
741 1791251253055959 26181
742 1791251253073318 28144
743 1791251253096677 30170
744 1791251253112492 26739
745 1791251253141786 30384
746 1791251253156823 31112
747 1791251253177942 30523
748 1791251253192230 27000
749 1791251253209217 23616
750 1791251253232412 25937
751 1791251253259027 31856
752 1791251253271619 26016
753 1791251253298139 31495
754 1791251253323617 30946
755 1791251253327409 21579
756 1791251253348352 22555
757 1791251253375451 27096
758 1791251253392689 24204
759 1791251253417333 31411
760 1791251253435214 26904
761 1791251253451972 24723
762 1791251253476727 31198
763 1791251253493468 27675
764 1791251253518628 32090
765 1791251253536060 29121
766 1791251253553640 27805
767 1791251253574918 28460
768 1791251253594608 28908
769 1791251253615023 26560
770 1791251253636555 28569
771 1791251253664033 34152
772 1791251253674900 27220
773 1791251253694428 26230
774 1791251253718117 31034
775 1791251253735097 29091
776 1791251253755270 25699
777 1791251253773353 27722
778 1791251253803765 36476
779 1791251253827070 36931
780 1791251253843735 38298
781 1791251253864175 37103
782 1791251253884696 31792
783 1791251253897323 31084
784 1791251253922268 36369
785 1791251253942957 35458
786 1791251253959723 34133
787 1791251253985455 40255
788 1791251254006060 39846
789 1791251254025811 40352
790 1791251254042844 36773
791 1791251254064844 39029
792 1791251254088713 43243
793 1791251254101151 36303
794 1791251254128699 39982
795 1791251254152223 46490
796 1791251254177155 48454
797 1791251254192073 46896
798 1791251254213754 48380
799 1791251254232925 46735
800 1791251254254812 48167
801 1791251254278791 53696
802 1791251254304733 56107
803 1791251254323546 57017
804 1791251254344865 57986
805 1791251254364425 53388
806 1791251254384029 55007
807 1791251254404961 60094
808 1791251254423315 53847
809 1791251254443400 57907
810 1791251254463309 58345
811 1791251254488028 62504
812 1791251254509876 64002
813 1791251254528072 61189
814 1791251254548283 60252
815 1791251254563681 56693
816 1791251254587043 58968
817 1791251254608788 62950
818 1791251254633719 67860
819 1791251254653617 66572
820 1791251254673673 65185
821 1791251254690259 61785
822 1791251254711041 64571
823 1791251254734545 68357
824 1791251254761454 71192
825 1791251254773469 66769
826 1791251254803777 76023
827 1791251254816929 68411
828 1791251254833521 64227
829 1791251254862608 71118
830 1791251254877450 72540
831 1791251254899274 72375
832 1791251254922884 70977
833 1791251254944681 78773
834 1791251254958769 73213
835 1791251254983783 78325
836 1791251255003622 78247
837 1791251255015474 68425
838 1791251255041061 75631
839 1791251255067823 80896
840 1791251255088286 78434
841 1791251255104667 78200
842 1791251255124465 78760
843 1791251255145945 78120
844 1791251255167246 81258
845 1791251255183997 77827
846 1791251255201776 75576
847 1791251255224331 78384
848 1791251255238721 71611
849 1791251255258524 72492
850 1791251255278558 73496
851 1791251255293519 67748
852 1791251255313686 67128
853 1791251255332540 66618
854 1791251255359451 72850
855 1791251255374694 67518
856 1791251255393513 66659
857 1791251255412403 66605
858 1791251255426406 60034
859 1791251255452524 59009
860 1791251255464296 58652
861 1791251255485839 59429
862 1791251255504630 58602
863 1791251255515701 48932
864 1791251255531580 45737
865 1791251255554432 44496
866 1791251255568466 41867
867 1791251255583753 33321
868 1791251255604252 35783
869 1791251255614425 28435
870 1791251255634470 29017
871 1791251255652866 23925
872 1791251255674990 28666
873 1791251255693027 28091
874 1791251255722041 32970
875 1791251255741802 33178
876 1791251255753069 27561
877 1791251255775596 28579
878 1791251255802128 31548
879 1791251255819566 31964
880 1791251255834370 26902
881 1791251255855795 28616
882 1791251255879960 34222
883 1791251255896420 27101
884 1791251255913848 28184
885 1791251255943527 30536
886 1791251255957200 32044
887 1791251255972630 26404
888 1791251255998566 32495
889 1791251256012901 25807
890 1791251256042618 29969
891 1791251256055211 29837
892 1791251256074287 27965
893 1791251256093285 27307
894 1791251256115286 26998
895 1791251256133290 27635
896 1791251256152482 27029
897 1791251256175055 29393
898 1791251256201242 29895
899 1791251256223689 38543
900 1791251256234739 28650
901 1791251256260536 30815
902 1791251256273565 26412
903 1791251256295772 29882
904 1791251256318826 28928
905 1791251256334674 29171
906 1791251256355443 29494
907 1791251256376187 26914
908 1791251256396063 30503
909 1791251256414629 28152
910 1791251256435534 25653
911 1791251256454310 27534
912 1791251256478243 31647
913 1791251256495004 29424
914 1791251256512224 26707
915 1791251256535503 30277
916 1791251256554613 26864
917 1791251256576100 27383
918 1791251256592688 26677
919 1791251256614463 28460
920 1791251256645171 31986
921 1791251256653730 28123
922 1791251256673672 28498
923 1791251256696102 29909
924 1791251256722829 32845
925 1791251256733429 25119
926 1791251256754489 26704
927 1791251256779240 28715
928 1791251256796214 27620
929 1791251256818137 32623
930 1791251256835991 29365
931 1791251256857008 31697
932 1791251256875646 29840
933 1791251256893598 28292
934 1791251256910813 23665
935 1791251256933222 27412
936 1791251256953181 27629
937 1791251256974261 28659
938 1791251256996021 28437
939 1791251257016752 30249
940 1791251257037530 30130
941 1791251257053876 28216
942 1791251257070014 24355
943 1791251257094047 29083
944 1791251257115918 30740
945 1791251257131783 25060
946 1791251257146331 20966
947 1791251257178257 31955
948 1791251257193116 26678
949 1791251257218114 32647
950 1791251257234958 27942
951 1791251257263726 38149
952 1791251257281756 35154
953 1791251257314804 43639
954 1791251257327756 42244
955 1791251257353720 45785
956 1791251257376573 51367
957 1791251257403951 58850
958 1791251257422866 57012
959 1791251257447764 61923
960 1791251257474087 68375
961 1791251257498695 71604
962 1791251257521174 75367
963 1791251257551923 85280
964 1791251257573489 85622
965 1791251257594410 87844
966 1791251257614555 89312
967 1791251257652751 101062
968 1791251257662209 96366
969 1791251257687260 100256
970 1791251257705859 98127
971 1791251257720785 94058
972 1791251257753562 104142
973 1791251257772339 98531
974 1791251257784698 98186
975 1791251257805407 99543
976 1791251257824602 99298
977 1791251257842793 97306
978 1791251257864865 98531
979 1791251257885088 98949
980 1791251257902590 97180
981 1791251257922670 93851
982 1791251257943635 98653
983 1791251257963505 98637
984 1791251257984759 99669
985 1791251258000483 92477
986 1791251258019366 91814
987 1791251258034086 85642
988 1791251258054840 87368
989 1791251258072087 87327
990 1791251258087239 81360
991 1791251258107303 80346
992 1791251258128544 81222
993 1791251258140734 75583
994 1791251258161831 74590
995 1791251258177688 70382
996 1791251258197984 69429
997 1791251258215637 65779
998 1791251258231877 66844
999 1791251258251892 65145
1000 1791251258262073 56000
1001 1791251258287494 55614
1002 1791251258293333 47531
1003 1791251258304719 39452
1004 1791251258316655 29158
1005 1791251258344623 33655
1006 1791251258355121 29319
1007 1791251258376887 30516
1008 1791251258387376 22068
1009 1791251258418225 30847
1010 1791251258442433 35457
1011 1791251258453031 25749
1012 1791251258473959 27452
1013 1791251258493977 28878
1014 1791251258513156 24840
1015 1791251258531978 26434
1016 1791251258553703 27155
1017 1791251258577760 31092
1018 1791251258593649 21970
1019 1791251258611843 25013
1020 1791251258640265 28421
1021 1791251258654043 27991
1022 1791251258681836 33307
1023 1791251258692182 26911
1024 1791251258713723 26527
1025 1791251258733719 26805
1026 1791251258754430 27505
1027 1791251258774350 27733
1028 1791251258798421 31214
1029 1791251258824830 32960
1030 1791251258835461 29274
1031 1791251258855174 30338
1032 1791251258880017 31102
1033 1791251258896687 30050
1034 1791251258914295 29048
1035 1791251258936806 29763
1036 1791251258955959 30600
1037 1791251258975409 29122
1038 1791251258996961 25580
1039 1791251259015431 28621
1040 1791251259038454 30439
1041 1791251259054277 28519
1042 1791251259074123 27658
1043 1791251259098605 28544
1044 1791251259116031 30812
1045 1791251259136306 27708
1046 1791251259149390 24056
1047 1791251259174640 25247
1048 1791251259193242 26468
1049 1791251259215358 25707
1050 1791251259244306 33957
1051 1791251259257165 31482
1052 1791251259274282 27227
1053 1791251259296666 28164
1054 1791251259315110 29208
1055 1791251259334670 26293
1056 1791251259354885 25897
1057 1791251259377132 27716
1058 1791251259388960 22950
1059 1791251259409767 24001
1060 1791251259435274 25504
1061 1791251259452570 25488
1062 1791251259473222 25764
1063 1791251259496269 28952
1064 1791251259515056 26981
1065 1791251259538103 26956
1066 1791251259548957 23702
1067 1791251259572991 24020
1068 1791251259594772 25765
1069 1791251259612366 27271
1070 1791251259632849 27475
1071 1791251259653896 27700
1072 1791251259674419 25113
1073 1791251259696217 31166
1074 1791251259713824 26337
1075 1791251259732105 26342
1076 1791251259755262 29894
1077 1791251259773469 27395
1078 1791251259798502 32453
1079 1791251259813534 26905
1080 1791251259841897 28359
1081 1791251259854147 27253
1082 1791251259875592 28226
1083 1791251259894756 22429
1084 1791251259922641 36772
1085 1791251259939977 32157
1086 1791251259963338 31087
1087 1791251259973983 27290
1088 1791251259995304 27742
1089 1791251260013621 25254
1090 1791251260033880 28143
1091 1791251260055573 27441
1092 1791251260075032 27450
1093 1791251260096359 28847
1094 1791251260116165 30145
1095 1791251260134537 26147
1096 1791251260156503 30779
1097 1791251260172783 26697
1098 1791251260191053 24866
1099 1791251260213466 28466
1100 1791251260234776 27679
1101 1791251260252774 27067
1102 1791251260274379 29094
1103 1791251260295355 28790
1104 1791251260316417 29643
1105 1791251260336108 27909
1106 1791251260354218 28323
1107 1791251260375540 30177
1108 1791251260402942 32471
1109 1791251260415110 28485
1110 1791251260434032 26405
1111 1791251260454192 24455
1112 1791251260475159 26392
1113 1791251260492427 23938
1114 1791251260517834 32344
1115 1791251260534815 28094
1116 1791251260554712 26776
1117 1791251260576031 29392
1118 1791251260599876 29509
1119 1791251260616700 30898
1120 1791251260633419 28255
1121 1791251260663424 30002
1122 1791251260680202 28813
1123 1791251260705554 31940
1124 1791251260716023 30548
1125 1791251260727801 22245
1126 1791251260754135 28487
1127 1791251260773851 26524
1128 1791251260794730 29488
1129 1791251260818285 29866
1130 1791251260844430 33000
1131 1791251260861057 35386
1132 1791251260882214 36050
1133 1791251260893656 27282
1134 1791251260918167 31759
1135 1791251260936148 30359
1136 1791251260955029 29467
1137 1791251260981914 34509
1138 1791251261003142 35720
1139 1791251261023778 37867
1140 1791251261051948 46454
1141 1791251261074666 49586
1142 1791251261093319 47419
1143 1791251261122941 55901
1144 1791251261144622 58568
1145 1791251261167633 62117
1146 1791251261189264 63979
1147 1791251261211997 66066
1148 1791251261234256 66620
1149 1791251261259176 69909
1150 1791251261280165 73106
1151 1791251261296551 69258
1152 1791251261321133 73313
1153 1791251261346804 81092
1154 1791251261363405 77959
1155 1791251261384292 76294
1156 1791251261406582 81220
1157 1791251261423620 76857
1158 1791251261443849 74966
1159 1791251261457420 71839
1160 1791251261483921 77333
1161 1791251261511641 83815
1162 1791251261519743 73267
1163 1791251261524213 51331
1164 1791251261524218 38891
1165 1791251261534624 27512
1166 1791251261549209 23494
1167 1791251261572372 23197
1168 1791251261592308 25664
1169 1791251261614047 28168
1170 1791251261633762 27626
1171 1791251261651007 24978
1172 1791251261672693 27859
1173 1791251261700853 28156
1174 1791251261714514 25978
1175 1791251261727409 20746
1176 1791251261752389 24976
1177 1791251261772179 26520
1178 1791251261791061 25414
1179 1791251261812098 26644
1180 1791251261827459 21811
1181 1791251261847670 21976
1182 1791251261872141 24646
1183 1791251261895004 27761
1184 1791251261908298 23002
1185 1791251261933401 25264
1186 1791251261946613 20688
1187 1791251261972748 26132
1188 1791251261993970 28133
1189 1791251262011516 26426
1190 1791251262027685 22343
1191 1791251262054617 26929
1192 1791251262072498 26257
1193 1791251262095123 22623
1194 1791251262115004 25235
1195 1791251262127698 22014
1196 1791251262152624 24922
1197 1791251262169251 24146
1198 1791251262192415 23160
1199 1791251262209128 23205
1200 1791251262227761 22178
1201 1791251262255248 27484
1202 1791251262273474 22885
1203 1791251262288850 22892
1204 1791251262313642 24854
1205 1791251262334222 26305
1206 1791251262352728 26143
1207 1791251262366308 20863
1208 1791251262394525 28510
1209 1791251262414094 24355
1210 1791251262432974 25086
1211 1791251262450230 23800
1212 1791251262472756 27200
1213 1791251262487663 22298
1214 1791251262513963 26297
1215 1791251262534234 26631
1216 1791251262553388 26931
1217 1791251262571903 25348
1218 1791251262590013 23992
1219 1791251262613387 27198
1220 1791251262632938 24693
1221 1791251262648583 20871
1222 1791251262669499 23348
1223 1791251262693567 26830
1224 1791251262713790 25030
1225 1791251262734789 25736
1226 1791251262753405 26526
1227 1791251262772823 24902
1228 1791251262797674 24901
1229 1791251262811125 24334
1230 1791251262831532 24194
1231 1791251262853982 28217
1232 1791251262873269 23757
1233 1791251262887856 22785
1234 1791251262914294 26436
1235 1791251262931964 25471
1236 1791251262953212 26921
1237 1791251262973959 26338
1238 1791251262998242 31461
1239 1791251263013152 27075
1240 1791251263033732 20578
1241 1791251263053440 27533
1242 1791251263075962 22574
1243 1791251263086658 20824
1244 1791251263112537 25876
1245 1791251263134363 21823
1246 1791251263152590 26791
1247 1791251263172390 24394
1248 1791251263193348 20955
1249 1791251263214546 25881
1250 1791251263233554 22066
1251 1791251263253637 25956
1252 1791251263267093 21062
1253 1791251263288974 21877
1254 1791251263312844 26566
1255 1791251263329637 21713
1256 1791251263353645 28331
1257 1791251263380218 26569
1258 1791251263392086 25001
1259 1791251263414119 27447
1260 1791251263437668 29135
1261 1791251263448466 22930
1262 1791251263473293 26699
1263 1791251263493482 25859
1264 1791251263517499 29000
1265 1791251263529742 24141
1266 1791251263556992 30754
1267 1791251263574379 23719
1268 1791251263594288 28227
1269 1791251263615581 25036
1270 1791251263631414 22561
1271 1791251263650401 24318
1272 1791251263672721 22316
1273 1791251263695785 27513
1274 1791251263716779 25687
1275 1791251263727541 21807
1276 1791251263753138 25673
1277 1791251263772958 25536
1278 1791251263793982 26877
1279 1791251263813191 26080
1280 1791251263834022 26181
1281 1791251263854028 28722
1282 1791251263871463 26224
1283 1791251263892045 24632
1284 1791251263914305 22257
1285 1791251263931561 24865
1286 1791251263952419 26954
1287 1791251263973954 28208
1288 1791251263987050 21444
1289 1791251264013241 26180
1290 1791251264033850 26873
1291 1791251264048744 22021
1292 1791251264073177 24430
1293 1791251264094831 28555
1294 1791251264113240 27891
1295 1791251264133870 28251
1296 1791251264152776 26318
1297 1791251264173975 28976
1298 1791251264189129 24156
1299 1791251264213059 25750
1300 1791251264236421 30715
1301 1791251264254191 23868
1302 1791251264270135 22946
1303 1791251264294527 29028
1304 1791251264312396 21624
1305 1791251264330751 24201
1306 1791251264354533 23779
1307 1791251264374318 23716
1308 1791251264395259 26124
1309 1791251264413499 23260
1310 1791251264433797 28216
1311 1791251264461554 27754
1312 1791251264474012 26714
1313 1791251264491011 24565
1314 1791251264512850 26465
1315 1791251264533653 26688
1316 1791251264549290 24067
1317 1791251264574195 25033
1318 1791251264595424 28811
1319 1791251264624862 34457
1320 1791251264639211 25988
1321 1791251264653653 28787
1322 1791251264674281 28235
1323 1791251264698631 24347
1324 1791251264711971 25438
1325 1791251264730764 22721
1326 1791251264755635 27254
1327 1791251264801090 52739
1328 1791251264801971 34345
1329 1791251264838587 48733
1330 1791251264867531 61767
1331 1791251264894540 66938
1332 1791251264912814 59169
1333 1791251264926009 58475
1334 1791251264955200 62150
1335 1791251264968151 62002
1336 1791251264990977 64965
1337 1791251265021673 72382
1338 1791251265041036 75646
1339 1791251265063871 75641
1340 1791251265084042 77251
1341 1791251265099688 73440
1342 1791251265115578 69586
1343 1791251265133970 68246
1344 1791251265162319 76831
1345 1791251265186336 79038
1346 1791251265195886 70129
1347 1791251265224568 78528
1348 1791251265238487 72772
1349 1791251265259148 73209
1350 1791251265281611 75519
1351 1791251265322076 90056
1352 1791251265333425 87517
1353 1791251265342798 77426
1354 1791251265364772 78954
1355 1791251265393828 88169
1356 1791251265399984 74640
1357 1791251265425134 79645
1358 1791251265445149 80374
1359 1791251265473736 86937
1360 1791251265494476 87631
1361 1791251265520030 94892
1362 1791251265543323 98171
1363 1791251265557081 86768
1364 1791251265575609 88552
1365 1791251265595475 89422
1366 1791251265618044 92206
1367 1791251265643470 97633
1368 1791251265664149 95043
1369 1791251265684447 96188
1370 1791251265705323 99109
1371 1791251265723078 93936
1372 1791251265748972 102230
1373 1791251265761808 95938
1374 1791251265785397 99576
1375 1791251265805937 100611
1376 1791251265826335 100680
1377 1791251265853175 104200
1378 1791251265874476 108818
1379 1791251265889370 103969
1380 1791251265909076 103136
1381 1791251265937268 110931
1382 1791251265955689 107081
1383 1791251265982022 112506
1384 1791251265995382 106010
1385 1791251266015724 106646
1386 1791251266033330 105803
1387 1791251266053398 107725
1388 1791251266084649 116736
1389 1791251266114494 125254
1390 1791251266127068 118946
1391 1791251266144292 112008
1392 1791251266173020 124132
1393 1791251266185623 119490
1394 1791251266206347 113384
1395 1791251266222715 116656
1396 1791251266252325 125447
1397 1791251266272484 124671
1398 1791251266283931 118190
1399 1791251266324632 139007
1400 1791251266332332 125982
1401 1791251266351455 125377
1402 1791251266374722 125381
1403 1791251266394003 125265
1404 1791251266409670 124404
1405 1791251266426194 120538
1406 1791251266453359 122721
1407 1791251266465678 120072
1408 1791251266482632 114747
1409 1791251266510021 123885
1410 1791251266523679 117514
1411 1791251266537704 111548
1412 1791251266556161 108336
1413 1791251266574654 108974
1414 1791251266584960 98621
1415 1791251266605897 96000
1416 1791251266616765 90338
1417 1791251266633450 86317
1418 1791251266642770 74553
1419 1791251266657316 72353
1420 1791251266660951 55051
1421 1791251266674770 48681
1422 1791251266698291 51426
1423 1791251266713652 47651
1424 1791251266733733 41995
1425 1791251266745690 39119
1426 1791251266773731 40433
1427 1791251266775962 30269
1428 1791251266801742 33506
1429 1791251266816822 29692
1430 1791251266836071 30123
1431 1791251266860217 27289
1432 1791251266880139 31718
1433 1791251266898393 32161
1434 1791251266912740 26981
1435 1791251266934849 28898
1436 1791251266953993 24428
1437 1791251266985970 40305
1438 1791251267001764 34111
1439 1791251267024690 38719
1440 1791251267035372 29764
1441 1791251267069963 41430
1442 1791251267081133 30821
1443 1791251267098754 32837
1444 1791251267114012 27882
1445 1791251267144615 39261
1446 1791251267152365 26683
1447 1791251267184133 36423
1448 1791251267203611 33723
1449 1791251267222536 36266
1450 1791251267240865 33849
1451 1791251267270422 38175
1452 1791251267281108 34757
1453 1791251267308377 40878
1454 1791251267318124 32164
1455 1791251267344069 38768
1456 1791251267363498 37737
1457 1791251267383818 38025
1458 1791251267395695 29113
1459 1791251267414530 28612
1460 1791251267439369 24835
1461 1791251267457303 28334
1462 1791251267480551 31985
1463 1791251267496759 29956
1464 1791251267522658 30652
1465 1791251267544388 35322
1466 1791251267563573 35016
1467 1791251267577725 32055
1468 1791251267597904 32211
1469 1791251267639228 44222
1470 1791251267641560 34070
1471 1791251267664034 38442
1472 1791251267678528 31654
1473 1791251267703133 31854
1474 1791251267717711 31119
1475 1791251267743716 37709
1476 1791251267757959 31838
1477 1791251267781917 35952
1478 1791251267790989 25758
1479 1791251267817880 30633
1480 1791251267836059 27746
1481 1791251267854664 28522
1482 1791251267875730 29889
1483 1791251267895728 29962
1484 1791251267919000 31889
1485 1791251267945760 32050
1486 1791251267959080 30619
1487 1791251267971886 26125
1488 1791251268008916 43480
1489 1791251268016918 29810
1490 1791251268044654 39053
1491 1791251268057500 31304
1492 1791251268077581 23804
1493 1791251268101913 36165
1494 1791251268123851 38173
1495 1791251268141418 34759
1496 1791251268166374 40356
1497 1791251268182791 37163
1498 1791251268194287 27909
1499 1791251268223557 36961
1500 1791251268236235 30566
1501 1791251268256596 30940
1502 1791251268282007 36378
1503 1791251268303164 34397
1504 1791251268324209 37325
1505 1791251268343435 35671
1506 1791251268352849 26576
1507 1791251268377252 31420
1508 1791251268394591 27076
1509 1791251268424631 33933
1510 1791251268450577 43734
1511 1791251268466108 36252
1512 1791251268478046 27466
1513 1791251268495698 29587
1514 1791251268514767 26451
1515 1791251268543339 37125
1516 1791251268562343 34992
1517 1791251268583235 36063
1518 1791251268612481 38943
1519 1791251268614785 29264
1520 1791251268642255 35723
1521 1791251268669823 41595
1522 1791251268683752 31029
1523 1791251268703735 33907
1524 1791251268721666 35342
1525 1791251268750375 38126
1526 1791251268766072 39474
1527 1791251268785404 35815
1528 1791251268803599 37524
1529 1791251268830194 44788
1530 1791251268844289 34643
1531 1791251268861143 31413
1532 1791251268890581 38300
1533 1791251268905472 40197
1534 1791251268933390 47526
1535 1791251268942792 37316
1536 1791251268963409 36975
1537 1791251268984448 39246
1538 1791251269007875 42229
1539 1791251269034399 41509
1540 1791251269053667 45789
1541 1791251269066301 38079
1542 1791251269084279 35424
1543 1791251269109850 43546
1544 1791251269123546 36483
1545 1791251269157453 51925
1546 1791251269175459 49455
1547 1791251269187580 42397
1548 1791251269208717 38663
1549 1791251269224326 37288
1550 1791251269255458 49523
1551 1791251269278650 52923
1552 1791251269296631 49870
1553 1791251269312504 46360
1554 1791251269335516 49592
1555 1791251269360001 54173
1556 1791251269379269 53149
1557 1791251269396769 50461
1558 1791251269413016 47320
1559 1791251269433062 47330
1560 1791251269455543 49555
1561 1791251269490406 63558
1562 1791251269504323 55211
1563 1791251269514593 45868
1564 1791251269535390 45757
1565 1791251269564521 58667
1566 1791251269587083 59218
1567 1791251269603481 53670
1568 1791251269613863 47729
1569 1791251269639915 52829
1570 1791251269660018 51991
1571 1791251269678288 51363
1572 1791251269697002 51241
1573 1791251269717532 49955
1574 1791251269738232 52790
1575 1791251269754902 49298
1576 1791251269784436 58146
1577 1791251269805535 59271
1578 1791251269825337 54358
1579 1791251269847148 60833
1580 1791251269873239 67701
1581 1791251269885026 59683
1582 1791251269912289 65139
1583 1791251269928600 63059
1584 1791251269943635 58606
1585 1791251269966772 60693
1586 1791251269986842 59463
1587 1791251270005783 57189
1588 1791251270018948 52933
1589 1791251270042349 56193
1590 1791251270074668 68882
1591 1791251270095945 70622
1592 1791251270108285 62004
1593 1791251270121448 52358
1594 1791251270148683 61708
1595 1791251270159312 53543
1596 1791251270191855 63037
1597 1791251270213716 67008
1598 1791251270235112 69134
1599 1791251270255070 64876
1600 1791251270284011 76419
1601 1791251270291129 62934
1602 1791251270309923 58834
1603 1791251270333590 68077
1604 1791251270361812 73826
1605 1791251270374937 65011
1606 1791251270399681 73729
1607 1791251270403111 53304
1608 1791251270427867 62519
1609 1791251270443547 57087
1610 1791251270481949 75159
1611 1791251270504507 78666
1612 1791251270516550 67027
1613 1791251270532958 59177
1614 1791251270553435 66897
1615 1791251270567662 61787
1616 1791251270594826 66568
1617 1791251270603755 58310
1618 1791251270637864 71450
1619 1791251270657992 72118
1620 1791251270678219 72487
1621 1791251270686839 60285
1622 1791251270704649 58297
1623 1791251270729228 63371
1624 1791251270752675 66099
1625 1791251270772927 58022
1626 1791251270795539 69010
1627 1791251270813146 67551
1628 1791251270847898 81720
1629 1791251270856014 68156
1630 1791251270879837 66688
1631 1791251270894605 68105
1632 1791251270927243 79342
1633 1791251270931441 65233
1634 1791251270963060 78054
1635 1791251270972326 64568
1636 1791251270989234 62053
1637 1791251271012812 65804
1638 1791251271025267 52934
1639 1791251271053873 64635
1640 1791251271077510 67214
1641 1791251271085112 59841
1642 1791251271115398 67562
1643 1791251271122406 56601
1644 1791251271139643 54528
1645 1791251271154302 46445
1646 1791251271174544 47477
1647 1791251271193886 40863
1648 1791251271214234 48436
1649 1791251271232792 46950
1650 1791251271244188 37278
1651 1791251271256049 30218
1652 1791251271279659 30450
1653 1791251271292364 25825
1654 1791251271325380 38209
1655 1791251271340340 31126
1656 1791251271361063 35679
1657 1791251271378836 33308
1658 1791251271398140 27725
1659 1791251271430135 40675
1660 1791251271437002 30872
1661 1791251271463160 33022
1662 1791251271482523 35263
1663 1791251271501810 28750
1664 1791251271517366 31310
1665 1791251271531263 24827
1666 1791251271566549 40501
1667 1791251271587954 36378
1668 1791251271596112 30064
1669 1791251271624488 36533
1670 1791251271634196 28020
1671 1791251271657200 31143
1672 1791251271681881 36131
1673 1791251271703951 38461
1674 1791251271722609 37382
1675 1791251271735992 28303
1676 1791251271755921 29729
1677 1791251271782746 35675
1678 1791251271798631 33504
1679 1791251271817805 32464
1680 1791251271840409 33916
1681 1791251271864475 39239
1682 1791251271882598 36165
1683 1791251271894075 27501
1684 1791251271925560 39469
1685 1791251271942477 33966
1686 1791251271962794 37232
1687 1791251271981413 35256
1688 1791251272007765 39424
1689 1791251272025837 40288
1690 1791251272038712 32222
1691 1791251272058265 32426
1692 1791251272081924 30010
1693 1791251272105636 38981
1694 1791251272124748 39461
1695 1791251272136070 30424
1696 1791251272154167 29415
1697 1791251272183665 37123
1698 1791251272209300 41839
1699 1791251272225416 34633
1700 1791251272237770 31920
1701 1791251272259822 34402
1702 1791251272285858 39357
1703 1791251272295517 29258
1704 1791251272320396 34534
1705 1791251272345984 39923
1706 1791251272364507 38934
1707 1791251272379706 33720
1708 1791251272395989 29698
1709 1791251272423404 36495
1710 1791251272438261 31931
1711 1791251272464077 37805
1712 1791251272484397 38602
1713 1791251272506515 40762
1714 1791251272528073 41028
1715 1791251272540036 33517
1716 1791251272554949 27016
1717 1791251272578423 32263
1718 1791251272601950 35921
1719 1791251272627220 40986
1720 1791251272643281 37813
1721 1791251272670675 43452
1722 1791251272696393 42876
1723 1791251272713717 47105
1724 1791251272720389 30194
1725 1791251272751062 45349
1726 1791251272775456 46001
1727 1791251272788046 36980
1728 1791251272811202 43075
1729 1791251272833830 47880
1730 1791251272843641 37661
1731 1791251272867658 41305
1732 1791251272892337 46501
1733 1791251272907208 40840
1734 1791251272931624 45432
1735 1791251272956838 49627
1736 1791251272973444 47763
1737 1791251272993076 46534
1738 1791251273023816 58693
1739 1791251273031621 43642
1740 1791251273054530 49159
1741 1791251273073994 43680
1742 1791251273096147 48760
1743 1791251273118122 52060
1744 1791251273134784 47775
1745 1791251273156708 50384
1746 1791251273180284 54571
1747 1791251273195178 49817
1748 1791251273215360 46444
1749 1791251273242531 47863
1750 1791251273254889 48652
1751 1791251273279920 54302
1752 1791251273298814 52216
1753 1791251273314899 49762
1754 1791251273328127 41913
1755 1791251273357295 51654
1756 1791251273384352 57963
1757 1791251273406121 56837
1758 1791251273426188 59744
1759 1791251273437903 52112
1760 1791251273453123 46982
1761 1791251273476499 50296
1762 1791251273503707 57996
1763 1791251273517929 52082
1764 1791251273541020 54775
1765 1791251273573360 66682
1766 1791251273578560 53093
1767 1791251273615285 68849
1768 1791251273625786 53869
1769 1791251273639513 52899
1770 1791251273660389 54374
1771 1791251273676668 50877
1772 1791251273696432 50337
1773 1791251273727031 59576
1774 1791251273746051 57815
1775 1791251273764846 58980
1776 1791251273776699 49658
1777 1791251273802163 56107
1778 1791251273823646 58792
1779 1791251273844335 58302
1780 1791251273865683 59433
1781 1791251273888123 60055
1782 1791251273903025 57234
1783 1791251273918583 52896
1784 1791251273942225 54823
1785 1791251273964019 56691
1786 1791251273979603 53634
1787 1791251274002644 50018
1788 1791251274019632 52247
1789 1791251274044355 58296
1790 1791251274065135 59242
1791 1791251274087388 61164
1792 1791251274112478 62873
1793 1791251274124758 59619
1794 1791251274155638 68246
1795 1791251274168906 56424
1796 1791251274188769 64006
1797 1791251274198167 48392
1798 1791251274215171 47193
1799 1791251274246205 59125
1800 1791251274271692 65212
1801 1791251274290844 62644
1802 1791251274314469 68261
1803 1791251274327566 57644
1804 1791251274346375 55525
1805 1791251274373962 62273
1806 1791251274394267 66694
1807 1791251274411127 64705
1808 1791251274431099 63178
1809 1791251274447258 60090
1810 1791251274475924 65044
1811 1791251274488363 60365
1812 1791251274505328 58068
1813 1791251274537890 71010
1814 1791251274554889 67162
1815 1791251274563678 58344
1816 1791251274589365 56977
1817 1791251274595923 49419
1818 1791251274618237 51302
1819 1791251274645021 55651
1820 1791251274669870 63593
1821 1791251274685127 55897
1822 1791251274703824 58800
1823 1791251274734839 64965
1824 1791251274752547 67414
1825 1791251274768289 62758
1826 1791251274793597 67237
1827 1791251274813899 68428
1828 1791251274826822 60548
1829 1791251274857836 68488
1830 1791251274865318 59339
1831 1791251274885577 59578
1832 1791251274903414 56984
1833 1791251274929449 63965
1834 1791251274944612 59032
1835 1791251274974717 62710
1836 1791251274995232 65779
1837 1791251275035172 80418
1838 1791251275039910 73934
1839 1791251275058900 71250
1840 1791251275093723 81579
1841 1791251275100254 70996
1842 1791251275124458 78858
1843 1791251275146251 81027
1844 1791251275164047 77149
1845 1791251275189185 82394
1846 1791251275202547 71336
1847 1791251275211950 65691
1848 1791251275225629 59900
1849 1791251275244668 56269
1850 1791251275270248 64295
1851 1791251275294749 69117
1852 1791251275328294 74723
1853 1791251275344907 74656
1854 1791251275365522 79279
1855 1791251275376048 70170
1856 1791251275404042 77337
1857 1791251275419352 74442
1858 1791251275443281 77755
1859 1791251275464317 74795
1860 1791251275476800 71518
1861 1791251275488747 62534
1862 1791251275513381 67670
1863 1791251275532188 65984
1864 1791251275566385 79080
1865 1791251275583717 77342
1866 1791251275597333 67113
1867 1791251275607475 62059
1868 1791251275629057 62661
1869 1791251275644829 58617
1870 1791251275662839 57190
1871 1791251275684631 55571
1872 1791251275696283 51450
1873 1791251275705718 40152
1874 1791251275725830 36160
1875 1791251275738958 33237
1876 1791251275753008 27172
1877 1791251275779124 33775
1878 1791251275791377 24769
1879 1791251275823899 32501
1880 1791251275841811 34001
1881 1791251275864970 33621
1882 1791251275881221 32799
1883 1791251275903955 38981
1884 1791251275914430 25970
1885 1791251275938414 31095
1886 1791251275959191 33353
1887 1791251275980852 34901
1888 1791251276000387 32253
1889 1791251276023595 36373
1890 1791251276049439 34312
1891 1791251276056691 30857
1892 1791251276083274 35155
1893 1791251276111143 39430
1894 1791251276121590 29486
1895 1791251276135531 24378
1896 1791251276164483 37868
1897 1791251276184107 35281
1898 1791251276207163 40921
1899 1791251276223595 36463
1900 1791251276242022 34856
1901 1791251276255317 28853
1902 1791251276282697 34865
1903 1791251276293808 28241
1904 1791251276322810 36769
1905 1791251276334564 26380
1906 1791251276354754 28704
1907 1791251276375358 29437
1908 1791251276394800 27302
1909 1791251276435069 46385
1910 1791251276444814 38591
1911 1791251276457600 31881
1912 1791251276471436 26617
1913 1791251276497463 29401
1914 1791251276523305 35024
1915 1791251276537237 31100
1916 1791251276564787 38351
1917 1791251276584740 36837
1918 1791251276597855 33064
1919 1791251276626608 39752
1920 1791251276633485 28024
1921 1791251276662668 36058
1922 1791251276677812 29457
1923 1791251276704887 38411
1924 1791251276734827 49107
1925 1791251276744607 39713
1926 1791251276769753 39115
1927 1791251276788573 41475
1928 1791251276804883 35981
1929 1791251276830918 43405
1930 1791251276855754 50867
1931 1791251276872106 43070
1932 1791251276887125 41959
1933 1791251276910011 43050
1934 1791251276934235 47101
1935 1791251276952464 42447
1936 1791251276966668 40079
1937 1791251277003007 54098
1938 1791251277020995 54619
1939 1791251277040779 54337
1940 1791251277060859 55120
1941 1791251277076528 50306
1942 1791251277093807 47911
1943 1791251277112753 47354
1944 1791251277128886 42878
1945 1791251277159499 52197
1946 1791251277183672 55561
1947 1791251277193578 47726
1948 1791251277222677 56585
1949 1791251277239290 53320
1950 1791251277254279 48549
1951 1791251277281868 48819
1952 1791251277292346 46152
1953 1791251277321844 47709
1954 1791251277343484 56653
1955 1791251277354993 49070
1956 1791251277372458 46448
1957 1791251277394918 48648
1958 1791251277411518 45812
1959 1791251277436896 49187
1960 1791251277456821 47142
1961 1791251277482291 56500
1962 1791251277494399 48763
1963 1791251277515360 49534
1964 1791251277536125 50091
1965 1791251277551484 44209
1966 1791251277570176 44433
1967 1791251277593045 46463
1968 1791251277628341 58160
1969 1791251277631349 45583
1970 1791251277669956 61338
1971 1791251277678025 50584
1972 1791251277696727 50617
1973 1791251277713020 43061
1974 1791251277733925 48414
1975 1791251277750378 42588
1976 1791251277772783 47451
1977 1791251277794449 46504
1978 1791251277819695 46906
1979 1791251277828886 42788
1980 1791251277854228 48206
1981 1791251277872743 43851
1982 1791251277897033 51616
1983 1791251277917403 50346
1984 1791251277930673 45280
1985 1791251277952508 47172
1986 1791251277978202 48680
1987 1791251277998580 49189
1988 1791251278006120 39947
1989 1791251278027457 40828
1990 1791251278056559 50436
1991 1791251278074867 47865
1992 1791251278104318 47753
1993 1791251278124256 49384
1994 1791251278142142 41343
1995 1791251278146794 35179
1996 1791251278170811 41744
1997 1791251278190607 43810
1998 1791251278217693 48873
1999 1791251278234156 46383
2000 1791251278245328 38283
2001 1791251278275129 46999
2002 1791251278303312 57980
2003 1791251278319187 53297
2004 1791251278336122 50786
2005 1791251278354386 48573
2006 1791251278382145 56567
2007 1791251278396184 47892
2008 1791251278423879 55637
2009 1791251278443944 56995
2010 1791251278455489 48394
2011 1791251278476394 49618
2012 1791251278503641 56382
2013 1791251278514031 46041
2014 1791251278550481 57430
2015 1791251278559716 52478
2016 1791251278584954 54809
2017 1791251278603358 56694
2018 1791251278625769 55320
2019 1791251278640079 55122
2020 1791251278661741 50700
2021 1791251278684899 59127
2022 1791251278695561 50128
2023 1791251278723844 57516
2024 1791251278736898 51996
2025 1791251278763500 51517
2026 1791251278784416 58302
2027 1791251278814243 68782
2028 1791251278830908 62824
2029 1791251278846391 59995
2030 1791251278858962 49855
2031 1791251278874025 47928
2032 1791251278905101 59638
2033 1791251278930664 64667
2034 1791251278951538 65281
2035 1791251278955824 50720
2036 1791251278986867 57544
2037 1791251279002447 50906
2038 1791251279017585 51952
2039 1791251279044893 58023
2040 1791251279072538 65190
2041 1791251279084621 58097
2042 1791251279111610 66714
2043 1791251279144765 79084
2044 1791251279151298 58780
2045 1791251279177391 68080
2046 1791251279187661 61768
2047 1791251279215417 70650
2048 1791251279223235 51339
2049 1791251279244660 58690
2050 1791251279268361 62478
2051 1791251279298873 73002
2052 1791251279311026 55007
2053 1791251279331531 64854
2054 1791251279349614 60867
2055 1791251279374852 69132
2056 1791251279391143 61897
2057 1791251279405405 56196
2058 1791251279423523 55875
2059 1791251279446469 59354
2060 1791251279476289 70881
2061 1791251279491554 62239
2062 1791251279523038 76566
2063 1791251279544470 73112
2064 1791251279563329 72157
2065 1791251279575679 69796
2066 1791251279604507 74330
2067 1791251279616956 70442
2068 1791251279639472 73854
2069 1791251279657507 69041
2070 1791251279667029 56678
2071 1791251279687823 61498
2072 1791251279714005 65558
2073 1791251279735369 68902
2074 1791251279756045 68280
2075 1791251279780805 72164
2076 1791251279797347 69474
2077 1791251279811474 65674
2078 1791251279832842 62567
2079 1791251279855935 69224
2080 1791251279886113 78872
2081 1791251279897241 71451
2082 1791251279916884 71631
2083 1791251279926595 57342
2084 1791251279942448 56331
2085 1791251279964399 57224
2086 1791251279986228 60601
2087 1791251280004034 56433
2088 1791251280027457 61432
2089 1791251280052680 66449
2090 1791251280068751 63287
2091 1791251280082719 55260
2092 1791251280110168 64325
2093 1791251280128365 59715
2094 1791251280142488 56554
2095 1791251280155093 44922
2096 1791251280181576 53690
2097 1791251280192140 45808
2098 1791251280207927 39723
2099 1791251280232694 46811
2100 1791251280254584 49084
2101 1791251280270855 41322
2102 1791251280286883 39664
2103 1791251280304382 37222
2104 1791251280319783 33785
2105 1791251280341350 35043
2106 1791251280365309 39948
2107 1791251280384170 38658
2108 1791251280393569 28257
2109 1791251280423388 36564
2110 1791251280437454 31616
2111 1791251280462780 37040
2112 1791251280496607 48695
2113 1791251280510159 38231
2114 1791251280527734 37225
2115 1791251280542658 35750
2116 1791251280554788 27050
2117 1791251280574748 28910
2118 1791251280603488 36175
2119 1791251280622059 36376
2120 1791251280648348 42355
2121 1791251280659183 33862
2122 1791251280685328 36976
2123 1791251280696299 30977
2124 1791251280726386 41055
2125 1791251280735024 27352
2126 1791251280773438 47049
2127 1791251280788355 39639
2128 1791251280795468 25591
2129 1791251280822418 36333
2130 1791251280849274 41782
2131 1791251280857249 30027
2132 1791251280884760 35484
2133 1791251280900129 33305
2134 1791251280915864 31101
2135 1791251280946305 37404
2136 1791251280955797 29039
2137 1791251280988226 41918
2138 1791251281014161 46150
2139 1791251281032849 46282
2140 1791251281044396 38513
2141 1791251281062912 37466
2142 1791251281099001 46329
2143 1791251281115901 50449
2144 1791251281125368 39408
2145 1791251281146914 41636
2146 1791251281170688 45318
2147 1791251281200863 53945
2148 1791251281219187 48496
2149 1791251281244149 43279
2150 1791251281248646 42153
2151 1791251281264754 38089
2152 1791251281289983 42900
2153 1791251281311879 47123
2154 1791251281334305 44317
2155 1791251281353786 44486
2156 1791251281365605 33787
2157 1791251281393019 47109
2158 1791251281414164 48555
2159 1791251281425674 36248
2160 1791251281448238 41651
2161 1791251281483151 57475
2162 1791251281492823 46820
2163 1791251281516298 49856
2164 1791251281540358 47533
2165 1791251281573910 63382
2166 1791251281577558 44089
2167 1791251281599280 52805
2168 1791251281614737 49026
2169 1791251281640508 54841
2170 1791251281662624 56798
2171 1791251281678670 48155
2172 1791251281694709 45499
2173 1791251281714557 48587
2174 1791251281735248 49389
2175 1791251281768382 62414
2176 1791251281784061 57228
2177 1791251281790009 44173
2178 1791251281827585 59200
2179 1791251281845487 57621
2180 1791251281855795 45735
2181 1791251281883585 55996
2182 1791251281900838 55349
2183 1791251281919712 54087
2184 1791251281941978 55824
2185 1791251281958179 53060
2186 1791251281977131 49618
2187 1791251282002522 55697
2188 1791251282032936 67066
2189 1791251282048486 62566
2190 1791251282067917 61228
2191 1791251282077413 45911
2192 1791251282102541 55924
2193 1791251282128543 61838
2194 1791251282141485 52863
2195 1791251282164015 57297
2196 1791251282185153 56606
2197 1791251282198673 52630
2198 1791251282223120 55489
2199 1791251282236575 51419
2200 1791251282258987 52660
2201 1791251282274147 48216
2202 1791251282294862 48519
2203 1791251282314605 49291
2204 1791251282334659 48576
2205 1791251282353039 46703
2206 1791251282388932 62879
2207 1791251282398257 47140
2208 1791251282420532 54308
2209 1791251282442372 54931
2210 1791251282465382 51348
2211 1791251282487768 61771
2212 1791251282505172 59162
2213 1791251282534462 69077
2214 1791251282552466 64804
2215 1791251282564531 59357
2216 1791251282590279 64403
2217 1791251282603917 52493
2218 1791251282631695 65414
2219 1791251282636318 48320
2220 1791251282675437 66341
2221 1791251282687924 58733
2222 1791251282697076 46292
2223 1791251282726636 60979
2224 1791251282754248 67429
2225 1791251282764665 54225
2226 1791251282794918 68280
2227 1791251282813407 67061
2228 1791251282839355 65904
2229 1791251282843929 57557
2230 1791251282880208 73840
2231 1791251282896363 65483
2232 1791251282913982 68386
2233 1791251282928159 53839
2234 1791251282938573 52176
2235 1791251282970258 64317
2236 1791251282984054 56016
2237 1791251283021878 74243
2238 1791251283035687 65426
2239 1791251283055993 68804
2240 1791251283067343 61332
2241 1791251283093841 67432
2242 1791251283113422 64148
2243 1791251283135657 68308
2244 1791251283152150 65962
2245 1791251283171365 64458
2246 1791251283201081 72737
2247 1791251283216388 68815
2248 1791251283235092 64983
2249 1791251283249725 63639
2250 1791251283284339 77146
2251 1791251283301761 75608
2252 1791251283322898 74809
2253 1791251283336871 70870
2254 1791251283357777 72213
2255 1791251283380655 74929
2256 1791251283399175 71454
2257 1791251283414124 68497
2258 1791251283442545 77124
2259 1791251283465883 72248
2260 1791251283476661 70714
2261 1791251283496083 68896
2262 1791251283513076 67251
2263 1791251283536367 70481
2264 1791251283550395 63377
2265 1791251283581054 75519
2266 1791251283595443 66578
2267 1791251283628935 80078
2268 1791251283643356 77568
2269 1791251283663237 76875
2270 1791251283683738 78118
2271 1791251283703983 75043
2272 1791251283717183 69462
2273 1791251283731876 64885
2274 1791251283758061 71684
2275 1791251283773806 64635
2276 1791251283785539 60178
2277 1791251283805579 59592
2278 1791251283824758 59127
2279 1791251283844681 59140
2280 1791251283865858 60275
2281 1791251283876007 51245
2282 1791251283892842 46599
2283 1791251283908366 42505
2284 1791251283922251 36687
2285 1791251283934679 27465
2286 1791251283962382 35846
2287 1791251283973607 27507
2288 1791251284005635 32745
2289 1791251284017819 28585
2290 1791251284035203 29566
2291 1791251284060007 31504
2292 1791251284079774 33867
2293 1791251284104647 38380
2294 1791251284123031 37635
2295 1791251284134507 28245
2296 1791251284159562 31393
2297 1791251284173781 25461
2298 1791251284195155 29216
2299 1791251284216196 27652
2300 1791251284245029 35878
2301 1791251284268909 39474
2302 1791251284287765 42734
2303 1791251284312688 43772
2304 1791251284318176 30407
2305 1791251284338145 33020
2306 1791251284362722 36910
2307 1791251284382653 37100
2308 1791251284397844 28579
2309 1791251284419176 32726
2310 1791251284440010 34149
2311 1791251284453970 28227
2312 1791251284489802 40976
2313 1791251284504507 37803
2314 1791251284523385 33580
2315 1791251284538652 32286
2316 1791251284555276 29824
2317 1791251284574811 28445
2318 1791251284602472 35146
2319 1791251284612065 26751
2320 1791251284646973 39553
2321 1791251284662471 36176
2322 1791251284684877 39001
2323 1791251284703230 37476
2324 1791251284717371 32488
2325 1791251284742146 35793
2326 1791251284758455 29825
2327 1791251284780526 34773
2328 1791251284796969 31136
2329 1791251284815057 24721
2330 1791251284851375 43469
2331 1791251284857254 26962
2332 1791251284877097 25720
2333 1791251284893182 27624
2334 1791251284912083 26530
2335 1791251284928217 22039
2336 1791251284947812 21487
2337 1791251284975821 28087
2338 1791251284993832 23112
2339 1791251285014106 26406
2340 1791251285034084 26700
2341 1791251285053939 26501
2342 1791251285074200 25536
2343 1791251285095778 28183
2344 1791251285113634 26064
2345 1791251285142551 34677
2346 1791251285155205 29089
2347 1791251285172414 25035
2348 1791251285193214 27623
2349 1791251285209930 24391
2350 1791251285230431 24931
2351 1791251285252785 27483
2352 1791251285272073 23401
2353 1791251285292728 24191
2354 1791251285314874 26559
2355 1791251285332712 23462
2356 1791251285351447 23496
2357 1791251285374058 22660
2358 1791251285396267 28012
2359 1791251285415690 24600
2360 1791251285432010 24117
2361 1791251285452825 26239
2362 1791251285468419 22053
2363 1791251285494534 29240
2364 1791251285517921 26443
2365 1791251285531907 20832
2366 1791251285554051 27698
2367 1791251285576182 29038
2368 1791251285594597 24897
2369 1791251285614281 26851
2370 1791251285632594 26277
2371 1791251285652577 23685
2372 1791251285674624 28211
2373 1791251285692586 22325
2374 1791251285712439 24663
2375 1791251285733541 26972
2376 1791251285751284 23624
2377 1791251285774036 22748
2378 1791251285793538 28043
2379 1791251285812492 27244
2380 1791251285834892 27097
2381 1791251285851800 22324
2382 1791251285874804 28267
2383 1791251285894766 24635
2384 1791251285910800 25096
2385 1791251285933672 25977
2386 1791251285949974 24005
2387 1791251285974038 24061
2388 1791251285994798 29336
2389 1791251286015507 24247
2390 1791251286026417 21292
2391 1791251286053448 27028
2392 1791251286073492 27630
2393 1791251286102600 29102
2394 1791251286114436 26838
2395 1791251286133984 26312
2396 1791251286152187 24531
2397 1791251286172242 25907
2398 1791251286192947 27441
2399 1791251286212810 25502
2400 1791251286229565 22487
2401 1791251286254468 28061
2402 1791251286273111 22376
2403 1791251286291669 26018
2404 1791251286306217 20643
2405 1791251286332926 26795
2406 1791251286352209 24071
2407 1791251286374398 27201
2408 1791251286397813 26750
2409 1791251286412884 24809
2410 1791251286426625 20574
2411 1791251286447499 22439
2412 1791251286473236 25733
2413 1791251286489278 23696
2414 1791251286513719 27041
2415 1791251286532814 25876
2416 1791251286553412 24739
2417 1791251286573844 26296
2418 1791251286594490 24972
2419 1791251286611498 22928
2420 1791251286634224 22723
2421 1791251286653353 25591
2422 1791251286673972 25382
2423 1791251286694862 24540
2424 1791251286713282 24066
2425 1791251286732100 24338
2426 1791251286751325 22539
2427 1791251286772842 27299
2428 1791251286794422 24873
2429 1791251286822438 33383
2430 1791251286833579 27138
2431 1791251286846245 20506
2432 1791251286872237 25989
2433 1791251286896400 24205
2434 1791251286907508 21727
2435 1791251286926390 20900
2436 1791251286951108 24714
2437 1791251286973097 27549
2438 1791251286996121 23019
2439 1791251287015693 24573
2440 1791251287032636 25047
2441 1791251287052786 24878
2442 1791251287070656 21778
2443 1791251287092538 24907
2444 1791251287110547 23899
2445 1791251287134173 23740
2446 1791251287149015 22414
2447 1791251287173885 24867
2448 1791251287187886 22607
2449 1791251287212481 24592
2450 1791251287233662 26099
2451 1791251287257131 29503
2452 1791251287273441 22979
2453 1791251287288778 23545
2454 1791251287314959 26303
2455 1791251287334386 25523
2456 1791251287349544 21987
2457 1791251287372233 25621
2458 1791251287395731 29218
2459 1791251287414133 26546
2460 1791251287433702 24547
2461 1791251287452948 26680
2462 1791251287484229 31277
2463 1791251287495569 29067
2464 1791251287513736 22555
2465 1791251287536913 29952
2466 1791251287553965 21959
2467 1791251287572891 26530
2468 1791251287589877 24810
2469 1791251287612969 27829
2470 1791251287639551 30884
2471 1791251287653949 27714
2472 1791251287668153 21640
2473 1791251287691355 23199
2474 1791251287713775 26106
2475 1791251287732559 27047
2476 1791251287746617 21642
2477 1791251287767358 20738
2478 1791251287794599 27339
2479 1791251287815777 23749
2480 1791251287832291 22444
2481 1791251287847972 22207
2482 1791251287875008 27032
2483 1791251287898386 31229
2484 1791251287914692 23215
2485 1791251287932931 26692
2486 1791251287955696 27204
2487 1791251287970662 25256
2488 1791251288005431 34768
2489 1791251288024251 31378
2490 1791251288040345 34911
2491 1791251288062392 34034
2492 1791251288081624 35909
2493 1791251288097864 28623
2494 1791251288140363 47992
2495 1791251288141817 35784
2496 1791251288163869 38025
2497 1791251288182914 37391
2498 1791251288197981 28151
2499 1791251288223638 36526
2500 1791251288252343 46956
2501 1791251288269787 39012
2502 1791251288283883 37128
2503 1791251288297498 30961
2504 1791251288317906 29218
2505 1791251288346493 38288
2506 1791251288357310 31853
2507 1791251288386836 40341
2508 1791251288397386 26816
2509 1791251288426180 39967
2510 1791251288445370 32651
2511 1791251288464590 38408
2512 1791251288484823 39450
2513 1791251288499606 33151
2514 1791251288526455 41629
2515 1791251288548155 41744
2516 1791251288561177 34719
2517 1791251288585862 38673
2518 1791251288602569 36158
2519 1791251288617414 31892
2520 1791251288638667 31828
2521 1791251288670686 44683
2522 1791251288686523 39085
2523 1791251288705903 35214
2524 1791251288724293 37768
2525 1791251288749745 43839
2526 1791251288769889 43677
2527 1791251288790607 40858
2528 1791251288814504 46123
2529 1791251288832520 42680
2530 1791251288852337 42706
2531 1791251288864900 38556
2532 1791251288884853 38656
2533 1791251288905585 40682
2534 1791251288927223 42368
2535 1791251288944875 39287
2536 1791251288967264 40292
2537 1791251288985806 40930
2538 1791251289012728 47683
2539 1791251289028280 42469
2540 1791251289047150 40806
2541 1791251289071227 43533
2542 1791251289088033 42275
2543 1791251289113115 44020
2544 1791251289135072 48627
2545 1791251289153854 48293
2546 1791251289177842 48571
2547 1791251289196550 51275
2548 1791251289215746 50807
2549 1791251289235441 47282
2550 1791251289254579 46945
2551 1791251289284522 57033
2552 1791251289300304 53559
2553 1791251289318684 47591
2554 1791251289335097 48176
2555 1791251289359168 44962
2556 1791251289379554 49446
2557 1791251289398537 52816
2558 1791251289425541 56710
2559 1791251289444521 55480
2560 1791251289469930 56254
2561 1791251289492733 67189
2562 1791251289509707 63193
2563 1791251289524020 58399
2564 1791251289545883 57319
2565 1791251289557753 49469
2566 1791251289581698 56468
2567 1791251289606773 60887
2568 1791251289622399 55097
2569 1791251289647785 61427
2570 1791251289668364 61587
2571 1791251289692163 65524
2572 1791251289715981 68192
2573 1791251289731418 63052
2574 1791251289753960 66189
2575 1791251289775775 69131
2576 1791251289793715 67728
2577 1791251289814429 60466
2578 1791251289844172 76855
2579 1791251289855531 69373
2580 1791251289877646 71714
2581 1791251289890176 58843
2582 1791251289914704 65629
2583 1791251289928718 62393
2584 1791251289961038 75151
2585 1791251289980560 73128
2586 1791251289995310 68345
2587 1791251290021228 74431
2588 1791251290037572 71285
2589 1791251290067778 80349
2590 1791251290089434 80758
2591 1791251290114966 88667
2592 1791251290136429 85278
2593 1791251290144552 76769
2594 1791251290168929 79491
2595 1791251290183389 75266
2596 1791251290198919 73339
2597 1791251290220589 71939
2598 1791251290253030 84098
2599 1791251290268132 79033
2600 1791251290284605 78677
2601 1791251290304379 77235
2602 1791251290326753 79792
2603 1791251290351414 83279
2604 1791251290367518 81605
2605 1791251290391589 85700
2606 1791251290411386 85876
2607 1791251290442449 93010
2608 1791251290451839 86164
2609 1791251290472478 84893
2610 1791251290493386 84089
2611 1791251290507266 81629
2612 1791251290527541 80262
2613 1791251290547577 82087
2614 1791251290580859 93568
2615 1791251290583273 76746
2616 1791251290606385 79952
2617 1791251290632766 85848
2618 1791251290650559 84387
2619 1791251290665589 79036
2620 1791251290685811 79423
2621 1791251290704737 77974
2622 1791251290737142 88438
2623 1791251290745271 79679
2624 1791251290773162 87348
2625 1791251290796104 81048
2626 1791251290796111 69775
2627 1791251290815993 70719
2628 1791251290836368 70573
2629 1791251290856877 71144
2630 1791251290884096 77705
2631 1791251290903532 74602
2632 1791251290928216 76168
2633 1791251290935500 68662
2634 1791251290958476 71727
2635 1791251290972876 66536
2636 1791251291001130 73010
2637 1791251291030701 81515
2638 1791251291051981 80164
2639 1791251291066960 79190
2640 1791251291083438 76387
2641 1791251291112444 82500
2642 1791251291116826 70972
2643 1791251291145294 78331
2644 1791251291165398 79249
2645 1791251291180589 74653
2646 1791251291200117 74261
2647 1791251291226111 80813
2648 1791251291245865 80464
2649 1791251291274512 86402
2650 1791251291290585 85228
2651 1791251291300809 74754
2652 1791251291322313 76445
2653 1791251291345786 79479
2654 1791251291363017 75958
2655 1791251291387897 81595
2656 1791251291408410 82888
2657 1791251291419758 73969
2658 1791251291439260 73169
2659 1791251291467415 79310
2660 1791251291486866 78452
2661 1791251291504678 78977
2662 1791251291516415 70049
2663 1791251291543810 78273
2664 1791251291566626 79758
2665 1791251291588018 80433
2666 1791251291605398 78708
2667 1791251291629415 81032
2668 1791251291638356 72422
2669 1791251291665658 77638
2670 1791251291688225 82823
2671 1791251291709880 80462
2672 1791251291734829 89253
2673 1791251291744368 78706
2674 1791251291761064 72837
2675 1791251291775950 66067
2676 1791251291783670 56356
2677 1791251291795710 48361
2678 1791251291814919 48891
2679 1791251291840011 53322
2680 1791251291845476 33869
2681 1791251291866286 40664
2682 1791251291877977 32498
2683 1791251291898821 33102
2684 1791251291917324 32220
2685 1791251291939933 34823
2686 1791251291961269 34813
2687 1791251291988696 41985
2688 1791251292004189 37299
2689 1791251292018137 29930
2690 1791251292044795 37785
2691 1791251292064524 35754
2692 1791251292084984 40186
2693 1791251292102653 36423
2694 1791251292119645 34644
2695 1791251292143573 36483
2696 1791251292164457 38432
2697 1791251292178370 32503
2698 1791251292195268 28313
2699 1791251292230764 45105
2700 1791251292235589 28378
2701 1791251292271870 43782
2702 1791251292278665 31724
2703 1791251292303788 35098
2704 1791251292322281 35549
2705 1791251292338655 32747
2706 1791251292355487 29766
2707 1791251292381951 34232
2708 1791251292397115 31137
2709 1791251292418735 31136
2710 1791251292443974 36115
2711 1791251292457685 30695
2712 1791251292477213 28603
2713 1791251292503500 34855
2714 1791251292522729 36309
2715 1791251292543723 36074
2716 1791251292575103 40687
2717 1791251292579430 33336
2718 1791251292612011 42355
2719 1791251292637659 44557
2720 1791251292644701 39170
2721 1791251292664782 39275
2722 1791251292679904 31278
2723 1791251292697630 32844
2724 1791251292722036 33858
2725 1791251292744825 38520
2726 1791251292763048 37691
2727 1791251292779542 34713
2728 1791251292802539 35356
2729 1791251292833696 45840
2730 1791251292844479 38610
2731 1791251292862296 33753
2732 1791251292874570 28953
2733 1791251292904460 35720
2734 1791251292921041 33958
2735 1791251292941886 35410
2736 1791251292960405 34281
2737 1791251292988808 41858
2738 1791251292997430 31920
2739 1791251293015522 29370
2740 1791251293033705 27232
2741 1791251293064755 36695
2742 1791251293080887 33747
2743 1791251293098941 34182
2744 1791251293115642 29877
2745 1791251293142790 36820
2746 1791251293157382 31352
2747 1791251293182120 36375
2748 1791251293201276 35465
2749 1791251293220145 33416
2750 1791251293236540 29898
2751 1791251293264061 38438
2752 1791251293284772 39063
2753 1791251293315801 47227
2754 1791251293335051 50276
2755 1791251293357484 51066
2756 1791251293383064 56514
2757 1791251293405399 57821
2758 1791251293427722 57952
2759 1791251293446132 56409
2760 1791251293474491 69090
2761 1791251293492427 66852
2762 1791251293513991 67856
2763 1791251293532398 57904
2764 1791251293544386 58739
2765 1791251293574713 61435
2766 1791251293586650 59446
2767 1791251293611621 66012
2768 1791251293624578 58636
2769 1791251293653499 66836
2770 1791251293676282 65651
2771 1791251293693062 67160
2772 1791251293721920 76168
2773 1791251293736931 71220
2774 1791251293768925 81242
2775 1791251293785724 78594
2776 1791251293798082 70220
2777 1791251293810856 65791
2778 1791251293833174 64246
2779 1791251293859484 73758
2780 1791251293880447 72873
2781 1791251293913299 84966
2782 1791251293928006 81989
2783 1791251293947104 81286
2784 1791251293965507 78359
2785 1791251293981120 74900
2786 1791251293996156 68146
2787 1791251294019216 72599
2788 1791251294044856 79347
2789 1791251294063809 76652
2790 1791251294076892 70861
2791 1791251294113296 86095
2792 1791251294122651 77792
2793 1791251294149202 83760
2794 1791251294161075 74848
2795 1791251294183653 76911
2796 1791251294206139 80260
2797 1791251294229777 80886
2798 1791251294240099 74723
2799 1791251294265893 76121
2800 1791251294292230 86088
2801 1791251294305271 75491
2802 1791251294325225 79074
2803 1791251294344438 78542
2804 1791251294361567 75996
2805 1791251294385419 80144
2806 1791251294402573 77345
2807 1791251294419294 72415
2808 1791251294434524 64391
2809 1791251294451910 66488
2810 1791251294474051 67100
2811 1791251294493927 67458
2812 1791251294506288 60510
2813 1791251294524843 59748
2814 1791251294557701 68628
2815 1791251294581291 75001
2816 1791251294581298 56450
2817 1791251294596590 50489
2818 1791251294622567 56417
2819 1791251294645876 59578
2820 1791251294654117 47512
2821 1791251294674327 47826
2822 1791251294691876 45996
2823 1791251294713546 47322
2824 1791251294745245 57609
2825 1791251294750957 45061
2826 1791251294768773 42108
2827 1791251294795290 50041
2828 1791251294815650 48211
2829 1791251294832383 47240
2830 1791251294864114 56021
2831 1791251294883589 52546
2832 1791251294905094 55947
2833 1791251294927556 62164
2834 1791251294954437 58102
2835 1791251294964125 58909
2836 1791251294984652 57094
2837 1791251295003200 57063
2838 1791251295027305 58423
2839 1791251295044971 57211
2840 1791251295057447 51503
2841 1791251295076963 49656
2842 1791251295101101 56128
2843 1791251295125921 58805
2844 1791251295144512 58956
2845 1791251295167834 62285
2846 1791251295184665 58741
2847 1791251295211975 62604
2848 1791251295226682 58846
2849 1791251295243577 56618
2850 1791251295268545 60530
2851 1791251295291460 64775
2852 1791251295305279 58425
2853 1791251295325641 57093
2854 1791251295347476 59795
2855 1791251295355793 50510
2856 1791251295384886 59241
2857 1791251295412870 65800
2858 1791251295429902 64108
2859 1791251295446686 61798
2860 1791251295473472 65991
2861 1791251295486724 57998
2862 1791251295509892 63802
2863 1791251295532960 63865
2864 1791251295546028 59301
2865 1791251295564715 58454
2866 1791251295587370 59721
2867 1791251295614440 68409
2868 1791251295636116 70062
2869 1791251295649277 63951
2870 1791251295673244 67369
2871 1791251295693936 67334
2872 1791251295717990 72040
2873 1791251295742921 70767
2874 1791251295759505 65936
2875 1791251295764783 58705
2876 1791251295791199 65365
2877 1791251295819999 73259
2878 1791251295832953 68167
2879 1791251295862393 75566
2880 1791251295882374 68827
2881 1791251295902386 76683
2882 1791251295915276 69969
2883 1791251295935240 69287
2884 1791251295954107 68329
2885 1791251295975537 67054
2886 1791251296006238 77143
2887 1791251296012396 62239
2888 1791251296033579 67996
2889 1791251296062287 69084
2890 1791251296074491 68250
2891 1791251296091190 65640
2892 1791251296106308 59026
2893 1791251296121931 56556
2894 1791251296143425 57073
2895 1791251296157514 51978
2896 1791251296179139 53792
2897 1791251296192771 44527
2898 1791251296204476 38535
2899 1791251296224694 39145
2900 1791251296243690 34102
2901 1791251296264507 35837
2902 1791251296280748 32453
2903 1791251296303258 35334
2904 1791251296316316 31164
2905 1791251296337521 31604
2906 1791251296355111 28536
2907 1791251296386815 37364
2908 1791251296404714 38844
2909 1791251296417345 30978
2910 1791251296436786 28173
2911 1791251296451569 25541
2912 1791251296475792 30497
2913 1791251296508513 41323
2914 1791251296532528 42375
2915 1791251296556296 47780
2916 1791251296574112 48183
2917 1791251296591891 46168
2918 1791251296616078 49562
2919 1791251296636195 47157
2920 1791251296663187 57806
2921 1791251296688563 61452
2922 1791251296709647 58497
2923 1791251296721849 53384
2924 1791251296753578 65010
2925 1791251296771154 61504
2926 1791251296792084 64875
2927 1791251296805431 58964
2928 1791251296816173 46870
2929 1791251296859040 70853
2930 1791251296873500 68065
2931 1791251296890031 64308
2932 1791251296920335 74431
2933 1791251296924554 58827
2934 1791251296939971 53669
2935 1791251296968170 54685
2936 1791251296986525 60408
2937 1791251297002269 56552
2938 1791251297036338 68863
2939 1791251297056203 69674
2940 1791251297082984 77235
2941 1791251297095709 70105
2942 1791251297123883 74033
2943 1791251297134095 66255
2944 1791251297154741 65668
2945 1791251297176243 62506
2946 1791251297195499 69247
2947 1791251297221889 76299
2948 1791251297241269 75331
2949 1791251297263829 77702
2950 1791251297284273 78254
2951 1791251297308046 79693
2952 1791251297322532 76743
2953 1791251297351737 81386
2954 1791251297368123 79207
2955 1791251297388890 80837
2956 1791251297403526 75085
2957 1791251297431011 79271
2958 1791251297444031 75904
2959 1791251297466936 78044
2960 1791251297482997 77218
2961 1791251297498777 73422
2962 1791251297533842 86053
2963 1791251297544252 79107
2964 1791251297572670 84468
2965 1791251297587808 82589
2966 1791251297612925 87188
2967 1791251297624084 78235
2968 1791251297648208 82754
2969 1791251297664723 76913
2970 1791251297676565 70716
2971 1791251297705178 79944
2972 1791251297724598 76387
2973 1791251297734663 68896
2974 1791251297758433 72647
2975 1791251297775566 70385
2976 1791251297803341 70357
2977 1791251297815113 69170
2978 1791251297844544 75956
2979 1791251297855917 69034
2980 1791251297875100 66588
2981 1791251297891608 63829
2982 1791251297913367 66115
2983 1791251297933974 66148
2984 1791251297935805 49822
2985 1791251297962016 53026
2986 1791251297985847 59500
2987 1791251297994896 45171
2988 1791251298004561 38217
2989 1791251298028321 42471
2990 1791251298043237 37154
2991 1791251298059808 33620
2992 1791251298076369 29785
2993 1791251298109088 43390
2994 1791251298123495 37849
2995 1791251298144199 38099
2996 1791251298161969 35100
2997 1791251298187764 39964
2998 1791251298218967 51506
2999 1791251298224672 38306
3000 1791251298244472 38853
3001 1791251298264338 38542
3002 1791251298286664 39887
3003 1791251298315895 46998
3004 1791251298323877 37209
3005 1791251298345472 37693
3006 1791251298358678 32393
3007 1791251298384396 38921
3008 1791251298404127 37661
3009 1791251298425249 39592
3010 1791251298446914 39850
3011 1791251298463517 38263
3012 1791251298484559 37642
3013 1791251298511353 45614
3014 1791251298529419 43359
3015 1791251298550985 39628
3016 1791251298564537 36809
3017 1791251298589664 40554
3018 1791251298605477 39148
3019 1791251298626085 37933
3020 1791251298640811 35332
3021 1791251298666441 40353
3022 1791251298686816 40552
3023 1791251298705179 38735
3024 1791251298725515 38695
3025 1791251298747319 42137
3026 1791251298765844 40328
3027 1791251298783129 36249
3028 1791251298804604 38756
3029 1791251298825756 40414
3030 1791251298849547 43135
3031 1791251298864816 39058
3032 1791251298892351 43335
3033 1791251298904078 39259
3034 1791251298926213 38935
3035 1791251298955614 42058
3036 1791251298969921 44090
3037 1791251298991893 45083
3038 1791251299013392 43468
3039 1791251299037464 46846
3040 1791251299046280 40457
3041 1791251299075200 48520
3042 1791251299096910 51201
3043 1791251299113563 47808
3044 1791251299126593 41152
3045 1791251299155302 49145
3046 1791251299174437 47841
3047 1791251299198124 50535
3048 1791251299215707 47594
3049 1791251299241632 55998
3050 1791251299257746 50376
3051 1791251299284762 50555
3052 1791251299295873 47424
3053 1791251299320150 54458
3054 1791251299334915 50151
3055 1791251299359109 52121
3056 1791251299382255 55870
3057 1791251299391677 45818
3058 1791251299413382 45516
3059 1791251299443146 56738
3060 1791251299463319 57493
3061 1791251299481530 55549
3062 1791251299502202 51822
3063 1791251299517136 51417
3064 1791251299541916 55292
3065 1791251299557327 50287
3066 1791251299574887 48426
3067 1791251299599327 51848
3068 1791251299624997 56792
3069 1791251299644390 59101
3070 1791251299665702 60228
3071 1791251299676531 51530
3072 1791251299702929 57258
3073 1791251299726313 60609
3074 1791251299743206 57203
3075 1791251299764454 59319
3076 1791251299784617 58392
3077 1791251299811856 57745
3078 1791251299825720 59888
3079 1791251299852035 64328
3080 1791251299879106 69392
3081 1791251299884219 58496
3082 1791251299913562 64123
3083 1791251299925074 59922
3084 1791251299943859 57943
3085 1791251299974763 66944
3086 1791251299989624 64546
3087 1791251300017145 71810
3088 1791251300029973 64649
3089 1791251300055984 66711
3090 1791251300063151 55064
3091 1791251300098299 68323
3092 1791251300112296 64996
3093 1791251300129351 63359
3094 1791251300152359 66419
3095 1791251300181974 76170
3096 1791251300196065 70213
3097 1791251300235967 88483
3098 1791251300252725 85777
3099 1791251300285706 100412
3100 1791251300303167 97792
3101 1791251300327785 99411
3102 1791251300350731 103036
3103 1791251300355684 89672
3104 1791251300382034 96681
3105 1791251300401262 92187
3106 1791251300419488 94126
3107 1791251300436270 90014
3108 1791251300464431 93689
3109 1791251300479677 91987
3110 1791251300499401 93327
3111 1791251300527289 96654
3112 1791251300545949 100140
3113 1791251300564983 98594
3114 1791251300590189 104094
3115 1791251300601319 95612
3116 1791251300634563 107331
3117 1791251300649781 104200
3118 1791251300664959 99968
3119 1791251300679451 91639
3120 1791251300710835 96851
3121 1791251300732062 106768
3122 1791251300748786 99003
3123 1791251300764762 99800
3124 1791251300787072 98854
3125 1791251300795782 84943
3126 1791251300809413 81209
3127 1791251300834618 88897
3128 1791251300845947 81182
3129 1791251300881781 96354
3130 1791251300885385 80188
3131 1791251300904328 78195
3132 1791251300925805 79855
3133 1791251300940241 74243
3134 1791251300956985 71597
3135 1791251300977059 71496
3136 1791251300999176 73367
3137 1791251301020288 74681
3138 1791251301041183 74563
3139 1791251301059507 74125
3140 1791251301093882 87814
3141 1791251301108062 82240
3142 1791251301122704 76803
3143 1791251301143793 77697
3144 1791251301165641 73473
3145 1791251301191009 82944
3146 1791251301211914 84715
3147 1791251301223896 78580
3148 1791251301245721 80077
3149 1791251301272706 81693
3150 1791251301286050 79256
3151 1791251301313125 84285
3152 1791251301323253 77530
3153 1791251301351383 82344
3154 1791251301365688 79636
3155 1791251301387086 81760
3156 1791251301404010 76676
3157 1791251301424040 75314
3158 1791251301442233 76543
3159 1791251301459819 72730
3160 1791251301487623 81605
3161 1791251301502542 76039
3162 1791251301534652 84783
3163 1791251301548278 80732
3164 1791251301570373 82746
3165 1791251301587629 81515
3166 1791251301606558 80675
3167 1791251301631784 83503
3168 1791251301644379 74004
3169 1791251301664521 78758
3170 1791251301685710 79149
3171 1791251301726565 94974
3172 1791251301726576 80652
3173 1791251301750125 82702
3174 1791251301764208 78495
3175 1791251301790587 78367
3176 1791251301796813 70245
3177 1791251301815284 67312
3178 1791251301835118 69426
3179 1791251301861545 72038
3180 1791251301876922 70594
3181 1791251301893386 67298
3182 1791251301905380 59234
3183 1791251301924334 57071
3184 1791251301934766 49452
3185 1791251301949526 44143
3186 1791251301976130 46914
3187 1791251301984120 35407
3188 1791251302003447 33842
3189 1791251302016564 28103
3190 1791251302034803 28667
3191 1791251302066748 33855
3192 1791251302081146 36040
3193 1791251302104383 37633
3194 1791251302120140 34646
3195 1791251302135252 29733
3196 1791251302172906 47260
3197 1791251302179987 30869
3198 1791251302214709 48319
3199 1791251302223411 37925
3200 1791251302240245 27377
3201 1791251302263512 37129
3202 1791251302286687 38580
3203 1791251302301241 35207
3204 1791251302328431 41742
3205 1791251302342564 37143
3206 1791251302371149 42716
3207 1791251302384914 37435
3208 1791251302410258 42569
3209 1791251302425458 40541
3210 1791251302439433 29169
3211 1791251302464170 38699
3212 1791251302494846 40759
3213 1791251302504551 38184
3214 1791251302525081 38991
3215 1791251302543115 35471
3216 1791251302562496 37411
3217 1791251302579887 34418
3218 1791251302617043 43681
3219 1791251302617052 31180
3220 1791251302636650 30068
3221 1791251302665389 35506
3222 1791251302692329 42895
3223 1791251302706861 41469
3224 1791251302715831 28722
3225 1791251302744811 37945
3226 1791251302763108 35640
3227 1791251302782826 38008
3228 1791251302798075 30083
3229 1791251302827049 41422
3230 1791251302851701 40894
3231 1791251302859760 32709
3232 1791251302881304 34203
3233 1791251302911560 46291
3234 1791251302924938 37525
3235 1791251302948464 38888
3236 1791251302962774 37834
3237 1791251302980971 32502
3238 1791251303003063 35395
3239 1791251303026497 40978
3240 1791251303043446 37521
3241 1791251303071657 45157
3242 1791251303080352 33313
3243 1791251303112195 40536
3244 1791251303135209 49524
3245 1791251303154112 42277
3246 1791251303166554 40998
3247 1791251303186504 40991
3248 1791251303208218 42732
3249 1791251303227056 40546
3250 1791251303248303 40077
3251 1791251303262509 35451
3252 1791251303281639 33331
3253 1791251303303401 37216
3254 1791251303318541 31716
3255 1791251303337869 30972
3256 1791251303360473 34459
3257 1791251303386728 39422
3258 1791251303405660 38769
3259 1791251303425555 39624
3260 1791251303445331 39666
3261 1791251303464903 39344
3262 1791251303490821 45486
3263 1791251303507385 42476
3264 1791251303524926 34099
3265 1791251303554308 49087
3266 1791251303577032 52102
3267 1791251303597047 50625
3268 1791251303618485 52643
3269 1791251303658700 63258
3270 1791251303658714 51969
3271 1791251303678116 51330
3272 1791251303687051 40493
3273 1791251303706158 38634
3274 1791251303725745 38690
3275 1791251303746633 40471
3276 1791251303767881 42129
3277 1791251303791949 46547
3278 1791251303816001 48529
3279 1791251303844842 52884
3280 1791251303846699 40836
3281 1791251303866154 39019
3282 1791251303882926 38080
3283 1791251303912460 46301
3284 1791251303930609 44705
3285 1791251303947854 42306
3286 1791251303983221 52608
3287 1791251304008994 61490
3288 1791251304023747 58158
3289 1791251304054280 68142
3290 1791251304077927 68924
3291 1791251304096129 69268
3292 1791251304107587 61834
3293 1791251304135148 62416
3294 1791251304156018 70238
3295 1791251304173582 65991
3296 1791251304207548 74569
3297 1791251304233202 87567
3298 1791251304241806 74708
3299 1791251304252902 66949
3300 1791251304277217 69661
3301 1791251304293250 60043
3302 1791251304305597 58548
3303 1791251304327846 61785
3304 1791251304349393 61888
3305 1791251304375898 70290
3306 1791251304394518 68340
3307 1791251304416971 71833
3308 1791251304440586 73349
3309 1791251304458137 72797
3310 1791251304489816 83813
3311 1791251304508940 79704
3312 1791251304526555 79149
3313 1791251304545769 78728
3314 1791251304571537 81717
3315 1791251304585345 78955
3316 1791251304618259 91702
3317 1791251304626074 80301
3318 1791251304645628 77967
3319 1791251304667817 82469
3320 1791251304685709 73098
3321 1791251304695003 68926
3322 1791251304714628 68995
3323 1791251304732035 64214
3324 1791251304759506 73776
3325 1791251304775515 69794
3326 1791251304799900 73412
3327 1791251304820454 73796
3328 1791251304847073 80882
3329 1791251304868692 80792
3330 1791251304894838 87014
3331 1791251304913872 86600
3332 1791251304933097 86019
3333 1791251304946243 77548
3334 1791251304977056 82157
3335 1791251304990550 82447
3336 1791251305005301 78170
3337 1791251305026412 80155
3338 1791251305039732 73976
3339 1791251305065151 74599
3340 1791251305087487 82180
3341 1791251305108232 81817
3342 1791251305116547 69354
3343 1791251305129456 64302
3344 1791251305181045 93555
3345 1791251305183022 74786
3346 1791251305193047 66502
3347 1791251305214215 65051
3348 1791251305235150 69134
3349 1791251305260097 73114
3350 1791251305268504 63332
3351 1791251305284538 58067
3352 1791251305304954 58139
3353 1791251305318265 51207
3354 1791251305341133 50207
3355 1791251305354540 49580
3356 1791251305377213 50845
3357 1791251305395177 48756
3358 1791251305414706 44433
3359 1791251305449987 62594
3360 1791251305460172 52932
3361 1791251305479233 52305
3362 1791251305483504 33512
3363 1791251305506486 40371
3364 1791251305535608 48728
3365 1791251305564988 58796
3366 1791251305584557 53807
3367 1791251305599428 49291
3368 1791251305618347 53354
3369 1791251305642394 56213
3370 1791251305668357 61220
3371 1791251305690860 65164
3372 1791251305709572 63955
3373 1791251305730109 63967
3374 1791251305748972 58104
3375 1791251305776081 66503
3376 1791251305792291 62179
3377 1791251305817279 68302
3378 1791251305824121 53798
3379 1791251305859838 70006
3380 1791251305866746 50681
3381 1791251305879671 53474
3382 1791251305909288 63710
3383 1791251305929263 63180
3384 1791251305944195 57554
3385 1791251305963800 54509
3386 1791251305972680 43412
3387 1791251306006489 58587
3388 1791251306034587 68129
3389 1791251306054336 66281
3390 1791251306066940 60446
3391 1791251306085576 59369
3392 1791251306105247 59300
3393 1791251306127294 60809
3394 1791251306143783 58203
3395 1791251306160658 55407
3396 1791251306187200 59902
3397 1791251306206567 58165
3398 1791251306229913 64033
3399 1791251306244087 57820
3400 1791251306269903 64184
3401 1791251306299042 72823
3402 1791251306308630 63072
3403 1791251306334538 65090
3404 1791251306346611 60576
3405 1791251306373863 66582
3406 1791251306393232 66370
3407 1791251306412059 65727
3408 1791251306426444 60441
3409 1791251306447638 62308
3410 1791251306465895 59928
3411 1791251306494046 68081
3412 1791251306522911 76226
3413 1791251306535991 70092
3414 1791251306554880 65319
3415 1791251306573454 66770
3416 1791251306593564 67687
3417 1791251306617452 68618
3418 1791251306635861 70415
3419 1791251306654742 68705
3420 1791251306687529 75978
3421 1791251306695944 62737
3422 1791251306716513 70583
3423 1791251306735792 66262
3424 1791251306755240 67705
3425 1791251306770561 64708
3426 1791251306792062 65348
3427 1791251306813516 65879
3428 1791251306843698 78138
3429 1791251306862195 73098
3430 1791251306879375 72561
3431 1791251306902686 64753
3432 1791251306922237 75835
3433 1791251306937636 70659
3434 1791251306967061 77865
3435 1791251306983680 77382
3436 1791251307006474 79352
3437 1791251307016073 70273
3438 1791251307035796 68731
3439 1791251307055888 69909
3440 1791251307083844 77365
3441 1791251307100279 70537
3442 1791251307117807 69099
3443 1791251307134904 69510
3444 1791251307151912 66737
3445 1791251307169195 57418
3446 1791251307185553 60486
3447 1791251307208025 59350
3448 1791251307224835 59450
3449 1791251307242882 57327
3450 1791251307268941 60913
3451 1791251307285590 60753
3452 1791251307315683 67938
3453 1791251307344862 76565
3454 1791251307355605 70013
3455 1791251307383796 71751
3456 1791251307405167 77936
3457 1791251307431440 86574
3458 1791251307454133 85327
3459 1791251307475171 88351
3460 1791251307495962 90791
3461 1791251307511711 86287
3462 1791251307539704 93799
3463 1791251307566831 99157
3464 1791251307583322 97913
3465 1791251307603076 97963
3466 1791251307633450 100873
3467 1791251307647227 99901
3468 1791251307664068 98401
3469 1791251307681179 92930
3470 1791251307702619 96477
3471 1791251307731619 98675
3472 1791251307744547 97316
3473 1791251307774129 105483
3474 1791251307797814 111061
3475 1791251307820284 114391
3476 1791251307842334 115114
3477 1791251307853612 106953
3478 1791251307871949 106026
3479 1791251307893597 108254
3480 1791251307910834 104419
3481 1791251307925725 99954
3482 1791251307945544 100011
3483 1791251307965806 99597
3484 1791251307988923 101809
3485 1791251308004144 96138
3486 1791251308023404 97676
3487 1791251308037671 92125
3488 1791251308058536 92725
3489 1791251308084770 95845
3490 1791251308093610 87912
3491 1791251308105245 78563
3492 1791251308137306 85442
3493 1791251308143266 77606
3494 1791251308167263 82490
3495 1791251308185839 80588
3496 1791251308205507 79025
3497 1791251308220158 74602
3498 1791251308243725 76460
3499 1791251308249960 64118
3500 1791251308262628 57117
3501 1791251308293966 60179
3502 1791251308304605 54642
3503 1791251308314151 46424
3504 1791251308342365 56257
3505 1791251308356368 49362
3506 1791251308382560 52714
3507 1791251308387473 41795
3508 1791251308414895 45892
3509 1791251308430076 42830
3510 1791251308442463 36252
3511 1791251308464829 39046
3512 1791251308483731 38068
3513 1791251308511555 46725
3514 1791251308527537 36888
3515 1791251308551911 41355
3516 1791251308564661 37121
3517 1791251308586915 40591
3518 1791251308607239 40167
3519 1791251308623362 37164
3520 1791251308642049 36037
3521 1791251308664095 37930
3522 1791251308683675 37241
3523 1791251308715846 44358
3524 1791251308732714 42965
3525 1791251308735301 29660
3526 1791251308765304 39557
3527 1791251308784214 38601
3528 1791251308793993 28686
3529 1791251308823865 37257
3530 1791251308842607 36556
3531 1791251308863443 37565
3532 1791251308884715 38066
3533 1791251308895949 27466
3534 1791251308915651 28678
3535 1791251308949997 41974
3536 1791251308974538 43988
3537 1791251308987589 40866
3538 1791251309003805 33949
3539 1791251309027413 39822
3540 1791251309049540 43856
3541 1791251309056704 29477
3542 1791251309085465 35938
3543 1791251309107900 39997
3544 1791251309124098 38630
3545 1791251309144593 36692
3546 1791251309166843 40673
3547 1791251309185620 38998
3548 1791251309209359 42513
3549 1791251309218072 32450
3550 1791251309248571 40697
3551 1791251309267661 40914
3552 1791251309287447 42326
3553 1791251309303926 37740
3554 1791251309335403 47953
3555 1791251309345869 40678
3556 1791251309365803 40061
3557 1791251309387460 41605
3558 1791251309413459 47652
3559 1791251309439452 51989
3560 1791251309454531 48567
3561 1791251309477494 51638
3562 1791251309488983 43147
3563 1791251309512134 36430
3564 1791251309534017 48324
3565 1791251309557510 49695
3566 1791251309575895 49988
3567 1791251309588247 42981
3568 1791251309610015 43742
3569 1791251309633803 47171
3570 1791251309661800 52324
3571 1791251309680480 54526
3572 1791251309694050 47531
3573 1791251309715347 50258
3574 1791251309742727 55752
3575 1791251309753479 43760
3576 1791251309782361 53377
3577 1791251309794972 48473
3578 1791251309813852 47168
3579 1791251309835825 50203
3580 1791251309856256 47787
3581 1791251309873997 48734
3582 1791251309886614 41270
3583 1791251309913796 45659
3584 1791251309933225 47824
3585 1791251309957665 51459
3586 1791251309978138 52733
3587 1791251309986034 37291
3588 1791251310038425 65736
3589 1791251310044204 58791
3590 1791251310059987 54049
3591 1791251310074454 49237
3592 1791251310093886 48128
3593 1791251310111920 46398
3594 1791251310142517 56812
3595 1791251310159089 52642
3596 1791251310173052 46556
3597 1791251310197149 50795
3598 1791251310217981 51809
3599 1791251310250854 63155
3600 1791251310257371 50623
3601 1791251310279121 53088
3602 1791251310300434 49578
3603 1791251310319626 53111
3604 1791251310342965 56461
3605 1791251310364911 59197
3606 1791251310393766 65903
3607 1791251310403264 56435
3608 1791251310426092 61177
3609 1791251310447302 61258
3610 1791251310464887 59399
3611 1791251310485241 59145
3612 1791251310496776 51114
3613 1791251310517349 52459
3614 1791251310543493 58249
3615 1791251310563045 56635
3616 1791251310587470 59590
3617 1791251310602060 54867
3618 1791251310619457 54039
3619 1791251310648691 61218
3620 1791251310664138 58724
3621 1791251310681776 55239
3622 1791251310703114 54419
3623 1791251310722120 53716
3624 1791251310746104 60634
3625 1791251310765149 59193
3626 1791251310787420 54970
3627 1791251310803595 57488
3628 1791251310827712 62560
3629 1791251310851044 64981
3630 1791251310865537 59791
3631 1791251310885439 57724
3632 1791251310919811 68764
3633 1791251310925973 60433
3634 1791251310951251 65809
3635 1791251310970078 62991
3636 1791251310985374 59398
3637 1791251311004209 53893
3638 1791251311024100 54981
3639 1791251311044786 59475
3640 1791251311068845 59486
3641 1791251311082971 54482
3642 1791251311108009 63220
3643 1791251311134936 66088
3644 1791251311159090 72854
3645 1791251311168489 62412
3646 1791251311197439 66516
3647 1791251311205946 59296
3648 1791251311234430 67915
3649 1791251311247725 61997
3650 1791251311273037 67088
3651 1791251311294660 68987
3652 1791251311317652 71673
3653 1791251311328821 60885
3654 1791251311364264 78624
3655 1791251311383290 77329
3656 1791251311402538 76475
3657 1791251311419960 73511
3658 1791251311440801 74511
3659 1791251311465960 79900
3660 1791251311478629 72830
3661 1791251311497135 71722
3662 1791251311514537 69119
3663 1791251311535503 69540
3664 1791251311550769 62828
3665 1791251311578175 71759
3666 1791251311599216 73292
3667 1791251311617563 68016
3668 1791251311633086 67363
3669 1791251311658025 69478
3670 1791251311683249 77698
3671 1791251311695196 69297
3672 1791251311724259 78149
3673 1791251311743660 77810
3674 1791251311766033 76906
3675 1791251311776220 70849
3676 1791251311794995 68975
3677 1791251311814779 68896
3678 1791251311836491 70456
3679 1791251311868875 81245
3680 1791251311875617 69008
3681 1791251311903561 72612
3682 1791251311925155 79496
3683 1791251311942184 74604
3684 1791251311971147 81375
3685 1791251311977406 71316
3686 1791251312005503 80343
3687 1791251312024459 78239
3688 1791251312054557 88756
3689 1791251312073255 86606
3690 1791251312086233 80726
3691 1791251312105206 78888
3692 1791251312127842 78787
3693 1791251312143974 76146
3694 1791251312159989 73752
3695 1791251312187733 82524
3696 1791251312208873 81027
3697 1791251312228529 82796
3698 1791251312245575 79967
3699 1791251312263198 76179
3700 1791251312287412 80984
3701 1791251312299687 72549
3702 1791251312325428 79850
3703 1791251312346225 80141
3704 1791251312374427 87011
3705 1791251312386296 77781
3706 1791251312406779 81346
3707 1791251312423217 76989
3708 1791251312449972 84611
3709 1791251312467968 81669
3710 1791251312486877 80094
3711 1791251312515868 83353
3712 1791251312534994 85021
3713 1791251312545610 80071
3714 1791251312566318 79438
3715 1791251312604026 93591
3716 1791251312614902 89590
3717 1791251312631284 85672
3718 1791251312656538 90217
3719 1791251312675097 89332
3720 1791251312688901 81652
3721 1791251312710515 81240
3722 1791251312725736 79473
3723 1791251312743072 76942
3724 1791251312765844 78020
3725 1791251312774176 65023
3726 1791251312791865 66126
3727 1791251312796564 51137
3728 1791251312810300 44453
3729 1791251312824338 32441
3730 1791251312842656 36451
3731 1791251312861158 32128
3732 1791251312880377 33081
3733 1791251312891406 25183
3734 1791251312914739 28558
3735 1791251312942770 34307
3736 1791251312974255 44084
3737 1791251312985811 40561
3738 1791251313023838 55077
3739 1791251313035913 50337
3740 1791251313067174 61153
3741 1791251313084847 58607
3742 1791251313113265 66247
3743 1791251313128148 60970
3744 1791251313146351 61500
3745 1791251313147294 41082
3746 1791251313164478 36899
3747 1791251313182736 36382
3748 1791251313194344 28267
3749 1791251313210385 20972
3750 1791251313233611 27727
3751 1791251313254227 26266
3752 1791251313273871 25912
3753 1791251313294364 26424
3754 1791251313312934 27091
3755 1791251313333764 26781
3756 1791251313350848 22562
3757 1791251313365708 20651
3758 1791251313388777 23066
3759 1791251313413722 26914
3760 1791251313430553 21816
3761 1791251313450859 23092
3762 1791251313476533 25671
3763 1791251313493582 28550
3764 1791251313513248 27019
3765 1791251313533721 27708
3766 1791251313552170 23739
3767 1791251313573869 26983
3768 1791251313597475 28141
3769 1791251313608469 22586
3770 1791251313632079 26404
3771 1791251313652852 24770
3772 1791251313672714 24873
3773 1791251313686350 21226
3774 1791251313707933 21579
3775 1791251313731834 25871
3776 1791251313752973 27906
3777 1791251313770157 24980
3778 1791251313793005 22910
3779 1791251313810240 23883
3780 1791251313828097 22633
3781 1791251313847414 21506
3782 1791251313872940 27347
3783 1791251313893053 24883
3784 1791251313914476 25042
3785 1791251313934059 23511
3786 1791251313953743 25358
3787 1791251313966658 21197
3788 1791251313986391 20840
3789 1791251314013844 27450
3790 1791251314035758 21910
3791 1791251314047704 22475
3792 1791251314073058 27310
3793 1791251314094208 21146
3794 1791251314112081 26941
3795 1791251314135238 23154
3796 1791251314151206 21615
3797 1791251314171224 25741
3798 1791251314194152 22925
3799 1791251314209559 23598
3800 1791251314232259 22698
3801 1791251314255176 27899
3802 1791251314272205 22812
3803 1791251314293916 28158
3804 1791251314314648 24072
3805 1791251314328009 22988
3806 1791251314353157 25145
3807 1791251314374184 27904
3808 1791251314393928 27710
3809 1791251314414577 20694
3810 1791251314432752 26441
3811 1791251314450309 24426
3812 1791251314472745 22433
3813 1791251314488877 22941
3814 1791251314515049 26169
3815 1791251314534602 26689
3816 1791251314548374 21248
3817 1791251314574612 26234
3818 1791251314590700 23798
3819 1791251314616485 25783
3820 1791251314626880 21660
3821 1791251314652895 27177
3822 1791251314673997 28745
3823 1791251314689167 23872
3824 1791251314713107 24068
3825 1791251314733716 26835
3826 1791251314749310 23664
3827 1791251314772377 23064
3828 1791251314792065 24739
3829 1791251314809024 23290
3830 1791251314826499 20854
3831 1791251314853345 27925
3832 1791251314873342 26067
3833 1791251314893865 26761
3834 1791251314912861 27024
3835 1791251314927786 21632
3836 1791251314952473 24683
3837 1791251314968790 23710
3838 1791251314994136 25332
3839 1791251315013926 24764
3840 1791251315033076 23947
3841 1791251315052667 25660
3842 1791251315071902 26557
3843 1791251315094411 22505
3844 1791251315106306 20985
3845 1791251315131749 25730
3846 1791251315152916 27440
3847 1791251315168013 22971
3848 1791251315195231 27215
3849 1791251315215641 30471
3850 1791251315237281 28072
3851 1791251315249629 23804
3852 1791251315273769 27223
3853 1791251315296690 22917
3854 1791251315308244 22904
3855 1791251315331926 23679
3856 1791251315347531 22071
3857 1791251315377667 30133
3858 1791251315393061 21680
3859 1791251315416515 29943
3860 1791251315432026 21511
3861 1791251315450947 23747
3862 1791251315467670 22430
3863 1791251315486135 21078
3864 1791251315513477 27338
3865 1791251315531709 26091
3866 1791251315547862 20847
3867 1791251315573381 26888
3868 1791251315594115 24145
3869 1791251315614380 24890
3870 1791251315633491 28108
3871 1791251315650590 24366
3872 1791251315672463 24665
3873 1791251315691833 24335
3874 1791251315714821 23057
3875 1791251315730987 24950
3876 1791251315746736 21354
3877 1791251315767911 22111
3878 1791251315792745 24830
3879 1791251315812586 27222
3880 1791251315830150 24193
3881 1791251315850673 24924
3882 1791251315865912 20671
3883 1791251315894659 28744
3884 1791251315910062 24655
3885 1791251315935414 25350
3886 1791251315946260 21097
3887 1791251315973954 27844
3888 1791251315990370 24004
3889 1791251316012770 26702
3890 1791251316028251 20908
3891 1791251316053821 25563
3892 1791251316070219 22952
3893 1791251316093885 26618
3894 1791251316112077 22575
3895 1791251316135397 27811
3896 1791251316154245 24791
3897 1791251316173694 25018
3898 1791251316195056 27175
3899 1791251316214041 25211
3900 1791251316244362 36476
3901 1791251316256622 31287
3902 1791251316273817 21608
3903 1791251316292787 24515
3904 1791251316311705 26351
3905 1791251316332958 27433
3906 1791251316355231 22271
3907 1791251316373512 26896
3908 1791251316393288 25685
3909 1791251316408627 22929
3910 1791251316432728 26252
3911 1791251316453243 24250
3912 1791251316470165 21578
3913 1791251316494711 29133
3914 1791251316514305 23192
3915 1791251316530381 24355
3916 1791251316552010 25156
3917 1791251316572690 26636
3918 1791251316593696 25432
3919 1791251316609699 23605
3920 1791251316631004 23327
3921 1791251316650035 22116
3922 1791251316673935 28609
3923 1791251316693515 25456
3924 1791251316713723 28461
3925 1791251316741619 27893
3926 1791251316760740 26871
3927 1791251316774250 20906
3928 1791251316793328 27459
3929 1791251316812740 26024
3930 1791251316832165 25990
3931 1791251316853066 26953
3932 1791251316867717 22292
3933 1791251316893321 27338
3934 1791251316909568 23654
3935 1791251316931495 25050
3936 1791251316953186 21689
3937 1791251316973180 23823
3938 1791251316994891 27119
3939 1791251317012228 24761
3940 1791251317028298 22851
3941 1791251317050292 21990
3942 1791251317066692 21286
3943 1791251317092856 27310
3944 1791251317114220 21407
3945 1791251317131748 26740
3946 1791251317149956 24412
3947 1791251317172843 27255
3948 1791251317197495 29408
3949 1791251317213580 24573
3950 1791251317238777 25422
3951 1791251317255783 23916
3952 1791251317266091 20801
3953 1791251317293668 27574
3954 1791251317320375 31151
3955 1791251317337595 24818
3956 1791251317354415 23249
3957 1791251317368555 21907
3958 1791251317393355 26896
3959 1791251317410928 22693
3960 1791251317430954 21976
3961 1791251317453602 28038
3962 1791251317470108 24274
3963 1791251317493745 23633
3964 1791251317517547 23869
3965 1791251317532253 26590
3966 1791251317553287 26854
3967 1791251317582731 29441
3968 1791251317603914 30178
3969 1791251317615596 29010
3970 1791251317631781 22639
3971 1791251317653443 21658
3972 1791251317667256 22121
3973 1791251317688988 21730
3974 1791251317714576 29117
3975 1791251317735277 26850
3976 1791251317750980 20788
3977 1791251317768788 23340
3978 1791251317792740 23949
3979 1791251317809866 24580
3980 1791251317832900 23032
3981 1791251317848210 22927
3982 1791251317873928 25715
3983 1791251317886685 21019
3984 1791251317913732 28684
3985 1791251317933385 27019
3986 1791251317960860 27460
3987 1791251317972280 25420
3988 1791251317991999 26757
3989 1791251318007594 22215
3990 1791251318033169 25739
3991 1791251318050397 22433
3992 1791251318070583 25267
3993 1791251318097144 26605
3994 1791251318107575 21389
3995 1791251318132589 25467
3996 1791251318153182 25704
3997 1791251318166555 20701
3998 1791251318192644 26879
3999 1791251318213818 21170
4000 1791251318235049 21228
4001 1791251318253257 27311
4002 1791251318272643 26877
4003 1791251318289082 23573
4004 1791251318316808 27722
4005 1791251318327256 21225
4006 1791251318348162 22978
4007 1791251318373885 25842
4008 1791251318393146 24024
4009 1791251318411614 26505
4010 1791251318433488 28097
4011 1791251318456605 23113
4012 1791251318467230 21169
4013 1791251318495377 29502
4014 1791251318514038 23138
4015 1791251318534639 27470
4016 1791251318555149 24977
4017 1791251318567797 20726
4018 1791251318592449 24772
4019 1791251318612432 25878
4020 1791251318630603 24980
4021 1791251318652610 26960
4022 1791251318676006 29238
4023 1791251318694689 24425
4024 1791251318706967 21741
4025 1791251318732830 26411
4026 1791251318745914 20302
4027 1791251318772576 26879
4028 1791251318793752 24776
4029 1791251318809126 22685
4030 1791251318833230 24099
4031 1791251318849357 22810
4032 1791251318870295 23766
4033 1791251318886063 20352
4034 1791251318909289 23601
4035 1791251318933682 24390
4036 1791251318952702 24959
4037 1791251318973999 27934
4038 1791251318993556 22621
4039 1791251319013758 27935
4040 1791251319034687 20926
4041 1791251319046053 21156
4042 1791251319071388 25435
4043 1791251319092540 27102
4044 1791251319111935 25794
4045 1791251319134616 22678
4046 1791251319153943 26735
4047 1791251319171968 22784
4048 1791251319191933 23844
4049 1791251319214654 28639
4050 1791251319232442 21157
4051 1791251319254212 26655
4052 1791251319274535 23832
4053 1791251319292125 22945
4054 1791251319314764 22636
4055 1791251319330834 25121
4056 1791251319352023 24162
4057 1791251319374718 26256
4058 1791251319393789 27318
4059 1791251319415140 25224
4060 1791251319435139 27756
4061 1791251319453215 23097
4062 1791251319470497 23963
4063 1791251319492131 21630
4064 1791251319523831 31697
4065 1791251319528366 22797
4066 1791251319545709 20661
4067 1791251319567855 22126
4068 1791251319590280 25037
4069 1791251319612976 27674
4070 1791251319633377 23820
4071 1791251319654078 27792
4072 1791251319672917 22866
4073 1791251319694486 27778
4074 1791251319714358 24257
4075 1791251319731210 21180
4076 1791251319753816 22602
4077 1791251319773457 26482
4078 1791251319794412 24568
4079 1791251319815094 26275
4080 1791251319833984 25652
4081 1791251319853234 27985
4082 1791251319871219 25991
4083 1791251319890077 24687
4084 1791251319908925 23227
4085 1791251319931048 22194
4086 1791251319954750 27808
4087 1791251319972707 21426
4088 1791251319994312 27489
4089 1791251320012494 24142
4090 1791251320027637 21602
4091 1791251320050596 24577
4092 1791251320074195 23596
4093 1791251320096450 26017
4094 1791251320112223 24977
4095 1791251320134357 27534
4096 1791251320154323 24630
4097 1791251320173347 27580
4098 1791251320195315 21965
4099 1791251320215976 26273
4100 1791251320234334 26766
4101 1791251320255525 25519
4102 1791251320276595 26661
4103 1791251320298289 27697
4104 1791251320314332 22574
4105 1791251320326500 20973
4106 1791251320350366 23891
4107 1791251320373039 27346
4108 1791251320388349 21898
4109 1791251320415474 30076
4110 1791251320433072 24193
4111 1791251320451849 23407
4112 1791251320474446 22594
4113 1791251320486651 20872
4114 1791251320514296 27640
4115 1791251320531205 25241
4116 1791251320558423 27262
4117 1791251320575243 23910
4118 1791251320592151 23925
4119 1791251320614655 22501
4120 1791251320631448 25681
4121 1791251320653242 27268
4122 1791251320678280 30694
4123 1791251320696546 25114
4124 1791251320714421 23075
4125 1791251320731515 22818
4126 1791251320754512 28380
4127 1791251320773158 23720
4128 1791251320798650 25490
4129 1791251320809153 21839
4130 1791251320833916 27331
4131 1791251320855668 25383
4132 1791251320866944 21563
4133 1791251320893120 26173
4134 1791251320909436 22957
4135 1791251320933412 23972
4136 1791251320953739 26598
4137 1791251320971277 23189
4138 1791251320998464 27185
4139 1791251321012484 24615
4140 1791251321029555 23971
4141 1791251321054026 24531
4142 1791251321068377 20818
4143 1791251321093913 27462
4144 1791251321115145 23999
4145 1791251321132531 26382
4146 1791251321151725 25407
4147 1791251321173887 28002
# sent 4148 received 4148
