0 1791251415261532 24107
1 1791251415283943 24355
2 1791251415304646 25512
3 1791251415323460 23077
4 1791251415346082 22615
5 1791251415363416 25258
6 1791251415383734 24737
7 1791251415404875 26143
8 1791251415425429 24513
9 1791251415444736 21461
10 1791251415464065 25365
11 1791251415485229 21159
12 1791251415505058 23786
13 1791251415523897 23754
14 1791251415543677 25244
15 1791251415564251 26054
16 1791251415583079 23334
17 1791251415602871 23633
18 1791251415625389 22510
19 1791251415645072 23825
20 1791251415665002 23960
21 1791251415683815 24872
22 1791251415702030 23084
23 1791251415728507 26474
24 1791251415743506 20540
25 1791251415763338 20809
26 1791251415779293 20696
27 1791251415799829 20532
28 1791251415824616 24864
29 1791251415847297 26580
30 1791251415864043 21752
31 1791251415886991 23787
32 1791251415908755 25895
33 1791251415924282 20759
34 1791251415943384 21690
35 1791251415964616 26063
36 1791251415983251 23705
37 1791251416010193 26938
38 1791251416026471 22665
39 1791251416043190 22733
40 1791251416065698 27152
41 1791251416096646 37553
42 1791251416112027 34087
43 1791251416123580 21954
44 1791251416143057 24278
45 1791251416162666 22141
46 1791251416183289 24364
47 1791251416204694 21401
48 1791251416225121 22823
49 1791251416241609 23655
50 1791251416264538 25124
51 1791251416283038 22629
52 1791251416313244 30202
53 1791251416324045 25368
54 1791251416343085 23045
55 1791251416364932 21844
56 1791251416384427 24510
57 1791251416405389 25331
58 1791251416423028 24418
59 1791251416444756 21724
60 1791251416464208 25745
61 1791251416483601 22964
62 1791251416501934 23308
63 1791251416522659 20723
64 1791251416549073 26410
65 1791251416568709 25377
66 1791251416583902 25667
67 1791251416601857 23651
68 1791251416631758 29899
69 1791251416643314 23036
70 1791251416661915 23752
71 1791251416683884 21966
72 1791251416705097 24497
73 1791251416722723 24104
74 1791251416742056 21043
75 1791251416772783 30724
76 1791251416783154 23499
77 1791251416804378 24037
78 1791251416819844 21415
79 1791251416842566 23718
80 1791251416869800 27232
81 1791251416885369 22098
82 1791251416903705 20675
83 1791251416922557 22656
84 1791251416948753 26194
85 1791251416965027 22746
86 1791251416983952 24843
87 1791251417005181 25317
88 1791251417023300 24155
89 1791251417042947 23843
90 1791251417062743 23231
91 1791251417083709 25430
92 1791251417102216 23230
93 1791251417123561 23364
94 1791251417145730 27174
95 1791251417163773 25170
96 1791251417183696 23652
97 1791251417204364 20665
98 1791251417233251 28884
99 1791251417244050 23164
100 1791251417262621 22835
101 1791251417285886 23262
102 1791251417302825 22759
103 1791251417322613 21827
104 1791251417342143 22234
105 1791251417368213 26066
106 1791251417384447 21549
107 1791251417402642 21735
108 1791251417420863 23176
109 1791251417443091 22644
110 1791251417461887 23148
111 1791251417480858 21813
112 1791251417504291 23430
113 1791251417523882 24444
114 1791251417543001 21523
115 1791251417570008 30849
116 1791251417581427 21788
117 1791251417607179 25750
118 1791251417622678 21682
119 1791251417649366 26753
120 1791251417665040 21746
121 1791251417684576 23128
122 1791251417704485 24342
123 1791251417725495 27470
124 1791251417743476 23792
125 1791251417766969 28069
126 1791251417782946 22512
127 1791251417803898 23663
128 1791251417824986 21085
129 1791251417844474 24783
130 1791251417864516 26337
131 1791251417885083 20564
132 1791251417902676 23279
133 1791251417923513 20872
134 1791251417938836 20720
135 1791251417964154 25413
136 1791251417982207 22667
137 1791251418005622 23412
138 1791251418023629 24600
139 1791251418040429 22377
140 1791251418067352 26921
141 1791251418083594 21564
142 1791251418103569 24110
143 1791251418121967 22629
144 1791251418143707 21737
145 1791251418161544 21671
146 1791251418186306 24760
147 1791251418202046 20686
148 1791251418224549 22500
149 1791251418243353 22319
150 1791251418265088 25329
151 1791251418281318 21644
152 1791251418302090 22658
153 1791251418322978 22831
154 1791251418343435 24301
155 1791251418365168 21730
156 1791251418383648 24670
157 1791251418399939 21237
158 1791251418424586 24632
159 1791251418444302 23623
160 1791251418462356 22575
161 1791251418491899 29541
162 1791251418503657 24229
163 1791251418524408 26270
164 1791251418542596 23684
165 1791251418567256 24658
166 1791251418586926 23807
167 1791251418607651 25297
168 1791251418625854 23164
169 1791251418643621 25382
170 1791251418662530 21892
171 1791251418684311 21779
172 1791251418706099 27457
173 1791251418722918 21903
174 1791251418743439 20518
175 1791251418766222 25367
176 1791251418785022 23380
177 1791251418804838 23336
178 1791251418821975 23595
179 1791251418846357 28309
180 1791251418873879 27519
181 1791251418884355 21708
182 1791251418901056 22605
183 1791251418922813 23549
184 1791251418943498 20681
185 1791251418965666 23993
186 1791251418984143 22397
187 1791251419007780 25513
188 1791251419027324 24697
189 1791251419043424 21048
190 1791251419062339 21617
191 1791251419094121 31779
192 1791251419104208 23976
193 1791251419122104 23758
194 1791251419144638 22531
195 1791251419164470 24316
196 1791251419184219 23724
197 1791251419203715 24334
198 1791251419225749 26049
199 1791251419244019 22878
200 1791251419263749 25280
201 1791251419283580 24317
202 1791251419303603 24489
203 1791251419324887 25186
204 1791251419342149 21712
205 1791251419363065 20913
206 1791251419383783 20715
207 1791251419408050 24264
208 1791251419424264 22657
209 1791251419441078 22729
210 1791251419463717 25080
211 1791251419491931 29025
212 1791251419502323 21817
213 1791251419522912 23967
214 1791251419542959 21788
215 1791251419569414 26451
216 1791251419583131 23442
217 1791251419604857 24457
218 1791251419624730 22923
219 1791251419645227 23312
220 1791251419660512 20898
221 1791251419686676 27394
222 1791251419700718 22728
223 1791251419723583 23762
224 1791251419742399 24508
225 1791251419763944 25609
226 1791251419782845 21878
227 1791251419805752 22905
228 1791251419826730 25220
229 1791251419844110 22814
230 1791251419861715 22519
231 1791251419892034 30316
232 1791251419905571 24904
233 1791251419925085 23406
234 1791251419941967 23624
235 1791251419964391 22568
236 1791251419984737 24499
237 1791251420003372 24713
238 1791251420023036 23977
239 1791251420045327 22288
240 1791251420064269 23427
241 1791251420083369 24783
242 1791251420105708 24989
243 1791251420125060 22022
244 1791251420143370 25072
245 1791251420163189 22407
246 1791251420184822 21630
247 1791251420203007 21726
248 1791251420223758 24586
249 1791251420242710 23185
250 1791251420263756 25930
251 1791251420284274 25485
252 1791251420306775 27594
253 1791251420333746 26968
254 1791251420344091 22530
255 1791251420365564 25449
256 1791251420384623 26330
257 1791251420399826 21642
258 1791251420424131 26062
259 1791251420443173 21943
260 1791251420466847 23672
261 1791251420485453 23394
262 1791251420502534 24544
263 1791251420522364 24732
264 1791251420546927 24560
265 1791251420562868 20809
266 1791251420588251 28482
267 1791251420607296 24552
268 1791251420623683 21425
269 1791251420645676 26499
270 1791251420661095 23172
271 1791251420681967 23411
272 1791251420712798 30824
273 1791251420726142 26471
274 1791251420743889 24499
275 1791251420765231 21339
276 1791251420783235 24493
277 1791251420801932 23460
278 1791251420828096 26161
279 1791251420844086 21604
280 1791251420870490 28117
281 1791251420881738 23037
282 1791251420903470 25557
283 1791251420923468 24601
284 1791251420952658 29187
285 1791251420963980 26338
286 1791251420985292 24391
287 1791251421005837 26568
288 1791251421024158 24348
289 1791251421048497 30603
290 1791251421063643 21864
291 1791251421082762 25023
292 1791251421104565 25777
293 1791251421122664 24044
294 1791251421144123 21456
295 1791251421168813 29432
296 1791251421187777 24682
297 1791251421212988 30164
298 1791251421223284 23671
299 1791251421243967 23266
300 1791251421262950 21727
301 1791251421282572 23382
302 1791251421303282 20708
303 1791251421327321 26563
304 1791251421345681 23202
305 1791251421364114 23629
306 1791251421384578 20497
307 1791251421404841 24969
308 1791251421421857 23871
309 1791251421442977 23730
310 1791251421459427 20765
311 1791251421480096 20666
312 1791251421502794 22696
313 1791251421523991 21194
314 1791251421542488 23480
315 1791251421562978 20488
316 1791251421587847 30262
317 1791251421607673 26524
318 1791251421625895 23347
319 1791251421647284 24410
320 1791251421666825 24358
321 1791251421684979 22726
322 1791251421703736 22917
323 1791251421722337 22732
324 1791251421746017 26623
325 1791251421762787 23238
326 1791251421783622 24569
327 1791251421801574 22217
328 1791251421824074 22498
329 1791251421843614 22954
330 1791251421864409 25724
331 1791251421884274 26348
332 1791251421901501 22710
333 1791251421922063 20559
334 1791251421942222 23873
335 1791251421963575 24692
336 1791251421981364 22521
337 1791251422002034 20668
338 1791251422024752 22714
339 1791251422039876 20730
340 1791251422060758 22728
341 1791251422084002 23547
342 1791251422108793 24788
343 1791251422124432 21650
344 1791251422143350 24312
345 1791251422161924 22503
346 1791251422185110 23238
347 1791251422202367 23734
348 1791251422226443 24065
349 1791251422248385 26236
350 1791251422264369 21307
351 1791251422290417 26611
352 1791251422306858 24723
353 1791251422323515 20789
354 1791251422346118 22600
355 1791251422367586 25919
356 1791251422391636 24453
357 1791251422405186 23495
358 1791251422423242 24810
359 1791251422443607 25126
360 1791251422464386 20776
361 1791251422481391 22630
362 1791251422509044 27650
363 1791251422525101 25779
364 1791251422543576 23610
365 1791251422564300 20756
366 1791251422585112 25721
367 1791251422609363 24247
368 1791251422622687 23668
369 1791251422644754 22065
370 1791251422663237 24248
371 1791251422685035 21796
372 1791251422702945 23309
373 1791251422723599 25372
374 1791251422745184 21581
375 1791251422765040 25033
376 1791251422784205 23597
377 1791251422802177 23787
378 1791251422822987 20808
379 1791251422843690 20700
380 1791251422864244 20551
381 1791251422884312 25912
382 1791251422899643 20708
383 1791251422923464 23906
384 1791251422944280 24859
385 1791251422962170 20719
386 1791251422987978 25797
387 1791251423003630 20670
388 1791251423022765 24623
389 1791251423041772 23093
390 1791251423066982 25207
391 1791251423084095 21725
392 1791251423099835 20683
393 1791251423126854 27017
394 1791251423138852 20863
395 1791251423160667 21813
396 1791251423182387 22897
397 1791251423203788 21532
398 1791251423225698 26388
399 1791251423242912 23652
400 1791251423270312 27692
401 1791251423290902 27460
402 1791251423308442 24434
403 1791251423321766 23069
404 1791251423344637 22958
405 1791251423366837 27757
406 1791251423379933 20610
407 1791251423410116 30579
408 1791251423430189 31399
409 1791251423457518 32906
410 1791251423472397 33073
411 1791251423486364 28843
412 1791251423515369 32543
413 1791251423535930 32718
414 1791251423554721 30947
415 1791251423573722 29930
416 1791251423595217 32134
417 1791251423612126 28067
418 1791251423625109 25221
419 1791251423651731 28161
420 1791251423664052 24911
421 1791251423686043 27171
422 1791251423708196 25560
423 1791251423725177 26583
424 1791251423749857 28738
425 1791251423775421 32574
426 1791251423787534 24844
427 1791251423804833 25913
428 1791251423823784 24989
429 1791251423849132 30825
430 1791251423869768 28794
431 1791251423884027 24742
432 1791251423905899 26773
433 1791251423927363 28460
434 1791251423945831 27168
435 1791251423974701 32211
436 1791251423987660 27499
437 1791251424008376 25457
438 1791251424032498 30645
439 1791251424045538 26557
440 1791251424069023 29826
441 1791251424085543 27243
442 1791251424108088 27517
443 1791251424132359 29404
444 1791251424149866 29623
445 1791251424174307 30575
446 1791251424191916 28662
447 1791251424215028 33457
448 1791251424234090 30261
449 1791251424247907 28303
450 1791251424265226 22653
451 1791251424284758 25706
452 1791251424308558 28885
453 1791251424332691 30152
454 1791251424347059 28363
455 1791251424374637 32603
456 1791251424391141 27519
457 1791251424408074 27520
458 1791251424435688 32539
459 1791251424453529 30614
460 1791251424468198 29391
461 1791251424492691 31551
462 1791251424505539 24469
463 1791251424526708 25888
464 1791251424545710 23323
465 1791251424564013 25914
466 1791251424593116 33789
467 1791251424608809 26823
468 1791251424625602 27112
469 1791251424648652 27208
470 1791251424674791 30576
471 1791251424694249 30618
472 1791251424710425 27057
473 1791251424726249 26074
474 1791251424751629 30051
475 1791251424775515 32060
476 1791251424795332 30974
477 1791251424819060 36902
478 1791251424837148 38499
479 1791251424856728 37666
480 1791251424883309 41345
481 1791251424908023 45973
482 1791251424922385 43700
483 1791251424947062 46740
484 1791251424966460 46814
485 1791251424987061 44242
486 1791251425006507 43925
487 1791251425029220 47162
488 1791251425055598 54196
489 1791251425075728 57433
490 1791251425093833 54269
491 1791251425121670 59027
492 1791251425137855 57799
493 1791251425164198 57705
494 1791251425176246 58104
495 1791251425195540 57775
496 1791251425213958 55770
497 1791251425247353 62551
498 1791251425251717 53896
499 1791251425282966 62480
500 1791251425293485 52371
501 1791251425321410 57584
502 1791251425335569 56565
503 1791251425355264 57254
504 1791251425374647 56109
505 1791251425398171 56948
506 1791251425423024 60635
507 1791251425441919 64164
508 1791251425458705 60531
509 1791251425482945 63925
510 1791251425505963 64041
511 1791251425529863 71154
512 1791251425552562 69614
513 1791251425563227 64926
514 1791251425593384 69636
515 1791251425614184 72281
516 1791251425634893 76387
517 1791251425651927 70234
518 1791251425673815 74767
519 1791251425690891 71140
520 1791251425702696 64230
521 1791251425730719 72470
522 1791251425753370 73449
523 1791251425779604 77228
524 1791251425795401 75374
525 1791251425819232 76406
526 1791251425834090 75387
527 1791251425859026 79419
528 1791251425873755 71754
529 1791251425896677 77700
530 1791251425914073 72575
531 1791251425934871 76145
532 1791251425956855 77295
533 1791251425978002 75588
534 1791251426000415 79068
535 1791251426023094 80217
536 1791251426043917 82765
537 1791251426055037 77033
538 1791251426080268 81985
539 1791251426100946 80713
540 1791251426128296 84376
541 1791251426143934 80512
542 1791251426164746 84475
543 1791251426184410 83461
544 1791251426204676 85528
545 1791251426223308 84022
546 1791251426243854 82795
547 1791251426254576 75850
548 1791251426273172 72620
549 1791251426291970 68660
550 1791251426305983 65880
551 1791251426320077 61305
552 1791251426335491 56824
553 1791251426361848 60592
554 1791251426377169 58818
555 1791251426393629 49638
556 1791251426410231 48380
557 1791251426423132 44430
558 1791251426442730 43088
559 1791251426458219 35084
560 1791251426474089 31521
561 1791251426489174 30953
562 1791251426506802 27892
563 1791251426532362 30123
564 1791251426552522 30519
565 1791251426566443 26702
566 1791251426591823 30125
567 1791251426612396 32095
568 1791251426631309 33125
569 1791251426654271 35230
570 1791251426673936 30177
571 1791251426685031 26281
572 1791251426712351 31229
573 1791251426733561 31739
574 1791251426749316 26732
575 1791251426771944 28159
576 1791251426788077 29359
577 1791251426813904 31536
578 1791251426825065 26766
579 1791251426855625 34778
580 1791251426866755 25718
581 1791251426894793 33342
582 1791251426911147 30134
583 1791251426928570 29100
584 1791251426950664 28066
585 1791251426969637 29265
586 1791251426993964 31205
587 1791251427012889 29153
588 1791251427033972 34255
589 1791251427061386 38077
590 1791251427064441 26131
591 1791251427094298 32909
592 1791251427107687 28053
593 1791251427135668 34332
594 1791251427148549 26400
595 1791251427176421 35645
596 1791251427186773 25090
597 1791251427206940 24679
598 1791251427233191 34143
599 1791251427253923 33553
600 1791251427264875 24185
601 1791251427292228 33311
602 1791251427302854 23499
603 1791251427333477 30619
604 1791251427346773 25294
605 1791251427364197 25429
606 1791251427385450 24097
607 1791251427407126 28635
608 1791251427427193 29664
609 1791251427443376 22535
610 1791251427469649 26974
611 1791251427484086 24701
612 1791251427514739 30650
613 1791251427527183 27897
614 1791251427545485 27086
615 1791251427570145 31051
616 1791251427587148 27832
617 1791251427614385 31365
618 1791251427632544 29630
619 1791251427644684 24168
620 1791251427672084 34215
621 1791251427698494 36836
622 1791251427713381 30957
623 1791251427724814 26317
624 1791251427751793 33154
625 1791251427763194 24536
626 1791251427781643 22855
627 1791251427812632 30986
628 1791251427826998 25807
629 1791251427853355 33627
630 1791251427867816 27087
631 1791251427891247 31799
632 1791251427903009 24887
633 1791251427923668 25328
634 1791251427954877 31207
635 1791251427974098 31274
636 1791251427994908 31421
637 1791251428012413 30008
638 1791251428032350 29292
639 1791251428047996 28761
640 1791251428072677 28770
641 1791251428087266 28651
642 1791251428114226 31092
643 1791251428133161 33274
644 1791251428146858 27947
645 1791251428173499 31326
646 1791251428185021 24296
647 1791251428201854 23288
648 1791251428224547 23571
649 1791251428254011 29461
650 1791251428264455 24845
651 1791251428293076 34494
652 1791251428312737 34363
653 1791251428335381 37017
654 1791251428361123 42738
655 1791251428385224 46034
656 1791251428412184 51058
657 1791251428427820 48983
658 1791251428453249 54674
659 1791251428476437 57207
660 1791251428501694 62189
661 1791251428523182 64155
662 1791251428543015 64237
663 1791251428575134 73438
664 1791251428593338 75060
665 1791251428624517 81657
666 1791251428640214 80760
667 1791251428666056 87225
668 1791251428685647 87001
669 1791251428713129 92764
670 1791251428733667 93503
671 1791251428752587 90701
672 1791251428778825 97197
673 1791251428793795 91384
674 1791251428816275 94740
675 1791251428842987 101814
676 1791251428862874 100998
677 1791251428873240 94412
678 1791251428903316 100765
679 1791251428915621 95572
680 1791251428943513 100524
681 1791251428955078 92366
682 1791251428981949 102575
683 1791251428992722 89402
684 1791251429012539 92703
685 1791251429031803 93805
686 1791251429054691 96006
687 1791251429075787 93835
688 1791251429096147 94285
689 1791251429117568 96509
690 1791251429131900 89930
691 1791251429154813 93191
692 1791251429169016 88853
693 1791251429185008 86114
694 1791251429196218 78642
695 1791251429222123 78873
696 1791251429242717 79663
697 1791251429254072 75093
698 1791251429269882 70293
699 1791251429288499 70037
700 1791251429311661 69904
701 1791251429324168 65089
702 1791251429344351 62257
703 1791251429363200 65245
704 1791251429373648 54872
705 1791251429392478 53999
706 1791251429402755 43568
707 1791251429416766 35826
708 1791251429434815 33115
709 1791251429448054 29671
710 1791251429472472 30326
711 1791251429485706 27312
712 1791251429506814 27816
713 1791251429527276 29320
714 1791251429548614 27295
715 1791251429572307 31192
716 1791251429593189 31299
717 1791251429606637 26536
718 1791251429632024 30367
719 1791251429647765 29174
720 1791251429673536 30068
721 1791251429695625 34575
722 1791251429707064 29364
723 1791251429730544 30175
724 1791251429744844 26633
725 1791251429769202 30993
726 1791251429786973 27146
727 1791251429809132 29355
728 1791251429835857 34302
729 1791251429846505 23137
730 1791251429867767 28326
731 1791251429884842 27188
732 1791251429906756 25760
733 1791251429924296 24887
734 1791251429951430 29934
735 1791251429966191 26568
736 1791251429982842 24367
737 1791251430011816 33159
738 1791251430027092 27483
739 1791251430047618 27027
740 1791251430073698 31156
741 1791251430087353 24965
742 1791251430108091 25982
743 1791251430138271 35439
744 1791251430154183 32263
745 1791251430169024 30749
746 1791251430184625 26088
747 1791251430205122 24831
748 1791251430226240 27044
749 1791251430247479 28635
750 1791251430273216 30651
751 1791251430285068 26928
752 1791251430304651 24638
753 1791251430323770 22957
754 1791251430344783 26187
755 1791251430364066 23656
756 1791251430392338 30346
757 1791251430404015 24835
758 1791251430429696 30716
759 1791251430454471 25103
760 1791251430473981 30821
761 1791251430488702 28271
762 1791251430513488 30728
763 1791251430527435 26072
764 1791251430549405 31361
765 1791251430571290 28492
766 1791251430587646 27146
767 1791251430613117 28211
768 1791251430629320 26747
769 1791251430645657 26963
770 1791251430670434 27879
771 1791251430685691 25574
772 1791251430707053 26412
773 1791251430729153 25821
774 1791251430753117 30228
775 1791251430772061 29650
776 1791251430789916 28348
777 1791251430810641 26645
778 1791251430829918 30893
779 1791251430849446 31482
780 1791251430873413 30121
781 1791251430892530 29526
782 1791251430909072 27937
783 1791251430936949 33298
784 1791251430945455 23022
785 1791251430967921 26910
786 1791251430991220 28225
787 1791251431005278 25902
788 1791251431033781 32379
789 1791251431055335 32984
790 1791251431072528 32320
791 1791251431096515 34861
792 1791251431112970 29802
793 1791251431124420 25828
794 1791251431146205 27585
795 1791251431172251 29210
796 1791251431188772 29230
797 1791251431211944 30024
798 1791251431222802 23318
799 1791251431245963 26587
800 1791251431269917 29948
801 1791251431294872 33779
802 1791251431314489 31248
803 1791251431329062 26411
804 1791251431352539 29671
805 1791251431363118 22690
806 1791251431388501 30716
807 1791251431415761 33510
808 1791251431427277 24575
809 1791251431452718 31325
810 1791251431477219 36153
811 1791251431484641 26736
812 1791251431503661 24624
813 1791251431527527 27767
814 1791251431548257 27476
815 1791251431568079 29624
816 1791251431590043 26269
817 1791251431606023 26203
818 1791251431626023 24463
819 1791251431649700 30311
820 1791251431673185 28262
821 1791251431684013 21522
822 1791251431713815 30732
823 1791251431733044 29995
824 1791251431750935 32139
825 1791251431764269 25735
826 1791251431794005 29732
827 1791251431811534 31048
828 1791251431833190 32759
829 1791251431851676 29401
830 1791251431864615 25713
831 1791251431887025 28577
832 1791251431913251 31603
833 1791251431927920 25466
834 1791251431955014 31989
835 1791251431975535 31533
836 1791251431992076 27581
837 1791251432006924 25200
838 1791251432031893 29551
839 1791251432046113 24951
840 1791251432071462 29130
841 1791251432084711 24624
842 1791251432111858 32076
843 1791251432132302 33923
844 1791251432149716 31028
845 1791251432172064 32905
846 1791251432197514 37567
847 1791251432224226 43610
848 1791251432236759 39243
849 1791251432263359 43520
850 1791251432295704 54171
851 1791251432309698 48499
852 1791251432335587 51505
853 1791251432361336 62733
854 1791251432377926 59850
855 1791251432404548 65878
856 1791251432422452 61112
857 1791251432442565 64637
858 1791251432463712 65221
859 1791251432493223 71067
860 1791251432513729 75160
861 1791251432531578 69673
862 1791251432552507 74518
863 1791251432574998 72523
864 1791251432595864 74592
865 1791251432617431 75238
866 1791251432642465 78236
867 1791251432664300 81875
868 1791251432684060 83077
869 1791251432692619 75184
870 1791251432723330 83787
871 1791251432733757 74526
872 1791251432762288 83748
873 1791251432788619 85728
874 1791251432802632 79624
875 1791251432822393 82237
876 1791251432844357 82067
877 1791251432860586 81526
878 1791251432886287 85936
879 1791251432909000 90354
880 1791251432924045 84386
881 1791251432944654 84119
882 1791251432963322 84751
883 1791251432984874 82914
884 1791251433003834 80075
885 1791251433015335 76683
886 1791251433038997 75823
887 1791251433059172 74294
888 1791251433083124 79287
889 1791251433097181 74744
890 1791251433112506 73505
891 1791251433124517 65866
892 1791251433151873 68747
893 1791251433166585 66797
894 1791251433184889 65320
895 1791251433198684 59378
896 1791251433217786 55492
897 1791251433230620 52676
898 1791251433244387 45700
899 1791251433261895 44107
900 1791251433283444 41338
901 1791251433294641 35851
902 1791251433312006 32535
903 1791251433327814 29930
904 1791251433345510 24629
905 1791251433371358 29697
906 1791251433394350 32068
907 1791251433407083 26831
908 1791251433429680 27605
909 1791251433445496 27252
910 1791251433472721 31114
911 1791251433484116 26337
912 1791251433507584 29510
913 1791251433528425 27671
914 1791251433545474 27790
915 1791251433566876 28650
916 1791251433586898 28071
917 1791251433611630 30076
918 1791251433632962 32420
919 1791251433647723 25427
920 1791251433674001 32061
921 1791251433685758 26743
922 1791251433703992 25163
923 1791251433731638 31964
924 1791251433746892 27769
925 1791251433763424 21466
926 1791251433790725 28078
927 1791251433804944 26661
928 1791251433834411 33309
929 1791251433847506 27815
930 1791251433870525 29959
931 1791251433894047 31208
932 1791251433902562 24562
933 1791251433936401 33835
934 1791251433953725 34376
935 1791251433972744 30991
936 1791251433993785 33971
937 1791251434016201 33186
938 1791251434026264 28196
939 1791251434045020 26135
940 1791251434065906 27561
941 1791251434086666 28440
942 1791251434112556 30057
943 1791251434127698 26590
944 1791251434143876 25947
945 1791251434167597 23968
946 1791251434191934 29531
947 1791251434206688 27382
948 1791251434225986 27685
949 1791251434247376 26736
950 1791251434272767 32997
951 1791251434288660 26440
952 1791251434312638 29601
953 1791251434331619 29467
954 1791251434341786 22643
955 1791251434366963 27589
956 1791251434384978 26284
957 1791251434404705 24444
958 1791251434424233 24780
959 1791251434441777 23563
960 1791251434465652 24645
961 1791251434493798 34218
962 1791251434514437 31208
963 1791251434534305 31380
964 1791251434552946 29326
965 1791251434568186 25791
966 1791251434589033 25665
967 1791251434604613 26122
968 1791251434626006 25843
969 1791251434643851 25489
970 1791251434674258 30405
971 1791251434685364 21834
972 1791251434713620 28254
973 1791251434725858 26085
974 1791251434747619 28862
975 1791251434766239 27851
976 1791251434787032 29244
977 1791251434805025 26679
978 1791251434823195 24256
979 1791251434854444 31247
980 1791251434876277 32144
981 1791251434888655 30156
982 1791251434912284 29099
983 1791251434944232 42486
984 1791251434954851 28795
985 1791251434973343 29107
986 1791251434986145 25877
987 1791251435009185 30327
988 1791251435032496 28574
989 1791251435045728 26615
990 1791251435060830 22862
991 1791251435084530 23697
992 1791251435107170 28449
993 1791251435130423 26921
994 1791251435152031 27900
995 1791251435164596 22931
996 1791251435193704 32837
997 1791251435213993 32376
998 1791251435224776 26675
999 1791251435244097 24703
1000 1791251435273038 29402
1001 1791251435285422 24971
1002 1791251435303368 24480
1003 1791251435328615 30994
1004 1791251435359185 36277
1005 1791251435373689 31427
1006 1791251435396397 37209
1007 1791251435414099 36281
1008 1791251435439975 41619
1009 1791251435463495 43289
1010 1791251435493754 53991
1011 1791251435512288 54018
1012 1791251435533090 54902
1013 1791251435554641 55701
1014 1791251435583593 64947
1015 1791251435608096 68768
1016 1791251435628424 70272
1017 1791251435653389 74738
1018 1791251435678067 78299
1019 1791251435701870 78866
1020 1791251435713661 76040
1021 1791251435735740 75577
1022 1791251435757164 79094
1023 1791251435776119 74319
1024 1791251435802385 81042
1025 1791251435813621 75616
1026 1791251435846116 82365
1027 1791251435864966 85438
1028 1791251435886765 84378
1029 1791251435899378 81520
1030 1791251435925089 83096
1031 1791251435943192 84425
1032 1791251435963996 85943
1033 1791251435985205 85826
1034 1791251436005062 85831
1035 1791251436025387 82193
1036 1791251436048876 89691
1037 1791251436069121 90052
1038 1791251436083757 82924
1039 1791251436107002 85414
1040 1791251436126083 83750
1041 1791251436143901 84464
1042 1791251436164971 81212
1043 1791251436184576 81970
1044 1791251436201750 83198
1045 1791251436217229 77902
1046 1791251436234585 76391
1047 1791251436265006 80426
1048 1791251436279257 77504
1049 1791251436294884 76068
1050 1791251436312813 74344
1051 1791251436327354 68717
1052 1791251436344252 65149
1053 1791251436364206 64976
1054 1791251436385066 62655
1055 1791251436402436 63318
1056 1791251436417942 58082
1057 1791251436434093 54476
1058 1791251436451151 48713
1059 1791251436472926 54982
1060 1791251436483252 42472
1061 1791251436493380 34813
1062 1791251436508860 30510
1063 1791251436531549 28649
1064 1791251436546131 27401
1065 1791251436570571 32448
1066 1791251436585704 27323
1067 1791251436606643 24568
1068 1791251436633417 31537
1069 1791251436650402 31448
1070 1791251436667146 28512
1071 1791251436690697 28295
1072 1791251436704684 25509
1073 1791251436729377 29558
1074 1791251436758159 34649
1075 1791251436773781 34907
1076 1791251436785724 27562
1077 1791251436814015 32709
1078 1791251436831509 31608
1079 1791251436857821 37199
1080 1791251436870894 33205
1081 1791251436881293 23469
1082 1791251436905720 24649
1083 1791251436928932 29370
1084 1791251436951284 28813
1085 1791251436963688 23331
1086 1791251436987705 25780
1087 1791251437016931 34455
1088 1791251437028165 24612
1089 1791251437052040 32080
1090 1791251437064373 26090
1091 1791251437087033 26403
1092 1791251437106661 27166
1093 1791251437128202 27076
1094 1791251437143613 25782
1095 1791251437165888 27301
1096 1791251437187960 25655
1097 1791251437209728 29668
1098 1791251437225297 25268
1099 1791251437245598 26300
1100 1791251437267428 27723
1101 1791251437292359 31916
1102 1791251437308931 27744
1103 1791251437331911 32616
1104 1791251437362413 38989
1105 1791251437372632 31071
1106 1791251437394449 32029
1107 1791251437405561 25253
1108 1791251437427427 26534
1109 1791251437447993 26198
1110 1791251437465748 28121
1111 1791251437492348 31078
1112 1791251437511327 31133
1113 1791251437525765 26516
1114 1791251437552893 30217
1115 1791251437571747 31396
1116 1791251437587434 26247
1117 1791251437614225 32295
1118 1791251437634896 32212
1119 1791251437650240 26856
1120 1791251437663415 24582
1121 1791251437690785 27368
1122 1791251437705051 25828
1123 1791251437723886 24991
1124 1791251437746784 28019
1125 1791251437773761 32273
1126 1791251437793571 31422
1127 1791251437810104 28231
1128 1791251437833759 34104
1129 1791251437848811 26272
1130 1791251437866089 27633
1131 1791251437884741 26449
1132 1791251437904488 25517
1133 1791251437924295 24170
1134 1791251437945571 27802
1135 1791251437967095 28713
1136 1791251437993183 31185
1137 1791251438013113 33248
1138 1791251438032944 33185
1139 1791251438043503 25170
1140 1791251438065095 26904
1141 1791251438084431 25613
1142 1791251438115951 34285
1143 1791251438131897 28739
1144 1791251438145643 26299
1145 1791251438164545 25980
1146 1791251438192618 29933
1147 1791251438209122 28156
1148 1791251438222389 23734
1149 1791251438245602 27185
1150 1791251438269048 29362
1151 1791251438288863 27802
1152 1791251438312785 28168
1153 1791251438332403 31244
1154 1791251438344081 26038
1155 1791251438365958 27080
1156 1791251438390673 30734
1157 1791251438401097 22442
1158 1791251438429105 28007
1159 1791251438445890 26668
1160 1791251438468308 25670
1161 1791251438489253 25986
1162 1791251438505401 21430
1163 1791251438529834 28458
1164 1791251438545377 21516
1165 1791251438564099 24485
1166 1791251438582440 23727
1167 1791251438608819 26435
1168 1791251438623734 25785
1169 1791251438639622 20861
1170 1791251438664887 25259
1171 1791251438685762 24598
1172 1791251438704203 22405
1173 1791251438722811 24970
1174 1791251438742607 23885
1175 1791251438763502 24242
1176 1791251438783857 25428
1177 1791251438807432 23572
1178 1791251438822451 20741
1179 1791251438845963 23552
1180 1791251438869495 31254
1181 1791251438883781 23761
1182 1791251438905328 21545
1183 1791251438924361 26419
1184 1791251438942599 23305
1185 1791251438965909 25754
1186 1791251438987361 27182
1187 1791251439004065 21263
1188 1791251439023071 23521
1189 1791251439044756 26080
1190 1791251439061615 22714
1191 1791251439083783 22165
1192 1791251439105615 21829
1193 1791251439122815 23869
1194 1791251439147300 27121
1195 1791251439165138 23051
1196 1791251439182485 23705
1197 1791251439204128 21641
1198 1791251439230058 31623
1199 1791251439240405 21521
1200 1791251439265065 25460
1201 1791251439283821 23459
1202 1791251439301913 23578
1203 1791251439324356 22439
1204 1791251439353619 30913
1205 1791251439365000 24358
1206 1791251439386590 25760
1207 1791251439403690 24633
1208 1791251439422578 22740
1209 1791251439445877 27295
1210 1791251439461151 23416
1211 1791251439488745 27591
1212 1791251439504806 21942
1213 1791251439525328 26597
1214 1791251439542121 20735
1215 1791251439562979 20855
1216 1791251439581714 20697
1217 1791251439607576 28148
1218 1791251439624315 21619
1219 1791251439643732 23096
1220 1791251439663196 23692
1221 1791251439682026 22703
1222 1791251439702742 20714
1223 1791251439721656 23562
1224 1791251439742434 20774
1225 1791251439766142 23706
1226 1791251439779997 21808
1227 1791251439803830 23830
1228 1791251439822409 24070
1229 1791251439844746 22335
1230 1791251439863414 23742
1231 1791251439886915 23498
1232 1791251439899721 22080
1233 1791251439923038 24574
1234 1791251439943264 23879
1235 1791251439967006 23738
1236 1791251439983873 20865
1237 1791251440003245 22935
1238 1791251440024550 24233
1239 1791251440043033 21648
1240 1791251440061759 23334
1241 1791251440082658 20938
1242 1791251440102407 24439
1243 1791251440122020 23315
1244 1791251440143705 21682
1245 1791251440162972 23710
1246 1791251440183301 20327
1247 1791251440204162 24472
1248 1791251440224750 23767
1249 1791251440242918 22859
1250 1791251440262246 22009
1251 1791251440288073 25824
1252 1791251440307876 24364
1253 1791251440323875 21807
1254 1791251440338594 20539
1255 1791251440362508 24432
1256 1791251440386117 23898
1257 1791251440404280 24401
1258 1791251440427353 27077
1259 1791251440443588 24906
1260 1791251440460829 21750
1261 1791251440484055 23224
1262 1791251440503168 22712
1263 1791251440525885 26113
1264 1791251440543915 24697
1265 1791251440564437 20519
1266 1791251440582491 22890
1267 1791251440603121 24463
1268 1791251440622845 23626
1269 1791251440642653 23522
1270 1791251440660568 20790
1271 1791251440684152 23580
1272 1791251440702044 23259
1273 1791251440728056 26009
1274 1791251440743692 20886
1275 1791251440764334 24332
1276 1791251440782652 24706
1277 1791251440806043 23389
1278 1791251440826526 28073
1279 1791251440843707 22637
1280 1791251440864428 26633
1281 1791251440883588 24681
1282 1791251440901327 22799
1283 1791251440923686 22355
1284 1791251440940615 20849
1285 1791251440963169 24296
1286 1791251440985389 23644
1287 1791251441007652 28027
1288 1791251441028353 25821
1289 1791251441045372 22133
1290 1791251441066228 24603
1291 1791251441081942 20754
1292 1791251441106287 24342
1293 1791251441124705 22857
1294 1791251441144110 23571
1295 1791251441162318 23228
1296 1791251441187238 24917
1297 1791251441204559 22777
1298 1791251441222524 22777
1299 1791251441251737 29211
1300 1791251441267004 25900
1301 1791251441284196 22593
1302 1791251441301405 20683
1303 1791251441324772 25293
1304 1791251441346905 26448
1305 1791251441368395 26450
1306 1791251441388363 25679
1307 1791251441404179 21739
1308 1791251441425471 26174
1309 1791251441442639 22566
1310 1791251441465098 25222
1311 1791251441484355 24683
1312 1791251441506184 21826
1313 1791251441523697 21594
1314 1791251441543517 24944
1315 1791251441573117 29638
1316 1791251441585330 26513
1317 1791251441603749 25269
1318 1791251441624184 24869
1319 1791251441642675 24136
1320 1791251441673087 34374
1321 1791251441692944 34430
1322 1791251441712204 33587
1323 1791251441743808 40359
1324 1791251441745947 23032
1325 1791251441774859 31048
1326 1791251441791505 31231
1327 1791251441806052 27639
1328 1791251441825753 27578
1329 1791251441848590 29694
1330 1791251441879364 35917
1331 1791251441896291 33189
1332 1791251441909321 29955
1333 1791251441936387 32510
1334 1791251441944903 22089
1335 1791251441982739 40643
1336 1791251441985758 27106
1337 1791251442011675 28932
1338 1791251442033508 34978
1339 1791251442058188 35086
1340 1791251442069110 30971
1341 1791251442089528 31336
1342 1791251442124314 40972
1343 1791251442130701 28425
1344 1791251442159052 36428
1345 1791251442175722 32444
1346 1791251442193765 34711
1347 1791251442216007 34404
1348 1791251442239716 37472
1349 1791251442252866 31807
1350 1791251442275999 37095
1351 1791251442297110 33509
1352 1791251442322162 39750
1353 1791251442344352 39928
1354 1791251442355314 33966
1355 1791251442381655 39447
1356 1791251442398521 35426
1357 1791251442417757 36099
1358 1791251442429796 31445
1359 1791251442458154 40396
1360 1791251442491685 47435
1361 1791251442494453 36295
1362 1791251442529296 46115
1363 1791251442538016 35647
1364 1791251442573843 49934
1365 1791251442581455 43421
1366 1791251442606489 47842
1367 1791251442616698 36809
1368 1791251442643826 44888
1369 1791251442665582 41302
1370 1791251442679956 37066
1371 1791251442704470 43023
1372 1791251442726402 46845
1373 1791251442747808 44260
1374 1791251442773694 50267
1375 1791251442786467 44208
1376 1791251442803751 45448
1377 1791251442831466 53595
1378 1791251442857788 56281
1379 1791251442865734 44696
1380 1791251442882653 44713
1381 1791251442913718 55928
1382 1791251442935327 56222
1383 1791251442945042 44778
1384 1791251442963950 45822
1385 1791251442987566 49107
1386 1791251443016613 57888
1387 1791251443034623 50765
1388 1791251443056994 53315
1389 1791251443078960 60330
1390 1791251443094694 51591
1391 1791251443118299 55359
1392 1791251443129984 51021
1393 1791251443152457 53819
1394 1791251443173200 54899
1395 1791251443198285 54821
1396 1791251443221609 59560
1397 1791251443240449 60608
1398 1791251443259759 61663
1399 1791251443275402 55246
1400 1791251443303064 64358
1401 1791251443318674 58912
1402 1791251443345771 66724
1403 1791251443355630 55212
1404 1791251443378450 59773
1405 1791251443413179 68899
1406 1791251443424229 61959
1407 1791251443441056 62604
1408 1791251443468074 70478
1409 1791251443482544 62241
1410 1791251443504013 64357
1411 1791251443528148 65434
1412 1791251443542858 61473
1413 1791251443569780 67516
1414 1791251443582718 60714
1415 1791251443602169 60843
1416 1791251443622328 58374
1417 1791251443644342 66304
1418 1791251443671051 71518
1419 1791251443683521 64804
1420 1791251443707749 68659
1421 1791251443733615 70951
1422 1791251443742936 60457
1423 1791251443777609 75291
1424 1791251443787274 64981
1425 1791251443800804 62174
1426 1791251443825385 66274
1427 1791251443844435 66823
1428 1791251443868046 69096
1429 1791251443886595 67357
1430 1791251443905104 61559
1431 1791251443933142 75461
1432 1791251443945239 66660
1433 1791251443967036 66034
1434 1791251443986729 63267
1435 1791251444007015 66293
1436 1791251444029325 69630
1437 1791251444059619 79647
1438 1791251444076499 77501
1439 1791251444103934 81255
1440 1791251444112273 67524
1441 1791251444124574 64937
1442 1791251444146319 67716
1443 1791251444184211 80275
1444 1791251444190077 66443
1445 1791251444220650 82236
1446 1791251444231874 72280
1447 1791251444254439 71610
1448 1791251444274148 71729
1449 1791251444288643 68766
1450 1791251444313490 69366
1451 1791251444333726 71030
1452 1791251444355443 71878
1453 1791251444385615 83690
1454 1791251444393850 71206
1455 1791251444416236 72908
1456 1791251444435185 73112
1457 1791251444463876 79864
1458 1791251444472802 69998
1459 1791251444504533 81068
1460 1791251444522943 83394
1461 1791251444538356 78011
1462 1791251444564937 83060
1463 1791251444588925 87102
1464 1791251444596264 76720
1465 1791251444613537 75221
1466 1791251444635180 73013
1467 1791251444671458 89483
1468 1791251444677301 73720
1469 1791251444699384 75670
1470 1791251444713784 73657
1471 1791251444742842 79442
1472 1791251444758412 75113
1473 1791251444763912 64525
1474 1791251444789638 71619
1475 1791251444805319 65026
1476 1791251444823338 64923
1477 1791251444833210 50509
1478 1791251444844395 42789
1479 1791251444853608 30268
1480 1791251444864267 25513
1481 1791251444884666 26298
1482 1791251444916213 36016
1483 1791251444923088 22641
1484 1791251444954176 32320
1485 1791251444968376 28017
1486 1791251444987149 26479
1487 1791251445011829 30396
1488 1791251445031065 31948
1489 1791251445058859 35980
1490 1791251445063844 24770
1491 1791251445091596 32734
1492 1791251445108507 27313
1493 1791251445136940 33785
1494 1791251445158354 37778
1495 1791251445165623 27167
1496 1791251445193068 34711
1497 1791251445219805 39605
1498 1791251445225392 26299
1499 1791251445255594 35786
1500 1791251445267007 25005
1501 1791251445297926 39682
1502 1791251445305631 22025
1503 1791251445327514 29584
1504 1791251445350553 32160
1505 1791251445380798 37019
1506 1791251445389882 31541
1507 1791251445408588 27788
1508 1791251445429353 28151
1509 1791251445445711 27530
1510 1791251445472272 29217
1511 1791251445488876 30347
1512 1791251445511277 27851
1513 1791251445546059 41723
1514 1791251445553829 31157
1515 1791251445571582 30220
1516 1791251445594697 36183
1517 1791251445605854 22952
1518 1791251445633989 35389
1519 1791251445653372 33670
1520 1791251445672652 33854
1521 1791251445696810 32706
1522 1791251445706457 26434
1523 1791251445726852 23577
1524 1791251445748914 30773
1525 1791251445778683 35190
1526 1791251445787421 25576
1527 1791251445803938 25252
1528 1791251445830292 31140
1529 1791251445849402 25656
1530 1791251445864262 23468
1531 1791251445887630 26101
1532 1791251445911560 30957
1533 1791251445928820 30992
1534 1791251445946864 24838
1535 1791251445970915 29150
1536 1791251445996940 35373
1537 1791251446014491 31694
1538 1791251446028302 30213
1539 1791251446046533 23892
1540 1791251446066113 26338
1541 1791251446087695 25740
1542 1791251446107822 25169
1543 1791251446124844 25827
1544 1791251446145467 27256
1545 1791251446183022 43555
1546 1791251446184166 24034
1547 1791251446223885 41717
1548 1791251446232322 31964
1549 1791251446253237 32843
1550 1791251446281537 36796
1551 1791251446291727 31705
1552 1791251446304858 23318
1553 1791251446328521 30345
1554 1791251446358743 35681
1555 1791251446369161 27630
1556 1791251446385348 27013
1557 1791251446418298 39336
1558 1791251446423612 20562
1559 1791251446454535 36234
1560 1791251446468839 27157
1561 1791251446483892 25434
1562 1791251446512152 29407
1563 1791251446524612 25399
1564 1791251446546268 27916
1565 1791251446570421 28471
1566 1791251446593970 30271
1567 1791251446614336 33004
1568 1791251446635353 33995
1569 1791251446648775 24992
1570 1791251446678443 35606
1571 1791251446690028 27531
1572 1791251446706082 27686
1573 1791251446733409 30094
1574 1791251446745812 22864
1575 1791251446768163 26674
1576 1791251446783748 23304
1577 1791251446815972 34624
1578 1791251446834629 36102
1579 1791251446856913 32285
1580 1791251446871781 32217
1581 1791251446899423 41005
1582 1791251446908151 27125
1583 1791251446927085 27658
1584 1791251446951159 29618
1585 1791251446977913 39454
1586 1791251446993135 33925
1587 1791251447007427 29504
1588 1791251447032030 28286
1589 1791251447059500 37979
1590 1791251447068042 29641
1591 1791251447094188 34686
1592 1791251447115062 36808
1593 1791251447132666 29865
1594 1791251447146140 27617
1595 1791251447174321 35825
1596 1791251447194122 32259
1597 1791251447214750 33053
1598 1791251447232054 32351
1599 1791251447253026 35123
1600 1791251447273047 29318
1601 1791251447293833 32149
1602 1791251447313568 30141
1603 1791251447345576 41430
1604 1791251447364323 40175
1605 1791251447373468 35227
1606 1791251447400750 42680
1607 1791251447415029 36326
1608 1791251447433174 33258
1609 1791251447453525 34483
1610 1791251447480651 36816
1611 1791251447498934 40769
1612 1791251447518599 37944
1613 1791251447538889 39952
1614 1791251447562632 44030
1615 1791251447586894 48001
1616 1791251447596666 34264
1617 1791251447618737 38327
1618 1791251447638940 40621
1619 1791251447665000 46260
1620 1791251447682398 43456
1621 1791251447698542 40011
1622 1791251447728349 45947
1623 1791251447743366 44821
1624 1791251447759398 39348
1625 1791251447779328 36700
1626 1791251447805201 45800
1627 1791251447833139 53808
1628 1791251447835615 36622
1629 1791251447881831 60255
1630 1791251447893505 47999
1631 1791251447913620 54406
1632 1791251447935119 53285
1633 1791251447952289 49249
1634 1791251447969483 46525
1635 1791251447992636 53805
1636 1791251448011619 48902
1637 1791251448025255 41676
1638 1791251448059614 61560
1639 1791251448079113 60231
1640 1791251448098589 57786
1641 1791251448114801 55184
1642 1791251448130680 52430
1643 1791251448146090 47498
1644 1791251448174240 55925
1645 1791251448192471 53992
1646 1791251448210910 47039
1647 1791251448231170 52255
1648 1791251448254641 51849
1649 1791251448275104 52327
1650 1791251448297260 56624
1651 1791251448320723 62416
1652 1791251448333953 49395
1653 1791251448355744 50645
1654 1791251448379972 59247
1655 1791251448403550 60467
1656 1791251448416759 53694
1657 1791251448433727 53753
1658 1791251448453149 50574
1659 1791251448475652 57401
1660 1791251448502590 63833
1661 1791251448525516 61745
1662 1791251448544815 66873
1663 1791251448564341 63846
1664 1791251448585692 67080
1665 1791251448603560 64176
1666 1791251448614876 51230
1667 1791251448637281 58338
1668 1791251448655173 52604
1669 1791251448682781 61317
1670 1791251448697952 58703
1671 1791251448722291 60504
1672 1791251448743591 60807
1673 1791251448762999 65044
1674 1791251448784863 62570
1675 1791251448809608 66834
1676 1791251448826609 67658
1677 1791251448841198 62740
1678 1791251448863328 59747
1679 1791251448887857 69154
1680 1791251448907702 69351
1681 1791251448928071 66368
1682 1791251448948320 69325
1683 1791251448967698 64216
1684 1791251448976175 52780
1685 1791251449003245 64666
1686 1791251449033147 72073
1687 1791251449043694 59400
1688 1791251449064088 61606
1689 1791251449089264 70735
1690 1791251449105742 63049
1691 1791251449123408 60145
1692 1791251449145315 63323
1693 1791251449162245 63216
1694 1791251449193485 71780
1695 1791251449207132 66774
1696 1791251449227904 67168
1697 1791251449253700 69796
1698 1791251449264829 63056
1699 1791251449292880 73896
1700 1791251449308303 62049
1701 1791251449339515 76106
1702 1791251449351923 69906
1703 1791251449372685 69945
1704 1791251449385500 64321
1705 1791251449411398 71879
1706 1791251449427856 64186
1707 1791251449454906 71753
1708 1791251449478040 73977
1709 1791251449486149 67309
1710 1791251449527208 82439
1711 1791251449536164 76522
1712 1791251449552033 73990
1713 1791251449593961 86726
1714 1791251449603400 76188
1715 1791251449605682 61267
1716 1791251449626846 66747
1717 1791251449644609 63132
1718 1791251449665530 66106
1719 1791251449677782 59178
1720 1791251449693432 54693
1721 1791251449704690 44988
1722 1791251449725781 47996
1723 1791251449744380 44518
1724 1791251449756987 38518
1725 1791251449773732 34571
1726 1791251449795109 33591
1727 1791251449809911 27024
1728 1791251449837359 30781
1729 1791251449851803 29422
1730 1791251449884570 40916
1731 1791251449894343 35812
1732 1791251449914580 36581
1733 1791251449928035 25346
1734 1791251449955103 36998
1735 1791251449972775 30941
1736 1791251450009100 45653
1737 1791251450021358 36776
1738 1791251450035220 32042
1739 1791251450047165 27709
1740 1791251450074789 31788
1741 1791251450088772 25170
1742 1791251450126663 45208
1743 1791251450132239 28734
1744 1791251450150526 32540
1745 1791251450171870 28259
1746 1791251450184844 26604
1747 1791251450212278 34212
1748 1791251450223186 24986
1749 1791251450247034 28189
1750 1791251450280753 37975
1751 1791251450285672 26393
1752 1791251450315991 35234
1753 1791251450337553 32853
1754 1791251450353998 29979
1755 1791251450366875 29319
1756 1791251450391662 32143
1757 1791251450406755 24776
1758 1791251450429811 31210
1759 1791251450454665 36231
1760 1791251450476668 35363
1761 1791251450492359 33646
1762 1791251450513722 35664
1763 1791251450526251 23622
1764 1791251450555194 31689
1765 1791251450572332 30761
1766 1791251450600097 39020
1767 1791251450613265 31508
1768 1791251450628762 28663
1769 1791251450650670 30208
1770 1791251450664592 26633
1771 1791251450696163 34139
1772 1791251450706051 23338
1773 1791251450725383 21934
1774 1791251450746955 27670
1775 1791251450763739 21625
1776 1791251450792926 31923
1777 1791251450810952 31398
1778 1791251450830960 28490
1779 1791251450865932 44367
1780 1791251450865936 21886
1781 1791251450893579 28886
1782 1791251450907226 27336
1783 1791251450934229 31636
1784 1791251450955333 31567
1785 1791251450971187 32804
1786 1791251450993199 34142
1787 1791251451014077 35169
1788 1791251451027134 27774
1789 1791251451053919 31920
1790 1791251451072380 31482
1791 1791251451085897 25589
1792 1791251451116133 32132
1793 1791251451125462 26430
1794 1791251451149582 25617
1795 1791251451168178 30393
1796 1791251451192534 29689
1797 1791251451216646 36170
1798 1791251451235466 32306
1799 1791251451253924 36182
1800 1791251451286074 44751
1801 1791251451290878 32800
1802 1791251451308083 25611
1803 1791251451324063 25295
1804 1791251451354457 32156
1805 1791251451364559 24677
1806 1791251451393604 31877
1807 1791251451408165 30373
1808 1791251451423887 26100
1809 1791251451454594 33311
1810 1791251451472050 33843
1811 1791251451492488 33799
1812 1791251451506489 24259
1813 1791251451525210 23784
1814 1791251451551342 32873
1815 1791251451573071 29963
1816 1791251451583713 21050
1817 1791251451616858 37143
1818 1791251451629586 30258
1819 1791251451648621 25637
1820 1791251451672344 28469
1821 1791251451684436 22868
1822 1791251451711830 33036
1823 1791251451725629 25498
1824 1791251451760455 42115
1825 1791251451780580 42686
1826 1791251451785903 25903
1827 1791251451815384 35548
1828 1791251451830602 27255
1829 1791251451854118 31335
1830 1791251451872852 35057
1831 1791251451903676 39730
1832 1791251451914911 35853
1833 1791251451928699 30393
1834 1791251451954379 35218
1835 1791251451975123 33855
1836 1791251451993921 31035
1837 1791251452014102 34693
1838 1791251452037663 36763
1839 1791251452063272 40413
1840 1791251452074363 36697
1841 1791251452109648 46373
1842 1791251452115956 35947
1843 1791251452150991 47566
1844 1791251452154562 31389
1845 1791251452170436 31370
1846 1791251452194332 34587
1847 1791251452218271 33415
1848 1791251452242940 43954
1849 1791251452263890 45617
1850 1791251452294568 51625
1851 1791251452314630 55510
1852 1791251452331862 53661
1853 1791251452343895 42945
1854 1791251452369333 48072
1855 1791251452378630 35565
1856 1791251452402490 43685
1857 1791251452424021 45388
1858 1791251452442736 40443
1859 1791251452461395 41373
1860 1791251452492771 53821
1861 1791251452502307 42102
1862 1791251452527317 44753
1863 1791251452540507 38444
1864 1791251452566042 44142
1865 1791251452584368 45853
1866 1791251452615510 52425
1867 1791251452630030 51616
1868 1791251452650121 47343
1869 1791251452670978 52394
1870 1791251452702937 61992
1871 1791251452713370 50784
1872 1791251452726146 41749
1873 1791251452743926 40985
1874 1791251452773990 54956
1875 1791251452804099 64843
1876 1791251452813182 54474
1877 1791251452834750 54982
1878 1791251452855318 53900
1879 1791251452863371 42377
1880 1791251452893544 51727
1881 1791251452911669 52304
1882 1791251452932018 52823
1883 1791251452953890 54574
1884 1791251452984831 61990
1885 1791251452997372 54760
1886 1791251453016002 56525
1887 1791251453040118 61643
1888 1791251453063824 58898
1889 1791251453077992 58547
1890 1791251453092748 53946
1891 1791251453117728 54779
1892 1791251453142206 64211
1893 1791251453170410 66699
1894 1791251453182949 65217
1895 1791251453195713 57542
1896 1791251453214558 50374
1897 1791251453234482 52284
1898 1791251453252239 52953
1899 1791251453286318 62789
1900 1791251453304815 66864
1901 1791251453319145 59514
1902 1791251453329988 51351
1903 1791251453364703 60442
1904 1791251453376495 58372
1905 1791251453396322 57702
1906 1791251453407423 45668
1907 1791251453434229 56436
1908 1791251453464079 65337
1909 1791251453475136 57020
1910 1791251453505570 63153
1911 1791251453526028 62808
1912 1791251453542692 57866
1913 1791251453559001 60868
1914 1791251453583106 64278
1915 1791251453603909 65191
1916 1791251453620098 62070
1917 1791251453640971 61152
1918 1791251453663791 60591
1919 1791251453684800 66214
1920 1791251453699608 59501
1921 1791251453722881 60226
1922 1791251453744771 61274
1923 1791251453763200 63664
1924 1791251453785841 63121
1925 1791251453813775 73800
1926 1791251453840751 78765
1927 1791251453863238 79288
1928 1791251453871882 68720
1929 1791251453887777 66795
1930 1791251453902621 63724
1931 1791251453919460 57028
1932 1791251453938022 59953
1933 1791251453974574 72699
1934 1791251453982576 63292
1935 1791251454005702 67677
1936 1791251454027706 63929
1937 1791251454042692 64948
1938 1791251454065508 67767
1939 1791251454091931 72795
1940 1791251454103799 62290
1941 1791251454116904 58422
1942 1791251454148733 69812
1943 1791251454170399 68858
1944 1791251454189819 71518
1945 1791251454220069 76698
1946 1791251454237320 74366
1947 1791251454254926 69004
1948 1791251454275679 77078
1949 1791251454293658 75795
1950 1791251454312699 71854
1951 1791251454336549 76764
1952 1791251454354142 68805
1953 1791251454374965 70552
1954 1791251454396483 72376
1955 1791251454408855 68750
1956 1791251454431226 65595
1957 1791251454444520 63259
1958 1791251454477087 73430
1959 1791251454482779 62442
1960 1791251454505667 67128
1961 1791251454531581 69876
1962 1791251454538081 56448
1963 1791251454554786 55001
1964 1791251454573732 54130
1965 1791251454595811 57727
1966 1791251454616744 54277
1967 1791251454626105 43743
1968 1791251454652129 49843
1969 1791251454662806 44398
1970 1791251454684867 41337
1971 1791251454695364 33527
1972 1791251454721184 43065
1973 1791251454735478 35142
1974 1791251454752218 31031
1975 1791251454768361 29620
1976 1791251454793353 29047
1977 1791251454805875 26776
1978 1791251454824706 24894
1979 1791251454845615 27343
1980 1791251454875758 34992
1981 1791251454894860 31885
1982 1791251454920017 41777
1983 1791251454940828 40941
1984 1791251454957729 37708
1985 1791251454975709 34877
1986 1791251454994427 36666
1987 1791251455005111 21954
1988 1791251455035633 37450
1989 1791251455054775 34298
1990 1791251455066281 23032
1991 1791251455101818 40915
1992 1791251455112645 28910
1993 1791251455132880 33409
1994 1791251455153330 33581
1995 1791251455180873 37435
1996 1791251455197184 33892
1997 1791251455233383 52498
1998 1791251455263440 34252
1999 1791251455263455 34259
2000 1791251455287139 42253
2001 1791251455294768 35093
2002 1791251455315681 33444
2003 1791251455345966 39267
2004 1791251455362714 40077
2005 1791251455373268 32630
2006 1791251455405342 42625
2007 1791251455414060 31066
2008 1791251455426184 27665
2009 1791251455453935 31564
2010 1791251455465070 25261
2011 1791251455503595 41393
2012 1791251455524326 45532
2013 1791251455535111 35648
2014 1791251455554718 36848
2015 1791251455583517 40797
2016 1791251455597886 34573
2017 1791251455619875 36354
2018 1791251455633475 35585
2019 1791251455652106 32425
2020 1791251455684399 42539
2021 1791251455705125 41492
2022 1791251455716013 32635
2023 1791251455734780 31891
2024 1791251455759009 36932
2025 1791251455783707 40210
2026 1791251455795836 36825
2027 1791251455824201 45064
2028 1791251455836591 32968
2029 1791251455873537 55740
2030 1791251455883872 40422
2031 1791251455908954 50414
2032 1791251455927922 47107
2033 1791251455943554 40769
2034 1791251455966963 48655
2035 1791251455983977 40419
2036 1791251456007231 48133
2037 1791251456024498 43164
2038 1791251456046604 43155
2039 1791251456064637 46106
2040 1791251456084370 42619
2041 1791251456116692 53237
2042 1791251456125677 42367
2043 1791251456149765 48295
2044 1791251456168493 48137
2045 1791251456199224 57393
2046 1791251456205812 46927
2047 1791251456225850 45157
2048 1791251456251864 52637
2049 1791251456265152 47081
2050 1791251456288487 47595
2051 1791251456319885 55711
2052 1791251456325655 46314
2053 1791251456356235 54403
2054 1791251456374154 54265
2055 1791251456386393 43429
2056 1791251456416522 52263
2057 1791251456434254 55204
2058 1791251456456331 51388
2059 1791251456473988 52074
2060 1791251456504808 62312
2061 1791251456511853 48467
2062 1791251456527105 45138
2063 1791251456556096 52401
2064 1791251456574323 55969
2065 1791251456600484 60411
2066 1791251456616347 54582
2067 1791251456633331 52397
2068 1791251456657977 57491
2069 1791251456673316 54259
2070 1791251456686041 46141
2071 1791251456721106 63127
2072 1791251456744158 63631
2073 1791251456764924 61916
2074 1791251456771401 51647
2075 1791251456804692 61421
2076 1791251456833751 69640
2077 1791251456849460 65546
2078 1791251456865980 64273
2079 1791251456871617 51150
2080 1791251456893299 55420
2081 1791251456914218 54310
2082 1791251456940554 59934
2083 1791251456964661 63150
2084 1791251456975067 55569
2085 1791251456996487 57256
2086 1791251457013697 55876
2087 1791251457033859 53798
2088 1791251457064492 65828
2089 1791251457077947 57379
2090 1791251457098946 54762
2091 1791251457127417 63465
2092 1791251457144708 66759
2093 1791251457168294 69345
2094 1791251457183276 64332
2095 1791251457205046 61215
2096 1791251457224860 66505
2097 1791251457247309 64949
2098 1791251457263206 59932
2099 1791251457281772 61542
2100 1791251457303920 61832
2101 1791251457324770 65588
2102 1791251457352840 74178
2103 1791251457371542 73493
2104 1791251457405381 81693
2105 1791251457423579 79957
2106 1791251457435256 72071
2107 1791251457448172 66400
2108 1791251457467511 63096
2109 1791251457485213 65647
2110 1791251457506578 59967
2111 1791251457523546 59517
2112 1791251457544714 66982
2113 1791251457560928 58831
2114 1791251457582406 59814
2115 1791251457610852 72860
2116 1791251457624886 66205
2117 1791251457642612 61834
2118 1791251457663525 60360
2119 1791251457682232 64031
2120 1791251457704848 62969
2121 1791251457724642 66166
2122 1791251457745551 64680
2123 1791251457775125 71771
2124 1791251457782692 64515
2125 1791251457809594 64040
2126 1791251457834275 76496
2127 1791251457860992 81201
2128 1791251457882120 79112
2129 1791251457894687 70886
2130 1791251457907720 69105
2131 1791251457917170 56175
2132 1791251457946830 66144
2133 1791251457958971 60734
2134 1791251457983395 63844
2135 1791251458002228 63328
2136 1791251458022890 64388
2137 1791251458041728 59430
2138 1791251458054854 53373
2139 1791251458066359 45392
2140 1791251458089576 50089
2141 1791251458106191 47461
2142 1791251458141414 58285
2143 1791251458149453 45208
2144 1791251458156881 37229
2145 1791251458179764 38347
2146 1791251458192631 32685
2147 1791251458214613 35642
2148 1791251458236940 32937
2149 1791251458241467 23488
2150 1791251458274541 36505
2151 1791251458293086 32008
2152 1791251458311224 30901
2153 1791251458334550 34686
2154 1791251458353943 35373
2155 1791251458368575 27498
2156 1791251458394936 31107
2157 1791251458405577 22006
2158 1791251458431037 32024
2159 1791251458453892 32241
2160 1791251458481443 38174
2161 1791251458502462 39118
2162 1791251458508728 28920
2163 1791251458539753 37288
2164 1791251458563685 41434
2165 1791251458583421 44874
2166 1791251458603229 43758
2167 1791251458612325 32578
2168 1791251458644657 42641
2169 1791251458674700 50418
2170 1791251458679094 35340
2171 1791251458704520 41958
2172 1791251458723314 44470
2173 1791251458744201 44159
2174 1791251458756431 35115
2175 1791251458790998 47879
2176 1791251458803352 39008
2177 1791251458828345 43358
2178 1791251458848145 49939
2179 1791251458867811 46924
2180 1791251458880282 41208
2181 1791251458894247 34399
2182 1791251458929768 49651
2183 1791251458944124 41220
2184 1791251458969725 47212
2185 1791251458984851 44757
2186 1791251459004511 41261
2187 1791251459025698 47470
2188 1791251459044550 41710
2189 1791251459063382 45620
2190 1791251459092524 49042
2191 1791251459110292 47857
2192 1791251459131197 46917
2193 1791251459153009 51185
2194 1791251459176281 52397
2195 1791251459188350 48705
2196 1791251459215328 55122
2197 1791251459226103 43260
2198 1791251459245738 45909
2199 1791251459272848 52645
2200 1791251459295622 56214
2201 1791251459313197 53584
2202 1791251459334208 52071
2203 1791251459355182 52124
2204 1791251459379566 57074
2205 1791251459385657 45959
2206 1791251459416169 57619
2207 1791251459437383 58159
2208 1791251459452428 51363
2209 1791251459464500 45746
2210 1791251459492797 51638
2211 1791251459510336 47565
2212 1791251459534121 55720
2213 1791251459554827 51608
2214 1791251459574104 49823
2215 1791251459586529 44313
2216 1791251459608996 47072
2217 1791251459637772 54269
2218 1791251459649186 50996
2219 1791251459674674 53421
2220 1791251459691142 53367
2221 1791251459720225 58979
2222 1791251459751259 68418
2223 1791251459755393 51747
2224 1791251459775777 55550
2225 1791251459798287 59772
2226 1791251459811826 49228
2227 1791251459839783 61263
2228 1791251459845563 47273
2229 1791251459872318 49923
2230 1791251459885477 45690
2231 1791251459909313 51013
2232 1791251459925072 43210
2233 1791251459959168 56035
2234 1791251459986144 66658
2235 1791251459998891 57731
2236 1791251460022276 63104
2237 1791251460035231 56510
2238 1791251460053686 55295
2239 1791251460082034 61976
2240 1791251460113116 69962
2241 1791251460129903 65974
2242 1791251460144260 64203
2243 1791251460157475 57037
2244 1791251460183979 60302
2245 1791251460209233 69075
2246 1791251460225573 68095
2247 1791251460233813 53579
2248 1791251460274470 71958
2249 1791251460285011 62554
2250 1791251460305602 59145
2251 1791251460324521 62389
2252 1791251460348868 70812
2253 1791251460364582 63513
2254 1791251460375992 58135
2255 1791251460406539 64945
2256 1791251460412937 52570
2257 1791251460434228 51687
2258 1791251460463602 61955
2259 1791251460481791 63271
2260 1791251460501273 59193
2261 1791251460521260 58160
2262 1791251460544129 64106
2263 1791251460565637 66047
2264 1791251460585579 67118
2265 1791251460611957 70389
2266 1791251460631676 72633
2267 1791251460649869 65484
2268 1791251460673291 69913
2269 1791251460678777 60046
2270 1791251460703804 61706
2271 1791251460721276 61846
2272 1791251460735837 57058
2273 1791251460763761 61596
2274 1791251460777066 58492
2275 1791251460812827 70527
2276 1791251460818530 55616
2277 1791251460833525 55337
2278 1791251460853441 54610
2279 1791251460865902 47667
2280 1791251460890104 48123
2281 1791251460918690 61146
2282 1791251460926180 46456
2283 1791251460953594 51921
2284 1791251460962910 44217
2285 1791251460976834 33552
2286 1791251461002677 40680
2287 1791251461014576 36543
2288 1791251461039433 37869
2289 1791251461049818 30430
2290 1791251461066982 27538
2291 1791251461093083 30218
2292 1791251461106193 24775
2293 1791251461129810 26406
2294 1791251461165571 41979
2295 1791251461175975 31193
2296 1791251461194488 32138
2297 1791251461223658 41003
2298 1791251461240944 41428
2299 1791251461250658 31707
2300 1791251461274347 33399
2301 1791251461285616 27737
2302 1791251461319588 39167
2303 1791251461324769 26486
2304 1791251461353905 34488
2305 1791251461377992 36596
2306 1791251461390636 25932
2307 1791251461406202 28208
2308 1791251461427707 28922
2309 1791251461455816 33570
2310 1791251461480260 37344
2311 1791251461490601 30731
2312 1791251461515448 35186
2313 1791251461529583 28634
2314 1791251461555208 34915
2315 1791251461574119 31750
2316 1791251461586293 22647
2317 1791251461617422 35906
2318 1791251461632400 32979
2319 1791251461651435 32405
2320 1791251461672750 29047
2321 1791251461697881 35456
2322 1791251461704807 26874
2323 1791251461735296 37412
2324 1791251461746570 27455
2325 1791251461764926 22674
2326 1791251461783876 24523
2327 1791251461805428 26580
2328 1791251461821705 21734
2329 1791251461847063 25355
2330 1791251461865087 23515
2331 1791251461885385 27167
2332 1791251461906631 27370
2333 1791251461923471 21801
2334 1791251461947097 25470
2335 1791251461963927 21620
2336 1791251461982906 21917
2337 1791251462004466 21556
2338 1791251462023414 24425
2339 1791251462044959 26169
2340 1791251462068937 23976
2341 1791251462087346 24280
2342 1791251462106195 24336
2343 1791251462124369 22633
2344 1791251462145683 22348
2345 1791251462163930 23726
2346 1791251462181007 22803
2347 1791251462204480 23530
2348 1791251462223105 23496
2349 1791251462243982 23743
2350 1791251462261581 20704
2351 1791251462282445 22508
2352 1791251462303266 23428
2353 1791251462323860 26132
2354 1791251462344602 24310
2355 1791251462363732 23638
2356 1791251462382485 24588
2357 1791251462401317 22698
2358 1791251462422958 23690
2359 1791251462442750 24373
2360 1791251462462746 24388
2361 1791251462484446 21745
2362 1791251462504315 24037
2363 1791251462525196 25017
2364 1791251462541637 22305
2365 1791251462561804 22715
2366 1791251462583517 21753
2367 1791251462602631 23870
2368 1791251462625838 23204
2369 1791251462644054 22768
2370 1791251462662808 24666
2371 1791251462683575 24683
2372 1791251462699284 21189
2373 1791251462724477 25191
2374 1791251462742551 21211
2375 1791251462759910 22360
2376 1791251462784565 24743
2377 1791251462807653 26259
2378 1791251462821989 20726
2379 1791251462842990 21037
2380 1791251462864120 21127
2381 1791251462884740 26597
2382 1791251462905281 26350
2383 1791251462924338 23695
2384 1791251462944115 23698
2385 1791251462964637 25405
2386 1791251462983213 23319
2387 1791251463002797 21813
2388 1791251463025944 23143
2389 1791251463053074 34015
2390 1791251463066524 25460
2391 1791251463084104 23434
2392 1791251463113645 29713
2393 1791251463124375 21718
2394 1791251463144325 26034
2395 1791251463164749 24220
2396 1791251463186888 25723
2397 1791251463206246 24375
2398 1791251463227900 26082
2399 1791251463243323 20690
2400 1791251463267848 25096
2401 1791251463284067 22852
2402 1791251463304055 24095
2403 1791251463323340 23685
2404 1791251463340284 20890
2405 1791251463362827 22540
2406 1791251463383553 24158
2407 1791251463400947 22651
2408 1791251463424022 23177
2409 1791251463443810 23463
2410 1791251463463169 23908
2411 1791251463483305 24608
2412 1791251463502465 23896
2413 1791251463524576 22107
2414 1791251463544804 26816
2415 1791251463565051 23703
2416 1791251463582153 22588
2417 1791251463606154 24043
2418 1791251463624797 22826
2419 1791251463642553 22791
2420 1791251463663338 22852
2421 1791251463687906 24609
2422 1791251463704744 21858
2423 1791251463723353 25226
2424 1791251463742918 24984
2425 1791251463771661 28739
2426 1791251463786416 27833
2427 1791251463803351 22309
2428 1791251463824021 22326
2429 1791251463845812 24657
2430 1791251463864820 22857
2431 1791251463884227 23862
2432 1791251463898853 20654
2433 1791251463924832 25975
2434 1791251463943402 25397
2435 1791251463963397 24647
2436 1791251463981549 21960
2437 1791251464001044 21054
2438 1791251464024547 23500
2439 1791251464045014 26867
2440 1791251464064649 23803
2441 1791251464089679 25026
2442 1791251464105029 22216
2443 1791251464124344 25635
2444 1791251464143842 24587
2445 1791251464163660 22831
2446 1791251464183375 22726
2447 1791251464202277 23766
2448 1791251464231524 29302
2449 1791251464247763 23799
2450 1791251464267834 24921
2451 1791251464288575 26514
2452 1791251464310132 27872
2453 1791251464325035 21744
2454 1791251464342740 23207
2455 1791251464365444 26840
2456 1791251464383598 23096
2457 1791251464404367 25709
2458 1791251464422303 22444
2459 1791251464443868 23486
2460 1791251464469587 25714
2461 1791251464485489 20616
2462 1791251464505072 26489
2463 1791251464519975 20728
2464 1791251464543569 23591
2465 1791251464563134 24148
2466 1791251464584590 21508
2467 1791251464602640 20939
2468 1791251464622965 20322
2469 1791251464648397 25429
2470 1791251464669063 27105
2471 1791251464682304 23546
2472 1791251464706478 24172
2473 1791251464724484 24276
2474 1791251464743165 25554
2475 1791251464765620 22514
2476 1791251464781425 22583
2477 1791251464804011 25985
2478 1791251464819514 20869
2479 1791251464845638 26121
2480 1791251464864791 25619
2481 1791251464888318 27804
2482 1791251464911655 30503
2483 1791251464926211 26687
2484 1791251464951799 30563
2485 1791251464974563 35549
2486 1791251464997717 34619
2487 1791251465023637 45215
2488 1791251465051201 53480
2489 1791251465095386 73925
2490 1791251465124605 81707
2491 1791251465168578 105107
2492 1791251465186008 107944
2493 1791251465208020 107010
2494 1791251465222158 102688
2495 1791251465249939 107112
2496 1791251465274642 111405
2497 1791251465291988 114086
2498 1791251465308000 108090
2499 1791251465332310 112616
2500 1791251465348043 103934
2501 1791251465365271 106007
2502 1791251465384996 106207
2503 1791251465414357 111951
2504 1791251465444627 122594
2505 1791251465457590 115667
2506 1791251465478169 119526
2507 1791251465503540 119360
2508 1791251465524757 120887
2509 1791251465535167 111809
2510 1791251465567679 124124
2511 1791251465583885 126292
2512 1791251465613103 134930
2513 1791251465633783 131053
2514 1791251465660215 142140
2515 1791251465682563 135931
2516 1791251465694498 133016
2517 1791251465712447 130459
2518 1791251465736285 137568
2519 1791251465761545 140019
2520 1791251465775138 136993
2521 1791251465793833 133615
2522 1791251465811307 132205
2523 1791251465837459 135231
2524 1791251465855525 137551
2525 1791251465873672 131060
2526 1791251465888223 130331
2527 1791251465903718 120696
2528 1791251465924218 121443
2529 1791251465945398 123514
2530 1791251465953407 115945
2531 1791251465975006 116539
2532 1791251465994378 111410
2533 1791251466006073 106399
2534 1791251466017255 98853
2535 1791251466035663 96208
2536 1791251466056452 93459
2537 1791251466065442 84109
2538 1791251466079052 78972
2539 1791251466102374 81808
2540 1791251466114857 75211
2541 1791251466121322 62535
2542 1791251466135805 56750
2543 1791251466153914 51538
2544 1791251466168446 48865
2545 1791251466189332 47172
2546 1791251466203190 41401
2547 1791251466225235 42365
2548 1791251466234380 31745
2549 1791251466260807 40670
2550 1791251466283961 43005
2551 1791251466293491 33780
2552 1791251466323143 40399
2553 1791251466337466 35821
2554 1791251466357276 39099
2555 1791251466375243 37774
2556 1791251466391286 32870
2557 1791251466426978 44921
2558 1791251466449604 46498
2559 1791251466456523 35225
2560 1791251466482435 38978
2561 1791251466498385 34279
2562 1791251466519277 37721
2563 1791251466535643 37255
2564 1791251466551977 32788
2565 1791251466583972 40489
2566 1791251466601555 39086
2567 1791251466618202 34972
2568 1791251466643540 42543
2569 1791251466659013 40803
2570 1791251466672165 32907
2571 1791251466694419 35402
2572 1791251466727060 42963
2573 1791251466735802 30837
2574 1791251466757864 39144
2575 1791251466780528 40433
2576 1791251466796353 38486
2577 1791251466812751 32219
2578 1791251466835752 35490
2579 1791251466851232 31781
2580 1791251466871980 32791
2581 1791251466890848 27778
2582 1791251466912504 34344
2583 1791251466931162 26911
2584 1791251466971362 52366
2585 1791251466978546 35688
2586 1791251467011468 47893
2587 1791251467012746 34197
2588 1791251467031532 31934
2589 1791251467058318 34960
2590 1791251467073309 35223
2591 1791251467091007 32687
2592 1791251467126616 46471
2593 1791251467138060 36063
2594 1791251467155565 36107
2595 1791251467174788 36726
2596 1791251467193541 34341
2597 1791251467223847 41488
2598 1791251467242356 42617
2599 1791251467257459 36876
2600 1791251467276324 34218
2601 1791251467292514 35053
2602 1791251467326279 41256
2603 1791251467338033 36192
2604 1791251467355324 33469
2605 1791251467371618 33582
2606 1791251467401160 42081
2607 1791251467430156 48756
2608 1791251467441347 40486
2609 1791251467456655 33363
2610 1791251467470951 30380
2611 1791251467503807 40196
2612 1791251467516591 36633
2613 1791251467533347 32549
2614 1791251467558996 35747
2615 1791251467577734 35265
2616 1791251467597955 39635
2617 1791251467614690 36953
2618 1791251467639995 42037
2619 1791251467654070 35776
2620 1791251467672031 32033
2621 1791251467706112 43420
2622 1791251467721019 37663
2623 1791251467736619 37374
2624 1791251467756061 34809
2625 1791251467784304 45249
2626 1791251467795059 32705
2627 1791251467814249 34128
2628 1791251467844242 42226
2629 1791251467865033 41272
2630 1791251467878409 35113
2631 1791251467894735 36235
2632 1791251467908660 30248
2633 1791251467935052 34330
2634 1791251467954825 36580
2635 1791251468003234 59459
2636 1791251468019218 58579
2637 1791251468035861 57183
2638 1791251468047265 44027
2639 1791251468059399 40177
2640 1791251468081749 40231
2641 1791251468099129 39728
2642 1791251468120864 39112
2643 1791251468134436 35304
2644 1791251468149762 28515
2645 1791251468175577 37308
2646 1791251468205947 42709
2647 1791251468217464 36815
2648 1791251468249548 45252
2649 1791251468272725 55259
2650 1791251468286946 42727
2651 1791251468316001 53555
2652 1791251468342573 60386
2653 1791251468365744 62064
2654 1791251468378424 59337
2655 1791251468406077 65077
2656 1791251468433772 74781
2657 1791251468452584 74157
2658 1791251468467188 67943
2659 1791251468495699 75980
2660 1791251468525117 81331
2661 1791251468539703 78778
2662 1791251468563186 82063
2663 1791251468590153 87009
2664 1791251468602854 79799
2665 1791251468625539 85832
2666 1791251468653385 93080
2667 1791251468665276 82235
2668 1791251468690586 87730
2669 1791251468705496 81840
2670 1791251468727976 85606
2671 1791251468740402 78862
2672 1791251468765808 81110
2673 1791251468775772 73399
2674 1791251468800260 81877
2675 1791251468827119 88836
2676 1791251468850863 86656
2677 1791251468873636 89993
2678 1791251468886042 86645
2679 1791251468906172 85935
2680 1791251468925457 86884
2681 1791251468945673 84536
2682 1791251468964273 85584
2683 1791251468984929 85462
2684 1791251469007036 82657
2685 1791251469019358 78715
2686 1791251469044505 86333
2687 1791251469070389 86918
2688 1791251469083485 80075
2689 1791251469098690 80444
2690 1791251469119106 75246
2691 1791251469137916 73273
2692 1791251469154541 75580
2693 1791251469165492 67846
2694 1791251469192822 73713
2695 1791251469199221 61302
2696 1791251469224910 64313
2697 1791251469234261 52407
2698 1791251469251096 51873
2699 1791251469279689 59647
2700 1791251469294421 50816
2701 1791251469305413 43867
2702 1791251469316236 36544
2703 1791251469344663 39248
2704 1791251469358583 34680
2705 1791251469389091 48692
2706 1791251469397412 38825
2707 1791251469422048 39384
2708 1791251469443863 39872
2709 1791251469454720 32670
2710 1791251469484410 44439
2711 1791251469504024 41261
2712 1791251469532754 49186
2713 1791251469546877 44864
2714 1791251469563498 41580
2715 1791251469593983 53141
2716 1791251469614646 56396
2717 1791251469627545 46925
2718 1791251469648111 48160
2719 1791251469661522 43267
2720 1791251469684120 41417
2721 1791251469712324 51723
2722 1791251469733266 54251
2723 1791251469748045 45824
2724 1791251469767546 48275
2725 1791251469779193 40295
2726 1791251469805875 43141
2727 1791251469822791 45015
2728 1791251469853477 52176
2729 1791251469874407 52477
2730 1791251469892325 49198
2731 1791251469910573 52152
2732 1791251469929946 51299
2733 1791251469949804 48455
2734 1791251469964611 41418
2735 1791251469985792 47415
2736 1791251470008276 50234
2737 1791251470032545 54655
2738 1791251470051070 52999
2739 1791251470077198 52939
2740 1791251470098052 56476
2741 1791251470118498 55168
2742 1791251470134327 55874
2743 1791251470151362 53344
2744 1791251470175384 56924
2745 1791251470199556 55518
2746 1791251470206258 44455
2747 1791251470233116 54527
2748 1791251470257478 57919
2749 1791251470263956 44186
2750 1791251470304271 65797
2751 1791251470314584 57104
2752 1791251470344149 61203
2753 1791251470354900 51284
2754 1791251470384150 64917
2755 1791251470404341 61445
2756 1791251470417632 58053
2757 1791251470435419 56487
2758 1791251470453806 51619
2759 1791251470474782 57148
2760 1791251470493085 53634
2761 1791251470523955 59282
2762 1791251470536811 52825
2763 1791251470557880 56504
2764 1791251470573671 50767
2765 1791251470592459 51955
2766 1791251470613250 55366
2767 1791251470634748 51402
2768 1791251470652073 51029
2769 1791251470679202 57468
2770 1791251470694760 56449
2771 1791251470726358 64856
2772 1791251470746624 67419
2773 1791251470763003 60481
2774 1791251470779283 59340
2775 1791251470796084 57318
2776 1791251470828412 65404
2777 1791251470838259 59175
2778 1791251470861201 62791
2779 1791251470883415 62639
2780 1791251470901422 63153
2781 1791251470923513 63070
2782 1791251470933878 55357
2783 1791251470956534 57608
2784 1791251470988519 65770
2785 1791251471003861 65621
2786 1791251471023658 64733
2787 1791251471036555 58216
2788 1791251471072801 68938
2789 1791251471079445 60960
2790 1791251471104129 65835
2791 1791251471130208 68773
2792 1791251471145235 66151
2793 1791251471164267 66542
2794 1791251471194383 70819
2795 1791251471221652 82062
2796 1791251471237722 76489
2797 1791251471246956 67532
2798 1791251471278883 80322
2799 1791251471290702 69048
2800 1791251471303801 66077
2801 1791251471329517 66712
2802 1791251471338891 60006
2803 1791251471368461 65989
2804 1791251471384178 62196
2805 1791251471403383 65384
2806 1791251471424414 61788
2807 1791251471445357 63109
2808 1791251471472826 69942
2809 1791251471483928 62983
2810 1791251471505575 64749
2811 1791251471526326 65045
2812 1791251471543451 64409
2813 1791251471574128 70012
2814 1791251471588791 67340
2815 1791251471608759 65306
2816 1791251471643400 80290
2817 1791251471655396 71547
2818 1791251471672994 69941
2819 1791251471693676 70762
2820 1791251471712390 68986
2821 1791251471723466 64872
2822 1791251471749747 70061
2823 1791251471778163 76503
2824 1791251471784789 62898
2825 1791251471814631 68837
2826 1791251471833642 70614
2827 1791251471847727 69561
2828 1791251471865087 65798
2829 1791251471893223 72052
2830 1791251471921026 77996
2831 1791251471938097 79152
2832 1791251471962600 83892
2833 1791251471995371 92779
2834 1791251472011684 93856
2835 1791251472044876 106777
2836 1791251472056062 95466
2837 1791251472081554 100872
2838 1791251472103946 100370
2839 1791251472122568 96249
2840 1791251472145434 102621
2841 1791251472170911 109218
2842 1791251472175482 96946
2843 1791251472196294 97646
2844 1791251472213523 95139
2845 1791251472238188 99138
2846 1791251472264301 103561
2847 1791251472285439 102048
2848 1791251472316819 114784
2849 1791251472333593 113967
2850 1791251472341844 103653
2851 1791251472364595 102626
2852 1791251472387023 106690
2853 1791251472407766 108839
2854 1791251472423790 104343
2855 1791251472435623 94579
2856 1791251472459214 98100
2857 1791251472471449 89879
2858 1791251472494069 90518
2859 1791251472508805 85426
2860 1791251472528553 86063
2861 1791251472544267 86125
2862 1791251472560668 78849
2863 1791251472583274 79527
2864 1791251472594709 72469
2865 1791251472615973 77837
2866 1791251472641628 80957
2867 1791251472655268 72904
2868 1791251472665472 63106
2869 1791251472690983 68034
2870 1791251472710365 71560
2871 1791251472732632 71130
2872 1791251472743553 64075
2873 1791251472764308 66149
2874 1791251472792635 68987
2875 1791251472808608 70249
2876 1791251472824639 65689
2877 1791251472834911 55290
2878 1791251472870101 66231
2879 1791251472873894 55253
2880 1791251472896154 49102
2881 1791251472921722 58604
2882 1791251472942174 61816
2883 1791251472958144 54975
2884 1791251472979432 57707
2885 1791251473004076 61900
2886 1791251473015107 56961
2887 1791251473034531 55096
2888 1791251473058637 54559
2889 1791251473073479 48833
2890 1791251473085101 43494
2891 1791251473114882 56241
2892 1791251473132800 49853
2893 1791251473148815 46776
2894 1791251473164882 46191
2895 1791251473182882 44172
2896 1791251473195782 37605
2897 1791251473226083 47947
2898 1791251473251197 50255
2899 1791251473270110 51519
2900 1791251473283429 45169
2901 1791251473315269 51203
2902 1791251473324651 43508
2903 1791251473344496 45750
2904 1791251473363946 44442
2905 1791251473378452 39169
2906 1791251473405292 47640
2907 1791251473439690 61274
2908 1791251473462446 58211
2909 1791251473477812 54554
2910 1791251473487702 48149
2911 1791251473506918 46156
2912 1791251473525492 47676
2913 1791251473543806 45030
2914 1791251473559846 41707
2915 1791251473588835 46417
2916 1791251473604620 46082
2917 1791251473633730 55376
2918 1791251473653039 49880
2919 1791251473672591 49806
2920 1791251473680183 41449
2921 1791251473704835 46470
2922 1791251473722481 44229
2923 1791251473764586 61777
2924 1791251473774496 55729
2925 1791251473804692 64855
2926 1791251473824139 63507
2927 1791251473836571 53340
2928 1791251473862238 58580
2929 1791251473874458 50916
2930 1791251473886874 48617
2931 1791251473914693 52452
2932 1791251473942261 63319
2933 1791251473959093 53292
2934 1791251473974154 56292
2935 1791251474008516 67181
2936 1791251474023587 64490
2937 1791251474042606 64060
2938 1791251474067873 68627
2939 1791251474083415 60398
2940 1791251474105288 62678
2941 1791251474124109 60585
2942 1791251474144056 65426
2943 1791251474156241 56802
2944 1791251474184794 62595
2945 1791251474186046 47665
2946 1791251474213227 53125
2947 1791251474242151 63435
2948 1791251474265762 64083
2949 1791251474275054 55366
2950 1791251474301170 59847
2951 1791251474320822 61246
2952 1791251474345558 66933
2953 1791251474371463 71523
2954 1791251474392850 74261
2955 1791251474405877 64126
2956 1791251474434483 73507
2957 1791251474450479 65814
2958 1791251474469308 69556
2959 1791251474490629 71747
2960 1791251474511530 68547
2961 1791251474523471 60147
2962 1791251474537184 53310
2963 1791251474553684 55944
2964 1791251474572147 54383
2965 1791251474588118 46840
2966 1791251474615263 56674
2967 1791251474646566 65546
2968 1791251474653213 49735
2969 1791251474678117 55640
2970 1791251474704002 64962
2971 1791251474722781 59061
2972 1791251474734672 56553
2973 1791251474755820 52840
2974 1791251474776522 53884
2975 1791251474788330 47907
2976 1791251474817315 59075
2977 1791251474847264 64529
2978 1791251474862846 60271
2979 1791251474885163 65976
2980 1791251474888962 48891
2981 1791251474917073 54224
2982 1791251474931408 53353
2983 1791251474953853 52142
2984 1791251474981973 63557
2985 1791251475003466 57676
2986 1791251475018589 56185
2987 1791251475037987 57553
2988 1791251475065177 62555
2989 1791251475071957 53641
2990 1791251475097709 59719
2991 1791251475135537 71650
2992 1791251475144091 58585
2993 1791251475164083 66426
2994 1791251475186483 65189
2995 1791251475198228 54729
2996 1791251475219940 61059
2997 1791251475252893 71263
2998 1791251475263989 65758
2999 1791251475287283 67430
3000 1791251475303670 63830
3001 1791251475317370 58133
3002 1791251475346052 67173
3003 1791251475356413 57897
3004 1791251475380131 61268
3005 1791251475400260 59449
3006 1791251475420198 60870
3007 1791251475441479 62538
3008 1791251475463306 64936
3009 1791251475478252 59232
3010 1791251475498828 58232
3011 1791251475516088 55537
3012 1791251475537141 58887
3013 1791251475556883 58053
3014 1791251475572303 50389
3015 1791251475604659 65082
3016 1791251475624473 66053
3017 1791251475645550 63605
3018 1791251475656264 52628
3019 1791251475685508 62245
3020 1791251475708680 69900
3021 1791251475728629 65782
3022 1791251475754372 69552
3023 1791251475765279 61530
3024 1791251475771719 53764
3025 1791251475811259 68399
3026 1791251475828811 67391
3027 1791251475853809 71418
3028 1791251475878330 79525
3029 1791251475900482 77033
3030 1791251475920625 81431
3031 1791251475949492 86138
3032 1791251475963428 85095
3033 1791251475994279 95215
3034 1791251476019259 100074
3035 1791251476035673 89739
3036 1791251476051761 90014
3037 1791251476074272 91907
3038 1791251476085528 83314
3039 1791251476102408 83437
3040 1791251476136496 95036
3041 1791251476144525 86618
3042 1791251476183369 102646
3043 1791251476192517 94629
3044 1791251476219216 94351
3045 1791251476238486 96184
3046 1791251476247360 87087
3047 1791251476282599 101102
3048 1791251476294800 91259
3049 1791251476316463 97666
3050 1791251476336889 98401
3051 1791251476367718 103698
3052 1791251476372071 90358
3053 1791251476398781 96284
3054 1791251476430127 108862
3055 1791251476440755 97628
3056 1791251476446075 88155
3057 1791251476463787 85424
3058 1791251476494809 96025
3059 1791251476507417 84009
3060 1791251476525218 84460
3061 1791251476536906 78625
3062 1791251476556500 77891
3063 1791251476572770 74467
3064 1791251476592719 73952
3065 1791251476617568 78720
3066 1791251476637866 79030
3067 1791251476662817 79626
3068 1791251476672698 74786
3069 1791251476688307 70737
3070 1791251476705804 67937
3071 1791251476731062 72110
3072 1791251476765478 83683
3073 1791251476781949 77382
3074 1791251476796201 72394
3075 1791251476822519 76377
3076 1791251476834625 74189
3077 1791251476862186 80862
3078 1791251476868779 70390
3079 1791251476880929 59415
3080 1791251476913381 70201
3081 1791251476925388 65845
3082 1791251476954087 75967
3083 1791251476974670 74851
3084 1791251476995886 72262
3085 1791251477020434 76916
3086 1791251477033674 73967
3087 1791251477054293 76315
3088 1791251477076679 75042
3089 1791251477092378 71941
3090 1791251477118788 78418
3091 1791251477134713 70870
3092 1791251477150384 68084
3093 1791251477177016 77746
3094 1791251477193066 74275
3095 1791251477215565 74449
3096 1791251477234840 70363
3097 1791251477246084 65846
3098 1791251477276643 72754
3099 1791251477285029 66774
3100 1791251477313950 74063
3101 1791251477342577 79062
3102 1791251477351211 72567
3103 1791251477367893 66767
3104 1791251477389396 66682
3105 1791251477407209 66645
3106 1791251477423463 64860
3107 1791251477441740 62168
3108 1791251477460520 61391
3109 1791251477477118 54400
3110 1791251477487287 49055
3111 1791251477504306 46313
3112 1791251477520141 40822
3113 1791251477539079 35369
3114 1791251477558294 38717
3115 1791251477583553 44472
3116 1791251477593282 34986
3117 1791251477612562 33603
3118 1791251477630733 31428
3119 1791251477665537 47008
3120 1791251477682711 38560
3121 1791251477703821 40284
3122 1791251477724530 42168
3123 1791251477740599 37154
3124 1791251477761671 37755
3125 1791251477781260 41449
3126 1791251477791526 33296
3127 1791251477824604 43341
3128 1791251477843363 39265
3129 1791251477853353 32671
3130 1791251477871706 28341
3131 1791251477905282 44376
3132 1791251477913594 32015
3133 1791251477936190 31768
3134 1791251477960413 39117
3135 1791251477976543 36733
3136 1791251477994666 34555
3137 1791251478020324 37759
3138 1791251478037915 35425
3139 1791251478046507 26179
3140 1791251478074141 36223
3141 1791251478097257 33246
3142 1791251478123978 41687
3143 1791251478125542 26957
3144 1791251478146340 28309
3145 1791251478169213 26212
3146 1791251478199638 36337
3147 1791251478214262 32093
3148 1791251478233767 34126
3149 1791251478259636 39419
3150 1791251478273003 34673
3151 1791251478286616 26977
3152 1791251478327556 44929
3153 1791251478349674 47772
3154 1791251478353173 30919
3155 1791251478375500 37707
3156 1791251478395578 33393
3157 1791251478408336 29069
3158 1791251478432968 31807
3159 1791251478450912 32196
3160 1791251478479129 36333
3161 1791251478503067 44598
3162 1791251478514214 36072
3163 1791251478537172 37889
3164 1791251478568434 45186
3165 1791251478575401 36550
3166 1791251478600128 37840
3167 1791251478620435 41382
3168 1791251478645003 45976
3169 1791251478660983 41548
3170 1791251478675058 36598
3171 1791251478699235 38221
3172 1791251478721314 39528
3173 1791251478741119 42623
3174 1791251478760889 42374
3175 1791251478784380 44461
3176 1791251478811203 50311
3177 1791251478832928 53471
3178 1791251478843124 38783
3179 1791251478864421 40642
3180 1791251478875494 36839
3181 1791251478904624 40765
3182 1791251478923287 40087
3183 1791251478945470 45432
3184 1791251478954205 32657
3185 1791251478974838 34488
3186 1791251479005948 41654
3187 1791251479032921 48705
3188 1791251479045386 46912
3189 1791251479064242 43965
3190 1791251479083201 44914
3191 1791251479107837 44467
3192 1791251479121668 39766
3193 1791251479144127 41364
3194 1791251479180885 62222
3195 1791251479202260 58701
3196 1791251479213687 51606
3197 1791251479230092 49204
3198 1791251479253728 51455
3199 1791251479268760 47849
3200 1791251479296315 50947
3201 1791251479320339 58017
3202 1791251479329041 50419
3203 1791251479345297 46071
3204 1791251479370006 49663
3205 1791251479386320 42780
3206 1791251479415582 56668
3207 1791251479441790 60874
3208 1791251479461366 62441
3209 1791251479477588 51264
3210 1791251479507466 69539
3211 1791251479523391 62018
3212 1791251479531772 54168
3213 1791251479556804 56499
3214 1791251479578567 55860
3215 1791251479595383 50695
3216 1791251479624545 58024
3217 1791251479634580 56546
3218 1791251479648155 49137
3219 1791251479692936 71517
3220 1791251479696016 55412
3221 1791251479720465 55391
3222 1791251479742100 60399
3223 1791251479765083 66384
3224 1791251479777331 58010
3225 1791251479806739 67422
3226 1791251479844922 80524
3227 1791251479844947 66364
3228 1791251479890385 89987
3229 1791251479899668 80641
3230 1791251479910650 65726
3231 1791251479928182 65410
3232 1791251479954390 63999
3233 1791251479977478 77804
3234 1791251479989989 63514
3235 1791251480016659 75204
3236 1791251480048353 87692
3237 1791251480049499 72018
3238 1791251480084947 81116
3239 1791251480087646 63321
3240 1791251480121170 79224
3241 1791251480137460 79157
3242 1791251480167075 82115
3243 1791251480173755 74787
3244 1791251480183346 62164
3245 1791251480200571 63105
3246 1791251480220593 62628
3247 1791251480236291 57864
3248 1791251480258105 58923
3249 1791251480274754 54148
3250 1791251480295942 55586
3251 1791251480311821 53713
3252 1791251480337434 56840
3253 1791251480357537 59011
3254 1791251480398608 73991
3255 1791251480401316 63879
3256 1791251480417379 59839
3257 1791251480436915 59137
3258 1791251480466368 67756
3259 1791251480486171 64919
3260 1791251480505348 61775
3261 1791251480529882 63508
3262 1791251480545758 65202
3263 1791251480578695 73699
3264 1791251480593572 69956
3265 1791251480605956 62238
3266 1791251480614454 53812
3267 1791251480644350 65652
3268 1791251480675585 73377
3269 1791251480692112 72186
3270 1791251480711186 70739
3271 1791251480729776 67986
3272 1791251480744207 60165
3273 1791251480760208 56839
3274 1791251480796640 73263
3275 1791251480807844 69797
3276 1791251480827614 67398
3277 1791251480842374 63165
3278 1791251480869908 71236
3279 1791251480890904 70810
3280 1791251480904459 62627
3281 1791251480925984 66826
3282 1791251480955384 74026
3283 1791251480977371 73741
3284 1791251480990064 71342
3285 1791251481024558 85306
3286 1791251481036111 74936
3287 1791251481158546 173631
3288 1791251481158565 155860
3289 1791251481158570 137602
3290 1791251481165744 121590
3291 1791251481165752 62644
3292 1791251481170243 67127
3293 1791251481170250 67129
3294 1791251481178845 50427
3295 1791251481191447 49359
3296 1791251481208241 49690
3297 1791251481235515 56665
3298 1791251481250753 47820
3299 1791251481270362 50692
3300 1791251481287705 47697
3301 1791251481319815 53548
3302 1791251481328816 49766
3303 1791251481353358 55142
3304 1791251481382581 62763
3305 1791251481394646 51050
3306 1791251481416573 52706
3307 1791251481448612 66027
3308 1791251481449843 51166
3309 1791251481473510 54970
3310 1791251481506377 61864
3311 1791251481514750 56635
3312 1791251481536042 57188
3313 1791251481556361 56852
3314 1791251481587294 63643
3315 1791251481600990 57226
3316 1791251481624946 61092
3317 1791251481640476 56884
3318 1791251481664655 63662
3319 1791251481676493 54934
3320 1791251481699587 59730
3321 1791251481717416 53588
3322 1791251481737942 60062
3323 1791251481761459 63308
3324 1791251481790084 70188
3325 1791251481802979 65033
3326 1791251481843858 82396
3327 1791251481865824 75736
3328 1791251481877351 74368
3329 1791251481892003 68338
3330 1791251481913674 72044
3331 1791251481936094 76052
3332 1791251481952865 74240
3333 1791251481964805 60932
3334 1791251481994339 72917
3335 1791251482022557 77499
3336 1791251482042573 77765
3337 1791251482046911 67609
3338 1791251482082344 80027
3339 1791251482095001 73859
3340 1791251482122257 83524
3341 1791251482141671 77734
3342 1791251482159343 80442
3343 1791251482183886 85261
3344 1791251482211122 88862
3345 1791251482224303 85509
3346 1791251482241251 81904
3347 1791251482264189 82112
3348 1791251482274560 70684
3349 1791251482302117 78573
3350 1791251482325845 86108
3351 1791251482356277 92997
3352 1791251482366480 82561
3353 1791251482391139 89019
3354 1791251482413478 92457
3355 1791251482418691 74797
3356 1791251482436030 75608
3357 1791251482450207 71259
3358 1791251482489283 86335
3359 1791251482496046 77496
3360 1791251482514460 72182
3361 1791251482532784 70578
3362 1791251482559213 76027
3363 1791251482581361 78514
3364 1791251482605863 87741
3365 1791251482630493 91325
3366 1791251482649422 90206
3367 1791251482649430 68967
3368 1791251482677183 72445
3369 1791251482690910 70034
3370 1791251482712336 68761
3371 1791251482733867 75420
3372 1791251482763318 81681
3373 1791251482794944 91507
3374 1791251482811639 90362
3375 1791251482817347 73711
3376 1791251482844561 81240
3377 1791251482859194 74411
3378 1791251482876295 77997
3379 1791251482909864 87827
3380 1791251482925606 81905
3381 1791251482940273 82210
3382 1791251482966271 83057
3383 1791251482974474 70289
3384 1791251482989222 69236
3385 1791251483004519 64984
3386 1791251483037268 77232
3387 1791251483055636 77308
3388 1791251483080330 81075
3389 1791251483105850 87105
3390 1791251483123446 80431
3391 1791251483137042 74106
3392 1791251483150819 70485
3393 1791251483185393 81156
3394 1791251483201343 79153
3395 1791251483235293 92779
3396 1791251483254703 90643
3397 1791251483265299 81823
3398 1791251483287929 86569
3399 1791251483293698 73347
3400 1791251483324601 83615
3401 1791251483347873 89425
3402 1791251483360694 81904
3403 1791251483394161 89705
3404 1791251483406059 85517
3405 1791251483421835 81995
3406 1791251483438644 79198
3407 1791251483462730 83539
3408 1791251483493086 89374
3409 1791251483504271 85707
3410 1791251483522295 83648
3411 1791251483541548 79148
3412 1791251483563032 84690
3413 1791251483586393 87037
3414 1791251483603186 82768
3415 1791251483621176 82465
3416 1791251483634154 72281
3417 1791251483666058 82176
3418 1791251483673798 75055
3419 1791251483694590 75671
3420 1791251483704723 65959
3421 1791251483722396 63352
3422 1791251483736188 56649
3423 1791251483744853 45175
3424 1791251483758396 36924
3425 1791251483783402 41521
3426 1791251483795670 37306
3427 1791251483819693 36288
3428 1791251483828840 29191
3429 1791251483852924 33228
3430 1791251483887056 42776
3431 1791251483901008 35611
3432 1791251483914649 35988
3433 1791251483939567 38535
3434 1791251483948242 28720
3435 1791251483967302 27733
3436 1791251483983375 24570
3437 1791251484016312 37225
3438 1791251484040621 37437
3439 1791251484059653 38936
3440 1791251484076104 35480
3441 1791251484092723 33067
3442 1791251484119239 36971
3443 1791251484133866 35733
3444 1791251484146952 28183
3445 1791251484173846 35488
3446 1791251484198918 33932
3447 1791251484211395 32366
3448 1791251484233939 35067
3449 1791251484261895 40568
3450 1791251484281953 42299
3451 1791251484286838 25080
3452 1791251484313731 34701
3453 1791251484327766 29658
3454 1791251484348818 30490
3455 1791251484383494 39257
3456 1791251484395080 36494
3457 1791251484419373 36804
3458 1791251484436053 32723
3459 1791251484449359 30639
3460 1791251484477371 33230
3461 1791251484492771 33049
3462 1791251484516635 33330
3463 1791251484536595 34629
3464 1791251484556890 37615
3465 1791251484575674 32695
3466 1791251484604758 41407
3467 1791251484628164 44407
3468 1791251484649748 50634
3469 1791251484671525 49229
3470 1791251484694775 51513
3471 1791251484717535 55575
3472 1791251484739780 58074
3473 1791251484755026 56122
3474 1791251484780961 63423
3475 1791251484806280 66497
3476 1791251484819037 55538
3477 1791251484844060 63449
3478 1791251484850917 52090
3479 1791251484879822 60783
3480 1791251484914642 70579
3481 1791251484923634 65251
3482 1791251484942823 62998
3483 1791251484973485 72460
3484 1791251484990788 67539
3485 1791251485003796 64004
3486 1791251485025499 66638
3487 1791251485057541 77554
3488 1791251485076672 72872
3489 1791251485086723 67242
3490 1791251485123519 79032
3491 1791251485134078 76535
3492 1791251485164025 83662
3493 1791251485169924 71158
3494 1791251485193558 74912
3495 1791251485220903 77511
3496 1791251485226351 67479
3497 1791251485243460 65315
3498 1791251485264558 63487
3499 1791251485292560 71960
3500 1791251485317362 73898
3501 1791251485343699 85525
3502 1791251485357341 79136
3503 1791251485377473 78775
3504 1791251485392841 73694
3505 1791251485416554 72852
3506 1791251485435833 76147
3507 1791251485453230 75753
3508 1791251485481593 78391
3509 1791251485495990 72870
3510 1791251485524653 81833
3511 1791251485538703 77481
3512 1791251485560722 79754
3513 1791251485586201 83765
3514 1791251485603134 79404
3515 1791251485623659 84954
3516 1791251485645971 85246
3517 1791251485664838 81568
3518 1791251485690994 87857
3519 1791251485706008 87038
3520 1791251485724319 85330
3521 1791251485746500 84137
3522 1791251485755724 77610
3523 1791251485785694 83389
3524 1791251485793934 74447
3525 1791251485813070 70946
3526 1791251485844332 85448
3527 1791251485847907 69571
3528 1791251485864861 62660
3529 1791251485888229 68715
3530 1791251485903257 63383
3531 1791251485922498 63965
3532 1791251485944032 61544
3533 1791251485956517 54568
3534 1791251485981255 61005
3535 1791251485994549 54286
3536 1791251486013533 51327
3537 1791251486026084 45925
3538 1791251486044084 46127
3539 1791251486064117 43567
3540 1791251486082867 39264
3541 1791251486095645 31971
3542 1791251486114193 32431
3543 1791251486135850 36966
3544 1791251486151741 30329
3545 1791251486173886 34750
3546 1791251486207012 44895
3547 1791251486220392 37143
3548 1791251486245202 43304
3549 1791251486257424 37028
3550 1791251486284942 40527
3551 1791251486287641 30215
3552 1791251486316046 37475
3553 1791251486345755 42352
3554 1791251486358034 37585
3555 1791251486376552 38413
3556 1791251486394176 36139
3557 1791251486418861 41043
3558 1791251486439946 41209
3559 1791251486458132 39268
3560 1791251486474474 34873
3561 1791251486496152 38018
3562 1791251486531561 51125
3563 1791251486548143 44480
3564 1791251486555624 32299
3565 1791251486579301 37025
3566 1791251486596880 38857
3567 1791251486616492 37187
3568 1791251486633459 34858
3569 1791251486656783 37006
3570 1791251486685868 42621
3571 1791251486699312 37057
3572 1791251486721970 43519
3573 1791251486744160 45649
3574 1791251486765728 44682
3575 1791251486776413 37378
3576 1791251486797414 35443
3577 1791251486823570 40436
3578 1791251486842871 43228
3579 1791251486868168 48349
3580 1791251486895032 52447
3581 1791251486917652 52169
3582 1791251486928406 49333
3583 1791251486943509 40303
3584 1791251486953274 35619
3585 1791251486982897 41587
3586 1791251487004127 42056
3587 1791251487024250 45361
3588 1791251487045201 43713
3589 1791251487074559 53782
3590 1791251487086782 47774
3591 1791251487112820 53194
3592 1791251487122058 41596
3593 1791251487151854 48201
3594 1791251487173848 51995
3595 1791251487194442 50111
3596 1791251487217039 54004
3597 1791251487218097 39573
3598 1791251487246692 46320
3599 1791251487266490 48390
3600 1791251487294234 49801
3601 1791251487321492 58135
3602 1791251487329781 49876
3603 1791251487352382 48985
3604 1791251487368669 47174
3605 1791251487384051 44798
3606 1791251487414323 52837
3607 1791251487434581 51447
3608 1791251487461957 60913
3609 1791251487476615 52964
3610 1791251487494853 56100
3611 1791251487506861 46363
3612 1791251487542923 58880
3613 1791251487553422 55276
3614 1791251487577225 56134
3615 1791251487587405 44997
3616 1791251487618794 60768
3617 1791251487636596 56160
3618 1791251487658811 59793
3619 1791251487685724 66916
3620 1791251487703004 60863
3621 1791251487723413 64598
3622 1791251487737874 58380
3623 1791251487762334 60262
3624 1791251487777950 55124
3625 1791251487793395 55518
3626 1791251487819842 57506
3627 1791251487837611 59659
3628 1791251487856425 53840
3629 1791251487884051 65974
3630 1791251487898291 60676
3631 1791251487925095 66750
3632 1791251487936546 54011
3633 1791251487954615 56321
3634 1791251487976235 52190
3635 1791251488007473 64906
3636 1791251488021613 58251
3637 1791251488044493 59917
3638 1791251488061201 59378
3639 1791251488076067 57694
3640 1791251488101825 63972
3641 1791251488130416 70258
3642 1791251488152550 67783
3643 1791251488167068 65241
3644 1791251488182349 63542
3645 1791251488204773 62788
3646 1791251488233755 69848
3647 1791251488253632 74052
3648 1791251488262916 60673
3649 1791251488296424 78489
3650 1791251488314514 74926
3651 1791251488327034 69120
3652 1791251488356436 75344
3653 1791251488364820 66967
3654 1791251488388522 69910
3655 1791251488402574 61827
3656 1791251488431793 72094
3657 1791251488445505 62632
3658 1791251488465113 65831
3659 1791251488487300 66555
3660 1791251488501722 63663
3661 1791251488527651 68711
3662 1791251488549931 67223
3663 1791251488571160 71143
3664 1791251488593534 75486
3665 1791251488612308 74085
3666 1791251488633862 70393
3667 1791251488653458 74312
3668 1791251488663184 64807
3669 1791251488691022 72040
3670 1791251488707785 69765
3671 1791251488736096 74778
3672 1791251488759979 76857
3673 1791251488782950 79297
3674 1791251488799284 76666
3675 1791251488815847 75224
3676 1791251488835350 77100
3677 1791251488856021 73067
3678 1791251488876029 77602
3679 1791251488898439 75066
3680 1791251488932928 88492
3681 1791251488945362 82668
3682 1791251488962041 82862
3683 1791251488985916 87474
3684 1791251489010478 92507
3685 1791251489025419 86841
3686 1791251489055136 93091
3687 1791251489078479 99433
3688 1791251489089521 84161
3689 1791251489103861 86160
3690 1791251489122616 83682
3691 1791251489153070 90198
3692 1791251489163657 85175
3693 1791251489193400 89536
3694 1791251489210733 88105
3695 1791251489233116 93878
3696 1791251489256722 98270
3697 1791251489281433 102017
3698 1791251489293135 94505
3699 1791251489309602 85853
3700 1791251489325561 86930
3701 1791251489353691 94172
3702 1791251489368269 88290
3703 1791251489382457 78901
3704 1791251489403149 79029
3705 1791251489414150 71882
3706 1791251489433931 75960
3707 1791251489463912 84767
3708 1791251489489591 87463
3709 1791251489514686 91688
3710 1791251489530431 87672
3711 1791251489556719 93281
3712 1791251489579450 95628
3713 1791251489583687 82166
3714 1791251489608300 84270
3715 1791251489616601 75928
3716 1791251489646714 85007
3717 1791251489655137 75683
3718 1791251489681753 83345
3719 1791251489715906 94449
3720 1791251489735847 92095
3721 1791251489748289 85205
3722 1791251489769341 90006
3723 1791251489791893 93348
3724 1791251489814432 93324
3725 1791251489836133 93200
3726 1791251489844966 81307
3727 1791251489864306 81766
3728 1791251489874656 72888
3729 1791251489893777 75323
3730 1791251489928293 89796
3731 1791251489942975 83538
3732 1791251489969356 90617
3733 1791251489992796 90009
3734 1791251490010472 89485
3735 1791251490039188 97031
3736 1791251490059394 95458
3737 1791251490072379 88396
3738 1791251490091115 90045
3739 1791251490104266 84788
3740 1791251490135687 96497
3741 1791251490139981 80584
3742 1791251490163246 84596
3743 1791251490186244 82210
3744 1791251490194726 76081
3745 1791251490194731 55293
3746 1791251490198879 36589
3747 1791251490205900 26311
3748 1791251490223293 24410
3749 1791251490245464 25249
3750 1791251490263176 24501
3751 1791251490285475 22350
3752 1791251490303443 22812
3753 1791251490322988 22708
3754 1791251490344725 21733
3755 1791251490367819 24713
3756 1791251490384382 21986
3757 1791251490403643 23438
3758 1791251490424263 25363
3759 1791251490444865 26116
3760 1791251490465006 24792
3761 1791251490484132 22636
3762 1791251490506677 28531
3763 1791251490523715 20608
3764 1791251490544657 24662
3765 1791251490565551 25553
3766 1791251490583095 24753
3767 1791251490604025 24788
3768 1791251490624229 23623
3769 1791251490643416 23532
3770 1791251490667461 24034
3771 1791251490685124 23349
3772 1791251490704565 26371
3773 1791251490724522 25514
3774 1791251490743577 25308
3775 1791251490765433 27226
3776 1791251490784939 24410
3777 1791251490803644 25561
3778 1791251490827465 23875
3779 1791251490849729 26969
3780 1791251490864723 21501
3781 1791251490885656 23553
3782 1791251490904704 23100
3783 1791251490923289 24006
3784 1791251490944395 24891
3785 1791251490965175 25970
3786 1791251490985394 24139
3787 1791251491002448 20521
3788 1791251491028924 26960
3789 1791251491044926 21501
3790 1791251491064919 23870
3791 1791251491085942 21018
3792 1791251491107806 26529
3793 1791251491123342 25090
3794 1791251491148171 24827
3795 1791251491168426 26355
3796 1791251491184423 21731
3797 1791251491206488 25336
3798 1791251491227636 25822
3799 1791251491248091 25393
3800 1791251491265166 23445
3801 1791251491285547 25641
3802 1791251491313410 27844
3803 1791251491323742 25002
3804 1791251491344381 25461
3805 1791251491365262 23818
3806 1791251491383420 24490
3807 1791251491404574 24284
3808 1791251491422457 24165
3809 1791251491443647 25761
3810 1791251491463150 21967
3811 1791251491484895 21741
3812 1791251491502634 23609
3813 1791251491524849 26180
3814 1791251491542233 23825
3815 1791251491566664 24427
3816 1791251491582528 20498
3817 1791251491607489 25025
3818 1791251491628731 26720
3819 1791251491642567 24411
3820 1791251491663926 21356
3821 1791251491680210 21278
3822 1791251491706352 26254
3823 1791251491723902 21355
3824 1791251491741769 22162
3825 1791251491762467 24259
3826 1791251491784056 24968
3827 1791251491804137 24393
3828 1791251491822701 22567
3829 1791251491843638 23775
3830 1791251491863299 24581
3831 1791251491887328 24026
3832 1791251491909927 27154
3833 1791251491924387 20854
3834 1791251491948556 29246
3835 1791251491964786 26182
3836 1791251491983415 25784
3837 1791251492004232 20882
3838 1791251492020828 20601
3839 1791251492046350 25509
3840 1791251492070217 27906
3841 1791251492085270 22115
3842 1791251492112170 30671
3843 1791251492125177 25803
3844 1791251492145027 26408
3845 1791251492167490 27529
3846 1791251492183444 21151
3847 1791251492204558 22511
3848 1791251492222416 22087
3849 1791251492243892 21465
3850 1791251492265132 21399
3851 1791251492285844 26777
3852 1791251492305113 25741
3853 1791251492323164 25084
3854 1791251492351259 28150
3855 1791251492361630 22930
3856 1791251492391284 29650
3857 1791251492402804 24669
3858 1791251492423514 20707
3859 1791251492449928 26410
3860 1791251492465738 21810
3861 1791251492486246 24222
3862 1791251492502733 23702
3863 1791251492524221 25656
3864 1791251492544059 22832
3865 1791251492562484 21522
3866 1791251492588751 26263
3867 1791251492604701 23416
3868 1791251492621293 22581
3869 1791251492641979 20681
3870 1791251492663625 22399
3871 1791251492686247 25404
3872 1791251492706257 24714
3873 1791251492722655 24277
3874 1791251492743879 23046
3875 1791251492764108 26148
3876 1791251492782907 24661
3877 1791251492803475 20565
3878 1791251492824306 21660
3879 1791251492845172 20863
3880 1791251492863581 24450
3881 1791251492883793 23611
3882 1791251492904552 25324
3883 1791251492924208 24525
3884 1791251492943259 22755
3885 1791251492962077 21776
3886 1791251492982058 22656
3887 1791251493009360 27360
3888 1791251493024102 20753
3889 1791251493044137 22656
3890 1791251493065073 25899
3891 1791251493086605 23193
3892 1791251493103993 25756
3893 1791251493122549 22641
3894 1791251493145206 22654
3895 1791251493163230 24987
3896 1791251493187529 24296
3897 1791251493206276 23644
3898 1791251493227334 24993
3899 1791251493242763 20604
3900 1791251493268245 26091
3901 1791251493282433 20819
3902 1791251493308309 25874
3903 1791251493323833 20703
3904 1791251493344556 23207
3905 1791251493361818 22760
3906 1791251493386050 24229
3907 1791251493406732 25250
3908 1791251493426101 23900
3909 1791251493441712 22764
3910 1791251493461487 22324
3911 1791251493479470 20944
3912 1791251493503122 23649
3913 1791251493524589 21511
3914 1791251493541434 20906
3915 1791251493562111 23480
3916 1791251493582714 25105
3917 1791251493603142 24109
3918 1791251493621416 20901
3919 1791251493643020 21601
3920 1791251493665458 27412
3921 1791251493683988 23238
3922 1791251493710481 26558
3923 1791251493723850 25528
3924 1791251493743555 24695
3925 1791251493764082 26132
3926 1791251493781816 23468
3927 1791251493803761 21943
3928 1791251493822643 22512
3929 1791251493844401 21755
3930 1791251493862869 21664
3931 1791251493885008 22183
3932 1791251493905856 27757
3933 1791251493924347 24438
3934 1791251493944797 26215
3935 1791251493965636 25407
3936 1791251493983917 24574
3937 1791251494004489 26616
3938 1791251494023616 25574
3939 1791251494042836 23525
3940 1791251494064745 21983
3941 1791251494085583 24887
3942 1791251494102309 22857
3943 1791251494123608 21295
3944 1791251494144248 22566
3945 1791251494164041 22544
3946 1791251494187820 27215
3947 1791251494209306 26692
3948 1791251494229053 25725
3949 1791251494244786 20891
3950 1791251494267403 28446
3951 1791251494286133 23107
3952 1791251494302209 21787
3953 1791251494332466 34008
3954 1791251494344853 23951
3955 1791251494363533 23775
3956 1791251494384107 20616
3957 1791251494405129 24945
3958 1791251494423717 22362
3959 1791251494444574 21711
3960 1791251494462412 20739
3961 1791251494484086 21719
3962 1791251494502332 22445
3963 1791251494523039 20704
3964 1791251494547221 25239
3965 1791251494564797 24995
3966 1791251494589336 24536
3967 1791251494608487 25394
3968 1791251494626919 24145
3969 1791251494643892 25253
3970 1791251494662037 23360
3971 1791251494685467 23426
3972 1791251494704458 26133
3973 1791251494723236 22539
3974 1791251494744104 25415
3975 1791251494764464 26115
3976 1791251494785561 25079
3977 1791251494804034 20750
3978 1791251494823214 23001
3979 1791251494843957 24069
3980 1791251494864788 20827
3981 1791251494888839 25615
3982 1791251494908786 25366
3983 1791251494924064 21252
3984 1791251494944046 26068
3985 1791251494963305 23581
3986 1791251494986441 27010
3987 1791251495003308 23563
3988 1791251495021039 20798
3989 1791251495042446 22395
3990 1791251495063508 24959
3991 1791251495084128 24800
3992 1791251495104103 24128
3993 1791251495123057 24575
3994 1791251495148590 25530
3995 1791251495166136 23330
3996 1791251495183255 21735
3997 1791251495209049 25791
3998 1791251495228521 25368
3999 1791251495243823 20735
4000 1791251495259556 20697
4001 1791251495280330 20866
4002 1791251495307633 27299
4003 1791251495327158 24584
4004 1791251495342982 20737
4005 1791251495368568 26238
4006 1791251495381959 21723
4007 1791251495402815 20853
4008 1791251495425368 26261
4009 1791251495440218 21589
4010 1791251495461912 23291
4011 1791251495482588 20673
4012 1791251495504307 21716
4013 1791251495523887 25580
4014 1791251495549832 25942
4015 1791251495565346 22634
4016 1791251495587285 25928
4017 1791251495603783 21722
4018 1791251495621880 23317
4019 1791251495647334 25451
4020 1791251495663103 20627
4021 1791251495683822 20714
4022 1791251495703122 21628
4023 1791251495728139 25014
4024 1791251495743577 20729
4025 1791251495763029 23642
4026 1791251495789771 26735
4027 1791251495806205 22470
4028 1791251495824971 25584
4029 1791251495845300 24111
4030 1791251495859618 20740
4031 1791251495880239 20739
4032 1791251495902941 22699
4033 1791251495925747 22803
4034 1791251495945190 23386
4035 1791251495963442 23422
4036 1791251495984304 23895
4037 1791251496000519 22653
4038 1791251496021231 20708
4039 1791251496043512 23242
4040 1791251496061154 21879
4041 1791251496082748 21645
4042 1791251496105429 26648
4043 1791251496122348 23899
4044 1791251496152660 30308
4045 1791251496163398 23258
4046 1791251496178713 20918
4047 1791251496212248 33532
4048 1791251496224415 26207
4049 1791251496243249 22329
4050 1791251496263994 24617
4051 1791251496284612 26059
4052 1791251496305300 20686
4053 1791251496322427 21778
4054 1791251496343189 20759
4055 1791251496364299 21107
4056 1791251496392380 31249
4057 1791251496403692 23632
4058 1791251496424228 25293
4059 1791251496444050 23745
4060 1791251496464769 24334
4061 1791251496483525 24967
4062 1791251496503468 25429
4063 1791251496533531 30112
4064 1791251496544491 23932
4065 1791251496562171 22789
4066 1791251496592362 30188
4067 1791251496602506 20747
4068 1791251496621423 20837
4069 1791251496642068 20643
4070 1791251496664882 23712
4071 1791251496681638 22751
4072 1791251496703571 21931
4073 1791251496724105 24434
4074 1791251496743840 24716
4075 1791251496762184 23459
4076 1791251496789282 27178
4077 1791251496807993 24345
4078 1791251496824146 20828
4079 1791251496846447 26271
4080 1791251496862344 20617
4081 1791251496885767 27346
4082 1791251496903647 24579
4083 1791251496922522 22727
4084 1791251496945095 22570
4085 1791251496963156 21720
4086 1791251496984543 24532
4087 1791251497004646 25901
4088 1791251497022276 22760
4089 1791251497044213 21934
4090 1791251497063749 22654
4091 1791251497087755 24003
4092 1791251497108385 25747
4093 1791251497124987 21716
4094 1791251497144813 23387
4095 1791251497163919 22683
4096 1791251497183629 25427
4097 1791251497204517 25854
4098 1791251497220229 21556
4099 1791251497242765 24985
4100 1791251497263767 23847
4101 1791251497281707 23713
4102 1791251497306216 24506
4103 1791251497324157 22623
4104 1791251497343328 23624
4105 1791251497371583 28252
4106 1791251497382470 21336
4107 1791251497400624 20657
4108 1791251497421319 20692
4109 1791251497446133 26758
4110 1791251497464795 22742
4111 1791251497482503 21651
4112 1791251497504686 22180
4113 1791251497522594 22770
4114 1791251497539379 20752
4115 1791251497566166 26784
4116 1791251497588928 28607
4117 1791251497605449 27044
4118 1791251497622400 22303
4119 1791251497643344 20940
4120 1791251497663894 23024
4121 1791251497684975 24845
4122 1791251497702470 23592
4123 1791251497723814 21341
4124 1791251497742650 23876
4125 1791251497763989 21335
4126 1791251497785032 24572
4127 1791251497804692 23865
4128 1791251497822336 21743
4129 1791251497845287 27006
4130 1791251497862990 24295
4131 1791251497885687 22695
4132 1791251497902672 20927
4133 1791251497923287 24375
4134 1791251497944026 20735
4135 1791251497963194 23762
4136 1791251497985749 22609
4137 1791251498003632 22685
4138 1791251498024407 26499
4139 1791251498043177 22247
4140 1791251498064868 23657
4141 1791251498082690 21696
4142 1791251498099629 20871
4143 1791251498122672 23120
4144 1791251498141143 22202
4145 1791251498167709 29727
# sent 4146 received 4146
