0 1791251326803363 21978
1 1791251326827456 24075
2 1791251326847017 24358
3 1791251326864381 21087
4 1791251326884866 22629
5 1791251326907966 23642
6 1791251326924163 21368
7 1791251326949972 25806
8 1791251326966476 23438
9 1791251326991755 27365
10 1791251327005438 22088
11 1791251327024258 22007
12 1791251327048165 23904
13 1791251327065905 23453
14 1791251327084982 22375
15 1791251327112229 27244
16 1791251327132454 29473
17 1791251327144860 20899
18 1791251327171264 27546
19 1791251327187781 24970
20 1791251327215661 27877
21 1791251327227273 23857
22 1791251327245343 21121
23 1791251327266018 22539
24 1791251327287406 23983
25 1791251327308244 23693
26 1791251327324220 21884
27 1791251327345580 23245
28 1791251327365738 22263
29 1791251327389420 27046
30 1791251327404501 20990
31 1791251327423802 21095
32 1791251327453184 29458
33 1791251327467981 23604
34 1791251327487065 23626
35 1791251327507539 23312
36 1791251327525680 23482
37 1791251327544307 22435
38 1791251327564192 22402
39 1791251327585056 20909
40 1791251327607565 24730
41 1791251327625192 22825
42 1791251327653462 28266
43 1791251327667702 24943
44 1791251327682409 20740
45 1791251327705064 22653
46 1791251327726921 21976
47 1791251327745546 20964
48 1791251327770407 27520
49 1791251327789163 26613
50 1791251327803564 21016
51 1791251327828377 24810
52 1791251327844627 22630
53 1791251327865185 20556
54 1791251327885495 23208
55 1791251327908259 24898
56 1791251327937282 34629
57 1791251327951003 27617
58 1791251327965181 21884
59 1791251327985756 23361
60 1791251328005962 23484
61 1791251328025190 21322
62 1791251328043895 21859
63 1791251328072628 28730
64 1791251328089475 26813
65 1791251328103839 20814
66 1791251328131804 27962
67 1791251328149943 25930
68 1791251328165433 22352
69 1791251328187722 24437
70 1791251328211384 24145
71 1791251328226408 22784
72 1791251328244813 22055
73 1791251328264555 22154
74 1791251328286039 23507
75 1791251328312861 26818
76 1791251328331085 25182
77 1791251328343372 20857
78 1791251328372909 29533
79 1791251328385148 23700
80 1791251328408617 23465
81 1791251328424698 20942
82 1791251328443744 20562
83 1791251328464031 21755
84 1791251328487578 24759
85 1791251328505954 21856
86 1791251328524480 21801
87 1791251328545904 23213
88 1791251328563332 20879
89 1791251328584390 22260
90 1791251328604088 21501
91 1791251328626022 22548
92 1791251328645258 22145
93 1791251328665445 21376
94 1791251328693940 30469
95 1791251328708143 23674
96 1791251328724776 21770
97 1791251328744723 21781
98 1791251328770118 25392
99 1791251328783857 21496
100 1791251328804525 20666
101 1791251328832828 28300
102 1791251328845335 23011
103 1791251328872951 27731
104 1791251328891254 26969
105 1791251328905857 22403
106 1791251328925170 22789
107 1791251328944631 22183
108 1791251328981773 39292
109 1791251328984216 21906
110 1791251329007370 25595
111 1791251329028292 24976
112 1791251329052988 24780
113 1791251329072617 24368
114 1791251329083712 20631
115 1791251329104672 20957
116 1791251329125838 22884
117 1791251329149283 26464
118 1791251329168488 22132
119 1791251329190415 25756
120 1791251329207668 23846
121 1791251329230517 26967
122 1791251329245795 21723
123 1791251329265003 21049
124 1791251329282697 20822
125 1791251329303596 20945
126 1791251329328522 24922
127 1791251329346244 23552
128 1791251329363560 21971
129 1791251329385126 22725
130 1791251329404894 22455
131 1791251329423949 20989
132 1791251329445529 21575
133 1791251329466060 22560
134 1791251329485818 23640
135 1791251329504489 20684
136 1791251329525157 22592
137 1791251329547725 24584
138 1791251329564344 21585
139 1791251329583293 20879
140 1791251329605415 22120
141 1791251329623494 20700
142 1791251329652439 28942
143 1791251329662489 20649
144 1791251329684060 21568
145 1791251329704781 20719
146 1791251329730544 25759
147 1791251329745021 22875
148 1791251329763459 21674
149 1791251329785533 22070
150 1791251329805360 23191
151 1791251329832575 27212
152 1791251329845083 22838
153 1791251329870479 25393
154 1791251329884928 22029
155 1791251329912063 29710
156 1791251329929037 26885
157 1791251329946141 22265
158 1791251329971896 25872
159 1791251329988960 23052
160 1791251330004703 22012
161 1791251330032484 28392
162 1791251330051568 28744
163 1791251330065899 21914
164 1791251330084847 22823
165 1791251330105073 22236
166 1791251330127497 22466
167 1791251330144976 22683
168 1791251330164495 21559
169 1791251330183825 21110
170 1791251330209511 25684
171 1791251330225324 23282
172 1791251330242794 20734
173 1791251330268421 25689
174 1791251330289203 25204
175 1791251330308954 26357
176 1791251330324696 21355
177 1791251330349707 25008
178 1791251330363892 21707
179 1791251330386730 23469
180 1791251330403960 21186
181 1791251330425712 21749
182 1791251330442592 20552
183 1791251330465639 23044
184 1791251330485239 22883
185 1791251330514652 29409
186 1791251330532774 24119
187 1791251330546318 21991
188 1791251330566198 22967
189 1791251330592846 28864
190 1791251330605359 23025
191 1791251330626034 20791
192 1791251330653751 29533
193 1791251330665195 22168
194 1791251330686941 23712
195 1791251330708219 25194
196 1791251330725312 22159
197 1791251330750813 25585
198 1791251330767686 24546
199 1791251330793514 30453
200 1791251330803993 21132
201 1791251330825966 21970
202 1791251330844678 22544
203 1791251330864373 21419
204 1791251330893543 29167
205 1791251330904728 20733
206 1791251330925808 23986
207 1791251330953278 27466
208 1791251330974124 25915
209 1791251330993032 25012
210 1791251331011476 25687
211 1791251331034461 28211
212 1791251331047238 25194
213 1791251331065825 22885
214 1791251331087203 21375
215 1791251331104519 20770
216 1791251331124677 21291
217 1791251331143696 21656
218 1791251331163528 20915
219 1791251331184572 21041
220 1791251331207928 23396
221 1791251331223723 21851
222 1791251331249009 26136
223 1791251331265172 23038
224 1791251331288694 25753
225 1791251331305070 22074
226 1791251331326006 23114
227 1791251331346967 24812
228 1791251331369349 24496
229 1791251331382805 20763
230 1791251331404831 22074
231 1791251331426076 21242
232 1791251331444989 21958
233 1791251331464192 21376
234 1791251331492684 28546
235 1791251331510200 24835
236 1791251331524152 20836
237 1791251331547036 22881
238 1791251331566074 21950
239 1791251331591041 27277
240 1791251331607550 24224
241 1791251331626028 22865
242 1791251331643744 21832
243 1791251331669700 25953
244 1791251331688051 23695
245 1791251331705809 23652
246 1791251331737198 31386
247 1791251331748183 24707
248 1791251331763474 20888
249 1791251331794214 30736
250 1791251331813893 28419
251 1791251331824439 20925
252 1791251331845629 21187
253 1791251331868951 26913
254 1791251331885035 21710
255 1791251331907487 24570
256 1791251331925566 22946
257 1791251331953036 30659
258 1791251331963246 20525
259 1791251331986907 23868
260 1791251332005818 21112
261 1791251332032859 27038
262 1791251332045252 20991
263 1791251332065870 22801
264 1791251332091314 26944
265 1791251332108755 24412
266 1791251332129232 25958
267 1791251332144259 21719
268 1791251332165819 21557
269 1791251332192079 26257
270 1791251332209093 27126
271 1791251332225757 22397
272 1791251332249274 23496
273 1791251332265657 21321
274 1791251332293528 30632
275 1791251332304573 21995
276 1791251332324580 22645
277 1791251332348989 24406
278 1791251332365947 21570
279 1791251332390941 26926
280 1791251332404828 21288
281 1791251332426059 21229
282 1791251332445641 23167
283 1791251332465456 22944
284 1791251332485145 21622
285 1791251332505687 23740
286 1791251332525235 21269
287 1791251332552038 29225
288 1791251332569737 25617
289 1791251332589175 26858
290 1791251332604235 20931
291 1791251332625898 21660
292 1791251332644557 20688
293 1791251332665572 21503
294 1791251332683110 20887
295 1791251332702571 20596
296 1791251332723212 20637
297 1791251332745678 22462
298 1791251332764370 20689
299 1791251332785412 21040
300 1791251332805784 22505
301 1791251332822766 20554
302 1791251332847043 24274
303 1791251332865168 22933
304 1791251332884245 21065
305 1791251332910978 26731
306 1791251332933556 26825
307 1791251332945964 22682
308 1791251332963784 21781
309 1791251332987380 24659
310 1791251333013686 26239
311 1791251333024008 21865
312 1791251333045192 21278
313 1791251333067104 24911
314 1791251333087833 23628
315 1791251333109048 26814
316 1791251333132073 28306
317 1791251333153749 31300
318 1791251333165589 21547
319 1791251333183620 20817
320 1791251333208869 26005
321 1791251333224613 22010
322 1791251333245452 20832
323 1791251333265176 22094
324 1791251333288532 25721
325 1791251333313642 30005
326 1791251333327348 24095
327 1791251333352416 25064
328 1791251333368344 25600
329 1791251333383270 21056
330 1791251333408918 25730
331 1791251333426121 22082
332 1791251333443975 21038
333 1791251333472909 29957
334 1791251333483538 20815
335 1791251333505181 21718
336 1791251333525410 22836
337 1791251333552683 28785
338 1791251333572619 29230
339 1791251333583660 20564
340 1791251333607222 24593
341 1791251333623155 21047
342 1791251333646493 23333
343 1791251333670304 23804
344 1791251333685535 22515
345 1791251333714361 28821
346 1791251333726907 23602
347 1791251333745708 22545
348 1791251333765298 22883
349 1791251333785375 22493
350 1791251333813675 28293
351 1791251333825112 23085
352 1791251333843390 20858
353 1791251333866702 23854
354 1791251333888202 24496
355 1791251333904721 21004
356 1791251333926957 22232
357 1791251333953959 26997
358 1791251333966674 22566
359 1791251333983715 21149
360 1791251334007658 24085
361 1791251334025494 23124
362 1791251334053670 28170
363 1791251334067466 25707
364 1791251334085468 22034
365 1791251334113165 29546
366 1791251334133104 27445
367 1791251334145733 23103
368 1791251334164708 21817
369 1791251334186044 22563
370 1791251334205402 23483
371 1791251334229216 25884
372 1791251334246095 23737
373 1791251334265855 21861
374 1791251334286032 23777
375 1791251334315048 29012
376 1791251334326508 24133
377 1791251334349770 25518
378 1791251334372152 28901
379 1791251334389049 26959
380 1791251334404347 20621
381 1791251334433431 29079
382 1791251334443696 20631
383 1791251334466114 22413
384 1791251334491638 27397
385 1791251334512456 28767
386 1791251334523901 21690
387 1791251334545666 23987
388 1791251334567900 24777
389 1791251334589922 27910
390 1791251334606167 22792
391 1791251334625604 21489
392 1791251334652398 29419
393 1791251334670163 27596
394 1791251334687655 26158
395 1791251334704881 22276
396 1791251334736384 31497
397 1791251334746833 24668
398 1791251334764931 23181
399 1791251334788432 23490
400 1791251334806335 20983
401 1791251334832753 26414
402 1791251334844045 21232
403 1791251334874999 30951
404 1791251334894573 32145
405 1791251334908057 25085
406 1791251334929210 25606
407 1791251334970465 46761
408 1791251334977316 31571
409 1791251334998984 36450
410 1791251335012301 29630
411 1791251335028397 24440
412 1791251335053492 29354
413 1791251335077726 34779
414 1791251335091965 29352
415 1791251335115799 32526
416 1791251335135035 31070
417 1791251335152576 29752
418 1791251335172175 26731
419 1791251335199453 34526
420 1791251335215878 29429
421 1791251335230702 26956
422 1791251335257781 31779
423 1791251335277611 33787
424 1791251335290620 26744
425 1791251335313150 29085
426 1791251335333896 29341
427 1791251335356002 32736
428 1791251335374671 29383
429 1791251335394446 29999
430 1791251335414264 30278
431 1791251335429902 27132
432 1791251335456390 26487
433 1791251335475328 31907
434 1791251335493755 29406
435 1791251335509763 27100
436 1791251335532862 26340
437 1791251335550143 22335
438 1791251335575963 31596
439 1791251335592021 28065
440 1791251335614027 31194
441 1791251335633803 30213
442 1791251335653351 30739
443 1791251335673321 27898
444 1791251335698269 35522
445 1791251335709159 25604
446 1791251335732674 28550
447 1791251335752357 28810
448 1791251335776025 33564
449 1791251335795177 30804
450 1791251335822651 40174
451 1791251335833747 30171
452 1791251335852443 29788
453 1791251335872413 30400
454 1791251335893637 31607
455 1791251335914311 31795
456 1791251335932564 29247
457 1791251335954520 27703
458 1791251335968221 25231
459 1791251335991671 28409
460 1791251336014145 30367
461 1791251336034935 32841
462 1791251336052283 28769
463 1791251336074386 31120
464 1791251336093699 30992
465 1791251336113388 30914
466 1791251336128278 25340
467 1791251336143599 21797
468 1791251336175379 32073
469 1791251336193126 29659
470 1791251336214615 26655
471 1791251336236388 30236
472 1791251336255019 31799
473 1791251336273409 29961
474 1791251336290063 27526
475 1791251336313058 30800
476 1791251336337971 31011
477 1791251336361634 35701
478 1791251336384689 40276
479 1791251336393335 31692
480 1791251336420227 37782
481 1791251336445405 42452
482 1791251336469109 46188
483 1791251336503319 57909
484 1791251336513681 50961
485 1791251336543371 59630
486 1791251336563959 60630
487 1791251336587687 64703
488 1791251336613960 70584
489 1791251336631369 67406
490 1791251336653281 69336
491 1791251336682407 77531
492 1791251336692884 70231
493 1791251336715613 70971
494 1791251336743749 74836
495 1791251336754793 72384
496 1791251336775410 72086
497 1791251336792963 69332
498 1791251336824283 80532
499 1791251336837726 73675
500 1791251336856029 74395
501 1791251336873464 70879
502 1791251336894201 69914
503 1791251336916642 72828
504 1791251336934508 71881
505 1791251336963172 81255
506 1791251336975925 73197
507 1791251336995562 73056
508 1791251337014571 67275
509 1791251337032461 69285
510 1791251337058342 74360
511 1791251337077925 73703
512 1791251337096060 73939
513 1791251337126077 82284
514 1791251337139327 74863
515 1791251337165410 80634
516 1791251337193770 89573
517 1791251337209465 84095
518 1791251337226849 81882
519 1791251337244651 81335
520 1791251337264264 80968
521 1791251337285107 82215
522 1791251337304796 81971
523 1791251337327679 83692
524 1791251337346806 82534
525 1791251337373177 88714
526 1791251337392510 88102
527 1791251337414233 89451
528 1791251337431936 89100
529 1791251337447639 83478
530 1791251337463034 78681
531 1791251337486572 82818
532 1791251337514848 89944
533 1791251337543868 96224
534 1791251337554245 91202
535 1791251337573532 89162
536 1791251337596268 92871
537 1791251337614375 92186
538 1791251337634747 91432
539 1791251337657750 95059
540 1791251337685531 100798
541 1791251337704827 101194
542 1791251337715900 94116
543 1791251337739523 96714
544 1791251337762178 98510
545 1791251337774116 91320
546 1791251337795865 92516
547 1791251337822894 99887
548 1791251337846911 101455
549 1791251337856998 94817
550 1791251337883524 97918
551 1791251337903210 99954
552 1791251337923764 100865
553 1791251337943383 101004
554 1791251337961932 98731
555 1791251337993060 109534
556 1791251338003555 100342
557 1791251338026330 102562
558 1791251338052145 109050
559 1791251338062794 100858
560 1791251338082497 97982
561 1791251338104214 100656
562 1791251338123500 101811
563 1791251338148725 106194
564 1791251338167555 104758
565 1791251338193603 111104
566 1791251338213332 109115
567 1791251338234477 110974
568 1791251338253682 109556
569 1791251338271951 109797
570 1791251338291650 108530
571 1791251338309356 105536
572 1791251338332312 107746
573 1791251338355462 111667
574 1791251338376206 114065
575 1791251338395066 112993
576 1791251338415234 109834
577 1791251338441639 114284
578 1791251338452733 109690
579 1791251338476104 112997
580 1791251338494769 111037
581 1791251338509115 106823
582 1791251338537878 109706
583 1791251338552735 111094
584 1791251338572422 108811
585 1791251338592739 110253
586 1791251338617679 114549
587 1791251338633488 111208
588 1791251338654031 110792
589 1791251338676192 114066
590 1791251338696873 112927
591 1791251338717863 111703
592 1791251338738431 115481
593 1791251338755746 112110
594 1791251338777633 113240
595 1791251338793069 110310
596 1791251338812003 108333
597 1791251338834016 110443
598 1791251338848402 106488
599 1791251338876161 108961
600 1791251338893074 110335
601 1791251338906375 103766
602 1791251338927353 104829
603 1791251338947677 104284
604 1791251338962676 101095
605 1791251338983586 99044
606 1791251339004147 98513
607 1791251339023538 99362
608 1791251339046478 102738
609 1791251339057195 94515
610 1791251339079917 96586
611 1791251339100495 97650
612 1791251339115313 91772
613 1791251339134280 87984
614 1791251339153141 88497
615 1791251339167580 82867
616 1791251339199446 94788
617 1791251339204078 81007
618 1791251339222987 78893
619 1791251339245746 81098
620 1791251339256322 73962
621 1791251339272709 68629
622 1791251339288997 66007
623 1791251339307668 62186
624 1791251339323909 60841
625 1791251339343774 60857
626 1791251339365731 58059
627 1791251339382735 59853
628 1791251339397248 53472
629 1791251339420725 54991
630 1791251339435000 52262
631 1791251339450348 45767
632 1791251339465518 43244
633 1791251339485103 42010
634 1791251339506867 44292
635 1791251339521027 38854
636 1791251339546214 39344
637 1791251339560829 34396
638 1791251339579149 32932
639 1791251339594517 30127
640 1791251339613543 29952
641 1791251339631365 28166
642 1791251339655607 30924
643 1791251339672863 29994
644 1791251339694222 30998
645 1791251339709767 27625
646 1791251339732109 28348
647 1791251339754016 30616
648 1791251339775683 31517
649 1791251339794893 31654
650 1791251339815394 30759
651 1791251339832875 29553
652 1791251339851489 29196
653 1791251339874047 30142
654 1791251339891829 29396
655 1791251339914174 30417
656 1791251339934531 30291
657 1791251339955199 30968
658 1791251339968158 25555
659 1791251339996664 28503
660 1791251340012126 28877
661 1791251340039248 36033
662 1791251340053331 30789
663 1791251340077792 32907
664 1791251340093513 28955
665 1791251340112151 27461
666 1791251340134377 28337
667 1791251340152374 29431
668 1791251340168714 24969
669 1791251340193138 27369
670 1791251340209352 26724
671 1791251340233553 29794
672 1791251340254348 31371
673 1791251340267579 23546
674 1791251340294380 31595
675 1791251340312923 30242
676 1791251340332934 29407
677 1791251340354883 31128
678 1791251340373173 28672
679 1791251340402387 40015
680 1791251340412522 30203
681 1791251340433683 31294
682 1791251340453039 29887
683 1791251340477626 35043
684 1791251340499864 37226
685 1791251340525829 42309
686 1791251340549917 46120
687 1791251340572349 46515
688 1791251340595522 45602
689 1791251340606095 44023
690 1791251340643527 60615
691 1791251340654723 52545
692 1791251340681153 54744
693 1791251340703168 59637
694 1791251340719916 56094
695 1791251340745237 62185
696 1791251340773262 70091
697 1791251340794065 69955
698 1791251340813587 70741
699 1791251340833722 71147
700 1791251340862243 79633
701 1791251340883203 80990
702 1791251340905569 82931
703 1791251340933142 86824
704 1791251340953454 91208
705 1791251340981636 98683
706 1791251341005237 101541
707 1791251341025552 102619
708 1791251341052194 106647
709 1791251341071004 108439
710 1791251341099139 117500
711 1791251341122700 117460
712 1791251341144003 121479
713 1791251341169471 126316
714 1791251341195231 132315
715 1791251341215170 132498
716 1791251341244091 139543
717 1791251341264568 142040
718 1791251341288135 144129
719 1791251341314172 150696
720 1791251341333729 151075
721 1791251341362878 159252
722 1791251341384012 161719
723 1791251341408368 165123
724 1791251341425968 161649
725 1791251341456210 172499
726 1791251341475369 171558
727 1791251341502947 179690
728 1791251341523566 181014
729 1791251341544073 181285
730 1791251341567136 183120
731 1791251341590291 187597
732 1791251341612727 189932
733 1791251341634460 190796
734 1791251341654440 189527
735 1791251341671345 184257
736 1791251341684214 181264
737 1791251341702222 179077
738 1791251341719044 176027
739 1791251341739893 176106
740 1791251341755487 172844
741 1791251341775137 169717
742 1791251341798388 175244
743 1791251341813412 171376
744 1791251341834288 169835
745 1791251341848607 165039
746 1791251341866104 163879
747 1791251341883998 159794
748 1791251341906290 162621
749 1791251341914468 152730
750 1791251341933611 147062
751 1791251341946997 144320
752 1791251341957796 135484
753 1791251341973738 128995
754 1791251341985943 122806
755 1791251342000860 117094
756 1791251342016742 113480
757 1791251342026984 104802
758 1791251342046810 104154
759 1791251342060100 97027
760 1791251342072322 86607
761 1791251342085210 82871
762 1791251342095270 71278
763 1791251342115145 68332
764 1791251342123236 60382
765 1791251342147748 63688
766 1791251342153309 49326
767 1791251342163138 39899
768 1791251342178591 30840
769 1791251342199236 36485
770 1791251342220522 36808
771 1791251342235378 32704
772 1791251342257473 34911
773 1791251342267851 24935
774 1791251342304119 40511
775 1791251342314357 31760
776 1791251342333992 29870
777 1791251342352614 29722
778 1791251342373480 30633
779 1791251342396360 34436
780 1791251342417788 34478
781 1791251342429539 24273
782 1791251342458206 34066
783 1791251342481873 39960
784 1791251342495156 32499
785 1791251342504333 22457
786 1791251342535518 32913
787 1791251342554198 30277
788 1791251342575681 33180
789 1791251342593615 30281
790 1791251342614830 32635
791 1791251342633490 29228
792 1791251342654618 29126
793 1791251342670835 27009
794 1791251342694124 29890
795 1791251342710518 27620
796 1791251342738060 34256
797 1791251342748386 24907
798 1791251342776191 30744
799 1791251342796918 35091
800 1791251342812630 29902
801 1791251342835688 33051
802 1791251342852534 30458
803 1791251342879825 36152
804 1791251342895041 30616
805 1791251342916777 32299
806 1791251342937526 32190
807 1791251342955153 32950
808 1791251342968644 25797
809 1791251342994610 30349
810 1791251343009246 27392
811 1791251343028801 25687
812 1791251343050271 26019
813 1791251343071981 28207
814 1791251343094243 25977
815 1791251343116636 33557
816 1791251343133697 31010
817 1791251343157962 34566
818 1791251343168698 26108
819 1791251343192206 27517
820 1791251343215476 33000
821 1791251343233573 31245
822 1791251343257891 33907
823 1791251343277091 32096
824 1791251343293316 29832
825 1791251343313834 30683
826 1791251343336984 32913
827 1791251343355756 33560
828 1791251343380114 35450
829 1791251343392801 29649
830 1791251343416639 33437
831 1791251343437308 32768
832 1791251343453996 30638
833 1791251343471490 27934
834 1791251343493695 29553
835 1791251343513709 31717
836 1791251343536086 30108
837 1791251343551725 27423
838 1791251343573307 28646
839 1791251343592060 29975
840 1791251343613680 30243
841 1791251343626510 24195
842 1791251343658574 35782
843 1791251343676192 32558
844 1791251343697423 32809
845 1791251343713423 30583
846 1791251343735933 33492
847 1791251343753120 29856
848 1791251343774557 27405
849 1791251343792793 29437
850 1791251343809714 27454
851 1791251343835827 31785
852 1791251343854471 31009
853 1791251343874501 27154
854 1791251343889659 25752
855 1791251343913066 31056
856 1791251343936716 27927
857 1791251343954584 31957
858 1791251343980562 35367
859 1791251343994590 28437
860 1791251344017058 35112
861 1791251344032656 26800
862 1791251344053878 27786
863 1791251344074701 27507
864 1791251344087910 25760
865 1791251344115064 31078
866 1791251344137798 28512
867 1791251344153603 31246
868 1791251344175163 31129
869 1791251344190660 26996
870 1791251344216264 31495
871 1791251344234548 31941
872 1791251344254963 32063
873 1791251344268106 25210
874 1791251344304236 41765
875 1791251344315502 32706
876 1791251344335308 31068
877 1791251344354274 30502
878 1791251344373425 26544
879 1791251344393369 28593
880 1791251344416324 32497
881 1791251344430241 26268
882 1791251344456541 33408
883 1791251344467887 24838
884 1791251344491096 27709
885 1791251344514749 31497
886 1791251344534565 31267
887 1791251344554134 29990
888 1791251344565221 23059
889 1791251344591947 27466
890 1791251344613114 30529
891 1791251344627605 25232
892 1791251344654901 30492
893 1791251344675997 32865
894 1791251344693535 30084
895 1791251344715025 32171
896 1791251344735997 31918
897 1791251344754385 31017
898 1791251344774561 26238
899 1791251344794577 30694
900 1791251344813663 30732
901 1791251344828209 26265
902 1791251344854499 31470
903 1791251344865626 23042
904 1791251344886380 24069
905 1791251344914159 31698
906 1791251344935910 27359
907 1791251344956733 32275
908 1791251344965794 22935
909 1791251344995622 31193
910 1791251345013212 30363
911 1791251345028964 25248
912 1791251345053726 29293
913 1791251345070932 27785
914 1791251345095244 33249
915 1791251345113800 29784
916 1791251345129397 25745
917 1791251345148305 23758
918 1791251345166171 22584
919 1791251345189308 26835
920 1791251345213620 29089
921 1791251345223826 20913
922 1791251345248068 26047
923 1791251345275228 31421
924 1791251345296909 29364
925 1791251345314288 30898
926 1791251345327478 24841
927 1791251345345464 22062
928 1791251345367295 25556
929 1791251345390948 29263
930 1791251345409128 25613
931 1791251345435201 31694
932 1791251345452128 27728
933 1791251345468409 25969
934 1791251345502379 38921
935 1791251345523383 41393
936 1791251345544572 42190
937 1791251345563048 39660
938 1791251345593012 51080
939 1791251345614849 51798
940 1791251345634717 52218
941 1791251345656580 54272
942 1791251345682458 58192
943 1791251345705293 62419
944 1791251345732929 67665
945 1791251345749631 67206
946 1791251345775166 72978
947 1791251345789522 66288
948 1791251345806426 62367
949 1791251345833652 70258
950 1791251345853547 69615
951 1791251345873163 70952
952 1791251345895170 70416
953 1791251345908080 66030
954 1791251345935592 72446
955 1791251345949973 66056
956 1791251345983662 77040
957 1791251345996219 73391
958 1791251346020437 74899
959 1791251346045817 78151
960 1791251346055928 72263
961 1791251346083271 80228
962 1791251346102307 79959
963 1791251346117198 71379
964 1791251346142857 79147
965 1791251346164099 81445
966 1791251346182549 80238
967 1791251346200750 77395
968 1791251346227791 84929
969 1791251346243829 79727
970 1791251346264027 81475
971 1791251346284801 82224
972 1791251346309600 81807
973 1791251346323825 81243
974 1791251346343887 81888
975 1791251346375470 90945
976 1791251346381134 79231
977 1791251346414077 90311
978 1791251346429577 85687
979 1791251346454164 88058
980 1791251346465269 82770
981 1791251346494709 90601
982 1791251346514694 90434
983 1791251346535769 88426
984 1791251346554140 88868
985 1791251346573693 90293
986 1791251346593549 87573
987 1791251346615766 92069
988 1791251346636919 93256
989 1791251346657949 92558
990 1791251346675970 92675
991 1791251346698742 94477
992 1791251346718588 96233
993 1791251346741769 98702
994 1791251346755961 92659
995 1791251346784016 99588
996 1791251346805064 101714
997 1791251346822547 98658
998 1791251346837307 95534
999 1791251346862147 100018
1000 1791251346883312 99985
1001 1791251346910437 108296
1002 1791251346926266 103716
1003 1791251346943630 100709
1004 1791251346968411 106261
1005 1791251346988990 106564
1006 1791251347013622 106880
1007 1791251347025468 102034
1008 1791251347045002 101370
1009 1791251347073154 104740
1010 1791251347087679 105488
1011 1791251347106622 103340
1012 1791251347133944 111872
1013 1791251347153461 110539
1014 1791251347179615 116683
1015 1791251347192658 108783
1016 1791251347207782 105023
1017 1791251347226093 103565
1018 1791251347257726 108286
1019 1791251347264058 100374
1020 1791251347293200 110139
1021 1791251347312762 110827
1022 1791251347337261 114627
1023 1791251347353714 110421
1024 1791251347374160 110099
1025 1791251347397353 113583
1026 1791251347416596 112121
1027 1791251347435197 112274
1028 1791251347454389 110957
1029 1791251347477157 113467
1030 1791251347493445 109616
1031 1791251347511892 107859
1032 1791251347533567 111711
1033 1791251347553840 110818
1034 1791251347578674 115990
1035 1791251347598363 115633
1036 1791251347616656 113237
1037 1791251347640042 117672
1038 1791251347656786 113651
1039 1791251347674449 112426
1040 1791251347694685 112810
1041 1791251347721889 116357
1042 1791251347742496 120439
1043 1791251347762400 118709
1044 1791251347778133 114612
1045 1791251347798036 113920
1046 1791251347818952 116871
1047 1791251347832940 111048
1048 1791251347853874 111375
1049 1791251347877195 114792
1050 1791251347897557 114488
1051 1791251347920386 118053
1052 1791251347933235 110553
1053 1791251347955547 111848
1054 1791251347975292 112300
1055 1791251347996071 113235
1056 1791251348007315 105351
1057 1791251348031278 108626
1058 1791251348056242 112054
1059 1791251348062645 99030
1060 1791251348084236 100412
1061 1791251348107102 103201
1062 1791251348123215 100142
1063 1791251348137138 93151
1064 1791251348154309 91661
1065 1791251348174805 91737
1066 1791251348189880 86774
1067 1791251348207709 84491
1068 1791251348231683 88813
1069 1791251348243852 79926
1070 1791251348261773 76337
1071 1791251348274546 72178
1072 1791251348294217 71206
1073 1791251348308757 66456
1074 1791251348324454 62678
1075 1791251348346298 62577
1076 1791251348365363 61823
1077 1791251348384166 59709
1078 1791251348397267 54837
1079 1791251348417666 53647
1080 1791251348435949 51781
1081 1791251348450724 45954
1082 1791251348470753 47543
1083 1791251348483403 39010
1084 1791251348507202 43944
1085 1791251348517701 35116
1086 1791251348535152 31829
1087 1791251348555926 31909
1088 1791251348574650 31574
1089 1791251348601817 38460
1090 1791251348614221 31888
1091 1791251348628051 26232
1092 1791251348650970 28136
1093 1791251348674789 29473
1094 1791251348694400 31392
1095 1791251348715690 28755
1096 1791251348730871 29071
1097 1791251348754187 30817
1098 1791251348774289 31312
1099 1791251348793226 30491
1100 1791251348817603 32147
1101 1791251348834680 31744
1102 1791251348854627 31215
1103 1791251348866013 24011
1104 1791251348887140 25302
1105 1791251348920010 37426
1106 1791251348932517 29311
1107 1791251348958101 34477
1108 1791251348972441 29146
1109 1791251348995640 31473
1110 1791251349013756 29694
1111 1791251349032443 26471
1112 1791251349054849 31835
1113 1791251349071834 28155
1114 1791251349086055 22780
1115 1791251349106743 22653
1116 1791251349132977 30088
1117 1791251349156863 31109
1118 1791251349174278 32174
1119 1791251349193090 30124
1120 1791251349216051 33414
1121 1791251349228969 25039
1122 1791251349254003 31316
1123 1791251349278836 31858
1124 1791251349291582 29040
1125 1791251349314668 31381
1126 1791251349327448 23641
1127 1791251349348556 26232
1128 1791251349372214 27784
1129 1791251349388037 25106
1130 1791251349415248 27208
1131 1791251349441582 34981
1132 1791251349453508 30153
1133 1791251349471009 29424
1134 1791251349485987 23684
1135 1791251349515216 31843
1136 1791251349533324 29155
1137 1791251349548985 24996
1138 1791251349570366 26308
1139 1791251349594964 31426
1140 1791251349613875 26254
1141 1791251349635324 32065
1142 1791251349662085 38201
1143 1791251349674402 26864
1144 1791251349687823 25734
1145 1791251349713740 31861
1146 1791251349735605 32638
1147 1791251349755103 32912
1148 1791251349781575 37562
1149 1791251349803611 40768
1150 1791251349824331 42753
1151 1791251349848458 44844
1152 1791251349874401 50104
1153 1791251349896829 54007
1154 1791251349914660 53123
1155 1791251349944587 62436
1156 1791251349968046 64118
1157 1791251349992005 64780
1158 1791251350014443 70240
1159 1791251350043414 78390
1160 1791251350060644 76107
1161 1791251350083463 80349
1162 1791251350107345 85765
1163 1791251350114824 71408
1164 1791251350114828 50602
1165 1791251350114831 32303
1166 1791251350133450 26494
1167 1791251350147737 24748
1168 1791251350164374 21580
1169 1791251350186652 22275
1170 1791251350206450 23724
1171 1791251350233618 30175
1172 1791251350245845 23709
1173 1791251350272160 26312
1174 1791251350288398 25554
1175 1791251350305576 21938
1176 1791251350325675 22166
1177 1791251350351274 25591
1178 1791251350374385 27932
1179 1791251350389182 21686
1180 1791251350405425 23639
1181 1791251350434009 28680
1182 1791251350445319 22857
1183 1791251350465204 22947
1184 1791251350488060 24705
1185 1791251350513780 31331
1186 1791251350526409 24190
1187 1791251350552413 26002
1188 1791251350564862 22593
1189 1791251350584273 22415
1190 1791251350606948 22672
1191 1791251350625011 22612
1192 1791251350645536 22630
1193 1791251350667451 24126
1194 1791251350683478 20873
1195 1791251350704979 21499
1196 1791251350725231 23166
1197 1791251350745181 23111
1198 1791251350774345 31303
1199 1791251350790481 26570
1200 1791251350809599 20701
1201 1791251350834662 28663
1202 1791251350845985 21813
1203 1791251350871621 28748
1204 1791251350889737 26860
1205 1791251350906006 22704
1206 1791251350924797 21010
1207 1791251350945612 21904
1208 1791251350966008 23301
1209 1791251350987275 23261
1210 1791251351013501 26223
1211 1791251351031791 23832
1212 1791251351051603 27601
1213 1791251351072852 29904
1214 1791251351095787 32695
1215 1791251351108190 25687
1216 1791251351130907 25685
1217 1791251351151966 29331
1218 1791251351167523 24957
1219 1791251351187608 23072
1220 1791251351209905 25079
1221 1791251351226927 23355
1222 1791251351245544 22939
1223 1791251351272409 29764
1224 1791251351289446 26812
1225 1791251351311993 28204
1226 1791251351332427 30488
1227 1791251351346598 23192
1228 1791251351366011 24291
1229 1791251351385411 22811
1230 1791251351406363 22781
1231 1791251351427794 25034
1232 1791251351452637 24964
1233 1791251351472814 27646
1234 1791251351490641 26509
1235 1791251351506976 24739
1236 1791251351525097 21611
1237 1791251351545128 22118
1238 1791251351573130 30196
1239 1791251351592936 28207
1240 1791251351613638 29930
1241 1791251351632649 28920
1242 1791251351649478 24443
1243 1791251351665723 22655
1244 1791251351688921 26958
1245 1791251351705538 22831
1246 1791251351727637 22085
1247 1791251351754280 31169
1248 1791251351768965 26808
1249 1791251351794487 27004
1250 1791251351804868 20686
1251 1791251351824594 22405
1252 1791251351846459 23561
1253 1791251351863868 20259
1254 1791251351887566 23746
1255 1791251351905335 20496
1256 1791251351925490 23579
1257 1791251351947129 24243
1258 1791251351968559 24160
1259 1791251351985198 22608
1260 1791251352009997 24795
1261 1791251352035265 30492
1262 1791251352053698 25625
1263 1791251352068480 25121
1264 1791251352085667 22769
1265 1791251352104387 22667
1266 1791251352127315 22925
1267 1791251352143028 20984
1268 1791251352167365 24334
1269 1791251352185168 22850
1270 1791251352205252 20991
1271 1791251352223217 20735
1272 1791251352252884 29664
1273 1791251352272983 28629
1274 1791251352291965 27301
1275 1791251352309708 27171
1276 1791251352330661 27094
1277 1791251352351775 28774
1278 1791251352372810 29815
1279 1791251352383453 21295
1280 1791251352404450 20994
1281 1791251352425552 21154
1282 1791251352445734 23161
1283 1791251352462681 21026
1284 1791251352487429 24745
1285 1791251352512009 24577
1286 1791251352523346 21790
1287 1791251352546580 23231
1288 1791251352571960 25475
1289 1791251352592892 26695
1290 1791251352606826 22580
1291 1791251352627157 20601
1292 1791251352652420 27936
1293 1791251352664850 22201
1294 1791251352690626 26727
1295 1791251352708457 24600
1296 1791251352729743 21283
1297 1791251352746167 21392
1298 1791251352773395 30497
1299 1791251352785491 22361
1300 1791251352806444 21111
1301 1791251352825167 21908
1302 1791251352845507 22904
1303 1791251352867137 24315
1304 1791251352888145 24516
1305 1791251352906333 22672
1306 1791251352930793 24599
1307 1791251352950738 28008
1308 1791251352972593 29659
1309 1791251352984126 21878
1310 1791251353010932 26804
1311 1791251353027871 24704
1312 1791251353043985 21069
1313 1791251353065117 21129
1314 1791251353084713 22287
1315 1791251353107389 24798
1316 1791251353128498 24936
1317 1791251353149159 25602
1318 1791251353165281 21918
1319 1791251353184356 20921
1320 1791251353208401 24433
1321 1791251353225705 21954
1322 1791251353252371 28974
1323 1791251353273390 30121
1324 1791251353296120 31842
1325 1791251353313539 29723
1326 1791251353338056 34134
1327 1791251353349289 25554
1328 1791251353374601 30669
1329 1791251353398674 36026
1330 1791251353414606 30369
1331 1791251353428821 26563
1332 1791251353455430 33505
1333 1791251353472541 29769
1334 1791251353502800 38907
1335 1791251353512000 29086
1336 1791251353535833 33031
1337 1791251353553892 30207
1338 1791251353568394 24392
1339 1791251353595753 29725
1340 1791251353607907 25168
1341 1791251353628106 25672
1342 1791251353654233 31959
1343 1791251353678793 31470
1344 1791251353685620 23230
1345 1791251353714076 29773
1346 1791251353726161 23573
1347 1791251353755141 30689
1348 1791251353772358 29342
1349 1791251353792286 28997
1350 1791251353814286 31279
1351 1791251353830143 27580
1352 1791251353853054 30325
1353 1791251353878608 35243
1354 1791251353893221 26696
1355 1791251353913985 30475
1356 1791251353927100 24515
1357 1791251353959813 35035
1358 1791251353973461 30767
1359 1791251353991790 28658
1360 1791251354015682 33544
1361 1791251354036243 33340
1362 1791251354053744 30322
1363 1791251354074242 30790
1364 1791251354101399 37709
1365 1791251354111755 28157
1366 1791251354126420 25019
1367 1791251354147137 25115
1368 1791251354165238 23538
1369 1791251354194508 31025
1370 1791251354215733 28424
1371 1791251354229219 27575
1372 1791251354249800 27584
1373 1791251354274016 25935
1374 1791251354288286 25587
1375 1791251354314641 28931
1376 1791251354333520 29204
1377 1791251354354246 30582
1378 1791251354364612 22735
1379 1791251354396265 32644
1380 1791251354410454 27150
1381 1791251354433383 28098
1382 1791251354455183 29183
1383 1791251354473933 30057
1384 1791251354497897 35274
1385 1791251354505603 22593
1386 1791251354525398 21621
1387 1791251354549133 25958
1388 1791251354576451 31610
1389 1791251354587104 24354
1390 1791251354608732 25515
1391 1791251354636554 31807
1392 1791251354652768 30696
1393 1791251354669487 25992
1394 1791251354694251 30166
1395 1791251354710425 27900
1396 1791251354724945 22329
1397 1791251354753849 29743
1398 1791251354770237 26668
1399 1791251354803260 33852
1400 1791251354810471 27090
1401 1791251354828547 25286
1402 1791251354849087 26212
1403 1791251354872372 26572
1404 1791251354886297 22452
1405 1791251354906795 24137
1406 1791251354935978 31605
1407 1791251354952945 30038
1408 1791251354972588 29923
1409 1791251354993372 29914
1410 1791251355015684 32272
1411 1791251355033622 29164
1412 1791251355044730 22374
1413 1791251355073046 29164
1414 1791251355092253 29520
1415 1791251355111486 28194
1416 1791251355137455 29865
1417 1791251355159037 30160
1418 1791251355179328 37032
1419 1791251355198999 34806
1420 1791251355205454 22583
1421 1791251355232266 29608
1422 1791251355255818 32602
1423 1791251355267139 24279
1424 1791251355294519 31052
1425 1791251355310159 27941
1426 1791251355325561 21981
1427 1791251355352584 30055
1428 1791251355373391 29676
1429 1791251355390082 28351
1430 1791251355410893 26278
1431 1791251355428854 26595
1432 1791251355459640 35811
1433 1791251355470407 28010
1434 1791251355487331 24699
1435 1791251355514466 31235
1436 1791251355542098 37214
1437 1791251355549178 26928
1438 1791251355566465 24364
1439 1791251355600030 37532
1440 1791251355612367 29416
1441 1791251355630540 24795
1442 1791251355653540 30119
1443 1791251355680500 34545
1444 1791251355689953 26194
1445 1791251355715943 31734
1446 1791251355725050 21900
1447 1791251355745604 22503
1448 1791251355774637 30770
1449 1791251355785123 22801
1450 1791251355813959 30717
1451 1791251355830592 28129
1452 1791251355855352 30824
1453 1791251355873497 30065
1454 1791251355892216 26497
1455 1791251355907814 26010
1456 1791251355928958 25694
1457 1791251355948438 24541
1458 1791251355973287 28907
1459 1791251355995068 30556
1460 1791251356011929 27361
1461 1791251356034768 31657
1462 1791251356058677 30218
1463 1791251356066784 24639
1464 1791251356088401 26590
1465 1791251356108851 24301
1466 1791251356133914 29622
1467 1791251356156782 32706
1468 1791251356179473 34898
1469 1791251356197193 33814
1470 1791251356213176 28983
1471 1791251356225873 21928
1472 1791251356246131 23519
1473 1791251356264768 22530
1474 1791251356286878 22980
1475 1791251356305404 23542
1476 1791251356338865 36680
1477 1791251356345908 21902
1478 1791251356367500 23865
1479 1791251356384795 22560
1480 1791251356409596 26223
1481 1791251356434711 32055
1482 1791251356443836 22097
1483 1791251356467570 24945
1484 1791251356501461 36754
1485 1791251356511726 28964
1486 1791251356524714 23251
1487 1791251356551855 29487
1488 1791251356576337 33722
1489 1791251356589766 25521
1490 1791251356610866 27140
1491 1791251356635109 32403
1492 1791251356647883 25866
1493 1791251356673793 30584
1494 1791251356694476 31688
1495 1791251356713405 31251
1496 1791251356724475 22622
1497 1791251356747208 24641
1498 1791251356770214 25823
1499 1791251356786827 22685
1500 1791251356808414 25507
1501 1791251356830032 27340
1502 1791251356851683 28226
1503 1791251356880640 35555
1504 1791251356888144 26211
1505 1791251356906599 23067
1506 1791251356933140 29152
1507 1791251356952458 27930
1508 1791251356968358 24737
1509 1791251356992137 29692
1510 1791251357023112 35764
1511 1791251357033066 30358
1512 1791251357045631 22518
1513 1791251357067680 24472
1514 1791251357088461 24372
1515 1791251357110840 28892
1516 1791251357140369 34740
1517 1791251357153801 31383
1518 1791251357173479 26615
1519 1791251357193093 28955
1520 1791251357205635 21915
1521 1791251357227007 24355
1522 1791251357253435 29038
1523 1791251357282439 39563
1524 1791251357293788 28205
1525 1791251357312238 30120
1526 1791251357326989 22829
1527 1791251357353857 31214
1528 1791251357372888 29493
1529 1791251357393656 31250
1530 1791251357416000 31406
1531 1791251357426627 24084
1532 1791251357455876 32123
1533 1791251357469367 26980
1534 1791251357486140 23185
1535 1791251357513815 31044
1536 1791251357536779 32739
1537 1791251357550250 28280
1538 1791251357579892 32276
1539 1791251357586392 22851
1540 1791251357614264 29216
1541 1791251357632883 28933
1542 1791251357645576 22933
1543 1791251357678945 34804
1544 1791251357693854 31756
1545 1791251357716250 32584
1546 1791251357737173 33518
1547 1791251357764608 35596
1548 1791251357769843 26268
1549 1791251357799274 34663
1550 1791251357812480 30117
1551 1791251357835890 31561
1552 1791251357853958 30881
1553 1791251357876459 32756
1554 1791251357887313 23919
1555 1791251357910794 28118
1556 1791251357928781 25685
1557 1791251357964859 41884
1558 1791251357971273 27741
1559 1791251357992107 27473
1560 1791251358014427 30626
1561 1791251358035165 27552
1562 1791251358052501 29430
1563 1791251358073339 29586
1564 1791251358092314 28392
1565 1791251358112064 28612
1566 1791251358131059 26949
1567 1791251358151505 27520
1568 1791251358166039 23052
1569 1791251358187535 25172
1570 1791251358210517 27471
1571 1791251358225701 21602
1572 1791251358255901 33745
1573 1791251358268184 25661
1574 1791251358290094 26269
1575 1791251358312871 29938
1576 1791251358334033 30363
1577 1791251358351121 26392
1578 1791251358372300 29515
1579 1791251358397197 29876
1580 1791251358408116 25635
1581 1791251358433582 30699
1582 1791251358462858 39178
1583 1791251358473311 29660
1584 1791251358500097 37236
1585 1791251358514398 29224
1586 1791251358530914 28699
1587 1791251358554751 31640
1588 1791251358572288 29882
1589 1791251358587101 25121
1590 1791251358608520 25938
1591 1791251358633533 29503
1592 1791251358645307 22642
1593 1791251358673755 29800
1594 1791251358694291 29349
1595 1791251358715140 30262
1596 1791251358731002 26433
1597 1791251358756106 31662
1598 1791251358770611 28166
1599 1791251358792375 30091
1600 1791251358813744 30648
1601 1791251358833067 29287
1602 1791251358845428 22215
1603 1791251358874724 31171
1604 1791251358893617 29098
1605 1791251358904273 21866
1606 1791251358930037 25761
1607 1791251358952509 28975
1608 1791251358965997 23102
1609 1791251359002026 37297
1610 1791251359014066 27350
1611 1791251359032174 30144
1612 1791251359054739 32370
1613 1791251359068189 24272
1614 1791251359088994 25252
1615 1791251359114136 30894
1616 1791251359129316 27047
1617 1791251359158342 32561
1618 1791251359168256 25575
1619 1791251359194495 27958
1620 1791251359213677 31081
1621 1791251359239291 31586
1622 1791251359248439 25365
1623 1791251359272159 27603
1624 1791251359297559 34640
1625 1791251359307678 23958
1626 1791251359333338 29401
1627 1791251359352419 28231
1628 1791251359369811 26019
1629 1791251359386384 21816
1630 1791251359409209 25957
1631 1791251359428833 25894
1632 1791251359453608 29767
1633 1791251359469066 26877
1634 1791251359498134 33451
1635 1791251359519561 36577
1636 1791251359537584 33606
1637 1791251359548469 25821
1638 1791251359568401 25117
1639 1791251359591919 28526
1640 1791251359611571 28976
1641 1791251359633363 29762
1642 1791251359645712 23825
1643 1791251359665080 22481
1644 1791251359699758 34675
1645 1791251359720764 37839
1646 1791251359725577 22688
1647 1791251359752998 29914
1648 1791251359765482 23631
1649 1791251359793052 29672
1650 1791251359821673 37936
1651 1791251359825822 22193
1652 1791251359844743 23067
1653 1791251359870457 27735
1654 1791251359895421 32724
1655 1791251359906099 24365
1656 1791251359930081 26498
1657 1791251359950936 28757
1658 1791251359969103 25935
1659 1791251359990285 26283
1660 1791251360020541 32332
1661 1791251360035157 30541
1662 1791251360056539 32032
1663 1791251360074263 30145
1664 1791251360093026 29934
1665 1791251360113908 30847
1666 1791251360128952 26850
1667 1791251360145222 22018
1668 1791251360172657 30118
1669 1791251360190317 26291
1670 1791251360211908 29252
1671 1791251360239868 35142
1672 1791251360246877 23700
1673 1791251360272725 30016
1674 1791251360292441 29596
1675 1791251360310696 25958
1676 1791251360332108 28695
1677 1791251360364032 34795
1678 1791251360379633 35878
1679 1791251360391693 28317
1680 1791251360414456 30681
1681 1791251360425887 22345
1682 1791251360453863 32094
1683 1791251360468085 23725
1684 1791251360488361 24828
1685 1791251360518335 34150
1686 1791251360527130 22339
1687 1791251360564518 40007
1688 1791251360574695 32212
1689 1791251360590176 25655
1690 1791251360618185 32947
1691 1791251360643241 38307
1692 1791251360663790 41322
1693 1791251360667662 25389
1694 1791251360696040 32248
1695 1791251360709951 28134
1696 1791251360730294 26788
1697 1791251360750339 27661
1698 1791251360767103 23454
1699 1791251360791728 28724
1700 1791251360812667 28686
1701 1791251360833515 30850
1702 1791251360846784 23581
1703 1791251360872816 29847
1704 1791251360894541 31999
1705 1791251360918883 36414
1706 1791251360925523 23754
1707 1791251360964080 41205
1708 1791251360975828 32751
1709 1791251360994484 30401
1710 1791251361016228 31973
1711 1791251361032224 28969
1712 1791251361053032 30312
1713 1791251361074795 30455
1714 1791251361101373 36899
1715 1791251361117475 33069
1716 1791251361133679 30458
1717 1791251361149728 25615
1718 1791251361165255 21879
1719 1791251361191803 29415
1720 1791251361213927 30907
1721 1791251361230445 26866
1722 1791251361253562 28880
1723 1791251361271377 28210
1724 1791251361294729 32673
1725 1791251361315170 31121
1726 1791251361339242 37313
1727 1791251361360842 36898
1728 1791251361373564 30592
1729 1791251361397905 32925
1730 1791251361414437 31828
1731 1791251361438772 36309
1732 1791251361448956 27280
1733 1791251361471164 28490
1734 1791251361492650 29248
1735 1791251361516750 32859
1736 1791251361532761 29346
1737 1791251361547781 25689
1738 1791251361572052 29907
1739 1791251361595331 31523
1740 1791251361627958 44638
1741 1791251361642469 35781
1742 1791251361658519 30559
1743 1791251361673495 31019
1744 1791251361694459 30298
1745 1791251361714350 31595
1746 1791251361731544 29767
1747 1791251361761836 39117
1748 1791251361767520 23955
1749 1791251361795930 34092
1750 1791251361814204 32325
1751 1791251361830779 26948
1752 1791251361859100 34308
1753 1791251361873151 29587
1754 1791251361894606 32217
1755 1791251361910659 26289
1756 1791251361928544 25440
1757 1791251361949722 25822
1758 1791251361979622 37659
1759 1791251361991455 26985
1760 1791251362011831 28632
1761 1791251362031650 29340
1762 1791251362056705 31820
1763 1791251362067012 24385
1764 1791251362092772 29019
1765 1791251362112947 29392
1766 1791251362133515 31329
1767 1791251362162381 38329
1768 1791251362172452 27894
1769 1791251362193686 31302
1770 1791251362219360 32425
1771 1791251362237726 35282
1772 1791251362258765 35366
1773 1791251362273844 31337
1774 1791251362295401 31217
1775 1791251362313451 31050
1776 1791251362336009 32571
1777 1791251362352919 31175
1778 1791251362372838 30244
1779 1791251362396291 31109
1780 1791251362419754 35762
1781 1791251362437865 33273
1782 1791251362461521 38181
1783 1791251362473659 29988
1784 1791251362496478 34954
1785 1791251362526536 41638
1786 1791251362540313 37526
1787 1791251362568051 41507
1788 1791251362578541 33667
1789 1791251362601607 37113
1790 1791251362625928 42272
1791 1791251362643565 41956
1792 1791251362664822 42499
1793 1791251362679979 36412
1794 1791251362700125 35299
1795 1791251362730911 47543
1796 1791251362743764 39741
1797 1791251362773273 49101
1798 1791251362777779 34996
1799 1791251362803146 36060
1800 1791251362817132 35016
1801 1791251362853373 50224
1802 1791251362881207 55420
1803 1791251362885293 40732
1804 1791251362905173 39999
1805 1791251362933983 51576
1806 1791251362953222 50547
1807 1791251362963754 40081
1808 1791251362983773 40207
1809 1791251363004814 42283
1810 1791251363034115 50337
1811 1791251363037887 34502
1812 1791251363066032 40543
1813 1791251363095309 52904
1814 1791251363107790 45758
1815 1791251363125380 41167
1816 1791251363151893 48216
1817 1791251363171931 48621
1818 1791251363191330 46957
1819 1791251363204111 41985
1820 1791251363242401 54300
1821 1791251363247855 44966
1822 1791251363281701 58126
1823 1791251363299991 57586
1824 1791251363317016 54566
1825 1791251363332833 51129
1826 1791251363354196 50916
1827 1791251363368943 45105
1828 1791251363402773 54845
1829 1791251363416044 52619
1830 1791251363437153 54734
1831 1791251363446810 44033
1832 1791251363474950 51038
1833 1791251363492409 49447
1834 1791251363510313 46943
1835 1791251363529536 47426
1836 1791251363556623 49684
1837 1791251363583729 59931
1838 1791251363592584 47735
1839 1791251363612608 48999
1840 1791251363627541 43793
1841 1791251363647681 44649
1842 1791251363665686 41833
1843 1791251363683608 39930
1844 1791251363712315 50438
1845 1791251363729667 46870
1846 1791251363751745 47853
1847 1791251363782516 57874
1848 1791251363782538 37330
1849 1791251363810050 44756
1850 1791251363827398 44879
1851 1791251363850824 47265
1852 1791251363873603 50826
1853 1791251363892735 48673
1854 1791251363905992 41395
1855 1791251363935342 52845
1856 1791251363956069 53981
1857 1791251363973130 48981
1858 1791251363997679 54024
1859 1791251364011579 47594
1860 1791251364043281 60514
1861 1791251364053845 50491
1862 1791251364083460 60171
1863 1791251364096716 53427
1864 1791251364114757 50246
1865 1791251364136348 52886
1866 1791251364167479 63853
1867 1791251364175472 51141
1868 1791251364188907 43809
1869 1791251364206593 43440
1870 1791251364229492 45550
1871 1791251364257198 52743
1872 1791251364275598 51249
1873 1791251364298293 55945
1874 1791251364313790 50871
1875 1791251364340480 58265
1876 1791251364356105 52468
1877 1791251364374573 44773
1878 1791251364389248 47527
1879 1791251364407761 45297
1880 1791251364420104 36154
1881 1791251364446313 43587
1882 1791251364470526 46930
1883 1791251364493153 49869
1884 1791251364507621 43663
1885 1791251364534742 50777
1886 1791251364545267 40751
1887 1791251364565831 42092
1888 1791251364597398 52127
1889 1791251364610074 45470
1890 1791251364628128 45694
1891 1791251364650344 46611
1892 1791251364673355 47828
1893 1791251364689387 44236
1894 1791251364705594 41488
1895 1791251364735763 49556
1896 1791251364763493 57895
1897 1791251364775533 53452
1898 1791251364800260 57324
1899 1791251364806850 43352
1900 1791251364834480 48705
1901 1791251364847548 43238
1902 1791251364879497 56290
1903 1791251364894647 50262
1904 1791251364913719 48976
1905 1791251364932881 50792
1906 1791251364959035 56004
1907 1791251364981382 58946
1908 1791251364995515 51894
1909 1791251365025113 61690
1910 1791251365040518 59130
1911 1791251365056133 53115
1912 1791251365078876 54060
1913 1791251365103988 59215
1914 1791251365118640 56133
1915 1791251365133139 48458
1916 1791251365144955 40960
1917 1791251365174056 51713
1918 1791251365196869 53592
1919 1791251365214765 50345
1920 1791251365233031 48527
1921 1791251365254999 52637
1922 1791251365286046 57792
1923 1791251365302091 57756
1924 1791251365318719 51776
1925 1791251365336201 53771
1926 1791251365357993 55893
1927 1791251365378482 55517
1928 1791251365397482 53779
1929 1791251365421105 57530
1930 1791251365436414 51886
1931 1791251365464406 62334
1932 1791251365483995 58632
1933 1791251365507799 64551
1934 1791251365517751 53341
1935 1791251365533990 49989
1936 1791251365557662 49859
1937 1791251365582207 59542
1938 1791251365600686 55131
1939 1791251365616637 54548
1940 1791251365648218 66006
1941 1791251365668644 65878
1942 1791251365687900 60899
1943 1791251365722799 80614
1944 1791251365734578 65927
1945 1791251365741947 58616
1946 1791251365770334 67369
1947 1791251365785758 62954
1948 1791251365807818 65866
1949 1791251365836220 70993
1950 1791251365855381 70825
1951 1791251365879946 75488
1952 1791251365893802 68897
1953 1791251365914160 71269
1954 1791251365929438 60705
1955 1791251365950339 66097
1956 1791251365971547 66735
1957 1791251365986593 62450
1958 1791251366002315 59149
1959 1791251366035185 70162
1960 1791251366053645 70259
1961 1791251366078611 76290
1962 1791251366104321 79552
1963 1791251366121358 75873
1964 1791251366140037 75414
1965 1791251366156251 69450
1966 1791251366172439 68758
1967 1791251366188109 64529
1968 1791251366206913 64377
1969 1791251366228160 63142
1970 1791251366244299 58985
1971 1791251366270202 65914
1972 1791251366278379 55923
1973 1791251366306527 62219
1974 1791251366326180 63126
1975 1791251366345247 61223
1976 1791251366377777 73496
1977 1791251366396529 70336
1978 1791251366417193 71941
1979 1791251366440752 76222
1980 1791251366456208 70751
1981 1791251366484452 78417
1982 1791251366491120 63196
1983 1791251366513898 71219
1984 1791251366536016 69232
1985 1791251366560794 76987
1986 1791251366567439 63151
1987 1791251366588321 65637
1988 1791251366609922 62573
1989 1791251366635995 71154
1990 1791251366652961 69924
1991 1791251366689899 87337
1992 1791251366695554 69275
1993 1791251366725060 81677
1994 1791251366746786 82354
1995 1791251366753650 72054
1996 1791251366803847 98182
1997 1791251366880707 155644
1998 1791251366880873 134083
1999 1791251366886584 96873
2000 1791251366886766 97044
2001 1791251366923344 119493
2002 1791251366941811 61096
2003 1791251366943059 62326
2004 1791251366943068 62210
2005 1791251366946528 62710
2006 1791251366971245 62508
2007 1791251366985842 62494
2008 1791251367010014 68197
2009 1791251367023431 58871
2010 1791251367052458 66611
2011 1791251367072797 67426
2012 1791251367083941 60503
2013 1791251367107400 64475
2014 1791251367123459 59362
2015 1791251367146218 63855
2016 1791251367162825 58338
2017 1791251367181703 59140
2018 1791251367199162 55686
2019 1791251367234219 71390
2020 1791251367256680 74973
2021 1791251367271958 68788
2022 1791251367290142 67013
2023 1791251367312511 68299
2024 1791251367325676 60863
2025 1791251367341815 58526
2026 1791251367376161 73425
2027 1791251367397594 73327
2028 1791251367417032 75214
2029 1791251367435724 71242
2030 1791251367462801 80562
2031 1791251367473530 70034
2032 1791251367488798 65948
2033 1791251367524616 80823
2034 1791251367537573 75023
2035 1791251367563621 74819
2036 1791251367577161 68625
2037 1791251367593278 69369
2038 1791251367607121 64666
2039 1791251367625423 62163
2040 1791251367654803 69210
2041 1791251367674824 69030
2042 1791251367695578 71380
2043 1791251367717287 73571
2044 1791251367737040 73065
2045 1791251367761991 77709
2046 1791251367772197 70260
2047 1791251367806273 81776
2048 1791251367817218 74155
2049 1791251367833270 71276
2050 1791251367860689 75879
2051 1791251367885680 83530
2052 1791251367901636 77629
2053 1791251367917589 73202
2054 1791251367935582 70003
2055 1791251367961102 75417
2056 1791251367997443 95803
2057 1791251368014646 88895
2058 1791251368027462 85006
2059 1791251368055704 91621
2060 1791251368072123 74675
2061 1791251368092828 88129
2062 1791251368108087 81848
2063 1791251368123750 78819
2064 1791251368152085 82388
2065 1791251368168871 84482
2066 1791251368189310 84543
2067 1791251368214729 90977
2068 1791251368221086 75458
2069 1791251368241882 73005
2070 1791251368272099 86956
2071 1791251368290128 84491
2072 1791251368309084 86763
2073 1791251368318371 76740
2074 1791251368351105 88274
2075 1791251368351115 66635
2076 1791251368374674 72096
2077 1791251368400084 75767
2078 1791251368407235 63203
2079 1791251368429269 65568
2080 1791251368443377 59648
2081 1791251368463884 58268
2082 1791251368482683 58102
2083 1791251368501865 58764
2084 1791251368529336 65945
2085 1791251368554558 71870
2086 1791251368578013 76144
2087 1791251368596661 73730
2088 1791251368614068 69428
2089 1791251368625765 62604
2090 1791251368654943 69975
2091 1791251368673357 71245
2092 1791251368694941 71174
2093 1791251368715314 69995
2094 1791251368734762 72290
2095 1791251368747543 63722
2096 1791251368772836 68986
2097 1791251368799598 75305
2098 1791251368808496 64127
2099 1791251368838569 72971
2100 1791251368854648 72529
2101 1791251368866475 62242
2102 1791251368896870 72002
2103 1791251368917536 72001
2104 1791251368931336 68677
2105 1791251368950577 67227
2106 1791251368969522 66831
2107 1791251368985970 63472
2108 1791251368998355 54194
2109 1791251369026438 62670
2110 1791251369050361 66512
2111 1791251369069640 63412
2112 1791251369085166 61268
2113 1791251369102301 57598
2114 1791251369132659 69384
2115 1791251369151671 68521
2116 1791251369172956 70652
2117 1791251369184093 59508
2118 1791251369216846 72356
2119 1791251369229092 65463
2120 1791251369253856 69759
2121 1791251369276713 73900
2122 1791251369295793 69374
2123 1791251369312071 69778
2124 1791251369334992 71663
2125 1791251369345498 62657
2126 1791251369372458 66457
2127 1791251369407684 83779
2128 1791251369416923 72223
2129 1791251369452909 86951
2130 1791251369457205 73553
2131 1791251369485516 77826
2132 1791251369506532 83066
2133 1791251369529470 85316
2134 1791251369531021 67740
2135 1791251369548939 64890
2136 1791251369567504 63200
2137 1791251369596453 73132
2138 1791251369625548 82144
2139 1791251369644252 79702
2140 1791251369666170 81465
2141 1791251369695192 92097
2142 1791251369704759 80994
2143 1791251369725347 82632
2144 1791251369745901 81650
2145 1791251369766825 83206
2146 1791251369777864 74881
2147 1791251369794454 71221
2148 1791251369815271 72750
2149 1791251369835428 70857
2150 1791251369868134 86049
2151 1791251369884663 80731
2152 1791251369895636 72034
2153 1791251369924213 71069
2154 1791251369934515 71749
2155 1791251369962688 78022
2156 1791251369977156 73548
2157 1791251369995989 72611
2158 1791251370012499 68173
2159 1791251370036588 73896
2160 1791251370053549 70727
2161 1791251370076155 73619
2162 1791251370093983 69346
2163 1791251370120294 77038
2164 1791251370136241 72785
2165 1791251370179660 94925
2166 1791251370192522 89607
2167 1791251370214680 90095
2168 1791251370231862 89386
2169 1791251370255835 91925
2170 1791251370284609 97394
2171 1791251370292988 87817
2172 1791251370321049 98433
2173 1791251370334592 83170
2174 1791251370340526 75860
2175 1791251370355595 73468
2176 1791251370374870 69328
2177 1791251370395405 73272
2178 1791251370417405 73874
2179 1791251370450277 85360
2180 1791251370462080 77761
2181 1791251370488771 84189
2182 1791251370505035 82843
2183 1791251370523404 78661
2184 1791251370553195 91112
2185 1791251370564529 79883
2186 1791251370584286 79735
2187 1791251370603871 80464
2188 1791251370621002 79003
2189 1791251370635505 72117
2190 1791251370659554 75499
2191 1791251370687498 84649
2192 1791251370715870 91044
2193 1791251370728118 85396
2194 1791251370743932 82091
2195 1791251370768704 84136
2196 1791251370789237 83570
2197 1791251370812076 89747
2198 1791251370831114 88262
2199 1791251370853404 89373
2200 1791251370866936 84805
2201 1791251370882300 78263
2202 1791251370903999 80950
2203 1791251370929679 86577
2204 1791251370951812 89100
2205 1791251370979258 96956
2206 1791251370986108 82106
2207 1791251371019910 95882
2208 1791251371036340 92632
2209 1791251371062822 98739
2210 1791251371075697 92646
2211 1791251371094996 92159
2212 1791251371114109 91926
2213 1791251371130469 87179
2214 1791251371163744 100918
2215 1791251371182350 98649
2216 1791251371203085 98228
2217 1791251371219102 90499
2218 1791251371233783 91871
2219 1791251371255072 91326
2220 1791251371273091 90738
2221 1791251371297763 94674
2222 1791251371326439 102477
2223 1791251371338755 95093
2224 1791251371357024 93039
2225 1791251371382839 94062
2226 1791251371404920 102367
2227 1791251371422806 98675
2228 1791251371434765 92165
2229 1791251371464257 101155
2230 1791251371475017 92175
2231 1791251371494951 91018
2232 1791251371524472 101662
2233 1791251371544573 101379
2234 1791251371566399 102139
2235 1791251371584435 102119
2236 1791251371612240 107632
2237 1791251371623391 98916
2238 1791251371643221 99389
2239 1791251371665707 99305
2240 1791251371684712 101760
2241 1791251371699083 96317
2242 1791251371734531 112067
2243 1791251371755355 112310
2244 1791251371774597 111770
2245 1791251371794051 110500
2246 1791251371814945 111556
2247 1791251371833228 105393
2248 1791251371855275 113148
2249 1791251371874018 111407
2250 1791251371893620 110170
2251 1791251371908162 105889
2252 1791251371935090 111046
2253 1791251371952808 108719
2254 1791251371972229 108832
2255 1791251371986643 104339
2256 1791251372017041 113870
2257 1791251372037660 114934
2258 1791251372061888 118346
2259 1791251372078654 116177
2260 1791251372104341 118591
2261 1791251372117776 113907
2262 1791251372134219 111466
2263 1791251372152687 110129
2264 1791251372164104 102360
2265 1791251372191763 109037
2266 1791251372214223 109877
2267 1791251372223085 100239
2268 1791251372249292 106822
2269 1791251372256186 93785
2270 1791251372284660 99870
2271 1791251372300557 97965
2272 1791251372320591 97503
2273 1791251372344473 101195
2274 1791251372363664 96651
2275 1791251372371708 88732
2276 1791251372394853 91328
2277 1791251372408216 84415
2278 1791251372422467 78864
2279 1791251372443957 80667
2280 1791251372459520 76801
2281 1791251372485132 80891
2282 1791251372490846 68491
2283 1791251372511687 67714
2284 1791251372531205 67560
2285 1791251372553000 67863
2286 1791251372579756 72769
2287 1791251372589609 64091
2288 1791251372594582 51825
2289 1791251372605961 43186
2290 1791251372624038 39007
2291 1791251372637874 35348
2292 1791251372656133 32536
2293 1791251372673390 29565
2294 1791251372704076 39429
2295 1791251372709046 25443
2296 1791251372744694 40610
2297 1791251372754661 28129
2298 1791251372778593 34897
2299 1791251372795903 31426
2300 1791251372820128 38368
2301 1791251372835649 30828
2302 1791251372856025 32082
2303 1791251372877369 34039
2304 1791251372898712 34501
2305 1791251372910325 27754
2306 1791251372933366 29839
2307 1791251372945709 22244
2308 1791251372978685 34927
2309 1791251372993739 29538
2310 1791251373017861 30726
2311 1791251373034159 29993
2312 1791251373063507 40065
2313 1791251373068540 25493
2314 1791251373094498 30986
2315 1791251373114153 29880
2316 1791251373136639 33232
2317 1791251373154750 30809
2318 1791251373189372 46111
2319 1791251373198198 30034
2320 1791251373222218 37774
2321 1791251373235653 31153
2322 1791251373254008 31787
2323 1791251373273813 29490
2324 1791251373300694 37349
2325 1791251373309600 27256
2326 1791251373330980 28674
2327 1791251373359009 35323
2328 1791251373373981 30373
2329 1791251373387059 23385
2330 1791251373409275 24966
2331 1791251373428145 25217
2332 1791251373443337 20767
2333 1791251373471739 28400
2334 1791251373488659 25170
2335 1791251373507641 24878
2336 1791251373525662 20980
2337 1791251373545513 23569
2338 1791251373565073 22049
2339 1791251373586516 21438
2340 1791251373611895 26707
2341 1791251373626682 25060
2342 1791251373648034 25265
2343 1791251373665799 22631
2344 1791251373691398 27314
2345 1791251373708764 23919
2346 1791251373726284 24044
2347 1791251373745051 21044
2348 1791251373767391 24537
2349 1791251373788865 24999
2350 1791251373804008 20961
2351 1791251373834093 30070
2352 1791251373844732 21606
2353 1791251373864573 22138
2354 1791251373887815 24841
2355 1791251373910326 25904
2356 1791251373926977 22803
2357 1791251373954086 27260
2358 1791251373975173 28894
2359 1791251373986742 23624
2360 1791251374007123 22921
2361 1791251374025530 20826
2362 1791251374046485 20947
2363 1791251374065662 21869
2364 1791251374086451 23618
2365 1791251374108887 25556
2366 1791251374125427 21731
2367 1791251374144364 22037
2368 1791251374164727 20607
2369 1791251374184996 22237
2370 1791251374209429 26975
2371 1791251374226436 22835
2372 1791251374245062 22159
2373 1791251374273520 30792
2374 1791251374292441 28280
2375 1791251374306272 21576
2376 1791251374323861 21445
2377 1791251374346778 22914
2378 1791251374364313 21416
2379 1791251374393378 29059
2380 1791251374411999 27910
2381 1791251374433543 29658
2382 1791251374444699 21581
2383 1791251374466475 21773
2384 1791251374486022 22461
2385 1791251374502589 20459
2386 1791251374527352 24759
2387 1791251374555233 28039
2388 1791251374565944 21833
2389 1791251374588972 23023
2390 1791251374608653 25201
2391 1791251374627272 22271
2392 1791251374643474 21639
2393 1791251374671621 28144
2394 1791251374683670 21535
2395 1791251374704399 20725
2396 1791251374725607 21203
2397 1791251374743538 21518
2398 1791251374773880 30338
2399 1791251374784751 21555
2400 1791251374802697 20726
2401 1791251374832223 29682
2402 1791251374844021 21947
2403 1791251374869858 25833
2404 1791251374887012 24222
2405 1791251374904545 22126
2406 1791251374924696 21628
2407 1791251374947282 23637
2408 1791251374965333 22975
2409 1791251374989510 24254
2410 1791251375006550 22667
2411 1791251375037433 30875
2412 1791251375050979 24184
2413 1791251375067705 25084
2414 1791251375088785 26353
2415 1791251375105210 21700
2416 1791251375127871 24305
2417 1791251375147285 23517
2418 1791251375167043 24301
2419 1791251375187644 22742
2420 1791251375203868 20659
2421 1791251375224594 21709
2422 1791251375245945 21341
2423 1791251375263642 21560
2424 1791251375286185 22606
2425 1791251375303846 21473
2426 1791251375330119 26270
2427 1791251375346462 23653
2428 1791251375366297 22951
2429 1791251375387965 24972
2430 1791251375404388 22016
2431 1791251375425646 23146
2432 1791251375444341 21245
2433 1791251375466607 24639
2434 1791251375489389 25187
2435 1791251375503917 21408
2436 1791251375523559 20870
2437 1791251375544265 20697
2438 1791251375565115 22877
2439 1791251375584698 22364
2440 1791251375607550 22847
2441 1791251375624677 20515
2442 1791251375644360 22579
2443 1791251375674125 29813
2444 1791251375685623 22951
2445 1791251375705230 22622
2446 1791251375733654 31626
2447 1791251375754035 30720
2448 1791251375766302 23834
2449 1791251375792757 28969
2450 1791251375813352 28990
2451 1791251375823535 21437
2452 1791251375852859 29321
2453 1791251375867479 24005
2454 1791251375889645 27244
2455 1791251375906431 23348
2456 1791251375926256 22920
2457 1791251375946892 22961
2458 1791251375966493 22854
2459 1791251375990373 26143
2460 1791251376011077 28184
2461 1791251376026650 24040
2462 1791251376045281 20973
2463 1791251376063156 20668
2464 1791251376083829 20670
2465 1791251376104428 20590
2466 1791251376125743 22933
2467 1791251376144334 22581
2468 1791251376164162 21774
2469 1791251376193139 28974
2470 1791251376213023 29352
2471 1791251376229024 24529
2472 1791251376243049 20901
2473 1791251376266359 23308
2474 1791251376291651 25330
2475 1791251376311229 24797
2476 1791251376326326 23597
2477 1791251376345136 22687
2478 1791251376365800 22620
2479 1791251376387320 24130
2480 1791251376405792 22004
2481 1791251376426813 24231
2482 1791251376453478 26662
2483 1791251376465041 22412
2484 1791251376485022 23160
2485 1791251376506420 23524
2486 1791251376527582 23871
2487 1791251376554033 29652
2488 1791251376581776 38935
2489 1791251376597083 31973
2490 1791251376612544 30765
2491 1791251376632822 28896
2492 1791251376660472 33899
2493 1791251376677943 34883
2494 1791251376714835 51992
2495 1791251376727204 43900
2496 1791251376751484 49033
2497 1791251376782084 59735
2498 1791251376807105 63225
2499 1791251376835902 74007
2500 1791251376863121 81033
2501 1791251376874903 71917
2502 1791251376892563 67561
2503 1791251376913563 70306
2504 1791251376943146 80018
2505 1791251376953536 71336
2506 1791251376974487 71342
2507 1791251376992564 69637
2508 1791251377015371 72223
2509 1791251377035245 71098
2510 1791251377058843 76406
2511 1791251377077363 74252
2512 1791251377103907 79931
2513 1791251377117574 74293
2514 1791251377133974 70394
2515 1791251377170721 84832
2516 1791251377190013 86833
2517 1791251377212787 90758
2518 1791251377233694 90391
2519 1791251377253796 90894
2520 1791251377279916 96048
2521 1791251377285777 82075
2522 1791251377313365 91003
2523 1791251377338091 95577
2524 1791251377355933 89735
2525 1791251377376970 92054
2526 1791251377394373 90873
2527 1791251377415556 91553
2528 1791251377431523 88305
2529 1791251377457779 93958
2530 1791251377473063 88685
2531 1791251377493045 89171
2532 1791251377515773 90873
2533 1791251377537056 94542
2534 1791251377561239 98439
2535 1791251377577303 94834
2536 1791251377605340 102089
2537 1791251377628087 101161
2538 1791251377645649 103170
2539 1791251377665804 102446
2540 1791251377697634 113814
2541 1791251377713570 108767
2542 1791251377729079 105890
2543 1791251377752867 108961
2544 1791251377770616 106214
2545 1791251377795262 112476
2546 1791251377812069 108547
2547 1791251377836108 113876
2548 1791251377862200 118632
2549 1791251377878848 114020
2550 1791251377900260 115685
2551 1791251377928200 124650
2552 1791251377943343 118618
2553 1791251377959412 112560
2554 1791251377976226 114022
2555 1791251377997202 115067
2556 1791251378024021 119916
2557 1791251378041062 116525
2558 1791251378069163 125817
2559 1791251378086005 121116
2560 1791251378104450 120704
2561 1791251378139916 135640
2562 1791251378153963 129939
2563 1791251378179674 133653
2564 1791251378212204 143037
2565 1791251378217124 131116
2566 1791251378236482 132793
2567 1791251378258247 135103
2568 1791251378274898 132798
2569 1791251378293531 128950
2570 1791251378314543 130329
2571 1791251378337260 133442
2572 1791251378352470 129914
2573 1791251378373999 130677
2574 1791251378392314 128381
2575 1791251378406042 121763
2576 1791251378421635 118980
2577 1791251378433151 109446
2578 1791251378445215 101821
2579 1791251378468031 103374
2580 1791251378470168 87007
2581 1791251378486507 83828
2582 1791251378494115 72477
2583 1791251378508332 64081
2584 1791251378527816 59870
2585 1791251378535674 51961
2586 1791251378560592 52477
2587 1791251378575316 47497
2588 1791251378579071 35508
2589 1791251378602963 39873
2590 1791251378615127 31286
2591 1791251378644349 41384
2592 1791251378656338 33295
2593 1791251378673859 31368
2594 1791251378698675 35354
2595 1791251378720450 36878
2596 1791251378747367 42961
2597 1791251378773503 50253
2598 1791251378787969 40599
2599 1791251378795509 32802
2600 1791251378824535 40462
2601 1791251378844456 41471
2602 1791251378867923 43771
2603 1791251378882049 37591
2604 1791251378896053 28126
2605 1791251378915778 33726
2606 1791251378936984 34275
2607 1791251378957661 34017
2608 1791251378979995 36676
2609 1791251378992019 29805
2610 1791251379025604 42957
2611 1791251379035827 32543
2612 1791251379056180 30568
2613 1791251379081754 37624
2614 1791251379096715 33909
2615 1791251379113616 31859
2616 1791251379136566 33542
2617 1791251379160583 37773
2618 1791251379184693 41059
2619 1791251379200072 37602
2620 1791251379214193 30981
2621 1791251379244676 38679
2622 1791251379257447 34446
2623 1791251379284994 40314
2624 1791251379310035 45823
2625 1791251379325956 41513
2626 1791251379344212 39243
2627 1791251379365138 41501
2628 1791251379380804 37347
2629 1791251379396145 32100
2630 1791251379423231 38312
2631 1791251379441356 38164
2632 1791251379459171 35938
2633 1791251379483871 38276
2634 1791251379497019 33925
2635 1791251379517137 34405
2636 1791251379533149 30060
2637 1791251379558943 35955
2638 1791251379573806 31203
2639 1791251379604292 40862
2640 1791251379616666 33730
2641 1791251379647570 43276
2642 1791251379663475 35773
2643 1791251379676126 33539
2644 1791251379702072 38595
2645 1791251379722367 38487
2646 1791251379731556 29481
2647 1791251379763749 41379
2648 1791251379782401 40237
2649 1791251379808699 44940
2650 1791251379819797 37393
2651 1791251379834887 30393
2652 1791251379853590 30627
2653 1791251379880350 36039
2654 1791251379901638 33625
2655 1791251379927860 44669
2656 1791251379935666 34026
2657 1791251379961896 39874
2658 1791251379986801 43928
2659 1791251379992726 30826
2660 1791251380023821 41462
2661 1791251380043568 39722
2662 1791251380070099 47480
2663 1791251380083144 40099
2664 1791251380099441 33935
2665 1791251380121448 38301
2666 1791251380143085 41237
2667 1791251380156326 34874
2668 1791251380175155 32945
2669 1791251380193073 30016
2670 1791251380230684 46795
2671 1791251380244706 42083
2672 1791251380269646 47228
2673 1791251380285584 41949
2674 1791251380314186 44538
2675 1791251380331971 48780
2676 1791251380363667 59804
2677 1791251380385232 54781
2678 1791251380389291 44202
2679 1791251380411029 47358
2680 1791251380429904 44669
2681 1791251380444635 39906
2682 1791251380465181 36887
2683 1791251380480383 36421
2684 1791251380501244 39522
2685 1791251380518397 36106
2686 1791251380548620 44418
2687 1791251380563400 39791
2688 1791251380583661 36274
2689 1791251380598840 36828
2690 1791251380621923 38259
2691 1791251380637268 34908
2692 1791251380663969 42043
2693 1791251380683726 38871
2694 1791251380703356 40464
2695 1791251380722287 39576
2696 1791251380741687 38327
2697 1791251380765458 43169
2698 1791251380794376 52687
2699 1791251380812226 49801
2700 1791251380825412 43246
2701 1791251380843996 40230
2702 1791251380869169 45656
2703 1791251380888551 46076
2704 1791251380903852 41125
2705 1791251380925530 41346
2706 1791251380950486 47436
2707 1791251380980921 56568
2708 1791251380994762 52129
2709 1791251381008599 43580
2710 1791251381031795 49707
2711 1791251381063803 60095
2712 1791251381075198 52829
2713 1791251381105133 60913
2714 1791251381125521 62382
2715 1791251381147377 63701
2716 1791251381171209 66679
2717 1791251381194553 70254
2718 1791251381216997 74902
2719 1791251381243792 79450
2720 1791251381265883 82654
2721 1791251381280166 75994
2722 1791251381297211 72781
2723 1791251381324526 80731
2724 1791251381336033 73635
2725 1791251381365907 81698
2726 1791251381380027 76235
2727 1791251381400701 78788
2728 1791251381423006 79546
2729 1791251381448166 83687
2730 1791251381463761 75732
2731 1791251381488514 85057
2732 1791251381506964 84786
2733 1791251381539851 91682
2734 1791251381545615 81851
2735 1791251381573966 88773
2736 1791251381587852 81781
2737 1791251381614313 91877
2738 1791251381632326 88325
2739 1791251381649493 83291
2740 1791251381671791 86168
2741 1791251381684913 82852
2742 1791251381713125 88400
2743 1791251381734766 90239
2744 1791251381755648 93415
2745 1791251381776828 93803
2746 1791251381798326 94592
2747 1791251381822888 100489
2748 1791251381834765 92530
2749 1791251381864318 100778
2750 1791251381882170 97702
2751 1791251381898995 95006
2752 1791251381924764 101874
2753 1791251381936037 91775
2754 1791251381961115 96793
2755 1791251381974794 92622
2756 1791251381999876 96702
2757 1791251382024862 100094
2758 1791251382041947 98464
2759 1791251382066072 99818
2760 1791251382088057 102137
2761 1791251382101158 98960
2762 1791251382127701 103663
2763 1791251382144326 102365
2764 1791251382167325 103987
2765 1791251382185555 101328
2766 1791251382213570 110747
2767 1791251382224778 101841
2768 1791251382247308 103510
2769 1791251382267100 103794
2770 1791251382290180 105513
2771 1791251382310123 106904
2772 1791251382333510 109589
2773 1791251382357125 114589
2774 1791251382383135 120017
2775 1791251382400464 117319
2776 1791251382422014 117184
2777 1791251382439973 109458
2778 1791251382451268 109400
2779 1791251382467453 103007
2780 1791251382489075 107399
2781 1791251382505158 103173
2782 1791251382532289 110272
2783 1791251382553723 110577
2784 1791251382577080 112872
2785 1791251382588355 103640
2786 1791251382611417 107345
2787 1791251382631866 108713
2788 1791251382648425 105619
2789 1791251382670246 107954
2790 1791251382694503 110514
2791 1791251382718154 112570
2792 1791251382743752 120025
2793 1791251382756589 112404
2794 1791251382770003 108116
2795 1791251382805715 119197
2796 1791251382823521 117435
2797 1791251382834755 110980
2798 1791251382857388 113956
2799 1791251382877927 112408
2800 1791251382900425 113252
2801 1791251382925166 121916
2802 1791251382937047 113523
2803 1791251382958803 114810
2804 1791251382980161 117469
2805 1791251382997666 111609
2806 1791251383018951 112454
2807 1791251383035244 110889
2808 1791251383055859 110775
2809 1791251383067507 102178
2810 1791251383095392 112724
2811 1791251383104924 101599
2812 1791251383134049 111035
2813 1791251383153614 110003
2814 1791251383173476 109297
2815 1791251383190631 108558
2816 1791251383214712 112925
2817 1791251383223946 100685
2818 1791251383241149 98109
2819 1791251383265754 100612
2820 1791251383279980 97246
2821 1791251383302978 100848
2822 1791251383317454 93504
2823 1791251383338283 89310
2824 1791251383355273 89517
2825 1791251383377393 92219
2826 1791251383388792 86049
2827 1791251383406788 82636
2828 1791251383419934 75778
2829 1791251383441403 78377
2830 1791251383460865 75273
2831 1791251383476026 71678
2832 1791251383491136 68371
2833 1791251383505963 64502
2834 1791251383527151 64235
2835 1791251383540043 55598
2836 1791251383564825 61506
2837 1791251383577727 54016
2838 1791251383598249 55125
2839 1791251383619604 54772
2840 1791251383635754 50833
2841 1791251383647354 42507
2842 1791251383669243 44854
2843 1791251383686019 42306
2844 1791251383697945 28697
2845 1791251383722928 39705
2846 1791251383739408 35690
2847 1791251383755122 32986
2848 1791251383782069 37976
2849 1791251383793620 27617
2850 1791251383822656 40584
2851 1791251383842061 38392
2852 1791251383862180 39723
2853 1791251383877148 35079
2854 1791251383898744 36552
2855 1791251383926639 43112
2856 1791251383938575 36679
2857 1791251383961215 38648
2858 1791251383981173 37578
2859 1791251383995420 29895
2860 1791251384022810 38502
2861 1791251384036761 33676
2862 1791251384055507 32976
2863 1791251384077386 33747
2864 1791251384099592 36822
2865 1791251384122329 37599
2866 1791251384139514 36762
2867 1791251384155248 32916
2868 1791251384181216 38044
2869 1791251384207785 43970
2870 1791251384226889 41472
2871 1791251384247850 41531
2872 1791251384259305 36767
2873 1791251384280572 35995
2874 1791251384296256 33125
2875 1791251384327307 42294
2876 1791251384336820 32577
2877 1791251384347226 25089
2878 1791251384386267 42522
2879 1791251384395781 31562
2880 1791251384422751 37058
2881 1791251384441325 38932
2882 1791251384456132 33378
2883 1791251384485793 41706
2884 1791251384503048 38481
2885 1791251384518143 33551
2886 1791251384526095 23822
2887 1791251384556005 33312
2888 1791251384587905 44520
2889 1791251384598762 34964
2890 1791251384614458 32043
2891 1791251384639866 33712
2892 1791251384651851 27936
2893 1791251384681325 36428
2894 1791251384698547 32987
2895 1791251384724789 40078
2896 1791251384737337 30772
2897 1791251384763141 39690
2898 1791251384777347 32334
2899 1791251384803569 40424
2900 1791251384822385 38540
2901 1791251384842983 39410
2902 1791251384866159 43770
2903 1791251384875636 32650
2904 1791251384915148 48985
2905 1791251384933662 49536
2906 1791251384943583 39038
2907 1791251384986206 63626
2908 1791251384991207 47618
2909 1791251385002221 40285
2910 1791251385026798 42065
2911 1791251385040115 37891
2912 1791251385069372 45296
2913 1791251385092913 50013
2914 1791251385118786 56041
2915 1791251385132246 47244
2916 1791251385140002 36708
2917 1791251385169498 43262
2918 1791251385187349 43891
2919 1791251385219471 55405
2920 1791251385247352 65167
2921 1791251385262814 57326
2922 1791251385274773 51186
2923 1791251385312007 64652
2924 1791251385325832 63013
2925 1791251385349427 66457
2926 1791251385375461 71695
2927 1791251385390544 67068
2928 1791251385406568 63510
2929 1791251385433223 68683
2930 1791251385446042 61280
2931 1791251385465683 59111
2932 1791251385481551 58441
2933 1791251385510807 66987
2934 1791251385534067 70327
2935 1791251385552321 70766
2936 1791251385566637 62943
2937 1791251385586472 63358
2938 1791251385603697 60716
2939 1791251385628061 64020
2940 1791251385664226 80374
2941 1791251385668147 64816
2942 1791251385700615 74848
2943 1791251385723482 78593
2944 1791251385748471 84233
2945 1791251385754967 72629
2946 1791251385784120 77038
2947 1791251385803211 79726
2948 1791251385824661 80966
2949 1791251385835620 70746
2950 1791251385854783 71306
2951 1791251385881528 78314
2952 1791251385897333 73212
2953 1791251385915235 73038
2954 1791251385937955 75176
2955 1791251385960268 78735
2956 1791251385984157 80316
2957 1791251385998055 75179
2958 1791251386020421 75972
2959 1791251386047844 83706
2960 1791251386073241 90398
2961 1791251386097697 94356
2962 1791251386105687 83866
2963 1791251386126012 82057
2964 1791251386147570 85534
2965 1791251386166579 83636
2966 1791251386190364 84665
2967 1791251386202568 79168
2968 1791251386226717 83040
2969 1791251386257340 92779
2970 1791251386275717 90656
2971 1791251386290062 87492
2972 1791251386314814 90819
2973 1791251386334661 92089
2974 1791251386354721 91557
2975 1791251386375545 91225
2976 1791251386403667 101339
2977 1791251386423568 96536
2978 1791251386445884 103206
2979 1791251386463579 99886
2980 1791251386484382 101697
2981 1791251386504311 100641
2982 1791251386516840 93215
2983 1791251386533722 89578
2984 1791251386556142 92763
2985 1791251386573775 89904
2986 1791251386602517 98889
2987 1791251386619779 97518
2988 1791251386644250 101542
2989 1791251386662935 100559
2990 1791251386688217 105972
2991 1791251386716101 113581
2992 1791251386727810 102459
2993 1791251386754545 111826
2994 1791251386763198 100671
2995 1791251386789755 102902
2996 1791251386806284 103546
2997 1791251386827020 103493
2998 1791251386858904 114535
2999 1791251386875775 112575
3000 1791251386893681 110677
3001 1791251386914660 111832
3002 1791251386935440 111000
3003 1791251386952527 109327
3004 1791251386967245 104463
3005 1791251386996901 114334
3006 1791251387005573 102389
3007 1791251387037039 114935
3008 1791251387061625 117648
3009 1791251387072130 108413
3010 1791251387094408 110241
3011 1791251387125265 122510
3012 1791251387149113 125594
3013 1791251387171469 126949
3014 1791251387177006 115378
3015 1791251387200196 110652
3016 1791251387216854 114054
3017 1791251387236018 112643
3018 1791251387260498 117210
3019 1791251387265786 101839
3020 1791251387290205 105480
3021 1791251387305931 101398
3022 1791251387327174 105142
3023 1791251387351871 108766
3024 1791251387369104 105443
3025 1791251387393511 108727
3026 1791251387413496 110798
3027 1791251387432540 108929
3028 1791251387459655 117161
3029 1791251387465137 103093
3030 1791251387499114 116425
3031 1791251387510959 107447
3032 1791251387535720 113161
3033 1791251387558247 114449
3034 1791251387579894 114752
3035 1791251387597544 115197
3036 1791251387614912 111148
3037 1791251387633212 108657
3038 1791251387657477 112041
3039 1791251387678538 113406
3040 1791251387695327 113015
3041 1791251387710960 104236
3042 1791251387735970 112929
3043 1791251387748672 104769
3044 1791251387764557 100383
3045 1791251387789097 104096
3046 1791251387806106 102644
3047 1791251387823112 99813
3048 1791251387842718 98668
3049 1791251387859442 96603
3050 1791251387881869 97859
3051 1791251387893171 89834
3052 1791251387914032 90915
3053 1791251387925977 83549
3054 1791251387952702 88295
3055 1791251387969934 88061
3056 1791251387981826 78948
3057 1791251388008014 84413
3058 1791251388024235 80204
3059 1791251388046849 82866
3060 1791251388063615 81786
3061 1791251388078297 75463
3062 1791251388090634 66394
3063 1791251388110712 67184
3064 1791251388128930 65720
3065 1791251388143493 59848
3066 1791251388165120 62734
3067 1791251388197761 75576
3068 1791251388198674 55178
3069 1791251388220713 59026
3070 1791251388234110 49188
3071 1791251388263853 59315
3072 1791251388273487 49760
3073 1791251388290427 45705
3074 1791251388311145 47508
3075 1791251388323465 39459
3076 1791251388342113 39250
3077 1791251388366231 42873
3078 1791251388379694 37577
3079 1791251388400175 36939
3080 1791251388420766 38376
3081 1791251388434927 30411
3082 1791251388456517 34659
3083 1791251388473471 30950
3084 1791251388497326 33209
3085 1791251388519381 36523
3086 1791251388534760 31078
3087 1791251388555891 30081
3088 1791251388578060 35658
3089 1791251388600679 37822
3090 1791251388623284 39510
3091 1791251388641972 36485
3092 1791251388652258 30455
3093 1791251388672844 30868
3094 1791251388703014 39241
3095 1791251388722780 38471
3096 1791251388743601 40585
3097 1791251388755226 32606
3098 1791251388776449 32844
3099 1791251388793087 29063
3100 1791251388817181 35259
3101 1791251388837633 33921
3102 1791251388858470 35328
3103 1791251388881955 39987
3104 1791251388903056 40453
3105 1791251388919535 37577
3106 1791251388937323 34265
3107 1791251388954581 30983
3108 1791251388983486 40010
3109 1791251388999396 36028
3110 1791251389021917 38428
3111 1791251389034823 30480
3112 1791251389054208 32288
3113 1791251389080363 35674
3114 1791251389096431 31882
3115 1791251389119501 35774
3116 1791251389141160 32833
3117 1791251389162789 41102
3118 1791251389183273 38989
3119 1791251389204449 41656
3120 1791251389219300 37123
3121 1791251389245319 40868
3122 1791251389266367 43047
3123 1791251389292815 49902
3124 1791251389324139 59825
3125 1791251389324890 43304
3126 1791251389345569 42943
3127 1791251389378795 56411
3128 1791251389400970 58874
3129 1791251389415441 51219
3130 1791251389434852 51501
3131 1791251389464905 60047
3132 1791251389482188 59226
3133 1791251389508762 66451
3134 1791251389532375 68278
3135 1791251389545535 63450
3136 1791251389564575 61725
3137 1791251389587413 64079
3138 1791251389615389 71268
3139 1791251389633126 69514
3140 1791251389662380 78081
3141 1791251389684433 79107
3142 1791251389691050 69379
3143 1791251389713641 70813
3144 1791251389741942 79559
3145 1791251389762556 78118
3146 1791251389773916 71576
3147 1791251389794606 71300
3148 1791251389814558 72612
3149 1791251389835833 73274
3150 1791251389845540 62579
3151 1791251389870797 65919
3152 1791251389892004 70190
3153 1791251389915215 70842
3154 1791251389944052 80232
3155 1791251389955402 72051
3156 1791251389973579 71353
3157 1791251390003874 80580
3158 1791251390031438 87383
3159 1791251390042747 80663
3160 1791251390060212 77149
3161 1791251390085356 81480
3162 1791251390104692 81212
3163 1791251390126647 84884
3164 1791251390147155 84796
3165 1791251390166687 83499
3166 1791251390184161 80274
3167 1791251390205819 81446
3168 1791251390233941 88596
3169 1791251390253841 90387
3170 1791251390275278 91114
3171 1791251390295707 91199
3172 1791251390314746 90691
3173 1791251390336592 93957
3174 1791251390360053 96827
3175 1791251390372858 90015
3176 1791251390404804 96768
3177 1791251390414127 92016
3178 1791251390435049 91168
3179 1791251390455584 93224
3180 1791251390482958 99388
3181 1791251390498204 93458
3182 1791251390516007 92870
3183 1791251390540304 97420
3184 1791251390558713 95201
3185 1791251390577392 94431
3186 1791251390598707 95004
3187 1791251390625505 102248
3188 1791251390662387 117012
3189 1791251390671461 106651
3190 1791251390683343 99065
3191 1791251390707239 104260
3192 1791251390721780 98914
3193 1791251390739479 97188
3194 1791251390756195 93805
3195 1791251390787560 104211
3196 1791251390802284 98406
3197 1791251390826354 104571
3198 1791251390844759 102233
3199 1791251390874511 105144
3200 1791251390897152 109589
3201 1791251390910873 108578
3202 1791251390930822 106356
3203 1791251390950541 106750
3204 1791251390967075 104826
3205 1791251390991425 108198
3206 1791251391011571 107886
3207 1791251391025579 101415
3208 1791251391055812 113061
3209 1791251391082548 119277
3210 1791251391094617 110621
3211 1791251391123684 119520
3212 1791251391140505 118434
3213 1791251391153852 111861
3214 1791251391176069 113551
3215 1791251391198634 116084
3216 1791251391222917 119712
3217 1791251391244089 120402
3218 1791251391259715 116423
3219 1791251391276613 114260
3220 1791251391297381 114955
3221 1791251391317889 113039
3222 1791251391351991 129241
3223 1791251391368339 124247
3224 1791251391381938 117768
3225 1791251391398110 114234
3226 1791251391423181 120414
3227 1791251391439919 116165
3228 1791251391456246 113965
3229 1791251391489153 127065
3230 1791251391514012 132072
3231 1791251391523798 121095
3232 1791251391542689 120364
3233 1791251391568836 124954
3234 1791251391582458 119868
3235 1791251391601204 118908
3236 1791251391627202 118893
3237 1791251391643548 120431
3238 1791251391656696 114004
3239 1791251391677881 114362
3240 1791251391695016 112555
3241 1791251391721728 117118
3242 1791251391744683 118936
3243 1791251391752083 109746
3244 1791251391773714 108525
3245 1791251391802125 118259
3246 1791251391813007 110561
3247 1791251391840784 119052
3248 1791251391850287 105601
3249 1791251391872571 108266
3250 1791251391884765 102704
3251 1791251391908812 106685
3252 1791251391923944 101110
3253 1791251391943311 98070
3254 1791251391955429 91343
3255 1791251391970073 86682
3256 1791251391993833 90903
3257 1791251392004907 80960
3258 1791251392021763 78565
3259 1791251392054228 91170
3260 1791251392063914 77268
3261 1791251392072555 69420
3262 1791251392099628 77862
3263 1791251392117867 74193
3264 1791251392134690 70773
3265 1791251392144778 62975
3266 1791251392161873 58435
3267 1791251392184261 60033
3268 1791251392198857 54077
3269 1791251392213509 51634
3270 1791251392234344 51474
3271 1791251392246886 44348
3272 1791251392267960 44292
3273 1791251392290510 48024
3274 1791251392310436 43443
3275 1791251392326927 43682
3276 1791251392344113 41156
3277 1791251392364495 41275
3278 1791251392389074 44958
3279 1791251392401928 37449
3280 1791251392418774 34710
3281 1791251392436328 34398
3282 1791251392451853 28462
3283 1791251392477970 34066
3284 1791251392500009 36329
3285 1791251392517723 34772
3286 1791251392534713 32216
3287 1791251392553228 29052
3288 1791251392576141 34141
3289 1791251392603214 40593
3290 1791251392617064 33865
3291 1791251392644235 41297
3292 1791251392649992 27240
3293 1791251392675430 31280
3294 1791251392701450 34553
3295 1791251392713513 30650
3296 1791251392734274 32822
3297 1791251392759917 37245
3298 1791251392773445 30512
3299 1791251392803142 39929
3300 1791251392818848 35030
3301 1791251392835191 32047
3302 1791251392858126 34828
3303 1791251392878354 35102
3304 1791251392894380 30572
3305 1791251392910350 26825
3306 1791251392939138 35044
3307 1791251392954708 32162
3308 1791251392974640 30371
3309 1791251393001763 37894
3310 1791251393014836 30160
3311 1791251393032700 30935
3312 1791251393063066 40533
3313 1791251393074323 31834
3314 1791251393094311 31243
3315 1791251393114042 31296
3316 1791251393134742 30630
3317 1791251393147385 23041
3318 1791251393179790 37728
3319 1791251393199828 37010
3320 1791251393213852 31031
3321 1791251393231601 29519
3322 1791251393253692 30881
3323 1791251393279194 36067
3324 1791251393302421 36312
3325 1791251393312606 29081
3326 1791251393330405 27983
3327 1791251393353069 31075
3328 1791251393380779 39097
3329 1791251393400708 38047
3330 1791251393413306 30851
3331 1791251393434348 31457
3332 1791251393454735 31115
3333 1791251393476362 32078
3334 1791251393488707 26506
3335 1791251393517801 34620
3336 1791251393538921 35062
3337 1791251393557169 33700
3338 1791251393583116 38772
3339 1791251393602996 36658
3340 1791251393616917 33798
3341 1791251393648505 45507
3342 1791251393670346 47041
3343 1791251393688568 45323
3344 1791251393695146 33450
3345 1791251393722569 40103
3346 1791251393752773 48534
3347 1791251393768462 45889
3348 1791251393784264 37095
3349 1791251393807930 45816
3350 1791251393830475 47306
3351 1791251393859049 55691
3352 1791251393870863 46705
3353 1791251393893831 52111
3354 1791251393913581 51168
3355 1791251393941636 54455
3356 1791251393965341 59979
3357 1791251393972733 49089
3358 1791251394002673 61034
3359 1791251394028777 66617
3360 1791251394050517 67367
3361 1791251394063879 61203
3362 1791251394081457 58450
3363 1791251394105419 61233
3364 1791251394119052 55169
3365 1791251394140153 58692
3366 1791251394163944 61546
3367 1791251394191774 66691
3368 1791251394202205 59394
3369 1791251394232123 68176
3370 1791251394248186 65916
3371 1791251394264427 62394
3372 1791251394289134 65211
3373 1791251394304870 62386
3374 1791251394325658 62429
3375 1791251394346127 62124
3376 1791251394369956 66213
3377 1791251394401838 79784
3378 1791251394414399 72497
3379 1791251394437041 73490
3380 1791251394454853 70590
3381 1791251394475559 73719
3382 1791251394495267 71510
3383 1791251394523529 81252
3384 1791251394544246 82164
3385 1791251394554574 72246
3386 1791251394574467 71947
3387 1791251394598674 75142
3388 1791251394624271 80099
3389 1791251394634579 72405
3390 1791251394667488 84600
3391 1791251394684509 81799
3392 1791251394708981 86676
3393 1791251394723999 81959
3394 1791251394745897 78407
3395 1791251394768504 85776
3396 1791251394785083 81910
3397 1791251394802921 79717
3398 1791251394827783 83005
3399 1791251394846838 84445
3400 1791251394882377 99235
3401 1791251394897684 94760
3402 1791251394913867 89208
3403 1791251394933568 90635
3404 1791251394953437 91086
3405 1791251394966228 83848
3406 1791251395000985 96440
3407 1791251395014515 90280
3408 1791251395032650 90471
3409 1791251395054075 90001
3410 1791251395083381 100156
3411 1791251395099210 96473
3412 1791251395112774 90504
3413 1791251395144249 97558
3414 1791251395163086 95601
3415 1791251395184546 101163
3416 1791251395204727 101417
3417 1791251395219020 96378
3418 1791251395233848 89596
3419 1791251395266795 103708
3420 1791251395285897 101338
3421 1791251395297851 93295
3422 1791251395323073 99378
3423 1791251395343935 101669
3424 1791251395365586 102392
3425 1791251395380394 98399
3426 1791251395404186 99763
3427 1791251395415746 92670
3428 1791251395446333 102394
3429 1791251395468042 104560
3430 1791251395490272 106064
3431 1791251395509537 105349
3432 1791251395537767 109354
3433 1791251395545841 103449
3434 1791251395564416 100976
3435 1791251395595242 112372
3436 1791251395603379 100254
3437 1791251395634875 110769
3438 1791251395655362 110643
3439 1791251395672879 110904
3440 1791251395693424 108176
3441 1791251395704794 102039
3442 1791251395733702 110403
3443 1791251395747840 104811
3444 1791251395784387 114484
3445 1791251395788741 105386
3446 1791251395814607 112941
3447 1791251395833998 109674
3448 1791251395853869 109842
3449 1791251395873282 108594
3450 1791251395889077 105266
3451 1791251395915586 111224
3452 1791251395934259 108963
3453 1791251395956333 112057
3454 1791251395974828 110781
3455 1791251395995394 111551
3456 1791251396017884 114633
3457 1791251396045964 123050
3458 1791251396067748 124099
3459 1791251396082025 114206
3460 1791251396093608 111551
3461 1791251396114773 112162
3462 1791251396133492 110135
3463 1791251396155988 110019
3464 1791251396173869 110710
3465 1791251396198243 116215
3466 1791251396217988 115455
3467 1791251396234086 110847
3468 1791251396262371 119250
3469 1791251396287026 124271
3470 1791251396301864 119661
3471 1791251396315329 112265
3472 1791251396342394 118675
3473 1791251396364164 120430
3474 1791251396376403 114029
3475 1791251396408519 121791
3476 1791251396422856 120990
3477 1791251396442793 120171
3478 1791251396463367 120970
3479 1791251396474691 110524
3480 1791251396490002 107662
3481 1791251396528039 123356
3482 1791251396534577 111774
3483 1791251396553832 111036
3484 1791251396573581 110212
3485 1791251396594457 111349
3486 1791251396615812 111674
3487 1791251396639273 111232
3488 1791251396659712 115038
3489 1791251396671963 109671
3490 1791251396696477 110301
3491 1791251396713510 109676
3492 1791251396727346 104868
3493 1791251396743587 100184
3494 1791251396763567 98412
3495 1791251396774668 92479
3496 1791251396795374 92221
3497 1791251396814126 89397
3498 1791251396822503 79968
3499 1791251396853665 90095
3500 1791251396861067 77393
3501 1791251396877250 74408
3502 1791251396904444 81940
3503 1791251396914975 70783
3504 1791251396933761 69650
3505 1791251396952513 69710
3506 1791251396973767 70025
3507 1791251396982309 57839
3508 1791251397002572 58422
3509 1791251397021437 56619
3510 1791251397037134 55157
3511 1791251397053307 50733
3512 1791251397070804 49364
3513 1791251397091611 47982
3514 1791251397107075 43413
3515 1791251397130316 45904
3516 1791251397149303 47313
3517 1791251397168276 45312
3518 1791251397183985 41347
3519 1791251397201241 32963
3520 1791251397223463 40487
3521 1791251397235995 33243
3522 1791251397252887 29422
3523 1791251397276063 33569
3524 1791251397297326 34002
3525 1791251397323948 41310
3526 1791251397343487 39664
3527 1791251397362380 38430
3528 1791251397379694 36204
3529 1791251397395750 33545
3530 1791251397413970 30338
3531 1791251397436731 33793
3532 1791251397460406 36858
3533 1791251397476152 31996
3534 1791251397501867 40035
3535 1791251397519867 37260
3536 1791251397533616 31747
3537 1791251397563322 38966
3538 1791251397578381 35812
3539 1791251397597231 34844
3540 1791251397614873 30694
3541 1791251397636239 32578
3542 1791251397653423 30087
3543 1791251397676773 32789
3544 1791251397696549 32903
3545 1791251397714471 30969
3546 1791251397729614 26267
3547 1791251397757034 34005
3548 1791251397776112 29551
3549 1791251397794654 30503
3550 1791251397813709 29724
3551 1791251397829532 27203
3552 1791251397856189 32986
3553 1791251397873354 31445
3554 1791251397889922 26964
3555 1791251397920342 36509
3556 1791251397939160 32889
3557 1791251397954364 31595
3558 1791251397984568 40446
3559 1791251398002329 37776
3560 1791251398014137 29861
3561 1791251398037908 35577
3562 1791251398060583 36424
3563 1791251398075184 33028
3564 1791251398098909 35951
3565 1791251398109959 25584
3566 1791251398135380 31088
3567 1791251398156366 31607
3568 1791251398179902 36793
3569 1791251398194726 31882
3570 1791251398217830 33661
3571 1791251398234465 32034
3572 1791251398263652 39731
3573 1791251398277224 33176
3574 1791251398302269 38615
3575 1791251398314184 30852
3576 1791251398336026 33754
3577 1791251398360604 37755
3578 1791251398377332 34588
3579 1791251398404729 41611
3580 1791251398426950 43341
3581 1791251398446833 42102
3582 1791251398463933 40336
3583 1791251398487182 43803
3584 1791251398511727 47831
3585 1791251398533612 50920
3586 1791251398553954 50541
3587 1791251398574904 51613
3588 1791251398598532 55674
3589 1791251398615651 53044
3590 1791251398637237 54980
3591 1791251398666579 62614
3592 1791251398683931 62099
3593 1791251398701765 59334
3594 1791251398733222 66639
3595 1791251398736733 52799
3596 1791251398758869 57102
3597 1791251398784459 59090
3598 1791251398808025 64313
3599 1791251398823855 61915
3600 1791251398846418 61949
3601 1791251398874596 70551
3602 1791251398888852 64994
3603 1791251398909684 65922
3604 1791251398929111 66774
3605 1791251398952677 69527
3606 1791251398974335 70350
3607 1791251398992673 69219
3608 1791251399022554 74890
3609 1791251399027408 64347
3610 1791251399063144 75606
3611 1791251399077904 73447
3612 1791251399103434 80879
3613 1791251399124749 77852
3614 1791251399147844 84697
3615 1791251399154083 70696
3616 1791251399174650 71213
3617 1791251399194734 71637
3618 1791251399223799 79868
3619 1791251399244248 79808
3620 1791251399266460 83282
3621 1791251399294398 86370
3622 1791251399299144 75343
3623 1791251399320743 78377
3624 1791251399349811 83348
3625 1791251399362861 79098
3626 1791251399387351 82746
3627 1791251399413093 89503
3628 1791251399428697 86209
3629 1791251399445984 83305
3630 1791251399472857 88835
3631 1791251399486527 83113
3632 1791251399513697 90282
3633 1791251399529945 85953
3634 1791251399547264 84763
3635 1791251399562058 79918
3636 1791251399586556 82840
3637 1791251399615368 91916
3638 1791251399632408 89064
3639 1791251399658721 96660
3640 1791251399670465 86424
3641 1791251399689972 87814
3642 1791251399711937 89234
3643 1791251399735472 93875
3644 1791251399761407 98189
3645 1791251399775379 91784
3646 1791251399795683 93380
3647 1791251399819702 96314
3648 1791251399832820 90215
3649 1791251399863103 101694
3650 1791251399874619 91366
3651 1791251399903379 100849
3652 1791251399914741 92663
3653 1791251399952785 105471
3654 1791251399963980 100857
3655 1791251399990748 107629
3656 1791251400006584 103202
3657 1791251400029604 107379
3658 1791251400048869 106409
3659 1791251400067735 105266
3660 1791251400081299 96910
3661 1791251400103713 98421
3662 1791251400129510 105824
3663 1791251400147963 104207
3664 1791251400164683 101434
3665 1791251400195508 111309
3666 1791251400216057 113240
3667 1791251400232740 110271
3668 1791251400246713 103524
3669 1791251400268352 105437
3670 1791251400290992 107475
3671 1791251400315449 109084
3672 1791251400325974 102151
3673 1791251400361516 118797
3674 1791251400379157 112235
3675 1791251400393220 109804
3676 1791251400416284 113903
3677 1791251400435671 113451
3678 1791251400461633 118704
3679 1791251400476197 114678
3680 1791251400496406 112429
3681 1791251400507788 105113
3682 1791251400534323 111068
3683 1791251400548368 105544
3684 1791251400578539 116903
3685 1791251400596767 113519
3686 1791251400607620 106006
3687 1791251400639156 115507
3688 1791251400656412 112768
3689 1791251400675643 112916
3690 1791251400708213 123927
3691 1791251400727020 122516
3692 1791251400742548 120224
3693 1791251400753827 111079
3694 1791251400775389 111693
3695 1791251400795210 113064
3696 1791251400819127 113635
3697 1791251400843914 118269
3698 1791251400857510 114958
3699 1791251400878541 116187
3700 1791251400899195 115632
3701 1791251400914112 109517
3702 1791251400943516 118942
3703 1791251400965641 121721
3704 1791251400980939 116078
3705 1791251401007592 124582
3706 1791251401018837 114891
3707 1791251401041844 119196
3708 1791251401062780 119262
3709 1791251401083394 121451
3710 1791251401110173 125561
3711 1791251401124671 117074
3712 1791251401135607 112235
3713 1791251401153048 111200
3714 1791251401176683 113900
3715 1791251401202187 118790
3716 1791251401214368 110267
3717 1791251401233044 109290
3718 1791251401259276 116292
3719 1791251401266292 102782
3720 1791251401287048 103799
3721 1791251401301949 99759
3722 1791251401324847 102315
3723 1791251401334858 91424
3724 1791251401348218 84019
3725 1791251401366441 83457
3726 1791251401391097 89143
3727 1791251401395166 72695
3728 1791251401421483 77891
3729 1791251401438826 74427
3730 1791251401456387 72774
3731 1791251401468634 63852
3732 1791251401488587 67100
3733 1791251401508461 66004
3734 1791251401522163 58682
3735 1791251401544830 56240
3736 1791251401551353 47523
3737 1791251401573821 51721
3738 1791251401593521 49659
3739 1791251401613583 48081
3740 1791251401617968 34125
3741 1791251401639317 36126
3742 1791251401654493 30783
3743 1791251401669613 25532
3744 1791251401696011 31259
3745 1791251401708006 23944
3746 1791251401731757 28542
3747 1791251401746518 23219
3748 1791251401766786 24536
3749 1791251401785928 22351
3750 1791251401807456 25228
3751 1791251401823797 20806
3752 1791251401843927 22003
3753 1791251401865102 22504
3754 1791251401886408 24150
3755 1791251401904596 21869
3756 1791251401925514 21678
3757 1791251401943134 20794
3758 1791251401962723 20673
3759 1791251401984946 22220
3760 1791251402012719 29587
3761 1791251402022919 20568
3762 1791251402045309 22386
3763 1791251402066338 23859
3764 1791251402092644 26358
3765 1791251402103793 20729
3766 1791251402127733 25949
3767 1791251402144989 21655
3768 1791251402164006 22027
3769 1791251402187010 22997
3770 1791251402205806 22514
3771 1791251402234899 29090
3772 1791251402245668 22920
3773 1791251402270002 24329
3774 1791251402290114 25688
3775 1791251402306152 23432
3776 1791251402334621 28464
3777 1791251402345532 21730
3778 1791251402372657 27120
3779 1791251402383732 21704
3780 1791251402405678 23794
3781 1791251402428267 25232
3782 1791251402456919 31816
3783 1791251402468442 25037
3784 1791251402488338 23512
3785 1791251402511400 23053
3786 1791251402539083 31869
3787 1791251402550986 26226
3788 1791251402564892 21553
3789 1791251402589364 25882
3790 1791251402608128 23946
3791 1791251402626038 21659
3792 1791251402652244 28473
3793 1791251402668348 25877
3794 1791251402690492 27814
3795 1791251402714247 30451
3796 1791251402724758 22782
3797 1791251402747734 23044
3798 1791251402765187 22594
3799 1791251402785419 23435
3800 1791251402807031 24612
3801 1791251402825992 22304
3802 1791251402845736 22856
3803 1791251402873186 29667
3804 1791251402893643 29916
3805 1791251402904287 21263
3806 1791251402926367 22073
3807 1791251402945027 22505
3808 1791251402968048 24671
3809 1791251402988612 24946
3810 1791251403007977 22563
3811 1791251403027679 25306
3812 1791251403045280 21899
3813 1791251403065098 21793
3814 1791251403085380 22695
3815 1791251403113742 28444
3816 1791251403124262 21478
3817 1791251403147176 24197
3818 1791251403165747 22609
3819 1791251403185751 20806
3820 1791251403206525 22638
3821 1791251403224898 21676
3822 1791251403247180 22273
3823 1791251403273261 28627
3824 1791251403293496 29247
3825 1791251403313611 28248
3826 1791251403326626 24697
3827 1791251403353014 30087
3828 1791251403375963 32799
3829 1791251403387884 23512
3830 1791251403411096 26923
3831 1791251403430598 26989
3832 1791251403451606 28893
3833 1791251403474886 32641
3834 1791251403487034 23463
3835 1791251403514473 28650
3836 1791251403527143 23326
3837 1791251403548873 25403
3838 1791251403568167 23701
3839 1791251403592384 27271
3840 1791251403614317 26593
3841 1791251403627135 23727
3842 1791251403644123 21525
3843 1791251403674370 30243
3844 1791251403694313 29973
3845 1791251403718653 24335
3846 1791251403736532 29641
3847 1791251403752860 29034
3848 1791251403774256 28305
3849 1791251403792874 28610
3850 1791251403805951 22239
3851 1791251403827181 22482
3852 1791251403848421 25444
3853 1791251403878345 29889
3854 1791251403890887 24368
3855 1791251403909728 24499
3856 1791251403934981 25243
3857 1791251403956010 32687
3858 1791251403970169 26349
3859 1791251403991755 28504
3860 1791251404012551 25537
3861 1791251404032942 28919
3862 1791251404044545 21925
3863 1791251404073275 28724
3864 1791251404093086 29890
3865 1791251404113243 28286
3866 1791251404126432 21860
3867 1791251404152220 25783
3868 1791251404166291 24199
3869 1791251404193575 27280
3870 1791251404210078 24759
3871 1791251404227134 25087
3872 1791251404245357 21923
3873 1791251404273603 30501
3874 1791251404292566 28784
3875 1791251404309858 24074
3876 1791251404327055 25231
3877 1791251404345132 22064
3878 1791251404373943 29963
3879 1791251404386755 23701
3880 1791251404407793 21036
3881 1791251404433039 29001
3882 1791251404443322 20620
3883 1791251404464172 20846
3884 1791251404483009 20479
3885 1791251404507328 24315
3886 1791251404526321 23327
3887 1791251404545393 22476
3888 1791251404564704 21329
3889 1791251404587254 25419
3890 1791251404606088 23744
3891 1791251404631432 27468
3892 1791251404652010 28974
3893 1791251404664209 20557
3894 1791251404686946 22733
3895 1791251404713779 26830
3896 1791251404732551 28738
3897 1791251404745181 23048
3898 1791251404767401 22217
3899 1791251404784728 21273
3900 1791251404810753 26019
3901 1791251404831426 28150
3902 1791251404845664 22670
3903 1791251404868453 25814
3904 1791251404894635 26178
3905 1791251404906978 23118
3906 1791251404932244 25262
3907 1791251404949155 24061
3908 1791251404972422 26870
3909 1791251404992678 26224
3910 1791251405017152 28016
3911 1791251405026766 23542
3912 1791251405047993 23332
3913 1791251405073357 30056
3914 1791251405088362 25522
3915 1791251405113939 25569
3916 1791251405126748 24268
3917 1791251405145555 21785
3918 1791251405174388 31047
3919 1791251405186240 23043
3920 1791251405210786 24542
3921 1791251405225978 22413
3922 1791251405244058 20658
3923 1791251405269246 25183
3924 1791251405288283 24825
3925 1791251405312802 24509
3926 1791251405334346 26858
3927 1791251405347481 24509
3928 1791251405365957 22559
3929 1791251405388993 27259
3930 1791251405406431 22661
3931 1791251405436241 29910
3932 1791251405463336 35978
3933 1791251405474320 22110
3934 1791251405484589 21244
3935 1791251405509778 25177
3936 1791251405523320 21032
3937 1791251405546019 22772
3938 1791251405571715 27962
3939 1791251405593973 31634
3940 1791251405607053 22386
3941 1791251405624073 21878
3942 1791251405647749 24341
3943 1791251405665853 21794
3944 1791251405685546 22946
3945 1791251405712391 26839
3946 1791251405723436 21560
3947 1791251405747908 24468
3948 1791251405771722 27569
3949 1791251405786552 23270
3950 1791251405810613 27255
3951 1791251405832434 28323
3952 1791251405891131 67346
3953 1791251405902307 58675
3954 1791251405919060 27925
3955 1791251405919069 27927
3956 1791251405929982 27672
3957 1791251405944695 22418
3958 1791251405977595 32952
3959 1791251405993051 29225
3960 1791251406004607 21995
3961 1791251406027211 22601
3962 1791251406044720 21012
3963 1791251406065708 23316
3964 1791251406091718 28721
3965 1791251406106406 22522
3966 1791251406124838 22139
3967 1791251406146942 22101
3968 1791251406168935 24376
3969 1791251406187067 22965
3970 1791251406213247 26176
3971 1791251406225296 22540
3972 1791251406243262 20830
3973 1791251406264565 21299
3974 1791251406289182 24613
3975 1791251406310145 27429
3976 1791251406328572 25315
3977 1791251406346233 23295
3978 1791251406364297 22494
3979 1791251406385365 22569
3980 1791251406408499 25689
3981 1791251406431715 28116
3982 1791251406452189 28974
3983 1791251406468394 24449
3984 1791251406488366 25328
3985 1791251406505545 21883
3986 1791251406526359 20810
3987 1791251406545229 22972
3988 1791251406567784 25018
3989 1791251406587516 24897
3990 1791251406609750 25344
3991 1791251406626418 22201
3992 1791251406643341 21205
3993 1791251406672802 29455
3994 1791251406691249 27192
3995 1791251406704701 22021
3996 1791251406725136 21775
3997 1791251406746319 23207
3998 1791251406772083 26133
3999 1791251406784877 20506
4000 1791251406813350 29051
4001 1791251406824282 21719
4002 1791251406852342 28131
4003 1791251406867124 24587
4004 1791251406889111 21976
4005 1791251406904803 22462
4006 1791251406924261 21550
4007 1791251406945119 23098
4008 1791251406964745 21272
4009 1791251406992792 28043
4010 1791251407003514 21602
4011 1791251407024421 20961
4012 1791251407049251 26178
4013 1791251407068017 24961
4014 1791251407085430 21407
4015 1791251407107579 22144
4016 1791251407125547 22824
4017 1791251407155843 30378
4018 1791251407171962 26888
4019 1791251407186636 22798
4020 1791251407206064 22453
4021 1791251407222544 20713
4022 1791251407253367 30899
4023 1791251407271993 28572
4024 1791251407293439 26742
4025 1791251407307238 25126
4026 1791251407326884 24161
4027 1791251407345318 20941
4028 1791251407365827 20505
4029 1791251407398762 32932
4030 1791251407412705 28033
4031 1791251407428994 25122
4032 1791251407446481 23933
4033 1791251407464702 22383
4034 1791251407483606 20884
4035 1791251407507178 23568
4036 1791251407525644 21602
4037 1791251407546519 22944
4038 1791251407564973 22657
4039 1791251407590625 27341
4040 1791251407606646 22633
4041 1791251407623622 20633
4042 1791251407645166 22745
4043 1791251407663709 21674
4044 1791251407689957 26299
4045 1791251407704094 21798
4046 1791251407723813 21689
4047 1791251407749893 26120
4048 1791251407765244 22723
4049 1791251407785811 22810
4050 1791251407806564 23466
4051 1791251407826312 23827
4052 1791251407853377 27061
4053 1791251407868634 26005
4054 1791251407885016 22508
4055 1791251407906643 23614
4056 1791251407924385 22236
4057 1791251407945994 21605
4058 1791251407964242 20892
4059 1791251407983821 20890
4060 1791251408007786 25109
4061 1791251408025786 22341
4062 1791251408044625 22289
4063 1791251408063242 20876
4064 1791251408084508 21342
4065 1791251408106108 21594
4066 1791251408132302 26190
4067 1791251408152438 24708
4068 1791251408169042 24031
4069 1791251408184559 21716
4070 1791251408209621 27009
4071 1791251408225954 22731
4072 1791251408249426 23468
4073 1791251408265407 20899
4074 1791251408284918 22761
4075 1791251408306608 21748
4076 1791251408328414 25419
4077 1791251408344462 21565
4078 1791251408363099 20775
4079 1791251408385980 24042
4080 1791251408410100 26432
4081 1791251408426019 22686
4082 1791251408454024 28002
4083 1791251408464139 21626
4084 1791251408493416 30268
4085 1791251408506643 23615
4086 1791251408524605 21719
4087 1791251408552003 30093
4088 1791251408569070 26527
4089 1791251408585849 21745
4090 1791251408611539 25688
4091 1791251408633452 26749
4092 1791251408645716 23820
4093 1791251408666380 20661
4094 1791251408692534 28168
4095 1791251408703954 20738
4096 1791251408727559 23646
4097 1791251408745465 20842
4098 1791251408765328 23550
4099 1791251408785216 22714
4100 1791251408809055 23959
4101 1791251408826273 22413
4102 1791251408846981 22823
4103 1791251408873717 26775
4104 1791251408886648 21054
4105 1791251408902907 20924
4106 1791251408927927 25212
4107 1791251408948565 24345
4108 1791251408963923 20820
4109 1791251408992862 28991
4110 1791251409006142 22063
4111 1791251409025795 21518
4112 1791251409044572 21667
4113 1791251409067388 22813
4114 1791251409084167 21549
4115 1791251409104082 22568
4116 1791251409132454 28368
4117 1791251409149194 26277
4118 1791251409164299 20676
4119 1791251409187473 23170
4120 1791251409211737 24260
4121 1791251409226735 24976
4122 1791251409246016 22902
4123 1791251409272648 26629
4124 1791251409293291 29063
4125 1791251409304437 20558
4126 1791251409323386 20704
4127 1791251409344837 21447
4128 1791251409365752 23952
4129 1791251409388093 22336
4130 1791251409411523 26134
4131 1791251409430908 27183
4132 1791251409446895 23345
4133 1791251409467702 23813
4134 1791251409487229 22716
4135 1791251409504364 20776
4136 1791251409526915 23721
4137 1791251409545453 21671
4138 1791251409565348 22817
4139 1791251409592302 27250
4140 1791251409609971 26092
4141 1791251409624496 20876
4142 1791251409646626 24063
4143 1791251409664109 22202
4144 1791251409684526 22367
4145 1791251409705953 21424
# sent 4146 received 4146
