0 1791336842146137 20834
1 1791336842170369 24276
2 1791336842193501 23128
3 1791336842210921 24946
4 1791336842236610 25685
5 1791336842250343 23079
6 1791336842267988 20860
7 1791336842287423 21608
8 1791336842309222 21797
9 1791336842328330 22699
10 1791336842357232 28897
11 1791336842367357 21145
12 1791336842388112 21099
13 1791336842407676 21895
14 1791336842439482 31803
15 1791336842450084 22684
16 1791336842468095 21957
17 1791336842499867 31765
18 1791336842510212 23574
19 1791336842528235 21184
20 1791336842550343 23366
21 1791336842569410 22138
22 1791336842594718 27475
23 1791336842612342 25958
24 1791336842629431 21938
25 1791336842648504 21404
26 1791336842669472 20965
27 1791336842688539 21298
28 1791336842706837 20657
29 1791336842734010 27170
30 1791336842749782 23544
31 1791336842775467 25777
32 1791336842791041 23801
33 1791336842808126 22481
34 1791336842827200 20948
35 1791336842849004 21800
36 1791336842869622 23265
37 1791336842895023 27317
38 1791336842914864 27910
39 1791336842930391 23942
40 1791336842957277 26882
41 1791336842970997 23898
42 1791336842999241 28239
43 1791336843010206 22963
44 1791336843029711 22693
45 1791336843057254 27532
46 1791336843071561 25113
47 1791336843096253 24686
48 1791336843111534 25506
49 1791336843133623 27006
50 1791336843150683 24570
51 1791336843170321 24536
52 1791336843196936 26676
53 1791336843212353 22669
54 1791336843227896 21750
55 1791336843248535 21399
56 1791336843267463 20427
57 1791336843294290 26824
58 1791336843310408 23509
59 1791336843336378 28252
60 1791336843348140 21932
61 1791336843371231 23088
62 1791336843391565 24337
63 1791336843408644 21212
64 1791336843438056 30642
65 1791336843450228 23796
66 1791336843476224 25992
67 1791336843494417 26999
68 1791336843508510 21544
69 1791336843527281 21427
70 1791336843548313 21080
71 1791336843571451 24304
72 1791336843594917 29188
73 1791336843615920 28894
74 1791336843629455 22417
75 1791336843653778 26892
76 1791336843668557 21643
77 1791336843689259 22238
78 1791336843707238 21081
79 1791336843736236 28994
80 1791336843748038 21098
81 1791336843768984 22245
82 1791336843791528 24010
83 1791336843810134 21785
84 1791336843844299 34162
85 1791336843857701 29293
86 1791336843868075 20864
87 1791336843894930 26852
88 1791336843915267 28196
89 1791336843934909 28645
90 1791336843950070 22455
91 1791336843981656 31737
92 1791336843997494 29353
93 1791336844012155 24968
94 1791336844039182 31824
95 1791336844049534 21230
96 1791336844069390 23071
97 1791336844095404 28161
98 1791336844115270 29648
99 1791336844137467 29917
100 1791336844157355 29915
101 1791336844175831 26540
102 1791336844193662 24230
103 1791336844207693 20441
104 1791336844230213 22516
105 1791336844256098 27895
106 1791336844276041 28888
107 1791336844292996 26487
108 1791336844308139 21847
109 1791336844333755 26636
110 1791336844358313 24554
111 1791336844369526 23224
112 1791336844389291 22983
113 1791336844409905 20610
114 1791336844437180 29822
115 1791336844449226 23030
116 1791336844468657 21552
117 1791336844490536 23391
118 1791336844511291 23944
119 1791336844528858 21635
120 1791336844553051 26079
121 1791336844576158 29069
122 1791336844593530 26330
123 1791336844616399 25875
124 1791336844627467 21245
125 1791336844651183 23712
126 1791336844668063 21846
127 1791336844697588 29521
128 1791336844708991 21692
129 1791336844737356 28362
130 1791336844750540 23018
131 1791336844768456 21955
132 1791336844789285 23604
133 1791336844817287 27999
134 1791336844834363 26443
135 1791336844855222 27918
136 1791336844876196 30688
137 1791336844897213 30736
138 1791336844911526 23968
139 1791336844939066 27537
140 1791336844954047 28129
141 1791336844968738 21611
142 1791336844994690 25949
143 1791336845008536 21265
144 1791336845029731 23465
145 1791336845050247 23933
146 1791336845075086 26975
147 1791336845094219 26842
148 1791336845113165 25704
149 1791336845128944 21404
150 1791336845151093 22145
151 1791336845169645 22976
152 1791336845197156 27625
153 1791336845213908 26844
154 1791336845230013 23560
155 1791336845250682 20665
156 1791336845268493 21944
157 1791336845290393 24285
158 1791336845309141 20731
159 1791336845329369 22208
160 1791336845350265 23237
161 1791336845369429 21458
162 1791336845388483 22132
163 1791336845411351 24634
164 1791336845428707 22937
165 1791336845448957 23177
166 1791336845475654 28203
167 1791336845495462 29265
168 1791336845512619 25621
169 1791336845532879 24460
170 1791336845548563 21260
171 1791336845568255 20940
172 1791336845590338 22967
173 1791336845615759 28507
174 1791336845627944 20781
175 1791336845648309 21381
176 1791336845675777 28959
177 1791336845697175 30814
178 1791336845708418 22445
179 1791336845740186 31764
180 1791336845756106 26235
181 1791336845774534 27358
182 1791336845789165 22189
183 1791336845816151 26983
184 1791336845827432 21772
185 1791336845851870 24432
186 1791336845869465 23555
187 1791336845899433 30439
188 1791336845913476 21068
189 1791336845927733 20877
190 1791336845949987 23733
191 1791336845968422 21171
192 1791336845996316 29725
193 1791336846015546 28119
194 1791336846039412 23862
195 1791336846049828 22360
196 1791336846076355 29153
197 1791336846090155 21475
198 1791336846109565 22709
199 1791336846136953 29481
200 1791336846148576 22324
201 1791336846174085 25504
202 1791336846194788 28563
203 1791336846217586 31089
204 1791336846229754 23833
205 1791336846249047 21574
206 1791336846269981 22776
207 1791336846297225 29160
208 1791336846310331 24163
209 1791336846337441 27107
210 1791336846356531 25386
211 1791336846368578 22907
212 1791336846389409 20827
213 1791336846411540 24243
214 1791336846438622 27079
215 1791336846451293 23578
216 1791336846477416 26119
217 1791336846488820 23175
218 1791336846508484 22429
219 1791336846536401 29414
220 1791336846556277 28670
221 1791336846574057 26846
222 1791336846591268 24804
223 1791336846617210 25940
224 1791336846639408 24007
225 1791336846650194 22019
226 1791336846669519 22243
227 1791336846690468 23207
228 1791336846709092 23162
229 1791336846736342 28757
230 1791336846755895 29287
231 1791336846772146 25627
232 1791336846790284 22311
233 1791336846814112 25923
234 1791336846831517 23998
235 1791336846849994 22781
236 1791336846867882 21302
237 1791336846888530 20645
238 1791336846909399 22003
239 1791336846928640 22058
240 1791336846948268 22436
241 1791336846970247 23956
242 1791336846990044 21960
243 1791336847014985 27564
244 1791336847031949 25036
245 1791336847048707 22248
246 1791336847067829 21733
247 1791336847089625 23806
248 1791336847112815 25471
249 1791336847138708 25890
250 1791336847151216 22770
251 1791336847172069 25565
252 1791336847193958 21934
253 1791336847209381 21912
254 1791336847237111 27726
255 1791336847251662 25529
256 1791336847275852 24188
257 1791336847295848 26557
258 1791336847308079 20911
259 1791336847332996 25409
260 1791336847350582 22938
261 1791336847369618 22030
262 1791336847388659 21167
263 1791336847416649 29124
264 1791336847428550 22737
265 1791336847454027 25474
266 1791336847470738 23164
267 1791336847488978 22406
268 1791336847521664 32682
269 1791336847537411 29641
270 1791336847553229 26858
271 1791336847578676 25443
272 1791336847590730 21423
273 1791336847610198 22628
274 1791336847635146 26947
275 1791336847649758 23214
276 1791336847672396 24777
277 1791336847688992 22335
278 1791336847715089 27812
279 1791336847733231 25800
280 1791336847749377 23192
281 1791336847772882 25541
282 1791336847792109 24855
283 1791336847807759 21715
284 1791336847828784 22169
285 1791336847855320 28019
286 1791336847875985 29631
287 1791336847896970 30275
288 1791336847915247 27698
289 1791336847929233 22412
290 1791336847954801 27571
291 1791336847971371 24145
292 1791336847990358 22947
293 1791336848016335 27931
294 1791336848029576 22843
295 1791336848048751 22328
296 1791336848073006 25901
297 1791336848088280 21030
298 1791336848116077 28601
299 1791336848131003 24251
300 1791336848152613 26212
301 1791336848167224 21056
302 1791336848191396 24168
303 1791336848216322 24923
304 1791336848237887 28590
305 1791336848251121 24938
306 1791336848267943 21852
307 1791336848289141 22966
308 1791336848313521 24377
309 1791336848341198 31180
310 1791336848349481 23294
311 1791336848368455 21379
312 1791336848390193 21735
313 1791336848410200 22201
314 1791336848437325 29372
315 1791336848448487 22200
316 1791336848471035 22545
317 1791336848497736 29400
318 1791336848511084 24745
319 1791336848543911 32823
320 1791336848556194 27106
321 1791336848577610 30001
322 1791336848593128 24763
323 1791336848616162 27566
324 1791336848640306 27291
325 1791336848649157 22364
326 1791336848669058 23193
327 1791336848693660 24745
328 1791336848710564 24313
329 1791336848737872 27305
330 1791336848748432 20947
331 1791336848770533 23292
332 1791336848788201 22598
333 1791336848807919 20875
334 1791336848836178 28254
335 1791336848849762 23492
336 1791336848870143 22601
337 1791336848889060 22987
338 1791336848915366 26303
339 1791336848935710 28844
340 1791336848951729 24611
341 1791336848967544 21730
342 1791336848990382 22834
343 1791336849008686 21311
344 1791336849029501 22453
345 1791336849047108 20953
346 1791336849067138 21208
347 1791336849088767 21750
348 1791336849114746 25969
349 1791336849137441 30170
350 1791336849156044 28398
351 1791336849172604 25043
352 1791336849195074 22466
353 1791336849209757 22481
354 1791336849242276 32804
355 1791336849255038 28907
356 1791336849269553 22044
357 1791336849293302 25770
358 1791336849308625 20999
359 1791336849328680 22051
360 1791336849351988 25902
361 1791336849367729 21389
362 1791336849394534 26801
363 1791336849419132 31589
364 1791336849431196 23980
365 1791336849448054 21043
366 1791336849468681 21480
367 1791336849488312 21774
368 1791336849508264 22376
369 1791336849528585 22861
370 1791336849551254 22754
371 1791336849570540 21855
372 1791336849594352 25962
373 1791336849608970 21674
374 1791336849627401 21879
375 1791336849648971 21566
376 1791336849675998 28752
377 1791336849691856 24086
378 1791336849708502 21364
379 1791336849729822 22666
380 1791336849748627 21325
381 1791336849770879 22247
382 1791336849789298 21901
383 1791336849807845 20594
384 1791336849835167 27953
385 1791336849850010 23754
386 1791336849869306 21401
387 1791336849896985 29754
388 1791336849909313 22791
389 1791336849936198 26882
390 1791336849949189 21581
391 1791336849968819 22507
392 1791336849997288 30964
393 1791336850007404 21366
394 1791336850035002 27595
395 1791336850048596 22159
396 1791336850070283 23900
397 1791336850089223 21892
398 1791336850115951 26725
399 1791336850134320 25949
400 1791336850155533 26775
401 1791336850169242 21889
402 1791336850190385 24533
403 1791336850214884 28306
404 1791336850237283 29856
405 1791336850249686 21070
406 1791336850278936 29247
407 1791336850297310 30055
408 1791336850316770 30545
409 1791336850334276 28372
410 1791336850360032 31264
411 1791336850377280 30118
412 1791336850397273 26703
413 1791336850417811 31347
414 1791336850440827 33419
415 1791336850458927 32979
416 1791336850477575 31538
417 1791336850501549 34293
418 1791336850512355 24165
419 1791336850535960 29893
420 1791336850553052 25833
421 1791336850577308 28265
422 1791336850593435 25280
423 1791336850611072 23722
424 1791336850637976 30005
425 1791336850651249 24616
426 1791336850678613 27355
427 1791336850696855 28972
428 1791336850718042 30536
429 1791336850736217 28626
430 1791336850758476 28688
431 1791336850779038 27126
432 1791336850798974 31913
433 1791336850817913 29154
434 1791336850835538 28274
435 1791336850859144 31140
436 1791336850885006 36419
437 1791336850898190 29354
438 1791336850922518 31322
439 1791336850934984 27688
440 1791336850957183 29703
441 1791336850980128 31261
442 1791336850995693 28023
443 1791336851018637 30557
444 1791336851031586 24537
445 1791336851055154 29288
446 1791336851077063 29969
447 1791336851100143 33557
448 1791336851117312 30519
449 1791336851139190 32139
450 1791336851149369 23910
451 1791336851172606 25059
452 1791336851195824 27524
453 1791336851210575 24640
454 1791336851236432 29231
455 1791336851259585 29937
456 1791336851281372 33492
457 1791336851297897 31750
458 1791336851317547 30125
459 1791336851346175 32970
460 1791336851358058 30673
461 1791336851368765 22752
462 1791336851397873 30291
463 1791336851408334 21708
464 1791336851437458 30052
465 1791336851452999 26645
466 1791336851477536 30939
467 1791336851496377 30121
468 1791336851510553 24187
469 1791336851535465 24908
470 1791336851551696 25549
471 1791336851577431 29419
472 1791336851600259 34340
473 1791336851614685 28814
474 1791336851637248 29782
475 1791336851656158 30027
476 1791336851677224 26534
477 1791336851698943 27492
478 1791336851712200 24978
479 1791336851732890 23992
480 1791336851758625 30862
481 1791336851784358 36853
482 1791336851798758 31204
483 1791336851822911 35613
484 1791336851847894 40678
485 1791336851875623 46656
486 1791336851897758 50198
487 1791336851918242 49653
488 1791336851940693 54733
489 1791336851971411 64224
490 1791336851989958 61550
491 1791336852011527 64931
492 1791336852036530 65116
493 1791336852053193 67439
494 1791336852079737 73323
495 1791336852104803 72846
496 1791336852116457 69220
497 1791336852143275 74583
498 1791336852158391 72274
499 1791336852173673 67681
500 1791336852198711 70894
501 1791336852219117 72313
502 1791336852246326 80011
503 1791336852262317 76135
504 1791336852286342 80167
505 1791336852300421 72383
506 1791336852331594 85266
507 1791336852349074 81504
508 1791336852369323 83366
509 1791336852381006 75085
510 1791336852405517 74129
511 1791336852426606 77529
512 1791336852447662 80341
513 1791336852463015 75882
514 1791336852486418 80897
515 1791336852506000 79391
516 1791336852525182 77517
517 1791336852547345 79850
518 1791336852573532 87113
519 1791336852591801 85914
520 1791336852617443 90215
521 1791336852636415 89066
522 1791336852647879 81364
523 1791336852669544 82416
524 1791336852695814 89555
525 1791336852715410 88950
526 1791336852731616 83988
527 1791336852758325 91599
528 1791336852776037 88561
529 1791336852793908 87448
530 1791336852810147 81163
531 1791336852835883 88339
532 1791336852852746 82356
533 1791336852865226 78083
534 1791336852888257 82274
535 1791336852900456 70858
536 1791336852915636 69491
537 1791336852937757 70567
538 1791336852957670 70218
539 1791336852975111 65748
540 1791336852991644 65779
541 1791336853009838 61855
542 1791336853027407 60173
543 1791336853040554 52408
544 1791336853067886 60305
545 1791336853078444 51091
546 1791336853097203 49700
547 1791336853113546 45657
548 1791336853126738 38703
549 1791336853139382 32418
550 1791336853157768 31028
551 1791336853178271 31784
552 1791336853193621 26821
553 1791336853220726 32138
554 1791336853237725 30421
555 1791336853257971 30615
556 1791336853276305 29696
557 1791336853297548 27885
558 1791336853315340 29156
559 1791336853336789 29640
560 1791336853355473 27855
561 1791336853379123 32129
562 1791336853398389 30353
563 1791336853418121 31631
564 1791336853435540 27941
565 1791336853450219 22915
566 1791336853470888 24994
567 1791336853498451 27560
568 1791336853514272 28210
569 1791336853536514 28924
570 1791336853561632 33520
571 1791336853578754 33048
572 1791336853597580 29777
573 1791336853615299 28463
574 1791336853639209 30860
575 1791336853656014 27269
576 1791336853683271 35767
577 1791336853697445 29213
578 1791336853718788 30457
579 1791336853736167 29486
580 1791336853756099 29866
581 1791336853776780 27662
582 1791336853806169 36388
583 1791336853819561 30093
584 1791336853833272 27377
585 1791336853856304 29580
586 1791336853881042 31730
587 1791336853894994 29531
588 1791336853918057 30861
589 1791336853943400 31425
590 1791336853952232 25045
591 1791336853972041 26217
592 1791336854000678 28633
593 1791336854013867 26146
594 1791336854036400 30182
595 1791336854055518 27166
596 1791336854076365 25695
597 1791336854104166 33824
598 1791336854115568 26140
599 1791336854139785 30806
600 1791336854158950 31292
601 1791336854178390 30864
602 1791336854197435 28669
603 1791336854211368 24146
604 1791336854237496 31827
605 1791336854254197 27904
606 1791336854277584 29696
607 1791336854300320 25244
608 1791336854319708 32599
609 1791336854330216 21364
610 1791336854358961 31749
611 1791336854369412 22952
612 1791336854407116 37701
613 1791336854417447 30125
614 1791336854437656 30534
615 1791336854455988 29134
616 1791336854479817 27656
617 1791336854500012 32418
618 1791336854517968 29675
619 1791336854532667 25751
620 1791336854556197 28383
621 1791336854581690 35794
622 1791336854595593 27149
623 1791336854620615 34422
624 1791336854653020 45373
625 1791336854659162 28992
626 1791336854682606 29577
627 1791336854702837 31747
628 1791336854723443 35940
629 1791336854741024 34952
630 1791336854752268 26654
631 1791336854779257 31612
632 1791336854796069 28539
633 1791336854818630 29518
634 1791336854842099 35658
635 1791336854865417 36831
636 1791336854879535 31916
637 1791336854896677 31253
638 1791336854909313 21054
639 1791336854935582 29509
640 1791336854961436 33921
641 1791336854979162 29961
642 1791336855006405 27234
643 1791336855018077 26747
644 1791336855037680 31269
645 1791336855055549 29070
646 1791336855077822 30104
647 1791336855103870 32595
648 1791336855119617 31854
649 1791336855137727 31475
650 1791336855159537 33723
651 1791336855170379 23207
652 1791336855195252 29371
653 1791336855215188 28886
654 1791336855238954 29276
655 1791336855266668 38620
656 1791336855285564 38411
657 1791336855308564 41892
658 1791336855327347 41779
659 1791336855354854 48693
660 1791336855375940 48590
661 1791336855406400 57707
662 1791336855426315 55102
663 1791336855446815 60170
664 1791336855466505 60101
665 1791336855497773 71454
666 1791336855524378 77560
667 1791336855538976 72468
668 1791336855572761 81216
669 1791336855595858 84984
670 1791336855618410 89888
671 1791336855638882 91684
672 1791336855667569 94893
673 1791336855684429 98451
674 1791336855710413 102926
675 1791336855735901 107287
676 1791336855760265 113961
677 1791336855782749 115175
678 1791336855807598 117569
679 1791336855829429 119012
680 1791336855857354 126607
681 1791336855868945 122904
682 1791336855888030 117873
683 1791336855907340 120077
684 1791336855931072 123471
685 1791336855958757 129325
686 1791336855977730 131067
687 1791336855998742 129793
688 1791336856021723 133689
689 1791336856036205 128862
690 1791336856055655 127892
691 1791336856072227 124829
692 1791336856087669 121190
693 1791336856109541 121973
694 1791336856127038 118118
695 1791336856143759 117192
696 1791336856162054 115668
697 1791336856179993 112709
698 1791336856201143 113471
699 1791336856215782 106237
700 1791336856231610 104571
701 1791336856248841 102660
702 1791336856267896 100579
703 1791336856286569 98605
704 1791336856307043 98364
705 1791336856317788 91416
706 1791336856338544 90970
707 1791336856349079 81567
708 1791336856360535 73963
709 1791336856379236 72189
710 1791336856385996 58364
711 1791336856403320 57434
712 1791336856416222 50218
713 1791336856426755 40755
714 1791336856442928 35860
715 1791336856456028 29503
716 1791336856480778 33258
717 1791336856494042 26851
718 1791336856517949 30325
719 1791336856534667 26950
720 1791336856558853 28869
721 1791336856575776 29707
722 1791336856597085 27654
723 1791336856622486 32824
724 1791336856640048 29139
725 1791336856651473 24198
726 1791336856679267 30671
727 1791336856702465 36401
728 1791336856723380 34300
729 1791336856734307 26779
730 1791336856763398 35391
731 1791336856780242 30116
732 1791336856797552 30312
733 1791336856819723 32589
734 1791336856837627 29121
735 1791336856852441 26099
736 1791336856879762 32182
737 1791336856896696 29524
738 1791336856917661 31628
739 1791336856936655 29213
740 1791336856952409 24852
741 1791336856978411 30904
742 1791336857001436 33789
743 1791336857019862 32293
744 1791336857033072 27052
745 1791336857050322 23048
746 1791336857078065 27739
747 1791336857095988 28700
748 1791336857116728 29195
749 1791336857138690 27587
750 1791336857157827 31018
751 1791336857178315 30861
752 1791336857201903 35873
753 1791336857218606 31289
754 1791336857238542 31334
755 1791336857259780 32105
756 1791336857276169 27441
757 1791336857297753 29316
758 1791336857319894 33521
759 1791336857337281 30834
760 1791336857361817 34265
761 1791336857380304 29081
762 1791336857391702 24014
763 1791336857418523 30897
764 1791336857438414 31719
765 1791336857457552 30133
766 1791336857477036 28430
767 1791336857495806 23819
768 1791336857519138 29105
769 1791336857536383 29050
770 1791336857557574 29929
771 1791336857584237 33486
772 1791336857597509 31140
773 1791336857609379 22417
774 1791336857639054 32600
775 1791336857656163 28051
776 1791336857680947 30028
777 1791336857697922 31635
778 1791336857721774 34152
779 1791336857738986 29375
780 1791336857766805 38901
781 1791336857777921 31267
782 1791336857794622 27889
783 1791336857809929 23943
784 1791336857835265 28361
785 1791336857850093 23995
786 1791336857877525 27429
787 1791336857900191 33258
788 1791336857923604 37115
789 1791336857939303 29664
790 1791336857950183 24133
791 1791336857973822 27117
792 1791336857995067 25880
793 1791336858016151 30202
794 1791336858037987 29284
795 1791336858063725 37410
796 1791336858081711 33014
797 1791336858102135 33426
798 1791336858112729 25026
799 1791336858132474 24978
800 1791336858159896 32163
801 1791336858176908 29213
802 1791336858199168 32853
803 1791336858209444 22593
804 1791336858239295 29848
805 1791336858259213 30226
806 1791336858276479 28822
807 1791336858294834 27385
808 1791336858317384 30063
809 1791336858340823 31483
810 1791336858355360 29101
811 1791336858377535 30006
812 1791336858398721 32114
813 1791336858416668 29131
814 1791336858440627 34236
815 1791336858458931 32743
816 1791336858478541 30670
817 1791336858498374 30643
818 1791336858518751 28892
819 1791336858528949 22867
820 1791336858555512 26770
821 1791336858578697 29819
822 1791336858598851 31864
823 1791336858617887 31264
824 1791336858636143 29969
825 1791336858652609 23699
826 1791336858678341 25728
827 1791336858699685 32336
828 1791336858715801 27323
829 1791336858737630 31500
830 1791336858755785 29193
831 1791336858782210 30972
832 1791336858795010 29013
833 1791336858812506 25425
834 1791336858829340 22649
835 1791336858857424 28081
836 1791336858875927 28677
837 1791336858895604 28425
838 1791336858918082 30626
839 1791336858943044 35634
840 1791336858957904 31553
841 1791336858975356 27995
842 1791336858997850 28959
843 1791336859014437 28417
844 1791336859036526 29763
845 1791336859061968 30451
846 1791336859075816 27447
847 1791336859101134 33786
848 1791336859115242 24814
849 1791336859136719 30337
850 1791336859167594 35644
851 1791336859182581 34502
852 1791336859207717 40118
853 1791336859222864 36894
854 1791336859247161 39442
855 1791336859266880 39197
856 1791336859285801 38913
857 1791336859308418 41534
858 1791336859330969 45165
859 1791336859349597 43542
860 1791336859369705 44172
861 1791336859398745 49144
862 1791336859418171 48461
863 1791336859437730 50141
864 1791336859456491 49111
865 1791336859468629 42128
866 1791336859495759 43312
867 1791336859509032 40400
868 1791336859527498 41284
869 1791336859535405 29382
870 1791336859557530 30029
871 1791336859582815 36071
872 1791336859601110 34003
873 1791336859617847 30593
874 1791336859642902 36300
875 1791336859659571 28666
876 1791336859681985 35810
877 1791336859707701 40049
878 1791336859721637 34326
879 1791336859746723 39015
880 1791336859765322 39446
881 1791336859783999 37672
882 1791336859807969 42644
883 1791336859828128 41437
884 1791336859856013 48041
885 1791336859877766 49634
886 1791336859898316 47064
887 1791336859904246 37972
888 1791336859929739 41508
889 1791336859958936 51763
890 1791336859977026 49579
891 1791336859990906 43527
892 1791336860014811 47608
893 1791336860044729 54941
894 1791336860072119 65678
895 1791336860086195 60094
896 1791336860102933 54364
897 1791336860126448 54799
898 1791336860142247 56050
899 1791336860162679 53927
900 1791336860189455 63004
901 1791336860208777 61488
902 1791336860230058 62173
903 1791336860248144 62126
904 1791336860277094 71368
905 1791336860298173 69997
906 1791336860315826 67678
907 1791336860337729 67520
908 1791336860354657 64264
909 1791336860379118 67361
910 1791336860386767 58284
911 1791336860411947 64386
912 1791336860439736 69483
913 1791336860459048 72683
914 1791336860478998 70114
915 1791336860495926 67317
916 1791336860517735 70183
917 1791336860537451 69542
918 1791336860556869 69715
919 1791336860578829 65773
920 1791336860598115 71337
921 1791336860626448 78980
922 1791336860640069 73577
923 1791336860666913 79461
924 1791336860681241 73684
925 1791336860698603 72274
926 1791336860728982 81467
927 1791336860746300 79383
928 1791336860767140 79773
929 1791336860784625 78576
930 1791336860806852 77867
931 1791336860826420 80165
932 1791336860850230 83086
933 1791336860867687 80148
934 1791336860887516 80906
935 1791336860903815 77627
936 1791336860927615 80167
937 1791336860947520 79829
938 1791336860965892 78423
939 1791336860993669 86451
940 1791336861008928 81380
941 1791336861036109 88586
942 1791336861047707 82063
943 1791336861071639 77968
944 1791336861082053 73122
945 1791336861097474 71147
946 1791336861119177 71467
947 1791336861131509 64444
948 1791336861146411 60036
949 1791336861165589 58821
950 1791336861182486 51519
951 1791336861191511 45096
952 1791336861209170 43577
953 1791336861228195 40497
954 1791336861248405 40785
955 1791336861261390 33193
956 1791336861278394 29975
957 1791336861296323 28778
958 1791336861317484 31505
959 1791336861339069 32581
960 1791336861356329 30099
961 1791336861374587 24563
962 1791336861398633 32848
963 1791336861417801 29609
964 1791336861438553 29183
965 1791336861457656 30155
966 1791336861472623 25861
967 1791336861498996 31603
968 1791336861510014 22467
969 1791336861537412 30171
970 1791336861551738 23978
971 1791336861578322 31821
972 1791336861599115 31582
973 1791336861615817 29392
974 1791336861637874 29979
975 1791336861655324 29292
976 1791336861676342 28723
977 1791336861690296 24549
978 1791336861715307 29860
979 1791336861736389 29733
980 1791336861757327 31754
981 1791336861777262 30829
982 1791336861797853 31623
983 1791336861811728 24158
984 1791336861840895 33099
985 1791336861861740 34140
986 1791336861875219 27575
987 1791336861890113 24097
988 1791336861916650 26534
989 1791336861934385 26926
990 1791336861949594 21774
991 1791336861983337 35568
992 1791336862003482 37166
993 1791336862016917 26253
994 1791336862031174 24892
995 1791336862060231 29054
996 1791336862078158 28192
997 1791336862097682 30055
998 1791336862116311 29023
999 1791336862142731 36535
1000 1791336862157284 29898
1001 1791336862174614 28224
1002 1791336862199054 31522
1003 1791336862216807 29217
1004 1791336862247122 37491
1005 1791336862257751 31766
1006 1791336862270071 22946
1007 1791336862294922 27287
1008 1791336862317743 30335
1009 1791336862338410 31151
1010 1791336862355248 29118
1011 1791336862378920 31585
1012 1791336862399480 32028
1013 1791336862418506 31975
1014 1791336862440020 28780
1015 1791336862453549 27658
1016 1791336862477577 29971
1017 1791336862498690 32453
1018 1791336862516467 28529
1019 1791336862537335 31435
1020 1791336862556631 30919
1021 1791336862570354 24686
1022 1791336862600957 32779
1023 1791336862612901 26598
1024 1791336862638620 32412
1025 1791336862663760 36262
1026 1791336862675550 26853
1027 1791336862700043 33666
1028 1791336862717906 30254
1029 1791336862729006 22680
1030 1791336862758751 29811
1031 1791336862772664 25914
1032 1791336862795503 22835
1033 1791336862819533 33461
1034 1791336862832239 24153
1035 1791336862857508 31101
1036 1791336862877363 25425
1037 1791336862898556 28547
1038 1791336862914511 29030
1039 1791336862935583 29565
1040 1791336862954383 28527
1041 1791336862973768 27780
1042 1791336862998176 30504
1043 1791336863019761 33605
1044 1791336863038380 30929
1045 1791336863062726 35381
1046 1791336863076080 30192
1047 1791336863092232 25687
1048 1791336863119596 32815
1049 1791336863137047 29359
1050 1791336863158887 33019
1051 1791336863177593 29711
1052 1791336863191817 25579
1053 1791336863216585 30724
1054 1791336863244494 31122
1055 1791336863262133 33144
1056 1791336863274917 27462
1057 1791336863301861 34498
1058 1791336863319871 30982
1059 1791336863342517 34533
1060 1791336863368580 37617
1061 1791336863385408 38873
1062 1791336863407886 39300
1063 1791336863426280 40867
1064 1791336863450199 44672
1065 1791336863476161 49877
1066 1791336863499613 52072
1067 1791336863529156 61312
1068 1791336863551477 64601
1069 1791336863571693 64309
1070 1791336863598462 69432
1071 1791336863621928 70447
1072 1791336863638754 72720
1073 1791336863667790 80446
1074 1791336863683668 77994
1075 1791336863712437 85099
1076 1791336863737550 89840
1077 1791336863758010 90204
1078 1791336863783815 96331
1079 1791336863801906 95444
1080 1791336863822314 93301
1081 1791336863835710 88598
1082 1791336863857868 90244
1083 1791336863874472 88473
1084 1791336863900477 92717
1085 1791336863917767 88981
1086 1791336863937827 90717
1087 1791336863958660 90437
1088 1791336863976459 88950
1089 1791336863997659 90253
1090 1791336864016316 88828
1091 1791336864038928 91186
1092 1791336864069821 98234
1093 1791336864088324 102233
1094 1791336864098714 92057
1095 1791336864117728 92331
1096 1791336864139916 93480
1097 1791336864154367 84541
1098 1791336864175710 88112
1099 1791336864190166 83709
1100 1791336864207680 80201
1101 1791336864225998 78460
1102 1791336864245543 76318
1103 1791336864259493 71794
1104 1791336864278463 70778
1105 1791336864298196 72196
1106 1791336864309555 64009
1107 1791336864331716 65387
1108 1791336864348505 61204
1109 1791336864372511 62953
1110 1791336864389725 62267
1111 1791336864402861 56455
1112 1791336864418647 52711
1113 1791336864440961 51232
1114 1791336864451750 43458
1115 1791336864472719 46902
1116 1791336864483868 37537
1117 1791336864496568 30526
1118 1791336864514417 27107
1119 1791336864536754 27991
1120 1791336864561659 35427
1121 1791336864580468 34304
1122 1791336864597976 30449
1123 1791336864610890 25036
1124 1791336864638100 27205
1125 1791336864654388 28009
1126 1791336864683189 35657
1127 1791336864693470 25988
1128 1791336864714371 27048
1129 1791336864739357 33466
1130 1791336864756302 27913
1131 1791336864770503 24964
1132 1791336864789208 23724
1133 1791336864818645 31571
1134 1791336864829148 22620
1135 1791336864857783 28631
1136 1791336864879661 28838
1137 1791336864900792 33535
1138 1791336864922969 36738
1139 1791336864935075 27162
1140 1791336864962696 35411
1141 1791336864977714 28694
1142 1791336864996260 29709
1143 1791336865010005 23652
1144 1791336865036733 26726
1145 1791336865055833 23913
1146 1791336865072606 23428
1147 1791336865098323 28690
1148 1791336865117978 32090
1149 1791336865140090 32667
1150 1791336865156854 28329
1151 1791336865174058 27790
1152 1791336865195950 28031
1153 1791336865216778 28079
1154 1791336865243772 37555
1155 1791336865261978 33055
1156 1791336865276164 29746
1157 1791336865300206 32418
1158 1791336865319425 32982
1159 1791336865339898 31439
1160 1791336865357466 29891
1161 1791336865375765 27121
1162 1791336865392094 24958
1163 1791336865417402 25304
1164 1791336865431155 24811
1165 1791336865448407 21255
1166 1791336865471866 25417
1167 1791336865500080 30875
1168 1791336865516031 29684
1169 1791336865534744 27972
1170 1791336865550536 24345
1171 1791336865571002 24331
1172 1791336865593050 24766
1173 1791336865612680 26092
1174 1791336865679834 67148
1175 1791336865679943 53160
1176 1791336865707219 27382
1177 1791336865715098 35171
1178 1791336865722161 30134
1179 1791336865740142 32919
1180 1791336865752224 22048
1181 1791336865771129 23588
1182 1791336865796913 25779
1183 1791336865810088 22866
1184 1791336865839040 28949
1185 1791336865851217 23583
1186 1791336865868517 21190
1187 1791336865889584 21063
1188 1791336865916153 28738
1189 1791336865928624 22810
1190 1791336865959349 30721
1191 1791336865969689 23849
1192 1791336865989637 22116
1193 1791336866011986 24513
1194 1791336866034938 22949
1195 1791336866049318 21700
1196 1791336866068671 21305
1197 1791336866088937 22633
1198 1791336866107704 21738
1199 1791336866136658 28951
1200 1791336866156701 24955
1201 1791336866169733 23193
1202 1791336866198138 28402
1203 1791336866215453 23531
1204 1791336866229719 23082
1205 1791336866254826 27245
1206 1791336866270300 21225
1207 1791336866287288 20894
1208 1791336866316665 29967
1209 1791336866332985 25653
1210 1791336866349193 20917
1211 1791336866373359 26063
1212 1791336866388540 21401
1213 1791336866406598 20955
1214 1791336866428871 22269
1215 1791336866448882 22282
1216 1791336866476785 27895
1217 1791336866492276 25812
1218 1791336866516295 24014
1219 1791336866537740 28868
1220 1791336866554664 26870
1221 1791336866570827 23065
1222 1791336866590117 22461
1223 1791336866614268 26758
1224 1791336866631111 24813
1225 1791336866648786 22312
1226 1791336866675675 27993
1227 1791336866689862 21814
1228 1791336866718794 28927
1229 1791336866729292 21637
1230 1791336866749478 23227
1231 1791336866777184 28831
1232 1791336866789534 23311
1233 1791336866814943 25596
1234 1791336866838121 28023
1235 1791336866860854 31082
1236 1791336866875407 22794
1237 1791336866893880 26433
1238 1791336866914630 28208
1239 1791336866933716 27664
1240 1791336866948690 21317
1241 1791336866970658 23205
1242 1791336866994720 24182
1243 1791336867011518 21894
1244 1791336867039418 29419
1245 1791336867056730 30541
1246 1791336867070023 24472
1247 1791336867098413 28385
1248 1791336867110318 22646
1249 1791336867128058 22038
1250 1791336867149438 23568
1251 1791336867170546 23093
1252 1791336867187241 21235
1253 1791336867216763 29519
1254 1791336867230571 23091
1255 1791336867249611 22429
1256 1791336867278194 30585
1257 1791336867288508 21340
1258 1791336867309366 21697
1259 1791336867335305 25934
1260 1791336867348992 22806
1261 1791336867372017 25787
1262 1791336867400089 28144
1263 1791336867417557 24129
1264 1791336867436018 28731
1265 1791336867450646 20684
1266 1791336867479189 28538
1267 1791336867489143 22816
1268 1791336867509891 22242
1269 1791336867536595 26700
1270 1791336867547403 20977
1271 1791336867574727 27321
1272 1791336867588621 22515
1273 1791336867609015 22544
1274 1791336867629193 22829
1275 1791336867649129 21793
1276 1791336867667681 20592
1277 1791336867692688 25003
1278 1791336867709381 21856
1279 1791336867739130 31740
1280 1791336867749606 23072
1281 1791336867771442 25127
1282 1791336867797598 26284
1283 1791336867807721 20614
1284 1791336867834124 27797
1285 1791336867850525 23028
1286 1791336867868676 21114
1287 1791336867890660 24205
1288 1791336867914048 25606
1289 1791336867930121 22732
1290 1791336867949683 23338
1291 1791336867976443 26919
1292 1791336867990261 24407
1293 1791336868015690 25424
1294 1791336868033150 24384
1295 1791336868049436 22260
1296 1791336868070490 24020
1297 1791336868090909 20414
1298 1791336868107511 21282
1299 1791336868129994 22478
1300 1791336868151801 25032
1301 1791336868170113 23234
1302 1791336868199515 33150
1303 1791336868210937 23494
1304 1791336868229175 22727
1305 1791336868249617 23038
1306 1791336868278275 30351
1307 1791336868289327 23068
1308 1791336868309892 22922
1309 1791336868333697 26319
1310 1791336868349760 22369
1311 1791336868376467 26700
1312 1791336868397755 27518
1313 1791336868411144 23236
1314 1791336868436875 25728
1315 1791336868448433 21723
1316 1791336868475243 27419
1317 1791336868490984 23705
1318 1791336868518088 27101
1319 1791336868533066 25437
1320 1791336868558572 29473
1321 1791336868579595 27657
1322 1791336868623101 52988
1323 1791336868623107 37372
1324 1791336868650112 43648
1325 1791336868694788 65026
1326 1791336868706816 56699
1327 1791336868739908 72751
1328 1791336868768526 73726
1329 1791336868785315 78970
1330 1791336868801581 74028
1331 1791336868835054 84312
1332 1791336868851660 83130
1333 1791336868867242 81925
1334 1791336868890609 81266
1335 1791336868916921 83943
1336 1791336868936975 85312
1337 1791336868948417 81171
1338 1791336868980653 90914
1339 1791336869000715 94041
1340 1791336869017796 91136
1341 1791336869039146 91559
1342 1791336869056522 90902
1343 1791336869078062 90357
1344 1791336869095674 88856
1345 1791336869118822 90173
1346 1791336869149926 101956
1347 1791336869169309 102961
1348 1791336869189966 100777
1349 1791336869197990 90304
1350 1791336869219006 92597
1351 1791336869247706 97777
1352 1791336869260312 94018
1353 1791336869289965 102028
1354 1791336869313763 106205
1355 1791336869339070 106021
1356 1791336869352536 104827
1357 1791336869380683 114098
1358 1791336869398739 109157
1359 1791336869415501 108933
1360 1791336869427995 101695
1361 1791336869450320 103132
1362 1791336869467063 100867
1363 1791336869492967 105499
1364 1791336869509472 103009
1365 1791336869537226 109228
1366 1791336869559408 112708
1367 1791336869583063 115995
1368 1791336869606629 117935
1369 1791336869621765 113814
1370 1791336869630969 104758
1371 1791336869662815 114036
1372 1791336869687976 122051
1373 1791336869714118 125583
1374 1791336869727879 121246
1375 1791336869748819 119498
1376 1791336869761950 115076
1377 1791336869785466 119126
1378 1791336869807936 119956
1379 1791336869830270 123982
1380 1791336869854866 126985
1381 1791336869872794 125021
1382 1791336869890055 120781
1383 1791336869906616 121147
1384 1791336869931026 124495
1385 1791336869955885 125613
1386 1791336869969497 121704
1387 1791336869997557 129187
1388 1791336870015506 127822
1389 1791336870028963 122343
1390 1791336870049974 121694
1391 1791336870059143 111977
1392 1791336870080827 114559
1393 1791336870105674 117668
1394 1791336870117843 112122
1395 1791336870135766 107949
1396 1791336870158793 108814
1397 1791336870167417 100576
1398 1791336870185204 97078
1399 1791336870187548 81870
1400 1791336870220656 90908
1401 1791336870235931 86200
1402 1791336870253557 86129
1403 1791336870265910 78772
1404 1791336870279503 71867
1405 1791336870297798 67792
1406 1791336870312788 64727
1407 1791336870320940 55028
1408 1791336870331559 45522
1409 1791336870351187 38396
1410 1791336870355734 27880
1411 1791336870383320 35909
1412 1791336870405572 36838
1413 1791336870424293 37060
1414 1791336870433256 27681
1415 1791336870460063 31244
1416 1791336870478863 30776
1417 1791336870499079 31124
1418 1791336870534669 46404
1419 1791336870535827 26974
1420 1791336870558526 30171
1421 1791336870574491 28357
1422 1791336870602648 28984
1423 1791336870617871 31551
1424 1791336870633486 27231
1425 1791336870663911 37387
1426 1791336870681838 35279
1427 1791336870706754 39953
1428 1791336870715831 29228
1429 1791336870737625 30960
1430 1791336870769081 39814
1431 1791336870775888 27605
1432 1791336870808104 39019
1433 1791336870824745 32443
1434 1791336870844474 36367
1435 1791336870855313 29408
1436 1791336870880123 34087
1437 1791336870912624 44670
1438 1791336870929452 41556
1439 1791336870950144 37517
1440 1791336870966380 38389
1441 1791336870978853 32625
1442 1791336870996545 30160
1443 1791336871031100 44087
1444 1791336871051657 44603
1445 1791336871068806 41780
1446 1791336871084045 32384
1447 1791336871106847 39092
1448 1791336871122670 35502
1449 1791336871140683 33834
1450 1791336871158696 32682
1451 1791336871178134 31094
1452 1791336871209553 42326
1453 1791336871219278 31279
1454 1791336871245124 37987
1455 1791336871266567 38043
1456 1791336871285268 33956
1457 1791336871299329 32759
1458 1791336871329133 40588
1459 1791336871345629 37961
1460 1791336871356129 28972
1461 1791336871378967 33335
1462 1791336871395943 29304
1463 1791336871419210 32721
1464 1791336871436746 27949
1465 1791336871465019 36629
1466 1791336871485543 33466
1467 1791336871503596 36768
1468 1791336871522031 36485
1469 1791336871536132 30331
1470 1791336871572795 46177
1471 1791336871587157 39263
1472 1791336871601085 34291
1473 1791336871619080 31911
1474 1791336871646156 38094
1475 1791336871667005 39356
1476 1791336871695750 49589
1477 1791336871698889 32401
1478 1791336871735025 46935
1479 1791336871747858 37721
1480 1791336871762551 33707
1481 1791336871783227 36226
1482 1791336871799224 31503
1483 1791336871819316 31795
1484 1791336871837785 31200
1485 1791336871857731 30636
1486 1791336871887685 33676
1487 1791336871914576 47760
1488 1791336871917832 31198
1489 1791336871941644 33631
1490 1791336871959305 28496
1491 1791336871987585 39542
1492 1791336872009292 41910
1493 1791336872016359 29840
1494 1791336872039041 31420
1495 1791336872056136 27988
1496 1791336872074336 25623
1497 1791336872108465 41655
1498 1791336872114664 28306
1499 1791336872136636 30627
1500 1791336872173977 42950
1501 1791336872197644 51147
1502 1791336872203594 35338
1503 1791336872219706 32669
1504 1791336872248010 40466
1505 1791336872265162 34981
1506 1791336872285484 37471
1507 1791336872299256 32754
1508 1791336872315391 29904
1509 1791336872337044 30375
1510 1791336872357927 31077
1511 1791336872386723 39975
1512 1791336872398674 32100
1513 1791336872417819 31536
1514 1791336872440994 34698
1515 1791336872465090 34610
1516 1791336872486223 35590
1517 1791336872497290 30426
1518 1791336872518418 32190
1519 1791336872553782 41671
1520 1791336872574160 45503
1521 1791336872586501 39577
1522 1791336872604465 37992
1523 1791336872625329 38826
1524 1791336872643703 36610
1525 1791336872671053 45717
1526 1791336872689903 42270
1527 1791336872707822 39622
1528 1791336872724713 38071
1529 1791336872750281 42455
1530 1791336872774691 46553
1531 1791336872793595 44279
1532 1791336872812498 44805
1533 1791336872829730 43171
1534 1791336872850251 44028
1535 1791336872872882 46570
1536 1791336872897884 47628
1537 1791336872921046 52231
1538 1791336872921055 23163
1539 1791336872966329 56912
1540 1791336872967823 40360
1541 1791336872998246 45875
1542 1791336873007533 41199
1543 1791336873040471 50530
1544 1791336873058779 52089
1545 1791336873085093 59036
1546 1791336873096577 48081
1547 1791336873117714 50980
1548 1791336873131824 44260
1549 1791336873149660 41676
1550 1791336873173103 44194
1551 1791336873197908 49160
1552 1791336873223434 51486
1553 1791336873242618 54570
1554 1791336873255894 47970
1555 1791336873278581 52776
1556 1791336873321011 73044
1557 1791336873334052 65806
1558 1791336873344890 59192
1559 1791336873357800 51183
1560 1791336873377629 49750
1561 1791336873397153 50955
1562 1791336873419288 51954
1563 1791336873429828 40491
1564 1791336873457953 51558
1565 1791336873485284 56779
1566 1791336873503389 56484
1567 1791336873529558 63140
1568 1791336873546737 60191
1569 1791336873558571 50479
1570 1791336873604064 74502
1571 1791336873614797 68058
1572 1791336873635460 62910
1573 1791336873648939 62084
1574 1791336873669806 62163
1575 1791336873682115 54219
1576 1791336873697327 51058
1577 1791336873722539 56192
1578 1791336873743737 56017
1579 1791336873756079 50118
1580 1791336873775339 46617
1581 1791336873806481 60271
1582 1791336873837560 71132
1583 1791336873846635 60220
1584 1791336873867675 61191
1585 1791336873887553 55741
1586 1791336873907249 60611
1587 1791336873917984 51254
1588 1791336873935457 47902
1589 1791336873963850 57458
1590 1791336873998760 67320
1591 1791336874009051 56625
1592 1791336874031611 65134
1593 1791336874055881 70290
1594 1791336874068662 61861
1595 1791336874098814 68176
1596 1791336874119510 73332
1597 1791336874132708 64898
1598 1791336874147214 59678
1599 1791336874174783 66202
1600 1791336874191852 63682
1601 1791336874216354 69403
1602 1791336874236243 68048
1603 1791336874256347 69036
1604 1791336874265140 58457
1605 1791336874287863 61847
1606 1791336874315421 66827
1607 1791336874345197 75681
1608 1791336874347669 61124
1609 1791336874375417 68195
1610 1791336874402670 76708
1611 1791336874421054 73383
1612 1791336874428947 61275
1613 1791336874453322 67353
1614 1791336874476197 68649
1615 1791336874493820 64870
1616 1791336874520617 73576
1617 1791336874531501 64146
1618 1791336874567591 75121
1619 1791336874576282 68786
1620 1791336874593738 66542
1621 1791336874616849 69809
1622 1791336874641115 73519
1623 1791336874658095 72136
1624 1791336874688961 80319
1625 1791336874688971 61193
1626 1791336874716384 65436
1627 1791336874741916 75016
1628 1791336874760412 73532
1629 1791336874778471 70742
1630 1791336874802603 76331
1631 1791336874819815 71046
1632 1791336874835232 67665
1633 1791336874856175 66345
1634 1791336874875993 69718
1635 1791336874901005 74493
1636 1791336874905614 59045
1637 1791336874927733 60782
1638 1791336874957725 71280
1639 1791336874965608 59990
1640 1791336874978716 51080
1641 1791336874995771 47959
1642 1791336875001938 36328
1643 1791336875031461 45001
1644 1791336875082446 73186
1645 1791336875082451 50986
1646 1791336875095803 47749
1647 1791336875110472 44269
1648 1791336875121303 34678
1649 1791336875137780 28263
1650 1791336875161924 35489
1651 1791336875172432 26297
1652 1791336875192261 25540
1653 1791336875220425 33686
1654 1791336875246860 40037
1655 1791336875270878 42826
1656 1791336875275172 28309
1657 1791336875299257 28376
1658 1791336875316052 28478
1659 1791336875340437 33699
1660 1791336875356246 29363
1661 1791336875383847 35674
1662 1791336875401423 32746
1663 1791336875424471 36446
1664 1791336875438416 31290
1665 1791336875455024 29235
1666 1791336875487149 40508
1667 1791336875514392 44233
1668 1791336875518695 31543
1669 1791336875532954 25812
1670 1791336875558268 31954
1671 1791336875585776 37397
1672 1791336875599058 32604
1673 1791336875611471 25692
1674 1791336875636996 30492
1675 1791336875656250 29775
1676 1791336875677040 29570
1677 1791336875702537 35423
1678 1791336875726111 38372
1679 1791336875746554 37889
1680 1791336875755486 29372
1681 1791336875784268 37711
1682 1791336875806508 40139
1683 1791336875821822 32594
1684 1791336875843844 37334
1685 1791336875859208 29958
1686 1791336875875680 29456
1687 1791336875903144 34479
1688 1791336875924769 36858
1689 1791336875942915 35493
1690 1791336875965206 38057
1691 1791336875978871 31235
1692 1791336875995927 28234
1693 1791336876019442 32632
1694 1791336876039284 33165
1695 1791336876050355 23359
1696 1791336876084766 36730
1697 1791336876098105 30280
1698 1791336876124864 37966
1699 1791336876137995 29475
1700 1791336876172666 41805
1701 1791336876175244 28338
1702 1791336876210600 42176
1703 1791336876228293 41421
1704 1791336876244938 38474
1705 1791336876249885 24036
1706 1791336876292018 42130
1707 1791336876296852 29234
1708 1791336876333034 46377
1709 1791336876349039 41673
1710 1791336876378700 50719
1711 1791336876385603 36558
1712 1791336876405335 37412
1713 1791336876422780 37174
1714 1791336876446381 41042
1715 1791336876467066 39129
1716 1791336876481457 35074
1717 1791336876498942 31872
1718 1791336876530780 44640
1719 1791336876548828 42716
1720 1791336876566203 35419
1721 1791336876581218 33558
1722 1791336876610023 43817
1723 1791336876629605 41227
1724 1791336876660400 50373
1725 1791336876660406 31646
1726 1791336876687696 39763
1727 1791336876708926 43267
1728 1791336876720726 34377
1729 1791336876744228 36201
1730 1791336876767753 39594
1731 1791336876791964 43992
1732 1791336876819141 51376
1733 1791336876835503 43535
1734 1791336876854042 47129
1735 1791336876866480 39854
1736 1791336876886110 38383
1737 1791336876922175 55692
1738 1791336876937294 51181
1739 1791336876963879 56203
1740 1791336876978605 50695
1741 1791336876991071 44272
1742 1791336877016369 48546
1743 1791336877047802 60610
1744 1791336877049753 42963
1745 1791336877071138 45434
1746 1791336877096105 48300
1747 1791336877109429 43362
1748 1791336877136635 50336
1749 1791336877160820 51388
1750 1791336877169581 41714
1751 1791336877199938 51897
1752 1791336877219514 50820
1753 1791336877233955 46987
1754 1791336877256185 49753
1755 1791336877288001 59775
1756 1791336877292978 46162
1757 1791336877315666 49185
1758 1791336877331877 45515
1759 1791336877355844 48054
1760 1791336877366833 39093
1761 1791336877405641 56258
1762 1791336877425788 59141
1763 1791336877437717 51339
1764 1791336877464782 59137
1765 1791336877493175 67383
1766 1791336877500753 53685
1767 1791336877526992 58348
1768 1791336877543270 56997
1769 1791336877565502 58438
1770 1791336877581012 54251
1771 1791336877598653 50722
1772 1791336877631772 66267
1773 1791336877638692 52071
1774 1791336877666114 59701
1775 1791336877678818 47041
1776 1791336877717442 69397
1777 1791336877722666 56548
1778 1791336877740458 48096
1779 1791336877769448 59571
1780 1791336877787717 61628
1781 1791336877814451 66603
1782 1791336877837943 68492
1783 1791336877844843 58372
1784 1791336877862140 54809
1785 1791336877878138 48846
1786 1791336877905109 58385
1787 1791336877933103 66272
1788 1791336877956772 68915
1789 1791336877976198 69571
1790 1791336878005950 77757
1791 1791336878016407 66391
1792 1791336878029325 62622
1793 1791336878061530 67811
1794 1791336878070035 64082
1795 1791336878092845 65072
1796 1791336878108196 62140
1797 1791336878136432 68199
1798 1791336878150537 63556
1799 1791336878170894 62694
1800 1791336878195978 68819
1801 1791336878207946 62179
1802 1791336878229511 62940
1803 1791336878247739 61244
1804 1791336878268826 60871
1805 1791336878290118 64092
1806 1791336878310556 64276
1807 1791336878330038 63449
1808 1791336878344987 57844
1809 1791336878365996 59020
1810 1791336878389402 61421
1811 1791336878412251 65284
1812 1791336878427919 61920
1813 1791336878449961 62157
1814 1791336878474447 66262
1815 1791336878496077 69107
1816 1791336878505938 58780
1817 1791336878556410 88593
1818 1791336878556416 68804
1819 1791336878578508 72567
1820 1791336878607367 78262
1821 1791336878634036 86154
1822 1791336878645583 72563
1823 1791336878650160 64164
1824 1791336878676779 70375
1825 1791336878702870 70823
1826 1791336878713378 67793
1827 1791336878731955 65393
1828 1791336878753094 66960
1829 1791336878770143 62632
1830 1791336878788531 61321
1831 1791336878807148 59274
1832 1791336878838471 68327
1833 1791336878859082 70548
1834 1791336878876396 69245
1835 1791336878895227 68491
1836 1791336878910842 64777
1837 1791336878929344 60374
1838 1791336878949943 62929
1839 1791336878969963 62009
1840 1791336878982445 55784
1841 1791336878994753 47797
1842 1791336879027507 60920
1843 1791336879037345 50702
1844 1791336879065503 59110
1845 1791336879083198 57212
1846 1791336879097425 51460
1847 1791336879108710 43205
1848 1791336879121485 33422
1849 1791336879139443 33198
1850 1791336879159807 31976
1851 1791336879177782 30211
1852 1791336879203158 36583
1853 1791336879223381 36951
1854 1791336879244996 37425
1855 1791336879257191 30229
1856 1791336879278440 31756
1857 1791336879309116 41122
1858 1791336879310130 23184
1859 1791336879342972 33850
1860 1791336879362439 36142
1861 1791336879380603 33161
1862 1791336879410105 43367
1863 1791336879415961 25140
1864 1791336879446129 36020
1865 1791336879456534 23801
1866 1791336879476508 30376
1867 1791336879496109 28284
1868 1791336879517681 30646
1869 1791336879540993 33540
1870 1791336879558049 31481
1871 1791336879578147 29134
1872 1791336879599314 33060
1873 1791336879631665 39446
1874 1791336879635360 29254
1875 1791336879664114 36376
1876 1791336879687604 41274
1877 1791336879707331 40546
1878 1791336879719027 32152
1879 1791336879736903 29565
1880 1791336879757992 31394
1881 1791336879784336 36786
1882 1791336879796239 28411
1883 1791336879815965 28637
1884 1791336879838935 31446
1885 1791336879866691 38582
1886 1791336879876253 29540
1887 1791336879895303 28737
1888 1791336879929981 36242
1889 1791336879937430 31151
1890 1791336879975360 45376
1891 1791336879993394 47095
1892 1791336880014440 48521
1893 1791336880034825 42907
1894 1791336880056632 48722
1895 1791336880068911 42007
1896 1791336880095485 47618
1897 1791336880098748 31442
1898 1791336880127825 41463
1899 1791336880158486 47008
1900 1791336880163708 36911
1901 1791336880197708 39214
1902 1791336880206881 40510
1903 1791336880221144 33459
1904 1791336880247618 40734
1905 1791336880267320 39760
1906 1791336880287969 40867
1907 1791336880308100 40776
1908 1791336880327988 40924
1909 1791336880355817 49441
1910 1791336880375733 49145
1911 1791336880396690 48191
1912 1791336880407688 40472
1913 1791336880433861 47460
1914 1791336880452480 45894
1915 1791336880472791 43088
1916 1791336880497763 47450
1917 1791336880520217 48196
1918 1791336880536698 50545
1919 1791336880588039 80629
1920 1791336880588063 57111
1921 1791336880620845 73513
1922 1791336880655544 81294
1923 1791336880655554 67510
1924 1791336880666221 59907
1925 1791336880689432 58393
1926 1791336880703667 50000
1927 1791336880732584 66358
1928 1791336880747376 58283
1929 1791336880771176 64671
1930 1791336880782495 49903
1931 1791336880802194 54811
1932 1791336880808867 37685
1933 1791336880839567 51673
1934 1791336880868194 59322
1935 1791336880896318 67273
1936 1791336880933437 84350
1937 1791336880933488 65289
1938 1791336880942395 46070
1939 1791336880967361 60349
1940 1791336880988587 55143
1941 1791336881011839 63640
1942 1791336881023668 56299
1943 1791336881043086 54496
1944 1791336881064966 58902
1945 1791336881091898 58372
1946 1791336881113560 63953
1947 1791336881124821 57406
1948 1791336881157536 69804
1949 1791336881168915 61745
1950 1791336881188880 62511
1951 1791336881202066 55338
1952 1791336881224691 57846
1953 1791336881251808 65658
1954 1791336881267455 60641
1955 1791336881291150 64936
1956 1791336881302586 50775
1957 1791336881320090 52630
1958 1791336881348205 57051
1959 1791336881370062 63444
1960 1791336881394753 67909
1961 1791336881416184 67976
1962 1791336881434827 66733
1963 1791336881457989 68689
1964 1791336881480801 74516
1965 1791336881485697 58883
1966 1791336881508041 61815
1967 1791336881531371 63584
1968 1791336881558974 73274
1969 1791336881571904 65342
1970 1791336881588890 62664
1971 1791336881617162 70905
1972 1791336881635230 68166
1973 1791336881655045 68512
1974 1791336881676345 68632
1975 1791336881698735 71124
1976 1791336881714189 66875
1977 1791336881732761 65631
1978 1791336881749108 62325
1979 1791336881772064 64112
1980 1791336881790147 58555
1981 1791336881815443 67937
1982 1791336881836130 69292
1983 1791336881856771 69767
1984 1791336881875971 69407
1985 1791336881897260 71360
1986 1791336881916507 69443
1987 1791336881936560 70374
1988 1791336881956405 69990
1989 1791336881983600 74135
1990 1791336882004205 76520
1991 1791336882025202 78173
1992 1791336882044861 78177
1993 1791336882063269 77007
1994 1791336882082495 74544
1995 1791336882099249 71541
1996 1791336882116205 69978
1997 1791336882138594 69630
1998 1791336882158081 70024
1999 1791336882178278 70064
2000 1791336882199070 66560
2001 1791336882213790 65726
2002 1791336882231535 64464
2003 1791336882245486 56836
2004 1791336882271882 65019
2005 1791336882287438 57970
2006 1791336882298966 53477
2007 1791336882310030 43408
2008 1791336882321658 35130
2009 1791336882349851 42571
2010 1791336882358983 31058
2011 1791336882379551 33568
2012 1791336882398043 29785
2013 1791336882410231 24094
2014 1791336882443061 35615
2015 1791336882459894 33089
2016 1791336882485154 36967
2017 1791336882492472 24602
2018 1791336882521169 33813
2019 1791336882539195 32167
2020 1791336882565555 38651
2021 1791336882569035 21259
2022 1791336882596706 31131
2023 1791336882614529 25159
2024 1791336882640329 32736
2025 1791336882663292 37285
2026 1791336882668458 21875
2027 1791336882700397 33587
2028 1791336882715342 28895
2029 1791336882737853 30427
2030 1791336882766397 37079
2031 1791336882774915 28834
2032 1791336882815280 48879
2033 1791336882832456 44980
2034 1791336882836988 30103
2035 1791336882860474 32092
2036 1791336882869505 23224
2037 1791336882907999 40362
2038 1791336882917600 29843
2039 1791336882963519 55517
2040 1791336882963525 34286
2041 1791336882987732 40853
2042 1791336883014227 46714
2043 1791336883036988 50159
2044 1791336883052748 42262
2045 1791336883067878 41027
2046 1791336883088522 38934
2047 1791336883102215 34931
2048 1791336883123088 36509
2049 1791336883153214 44700
2050 1791336883163582 36561
2051 1791336883181528 33628
2052 1791336883197063 29428
2053 1791336883228147 40119
2054 1791336883245582 35711
2055 1791336883260094 33347
2056 1791336883282799 37214
2057 1791336883313996 43095
2058 1791336883331586 43780
2059 1791336883354919 46818
2060 1791336883370497 39203
2061 1791336883391428 45100
2062 1791336883398649 32358
2063 1791336883426886 40760
2064 1791336883447374 40534
2065 1791336883467065 40169
2066 1791336883486099 38722
2067 1791336883508698 42721
2068 1791336883523818 37716
2069 1791336883543391 34689
2070 1791336883565801 39598
2071 1791336883587778 39759
2072 1791336883615709 49903
2073 1791336883626248 39190
2074 1791336883647497 40783
2075 1791336883677171 50921
2076 1791336883689033 41532
2077 1791336883703875 36856
2078 1791336883729758 40722
2079 1791336883749625 42644
2080 1791336883769291 41602
2081 1791336883787809 41258
2082 1791336883802325 36232
2083 1791336883824030 36218
2084 1791336883849588 42692
2085 1791336883865355 38408
2086 1791336883885481 38882
2087 1791336883905100 39742
2088 1791336883929039 43556
2089 1791336883958636 50552
2090 1791336883968054 40370
2091 1791336883986622 40110
2092 1791336884014917 46858
2093 1791336884032854 46350
2094 1791336884058761 45571
2095 1791336884073320 46683
2096 1791336884087723 39731
2097 1791336884111702 43547
2098 1791336884128060 40333
2099 1791336884154816 48799
2100 1791336884178109 50045
2101 1791336884183814 36793
2102 1791336884212115 44464
2103 1791336884236478 48357
2104 1791336884257723 45605
2105 1791336884263374 36901
2106 1791336884292546 44498
2107 1791336884299574 33972
2108 1791336884329183 41028
2109 1791336884343071 37030
2110 1791336884357986 31614
2111 1791336884395969 48117
2112 1791336884411503 45416
2113 1791336884425524 39265
2114 1791336884447112 37643
2115 1791336884468764 43237
2116 1791336884491051 43935
2117 1791336884517700 49972
2118 1791336884528241 41842
2119 1791336884547795 40424
2120 1791336884573253 46929
2121 1791336884588924 42406
2122 1791336884608622 35365
2123 1791336884639642 52203
2124 1791336884659448 52154
2125 1791336884678780 52772
2126 1791336884698284 50501
2127 1791336884726975 54361
2128 1791336884745675 55422
2129 1791336884759396 51443
2130 1791336884780128 53149
2131 1791336884799299 53619
2132 1791336884818385 50217
2133 1791336884839260 51543
2134 1791336884856988 48711
2135 1791336884870516 44608
2136 1791336884889807 42613
2137 1791336884915869 49483
2138 1791336884932644 43851
2139 1791336884946641 40537
2140 1791336884987051 59784
2141 1791336884999025 52381
2142 1791336885025033 56787
2143 1791336885042465 55411
2144 1791336885064790 53760
2145 1791336885077733 50298
2146 1791336885096431 48883
2147 1791336885114523 48357
2148 1791336885149299 60489
2149 1791336885161026 54218
2150 1791336885178990 52499
2151 1791336885209751 61624
2152 1791336885218719 52010
2153 1791336885250909 63915
2154 1791336885270923 61169
2155 1791336885287519 54607
2156 1791336885297477 46564
2157 1791336885332308 65187
2158 1791336885340457 53927
2159 1791336885359887 53277
2160 1791336885389302 62383
2161 1791336885397941 51324
2162 1791336885420115 53605
2163 1791336885437885 49822
2164 1791336885464115 57818
2165 1791336885475406 47662
2166 1791336885505378 57662
2167 1791336885523806 54977
2168 1791336885537909 51593
2169 1791336885561285 55904
2170 1791336885588686 62122
2171 1791336885604674 57444
2172 1791336885633069 66332
2173 1791336885645610 56916
2174 1791336885668901 61797
2175 1791336885687616 61056
2176 1791336885706869 61256
2177 1791336885718740 52263
2178 1791336885741675 54491
2179 1791336885764795 57919
2180 1791336885778216 52070
2181 1791336885810450 64637
2182 1791336885820410 54335
2183 1791336885840185 51207
2184 1791336885868047 60817
2185 1791336885886820 61148
2186 1791336885904744 56820
2187 1791336885924373 57982
2188 1791336885942012 55186
2189 1791336885958763 49768
2190 1791336885985615 58682
2191 1791336886015458 65348
2192 1791336886038389 66181
2193 1791336886057712 72094
2194 1791336886067958 60859
2195 1791336886081789 55410
2196 1791336886107353 59538
2197 1791336886128789 61734
2198 1791336886152658 66277
2199 1791336886176545 69188
2200 1791336886199406 73087
2201 1791336886207871 60651
2202 1791336886237712 68448
2203 1791336886250273 64353
2204 1791336886268310 62039
2205 1791336886288738 60431
2206 1791336886306721 59210
2207 1791336886324072 57096
2208 1791336886353760 67500
2209 1791336886366552 59828
2210 1791336886383932 55302
2211 1791336886405945 57839
2212 1791336886433325 66770
2213 1791336886446217 58435
2214 1791336886467471 61512
2215 1791336886480697 52587
2216 1791336886499739 53519
2217 1791336886520512 53038
2218 1791336886544673 56965
2219 1791336886561195 53269
2220 1791336886585019 58783
2221 1791336886615448 69546
2222 1791336886635418 67154
2223 1791336886657920 69542
2224 1791336886664778 57814
2225 1791336886693182 66132
2226 1791336886699287 51276
2227 1791336886737074 68367
2228 1791336886749032 62023
2229 1791336886766233 57342
2230 1791336886785701 59061
2231 1791336886814994 67154
2232 1791336886835690 69453
2233 1791336886847786 62082
2234 1791336886867423 59284
2235 1791336886888660 57023
2236 1791336886893802 47343
2237 1791336886914660 47276
2238 1791336886939191 51734
2239 1791336886964436 57659
2240 1791336886981140 54912
2241 1791336887005885 53502
2242 1791336887019179 50950
2243 1791336887050666 62431
2244 1791336887066385 60499
2245 1791336887089104 62451
2246 1791336887100058 53215
2247 1791336887128292 61903
2248 1791336887137417 49612
2249 1791336887159448 52771
2250 1791336887182851 56219
2251 1791336887197891 50861
2252 1791336887219926 53807
2253 1791336887243395 54071
2254 1791336887266166 58282
2255 1791336887286461 59757
2256 1791336887312656 64327
2257 1791336887317277 51108
2258 1791336887346693 60230
2259 1791336887379886 71760
2260 1791336887388441 57790
2261 1791336887420896 74200
2262 1791336887420902 54190
2263 1791336887450661 62217
2264 1791336887462930 56868
2265 1791336887497634 66242
2266 1791336887515384 64719
2267 1791336887526140 60026
2268 1791336887549176 55779
2269 1791336887568061 61082
2270 1791336887581262 55117
2271 1791336887612939 65304
2272 1791336887630458 62579
2273 1791336887653847 65928
2274 1791336887687629 76540
2275 1791336887700482 70622
2276 1791336887724872 73565
2277 1791336887728870 61027
2278 1791336887753022 66321
2279 1791336887785391 77912
2280 1791336887804035 77297
2281 1791336887815376 62636
2282 1791336887837847 70773
2283 1791336887858919 73525
2284 1791336887889551 80479
2285 1791336887903914 75627
2286 1791336887915095 64833
2287 1791336887942528 71533
2288 1791336887949354 61279
2289 1791336887976652 68660
2290 1791336887998461 70965
2291 1791336888016248 70360
2292 1791336888032512 65994
2293 1791336888056668 68572
2294 1791336888064414 58374
2295 1791336888076057 49598
2296 1791336888107361 59158
2297 1791336888114560 46285
2298 1791336888140806 54306
2299 1791336888143552 37226
2300 1791336888173746 47081
2301 1791336888186767 40629
2302 1791336888206386 38418
2303 1791336888219628 32858
2304 1791336888242732 36343
2305 1791336888255707 28845
2306 1791336888276135 28696
2307 1791336888294541 27177
2308 1791336888313892 27195
2309 1791336888341616 32675
2310 1791336888353306 27012
2311 1791336888376449 30185
2312 1791336888406236 39604
2313 1791336888428484 42877
2314 1791336888437830 31592
2315 1791336888466832 38344
2316 1791336888480834 32796
2317 1791336888492907 26497
2318 1791336888518055 31918
2319 1791336888538019 30573
2320 1791336888566410 38940
2321 1791336888572270 25286
2322 1791336888599491 33075
2323 1791336888613984 26265
2324 1791336888645307 37142
2325 1791336888665901 39248
2326 1791336888669857 24548
2327 1791336888689476 23573
2328 1791336888709886 22517
2329 1791336888738859 28970
2330 1791336888747097 20800
2331 1791336888774630 27527
2332 1791336888789774 22909
2333 1791336888810455 23801
2334 1791336888833134 26574
2335 1791336888851213 24481
2336 1791336888876705 25488
2337 1791336888897629 25640
2338 1791336888913848 26236
2339 1791336888934327 28428
2340 1791336888946964 20888
2341 1791336888969965 23053
2342 1791336888988783 20955
2343 1791336889008680 22580
2344 1791336889037753 29068
2345 1791336889048452 21721
2346 1791336889069469 23602
2347 1791336889090097 22181
2348 1791336889108983 21485
2349 1791336889129173 22699
2350 1791336889148842 22447
2351 1791336889173422 24577
2352 1791336889188448 21444
2353 1791336889209859 23571
2354 1791336889231789 25315
2355 1791336889248660 22299
2356 1791336889269890 22725
2357 1791336889296453 28577
2358 1791336889307855 21856
2359 1791336889332894 25036
2360 1791336889348468 21069
2361 1791336889370017 22294
2362 1791336889391693 24967
2363 1791336889410294 22673
2364 1791336889436230 28701
2365 1791336889457846 25813
2366 1791336889476290 25817
2367 1791336889492455 21388
2368 1791336889508492 21110
2369 1791336889534455 27890
2370 1791336889557143 29514
2371 1791336889567270 20720
2372 1791336889589199 22304
2373 1791336889608775 21131
2374 1791336889628034 21582
2375 1791336889649745 21963
2376 1791336889675740 28137
2377 1791336889691719 24066
2378 1791336889709059 21422
2379 1791336889729308 21909
2380 1791336889747754 21124
2381 1791336889774691 26934
2382 1791336889788824 21898
2383 1791336889807735 21910
2384 1791336889835725 29035
2385 1791336889852515 26134
2386 1791336889867876 20713
2387 1791336889889791 23092
2388 1791336889916892 27096
2389 1791336889936536 26678
2390 1791336889954629 25677
2391 1791336889968961 22288
2392 1791336889996805 27840
2393 1791336890008164 21745
2394 1791336890037771 29601
2395 1791336890048038 21672
2396 1791336890069775 21734
2397 1791336890088801 22256
2398 1791336890109606 21777
2399 1791336890130830 24183
2400 1791336890157706 26873
2401 1791336890175219 27144
2402 1791336890190951 24427
2403 1791336890219073 28118
2404 1791336890229472 21812
2405 1791336890250655 23795
2406 1791336890267675 21912
2407 1791336890289263 21984
2408 1791336890309279 21715
2409 1791336890329801 23375
2410 1791336890355264 27635
2411 1791336890374029 28020
2412 1791336890391866 23009
2413 1791336890408951 22175
2414 1791336890429675 22107
2415 1791336890448916 22020
2416 1791336890470368 22763
2417 1791336890488986 21195
2418 1791336890506886 20755
2419 1791336890529606 22714
2420 1791336890555076 25466
2421 1791336890569261 22592
2422 1791336890605025 35760
2423 1791336890615381 27906
2424 1791336890631066 24364
2425 1791336890649513 22942
2426 1791336890674415 24896
2427 1791336890688933 22681
2428 1791336890710357 23565
2429 1791336890737115 29198
2430 1791336890748735 22210
2431 1791336890771594 22853
2432 1791336890788562 22489
2433 1791336890814781 28185
2434 1791336890831268 24952
2435 1791336890847352 21357
2436 1791336890869574 22215
2437 1791336890889763 24034
2438 1791336890910208 22514
2439 1791336890931587 25406
2440 1791336890952843 24095
2441 1791336890970853 22729
2442 1791336890990205 22545
2443 1791336891010692 23191
2444 1791336891037213 26518
2445 1791336891048449 22324
2446 1791336891070934 22481
2447 1791336891088331 22595
2448 1791336891107917 20774
2449 1791336891140138 32212
2450 1791336891150675 22862
2451 1791336891175326 28144
2452 1791336891195430 28196
2453 1791336891212227 25615
2454 1791336891235215 27456
2455 1791336891250518 21887
2456 1791336891275855 28991
2457 1791336891296751 29784
2458 1791336891314766 26893
2459 1791336891332824 26912
2460 1791336891347538 21692
2461 1791336891374631 27090
2462 1791336891395384 29237
2463 1791336891408562 21068
2464 1791336891437378 29763
2465 1791336891454085 26391
2466 1791336891476218 29920
2467 1791336891494683 28328
2468 1791336891511765 24186
2469 1791336891528097 21882
2470 1791336891550733 23959
2471 1791336891580763 30010
2472 1791336891592406 24634
2473 1791336891610449 22835
2474 1791336891631100 25451
2475 1791336891653809 22704
2476 1791336891668879 21137
2477 1791336891690596 23932
2478 1791336891716566 28519
2479 1791336891740223 32628
2480 1791336891751522 22830
2481 1791336891777973 27355
2482 1791336891797256 29690
2483 1791336891818049 31527
2484 1791336891843724 31997
2485 1791336891859075 32341
2486 1791336891887913 41647
2487 1791336891899973 31470
2488 1791336891926325 38409
2489 1791336891939444 33100
2490 1791336891967954 42317
2491 1791336891985709 38586
2492 1791336892017631 49674
2493 1791336892047884 62171
2494 1791336892087795 78147
2495 1791336892100305 73573
2496 1791336892115904 69700
2497 1791336892139970 72578
2498 1791336892165269 78900
2499 1791336892189677 82064
2500 1791336892210937 77130
2501 1791336892221272 74171
2502 1791336892248109 81629
2503 1791336892269951 80267
2504 1791336892287901 76960
2505 1791336892319653 89150
2506 1791336892325837 77724
2507 1791336892351894 81938
2508 1791336892368043 81217
2509 1791336892385569 77287
2510 1791336892415183 89343
2511 1791336892431838 84641
2512 1791336892455696 87649
2513 1791336892487813 102241
2514 1791336892505047 97834
2515 1791336892519054 92127
2516 1791336892547714 101273
2517 1791336892575159 87341
2518 1791336892575207 87375
2519 1791336892599887 89687
2520 1791336892613836 86701
2521 1791336892654050 107116
2522 1791336892681207 106039
2523 1791336892695982 107886
2524 1791336892714767 107603
2525 1791336892724751 97684
2526 1791336892748441 99592
2527 1791336892783156 114674
2528 1791336892796557 109531
2529 1791336892807727 100662
2530 1791336892829024 102123
2531 1791336892850865 102418
2532 1791336892868823 100948
2533 1791336892888087 99922
2534 1791336892915704 109480
2535 1791336892940549 113741
2536 1791336892958952 110214
2537 1791336892977512 109559
2538 1791336893004129 118138
2539 1791336893019013 110877
2540 1791336893037290 110334
2541 1791336893055944 109539
2542 1791336893077668 111101
2543 1791336893098774 110882
2544 1791336893122840 115258
2545 1791336893150431 118137
2546 1791336893158961 110692
2547 1791336893184082 117984
2548 1791336893199165 113084
2549 1791336893222592 115451
2550 1791336893238978 109439
2551 1791336893247699 100091
2552 1791336893278193 111343
2553 1791336893290475 102466
2554 1791336893311119 104608
2555 1791336893334243 107065
2556 1791336893357579 109877
2557 1791336893369760 97454
2558 1791336893383000 96192
2559 1791336893395753 89008
2560 1791336893414661 87934
2561 1791336893429107 82454
2562 1791336893434962 67802
2563 1791336893461403 74844
2564 1791336893476464 69532
2565 1791336893498653 70718
2566 1791336893513365 65292
2567 1791336893525522 59748
2568 1791336893564538 76421
2569 1791336893569031 62049
2570 1791336893591558 66033
2571 1791336893600482 53136
2572 1791336893613219 46875
2573 1791336893636982 45420
2574 1791336893652370 40809
2575 1791336893667270 37218
2576 1791336893687636 38949
2577 1791336893707852 40740
2578 1791336893719299 32399
2579 1791336893738968 32695
2580 1791336893772510 42466
2581 1791336893787059 40079
2582 1791336893810667 40476
2583 1791336893838039 51166
2584 1791336893855627 44957
2585 1791336893871282 44587
2586 1791336893892754 39282
2587 1791336893908668 41710
2588 1791336893938989 51784
2589 1791336893958944 50273
2590 1791336893981277 53679
2591 1791336893993575 34618
2592 1791336894010409 38197
2593 1791336894028354 40401
2594 1791336894041895 31483
2595 1791336894060570 32211
2596 1791336894090154 42944
2597 1791336894108250 42079
2598 1791336894125857 37772
2599 1791336894157151 48899
2600 1791336894194748 68889
2601 1791336894207909 56210
2602 1791336894208434 34471
2603 1791336894231182 36426
2604 1791336894249280 41366
2605 1791336894269324 43110
2606 1791336894285550 37660
2607 1791336894311035 42924
2608 1791336894330005 44453
2609 1791336894360910 49872
2610 1791336894384330 57904
2611 1791336894397811 49656
2612 1791336894415926 47820
2613 1791336894435063 48693
2614 1791336894451717 45434
2615 1791336894480511 52452
2616 1791336894500274 48554
2617 1791336894509725 40543
2618 1791336894529253 43229
2619 1791336894555382 45653
2620 1791336894572250 42993
2621 1791336894583921 34177
2622 1791336894609904 43781
2623 1791336894630235 41759
2624 1791336894660461 50554
2625 1791336894680290 50049
2626 1791336894698135 51184
2627 1791336894732327 65698
2628 1791336894751214 53075
2629 1791336894756798 42349
2630 1791336894795466 68683
2631 1791336894807444 56227
2632 1791336894842146 74107
2633 1791336894843453 47983
2634 1791336894860106 52655
2635 1791336894881028 47334
2636 1791336894892222 36255
2637 1791336894905809 38992
2638 1791336894930777 44062
2639 1791336894947800 41986
2640 1791336894981174 50391
2641 1791336894998954 51151
2642 1791336895017629 49603
2643 1791336895043975 56367
2644 1791336895057750 48234
2645 1791336895078928 52827
2646 1791336895094589 47935
2647 1791336895130545 63473
2648 1791336895156149 64059
2649 1791336895166408 35854
2650 1791336895213449 79622
2651 1791336895219999 70402
2652 1791336895225722 59310
2653 1791336895251251 63385
2654 1791336895273983 67154
2655 1791336895282162 56438
2656 1791336895299883 48600
2657 1791336895330897 63561
2658 1791336895354500 66353
2659 1791336895384918 77481
2660 1791336895400972 70071
2661 1791336895416614 65994
2662 1791336895439842 71850
2663 1791336895469265 79768
2664 1791336895485717 77896
2665 1791336895522432 95605
2666 1791336895534872 88752
2667 1791336895556052 89146
2668 1791336895588182 102463
2669 1791336895593679 84584
2670 1791336895619184 90555
2671 1791336895639005 87184
2672 1791336895655687 87741
2673 1791336895670461 82274
2674 1791336895681146 74582
2675 1791336895715037 82017
2676 1791336895741044 91442
2677 1791336895780811 110343
2678 1791336895811635 122562
2679 1791336895811671 104790
2680 1791336895823142 93160
2681 1791336895836999 87281
2682 1791336895852430 76070
2683 1791336895872032 84207
2684 1791336895881756 70116
2685 1791336895887370 57135
2686 1791336895900269 53463
2687 1791336895937781 65746
2688 1791336895952144 64772
2689 1791336895965915 55909
2690 1791336896005044 73906
2691 1791336896021957 75408
2692 1791336896021969 56051
2693 1791336896069767 64673
2694 1791336896083376 68609
2695 1791336896096232 69448
2696 1791336896105894 59799
2697 1791336896120782 54193
2698 1791336896145804 59454
2699 1791336896167151 61253
2700 1791336896189576 60629
2701 1791336896212410 66598
2702 1791336896220566 53411
2703 1791336896244954 57821
2704 1791336896272502 63335
2705 1791336896279206 52204
2706 1791336896307982 60153
2707 1791336896320294 52972
2708 1791336896359754 73016
2709 1791336896383936 75949
2710 1791336896398054 63933
2711 1791336896422332 75242
2712 1791336896429006 56815
2713 1791336896451538 65277
2714 1791336896470074 62582
2715 1791336896493608 66404
2716 1791336896512328 64461
2717 1791336896532769 66740
2718 1791336896569213 76737
2719 1791336896569219 62790
2720 1791336896598801 66361
2721 1791336896616463 67605
2722 1791336896628385 62097
2723 1791336896658820 70861
2724 1791336896677967 71434
2725 1791336896701405 74245
2726 1791336896714961 66741
2727 1791336896731500 64961
2728 1791336896749004 62650
2729 1791336896770484 63806
2730 1791336896793494 66836
2731 1791336896813081 66308
2732 1791336896840770 73953
2733 1791336896849444 62252
2734 1791336896877040 68838
2735 1791336896892063 63691
2736 1791336896924625 75177
2737 1791336896933098 59724
2738 1791336896949039 60941
2739 1791336896969372 61744
2740 1791336897007679 79344
2741 1791336897022387 73345
2742 1791336897038954 72381
2743 1791336897072296 84254
2744 1791336897079500 71814
2745 1791336897108995 78440
2746 1791336897120238 73261
2747 1791336897144678 72378
2748 1791336897165005 78746
2749 1791336897180833 72948
2750 1791336897221387 94306
2751 1791336897221392 74067
2752 1791336897239988 73024
2753 1791336897266155 78506
2754 1791336897281651 72881
2755 1791336897287844 61110
2756 1791336897318713 72283
2757 1791336897337844 71682
2758 1791336897362514 75069
2759 1791336897383775 77541
2760 1791336897398220 72340
2761 1791336897421015 74641
2762 1791336897441970 73500
2763 1791336897468064 81541
2764 1791336897481594 73344
2765 1791336897499174 69499
2766 1791336897529653 82569
2767 1791336897547560 79490
2768 1791336897559243 70796
2769 1791336897579129 71883
2770 1791336897596500 66842
2771 1791336897613935 66371
2772 1791336897628072 56730
2773 1791336897646708 58700
2774 1791336897657791 49421
2775 1791336897675795 48413
2776 1791336897680388 33675
2777 1791336897699173 30978
2778 1791336897716887 29820
2779 1791336897740267 33502
2780 1791336897759796 30687
2781 1791336897796273 47273
2782 1791336897807884 40822
2783 1791336897832534 45928
2784 1791336897857673 51185
2785 1791336897872741 46506
2786 1791336897924286 77865
2787 1791336897946107 80292
2788 1791336897955765 64734
2789 1791336897995962 71671
2790 1791336897996646 66169
2791 1791336898007049 60937
2792 1791336898024934 57238
2793 1791336898054826 65442
2794 1791336898078957 71904
2795 1791336898087955 59693
2796 1791336898120089 66102
2797 1791336898127414 59494
2798 1791336898151018 63060
2799 1791336898168585 62316
2800 1791336898188792 61375
2801 1791336898224610 73588
2802 1791336898237999 70956
2803 1791336898258645 71992
2804 1791336898291623 83417
2805 1791336898306699 80427
2806 1791336898328264 80362
2807 1791336898344912 77231
2808 1791336898371773 80148
2809 1791336898385319 78617
2810 1791336898402921 74653
2811 1791336898427972 81454
2812 1791336898441600 72665
2813 1791336898457868 72546
2814 1791336898476304 69381
2815 1791336898492325 64494
2816 1791336898520358 72097
2817 1791336898538990 70792
2818 1791336898552991 67144
2819 1791336898585088 79228
2820 1791336898600362 74103
2821 1791336898622436 74790
2822 1791336898648005 81390
2823 1791336898662102 73878
2824 1791336898690663 81767
2825 1791336898712203 83424
2826 1791336898720787 74591
2827 1791336898751585 84480
2828 1791336898768188 77521
2829 1791336898777222 70268
2830 1791336898799465 73329
2831 1791336898817685 69569
2832 1791336898839979 74277
2833 1791336898848394 61496
2834 1791336898877183 71323
2835 1791336898888789 58554
2836 1791336898913551 65266
2837 1791336898925905 59850
2838 1791336898948749 61342
2839 1791336898960857 53970
2840 1791336898979801 53892
2841 1791336899001920 53750
2842 1791336899017850 49706
2843 1791336899047223 59390
2844 1791336899065257 56105
2845 1791336899077942 51095
2846 1791336899090392 43165
2847 1791336899119061 52585
2848 1791336899131369 44827
2849 1791336899148288 41374
2850 1791336899172444 45749
2851 1791336899186682 39703
2852 1791336899205097 38396
2853 1791336899225141 38449
2854 1791336899240677 34107
2855 1791336899272304 42748
2856 1791336899293550 47406
2857 1791336899308130 39271
2858 1791336899320663 34046
2859 1791336899347884 41524
2860 1791336899368899 41237
2861 1791336899386479 40102
2862 1791336899409586 41999
2863 1791336899428364 41879
2864 1791336899450711 42897
2865 1791336899466490 38354
2866 1791336899480084 31806
2867 1791336899505559 39064
2868 1791336899528238 41858
2869 1791336899541980 36415
2870 1791336899567078 40449
2871 1791336899589487 41696
2872 1791336899604938 38414
2873 1791336899637968 50848
2874 1791336899665719 55075
2875 1791336899667992 41940
2876 1791336899685491 37690
2877 1791336899707936 42213
2878 1791336899723457 37961
2879 1791336899748351 41649
2880 1791336899774156 47673
2881 1791336899789631 41278
2882 1791336899813873 47275
2883 1791336899827916 41655
2884 1791336899856721 46822
2885 1791336899869430 41916
2886 1791336899888666 41571
2887 1791336899914252 47428
2888 1791336899931272 44479
2889 1791336899957892 44491
2890 1791336899982307 55398
2891 1791336900000752 54278
2892 1791336900009395 42830
2893 1791336900031524 41288
2894 1791336900047119 39067
2895 1791336900073020 44925
2896 1791336900091553 44926
2897 1791336900109374 42155
2898 1791336900132263 45578
2899 1791336900147351 41020
2900 1791336900170332 44510
2901 1791336900195030 47677
2902 1791336900215643 49730
2903 1791336900229673 43202
2904 1791336900258632 52129
2905 1791336900276738 47061
2906 1791336900298204 51336
2907 1791336900327835 59820
2908 1791336900340088 51791
2909 1791336900365644 58307
2910 1791336900381066 54680
2911 1791336900394649 47232
2912 1791336900425860 60213
2913 1791336900448178 61321
2914 1791336900456408 46486
2915 1791336900474598 48723
2916 1791336900499317 52294
2917 1791336900528070 61206
2918 1791336900540557 53303
2919 1791336900571988 63490
2920 1791336900589403 61329
2921 1791336900611426 63407
2922 1791336900643389 71399
2923 1791336900652755 66540
2924 1791336900668721 62693
2925 1791336900680474 54281
2926 1791336900701678 53576
2927 1791336900721921 53194
2928 1791336900732271 46138
2929 1791336900808118 101918
2930 1791336900808126 81602
2931 1791336900830800 79855
2932 1791336900860107 77033
2933 1791336900868045 81161
2934 1791336900888096 81282
2935 1791336900898973 72408
2936 1791336900923975 75079
2937 1791336900964639 96588
2938 1791336900980394 93820
2939 1791336900980410 67598
2940 1791336901039023 74376
2941 1791336901066904 102229
2942 1791336901067739 100414
2943 1791336901079063 89982
2944 1791336901086799 78845
2945 1791336901101940 75063
2946 1791336901128158 81981
2947 1791336901141433 74524
2948 1791336901154852 68490
2949 1791336901180671 73167
2950 1791336901214093 87223
2951 1791336901244211 96708
2952 1791336901262077 95760
2953 1791336901277814 89709
2954 1791336901291060 83721
2955 1791336901321805 87919
2956 1791336901332043 83640
2957 1791336901349121 81068
2958 1791336901361836 75367
2959 1791336901381670 74314
2960 1791336901413040 86334
2961 1791336901438064 91463
2962 1791336901443962 76654
2963 1791336901462661 76835
2964 1791336901482558 76484
2965 1791336901506770 78006
2966 1791336901515442 69155
2967 1791336901538259 72021
2968 1791336901558379 72613
2969 1791336901582272 75497
2970 1791336901595662 66846
2971 1791336901615977 68506
2972 1791336901637715 70671
2973 1791336901658047 71076
2974 1791336901677934 71991
2975 1791336901697034 69969
2976 1791336901714018 67942
2977 1791336901734892 66217
2978 1791336901747758 59657
2979 1791336901773256 66309
2980 1791336901785940 59444
2981 1791336901817690 71220
2982 1791336901833751 67606
2983 1791336901851490 65546
2984 1791336901870105 63547
2985 1791336901889978 64007
2986 1791336901923798 76132
2987 1791336901938889 69498
2988 1791336901958850 71825
2989 1791336901984588 78201
2990 1791336901995511 67444
2991 1791336902006696 59748
2992 1791336902032077 65906
2993 1791336902053716 67497
2994 1791336902074125 67667
2995 1791336902096872 64791
2996 1791336902117801 68897
2997 1791336902146466 78501
2998 1791336902155558 69220
2999 1791336902169104 62758
3000 1791336902203090 76836
3001 1791336902219100 72628
3002 1791336902239191 72416
3003 1791336902256918 65332
3004 1791336902278117 71048
3005 1791336902289234 62571
3006 1791336902319890 73188
3007 1791336902347790 77731
3008 1791336902357945 71329
3009 1791336902378610 69774
3010 1791336902406392 79568
3011 1791336902417908 71800
3012 1791336902454277 85247
3013 1791336902459819 72714
3014 1791336902484931 78732
3015 1791336902505637 78398
3016 1791336902527967 79687
3017 1791336902539542 71630
3018 1791336902573515 86762
3019 1791336902587734 82095
3020 1791336902605188 78375
3021 1791336902637025 90056
3022 1791336902648367 81157
3023 1791336902657856 71033
3024 1791336902695222 84087
3025 1791336902713700 86716
3026 1791336902734092 86053
3027 1791336902738755 72024
3028 1791336902769000 80934
3029 1791336902787688 80094
3030 1791336902812219 78122
3031 1791336902826982 74034
3032 1791336902836002 69797
3033 1791336902865230 77539
3034 1791336902878709 71414
3035 1791336902903966 76980
3036 1791336902917142 70828
3037 1791336902946291 79521
3038 1791336902957080 70901
3039 1791336902985184 77134
3040 1791336903003331 69576
3041 1791336903027305 81011
3042 1791336903046821 78674
3043 1791336903067981 81455
3044 1791336903081164 72228
3045 1791336903097272 69964
3046 1791336903117895 71768
3047 1791336903135372 67461
3048 1791336903147779 59910
3049 1791336903164673 57979
3050 1791336903172588 44211
3051 1791336903185871 40089
3052 1791336903199862 33874
3053 1791336903215235 29361
3054 1791336903235725 27822
3055 1791336903263645 35971
3056 1791336903283998 36125
3057 1791336903306790 38842
3058 1791336903334512 43935
3059 1791336903342745 35953
3060 1791336903361802 32787
3061 1791336903386369 39688
3062 1791336903400617 33433
3063 1791336903426240 39866
3064 1791336903453014 45327
3065 1791336903456790 30750
3066 1791336903501315 48297
3067 1791336903502168 35767
3068 1791336903519350 32405
3069 1791336903539932 32502
3070 1791336903555302 27786
3071 1791336903587853 41346
3072 1791336903597036 30570
3073 1791336903632259 45874
3074 1791336903642599 35419
3075 1791336903659868 32908
3076 1791336903685549 39155
3077 1791336903704752 38051
3078 1791336903720058 34506
3079 1791336903757176 48765
3080 1791336903760759 31689
3081 1791336903780525 34001
3082 1791336903799205 30660
3083 1791336903837241 50069
3084 1791336903846815 39793
3085 1791336903868547 40668
3086 1791336903880169 33440
3087 1791336903904217 35663
3088 1791336903930953 42927
3089 1791336903959047 51630
3090 1791336903972879 41923
3091 1791336903990359 37359
3092 1791336904003511 33586
3093 1791336904021942 31581
3094 1791336904042708 37037
3095 1791336904066844 39830
3096 1791336904086661 39357
3097 1791336904111567 45656
3098 1791336904132235 45571
3099 1791336904156591 48697
3100 1791336904166488 39697
3101 1791336904190001 42670
3102 1791336904220371 54313
3103 1791336904233739 47137
3104 1791336904242042 35534
3105 1791336904273298 45028
3106 1791336904290849 42817
3107 1791336904324823 51764
3108 1791336904338093 47242
3109 1791336904346076 39448
3110 1791336904366456 40425
3111 1791336904388182 42104
3112 1791336904413709 47249
3113 1791336904436125 47939
3114 1791336904460109 46394
3115 1791336904471191 44589
3116 1791336904489213 42989
3117 1791336904516607 48863
3118 1791336904538077 50255
3119 1791336904559804 53245
3120 1791336904583015 56972
3121 1791336904599872 53200
3122 1791336904618350 52057
3123 1791336904652111 65455
3124 1791336904670289 63630
3125 1791336904681951 53874
3126 1791336904703771 51505
3127 1791336904731033 60741
3128 1791336904751045 63413
3129 1791336904764965 55795
3130 1791336904797443 66407
3131 1791336904814614 67851
3132 1791336904819441 53066
3133 1791336904859277 73450
3134 1791336904864293 57511
3135 1791336904884931 56021
3136 1791336904909978 61926
3137 1791336904930885 64202
3138 1791336904948451 60967
3139 1791336904983451 73468
3140 1791336904996661 70268
3141 1791336905019924 71472
3142 1791336905039102 72347
3143 1791336905057376 71143
3144 1791336905079751 73518
3145 1791336905098162 70999
3146 1791336905113390 64086
3147 1791336905135847 68780
3148 1791336905154170 67897
3149 1791336905178270 70138
3150 1791336905203264 77143
3151 1791336905228212 76732
3152 1791336905238516 70474
3153 1791336905274763 83367
3154 1791336905286087 78379
3155 1791336905307556 80233
3156 1791336905318940 73014
3157 1791336905338488 71873
3158 1791336905359090 72998
3159 1791336905378932 71370
3160 1791336905396715 69762
3161 1791336905418920 71926
3162 1791336905435581 69010
3163 1791336905459937 71306
3164 1791336905485867 78195
3165 1791336905510723 83631
3166 1791336905522090 76287
3167 1791336905549062 77357
3168 1791336905574665 88795
3169 1791336905588261 77999
3170 1791336905613804 86716
3171 1791336905631877 84784
3172 1791336905654280 87400
3173 1791336905669717 81452
3174 1791336905689524 81874
3175 1791336905709210 77317
3176 1791336905722354 74357
3177 1791336905740286 72787
3178 1791336905763843 75891
3179 1791336905776764 70740
3180 1791336905793091 65694
3181 1791336905813263 65037
3182 1791336905841093 72725
3183 1791336905856495 69216
3184 1791336905873545 66375
3185 1791336905891052 64604
3186 1791336905906740 59799
3187 1791336905921270 54913
3188 1791336905942258 51203
3189 1791336905966759 60016
3190 1791336905979884 49746
3191 1791336906015088 60835
3192 1791336906015095 48325
3193 1791336906027592 33955
3194 1791336906047807 39741
3195 1791336906057234 30663
3196 1791336906077865 30479
3197 1791336906107042 38801
3198 1791336906121318 33654
3199 1791336906146329 40083
3200 1791336906157998 30374
3201 1791336906188753 42420
3202 1791336906214426 47824
3203 1791336906226590 39747
3204 1791336906247082 40028
3205 1791336906263628 37033
3206 1791336906286819 40834
3207 1791336906296612 30900
3208 1791336906317774 31726
3209 1791336906339109 32953
3210 1791336906364140 36632
3211 1791336906378483 31628
3212 1791336906404901 36703
3213 1791336906425337 37905
3214 1791336906445416 36912
3215 1791336906472632 47294
3216 1791336906489197 43776
3217 1791336906506320 38365
3218 1791336906518268 31799
3219 1791336906549082 42759
3220 1791336906572355 45937
3221 1791336906588058 41447
3222 1791336906605906 38001
3223 1791336906618198 31976
3224 1791336906646849 40938
3225 1791336906667924 41033
3226 1791336906691221 44369
3227 1791336906711977 45439
3228 1791336906733063 46181
3229 1791336906759333 48060
3230 1791336906778465 48999
3231 1791336906799008 47552
3232 1791336906820916 51400
3233 1791336906839198 52371
3234 1791336906851890 43163
3235 1791336906874645 47664
3236 1791336906922040 74112
3237 1791336906932551 64328
3238 1791336906946538 59627
3239 1791336906965336 57856
3240 1791336906965354 38183
3241 1791336906993846 47304
3242 1791336907023297 57958
3243 1791336907042477 53359
3244 1791336907060755 50905
3245 1791336907075127 47871
3246 1791336907101436 49173
3247 1791336907114840 46371
3248 1791336907133076 46245
3249 1791336907157547 50910
3250 1791336907181453 54603
3251 1791336907195744 48033
3252 1791336907212420 46544
3253 1791336907244111 56322
3254 1791336907258421 51826
3255 1791336907279381 49500
3256 1791336907302056 55101
3257 1791336907326049 60223
3258 1791336907347633 54957
3259 1791336907383018 75406
3260 1791336907397373 71321
3261 1791336907424829 77193
3262 1791336907429383 61345
3263 1791336907445179 57033
3264 1791336907469006 63064
3265 1791336907484494 55921
3266 1791336907508016 59711
3267 1791336907523555 56469
3268 1791336907547002 60630
3269 1791336907574445 67002
3270 1791336907594274 67780
3271 1791336907615655 69537
3272 1791336907628212 56055
3273 1791336907656102 70164
3274 1791336907671684 64563
3275 1791336907688832 62068
3276 1791336907712877 64768
3277 1791336907729151 62697
3278 1791336907745528 57715
3279 1791336907764659 57673
3280 1791336907787296 60110
3281 1791336907811656 66124
3282 1791336907826786 58958
3283 1791336907857808 70507
3284 1791336907881450 69790
3285 1791336907895708 68902
3286 1791336907922544 75359
3287 1791336907939611 70637
3288 1791336907957516 69203
3289 1791336907972468 61485
3290 1791336907989819 63045
3291 1791336908017732 68151
3292 1791336908035785 68430
3293 1791336908051761 65566
3294 1791336908073847 61814
3295 1791336908096023 65821
3296 1791336908116435 65330
3297 1791336908150542 82658
3298 1791336908165497 79371
3299 1791336908183914 75774
3300 1791336908197984 70528
3301 1791336908217159 66614
3302 1791336908236650 71148
3303 1791336908264175 77945
3304 1791336908281822 73210
3305 1791336908304941 77814
3306 1791336908327149 72800
3307 1791336908346299 78356
3308 1791336908367954 79831
3309 1791336908387587 81052
3310 1791336908397967 70815
3311 1791336908422794 76492
3312 1791336908443624 75667
3313 1791336908459551 71960
3314 1791336908476091 69522
3315 1791336908501002 72798
3316 1791336908518767 70038
3317 1791336908542853 76824
3318 1791336908573326 85906
3319 1791336908607950 97926
3320 1791336908617282 88792
3321 1791336908639325 91956
3322 1791336908670099 101620
3323 1791336908670105 83397
3324 1791336908693375 86662
3325 1791336908716511 89274
3326 1791336908730734 82844
3327 1791336908746493 79962
3328 1791336908763688 76577
3329 1791336908792878 86815
3330 1791336908797930 71932
3331 1791336908829226 82726
3332 1791336908847043 80886
3333 1791336908861957 75138
3334 1791336908877633 69624
3335 1791336908901054 71825
3336 1791336908917673 70816
3337 1791336908950606 84102
3338 1791336908969698 83191
3339 1791336908985377 75592
3340 1791336909008684 81418
3341 1791336909024493 77760
3342 1791336909040742 73216
3343 1791336909059835 74454
3344 1791336909084853 78144
3345 1791336909099324 71111
3346 1791336909132817 82348
3347 1791336909138811 72351
3348 1791336909172116 80847
3349 1791336909192280 85906
3350 1791336909215018 88946
3351 1791336909237876 90896
3352 1791336909252584 81678
3353 1791336909271585 84389
3354 1791336909285809 78696
3355 1791336909306552 79466
3356 1791336909335790 84932
3357 1791336909357345 89324
3358 1791336909376436 90624
3359 1791336909390958 84404
3360 1791336909413406 87663
3361 1791336909433292 85743
3362 1791336909449556 81268
3363 1791336909467778 82183
3364 1791336909493283 86157
3365 1791336909509090 81862
3366 1791336909532348 85133
3367 1791336909556789 89732
3368 1791336909569731 83366
3369 1791336909590269 83132
3370 1791336909622101 95912
3371 1791336909630699 84226
3372 1791336909651683 81948
3373 1791336909684536 97038
3374 1791336909692135 83753
3375 1791336909722656 94518
3376 1791336909749237 101596
3377 1791336909770637 104133
3378 1791336909786512 96924
3379 1791336909804031 97022
3380 1791336909826521 100363
3381 1791336909844971 95728
3382 1791336909858631 91238
3383 1791336909892291 105777
3384 1791336909907764 99857
3385 1791336909923510 96986
3386 1791336909942584 96446
3387 1791336909949606 82937
3388 1791336909981029 88733
3389 1791336909990010 83563
3390 1791336910016255 86604
3391 1791336910038947 89339
3392 1791336910060930 93235
3393 1791336910086819 99818
3394 1791336910110856 104469
3395 1791336910129043 96029
3396 1791336910141751 95606
3397 1791336910168684 99622
3398 1791336910181134 94304
3399 1791336910188887 82431
3400 1791336910227842 100399
3401 1791336910247015 99207
3402 1791336910267382 98696
3403 1791336910286604 100111
3404 1791336910309534 103063
3405 1791336910320698 92851
3406 1791336910341088 94070
3407 1791336910362229 94844
3408 1791336910388323 102085
3409 1791336910399824 90288
3410 1791336910412131 85603
3411 1791336910443375 92789
3412 1791336910449973 82813
3413 1791336910471730 83401
3414 1791336910492477 84220
3415 1791336910504746 78276
3416 1791336910526990 79473
3417 1791336910544162 74339
3418 1791336910555057 63636
3419 1791336910566176 59593
3420 1791336910572886 46584
3421 1791336910582857 34504
3422 1791336910596355 30176
3423 1791336910614344 27424
3424 1791336910639435 32961
3425 1791336910660528 34698
3426 1791336910687594 38701
3427 1791336910700022 33339
3428 1791336910721445 33846
3429 1791336910741362 34959
3430 1791336910759733 31794
3431 1791336910778607 32888
3432 1791336910805882 39108
3433 1791336910817760 28545
3434 1791336910850212 44312
3435 1791336910863685 35234
3436 1791336910884468 36248
3437 1791336910899717 32278
3438 1791336910920550 34774
3439 1791336910943300 36259
3440 1791336910959362 29476
3441 1791336910972264 25164
3442 1791336910994347 27022
3443 1791336911026224 34177
3444 1791336911042691 36538
3445 1791336911063371 37143
3446 1791336911079099 32891
3447 1791336911099264 33447
3448 1791336911117187 30848
3449 1791336911147837 41283
3450 1791336911158061 31283
3451 1791336911182935 35096
3452 1791336911213870 47405
3453 1791336911226288 37719
3454 1791336911244341 36220
3455 1791336911259937 33881
3456 1791336911274625 24272
3457 1791336911299605 32913
3458 1791336911322767 36223
3459 1791336911339351 33446
3460 1791336911363926 36210
3461 1791336911378019 30973
3462 1791336911397986 31742
3463 1791336911408710 21244
3464 1791336911437895 30707
3465 1791336911459246 29496
3466 1791336911473163 26557
3467 1791336911497941 29974
3468 1791336911511849 24878
3469 1791336911543460 36165
3470 1791336911560349 33965
3471 1791336911583175 34533
3472 1791336911596654 28442
3473 1791336911617997 31489
3474 1791336911640017 31933
3475 1791336911666387 36232
3476 1791336911679289 31275
3477 1791336911692648 26258
3478 1791336911717930 28401
3479 1791336911739857 33248
3480 1791336911764181 37693
3481 1791336911779417 30565
3482 1791336911795260 27932
3483 1791336911816644 30527
3484 1791336911843382 32978
3485 1791336911868033 41188
3486 1791336911891369 43213
3487 1791336911912122 44182
3488 1791336911932996 45773
3489 1791336911954632 46275
3490 1791336911980470 52246
3491 1791336912003800 56808
3492 1791336912016256 48861
3493 1791336912043692 57546
3494 1791336912069776 60620
3495 1791336912090949 61479
3496 1791336912108320 61229
3497 1791336912132974 66418
3498 1791336912140868 54516
3499 1791336912170174 61852
3500 1791336912190922 63248
3501 1791336912209425 61660
3502 1791336912233108 63693
3503 1791336912251604 65141
3504 1791336912275996 67427
3505 1791336912298128 69952
3506 1791336912312307 66037
3507 1791336912338225 71029
3508 1791336912359064 67683
3509 1791336912383857 71547
3510 1791336912389182 63005
3511 1791336912418863 70784
3512 1791336912443484 75913
3513 1791336912454170 67415
3514 1791336912496962 84655
3515 1791336912507879 80910
3516 1791336912523399 77566
3517 1791336912544778 73433
3518 1791336912561290 69736
3519 1791336912583046 76262
3520 1791336912597693 71720
3521 1791336912617378 70601
3522 1791336912639848 73166
3523 1791336912661480 73322
3524 1791336912673904 67606
3525 1791336912710817 83132
3526 1791336912723791 77037
3527 1791336912742606 74655
3528 1791336912771053 81168
3529 1791336912783954 74443
3530 1791336912804175 77669
3531 1791336912822018 74671
3532 1791336912851481 83555
3533 1791336912860441 72390
3534 1791336912882631 74834
3535 1791336912899781 73011
3536 1791336912916684 69558
3537 1791336912937773 67856
3538 1791336912951256 64962
3539 1791336912976566 66412
3540 1791336912987762 56379
3541 1791336913007090 58696
3542 1791336913024920 57148
3543 1791336913043840 57400
3544 1791336913057898 51695
3545 1791336913081010 51992
3546 1791336913094591 48204
3547 1791336913124842 52032
3548 1791336913128664 42346
3549 1791336913152191 45999
3550 1791336913170823 43124
3551 1791336913194565 42705
3552 1791336913213386 44288
3553 1791336913227061 40460
3554 1791336913241142 33133
3555 1791336913263408 36343
3556 1791336913283383 35943
3557 1791336913314737 46077
3558 1791336913322642 33129
3559 1791336913343416 36140
3560 1791336913360948 32910
3561 1791336913382660 35758
3562 1791336913396666 28490
3563 1791336913428831 39824
3564 1791336913441189 34087
3565 1791336913468511 42079
3566 1791336913477301 30860
3567 1791336913505953 37439
3568 1791336913523831 37217
3569 1791336913545480 39523
3570 1791336913557401 29632
3571 1791336913582360 36878
3572 1791336913592355 25679
3573 1791336913635903 49525
3574 1791336913637668 31665
3575 1791336913670152 36876
3576 1791336913680558 33563
3577 1791336913698876 31903
3578 1791336913719865 29964
3579 1791336913754277 47663
3580 1791336913764043 35939
3581 1791336913786239 31956
3582 1791336913798117 30676
3583 1791336913819991 33748
3584 1791336913839950 31864
3585 1791336913862440 31098
3586 1791336913888035 39811
3587 1791336913900925 33262
3588 1791336913929949 41911
3589 1791336913945054 38312
3590 1791336913956729 28823
3591 1791336913993573 46327
3592 1791336914015245 45216
3593 1791336914029405 42431
3594 1791336914049799 42691
3595 1791336914063826 34418
3596 1791336914076298 28829
3597 1791336914107981 39760
3598 1791336914119890 32989
3599 1791336914145930 39455
3600 1791336914163508 36283
3601 1791336914179617 33684
3602 1791336914197184 31246
3603 1791336914234413 44106
3604 1791336914254806 47901
3605 1791336914271867 43561
3606 1791336914282835 34856
3607 1791336914308924 37053
3608 1791336914323372 33333
3609 1791336914352098 43171
3610 1791336914368664 40549
3611 1791336914402132 50032
3612 1791336914410318 41651
3613 1791336914430875 40747
3614 1791336914445575 39298
3615 1791336914479131 52011
3616 1791336914492080 46500
3617 1791336914504011 37576
3618 1791336914534125 47322
3619 1791336914555238 45351
3620 1791336914571790 43755
3621 1791336914593079 45278
3622 1791336914613509 46873
3623 1791336914628495 41844
3624 1791336914649647 39579
3625 1791336914674861 46362
3626 1791336914693001 46230
3627 1791336914722997 54836
3628 1791336914743406 57195
3629 1791336914768132 54048
3630 1791336914788043 59697
3631 1791336914805075 56878
3632 1791336914823575 55438
3633 1791336914846352 58299
3634 1791336914859124 51417
3635 1791336914879835 52451
3636 1791336914891230 44874
3637 1791336914918173 50127
3638 1791336914941507 54565
3639 1791336914960925 54448
3640 1791336914994938 67664
3641 1791336915018432 72208
3642 1791336915036384 69345
3643 1791336915048605 55082
3644 1791336915066471 59494
3645 1791336915085867 55919
3646 1791336915099542 52431
3647 1791336915112758 46647
3648 1791336915141211 55342
3649 1791336915167673 59451
3650 1791336915187880 61056
3651 1791336915201971 55169
3652 1791336915228007 60330
3653 1791336915254574 67460
3654 1791336915274363 67593
3655 1791336915291555 64872
3656 1791336915315708 68701
3657 1791336915336000 68743
3658 1791336915351428 64357
3659 1791336915366971 59781
3660 1791336915441806 108108
3661 1791336915441812 92977
3662 1791336915448279 82200
3663 1791336915462426 63241
3664 1791336915476538 68433
3665 1791336915493406 65679
3666 1791336915518947 70665
3667 1791336915532531 63126
3668 1791336915551981 64144
3669 1791336915566201 58739
3670 1791336915594635 63906
3671 1791336915610861 63690
3672 1791336915623853 57647
3673 1791336915648680 61365
3674 1791336915677290 70953
3675 1791336915698003 69144
3676 1791336915726854 79475
3677 1791336915745043 78933
3678 1791336915763301 74217
3679 1791336915786213 75166
3680 1791336915805657 78796
3681 1791336915837783 87518
3682 1791336915854786 87384
3683 1791336915868679 82461
3684 1791336915901530 95867
3685 1791336915914591 87432
3686 1791336915926981 79080
3687 1791336915954459 87831
3688 1791336915971088 82262
3689 1791336915993616 86534
3690 1791336916006664 80275
3691 1791336916035924 88700
3692 1791336916051931 84989
3693 1791336916076088 88822
3694 1791336916089440 83683
3695 1791336916110246 81946
3696 1791336916135746 89198
3697 1791336916147900 78934
3698 1791336916183252 96898
3699 1791336916199857 92399
3700 1791336916223141 91628
3701 1791336916238179 90836
3702 1791336916251153 83918
3703 1791336916270963 82497
3704 1791336916286340 79760
3705 1791336916306960 80690
3706 1791336916317648 70468
3707 1791336916338421 72090
3708 1791336916356891 70547
3709 1791336916377104 70141
3710 1791336916395856 68806
3711 1791336916412474 65725
3712 1791336916428109 61394
3713 1791336916445093 56041
3714 1791336916469303 59571
3715 1791336916486006 57893
3716 1791336916500600 52719
3717 1791336916528222 58898
3718 1791336916552510 66501
3719 1791336916583206 76006
3720 1791336916595987 68821
3721 1791336916619902 67388
3722 1791336916635864 69875
3723 1791336916653281 65442
3724 1791336916675032 68231
3725 1791336916693814 65968
3726 1791336916715390 68367
3727 1791336916737995 71078
3728 1791336916749225 61768
3729 1791336916770932 63535
3730 1791336916787166 60676
3731 1791336916808305 61946
3732 1791336916837649 70999
3733 1791336916846427 59256
3734 1791336916869777 61469
3735 1791336916895328 68564
3736 1791336916908166 61735
3737 1791336916926567 60032
3738 1791336916954344 66887
3739 1791336916967928 60997
3740 1791336916986822 60252
3741 1791336917024454 76160
3742 1791336917025681 58490
3743 1791336917046970 60144
3744 1791336917049820 40282
3745 1791336917057905 32222
3746 1791336917070062 23129
3747 1791336917090142 22372
3748 1791336917109276 21512
3749 1791336917127382 21123
3750 1791336917148536 21214
3751 1791336917169798 24268
3752 1791336917188277 22519
3753 1791336917216235 29222
3754 1791336917232509 25716
3755 1791336917248367 21828
3756 1791336917276378 29545
3757 1791336917287808 21931
3758 1791336917308408 22644
3759 1791336917328415 22348
3760 1791336917348525 22590
3761 1791336917367079 20971
3762 1791336917388116 21034
3763 1791336917416607 28473
3764 1791336917436768 24623
3765 1791336917446912 20930
3766 1791336917471864 24948
3767 1791336917495563 27291
3768 1791336917513117 27012
3769 1791336917538227 30497
3770 1791336917549220 22184
3771 1791336917576405 27231
3772 1791336917595614 28767
3773 1791336917616875 27921
3774 1791336917628598 22139
3775 1791336917649330 23002
3776 1791336917680665 31333
3777 1791336917691014 22991
3778 1791336917708133 21653
3779 1791336917728153 21540
3780 1791336917748876 20718
3781 1791336917769237 22379
3782 1791336917790100 23442
3783 1791336917814793 27753
3784 1791336917835905 27741
3785 1791336917850923 23702
3786 1791336917875116 24188
3787 1791336917888322 20789
3788 1791336917910497 23539
3789 1791336917939341 31566
3790 1791336917956020 27663
3791 1791336917974646 28272
3792 1791336917994783 27528
3793 1791336918015316 28308
3794 1791336918030904 22445
3795 1791336918049889 21890
3796 1791336918069458 21634
3797 1791336918091160 23160
3798 1791336918109308 21464
3799 1791336918136664 29056
3800 1791336918155812 28344
3801 1791336918172025 25840
3802 1791336918188242 21572
3803 1791336918213501 25255
3804 1791336918232439 25653
3805 1791336918248417 21119
3806 1791336918268133 21595
3807 1791336918294230 26091
3808 1791336918315996 29155
3809 1791336918336830 30171
3810 1791336918357277 27964
3811 1791336918370382 21297
3812 1791336918388316 20879
3813 1791336918410354 23682
3814 1791336918439511 31341
3815 1791336918458618 29178
3816 1791336918470076 23526
3817 1791336918493892 25887
3818 1791336918511092 24732
3819 1791336918536499 28463
3820 1791336918554879 28254
3821 1791336918569297 22533
3822 1791336918589182 22885
3823 1791336918609247 21892
3824 1791336918628466 21527
3825 1791336918647196 20830
3826 1791336918668284 21085
3827 1791336918687800 21071
3828 1791336918712354 24550
3829 1791336918728177 21536
3830 1791336918748319 21760
3831 1791336918772280 25466
3832 1791336918789355 21197
3833 1791336918811200 24516
3834 1791336918841000 33380
3835 1791336918855935 29034
3836 1791336918873858 27332
3837 1791336918888882 22821
3838 1791336918908401 21242
3839 1791336918927781 21406
3840 1791336918959463 32653
3841 1791336918970437 23907
3842 1791336918989340 22873
3843 1791336919015979 28609
3844 1791336919042178 35738
3845 1791336919055264 25571
3846 1791336919071956 24314
3847 1791336919097078 25113
3848 1791336919109033 22703
3849 1791336919129701 22772
3850 1791336919150027 22982
3851 1791336919169652 23068
3852 1791336919195794 28536
3853 1791336919215277 28495
3854 1791336919235861 27427
3855 1791336919250987 23027
3856 1791336919276872 28975
3857 1791336919290621 24196
3858 1791336919319230 28604
3859 1791336919330368 23114
3860 1791336919350161 21888
3861 1791336919369467 21380
3862 1791336919388632 21770
3863 1791336919407028 20923
3864 1791336919436215 29183
3865 1791336919456634 28389
3866 1791336919474780 26704
3867 1791336919490113 24156
3868 1791336919510106 22157
3869 1791336919530365 23862
3870 1791336919556732 26364
3871 1791336919570301 24183
3872 1791336919594354 24048
3873 1791336919610508 23840
3874 1791336919633926 26922
3875 1791336919650307 23121
3876 1791336919668535 22304
3877 1791336919688496 22403
3878 1791336919706838 20730
3879 1791336919736895 30053
3880 1791336919755968 24868
3881 1791336919778548 30684
3882 1791336919789236 22834
3883 1791336919817306 28282
3884 1791336919829520 22178
3885 1791336919857234 27709
3886 1791336919877454 25664
3887 1791336919895511 23227
3888 1791336919909923 22190
3889 1791336919937939 28013
3890 1791336919955690 26783
3891 1791336919975153 27433
3892 1791336919989864 24099
3893 1791336920011550 23766
3894 1791336920037081 25528
3895 1791336920052024 25743
3896 1791336920078300 26273
3897 1791336920090892 24593
3898 1791336920109375 21399
3899 1791336920128569 22558
3900 1791336920150651 24128
3901 1791336920171678 23713
3902 1791336920187015 20721
3903 1791336920213908 26890
3904 1791336920228584 21936
3905 1791336920253506 27226
3906 1791336920273356 27134
3907 1791336920288343 21689
3908 1791336920315073 28407
3909 1791336920334114 27887
3910 1791336920348027 20785
3911 1791336920369490 21447
3912 1791336920392444 22950
3913 1791336920410146 23918
3914 1791336920445431 35283
3915 1791336920458079 29358
3916 1791336920470097 24662
3917 1791336920490046 23855
3918 1791336920517056 27006
3919 1791336920535559 23191
3920 1791336920550014 22852
3921 1791336920571001 22990
3922 1791336920587984 21789
3923 1791336920608412 20484
3924 1791336920630032 22854
3925 1791336920650680 23850
3926 1791336920668995 22827
3927 1791336920692665 25652
3928 1791336920715321 29046
3929 1791336920736514 29680
3930 1791336920747433 21402
3931 1791336920767399 21207
3932 1791336920794157 26755
3933 1791336920806938 20955
3934 1791336920827846 20899
3935 1791336920848857 22559
3936 1791336920866767 20778
3937 1791336920888167 21446
3938 1791336920913779 25608
3939 1791336920927835 21516
3940 1791336920964535 36697
3941 1791336920976044 30034
3942 1791336920994755 28416
3943 1791336921013511 26236
3944 1791336921030788 24070
3945 1791336921058102 27604
3946 1791336921070154 23460
3947 1791336921097301 29297
3948 1791336921117238 29978
3949 1791336921137156 28148
3950 1791336921151226 24313
3951 1791336921171237 24773
3952 1791336921196935 25693
3953 1791336921217990 26441
3954 1791336921235447 27363
3955 1791336921249208 22045
3956 1791336921269233 23285
3957 1791336921298053 29790
3958 1791336921310304 22569
3959 1791336921336491 26183
3960 1791336921350098 23934
3961 1791336921373064 26869
3962 1791336921395245 22177
3963 1791336921416010 27837
3964 1791336921428356 21908
3965 1791336921453584 25226
3966 1791336921468107 21792
3967 1791336921490588 22477
3968 1791336921511604 23239
3969 1791336921536600 27728
3970 1791336921549191 23449
3971 1791336921576713 27519
3972 1791336921588384 21614
3973 1791336921616769 29850
3974 1791336921641624 34774
3975 1791336921654631 22824
3976 1791336921670757 24477
3977 1791336921691342 20581
3978 1791336921715600 26246
3979 1791336921735769 29847
3980 1791336921751985 25680
3981 1791336921768543 21554
3982 1791336921790797 24013
3983 1791336921810464 24826
3984 1791336921836584 28186
3985 1791336921855489 28622
3986 1791336921873501 26757
3987 1791336921890961 23879
3988 1791336921908444 22691
3989 1791336921928032 21354
3990 1791336921950174 23804
3991 1791336921968858 20843
3992 1791336921988094 21283
3993 1791336922014741 26642
3994 1791336922032371 24317
3995 1791336922058375 29825
3996 1791336922076351 30362
3997 1791336922089266 23382
3998 1791336922116066 26922
3999 1791336922133876 26185
4000 1791336922148644 21859
4001 1791336922170237 24191
4002 1791336922188102 22152
4003 1791336922211903 24728
4004 1791336922228860 22578
4005 1791336922249580 22779
4006 1791336922268421 21978
4007 1791336922295745 27447
4008 1791336922315007 28107
4009 1791336922329325 21994
4010 1791336922351408 24522
4011 1791336922373359 25048
4012 1791336922388497 21407
4013 1791336922408629 21967
4014 1791336922436706 28074
4015 1791336922450129 24144
4016 1791336922470234 23962
4017 1791336922493910 23672
4018 1791336922509385 22907
4019 1791336922531574 24512
4020 1791336922550000 22011
4021 1791336922567060 21207
4022 1791336922588380 21309
4023 1791336922608524 21610
4024 1791336922629601 23292
4025 1791336922650897 23574
4026 1791336922670942 23088
4027 1791336922689404 21596
4028 1791336922707893 21166
4029 1791336922733854 27548
4030 1791336922754429 27283
4031 1791336922770331 23358
4032 1791336922796054 27918
4033 1791336922808578 22813
4034 1791336922835933 27350
4035 1791336922852975 25855
4036 1791336922869574 22736
4037 1791336922890282 22393
4038 1791336922908396 20518
4039 1791336922928614 22186
4040 1791336922950173 24626
4041 1791336922978339 28162
4042 1791336922998022 25151
4043 1791336923017653 27412
4044 1791336923028549 21685
4045 1791336923048514 21985
4046 1791336923070223 23697
4047 1791336923088647 20574
4048 1791336923107786 20992
4049 1791336923129762 23896
4050 1791336923147809 20844
4051 1791336923170413 23497
4052 1791336923190003 23194
4053 1791336923209330 21186
4054 1791336923228862 22511
4055 1791336923253040 26450
4056 1791336923268176 22228
4057 1791336923294652 26472
4058 1791336923315633 27386
4059 1791336923326869 20717
4060 1791336923355931 29276
4061 1791336923372130 25832
4062 1791336923391336 24034
4063 1791336923409456 21585
4064 1791336923434607 27565
4065 1791336923456263 29518
4066 1791336923475413 27290
4067 1791336923488061 21392
4068 1791336923508827 22062
4069 1791336923536862 28306
4070 1791336923552562 21827
4071 1791336923569533 22321
4072 1791336923590326 24573
4073 1791336923616044 29032
4074 1791336923628813 21948
4075 1791336923662360 33543
4076 1791336923677414 30624
4077 1791336923689857 23766
4078 1791336923709624 23917
4079 1791336923737675 28047
4080 1791336923751357 24527
4081 1791336923767210 20908
4082 1791336923787160 21086
4083 1791336923810153 22987
4084 1791336923840364 30206
4085 1791336923866688 26319
4086 1791336923866755 20840
4087 1791336923895238 28544
4088 1791336923912180 25193
4089 1791336923937544 28403
4090 1791336923954991 28092
4091 1791336923979957 32744
4092 1791336923997379 30162
4093 1791336924013970 25722
4094 1791336924032474 25405
4095 1791336924048967 21428
4096 1791336924070423 21325
4097 1791336924095502 25072
4098 1791336924112670 22574
4099 1791336924136793 29822
4100 1791336924158490 27768
4101 1791336924175760 23104
4102 1791336924192800 26106
4103 1791336924216219 29628
4104 1791336924236518 30270
4105 1791336924251297 24431
4106 1791336924267678 21820
4107 1791336924289330 21647
4108 1791336924309238 22604
4109 1791336924333073 25845
4110 1791336924350174 22286
4111 1791336924375441 27187
4112 1791336924395306 28813
4113 1791336924409819 23442
4114 1791336924438086 28261
4115 1791336924451242 24367
4116 1791336924468589 21467
4117 1791336924489081 21876
4118 1791336924516215 29478
4119 1791336924536689 30199
4120 1791336924549243 21399
4121 1791336924577491 28513
4122 1791336924592765 22353
4123 1791336924609699 21770
4124 1791336924637792 30207
4125 1791336924648512 22351
4126 1791336924676482 27966
4127 1791336924687824 21642
4128 1791336924710483 22656
4129 1791336924738013 29036
4130 1791336924749442 23531
4131 1791336924767255 20744
4132 1791336924790419 23156
4133 1791336924808464 21201
4134 1791336924836161 27694
4135 1791336924856647 29303
4136 1791336924878042 27132
4137 1791336924888751 21250
4138 1791336924909503 22918
4139 1791336924931847 25271
4140 1791336924949708 23269
4141 1791336924974403 26405
4142 1791336924990411 23305
4143 1791336925015725 27827
4144 1791336925035249 29044
4145 1791336925049212 22423
# sent 4146 received 4146
