0 1791337379417398 23000
1 1791337379440886 23441
2 1791337379466775 31540
3 1791337379477843 21899
4 1791337379498403 23399
5 1791337379524168 27441
6 1791337379537417 21269
7 1791337379565381 27956
8 1791337379582004 25675
9 1791337379599572 23640
10 1791337379619914 24313
11 1791337379639165 23920
12 1791337379659232 23496
13 1791337379677583 20967
14 1791337379702327 24737
15 1791337379719464 23396
16 1791337379739228 23732
17 1791337379757790 22646
18 1791337379780274 23407
19 1791337379798175 21458
20 1791337379818524 22214
21 1791337379838828 22831
22 1791337379863775 24943
23 1791337379888854 29857
24 1791337379901723 25617
25 1791337379919770 23365
26 1791337379941166 25380
27 1791337379960277 25031
28 1791337379980508 24474
29 1791337380007516 30024
30 1791337380020083 22442
31 1791337380040094 23608
32 1791337380067939 29937
33 1791337380084287 26492
34 1791337380099132 23262
35 1791337380120640 24663
36 1791337380139603 21881
37 1791337380159058 22692
38 1791337380177563 21139
39 1791337380198148 22297
40 1791337380227330 29176
41 1791337380240303 24267
42 1791337380256951 20743
43 1791337380281167 24208
44 1791337380300051 22723
45 1791337380324586 27704
46 1791337380339885 22439
47 1791337380365686 26667
48 1791337380377248 22091
49 1791337380401879 26834
50 1791337380424303 26462
51 1791337380441543 24998
52 1791337380459636 23061
53 1791337380487586 32492
54 1791337380498311 22041
55 1791337380520704 22380
56 1791337380540911 24820
57 1791337380558003 21155
58 1791337380579934 23828
59 1791337380607857 28168
60 1791337380619069 21725
61 1791337380636925 21079
62 1791337380659563 23435
63 1791337380680860 24688
64 1791337380703206 25396
65 1791337380718553 21702
66 1791337380737719 22338
67 1791337380767129 29406
68 1791337380786561 29523
69 1791337380800484 21633
70 1791337380817879 22592
71 1791337380842560 24890
72 1791337380860550 24183
73 1791337380877220 20658
74 1791337380906048 29725
75 1791337380920810 23582
76 1791337380936615 20826
77 1791337380958421 21801
78 1791337380979358 24334
79 1791337380998080 21263
80 1791337381025709 27937
81 1791337381039160 20878
82 1791337381057160 22179
83 1791337381077882 22350
84 1791337381106626 28738
85 1791337381120299 23580
86 1791337381137095 21574
87 1791337381166908 29808
88 1791337381179276 23116
89 1791337381201791 26506
90 1791337381219569 22690
91 1791337381238490 21918
92 1791337381259774 23449
93 1791337381278412 21424
94 1791337381299681 23591
95 1791337381324118 27494
96 1791337381349626 33625
97 1791337381359848 23611
98 1791337381383177 28157
99 1791337381398578 23226
100 1791337381420107 24333
101 1791337381445255 25143
102 1791337381459754 23491
103 1791337381484298 24539
104 1791337381500352 24774
105 1791337381526191 27599
106 1791337381546861 30577
107 1791337381557914 21811
108 1791337381578058 22150
109 1791337381604347 26363
110 1791337381621562 25759
111 1791337381639009 22794
112 1791337381658031 22019
113 1791337381685166 27131
114 1791337381706652 28260
115 1791337381722819 26963
116 1791337381738964 22690
117 1791337381765029 29287
118 1791337381781927 26833
119 1791337381800429 24587
120 1791337381818389 22231
121 1791337381837718 21841
122 1791337381859100 23285
123 1791337381887539 31168
124 1791337381899226 23489
125 1791337381924487 25307
126 1791337381940301 23295
127 1791337381963368 26051
128 1791337381980377 23486
129 1791337381997225 21386
130 1791337382025088 27859
131 1791337382045921 29429
132 1791337382067416 31446
133 1791337382078381 22541
134 1791337382103338 27615
135 1791337382119158 22998
136 1791337382144221 26173
137 1791337382160256 23945
138 1791337382178680 21307
139 1791337382202416 26856
140 1791337382222612 25903
141 1791337382240233 24030
142 1791337382257824 21601
143 1791337382277501 22122
144 1791337382304057 26957
145 1791337382320236 24972
146 1791337382338173 22996
147 1791337382366103 27926
148 1791337382386763 30299
149 1791337382407576 27251
150 1791337382419108 22811
151 1791337382446706 27592
152 1791337382461992 25702
153 1791337382481399 25335
154 1791337382503339 27485
155 1791337382519318 21431
156 1791337382547177 27852
157 1791337382558009 21873
158 1791337382578170 22431
159 1791337382607082 28897
160 1791337382626932 29232
161 1791337382645803 27285
162 1791337382665401 24941
163 1791337382678703 20902
164 1791337382700493 24697
165 1791337382718788 23505
166 1791337382736687 21479
167 1791337382759167 22754
168 1791337382778583 21609
169 1791337382797039 21432
170 1791337382818704 21659
171 1791337382840030 24659
172 1791337382864876 24922
173 1791337382881585 25947
174 1791337382899383 24017
175 1791337382917291 21822
176 1791337382939517 23153
177 1791337382959319 22596
178 1791337382977125 21183
179 1791337382999367 22237
180 1791337383026899 30015
181 1791337383048144 29824
182 1791337383060363 24935
183 1791337383080250 23203
184 1791337383100778 23598
185 1791337383120632 23147
186 1791337383139362 22071
187 1791337383159413 22692
188 1791337383182239 25950
189 1791337383198221 23493
190 1791337383227054 30913
191 1791337383246283 27259
192 1791337383261555 24264
193 1791337383280193 23766
194 1791337383314360 34161
195 1791337383321048 22908
196 1791337383343141 25221
197 1791337383373740 30594
198 1791337383384772 23043
199 1791337383409152 31752
200 1791337383424148 28909
201 1791337383441370 24940
202 1791337383457327 20922
203 1791337383484505 27728
204 1791337383520253 39362
205 1791337383535124 24832
206 1791337383547704 27972
207 1791337383559795 24665
208 1791337383581665 21860
209 1791337383606287 28353
210 1791337383621272 26032
211 1791337383639558 23502
212 1791337383657908 22321
213 1791337383680887 22971
214 1791337383697181 21463
215 1791337383722405 25217
216 1791337383737925 21765
217 1791337383756590 21763
218 1791337383780187 23593
219 1791337383801654 24137
220 1791337383818474 21615
221 1791337383838301 23085
222 1791337383859246 23327
223 1791337383878992 22084
224 1791337383908226 31019
225 1791337383920089 23157
226 1791337383947003 27337
227 1791337383960209 23376
228 1791337383991353 31136
229 1791337384000458 22778
230 1791337384021267 23782
231 1791337384039142 22036
232 1791337384060071 24234
233 1791337384078825 21023
234 1791337384099045 23513
235 1791337384126647 27897
236 1791337384138377 23111
237 1791337384158552 23680
238 1791337384178960 22123
239 1791337384198079 22786
240 1791337384219436 21353
241 1791337384244095 28056
242 1791337384264554 27973
243 1791337384277244 21110
244 1791337384306337 29087
245 1791337384326625 30403
246 1791337384339015 23411
247 1791337384358474 21998
248 1791337384379775 23855
249 1791337384401862 24284
250 1791337384418718 21055
251 1791337384439094 22494
252 1791337384457223 21084
253 1791337384478509 21357
254 1791337384499204 23364
255 1791337384526614 27656
256 1791337384551188 27582
257 1791337384561429 22706
258 1791337384580744 25095
259 1791337384602128 24819
260 1791337384618589 21648
261 1791337384639301 23241
262 1791337384660465 23575
263 1791337384687723 30370
264 1791337384699944 22984
265 1791337384718164 22043
266 1791337384745871 30202
267 1791337384759016 23337
268 1791337384782067 23044
269 1791337384801722 24753
270 1791337384818491 22108
271 1791337384836318 21400
272 1791337384860540 24200
273 1791337384881376 24373
274 1791337384898016 21856
275 1791337384919424 21403
276 1791337384939999 22959
277 1791337384958601 21718
278 1791337384985498 28924
279 1791337385003377 24120
280 1791337385018450 21435
281 1791337385043488 27140
282 1791337385058437 21122
283 1791337385087045 30788
284 1791337385098835 21273
285 1791337385120642 25387
286 1791337385139894 24443
287 1791337385160194 24622
288 1791337385180419 25262
289 1791337385208414 27989
290 1791337385218900 22055
291 1791337385242115 26766
292 1791337385258010 21756
293 1791337385279548 21533
294 1791337385299090 22048
295 1791337385318483 21864
296 1791337385339707 23393
297 1791337385359103 22315
298 1791337385381785 25199
299 1791337385399196 21358
300 1791337385420130 23987
301 1791337385437802 21755
302 1791337385458127 22397
303 1791337385479013 22713
304 1791337385501102 23868
305 1791337385525222 27260
306 1791337385542137 26545
307 1791337385559007 23149
308 1791337385579116 23137
309 1791337385599686 22853
310 1791337385618826 22096
311 1791337385645165 28734
312 1791337385666012 29862
313 1791337385686357 29408
314 1791337385705128 27980
315 1791337385722482 25300
316 1791337385739930 21828
317 1791337385761976 23997
318 1791337385779746 23875
319 1791337385806939 27184
320 1791337385826915 29794
321 1791337385840272 24131
322 1791337385859948 23954
323 1791337385882880 24987
324 1791337385901369 24944
325 1791337385920985 24637
326 1791337385938206 22102
327 1791337385966122 30036
328 1791337385978949 23078
329 1791337385998763 23125
330 1791337386017732 22225
331 1791337386035447 20612
332 1791337386059308 23857
333 1791337386081629 25614
334 1791337386103560 25239
335 1791337386119118 22509
336 1791337386137453 21784
337 1791337386168212 30753
338 1791337386178658 23698
339 1791337386203756 28118
340 1791337386223936 26153
341 1791337386241909 24828
342 1791337386258186 22925
343 1791337386281053 25933
344 1791337386305542 24572
345 1791337386326432 26811
346 1791337386336677 21689
347 1791337386367543 30861
348 1791337386379285 23989
349 1791337386399279 21587
350 1791337386428731 31423
351 1791337386443229 27168
352 1791337386459384 22912
353 1791337386479703 22282
354 1791337386503127 25816
355 1791337386516867 21170
356 1791337386538616 22788
357 1791337386560618 24770
358 1791337386585460 28117
359 1791337386604645 26056
360 1791337386627668 28002
361 1791337386642306 26083
362 1791337386659673 22568
363 1791337386680691 23047
364 1791337386701996 24986
365 1791337386718268 22476
366 1791337386736883 21599
367 1791337386762851 25965
368 1791337386781103 25398
369 1791337386801117 24852
370 1791337386818249 22272
371 1791337386838851 22923
372 1791337386856775 20887
373 1791337386877583 20804
374 1791337386902096 24508
375 1791337386919686 22861
376 1791337386949931 32354
377 1791337386962766 27555
378 1791337386988939 26169
379 1791337387005376 27777
380 1791337387016535 21058
381 1791337387040456 23919
382 1791337387060343 22954
383 1791337387081322 25915
384 1791337387100089 23778
385 1791337387120537 24427
386 1791337387139169 22157
387 1791337387158649 23292
388 1791337387178831 23318
389 1791337387196729 21323
390 1791337387219919 23186
391 1791337387243390 23468
392 1791337387259532 21856
393 1791337387287076 29565
394 1791337387298847 21105
395 1791337387325642 30081
396 1791337387346416 29927
397 1791337387357033 21209
398 1791337387380786 23749
399 1791337387407768 30600
400 1791337387420116 24347
401 1791337387439811 22705
402 1791337387458127 22103
403 1791337387481020 24681
404 1791337387502262 24009
405 1791337387517414 21592
406 1791337387541925 24508
407 1791337387565902 28534
408 1791337387587219 30184
409 1791337387609594 28830
410 1791337387627468 28477
411 1791337387642474 27169
412 1791337387668329 31429
413 1791337387690904 34698
414 1791337387707770 30739
415 1791337387731098 34265
416 1791337387753526 34784
417 1791337387766495 29624
418 1791337387782379 27483
419 1791337387808325 30548
420 1791337387819936 23343
421 1791337387848119 33065
422 1791337387867467 31377
423 1791337387887336 30448
424 1791337387906392 29168
425 1791337387929252 33565
426 1791337387947834 29679
427 1791337387960632 23543
428 1791337387986661 27707
429 1791337388006108 30873
430 1791337388025886 30837
431 1791337388046806 25153
432 1791337388067221 32076
433 1791337388088710 32948
434 1791337388106359 30310
435 1791337388127527 29360
436 1791337388148877 31780
437 1791337388164679 26655
438 1791337388181828 26158
439 1791337388207310 31478
440 1791337388224458 29084
441 1791337388246549 27360
442 1791337388260234 25323
443 1791337388286335 30157
444 1791337388297661 22328
445 1791337388328115 30450
446 1791337388346800 29375
447 1791337388364610 25959
448 1791337388391850 35302
449 1791337388402036 25734
450 1791337388422895 27240
451 1791337388447103 27856
452 1791337388468215 31943
453 1791337388485700 28454
454 1791337388508851 28839
455 1791337388527373 30252
456 1791337388548774 30883
457 1791337388565804 28890
458 1791337388586904 30610
459 1791337388608508 32011
460 1791337388631413 33904
461 1791337388647054 30184
462 1791337388665674 29457
463 1791337388683469 26989
464 1791337388698798 22960
465 1791337388728429 29628
466 1791337388747042 27547
467 1791337388763251 27378
468 1791337388789463 31383
469 1791337388807443 29478
470 1791337388825506 29124
471 1791337388847214 25718
472 1791337388863831 27525
473 1791337388888650 31294
474 1791337388908792 31746
475 1791337388926597 30306
476 1791337388942262 26891
477 1791337388967436 30089
478 1791337388993201 35290
479 1791337389004248 27811
480 1791337389027833 30817
481 1791337389056398 37196
482 1791337389079973 42930
483 1791337389095815 39707
484 1791337389124397 49078
485 1791337389141512 45788
486 1791337389164622 48960
487 1791337389193237 57604
488 1791337389217323 60109
489 1791337389237339 62112
490 1791337389262547 65674
491 1791337389286916 71718
492 1791337389307385 71958
493 1791337389331308 75811
494 1791337389363292 87602
495 1791337389375316 78934
496 1791337389408176 92461
497 1791337389427382 91392
498 1791337389454424 96927
499 1791337389479702 104382
500 1791337389509014 113387
501 1791337389522652 106877
502 1791337389546120 109996
503 1791337389568372 113945
504 1791337389596786 121310
505 1791337389618541 122508
506 1791337389649586 133234
507 1791337389668079 132832
508 1791337389689484 131011
509 1791337389716105 139633
510 1791337389738866 142076
511 1791337389756575 141357
512 1791337389785183 147785
513 1791337389804548 148172
514 1791337389826156 149579
515 1791337389854370 157301
516 1791337389876947 161015
517 1791337389897166 158296
518 1791337389913715 158752
519 1791337389939285 161551
520 1791337389964094 167977
521 1791337389987103 167844
522 1791337390015545 173535
523 1791337390025826 169706
524 1791337390047460 170508
525 1791337390069106 171935
526 1791337390084441 167781
527 1791337390099940 160651
528 1791337390114547 157267
529 1791337390130268 154217
530 1791337390147490 151768
531 1791337390166066 150517
532 1791337390185900 148901
533 1791337390199764 142983
534 1791337390215082 138945
535 1791337390234163 139118
536 1791337390247101 132551
537 1791337390267118 131427
538 1791337390286458 131299
539 1791337390303729 127956
540 1791337390319393 119770
541 1791337390330321 115235
542 1791337390340824 104748
543 1791337390351310 95403
544 1791337390363840 87007
545 1791337390374481 79491
546 1791337390391564 72168
547 1791337390402808 67362
548 1791337390416524 59686
549 1791337390427666 53180
550 1791337390440444 43240
551 1791337390447990 31462
552 1791337390468770 32502
553 1791337390487222 30653
554 1791337390507867 31377
555 1791337390524727 27592
556 1791337390540085 24994
557 1791337390559899 23711
558 1791337390590361 33548
559 1791337390614823 38014
560 1791337390637029 38226
561 1791337390648481 33655
562 1791337390668042 31010
563 1791337390689751 32668
564 1791337390711665 35733
565 1791337390726370 29343
566 1791337390743874 27498
567 1791337390764344 28749
568 1791337390797956 39708
569 1791337390808909 28647
570 1791337390829359 31961
571 1791337390849703 32691
572 1791337390868125 31159
573 1791337390887806 31135
574 1791337390905260 28014
575 1791337390936428 39148
576 1791337390947360 27103
577 1791337390964894 28462
578 1791337390995005 37165
579 1791337391015678 39495
580 1791337391027070 32061
581 1791337391049222 33895
582 1791337391066281 30045
583 1791337391091760 36330
584 1791337391108029 27659
585 1791337391123198 26693
586 1791337391146517 30172
587 1791337391167188 31457
588 1791337391181568 26844
589 1791337391211627 33438
590 1791337391223049 26725
591 1791337391241401 26412
592 1791337391269445 31260
593 1791337391285198 27994
594 1791337391308417 33526
595 1791337391329684 33061
596 1791337391349168 29645
597 1791337391367031 28532
598 1791337391385860 29396
599 1791337391408181 31411
600 1791337391419849 23170
601 1791337391448585 32756
602 1791337391464345 26626
603 1791337391489092 33801
604 1791337391500121 21026
605 1791337391529754 32529
606 1791337391548736 31569
607 1791337391566761 29999
608 1791337391584086 27785
609 1791337391606449 29901
610 1791337391635456 38962
611 1791337391650327 35045
612 1791337391667642 32184
613 1791337391681346 24254
614 1791337391705348 30423
615 1791337391735045 38616
616 1791337391754421 34302
617 1791337391772324 37276
618 1791337391780555 26130
619 1791337391803200 26318
620 1791337391824960 28485
621 1791337391848205 30879
622 1791337391866621 30452
623 1791337391880850 23102
624 1791337391906795 31322
625 1791337391922115 26696
626 1791337391945368 27488
627 1791337391970829 32171
628 1791337391988271 31007
629 1791337392006249 28455
630 1791337392034146 34585
631 1791337392046468 30263
632 1791337392068842 31784
633 1791337392089235 32835
634 1791337392107126 30088
635 1791337392129070 32119
636 1791337392150911 32605
637 1791337392166122 30631
638 1791337392185865 30611
639 1791337392210333 33179
640 1791337392227343 30601
641 1791337392245245 28122
642 1791337392274175 36240
643 1791337392294744 35031
644 1791337392307672 31754
645 1791337392320550 25804
646 1791337392344000 23447
647 1791337392366145 29942
648 1791337392387785 30729
649 1791337392416045 39103
650 1791337392426939 30136
651 1791337392446159 30113
652 1791337392465919 29476
653 1791337392488228 32560
654 1791337392507209 30347
655 1791337392525969 28377
656 1791337392547430 29550
657 1791337392563927 27489
658 1791337392586848 28749
659 1791337392607627 32319
660 1791337392634794 39371
661 1791337392646295 31100
662 1791337392664946 30146
663 1791337392688173 31012
664 1791337392706767 29798
665 1791337392735547 40090
666 1791337392746733 26541
667 1791337392757350 21799
668 1791337392789688 32835
669 1791337392801104 23034
670 1791337392824934 29385
671 1791337392849265 32739
672 1791337392871486 34859
673 1791337392884993 29424
674 1791337392906345 29745
675 1791337392926761 31027
676 1791337392947571 30023
677 1791337392966316 29156
678 1791337392983037 27715
679 1791337393004877 25960
680 1791337393025796 28794
681 1791337393049035 31964
682 1791337393061916 26658
683 1791337393083102 26683
684 1791337393101931 23781
685 1791337393127125 31079
686 1791337393148162 27749
687 1791337393169547 32344
688 1791337393188258 31975
689 1791337393216290 40869
690 1791337393231732 28559
691 1791337393245182 28882
692 1791337393265960 29147
693 1791337393282136 26823
694 1791337393307020 29608
695 1791337393324585 28757
696 1791337393346052 30476
697 1791337393364689 24487
698 1791337393398330 34499
699 1791337393407833 31905
700 1791337393427517 30197
701 1791337393440043 23155
702 1791337393468098 32187
703 1791337393484924 28353
704 1791337393508507 29162
705 1791337393529251 31343
706 1791337393546749 30586
707 1791337393564799 28652
708 1791337393585664 29624
709 1791337393601368 25902
710 1791337393628814 30631
711 1791337393648695 31853
712 1791337393667461 29829
713 1791337393682883 26149
714 1791337393698645 22550
715 1791337393727684 31252
716 1791337393738310 22801
717 1791337393767849 30603
718 1791337393786347 30819
719 1791337393808375 31819
720 1791337393829574 32363
721 1791337393847138 30558
722 1791337393867520 30222
723 1791337393888981 32450
724 1791337393906045 30786
725 1791337393935293 37260
726 1791337393947965 32420
727 1791337393968074 32777
728 1791337393982959 27783
729 1791337394006464 30155
730 1791337394029662 27919
731 1791337394049329 32631
732 1791337394067363 28965
733 1791337394086442 30175
734 1791337394105689 30246
735 1791337394117153 21513
736 1791337394151994 36991
737 1791337394167757 28807
738 1791337394186929 30330
739 1791337394205986 30351
740 1791337394228065 33008
741 1791337394250921 33777
742 1791337394277894 41735
743 1791337394297653 41246
744 1791337394323136 45613
745 1791337394344588 46931
746 1791337394371023 53983
747 1791337394388547 51927
748 1791337394416596 61410
749 1791337394443053 65210
750 1791337394463139 66953
751 1791337394487512 70911
752 1791337394504298 67184
753 1791337394527438 70042
754 1791337394549112 73064
755 1791337394569833 73988
756 1791337394597045 80255
757 1791337394616498 78602
758 1791337394632092 75848
759 1791337394660166 83553
760 1791337394673642 77572
761 1791337394696425 79924
762 1791337394722385 84907
763 1791337394736628 79439
764 1791337394757398 80111
765 1791337394777922 81494
766 1791337394797281 80649
767 1791337394815220 78588
768 1791337394834337 77127
769 1791337394859409 82896
770 1791337394888618 91625
771 1791337394905039 89817
772 1791337394925288 88292
773 1791337394946354 86942
774 1791337394959458 82933
775 1791337394981470 85339
776 1791337394996189 79349
777 1791337395018639 76971
778 1791337395036567 77105
779 1791337395058489 77015
780 1791337395067777 71581
781 1791337395090783 74811
782 1791337395112313 75742
783 1791337395144625 89756
784 1791337395160060 83602
785 1791337395164015 68722
786 1791337395189866 67194
787 1791337395208483 63846
788 1791337395224588 67034
789 1791337395248028 72570
790 1791337395262682 65601
791 1791337395281503 65092
792 1791337395297593 62186
793 1791337395308792 52302
794 1791337395332267 51190
795 1791337395348024 50427
796 1791337395367239 51234
797 1791337395379743 43467
798 1791337395398190 42905
799 1791337395408664 32352
800 1791337395427879 29686
801 1791337395446109 29059
802 1791337395467112 31779
803 1791337395486909 30420
804 1791337395507305 31741
805 1791337395526420 30979
806 1791337395541368 25675
807 1791337395566853 29220
808 1791337395589468 33357
809 1791337395607003 28580
810 1791337395625204 29944
811 1791337395647798 28778
812 1791337395681801 44506
813 1791337395696079 39793
814 1791337395708230 26903
815 1791337395718856 22774
816 1791337395748170 31892
817 1791337395767507 30897
818 1791337395790500 33854
819 1791337395806965 30745
820 1791337395819885 24374
821 1791337395846109 26213
822 1791337395862128 25139
823 1791337395886098 30314
824 1791337395908496 29064
825 1791337395930161 33609
826 1791337395947597 29921
827 1791337395964591 28209
828 1791337395997468 41635
829 1791337396010029 30953
830 1791337396027860 30391
831 1791337396048411 31030
832 1791337396065944 28812
833 1791337396083407 28421
834 1791337396108873 32150
835 1791337396124758 29486
836 1791337396143156 27305
837 1791337396167649 31078
838 1791337396187005 29881
839 1791337396202520 27505
840 1791337396225905 29167
841 1791337396247054 28665
842 1791337396257755 21503
843 1791337396288715 31841
844 1791337396308278 33055
845 1791337396328510 31694
846 1791337396347835 29799
847 1791337396371941 34857
848 1791337396383303 26408
849 1791337396406340 29748
850 1791337396429363 33425
851 1791337396448692 30662
852 1791337396470377 32251
853 1791337396481232 25358
854 1791337396507682 30562
855 1791337396520057 24374
856 1791337396546997 26933
857 1791337396559911 24394
858 1791337396585013 25099
859 1791337396598872 23278
860 1791337396624957 27482
861 1791337396646735 29436
862 1791337396665646 29380
863 1791337396676816 21688
864 1791337396698827 22620
865 1791337396726648 30190
866 1791337396748841 32587
867 1791337396761000 23619
868 1791337396787459 28423
869 1791337396797944 22203
870 1791337396829943 31996
871 1791337396847197 29617
872 1791337396867740 32096
873 1791337396883952 28580
874 1791337396901339 25006
875 1791337396928916 30988
876 1791337396946692 30559
877 1791337396969945 32844
878 1791337396983324 25421
879 1791337397000613 24560
880 1791337397030699 32138
881 1791337397049066 32881
882 1791337397076174 38053
883 1791337397094735 38517
884 1791337397116354 40177
885 1791337397137353 42615
886 1791337397159721 43365
887 1791337397185189 49585
888 1791337397215580 55857
889 1791337397231960 54842
890 1791337397259840 62908
891 1791337397277393 61810
892 1791337397307187 70335
893 1791337397336139 76293
894 1791337397347377 71647
895 1791337397377195 75834
896 1791337397401854 81501
897 1791337397426205 90061
898 1791337397447575 91391
899 1791337397468790 91850
900 1791337397491428 94677
901 1791337397516226 100940
902 1791337397540652 104466
903 1791337397566377 109289
904 1791337397587249 112047
905 1791337397610120 111284
906 1791337397627986 111756
907 1791337397655583 119153
908 1791337397675468 118080
909 1791337397697329 121049
910 1791337397731023 131753
911 1791337397749101 133484
912 1791337397766343 130027
913 1791337397780085 124495
914 1791337397804116 128961
915 1791337397825335 128003
916 1791337397839455 118724
917 1791337397852636 116243
918 1791337397873783 117385
919 1791337397891895 116428
920 1791337397909247 112560
921 1791337397925400 109138
922 1791337397948238 108769
923 1791337397967737 111397
924 1791337397985617 105662
925 1791337397994992 99093
926 1791337398020312 101588
927 1791337398032286 95271
928 1791337398051962 95259
929 1791337398065478 87544
930 1791337398076251 81257
931 1791337398088177 72129
932 1791337398099735 62951
933 1791337398117694 60744
934 1791337398128127 51874
935 1791337398141883 46212
936 1791337398155525 37828
937 1791337398168862 30322
938 1791337398178962 23434
939 1791337398208924 32677
940 1791337398220374 24344
941 1791337398247538 27576
942 1791337398266692 30290
943 1791337398290301 34024
944 1791337398301784 24545
945 1791337398324336 28067
946 1791337398346550 29295
947 1791337398375303 36178
948 1791337398396711 34189
949 1791337398402931 27624
950 1791337398427053 30339
951 1791337398451931 35685
952 1791337398463760 25942
953 1791337398487301 30024
954 1791337398509676 29938
955 1791337398528200 30217
956 1791337398548021 30828
957 1791337398568444 31764
958 1791337398586909 29875
959 1791337398615818 40442
960 1791337398631339 35533
961 1791337398642168 26346
962 1791337398662563 24790
963 1791337398687815 30154
964 1791337398711404 35570
965 1791337398731900 34286
966 1791337398739648 24527
967 1791337398765938 29646
968 1791337398787750 32283
969 1791337398811293 35146
970 1791337398831210 34789
971 1791337398847298 28912
972 1791337398863970 27129
973 1791337398884353 26901
974 1791337398908169 30687
975 1791337398932004 30868
976 1791337398942172 25058
977 1791337398965952 29019
978 1791337398987724 30305
979 1791337399006720 31345
980 1791337399029170 33650
981 1791337399046199 30568
982 1791337399068636 29505
983 1791337399088956 30894
984 1791337399107242 30610
985 1791337399123753 28346
986 1791337399147362 30954
987 1791337399167145 31681
988 1791337399187119 31230
989 1791337399205226 27199
990 1791337399224746 28573
991 1791337399243047 24634
992 1791337399271214 32402
993 1791337399291708 30665
994 1791337399302126 24569
995 1791337399323462 27044
996 1791337399345982 28955
997 1791337399367439 32188
998 1791337399389342 32521
999 1791337399407346 29246
1000 1791337399426796 30010
1001 1791337399449277 27810
1002 1791337399466515 31242
1003 1791337399488044 32177
1004 1791337399504883 28006
1005 1791337399533996 36404
1006 1791337399544492 26977
1007 1791337399560306 23737
1008 1791337399582297 21985
1009 1791337399607211 29359
1010 1791337399627435 27473
1011 1791337399647578 30568
1012 1791337399665112 29440
1013 1791337399688184 29435
1014 1791337399708112 31248
1015 1791337399721213 25704
1016 1791337399751179 33169
1017 1791337399762416 25684
1018 1791337399788498 31588
1019 1791337399807778 31834
1020 1791337399827858 30694
1021 1791337399844399 28165
1022 1791337399866412 29246
1023 1791337399884744 29071
1024 1791337399905320 25615
1025 1791337399926719 31724
1026 1791337399948660 32430
1027 1791337399966760 30772
1028 1791337399981233 24849
1029 1791337400004495 28346
1030 1791337400027771 29864
1031 1791337400042511 26974
1032 1791337400067650 29839
1033 1791337400088574 32996
1034 1791337400111065 34150
1035 1791337400128825 30891
1036 1791337400147110 30396
1037 1791337400164836 28499
1038 1791337400188671 32803
1039 1791337400208899 32564
1040 1791337400229292 33167
1041 1791337400239773 22416
1042 1791337400259701 21586
1043 1791337400288734 33357
1044 1791337400307343 29940
1045 1791337400327140 29786
1046 1791337400349996 31825
1047 1791337400367518 31933
1048 1791337400387356 32043
1049 1791337400403049 28117
1050 1791337400428061 31808
1051 1791337400452081 31501
1052 1791337400466425 31170
1053 1791337400486708 31394
1054 1791337400507180 31141
1055 1791337400525831 28502
1056 1791337400541311 24773
1057 1791337400559191 22657
1058 1791337400586868 28068
1059 1791337400606651 31142
1060 1791337400636028 39123
1061 1791337400649446 34084
1062 1791337400669428 33393
1063 1791337400693722 36239
1064 1791337400711367 30969
1065 1791337400728002 32289
1066 1791337400741815 25754
1067 1791337400777007 39410
1068 1791337400788115 30793
1069 1791337400809524 32501
1070 1791337400825646 27099
1071 1791337400857377 40892
1072 1791337400873950 30310
1073 1791337400898083 42083
1074 1791337400903800 27092
1075 1791337400928472 30383
1076 1791337400948096 31254
1077 1791337400969161 28470
1078 1791337400999235 42438
1079 1791337401010310 34248
1080 1791337401038483 38964
1081 1791337401056893 39599
1082 1791337401085485 46991
1083 1791337401107839 50937
1084 1791337401130137 52703
1085 1791337401149307 53567
1086 1791337401174990 58710
1087 1791337401196196 59141
1088 1791337401228179 70866
1089 1791337401248661 73667
1090 1791337401269204 73002
1091 1791337401298292 79226
1092 1791337401309999 74695
1093 1791337401326675 67794
1094 1791337401348815 68927
1095 1791337401368255 69956
1096 1791337401384529 68938
1097 1791337401416655 81002
1098 1791337401423585 68304
1099 1791337401451100 74487
1100 1791337401470740 73819
1101 1791337401487836 71177
1102 1791337401508743 72787
1103 1791337401537056 80907
1104 1791337401557716 80594
1105 1791337401579072 81524
1106 1791337401597850 80440
1107 1791337401610292 73334
1108 1791337401635734 78012
1109 1791337401653762 78752
1110 1791337401684837 86981
1111 1791337401703556 87403
1112 1791337401718445 83035
1113 1791337401739439 83112
1114 1791337401767642 90038
1115 1791337401777816 81468
1116 1791337401797514 82543
1117 1791337401828786 89667
1118 1791337401842012 85795
1119 1791337401862223 84401
1120 1791337401878033 80764
1121 1791337401896783 79774
1122 1791337401916562 80073
1123 1791337401938667 82188
1124 1791337401958722 80684
1125 1791337401979952 83679
1126 1791337401995019 78452
1127 1791337402019695 84483
1128 1791337402037114 81116
1129 1791337402048568 73580
1130 1791337402069023 74001
1131 1791337402084130 64431
1132 1791337402099151 62450
1133 1791337402118129 61795
1134 1791337402129815 53699
1135 1791337402147236 49761
1136 1791337402166941 48808
1137 1791337402182769 46448
1138 1791337402196821 40431
1139 1791337402213891 36946
1140 1791337402233637 36811
1141 1791337402247990 32275
1142 1791337402271162 34357
1143 1791337402288781 32854
1144 1791337402310036 33613
1145 1791337402328740 33666
1146 1791337402346886 29156
1147 1791337402367615 31525
1148 1791337402386449 30065
1149 1791337402405344 30458
1150 1791337402422374 26684
1151 1791337402440768 24366
1152 1791337402476511 39401
1153 1791337402487383 31105
1154 1791337402499765 23251
1155 1791337402525694 25926
1156 1791337402549111 27508
1157 1791337402569602 32080
1158 1791337402590938 32831
1159 1791337402613625 38850
1160 1791337402627580 30026
1161 1791337402639645 24677
1162 1791337402662363 25166
1163 1791337402681510 26665
1164 1791337402702153 25102
1165 1791337402717340 21441
1166 1791337402742444 25098
1167 1791337402760660 24686
1168 1791337402788770 32233
1169 1791337402799136 21015
1170 1791337402819143 22615
1171 1791337402839410 23911
1172 1791337402865368 26655
1173 1791337402878656 21926
1174 1791337402899458 21042
1175 1791337402919023 23608
1176 1791337402937775 21163
1177 1791337402959021 22509
1178 1791337402976915 20508
1179 1791337402997837 22020
1180 1791337403018181 23126
1181 1791337403043818 27623
1182 1791337403062922 27617
1183 1791337403077358 22040
1184 1791337403098594 21298
1185 1791337403116386 20924
1186 1791337403138733 23172
1187 1791337403157653 20904
1188 1791337403178998 21336
1189 1791337403200381 24045
1190 1791337403225957 28856
1191 1791337403244286 28102
1192 1791337403259938 24512
1193 1791337403284941 28010
1194 1791337403306529 29861
1195 1791337403316953 21411
1196 1791337403337311 21125
1197 1791337403363016 25824
1198 1791337403382440 25068
1199 1791337403402648 26393
1200 1791337403419391 22498
1201 1791337403441919 26537
1202 1791337403459554 21206
1203 1791337403485868 29040
1204 1791337403497102 21685
1205 1791337403517652 20541
1206 1791337403546130 29468
1207 1791337403566800 30664
1208 1791337403583443 25221
1209 1791337403601177 23919
1210 1791337403619024 21389
1211 1791337403646048 27018
1212 1791337403657795 22363
1213 1791337403680803 23001
1214 1791337403699223 22800
1215 1791337403718954 22678
1216 1791337403740600 24395
1217 1791337403759390 21462
1218 1791337403783466 26255
1219 1791337403799236 22841
1220 1791337403828113 31162
1221 1791337403841373 24465
1222 1791337403859571 21384
1223 1791337403886366 29045
1224 1791337403906696 27149
1225 1791337403921262 24854
1226 1791337403939508 23317
1227 1791337403966935 29273
1228 1791337403979969 23295
1229 1791337403999428 24117
1230 1791337404020016 23867
1231 1791337404040695 20768
1232 1791337404059272 22856
1233 1791337404084773 28493
1234 1791337404102152 25942
1235 1791337404119001 23441
1236 1791337404139657 23082
1237 1791337404167166 27503
1238 1791337404185969 26876
1239 1791337404207340 28609
1240 1791337404218768 23249
1241 1791337404239169 23541
1242 1791337404258129 22746
1243 1791337404287247 29112
1244 1791337404297947 22449
1245 1791337404326253 28299
1246 1791337404344940 28573
1247 1791337404364403 27977
1248 1791337404378994 22150
1249 1791337404398184 23321
1250 1791337404418426 22827
1251 1791337404438704 22300
1252 1791337404459608 23269
1253 1791337404480588 24113
1254 1791337404501869 24437
1255 1791337404519292 23701
1256 1791337404538517 21465
1257 1791337404556717 21217
1258 1791337404578941 22217
1259 1791337404606945 30123
1260 1791337404618517 22346
1261 1791337404637349 21084
1262 1791337404659896 22542
1263 1791337404676843 20929
1264 1791337404703142 26681
1265 1791337404723228 26415
1266 1791337404738591 22573
1267 1791337404760791 24110
1268 1791337404782089 24556
1269 1791337404802749 25318
1270 1791337404819968 23030
1271 1791337404836472 20763
1272 1791337404859036 22630
1273 1791337404878724 22992
1274 1791337404896935 20589
1275 1791337404917789 22210
1276 1791337404938955 22437
1277 1791337404963948 24986
1278 1791337404981328 23383
1279 1791337405000428 23994
1280 1791337405018833 22426
1281 1791337405036699 21921
1282 1791337405066729 30022
1283 1791337405077871 22645
1284 1791337405104552 26674
1285 1791337405119309 24117
1286 1791337405139134 23821
1287 1791337405158926 22118
1288 1791337405185441 29297
1289 1791337405204422 28866
1290 1791337405220647 24232
1291 1791337405239976 24456
1292 1791337405265759 30395
1293 1791337405283043 25950
1294 1791337405299590 22901
1295 1791337405324819 27628
1296 1791337405339063 21680
1297 1791337405357157 22198
1298 1791337405379241 22072
1299 1791337405406529 29814
1300 1791337405426944 30574
1301 1791337405438080 21680
1302 1791337405457801 22444
1303 1791337405486995 29187
1304 1791337405500160 22680
1305 1791337405519209 22506
1306 1791337405542907 25905
1307 1791337405565769 30244
1308 1791337405576168 20923
1309 1791337405607180 31007
1310 1791337405617846 21108
1311 1791337405646366 28513
1312 1791337405657132 22058
1313 1791337405685427 28288
1314 1791337405697662 21120
1315 1791337405720855 23590
1316 1791337405745135 27099
1317 1791337405760342 24362
1318 1791337405780866 24234
1319 1791337405801481 25146
1320 1791337405820183 22705
1321 1791337405840341 24819
1322 1791337405870415 30068
1323 1791337405892386 32787
1324 1791337405909621 34685
1325 1791337405923307 26799
1326 1791337405955661 39229
1327 1791337405977877 41562
1328 1791337405998098 42434
1329 1791337406030330 54749
1330 1791337406044235 47810
1331 1791337406079109 62082
1332 1791337406095366 55241
1333 1791337406118337 60612
1334 1791337406138831 59717
1335 1791337406160229 64859
1336 1791337406174877 58293
1337 1791337406206837 67998
1338 1791337406211811 54753
1339 1791337406237297 62415
1340 1791337406261238 64729
1341 1791337406274520 59415
1342 1791337406307869 71365
1343 1791337406328738 70777
1344 1791337406357153 82625
1345 1791337406367619 72251
1346 1791337406392888 77048
1347 1791337406415747 75330
1348 1791337406441344 84184
1349 1791337406463563 85708
1350 1791337406480226 84012
1351 1791337406498259 82506
1352 1791337406527730 89575
1353 1791337406528832 70963
1354 1791337406559243 80804
1355 1791337406579122 81884
1356 1791337406597156 81098
1357 1791337406628704 91079
1358 1791337406657891 98644
1359 1791337406663997 84868
1360 1791337406688372 91212
1361 1791337406697379 80834
1362 1791337406711066 74182
1363 1791337406735923 78892
1364 1791337406760375 83721
1365 1791337406772470 75864
1366 1791337406800562 82608
1367 1791337406827523 91595
1368 1791337406844933 84553
1369 1791337406869411 91420
1370 1791337406900078 102673
1371 1791337406908138 89291
1372 1791337406946450 109558
1373 1791337406963224 107483
1374 1791337406975239 99385
1375 1791337406992675 95343
1376 1791337407021021 103111
1377 1791337407048768 111613
1378 1791337407056905 98905
1379 1791337407079676 104429
1380 1791337407101278 102620
1381 1791337407121387 102858
1382 1791337407146067 106615
1383 1791337407157207 100736
1384 1791337407189201 109520
1385 1791337407198594 97956
1386 1791337407218200 102183
1387 1791337407231907 95617
1388 1791337407260454 103967
1389 1791337407298076 119281
1390 1791337407311150 113605
1391 1791337407329848 112350
1392 1791337407352110 116477
1393 1791337407380494 123816
1394 1791337407388392 108088
1395 1791337407407437 109858
1396 1791337407436869 116917
1397 1791337407456945 117705
1398 1791337407469197 113123
1399 1791337407513086 136576
1400 1791337407518408 122047
1401 1791337407530751 114628
1402 1791337407550815 114843
1403 1791337407563622 106585
1404 1791337407574636 99007
1405 1791337407603719 104065
1406 1791337407603735 85321
1407 1791337407632430 93614
1408 1791337407646604 82976
1409 1791337407656520 81879
1410 1791337407673884 72827
1411 1791337407705971 81121
1412 1791337407706069 63597
1413 1791337407725242 68716
1414 1791337407734883 58579
1415 1791337407758080 52100
1416 1791337407760958 39671
1417 1791337407774707 39820
1418 1791337407794562 36478
1419 1791337407808106 33396
1420 1791337407825012 30448
1421 1791337407857845 40262
1422 1791337407885753 49382
1423 1791337407898794 40947
1424 1791337407913335 27574
1425 1791337407940873 42943
1426 1791337407950702 33427
1427 1791337407974693 33806
1428 1791337407998163 40401
1429 1791337408008465 33767
1430 1791337408038882 40715
1431 1791337408051621 34680
1432 1791337408068849 32838
1433 1791337408084989 29354
1434 1791337408124330 48776
1435 1791337408130198 34156
1436 1791337408161110 44825
1437 1791337408170735 33089
1438 1791337408190385 33586
1439 1791337408217716 39454
1440 1791337408233892 36274
1441 1791337408247983 30263
1442 1791337408271077 35492
1443 1791337408288198 32093
1444 1791337408307520 30723
1445 1791337408321761 24723
1446 1791337408348029 32360
1447 1791337408369840 32063
1448 1791337408387706 32373
1449 1791337408405015 28611
1450 1791337408429278 33546
1451 1791337408444832 28239
1452 1791337408478246 40765
1453 1791337408487098 31308
1454 1791337408511852 33599
1455 1791337408530945 32846
1456 1791337408546917 31798
1457 1791337408567577 30373
1458 1791337408587659 32456
1459 1791337408607739 31765
1460 1791337408631371 34324
1461 1791337408641849 25796
1462 1791337408668779 32923
1463 1791337408689321 31892
1464 1791337408704298 28711
1465 1791337408722927 23626
1466 1791337408751322 34651
1467 1791337408769319 33906
1468 1791337408787415 30694
1469 1791337408809234 33414
1470 1791337408828121 31708
1471 1791337408849817 33562
1472 1791337408877926 40380
1473 1791337408891667 33964
1474 1791337408897729 21843
1475 1791337408927306 31840
1476 1791337408945880 30352
1477 1791337408982543 41477
1478 1791337408987647 32102
1479 1791337409019972 37424
1480 1791337409026540 31433
1481 1791337409058904 41467
1482 1791337409072397 34211
1483 1791337409097179 41214
1484 1791337409109320 33625
1485 1791337409146200 49018
1486 1791337409148729 30705
1487 1791337409169148 33418
1488 1791337409197601 40860
1489 1791337409214836 37251
1490 1791337409238183 42536
1491 1791337409256778 41936
1492 1791337409279482 41294
1493 1791337409290719 34658
1494 1791337409322759 46663
1495 1791337409328111 30765
1496 1791337409358755 35990
1497 1791337409395388 55338
1498 1791337409406418 47658
1499 1791337409419739 43772
1500 1791337409434002 38608
1501 1791337409457851 42576
1502 1791337409473560 37979
1503 1791337409495499 39214
1504 1791337409521915 46730
1505 1791337409532988 37485
1506 1791337409558834 39220
1507 1791337409592553 56388
1508 1791337409599012 41187
1509 1791337409627915 51181
1510 1791337409648295 53448
1511 1791337409663648 46358
1512 1791337409677190 38865
1513 1791337409705816 47649
1514 1791337409724503 49613
1515 1791337409748113 52759
1516 1791337409758019 40476
1517 1791337409791021 54402
1518 1791337409810861 54798
1519 1791337409826365 51073
1520 1791337409843067 45408
1521 1791337409859953 44147
1522 1791337409885655 48372
1523 1791337409900298 44077
1524 1791337409928731 52694
1525 1791337409942758 47223
1526 1791337409967201 48209
1527 1791337409990386 53133
1528 1791337410002851 45274
1529 1791337410028470 49685
1530 1791337410051284 53350
1531 1791337410066329 50802
1532 1791337410086073 50560
1533 1791337410097760 40511
1534 1791337410122519 47002
1535 1791337410149552 52581
1536 1791337410177729 55206
1537 1791337410197524 60561
1538 1791337410210113 52696
1539 1791337410236564 61868
1540 1791337410250662 55052
1541 1791337410281337 65333
1542 1791337410300317 63750
1543 1791337410319799 61567
1544 1791337410331028 49684
1545 1791337410358046 60719
1546 1791337410393518 75660
1547 1791337410410166 72696
1548 1791337410437683 81743
1549 1791337410448259 54735
1550 1791337410473637 77338
1551 1791337410483429 64800
1552 1791337410501803 64118
1553 1791337410519485 60907
1554 1791337410536961 60365
1555 1791337410557966 60247
1556 1791337410579804 61185
1557 1791337410589330 53595
1558 1791337410617919 59949
1559 1791337410637373 61734
1560 1791337410662501 64022
1561 1791337410668628 51322
1562 1791337410688359 50974
1563 1791337410713288 57211
1564 1791337410738931 61619
1565 1791337410751290 54447
1566 1791337410772800 55468
1567 1791337410784434 48441
1568 1791337410814059 55390
1569 1791337410845637 66984
1570 1791337410858892 61049
1571 1791337410878855 60321
1572 1791337410900131 62861
1573 1791337410926289 70835
1574 1791337410937772 60427
1575 1791337410956238 58457
1576 1791337410981294 65250
1577 1791337411007565 70179
1578 1791337411025594 70327
1579 1791337411046277 68612
1580 1791337411071816 75590
1581 1791337411085151 69883
1582 1791337411107894 70057
1583 1791337411120026 63138
1584 1791337411139754 64465
1585 1791337411162743 66045
1586 1791337411172048 56260
1587 1791337411198292 60724
1588 1791337411218210 60134
1589 1791337411245707 69969
1590 1791337411274068 77688
1591 1791337411287691 70527
1592 1791337411314689 75664
1593 1791337411328589 72500
1594 1791337411341445 62754
1595 1791337411365102 69284
1596 1791337411381365 66671
1597 1791337411403546 67158
1598 1791337411429355 72477
1599 1791337411448739 67675
1600 1791337411477885 78655
1601 1791337411488934 71399
1602 1791337411502482 62208
1603 1791337411516454 61120
1604 1791337411548982 71857
1605 1791337411567926 72585
1606 1791337411592898 76441
1607 1791337411609035 72166
1608 1791337411629297 73821
1609 1791337411660204 84206
1610 1791337411680561 83701
1611 1791337411692655 76093
1612 1791337411714116 78425
1613 1791337411744039 83826
1614 1791337411744056 64660
1615 1791337411767948 72489
1616 1791337411805874 88169
1617 1791337411829530 88330
1618 1791337411836680 78852
1619 1791337411855219 79833
1620 1791337411873129 74841
1621 1791337411888523 71808
1622 1791337411909215 72509
1623 1791337411929946 74723
1624 1791337411956473 80009
1625 1791337411975677 78531
1626 1791337411996507 79674
1627 1791337412009525 71171
1628 1791337412028809 72331
1629 1791337412047259 71576
1630 1791337412068843 72331
1631 1791337412090716 72777
1632 1791337412097013 61491
1633 1791337412106769 51042
1634 1791337412121182 45865
1635 1791337412130287 33382
1636 1791337412152793 35817
1637 1791337412174873 38125
1638 1791337412189504 32995
1639 1791337412207432 32639
1640 1791337412227978 32844
1641 1791337412245917 26740
1642 1791337412261448 25798
1643 1791337412289081 32522
1644 1791337412312358 37320
1645 1791337412330521 34072
1646 1791337412359914 42180
1647 1791337412372662 37729
1648 1791337412389090 32558
1649 1791337412407868 30031
1650 1791337412433138 37001
1651 1791337412448014 30487
1652 1791337412470368 34521
1653 1791337412491094 35260
1654 1791337412510833 31888
1655 1791337412524177 28293
1656 1791337412556967 41167
1657 1791337412571118 35577
1658 1791337412589423 32451
1659 1791337412610923 34096
1660 1791337412627741 29367
1661 1791337412648194 30949
1662 1791337412668584 33016
1663 1791337412689479 33249
1664 1791337412707040 30770
1665 1791337412733214 35815
1666 1791337412744717 28278
1667 1791337412777671 39362
1668 1791337412781611 26483
1669 1791337412802519 24844
1670 1791337412829745 33662
1671 1791337412850192 32796
1672 1791337412886229 49122
1673 1791337412897524 39735
1674 1791337412909293 31593
1675 1791337412928747 31783
1676 1791337412959972 44413
1677 1791337412976960 40609
1678 1791337412989249 29269
1679 1791337413007262 30295
1680 1791337413023828 27090
1681 1791337413045857 25982
1682 1791337413079770 42853
1683 1791337413099358 42536
1684 1791337413116127 38531
1685 1791337413125612 29380
1686 1791337413146538 30407
1687 1791337413161579 24890
1688 1791337413180549 22649
1689 1791337413199867 24712
1690 1791337413221766 24799
1691 1791337413251924 31144
1692 1791337413272930 36257
1693 1791337413284656 28605
1694 1791337413320096 42169
1695 1791337413327903 30362
1696 1791337413347635 29101
1697 1791337413375622 35075
1698 1791337413397057 36066
1699 1791337413416800 41166
1700 1791337413431282 35811
1701 1791337413447708 30906
1702 1791337413466629 30339
1703 1791337413485090 28874
1704 1791337413513484 38742
1705 1791337413528862 32006
1706 1791337413557329 39942
1707 1791337413579363 44253
1708 1791337413596659 39856
1709 1791337413611482 35750
1710 1791337413639762 43297
1711 1791337413655801 40963
1712 1791337413679415 39652
1713 1791337413692457 36652
1714 1791337413725493 46075
1715 1791337413746810 49406
1716 1791337413767843 49712
1717 1791337413776203 39785
1718 1791337413795771 40658
1719 1791337413816946 40741
1720 1791337413833024 37250
1721 1791337413855730 40214
1722 1791337413885262 48111
1723 1791337413905518 49784
1724 1791337413929890 51748
1725 1791337413940547 43440
1726 1791337413959994 38434
1727 1791337413969558 33794
1728 1791337413999150 43457
1729 1791337414015398 39422
1730 1791337414048974 53400
1731 1791337414061477 46069
1732 1791337414084559 46254
1733 1791337414092754 36943
1734 1791337414117956 43176
1735 1791337414149079 52484
1736 1791337414183407 65448
1737 1791337414190817 51988
1738 1791337414205645 50108
1739 1791337414219140 37111
1740 1791337414241114 44478
1741 1791337414257924 41429
1742 1791337414270558 32999
1743 1791337414306785 50908
1744 1791337414329315 52663
1745 1791337414355573 59795
1746 1791337414370655 51438
1747 1791337414391891 49180
1748 1791337414411960 56382
1749 1791337414425353 48943
1750 1791337414461422 65993
1751 1791337414480462 64042
1752 1791337414492955 51524
1753 1791337414507392 50508
1754 1791337414526791 46954
1755 1791337414552003 56831
1756 1791337414587957 69941
1757 1791337414587971 47708
1758 1791337414612415 56770
1759 1791337414620746 43748
1760 1791337414641801 44840
1761 1791337414681325 63866
1762 1791337414688649 52314
1763 1791337414717721 62171
1764 1791337414730709 53896
1765 1791337414758099 58883
1766 1791337414768693 52739
1767 1791337414798278 62367
1768 1791337414811859 53746
1769 1791337414825180 48382
1770 1791337414846250 50503
1771 1791337414878211 60745
1772 1791337414883072 44868
1773 1791337414909704 53044
1774 1791337414932833 56965
1775 1791337414954250 57411
1776 1791337414988047 71868
1777 1791337414999205 64104
1778 1791337415018703 61784
1779 1791337415038293 58819
1780 1791337415054416 58499
1781 1791337415072831 54122
1782 1791337415095615 59269
1783 1791337415108046 53625
1784 1791337415136340 58083
1785 1791337415150127 54507
1786 1791337415184780 65128
1787 1791337415208089 72163
1788 1791337415226563 70217
1789 1791337415241113 63201
1790 1791337415257660 62738
1791 1791337415289280 73624
1792 1791337415308204 70860
1793 1791337415325374 69442
1794 1791337415340483 63487
1795 1791337415360439 62487
1796 1791337415390926 70986
1797 1791337415404655 66574
1798 1791337415421807 61362
1799 1791337415439703 60537
1800 1791337415469577 71477
1801 1791337415477130 59044
1802 1791337415502053 64915
1803 1791337415515831 59738
1804 1791337415541775 64638
1805 1791337415559500 61191
1806 1791337415575558 60048
1807 1791337415600444 64656
1808 1791337415611088 54524
1809 1791337415627350 52006
1810 1791337415656163 57625
1811 1791337415673132 57869
1812 1791337415693719 57004
1813 1791337415708305 52769
1814 1791337415735107 58029
1815 1791337415753795 58920
1816 1791337415777646 58138
1817 1791337415789809 54696
1818 1791337415808260 52727
1819 1791337415829088 52339
1820 1791337415854780 57729
1821 1791337415869876 53325
1822 1791337415908536 68107
1823 1791337415913954 59168
1824 1791337415945884 67010
1825 1791337415958039 60395
1826 1791337415991825 74480
1827 1791337416008488 68948
1828 1791337416026729 69401
1829 1791337416034193 56115
1830 1791337416051060 54589
1831 1791337416079453 63708
1832 1791337416103168 64000
1833 1791337416118846 62028
1834 1791337416136074 56619
1835 1791337416167078 68596
1836 1791337416178373 59521
1837 1791337416196710 60632
1838 1791337416215755 57680
1839 1791337416240359 64005
1840 1791337416268215 72482
1841 1791337416280654 64893
1842 1791337416299666 63190
1843 1791337416322926 64789
1844 1791337416337315 60778
1845 1791337416360857 63108
1846 1791337416374554 53023
1847 1791337416406950 69628
1848 1791337416423153 62287
1849 1791337416441996 67433
1850 1791337416470634 72732
1851 1791337416487906 70398
1852 1791337416519051 79450
1853 1791337416519058 61646
1854 1791337416547470 71633
1855 1791337416564589 68874
1856 1791337416582072 64587
1857 1791337416598443 63164
1858 1791337416637885 80979
1859 1791337416653771 76728
1860 1791337416669099 72561
1861 1791337416682791 67400
1862 1791337416708244 70353
1863 1791337416727378 71573
1864 1791337416752943 76310
1865 1791337416766692 71006
1866 1791337416783866 67097
1867 1791337416797922 60843
1868 1791337416818129 61697
1869 1791337416829452 50602
1870 1791337416869191 71264
1871 1791337416882636 64502
1872 1791337416907973 67262
1873 1791337416923944 63186
1874 1791337416927662 51659
1875 1791337416952150 53074
1876 1791337416952161 36606
1877 1791337416983178 41491
1878 1791337416992583 34677
1879 1791337417010484 33941
1880 1791337417028142 32834
1881 1791337417048365 30369
1882 1791337417077025 40043
1883 1791337417087368 31691
1884 1791337417104361 27330
1885 1791337417126501 29943
1886 1791337417141436 22190
1887 1791337417166603 29765
1888 1791337417183370 23508
1889 1791337417211944 35735
1890 1791337417235144 35398
1891 1791337417245813 29045
1892 1791337417262570 27423
1893 1791337417288945 31406
1894 1791337417303914 27427
1895 1791337417332309 35040
1896 1791337417348240 30457
1897 1791337417372031 34630
1898 1791337417398551 39347
1899 1791337417411036 34907
1900 1791337417452413 53856
1901 1791337417460405 35598
1902 1791337417461836 24715
1903 1791337417494403 33988
1904 1791337417511556 36182
1905 1791337417521820 27408
1906 1791337417552440 34553
1907 1791337417571640 33964
1908 1791337417591102 34772
1909 1791337417614131 36534
1910 1791337417631971 35038
1911 1791337417643501 27464
1912 1791337417680935 44802
1913 1791337417691169 34166
1914 1791337417714513 38756
1915 1791337417728876 32487
1916 1791337417741738 27206
1917 1791337417763543 27286
1918 1791337417782825 25191
1919 1791337417826715 48427
1920 1791337417846436 46809
1921 1791337417849438 32332
1922 1791337417870059 33972
1923 1791337417889024 33640
1924 1791337417921055 43682
1925 1791337417929985 33130
1926 1791337417957721 40326
1927 1791337417978586 40583
1928 1791337418000849 43821
1929 1791337418024024 46904
1930 1791337418027564 26708
1931 1791337418059135 40149
1932 1791337418074829 37329
1933 1791337418096707 39981
1934 1791337418114058 39221
1935 1791337418131531 35529
1936 1791337418148236 32384
1937 1791337418178839 41709
1938 1791337418197584 38582
1939 1791337418217660 41389
1940 1791337418228561 32347
1941 1791337418253287 36215
1942 1791337418277697 40826
1943 1791337418295948 40410
1944 1791337418314348 36647
1945 1791337418336546 40594
1946 1791337418351889 34531
1947 1791337418380707 44153
1948 1791337418390470 32397
1949 1791337418409744 33449
1950 1791337418445161 48984
1951 1791337418458207 42263
1952 1791337418490907 49601
1953 1791337418490929 33600
1954 1791337418536579 55409
1955 1791337418542735 46426
1956 1791337418546000 29119
1957 1791337418590661 54078
1958 1791337418597931 42127
1959 1791337418629900 39233
1960 1791337418648331 50394
1961 1791337418661226 38059
1962 1791337418671820 35415
1963 1791337418696293 39168
1964 1791337418745737 67536
1965 1791337418745788 49491
1967 1791337418797979 52211
1968 1791337418804560 49110
1969 1791337418829418 51610
1970 1791337418846721 48738
1971 1791337418858238 40986
1972 1791337418871463 35860
1973 1791337418888304 31873
1974 1791337418916833 39679
1975 1791337418935116 38709
1976 1791337418950355 34776
1977 1791337418981110 45989
1978 1791337418999299 43331
1979 1791337419017394 36277
1980 1791337419040469 43643
1981 1791337419049548 33036
1982 1791337419080332 39858
1983 1791337419102655 42630
1984 1791337419119744 40548
1985 1791337419138110 42048
1986 1791337419168148 48400
1987 1791337419174449 37217
1988 1791337419203700 43688
1989 1791337419220489 46036
1990 1791337419241356 43441
1991 1791337419258342 43064
1992 1791337419268864 33301
1993 1791337419297201 40322
1994 1791337419316314 40834
1995 1791337419337426 41093
1996 1791337419360717 44400
1997 1791337419380709 43905
1998 1791337419407201 49859
1999 1791337419419263 38549
2000 1791337419445199 49645
2001 1791337419477465 58201
2002 1791337419487549 50928
2003 1791337419514936 56669
2004 1791337419516036 39470
2005 1791337419551702 54894
2006 1791337419557563 42624
2007 1791337419578917 43340
2008 1791337419610213 54717
2009 1791337419622378 47309
2010 1791337419654631 59085
2011 1791337419682366 65116
2012 1791337419689629 53141
2013 1791337419708462 53829
2014 1791337419739880 64498
2015 1791337419741096 45943
2016 1791337419769633 50196
2017 1791337419799679 59794
2018 1791337419807384 50959
2019 1791337419842576 66406
2020 1791337419851306 55522
2021 1791337419870353 52447
2022 1791337419895470 56992
2023 1791337419917863 60076
2024 1791337419941570 63847
2025 1791337419948717 53242
2026 1791337419976986 59954
2027 1791337420015783 75585
2028 1791337420022024 62155
2029 1791337420056304 79738
2030 1791337420057030 58343
2031 1791337420070689 55221
2032 1791337420095532 59323
2033 1791337420110633 54324
2034 1791337420128848 53649
2035 1791337420161874 66339
2036 1791337420171401 56126
2037 1791337420199218 62405
2038 1791337420210857 52387
2039 1791337420241287 57772
2040 1791337420256569 59374
2041 1791337420283909 68285
2042 1791337420298283 62852
2043 1791337420315059 58487
2044 1791337420331630 53393
2045 1791337420358325 61041
2046 1791337420378216 63151
2047 1791337420397616 61003
2048 1791337420413462 58619
2049 1791337420437403 59181
2050 1791337420454260 56638
2051 1791337420473010 58052
2052 1791337420490258 53203
2053 1791337420509565 50211
2054 1791337420544592 67245
2055 1791337420558630 60691
2056 1791337420572977 57180
2057 1791337420591479 53251
2058 1791337420610560 54772
2059 1791337420643388 67939
2060 1791337420657742 60949
2061 1791337420669782 54310
2062 1791337420704981 67702
2063 1791337420714228 58331
2064 1791337420745846 65693
2065 1791337420764992 68830
2066 1791337420778143 61879
2067 1791337420802300 66756
2068 1791337420807428 51788
2069 1791337420842892 67344
2070 1791337420882964 86314
2071 1791337420882971 60272
2072 1791337420900593 63734
2073 1791337420922621 67018
2074 1791337420950379 73477
2075 1791337420956792 56193
2076 1791337420982666 64968
2077 1791337421008118 70065
2078 1791337421021691 65609
2079 1791337421051428 73463
2080 1791337421060177 63479
2081 1791337421076513 58650
2082 1791337421105570 69344
2083 1791337421125171 69559
2084 1791337421148975 73551
2085 1791337421168140 72945
2086 1791337421191043 75635
2087 1791337421210355 72441
2088 1791337421227930 67549
2089 1791337421246257 69104
2090 1791337421269313 73180
2091 1791337421297905 80842
2092 1791337421308231 72587
2093 1791337421331896 75179
2094 1791337421352468 75115
2095 1791337421368155 71210
2096 1791337421384058 66123
2097 1791337421408501 72102
2098 1791337421425083 69188
2099 1791337421440514 64134
2100 1791337421458031 60871
2101 1791337421471188 56548
2102 1791337421483751 48266
2103 1791337421500942 43962
2104 1791337421526112 48169
2105 1791337421526119 30276
2106 1791337421553967 38189
2107 1791337421574116 37269
2108 1791337421591461 34034
2109 1791337421606648 28699
2110 1791337421625887 28514
2111 1791337421647361 32286
2112 1791337421666387 27407
2113 1791337421687297 31320
2114 1791337421716838 38082
2115 1791337421737568 38865
2116 1791337421750632 34093
2117 1791337421768531 33121
2118 1791337421786494 31246
2119 1791337421811942 34934
2120 1791337421828052 32487
2121 1791337421855627 38111
2122 1791337421868785 31446
2123 1791337421897042 41412
2124 1791337421907709 31967
2125 1791337421936662 39618
2126 1791337421957040 40066
2127 1791337421981553 44887
2128 1791337422003758 46715
2129 1791337422019345 41202
2130 1791337422021719 24600
2131 1791337422055323 35975
2132 1791337422068202 31922
2133 1791337422091174 35847
2134 1791337422107643 32129
2135 1791337422138604 41779
2136 1791337422149833 33759
2137 1791337422167814 32224
2138 1791337422178986 23789
2139 1791337422205786 29202
2140 1791337422240162 42129
2141 1791337422257560 40568
2142 1791337422273640 37941
2143 1791337422296870 40241
2144 1791337422309289 33465
2145 1791337422337522 40649
2146 1791337422344432 26629
2147 1791337422371670 34808
2148 1791337422387465 30656
2149 1791337422404628 27778
2150 1791337422427787 31594
2151 1791337422455726 40233
2152 1791337422474693 37659
2153 1791337422484461 28888
2154 1791337422504644 29947
2155 1791337422520264 25622
2156 1791337422540512 24741
2157 1791337422568409 31183
2158 1791337422588683 33290
2159 1791337422610674 32960
2160 1791337422636695 35325
2161 1791337422648814 32732
2162 1791337422669035 33550
2163 1791337422687395 30208
2164 1791337422716171 38722
2165 1791337422727334 32203
2166 1791337422756525 40351
2167 1791337422778162 42659
2168 1791337422788631 32922
2169 1791337422808768 31756
2170 1791337422829793 33064
2171 1791337422854493 38227
2172 1791337422874325 37648
2173 1791337422889065 34569
2174 1791337422909152 33598
2175 1791337422937039 40433
2176 1791337422947284 30300
2177 1791337422972514 35471
2178 1791337422997692 40771
2179 1791337423020499 44603
2180 1791337423038283 41780
2181 1791337423067971 50094
2182 1791337423072347 34966
2183 1791337423111256 48059
2184 1791337423117456 40559
2185 1791337423140460 43446
2186 1791337423155483 38914
2187 1791337423168895 31482
2188 1791337423194654 39168
2189 1791337423219706 44658
2190 1791337423238871 44213
2191 1791337423257563 38688
2192 1791337423278385 41789
2193 1791337423299590 43014
2194 1791337423318788 43241
2195 1791337423347750 50053
2196 1791337423363716 46213
2197 1791337423380817 40915
2198 1791337423410536 52561
2199 1791337423417312 41500
2200 1791337423447608 50765
2201 1791337423465968 51098
2202 1791337423485719 50053
2203 1791337423511317 55520
2204 1791337423526338 49456
2205 1791337423541600 41650
2206 1791337423564432 47517
2207 1791337423588772 48095
2208 1791337423597492 41705
2209 1791337423616973 41336
2210 1791337423646537 49623
2211 1791337423661877 45782
2212 1791337423676422 40423
2213 1791337423695382 39766
2214 1791337423728122 52267
2215 1791337423742652 48016
2216 1791337423764665 48093
2217 1791337423788781 52441
2218 1791337423796541 40263
2219 1791337423821429 43233
2220 1791337423840309 44420
2221 1791337423861667 44230
2222 1791337423883633 47940
2223 1791337423901796 45218
2224 1791337423921628 45470
2225 1791337423940268 43052
2226 1791337423968844 52770
2227 1791337423981375 45788
2228 1791337424005577 49879
2229 1791337424039740 63306
2230 1791337424064671 65157
2231 1791337424080707 59935
2232 1791337424106293 66551
2233 1791337424116923 60999
2234 1791337424139691 60508
2235 1791337424150974 55204
2236 1791337424174252 57326
2237 1791337424197016 61371
2238 1791337424209947 54374
2239 1791337424231973 54181
2240 1791337424239130 42111
2241 1791337424268502 53113
2242 1791337424286783 50515
2243 1791337424310031 54259
2244 1791337424336795 57662
2245 1791337424360700 64540
2246 1791337424368986 53685
2247 1791337424389583 53265
2248 1791337424423631 68072
2249 1791337424439749 63127
2250 1791337424460739 65838
2251 1791337424476901 60299
2252 1791337424503901 64145
2253 1791337424514535 59161
2254 1791337424533224 56320
2255 1791337424551495 54957
2256 1791337424569516 54978
2257 1791337424597829 61911
2258 1791337424609781 53396
2259 1791337424633530 58240
2260 1791337424651189 54028
2261 1791337424679240 63987
2262 1791337424702171 63899
2263 1791337424725365 69032
2264 1791337424749203 73482
2265 1791337424768744 71675
2266 1791337424787070 70172
2267 1791337424792854 55356
2268 1791337424821868 66532
2269 1791337424837879 62422
2270 1791337424873200 75065
2271 1791337424897899 79733
2272 1791337424909412 72583
2273 1791337424934499 75233
2274 1791337424947086 70624
2275 1791337424954413 58741
2276 1791337424982219 66786
2277 1791337424997223 62721
2278 1791337425026361 71945
2279 1791337425043234 66115
2280 1791337425076116 79196
2281 1791337425084195 68821
2282 1791337425103674 67607
2283 1791337425139421 77663
2284 1791337425144055 68279
2285 1791337425174341 77530
2286 1791337425199016 81038
2287 1791337425219041 82453
2288 1791337425240418 83688
2289 1791337425248648 73033
2290 1791337425267664 70995
2291 1791337425289245 72272
2292 1791337425305872 70057
2293 1791337425336857 75840
2294 1791337425341169 62416
2295 1791337425364700 68400
2296 1791337425379581 63481
2297 1791337425407815 72187
2298 1791337425427800 70484
2299 1791337425445613 67775
2300 1791337425457610 60208
2301 1791337425478566 63124
2302 1791337425492476 52094
2303 1791337425510938 55729
2304 1791337425529307 53270
2305 1791337425539942 42937
2306 1791337425558439 41650
2307 1791337425576417 39432
2308 1791337425598308 39866
2309 1791337425607504 31171
2310 1791337425627753 33015
2311 1791337425650507 33958
2312 1791337425666911 29568
2313 1791337425687992 32154
2314 1791337425710002 32292
2315 1791337425720264 23534
2316 1791337425742706 26118
2317 1791337425783905 47400
2318 1791337425798118 42235
2319 1791337425808748 31116
2320 1791337425827866 29744
2321 1791337425847439 27532
2322 1791337425867391 31952
2323 1791337425896672 39431
2324 1791337425915857 38283
2325 1791337425925019 28842
2326 1791337425937131 21272
2327 1791337425958815 23482
2328 1791337425987652 32015
2329 1791337425999404 22746
2330 1791337426020582 25804
2331 1791337426039006 24147
2332 1791337426057020 21283
2333 1791337426085639 28615
2334 1791337426100323 24023
2335 1791337426117257 21492
2336 1791337426139233 21973
2337 1791337426159243 22333
2338 1791337426189002 29756
2339 1791337426203966 27391
2340 1791337426220560 24533
2341 1791337426239396 23445
2342 1791337426260545 24956
2343 1791337426278612 22899
2344 1791337426296066 21215
2345 1791337426324163 29115
2346 1791337426340677 24769
2347 1791337426359755 21854
2348 1791337426377254 21745
2349 1791337426406290 29031
2350 1791337426428165 30990
2351 1791337426440137 24706
2352 1791337426466492 28713
2353 1791337426477278 21715
2354 1791337426503276 25994
2355 1791337426519638 21168
2356 1791337426542937 25282
2357 1791337426566058 29567
2358 1791337426577941 21608
2359 1791337426603481 25934
2360 1791337426619071 23623
2361 1791337426638763 23167
2362 1791337426658387 21902
2363 1791337426677446 20919
2364 1791337426697547 22020
2365 1791337426718705 23009
2366 1791337426737452 22248
2367 1791337426757318 21713
2368 1791337426777465 22131
2369 1791337426799349 22356
2370 1791337426817660 21169
2371 1791337426838502 22776
2372 1791337426856485 21139
2373 1791337426882328 25900
2374 1791337426898416 21946
2375 1791337426917740 22223
2376 1791337426937469 22861
2377 1791337426958492 22892
2378 1791337426981354 24880
2379 1791337426997591 22929
2380 1791337427018424 20829
2381 1791337427038371 22768
2382 1791337427057481 22100
2383 1791337427080745 24501
2384 1791337427098698 20836
2385 1791337427117240 22139
2386 1791337427140614 23371
2387 1791337427158890 21636
2388 1791337427177544 21185
2389 1791337427198481 23060
2390 1791337427218381 23014
2391 1791337427242699 26153
2392 1791337427259857 23427
2393 1791337427277166 21176
2394 1791337427299346 22177
2395 1791337427317729 21631
2396 1791337427336853 21052
2397 1791337427364340 27463
2398 1791337427383807 27221
2399 1791337427401562 25229
2400 1791337427418514 21902
2401 1791337427438490 23097
2402 1791337427468484 29992
2403 1791337427479358 24070
2404 1791337427502719 23419
2405 1791337427518676 22132
2406 1791337427546979 28298
2407 1791337427560656 24336
2408 1791337427585586 24927
2409 1791337427595773 20453
2410 1791337427617489 22012
2411 1791337427637394 22552
2412 1791337427658066 22495
2413 1791337427678736 23129
2414 1791337427698501 22622
2415 1791337427723790 27279
2416 1791337427736238 21079
2417 1791337427759196 23030
2418 1791337427782912 23713
2419 1791337427796417 20763
2420 1791337427818494 22074
2421 1791337427841243 22808
2422 1791337427860219 21951
2423 1791337427878584 21042
2424 1791337427904495 27974
2425 1791337427920445 24886
2426 1791337427940132 22583
2427 1791337427958397 22244
2428 1791337427986574 30126
2429 1791337427999870 22676
2430 1791337428018871 22063
2431 1791337428039426 23707
2432 1791337428059021 21937
2433 1791337428086736 30745
2434 1791337428097456 21695
2435 1791337428118543 21084
2436 1791337428138891 23678
2437 1791337428166152 27256
2438 1791337428177646 21810
2439 1791337428205643 27994
2440 1791337428225060 28668
2441 1791337428239371 23924
2442 1791337428258021 21727
2443 1791337428277165 20938
2444 1791337428297985 21902
2445 1791337428317599 22146
2446 1791337428346799 30851
2447 1791337428358147 22767
2448 1791337428376609 20498
2449 1791337428404390 27830
2450 1791337428418817 22324
2451 1791337428445736 29577
2452 1791337428462896 27089
2453 1791337428479255 22499
2454 1791337428500892 23643
2455 1791337428520628 24645
2456 1791337428546364 27387
2457 1791337428558275 22649
2458 1791337428578457 22869
2459 1791337428605857 27396
2460 1791337428619667 23558
2461 1791337428638463 22960
2462 1791337428660313 23971
2463 1791337428678771 23761
2464 1791337428698749 23153
2465 1791337428724664 25911
2466 1791337428741393 24876
2467 1791337428758803 21267
2468 1791337428780212 23792
2469 1791337428799167 22008
2470 1791337428819731 22847
2471 1791337428839513 21822
2472 1791337428863799 28202
2473 1791337428881806 25604
2474 1791337428899689 23345
2475 1791337428918932 21780
2476 1791337428938563 22110
2477 1791337428959310 20817
2478 1791337428980225 23847
2479 1791337429005596 26149
2480 1791337429028032 32378
2481 1791337429040862 23747
2482 1791337429058559 22529
2483 1791337429081097 22536
2484 1791337429108022 30006
2485 1791337429124262 28201
2486 1791337429148093 30287
2487 1791337429177999 41600
2488 1791337429186566 29942
2489 1791337429208993 30992
2490 1791337429235798 38041
2491 1791337429254412 37545
2492 1791337429274359 38728
2493 1791337429292983 38568
2494 1791337429310861 33345
2495 1791337429344054 48573
2496 1791337429355751 38576
2497 1791337429368051 30824
2498 1791337429399021 43266
2499 1791337429414025 37943
2500 1791337429432124 36669
2501 1791337429448775 32793
2502 1791337429473391 37569
2503 1791337429490138 34123
2504 1791337429510803 32844
2505 1791337429525219 29602
2506 1791337429554031 38412
2507 1791337429569328 32825
2508 1791337429590990 33399
2509 1791337429604692 27668
2510 1791337429625452 28090
2511 1791337429658783 43199
2512 1791337429677622 39810
2513 1791337429698703 42038
2514 1791337429716405 38780
2515 1791337429733768 38361
2516 1791337429757485 41982
2517 1791337429773338 38086
2518 1791337429793960 36472
2519 1791337429813924 37709
2520 1791337429835618 40114
2521 1791337429848451 33111
2522 1791337429872808 37186
2523 1791337429891626 36103
2524 1791337429909184 32825
2525 1791337429941822 43834
2526 1791337429958592 42792
2527 1791337429976784 37418
2528 1791337429991531 34470
2529 1791337430022934 46148
2530 1791337430039116 41130
2531 1791337430056836 36734
2532 1791337430080084 43178
2533 1791337430089427 33251
2534 1791337430118714 41149
2535 1791337430140022 41434
2536 1791337430158164 43347
2537 1791337430189274 53242
2538 1791337430209686 52814
2539 1791337430226799 48436
2540 1791337430244475 45174
2541 1791337430262306 47213
2542 1791337430281554 44210
2543 1791337430305586 50862
2544 1791337430320933 44766
2545 1791337430341467 45723
2546 1791337430366367 49826
2547 1791337430386527 45053
2548 1791337430403159 46105
2549 1791337430429358 52086
2550 1791337430442744 43488
2551 1791337430463956 47688
2552 1791337430486583 49400
2553 1791337430505661 47955
2554 1791337430534930 55292
2555 1791337430548442 51430
2556 1791337430578823 61569
2557 1791337430589507 54573
2558 1791337430608147 49069
2559 1791337430633749 57313
2560 1791337430648995 53664
2561 1791337430667067 51591
2562 1791337430699626 61359
2563 1791337430716851 59636
2564 1791337430731382 54755
2565 1791337430745185 50307
2566 1791337430775020 59078
2567 1791337430813284 71312
2568 1791337430821246 64015
2569 1791337430849362 74338
2570 1791337430863201 67554
2571 1791337430883509 67164
2572 1791337430905276 67643
2573 1791337430929391 72218
2574 1791337430960901 77932
2575 1791337430967557 69441
2576 1791337430992864 74189
2577 1791337431011467 73379
2578 1791337431027126 69345
2579 1791337431043502 67233
2580 1791337431069698 71886
2581 1791337431090014 72410
2582 1791337431121201 83704
2583 1791337431138670 82536
2584 1791337431158042 81107
2585 1791337431185230 87718
2586 1791337431193862 77607
2587 1791337431224200 87237
2588 1791337431245526 90260
2589 1791337431267642 89421
2590 1791337431283613 87617
2591 1791337431297213 81802
2592 1791337431320026 81959
2593 1791337431343775 88113
2594 1791337431364339 88817
2595 1791337431388598 92318
2596 1791337431401888 84364
2597 1791337431421301 84271
2598 1791337431448354 91692
2599 1791337431475261 97535
2600 1791337431500626 99221
2601 1791337431501446 85227
2602 1791337431524526 88906
2603 1791337431547813 89898
2604 1791337431568713 93441
2605 1791337431594353 95245
2606 1791337431606461 88270
2607 1791337431620030 83129
2608 1791337431641946 86765
2609 1791337431664718 88640
2610 1791337431686319 89847
2611 1791337431705690 90030
2612 1791337431728136 89469
2613 1791337431734281 76898
2614 1791337431750113 74944
2615 1791337431774875 73909
2616 1791337431775717 59858
2617 1791337431802480 66082
2618 1791337431821431 65262
2619 1791337431843026 68148
2620 1791337431862719 63204
2621 1791337431886931 71028
2622 1791337431908608 71693
2623 1791337431927719 71716
2624 1791337431949947 74892
2625 1791337431969663 72468
2626 1791337431998482 80912
2627 1791337432008927 73549
2628 1791337432027709 71192
2629 1791337432057485 81663
2630 1791337432087088 89801
2631 1791337432098999 77809
2632 1791337432119556 83152
2633 1791337432136903 80078
2634 1791337432154833 73257
2635 1791337432159236 61703
2636 1791337432190540 74402
2637 1791337432199929 64152
2638 1791337432228694 73859
2639 1791337432250296 73578
2640 1791337432280490 81708
2641 1791337432297383 80082
2642 1791337432308601 71678
2643 1791337432340277 83244
2644 1791337432350414 74938
2645 1791337432372226 75650
2646 1791337432393122 77442
2647 1791337432409291 69011
2648 1791337432431463 74163
2649 1791337432454871 77960
2650 1791337432471750 75987
2651 1791337432502009 82121
2652 1791337432514981 79913
2653 1791337432537950 83077
2654 1791337432556539 80318
2655 1791337432576824 80907
2656 1791337432585338 70354
2657 1791337432609263 72633
2658 1791337432624726 68184
2659 1791337432661868 85368
2660 1791337432673656 73871
2661 1791337432692827 76856
2662 1791337432714905 78663
2663 1791337432724897 69138
2664 1791337432748224 70515
2665 1791337432765442 69836
2666 1791337432776595 61686
2667 1791337432801547 65824
2668 1791337432808480 52646
2669 1791337432824411 48622
2670 1791337432833747 38214
2671 1791337432850305 32146
2672 1791337432870280 32488
2673 1791337432895613 39135
2674 1791337432919817 41803
2675 1791337432930107 34491
2676 1791337432958317 38497
2677 1791337432964709 29427
2678 1791337433007783 49463
2679 1791337433017904 41893
2680 1791337433033951 38108
2681 1791337433050688 32778
2682 1791337433061964 23970
2683 1791337433090113 33589
2684 1791337433109957 34350
2685 1791337433137141 38523
2686 1791337433154638 36133
2687 1791337433177828 40677
2688 1791337433189383 34742
2689 1791337433209868 32498
2690 1791337433227121 30689
2691 1791337433251396 33471
2692 1791337433272665 36325
2693 1791337433304344 46004
2694 1791337433312992 35950
2695 1791337433338660 40353
2696 1791337433349097 33781
2697 1791337433376692 39942
2698 1791337433393017 35351
2699 1791337433412419 35724
2700 1791337433437817 38381
2701 1791337433452088 37237
2702 1791337433477119 39725
2703 1791337433498031 41653
2704 1791337433509669 32546
2705 1791337433549448 51413
2706 1791337433553538 35898
2707 1791337433579305 40179
2708 1791337433597122 42278
2709 1791337433622572 47259
2710 1791337433634777 37649
2711 1791337433661318 42778
2712 1791337433690691 55963
2713 1791337433698099 37661
2714 1791337433723278 46600
2715 1791337433733487 38199
2716 1791337433759752 41757
2717 1791337433775405 40172
2718 1791337433799193 43078
2719 1791337433818013 42603
2720 1791337433834764 37568
2721 1791337433858547 41263
2722 1791337433879725 44957
2723 1791337433901247 43231
2724 1791337433926662 51193
2725 1791337433957443 60833
2726 1791337433970927 48017
2727 1791337434004384 66491
2728 1791337434028732 71286
2729 1791337434071400 67041
2730 1791337434071427 67056
2731 1791337434083243 54505
2732 1791337434090420 51552
2733 1791337434107125 46853
2734 1791337434119260 39497
2735 1791337434141336 44062
2736 1791337434160482 44740
2737 1791337434181165 44304
2738 1791337434194969 38077
2739 1791337434219426 44383
2740 1791337434247601 52628
2741 1791337434257757 38663
2742 1791337434285779 50408
2743 1791337434312213 54443
2744 1791337434320930 42642
2745 1791337434340278 44051
2746 1791337434366900 50160
2747 1791337434393580 54777
2748 1791337434414695 55229
2749 1791337434430063 50488
2750 1791337434446336 50201
2751 1791337434469587 54886
2752 1791337434489452 52124
2753 1791337434516445 57292
2754 1791337434530657 41711
2755 1791337434546818 45469
2756 1791337434564620 48168
2757 1791337434587562 45274
2758 1791337434612208 54187
2759 1791337434627284 48338
2760 1791337434662443 59168
2761 1791337434675913 58748
2762 1791337434702914 66170
2763 1791337434722781 60332
2764 1791337434743608 67690
2765 1791337434743617 46437
2766 1791337434757231 39782
2767 1791337434782113 44006
2768 1791337434799333 42071
2769 1791337434819779 41117
2770 1791337434842985 46077
2771 1791337434865573 48545
2772 1791337434879279 43864
2773 1791337434898757 41296
2774 1791337434925513 46229
2775 1791337434946279 50245
2776 1791337434969157 54005
2777 1791337434987387 45616
2778 1791337434998091 41912
2779 1791337435030660 52671
2780 1791337435046038 49046
2781 1791337435069560 53375
2782 1791337435091497 54304
2783 1791337435115353 56984
2784 1791337435127061 49289
2785 1791337435159091 61180
2786 1791337435178125 62769
2787 1791337435191106 53232
2788 1791337435217803 62366
2789 1791337435241266 63714
2790 1791337435255866 60168
2791 1791337435275289 58389
2792 1791337435300925 64471
2793 1791337435318883 63011
2794 1791337435342753 67460
2795 1791337435362084 65343
2796 1791337435390647 73411
2797 1791337435398615 58418
2798 1791337435434945 77008
2799 1791337435447430 67072
2800 1791337435461699 65743
2801 1791337435482645 66703
2802 1791337435503868 68919
2803 1791337435534935 73230
2804 1791337435549451 72497
2805 1791337435572433 74091
2806 1791337435577788 61610
2807 1791337435607637 72675
2808 1791337435625129 70295
2809 1791337435651064 76160
2810 1791337435668828 70193
2811 1791337435688755 72366
2812 1791337435726758 89761
2813 1791337435743348 84728
2814 1791337435758228 80496
2815 1791337435775629 72307
2816 1791337435791715 69366
2817 1791337435794997 56983
2818 1791337435813691 55459
2819 1791337435836121 60490
2820 1791337435854318 59317
2821 1791337435875339 56642
2822 1791337435897180 61054
2823 1791337435927309 71500
2824 1791337435948156 72810
2825 1791337435971917 74730
2826 1791337435982220 64982
2827 1791337436021459 85246
2828 1791337436030725 74781
2829 1791337436058970 81110
2830 1791337436071857 73436
2831 1791337436095649 80289
2832 1791337436115255 78326
2833 1791337436139611 82773
2834 1791337436152603 76306
2835 1791337436173890 78629
2836 1791337436191532 76271
2837 1791337436221060 85509
2838 1791337436233426 78324
2839 1791337436251770 76115
2840 1791337436270900 74485
2841 1791337436290050 68986
2842 1791337436308269 71569
2843 1791337436335435 79233
2844 1791337436351769 74478
2845 1791337436371048 74566
2846 1791337436384439 66820
2847 1791337436410743 75302
2848 1791337436430588 73777
2849 1791337436450065 71795
2850 1791337436463404 66570
2851 1791337436481583 65985
2852 1791337436490910 52401
2853 1791337436510576 52058
2854 1791337436527623 51096
2855 1791337436549955 51617
2856 1791337436575300 56383
2857 1791337436595846 57222
2858 1791337436618778 59400
2859 1791337436643311 68006
2860 1791337436658366 62516
2861 1791337436673291 54511
2862 1791337436685952 49240
2863 1791337436703254 46688
2864 1791337436735151 57618
2865 1791337436747431 49914
2866 1791337436780329 62414
2867 1791337436804961 69804
2868 1791337436827950 70386
2869 1791337436842590 64790
2870 1791337436854147 56071
2871 1791337436877618 59914
2872 1791337436891070 55744
2873 1791337436914318 58529
2874 1791337436933459 55826
2875 1791337436957644 61806
2876 1791337436986097 70193
2877 1791337437002841 65019
2878 1791337437022157 65636
2879 1791337437041437 63763
2880 1791337437056170 59661
2881 1791337437075493 53332
2882 1791337437098826 62120
2883 1791337437112415 56239
2884 1791337437131303 55806
2885 1791337437156689 58145
2886 1791337437179380 63027
2887 1791337437197383 59086
2888 1791337437219179 63252
2889 1791337437241947 62559
2890 1791337437252940 58107
2891 1791337437277915 60113
2892 1791337437304300 67515
2893 1791337437323529 66194
2894 1791337437347785 71487
2895 1791337437374584 76897
2896 1791337437387984 71543
2897 1791337437410548 75071
2898 1791337437431644 76229
2899 1791337437444732 70143
2900 1791337437460075 64597
2901 1791337437478374 61378
2902 1791337437501891 63238
2903 1791337437527977 70839
2904 1791337437553710 75331
2905 1791337437570639 74131
2906 1791337437586876 70752
2907 1791337437610251 73668
2908 1791337437626996 72069
2909 1791337437649545 71640
2910 1791337437670929 71144
2911 1791337437688240 70410
2912 1791337437708817 69032
2913 1791337437725262 67033
2914 1791337437740976 63629
2915 1791337437773533 77030
2916 1791337437792813 73397
2917 1791337437808832 70641
2918 1791337437828935 71456
2919 1791337437846780 71173
2920 1791337437859940 64895
2921 1791337437876941 60143
2922 1791337437898012 60709
2923 1791337437917038 58946
2924 1791337437938078 62646
2925 1791337437956571 60120
2926 1791337437975605 59521
2927 1791337437991405 53841
2928 1791337438011096 55693
2929 1791337438024090 48483
2930 1791337438039225 43478
2931 1791337438056672 39440
2932 1791337438069096 32909
2933 1791337438089738 34250
2934 1791337438114351 36971
2935 1791337438129999 32539
2936 1791337438148839 32817
2937 1791337438169560 32974
2938 1791337438186746 29887
2939 1791337438208667 31873
2940 1791337438227449 30195
2941 1791337438255639 38890
2942 1791337438267571 31486
2943 1791337438289221 33578
2944 1791337438303396 26964
2945 1791337438335549 38484
2946 1791337438349457 33316
2947 1791337438371858 36304
2948 1791337438396569 40581
2949 1791337438415780 38783
2950 1791337438433578 37147
2951 1791337438459826 44222
2952 1791337438480349 43926
2953 1791337438499678 43658
2954 1791337438515832 40179
2955 1791337438549090 51667
2956 1791337438561670 45554
2957 1791337438592818 56025
2958 1791337438605296 48304
2959 1791337438630147 52785
2960 1791337438648950 53579
2961 1791337438677104 59422
2962 1791337438684570 47817
2963 1791337438709525 51793
2964 1791337438729014 52286
2965 1791337438754491 57439
2966 1791337438778032 62959
2967 1791337438807797 70529
2968 1791337438812042 57548
2969 1791337438839022 64269
2970 1791337438866288 70235
2971 1791337438877455 60386
2972 1791337438898622 62955
2973 1791337438927913 70150
2974 1791337438939397 62730
2975 1791337438959717 62155
2976 1791337438993689 76095
2977 1791337439003852 68057
2978 1791337439027162 72346
2979 1791337439053591 75354
2980 1791337439064106 66541
2981 1791337439078841 62948
2982 1791337439100994 65584
2983 1791337439123523 65429
2984 1791337439139095 63100
2985 1791337439161686 64439
2986 1791337439188769 71383
2987 1791337439216684 81672
2988 1791337439238192 82733
2989 1791337439257538 80936
2990 1791337439273007 75986
2991 1791337439286865 70178
2992 1791337439309410 72482
2993 1791337439332706 75165
2994 1791337439353582 77018
2995 1791337439381828 84637
2996 1791337439404566 88063
2997 1791337439419790 82030
2998 1791337439443057 87554
2999 1791337439460200 84087
3000 1791337439473140 75137
3001 1791337439494521 74728
3002 1791337439524393 86851
3003 1791337439540195 79992
3004 1791337439558018 77055
3005 1791337439577076 82551
3006 1791337439606673 89287
3007 1791337439625320 89543
3008 1791337439637938 79919
3009 1791337439650835 73756
3010 1791337439668517 71807
3011 1791337439696069 80461
3012 1791337439720233 84185
3013 1791337439733785 76189
3014 1791337439742665 66766
3015 1791337439765185 69113
3016 1791337439790588 74820
3017 1791337439797682 60856
3018 1791337439813512 56798
3019 1791337439845189 69640
3020 1791337439866815 69852
3021 1791337439869294 54640
3022 1791337439895967 58695
3023 1791337439910826 55030
3024 1791337439931111 53630
3025 1791337439932573 36954
3026 1791337439957641 41906
3027 1791337439981946 43363
3028 1791337440008707 51063
3029 1791337440033102 57314
3030 1791337440046478 50252
3031 1791337440074873 58205
3032 1791337440088018 52145
3033 1791337440105943 48883
3034 1791337440125443 50567
3035 1791337440153833 55954
3036 1791337440155938 38607
3037 1791337440185850 48539
3038 1791337440200735 44796
3039 1791337440221545 46076
3040 1791337440247087 50830
3041 1791337440268105 51359
3042 1791337440279027 42432
3043 1791337440308344 49562
3044 1791337440325263 47543
3045 1791337440340682 44385
3046 1791337440366291 50215
3047 1791337440382120 45873
3048 1791337440399085 41795
3049 1791337440419891 44202
3050 1791337440446756 50486
3051 1791337440472488 56688
3052 1791337440489502 54374
3053 1791337440505017 48003
3054 1791337440527098 52040
3055 1791337440539841 44547
3056 1791337440567326 48716
3057 1791337440587648 52440
3058 1791337440605745 49517
3059 1791337440632464 54477
3060 1791337440648817 51172
3061 1791337440668996 52939
3062 1791337440697801 61443
3063 1791337440719986 63081
3064 1791337440741746 65894
3065 1791337440749445 52426
3066 1791337440771340 55853
3067 1791337440794889 53139
3068 1791337440812645 52655
3069 1791337440836143 56396
3070 1791337440846396 51500
3071 1791337440875852 60219
3072 1791337440897837 61689
3073 1791337440917639 58584
3074 1791337440930013 54157
3075 1791337440965321 69474
3076 1791337440979560 61919
3077 1791337441025419 60200
3078 1791337441025424 60154
3079 1791337441039950 60379
3080 1791337441067752 69121
3081 1791337441092468 73775
3082 1791337441105150 66633
3083 1791337441120345 64553
3084 1791337441144461 67490
3085 1791337441164781 65921
3086 1791337441176132 60373
3087 1791337441199035 61427
3088 1791337441223063 67262
3089 1791337441229390 53424
3090 1791337441262697 66876
3091 1791337441277473 61640
3092 1791337441293531 57431
3093 1791337441321830 63102
3094 1791337441338098 61724
3095 1791337441363233 67970
3096 1791337441381983 65815
3097 1791337441404899 67714
3098 1791337441430543 74228
3099 1791337441435263 59184
3100 1791337441467804 71410
3101 1791337441486973 69558
3102 1791337441506987 72125
3103 1791337441530700 72094
3104 1791337441551353 74663
3105 1791337441576944 78382
3106 1791337441598010 80689
3107 1791337441611109 75906
3108 1791337441632560 73447
3109 1791337441656791 80101
3110 1791337441669000 72465
3111 1791337441687369 70050
3112 1791337441709662 72904
3113 1791337441733666 76873
3114 1791337441755041 79025
3115 1791337441777129 78474
3116 1791337441785376 68784
3117 1791337441804408 67687
3118 1791337441818000 62956
3119 1791337441836334 59202
3120 1791337441863730 67921
3121 1791337441881788 65244
3122 1791337441897515 61177
3123 1791337441915846 59356
3124 1791337441956953 78943
3125 1791337441967733 70873
3126 1791337441980636 64786
3127 1791337442022204 86463
3128 1791337442039354 82398
3129 1791337442059876 83472
3130 1791337442079847 84566
3131 1791337442106676 89484
3132 1791337442136923 101027
3133 1791337442158141 102071
3134 1791337442181690 106503
3135 1791337442205821 108426
3136 1791337442219248 102245
3137 1791337442237468 102110
3138 1791337442266990 109245
3139 1791337442285761 108976
3140 1791337442300119 102423
3141 1791337442325172 108463
3142 1791337442345834 110084
3143 1791337442359039 100351
3144 1791337442383727 108593
3145 1791337442402629 106542
3146 1791337442418932 101986
3147 1791337442446480 108511
3148 1791337442461247 105161
3149 1791337442490019 111903
3150 1791337442506158 108480
3151 1791337442519667 104088
3152 1791337442538504 101917
3153 1791337442551155 95121
3154 1791337442582684 107071
3155 1791337442596579 98464
3156 1791337442608804 91787
3157 1791337442633562 98352
3158 1791337442647416 91290
3159 1791337442685161 109008
3160 1791337442688820 92237
3161 1791337442721945 104672
3162 1791337442723673 86949
3163 1791337442739761 83505
3164 1791337442762226 85019
3165 1791337442778386 80500
3166 1791337442806308 89165
3167 1791337442828129 90448
3168 1791337442837829 80865
3169 1791337442855773 78952
3170 1791337442868178 70670
3171 1791337442879582 63375
3172 1791337442906919 69088
3173 1791337442917913 62549
3174 1791337442945858 68809
3175 1791337442952342 57435
3176 1791337442986242 69563
3177 1791337442990527 54986
3178 1791337443010246 53177
3179 1791337443027572 49796
3180 1791337443035477 39037
3181 1791337443052131 32906
3182 1791337443077302 41823
3183 1791337443104870 47056
3184 1791337443122319 45572
3185 1791337443128002 30755
3186 1791337443156451 40489
3187 1791337443174709 37409
3188 1791337443206664 50209
3189 1791337443210720 36008
3190 1791337443225894 30091
3191 1791337443258137 41635
3192 1791337443268079 32460
3193 1791337443299755 43296
3194 1791337443317716 41342
3195 1791337443339209 43420
3196 1791337443351635 35521
3197 1791337443369342 33336
3198 1791337443404553 47626
3199 1791337443416914 38818
3200 1791337443436620 38752
3201 1791337443460695 43777
3202 1791337443469543 33832
3203 1791337443498005 42536
3204 1791337443515737 39259
3205 1791337443529828 32560
3206 1791337443550267 34950
3207 1791337443578148 42480
3208 1791337443604359 46589
3209 1791337443625590 48680
3210 1791337443641769 44885
3211 1791337443653976 36930
3212 1791337443675153 39479
3213 1791337443702963 47307
3214 1791337443720360 45204
3215 1791337443736499 40718
3216 1791337443758841 40486
3217 1791337443787583 51251
3218 1791337443804003 48260
3219 1791337443819103 40951
3220 1791337443841096 43750
3221 1791337443859463 43344
3222 1791337443870348 34176
3223 1791337443889770 34343
3224 1791337443908624 32946
3225 1791337443954824 59716
3226 1791337443975397 56208
3227 1791337443984680 47489
3228 1791337444000442 45615
3229 1791337444017695 42296
3230 1791337444037286 40454
3231 1791337444056950 40588
3232 1791337444082791 46367
3233 1791337444101629 44676
3234 1791337444130491 54825
3235 1791337444145943 47790
3236 1791337444171107 52188
3237 1791337444188689 51684
3238 1791337444209073 53667
3239 1791337444221852 45741
3240 1791337444249784 53345
3241 1791337444271739 55345
3242 1791337444301862 63998
3243 1791337444308934 52887
3244 1791337444339825 62999
3245 1791337444349722 47858
3246 1791337444377583 60440
3247 1791337444395814 60018
3248 1791337444418361 60288
3249 1791337444442628 65736
3250 1791337444458644 63028
3251 1791337444482284 66476
3252 1791337444493938 57121
3253 1791337444501140 45125
3254 1791337444528933 52155
3255 1791337444557084 59279
3256 1791337444574050 58665
3257 1791337444595674 58212
3258 1791337444609984 53078
3259 1791337444641229 64849
3260 1791337444647124 51447
3261 1791337444686225 68045
3262 1791337444706955 68838
3263 1791337444719359 58340
3264 1791337444744074 68489
3265 1791337444757299 60740
3266 1791337444787882 68519
3267 1791337444799135 61707
3268 1791337444825371 69030
3269 1791337444847289 69807
3270 1791337444866791 67650
3271 1791337444887834 71073
3272 1791337444907575 71650
3273 1791337444929762 73703
3274 1791337444940101 58700
3275 1791337444964939 67111
3276 1791337444984648 66746
3277 1791337444996013 59056
3278 1791337445034025 77390
3279 1791337445045843 70277
3280 1791337445068689 72671
3281 1791337445093834 77121
3282 1791337445106818 71168
3283 1791337445128701 71127
3284 1791337445144785 63853
3285 1791337445161610 64993
3286 1791337445182918 66122
3287 1791337445199413 62498
3288 1791337445220980 65257
3289 1791337445242794 67011
3290 1791337445259185 61620
3291 1791337445278405 62538
3292 1791337445301719 64555
3293 1791337445319223 62380
3294 1791337445337755 60725
3295 1791337445348244 51362
3296 1791337445371220 53325
3297 1791337445388086 52082
3298 1791337445408831 52134
3299 1791337445437393 59297
3300 1791337445452453 54593
3301 1791337445478319 60488
3302 1791337445483541 47258
3303 1791337445520230 63758
3304 1791337445537377 59055
3305 1791337445562026 63513
3306 1791337445574217 53980
3307 1791337445596001 58617
3308 1791337445609244 51716
3309 1791337445632469 55773
3310 1791337445651073 55324
3311 1791337445676168 59388
3312 1791337445689703 54715
3313 1791337445715845 59247
3314 1791337445730134 54681
3315 1791337445749907 52234
3316 1791337445777497 62212
3317 1791337445797696 62310
3318 1791337445822444 65930
3319 1791337445846005 68505
3320 1791337445869458 71759
3321 1791337445897371 79777
3322 1791337445914951 77578
3323 1791337445929418 73891
3324 1791337445948434 71319
3325 1791337445959942 63300
3326 1791337445987059 72105
3327 1791337446006651 71040
3328 1791337446018885 61532
3329 1791337446036117 58984
3330 1791337446055268 58971
3331 1791337446080777 65727
3332 1791337446095654 59876
3333 1791337446117149 61907
3334 1791337446147828 71245
3335 1791337446160934 65778
3336 1791337446182747 65595
3337 1791337446197579 62125
3338 1791337446219268 61671
3339 1791337446242172 66949
3340 1791337446268842 73898
3341 1791337446282666 67896
3342 1791337446297700 60305
3343 1791337446332914 76203
3344 1791337446346827 65069
3345 1791337446358762 63336
3346 1791337446387113 69083
3347 1791337446407010 71147
3348 1791337446437112 80409
3349 1791337446450322 71846
3350 1791337446472727 77100
3351 1791337446487868 70809
3352 1791337446509248 72134
3353 1791337446527322 68002
3354 1791337446547767 71024
3355 1791337446570119 72942
3356 1791337446592847 77261
3357 1791337446617819 78257
3358 1791337446637479 81459
3359 1791337446659869 83088
3360 1791337446672360 73738
3361 1791337446697700 79987
3362 1791337446708400 70918
3363 1791337446735989 77625
3364 1791337446749208 72513
3365 1791337446767963 71903
3366 1791337446787436 70752
3367 1791337446811854 75862
3368 1791337446823980 68540
3369 1791337446847753 71064
3370 1791337446878496 79880
3371 1791337446896310 80170
3372 1791337446909400 70797
3373 1791337446928894 72942
3374 1791337446946565 70083
3375 1791337446973664 77351
3376 1791337446981926 66741
3377 1791337447001976 66167
3378 1791337447031593 74172
3379 1791337447047311 69457
3380 1791337447066758 70120
3381 1791337447069974 54030
3382 1791337447104438 68904
3383 1791337447118313 61754
3384 1791337447130094 52316
3385 1791337447148699 53164
3386 1791337447176767 59341
3387 1791337447178044 41675
3388 1791337447208706 50307
3389 1791337447228917 53107
3390 1791337447238066 39788
3391 1791337447256970 41418
3392 1791337447274926 36857
3393 1791337447295832 39002
3394 1791337447320263 45333
3395 1791337447341416 45579
3396 1791337447355587 38439
3397 1791337447373863 37065
3398 1791337447397690 42098
3399 1791337447422604 47039
3400 1791337447442020 44326
3401 1791337447468544 50265
3402 1791337447487312 49762
3403 1791337447494409 37738
3404 1791337447523487 45097
3405 1791337447540897 46481
3406 1791337447569905 54474
3407 1791337447578287 41934
3408 1791337447611475 53664
3409 1791337447629996 54065
3410 1791337447665941 54460
3411 1791337447671208 50866
3412 1791337447695271 58870
3413 1791337447712672 57488
3414 1791337447741548 64969
3415 1791337447741554 46277
3416 1791337447764235 48273
3417 1791337447783870 48253
3418 1791337447805013 48800
3419 1791337447831684 54167
3420 1791337447846381 48259
3421 1791337447872277 55382
3422 1791337447898721 60554
3423 1791337447912181 55881
3424 1791337447938441 60895
3425 1791337447957079 61538
3426 1791337447971057 51546
3427 1791337447995964 58844
3428 1791337448010071 52989
3429 1791337448033084 56904
3430 1791337448059174 63207
3431 1791337448076785 59787
3432 1791337448099227 62351
3433 1791337448118683 63018
3434 1791337448145332 69592
3435 1791337448152726 55606
3436 1791337448164396 45707
3437 1791337448188111 52955
3438 1791337448213732 57553
3439 1791337448233672 58537
3440 1791337448261562 64627
3441 1791337448279298 64362
3442 1791337448298072 59581
3443 1791337448315611 58383
3444 1791337448337589 61221
3445 1791337448351906 55552
3446 1791337448368852 53236
3447 1791337448398855 61262
3448 1791337448421118 64481
3449 1791337448448864 67580
3450 1791337448455359 58626
3451 1791337448482779 61658
3452 1791337448501570 64387
3453 1791337448515146 59782
3454 1791337448539767 63066
3455 1791337448569993 70511
3456 1791337448583909 68756
3457 1791337448608340 68565
3458 1791337448626552 67938
3459 1791337448640284 64108
3460 1791337448675063 74744
3461 1791337448692268 72844
3462 1791337448709420 72316
3463 1791337448725200 68722
3464 1791337448735458 60390
3465 1791337448766526 69195
3466 1791337448786989 71545
3467 1791337448802234 66770
3468 1791337448831871 74875
3469 1791337448852728 76279
3470 1791337448885574 88264
3471 1791337448902652 84484
3472 1791337448925404 87477
3473 1791337448942983 86684
3474 1791337448973460 95768
3475 1791337448987473 89389
3476 1791337449001130 85775
3477 1791337449021903 85847
3478 1791337449053284 97034
3479 1791337449072783 97759
3480 1791337449109621 112750
3481 1791337449120992 103414
3482 1791337449141656 105766
3483 1791337449166387 108713
3484 1791337449179208 103275
3485 1791337449206985 108725
3486 1791337449223966 104740
3487 1791337449243413 107418
3488 1791337449255534 99968
3489 1791337449280310 104711
3490 1791337449313232 114954
3491 1791337449329336 113496
3492 1791337449348047 111286
3493 1791337449361262 106556
3494 1791337449378069 100185
3495 1791337449395712 98443
3496 1791337449417746 100301
3497 1791337449434729 95061
3498 1791337449451856 92602
3499 1791337449476322 100119
3500 1791337449481587 85870
3501 1791337449500199 82449
3502 1791337449515058 80319
3503 1791337449538586 83151
3504 1791337449572589 96514
3505 1791337449581830 84184
3506 1791337449603574 88511
3507 1791337449607678 70751
3508 1791337449630553 69143
3509 1791337449663600 81761
3510 1791337449686615 84404
3511 1791337449698193 77886
3512 1791337449724079 86037
3513 1791337449741815 80740
3514 1791337449757377 79066
3515 1791337449777902 80573
3516 1791337449801385 85414
3517 1791337449818203 82190
3518 1791337449829274 72401
3519 1791337449856366 78767
3520 1791337449883530 84558
3521 1791337449903745 86251
3522 1791337449924940 87996
3523 1791337449944227 87856
3524 1791337449962818 85440
3525 1791337449982968 87632
3526 1791337450007411 90485
3527 1791337450019670 84323
3528 1791337450053821 97709
3529 1791337450064691 88136
3530 1791337450080775 83441
3531 1791337450100156 84953
3532 1791337450125750 89648
3533 1791337450143348 85038
3534 1791337450162172 83070
3535 1791337450183653 87486
3536 1791337450193385 73261
3537 1791337450216469 79363
3538 1791337450241892 85960
3539 1791337450248967 70776
3540 1791337450268201 70749
3541 1791337450289269 73489
3542 1791337450306602 68149
3543 1791337450323689 68464
3544 1791337450335220 58847
3545 1791337450346376 48362
3546 1791337450354421 37313
3547 1791337450374211 38985
3548 1791337450391035 36611
3549 1791337450416707 40058
3550 1791337450436376 39093
3551 1791337450455898 39186
3552 1791337450468560 32901
3553 1791337450486242 30342
3554 1791337450524097 48466
3555 1791337450537995 41751
3556 1791337450547707 31176
3557 1791337450578112 42413
3558 1791337450591882 34619
3559 1791337450616401 38280
3560 1791337450640135 42301
3561 1791337450651089 35629
3562 1791337450670839 33918
3563 1791337450691248 35094
3564 1791337450710102 33771
3565 1791337450728942 30140
3566 1791337450755154 33765
3567 1791337450770196 34328
3568 1791337450808577 53416
3569 1791337450826585 49511
3570 1791337450848954 40672
3571 1791337450849573 28853
3572 1791337450875811 40852
3573 1791337450893325 34415
3574 1791337450917737 41923
3575 1791337450936712 37404
3576 1791337450950009 32832
3577 1791337450977828 41112
3578 1791337451000178 44067
3579 1791337451023750 46615
3580 1791337451036765 41445
3581 1791337451057167 38104
3582 1791337451071198 35110
3583 1791337451095659 39539
3584 1791337451116722 39495
3585 1791337451126452 30787
3586 1791337451148984 32820
3587 1791337451169421 32296
3588 1791337451200246 44435
3589 1791337451212632 37621
3590 1791337451240852 40601
3591 1791337451252552 35654
3592 1791337451266086 28311
3593 1791337451289348 32424
3594 1791337451313670 35423
3595 1791337451337720 40188
3596 1791337451348066 31393
3597 1791337451373270 36276
3598 1791337451392821 36886
3599 1791337451417259 39966
3600 1791337451429082 33502
3601 1791337451454144 36882
3602 1791337451474071 37480
3603 1791337451494226 37101
3604 1791337451514174 35900
3605 1791337451539100 41098
3606 1791337451557095 40568
3607 1791337451582369 47159
3608 1791337451592746 35647
3609 1791337451625087 42712
3610 1791337451625143 30206
3611 1791337451660360 35266
3612 1791337451674362 34068
3613 1791337451694627 34260
3614 1791337451711489 35895
3615 1791337451730216 35585
3616 1791337451759402 44492
3617 1791337451767843 30671
3618 1791337451795415 36008
3619 1791337451810354 33465
3620 1791337451832268 36850
3621 1791337451855835 39069
3622 1791337451876537 35627
3623 1791337451889933 34094
3624 1791337451913792 38040
3625 1791337451926227 30459
3626 1791337451954766 36629
3627 1791337451977244 41552
3628 1791337451993338 38570
3629 1791337452013869 36621
3630 1791337452034934 38842
3631 1791337452055450 37372
3632 1791337452067810 32873
3633 1791337452093265 37813
3634 1791337452113484 35671
3635 1791337452140333 43663
3636 1791337452154951 38590
3637 1791337452173696 35144
3638 1791337452188583 33629
3639 1791337452212732 36276
3640 1791337452237513 41273
3641 1791337452258776 41804
3642 1791337452282936 46049
3643 1791337452292577 33982
3644 1791337452315788 36594
3645 1791337452333120 36087
3646 1791337452354187 38396
3647 1791337452376625 38028
3648 1791337452395740 37570
3649 1791337452419445 43683
3650 1791337452439143 43401
3651 1791337452449364 33472
3652 1791337452469648 34942
3653 1791337452506464 45471
3654 1791337452515610 40515
3655 1791337452536688 41107
3656 1791337452554866 39254
3657 1791337452570041 34976
3658 1791337452585827 30957
3659 1791337452626410 50296
3660 1791337452637899 39518
3661 1791337452648606 32340
3662 1791337452679955 42688
3663 1791337452692541 36623
3664 1791337452713870 36214
3665 1791337452728031 32904
3666 1791337452767392 49177
3667 1791337452786568 50189
3668 1791337452804596 46928
3669 1791337452810229 30737
3670 1791337452829603 31459
3671 1791337452851800 35874
3672 1791337452882426 42803
3673 1791337452903583 48023
3674 1791337452918868 42845
3675 1791337452958145 62357
3676 1791337452969554 54651
3677 1791337452989465 53780
3678 1791337453000409 44291
3679 1791337453016789 41754
3680 1791337453046613 50415
3681 1791337453071811 56221
3682 1791337453110438 71566
3683 1791337453119127 63202
3684 1791337453136826 54813
3685 1791337453154598 52389
3686 1791337453177402 62380
3687 1791337453191592 54759
3688 1791337453198840 44238
3689 1791337453223110 45702
3690 1791337453240306 44802
3691 1791337453269949 54676
3692 1791337453287091 51581
3693 1791337453318495 62649
3694 1791337453352192 76205
3695 1791337453373274 77409
3696 1791337453388989 72734
3697 1791337453394340 59028
3698 1791337453440786 67578
3699 1791337453440795 57844
3700 1791337453457478 59702
3701 1791337453483484 65537
3702 1791337453517455 80270
3703 1791337453537093 79611
3704 1791337453547353 70003
3705 1791337453573678 77622
3706 1791337453600307 82841
3707 1791337453606370 69269
3708 1791337453629275 71775
3709 1791337453657554 82620
3710 1791337453662675 62366
3711 1791337453673409 56158
3712 1791337453703875 66456
3713 1791337453726788 69576
3714 1791337453750380 74936
3715 1791337453771579 74377
3716 1791337453788139 72699
3717 1791337453814879 76361
3718 1791337453829060 72897
3719 1791337453847529 72212
3720 1791337453876017 80362
3721 1791337453898762 83880
3722 1791337453924077 87374
3723 1791337453944054 85530
3724 1791337453966985 90965
3725 1791337453978953 83012
3726 1791337454004640 88002
3727 1791337454018956 82298
3728 1791337454041868 84787
3729 1791337454060614 84616
3730 1791337454079284 81806
3731 1791337454107568 91590
3732 1791337454126517 88404
3733 1791337454154714 96826
3734 1791337454167768 90084
3735 1791337454194727 97977
3736 1791337454212836 96255
3737 1791337454226605 90749
3738 1791337454241863 87146
3739 1791337454258254 81383
3740 1791337454281192 86462
3741 1791337454281199 65431
3742 1791337454282259 44640
3743 1791337454301720 44484
3744 1791337454309642 33230
3745 1791337454330476 32999
3746 1791337454341800 26778
3747 1791337454368045 30444
3748 1791337454381893 26176
3749 1791337454405694 28673
3750 1791337454418850 20980
3751 1791337454441264 22410
3752 1791337454458939 21356
3753 1791337454480503 24563
3754 1791337454497299 21718
3755 1791337454526536 30056
3756 1791337454536559 20256
3757 1791337454557201 20638
3758 1791337454580485 24889
3759 1791337454602140 25693
3760 1791337454622055 25176
3761 1791337454641604 24894
3762 1791337454661168 23740
3763 1791337454680778 23984
3764 1791337454703288 25691
3765 1791337454718611 21591
3766 1791337454737548 21916
3767 1791337454758668 23183
3768 1791337454779799 23009
3769 1791337454797710 21018
3770 1791337454826161 28447
3771 1791337454836775 20879
3772 1791337454861376 24597
3773 1791337454879793 22172
3774 1791337454900423 23543
3775 1791337454917975 21488
3776 1791337454947911 29931
3777 1791337454959926 24115
3778 1791337454985347 28240
3779 1791337454997450 20585
3780 1791337455019285 23446
3781 1791337455037254 22726
3782 1791337455057046 21578
3783 1791337455080990 23939
3784 1791337455101774 24921
3785 1791337455117699 21654
3786 1791337455136737 20921
3787 1791337455158783 22981
3788 1791337455178585 22056
3789 1791337455204543 28864
3790 1791337455223773 28911
3791 1791337455237733 21872
3792 1791337455257508 21808
3793 1791337455276326 20736
3794 1791337455297192 20863
3795 1791337455326692 29494
3796 1791337455342208 24151
3797 1791337455366885 29210
3798 1791337455382514 24872
3799 1791337455396553 20858
3800 1791337455418059 21502
3801 1791337455439234 23412
3802 1791337455457060 21347
3803 1791337455480126 23908
3804 1791337455501568 25215
3805 1791337455522535 23771
3806 1791337455537554 22048
3807 1791337455559520 23886
3808 1791337455582282 26584
3809 1791337455598755 23130
3810 1791337455621024 24923
3811 1791337455637012 21240
3812 1791337455666863 31002
3813 1791337455682075 25627
3814 1791337455696490 21524
3815 1791337455717308 21120
3816 1791337455745480 28169
3817 1791337455765395 28336
3818 1791337455778896 23048
3819 1791337455800611 21711
3820 1791337455822345 24637
3821 1791337455837767 21260
3822 1791337455858391 21894
3823 1791337455878034 22643
3824 1791337455899423 22718
3825 1791337455925755 29113
3826 1791337455944971 29175
3827 1791337455968866 28924
3828 1791337455980701 24310
3829 1791337455998949 22242
3830 1791337456020186 23231
3831 1791337456039845 24751
3832 1791337456059723 23932
3833 1791337456078082 21171
3834 1791337456098958 21815
3835 1791337456118144 22387
3836 1791337456136680 21376
3837 1791337456161455 24771
3838 1791337456178617 23043
3839 1791337456197030 21419
3840 1791337456219604 23586
3841 1791337456241680 23876
3842 1791337456261108 22734
3843 1791337456277783 22794
3844 1791337456297732 22061
3845 1791337456325906 28166
3846 1791337456339852 24179
3847 1791337456367221 27364
3848 1791337456380596 25041
3849 1791337456396756 21304
3850 1791337456418929 22168
3851 1791337456438793 23891
3852 1791337456457937 22796
3853 1791337456481371 24211
3854 1791337456502293 26167
3855 1791337456519220 22147
3856 1791337456545681 28574
3857 1791337456558139 21117
3858 1791337456585735 28981
3859 1791337456599383 22578
3860 1791337456618776 22181
3861 1791337456640093 21313
3862 1791337456665764 28251
3863 1791337456688122 28167
3864 1791337456699611 23678
3865 1791337456722231 24468
3866 1791337456738714 23298
3867 1791337456758763 23301
3868 1791337456781797 26198
3869 1791337456797582 20931
3870 1791337456825241 27654
3871 1791337456846258 30578
3872 1791337456862750 25590
3873 1791337456876418 20794
3874 1791337456900880 24459
3875 1791337456918887 22916
3876 1791337456940663 23865
3877 1791337456958234 21232
3878 1791337456977379 21102
3879 1791337456997702 21169
3880 1791337457019319 21613
3881 1791337457039325 24335
3882 1791337457066626 27296
3883 1791337457083954 22842
3884 1791337457096048 21018
3885 1791337457117602 21796
3886 1791337457137450 21735
3887 1791337457158736 23110
3888 1791337457178778 21781
3889 1791337457196869 21239
3890 1791337457219292 22417
3891 1791337457238915 21530
3892 1791337457268886 29968
3893 1791337457281405 24701
3894 1791337457300249 23462
3895 1791337457316677 21961
3896 1791337457339336 23564
3897 1791337457360849 22013
3898 1791337457379476 21551
3899 1791337457403786 27072
3900 1791337457418158 22793
3901 1791337457437905 22460
3902 1791337457457791 21739
3903 1791337457477905 22064
3904 1791337457498853 23148
3905 1791337457517073 21242
3906 1791337457539022 21946
3907 1791337457558957 23054
3908 1791337457578897 23151
3909 1791337457603122 27399
3910 1791337457616924 20779
3911 1791337457639563 24025
3912 1791337457657950 20747
3913 1791337457681032 24915
3914 1791337457700190 22141
3915 1791337457728316 28122
3916 1791337457741066 24649
3917 1791337457758268 21502
3918 1791337457781239 24263
3919 1791337457797667 21619
3920 1791337457819793 23959
3921 1791337457836205 20420
3922 1791337457865024 29918
3923 1791337457878519 21783
3924 1791337457900089 23662
3925 1791337457917840 21757
3926 1791337457937398 22199
3927 1791337457963249 25847
3928 1791337457980938 25283
3929 1791337458001811 25748
3930 1791337458018092 21595
3931 1791337458039128 24203
3932 1791337458058710 23062
3933 1791337458082970 24256
3934 1791337458097427 21903
3935 1791337458125049 27618
3936 1791337458145386 30185
3937 1791337458166435 30325
3938 1791337458177184 21298
3939 1791337458201090 23902
3940 1791337458219752 22826
3941 1791337458237842 22407
3942 1791337458258697 23566
3943 1791337458277746 22219
3944 1791337458296735 21107
3945 1791337458317522 20850
3946 1791337458340709 25214
3947 1791337458366507 29870
3948 1791337458377705 22222
3949 1791337458398013 23316
3950 1791337458416467 21012
3951 1791337458445704 29233
3952 1791337458461694 25026
3953 1791337458479607 23025
3954 1791337458503985 27289
3955 1791337458526714 31077
3956 1791337458537849 21981
3957 1791337458558602 20750
3958 1791337458587295 31623
3959 1791337458598507 23713
3960 1791337458618977 22281
3961 1791337458643420 26408
3962 1791337458658064 21772
3963 1791337458681915 23847
3964 1791337458707933 31744
3965 1791337458719366 22505
3966 1791337458738503 20951
3967 1791337458756556 20647
3968 1791337458780806 24247
3969 1791337458797848 22757
3970 1791337458819337 23526
3971 1791337458839863 23170
3972 1791337458858587 21174
3973 1791337458880193 23349
3974 1791337458899872 23918
3975 1791337458920195 23138
3976 1791337458940027 23989
3977 1791337458960512 22793
3978 1791337458980283 24440
3979 1791337458999159 22576
3980 1791337459017392 21805
3981 1791337459043100 25705
3982 1791337459056923 22066
3983 1791337459081669 24740
3984 1791337459098005 22980
3985 1791337459119639 23601
3986 1791337459144048 24334
3987 1791337459157259 21032
3988 1791337459186525 29262
3989 1791337459198793 23068
3990 1791337459224759 25957
3991 1791337459242907 27234
3992 1791337459260998 24371
3993 1791337459280058 22118
3994 1791337459300727 24099
3995 1791337459322576 26536
3996 1791337459341245 25696
3997 1791337459360473 23448
3998 1791337459378915 22775
3999 1791337459410001 31079
4000 1791337459421574 25630
4001 1791337459446783 28367
4002 1791337459461352 25331
4003 1791337459476717 21154
4004 1791337459498332 21610
4005 1791337459518311 22630
4006 1791337459539553 23981
4007 1791337459567248 27693
4008 1791337459579573 24647
4009 1791337459602998 23421
4010 1791337459618982 21497
4011 1791337459645661 28783
4012 1791337459666625 29892
4013 1791337459679914 23971
4014 1791337459697281 22414
4015 1791337459717998 20942
4016 1791337459740796 22795
4017 1791337459759514 21605
4018 1791337459784114 27335
4019 1791337459802216 27491
4020 1791337459818187 21262
4021 1791337459836798 20797
4022 1791337459860786 24708
4023 1791337459882905 27129
4024 1791337459898858 21990
4025 1791337459926536 29733
4026 1791337459940499 24470
4027 1791337459961053 25757
4028 1791337459983985 26642
4029 1791337459998561 21721
4030 1791337460019460 24095
4031 1791337460037901 20975
4032 1791337460058465 22696
4033 1791337460080966 24534
4034 1791337460098701 24062
4035 1791337460118870 23180
4036 1791337460137049 21438
4037 1791337460166121 29064
4038 1791337460176869 21666
4039 1791337460199808 22933
4040 1791337460216871 21297
4041 1791337460239708 24014
4042 1791337460258513 22341
4043 1791337460276094 20829
4044 1791337460296629 20755
4045 1791337460321461 24828
4046 1791337460339088 22308
4047 1791337460357688 22663
4048 1791337460381666 26068
4049 1791337460398915 23217
4050 1791337460420727 21806
4051 1791337460447660 32176
4052 1791337460459990 24784
4053 1791337460481456 21461
4054 1791337460506125 30269
4055 1791337460519684 21921
4056 1791337460542460 22977
4057 1791337460560002 24551
4058 1791337460578676 23765
4059 1791337460612949 37183
4060 1791337460635737 22733
4061 1791337460639132 22098
4062 1791337460658291 22546
4063 1791337460688562 31071
4064 1791337460699274 23455
4065 1791337460720841 21561
4066 1791337460738533 23092
4067 1791337460757951 22782
4068 1791337460777089 20978
4069 1791337460797035 20950
4070 1791337460822659 25622
4071 1791337460840486 22819
4072 1791337460860644 24945
4073 1791337460885441 27760
4074 1791337460898168 22053
4075 1791337460917877 22093
4076 1791337460937926 21915
4077 1791337460965925 27994
4078 1791337460977251 21414
4079 1791337460997931 22763
4080 1791337461018964 21030
4081 1791337461039015 23049
4082 1791337461060072 23884
4083 1791337461088706 28960
4084 1791337461099120 22175
4085 1791337461120115 22967
4086 1791337461138721 21628
4087 1791337461159391 23570
4088 1791337461177798 21503
4089 1791337461196985 20990
4090 1791337461216868 21075
4091 1791337461240112 23241
4092 1791337461258115 23118
4093 1791337461281218 23174
4094 1791337461299812 23912
4095 1791337461319811 22906
4096 1791337461337559 20961
4097 1791337461358906 23188
4098 1791337461386025 27116
4099 1791337461404458 28505
4100 1791337461420195 24687
4101 1791337461437095 21932
4102 1791337461466612 29514
4103 1791337461478527 22430
4104 1791337461499385 20854
4105 1791337461518926 22217
4106 1791337461545207 28340
4107 1791337461558875 22136
4108 1791337461585767 28948
4109 1791337461605857 29898
4110 1791337461622082 26359
4111 1791337461637097 20913
4112 1791337461658639 21662
4113 1791337461676612 20943
4114 1791337461697715 21096
4115 1791337461724487 26851
4116 1791337461737278 21769
4117 1791337461760169 22888
4118 1791337461778007 21327
4119 1791337461799986 21975
4120 1791337461816984 20884
4121 1791337461839015 23926
4122 1791337461860847 21830
4123 1791337461881186 23359
4124 1791337461912771 34427
4125 1791337461924974 27733
4126 1791337461940772 25217
4127 1791337461965848 25316
4128 1791337461978702 23711
4129 1791337462000904 22196
4130 1791337462020616 24699
4131 1791337462039891 22168
4132 1791337462065999 29232
4133 1791337462076634 21431
4134 1791337462099346 24043
4135 1791337462117533 22015
4136 1791337462140777 23240
4137 1791337462166959 29356
4138 1791337462180920 24311
4139 1791337462199373 23502
4140 1791337462220300 23118
4141 1791337462239558 22102
4142 1791337462257254 21640
4143 1791337462280634 23375
4144 1791337462300805 24451
4145 1791337462319369 23718
4146 1791337462338489 22097
4147 1791337462360687 22192
# sent 4148 received 4147
