0 1791250505633983 24204
1 1791250505654550 23454
2 1791250505672286 20618
3 1791250505696485 25810
4 1791250505716412 23438
5 1791250505735265 21934
6 1791250505755760 24158
7 1791250505775216 23211
8 1791250505793029 22115
9 1791250505822534 29503
10 1791250505833110 21396
11 1791250505854803 21690
12 1791250505877209 22403
13 1791250505893809 21012
14 1791250505914161 23208
15 1791250505933485 21749
16 1791250505954162 23784
17 1791250505976777 22611
18 1791250505997215 23910
19 1791250506015277 21993
20 1791250506035136 24006
21 1791250506058008 26618
22 1791250506075904 24913
23 1791250506096258 23492
24 1791250506121970 28923
25 1791250506132781 22135
26 1791250506156916 25369
27 1791250506184368 31563
28 1791250506195234 21017
29 1791250506214088 21932
30 1791250506234264 22024
31 1791250506255429 21162
32 1791250506274872 22529
33 1791250506293683 21524
34 1791250506324076 30438
35 1791250506334889 22165
36 1791250506354920 23051
37 1791250506372385 21145
38 1791250506393236 20848
39 1791250506415039 23739
40 1791250506433461 21699
41 1791250506460673 27200
42 1791250506477781 26061
43 1791250506495582 21522
44 1791250506514633 24609
45 1791250506532867 20894
46 1791250506556673 23804
47 1791250506572447 21729
48 1791250506593713 22284
49 1791250506622043 28327
50 1791250506640252 27238
51 1791250506653476 22784
52 1791250506672351 20725
53 1791250506704164 31810
54 1791250506714755 23688
55 1791250506733781 22067
56 1791250506759984 26199
57 1791250506772304 20847
58 1791250506793000 20692
59 1791250506815168 22165
60 1791250506837442 25198
61 1791250506853756 20909
62 1791250506874780 21021
63 1791250506893280 22174
64 1791250506916995 23712
65 1791250506934797 21844
66 1791250506953935 23117
67 1791250506973695 22686
68 1791250506994893 23206
69 1791250507015521 23610
70 1791250507033871 21985
71 1791250507052907 20723
72 1791250507073598 22575
73 1791250507094585 21046
74 1791250507121015 26426
75 1791250507137675 24955
76 1791250507154061 22192
77 1791250507175819 23729
78 1791250507194737 24476
79 1791250507212455 21891
80 1791250507233132 20674
81 1791250507262152 29598
82 1791250507274460 22973
83 1791250507293075 22475
84 1791250507314904 21827
85 1791250507335555 21373
86 1791250507359355 28086
87 1791250507381263 27326
88 1791250507393692 22922
89 1791250507416160 22511
90 1791250507433363 20841
91 1791250507453987 20620
92 1791250507480605 28492
93 1791250507495923 25366
94 1791250507513894 22744
95 1791250507535882 21986
96 1791250507553526 20777
97 1791250507574741 22875
98 1791250507592818 22221
99 1791250507616697 23922
100 1791250507635503 23885
101 1791250507657378 26239
102 1791250507676498 22926
103 1791250507701626 28249
104 1791250507721600 28664
105 1791250507742631 28878
106 1791250507763371 29948
107 1791250507774704 21751
108 1791250507793063 22371
109 1791250507817336 24271
110 1791250507834807 22592
111 1791250507852796 21992
112 1791250507876169 23416
113 1791250507895155 24775
114 1791250507917072 23820
115 1791250507943516 29209
116 1791250507954573 23755
117 1791250507974373 21996
118 1791250507993201 21996
119 1791250508016526 23323
120 1791250508035847 22846
121 1791250508059199 27338
122 1791250508073860 20792
123 1791250508097339 25273
124 1791250508115603 22362
125 1791250508134817 21856
126 1791250508163411 30769
127 1791250508174831 23697
128 1791250508193043 21582
129 1791250508218910 25865
130 1791250508234538 21757
131 1791250508254389 23922
132 1791250508274260 22833
133 1791250508297776 23513
134 1791250508317817 24946
135 1791250508334877 21203
136 1791250508355958 22884
137 1791250508373829 21804
138 1791250508396017 25872
139 1791250508415702 22966
140 1791250508439218 26631
141 1791250508460097 26797
142 1791250508475244 21950
143 1791250508496160 23709
144 1791250508514182 21280
145 1791250508536837 22890
146 1791250508556970 24267
147 1791250508575040 22773
148 1791250508594249 23951
149 1791250508615319 22899
150 1791250508637371 24030
151 1791250508661513 27945
152 1791250508680566 28647
153 1791250508693900 20928
154 1791250508715453 23555
155 1791250508733157 21302
156 1791250508754758 21644
157 1791250508773832 22708
158 1791250508802832 28985
159 1791250508820938 26490
160 1791250508831562 21378
161 1791250508854495 22930
162 1791250508873505 22599
163 1791250508895336 21828
164 1791250508914806 22356
165 1791250508934933 23690
166 1791250508958204 27598
167 1791250508977287 23998
168 1791250508994246 23020
169 1791250509022954 30969
170 1791250509043675 30418
171 1791250509054026 22603
172 1791250509081865 27836
173 1791250509099257 27431
174 1791250509112586 22439
175 1791250509135345 22754
176 1791250509158093 26697
177 1791250509173053 20851
178 1791250509194619 22676
179 1791250509218361 27404
180 1791250509236550 23078
181 1791250509255744 22028
182 1791250509274141 22868
183 1791250509293863 21911
184 1791250509316891 23089
185 1791250509338296 24683
186 1791250509356953 22623
187 1791250509376188 24289
188 1791250509393913 21343
189 1791250509418055 24139
190 1791250509432113 21895
191 1791250509454265 22146
192 1791250509483197 28928
193 1791250509493346 21670
194 1791250509518639 27006
195 1791250509534013 20622
196 1791250509556476 25671
197 1791250509574499 22049
198 1791250509594053 22486
199 1791250509623645 30821
200 1791250509634139 23674
201 1791250509653614 20366
202 1791250509675011 21392
203 1791250509694147 23086
204 1791250509722228 28077
205 1791250509735938 24509
206 1791250509755260 24386
207 1791250509782221 27299
208 1791250509793760 23297
209 1791250509815397 23318
210 1791250509834876 23085
211 1791250509855324 24382
212 1791250509876308 24886
213 1791250509895729 23830
214 1791250509914756 23537
215 1791250509933470 21437
216 1791250509956924 25170
217 1791250509976671 22873
218 1791250510003281 30334
219 1791250510016137 23293
220 1791250510034021 21784
221 1791250510056551 24566
222 1791250510075582 22263
223 1791250510094930 22858
224 1791250510119923 28577
225 1791250510144863 31546
226 1791250510156025 23066
227 1791250510173301 21034
228 1791250510194058 22635
229 1791250510213749 23224
230 1791250510237679 23927
231 1791250510255579 23486
232 1791250510271863 20845
233 1791250510294436 23574
234 1791250510319109 24662
235 1791250510334169 20755
236 1791250510353875 23024
237 1791250510375730 21852
238 1791250510397367 24693
239 1791250510416377 24997
240 1791250510432806 21046
241 1791250510455250 22571
242 1791250510474693 22649
243 1791250510495878 23849
244 1791250510515642 24219
245 1791250510535546 22994
246 1791250510554137 23292
247 1791250510574992 20852
248 1791250510597071 24444
249 1791250510614667 21901
250 1791250510636550 25935
251 1791250510654582 23362
252 1791250510677433 22848
253 1791250510695269 21254
254 1791250510717326 26118
255 1791250510736912 23645
256 1791250510757680 24531
257 1791250510776174 22893
258 1791250510795244 22874
259 1791250510818113 25791
260 1791250510834638 20825
261 1791250510851461 20873
262 1791250510876364 24990
263 1791250510894029 23101
264 1791250510917551 26865
265 1791250510943232 28914
266 1791250510954787 23872
267 1791250510975305 24556
268 1791250510992661 22062
269 1791250511017704 27322
270 1791250511035504 24009
271 1791250511053708 22026
272 1791250511074777 23941
273 1791250511095752 23331
274 1791250511118660 26277
275 1791250511135596 22112
276 1791250511152820 20806
277 1791250511176887 24064
278 1791250511194977 23103
279 1791250511216050 23397
280 1791250511238945 26409
281 1791250511253411 21811
282 1791250511276276 24860
283 1791250511293974 20956
284 1791250511313469 22407
285 1791250511334653 24036
286 1791250511352732 21823
287 1791250511375174 22438
288 1791250511393894 21086
289 1791250511423148 29722
290 1791250511436069 24626
291 1791250511453500 20927
292 1791250511475393 24852
293 1791250511494658 22017
294 1791250511515116 22650
295 1791250511535538 22984
296 1791250511554435 23536
297 1791250511572736 21187
298 1791250511593886 22388
299 1791250511621234 27347
300 1791250511641915 30128
301 1791250511659511 27086
302 1791250511673607 23438
303 1791250511701960 28348
304 1791250511723256 30670
305 1791250511734742 23553
306 1791250511754440 22651
307 1791250511775186 23785
308 1791250511793809 22398
309 1791250511819968 26947
310 1791250511842456 27563
311 1791250511854699 22888
312 1791250511878495 24013
313 1791250511894765 22042
314 1791250511922132 28401
315 1791250511932293 20879
316 1791250511958229 25933
317 1791250511979229 27425
318 1791250511994452 20840
319 1791250512012679 21284
320 1791250512034771 22088
321 1791250512052958 21274
322 1791250512078021 26908
323 1791250512095187 22985
324 1791250512116315 25709
325 1791250512137108 26612
326 1791250512154421 21237
327 1791250512174786 22499
328 1791250512193266 21078
329 1791250512216267 22996
330 1791250512239390 26953
331 1791250512258707 26155
332 1791250512275739 23096
333 1791250512293522 22505
334 1791250512317468 23942
335 1791250512336848 23523
336 1791250512354080 20920
337 1791250512372116 20865
338 1791250512395647 23576
339 1791250512414743 22136
340 1791250512434309 21975
341 1791250512455581 23032
342 1791250512472580 21313
343 1791250512500536 27993
344 1791250512521804 29064
345 1791250512540011 26496
346 1791250512553405 22640
347 1791250512576068 25615
348 1791250512596464 20387
349 1791250512615039 21941
350 1791250512635429 23810
351 1791250512654406 21997
352 1791250512673748 21913
353 1791250512701961 28269
354 1791250512713768 22747
355 1791250512735627 21856
356 1791250512755329 22460
357 1791250512777894 24899
358 1791250512794455 20658
359 1791250512812836 21871
360 1791250512839611 26820
361 1791250512854683 23863
362 1791250512872007 21122
363 1791250512892940 20930
364 1791250512914622 21680
365 1791250512933574 23295
366 1791250512954530 20953
367 1791250512972617 20949
368 1791250513003457 30836
369 1791250513017511 24039
370 1791250513034889 22616
371 1791250513053900 21854
372 1791250513071959 20756
373 1791250513092721 20758
374 1791250513113814 21090
375 1791250513139139 27402
376 1791250513158168 27827
377 1791250513182054 27945
378 1791250513193568 22557
379 1791250513218222 24651
380 1791250513235502 22788
381 1791250513252873 21732
382 1791250513276982 24106
383 1791250513294829 21307
384 1791250513318979 26482
385 1791250513334851 21281
386 1791250513355465 21901
387 1791250513373711 21812
388 1791250513397308 23642
389 1791250513415109 20911
390 1791250513434637 22745
391 1791250513452086 21081
392 1791250513474437 22406
393 1791250513492443 21751
394 1791250513516837 25578
395 1791250513535592 24805
396 1791250513556577 25084
397 1791250513577837 25123
398 1791250513596507 24771
399 1791250513615445 22099
400 1791250513643505 28058
401 1791250513655324 23213
402 1791250513673680 21984
403 1791250513696097 22415
404 1791250513713684 22205
405 1791250513735250 21564
406 1791250513770712 38770
407 1791250513782343 28780
408 1791250513804180 33464
409 1791250513829191 35802
410 1791250513845166 29799
411 1791250513864881 30798
412 1791250513884874 34582
413 1791250513899994 29566
414 1791250513923294 32522
415 1791250513934235 21334
416 1791250513964765 34183
417 1791250513984025 29974
418 1791250514002381 29136
419 1791250514018683 28128
420 1791250514043590 30336
421 1791250514063251 29827
422 1791250514082811 29041
423 1791250514098468 27684
424 1791250514122454 31739
425 1791250514136182 25210
426 1791250514164148 33371
427 1791250514185300 33514
428 1791250514203205 28823
429 1791250514224289 31034
430 1791250514244723 31202
431 1791250514270336 36216
432 1791250514283693 31467
433 1791250514294167 23828
434 1791250514327610 33442
435 1791250514337790 25447
436 1791250514355965 23962
437 1791250514384669 28715
438 1791250514403607 29989
439 1791250514417822 26241
440 1791250514439601 25269
441 1791250514463476 29221
442 1791250514484498 31231
443 1791250514502669 29000
444 1791250514518377 26587
445 1791250514545536 32640
446 1791250514560551 29129
447 1791250514584286 29947
448 1791250514601509 30016
449 1791250514619151 27460
450 1791250514642392 28044
451 1791250514655810 25553
452 1791250514677639 23809
453 1791250514696765 24514
454 1791250514718609 25320
455 1791250514744353 31565
456 1791250514761089 28452
457 1791250514776168 25690
458 1791250514802521 30900
459 1791250514823291 31846
460 1791250514842184 29467
461 1791250514861977 29465
462 1791250514886969 35943
463 1791250514898148 25203
464 1791250514921321 28061
465 1791250514937991 26981
466 1791250514961719 28485
467 1791250514974729 24678
468 1791250515003711 28979
469 1791250515027601 34854
470 1791250515043423 30293
471 1791250515059094 27114
472 1791250515077421 26304
473 1791250515103509 31732
474 1791250515116137 23577
475 1791250515142823 29887
476 1791250515160796 28577
477 1791250515185333 33671
478 1791250515213407 40509
479 1791250515229396 36636
480 1791250515253282 39873
481 1791250515273363 40372
482 1791250515299703 49286
483 1791250515323641 51304
484 1791250515347471 54202
485 1791250515373835 62820
486 1791250515393608 60693
487 1791250515424269 69430
488 1791250515443705 69867
489 1791250515464408 70797
490 1791250515483858 72819
491 1791250515510157 75790
492 1791250515532060 80587
493 1791250515548677 77173
494 1791250515570348 77349
495 1791250515585217 75058
496 1791250515604930 72866
497 1791250515630109 75498
498 1791250515643210 72861
499 1791250515673052 78540
500 1791250515693800 82738
501 1791250515712750 82637
502 1791250515734566 82445
503 1791250515750228 77162
504 1791250515776278 82476
505 1791250515787181 74748
506 1791250515811898 80820
507 1791250515832843 82612
508 1791250515855403 83306
509 1791250515874226 83013
510 1791250515895709 83808
511 1791250515923238 90392
512 1791250515941176 88575
513 1791250515953971 82721
514 1791250515973739 82973
515 1791250515995872 83416
516 1791250516022269 88925
517 1791250516046546 93468
518 1791250516063065 92713
519 1791250516083974 93102
520 1791250516107644 96046
521 1791250516123807 92345
522 1791250516151626 99299
523 1791250516163733 92245
524 1791250516187626 91138
525 1791250516204322 91285
526 1791250516227041 96864
527 1791250516250258 98628
528 1791250516267051 95236
529 1791250516292762 99010
530 1791250516312662 98418
531 1791250516333859 100679
532 1791250516345334 95073
533 1791250516373348 100500
534 1791250516391667 98901
535 1791250516413840 101174
536 1791250516440027 106166
537 1791250516456168 102522
538 1791250516478389 105307
539 1791250516490680 99011
540 1791250516513003 101055
541 1791250516536110 102018
542 1791250516551625 99388
543 1791250516578441 105271
544 1791250516593769 103087
545 1791250516617484 104478
546 1791250516637062 100949
547 1791250516654233 102605
548 1791250516683338 110129
549 1791250516693993 103339
550 1791250516727135 112598
551 1791250516741843 109069
552 1791250516767272 116917
553 1791250516774356 103304
554 1791250516802068 108072
555 1791250516816609 104393
556 1791250516845749 114399
557 1791250516861282 108806
558 1791250516891043 116683
559 1791250516902620 108918
560 1791250516925523 113514
561 1791250516944513 112463
562 1791250516958928 106355
563 1791250516982291 109911
564 1791250517007936 117039
565 1791250517024865 111944
566 1791250517044523 110669
567 1791250517064433 110676
568 1791250517084549 112584
569 1791250517108329 114261
570 1791250517123454 110036
571 1791250517142702 112470
572 1791250517166858 112890
573 1791250517183246 111314
574 1791250517206891 115303
575 1791250517226578 113874
576 1791250517241304 109342
577 1791250517261825 110621
578 1791250517283072 110572
579 1791250517307506 116035
580 1791250517322609 112205
581 1791250517343408 110208
582 1791250517361920 109622
583 1791250517374669 102698
584 1791250517404025 111193
585 1791250517420469 108783
586 1791250517444293 111104
587 1791250517456095 104609
588 1791250517477484 104141
589 1791250517489845 98400
590 1791250517512750 100322
591 1791250517535158 101855
592 1791250517551782 100602
593 1791250517574457 101375
594 1791250517587662 97815
595 1791250517604127 91374
596 1791250517622541 91551
597 1791250517635952 84482
598 1791250517658929 88050
599 1791250517675158 83943
600 1791250517690246 78462
601 1791250517712109 81070
602 1791250517724824 71602
603 1791250517745196 74950
604 1791250517764030 73781
605 1791250517780691 68578
606 1791250517801215 66710
607 1791250517816112 64615
608 1791250517833852 60710
609 1791250517852323 61429
610 1791250517868313 57202
611 1791250517886752 53292
612 1791250517903232 51017
613 1791250517922433 49747
614 1791250517942864 51670
615 1791250517956007 42233
616 1791250517974789 43679
617 1791250517993360 40357
618 1791250518013457 42633
619 1791250518030365 37002
620 1791250518054172 40711
621 1791250518065044 34676
622 1791250518084614 30439
623 1791250518102231 28953
624 1791250518123578 30420
625 1791250518143695 31979
626 1791250518161474 28640
627 1791250518183848 29463
628 1791250518197765 24314
629 1791250518215590 25642
630 1791250518240216 28601
631 1791250518256579 25598
632 1791250518275166 24693
633 1791250518298800 27684
634 1791250518323405 28502
635 1791250518345277 32832
636 1791250518360555 27119
637 1791250518382214 31382
638 1791250518404788 33230
639 1791250518423123 29556
640 1791250518437996 25832
641 1791250518458751 25766
642 1791250518479838 28869
643 1791250518503377 28898
644 1791250518526599 34726
645 1791250518537619 26832
646 1791250518555216 22452
647 1791250518575599 23257
648 1791250518595413 22812
649 1791250518616757 25652
650 1791250518637851 24831
651 1791250518653340 22392
652 1791250518679192 26189
653 1791250518705528 32607
654 1791250518723858 30014
655 1791250518739569 26305
656 1791250518764070 29872
657 1791250518776109 24636
658 1791250518802827 30520
659 1791250518819715 27675
660 1791250518835435 25474
661 1791250518859014 26863
662 1791250518886350 32041
663 1791250518903869 29686
664 1791250518924776 31755
665 1791250518943680 31387
666 1791250518966496 34177
667 1791250518984837 32729
668 1791250519012683 40558
669 1791250519033078 41283
670 1791250519054248 41561
671 1791250519074240 41448
672 1791250519093037 42773
673 1791250519123344 49101
674 1791250519141375 48333
675 1791250519165883 53971
676 1791250519188346 57386
677 1791250519215058 61327
678 1791250519230186 55792
679 1791250519249341 56248
680 1791250519268521 56665
681 1791250519293783 63593
682 1791250519312163 60314
683 1791250519331876 59385
684 1791250519347578 53792
685 1791250519373247 61081
686 1791250519393868 61989
687 1791250519417526 63510
688 1791250519437529 64279
689 1791250519461940 68070
690 1791250519476932 63945
691 1791250519499449 66790
692 1791250519519442 63226
693 1791250519534447 61297
694 1791250519561629 69331
695 1791250519583026 69747
696 1791250519606323 75548
697 1791250519630853 75519
698 1791250519643547 71946
699 1791250519660277 67904
700 1791250519683526 70811
701 1791250519702983 72126
702 1791250519724895 70811
703 1791250519745245 72291
704 1791250519770704 79126
705 1791250519785566 73503
706 1791250519809844 76050
707 1791250519825731 73677
708 1791250519847826 77119
709 1791250519870836 76998
710 1791250519888070 78222
711 1791250519916546 85351
712 1791250519924737 74853
713 1791250519948236 77396
714 1791250519973369 80404
715 1791250519996198 85785
716 1791250520014566 83130
717 1791250520036709 84897
718 1791250520061944 91539
719 1791250520073054 82450
720 1791250520103292 88724
721 1791250520124824 91454
722 1791250520143861 90968
723 1791250520157186 84128
724 1791250520184079 91135
725 1791250520203988 89978
726 1791250520225122 92410
727 1791250520244973 92664
728 1791250520260001 87994
729 1791250520281059 90026
730 1791250520297248 86472
731 1791250520324279 91223
732 1791250520341761 88857
733 1791250520362923 88931
734 1791250520384809 90750
735 1791250520406024 92409
736 1791250520425548 94938
737 1791250520445418 94043
738 1791250520468581 96100
739 1791250520489094 95480
740 1791250520504646 93094
741 1791250520534733 103595
742 1791250520544900 90692
743 1791250520567417 95147
744 1791250520582514 91504
745 1791250520611275 97562
746 1791250520637242 102506
747 1791250520653564 99992
748 1791250520665181 94570
749 1791250520696160 102915
750 1791250520713219 101941
751 1791250520737957 104713
752 1791250520755001 101433
753 1791250520774493 100039
754 1791250520794041 102283
755 1791250520821515 108294
756 1791250520831962 100972
757 1791250520868567 113562
758 1791250520890462 116923
759 1791250520902057 108014
760 1791250520913585 102978
761 1791250520942974 111009
762 1791250520957464 106197
763 1791250520970990 99740
764 1791250521002409 111944
765 1791250521022961 109650
766 1791250521043761 109587
767 1791250521061747 110330
768 1791250521083580 112934
769 1791250521101254 110763
770 1791250521117225 105759
771 1791250521139359 106756
772 1791250521162664 111325
773 1791250521183717 110522
774 1791250521206457 111844
775 1791250521224422 113494
776 1791250521236384 105958
777 1791250521258984 108127
778 1791250521286731 113786
779 1791250521306022 114399
780 1791250521325655 112866
781 1791250521345704 114423
782 1791250521372399 117823
783 1791250521390468 119722
784 1791250521412451 121333
785 1791250521426928 113383
786 1791250521445296 112557
787 1791250521469829 115918
788 1791250521493686 121284
789 1791250521506907 116436
790 1791250521527538 116363
791 1791250521549122 115205
792 1791250521573931 122814
793 1791250521584129 114295
794 1791250521617546 123857
795 1791250521630884 117226
796 1791250521648993 115668
797 1791250521663220 112643
798 1791250521691567 117632
799 1791250521709107 117420
800 1791250521727557 114697
801 1791250521744587 113765
802 1791250521763688 112061
803 1791250521783389 110947
804 1791250521796877 105308
805 1791250521823364 112479
806 1791250521835287 103535
807 1791250521854862 98692
808 1791250521874598 103525
809 1791250521895166 101160
810 1791250521906859 94407
811 1791250521924984 91813
812 1791250521943033 90959
813 1791250521959819 85502
814 1791250521974858 82284
815 1791250521995435 81697
816 1791250522013978 82749
817 1791250522034436 84009
818 1791250522048260 76149
819 1791250522064313 70414
820 1791250522084730 70749
821 1791250522103715 69276
822 1791250522129028 75329
823 1791250522133676 59906
824 1791250522153816 60567
825 1791250522164606 53419
826 1791250522184997 51318
827 1791250522201924 48960
828 1791250522216366 42671
829 1791250522231356 39926
830 1791250522262427 49562
831 1791250522273739 42381
832 1791250522292531 35468
833 1791250522304864 31122
834 1791250522324715 33064
835 1791250522339650 27092
836 1791250522358036 25579
837 1791250522385122 31643
838 1791250522398554 25370
839 1791250522423877 30794
840 1791250522441026 27344
841 1791250522462917 28387
842 1791250522483558 31298
843 1791250522509156 37901
844 1791250522531401 35551
845 1791250522545358 32405
846 1791250522558038 26634
847 1791250522583384 29949
848 1791250522607869 34730
849 1791250522624525 29654
850 1791250522638225 27141
851 1791250522667993 35136
852 1791250522681489 28502
853 1791250522697801 23687
854 1791250522725946 32885
855 1791250522741323 28197
856 1791250522762182 31060
857 1791250522774573 22821
858 1791250522794895 21840
859 1791250522818903 27196
860 1791250522844289 31436
861 1791250522862817 28995
862 1791250522883951 31997
863 1791250522898220 28117
864 1791250522919981 25990
865 1791250522941983 28491
866 1791250522967052 35557
867 1791250522981738 27326
868 1791250523006803 32294
869 1791250523017397 24775
870 1791250523043767 32023
871 1791250523059307 27788
872 1791250523083544 30418
873 1791250523109403 36345
874 1791250523120897 26756
875 1791250523139311 28661
876 1791250523162498 30010
877 1791250523177257 26255
878 1791250523205658 31245
879 1791250523225691 33025
880 1791250523241776 28749
881 1791250523259048 27495
882 1791250523279691 26117
883 1791250523299131 27134
884 1791250523323927 30115
885 1791250523336594 24207
886 1791250523358265 27293
887 1791250523384942 33342
888 1791250523402116 29578
889 1791250523418891 28543
890 1791250523444728 31063
891 1791250523462747 29801
892 1791250523478998 27765
893 1791250523501816 28245
894 1791250523525284 34066
895 1791250523548547 34947
896 1791250523574144 40483
897 1791250523587629 33776
898 1791250523617427 43666
899 1791250523635757 43207
900 1791250523655975 44163
901 1791250523681364 50452
902 1791250523706664 55449
903 1791250523734589 60566
904 1791250523753616 59240
905 1791250523775684 62146
906 1791250523801357 66765
907 1791250523824031 70402
908 1791250523845052 71754
909 1791250523873938 82122
910 1791250523894202 80523
911 1791250523917034 83138
912 1791250523944158 91027
913 1791250523964411 91116
914 1791250523994422 100303
915 1791250524017030 104093
916 1791250524040491 106576
917 1791250524064512 110733
918 1791250524084124 110484
919 1791250524109668 115638
920 1791250524131642 120779
921 1791250524164291 128625
922 1791250524172393 118696
923 1791250524194739 121582
924 1791250524222689 126296
925 1791250524243275 129536
926 1791250524266900 135368
927 1791250524290838 137059
928 1791250524314416 142012
929 1791250524325775 131034
930 1791250524349824 137884
931 1791250524373937 141889
932 1791250524388056 136231
933 1791250524413933 140805
934 1791250524434402 143715
935 1791250524456190 141769
936 1791250524477068 141836
937 1791250524494076 144249
938 1791250524512943 139396
939 1791250524523388 133066
940 1791250524550782 136843
941 1791250524576964 143317
942 1791250524598624 146588
943 1791250524617403 144362
944 1791250524638797 144717
945 1791250524656097 143149
946 1791250524675612 143378
947 1791250524695765 144977
948 1791250524716463 143531
949 1791250524738629 145188
950 1791250524756659 145856
951 1791250524774516 142763
952 1791250524796326 140225
953 1791250524809889 138419
954 1791250524833184 142003
955 1791250524851799 140070
956 1791250524871804 138259
957 1791250524902306 149406
958 1791250524908189 133662
959 1791250524925403 132438
960 1791250524933639 123746
961 1791250524965351 132163
962 1791250524974079 122350
963 1791250524986448 116341
964 1791250525004323 110555
965 1791250525014582 103824
966 1791250525032897 100193
967 1791250525047256 93495
968 1791250525063788 89703
969 1791250525083772 90550
970 1791250525095785 81833
971 1791250525109360 76459
972 1791250525126008 71431
973 1791250525137666 67529
974 1791250525158193 65638
975 1791250525173312 57859
976 1791250525185056 51987
977 1791250525194673 42943
978 1791250525214604 41288
979 1791250525229646 36741
980 1791250525241127 29160
981 1791250525266045 34466
982 1791250525280345 26795
983 1791250525305010 31324
984 1791250525332603 40091
985 1791250525353098 37639
986 1791250525366803 34198
987 1791250525385663 32561
988 1791250525409504 36454
989 1791250525424229 31247
990 1791250525443351 28279
991 1791250525455274 23689
992 1791250525478447 27230
993 1791250525504231 30754
994 1791250525520758 28071
995 1791250525542623 30416
996 1791250525562059 30549
997 1791250525585388 33438
998 1791250525602414 29520
999 1791250525632542 40918
1000 1791250525647841 32246
1001 1791250525660333 27788
1002 1791250525685526 32636
1003 1791250525706523 32926
1004 1791250525720445 26995
1005 1791250525740209 27358
1006 1791250525764561 31294
1007 1791250525783807 31286
1008 1791250525802650 29727
1009 1791250525821783 31806
1010 1791250525843957 29883
1011 1791250525855483 23572
1012 1791250525883832 30317
1013 1791250525909770 38414
1014 1791250525923318 33356
1015 1791250525944908 32909
1016 1791250525957550 23861
1017 1791250525983703 31167
1018 1791250526000520 28265
1019 1791250526025189 31273
1020 1791250526042611 29318
1021 1791250526066697 36166
1022 1791250526085242 29742
1023 1791250526104448 29406
1024 1791250526128561 35457
1025 1791250526142241 27848
1026 1791250526161814 30253
1027 1791250526183840 30353
1028 1791250526196268 26274
1029 1791250526222802 30855
1030 1791250526245162 29358
1031 1791250526269309 35631
1032 1791250526287181 30441
1033 1791250526297468 27070
1034 1791250526318208 25971
1035 1791250526339838 28951
1036 1791250526365814 32332
1037 1791250526379181 27093
1038 1791250526410076 36418
1039 1791250526425829 33130
1040 1791250526441238 31155
1041 1791250526457342 27117
1042 1791250526478184 25974
1043 1791250526503843 30819
1044 1791250526515572 22595
1045 1791250526542156 31042
1046 1791250526563228 31650
1047 1791250526581711 29299
1048 1791250526596345 25770
1049 1791250526616705 25110
1050 1791250526638357 27244
1051 1791250526659054 25897
1052 1791250526682105 29144
1053 1791250526703436 32274
1054 1791250526718984 25785
1055 1791250526741743 27974
1056 1791250526758282 27720
1057 1791250526786283 34853
1058 1791250526804752 30925
1059 1791250526824410 29980
1060 1791250526838278 26974
1061 1791250526860478 27237
1062 1791250526885018 34280
1063 1791250526898759 27048
1064 1791250526919939 29058
1065 1791250526946202 31684
1066 1791250526959422 27866
1067 1791250526987956 33150
1068 1791250527001172 27730
1069 1791250527025504 30724
1070 1791250527044214 29816
1071 1791250527064330 30286
1072 1791250527087220 33374
1073 1791250527103685 30380
1074 1791250527125699 32979
1075 1791250527140704 27227
1076 1791250527162791 30455
1077 1791250527187316 35222
1078 1791250527203580 28602
1079 1791250527225539 34381
1080 1791250527244037 31312
1081 1791250527273640 38536
1082 1791250527280210 30017
1083 1791250527303781 30135
1084 1791250527322198 28932
1085 1791250527344983 32720
1086 1791250527369643 36743
1087 1791250527382416 30087
1088 1791250527396160 24591
1089 1791250527425872 31648
1090 1791250527442506 27581
1091 1791250527463634 30326
1092 1791250527482996 30645
1093 1791250527495986 24735
1094 1791250527524933 31632
1095 1791250527535756 24070
1096 1791250527556379 24072
1097 1791250527586673 34283
1098 1791250527603854 31155
1099 1791250527625317 31637
1100 1791250527645208 31103
1101 1791250527672575 37688
1102 1791250527687002 35293
1103 1791250527705775 33196
1104 1791250527722953 31134
1105 1791250527737834 25256
1106 1791250527763312 29494
1107 1791250527787500 34562
1108 1791250527803895 30434
1109 1791250527826411 33016
1110 1791250527844340 30453
1111 1791250527862045 31120
1112 1791250527885082 34504
1113 1791250527913834 38693
1114 1791250527928453 38208
1115 1791250527943036 29191
1116 1791250527970835 39461
1117 1791250527992628 39742
1118 1791250528016969 46369
1119 1791250528041570 48936
1120 1791250528054517 43128
1121 1791250528079792 45360
1122 1791250528096856 43619
1123 1791250528117841 46449
1124 1791250528142101 51126
1125 1791250528160327 47847
1126 1791250528183221 49526
1127 1791250528199382 46950
1128 1791250528226287 53220
1129 1791250528244657 50753
1130 1791250528272104 57928
1131 1791250528283336 50181
1132 1791250528310681 58235
1133 1791250528322781 50674
1134 1791250528361882 67867
1135 1791250528367559 56947
1136 1791250528395211 63201
1137 1791250528415497 60505
1138 1791250528426362 55093
1139 1791250528454433 59146
1140 1791250528467893 57310
1141 1791250528494759 61287
1142 1791250528515829 62298
1143 1791250528533352 62917
1144 1791250528554439 63018
1145 1791250528573821 60346
1146 1791250528596377 64823
1147 1791250528621509 70508
1148 1791250528638537 65123
1149 1791250528665999 74517
1150 1791250528692877 80048
1151 1791250528703375 71311
1152 1791250528720667 69739
1153 1791250528742487 69568
1154 1791250528764049 71169
1155 1791250528785071 70259
1156 1791250528805488 74544
1157 1791250528829084 76254
1158 1791250528851209 77423
1159 1791250528873006 80298
1160 1791250528895580 82682
1161 1791250528903893 72778
1162 1791250528903897 52733
1163 1791250528903900 31811
1164 1791250528916874 24746
1165 1791250528940300 28043
1166 1791250528961086 28480
1167 1791250528983150 31418
1168 1791250528995755 23745
1169 1791250529013729 23462
1170 1791250529036198 22467
1171 1791250529055212 23572
1172 1791250529081945 26729
1173 1791250529093694 21982
1174 1791250529116805 23090
1175 1791250529135648 22352
1176 1791250529152035 20824
1177 1791250529174696 22658
1178 1791250529192580 20655
1179 1791250529214268 22323
1180 1791250529235472 21859
1181 1791250529258420 24928
1182 1791250529275325 22668
1183 1791250529293496 22923
1184 1791250529324633 31133
1185 1791250529335045 23707
1186 1791250529355314 23186
1187 1791250529374599 22103
1188 1791250529391691 20830
1189 1791250529423253 32383
1190 1791250529437819 24847
1191 1791250529453614 20617
1192 1791250529475066 24174
1193 1791250529497265 25201
1194 1791250529514867 21860
1195 1791250529533663 21709
1196 1791250529552930 21949
1197 1791250529576124 25168
1198 1791250529596724 24675
1199 1791250529617596 23796
1200 1791250529635121 20848
1201 1791250529653655 22690
1202 1791250529679061 25403
1203 1791250529703520 29169
1204 1791250529714843 21576
1205 1791250529735700 23628
1206 1791250529755486 22935
1207 1791250529776623 23995
1208 1791250529794782 23002
1209 1791250529817614 22827
1210 1791250529833696 21061
1211 1791250529856151 22439
1212 1791250529873956 20820
1213 1791250529895272 21366
1214 1791250529914040 21163
1215 1791250529935163 23025
1216 1791250529955900 24498
1217 1791250529974027 21116
1218 1791250529992658 22001
1219 1791250530016514 24087
1220 1791250530033060 21024
1221 1791250530055541 22478
1222 1791250530071471 20872
1223 1791250530093566 22093
1224 1791250530118167 27450
1225 1791250530139236 25695
1226 1791250530153099 20649
1227 1791250530174512 22053
1228 1791250530193434 21068
1229 1791250530215266 21830
1230 1791250530242760 28649
1231 1791250530255786 23753
1232 1791250530275002 20894
1233 1791250530294095 23868
1234 1791250530314251 22411
1235 1791250530332704 20577
1236 1791250530353802 22108
1237 1791250530373265 20859
1238 1791250530394871 21603
1239 1791250530418024 26331
1240 1791250530436245 22945
1241 1791250530453842 20834
1242 1791250530478936 26671
1243 1791250530499250 27138
1244 1791250530521278 28041
1245 1791250530531576 21029
1246 1791250530554113 22534
1247 1791250530576291 23942
1248 1791250530595891 22786
1249 1791250530615018 23227
1250 1791250530643085 31134
1251 1791250530653658 21838
1252 1791250530677313 26779
1253 1791250530697471 23587
1254 1791250530716177 22359
1255 1791250530733716 23029
1256 1791250530754477 20758
1257 1791250530773631 22051
1258 1791250530794234 22598
1259 1791250530815950 23639
1260 1791250530839792 29297
1261 1791250530855210 22005
1262 1791250530876238 25993
1263 1791250530896070 23447
1264 1791250530914504 22450
1265 1791250530932843 21322
1266 1791250530956151 23305
1267 1791250530978042 25627
1268 1791250530994684 21492
1269 1791250531013399 21283
1270 1791250531038558 25155
1271 1791250531054609 21522
1272 1791250531075629 24805
1273 1791250531094590 21648
1274 1791250531116427 24683
1275 1791250531137574 24622
1276 1791250531157777 26062
1277 1791250531175944 23067
1278 1791250531194879 23154
1279 1791250531213228 23171
1280 1791250531234925 23308
1281 1791250531256082 23903
1282 1791250531275394 22833
1283 1791250531294955 23603
1284 1791250531313212 21905
1285 1791250531334345 21121
1286 1791250531356175 23836
1287 1791250531373804 22336
1288 1791250531398713 24972
1289 1791250531417338 23139
1290 1791250531433833 21123
1291 1791250531456705 22869
1292 1791250531474790 22056
1293 1791250531494126 23163
1294 1791250531514535 24134
1295 1791250531537523 23646
1296 1791250531553574 21785
1297 1791250531577608 24031
1298 1791250531594744 21009
1299 1791250531622032 27923
1300 1791250531632473 20654
1301 1791250531661994 29518
1302 1791250531675592 24205
1303 1791250531691833 20862
1304 1791250531712343 20506
1305 1791250531733850 21549
1306 1791250531758127 26252
1307 1791250531774666 21199
1308 1791250531792515 20898
1309 1791250531816499 25191
1310 1791250531842494 29312
1311 1791250531858835 25867
1312 1791250531875953 21763
1313 1791250531894812 24159
1314 1791250531912461 22303
1315 1791250531935137 22674
1316 1791250531953743 22632
1317 1791250531972872 21976
1318 1791250531995605 22731
1319 1791250532015455 23670
1320 1791250532035108 22881
1321 1791250532057918 25736
1322 1791250532083179 28106
1323 1791250532096165 26125
1324 1791250532116150 23200
1325 1791250532146128 35758
1326 1791250532156401 25023
1327 1791250532181666 27616
1328 1791250532200753 27652
1329 1791250532220586 29131
1330 1791250532242074 28900
1331 1791250532262920 31894
1332 1791250532275926 24471
1333 1791250532303941 31554
1334 1791250532316231 26017
1335 1791250532337875 27068
1336 1791250532364430 30411
1337 1791250532376272 23270
1338 1791250532397227 24932
1339 1791250532415672 24344
1340 1791250532435350 22965
1341 1791250532461613 30845
1342 1791250532474302 23110
1343 1791250532510816 38383
1344 1791250532524153 32405
1345 1791250532543814 32995
1346 1791250532562668 30141
1347 1791250532574987 24452
1348 1791250532604570 29580
1349 1791250532615348 24667
1350 1791250532643020 28729
1351 1791250532664080 30374
1352 1791250532675275 24387
1353 1791250532696837 25661
1354 1791250532721512 28125
1355 1791250532747247 31206
1356 1791250532759791 26769
1357 1791250532785183 31364
1358 1791250532801590 28962
1359 1791250532818436 27648
1360 1791250532838704 25050
1361 1791250532862367 30423
1362 1791250532878369 25168
1363 1791250532897306 22616
1364 1791250532922483 28824
1365 1791250532936643 25062
1366 1791250532958411 25528
1367 1791250532983010 30522
1368 1791250533004858 30605
1369 1791250533018493 26189
1370 1791250533044544 31111
1371 1791250533063091 29853
1372 1791250533082848 28987
1373 1791250533108899 35503
1374 1791250533117939 26467
1375 1791250533133139 22886
1376 1791250533164349 33080
1377 1791250533180750 27048
1378 1791250533196350 24015
1379 1791250533222924 31491
1380 1791250533240001 28499
1381 1791250533255500 22125
1382 1791250533282439 31776
1383 1791250533313233 40595
1384 1791250533321649 27766
1385 1791250533351568 38332
1386 1791250533363471 30721
1387 1791250533388488 37186
1388 1791250533410370 38236
1389 1791250533416180 25132
1390 1791250533440129 29756
1391 1791250533464601 30887
1392 1791250533488377 32854
1393 1791250533495568 23191
1394 1791250533521987 30539
1395 1791250533541538 29891
1396 1791250533562816 30255
1397 1791250533582852 31781
1398 1791250533600627 30646
1399 1791250533616081 25418
1400 1791250533641536 27727
1401 1791250533654806 24575
1402 1791250533675821 24763
1403 1791250533703841 33042
1404 1791250533716487 23638
1405 1791250533734207 24027
1406 1791250533762817 31764
1407 1791250533780637 28622
1408 1791250533814771 40320
1409 1791250533829562 35233
1410 1791250533846754 31980
1411 1791250533866965 34894
1412 1791250533883319 31409
1413 1791250533898084 25156
1414 1791250533915269 24490
1415 1791250533937562 27018
1416 1791250533963929 30337
1417 1791250533975311 23911
1418 1791250533996320 22758
1419 1791250534015416 24873
1420 1791250534042875 31281
1421 1791250534065596 33912
1422 1791250534082418 32275
1423 1791250534103175 29785
1424 1791250534116159 24385
1425 1791250534134651 22006
1426 1791250534161181 27214
1427 1791250534183978 28274
1428 1791250534196679 23858
1429 1791250534225893 31386
1430 1791250534242421 30586
1431 1791250534268163 34259
1432 1791250534277414 22709
1433 1791250534295352 24982
1434 1791250534325479 33260
1435 1791250534347954 34785
1436 1791250534355020 22808
1437 1791250534392567 38618
1438 1791250534405670 33269
1439 1791250534422914 30344
1440 1791250534435159 23867
1441 1791250534463753 33345
1442 1791250534481705 28949
1443 1791250534496189 22948
1444 1791250534522338 29251
1445 1791250534544105 32281
1446 1791250534555448 21809
1447 1791250534580989 30650
1448 1791250534595958 22452
1449 1791250534615145 22744
1450 1791250534635629 23480
1451 1791250534663498 32854
1452 1791250534684094 30181
1453 1791250534695765 23969
1454 1791250534717750 27417
1455 1791250534751053 36407
1456 1791250534764379 31490
1457 1791250534781134 30077
1458 1791250534796975 24231
1459 1791250534827750 36008
1460 1791250534837219 26670
1461 1791250534864062 31075
1462 1791250534880650 26913
1463 1791250534910841 37354
1464 1791250534918686 26566
1465 1791250534942127 31283
1466 1791250534970281 38168
1467 1791250534983062 29714
1468 1791250535002869 32585
1469 1791250535025082 31856
1470 1791250535047509 29757
1471 1791250535068672 35812
1472 1791250535084054 29688
1473 1791250535102140 30343
1474 1791250535124442 30722
1475 1791250535139853 27456
1476 1791250535162465 29573
1477 1791250535178562 28009
1478 1791250535199126 25961
1479 1791250535225625 31841
1480 1791250535239768 28059
1481 1791250535262980 28871
1482 1791250535277569 25219
1483 1791250535299575 29445
1484 1791250535322540 28732
1485 1791250535334327 23607
1486 1791250535356838 24103
1487 1791250535384584 28699
1488 1791250535395025 22118
1489 1791250535420999 27977
1490 1791250535452301 38473
1491 1791250535462256 27983
1492 1791250535478788 26312
1493 1791250535496129 22786
1494 1791250535528389 35726
1495 1791250535542888 28604
1496 1791250535565534 32342
1497 1791250535583095 30953
1498 1791250535596328 24716
1499 1791250535623497 33129
1500 1791250535635515 23294
1501 1791250535667914 34143
1502 1791250535679363 28728
1503 1791250535694469 23051
1504 1791250535721541 28903
1505 1791250535744032 30490
1506 1791250535762335 29063
1507 1791250535779820 27116
1508 1791250535803769 29962
1509 1791250535818227 25661
1510 1791250535841569 29556
1511 1791250535870228 37440
1512 1791250535877282 24749
1513 1791250535899592 29361
1514 1791250535915253 21891
1515 1791250535943331 29876
1516 1791250535954210 21265
1517 1791250535980754 28377
1518 1791250536002162 28553
1519 1791250536024862 31585
1520 1791250536043832 31102
1521 1791250536055379 23030
1522 1791250536084153 29812
1523 1791250536102817 28695
1524 1791250536115267 24867
1525 1791250536136846 26645
1526 1791250536161164 29163
1527 1791250536186620 35863
1528 1791250536196064 23442
1529 1791250536228192 35815
1530 1791250536234635 23760
1531 1791250536263113 29556
1532 1791250536287344 34629
1533 1791250536295888 25397
1534 1791250536315078 21901
1535 1791250536342749 32018
1536 1791250536355907 25598
1537 1791250536384049 31843
1538 1791250536397404 27269
1539 1791250536420600 30228
1540 1791250536443616 32932
1541 1791250536456055 25150
1542 1791250536475610 23013
1543 1791250536499500 26529
1544 1791250536522338 31402
1545 1791250536545769 32627
1546 1791250536562371 31017
1547 1791250536579402 28428
1548 1791250536599817 25997
1549 1791250536621709 28812
1550 1791250536634273 22966
1551 1791250536659306 26185
1552 1791250536679304 26602
1553 1791250536699577 25835
1554 1791250536723602 33015
1555 1791250536742551 30408
1556 1791250536758550 26600
1557 1791250536786832 34321
1558 1791250536795465 23539
1559 1791250536820349 25668
1560 1791250536836188 25088
1561 1791250536859270 26518
1562 1791250536885969 32465
1563 1791250536903683 27696
1564 1791250536920449 29088
1565 1791250536940839 29492
1566 1791250536962793 31012
1567 1791250536993207 40754
1568 1791250537001928 27982
1569 1791250537026666 33457
1570 1791250537037386 25947
1571 1791250537066604 33018
1572 1791250537079976 28761
1573 1791250537108140 34638
1574 1791250537118475 25162
1575 1791250537150017 34907
1576 1791250537160389 28374
1577 1791250537181207 31186
1578 1791250537194086 21997
1579 1791250537223136 31290
1580 1791250537247684 33070
1581 1791250537258234 27408
1582 1791250537289868 35131
1583 1791250537296674 26209
1584 1791250537317525 27653
1585 1791250537340538 26109
1586 1791250537363221 29123
1587 1791250537390384 36694
1588 1791250537402008 29668
1589 1791250537416696 26309
1590 1791250537443438 29801
1591 1791250537461455 30501
1592 1791250537481387 26460
1593 1791250537502483 31376
1594 1791250537529440 35100
1595 1791250537536158 23943
1596 1791250537564070 33188
1597 1791250537579253 28894
1598 1791250537614227 37318
1599 1791250537618831 22873
1600 1791250537642548 28976
1601 1791250537659977 28484
1602 1791250537677634 26124
1603 1791250537695619 22328
1604 1791250537723909 31015
1605 1791250537740695 28131
1606 1791250537758642 24862
1607 1791250537774738 23747
1608 1791250537799346 27420
1609 1791250537827766 33222
1610 1791250537837548 26841
1611 1791250537866109 32465
1612 1791250537885257 32239
1613 1791250537893614 23184
1614 1791250537920171 29659
1615 1791250537947379 33029
1616 1791250537956243 24382
1617 1791250537979608 27499
1618 1791250538014548 39724
1619 1791250538034662 40621
1620 1791250538044466 30409
1621 1791250538064117 29451
1622 1791250538087660 35518
1623 1791250538109213 34331
1624 1791250538118397 26997
1625 1791250538140314 28031
1626 1791250538161034 27183
1627 1791250538182825 28754
1628 1791250538207935 35319
1629 1791250538214829 24742
1630 1791250538241396 31181
1631 1791250538261006 28377
1632 1791250538277862 25655
1633 1791250538299902 25982
1634 1791250538321970 28083
1635 1791250538340718 27814
1636 1791250538358288 25474
1637 1791250538379220 25344
1638 1791250538398563 24422
1639 1791250538418767 26755
1640 1791250538440523 27189
1641 1791250538464819 32835
1642 1791250538483719 30021
1643 1791250538502331 28958
1644 1791250538525907 29294
1645 1791250538544614 32700
1646 1791250538562468 30187
1647 1791250538584775 33127
1648 1791250538604533 30030
1649 1791250538627307 37301
1650 1791250538639266 23034
1651 1791250538668659 34047
1652 1791250538682510 31573
1653 1791250538707913 36538
1654 1791250538728143 32796
1655 1791250538748203 36131
1656 1791250538762269 31581
1657 1791250538778091 25845
1658 1791250538804873 31009
1659 1791250538821510 30044
1660 1791250538839591 29098
1661 1791250538871114 39259
1662 1791250538885206 33482
1663 1791250538896150 25032
1664 1791250538921466 28948
1665 1791250538945653 31548
1666 1791250538955570 22728
1667 1791250538986606 32701
1668 1791250539001307 30078
1669 1791250539018213 26017
1670 1791250539044474 32559
1671 1791250539065385 30886
1672 1791250539081577 27639
1673 1791250539100777 28698
1674 1791250539127446 28100
1675 1791250539140203 26971
1676 1791250539170380 35306
1677 1791250539188185 33818
1678 1791250539199363 28978
1679 1791250539223745 30129
1680 1791250539244551 31380
1681 1791250539255231 23484
1682 1791250539275485 22909
1683 1791250539301151 29537
1684 1791250539325693 29243
1685 1791250539340507 29957
1686 1791250539370725 36226
1687 1791250539388684 34761
1688 1791250539400863 30595
1689 1791250539423225 31429
1690 1791250539443597 32113
1691 1791250539460850 27376
1692 1791250539481032 29093
1693 1791250539505840 32479
1694 1791250539525963 32345
1695 1791250539552591 38121
1696 1791250539564786 33976
1697 1791250539592551 40099
1698 1791250539598616 28063
1699 1791250539616151 23597
1700 1791250539643335 29329
1701 1791250539658626 26170
1702 1791250539680833 27242
1703 1791250539701477 27581
1704 1791250539730611 36406
1705 1791250539744081 27818
1706 1791250539756343 25728
1707 1791250539773889 22869
1708 1791250539805989 34025
1709 1791250539827294 34736
1710 1791250539846307 32569
1711 1791250539863857 32638
1712 1791250539884217 32254
1713 1791250539897439 22495
1714 1791250539922251 30220
1715 1791250539938777 25623
1716 1791250539973790 39732
1717 1791250539983297 30735
1718 1791250539999387 25594
1719 1791250540022308 30517
1720 1791250540039781 26282
1721 1791250540063341 30320
1722 1791250540084921 34215
1723 1791250540101950 28068
1724 1791250540119536 26320
1725 1791250540147345 37193
1726 1791250540154286 22956
1727 1791250540177710 25176
1728 1791250540196219 24991
1729 1791250540223494 31261
1730 1791250540235929 24660
1731 1791250540262881 30162
1732 1791250540289771 35187
1733 1791250540309663 33838
1734 1791250540317334 25605
1735 1791250540342013 29609
1736 1791250540354860 24196
1737 1791250540383038 28776
1738 1791250540410033 37853
1739 1791250540425759 33911
1740 1791250540444550 34513
1741 1791250540458368 25457
1742 1791250540474609 22708
1743 1791250540498731 26306
1744 1791250540519732 27133
1745 1791250540548334 30510
1746 1791250540568005 33675
1747 1791250540591307 37460
1748 1791250540604548 34167
1749 1791250540623353 32042
1750 1791250540642857 30020
1751 1791250540660905 29563
1752 1791250540681786 29514
1753 1791250540703577 30832
1754 1791250540737184 40327
1755 1791250540737190 24719
1756 1791250540762882 29223
1757 1791250540784623 31859
1758 1791250540805648 30131
1759 1791250540821329 28210
1760 1791250540842572 30307
1761 1791250540864297 30603
1762 1791250540876671 23263
1763 1791250540904511 31135
1764 1791250540923747 33349
1765 1791250540942086 28980
1766 1791250540963213 31030
1767 1791250540990303 38452
1768 1791250541014150 38102
1769 1791250541025084 34778
1770 1791250541044764 30611
1771 1791250541065193 34614
1772 1791250541083220 30806
1773 1791250541103491 29121
1774 1791250541124577 29917
1775 1791250541147281 34733
1776 1791250541169862 36716
1777 1791250541186484 31782
1778 1791250541201068 31200
1779 1791250541231487 36958
1780 1791250541258349 44857
1781 1791250541265842 34353
1782 1791250541299975 45061
1783 1791250541308562 36831
1784 1791250541329183 33502
1785 1791250541351737 38168
1786 1791250541375261 40933
1787 1791250541384700 32960
1788 1791250541414205 41447
1789 1791250541434715 42433
1790 1791250541446134 32988
1791 1791250541466372 33548
1792 1791250541492964 42048
1793 1791250541525701 50869
1794 1791250541540418 47451
1795 1791250541554587 40636
1796 1791250541572992 41520
1797 1791250541604554 50295
1798 1791250541611677 39071
1799 1791250541630114 36250
1800 1791250541655271 44028
1801 1791250541671697 41579
1802 1791250541695161 41127
1803 1791250541716194 44493
1804 1791250541742862 51525
1805 1791250541763926 52756
1806 1791250541777569 46787
1807 1791250541797392 44651
1808 1791250541816080 40966
1809 1791250541856037 64263
1810 1791250541862259 50086
1811 1791250541877866 46702
1812 1791250541895246 44744
1813 1791250541924512 53293
1814 1791250541950473 58549
1815 1791250541962996 51333
1816 1791250541989977 55577
1817 1791250541999553 49077
1818 1791250542023798 51148
1819 1791250542042105 52123
1820 1791250542062956 48893
1821 1791250542098140 63692
1822 1791250542099363 45666
1823 1791250542126197 53678
1824 1791250542145450 54088
1825 1791250542170708 57334
1826 1791250542191562 58323
1827 1791250542220147 67930
1828 1791250542223643 52932
1829 1791250542254205 62640
1830 1791250542279311 65062
1831 1791250542299923 66071
1832 1791250542303191 48983
1833 1791250542334701 60944
1834 1791250542340526 46431
1835 1791250542364499 53540
1836 1791250542385322 51756
1837 1791250542408879 55593
1838 1791250542435542 60065
1839 1791250542460031 67522
1840 1791250542467316 57201
1841 1791250542494265 60453
1842 1791250542516329 62383
1843 1791250542532568 59406
1844 1791250542548266 54536
1845 1791250542575717 61776
1846 1791250542587058 54487
1847 1791250542605664 54500
1848 1791250542627224 55590
1849 1791250542641893 48496
1850 1791250542669103 57910
1851 1791250542691297 59898
1852 1791250542711232 59605
1853 1791250542730055 56867
1854 1791250542747251 55951
1855 1791250542775872 64637
1856 1791250542783423 53364
1857 1791250542805822 54182
1858 1791250542827309 54157
1859 1791250542843360 50267
1860 1791250542864798 50877
1861 1791250542884834 51726
1862 1791250542897214 46396
1863 1791250542924069 54045
1864 1791250542946161 53862
1865 1791250542969125 55932
1866 1791250542994365 62691
1867 1791250543005902 53112
1868 1791250543023985 52024
1869 1791250543039332 46145
1870 1791250543063917 52599
1871 1791250543082861 51821
1872 1791250543103521 52578
1873 1791250543126720 53114
1874 1791250543143506 51963
1875 1791250543153698 41760
1876 1791250543178484 44870
1877 1791250543204074 52355
1878 1791250543228643 57722
1879 1791250543244171 49283
1880 1791250543255363 42044
1881 1791250543284142 50001
1882 1791250543299268 46621
1883 1791250543315470 44891
1884 1791250543358786 65336
1885 1791250543367595 54533
1886 1791250543377337 46426
1887 1791250543402695 50437
1888 1791250543427338 51387
1889 1791250543458625 64248
1890 1791250543466567 51792
1891 1791250543479003 45015
1892 1791250543494559 41929
1893 1791250543516272 43547
1894 1791250543544655 52182
1895 1791250543564639 50347
1896 1791250543586893 54466
1897 1791250543600620 48217
1898 1791250543627709 52324
1899 1791250543643435 49578
1900 1791250543659132 48132
1901 1791250543686632 52263
1902 1791250543710337 57089
1903 1791250543723950 51953
1904 1791250543741429 48499
1905 1791250543754845 44505
1906 1791250543783045 49802
1907 1791250543797557 46453
1908 1791250543824388 50782
1909 1791250543846934 55960
1910 1791250543863726 51058
1911 1791250543884030 51679
1912 1791250543908016 54782
1913 1791250543926360 54102
1914 1791250543948964 55025
1915 1791250543962403 49161
1916 1791250543984899 53887
1917 1791250544004795 54098
1918 1791250544033856 58923
1919 1791250544050629 60467
1920 1791250544073291 61645
1921 1791250544085288 52205
1922 1791250544107953 57458
1923 1791250544126013 52719
1924 1791250544145993 54209
1925 1791250544158875 48729
1926 1791250544177390 43841
1927 1791250544195316 44024
1928 1791250544216979 44848
1929 1791250544249195 56958
1930 1791250544258202 47594
1931 1791250544277017 45857
1932 1791250544309867 55869
1933 1791250544315765 44122
1934 1791250544344514 52464
1935 1791250544359397 49526
1936 1791250544381275 47713
1937 1791250544402164 50592
1938 1791250544426105 52356
1939 1791250544451528 58469
1940 1791250544464534 52913
1941 1791250544489726 59337
1942 1791250544508447 56916
1943 1791250544524832 53093
1944 1791250544544410 53506
1945 1791250544566385 53101
1946 1791250544595531 62089
1947 1791250544604790 51676
1948 1791250544625579 54418
1949 1791250544646144 51995
1950 1791250544663451 50313
1951 1791250544693638 59438
1952 1791250544710567 58273
1953 1791250544731803 60628
1954 1791250544753241 60074
1955 1791250544767435 56864
1956 1791250544793514 61708
1957 1791250544808700 55456
1958 1791250544833819 62613
1959 1791250544855759 62243
1960 1791250544872818 58969
1961 1791250544894027 60205
1962 1791250544904784 53177
1963 1791250544934411 61590
1964 1791250544957475 64176
1965 1791250544978248 64552
1966 1791250544996743 63297
1967 1791250545007856 56511
1968 1791250545035347 63278
1969 1791250545045159 53768
1970 1791250545072980 62725
1971 1791250545081206 50471
1972 1791250545124216 70967
1973 1791250545139923 66940
1974 1791250545154264 60331
1975 1791250545174477 63627
1976 1791250545197290 62336
1977 1791250545205780 52640
1978 1791250545225856 51375
1979 1791250545243162 50189
1980 1791250545269187 56846
1981 1791250545288097 57283
1982 1791250545304001 51533
1983 1791250545327718 53443
1984 1791250545348883 58192
1985 1791250545364314 50664
1986 1791250545386975 55191
1987 1791250545404324 53954
1988 1791250545434837 61889
1989 1791250545452815 59889
1990 1791250545476119 64859
1991 1791250545492623 58848
1992 1791250545514312 62089
1993 1791250545535598 59477
1994 1791250545546494 54577
1995 1791250545565839 52123
1996 1791250545590219 56464
1997 1791250545609077 58133
1998 1791250545626015 52177
1999 1791250545653866 63644
2000 1791250545674622 63965
2001 1791250545691077 57715
2002 1791250545715896 63131
2003 1791250545732330 62153
2004 1791250545757313 66233
2005 1791250545769613 58597
2006 1791250545788196 56960
2007 1791250545812266 60777
2008 1791250545833844 63035
2009 1791250545852804 60560
2010 1791250545873049 60780
2011 1791250545890262 57240
2012 1791250545905888 54333
2013 1791250545928004 54952
2014 1791250545946796 56531
2015 1791250545974822 60971
2016 1791250545987584 57011
2017 1791250546006656 53962
2018 1791250546013940 42787
2019 1791250546045893 52453
2020 1791250546074670 63879
2021 1791250546100262 69029
2022 1791250546123813 71989
2023 1791250546142246 68124
2024 1791250546147703 53220
2025 1791250546179402 65422
2026 1791250546192146 57782
2027 1791250546205860 53725
2028 1791250546230241 57953
2029 1791250546247411 55262
2030 1791250546267536 57019
2031 1791250546285545 55301
2032 1791250546307706 55434
2033 1791250546315583 44714
2034 1791250546335794 44471
2035 1791250546361842 49062
2036 1791250546382139 51032
2037 1791250546399845 48004
2038 1791250546416132 43325
2039 1791250546436499 44999
2040 1791250546463096 49439
2041 1791250546482569 50443
2042 1791250546507895 55181
2043 1791250546527737 56548
2044 1791250546543318 51292
2045 1791250546556927 46929
2046 1791250546584389 50420
2047 1791250546604182 52358
2048 1791250546616648 42750
2049 1791250546647562 56554
2050 1791250546663705 53448
2051 1791250546687307 52946
2052 1791250546706589 52038
2053 1791250546725290 53453
2054 1791250546749922 56369
2055 1791250546762774 48638
2056 1791250546792747 60657
2057 1791250546810788 60863
2058 1791250546838772 64797
2059 1791250546845496 52746
2060 1791250546864182 53390
2061 1791250546883983 51179
2062 1791250546913609 61179
2063 1791250546935235 61351
2064 1791250546955570 62339
2065 1791250546973020 60926
2066 1791250547004513 69911
2067 1791250547018519 65558
2068 1791250547035806 62782
2069 1791250547057905 67626
2070 1791250547084337 70026
2071 1791250547094652 59800
2072 1791250547112920 61526
2073 1791250547139570 67392
2074 1791250547154655 60457
2075 1791250547164048 52258
2076 1791250547193002 59963
2077 1791250547208298 54764
2078 1791250547237510 61402
2079 1791250547252011 61174
2080 1791250547264613 51125
2081 1791250547287103 54840
2082 1791250547305354 53341
2083 1791250547326326 51746
2084 1791250547342231 51645
2085 1791250547358855 45927
2086 1791250547384610 50661
2087 1791250547406140 52932
2088 1791250547412467 42426
2089 1791250547436563 41672
2090 1791250547454216 42757
2091 1791250547464700 30537
2092 1791250547495359 41140
2093 1791250547498848 27106
2094 1791250547533309 38735
2095 1791250547543039 30764
2096 1791250547562645 30521
2097 1791250547581754 29181
2098 1791250547600533 26481
2099 1791250547623773 30783
2100 1791250547636388 23953
2101 1791250547671941 38547
2102 1791250547690198 37920
2103 1791250547715121 43176
2104 1791250547722567 32366
2105 1791250547743199 28375
2106 1791250547765396 32141
2107 1791250547785923 33377
2108 1791250547811398 39889
2109 1791250547829447 37709
2110 1791250547844115 32714
2111 1791250547863645 32644
2112 1791250547885017 31697
2113 1791250547904004 32873
2114 1791250547934428 42334
2115 1791250547950428 37654
2116 1791250547966576 32145
2117 1791250547984909 34478
2118 1791250548004808 32410
2119 1791250548021031 30623
2120 1791250548046560 33990
2121 1791250548076242 41734
2122 1791250548096043 42003
2123 1791250548114903 41911
2124 1791250548137925 43981
2125 1791250548147658 37469
2126 1791250548172769 42163
2127 1791250548199290 47286
2128 1791250548213719 42753
2129 1791250548230222 35562
2130 1791250548256136 43669
2131 1791250548266612 36386
2132 1791250548297381 44749
2133 1791250548323581 48893
2134 1791250548344793 52413
2135 1791250548353101 42253
2136 1791250548374236 41872
2137 1791250548397706 47334
2138 1791250548415622 42243
2139 1791250548442859 50235
2140 1791250548456161 43247
2141 1791250548476989 45763
2142 1791250548494134 39420
2143 1791250548524079 51890
2144 1791250548553186 62529
2145 1791250548570012 56387
2146 1791250548584074 53204
2147 1791250548602496 49464
2148 1791250548622037 52022
2149 1791250548643192 52858
2150 1791250548682602 68578
2151 1791250548694514 60065
2152 1791250548705276 49522
2153 1791250548729675 57334
2154 1791250548744840 53845
2155 1791250548770651 56241
2156 1791250548785959 53035
2157 1791250548807745 53936
2158 1791250548823862 53208
2159 1791250548852308 58302
2160 1791250548871260 57212
2161 1791250548888262 56520
2162 1791250548902759 51092
2163 1791250548928227 56963
2164 1791250548943635 50779
2165 1791250548971165 57749
2166 1791250548984077 53381
2167 1791250549011061 59785
2168 1791250549032554 61385
2169 1791250549052864 62332
2170 1791250549065602 54537
2171 1791250549099722 67164
2172 1791250549107620 54753
2173 1791250549124176 50937
2174 1791250549154181 61791
2175 1791250549160305 46560
2176 1791250549196259 61761
2177 1791250549208273 54974
2178 1791250549224641 49290
2179 1791250549243309 48870
2180 1791250549263727 50673
2181 1791250549284423 52787
2182 1791250549298499 47029
2183 1791250549333587 62414
2184 1791250549361517 68770
2185 1791250549378127 63605
2186 1791250549391849 60940
2187 1791250549411193 56879
2188 1791250549430740 59537
2189 1791250549445464 53612
2190 1791250549465963 54767
2191 1791250549487691 56948
2192 1791250549505040 53017
2193 1791250549526808 54418
2194 1791250549543607 49465
2195 1791250549567229 52804
2196 1791250549594409 63002
2197 1791250549611200 58519
2198 1791250549625125 52409
2199 1791250549651435 57294
2200 1791250549665519 54316
2201 1791250549688155 53577
2202 1791250549705742 54304
2203 1791250549724863 52544
2204 1791250549746946 55193
2205 1791250549776844 64176
2206 1791250549791663 59903
2207 1791250549807483 53767
2208 1791250549825144 53740
2209 1791250549855916 65671
2210 1791250549873397 61999
2211 1791250549889617 57034
2212 1791250549915562 59873
2213 1791250549936880 63480
2214 1791250549954789 63418
2215 1791250549980682 65973
2216 1791250549999773 66571
2217 1791250550021687 68418
2218 1791250550042129 68526
2219 1791250550066859 69554
2220 1791250550075600 62225
2221 1791250550114716 81209
2222 1791250550142281 88660
2223 1791250550143340 69684
2224 1791250550164234 70888
2225 1791250550181900 67753
2226 1791250550195847 59428
2227 1791250550214674 61881
2228 1791250550243340 70128
2229 1791250550262346 70133
2230 1791250550279588 66189
2231 1791250550292424 59354
2232 1791250550317129 64305
2233 1791250550333097 62172
2234 1791250550358989 66557
2235 1791250550366446 55015
2236 1791250550399977 67125
2237 1791250550422433 67845
2238 1791250550426302 52457
2239 1791250550456072 61391
2240 1791250550473927 60801
2241 1791250550490255 59643
2242 1791250550505588 54200
2243 1791250550530596 59582
2244 1791250550544706 54536
2245 1791250550582354 69723
2246 1791250550582360 51762
2247 1791250550615177 62506
2248 1791250550621650 47911
2249 1791250550652355 58974
2250 1791250550669177 55367
2251 1791250550675686 40491
2252 1791250550704101 51738
2253 1791250550724935 50089
2254 1791250550750445 59404
2255 1791250550755489 41924
2256 1791250550781290 47299
2257 1791250550794217 43766
2258 1791250550829273 52850
2259 1791250550844882 50663
2260 1791250550861516 48645
2261 1791250550872102 40922
2262 1791250550893396 42591
2263 1791250550922753 50646
2264 1791250550935273 44527
2265 1791250550963738 52089
2266 1791250550983046 49539
2267 1791250550994279 39929
2268 1791250551023742 49647
2269 1791250551053487 59205
2270 1791250551064834 47883
2271 1791250551086595 52175
2272 1791250551087584 34615
2273 1791250551118640 47219
2274 1791250551146035 52679
2275 1791250551153900 42067
2276 1791250551167566 34339
2277 1791250551198852 44948
2278 1791250551231889 56818
2279 1791250551245732 50860
2280 1791250551266690 54157
2281 1791250551276353 44459
2282 1791250551297775 43871
2283 1791250551314185 42541
2284 1791250551333198 39942
2285 1791250551348609 35292
2286 1791250551375910 42706
2287 1791250551399988 46504
2288 1791250551419938 46892
2289 1791250551431836 40241
2290 1791250551450078 35896
2291 1791250551483197 51355
2292 1791250551504941 54859
2293 1791250551528161 57557
2294 1791250551530015 39547
2295 1791250551554376 41961
2296 1791250551579330 49299
2297 1791250551610168 55787
2298 1791250551636592 61595
2299 1791250551646855 53955
2300 1791250551664890 54715
2301 1791250551687257 52889
2302 1791250551700112 47698
2303 1791250551725352 52914
2304 1791250551761127 68110
2305 1791250551765544 52172
2306 1791250551787602 55399
2307 1791250551811894 58213
2308 1791250551824779 49929
2309 1791250551839168 47100
2310 1791250551861061 49163
2311 1791250551904859 69808
2312 1791250551913200 60315
2313 1791250551925575 46761
2314 1791250551951522 59468
2315 1791250551973928 60717
2316 1791250552000196 66624
2317 1791250552006703 55175
2318 1791250552030205 57226
2319 1791250552047046 53039
2320 1791250552065983 53144
2321 1791250552084346 54134
2322 1791250552112832 58253
2323 1791250552124257 51013
2324 1791250552148057 54769
2325 1791250552168085 57501
2326 1791250552190641 55208
2327 1791250552208003 54875
2328 1791250552218646 43787
2329 1791250552226315 35668
2330 1791250552253342 40948
2331 1791250552273098 36854
2332 1791250552279301 26681
2333 1791250552305433 32659
2334 1791250552317093 23024
2335 1791250552336307 23435
2336 1791250552356502 23566
2337 1791250552374637 21375
2338 1791250552395299 22721
2339 1791250552414883 23304
2340 1791250552434742 22246
2341 1791250552454334 23347
2342 1791250552473833 22233
2343 1791250552497650 23813
2344 1791250552517337 23437
2345 1791250552538219 25039
2346 1791250552558604 26259
2347 1791250552577285 23346
2348 1791250552594663 23016
2349 1791250552614182 23676
2350 1791250552635129 21054
2351 1791250552658210 27476
2352 1791250552675224 20924
2353 1791250552697116 26009
2354 1791250552713728 22736
2355 1791250552733359 21673
2356 1791250552754091 20823
2357 1791250552772770 22284
2358 1791250552803688 30900
2359 1791250552815195 23861
2360 1791250552833411 22525
2361 1791250552860678 27499
2362 1791250552880348 25819
2363 1791250552895530 23383
2364 1791250552917194 25849
2365 1791250552943824 30340
2366 1791250552954955 23693
2367 1791250552973256 22239
2368 1791250553003748 30488
2369 1791250553015602 24704
2370 1791250553033195 22227
2371 1791250553055500 22392
2372 1791250553075361 24797
2373 1791250553094374 21786
2374 1791250553123166 28999
2375 1791250553141393 28039
2376 1791250553156648 25412
2377 1791250553177093 26168
2378 1791250553194221 22433
2379 1791250553213109 22896
2380 1791250553239262 26147
2381 1791250553254413 20712
2382 1791250553283092 28675
2383 1791250553300375 27304
2384 1791250553316140 25867
2385 1791250553332954 22038
2386 1791250553353620 20660
2387 1791250553378003 24378
2388 1791250553395897 21906
2389 1791250553415992 23374
2390 1791250553437582 25049
2391 1791250553454325 20871
2392 1791250553477416 25213
2393 1791250553497713 24591
2394 1791250553524887 30306
2395 1791250553535660 22818
2396 1791250553554180 23211
2397 1791250553583892 29707
2398 1791250553598112 26544
2399 1791250553618259 25261
2400 1791250553642538 29754
2401 1791250553654179 23505
2402 1791250553674285 22481
2403 1791250553697514 27217
2404 1791250553715583 21954
2405 1791250553741618 28462
2406 1791250553756727 22239
2407 1791250553776888 23365
2408 1791250553794307 22541
2409 1791250553816934 22621
2410 1791250553833500 21598
2411 1791250553854928 21420
2412 1791250553875252 23222
2413 1791250553903551 28294
2414 1791250553915676 22792
2415 1791250553933149 21753
2416 1791250553956855 23776
2417 1791250553982760 29263
2418 1791250553994527 22647
2419 1791250554023828 29295
2420 1791250554034097 20939
2421 1791250554054732 23970
2422 1791250554073506 22417
2423 1791250554095553 22042
2424 1791250554117636 25613
2425 1791250554135320 20894
2426 1791250554158862 27543
2427 1791250554175524 22884
2428 1791250554194152 23201
2429 1791250554215676 24146
2430 1791250554236991 24724
2431 1791250554257993 25587
2432 1791250554275526 22627
2433 1791250554292054 20706
2434 1791250554313703 21644
2435 1791250554338172 27678
2436 1791250554356057 23846
2437 1791250554375953 22425
2438 1791250554393641 20901
2439 1791250554414533 22628
2440 1791250554442599 28061
2441 1791250554457606 24423
2442 1791250554475851 24017
2443 1791250554494334 21615
2444 1791250554512931 22085
2445 1791250554536528 23592
2446 1791250554555371 25023
2447 1791250554572936 21892
2448 1791250554598219 25344
2449 1791250554613408 21289
2450 1791250554639932 27888
2451 1791250554656016 20937
2452 1791250554675957 23459
2453 1791250554694409 21562
2454 1791250554715385 22641
2455 1791250554734726 21284
2456 1791250554758009 23278
2457 1791250554776057 21897
2458 1791250554797040 24537
2459 1791250554822214 28206
2460 1791250554835902 24977
2461 1791250554859323 28157
2462 1791250554875001 23504
2463 1791250554896957 25692
2464 1791250554915609 24756
2465 1791250554934442 22381
2466 1791250554954236 22125
2467 1791250554977288 24948
2468 1791250554995906 22354
2469 1791250555016936 23455
2470 1791250555035369 21931
2471 1791250555054016 21704
2472 1791250555075940 25292
2473 1791250555094638 23373
2474 1791250555116434 24574
2475 1791250555133897 22110
2476 1791250555157011 23110
2477 1791250555175358 21430
2478 1791250555198786 26538
2479 1791250555216646 26091
2480 1791250555234719 22465
2481 1791250555260106 25382
2482 1791250555284069 31493
2483 1791250555298378 27205
2484 1791250555313499 22530
2485 1791250555335236 22984
2486 1791250555355155 24400
2487 1791250555379828 26827
2488 1791250555399825 26490
2489 1791250555425269 32226
2490 1791250555445172 31611
2491 1791250555464891 31628
2492 1791250555483004 30712
2493 1791250555515099 41964
2494 1791250555537602 46500
2495 1791250555551121 36019
2496 1791250555566952 31723
2497 1791250555579888 28761
2498 1791250555618155 43922
2499 1791250555627260 34035
2500 1791250555654057 41819
2501 1791250555658594 27529
2502 1791250555699412 45350
2503 1791250555714312 40496
2504 1791250555729900 36157
2505 1791250555745107 32485
2506 1791250555769645 39742
2507 1791250555785968 34028
2508 1791250555803251 32287
2509 1791250555831194 36355
2510 1791250555846723 34292
2511 1791250555864550 33354
2512 1791250555898785 45179
2513 1791250555910643 36210
2514 1791250555925975 34626
2515 1791250555942653 32005
2516 1791250555973994 39634
2517 1791250555993758 41991
2518 1791250556014592 40848
2519 1791250556033965 40202
2520 1791250556051819 37222
2521 1791250556075635 41664
2522 1791250556096189 44366
2523 1791250556112439 41952
2524 1791250556134710 42264
2525 1791250556148346 36297
2526 1791250556168671 34516
2527 1791250556189112 34860
2528 1791250556221511 45486
2529 1791250556225557 34532
2530 1791250556252434 37401
2531 1791250556266297 34173
2532 1791250556288230 35792
2533 1791250556313102 38649
2534 1791250556331056 38667
2535 1791250556355610 43081
2536 1791250556368073 37014
2537 1791250556386395 33792
2538 1791250556420643 47555
2539 1791250556434788 40265
2540 1791250556463281 50144
2541 1791250556472911 38506
2542 1791250556502302 51270
2543 1791250556522920 51437
2544 1791250556536109 44867
2545 1791250556553558 42413
2546 1791250556582484 48046
2547 1791250556598940 47057
2548 1791250556607925 33786
2549 1791250556643857 47287
2550 1791250556654694 42481
2551 1791250556679999 48147
2552 1791250556700010 47259
2553 1791250556724824 49964
2554 1791250556735084 44565
2555 1791250556759457 44893
2556 1791250556785817 54637
2557 1791250556805908 55587
2558 1791250556834122 60050
2559 1791250556848739 58747
2560 1791250556884429 70670
2561 1791250556906819 73330
2562 1791250556926883 75852
2563 1791250556949336 78910
2564 1791250556973256 80261
2565 1791250556999946 88612
2566 1791250557005267 74374
2567 1791250557032329 77432
2568 1791250557067909 94646
2569 1791250557073671 80143
2570 1791250557084952 72126
2571 1791250557107967 76679
2572 1791250557144530 89171
2573 1791250557149078 77181
2574 1791250557165577 72384
2575 1791250557197830 84710
2576 1791250557219804 83585
2577 1791250557240576 89302
2578 1791250557246236 74813
2579 1791250557279626 81792
2580 1791250557293600 77350
2581 1791250557316724 85500
2582 1791250557336850 82663
2583 1791250557354054 80346
2584 1791250557377900 86585
2585 1791250557406452 95307
2586 1791250557424266 90450
2587 1791250557435910 82737
2588 1791250557465961 90523
2589 1791250557476371 84979
2590 1791250557504536 92832
2591 1791250557524573 94083
2592 1791250557540534 86877
2593 1791250557565313 91956
2594 1791250557585296 94173
2595 1791250557621821 108384
2596 1791250557625762 91595
2597 1791250557645593 92107
2598 1791250557666671 93889
2599 1791250557692909 96493
2600 1791250557722647 110928
2601 1791250557727021 94395
2602 1791250557747220 93003
2603 1791250557772854 100140
2604 1791250557808281 115369
2605 1791250557813033 100230
2606 1791250557838786 106860
2607 1791250557844824 89795
2608 1791250557875379 102522
2609 1791250557889421 98044
2610 1791250557925197 112807
2611 1791250557939921 106060
2612 1791250557949897 95775
2613 1791250557962681 90075
2614 1791250557989429 95427
2615 1791250558003726 93037
2616 1791250558036962 102625
2617 1791250558045742 95842
2618 1791250558065833 91770
2619 1791250558086195 94995
2620 1791250558113203 100106
2621 1791250558136313 104214
2622 1791250558157052 103054
2623 1791250558175928 103077
2624 1791250558195641 103539
2625 1791250558224855 111651
2626 1791250558234891 103802
2627 1791250558262749 109634
2628 1791250558278280 107497
2629 1791250558304128 111594
2630 1791250558325782 112403
2631 1791250558340804 110576
2632 1791250558371293 120796
2633 1791250558394929 123193
2634 1791250558402381 111440
2635 1791250558424592 110753
2636 1791250558441250 106427
2637 1791250558468429 116513
2638 1791250558487328 117023
2639 1791250558514362 123676
2640 1791250558527098 115855
2641 1791250558547379 116578
2642 1791250558578767 124521
2643 1791250558596970 126215
2644 1791250558625452 131463
2645 1791250558636058 122257
2646 1791250558651239 117480
2647 1791250558665223 114169
2648 1791250558698817 127178
2649 1791250558717340 123677
2650 1791250558730558 118707
2651 1791250558754840 122365
2652 1791250558767648 116407
2653 1791250558780397 109244
2654 1791250558805963 112821
2655 1791250558832190 121197
2656 1791250558851051 120489
2657 1791250558867379 112787
2658 1791250558892726 118796
2659 1791250558904298 110693
2660 1791250558918636 105299
2661 1791250558942325 110132
2662 1791250558959024 107970
2663 1791250558980715 108602
2664 1791250559000185 107456
2665 1791250559013017 102555
2666 1791250559039023 105638
2667 1791250559054627 102788
2668 1791250559083642 110183
2669 1791250559098337 103767
2670 1791250559113919 103596
2671 1791250559125668 94005
2672 1791250559156996 104284
2673 1791250559157556 84504
2674 1791250559188042 94754
2675 1791250559201884 87962
2676 1791250559217769 84803
2677 1791250559234149 81397
2678 1791250559243411 71649
2679 1791250559270580 76234
2680 1791250559284539 72966
2681 1791250559309007 77442
2682 1791250559318346 63637
2683 1791250559331802 61220
2684 1791250559356454 65371
2685 1791250559371209 60371
2686 1791250559389014 58202
2687 1791250559403857 53287
2688 1791250559417375 46164
2689 1791250559439472 48264
2690 1791250559455185 44774
2691 1791250559485051 49961
2692 1791250559499151 45979
2693 1791250559516480 44301
2694 1791250559537278 42422
2695 1791250559542862 32176
2696 1791250559573523 42856
2697 1791250559586204 29250
2698 1791250559603505 32707
2699 1791250559616771 25115
2700 1791250559645930 34866
2701 1791250559667817 36106
2702 1791250559691317 38865
2703 1791250559702614 32301
2704 1791250559733099 41865
2705 1791250559760885 47720
2706 1791250559768221 35119
2707 1791250559795973 42062
2708 1791250559805834 32656
2709 1791250559825591 32161
2710 1791250559856451 43945
2711 1791250559868764 35087
2712 1791250559876484 23443
2713 1791250559906065 31428
2714 1791250559943925 51180
2715 1791250559946495 33526
2716 1791250559972586 39822
2717 1791250559984005 33110
2718 1791250560005748 33159
2719 1791250560026765 35471
2720 1791250560041547 27713
2721 1791250560063305 29453
2722 1791250560090706 39441
2723 1791250560122730 51212
2724 1791250560148186 57477
2725 1791250560148201 32953
2726 1791250560164220 33070
2727 1791250560196861 43283
2728 1791250560213591 39009
2729 1791250560232883 39669
2730 1791250560243431 30657
2731 1791250560264233 33180
2732 1791250560282083 31113
2733 1791250560307093 34464
2734 1791250560334787 42207
2735 1791250560342377 28189
2736 1791250560365343 32754
2737 1791250560390596 37688
2738 1791250560412369 39856
2739 1791250560419963 29364
2740 1791250560444451 32323
2741 1791250560467530 33596
2742 1791250560480458 28741
2743 1791250560512701 37856
2744 1791250560540814 47669
2745 1791250560556301 43597
2746 1791250560571835 37854
2747 1791250560588269 35401
2748 1791250560609031 38369
2749 1791250560625942 34832
2750 1791250560647344 33351
2751 1791250560673683 41071
2752 1791250560694566 41029
2753 1791250560708758 37704
2754 1791250560735926 41358
2755 1791250560746517 34969
2756 1791250560767846 35257
2757 1791250560794534 42942
2758 1791250560814441 43875
2759 1791250560840926 46390
2760 1791250560854163 39719
2761 1791250560874895 41150
2762 1791250560892975 40948
2763 1791250560916081 44975
2764 1791250560943465 52253
2765 1791250560967936 53174
2766 1791250560976002 44170
2767 1791250561000854 49058
2768 1791250561021064 48735
2769 1791250561026047 31757
2770 1791250561056075 42213
2771 1791250561068310 33318
2772 1791250561098102 45016
2773 1791250561111499 38501
2774 1791250561142429 49640
2775 1791250561164064 52562
2776 1791250561183946 49939
2777 1791250561201467 48878
2778 1791250561221983 50753
2779 1791250561234279 43065
2780 1791250561259187 45975
2781 1791250561284866 52362
2782 1791250561310071 55424
2783 1791250561335798 63448
2784 1791250561344833 52258
2785 1791250561380539 70464
2786 1791250561392152 58803
2787 1791250561410975 58573
2788 1791250561434825 62570
2789 1791250561457078 65529
2790 1791250561480285 69397
2791 1791250561493864 63057
2792 1791250561514947 64942
2793 1791250561544303 69872
2794 1791250561554232 62101
2795 1791250561584013 69063
2796 1791250561603728 72699
2797 1791250561624317 71776
2798 1791250561636331 64261
2799 1791250561665568 72254
2800 1791250561678872 67661
2801 1791250561704610 70956
2802 1791250561714173 63104
2803 1791250561736149 65001
2804 1791250561771131 79029
2805 1791250561787185 75327
2806 1791250561803146 70192
2807 1791250561827251 72440
2808 1791250561846036 74901
2809 1791250561873692 81884
2810 1791250561884860 70490
2811 1791250561905425 73333
2812 1791250561935583 84570
2813 1791250561960690 86994
2814 1791250561979171 85288
2815 1791250562001187 88154
2816 1791250562016061 84065
2817 1791250562031257 78722
2818 1791250562053595 79972
2819 1791250562073098 78797
2820 1791250562093045 82038
2821 1791250562123841 92581
2822 1791250562136331 82733
2823 1791250562156760 83659
2824 1791250562182071 91744
2825 1791250562198941 87907
2826 1791250562224283 89664
2827 1791250562230018 78492
2828 1791250562265425 91494
2829 1791250562280387 88331
2830 1791250562312640 98931
2831 1791250562323171 93148
2832 1791250562346359 93317
2833 1791250562355708 84855
2834 1791250562377697 85691
2835 1791250562402534 90651
2836 1791250562424190 90694
2837 1791250562449751 98166
2838 1791250562472769 99038
2839 1791250562496051 101293
2840 1791250562524368 112547
2841 1791250562533063 99667
2842 1791250562552210 99182
2843 1791250562572024 99253
2844 1791250562586994 94369
2845 1791250562614339 103465
2846 1791250562625516 92450
2847 1791250562649016 96804
2848 1791250562665603 95133
2849 1791250562697322 102796
2850 1791250562728930 114588
2851 1791250562731861 98106
2852 1791250562758751 108466
2853 1791250562771932 98627
2854 1791250562794334 101902
2855 1791250562815721 102834
2856 1791250562834120 103513
2857 1791250562855415 101491
2858 1791250562883924 112583
2859 1791250562898639 108348
2860 1791250562924798 111148
2861 1791250562946553 112431
2862 1791250562964793 111528
2863 1791250562982044 110774
2864 1791250563003724 109218
2865 1791250563027996 116587
2866 1791250563045160 114867
2867 1791250563070505 118585
2868 1791250563087245 115577
2869 1791250563101544 110236
2870 1791250563126173 112577
2871 1791250563147678 115466
2872 1791250563165650 109766
2873 1791250563184837 114329
2874 1791250563204467 112420
2875 1791250563231909 118322
2876 1791250563247542 114417
2877 1791250563267560 115491
2878 1791250563293302 121489
2879 1791250563316234 124413
2880 1791250563330158 118708
2881 1791250563348791 116878
2882 1791250563373944 121165
2883 1791250563397118 123559
2884 1791250563430403 137097
2885 1791250563437167 123270
2886 1791250563449188 119027
2887 1791250563470829 118934
2888 1791250563496037 122949
2889 1791250563518450 125534
2890 1791250563532872 120353
2891 1791250563554080 123674
2892 1791250563570185 116708
2893 1791250563588253 117422
2894 1791250563600290 109503
2895 1791250563623635 106921
2896 1791250563641348 108890
2897 1791250563661771 111496
2898 1791250563672388 102200
2899 1791250563694056 101082
2900 1791250563718074 101119
2901 1791250563740737 106906
2902 1791250563752155 100684
2903 1791250563768272 95882
2904 1791250563782039 89021
2905 1791250563803735 90944
2906 1791250563829424 95500
2907 1791250563842995 90950
2908 1791250563863616 88280
2909 1791250563879611 87164
2910 1791250563895538 79815
2911 1791250563913180 82286
2912 1791250563930893 79400
2913 1791250563953430 80630
2914 1791250563963911 72459
2915 1791250563981367 70213
2916 1791250563998000 67104
2917 1791250564015515 62082
2918 1791250564039605 68153
2919 1791250564058008 64131
2920 1791250564069366 54854
2921 1791250564075992 43390
2922 1791250564098103 42436
2923 1791250564114300 39797
2924 1791250564148739 52212
2925 1791250564160249 48839
2926 1791250564172722 41726
2927 1791250564182042 30272
2928 1791250564200299 29369
2929 1791250564223001 29134
2930 1791250564245913 33413
2931 1791250564275627 41291
2932 1791250564280172 30093
2933 1791250564302054 29180
2934 1791250564335241 42973
2935 1791250564349514 35743
2936 1791250564364622 33690
2937 1791250564378067 27103
2938 1791250564411673 37864
2939 1791250564430696 37272
2940 1791250564443437 31855
2941 1791250564469145 38446
2942 1791250564484275 31243
2943 1791250564506294 32635
2944 1791250564531046 38579
2945 1791250564550155 38051
2946 1791250564565372 34317
2947 1791250564585467 35305
2948 1791250564605314 33305
2949 1791250564624732 31771
2950 1791250564656642 43270
2951 1791250564675504 38908
2952 1791250564681754 27542
2953 1791250564714437 40397
2954 1791250564724879 30773
2955 1791250564745860 33379
2956 1791250564758369 27240
2957 1791250564789661 37937
2958 1791250564807025 35842
2959 1791250564826072 29847
2960 1791250564847537 35707
2961 1791250564874615 40745
2962 1791250564893543 39106
2963 1791250564895436 24320
2964 1791250564926177 32630
2965 1791250564937397 26791
2966 1791250564963494 32198
2967 1791250564984110 29653
2968 1791250565005843 31049
2969 1791250565033018 39346
2970 1791250565043560 33196
2971 1791250565065833 32925
2972 1791250565090767 37048
2973 1791250565099515 29552
2974 1791250565129025 38255
2975 1791250565143291 29658
2976 1791250565165686 33830
2977 1791250565177049 26640
2978 1791250565199896 26350
2979 1791250565222472 30771
2980 1791250565254444 40140
2981 1791250565272141 38537
2982 1791250565287405 32957
2983 1791250565306710 34555
2984 1791250565332616 38921
2985 1791250565359208 46320
2986 1791250565366287 33668
2987 1791250565385057 33296
2988 1791250565408693 36787
2989 1791250565425647 33048
2990 1791250565441331 28017
2991 1791250565465421 32117
2992 1791250565493678 42104
2993 1791250565501889 27873
2994 1791250565526859 33178
2995 1791250565543381 29625
2996 1791250565558835 25808
2997 1791250565595950 44269
2998 1791250565604671 31147
2999 1791250565630247 34294
3000 1791250565644164 32694
3001 1791250565667249 36999
3002 1791250565694461 39547
3003 1791250565717735 46323
3004 1791250565740237 47054
3005 1791250565763883 50035
3006 1791250565792497 59318
3007 1791250565809778 59284
3008 1791250565834058 60264
3009 1791250565856455 63955
3010 1791250565879489 69707
3011 1791250565902131 71893
3012 1791250565927489 74616
3013 1791250565947137 72406
3014 1791250565973612 81132
3015 1791250565987879 75344
3016 1791250566004337 72934
3017 1791250566032926 77732
3018 1791250566057623 84008
3019 1791250566063539 71822
3020 1791250566090761 79226
3021 1791250566114172 81243
3022 1791250566134613 83772
3023 1791250566147092 75091
3024 1791250566175408 84644
3025 1791250566191024 76849
3026 1791250566216508 85496
3027 1791250566234602 80787
3028 1791250566257789 83937
3029 1791250566274050 83023
3030 1791250566294574 80852
3031 1791250566331819 97213
3032 1791250566346457 92774
3033 1791250566364243 90460
3034 1791250566372639 79215
3035 1791250566397557 85189
3036 1791250566419251 87581
3037 1791250566436325 82366
3038 1791250566459230 87944
3039 1791250566487181 95111
3040 1791250566512600 98591
3041 1791250566525522 93759
3042 1791250566552101 98358
3043 1791250566573212 99813
3044 1791250566584014 93554
3045 1791250566612344 99742
3046 1791250566626360 91848
3047 1791250566650628 98612
3048 1791250566667936 94721
3049 1791250566687114 94153
3050 1791250566716589 104242
3051 1791250566734312 102526
3052 1791250566745746 95226
3053 1791250566766958 96176
3054 1791250566802815 110255
3055 1791250566812348 101536
3056 1791250566840535 106220
3057 1791250566858708 105735
3058 1791250566875599 104857
3059 1791250566895329 103798
3060 1791250566907106 96518
3061 1791250566935480 102854
3062 1791250566955648 102172
3063 1791250566982839 109018
3064 1791250567003463 111938
3065 1791250567025810 112615
3066 1791250567037689 105226
3067 1791250567062828 110410
3068 1791250567081725 109326
3069 1791250567106730 113531
3070 1791250567127584 115934
3071 1791250567143310 109272
3072 1791250567173017 118889
3073 1791250567187334 117030
3074 1791250567205792 112575
3075 1791250567225222 112752
3076 1791250567238543 106047
3077 1791250567267845 114973
3078 1791250567278423 105531
3079 1791250567297685 106867
3080 1791250567319795 107301
3081 1791250567351698 119556
3082 1791250567362383 108190
3083 1791250567394187 120953
3084 1791250567408428 117758
3085 1791250567426052 113463
3086 1791250567451357 118241
3087 1791250567465874 114173
3088 1791250567487776 112800
3089 1791250567511112 116922
3090 1791250567523195 110542
3091 1791250567546589 115789
3092 1791250567565509 114148
3093 1791250567585289 112566
3094 1791250567603237 110111
3095 1791250567635369 124253
3096 1791250567663703 129529
3097 1791250567667612 114317
3098 1791250567690055 117880
3099 1791250567708437 115942
3100 1791250567729379 114920
3101 1791250567742063 111008
3102 1791250567765475 114747
3103 1791250567787149 115787
3104 1791250567802302 112244
3105 1791250567833607 121354
3106 1791250567845701 114199
3107 1791250567865970 114619
3108 1791250567891567 117962
3109 1791250567904044 113336
3110 1791250567916621 103057
3111 1791250567940876 107266
3112 1791250567955344 101230
3113 1791250567983634 109905
3114 1791250567997898 106439
3115 1791250568011141 100289
3116 1791250568025628 94838
3117 1791250568052281 101152
3118 1791250568074438 103523
3119 1791250568087757 93745
3120 1791250568095527 84986
3121 1791250568130090 95101
3122 1791250568136107 83953
3123 1791250568163043 88602
3124 1791250568170479 77997
3125 1791250568194379 80822
3126 1791250568200313 70220
3127 1791250568224495 71925
3128 1791250568231308 60827
3129 1791250568256926 62544
3130 1791250568278476 63640
3131 1791250568288065 56755
3132 1791250568299537 48033
3133 1791250568323229 49737
3134 1791250568336640 44706
3135 1791250568350726 39623
3136 1791250568373516 42222
3137 1791250568384690 33961
3138 1791250568404498 30979
3139 1791250568424894 30349
3140 1791250568447108 35463
3141 1791250568466960 32866
3142 1791250568473814 23587
3143 1791250568499588 26353
3144 1791250568527612 34851
3145 1791250568544969 32085
3146 1791250568559522 26732
3147 1791250568592669 40113
3148 1791250568602675 30233
3149 1791250568623657 30986
3150 1791250568643451 31413
3151 1791250568664209 31015
3152 1791250568685198 32850
3153 1791250568710092 37694
3154 1791250568725824 32692
3155 1791250568746526 36431
3156 1791250568762096 31410
3157 1791250568790589 37735
3158 1791250568813058 40534
3159 1791250568824796 34204
3160 1791250568851700 38638
3161 1791250568862763 28738
3162 1791250568890569 39133
3163 1791250568913970 40025
3164 1791250568920317 29744
3165 1791250568941901 27920
3166 1791250568961903 31290
3167 1791250568983561 31030
3168 1791250569004335 31139
3169 1791250569015639 24442
3170 1791250569050238 38410
3171 1791250569074332 42209
3172 1791250569077524 27283
3173 1791250569107641 33306
3174 1791250569124835 32538
3175 1791250569138870 28166
3176 1791250569164480 29965
3177 1791250569191092 35342
3178 1791250569199507 28584
3179 1791250569232131 41036
3180 1791250569246004 32598
3181 1791250569264433 32300
3182 1791250569276584 25779
3183 1791250569299783 27012
3184 1791250569326000 31687
3185 1791250569344461 31953
3186 1791250569365450 34115
3187 1791250569383596 31356
3188 1791250569410818 35884
3189 1791250569422019 29648
3190 1791250569443538 32717
3191 1791250569468703 35511
3192 1791250569489331 38550
3193 1791250569504866 33370
3194 1791250569525526 34315
3195 1791250569544274 32754
3196 1791250569568215 34194
3197 1791250569584536 32293
3198 1791250569597388 26515
3199 1791250569628498 37700
3200 1791250569645629 34410
3201 1791250569678648 44319
3202 1791250569692290 38306
3203 1791250569707078 35836
3204 1791250569729636 37343
3205 1791250569753776 39756
3206 1791250569774531 43735
3207 1791250569790758 40612
3208 1791250569822362 51598
3209 1791250569836678 45918
3210 1791250569864380 53187
3211 1791250569879471 45798
3212 1791250569903948 49239
3213 1791250569928207 54253
3214 1791250569949847 56261
3215 1791250569966104 55579
3216 1791250569996318 65787
3217 1791250570002645 52795
3218 1791250570016068 45303
3219 1791250570040863 48431
3220 1791250570054443 40341
3221 1791250570081311 47734
3222 1791250570094261 42862
3223 1791250570118007 47104
3224 1791250570147312 53048
3225 1791250570166275 52042
3226 1791250570181256 47822
3227 1791250570209363 56405
3228 1791250570216847 40419
3229 1791250570238083 44214
3230 1791250570260616 46007
3231 1791250570278755 48312
3232 1791250570304134 49833
3233 1791250570325043 52300
3234 1791250570341981 50882
3235 1791250570366257 54045
3236 1791250570384604 53843
3237 1791250570409245 57541
3238 1791250570432997 59805
3239 1791250570458450 67090
3240 1791250570471840 58665
3241 1791250570488482 56920
3242 1791250570520461 66479
3243 1791250570534610 62767
3244 1791250570554849 61198
3245 1791250570575472 61015
3246 1791250570594718 60106
3247 1791250570613825 60953
3248 1791250570637715 65867
3249 1791250570655712 64609
3250 1791250570686774 72945
3251 1791250570704854 72990
3252 1791250570722241 68393
3253 1791250570745491 71197
3254 1791250570764424 72843
3255 1791250570785731 71658
3256 1791250570809894 78368
3257 1791250570831148 79007
3258 1791250570845871 75023
3259 1791250570874264 80208
3260 1791250570889446 79549
3261 1791250570904376 73225
3262 1791250570931293 76057
3263 1791250570951188 78955
3264 1791250570970120 75897
3265 1791250571000380 87531
3266 1791250571006813 75517
3267 1791250571038699 87616
3268 1791250571052176 82053
3269 1791250571069981 75269
3270 1791250571092874 79718
3271 1791250571106105 72976
3272 1791250571127235 75056
3273 1791250571149939 79954
3274 1791250571184585 91709
3275 1791250571197930 83900
3276 1791250571211754 79499
3277 1791250571234833 84891
3278 1791250571252760 80745
3279 1791250571273661 79377
3280 1791250571295986 85084
3281 1791250571329630 95801
3282 1791250571346155 96078
3283 1791250571359530 87334
3284 1791250571385218 92188
3285 1791250571405962 93170
3286 1791250571422491 91384
3287 1791250571442658 91049
3288 1791250571464253 93073
3289 1791250571483945 93323
3290 1791250571505245 93481
3291 1791250571537161 100505
3292 1791250571557173 104911
3293 1791250571564865 87477
3294 1791250571581188 89941
3295 1791250571614728 102950
3296 1791250571633393 100918
3297 1791250571646258 94826
3298 1791250571669967 96635
3299 1791250571687912 97415
3300 1791250571709724 96426
3301 1791250571733366 99970
3302 1791250571750049 96147
3303 1791250571766576 96606
3304 1791250571795993 103220
3305 1791250571815449 101332
3306 1791250571834809 101440
3307 1791250571853199 103146
3308 1791250571874509 103699
3309 1791250571897446 102800
3310 1791250571921495 110767
3311 1791250571951850 120760
3312 1791250571970398 117197
3313 1791250571978914 107105
3314 1791250571997292 105802
3315 1791250572017901 103700
3316 1791250572034804 102750
3317 1791250572063199 111346
3318 1791250572076832 106431
3319 1791250572098121 107034
3320 1791250572118086 104818
3321 1791250572140488 106433
3322 1791250572161307 109897
3323 1791250572186292 115917
3324 1791250572206412 113966
3325 1791250572232402 122038
3326 1791250572243960 111799
3327 1791250572264592 113712
3328 1791250572285444 113362
3329 1791250572303956 110652
3330 1791250572322950 112204
3331 1791250572343593 111371
3332 1791250572359525 105910
3333 1791250572385074 114201
3334 1791250572411705 117582
3335 1791250572434755 120197
3336 1791250572444257 113656
3337 1791250572467141 113314
3338 1791250572484221 112423
3339 1791250572512835 119035
3340 1791250572528361 116653
3341 1791250572541209 109456
3342 1791250572562250 111385
3343 1791250572587503 116892
3344 1791250572612687 116771
3345 1791250572633474 120636
3346 1791250572648579 115079
3347 1791250572669018 118228
3348 1791250572685810 115225
3349 1791250572701964 111084
3350 1791250572728274 115584
3351 1791250572749896 116499
3352 1791250572769411 118490
3353 1791250572783973 111960
3354 1791250572807921 114230
3355 1791250572825633 115043
3356 1791250572844065 109863
3357 1791250572863645 113745
3358 1791250572877707 106946
3359 1791250572903778 109434
3360 1791250572923524 111848
3361 1791250572939793 108311
3362 1791250572961361 108143
3363 1791250572969005 98054
3364 1791250573000702 105205
3365 1791250573015801 104550
3366 1791250573030424 96674
3367 1791250573044559 94561
3368 1791250573068436 96886
3369 1791250573091826 97194
3370 1791250573107257 94345
3371 1791250573114415 83988
3372 1791250573143042 88606
3373 1791250573155508 81160
3374 1791250573176255 84425
3375 1791250573185034 74114
3376 1791250573207924 76383
3377 1791250573224306 73739
3378 1791250573244519 73070
3379 1791250573266238 74290
3380 1791250573282100 70400
3381 1791250573293640 61687
3382 1791250573317378 66521
3383 1791250573340464 69091
3384 1791250573356374 62732
3385 1791250573368843 56246
3386 1791250573389906 56394
3387 1791250573414116 60558
3388 1791250573422020 51448
3389 1791250573442973 53064
3390 1791250573462815 48694
3391 1791250573476180 43106
3392 1791250573498103 46895
3393 1791250573515150 45092
3394 1791250573538257 45335
3395 1791250573551888 38427
3396 1791250573568024 37388
3397 1791250573587548 35681
3398 1791250573606294 30425
3399 1791250573624553 29885
3400 1791250573643354 30927
3401 1791250573662882 29884
3402 1791250573684641 33839
3403 1791250573702632 30510
3404 1791250573727150 35829
3405 1791250573738809 25765
3406 1791250573761596 31229
3407 1791250573782754 28814
3408 1791250573814840 41132
3409 1791250573824516 33130
3410 1791250573844880 32567
3411 1791250573862768 31571
3412 1791250573883711 31048
3413 1791250573913537 41042
3414 1791250573926020 33291
3415 1791250573945182 31642
3416 1791250573970004 37751
3417 1791250573984396 29919
3418 1791250574004609 34602
3419 1791250574033688 39387
3420 1791250574045654 34946
3421 1791250574065098 31508
3422 1791250574088026 36330
3423 1791250574102652 28901
3424 1791250574125665 31113
3425 1791250574144014 32413
3426 1791250574166698 33468
3427 1791250574187576 34212
3428 1791250574205037 29989
3429 1791250574222994 30627
3430 1791250574240240 26788
3431 1791250574265835 34801
3432 1791250574299846 46264
3433 1791250574310952 36235
3434 1791250574328382 35639
3435 1791250574342082 31126
3436 1791250574373624 38111
3437 1791250574396218 43934
3438 1791250574410974 37348
3439 1791250574420245 29208
3440 1791250574443917 32783
3441 1791250574460040 29453
3442 1791250574479535 28354
3443 1791250574504813 30744
3444 1791250574528834 35382
3445 1791250574552954 39872
3446 1791250574566062 35909
3447 1791250574595325 42368
3448 1791250574615456 42894
3449 1791250574638409 43077
3450 1791250574669454 56755
3451 1791250574690463 57247
3452 1791250574713826 62954
3453 1791250574726452 54746
3454 1791250574747559 57092
3455 1791250574775021 61190
3456 1791250574796283 62089
3457 1791250574813464 59063
3458 1791250574836360 61335
3459 1791250574847988 54535
3460 1791250574871153 57686
3461 1791250574899097 65437
3462 1791250574914374 61256
3463 1791250574932515 61858
3464 1791250574964333 69991
3465 1791250574985244 71800
3466 1791250575002706 71200
3467 1791250575031020 76904
3468 1791250575044496 73580
3469 1791250575065359 74665
3470 1791250575091816 80265
3471 1791250575107720 76697
3472 1791250575129564 77291
3473 1791250575146055 75615
3474 1791250575164312 72493
3475 1791250575191907 79235
3476 1791250575207531 76821
3477 1791250575234422 81674
3478 1791250575259046 86095
3479 1791250575270566 80191
3480 1791250575301218 87839
3481 1791250575319889 87525
3482 1791250575335267 81895
3483 1791250575355198 84629
3484 1791250575376025 83335
3485 1791250575394571 81948
3486 1791250575416720 85980
3487 1791250575441517 87977
3488 1791250575456539 83247
3489 1791250575470042 78264
3490 1791250575497310 86514
3491 1791250575515212 82881
3492 1791250575545284 92388
3493 1791250575562531 92488
3494 1791250575581296 87359
3495 1791250575597866 87084
3496 1791250575624726 92509
3497 1791250575653369 101464
3498 1791250575667737 96098
3499 1791250575683807 91714
3500 1791250575701623 88870
3501 1791250575724211 92857
3502 1791250575748607 95235
3503 1791250575768805 96940
3504 1791250575782472 91755
3505 1791250575811552 99704
3506 1791250575837487 104399
3507 1791250575860696 106798
3508 1791250575873491 103250
3509 1791250575896057 102339
3510 1791250575910546 98991
3511 1791250575924644 90895
3512 1791250575950655 95823
3513 1791250575978565 105546
3514 1791250575992779 100674
3515 1791250576020211 109661
3516 1791250576037765 106549
3517 1791250576054606 103948
3518 1791250576076467 100505
3519 1791250576099002 106222
3520 1791250576116011 101437
3521 1791250576133228 100060
3522 1791250576158103 106016
3523 1791250576185856 114807
3524 1791250576202515 111738
3525 1791250576218231 106731
3526 1791250576253453 120222
3527 1791250576268540 116859
3528 1791250576274746 101170
3529 1791250576298885 106514
3530 1791250576317202 105308
3531 1791250576344477 110809
3532 1791250576358132 104677
3533 1791250576379010 104262
3534 1791250576403926 111400
3535 1791250576420759 108141
3536 1791250576452094 119693
3537 1791250576466485 112445
3538 1791250576500384 127221
3539 1791250576511340 120214
3540 1791250576529378 115941
3541 1791250576551335 119494
3542 1791250576569041 116944
3543 1791250576582635 111515
3544 1791250576614367 120592
3545 1791250576625913 114739
3546 1791250576644858 113838
3547 1791250576668014 116676
3548 1791250576684325 113934
3549 1791250576715846 122788
3550 1791250576738638 124269
3551 1791250576747631 113933
3552 1791250576760937 110249
3553 1791250576792165 118147
3554 1791250576809083 116532
3555 1791250576828729 116951
3556 1791250576860163 127083
3557 1791250576873119 121251
3558 1791250576891567 120553
3559 1791250576904456 112290
3560 1791250576924203 111763
3561 1791250576947141 114555
3562 1791250576970973 116689
3563 1791250576982117 108994
3564 1791250577005591 114021
3565 1791250577020273 108379
3566 1791250577036311 105212
3567 1791250577056992 106292
3568 1791250577078452 107477
3569 1791250577103133 110347
3570 1791250577120941 106810
3571 1791250577143557 109535
3572 1791250577157107 103808
3573 1791250577180068 108572
3574 1791250577192876 99379
3575 1791250577209290 95894
3576 1791250577235871 105340
3577 1791250577247956 96926
3578 1791250577281355 108022
3579 1791250577294179 103810
3580 1791250577308967 96572
3581 1791250577334334 98458
3582 1791250577348503 96814
3583 1791250577369534 97982
3584 1791250577386478 93506
3585 1791250577399218 89150
3586 1791250577415979 83606
3587 1791250577430721 77665
3588 1791250577449771 78916
3589 1791250577472805 78075
3590 1791250577487662 74989
3591 1791250577504130 73406
3592 1791250577521960 71052
3593 1791250577536142 64576
3594 1791250577564415 69966
3595 1791250577568792 58424
3596 1791250577593420 60487
3597 1791250577612006 60197
3598 1791250577624153 52171
3599 1791250577642334 48911
3600 1791250577662693 50683
3601 1791250577682490 51298
3602 1791250577694582 43256
3603 1791250577708897 36905
3604 1791250577730729 39680
3605 1791250577745771 34075
3606 1791250577769847 39114
3607 1791250577784163 30269
3608 1791250577799543 29694
3609 1791250577824813 31728
3610 1791250577846898 34098
3611 1791250577863324 31203
3612 1791250577893772 39317
3613 1791250577908481 35334
3614 1791250577923798 30024
3615 1791250577948049 35438
3616 1791250577958390 28087
3617 1791250577987396 33139
3618 1791250578004151 31338
3619 1791250578023142 31301
3620 1791250578041151 30184
3621 1791250578074536 41941
3622 1791250578084403 31807
3623 1791250578104732 32261
3624 1791250578123823 31884
3625 1791250578153173 37793
3626 1791250578161109 30236
3627 1791250578190136 36960
3628 1791250578205700 34762
3629 1791250578220752 30613
3630 1791250578249928 36288
3631 1791250578257310 26040
3632 1791250578282808 32877
3633 1791250578303596 32564
3634 1791250578324697 31275
3635 1791250578341913 29633
3636 1791250578373184 39902
3637 1791250578387229 34701
3638 1791250578400605 27554
3639 1791250578432562 38525
3640 1791250578453310 41806
3641 1791250578464366 31801
3642 1791250578483574 30260
3643 1791250578503371 32835
3644 1791250578527492 34770
3645 1791250578547201 35585
3646 1791250578560552 27634
3647 1791250578586295 32547
3648 1791250578603969 33207
3649 1791250578626073 33476
3650 1791250578643651 29221
3651 1791250578665528 33454
3652 1791250578691507 35937
3653 1791250578704841 28156
3654 1791250578723939 32429
3655 1791250578754653 40956
3656 1791250578765278 32859
3657 1791250578785692 33101
3658 1791250578809308 37240
3659 1791250578824188 32049
3660 1791250578846868 36343
3661 1791250578863959 30343
3662 1791250578884589 32295
3663 1791250578905903 32570
3664 1791250578930946 38344
3665 1791250578949145 38683
3666 1791250578957429 26478
3667 1791250578994672 41698
3668 1791250579006482 33874
3669 1791250579018553 23879
3670 1791250579044047 29827
3671 1791250579064539 30966
3672 1791250579093149 39986
3673 1791250579107491 35661
3674 1791250579128450 35298
3675 1791250579145668 31521
3676 1791250579170072 38713
3677 1791250579196288 42322
3678 1791250579214179 44103
3679 1791250579238643 46035
3680 1791250579262699 48512
3681 1791250579266070 32395
3682 1791250579292409 40560
3683 1791250579313187 41235
3684 1791250579333842 41429
3685 1791250579355612 42421
3686 1791250579375483 41991
3687 1791250579391046 39606
3688 1791250579415656 43278
3689 1791250579435827 44779
3690 1791250579458493 44988
3691 1791250579473067 39482
3692 1791250579503432 52874
3693 1791250579524122 51622
3694 1791250579539825 46777
3695 1791250579563636 48600
3696 1791250579587425 54828
3697 1791250579597649 47544
3698 1791250579624102 52967
3699 1791250579641355 49612
3700 1791250579667629 54176
3701 1791250579696697 63118
3702 1791250579713644 60376
3703 1791250579730605 58045
3704 1791250579750641 59824
3705 1791250579773745 60098
3706 1791250579789549 58940
3707 1791250579818955 68311
3708 1791250579839162 65413
3709 1791250579855457 63321
3710 1791250579873568 60944
3711 1791250579896105 62615
3712 1791250579913385 62884
3713 1791250579936696 65938
3714 1791250579956763 65921
3715 1791250579980005 67893
3716 1791250579997021 62593
3717 1791250580019157 66248
3718 1791250580044826 71032
3719 1791250580057307 63511
3720 1791250580084444 70940
3721 1791250580104776 72225
3722 1791250580124371 74297
3723 1791250580146259 71246
3724 1791250580165452 73534
3725 1791250580186417 72264
3726 1791250580217470 83483
3727 1791250580235224 81193
3728 1791250580245662 73361
3729 1791250580271780 80747
3730 1791250580296818 84445
3731 1791250580308699 73472
3732 1791250580334788 80772
3733 1791250580354219 82438
3734 1791250580375649 83415
3735 1791250580395974 82341
3736 1791250580424640 90714
3737 1791250580438889 86267
3738 1791250580458204 86846
3739 1791250580476928 82928
3740 1791250580496132 83646
3741 1791250580519512 86906
3742 1791250580543541 89363
3743 1791250580555193 81292
3744 1791250580566491 73216
3745 1791250580574758 61658
3746 1791250580581617 47857
3747 1791250580581624 30361
3748 1791250580596562 22310
3749 1791250580616045 23864
3750 1791250580634031 22737
3751 1791250580663412 30922
3752 1791250580673647 21500
3753 1791250580696052 22402
3754 1791250580714672 22235
3755 1791250580733848 23482
3756 1791250580755835 22511
3757 1791250580773013 23035
3758 1791250580795154 22184
3759 1791250580816016 24210
3760 1791250580834010 21618
3761 1791250580852006 20950
3762 1791250580873756 21787
3763 1791250580894555 20796
3764 1791250580912705 21708
3765 1791250580937956 25247
3766 1791250580955629 24358
3767 1791250580973767 22649
3768 1791250580993631 21856
3769 1791250581014217 20585
3770 1791250581040800 27064
3771 1791250581062619 30364
3772 1791250581074861 23583
3773 1791250581093804 21910
3774 1791250581111949 21320
3775 1791250581132749 20870
3776 1791250581153903 21145
3777 1791250581175636 25399
3778 1791250581192663 21948
3779 1791250581223669 31003
3780 1791250581235216 22682
3781 1791250581254421 21978
3782 1791250581276750 24409
3783 1791250581295299 21943
3784 1791250581322234 30196
3785 1791250581336930 25173
3786 1791250581356855 25317
3787 1791250581375703 22875
3788 1791250581396628 25309
3789 1791250581422296 30321
3790 1791250581434211 22869
3791 1791250581459198 24984
3792 1791250581475572 24908
3793 1791250581495708 24175
3794 1791250581523964 28253
3795 1791250581535417 21705
3796 1791250581555014 23609
3797 1791250581575679 20662
3798 1791250581604441 28759
3799 1791250581615769 22501
3800 1791250581632240 21063
3801 1791250581653193 21003
3802 1791250581675096 21900
3803 1791250581700075 24976
3804 1791250581714668 22661
3805 1791250581735501 23754
3806 1791250581756488 23950
3807 1791250581774851 22294
3808 1791250581794544 23787
3809 1791250581815083 20582
3810 1791250581833365 22078
3811 1791250581854307 20939
3812 1791250581874426 22344
3813 1791250581896150 23061
3814 1791250581915263 23112
3815 1791250581942348 30395
3816 1791250581954646 22857
3817 1791250581972532 21611
3818 1791250582002945 30410
3819 1791250582015756 23610
3820 1791250582035991 23791
3821 1791250582054977 23104
3822 1791250582083456 31517
3823 1791250582095608 24745
3824 1791250582114734 22521
3825 1791250582140149 25413
3826 1791250582154697 21856
3827 1791250582174343 23254
3828 1791250582201956 30743
3829 1791250582212903 22377
3830 1791250582235638 23049
3831 1791250582252937 22802
3832 1791250582277124 24183
3833 1791250582294422 23638
3834 1791250582322257 28769
3835 1791250582342218 29769
3836 1791250582360683 28153
3837 1791250582373680 20989
3838 1791250582395565 22809
3839 1791250582411750 20682
3840 1791250582434847 23094
3841 1791250582455960 23668
3842 1791250582473720 22678
3843 1791250582495120 23422
3844 1791250582518607 27020
3845 1791250582536818 22396
3846 1791250582554373 22381
3847 1791250582574154 24206
3848 1791250582600407 28843
3849 1791250582616375 25319
3850 1791250582637548 24814
3851 1791250582652279 20794
3852 1791250582674027 21745
3853 1791250582694022 22597
3854 1791250582714393 24234
3855 1791250582732624 21812
3856 1791250582755880 23253
3857 1791250582783567 27683
3858 1791250582802837 28770
3859 1791250582815577 23672
3860 1791250582838707 25744
3861 1791250582862302 27855
3862 1791250582875079 24085
3863 1791250582895852 20769
3864 1791250582916795 24045
3865 1791250582935064 22266
3866 1791250582964292 29222
3867 1791250582975871 22052
3868 1791250583004154 28278
3869 1791250583022149 26957
3870 1791250583035440 22803
3871 1791250583055598 23285
3872 1791250583075123 22934
3873 1791250583092979 21750
3874 1791250583117168 25969
3875 1791250583134777 23733
3876 1791250583153074 21958
3877 1791250583173574 20496
3878 1791250583194136 20559
3879 1791250583214607 21275
3880 1791250583241441 27249
3881 1791250583258816 26867
3882 1791250583275082 23737
3883 1791250583293751 21751
3884 1791250583314647 23810
3885 1791250583333081 21554
3886 1791250583357654 24570
3887 1791250583375742 22619
3888 1791250583393942 21836
3889 1791250583412783 21827
3890 1791250583435793 23007
3891 1791250583461201 28495
3892 1791250583473229 22448
3893 1791250583496605 23374
3894 1791250583519048 24415
3895 1791250583539206 24553
3896 1791250583555934 20762
3897 1791250583576529 24057
3898 1791250583594746 21535
3899 1791250583615386 22588
3900 1791250583635620 24064
3901 1791250583651736 21159
3902 1791250583674019 22281
3903 1791250583694312 21998
3904 1791250583714370 22614
3905 1791250583735465 24554
3906 1791250583757378 21909
3907 1791250583776781 23136
3908 1791250583799662 26183
3909 1791250583812928 22670
3910 1791250583836612 23680
3911 1791250583854093 21094
3912 1791250583874467 22549
3913 1791250583895975 25349
3914 1791250583916514 20534
3915 1791250583934827 21057
3916 1791250583956942 22111
3917 1791250583974295 22950
3918 1791250584001974 27809
3919 1791250584020205 27662
3920 1791250584041559 26084
3921 1791250584054774 21653
3922 1791250584074581 22811
3923 1791250584095527 23014
3924 1791250584117654 25144
3925 1791250584136664 22669
3926 1791250584153498 21738
3927 1791250584177326 23824
3928 1791250584194202 21836
3929 1791250584214021 23296
3930 1791250584236410 22385
3931 1791250584262975 30073
3932 1791250584274284 22141
3933 1791250584296778 22491
3934 1791250584315910 23134
3935 1791250584342227 29117
3936 1791250584354391 23637
3937 1791250584375526 22811
3938 1791250584402522 26993
3939 1791250584415591 23561
3940 1791250584431806 21003
3941 1791250584455336 23574
3942 1791250584473180 23272
3943 1791250584493848 20665
3944 1791250584513607 22278
3945 1791250584535746 25698
3946 1791250584555113 21947
3947 1791250584573253 21252
3948 1791250584595057 21801
3949 1791250584627587 35792
3950 1791250584632933 21561
3951 1791250584656437 25523
3952 1791250584674391 23695
3953 1791250584696515 25064
3954 1791250584714564 21854
3955 1791250584735914 25060
3956 1791250584758661 22743
3957 1791250584777785 23478
3958 1791250584793639 20724
3959 1791250584815296 25455
3960 1791250584836661 21486
3961 1791250584852967 21208
3962 1791250584875069 23693
3963 1791250584895907 24909
3964 1791250584915065 23677
3965 1791250584938825 28257
3966 1791250584953967 22521
3967 1791250584975494 23561
3968 1791250584992483 21634
3969 1791250585022932 31368
3970 1791250585040807 27993
3971 1791250585051131 20813
3972 1791250585072654 21510
3973 1791250585098144 25487
3974 1791250585123663 29007
3975 1791250585139373 26881
3976 1791250585155251 22485
3977 1791250585184713 33114
3978 1791250585196734 24209
3979 1791250585213838 22234
3980 1791250585240624 26780
3981 1791250585255245 23180
3982 1791250585275688 23594
3983 1791250585295711 23872
3984 1791250585316867 23576
3985 1791250585335958 23445
3986 1791250585359360 27297
3987 1791250585374278 21304
3988 1791250585400874 29211
3989 1791250585418950 26192
3990 1791250585434003 21083
3991 1791250585455712 22443
3992 1791250585475860 24338
3993 1791250585494655 22507
3994 1791250585512816 21539
3995 1791250585535067 24279
3996 1791250585555931 23640
3997 1791250585574334 21303
3998 1791250585601635 31516
3999 1791250585629464 36499
4000 1791250585639889 26374
4001 1791250585655955 22031
4002 1791250585676782 23937
4003 1791250585693502 22565
4004 1791250585722510 29005
4005 1791250585732662 21645
4006 1791250585753681 21981
4007 1791250585782389 28777
4008 1791250585794031 21982
4009 1791250585816007 24916
4010 1791250585834987 22084
4011 1791250585854087 21794
4012 1791250585875196 23009
4013 1791250585893862 21702
4014 1791250585912747 21077
4015 1791250585936468 23766
4016 1791250585956400 22752
4017 1791250585976937 25449
4018 1791250585996754 23176
4019 1791250586015333 21845
4020 1791250586035127 23747
4021 1791250586063315 28184
4022 1791250586076953 24104
4023 1791250586096593 23872
4024 1791250586120483 26877
4025 1791250586136672 23435
4026 1791250586155556 22880
4027 1791250586173372 20986
4028 1791250586194278 20949
4029 1791250586215219 20938
4030 1791250586234714 24014
4031 1791250586257254 26882
4032 1791250586278161 24563
4033 1791250586292667 20881
4034 1791250586328139 35469
4035 1791250586342807 31534
4036 1791250586356439 26221
4037 1791250586372799 21554
4038 1791250586393739 20937
4039 1791250586414632 20890
4040 1791250586435836 22761
4041 1791250586456139 23090
4042 1791250586476848 23992
4043 1791250586494355 20898
4044 1791250586514746 24536
4045 1791250586533724 22761
4046 1791250586556811 23073
4047 1791250586583012 28804
4048 1791250586597194 25590
4049 1791250586612895 22710
4050 1791250586635313 22414
4051 1791250586653579 22088
4052 1791250586676104 22523
4053 1791250586694178 20994
4054 1791250586720044 29391
4055 1791250586749457 29410
4056 1791250586755212 23592
4057 1791250586775125 22654
4058 1791250586792772 21705
4059 1791250586815748 22974
4060 1791250586836242 23715
4061 1791250586854213 21899
4062 1791250586874569 24212
4063 1791250586901787 27215
4064 1791250586920287 27739
4065 1791250586934080 20745
4066 1791250586952552 21657
4067 1791250586975991 23436
4068 1791250586997930 24935
4069 1791250587015262 24980
4070 1791250587032701 20671
4071 1791250587052390 21470
4072 1791250587076820 24943
4073 1791250587093927 22760
4074 1791250587118298 24367
4075 1791250587135367 20828
4076 1791250587153945 22271
4077 1791250587182169 28222
4078 1791250587193613 22955
4079 1791250587219095 25531
4080 1791250587235424 22066
4081 1791250587254614 22299
4082 1791250587276001 24417
4083 1791250587294763 23911
4084 1791250587314730 22084
4085 1791250587333766 22923
4086 1791250587355343 21574
4087 1791250587383492 31450
4088 1791250587396845 24718
4089 1791250587412205 21643
4090 1791250587436000 25096
4091 1791250587454572 21497
4092 1791250587482524 27948
4093 1791250587492776 21875
4094 1791250587518011 25232
4095 1791250587543096 29411
4096 1791250587553420 20795
4097 1791250587573978 23649
4098 1791250587592745 20888
4099 1791250587617070 24322
4100 1791250587635601 24296
4101 1791250587653401 21727
4102 1791250587674561 23277
4103 1791250587694464 23091
4104 1791250587714755 23150
4105 1791250587743485 32120
4106 1791250587757812 26333
4107 1791250587773850 21935
4108 1791250587796576 22769
4109 1791250587811841 20824
4110 1791250587837021 25176
4111 1791250587855697 22208
4112 1791250587873769 22601
4113 1791250587893702 22867
4114 1791250587914067 23008
4115 1791250587933933 22784
4116 1791250587955004 23992
4117 1791250587975715 23583
4118 1791250587999693 28572
4119 1791250588012768 20721
4120 1791250588038444 25659
4121 1791250588056501 24289
4122 1791250588073789 20793
4123 1791250588096575 25575
4124 1791250588122280 30439
4125 1791250588135485 23757
4126 1791250588155487 25132
4127 1791250588173835 21172
4128 1791250588196496 22657
4129 1791250588213791 22109
4130 1791250588232968 21387
4131 1791250588254047 21257
4132 1791250588274395 23337
4133 1791250588293910 23658
4134 1791250588314733 21900
4135 1791250588333172 22194
4136 1791250588358485 25309
4137 1791250588383365 28048
4138 1791250588396383 24363
4139 1791250588415612 23783
4140 1791250588431077 20475
4141 1791250588455969 24888
4142 1791250588473058 22756
4143 1791250588495191 22129
4144 1791250588513728 22391
4145 1791250588533759 22785
4146 1791250588552792 21876
4147 1791250588582548 29753
4148 1791250588592663 21922
4149 1791250588614174 23267
4150 1791250588633725 22210
# sent 4151 received 4151
