0 1791250239964486 21950
1 1791250239992738 28226
2 1791250240012763 29059
3 1791250240027212 22936
4 1791250240048914 21699
5 1791250240073508 24590
6 1791250240094497 26023
7 1791250240113425 23985
8 1791250240131643 24391
9 1791250240147911 23258
10 1791250240166714 21884
11 1791250240186037 21617
12 1791250240204681 20606
13 1791250240227048 22363
14 1791250240253229 28615
15 1791250240264526 21311
16 1791250240287946 24116
17 1791250240305945 21623
18 1791250240325699 21869
19 1791250240346908 23288
20 1791250240369990 25797
21 1791250240394215 24223
22 1791250240413556 27568
23 1791250240425690 21214
24 1791250240444295 20837
25 1791250240472966 28668
26 1791250240487398 21326
27 1791250240510837 23433
28 1791250240532129 27921
29 1791250240548467 24852
30 1791250240569481 25807
31 1791250240585118 21018
32 1791250240613997 28960
33 1791250240634429 26675
34 1791250240653066 25885
35 1791250240673937 27438
36 1791250240685204 21815
37 1791250240712349 27312
38 1791250240730046 24906
39 1791250240753657 23609
40 1791250240767673 21091
41 1791250240790438 27319
42 1791250240812026 29011
43 1791250240830063 25490
44 1791250240847917 21272
45 1791250240871691 23771
46 1791250240886478 22027
47 1791250240906917 22841
48 1791250240934336 27415
49 1791250240945900 22282
50 1791250240973320 27487
51 1791250240994766 24115
52 1791250241005854 22016
53 1791250241032716 26858
54 1791250241052182 28820
55 1791250241069640 23317
56 1791250241086195 22750
57 1791250241112509 28495
58 1791250241134137 29164
59 1791250241150814 24068
60 1791250241166248 22732
61 1791250241192326 26075
62 1791250241213746 25460
63 1791250241231788 24142
64 1791250241244198 21036
65 1791250241265543 21340
66 1791250241286205 20945
67 1791250241308565 24362
68 1791250241329385 23321
69 1791250241348713 25577
70 1791250241366739 22849
71 1791250241393003 26260
72 1791250241413370 27079
73 1791250241431505 25129
74 1791250241446533 21827
75 1791250241473430 26895
76 1791250241487328 24565
77 1791250241512158 24826
78 1791250241525981 21751
79 1791250241545494 21163
80 1791250241577640 32143
81 1791250241593404 28181
82 1791250241611185 27109
83 1791250241627792 23847
84 1791250241648300 23383
85 1791250241667099 22342
86 1791250241694729 27953
87 1791250241705321 21172
88 1791250241725410 21761
89 1791250241747940 24369
90 1791250241772176 27960
91 1791250241793267 29860
92 1791250241811726 27042
93 1791250241830920 26142
94 1791250241847821 24782
95 1791250241871863 24039
96 1791250241891225 25675
97 1791250241909118 22799
98 1791250241924029 20412
99 1791250241948983 24951
100 1791250241973481 24495
101 1791250241993207 27535
102 1791250242012206 28355
103 1791250242027551 23122
104 1791250242047970 21962
105 1791250242065043 21825
106 1791250242093661 30424
107 1791250242111507 27282
108 1791250242133534 29458
109 1791250242145992 21341
110 1791250242173922 27927
111 1791250242185118 21628
112 1791250242209137 24015
113 1791250242232870 23888
114 1791250242246659 20916
115 1791250242277988 31326
116 1791250242288087 24447
117 1791250242309873 25501
118 1791250242325297 21265
119 1791250242347776 23748
120 1791250242372854 25064
121 1791250242394690 26446
122 1791250242412658 25514
123 1791250242428887 24804
124 1791250242444490 21506
125 1791250242468218 24538
126 1791250242492822 27524
127 1791250242512125 28257
128 1791250242527452 23382
129 1791250242552470 25064
130 1791250242567007 23138
131 1791250242585850 21967
132 1791250242610527 25723
133 1791250242628711 25668
134 1791250242651581 22865
135 1791250242666866 23651
136 1791250242693941 29187
137 1791250242712505 28109
138 1791250242728268 25090
139 1791250242752030 23806
140 1791250242770158 25385
141 1791250242792362 28160
142 1791250242813478 30220
143 1791250242833115 27533
144 1791250242853157 28522
145 1791250242868250 24710
146 1791250242884311 20980
147 1791250242905854 21538
148 1791250242926744 22007
149 1791250242951058 27339
150 1791250242973618 29098
151 1791250242993516 28458
152 1791250243004208 21039
153 1791250243026398 22186
154 1791250243049345 24641
155 1791250243070226 25491
156 1791250243088489 24940
157 1791250243114581 26087
158 1791250243133251 23367
159 1791250243143442 20317
160 1791250243173314 29922
161 1791250243189997 25721
162 1791250243205873 21409
163 1791250243229750 26290
164 1791250243247123 23652
165 1791250243273555 26559
166 1791250243294016 26321
167 1791250243307688 23658
168 1791250243332407 24714
169 1791250243346169 20692
170 1791250243372047 25875
171 1791250243391278 26955
172 1791250243405160 21552
173 1791250243433365 29309
174 1791250243445055 21210
175 1791250243466571 21511
176 1791250243486701 22143
177 1791250243513290 28694
178 1791250243523863 20815
179 1791250243545299 21473
180 1791250243565592 20909
181 1791250243586360 22349
182 1791250243607295 23798
183 1791250243633753 26568
184 1791250243646123 22565
185 1791250243673520 29175
186 1791250243692165 27989
187 1791250243711276 26461
188 1791250243731762 27887
189 1791250243753402 29746
190 1791250243764737 20700
191 1791250243785669 20929
192 1791250243806962 23642
193 1791250243826735 21609
194 1791250243845792 21066
195 1791250243866477 23166
196 1791250243885712 21155
197 1791250243905367 20892
198 1791250243924316 21000
199 1791250243950032 25709
200 1791250243967386 23199
201 1791250243983884 20637
202 1791250244006701 22814
203 1791250244027765 23988
204 1791250244047952 24298
205 1791250244070657 25815
206 1791250244086707 23430
207 1791250244113613 26901
208 1791250244124964 21900
209 1791250244145183 21497
210 1791250244164845 21768
211 1791250244187468 22620
212 1791250244205242 20701
213 1791250244225388 21823
214 1791250244246075 20684
215 1791250244276286 30208
216 1791250244295540 25830
217 1791250244313536 28372
218 1791250244326246 21934
219 1791250244354048 28034
220 1791250244374424 27797
221 1791250244384817 20965
222 1791250244411658 26838
223 1791250244428262 24434
224 1791250244446275 21434
225 1791250244473022 26957
226 1791250244494056 26267
227 1791250244513299 26589
228 1791250244536173 27555
229 1791250244552507 24184
230 1791250244566146 21877
231 1791250244587911 21885
232 1791250244614765 29050
233 1791250244628463 25249
234 1791250244652129 23654
235 1791250244672268 27640
236 1791250244686017 22293
237 1791250244706338 22497
238 1791250244731933 28270
239 1791250244747621 21469
240 1791250244765231 21663
241 1791250244785067 21954
242 1791250244806729 21658
243 1791250244825315 20718
244 1791250244844550 21423
245 1791250244868052 23499
246 1791250244884408 21674
247 1791250244904802 21500
248 1791250244928733 23928
249 1791250244945348 21622
250 1791250244972179 26826
251 1791250244990236 25752
252 1791250245004742 21049
253 1791250245034952 30205
254 1791250245046404 23451
255 1791250245072154 25740
256 1791250245093328 29573
257 1791250245113740 28597
258 1791250245133861 29920
259 1791250245147764 22012
260 1791250245172932 25164
261 1791250245192780 25353
262 1791250245214862 25160
263 1791250245227076 23793
264 1791250245246608 23491
265 1791250245266429 22700
266 1791250245285292 20908
267 1791250245307643 23584
268 1791250245341124 33478
269 1791250245352113 25140
270 1791250245372395 28978
271 1791250245392580 27559
272 1791250245409268 25417
273 1791250245427995 22316
274 1791250245444789 21039
275 1791250245468415 23623
276 1791250245484033 21064
277 1791250245505996 21959
278 1791250245525567 20724
279 1791250245546432 21891
280 1791250245573551 27116
281 1791250245592123 23419
282 1791250245612995 26552
283 1791250245635383 27091
284 1791250245650368 26908
285 1791250245665770 22227
286 1791250245693213 28758
287 1791250245713865 28155
288 1791250245730446 25370
289 1791250245744461 20919
290 1791250245765499 21085
291 1791250245801772 37696
292 1791250245812599 28981
293 1791250245824810 20545
294 1791250245845326 21299
295 1791250245868201 24242
296 1791250245893876 28400
297 1791250245904347 20849
298 1791250245931498 27148
299 1791250245960559 29059
300 1791250245971991 21953
301 1791250245986516 23152
302 1791250246005247 21817
303 1791250246025918 21761
304 1791250246051719 27918
305 1791250246070956 27283
306 1791250246093042 29773
307 1791250246109008 24590
308 1791250246125273 21253
309 1791250246144450 20705
310 1791250246173007 29173
311 1791250246193783 28340
312 1791250246213791 26683
313 1791250246226479 23298
314 1791250246251777 25294
315 1791250246268318 23825
316 1791250246290106 21785
317 1791250246305842 20572
318 1791250246328418 24776
319 1791250246353941 25518
320 1791250246372814 24612
321 1791250246390020 26947
322 1791250246405886 21896
323 1791250246425708 20961
324 1791250246445243 20869
325 1791250246467249 22140
326 1791250246493495 26241
327 1791250246512533 23738
328 1791250246526761 23064
329 1791250246551132 24368
330 1791250246566433 22988
331 1791250246594669 28233
332 1791250246614991 24181
333 1791250246629105 25096
334 1791250246646511 23257
335 1791250246675318 28803
336 1791250246695411 26528
337 1791250246707296 22616
338 1791250246726870 21588
339 1791250246753569 29137
340 1791250246764803 21602
341 1791250246788194 23388
342 1791250246805197 21893
343 1791250246825784 20583
344 1791250246848814 23848
345 1791250246866567 22981
346 1791250246890395 25958
347 1791250246905836 22637
348 1791250246934507 28658
349 1791250246945523 22088
350 1791250246966491 20965
351 1791250246990897 24755
352 1791250247011679 27174
353 1791250247034169 30116
354 1791250247045520 21376
355 1791250247072988 27465
356 1791250247092725 28572
357 1791250247107388 23409
358 1791250247132739 25347
359 1791250247154816 27982
360 1791250247165344 22446
361 1791250247186232 21852
362 1791250247216124 31651
363 1791250247234199 25079
364 1791250247250707 26464
365 1791250247264028 20742
366 1791250247284660 20629
367 1791250247310924 26260
368 1791250247325676 22293
369 1791250247350964 25281
370 1791250247367584 24163
371 1791250247392516 25241
372 1791250247415021 28114
373 1791250247428721 24771
374 1791250247446373 22670
375 1791250247469434 26142
376 1791250247490644 21207
377 1791250247506453 21797
378 1791250247525528 22451
379 1791250247548024 24288
380 1791250247568858 24446
381 1791250247593517 24701
382 1791250247612556 26311
383 1791250247631420 26570
384 1791250247645608 21565
385 1791250247666901 21377
386 1791250247686996 22264
387 1791250247704645 20896
388 1791250247733829 29181
389 1791250247750559 26807
390 1791250247766032 22459
391 1791250247784647 20995
392 1791250247806043 22930
393 1791250247830033 26624
394 1791250247853913 23878
395 1791250247866748 22648
396 1791250247888225 21474
397 1791250247911840 28891
398 1791250247926559 22864
399 1791250247945397 21790
400 1791250247969586 24186
401 1791250247992861 23272
402 1791250248011947 24840
403 1791250248033676 26573
404 1791250248052386 24488
405 1791250248067211 24453
406 1791250248091489 24274
407 1791250248112522 29080
408 1791250248135540 31866
409 1791250248154257 29541
410 1791250248174381 27649
411 1791250248190387 24127
412 1791250248213171 28924
413 1791250248238768 35088
414 1791250248252630 29048
415 1791250248266144 22985
416 1791250248288667 22778
417 1791250248320668 36031
418 1791250248339049 35905
419 1791250248353004 29277
420 1791250248374706 30762
421 1791250248390083 26331
422 1791250248413647 29396
423 1791250248434170 27128
424 1791250248455625 30031
425 1791250248478198 33596
426 1791250248495000 29256
427 1791250248512383 27842
428 1791250248528507 24917
429 1791250248554807 26294
430 1791250248573223 28928
431 1791250248587188 23076
432 1791250248608660 24715
433 1791250248634733 29986
434 1791250248645062 21568
435 1791250248688941 44908
436 1791250248701925 33346
437 1791250248715617 26668
438 1791250248731897 28851
439 1791250248754153 30075
440 1791250248772980 29736
441 1791250248797922 34303
442 1791250248813262 29742
443 1791250248828633 24861
444 1791250248858178 34353
445 1791250248877724 34184
446 1791250248888740 23429
447 1791250248914955 26208
448 1791250248935241 32272
449 1791250248950965 27640
450 1791250248974152 29926
451 1791250248996823 33669
452 1791250249013482 29652
453 1791250249035465 32332
454 1791250249054506 29760
455 1791250249078055 30184
456 1791250249093453 29827
457 1791250249113224 30004
458 1791250249132114 28003
459 1791250249149305 25819
460 1791250249175406 29115
461 1791250249188744 25242
462 1791250249211953 28034
463 1791250249234186 29076
464 1791250249255237 31731
465 1791250249276385 26947
466 1791250249296641 32511
467 1791250249314870 30495
468 1791250249333985 29650
469 1791250249354401 29340
470 1791250249369357 26206
471 1791250249395161 30675
472 1791250249424725 33254
473 1791250249435977 32058
474 1791250249451514 28027
475 1791250249476986 31710
476 1791250249494670 29729
477 1791250249522793 38522
478 1791250249547525 39853
479 1791250249565508 42703
480 1791250249585427 42046
481 1791250249614747 51113
482 1791250249629004 44929
483 1791250249655888 51922
484 1791250249687565 63618
485 1791250249703892 59965
486 1791250249727750 63642
487 1791250249756790 72723
488 1791250249767521 63625
489 1791250249784912 60759
490 1791250249814324 69948
491 1791250249825660 62101
492 1791250249855068 70150
493 1791250249880296 71370
494 1791250249887826 64031
495 1791250249918284 74122
496 1791250249933015 69673
497 1791250249953558 70009
498 1791250249983750 78395
499 1791250249996492 71484
500 1791250250012230 69060
501 1791250250045870 78223
502 1791250250061331 77577
503 1791250250078877 74960
504 1791250250095293 71141
505 1791250250118322 72446
506 1791250250147024 80466
507 1791250250165289 80350
508 1791250250183560 78554
509 1791250250206369 82785
510 1791250250225336 81584
511 1791250250244127 80471
512 1791250250263145 79581
513 1791250250282527 79461
514 1791250250307308 83095
515 1791250250335113 90982
516 1791250250354869 91721
517 1791250250373339 88669
518 1791250250393835 86520
519 1791250250415501 85672
520 1791250250433573 89601
521 1791250250453189 89697
522 1791250250473308 89409
523 1791250250494553 90386
524 1791250250519764 95914
525 1791250250531661 88915
526 1791250250563770 95939
527 1791250250574562 89163
528 1791250250595490 92789
529 1791250250614111 90717
530 1791250250642895 93266
531 1791250250659697 95924
532 1791250250676417 92026
533 1791250250703030 97455
534 1791250250721152 97306
535 1791250250741105 98204
536 1791250250766127 102285
537 1791250250785155 97876
538 1791250250795727 92692
539 1791250250826033 101657
540 1791250250844431 101129
541 1791250250872172 106040
542 1791250250884166 100657
543 1791250250905962 102179
544 1791250250924356 98321
545 1791250250946409 101971
546 1791250250961666 97671
547 1791250250986106 101937
548 1791250251005356 99389
549 1791250251027264 102904
550 1791250251054257 109099
551 1791250251069504 105083
552 1791250251091428 105316
553 1791250251113787 109516
554 1791250251128557 104981
555 1791250251152294 106881
556 1791250251174650 110913
557 1791250251200739 109505
558 1791250251213468 107589
559 1791250251227439 104033
560 1791250251254027 110887
561 1791250251275751 107786
562 1791250251293640 109487
563 1791250251316396 111561
564 1791250251333545 109624
565 1791250251354655 110890
566 1791250251376676 112304
567 1791250251402470 114897
568 1791250251417211 113343
569 1791250251433897 103933
570 1791250251454734 109195
571 1791250251475550 112623
572 1791250251490439 106777
573 1791250251513877 106229
574 1791250251531543 106370
575 1791250251551399 107578
576 1791250251568570 105477
577 1791250251593243 109757
578 1791250251615100 107358
579 1791250251641747 115756
580 1791250251652621 109860
581 1791250251681725 114659
582 1791250251695659 111321
583 1791250251715638 110938
584 1791250251732635 108820
585 1791250251756818 111247
586 1791250251777205 109650
587 1791250251792827 109018
588 1791250251814721 110912
589 1791250251836187 111508
590 1791250251852768 109352
591 1791250251870334 106250
592 1791250251883507 99978
593 1791250251903246 98942
594 1791250251934119 108675
595 1791250251945289 101184
596 1791250251965132 101777
597 1791250251975729 92218
598 1791250251997430 94174
599 1791250252016711 92911
600 1791250252035497 91450
601 1791250252052909 87773
602 1791250252071881 86059
603 1791250252087119 82563
604 1791250252108003 82100
605 1791250252126250 80660
606 1791250252143796 79627
607 1791250252164772 80075
608 1791250252176722 73263
609 1791250252191565 68305
610 1791250252215610 71811
611 1791250252228102 63326
612 1791250252252172 67654
613 1791250252264674 59741
614 1791250252283466 59786
615 1791250252294286 50627
616 1791250252316524 51845
617 1791250252332463 48994
618 1791250252354881 49136
619 1791250252367304 41249
620 1791250252396209 49657
621 1791250252404812 37499
622 1791250252426981 43018
623 1791250252440734 36306
624 1791250252456872 33623
625 1791250252483886 40305
626 1791250252495194 31924
627 1791250252513176 29285
628 1791250252538514 33454
629 1791250252553619 27536
630 1791250252575507 29148
631 1791250252594378 30353
632 1791250252610969 26697
633 1791250252627454 23611
634 1791250252655945 28488
635 1791250252671305 27168
636 1791250252692977 29894
637 1791250252714435 27035
638 1791250252733321 29041
639 1791250252749588 24367
640 1791250252774218 30549
641 1791250252785369 22585
642 1791250252809120 24901
643 1791250252830187 25699
644 1791250252854816 29740
645 1791250252873800 30022
646 1791250252895231 31821
647 1791250252907671 23513
648 1791250252932778 29292
649 1791250252953876 23140
650 1791250252975511 32475
651 1791250252995213 30453
652 1791250253016113 31793
653 1791250253033379 28449
654 1791250253049195 23343
655 1791250253074257 27959
656 1791250253092216 28279
657 1791250253114604 29410
658 1791250253134177 26056
659 1791250253154038 28262
660 1791250253165353 21869
661 1791250253193429 28781
662 1791250253213831 29875
663 1791250253234854 30560
664 1791250253249280 25398
665 1791250253272206 28339
666 1791250253293086 29476
667 1791250253319732 29467
668 1791250253336056 27644
669 1791250253358323 33760
670 1791250253377212 31842
671 1791250253404533 40881
672 1791250253424504 35539
673 1791250253440201 35663
674 1791250253465231 40722
675 1791250253485624 39960
676 1791250253505578 40335
677 1791250253528378 44756
678 1791250253554864 51664
679 1791250253576155 53059
680 1791250253597553 53376
681 1791250253626355 62517
682 1791250253651522 66302
683 1791250253667326 63497
684 1791250253687399 64323
685 1791250253712264 68292
686 1791250253733911 69779
687 1791250253753551 69649
688 1791250253782167 78473
689 1791250253805741 77543
690 1791250253815971 71185
691 1791250253843717 73301
692 1791250253865321 81263
693 1791250253883610 77866
694 1791250253899904 75907
695 1791250253922660 78937
696 1791250253944281 79775
697 1791250253962920 79307
698 1791250253981844 78384
699 1791250254003482 80815
700 1791250254026918 82633
701 1791250254045340 82415
702 1791250254066894 82442
703 1791250254085294 81809
704 1791250254112702 86248
705 1791250254133061 88994
706 1791250254153650 87339
707 1791250254164315 80909
708 1791250254193659 88294
709 1791250254212900 89455
710 1791250254230488 84963
711 1791250254246241 81921
712 1791250254272388 88328
713 1791250254293647 89932
714 1791250254326152 95659
715 1791250254339363 93695
716 1791250254365838 97321
717 1791250254373631 88850
718 1791250254395508 92056
719 1791250254416243 90087
720 1791250254436086 92025
721 1791250254457324 91483
722 1791250254473795 90408
723 1791250254501535 97742
724 1791250254522090 91344
725 1791250254537307 93233
726 1791250254559674 94509
727 1791250254584341 100749
728 1791250254604389 96943
729 1791250254621365 97638
730 1791250254635852 91450
731 1791250254656120 93192
732 1791250254677840 93990
733 1791250254704663 100269
734 1791250254723347 98128
735 1791250254743152 99777
736 1791250254764932 101171
737 1791250254783167 100097
738 1791250254803664 98996
739 1791250254828912 105560
740 1791250254843374 100219
741 1791250254863325 98388
742 1791250254884194 101020
743 1791250254905015 101438
744 1791250254935423 111549
745 1791250254956607 113231
746 1791250254964912 101582
747 1791250254994602 110405
748 1791250255014283 109265
749 1791250255034733 110527
750 1791250255045531 101465
751 1791250255070885 106384
752 1791250255093115 109408
753 1791250255109574 104292
754 1791250255136718 112868
755 1791250255157850 112316
756 1791250255169541 104884
757 1791250255194844 107332
758 1791250255216624 112370
759 1791250255233617 110236
760 1791250255249234 105287
761 1791250255273361 109671
762 1791250255295587 111219
763 1791250255309748 104808
764 1791250255334793 111599
765 1791250255354773 110314
766 1791250255384241 116025
767 1791250255403684 115171
768 1791250255414630 109683
769 1791250255435680 111157
770 1791250255456224 112371
771 1791250255482722 119428
772 1791250255502719 118472
773 1791250255517728 114197
774 1791250255545606 122277
775 1791250255555702 112734
776 1791250255579643 115870
777 1791250255597224 114498
778 1791250255619592 116869
779 1791250255639208 115778
780 1791250255658825 114973
781 1791250255679205 115755
782 1791250255694190 110214
783 1791250255722812 119238
784 1791250255743082 116353
785 1791250255763395 118805
786 1791250255777146 114136
787 1791250255805233 121499
788 1791250255821125 114512
789 1791250255836809 113992
790 1791250255854804 111720
791 1791250255871199 107799
792 1791250255892519 107154
793 1791250255903457 99749
794 1791250255923671 99716
795 1791250255939998 96853
796 1791250255963386 97417
797 1791250255982174 96970
798 1791250255995943 92482
799 1791250256012245 88568
800 1791250256034836 90032
801 1791250256053096 89706
802 1791250256072844 88185
803 1791250256088040 82780
804 1791250256107592 79362
805 1791250256122780 79671
806 1791250256143503 78985
807 1791250256154714 68315
808 1791250256171905 67072
809 1791250256190362 67577
810 1791250256206746 63239
811 1791250256226307 58934
812 1791250256242957 58214
813 1791250256266334 61646
814 1791250256277931 54745
815 1791250256294155 51190
816 1791250256314138 47800
817 1791250256324806 40444
818 1791250256345629 38853
819 1791250256357980 33169
820 1791250256375396 29758
821 1791250256392832 29033
822 1791250256412430 24887
823 1791250256444118 37197
824 1791250256455165 29187
825 1791250256474878 30747
826 1791250256493507 29923
827 1791250256516891 31897
828 1791250256536445 32214
829 1791250256558723 34600
830 1791250256573401 29028
831 1791250256600679 34114
832 1791250256611446 24187
833 1791250256634284 28685
834 1791250256657866 29635
835 1791250256675412 29627
836 1791250256696024 31222
837 1791250256709726 26216
838 1791250256735028 25261
839 1791250256754022 30414
840 1791250256778868 33863
841 1791250256794784 29778
842 1791250256814066 30101
843 1791250256834182 29595
844 1791250256852086 28050
845 1791250256874913 31587
846 1791250256892086 27965
847 1791250256909388 25127
848 1791250256934699 25523
849 1791250256956990 28760
850 1791250256972964 29491
851 1791250256994596 31036
852 1791250257014237 29858
853 1791250257035852 32114
854 1791250257059160 30454
855 1791250257072099 28177
856 1791250257093493 29734
857 1791250257120867 36921
858 1791250257131242 25818
859 1791250257153961 29940
860 1791250257173853 30310
861 1791250257192573 28603
862 1791250257216400 32165
863 1791250257233601 28995
864 1791250257259334 34554
865 1791250257271419 26351
866 1791250257294171 30246
867 1791250257317301 28979
868 1791250257334480 30549
869 1791250257355653 31074
870 1791250257380287 36323
871 1791250257391970 26855
872 1791250257414603 28957
873 1791250257430322 26194
874 1791250257455700 31629
875 1791250257475466 30050
876 1791250257496710 32002
877 1791250257514110 28769
878 1791250257533783 27702
879 1791250257554452 30456
880 1791250257575183 31908
881 1791250257596283 27425
882 1791250257609251 25767
883 1791250257640470 31584
884 1791250257652922 29328
885 1791250257677988 32075
886 1791250257690935 26842
887 1791250257714542 30968
888 1791250257733980 29843
889 1791250257749330 25220
890 1791250257772840 29180
891 1791250257797876 28649
892 1791250257814556 28293
893 1791250257833944 30618
894 1791250257864686 35187
895 1791250257881009 37910
896 1791250257897812 33984
897 1791250257923693 40284
898 1791250257942575 39387
899 1791250257968868 45172
900 1791250257994029 51450
901 1791250258009302 44849
902 1791250258026590 43003
903 1791250258046471 42605
904 1791250258074120 47672
905 1791250258092733 46259
906 1791250258111986 48241
907 1791250258141340 53682
908 1791250258152852 48851
909 1791250258173620 46516
910 1791250258193671 48894
911 1791250258214697 51604
912 1791250258231925 48774
913 1791250258262464 54902
914 1791250258276671 53626
915 1791250258304672 57240
916 1791250258313300 48707
917 1791250258337451 53804
918 1791250258365326 60651
919 1791250258386008 61570
920 1791250258403852 60238
921 1791250258422756 57426
922 1791250258443261 57249
923 1791250258460504 56647
924 1791250258481224 58465
925 1791250258505218 61953
926 1791250258527408 63107
927 1791250258547853 63629
928 1791250258571951 67933
929 1791250258587512 63447
930 1791250258615659 67977
931 1791250258627090 63978
932 1791250258646541 61855
933 1791250258668585 64768
934 1791250258692762 65669
935 1791250258708737 64855
936 1791250258734517 71171
937 1791250258754930 71677
938 1791250258771609 68472
939 1791250258797895 73835
940 1791250258821187 76874
941 1791250258848055 83867
942 1791250258862198 78238
943 1791250258878449 74377
944 1791250258903277 79142
945 1791250258924001 75943
946 1791250258942915 75181
947 1791250258955737 71836
948 1791250258983173 79891
949 1791250259003293 79336
950 1791250259033396 90477
951 1791250259043647 79655
952 1791250259063272 80096
953 1791250259084622 81324
954 1791250259107196 81415
955 1791250259125575 81918
956 1791250259144617 81342
957 1791250259173490 88865
958 1791250259193266 89936
959 1791250259213332 89642
960 1791250259226503 81883
961 1791250259251464 87757
962 1791250259274013 89418
963 1791250259292840 86857
964 1791250259310111 86714
965 1791250259334471 90457
966 1791250259355383 85914
967 1791250259374325 90198
968 1791250259394266 89799
969 1791250259426930 99086
970 1791250259442329 98032
971 1791250259464679 96349
972 1791250259472496 86458
973 1791250259503156 94725
974 1791250259523836 96904
975 1791250259541603 95889
976 1791250259554840 90158
977 1791250259583748 95332
978 1791250259596193 93034
979 1791250259620829 96990
980 1791250259638824 95938
981 1791250259664371 99148
982 1791250259683228 99477
983 1791250259703989 100473
984 1791250259723551 98804
985 1791250259748456 104910
986 1791250259763538 100345
987 1791250259786079 102848
988 1791250259803778 99784
989 1791250259822332 98935
990 1791250259845449 102476
991 1791250259864767 101226
992 1791250259886499 100415
993 1791250259902285 99045
994 1791250259930423 107008
995 1791250259948481 103870
996 1791250259972840 108108
997 1791250259994231 107873
998 1791250260013465 109103
999 1791250260035386 111032
1000 1791250260045739 99486
1001 1791250260072627 107592
1002 1791250260089921 106951
1003 1791250260113872 106604
1004 1791250260135345 110840
1005 1791250260149857 104115
1006 1791250260176608 112442
1007 1791250260197023 110928
1008 1791250260223349 116511
1009 1791250260235738 111910
1010 1791250260253214 106688
1011 1791250260272569 106813
1012 1791250260290717 106834
1013 1791250260321755 114214
1014 1791250260336299 112947
1015 1791250260353057 110119
1016 1791250260384602 120225
1017 1791250260395171 112190
1018 1791250260424270 118263
1019 1791250260444704 113750
1020 1791250260453805 109908
1021 1791250260473962 110548
1022 1791250260493108 108502
1023 1791250260512849 107570
1024 1791250260533419 109146
1025 1791250260555855 111843
1026 1791250260575393 111060
1027 1791250260601290 115995
1028 1791250260622343 116295
1029 1791250260644901 116991
1030 1791250260661353 115833
1031 1791250260684727 119870
1032 1791250260705138 116547
1033 1791250260715502 111770
1034 1791250260740946 116983
1035 1791250260767323 122419
1036 1791250260773465 109642
1037 1791250260795881 112825
1038 1791250260811332 107734
1039 1791250260848725 119694
1040 1791250260853836 110501
1041 1791250260874485 108131
1042 1791250260887876 103492
1043 1791250260904223 100621
1044 1791250260935229 107373
1045 1791250260954085 105359
1046 1791250260961568 97479
1047 1791250260984803 99170
1048 1791250261005517 101292
1049 1791250261017176 93109
1050 1791250261040039 92693
1051 1791250261052369 88765
1052 1791250261073821 89891
1053 1791250261087612 83095
1054 1791250261103891 80391
1055 1791250261126101 82068
1056 1791250261144696 77911
1057 1791250261155190 71920
1058 1791250261173211 70072
1059 1791250261194801 68917
1060 1791250261210843 66144
1061 1791250261233057 64583
1062 1791250261246625 60446
1063 1791250261268120 61304
1064 1791250261283470 55860
1065 1791250261298644 52016
1066 1791250261316024 48610
1067 1791250261334703 51229
1068 1791250261350916 47299
1069 1791250261379827 51563
1070 1791250261384539 41466
1071 1791250261405982 42647
1072 1791250261421836 37294
1073 1791250261441401 35417
1074 1791250261453776 29343
1075 1791250261469984 25825
1076 1791250261492584 29226
1077 1791250261515468 26054
1078 1791250261533050 29094
1079 1791250261559027 32117
1080 1791250261579007 34877
1081 1791250261592357 27574
1082 1791250261615083 30932
1083 1791250261638488 34894
1084 1791250261653366 27662
1085 1791250261672956 28750
1086 1791250261693684 28500
1087 1791250261715336 32270
1088 1791250261732518 29280
1089 1791250261753888 29953
1090 1791250261773402 24560
1091 1791250261795499 26581
1092 1791250261813746 29096
1093 1791250261831921 24028
1094 1791250261854714 30519
1095 1791250261875492 26590
1096 1791250261895675 30511
1097 1791250261913999 25943
1098 1791250261936465 33409
1099 1791250261953773 29347
1100 1791250261975264 31425
1101 1791250261995297 30605
1102 1791250262018472 34049
1103 1791250262034523 28838
1104 1791250262055675 31807
1105 1791250262072459 26525
1106 1791250262094309 30135
1107 1791250262115355 29604
1108 1791250262134304 29189
1109 1791250262154331 30523
1110 1791250262173647 27565
1111 1791250262196340 26566
1112 1791250262212100 28101
1113 1791250262233384 29285
1114 1791250262258482 31124
1115 1791250262273182 27749
1116 1791250262296791 32250
1117 1791250262316963 30770
1118 1791250262328183 24123
1119 1791250262353308 27095
1120 1791250262374159 28042
1121 1791250262390190 26516
1122 1791250262410595 26539
1123 1791250262426817 22320
1124 1791250262454913 31717
1125 1791250262479255 34602
1126 1791250262492687 29157
1127 1791250262512913 29563
1128 1791250262535663 32253
1129 1791250262553288 30160
1130 1791250262579962 36371
1131 1791250262602748 37046
1132 1791250262617724 34304
1133 1791250262643909 41157
1134 1791250262662449 39260
1135 1791250262692438 48525
1136 1791250262712545 47833
1137 1791250262737691 54733
1138 1791250262761173 56404
1139 1791250262776979 53346
1140 1791250262808813 60176
1141 1791250262834112 69054
1142 1791250262852541 65542
1143 1791250262879301 75853
1144 1791250262906148 76875
1145 1791250262923013 79667
1146 1791250262946070 79873
1147 1791250262967942 83133
1148 1791250262992688 86537
1149 1791250263016301 93285
1150 1791250263044165 98296
1151 1791250263072704 106074
1152 1791250263088628 104408
1153 1791250263113292 110298
1154 1791250263137841 113820
1155 1791250263172064 128325
1156 1791250263184130 119141
1157 1791250263205205 121877
1158 1791250263237796 133553
1159 1791250263259821 134184
1160 1791250263274237 131201
1161 1791250263294134 130061
1162 1791250263311175 127876
1163 1791250263338458 134703
1164 1791250263358272 134515
1165 1791250263358278 113814
1166 1791250263358281 94696
1167 1791250263362004 77543
1168 1791250263362012 58025
1169 1791250263362017 37017
1170 1791250263371682 27643
1171 1791250263393449 28402
1172 1791250263414683 31255
1173 1791250263428159 21765
1174 1791250263444192 21087
1175 1791250263465731 21534
1176 1791250263486135 21477
1177 1791250263515446 29308
1178 1791250263533067 28126
1179 1791250263552575 28098
1180 1791250263564201 20808
1181 1791250263585687 21483
1182 1791250263610015 26316
1183 1791250263630647 27475
1184 1791250263647286 23707
1185 1791250263675568 28278
1186 1791250263686613 22878
1187 1791250263703921 21179
1188 1791250263724728 21437
1189 1791250263747321 23930
1190 1791250263766527 22972
1191 1791250263794152 30210
1192 1791250263812808 28304
1193 1791250263833214 27982
1194 1791250263844419 21339
1195 1791250263870661 26238
1196 1791250263889170 25070
1197 1791250263916322 27140
1198 1791250263927737 21879
1199 1791250263953069 25325
1200 1791250263972469 25905
1201 1791250263987267 21444
1202 1791250264013048 25775
1203 1791250264032298 24619
1204 1791250264053727 27383
1205 1791250264071708 25766
1206 1791250264090620 26406
1207 1791250264112266 27709
1208 1791250264128740 25517
1209 1791250264150006 25339
1210 1791250264172389 27543
1211 1791250264193211 28682
1212 1791250264208125 22665
1213 1791250264232014 25950
1214 1791250264256462 28925
1215 1791250264273991 24908
1216 1791250264288641 21287
1217 1791250264311620 27636
1218 1791250264328035 24883
1219 1791250264358367 30327
1220 1791250264370593 26613
1221 1791250264385610 21213
1222 1791250264406230 22846
1223 1791250264426344 20868
1224 1791250264447009 22839
1225 1791250264470134 26099
1226 1791250264485213 22002
1227 1791250264512332 27117
1228 1791250264532380 27962
1229 1791250264550058 25996
1230 1791250264571393 21391
1231 1791250264591276 27884
1232 1791250264607664 23623
1233 1791250264627946 23344
1234 1791250264644971 20611
1235 1791250264665881 21652
1236 1791250264686631 22781
1237 1791250264709173 24719
1238 1791250264733139 24005
1239 1791250264747016 22609
1240 1791250264774265 27245
1241 1791250264793848 24993
1242 1791250264807460 22002
1243 1791250264833757 28317
1244 1791250264851824 23328
1245 1791250264870714 27360
1246 1791250264885442 21993
1247 1791250264910839 25393
1248 1791250264927378 21399
1249 1791250264950840 27369
1250 1791250264968144 23861
1251 1791250264985072 21035
1252 1791250265005390 21818
1253 1791250265033669 28327
1254 1791250265054160 22650
1255 1791250265066976 24016
1256 1791250265085240 21141
1257 1791250265106271 21028
1258 1791250265134049 27774
1259 1791250265153162 22348
1260 1791250265169316 25650
1261 1791250265190211 26725
1262 1791250265212137 26908
1263 1791250265233061 28258
1264 1791250265251552 26997
1265 1791250265265616 22091
1266 1791250265292398 26779
1267 1791250265311880 22938
1268 1791250265333030 24582
1269 1791250265346968 22322
1270 1791250265373650 26678
1271 1791250265392702 27416
1272 1791250265413424 25953
1273 1791250265423871 20844
1274 1791250265447647 23772
1275 1791250265468086 24994
1276 1791250265494127 26038
1277 1791250265512805 24852
1278 1791250265530488 24934
1279 1791250265556189 31593
1280 1791250265565055 20893
1281 1791250265592926 27866
1282 1791250265613640 29465
1283 1791250265632653 26448
1284 1791250265651367 28318
1285 1791250265664616 21434
1286 1791250265689191 24597
1287 1791250265713150 24026
1288 1791250265733729 28092
1289 1791250265754223 26003
1290 1791250265764549 20592
1291 1791250265786374 21822
1292 1791250265804403 21743
1293 1791250265832850 28487
1294 1791250265855542 31400
1295 1791250265866520 23397
1296 1791250265884641 21437
1297 1791250265908271 23625
1298 1791250265925382 21214
1299 1791250265951233 26951
1300 1791250265972854 29060
1301 1791250265992613 29049
1302 1791250266013309 30284
1303 1791250266025204 22377
1304 1791250266057604 32398
1305 1791250266073819 23281
1306 1791250266084718 21296
1307 1791250266109470 24747
1308 1791250266133159 30077
1309 1791250266156800 33099
1310 1791250266167315 22955
1311 1791250266186855 22112
1312 1791250266212352 25672
1313 1791250266229622 24280
1314 1791250266247510 23543
1315 1791250266275141 27628
1316 1791250266285791 21986
1317 1791250266305363 21630
1318 1791250266332446 29463
1319 1791250266348549 23247
1320 1791250266371749 28053
1321 1791250266385807 22066
1322 1791250266414059 28248
1323 1791250266428255 24737
1324 1791250266455791 28488
1325 1791250266474683 26080
1326 1791250266493679 27093
1327 1791250266513761 29715
1328 1791250266539438 34306
1329 1791250266551797 25014
1330 1791250266575000 30441
1331 1791250266591342 28101
1332 1791250266615775 31662
1333 1791250266642567 38022
1334 1791250266651130 28030
1335 1791250266676480 33612
1336 1791250266701165 37207
1337 1791250266722598 38268
1338 1791250266728322 22703
1339 1791250266749464 26862
1340 1791250266783947 36623
1341 1791250266795955 31902
1342 1791250266813989 30040
1343 1791250266834764 30956
1344 1791250266861586 37258
1345 1791250266883489 37865
1346 1791250266899131 31574
1347 1791250266914302 30810
1348 1791250266933017 28513
1349 1791250266956200 29876
1350 1791250266971970 28747
1351 1791250266997329 31975
1352 1791250267007830 24347
1353 1791250267043896 37920
1354 1791250267052075 27957
1355 1791250267074201 30482
1356 1791250267090501 26851
1357 1791250267113648 29053
1358 1791250267138412 34497
1359 1791250267155473 31035
1360 1791250267174430 30781
1361 1791250267192014 27343
1362 1791250267214689 29852
1363 1791250267227362 22987
1364 1791250267250045 27015
1365 1791250267281949 33803
1366 1791250267302409 38039
1367 1791250267309142 26137
1368 1791250267335779 31641
1369 1791250267351438 28062
1370 1791250267373160 30170
1371 1791250267390087 26379
1372 1791250267422972 38580
1373 1791250267431358 27987
1374 1791250267446749 23773
1375 1791250267470869 26169
1376 1791250267492961 29686
1377 1791250267514249 31298
1378 1791250267534281 27384
1379 1791250267545590 22150
1380 1791250267573324 29051
1381 1791250267587881 23968
1382 1791250267608623 23725
1383 1791250267631040 27996
1384 1791250267650285 27235
1385 1791250267673145 29434
1386 1791250267688126 24677
1387 1791250267712391 28876
1388 1791250267730084 24826
1389 1791250267747575 23777
1390 1791250267771887 26085
1391 1791250267787405 23814
1392 1791250267813010 29717
1393 1791250267831598 27725
1394 1791250267848651 23947
1395 1791250267879905 33342
1396 1791250267900235 31212
1397 1791250267916409 32385
1398 1791250267933569 29890
1399 1791250267953906 29501
1400 1791250267967527 24074
1401 1791250267994963 29264
1402 1791250268024563 40130
1403 1791250268034192 28408
1404 1791250268053193 28628
1405 1791250268071677 27840
1406 1791250268093787 26835
1407 1791250268113896 30155
1408 1791250268126613 23633
1409 1791250268155576 29146
1410 1791250268167492 24328
1411 1791250268185656 22821
1412 1791250268213593 29720
1413 1791250268232406 28298
1414 1791250268253323 30364
1415 1791250268272196 27679
1416 1791250268294024 30324
1417 1791250268312557 26225
1418 1791250268328719 25067
1419 1791250268351150 26684
1420 1791250268374143 29899
1421 1791250268392029 27562
1422 1791250268414817 31428
1423 1791250268425393 21257
1424 1791250268449520 26217
1425 1791250268479695 31864
1426 1791250268494072 29375
1427 1791250268505896 21873
1428 1791250268539201 34783
1429 1791250268556575 33333
1430 1791250268583799 37525
1431 1791250268589441 24270
1432 1791250268616506 32814
1433 1791250268628745 25089
1434 1791250268650430 26445
1435 1791250268669303 25680
1436 1791250268693675 29365
1437 1791250268711814 24562
1438 1791250268743146 38777
1439 1791250268750251 27235
1440 1791250268775763 32614
1441 1791250268802941 31672
1442 1791250268806468 23393
1443 1791250268828067 25122
1444 1791250268855957 31123
1445 1791250268880816 34765
1446 1791250268887368 23637
1447 1791250268919883 35453
1448 1791250268937683 32793
1449 1791250268950450 24939
1450 1791250268973037 28875
1451 1791250268999692 35854
1452 1791250269012145 28418
1453 1791250269028910 25112
1454 1791250269052132 28447
1455 1791250269083962 40441
1456 1791250269095675 26090
1457 1791250269114665 30700
1458 1791250269128513 25107
1459 1791250269149348 26244
1460 1791250269169184 25429
1461 1791250269193673 27018
1462 1791250269220666 33242
1463 1791250269232119 29044
1464 1791250269251666 27143
1465 1791250269269728 26128
1466 1791250269294656 31409
1467 1791250269315308 26128
1468 1791250269334632 30463
1469 1791250269363089 31574
1470 1791250269369357 23882
1471 1791250269387374 24280
1472 1791250269419894 35020
1473 1791250269434518 29152
1474 1791250269449985 26940
1475 1791250269473852 29601
1476 1791250269497913 33041
1477 1791250269511391 28270
1478 1791250269539522 34967
1479 1791250269554963 28760
1480 1791250269576739 31599
1481 1791250269597902 32141
1482 1791250269617483 33137
1483 1791250269628890 25595
1484 1791250269652440 27873
1485 1791250269675221 28812
1486 1791250269700255 31191
1487 1791250269724732 33853
1488 1791250269733787 29779
1489 1791250269749305 24570
1490 1791250269772752 29534
1491 1791250269792928 26571
1492 1791250269813813 30887
1493 1791250269834235 30456
1494 1791250269860620 31610
1495 1791250269877899 32597
1496 1791250269892319 25972
1497 1791250269921631 36734
1498 1791250269944662 34952
1499 1791250269957493 30167
1500 1791250269973687 29566
1501 1791250269994308 29767
1502 1791250270013613 29690
1503 1791250270045749 36652
1504 1791250270058743 29918
1505 1791250270074732 28978
1506 1791250270093363 27722
1507 1791250270120305 37210
1508 1791250270133401 27911
1509 1791250270153415 28697
1510 1791250270172094 27829
1511 1791250270191141 26460
1512 1791250270219556 36227
1513 1791250270238447 32700
1514 1791250270251043 26396
1515 1791250270271991 27778
1516 1791250270294933 30722
1517 1791250270322838 32481
1518 1791250270330311 26265
1519 1791250270354313 31470
1520 1791250270369610 25633
1521 1791250270394166 25414
1522 1791250270405388 21329
1523 1791250270434801 31247
1524 1791250270453273 28866
1525 1791250270470859 27364
1526 1791250270488106 23605
1527 1791250270514287 31040
1528 1791250270532091 26882
1529 1791250270552308 28541
1530 1791250270570607 27226
1531 1791250270588745 24846
1532 1791250270609568 25383
1533 1791250270630285 25761
1534 1791250270646342 23314
1535 1791250270675392 31359
1536 1791250270687846 24341
1537 1791250270722064 36024
1538 1791250270729409 25751
1539 1791250270752106 25786
1540 1791250270766496 22943
1541 1791250270792701 27070
1542 1791250270807982 23465
1543 1791250270830816 27529
1544 1791250270861538 34456
1545 1791250270882581 34438
1546 1791250270886506 23784
1547 1791250270906234 23649
1548 1791250270935478 31137
1549 1791250270959714 34785
1550 1791250270975870 30464
1551 1791250270991033 24574
1552 1791250271013412 30225
1553 1791250271036507 31973
1554 1791250271056823 30217
1555 1791250271073845 28837
1556 1791250271088990 23352
1557 1791250271114828 30438
1558 1791250271138652 32116
1559 1791250271152931 29235
1560 1791250271166939 23447
1561 1791250271191536 28247
1562 1791250271224362 34172
1563 1791250271241403 38284
1564 1791250271259599 35234
1565 1791250271271605 27022
1566 1791250271292996 28735
1567 1791250271323119 35975
1568 1791250271326626 22796
1569 1791250271350667 27545
1570 1791250271374175 29922
1571 1791250271394592 29701
1572 1791250271420184 33544
1573 1791250271435713 32252
1574 1791250271453705 27837
1575 1791250271468223 25257
1576 1791250271494518 31153
1577 1791250271513171 28219
1578 1791250271542583 37739
1579 1791250271556739 33385
1580 1791250271565446 22850
1581 1791250271594974 31338
1582 1791250271619034 34462
1583 1791250271634017 29420
1584 1791250271655950 31385
1585 1791250271666752 23067
1586 1791250271693265 29535
1587 1791250271730889 46789
1588 1791250271741114 36607
1589 1791250271754726 30336
1590 1791250271774574 29711
1591 1791250271792267 28776
1592 1791250271809739 27062
1593 1791250271844182 40461
1594 1791250271854482 29820
1595 1791250271875778 31592
1596 1791250271896718 31818
1597 1791250271915782 29311
1598 1791250271932524 28234
1599 1791250271954501 31344
1600 1791250271970266 26365
1601 1791250272000670 33978
1602 1791250272012238 28731
1603 1791250272032326 28598
1604 1791250272056646 32858
1605 1791250272078497 34256
1606 1791250272092353 28168
1607 1791250272115907 31946
1608 1791250272143586 33262
1609 1791250272152462 29398
1610 1791250272172136 28790
1611 1791250272195235 30708
1612 1791250272215219 30511
1613 1791250272236318 31483
1614 1791250272260112 33829
1615 1791250272281836 36589
1616 1791250272300777 36324
1617 1791250272314060 26466
1618 1791250272331425 26648
1619 1791250272356193 32479
1620 1791250272380238 28729
1621 1791250272390858 27511
1622 1791250272412057 27983
1623 1791250272428024 23990
1624 1791250272448578 25238
1625 1791250272467006 23276
1626 1791250272488695 24644
1627 1791250272513661 26393
1628 1791250272544675 37689
1629 1791250272552645 29504
1630 1791250272575458 31785
1631 1791250272597155 33453
1632 1791250272614468 28164
1633 1791250272644529 33254
1634 1791250272652754 28334
1635 1791250272673609 29078
1636 1791250272692814 29318
1637 1791250272708439 24625
1638 1791250272732464 27107
1639 1791250272753511 29671
1640 1791250272771781 26614
1641 1791250272791074 26981
1642 1791250272813402 29409
1643 1791250272837684 33842
1644 1791250272859561 34036
1645 1791250272875577 32279
1646 1791250272900227 36384
1647 1791250272915678 32659
1648 1791250272932257 27876
1649 1791250272969850 46537
1650 1791250272969857 24413
1651 1791250272991752 27229
1652 1791250273020928 34055
1653 1791250273029053 26016
1654 1791250273055973 31040
1655 1791250273075738 32367
1656 1791250273095256 31975
1657 1791250273122929 33386
1658 1791250273135634 31313
1659 1791250273150521 27589
1660 1791250273176308 32006
1661 1791250273196941 32020
1662 1791250273209440 25256
1663 1791250273240888 36376
1664 1791250273270855 40355
1665 1791250273283058 37090
1666 1791250273304453 33595
1667 1791250273318333 35269
1668 1791250273333760 29304
1669 1791250273352532 28766
1670 1791250273372170 28561
1671 1791250273401149 32246
1672 1791250273416390 32844
1673 1791250273432065 28512
1674 1791250273447535 22773
1675 1791250273476372 29717
1676 1791250273487591 24250
1677 1791250273512610 28816
1678 1791250273531035 27825
1679 1791250273546910 23130
1680 1791250273574287 29527
1681 1791250273602827 35124
1682 1791250273611505 27910
1683 1791250273641048 38367
1684 1791250273656083 30969
1685 1791250273673848 29596
1686 1791250273699748 34170
1687 1791250273716648 25656
1688 1791250273732667 28443
1689 1791250273753414 30636
1690 1791250273769470 26446
1691 1791250273789696 25994
1692 1791250273813669 25843
1693 1791250273835999 29321
1694 1791250273864303 36530
1695 1791250273890435 46496
1696 1791250273893018 29227
1697 1791250273919700 35706
1698 1791250273931301 26599
1699 1791250273963201 38229
1700 1791250273973789 30045
1701 1791250273993377 30171
1702 1791250274014045 30353
1703 1791250274037515 33645
1704 1791250274054342 30664
1705 1791250274075689 30842
1706 1791250274100932 34124
1707 1791250274111919 28023
1708 1791250274133107 28415
1709 1791250274153608 29927
1710 1791250274176099 32440
1711 1791250274188427 25216
1712 1791250274217813 32684
1713 1791250274235732 30844
1714 1791250274257392 34130
1715 1791250274274560 30409
1716 1791250274303950 37802
1717 1791250274314409 30321
1718 1791250274336035 32082
1719 1791250274351522 26951
1720 1791250274384314 35126
1721 1791250274388823 21008
1722 1791250274424663 40846
1723 1791250274435883 32624
1724 1791250274456819 32152
1725 1791250274475860 32568
1726 1791250274501800 34674
1727 1791250274515476 24758
1728 1791250274549517 42703
1729 1791250274573067 48019
1730 1791250274574126 26925
1731 1791250274598320 34146
1732 1791250274619602 36121
1733 1791250274638541 34537
1734 1791250274663895 39085
1735 1791250274681620 36848
1736 1791250274695424 31527
1737 1791250274712120 28268
1738 1791250274734854 25621
1739 1791250274770487 42175
1740 1791250274776134 32866
1741 1791250274806829 42528
1742 1791250274821550 37859
1743 1791250274845387 41308
1744 1791250274860524 36142
1745 1791250274876761 31371
1746 1791250274900656 35182
1747 1791250274924601 41642
1748 1791250274942055 38342
1749 1791250274966975 42371
1750 1791250274976628 28500
1751 1791250274994566 30745
1752 1791250275018569 33132
1753 1791250275033442 29992
1754 1791250275060540 35432
1755 1791250275079212 32011
1756 1791250275104052 39844
1757 1791250275112371 27317
1758 1791250275136694 32639
1759 1791250275159817 34920
1760 1791250275174728 30200
1761 1791250275194406 30836
1762 1791250275208354 24977
1763 1791250275242066 38009
1764 1791250275252551 29029
1765 1791250275270255 26934
1766 1791250275295881 33033
1767 1791250275316184 31974
1768 1791250275332880 28548
1769 1791250275353800 29578
1770 1791250275382571 39300
1771 1791250275395006 31112
1772 1791250275416440 33866
1773 1791250275439222 34662
1774 1791250275455188 30470
1775 1791250275476388 32654
1776 1791250275506058 34727
1777 1791250275528419 44476
1778 1791250275539669 35890
1779 1791250275555796 27368
1780 1791250275583128 39569
1781 1791250275613512 45931
1782 1791250275623821 40691
1783 1791250275653053 49395
1784 1791250275672221 48398
1785 1791250275691159 47625
1786 1791250275715468 44731
1787 1791250275733524 49681
1788 1791250275754287 45879
1789 1791250275764042 31954
1790 1791250275774912 30122
1791 1791250275794001 29942
1792 1791250275831363 47608
1793 1791250275846004 41020
1794 1791250275853931 29393
1795 1791250275879610 35871
1796 1791250275905457 41897
1797 1791250275926858 43939
1798 1791250275948805 44907
1799 1791250275971014 44153
1800 1791250275993810 45002
1801 1791250276013872 43702
1802 1791250276019428 35861
1803 1791250276043688 40244
1804 1791250276064205 40149
1805 1791250276083006 39315
1806 1791250276097074 33858
1807 1791250276127425 44415
1808 1791250276136046 32326
1809 1791250276168687 41259
1810 1791250276183041 39747
1811 1791250276202870 39219
1812 1791250276226009 42966
1813 1791250276244913 42038
1814 1791250276260937 37676
1815 1791250276283106 38998
1816 1791250276308168 43571
1817 1791250276328708 45598
1818 1791250276345344 41901
1819 1791250276372575 48854
1820 1791250276389782 45347
1821 1791250276416211 43627
1822 1791250276429948 46814
1823 1791250276457094 53420
1824 1791250276476858 48393
1825 1791250276499776 55502
1826 1791250276511823 48171
1827 1791250276536050 51881
1828 1791250276554451 50834
1829 1791250276576242 52973
1830 1791250276594292 47653
1831 1791250276616660 52798
1832 1791250276636125 51437
1833 1791250276649952 43963
1834 1791250276677794 54644
1835 1791250276704509 59755
1836 1791250276717130 52569
1837 1791250276737986 52340
1838 1791250276754528 50014
1839 1791250276773512 46071
1840 1791250276806357 62565
1841 1791250276828220 64269
1842 1791250276841618 57682
1843 1791250276844323 40788
1844 1791250276868274 43808
1845 1791250276895261 52157
1846 1791250276922379 55252
1847 1791250276932268 48500
1848 1791250276957446 53187
1849 1791250276994194 69208
1850 1791250276994985 49273
1851 1791250277014763 50885
1852 1791250277041612 57995
1853 1791250277053189 48746
1854 1791250277083807 59122
1855 1791250277103182 59494
1856 1791250277128652 65059
1857 1791250277138206 55137
1858 1791250277164632 61448
1859 1791250277176059 52545
1860 1791250277211896 67582
1861 1791250277239665 75030
1862 1791250277248273 64188
1863 1791250277256650 50379
1864 1791250277292168 67524
1865 1791250277306076 61325
1866 1791250277324652 61565
1867 1791250277347203 63571
1868 1791250277364154 58075
1869 1791250277389849 66309
1870 1791250277403524 58551
1871 1791250277422240 58084
1872 1791250277443414 59097
1873 1791250277461514 57986
1874 1791250277483677 59131
1875 1791250277503864 60756
1876 1791250277527046 62820
1877 1791250277560960 77273
1878 1791250277562080 58213
1879 1791250277586083 59033
1880 1791250277603397 59217
1881 1791250277615438 51641
1882 1791250277636168 52205
1883 1791250277658879 55479
1884 1791250277682579 58857
1885 1791250277704494 58936
1886 1791250277724710 60227
1887 1791250277734982 52400
1888 1791250277753168 49558
1889 1791250277779958 55245
1890 1791250277794480 50579
1891 1791250277816660 53338
1892 1791250277835450 51133
1893 1791250277856884 52512
1894 1791250277874633 51043
1895 1791250277904172 60208
1896 1791250277923306 58070
1897 1791250277932621 47810
1898 1791250277964640 60465
1899 1791250277989697 66389
1900 1791250278002607 59461
1901 1791250278018518 53873
1902 1791250278052852 63151
1903 1791250278063172 60562
1904 1791250278092118 67527
1905 1791250278103747 59574
1906 1791250278125145 61970
1907 1791250278145545 61728
1908 1791250278162688 58939
1909 1791250278185159 60730
1910 1791250278205398 59850
1911 1791250278224031 61338
1912 1791250278242901 59461
1913 1791250278262992 58576
1914 1791250278291998 67995
1915 1791250278306333 63429
1916 1791250278324939 61945
1917 1791250278346448 59659
1918 1791250278363522 59141
1919 1791250278383979 60017
1920 1791250278414809 71126
1921 1791250278433783 70259
1922 1791250278462642 78661
1923 1791250278481621 77615
1924 1791250278497288 71696
1925 1791250278514491 65156
1926 1791250278534065 71420
1927 1791250278545834 62985
1928 1791250278580244 74527
1929 1791250278594087 70227
1930 1791250278608368 64479
1931 1791250278622714 59604
1932 1791250278655155 70414
1933 1791250278667133 63567
1934 1791250278696666 73949
1935 1791250278720226 70168
1936 1791250278750080 85992
1937 1791250278755741 70945
1938 1791250278777071 72311
1939 1791250278794381 69821
1940 1791250278834723 90019
1941 1791250278844393 78129
1942 1791250278856038 72513
1943 1791250278890319 83909
1944 1791250278904454 72875
1945 1791250278915085 70690
1946 1791250278935587 72082
1947 1791250278957299 73072
1948 1791250278975993 72354
1949 1791250278995204 71268
1950 1791250279013984 69897
1951 1791250279042639 77995
1952 1791250279078209 89343
1953 1791250279084349 78527
1954 1791250279105731 75540
1955 1791250279115984 73340
1956 1791250279147596 82780
1957 1791250279161447 77095
1958 1791250279184773 79039
1959 1791250279211489 82985
1960 1791250279222897 79212
1961 1791250279245626 78991
1962 1791250279258985 75801
1963 1791250279284151 80206
1964 1791250279304047 81147
1965 1791250279321786 78461
1966 1791250279346535 82599
1967 1791250279355838 71684
1968 1791250279383963 79914
1969 1791250279395790 72430
1970 1791250279428513 84674
1971 1791250279453844 86930
1972 1791250279463305 79338
1973 1791250279484243 80702
1974 1791250279505829 81365
1975 1791250279525789 79874
1976 1791250279536355 73275
1977 1791250279563779 79532
1978 1791250279594395 88970
1979 1791250279609358 83566
1980 1791250279636241 90748
1981 1791250279638076 74294
1982 1791250279657702 74319
1983 1791250279682883 78254
1984 1791250279716324 90143
1985 1791250279727556 83264
1986 1791250279749983 86830
1987 1791250279771815 88929
1988 1791250279791733 87544
1989 1791250279821854 94284
1990 1791250279834747 91200
1991 1791250279848851 85345
1992 1791250279874045 86450
1993 1791250279887899 79546
1994 1791250279910036 86490
1995 1791250279931670 87969
1996 1791250279953806 90073
1997 1791250279982261 97306
1998 1791250280006502 97329
1999 1791250280031939 104079
2000 1791250280040628 96497
2001 1791250280055300 89716
2002 1791250280072475 88356
2003 1791250280103111 96606
2004 1791250280114311 90267
2005 1791250280134852 90630
2006 1791250280147170 83418
2007 1791250280174455 88883
2008 1791250280184664 81730
2009 1791250280212487 88798
2010 1791250280226233 81610
2011 1791250280249189 81828
2012 1791250280277575 93548
2013 1791250280295677 83185
2014 1791250280315619 89380
2015 1791250280331413 85775
2016 1791250280358595 94427
2017 1791250280372617 85328
2018 1791250280389149 86227
2019 1791250280410661 87025
2020 1791250280443826 99067
2021 1791250280451868 88140
2022 1791250280479551 96446
2023 1791250280507418 99078
2024 1791250280514146 90561
2025 1791250280533179 90124
2026 1791250280562418 98400
2027 1791250280576225 91211
2028 1791250280600241 96049
2029 1791250280616029 90506
2030 1791250280637042 92971
2031 1791250280662245 93353
2032 1791250280686068 96900
2033 1791250280704836 99864
2034 1791250280724156 99837
2035 1791250280747992 101751
2036 1791250280756459 89508
2037 1791250280776973 93841
2038 1791250280792047 87207
2039 1791250280815048 90889
2040 1791250280843228 99851
2041 1791250280856062 86928
2042 1791250280883694 98905
2043 1791250280894093 90672
2044 1791250280915780 92079
2045 1791250280937258 94108
2046 1791250280974722 110713
2047 1791250280983957 100260
2048 1791250281014167 108400
2049 1791250281036536 113575
2050 1791250281042362 98533
2051 1791250281065162 101703
2052 1791250281084676 100716
2053 1791250281102702 99051
2054 1791250281141580 111379
2055 1791250281151292 106011
2056 1791250281165826 100662
2057 1791250281190174 105494
2058 1791250281205921 103216
2059 1791250281226398 103279
2060 1791250281241278 96209
2061 1791250281266564 100735
2062 1791250281283287 99221
2063 1791250281300983 96811
2064 1791250281324552 99461
2065 1791250281335511 90703
2066 1791250281369395 104595
2067 1791250281390805 107514
2068 1791250281408462 103663
2069 1791250281428112 103557
2070 1791250281447809 97341
2071 1791250281470366 106725
2072 1791250281475949 85141
2073 1791250281495493 91498
2074 1791250281515630 91428
2075 1791250281536757 92723
2076 1791250281558345 87976
2077 1791250281577975 93917
2078 1791250281592669 88060
2079 1791250281610108 84089
2080 1791250281624861 80096
2081 1791250281636344 72827
2082 1791250281658019 74458
2083 1791250281681309 77421
2084 1791250281691944 67080
2085 1791250281711993 68318
2086 1791250281723470 59046
2087 1791250281747018 59512
2088 1791250281757570 53749
2089 1791250281784812 61337
2090 1791250281805199 61337
2091 1791250281821411 57409
2092 1791250281834541 49725
2093 1791250281851712 47724
2094 1791250281860282 34265
2095 1791250281875698 32425
2096 1791250281896057 31321
2097 1791250281923913 39241
2098 1791250281936048 32694
2099 1791250281956329 32414
2100 1791250281983189 31630
2101 1791250281990681 26814
2102 1791250282014254 31062
2103 1791250282041623 32907
2104 1791250282053894 30164
2105 1791250282089040 44862
2106 1791250282103585 33333
2107 1791250282119401 34751
2108 1791250282139577 35988
2109 1791250282154737 30150
2110 1791250282188710 45114
2111 1791250282210013 46534
2112 1791250282223852 35850
2113 1791250282244656 41742
2114 1791250282256201 32346
2115 1791250282282799 38646
2116 1791250282302776 37554
2117 1791250282321375 38573
2118 1791250282339419 36641
2119 1791250282355644 31265
2120 1791250282386945 42956
2121 1791250282394985 31091
2122 1791250282421897 34948
2123 1791250282434917 31549
2124 1791250282463131 39628
2125 1791250282482654 38875
2126 1791250282495809 32676
2127 1791250282516669 34012
2128 1791250282541802 37924
2129 1791250282565728 37313
2130 1791250282579296 34387
2131 1791250282601745 37327
2132 1791250282622900 38636
2133 1791250282651724 45546
2134 1791250282662691 39780
2135 1791250282687382 41523
2136 1791250282698960 36266
2137 1791250282719493 35687
2138 1791250282743623 40202
2139 1791250282768979 44925
2140 1791250282785427 41801
2141 1791250282803006 38918
2142 1791250282834944 50259
2143 1791250282847863 44854
2144 1791250282869524 46139
2145 1791250282893634 50241
2146 1791250282914066 50209
2147 1791250282924872 41139
2148 1791250282950148 46931
2149 1791250282972865 48619
2150 1791250282999895 55268
2151 1791250283016282 51518
2152 1791250283032832 49300
2153 1791250283045687 42397
2154 1791250283071483 47090
2155 1791250283085135 41906
2156 1791250283109616 46695
2157 1791250283128080 43859
2158 1791250283154305 50918
2159 1791250283172849 49815
2160 1791250283188133 44824
2161 1791250283203440 39491
2162 1791250283227883 40606
2163 1791250283253085 49641
2164 1791250283285079 61827
2165 1791250283294715 46389
2166 1791250283314296 50979
2167 1791250283335320 51184
2168 1791250283362699 58902
2169 1791250283374891 46607
2170 1791250283397411 53400
2171 1791250283420184 57481
2172 1791250283434038 50743
2173 1791250283464325 59869
2174 1791250283477410 52543
2175 1791250283492506 48818
2176 1791250283508827 44861
2177 1791250283533768 49366
2178 1791250283563253 58486
2179 1791250283578466 53916
2180 1791250283603286 60169
2181 1791250283618008 54752
2182 1791250283644082 59740
2183 1791250283656950 53661
2184 1791250283685902 59104
2185 1791250283694614 50529
2186 1791250283719151 52541
2187 1791250283734742 51367
2188 1791250283757755 53035
2189 1791250283791252 67396
2190 1791250283792732 49640
2191 1791250283817591 53559
2192 1791250283852269 67792
2193 1791250283862065 58684
2194 1791250283880479 56479
2195 1791250283904439 60744
2196 1791250283927150 63572
2197 1791250283947681 61937
2198 1791250283966837 62396
2199 1791250283979141 51988
2200 1791250284002541 58585
2201 1791250284016389 49524
2202 1791250284049455 64536
2203 1791250284060539 57995
2204 1791250284086020 62197
2205 1791250284100121 56319
2206 1791250284126743 63735
2207 1791250284144155 59730
2208 1791250284175399 70633
2209 1791250284184967 61943
2210 1791250284201433 58256
2211 1791250284224719 59969
2212 1791250284255142 70890
2213 1791250284275319 71287
2214 1791250284299824 75100
2215 1791250284302241 58522
2216 1791250284334473 70792
2217 1791250284353901 67304
2218 1791250284383356 76713
2219 1791250284388501 64216
2220 1791250284416721 72346
2221 1791250284431356 65437
2222 1791250284449270 66161
2223 1791250284462611 58217
2224 1791250284504723 76272
2225 1791250284514636 70509
2226 1791250284537661 75045
2227 1791250284553666 70567
2228 1791250284581424 76698
2229 1791250284594784 71209
2230 1791250284622172 77240
2231 1791250284633816 69858
2232 1791250284656185 70234
2233 1791250284670005 64913
2234 1791250284698611 72687
2235 1791250284709697 65380
2236 1791250284732411 63436
2237 1791250284758852 72839
2238 1791250284776127 71154
2239 1791250284784445 61208
2240 1791250284805439 58493
2241 1791250284830697 66635
2242 1791250284855751 71301
2243 1791250284862837 57736
2244 1791250284887689 59594
2245 1791250284905643 62394
2246 1791250284926819 63963
2247 1791250284951104 66396
2248 1791250284975345 71559
2249 1791250285002100 78274
2250 1791250285020828 76066
2251 1791250285034818 63936
2252 1791250285052623 68194
2253 1791250285075209 68058
2254 1791250285099871 75569
2255 1791250285123938 79510
2256 1791250285150903 86256
2257 1791250285151969 66449
2258 1791250285176229 71941
2259 1791250285203229 79287
2260 1791250285234823 90045
2261 1791250285234833 71244
2262 1791250285271011 81183
2263 1791250285275914 72681
2264 1791250285296436 71533
2265 1791250285319656 70977
2266 1791250285337004 73307
2267 1791250285363390 74222
2268 1791250285380496 72544
2269 1791250285414017 89025
2270 1791250285427446 77056
2271 1791250285439303 75908
2272 1791250285463015 79276
2273 1791250285483020 79710
2274 1791250285505789 80839
2275 1791250285526227 80655
2276 1791250285545040 82023
2277 1791250285573883 90859
2278 1791250285575541 71278
2279 1791250285596017 70761
2280 1791250285614146 70053
2281 1791250285646635 79036
2282 1791250285654445 70394
2283 1791250285693052 89408
2284 1791250285712933 87530
2285 1791250285717047 70408
2286 1791250285748034 78163
2287 1791250285761381 68322
2288 1791250285779176 74463
2289 1791250285815221 91060
2290 1791250285824253 77722
2291 1791250285850906 85341
2292 1791250285868376 84487
2293 1791250285895154 91138
2294 1791250285908781 84526
2295 1791250285932660 82933
2296 1791250285945898 77519
2297 1791250285970476 85654
2298 1791250285972591 68384
2299 1791250285998610 74152
2300 1791250286024429 78525
2301 1791250286047746 82876
2302 1791250286049185 65815
2303 1791250286073515 70648
2304 1791250286096200 71769
2305 1791250286113734 65982
2306 1791250286130830 64566
2307 1791250286160616 73891
2308 1791250286182195 75806
2309 1791250286198482 70623
2310 1791250286217876 73852
2311 1791250286236600 71528
2312 1791250286257992 70773
2313 1791250286275475 70389
2314 1791250286291076 66898
2315 1791250286324391 81074
2316 1791250286345276 79410
2317 1791250286366162 80187
2318 1791250286381897 78523
2319 1791250286398196 73802
2320 1791250286416354 72229
2321 1791250286436381 70170
2322 1791250286461153 74961
2323 1791250286475987 72479
2324 1791250286494415 68176
2325 1791250286517543 67743
2326 1791250286545129 79565
2327 1791250286570687 84127
2328 1791250286593834 86840
2329 1791250286609491 85627
2330 1791250286617968 74660
2331 1791250286645691 74999
2332 1791250286680537 91733
2333 1791250286684874 81501
2334 1791250286712254 88193
2335 1791250286735505 89808
2336 1791250286750389 86284
2337 1791250286771358 88322
2338 1791250286784171 79248
2339 1791250286806787 81883
2340 1791250286813952 67954
2341 1791250286815566 44206
2342 1791250286852713 68537
2343 1791250286857975 51184
2344 1791250286857980 34011
2345 1791250286869281 24292
2346 1791250286894077 27930
2347 1791250286912869 24303
2348 1791250286928903 23667
2349 1791250286946907 23478
2350 1791250286966189 23023
2351 1791250286984157 20738
2352 1791250287012867 28705
2353 1791250287033290 28402
2354 1791250287051084 27134
2355 1791250287065450 20924
2356 1791250287085867 22403
2357 1791250287112637 26765
2358 1791250287133727 30089
2359 1791250287150170 24977
2360 1791250287165780 21952
2361 1791250287184600 21053
2362 1791250287206073 21527
2363 1791250287232749 29710
2364 1791250287246622 21639
2365 1791250287267437 23031
2366 1791250287285512 21620
2367 1791250287309225 23862
2368 1791250287325224 21457
2369 1791250287352754 28364
2370 1791250287368780 24810
2371 1791250287391495 22708
2372 1791250287411175 26502
2373 1791250287430791 27131
2374 1791250287446624 23371
2375 1791250287474396 27764
2376 1791250287487803 23801
2377 1791250287513130 25321
2378 1791250287534081 27692
2379 1791250287545208 21780
2380 1791250287566036 22851
2381 1791250287585839 20448
2382 1791250287612658 28520
2383 1791250287632643 28967
2384 1791250287648199 23907
2385 1791250287664906 21894
2386 1791250287694117 30382
2387 1791250287707893 24375
2388 1791250287734736 26838
2389 1791250287747774 23847
2390 1791250287773186 28412
2391 1791250287791063 27665
2392 1791250287814566 30009
2393 1791250287833043 23906
2394 1791250287847897 21785
2395 1791250287873997 26095
2396 1791250287889353 25514
2397 1791250287907097 21328
2398 1791250287925728 20587
2399 1791250287945607 21412
2400 1791250287968171 22559
2401 1791250287985120 21211
2402 1791250288004770 21162
2403 1791250288026729 23050
2404 1791250288048106 24930
2405 1791250288066643 23190
2406 1791250288095605 28956
2407 1791250288106535 23228
2408 1791250288125243 21762
2409 1791250288153246 29888
2410 1791250288172938 28828
2411 1791250288192411 27070
2412 1791250288212200 28291
2413 1791250288228376 24655
2414 1791250288248371 23801
2415 1791250288266640 21213
2416 1791250288294435 27778
2417 1791250288306927 23443
2418 1791250288329695 22763
2419 1791250288348180 24307
2420 1791250288367997 24962
2421 1791250288394318 26317
2422 1791250288414359 23221
2423 1791250288427997 23240
2424 1791250288449259 23713
2425 1791250288466180 21633
2426 1791250288492692 28244
2427 1791250288512033 28186
2428 1791250288532898 29518
2429 1791250288547411 23083
2430 1791250288571436 24020
2431 1791250288593581 26695
2432 1791250288609148 23803
2433 1791250288625945 22496
2434 1791250288646680 22535
2435 1791250288671952 27168
2436 1791250288686855 23323
2437 1791250288713062 26964
2438 1791250288730023 21444
2439 1791250288745543 21892
2440 1791250288767164 21616
2441 1791250288785223 20633
2442 1791250288816797 32309
2443 1791250288828899 23847
2444 1791250288850574 27244
2445 1791250288869197 25314
2446 1791250288884418 21036
2447 1791250288918257 33835
2448 1791250288932904 26577
2449 1791250288948567 21501
2450 1791250288968303 23853
2451 1791250288987955 23199
2452 1791250289006050 22505
2453 1791250289025096 22052
2454 1791250289052301 28571
2455 1791250289070918 27474
2456 1791250289092761 28488
2457 1791250289110884 27717
2458 1791250289130988 25968
2459 1791250289149771 25846
2460 1791250289164844 21271
2461 1791250289185119 22172
2462 1791250289205956 20834
2463 1791250289225214 21187
2464 1791250289253393 29331
2465 1791250289268070 21993
2466 1791250289291875 28402
2467 1791250289306893 22708
2468 1791250289327428 22575
2469 1791250289345500 21912
2470 1791250289372223 27033
2471 1791250289384476 20513
2472 1791250289404236 20530
2473 1791250289425969 21730
2474 1791250289452375 26459
2475 1791250289468462 23890
2476 1791250289493899 29211
2477 1791250289512760 24415
2478 1791250289533678 26003
2479 1791250289547438 24438
2480 1791250289571981 24539
2481 1791250289593529 27163
2482 1791250289603801 20600
2483 1791250289624698 20894
2484 1791250289648237 24551
2485 1791250289664554 21566
2486 1791250289685317 21779
2487 1791250289709899 24578
2488 1791250289736282 26437
2489 1791250289746866 23002
2490 1791250289765696 21833
2491 1791250289791239 25540
2492 1791250289812223 25699
2493 1791250289832065 24714
2494 1791250289847961 20901
2495 1791250289865108 21833
2496 1791250289887386 22275
2497 1791250289906819 23071
2498 1791250289927891 24048
2499 1791250289954633 26739
2500 1791250289982435 35169
2501 1791250289997660 28806
2502 1791250290015670 31844
2503 1791250290035028 30676
2504 1791250290066955 43750
2505 1791250290081006 36642
2506 1791250290099672 32714
2507 1791250290113777 30392
2508 1791250290137490 32980
2509 1791250290162189 37621
2510 1791250290176156 32076
2511 1791250290199182 31144
2512 1791250290221407 37359
2513 1791250290242922 39152
2514 1791250290263134 38015
2515 1791250290283718 40791
2516 1791250290303089 39953
2517 1791250290320305 36583
2518 1791250290345656 42564
2519 1791250290356521 31350
2520 1791250290385602 39943
2521 1791250290401719 34689
2522 1791250290423795 40070
2523 1791250290436652 30008
2524 1791250290461693 37894
2525 1791250290476007 32268
2526 1791250290503204 36309
2527 1791250290517929 34452
2528 1791250290540277 37071
2529 1791250290560990 37373
2530 1791250290584427 39597
2531 1791250290597318 33617
2532 1791250290625486 41745
2533 1791250290639007 35204
2534 1791250290671104 48060
2535 1791250290686556 43065
2536 1791250290713599 42493
2537 1791250290720802 37518
2538 1791250290741536 38524
2539 1791250290763858 40873
2540 1791250290789954 46280
2541 1791250290812669 49103
2542 1791250290825554 42061
2543 1791250290845857 41780
2544 1791250290867751 42194
2545 1791250290881762 37687
2546 1791250290907218 44049
2547 1791250290930370 46241
2548 1791250290944003 39366
2549 1791250290956321 32474
2550 1791250290985439 41433
2551 1791250291004419 40649
2552 1791250291033412 48766
2553 1791250291048069 43647
2554 1791250291074341 50537
2555 1791250291084676 40362
2556 1791250291113982 50120
2557 1791250291134422 50666
2558 1791250291137980 32702
2559 1791250291174256 46984
2560 1791250291194355 46767
2561 1791250291213967 43948
2562 1791250291231874 48367
2563 1791250291259672 55586
2564 1791250291269264 45533
2565 1791250291292505 49248
2566 1791250291320970 56375
2567 1791250291329033 44743
2568 1791250291354414 50297
2569 1791250291380743 55719
2570 1791250291402206 56118
2571 1791250291419197 54062
2572 1791250291433621 49575
2573 1791250291460007 55963
2574 1791250291480907 56477
2575 1791250291513542 69517
2576 1791250291536008 72148
2577 1791250291560407 72109
2578 1791250291563795 59567
2579 1791250291584835 61949
2580 1791250291603398 54873
2581 1791250291622256 58521
2582 1791250291642316 58777
2583 1791250291663015 59613
2584 1791250291693237 68983
2585 1791250291712713 65301
2586 1791250291726981 63963
2587 1791250291745298 61678
2588 1791250291770233 66900
2589 1791250291795557 68573
2590 1791250291811096 67579
2591 1791250291824874 60817
2592 1791250291854084 68581
2593 1791250291866806 63942
2594 1791250291887751 63628
2595 1791250291913083 64397
2596 1791250291934640 71025
2597 1791250291947661 63496
2598 1791250291970059 66245
2599 1791250292001631 78206
2600 1791250292023242 79952
2601 1791250292044789 78401
2602 1791250292063910 80441
2603 1791250292082207 78563
2604 1791250292103788 80542
2605 1791250292123311 78758
2606 1791250292136686 72773
2607 1791250292164479 80077
2608 1791250292190821 87031
2609 1791250292203052 79737
2610 1791250292225025 81729
2611 1791250292256782 92299
2612 1791250292266230 80975
2613 1791250292294715 91661
2614 1791250292301373 77203
2615 1791250292327810 83237
2616 1791250292350817 87735
2617 1791250292373021 88968
2618 1791250292384056 80341
2619 1791250292405450 79339
2620 1791250292426807 83352
2621 1791250292447088 83498
2622 1791250292475151 91894
2623 1791250292491000 87756
2624 1791250292522266 98330
2625 1791250292535967 91716
2626 1791250292564554 100895
2627 1791250292587377 99443
2628 1791250292597613 92894
2629 1791250292631646 107635
2630 1791250292636766 92137
2631 1791250292652267 88346
2632 1791250292691705 107081
2633 1791250292702739 99807
2634 1791250292730941 104567
2635 1791250292744016 100303
2636 1791250292757032 93211
2637 1791250292785820 99850
2638 1791250292799173 96431
2639 1791250292815273 91985
2640 1791250292846726 103452
2641 1791250292866517 100682
2642 1791250292877941 92118
2643 1791250292902827 98976
2644 1791250292925617 101462
2645 1791250292955142 109325
2646 1791250292974884 110831
2647 1791250292981689 96530
2648 1791250293005538 102707
2649 1791250293028717 104797
2650 1791250293054522 110239
2651 1791250293066347 101733
2652 1791250293083062 99810
2653 1791250293109449 105177
2654 1791250293124178 100254
2655 1791250293147263 102888
2656 1791250293170903 104553
2657 1791250293183281 100215
2658 1791250293213490 104038
2659 1791250293214442 90262
2660 1791250293227825 84187
2661 1791250293257707 94103
2662 1791250293274530 91303
2663 1791250293295564 87750
2664 1791250293301906 77096
2665 1791250293324050 81042
2666 1791250293354066 90653
2667 1791250293364347 80180
2668 1791250293385422 81737
2669 1791250293397539 74378
2670 1791250293419529 75627
2671 1791250293443361 79071
2672 1791250293468731 83307
2673 1791250293489102 85958
2674 1791250293499284 73162
2675 1791250293514737 71370
2676 1791250293548142 79407
2677 1791250293564528 75423
2678 1791250293582598 78843
2679 1791250293607058 81246
2680 1791250293639590 95377
2681 1791250293654624 90093
2682 1791250293673001 90399
2683 1791250293703230 99285
2684 1791250293716247 91249
2685 1791250293734924 90583
2686 1791250293754489 90460
2687 1791250293770459 86873
2688 1791250293793359 90323
2689 1791250293823098 98420
2690 1791250293849421 105960
2691 1791250293863088 99954
2692 1791250293884734 99925
2693 1791250293904842 100120
2694 1791250293917796 94695
2695 1791250293934587 90624
2696 1791250293966432 103341
2697 1791250293984406 100345
2698 1791250293993408 89365
2699 1791250294031253 106341
2700 1791250294044800 101162
2701 1791250294070976 107281
2702 1791250294084548 100138
2703 1791250294100932 96586
2704 1791250294125686 101306
2705 1791250294155975 111882
2706 1791250294188367 119493
2707 1791250294188374 104906
2708 1791250294208737 104357
2709 1791250294235762 111837
2710 1791250294246048 102541
2711 1791250294268188 101083
2712 1791250294284437 99663
2713 1791250294314511 105771
2714 1791250294334699 110742
2715 1791250294350061 104010
2716 1791250294369517 104903
2717 1791250294385407 101051
2718 1791250294408685 104569
2719 1791250294435834 110729
2720 1791250294455493 112570
2721 1791250294483667 120138
2722 1791250294497297 113518
2723 1791250294516648 112771
2724 1791250294535807 111705
2725 1791250294563719 119892
2726 1791250294591474 126525
2727 1791250294603843 120263
2728 1791250294619137 110845
2729 1791250294637343 114389
2730 1791250294666053 118338
2731 1791250294682615 118893
2732 1791250294696222 104745
2733 1791250294712399 108553
2734 1791250294728392 104808
2735 1791250294747082 102538
2736 1791250294777204 113922
2737 1791250294789879 107262
2738 1791250294821575 117562
2739 1791250294835572 111992
2740 1791250294868037 123315
2741 1791250294894204 124726
2742 1791250294899220 115239
2743 1791250294923537 120337
2744 1791250294951105 124823
2745 1791250294961342 118651
2746 1791250294982118 118783
2747 1791250295009352 121707
2748 1791250295024818 121182
2749 1791250295035120 111579
2750 1791250295063403 117376
2751 1791250295077968 112172
2752 1791250295098533 114254
2753 1791250295117540 113732
2754 1791250295151049 126310
2755 1791250295165309 118904
2756 1791250295177198 113792
2757 1791250295200936 116250
2758 1791250295231861 126922
2759 1791250295247687 121180
2760 1791250295264773 121019
2761 1791250295282734 119272
2762 1791250295310473 126010
2763 1791250295325603 121631
2764 1791250295352052 128208
2765 1791250295371367 128091
2766 1791250295383024 118247
2767 1791250295395548 112811
2768 1791250295432672 122195
2769 1791250295437427 111821
2770 1791250295449201 106370
2771 1791250295465733 100794
2772 1791250295484566 101540
2773 1791250295504412 99812
2774 1791250295526331 102848
2775 1791250295544301 99863
2776 1791250295566000 102415
2777 1791250295579959 96356
2778 1791250295604747 100956
2779 1791250295627880 101546
2780 1791250295635791 91487
2781 1791250295652109 87947
2782 1791250295672119 87580
2783 1791250295685880 81615
2784 1791250295706031 83113
2785 1791250295722390 78577
2786 1791250295739133 75481
2787 1791250295773426 88599
2788 1791250295781185 76985
2789 1791250295801191 77398
2790 1791250295818064 74299
2791 1791250295825501 61858
2792 1791250295844750 59726
2793 1791250295855733 51966
2794 1791250295877149 53307
2795 1791250295902294 57539
2796 1791250295910755 47484
2797 1791250295922235 38044
2798 1791250295945951 39150
2799 1791250295959143 34906
2800 1791250295983106 37152
2801 1791250295997081 31895
2802 1791250296016164 33055
2803 1791250296039845 36168
2804 1791250296060108 36832
2805 1791250296080715 36468
2806 1791250296099876 34437
2807 1791250296115100 29893
2808 1791250296128513 25340
2809 1791250296157096 33264
2810 1791250296184157 35293
2811 1791250296200541 34771
2812 1791250296214592 30431
2813 1791250296235114 30788
2814 1791250296263638 39292
2815 1791250296273625 29674
2816 1791250296290223 26638
2817 1791250296318341 34700
2818 1791250296338452 27009
2819 1791250296353378 29012
2820 1791250296374644 28293
2821 1791250296400355 33571
2822 1791250296416457 32209
2823 1791250296438569 34624
2824 1791250296464035 33128
2825 1791250296480418 36104
2826 1791250296503156 39476
2827 1791250296512585 28654
2828 1791250296537853 34694
2829 1791250296553791 28911
2830 1791250296582187 37789
2831 1791250296599702 36422
2832 1791250296614565 31227
2833 1791250296632164 27935
2834 1791250296647391 24405
2835 1791250296679537 36129
2836 1791250296698450 34302
2837 1791250296718750 34915
2838 1791250296737136 32082
2839 1791250296752204 28861
2840 1791250296774787 28505
2841 1791250296802351 37555
2842 1791250296815413 31026
2843 1791250296837020 31250
2844 1791250296855766 31619
2845 1791250296884894 41299
2846 1791250296896561 33300
2847 1791250296922305 37971
2848 1791250296934359 30979
2849 1791250296959147 32477
2850 1791250296977033 32443
2851 1791250296999825 35902
2852 1791250297012692 29052
2853 1791250297035657 31579
2854 1791250297061735 38217
2855 1791250297077175 33116
2856 1791250297097027 32112
2857 1791250297118258 34518
2858 1791250297137556 31888
2859 1791250297151309 26557
2860 1791250297175615 31770
2861 1791250297209158 40322
2862 1791250297222285 32856
2863 1791250297243819 34657
2864 1791250297254138 30074
2865 1791250297275706 31885
2866 1791250297294440 25752
2867 1791250297309885 26649
2868 1791250297334094 30359
2869 1791250297356749 33106
2870 1791250297383766 40375
2871 1791250297391739 28044
2872 1791250297415494 31724
2873 1791250297438071 34925
2874 1791250297448605 24717
2875 1791250297483684 38601
2876 1791250297503311 37784
2877 1791250297523754 40067
2878 1791250297546978 43664
2879 1791250297573178 49421
2880 1791250297594663 47682
2881 1791250297607687 43016
2882 1791250297634068 50492
2883 1791250297656427 51454
2884 1791250297685262 60381
2885 1791250297698046 52563
2886 1791250297725277 61155
2887 1791250297755339 70070
2888 1791250297774038 69674
2889 1791250297787070 63336
2890 1791250297809469 65359
2891 1791250297826238 61689
2892 1791250297841364 55206
2893 1791250297866005 57931
2894 1791250297897883 71641
2895 1791250297913181 69331
2896 1791250297931096 68084
2897 1791250297958591 73949
2898 1791250297973862 69959
2899 1791250297994367 70781
2900 1791250298010441 59786
2901 1791250298028466 64831
2902 1791250298055856 72831
2903 1791250298083194 79026
2904 1791250298098158 71444
2905 1791250298113951 69238
2906 1791250298134617 70820
2907 1791250298145017 61821
2908 1791250298176610 73201
2909 1791250298201011 74474
2910 1791250298222833 78834
2911 1791250298234418 69990
2912 1791250298248436 64962
2913 1791250298263233 56121
2914 1791250298274051 51216
2915 1791250298306055 60515
2916 1791250298332624 69389
2917 1791250298343894 60737
2918 1791250298364767 60554
2919 1791250298387900 59129
2920 1791250298399725 56749
2921 1791250298425344 60575
2922 1791250298445271 61307
2923 1791250298475249 69552
2924 1791250298497624 73672
2925 1791250298511369 67088
2926 1791250298527471 62453
2927 1791250298552138 67070
2928 1791250298567062 62286
2929 1791250298589284 65029
2930 1791250298616481 72570
2931 1791250298635759 71715
2932 1791250298661300 74727
2933 1791250298683505 72713
2934 1791250298694506 70904
2935 1791250298714005 70924
2936 1791250298737051 72976
2937 1791250298759123 75658
2938 1791250298776160 71421
2939 1791250298789539 65072
2940 1791250298816339 72925
2941 1791250298837123 73579
2942 1791250298850471 66490
2943 1791250298888836 84993
2944 1791250298900026 71225
2945 1791250298923687 79325
2946 1791250298948298 78040
2947 1791250298970212 85131
2948 1791250298995320 92153
2949 1791250299011675 87985
2950 1791250299019469 75914
2951 1791250299053360 87152
2952 1791250299072287 80864
2953 1791250299092786 81108
2954 1791250299099483 75454
2955 1791250299134339 86655
2956 1791250299150503 86779
2957 1791250299160442 76430
2958 1791250299193045 88773
2959 1791250299204690 80276
2960 1791250299227148 82382
2961 1791250299250909 85070
2962 1791250299268007 83096
2963 1791250299290514 86963
2964 1791250299319019 92425
2965 1791250299334708 90566
2966 1791250299357945 93177
2967 1791250299376864 92005
2968 1791250299393616 89421
2969 1791250299418885 94847
2970 1791250299442543 96465
2971 1791250299462155 98298
2972 1791250299486426 96762
2973 1791250299499249 96093
2974 1791250299520011 95062
2975 1791250299543751 101205
2976 1791250299564719 101208
2977 1791250299579716 95223
2978 1791250299609954 104769
2979 1791250299622242 97134
2980 1791250299642252 98498
2981 1791250299672405 107683
2982 1791250299683754 97724
2983 1791250299694040 90409
2984 1791250299727829 103360
2985 1791250299746961 102544
2986 1791250299767838 103484
2987 1791250299789790 106032
2988 1791250299801403 97004
2989 1791250299827305 103347
2990 1791250299845817 102445
2991 1791250299869020 104847
2992 1791250299889872 106773
2993 1791250299913822 108993
2994 1791250299936196 113022
2995 1791250299957561 111741
2996 1791250299967237 99867
2997 1791250299985416 100185
2998 1791250300008061 104989
2999 1791250300023331 99644
3000 1791250300053963 110654
3001 1791250300070843 106974
3002 1791250300096544 111293
3003 1791250300114772 106706
3004 1791250300137675 114341
3005 1791250300160725 115006
3006 1791250300172979 107065
3007 1791250300196564 113285
3008 1791250300224992 118204
3009 1791250300242019 118802
3010 1791250300256031 112758
3011 1791250300271810 107014
3012 1791250300294654 110839
3013 1791250300316715 113551
3014 1791250300333049 108745
3015 1791250300363324 119668
3016 1791250300375352 110855
3017 1791250300401669 118623
3018 1791250300425730 121286
3019 1791250300442590 118561
3020 1791250300468483 123588
3021 1791250300478007 114681
3022 1791250300498670 113809
3023 1791250300523411 119863
3024 1791250300535861 111458
3025 1791250300558134 115539
3026 1791250300574127 111138
3027 1791250300600183 116334
3028 1791250300617372 113926
3029 1791250300641008 117593
3030 1791250300659877 115074
3031 1791250300682155 117585
3032 1791250300697438 112862
3033 1791250300720199 116217
3034 1791250300734885 110910
3035 1791250300751636 107644
3036 1791250300770909 106546
3037 1791250300793482 109300
3038 1791250300817894 114264
3039 1791250300831222 107857
3040 1791250300849845 105221
3041 1791250300865000 100111
3042 1791250300882847 98340
3043 1791250300904402 99799
3044 1791250300922142 98078
3045 1791250300944943 101325
3046 1791250300961601 97331
3047 1791250300983472 100621
3048 1791250300999824 96760
3049 1791250301023802 99987
3050 1791250301043158 98212
3051 1791250301059038 92408
3052 1791250301085775 102357
3053 1791250301100828 96025
3054 1791250301112980 89177
3055 1791250301137756 94583
3056 1791250301152975 89623
3057 1791250301174602 88824
3058 1791250301189988 87070
3059 1791250301210426 86389
3060 1791250301232252 88534
3061 1791250301248701 85432
3062 1791250301262831 79802
3063 1791250301294159 89840
3064 1791250301314207 81952
3065 1791250301328126 83852
3066 1791250301344776 81940
3067 1791250301365880 76222
3068 1791250301382986 78733
3069 1791250301395674 70597
3070 1791250301424717 79938
3071 1791250301444584 80548
3072 1791250301456700 73711
3073 1791250301470036 65863
3074 1791250301499363 74644
3075 1791250301514919 70501
3076 1791250301537939 74505
3077 1791250301550186 65725
3078 1791250301569696 63467
3079 1791250301590735 67051
3080 1791250301608565 64164
3081 1791250301632790 69139
3082 1791250301645788 62156
3083 1791250301671271 62703
3084 1791250301692920 67017
3085 1791250301707716 64639
3086 1791250301724586 61105
3087 1791250301741686 56343
3088 1791250301769931 65126
3089 1791250301787885 64350
3090 1791250301803615 60420
3091 1791250301830138 60474
3092 1791250301850250 62361
3093 1791250301856419 52801
3094 1791250301889296 63130
3095 1791250301909688 65759
3096 1791250301929887 65786
3097 1791250301947609 58683
3098 1791250301973778 64086
3099 1791250301979451 55459
3100 1791250302008940 65801
3101 1791250302021104 57050
3102 1791250302048057 63481
3103 1791250302062556 59236
3104 1791250302090821 66820
3105 1791250302108433 64509
3106 1791250302127841 65282
3107 1791250302149591 66120
3108 1791250302169190 66096
3109 1791250302188326 64365
3110 1791250302213878 64285
3111 1791250302234677 65556
3112 1791250302253432 69012
3113 1791250302276849 72827
3114 1791250302292283 69042
3115 1791250302322298 78355
3116 1791250302342799 79148
3117 1791250302356856 68822
3118 1791250302389444 82948
3119 1791250302403950 76713
3120 1791250302417519 74716
3121 1791250302443163 79611
3122 1791250302461219 77252
3123 1791250302484810 80856
3124 1791250302507625 82375
3125 1791250302532791 89624
3126 1791250302551694 88121
3127 1791250302567591 84882
3128 1791250302595449 88297
3129 1791250302614057 87850
3130 1791250302626524 83336
3131 1791250302655880 88286
3132 1791250302677159 93770
3133 1791250302697728 91459
3134 1791250302715942 91110
3135 1791250302736909 93031
3136 1791250302760009 96842
3137 1791250302789012 102413
3138 1791250302794761 90726
3139 1791250302819356 95038
3140 1791250302845193 100812
3141 1791250302857643 93389
3142 1791250302875961 86945
3143 1791250302895424 91230
3144 1791250302927365 100769
3145 1791250302943673 100561
3146 1791250302962459 98647
3147 1791250302991759 108588
3148 1791250303001211 97655
3149 1791250303019030 95607
3150 1791250303039826 96150
3151 1791250303064154 98834
3152 1791250303089630 105834
3153 1791250303111876 106302
3154 1791250303127722 104109
3155 1791250303147075 102526
3156 1791250303172300 108537
3157 1791250303196141 106508
3158 1791250303205325 102124
3159 1791250303233201 109103
3160 1791250303253675 108727
3161 1791250303274825 110052
3162 1791250303298127 114293
3163 1791250303315749 112322
3164 1791250303340558 114437
3165 1791250303355751 111722
3166 1791250303383789 120054
3167 1791250303390173 105226
3168 1791250303407228 103871
3169 1791250303433893 110720
3170 1791250303454694 110140
3171 1791250303474154 105971
3172 1791250303499433 115945
3173 1791250303514329 110472
3174 1791250303534331 108955
3175 1791250303559604 115503
3176 1791250303580902 117185
3177 1791250303593929 109510
3178 1791250303612097 108231
3179 1791250303637854 114222
3180 1791250303658678 114857
3181 1791250303674101 109702
3182 1791250303695846 112485
3183 1791250303715989 111855
3184 1791250303736515 111808
3185 1791250303761832 115770
3186 1791250303780974 113278
3187 1791250303793390 109907
3188 1791250303811099 107943
3189 1791250303838839 111307
3190 1791250303853473 108886
3191 1791250303870279 105297
3192 1791250303893191 109221
3193 1791250303910156 106628
3194 1791250303922405 99001
3195 1791250303944430 99158
3196 1791250303978699 110471
3197 1791250303990416 102485
3198 1791250304009827 106118
3199 1791250304024676 99579
3200 1791250304036206 91772
3201 1791250304061370 96439
3202 1791250304084206 100843
3203 1791250304106745 96915
3204 1791250304117920 94139
3205 1791250304134087 89100
3206 1791250304156423 89049
3207 1791250304173268 89058
3208 1791250304194151 90379
3209 1791250304213901 90784
3210 1791250304228259 83534
3211 1791250304244040 80475
3212 1791250304269599 85872
3213 1791250304290758 86309
3214 1791250304313249 89910
3215 1791250304327302 83257
3216 1791250304344306 80208
3217 1791250304368987 84113
3218 1791250304384444 80316
3219 1791250304405266 81253
3220 1791250304421438 77128
3221 1791250304443617 79737
3222 1791250304458345 74753
3223 1791250304475363 70093
3224 1791250304504361 79729
3225 1791250304521537 77894
3226 1791250304535393 71797
3227 1791250304555763 70544
3228 1791250304578231 73867
3229 1791250304595178 68552
3230 1791250304619817 69911
3231 1791250304644619 80172
3232 1791250304663933 75330
3233 1791250304673184 69405
3234 1791250304695696 70365
3235 1791250304717286 72664
3236 1791250304733936 70098
3237 1791250304751476 68050
3238 1791250304774205 69478
3239 1791250304797589 68758
3240 1791250304813957 66205
3241 1791250304835973 70198
3242 1791250304851881 68476
3243 1791250304864177 60763
3244 1791250304897876 66475
3245 1791250304903203 59984
3246 1791250304926863 63509
3247 1791250304952962 62585
3248 1791250304967638 64431
3249 1791250304985714 62179
3250 1791250305009398 65741
3251 1791250305034790 68842
3252 1791250305051892 67229
3253 1791250305064964 61793
3254 1791250305087511 63557
3255 1791250305114104 70403
3256 1791250305131494 67495
3257 1791250305157206 71724
3258 1791250305179304 74687
3259 1791250305198687 75030
3260 1791250305207495 63442
3261 1791250305220682 56380
3262 1791250305233318 47255
3263 1791250305253672 49354
3264 1791250305276522 51936
3265 1791250305301630 56027
3266 1791250305321301 57016
3267 1791250305338294 51283
3268 1791250305355898 51808
3269 1791250305376225 51966
3270 1791250305407600 63518
3271 1791250305419036 55841
3272 1791250305450705 66744
3273 1791250305466484 62696
3274 1791250305488533 65012
3275 1791250305516190 71852
3276 1791250305527250 64388
3277 1791250305556355 67817
3278 1791250305576941 66275
3279 1791250305589530 65950
3280 1791250305608176 63708
3281 1791250305633264 69432
3282 1791250305658125 74515
3283 1791250305665516 57337
3284 1791250305693445 66846
3285 1791250305711930 65636
3286 1791250305730451 66427
3287 1791250305753666 69841
3288 1791250305776845 72251
3289 1791250305794509 70466
3290 1791250305823164 73812
3291 1791250305837004 72971
3292 1791250305855016 71144
3293 1791250305876542 70838
3294 1791250305896970 73805
3295 1791250305933207 88663
3296 1791250305943448 79779
3297 1791250305969495 85626
3298 1791250305984217 79588
3299 1791250305998761 74326
3300 1791250306025586 82135
3301 1791250306043000 73501
3302 1791250306055768 71548
3303 1791250306078468 75468
3304 1791250306107350 81761
3305 1791250306131252 88250
3306 1791250306149778 86371
3307 1791250306167493 83820
3308 1791250306193588 90650
3309 1791250306219725 96161
3310 1791250306227884 78102
3311 1791250306251340 86886
3312 1791250306280821 93065
3313 1791250306294551 90426
3314 1791250306308955 82530
3315 1791250306326696 83099
3316 1791250306353344 89018
3317 1791250306367348 83051
3318 1791250306395297 91696
3319 1791250306419688 96242
3320 1791250306443221 99128
3321 1791250306463406 99388
3322 1791250306476186 92278
3323 1791250306498066 94248
3324 1791250306518625 93700
3325 1791250306543195 99970
3326 1791250306555758 92349
3327 1791250306579277 94814
3328 1791250306597226 93939
3329 1791250306620215 95343
3330 1791250306649319 106121
3331 1791250306676356 108356
3332 1791250306683788 99540
3333 1791250306706584 102816
3334 1791250306730968 106632
3335 1791250306744233 100489
3336 1791250306766671 101892
3337 1791250306786528 102737
3338 1791250306807962 101375
3339 1791250306827388 103354
3340 1791250306838722 95358
3341 1791250306866656 102359
3342 1791250306889942 104096
3343 1791250306912802 108806
3344 1791250306935760 110830
3345 1791250306956452 111884
3346 1791250306977305 112513
3347 1791250306997007 111523
3348 1791250307014821 111179
3349 1791250307032059 106776
3350 1791250307047715 103443
3351 1791250307067873 103669
3352 1791250307103188 119233
3353 1791250307120016 116787
3354 1791250307136030 111308
3355 1791250307160962 116273
3356 1791250307181348 115356
3357 1791250307205399 118568
3358 1791250307214346 111155
3359 1791250307235372 110571
3360 1791250307264328 118715
3361 1791250307289553 123132
3362 1791250307308706 124305
3363 1791250307323664 119416
3364 1791250307344761 120120
3365 1791250307360483 115987
3366 1791250307382804 118473
3367 1791250307406337 121817
3368 1791250307421064 118268
3369 1791250307440559 116892
3370 1791250307457987 114673
3371 1791250307488080 124081
3372 1791250307503932 121126
3373 1791250307527434 121110
3374 1791250307543249 119115
3375 1791250307566385 121402
3376 1791250307590468 124250
3377 1791250307611798 123850
3378 1791250307624687 120751
3379 1791250307653419 128926
3380 1791250307666681 123429
3381 1791250307686543 122735
3382 1791250307708255 124692
3383 1791250307728692 123331
3384 1791250307750067 126468
3385 1791250307767208 124373
3386 1791250307794011 129622
3387 1791250307814612 130154
3388 1791250307827102 124359
3389 1791250307854298 125983
3390 1791250307870970 127612
3391 1791250307898325 131164
3392 1791250307911633 127306
3393 1791250307926758 120883
3394 1791250307955007 130957
3395 1791250307966328 121698
3396 1791250307985484 121436
3397 1791250308002755 119509
3398 1791250308014922 110665
3399 1791250308035481 112779
3400 1791250308053685 106620
3401 1791250308073969 110515
3402 1791250308094299 110374
3403 1791250308104654 101894
3404 1791250308126237 100281
3405 1791250308142904 98684
3406 1791250308156465 93565
3407 1791250308182432 96461
3408 1791250308193850 89193
3409 1791250308221601 95361
3410 1791250308227074 84167
3411 1791250308245879 77961
3412 1791250308259301 71739
3413 1791250308274621 70730
3414 1791250308291987 68938
3415 1791250308306469 63191
3416 1791250308323292 59011
3417 1791250308347329 58957
3418 1791250308356353 52551
3419 1791250308377927 54632
3420 1791250308393265 48838
3421 1791250308406549 42084
3422 1791250308423701 39953
3423 1791250308437446 34048
3424 1791250308453521 29817
3425 1791250308480163 35961
3426 1791250308495266 25969
3427 1791250308512892 29111
3428 1791250308547435 43913
3429 1791250308553716 28145
3430 1791250308575806 28369
3431 1791250308595638 32543
3432 1791250308625584 35954
3433 1791250308643443 39992
3434 1791250308658654 33068
3435 1791250308679224 36134
3436 1791250308699575 35352
3437 1791250308715583 30777
3438 1791250308739378 36664
3439 1791250308759969 36626
3440 1791250308785570 39002
3441 1791250308793854 29979
3442 1791250308823309 37735
3443 1791250308826802 23313
3444 1791250308853530 30218
3445 1791250308876006 31094
3446 1791250308898682 34629
3447 1791250308921030 37517
3448 1791250308933422 30387
3449 1791250308956015 30014
3450 1791250308984597 40832
3451 1791250309003600 37477
3452 1791250309022750 38149
3453 1791250309043628 40025
3454 1791250309063020 40258
3455 1791250309083547 40222
3456 1791250309101776 38754
3457 1791250309123172 39622
3458 1791250309134667 30254
3459 1791250309161310 38135
3460 1791250309171463 28057
3461 1791250309194005 29462
3462 1791250309220954 34559
3463 1791250309240705 36696
3464 1791250309259908 36229
3465 1791250309282534 36685
3466 1791250309293768 30263
3467 1791250309313830 31293
3468 1791250309331735 27187
3469 1791250309355263 31341
3470 1791250309380393 35087
3471 1791250309400365 36430
3472 1791250309415643 31481
3473 1791250309428673 24750
3474 1791250309453287 29114
3475 1791250309480566 37680
3476 1791250309496252 32570
3477 1791250309513998 29630
3478 1791250309543523 39868
3479 1791250309562877 38570
3480 1791250309582171 38645
3481 1791250309591573 28691
3482 1791250309627099 39379
3483 1791250309632923 30196
3484 1791250309658224 33502
3485 1791250309673351 30050
3486 1791250309695799 31978
3487 1791250309726382 41727
3488 1791250309735152 31650
3489 1791250309763611 37226
3490 1791250309782456 35869
3491 1791250309790163 26544
3492 1791250309821393 33838
3493 1791250309836197 28508
3494 1791250309856493 31096
3495 1791250309877908 31602
3496 1791250309900240 36386
3497 1791250309923269 39966
3498 1791250309935811 32281
3499 1791250309949969 26696
3500 1791250309978515 31528
3501 1791250310000317 31995
3502 1791250310012261 28485
3503 1791250310036623 32863
3504 1791250310056152 27469
3505 1791250310073909 30745
3506 1791250310103938 39294
3507 1791250310135121 48336
3508 1791250310149896 45955
3509 1791250310167963 44284
3510 1791250310194682 49090
3511 1791250310213539 50411
3512 1791250310242776 59651
3513 1791250310262169 58348
3514 1791250310280759 55053
3515 1791250310297787 55005
3516 1791250310323661 59659
3517 1791250310338217 54825
3518 1791250310365461 57607
3519 1791250310375864 52283
3520 1791250310402466 57866
3521 1791250310418846 55611
3522 1791250310448057 59553
3523 1791250310464361 60661
3524 1791250310493271 69542
3525 1791250310507576 63185
3526 1791250310527217 63621
3527 1791250310555378 69130
3528 1791250310569447 65891
3529 1791250310597693 73306
3530 1791250310613516 69834
3531 1791250310636361 72320
3532 1791250310658926 73769
3533 1791250310672928 67205
3534 1791250310698714 74636
3535 1791250310725333 81806
3536 1791250310740326 76373
3537 1791250310763238 80250
3538 1791250310785298 78349
3539 1791250310797766 74276
3540 1791250310817387 73203
3541 1791250310840337 77095
3542 1791250310867842 82541
3543 1791250310890121 86047
3544 1791250310910986 87463
3545 1791250310925731 81372
3546 1791250310948852 81007
3547 1791250310960307 76415
3548 1791250310989149 85510
3549 1791250311003766 79361
3550 1791250311022611 79659
3551 1791250311053626 89488
3552 1791250311069994 86099
3553 1791250311089350 85581
3554 1791250311106700 84087
3555 1791250311135566 92379
3556 1791250311152373 88516
3557 1791250311174766 85412
3558 1791250311200281 96435
3559 1791250311216618 90215
3560 1791250311227110 83373
3561 1791250311258466 93286
3562 1791250311282844 99785
3563 1791250311294114 90332
3564 1791250311324634 101465
3565 1791250311333760 89870
3566 1791250311363928 99887
3567 1791250311380790 97943
3568 1791250311395083 90757
3569 1791250311414110 89472
3570 1791250311433474 90374
3571 1791250311455114 91182
3572 1791250311481125 96758
3573 1791250311509245 100334
3574 1791250311523071 93136
3575 1791250311543408 98657
3576 1791250311557811 94528
3577 1791250311589201 101511
3578 1791250311610835 101587
3579 1791250311616537 93463
3580 1791250311644207 100795
3581 1791250311660333 96553
3582 1791250311689460 105055
3583 1791250311709133 105464
3584 1791250311723566 100375
3585 1791250311741507 97296
3586 1791250311764366 100826
3587 1791250311782477 98234
3588 1791250311812559 108811
3589 1791250311833614 110046
3590 1791250311848009 103508
3591 1791250311870758 106389
3592 1791250311902602 118045
3593 1791250311909839 106994
3594 1791250311933371 110300
3595 1791250311954089 109133
3596 1791250311976934 108737
3597 1791250311998358 109637
3598 1791250312010041 107435
3599 1791250312031657 106686
3600 1791250312050747 106826
3601 1791250312078117 114501
3602 1791250312101449 116374
3603 1791250312129650 124712
3604 1791250312149464 125822
3605 1791250312158869 112647
3606 1791250312180589 117015
3607 1791250312197398 113068
3608 1791250312217990 113922
3609 1791250312235966 112374
3610 1791250312250883 107149
3611 1791250312277214 113330
3612 1791250312293462 109402
3613 1791250312311798 108101
3614 1791250312337130 113467
3615 1791250312362151 118621
3616 1791250312387779 124511
3617 1791250312403799 119008
3618 1791250312432922 128940
3619 1791250312452548 128782
3620 1791250312468483 124824
3621 1791250312483769 119838
3622 1791250312523631 135849
3623 1791250312524949 121147
3624 1791250312544266 119085
3625 1791250312571469 126247
3626 1791250312586878 118393
3627 1791250312600004 116257
3628 1791250312630326 125744
3629 1791250312649280 125645
3630 1791250312665477 121894
3631 1791250312691880 120407
3632 1791250312708628 124204
3633 1791250312727305 123577
3634 1791250312758855 131084
3635 1791250312773445 125259
3636 1791250312786102 122623
3637 1791250312824715 140169
3638 1791250312830288 125963
3639 1791250312853988 129657
3640 1791250312873463 129919
3641 1791250312890470 127474
3642 1791250312922965 138152
3643 1791250312936757 127806
3644 1791250312959094 134376
3645 1791250312978100 133219
3646 1791250312987460 123366
3647 1791250313010965 126898
3648 1791250313031686 121645
3649 1791250313044813 121844
3650 1791250313071057 126892
3651 1791250313090641 126467
3652 1791250313113160 128494
3653 1791250313127238 116270
3654 1791250313153082 126206
3655 1791250313158091 115103
3656 1791250313186963 121234
3657 1791250313197563 113587
3658 1791250313229566 116404
3659 1791250313237923 113357
3660 1791250313258650 112706
3661 1791250313274544 110443
3662 1791250313295629 108660
3663 1791250313318075 113688
3664 1791250313340978 111404
3665 1791250313354503 111206
3666 1791250313369619 105472
3667 1791250313384637 101423
3668 1791250313413395 110334
3669 1791250313427881 104655
3670 1791250313449873 105675
3671 1791250313467331 103009
3672 1791250313481194 97219
3673 1791250313509167 102962
3674 1791250313521081 97112
3675 1791250313544013 94124
3676 1791250313558909 95246
3677 1791250313580048 96147
3678 1791250313600240 95665
3679 1791250313622627 97639
3680 1791250313634568 90549
3681 1791250313657830 93160
3682 1791250313679072 94167
3683 1791250313693000 88813
3684 1791250313715776 93144
3685 1791250313732168 87535
3686 1791250313746367 82560
3687 1791250313768250 83788
3688 1791250313788265 83834
3689 1791250313821577 94148
3690 1791250313827129 80558
3691 1791250313849567 84671
3692 1791250313866018 82145
3693 1791250313886580 82473
3694 1791250313898863 74625
3695 1791250313919444 69873
3696 1791250313950645 86062
3697 1791250313965127 81534
3698 1791250313981085 77584
3699 1791250313995999 71465
3700 1791250314019799 69150
3701 1791250314034855 69725
3702 1791250314055964 72148
3703 1791250314075605 69257
3704 1791250314104313 80312
3705 1791250314114493 69218
3706 1791250314128156 64611
3707 1791250314154896 71891
3708 1791250314173910 69594
3709 1791250314185076 61307
3710 1791250314210437 66544
3711 1791250314230560 62562
3712 1791250314250623 66413
3713 1791250314267904 63838
3714 1791250314283196 58073
3715 1791250314314547 70270
3716 1791250314333000 69616
3717 1791250314348202 65093
3718 1791250314372176 66940
3719 1791250314384108 59916
3720 1791250314410127 66023
3721 1791250314443687 71508
3722 1791250314444150 60039
3723 1791250314466065 59854
3724 1791250314490869 67065
3725 1791250314508830 65137
3726 1791250314526016 62500
3727 1791250314546582 62756
3728 1791250314577106 68270
3729 1791250314595070 69050
3730 1791250314606663 60076
3731 1791250314631170 67673
3732 1791250314648033 64103
3733 1791250314669365 65728
3734 1791250314688685 62693
3735 1791250314712788 64750
3736 1791250314736452 67084
3737 1791250314752933 68746
3738 1791250314779682 75292
3739 1791250314789728 65157
3740 1791250314804662 59539
3741 1791250314828368 64887
3742 1791250314836198 52059
3743 1791250314869215 66127
3744 1791250314881195 58060
3745 1791250314909419 65944
3746 1791250314927677 63684
3747 1791250314950005 66548
3748 1791250314971253 66396
3749 1791250314999996 75777
3750 1791250315024684 74672
3751 1791250315031290 66815
3752 1791250315047707 61100
3753 1791250315078101 74877
3754 1791250315086371 62204
3755 1791250315105011 58334
3756 1791250315109421 45510
3757 1791250315113077 28730
3758 1791250315136226 31212
3759 1791250315153738 29565
3760 1791250315174329 29651
3761 1791250315193345 28079
3762 1791250315206109 22312
3763 1791250315231876 25762
3764 1791250315249410 24729
3765 1791250315267298 22965
3766 1791250315293979 26810
3767 1791250315312395 24536
3768 1791250315327384 23084
3769 1791250315346098 21966
3770 1791250315371536 25428
3771 1791250315390210 24843
3772 1791250315405954 21545
3773 1791250315432316 27306
3774 1791250315451799 27517
3775 1791250315469841 23996
3776 1791250315489062 22927
3777 1791250315509609 26405
3778 1791250315534535 30551
3779 1791250315549858 24590
3780 1791250315565817 21228
3781 1791250315585738 22368
3782 1791250315607180 23805
3783 1791250315630879 26667
3784 1791250315645037 21656
3785 1791250315668495 24998
3786 1791250315696575 28075
3787 1791250315713051 28275
3788 1791250315734945 31378
3789 1791250315745468 21070
3790 1791250315769598 25055
3791 1791250315787755 24175
3792 1791250315805229 21885
3793 1791250315826526 23371
3794 1791250315854783 28254
3795 1791250315876278 29165
3796 1791250315887452 23782
3797 1791250315905377 21153
3798 1791250315933903 28521
3799 1791250315945121 21120
3800 1791250315965104 21824
3801 1791250315989077 25089
3802 1791250316005829 21656
3803 1791250316027747 23248
3804 1791250316045567 21890
3805 1791250316065266 21520
3806 1791250316093132 28802
3807 1791250316114390 29377
3808 1791250316125159 21546
3809 1791250316146384 22547
3810 1791250316174674 28286
3811 1791250316195222 23927
3812 1791250316205600 21681
3813 1791250316233904 29728
3814 1791250316247975 24862
3815 1791250316272788 25172
3816 1791250316290635 26241
3817 1791250316305932 21597
3818 1791250316326056 23123
3819 1791250316349542 25663
3820 1791250316374300 27771
3821 1791250316387049 23808
3822 1791250316413133 26080
3823 1791250316434709 26881
3824 1791250316451277 26217
3825 1791250316472808 28642
3826 1791250316494117 28788
3827 1791250316507821 23204
3828 1791250316527440 22261
3829 1791250316546449 22537
3830 1791250316569078 22624
3831 1791250316594617 28636
3832 1791250316612626 23310
3833 1791250316626487 22012
3834 1791250316647962 23884
3835 1791250316671480 24868
3836 1791250316685590 20734
3837 1791250316715695 30946
3838 1791250316726448 21441
3839 1791250316747416 23376
3840 1791250316769024 23132
3841 1791250316794192 25165
3842 1791250316811032 26240
3843 1791250316836320 30163
3844 1791250316848869 24962
3845 1791250316868072 22388
3846 1791250316889744 26001
3847 1791250316906593 23275
3848 1791250316923681 20642
3849 1791250316953265 29581
3850 1791250316970334 25562
3851 1791250316993516 23175
3852 1791250317015217 28169
3853 1791250317029581 25885
3854 1791250317049906 25081
3855 1791250317075132 25527
3856 1791250317089311 25572
3857 1791250317114214 24898
3858 1791250317133925 28056
3859 1791250317147513 22790
3860 1791250317172964 29189
3861 1791250317190638 26215
3862 1791250317205953 21415
3863 1791250317229191 23612
3864 1791250317248183 24213
3865 1791250317273134 24933
3866 1791250317288067 23802
3867 1791250317314670 26597
3868 1791250317332585 25249
3869 1791250317348215 24787
3870 1791250317367903 23568
3871 1791250317394178 26268
3872 1791250317413850 27321
3873 1791250317427474 23188
3874 1791250317444723 21534
3875 1791250317472302 27572
3876 1791250317489013 25466
3877 1791250317514770 25752
3878 1791250317531715 22849
3879 1791250317550188 25516
3880 1791250317568486 25087
3881 1791250317588899 24925
3882 1791250317604593 20597
3883 1791250317630584 26140
3884 1791250317646450 21980
3885 1791250317669464 23005
3886 1791250317688522 22094
3887 1791250317713718 27134
3888 1791250317731847 22053
3889 1791250317747951 23499
3890 1791250317773034 25214
3891 1791250317794056 26011
3892 1791250317811608 27675
3893 1791250317833320 29896
3894 1791250317853634 29801
3895 1791250317867059 22921
3896 1791250317885672 21917
3897 1791250317905810 21853
3898 1791250317927979 23504
3899 1791250317952536 24663
3900 1791250317966568 23392
3901 1791250317987146 23246
3902 1791250318015657 32656
3903 1791250318026124 22266
3904 1791250318052317 26190
3905 1791250318072817 28349
3906 1791250318092344 28686
3907 1791250318104673 21349
3908 1791250318132884 28208
3909 1791250318145566 21341
3910 1791250318168997 25453
3911 1791250318187887 23734
3912 1791250318210334 26776
3913 1791250318229227 24946
3914 1791250318254178 29646
3915 1791250318276507 31785
3916 1791250318291988 27957
3917 1791250318311898 26929
3918 1791250318328715 24142
3919 1791250318357044 28325
3920 1791250318372246 28638
3921 1791250318393154 29428
3922 1791250318405208 21448
3923 1791250318425995 20784
3924 1791250318446981 22809
3925 1791250318466467 22626
3926 1791250318496063 29593
3927 1791250318513371 23102
3928 1791250318529831 26028
3929 1791250318546757 23037
3930 1791250318567006 23164
3931 1791250318593996 26986
3932 1791250318606259 22692
3933 1791250318633103 26840
3934 1791250318652411 23991
3935 1791250318665723 22322
3936 1791250318685516 21006
3937 1791250318704495 21163
3938 1791250318725303 20853
3939 1791250318747440 23366
3940 1791250318773539 26217
3941 1791250318784959 21169
3942 1791250318808315 24239
3943 1791250318832409 24091
3944 1791250318857380 30737
3945 1791250318873497 25315
3946 1791250318892861 24046
3947 1791250318907641 22835
3948 1791250318929986 26330
3949 1791250318955162 25173
3950 1791250318967481 24198
3951 1791250318993315 25831
3952 1791250319008710 24687
3953 1791250319034071 27434
3954 1791250319050874 23608
3955 1791250319073489 26481
3956 1791250319093424 26271
3957 1791250319112250 25115
3958 1791250319126559 20773
3959 1791250319144490 20914
3960 1791250319165284 20790
3961 1791250319192734 28964
3962 1791250319211664 28177
3963 1791250319229984 26874
3964 1791250319245499 21475
3965 1791250319270322 26017
3966 1791250319291893 27671
3967 1791250319314463 22558
3968 1791250319325140 22014
3969 1791250319347083 23399
3970 1791250319364505 21159
3971 1791250319393531 30123
3972 1791250319405786 21595
3973 1791250319430862 26661
3974 1791250319453571 30435
3975 1791250319465096 21297
3976 1791250319485733 22937
3977 1791250319505448 20834
3978 1791250319524579 21150
3979 1791250319549453 24869
3980 1791250319574051 28625
3981 1791250319594975 30935
3982 1791250319613840 28936
3983 1791250319626231 21573
3984 1791250319647620 21385
3985 1791250319668102 22271
3986 1791250319685296 20660
3987 1791250319711838 27491
3988 1791250319731825 27612
3989 1791250319753102 30013
3990 1791250319765366 20942
3991 1791250319791007 26727
3992 1791250319805183 21075
3993 1791250319828463 25221
3994 1791250319850774 25139
3995 1791250319871762 25100
3996 1791250319886344 21560
3997 1791250319904882 20816
3998 1791250319933267 28382
3999 1791250319949399 26186
4000 1791250319971563 25284
4001 1791250319989694 25612
4002 1791250320005845 22872
4003 1791250320024803 21220
4004 1791250320045262 21715
4005 1791250320068787 23587
4006 1791250320094655 28710
4007 1791250320114062 25314
4008 1791250320125393 22023
4009 1791250320145786 22662
4010 1791250320169398 23606
4011 1791250320185650 22292
4012 1791250320212762 27108
4013 1791250320236769 29517
4014 1791250320246595 23296
4015 1791250320267259 23997
4016 1791250320284850 21490
4017 1791250320305973 22542
4018 1791250320326565 22554
4019 1791250320344602 20794
4020 1791250320372629 28022
4021 1791250320385545 20992
4022 1791250320409857 26666
4023 1791250320427861 24768
4024 1791250320452605 24739
4025 1791250320468077 24350
4026 1791250320485698 21479
4027 1791250320513623 28589
4028 1791250320533409 24204
4029 1791250320543740 20734
4030 1791250320573085 29342
4031 1791250320587463 23960
4032 1791250320608106 22824
4033 1791250320625756 21702
4034 1791250320645763 22421
4035 1791250320666182 22565
4036 1791250320692576 29702
4037 1791250320711074 27116
4038 1791250320725833 22532
4039 1791250320748946 23160
4040 1791250320765429 21485
4041 1791250320786028 21457
4042 1791250320811503 26413
4043 1791250320831362 28183
4044 1791250320848153 24286
4045 1791250320865773 21190
4046 1791250320886398 21761
4047 1791250320905592 22102
4048 1791250320932317 26722
4049 1791250320948262 22976
4050 1791250320969966 25830
4051 1791250320991928 27918
4052 1791250321011349 27433
4053 1791250321025358 21873
4054 1791250321046028 21650
4055 1791250321068007 22351
4056 1791250321088049 24366
4057 1791250321115104 27051
4058 1791250321133246 25941
4059 1791250321144803 21325
4060 1791250321164065 20532
4061 1791250321184407 21121
4062 1791250321205701 21573
4063 1791250321234469 29805
4064 1791250321251520 28696
4065 1791250321272558 23002
4066 1791250321293326 29396
4067 1791250321306593 23804
4068 1791250321332909 26312
4069 1791250321345058 20677
4070 1791250321367496 24298
4071 1791250321385457 22304
4072 1791250321407516 23185
4073 1791250321429806 22557
4074 1791250321449513 25641
4075 1791250321469037 23022
4076 1791250321491030 21990
4077 1791250321513750 28661
4078 1791250321533156 27735
4079 1791250321548801 23836
4080 1791250321570489 26497
4081 1791250321584741 21625
4082 1791250321613464 28720
4083 1791250321633127 25895
4084 1791250321650975 23457
4085 1791250321665207 20655
4086 1791250321686706 22618
4087 1791250321707521 22785
4088 1791250321732321 24797
4089 1791250321751729 26328
4090 1791250321766884 20936
4091 1791250321786883 22171
4092 1791250321814383 29531
4093 1791250321825450 21827
4094 1791250321849160 24819
4095 1791250321874488 25324
4096 1791250321885445 21694
4097 1791250321907679 24119
4098 1791250321934428 29016
4099 1791250321952623 23883
4100 1791250321966721 21612
4101 1791250321986288 21988
4102 1791250322012686 28539
4103 1791250322030329 25352
4104 1791250322056518 30757
4105 1791250322073674 24906
4106 1791250322091771 23612
4107 1791250322109724 25730
4108 1791250322127251 24247
4109 1791250322145342 22525
4110 1791250322167922 23641
4111 1791250322191419 26196
4112 1791250322212193 29040
4113 1791250322233208 28729
4114 1791250322247373 21674
4115 1791250322269468 23316
4116 1791250322293858 29945
4117 1791250322312347 26929
4118 1791250322330711 26249
4119 1791250322347664 23991
4120 1791250322372669 25001
4121 1791250322392078 24390
4122 1791250322406024 21352
4123 1791250322428830 22801
4124 1791250322453576 24966
4125 1791250322469933 22125
4126 1791250322488787 22663
4127 1791250322504827 21000
4128 1791250322524514 20697
4129 1791250322547506 22988
4130 1791250322571639 26986
4131 1791250322588636 25023
4132 1791250322611269 25602
4133 1791250322633258 27916
4134 1791250322655296 25358
4135 1791250322664283 20828
4136 1791250322691141 27351
4137 1791250322714090 27059
4138 1791250322736687 27108
4139 1791250322753870 29947
4140 1791250322764806 21438
4141 1791250322786198 22880
4142 1791250322808192 24190
4143 1791250322831746 23551
4144 1791250322848809 23624
4145 1791250322870088 25131
4146 1791250322884819 21616
4147 1791250322909080 24259
4148 1791250322925858 22264
4149 1791250322954815 28955
4150 1791250322965168 22090
4151 1791250322986529 23055
4152 1791250323012969 28369
4153 1791250323031384 28304
4154 1791250323046693 23323
4155 1791250323067420 23594
4156 1791250323093510 26086
4157 1791250323116925 27898
4158 1791250323127183 23415
4159 1791250323146782 22262
# sent 4160 received 4160
