0 1791255229037605 32279
1 1791255229053402 21532
2 1791255229074174 21298
3 1791255229091827 26279
4 1791255229110950 24397
5 1791255229134101 23195
6 1791255229155311 28799
7 1791255229173697 23219
8 1791255229192451 25504
9 1791255229210947 24422
10 1791255229235459 24507
11 1791255229254808 26189
12 1791255229272386 25951
13 1791255229287483 21234
14 1791255229313418 25928
15 1791255229331039 23393
16 1791255229352109 26315
17 1791255229373379 21267
18 1791255229393982 27047
19 1791255229415225 25649
20 1791255229434309 27320
21 1791255229453286 23936
22 1791255229481459 28170
23 1791255229492947 26332
24 1791255229509126 23031
25 1791255229533486 24353
26 1791255229554453 24814
27 1791255229576459 28212
28 1791255229592608 22506
29 1791255229613665 26735
30 1791255229634404 25681
31 1791255229655586 26105
32 1791255229682113 32540
33 1791255229692983 27201
34 1791255229714963 26162
35 1791255229733603 26064
36 1791255229753022 24466
37 1791255229780569 27543
38 1791255229795185 22625
39 1791255229812902 22385
40 1791255229834618 21714
41 1791255229853538 26962
42 1791255229871827 23114
43 1791255229893591 27393
44 1791255229913900 25344
45 1791255229931517 23453
46 1791255229955493 23973
47 1791255229968812 22375
48 1791255229992774 23958
49 1791255230015902 23125
50 1791255230033519 27299
51 1791255230046875 20840
52 1791255230073761 26881
53 1791255230094244 23777
54 1791255230110837 23060
55 1791255230136321 25753
56 1791255230154066 26295
57 1791255230174863 27911
58 1791255230195922 24849
59 1791255230213872 27073
60 1791255230230596 21403
61 1791255230255344 27310
62 1791255230275339 23383
63 1791255230295199 29182
64 1791255230313471 22252
65 1791255230334423 27915
66 1791255230353515 25649
67 1791255230374248 27655
68 1791255230396850 26003
69 1791255230417782 23675
70 1791255230434589 22603
71 1791255230447924 21143
72 1791255230473970 26042
73 1791255230493927 23546
74 1791255230512182 25619
75 1791255230534862 27053
76 1791255230554500 25143
77 1791255230570185 20967
78 1791255230593989 28346
79 1791255230613026 22593
80 1791255230637349 31231
81 1791255230652530 21127
82 1791255230672489 24947
83 1791255230694290 28146
84 1791255230710945 25052
85 1791255230735381 24433
86 1791255230752309 23949
87 1791255230773953 27101
88 1791255230794085 26320
89 1791255230815962 27307
90 1791255230833382 23337
91 1791255230856534 23149
92 1791255230867292 21127
93 1791255230898904 31730
94 1791255230916123 23862
95 1791255230933083 25609
96 1791255230953702 20615
97 1791255230969259 21991
98 1791255230988360 22088
99 1791255231015394 27029
100 1791255231035583 26307
101 1791255231053801 23505
102 1791255231074333 26077
103 1791255231094498 26709
104 1791255231112814 24803
105 1791255231130813 25084
106 1791255231153844 23028
107 1791255231173341 26069
108 1791255231197032 29771
109 1791255231211768 21616
110 1791255231232838 21067
111 1791255231253468 27121
112 1791255231270685 22419
113 1791255231296386 25693
114 1791255231314892 26361
115 1791255231328651 22309
116 1791255231354655 26256
117 1791255231375008 26782
118 1791255231392908 23891
119 1791255231414409 28125
120 1791255231433176 23594
121 1791255231452938 25294
122 1791255231473872 24262
123 1791255231493751 25642
124 1791255231512589 26633
125 1791255231531407 24674
126 1791255231552221 25625
127 1791255231575000 27659
128 1791255231592765 22792
129 1791255231612638 25772
130 1791255231639822 27181
131 1791255231651976 25255
132 1791255231671794 22669
133 1791255231690539 24339
134 1791255231709506 23518
135 1791255231735502 29018
136 1791255231757472 26777
137 1791255231773823 26846
138 1791255231792789 26097
139 1791255231813912 27588
140 1791255231832377 26289
141 1791255231853154 26576
142 1791255231869437 23843
143 1791255231891871 22430
144 1791255231915608 29490
145 1791255231927896 21348
146 1791255231953780 25881
147 1791255231971764 24393
148 1791255231993968 22201
149 1791255232013709 26857
150 1791255232032841 25673
151 1791255232055555 22711
152 1791255232070883 24053
153 1791255232095539 27262
154 1791255232112763 25480
155 1791255232136482 23716
156 1791255232156607 26944
157 1791255232173283 24956
158 1791255232188473 22601
159 1791255232209047 20673
160 1791255232227998 20919
161 1791255232253074 25073
162 1791255232275384 26541
163 1791255232292664 23331
164 1791255232313475 27569
165 1791255232328350 22416
166 1791255232351259 22906
167 1791255232371233 23997
168 1791255232392996 21760
169 1791255232420300 27300
170 1791255232434086 21492
171 1791255232454111 26412
172 1791255232472727 25304
173 1791255232487897 21719
174 1791255232513599 27314
175 1791255232534223 23043
176 1791255232554864 25539
177 1791255232573646 25560
178 1791255232595953 25173
179 1791255232614837 28346
180 1791255232627882 21602
181 1791255232651331 24601
182 1791255232674272 22939
183 1791255232687464 21626
184 1791255232718679 31276
185 1791255232736249 24454
186 1791255232753937 27764
187 1791255232773062 23664
188 1791255232793766 26864
189 1791255232814569 26816
190 1791255232832977 25439
191 1791255232852243 25718
192 1791255232874616 27622
193 1791255232893374 24795
194 1791255232910265 24230
195 1791255232933812 23852
196 1791255232948495 22088
197 1791255232971869 25461
198 1791255232991869 25496
199 1791255233014984 26471
200 1791255233029864 21444
201 1791255233055165 26697
202 1791255233072692 24689
203 1791255233093568 26784
204 1791255233114503 24145
205 1791255233127799 21256
206 1791255233157049 29245
207 1791255233174280 22935
208 1791255233193232 23858
209 1791255233214934 25763
210 1791255233235493 22728
211 1791255233253225 26529
212 1791255233274887 26175
213 1791255233293301 22304
214 1791255233308595 21992
215 1791255233332475 24028
216 1791255233354133 26720
217 1791255233374138 27458
218 1791255233393225 24033
219 1791255233422478 29250
220 1791255233433785 24724
221 1791255233449159 23043
222 1791255233474034 24872
223 1791255233492875 25595
224 1791255233518972 30599
225 1791255233533209 26112
226 1791255233553870 26580
227 1791255233574041 24718
228 1791255233593264 25217
229 1791255233612556 21260
230 1791255233630931 23422
231 1791255233652903 26768
232 1791255233673168 24029
233 1791255233689995 23599
234 1791255233715475 25466
235 1791255233733355 23666
236 1791255233754336 24973
237 1791255233775381 26972
238 1791255233794370 25956
239 1791255233815275 24329
240 1791255233833298 23767
241 1791255233854110 27717
242 1791255233873895 22282
243 1791255233894090 24564
244 1791255233912250 24829
245 1791255233932402 25881
246 1791255233952219 22838
247 1791255233969905 22548
248 1791255233994327 27970
249 1791255234009473 22072
250 1791255234026696 20932
251 1791255234053624 26924
252 1791255234082388 28983
253 1791255234092579 24444
254 1791255234113507 22264
255 1791255234132146 23143
256 1791255234153362 27544
257 1791255234172409 22906
258 1791255234191138 24567
259 1791255234213280 26896
260 1791255234232475 26101
261 1791255234253086 26411
262 1791255234273196 24304
263 1791255234289767 22067
264 1791255234313696 27284
265 1791255234331690 25246
266 1791255234346959 21126
267 1791255234368665 21931
268 1791255234394974 26305
269 1791255234413859 24069
270 1791255234435054 25665
271 1791255234452040 22676
272 1791255234477067 29948
273 1791255234495302 22329
274 1791255234514425 27989
275 1791255234533628 25787
276 1791255234548241 22623
277 1791255234572782 24536
278 1791255234594741 21956
279 1791255234613844 25528
280 1791255234628709 22097
281 1791255234653125 24543
282 1791255234674784 28206
283 1791255234693629 21540
284 1791255234714360 26834
285 1791255234729063 22490
286 1791255234746163 20739
287 1791255234770916 24749
288 1791255234794687 26362
289 1791255234812439 20673
290 1791255234830937 24900
291 1791255234849182 23598
292 1791255234873601 24416
293 1791255234889522 22434
294 1791255234912486 23089
295 1791255234932006 25732
296 1791255234948465 20937
297 1791255234968420 22109
298 1791255234996525 29408
299 1791255235015246 23340
300 1791255235037495 28860
301 1791255235052977 25661
302 1791255235070176 24130
303 1791255235094246 27519
304 1791255235112176 21098
305 1791255235137905 25726
306 1791255235155163 23266
307 1791255235172256 25406
308 1791255235195014 22755
309 1791255235212966 24668
310 1791255235234983 26869
311 1791255235254504 25688
312 1791255235282610 33074
313 1791255235296849 27445
314 1791255235314305 24084
315 1791255235333743 25556
316 1791255235356908 23215
317 1791255235367725 21712
318 1791255235394368 28332
319 1791255235410740 23794
320 1791255235426581 21065
321 1791255235455358 28773
322 1791255235473710 27316
323 1791255235493914 26106
324 1791255235515369 21452
325 1791255235531582 22257
326 1791255235547956 21159
327 1791255235566886 20999
328 1791255235589863 22973
329 1791255235612481 22614
330 1791255235635064 22582
331 1791255235654493 27100
332 1791255235672511 26074
333 1791255235694760 22246
334 1791255235712066 26001
335 1791255235731073 24905
336 1791255235763093 32017
337 1791255235774515 27154
338 1791255235793367 22823
339 1791255235814189 25850
340 1791255235834455 26316
341 1791255235852294 22736
342 1791255235872345 25753
343 1791255235894125 26693
344 1791255235915233 26911
345 1791255235927773 20767
346 1791255235954288 26512
347 1791255235974089 27348
348 1791255235992997 26331
349 1791255236013603 20673
350 1791255236032347 20535
351 1791255236052091 25165
352 1791255236072815 20720
353 1791255236094592 23332
354 1791255236109883 22671
355 1791255236132154 26079
356 1791255236154099 21942
357 1791255236172628 24430
358 1791255236188375 20969
359 1791255236214356 28583
360 1791255236234149 23157
361 1791255236246931 20953
362 1791255236271192 24258
363 1791255236292440 21245
364 1791255236314439 24770
365 1791255236334855 26063
366 1791255236347322 21362
367 1791255236372515 26502
368 1791255236397448 28310
369 1791255236413936 26664
370 1791255236432335 22293
371 1791255236454000 21662
372 1791255236474221 26178
373 1791255236496273 26479
374 1791255236506914 20493
375 1791255236530805 23889
376 1791255236555090 24280
377 1791255236572820 24559
378 1791255236594731 28497
379 1791255236613497 23328
380 1791255236630007 23987
381 1791255236654489 24478
382 1791255236673748 25249
383 1791255236691804 22690
384 1791255236713489 26726
385 1791255236743974 30482
386 1791255236755070 28268
387 1791255236772299 21768
388 1791255236788342 22028
389 1791255236814340 25996
390 1791255236835218 23856
391 1791255236847908 20903
392 1791255236870163 22441
393 1791255236891734 21568
394 1791255236917422 25685
395 1791255236933522 22170
396 1791255236948392 22574
397 1791255236972242 23847
398 1791255236994390 22144
399 1791255237012185 24209
400 1791255237033442 27264
401 1791255237051876 22841
402 1791255237067469 21396
403 1791255237092676 25205
404 1791255237112961 24978
405 1791255237128608 22752
406 1791255237150695 23207
407 1791255237175384 28634
408 1791255237201786 31904
409 1791255237215872 29579
410 1791255237243125 29908
411 1791255237259593 27891
412 1791255237283226 34177
413 1791255237297119 27369
414 1791255237315925 29077
415 1791255237339108 27121
416 1791255237356578 28070
417 1791255237380644 28011
418 1791255237396632 30041
419 1791255237414644 28771
420 1791255237444167 31459
421 1791255237453506 27000
422 1791255237483805 30297
423 1791255237495478 29652
424 1791255237517256 29121
425 1791255237533405 27109
426 1791255237561553 34780
427 1791255237574263 25678
428 1791255237594008 27632
429 1791255237616599 28363
430 1791255237637316 29179
431 1791255237660807 31734
432 1791255237685599 32050
433 1791255237704553 31222
434 1791255237712192 26591
435 1791255237735125 22931
436 1791255237758075 27141
437 1791255237773105 25632
438 1791255237804221 31113
439 1791255237823830 29683
440 1791255237834311 24874
441 1791255237859682 26247
442 1791255237883030 29368
443 1791255237896860 28635
444 1791255237928041 37646
445 1791255237943760 32311
446 1791255237955571 27994
447 1791255237977560 28239
448 1791255237999396 32958
449 1791255238016438 30569
450 1791255238034595 28816
451 1791255238064064 33955
452 1791255238074708 26445
453 1791255238098508 29790
454 1791255238115809 25980
455 1791255238131415 25601
456 1791255238155397 26625
457 1791255238176485 27744
458 1791255238194539 27877
459 1791255238216087 25657
460 1791255238236051 30346
461 1791255238263757 27703
462 1791255238274848 28083
463 1791255238295912 28799
464 1791255238317296 27403
465 1791255238333978 25555
466 1791255238354651 28251
467 1791255238371499 25334
468 1791255238402710 31208
469 1791255238413246 25915
470 1791255238434014 27144
471 1791255238453708 24052
472 1791255238475579 28145
473 1791255238492082 24673
474 1791255238514012 28131
475 1791255238540212 31612
476 1791255238561521 32899
477 1791255238580430 33667
478 1791255238603529 37678
479 1791255238623243 37003
480 1791255238653888 47651
481 1791255238673575 45572
482 1791255238708519 54628
483 1791255238724699 51119
484 1791255238737464 50099
485 1791255238754463 48129
486 1791255238782382 55072
487 1791255238793368 47417
488 1791255238818563 49163
489 1791255238835415 48264
490 1791255238863766 57438
491 1791255238884278 58544
492 1791255238901725 52454
493 1791255238912233 44136
494 1791255238935813 45597
495 1791255238954749 48604
496 1791255238981021 54122
497 1791255239004479 57850
498 1791255239025793 59013
499 1791255239044119 51226
500 1791255239071276 60147
501 1791255239083224 57428
502 1791255239104113 57657
503 1791255239126310 55030
504 1791255239142475 55328
505 1791255239164041 55919
506 1791255239190309 63995
507 1791255239208858 63170
508 1791255239226094 58608
509 1791255239244776 54549
510 1791255239265638 56776
511 1791255239290091 63992
512 1791255239318456 68752
513 1791255239331581 65939
514 1791255239348387 61875
515 1791255239369641 63266
516 1791255239397496 65911
517 1791255239410154 63317
518 1791255239439311 69667
519 1791255239456936 65813
520 1791255239476179 68970
521 1791255239489931 63506
522 1791255239514010 65929
523 1791255239544660 75558
524 1791255239557688 70539
525 1791255239584219 70457
526 1791255239605479 75658
527 1791255239627754 78083
528 1791255239642763 76001
529 1791255239664859 78028
530 1791255239676652 71168
531 1791255239697118 69359
532 1791255239722080 76049
533 1791255239739093 71944
534 1791255239758719 71942
535 1791255239784368 77827
536 1791255239804262 75459
537 1791255239825678 78742
538 1791255239844105 77407
539 1791255239857710 71922
540 1791255239889114 81889
541 1791255239902512 76817
542 1791255239924230 77238
543 1791255239947408 80232
544 1791255239971087 81968
545 1791255239985158 78898
546 1791255240014082 85885
547 1791255240026739 79325
548 1791255240044587 73498
549 1791255240066594 77667
550 1791255240078666 69075
551 1791255240093231 66489
552 1791255240112312 65943
553 1791255240124026 57428
554 1791255240145725 58764
555 1791255240165799 53483
556 1791255240177575 51420
557 1791255240192296 46568
558 1791255240211855 46053
559 1791255240233374 47368
560 1791255240252061 40204
561 1791255240266363 40225
562 1791255240280104 32850
563 1791255240296059 29693
564 1791255240316714 25005
565 1791255240337096 30904
566 1791255240354954 28940
567 1791255240378340 31829
568 1791255240395640 22842
569 1791255240410730 25140
570 1791255240437095 31115
571 1791255240457325 30910
572 1791255240471087 24692
573 1791255240494354 28669
574 1791255240521008 31596
575 1791255240544276 31469
576 1791255240561877 29600
577 1791255240584453 33224
578 1791255240609597 36918
579 1791255240622709 36356
580 1791255240636402 26803
581 1791255240655816 27724
582 1791255240678531 28062
583 1791255240703855 33610
584 1791255240716618 29956
585 1791255240735418 28846
586 1791255240763719 34445
587 1791255240776520 27803
588 1791255240794337 26512
589 1791255240815409 26918
590 1791255240834421 28139
591 1791255240855539 28174
592 1791255240876699 25502
593 1791255240897551 28498
594 1791255240913793 27862
595 1791255240940513 26716
596 1791255240954644 27237
597 1791255240986014 31366
598 1791255240999199 33167
599 1791255241017754 31735
600 1791255241044033 32925
601 1791255241058536 31558
602 1791255241076034 27930
603 1791255241096214 30431
604 1791255241124670 37521
605 1791255241141435 31181
606 1791255241155389 28068
607 1791255241173188 27603
608 1791255241193989 27464
609 1791255241215835 25574
610 1791255241239168 28555
611 1791255241257910 31735
612 1791255241283189 31792
613 1791255241298252 31256
614 1791255241315312 28887
615 1791255241333964 27445
616 1791255241353144 25004
617 1791255241385969 32822
618 1791255241398143 31430
619 1791255241414025 28052
620 1791255241434204 26445
621 1791255241458215 29140
622 1791255241474600 27627
623 1791255241492639 25589
624 1791255241512740 26292
625 1791255241542276 29533
626 1791255241555157 28357
627 1791255241576095 28810
628 1791255241594876 27725
629 1791255241618420 31115
630 1791255241644507 31985
631 1791255241661784 36189
632 1791255241678913 28023
633 1791255241702608 30507
634 1791255241717911 27539
635 1791255241739554 32085
636 1791255241755352 27792
637 1791255241776643 29665
638 1791255241789061 23324
639 1791255241814028 24963
640 1791255241835569 28563
641 1791255241853641 25239
642 1791255241884867 31223
643 1791255241909111 39605
644 1791255241935103 41779
645 1791255241946066 36952
646 1791255241968671 40536
647 1791255241988161 42092
648 1791255242013315 44681
649 1791255242043941 55776
650 1791255242064028 55050
651 1791255242085228 56464
652 1791255242105243 56722
653 1791255242134146 66904
654 1791255242156238 69687
655 1791255242187945 74979
656 1791255242204816 78090
657 1791255242233381 85042
658 1791255242251907 85296
659 1791255242275966 88017
660 1791255242303484 97334
661 1791255242330199 96927
662 1791255242342960 97350
663 1791255242373392 104328
664 1791255242392951 106350
665 1791255242414494 104276
666 1791255242426795 98435
667 1791255242449302 102615
668 1791255242473779 107137
669 1791255242494969 108647
670 1791255242514069 107374
671 1791255242533935 107136
672 1791255242562835 113530
673 1791255242581707 108644
674 1791255242604612 109638
675 1791255242622994 112302
676 1791255242643954 110015
677 1791255242651972 105153
678 1791255242672321 104676
679 1791255242685814 99808
680 1791255242722249 111025
681 1791255242732532 100710
682 1791255242746672 94696
683 1791255242766830 94543
684 1791255242775184 89368
685 1791255242794659 86985
686 1791255242813904 87008
687 1791255242828685 82116
688 1791255242848269 81437
689 1791255242864051 71215
690 1791255242878456 71230
691 1791255242906632 77917
692 1791255242921711 73439
693 1791255242932156 63971
694 1791255242942504 56639
695 1791255242964066 58123
696 1791255242984124 51965
697 1791255242994358 41006
698 1791255243006670 37364
699 1791255243021685 32372
700 1791255243033122 26449
701 1791255243062317 33474
702 1791255243073317 26289
703 1791255243104242 37093
704 1791255243120829 30908
705 1791255243143194 30697
706 1791255243161024 33404
707 1791255243172011 25264
708 1791255243198693 32559
709 1791255243216145 28842
710 1791255243244489 34839
711 1791255243255711 28207
712 1791255243278188 28562
713 1791255243294841 29030
714 1791255243322039 31227
715 1791255243344534 31664
716 1791255243355962 29079
717 1791255243375291 28056
718 1791255243394633 25696
719 1791255243416484 26437
720 1791255243434809 27876
721 1791255243455692 25937
722 1791255243473408 27016
723 1791255243495437 26449
724 1791255243520793 31986
725 1791255243536590 29870
726 1791255243563063 31772
727 1791255243574698 27731
728 1791255243594515 26588
729 1791255243615182 27619
730 1791255243633627 25768
731 1791255243663294 29665
732 1791255243677908 29879
733 1791255243695770 28728
734 1791255243718944 32802
735 1791255243739403 33293
736 1791255243750513 23235
737 1791255243772979 27234
738 1791255243792961 22811
739 1791255243821965 29001
740 1791255243834171 27325
741 1791255243864474 30300
742 1791255243882700 29071
743 1791255243905802 33880
744 1791255243917016 30218
745 1791255243938349 32544
746 1791255243954032 27725
747 1791255243980269 34684
748 1791255243993871 27620
749 1791255244013030 26444
750 1791255244038173 31846
751 1791255244056855 29938
752 1791255244081615 30446
753 1791255244097576 27971
754 1791255244121112 29828
755 1791255244132884 27061
756 1791255244155500 22610
757 1791255244176054 29984
758 1791255244203378 37360
759 1791255244216465 29446
760 1791255244242598 33425
761 1791255244259323 30636
762 1791255244284119 32091
763 1791255244295645 29173
764 1791255244317604 26902
765 1791255244340938 28091
766 1791255244355217 27955
767 1791255244374158 24954
768 1791255244396592 25884
769 1791255244413316 24483
770 1791255244434059 27797
771 1791255244459479 30637
772 1791255244483276 29412
773 1791255244498424 31895
774 1791255244523938 32088
775 1791255244542394 29536
776 1791255244557452 31281
777 1791255244574602 28822
778 1791255244593230 27634
779 1791255244613620 27180
780 1791255244642644 36048
781 1791255244668238 34132
782 1791255244683139 36704
783 1791255244701284 33042
784 1791255244715454 28456
785 1791255244732551 24987
786 1791255244766974 34420
787 1791255244781556 35671
788 1791255244794075 27098
789 1791255244821882 35641
790 1791255244832265 22702
791 1791255244855550 26967
792 1791255244874176 25310
793 1791255244895683 28274
794 1791255244915764 27804
795 1791255244936688 28426
796 1791255244957032 30833
797 1791255244979832 33466
798 1791255244995445 29003
799 1791255245015308 28563
800 1791255245034696 24776
801 1791255245064838 31567
802 1791255245077714 31410
803 1791255245102720 33266
804 1791255245113854 27766
805 1791255245134268 26846
806 1791255245153506 27155
807 1791255245176585 27911
808 1791255245197932 32189
809 1791255245214705 26092
810 1791255245235679 26061
811 1791255245254109 25970
812 1791255245275266 28898
813 1791255245291216 23564
814 1791255245315685 28362
815 1791255245343568 37147
816 1791255245355237 28051
817 1791255245374906 25007
818 1791255245392910 25756
819 1791255245424041 31129
820 1791255245434511 28183
821 1791255245460648 30714
822 1791255245474904 27864
823 1791255245495697 28927
824 1791255245513808 26401
825 1791255245535287 28725
826 1791255245555251 28251
827 1791255245582878 34516
828 1791255245593996 26999
829 1791255245615983 26693
830 1791255245641745 31378
831 1791255245657765 30123
832 1791255245679138 31751
833 1791255245704780 32333
834 1791255245715803 29076
835 1791255245733047 25742
836 1791255245759355 26305
837 1791255245774650 27465
838 1791255245804484 30998
839 1791255245815349 29546
840 1791255245833691 27591
841 1791255245856435 28165
842 1791255245873636 25164
843 1791255245902666 34415
844 1791255245914310 25886
845 1791255245933914 27044
846 1791255245956350 26630
847 1791255245975470 26448
848 1791255245991973 22312
849 1791255246013325 27560
850 1791255246037211 31145
851 1791255246054421 26169
852 1791255246075123 28220
853 1791255246098164 32248
854 1791255246123898 31285
855 1791255246153996 41750
856 1791255246164442 37968
857 1791255246195182 46060
858 1791255246213656 45380
859 1791255246240775 51464
860 1791255246263587 56545
861 1791255246284071 58027
862 1791255246304692 58621
863 1791255246345608 72479
864 1791255246366994 74079
865 1791255246385441 71606
866 1791255246388547 62463
867 1791255246413031 67420
868 1791255246442519 75712
869 1791255246460258 74814
870 1791255246485585 79896
871 1791255246504891 73399
872 1791255246523628 77797
873 1791255246545377 78728
874 1791255246559354 73768
875 1791255246578786 71876
876 1791255246606254 79057
877 1791255246628728 83348
878 1791255246646295 80600
879 1791255246669264 82112
880 1791255246689158 82901
881 1791255246714734 86003
882 1791255246733904 87606
883 1791255246755580 88815
884 1791255246776781 89853
885 1791255246794017 87660
886 1791255246813360 87544
887 1791255246835355 88463
888 1791255246850895 80146
889 1791255246865769 78527
890 1791255246884567 76794
891 1791255246904045 77378
892 1791255246923976 78174
893 1791255246944686 78914
894 1791255246958754 73017
895 1791255246985934 73114
896 1791255247004457 78260
897 1791255247024251 77461
898 1791255247048480 75325
899 1791255247063619 77682
900 1791255247080319 74413
901 1791255247104676 72758
902 1791255247111988 63635
903 1791255247124532 58642
904 1791255247146175 52422
905 1791255247161325 49334
906 1791255247173078 45271
907 1791255247195415 49237
908 1791255247206362 40302
909 1791255247224034 33948
910 1791255247236421 30055
911 1791255247255113 26873
912 1791255247278227 29642
913 1791255247296202 27180
914 1791255247324862 34015
915 1791255247336099 29112
916 1791255247354702 28214
917 1791255247383531 33579
918 1791255247394647 27034
919 1791255247415935 25930
920 1791255247436776 30999
921 1791255247455591 28118
922 1791255247484602 31373
923 1791255247502988 33947
924 1791255247519895 29958
925 1791255247541331 33561
926 1791255247564526 30922
927 1791255247573528 26951
928 1791255247596407 30111
929 1791255247617605 31001
930 1791255247644082 32390
931 1791255247658216 30341
932 1791255247676867 29933
933 1791255247695602 27680
934 1791255247731753 36147
935 1791255247736089 27067
936 1791255247754626 27794
937 1791255247776312 28347
938 1791255247796258 27004
939 1791255247818842 26417
940 1791255247834183 26534
941 1791255247863535 31523
942 1791255247875560 28110
943 1791255247893987 26018
944 1791255247915712 28481
945 1791255247933940 27197
946 1791255247963727 37128
947 1791255247978016 31245
948 1791255247993824 24527
949 1791255248028847 35019
950 1791255248039020 28123
951 1791255248052114 25964
952 1791255248078592 30287
953 1791255248106582 35138
954 1791255248119281 31539
955 1791255248133966 27382
956 1791255248154887 27197
957 1791255248176046 26306
958 1791255248202828 29405
959 1791255248214834 25458
960 1791255248237264 29458
961 1791255248255611 23538
962 1791255248276633 29284
963 1791255248302270 35506
964 1791255248314144 26006
965 1791255248337696 29619
966 1791255248349838 23094
967 1791255248375179 27533
968 1791255248394045 26649
969 1791255248414114 24737
970 1791255248439073 30966
971 1791255248451505 23973
972 1791255248483342 31834
973 1791255248494719 28002
974 1791255248516375 26131
975 1791255248532167 23517
976 1791255248555355 28083
977 1791255248583776 34966
978 1791255248594217 26656
979 1791255248616460 26470
980 1791255248640853 28014
981 1791255248654696 27113
982 1791255248673606 27258
983 1791255248689095 23120
984 1791255248717853 28755
985 1791255248736237 29154
986 1791255248763066 31580
987 1791255248774238 27375
988 1791255248804550 35654
989 1791255248816538 28825
990 1791255248836996 27094
991 1791255248854135 28440
992 1791255248876233 28017
993 1791255248896487 28596
994 1791255248915070 26157
995 1791255248936581 25424
996 1791255248959129 28493
997 1791255248974546 27693
998 1791255248994922 28175
999 1791255249016720 30659
1000 1791255249033895 27660
1001 1791255249063986 36869
1002 1791255249083359 34021
1003 1791255249103939 34995
1004 1791255249129945 42839
1005 1791255249161358 50106
1006 1791255249176866 46918
1007 1791255249197454 49236
1008 1791255249222789 56367
1009 1791255249241962 55195
1010 1791255249269312 63553
1011 1791255249293502 65010
1012 1791255249310468 63524
1013 1791255249340779 71464
1014 1791255249367338 73833
1015 1791255249384216 77905
1016 1791255249413639 80660
1017 1791255249433449 87365
1018 1791255249456598 89257
1019 1791255249484488 98018
1020 1791255249512002 98359
1021 1791255249529771 103365
1022 1791255249552976 104215
1023 1791255249574794 108263
1024 1791255249603596 117292
1025 1791255249621932 114949
1026 1791255249646264 120025
1027 1791255249674605 127104
1028 1791255249701071 129514
1029 1791255249723693 137073
1030 1791255249742928 135045
1031 1791255249766300 140002
1032 1791255249785541 139273
1033 1791255249812855 144955
1034 1791255249836121 148115
1035 1791255249859696 151773
1036 1791255249881625 153703
1037 1791255249894721 144823
1038 1791255249914695 148390
1039 1791255249927868 142324
1040 1791255249953718 147583
1041 1791255249970097 141216
1042 1791255249985368 137927
1043 1791255250002086 136147
1044 1791255250016006 129591
1045 1791255250035125 127797
1046 1791255250055304 127434
1047 1791255250084752 131032
1048 1791255250088889 121204
1049 1791255250103984 118614
1050 1791255250126382 118903
1051 1791255250142189 115932
1052 1791255250163438 114738
1053 1791255250171627 101600
1054 1791255250187115 98222
1055 1791255250197714 89761
1056 1791255250208186 81801
1057 1791255250236075 84900
1058 1791255250236084 70275
1059 1791255250253726 67562
1060 1791255250265833 58667
1061 1791255250286259 54104
1062 1791255250298670 51251
1063 1791255250309609 43771
1064 1791255250317903 31640
1065 1791255250336550 28309
1066 1791255250359610 32336
1067 1791255250384244 35330
1068 1791255250404061 37447
1069 1791255250418059 26922
1070 1791255250435817 29345
1071 1791255250460122 33646
1072 1791255250477671 29482
1073 1791255250503337 32298
1074 1791255250524529 38594
1075 1791255250542634 30046
1076 1791255250555524 29710
1077 1791255250573765 25212
1078 1791255250602586 28817
1079 1791255250618000 29429
1080 1791255250638025 31337
1081 1791255250664327 31947
1082 1791255250676147 28544
1083 1791255250691670 23813
1084 1791255250724661 36993
1085 1791255250735941 27257
1086 1791255250764891 36911
1087 1791255250782988 30665
1088 1791255250799906 32941
1089 1791255250824073 31630
1090 1791255250843835 36866
1091 1791255250854070 27266
1092 1791255250874997 26054
1093 1791255250893436 25611
1094 1791255250912471 22881
1095 1791255250943304 30830
1096 1791255250955136 28122
1097 1791255250976730 28626
1098 1791255250993978 26803
1099 1791255251014831 26715
1100 1791255251039048 27677
1101 1791255251054945 27532
1102 1791255251079122 32177
1103 1791255251098277 25555
1104 1791255251113833 27201
1105 1791255251138115 28730
1106 1791255251159600 33283
1107 1791255251175864 26684
1108 1791255251193075 27212
1109 1791255251223771 30693
1110 1791255251243536 31856
1111 1791255251263526 31686
1112 1791255251278119 32514
1113 1791255251294146 28513
1114 1791255251325710 31561
1115 1791255251339370 29794
1116 1791255251355356 29643
1117 1791255251373970 26798
1118 1791255251395005 27480
1119 1791255251414733 25626
1120 1791255251437081 30714
1121 1791255251463879 37303
1122 1791255251475113 28618
1123 1791255251498138 27903
1124 1791255251515635 29427
1125 1791255251531142 23013
1126 1791255251555193 29488
1127 1791255251588024 38693
1128 1791255251594135 25295
1129 1791255251614558 26531
1130 1791255251643734 30310
1131 1791255251669299 35886
1132 1791255251682134 28572
1133 1791255251693576 24273
1134 1791255251712648 25772
1135 1791255251737935 31166
1136 1791255251763869 32191
1137 1791255251782562 29259
1138 1791255251793153 26014
1139 1791255251814930 27879
1140 1791255251831788 25070
1141 1791255251861523 33990
1142 1791255251888830 35475
1143 1791255251909356 43445
1144 1791255251916842 28421
1145 1791255251936913 27553
1146 1791255251951082 24496
1147 1791255251974480 26299
1148 1791255252002001 29837
1149 1791255252018594 29376
1150 1791255252034389 27975
1151 1791255252056586 29180
1152 1791255252074109 26692
1153 1791255252094686 28931
1154 1791255252118142 28922
1155 1791255252136438 29728
1156 1791255252152225 25477
1157 1791255252181742 33699
1158 1791255252205734 31021
1159 1791255252216480 29862
1160 1791255252232738 27001
1161 1791255252251863 25558
1162 1791255252273759 21892
1163 1791255252295426 25583
1164 1791255252310355 21037
1165 1791255252335338 29591
1166 1791255252352297 22601
1167 1791255252373340 27160
1168 1791255252393758 20416
1169 1791255252416077 24941
1170 1791255252427264 21108
1171 1791255252452887 25619
1172 1791255252472851 25642
1173 1791255252490099 23168
1174 1791255252512625 25227
1175 1791255252537105 24476
1176 1791255252551752 25189
1177 1791255252578303 26539
1178 1791255252593391 21916
1179 1791255252614766 21371
1180 1791255252626327 20643
1181 1791255252654984 28887
1182 1791255252673508 22781
1183 1791255252686707 20635
1184 1791255252714266 27687
1185 1791255252740481 28614
1186 1791255252753732 25402
1187 1791255252779649 25982
1188 1791255252790813 21476
1189 1791255252818367 27551
1190 1791255252833435 27248
1191 1791255252862764 29326
1192 1791255252874281 28382
1193 1791255252894143 26424
1194 1791255252915300 26242
1195 1791255252933512 26853
1196 1791255252953502 26879
1197 1791255252976256 22751
1198 1791255252986596 20990
1199 1791255253013043 26443
1200 1791255253032899 24254
1201 1791255253053500 26190
1202 1791255253074537 27857
1203 1791255253094089 21375
1204 1791255253113157 26936
1205 1791255253142088 28928
1206 1791255253153006 26400
1207 1791255253177834 29409
1208 1791255253193445 21434
1209 1791255253210967 24482
1210 1791255253236756 31152
1211 1791255253252643 22926
1212 1791255253272662 25706
1213 1791255253295932 23264
1214 1791255253310699 21354
1215 1791255253336285 29677
1216 1791255253353287 22847
1217 1791255253374110 26396
1218 1791255253396762 22649
1219 1791255253411586 25344
1220 1791255253434329 22741
1221 1791255253453342 27577
1222 1791255253472937 25904
1223 1791255253493937 28351
1224 1791255253516988 23048
1225 1791255253529898 22895
1226 1791255253553890 24120
1227 1791255253571396 25034
1228 1791255253591541 24793
1229 1791255253611738 26090
1230 1791255253633417 21676
1231 1791255253657094 27403
1232 1791255253671255 20649
1233 1791255253695327 27561
1234 1791255253714141 25340
1235 1791255253733979 23800
1236 1791255253754038 24154
1237 1791255253774236 24767
1238 1791255253789778 22418
1239 1791255253813332 23550
1240 1791255253833635 26968
1241 1791255253847546 21746
1242 1791255253873493 26344
1243 1791255253891624 25616
1244 1791255253912464 26413
1245 1791255253928827 22104
1246 1791255253955798 29504
1247 1791255253975390 22955
1248 1791255253990042 23884
1249 1791255254014826 24780
1250 1791255254031157 22387
1251 1791255254053983 22906
1252 1791255254073334 26306
1253 1791255254091357 24920
1254 1791255254112644 27092
1255 1791255254132408 24263
1256 1791255254154524 22114
1257 1791255254174536 27666
1258 1791255254195630 25602
1259 1791255254213912 24141
1260 1791255254231163 25196
1261 1791255254253472 26903
1262 1791255254271943 25538
1263 1791255254291965 25799
1264 1791255254313243 26099
1265 1791255254339134 25888
1266 1791255254353201 20680
1267 1791255254375849 24415
1268 1791255254393982 24816
1269 1791255254413249 22599
1270 1791255254433682 27088
1271 1791255254454149 25566
1272 1791255254474103 26704
1273 1791255254495110 26776
1274 1791255254512955 22464
1275 1791255254536396 23436
1276 1791255254552030 22695
1277 1791255254581807 29773
1278 1791255254599421 25584
1279 1791255254610240 21270
1280 1791255254632802 25724
1281 1791255254653516 20955
1282 1791255254672840 24881
1283 1791255254693659 27392
1284 1791255254712970 21932
1285 1791255254727394 21490
1286 1791255254753182 25785
1287 1791255254773890 27875
1288 1791255254790806 24007
1289 1791255254813944 26522
1290 1791255254834523 23607
1291 1791255254851137 23210
1292 1791255254873996 28103
1293 1791255254895606 25431
1294 1791255254911736 24153
1295 1791255254932101 25264
1296 1791255254953462 27478
1297 1791255254975349 21883
1298 1791255254995560 28790
1299 1791255255013819 25278
1300 1791255255032996 25192
1301 1791255255049781 23310
1302 1791255255073832 24048
1303 1791255255092544 23250
1304 1791255255113464 26657
1305 1791255255132851 23457
1306 1791255255154905 28348
1307 1791255255175744 27431
1308 1791255255194266 23639
1309 1791255255215325 28765
1310 1791255255236611 25982
1311 1791255255249392 20606
1312 1791255255279823 33642
1313 1791255255291860 25676
1314 1791255255318367 26504
1315 1791255255333069 22866
1316 1791255255350508 22815
1317 1791255255374609 27492
1318 1791255255398970 24357
1319 1791255255409300 21262
1320 1791255255444126 37061
1321 1791255255455962 28689
1322 1791255255478682 31781
1323 1791255255502499 35400
1324 1791255255517643 30414
1325 1791255255534809 29058
1326 1791255255562350 31715
1327 1791255255581206 34740
1328 1791255255600951 35439
1329 1791255255625201 37944
1330 1791255255633322 23957
1331 1791255255664892 32342
1332 1791255255677466 30993
1333 1791255255702418 30926
1334 1791255255715631 29158
1335 1791255255733949 27266
1336 1791255255758752 25757
1337 1791255255778310 32045
1338 1791255255798277 31400
1339 1791255255825987 32629
1340 1791255255839014 31555
1341 1791255255857350 31548
1342 1791255255885581 37984
1343 1791255255893837 28057
1344 1791255255914786 29202
1345 1791255255936129 29876
1346 1791255255963482 37216
1347 1791255255975939 25647
1348 1791255256003609 34580
1349 1791255256017521 28777
1350 1791255256037827 31581
1351 1791255256056041 29720
1352 1791255256085024 38433
1353 1791255256103342 33605
1354 1791255256113429 26704
1355 1791255256144981 38311
1356 1791255256155678 28826
1357 1791255256190024 40900
1358 1791255256205754 39035
1359 1791255256229910 40050
1360 1791255256252845 47088
1361 1791255256264842 35201
1362 1791255256286859 40459
1363 1791255256308183 39108
1364 1791255256330367 43505
1365 1791255256348694 41907
1366 1791255256372435 42066
1367 1791255256384850 36991
1368 1791255256415009 42946
1369 1791255256425657 36052
1370 1791255256452572 39670
1371 1791255256476315 50656
1372 1791255256497929 47462
1373 1791255256524099 55223
1374 1791255256536727 46681
1375 1791255256554129 47842
1376 1791255256580441 51808
1377 1791255256597646 44365
1378 1791255256616108 48854
1379 1791255256645374 54060
1380 1791255256663296 49852
1381 1791255256676121 46823
1382 1791255256700678 55301
1383 1791255256718515 51616
1384 1791255256735563 42012
1385 1791255256765930 57198
1386 1791255256782877 54174
1387 1791255256804215 53275
1388 1791255256820888 54955
1389 1791255256843616 56423
1390 1791255256858144 44711
1391 1791255256874985 48290
1392 1791255256901653 54123
1393 1791255256916672 49206
1394 1791255256944477 49101
1395 1791255256965600 57574
1396 1791255256986347 58545
1397 1791255257001693 55073
1398 1791255257019466 53863
1399 1791255257036960 50976
1400 1791255257063340 55657
1401 1791255257084137 57029
1402 1791255257115520 59332
1403 1791255257126587 60986
1404 1791255257160896 67881
1405 1791255257166625 53787
1406 1791255257187727 61136
1407 1791255257208081 62023
1408 1791255257227354 60726
1409 1791255257251205 63474
1410 1791255257264318 57887
1411 1791255257283535 57148
1412 1791255257303163 56825
1413 1791255257325627 54348
1414 1791255257353841 66435
1415 1791255257374813 63605
1416 1791255257389034 63403
1417 1791255257411401 65260
1418 1791255257434245 65208
1419 1791255257452879 66706
1420 1791255257467805 61647
1421 1791255257486105 59333
1422 1791255257509523 62887
1423 1791255257544891 77082
1424 1791255257555941 69832
1425 1791255257564585 55480
1426 1791255257606384 73467
1427 1791255257617898 70263
1428 1791255257648781 72920
1429 1791255257654423 59879
1430 1791255257669920 63532
1431 1791255257692586 66511
1432 1791255257714886 66102
1433 1791255257738924 70933
1434 1791255257756397 68790
1435 1791255257776374 69129
1436 1791255257801340 68619
1437 1791255257813867 65778
1438 1791255257836322 70198
1439 1791255257854198 66929
1440 1791255257884796 78473
1441 1791255257904788 72956
1442 1791255257928554 81967
1443 1791255257942816 71919
1444 1791255257963359 73834
1445 1791255257987040 74283
1446 1791255257997837 70123
1447 1791255258014984 66544
1448 1791255258037777 70472
1449 1791255258055495 68454
1450 1791255258079037 72666
1451 1791255258104485 75071
1452 1791255258123820 77777
1453 1791255258146584 80379
1454 1791255258165513 78147
1455 1791255258184848 78195
1456 1791255258207080 77235
1457 1791255258226305 79718
1458 1791255258235572 70056
1459 1791255258264206 73907
1460 1791255258284908 77826
1461 1791255258297102 70794
1462 1791255258338789 84474
1463 1791255258342732 75517
1464 1791255258355708 67087
1465 1791255258387619 74608
1466 1791255258407913 80642
1467 1791255258423932 77965
1468 1791255258442525 71739
1469 1791255258461543 73921
1470 1791255258488629 80713
1471 1791255258493556 66626
1472 1791255258514751 62172
1473 1791255258525314 59456
1474 1791255258542219 53588
1475 1791255258544884 36373
1476 1791255258563034 35938
1477 1791255258577028 29872
1478 1791255258599708 28852
1479 1791255258621438 34942
1480 1791255258634567 28195
1481 1791255258663067 36102
1482 1791255258676479 25656
1483 1791255258703199 34318
1484 1791255258720903 35335
1485 1791255258743187 36033
1486 1791255258757628 28991
1487 1791255258779136 29681
1488 1791255258794272 26966
1489 1791255258815360 28462
1490 1791255258844592 34950
1491 1791255258855451 29936
1492 1791255258883076 37225
1493 1791255258898074 32028
1494 1791255258921295 31731
1495 1791255258932424 26027
1496 1791255258958289 30291
1497 1791255258975295 27577
1498 1791255258998633 32035
1499 1791255259021400 31273
1500 1791255259048114 35275
1501 1791255259063608 38137
1502 1791255259082433 34316
1503 1791255259094468 28391
1504 1791255259117693 31104
1505 1791255259145735 35962
1506 1791255259169486 43569
1507 1791255259180934 35196
1508 1791255259202596 34014
1509 1791255259222954 34275
1510 1791255259235151 29470
1511 1791255259254393 25572
1512 1791255259284894 36515
1513 1791255259295307 25803
1514 1791255259321918 32248
1515 1791255259343743 35149
1516 1791255259369679 35730
1517 1791255259387903 41946
1518 1791255259395258 25575
1519 1791255259421820 34405
1520 1791255259439142 32148
1521 1791255259455616 28777
1522 1791255259481956 34073
1523 1791255259504594 35447
1524 1791255259531075 39244
1525 1791255259546062 39927
1526 1791255259564225 36594
1527 1791255259578376 32310
1528 1791255259605396 36677
1529 1791255259618726 32445
1530 1791255259637731 32332
1531 1791255259652084 25619
1532 1791255259679437 29937
1533 1791255259694431 27557
1534 1791255259719764 32596
1535 1791255259744243 37515
1536 1791255259768088 36725
1537 1791255259788248 39536
1538 1791255259800317 32697
1539 1791255259815669 27419
1540 1791255259862888 55984
1541 1791255259869513 43118
1542 1791255259893491 42974
1543 1791255259911932 42416
1544 1791255259923529 31081
1545 1791255259942708 36124
1546 1791255259964827 39133
1547 1791255259986643 37512
1548 1791255260004293 30273
1549 1791255260035841 49194
1550 1791255260044745 30170
1551 1791255260063122 36722
1552 1791255260086491 33373
1553 1791255260111773 45281
1554 1791255260128180 41909
1555 1791255260141367 32898
1556 1791255260165734 37551
1557 1791255260187672 33882
1558 1791255260215065 49329
1559 1791255260232108 44434
1560 1791255260246371 37078
1561 1791255260266827 36919
1562 1791255260282095 35721
1563 1791255260311037 44206
1564 1791255260331830 45491
1565 1791255260348142 37103
1566 1791255260369770 40293
1567 1791255260384233 36087
1568 1791255260406604 36831
1569 1791255260428952 35822
1570 1791255260441820 35472
1571 1791255260461813 34407
1572 1791255260480768 34562
1573 1791255260504661 38409
1574 1791255260524061 37214
1575 1791255260542930 37113
1576 1791255260573884 40215
1577 1791255260583582 37167
1578 1791255260615519 47564
1579 1791255260624975 35019
1580 1791255260648112 39386
1581 1791255260673821 41464
1582 1791255260687841 39725
1583 1791255260715026 46198
1584 1791255260718747 32248
1585 1791255260741390 32652
1586 1791255260761598 35330
1587 1791255260787014 40868
1588 1791255260808455 41977
1589 1791255260834254 47238
1590 1791255260840100 31641
1591 1791255260863029 36210
1592 1791255260892411 45728
1593 1791255260907450 40173
1594 1791255260915764 27052
1595 1791255260946476 39022
1596 1791255260964584 38175
1597 1791255260989303 42823
1598 1791255261003599 32707
1599 1791255261023795 34489
1600 1791255261037139 31207
1601 1791255261064430 34885
1602 1791255261079367 32014
1603 1791255261095778 28527
1604 1791255261126008 40239
1605 1791255261139508 29059
1606 1791255261171892 45880
1607 1791255261190997 44560
1608 1791255261211409 45733
1609 1791255261222347 31824
1610 1791255261244798 38325
1611 1791255261275641 49094
1612 1791255261297144 48026
1613 1791255261316154 48062
1614 1791255261338937 46940
1615 1791255261345431 35576
1616 1791255261365290 38151
1617 1791255261391134 45699
1618 1791255261415274 41841
1619 1791255261423914 37915
1620 1791255261452055 45838
1621 1791255261472085 38625
1622 1791255261491427 44584
1623 1791255261516067 46653
1624 1791255261532697 42289
1625 1791255261549616 40861
1626 1791255261575768 43243
1627 1791255261592358 42740
1628 1791255261622734 54932
1629 1791255261640405 49638
1630 1791255261649969 44410
1631 1791255261673932 47964
1632 1791255261703468 57769
1633 1791255261720017 52983
1634 1791255261748084 54190
1635 1791255261765809 53007
1636 1791255261783045 55351
1637 1791255261804247 56160
1638 1791255261815066 49252
1639 1791255261846955 57899
1640 1791255261853601 43004
1641 1791255261877007 50302
1642 1791255261899374 52415
1643 1791255261911554 45103
1644 1791255261941257 55084
1645 1791255261964783 56302
1646 1791255261984413 58199
1647 1791255262003597 51159
1648 1791255262025103 55634
1649 1791255262045689 54979
1650 1791255262065896 59274
1651 1791255262085647 52787
1652 1791255262104698 59006
1653 1791255262125952 60053
1654 1791255262143116 57466
1655 1791255262166715 60365
1656 1791255262183627 57672
1657 1791255262206165 59729
1658 1791255262233171 66454
1659 1791255262243666 57060
1660 1791255262264428 58491
1661 1791255262283611 57088
1662 1791255262316483 70147
1663 1791255262325764 59791
1664 1791255262352682 58826
1665 1791255262375333 68934
1666 1791255262390114 64541
1667 1791255262412569 59884
1668 1791255262434046 66863
1669 1791255262445833 56906
1670 1791255262477760 70875
1671 1791255262488308 62441
1672 1791255262508040 62204
1673 1791255262532194 65638
1674 1791255262554297 65985
1675 1791255262575352 67309
1676 1791255262595560 66835
1677 1791255262616900 66470
1678 1791255262638415 71952
1679 1791255262648723 62203
1680 1791255262674420 68514
1681 1791255262686842 59420
1682 1791255262718294 72269
1683 1791255262732512 63911
1684 1791255262755683 68838
1685 1791255262771099 58313
1686 1791255262790920 59207
1687 1791255262813822 60072
1688 1791255262839296 70424
1689 1791255262854860 68674
1690 1791255262870999 62153
1691 1791255262890377 63929
1692 1791255262918687 70457
1693 1791255262933425 63155
1694 1791255262963542 74768
1695 1791255262969138 63446
1696 1791255263002722 76289
1697 1791255263023542 77739
1698 1791255263044839 77225
1699 1791255263053309 62782
1700 1791255263083653 72925
1701 1791255263103155 73351
1702 1791255263127950 81473
1703 1791255263134378 67814
1704 1791255263155788 68192
1705 1791255263176626 64462
1706 1791255263195333 68531
1707 1791255263213175 66264
1708 1791255263241833 75729
1709 1791255263254508 67582
1710 1791255263277155 69895
1711 1791255263292957 66512
1712 1791255263313734 67248
1713 1791255263334631 66151
1714 1791255263346487 54109
1715 1791255263382362 69866
1716 1791255263396070 68042
1717 1791255263413135 66645
1718 1791255263432107 63857
1719 1791255263452008 64603
1720 1791255263477097 70667
1721 1791255263485506 56664
1722 1791255263503283 56218
1723 1791255263515879 48066
1724 1791255263528383 42874
1725 1791255263543663 31609
1726 1791255263563868 37229
1727 1791255263584337 36870
1728 1791255263603313 35208
1729 1791255263620372 28999
1730 1791255263643813 29962
1731 1791255263655382 29882
1732 1791255263672765 25666
1733 1791255263699727 34138
1734 1791255263724176 31145
1735 1791255263744162 34237
1736 1791255263762327 35951
1737 1791255263791922 44228
1738 1791255263806886 38204
1739 1791255263823872 34653
1740 1791255263841223 34335
1741 1791255263863921 37739
1742 1791255263883863 36801
1743 1791255263900912 31761
1744 1791255263928640 36868
1745 1791255263943141 36346
1746 1791255263963863 35220
1747 1791255263983159 36323
1748 1791255264014901 45404
1749 1791255264026348 38407
1750 1791255264039854 33188
1751 1791255264055790 29440
1752 1791255264086453 33835
1753 1791255264097126 30910
1754 1791255264130675 44219
1755 1791255264146791 31583
1756 1791255264154411 28369
1757 1791255264176388 29697
1758 1791255264196323 30114
1759 1791255264234133 47913
1760 1791255264243534 36056
1761 1791255264262484 34916
1762 1791255264285734 35638
1763 1791255264304359 38368
1764 1791255264319026 33290
1765 1791255264343288 37105
1766 1791255264362124 35912
1767 1791255264381224 33544
1768 1791255264404512 37850
1769 1791255264423841 36989
1770 1791255264444898 36276
1771 1791255264460405 30355
1772 1791255264494129 43843
1773 1791255264507656 41079
1774 1791255264517587 31625
1775 1791255264533955 27480
1776 1791255264562808 36567
1777 1791255264584629 37750
1778 1791255264604045 36759
1779 1791255264628286 41182
1780 1791255264644777 31581
1781 1791255264677385 49096
1782 1791255264691298 39549
1783 1791255264715479 44451
1784 1791255264720640 30376
1785 1791255264743105 35098
1786 1791255264767686 40996
1787 1791255264793177 44103
1788 1791255264804363 36962
1789 1791255264824115 34637
1790 1791255264843365 36158
1791 1791255264870977 43013
1792 1791255264879661 33322
1793 1791255264906499 37690
1794 1791255264931375 44860
1795 1791255264943269 36766
1796 1791255264964479 35825
1797 1791255264985545 33628
1798 1791255265014318 45984
1799 1791255265032418 46871
1800 1791255265057638 48047
1801 1791255265075722 46406
1802 1791255265083922 37371
1803 1791255265104915 38095
1804 1791255265133109 46624
1805 1791255265148268 39100
1806 1791255265173981 41863
1807 1791255265189078 41840
1808 1791255265215635 46628
1809 1791255265244137 55547
1810 1791255265251721 42837
1811 1791255265274869 47926
1812 1791255265294326 46753
1813 1791255265317951 44554
1814 1791255265336266 50210
1815 1791255265352436 45760
1816 1791255265367905 40382
1817 1791255265395397 44307
1818 1791255265407203 40906
1819 1791255265443311 49569
1820 1791255265459062 53093
1821 1791255265478157 45859
1822 1791255265493800 41941
1823 1791255265515863 48792
1824 1791255265531457 44070
1825 1791255265562185 54280
1826 1791255265580145 53385
1827 1791255265594133 48459
1828 1791255265611262 43453
1829 1791255265635624 42330
1830 1791255265664429 58127
1831 1791255265676413 47237
1832 1791255265698375 52371
1833 1791255265714545 48950
1834 1791255265742618 53441
1835 1791255265754000 48154
1836 1791255265781893 54792
1837 1791255265805362 52233
1838 1791255265814579 39997
1839 1791255265834648 47222
1840 1791255265854451 49085
1841 1791255265875270 46671
1842 1791255265903686 57186
1843 1791255265913688 40249
1844 1791255265938994 47455
1845 1791255265953973 47999
1846 1791255265979079 52437
1847 1791255266006527 53120
1848 1791255266024887 50299
1849 1791255266044117 54754
1850 1791255266057255 50724
1851 1791255266084644 56667
1852 1791255266101308 53991
1853 1791255266115195 45780
1854 1791255266144895 56195
1855 1791255266170499 57029
1856 1791255266184371 53370
1857 1791255266198789 51148
1858 1791255266231806 65631
1859 1791255266244123 58375
1860 1791255266270390 63231
1861 1791255266282396 52276
1862 1791255266312918 66614
1863 1791255266327473 57079
1864 1791255266351137 62599
1865 1791255266378940 71099
1866 1791255266392537 65061
1867 1791255266403553 53866
1868 1791255266434298 68013
1869 1791255266453388 65701
1870 1791255266473639 68008
1871 1791255266490482 64347
1872 1791255266502488 55234
1873 1791255266526242 57644
1874 1791255266546315 60351
1875 1791255266576160 69822
1876 1791255266594765 68520
1877 1791255266602778 56459
1878 1791255266628941 63167
1879 1791255266644580 54222
1880 1791255266665987 59756
1881 1791255266690010 61697
1882 1791255266710838 64706
1883 1791255266730004 64014
1884 1791255266743866 55021
1885 1791255266776032 68564
1886 1791255266793016 66999
1887 1791255266823451 76978
1888 1791255266834714 63428
1889 1791255266853048 66753
1890 1791255266883461 70356
1891 1791255266891988 65847
1892 1791255266923691 77380
1893 1791255266942700 75621
1894 1791255266962100 75671
1895 1791255266975048 63146
1896 1791255267001996 75977
1897 1791255267013465 67484
1898 1791255267037368 70696
1899 1791255267055529 68025
1900 1791255267083240 70827
1901 1791255267107202 74921
1902 1791255267122854 74959
1903 1791255267152399 78436
1904 1791255267167144 75082
1905 1791255267184047 76839
1906 1791255267199813 73647
1907 1791255267214234 63994
1908 1791255267231770 64622
1909 1791255267254695 65538
1910 1791255267276574 67128
1911 1791255267296449 70138
1912 1791255267314962 67471
1913 1791255267340816 74550
1914 1791255267353750 64633
1915 1791255267389984 82448
1916 1791255267406275 69758
1917 1791255267422575 74020
1918 1791255267434954 62280
1919 1791255267457496 67508
1920 1791255267464779 58490
1921 1791255267475871 48842
1922 1791255267495706 44194
1923 1791255267511996 43037
1924 1791255267522482 35407
1925 1791255267536195 24764
1926 1791255267563607 36295
1927 1791255267580629 33234
1928 1791255267604614 38422
1929 1791255267619026 32892
1930 1791255267645492 31529
1931 1791255267661179 33985
1932 1791255267672703 27208
1933 1791255267704486 32940
1934 1791255267716813 28323
1935 1791255267738309 32388
1936 1791255267755762 27861
1937 1791255267777724 29627
1938 1791255267793330 27329
1939 1791255267817291 27535
1940 1791255267844484 36132
1941 1791255267865447 38142
1942 1791255267890401 44043
1943 1791255267910746 45294
1944 1791255267922280 32304
1945 1791255267939199 33735
1946 1791255267959092 31564
1947 1791255267976011 29034
1948 1791255268009224 42807
1949 1791255268025837 37593
1950 1791255268051610 42383
1951 1791255268064200 38210
1952 1791255268089487 37876
1953 1791255268112212 44778
1954 1791255268116796 27661
1955 1791255268143630 38013
1956 1791255268164318 37547
1957 1791255268182893 36315
1958 1791255268198638 30829
1959 1791255268230589 42970
1960 1791255268245926 38673
1961 1791255268263933 33341
1962 1791255268278815 32887
1963 1791255268308064 40884
1964 1791255268327243 41268
1965 1791255268343619 35553
1966 1791255268358403 31156
1967 1791255268388175 35293
1968 1791255268398566 31364
1969 1791255268413428 25570
1970 1791255268439722 32884
1971 1791255268450907 25175
1972 1791255268474600 24603
1973 1791255268512936 41785
1974 1791255268515905 25657
1975 1791255268542386 35425
1976 1791255268564304 31205
1977 1791255268582841 37287
1978 1791255268616668 42648
1979 1791255268629970 43320
1980 1791255268643303 36011
1981 1791255268661694 32042
1982 1791255268674488 26346
1983 1791255268697636 30699
1984 1791255268722906 35697
1985 1791255268743173 31108
1986 1791255268765645 38383
1987 1791255268778762 29807
1988 1791255268796464 30816
1989 1791255268816265 28540
1990 1791255268837167 27623
1991 1791255268865182 38275
1992 1791255268876198 29752
1993 1791255268903479 35464
1994 1791255268919093 25992
1995 1791255268939515 32885
1996 1791255268963703 30369
1997 1791255268985640 39647
1998 1791255269013488 45354
1999 1791255269033073 47429
2000 1791255269057979 45308
2001 1791255269061969 36003
2002 1791255269093599 42548
2003 1791255269109527 42175
2004 1791255269133187 46004
2005 1791255269148147 38617
2006 1791255269164031 38345
2007 1791255269179284 32496
2008 1791255269208162 40161
2009 1791255269238061 44164
2010 1791255269246090 40175
2011 1791255269274462 44383
2012 1791255269284465 38371
2013 1791255269314792 49237
2014 1791255269326367 39540
2015 1791255269348928 42364
2016 1791255269377763 51392
2017 1791255269385655 39459
2018 1791255269406105 39881
2019 1791255269434932 49274
2020 1791255269461837 55728
2021 1791255269472155 45679
2022 1791255269487459 41009
2023 1791255269508113 40302
2024 1791255269532982 46036
2025 1791255269563926 55809
2026 1791255269576173 49345
2027 1791255269600722 53592
2028 1791255269616070 48333
2029 1791255269634181 47117
2030 1791255269655721 47792
2031 1791255269674807 47680
2032 1791255269701539 50858
2033 1791255269720273 53929
2034 1791255269752889 62747
2035 1791255269761326 45105
2036 1791255269776102 48354
2037 1791255269788865 42795
2038 1791255269807984 41671
2039 1791255269832174 45569
2040 1791255269847920 40508
2041 1791255269880654 51948
2042 1791255269899443 51519
2043 1791255269923614 57291
2044 1791255269941524 48995
2045 1791255269963812 49115
2046 1791255269974800 47991
2047 1791255269990584 44907
2048 1791255270028948 60484
2049 1791255270043778 54774
2050 1791255270061744 50980
2051 1791255270076140 49340
2052 1791255270096735 50366
2053 1791255270117182 51235
2054 1791255270142201 55802
2055 1791255270155283 47957
2056 1791255270186684 60371
2057 1791255270204660 56609
2058 1791255270225452 52838
2059 1791255270240580 53892
2060 1791255270272204 63938
2061 1791255270292586 67130
2062 1791255270316252 70296
2063 1791255270332735 62782
2064 1791255270336622 50025
2065 1791255270372481 64848
2066 1791255270384658 58020
2067 1791255270403462 57271
2068 1791255270431782 59298
2069 1791255270450758 57735
2070 1791255270463585 56869
2071 1791255270492938 64684
2072 1791255270510967 60382
2073 1791255270534721 68334
2074 1791255270554738 68603
2075 1791255270575488 68618
2076 1791255270595680 66638
2077 1791255270610146 60945
2078 1791255270633717 65889
2079 1791255270663472 77153
2080 1791255270673057 62907
2081 1791255270694894 62196
2082 1791255270714071 67568
2083 1791255270734088 68439
2084 1791255270753327 65033
2085 1791255270777617 71398
2086 1791255270794276 67920
2087 1791255270825696 79240
2088 1791255270833773 62941
2089 1791255270865955 72293
2090 1791255270878192 66035
2091 1791255270883097 57398
2092 1791255270906424 57114
2093 1791255270932225 66267
2094 1791255270950922 59173
2095 1791255270976206 69780
2096 1791255270994314 68242
2097 1791255271012188 64863
2098 1791255271028866 54810
2099 1791255271054168 67829
2100 1791255271075834 68765
2101 1791255271090736 63167
2102 1791255271124652 71124
2103 1791255271141538 75109
2104 1791255271163002 75393
2105 1791255271183493 76399
2106 1791255271192863 65078
2107 1791255271211973 61123
2108 1791255271235581 68386
2109 1791255271251866 62194
2110 1791255271272111 65682
2111 1791255271292921 66754
2112 1791255271323682 75841
2113 1791255271338670 70463
2114 1791255271359733 70118
2115 1791255271376914 66483
2116 1791255271388199 61599
2117 1791255271406438 58763
2118 1791255271432285 65158
2119 1791255271446023 59377
2120 1791255271470277 63837
2121 1791255271496952 64664
2122 1791255271503907 57881
2123 1791255271527451 57170
2124 1791255271540443 53833
2125 1791255271566177 55547
2126 1791255271574407 46952
2127 1791255271594571 40684
2128 1791255271604228 38049
2129 1791255271619086 30787
2130 1791255271635615 28595
2131 1791255271656313 28607
2132 1791255271679525 32333
2133 1791255271696375 28267
2134 1791255271714898 28846
2135 1791255271731645 25287
2136 1791255271759530 31724
2137 1791255271786516 38775
2138 1791255271802197 36176
2139 1791255271815915 29396
2140 1791255271844335 31511
2141 1791255271862573 34455
2142 1791255271879981 29789
2143 1791255271901252 27447
2144 1791255271924741 37943
2145 1791255271930700 23954
2146 1791255271962622 35235
2147 1791255271983150 36215
2148 1791255271996099 28541
2149 1791255272016856 29008
2150 1791255272050452 38057
2151 1791255272063043 36499
2152 1791255272075532 25077
2153 1791255272103793 33302
2154 1791255272123281 33151
2155 1791255272140629 31585
2156 1791255272165651 36815
2157 1791255272174088 27999
2158 1791255272203303 37649
2159 1791255272214795 25597
2160 1791255272234010 25390
2161 1791255272267981 34969
2162 1791255272272795 25576
2163 1791255272295447 27463
2164 1791255272330729 44021
2165 1791255272335469 29019
2166 1791255272362285 31552
2167 1791255272382937 34473
2168 1791255272406437 38493
2169 1791255272423047 32326
2170 1791255272444693 38251
2171 1791255272469015 38824
2172 1791255272481981 30689
2173 1791255272503142 34123
2174 1791255272523251 30306
2175 1791255272542922 35903
2176 1791255272565729 39262
2177 1791255272591556 40951
2178 1791255272595962 30230
2179 1791255272623587 34614
2180 1791255272645854 39652
2181 1791255272665133 38814
2182 1791255272683301 37443
2183 1791255272708666 42164
2184 1791255272724666 33343
2185 1791255272752671 44002
2186 1791255272764924 34138
2187 1791255272786727 39004
2188 1791255272801384 31802
2189 1791255272824010 37603
2190 1791255272845554 39877
2191 1791255272873231 41169
2192 1791255272883285 37728
2193 1791255272905285 33284
2194 1791255272934551 45421
2195 1791255272952398 45538
2196 1791255272965422 38455
2197 1791255272993004 46003
2198 1791255273006158 40733
2199 1791255273025290 32984
2200 1791255273049250 43090
2201 1791255273078388 49646
2202 1791255273082809 33556
2203 1791255273100389 33939
2204 1791255273112347 26074
2205 1791255273140773 34600
2206 1791255273164429 36746
2207 1791255273191383 38337
2208 1791255273215619 43460
2209 1791255273230124 38733
2210 1791255273244476 37048
2211 1791255273272968 43208
2212 1791255273283094 34656
2213 1791255273304176 36493
2214 1791255273344352 50546
2215 1791255273346063 39201
2216 1791255273373280 39381
2217 1791255273392619 46873
2218 1791255273410905 37793
2219 1791255273431864 39407
2220 1791255273453228 47226
2221 1791255273475771 48084
2222 1791255273503667 50875
2223 1791255273521533 49819
2224 1791255273533921 43551
2225 1791255273543823 32923
2226 1791255273579683 52959
2227 1791255273594733 41495
2228 1791255273606720 39416
2229 1791255273634019 47772
2230 1791255273647689 40966
2231 1791255273674762 48172
2232 1791255273691707 44759
2233 1791255273709688 43505
2234 1791255273727592 41655
2235 1791255273748097 41516
2236 1791255273764766 37579
2237 1791255273794207 47462
2238 1791255273806060 39002
2239 1791255273841953 52989
2240 1791255273856091 50028
2241 1791255273878420 50426
2242 1791255273902493 55224
2243 1791255273929094 56602
2244 1791255273937306 51652
2245 1791255273963737 54429
2246 1791255273993177 64080
2247 1791255274005695 54551
2248 1791255274025188 54965
2249 1791255274048933 58855
2250 1791255274057420 51723
2251 1791255274078412 46746
2252 1791255274096408 47460
2253 1791255274115663 49307
2254 1791255274133976 48286
2255 1791255274161544 55770
2256 1791255274173015 44809
2257 1791255274211215 57669
2258 1791255274235579 68057
2259 1791255274247249 59106
2260 1791255274257556 46336
2261 1791255274287467 60572
2262 1791255274304842 57590
2263 1791255274328487 59110
2264 1791255274348279 61635
2265 1791255274361218 50453
2266 1791255274388167 59676
2267 1791255274396342 49796
2268 1791255274433237 60143
2269 1791255274445568 58684
2270 1791255274458182 52030
2271 1791255274490988 57746
2272 1791255274503754 58182
2273 1791255274534158 60608
2274 1791255274548862 62521
2275 1791255274564892 52225
2276 1791255274589019 62458
2277 1791255274611649 62785
2278 1791255274632182 59722
2279 1791255274656539 67517
2280 1791255274666247 58742
2281 1791255274689061 60300
2282 1791255274708516 56123
2283 1791255274735361 69469
2284 1791255274757141 68077
2285 1791255274779032 72511
2286 1791255274793030 59571
2287 1791255274815753 68941
2288 1791255274823150 56358
2289 1791255274853193 62468
2290 1791255274868865 60275
2291 1791255274891866 58030
2292 1791255274915908 62712
2293 1791255274933640 67273
2294 1791255274946684 57284
2295 1791255274984445 78308
2296 1791255275004012 77336
2297 1791255275014511 67825
2298 1791255275032937 58373
2299 1791255275058223 70736
2300 1791255275077721 68910
2301 1791255275094548 68732
2302 1791255275119614 68154
2303 1791255275136836 69889
2304 1791255275153610 60014
2305 1791255275184530 75235
2306 1791255275195750 69218
2307 1791255275215593 69002
2308 1791255275236557 70713
2309 1791255275258376 68077
2310 1791255275278686 72383
2311 1791255275302846 70045
2312 1791255275313282 66973
2313 1791255275339546 72763
2314 1791255275358962 72372
2315 1791255275380755 72203
2316 1791255275396973 69436
2317 1791255275408799 63076
2318 1791255275437229 70215
2319 1791255275454624 62964
2320 1791255275483322 76885
2321 1791255275504017 77807
2322 1791255275528767 81387
2323 1791255275535691 69700
2324 1791255275551529 63867
2325 1791255275572851 62777
2326 1791255275580441 52581
2327 1791255275608450 59593
2328 1791255275616054 45756
2329 1791255275616060 30048
2330 1791255275633786 26112
2331 1791255275658509 24720
2332 1791255275672854 26844
2333 1791255275693777 27434
2334 1791255275712208 26243
2335 1791255275731207 25121
2336 1791255275760913 29703
2337 1791255275773069 25820
2338 1791255275797001 23928
2339 1791255275813443 26898
2340 1791255275830415 24064
2341 1791255275847449 21891
2342 1791255275874349 28605
2343 1791255275894231 24138
2344 1791255275914485 28706
2345 1791255275935197 23444
2346 1791255275951535 23063
2347 1791255275973017 24128
2348 1791255275989637 23246
2349 1791255276012417 22776
2350 1791255276033346 27510
2351 1791255276049900 20370
2352 1791255276072921 27320
2353 1791255276100805 27878
2354 1791255276113038 26561
2355 1791255276133443 27118
2356 1791255276148827 22617
2357 1791255276172761 25793
2358 1791255276195962 23199
2359 1791255276212351 24826
2360 1791255276233123 24675
2361 1791255276255631 30171
2362 1791255276276184 25309
2363 1791255276289945 22014
2364 1791255276312733 24320
2365 1791255276331611 22282
2366 1791255276354190 22801
2367 1791255276373089 25391
2368 1791255276393641 25019
2369 1791255276414443 24897
2370 1791255276443882 29438
2371 1791255276457809 25202
2372 1791255276472247 24314
2373 1791255276493977 26449
2374 1791255276512237 23913
2375 1791255276528987 21069
2376 1791255276548154 20936
2377 1791255276574520 28471
2378 1791255276601522 26999
2379 1791255276614037 27427
2380 1791255276632803 25455
2381 1791255276652394 26087
2382 1791255276675729 29117
2383 1791255276694370 27871
2384 1791255276717481 26071
2385 1791255276733958 26402
2386 1791255276753577 25602
2387 1791255276774315 20737
2388 1791255276793439 26856
2389 1791255276813873 26280
2390 1791255276829701 22925
2391 1791255276854365 24660
2392 1791255276874667 27126
2393 1791255276892959 23431
2394 1791255276915958 28352
2395 1791255276936213 27131
2396 1791255276952884 21753
2397 1791255276977322 24505
2398 1791255276987580 21504
2399 1791255277011962 24380
2400 1791255277037906 31067
2401 1791255277053392 27170
2402 1791255277076196 22801
2403 1791255277093009 27114
2404 1791255277121322 28310
2405 1791255277133722 20665
2406 1791255277152861 25694
2407 1791255277175134 27162
2408 1791255277192969 23780
2409 1791255277215570 28015
2410 1791255277233954 27308
2411 1791255277253658 25327
2412 1791255277273943 26500
2413 1791255277293741 27242
2414 1791255277310706 24318
2415 1791255277333726 27904
2416 1791255277354295 20622
2417 1791255277367389 21569
2418 1791255277395231 28514
2419 1791255277419771 28530
2420 1791255277434516 21794
2421 1791255277453155 27267
2422 1791255277473659 20501
2423 1791255277491503 25218
2424 1791255277511259 22287
2425 1791255277533048 21786
2426 1791255277555068 28655
2427 1791255277578888 27819
2428 1791255277594578 22278
2429 1791255277613283 25172
2430 1791255277627885 20721
2431 1791255277649452 21678
2432 1791255277675076 28679
2433 1791255277693916 28219
2434 1791255277713373 25694
2435 1791255277735370 21989
2436 1791255277753134 27414
2437 1791255277770871 20552
2438 1791255277794423 23549
2439 1791255277813076 26599
2440 1791255277832701 23779
2441 1791255277852403 23754
2442 1791255277873208 26061
2443 1791255277893571 23476
2444 1791255277914636 25636
2445 1791255277933944 24601
2446 1791255277946885 20767
2447 1791255277973290 26478
2448 1791255277993827 24407
2449 1791255278017248 30781
2450 1791255278032753 26745
2451 1791255278053492 27139
2452 1791255278081719 28223
2453 1791255278093677 27068
2454 1791255278112997 24798
2455 1791255278135477 22477
2456 1791255278150216 23582
2457 1791255278174532 27352
2458 1791255278192460 21507
2459 1791255278214454 25911
2460 1791255278231019 25476
2461 1791255278252611 27066
2462 1791255278276631 24017
2463 1791255278294457 23222
2464 1791255278312835 26405
2465 1791255278332543 24538
2466 1791255278358360 25813
2467 1791255278372124 24213
2468 1791255278388425 22820
2469 1791255278413886 25457
2470 1791255278432877 23774
2471 1791255278453548 27125
2472 1791255278473090 26984
2473 1791255278500230 27195
2474 1791255278514233 21185
2475 1791255278534314 27971
2476 1791255278552329 24935
2477 1791255278581174 28843
2478 1791255278603410 30902
2479 1791255278614604 27864
2480 1791255278634966 24123
2481 1791255278654542 27823
2482 1791255278676494 27438
2483 1791255278690743 23741
2484 1791255278715604 27172
2485 1791255278729442 22720
2486 1791255278761780 32336
2487 1791255278775749 29224
2488 1791255278795962 29531
2489 1791255278830894 41231
2490 1791255278835998 25986
2491 1791255278861415 31327
2492 1791255278882713 34844
2493 1791255278896426 30393
2494 1791255278928496 40263
2495 1791255278946664 40876
2496 1791255278966665 38569
2497 1791255278977796 31128
2498 1791255278995532 28863
2499 1791255279023085 35526
2500 1791255279047252 36905
2501 1791255279066795 37845
2502 1791255279077454 30198
2503 1791255279103519 36723
2504 1791255279117961 31896
2505 1791255279143106 34078
2506 1791255279161222 34952
2507 1791255279192465 40435
2508 1791255279205158 38346
2509 1791255279220636 34223
2510 1791255279244932 35010
2511 1791255279264993 35278
2512 1791255279278012 28613
2513 1791255279306970 39603
2514 1791255279316490 29432
2515 1791255279349700 42727
2516 1791255279357145 30394
2517 1791255279383414 34139
2518 1791255279405290 37622
2519 1791255279427105 35313
2520 1791255279445532 32776
2521 1791255279471623 44516
2522 1791255279492983 47448
2523 1791255279505195 34161
2524 1791255279524541 37686
2525 1791255279542033 34538
2526 1791255279562189 36074
2527 1791255279582373 34606
2528 1791255279614871 39035
2529 1791255279625887 38831
2530 1791255279649902 43169
2531 1791255279663982 38091
2532 1791255279685822 35916
2533 1791255279705506 37958
2534 1791255279728243 42418
2535 1791255279746960 41450
2536 1791255279761248 33002
2537 1791255279790810 43846
2538 1791255279803975 37459
2539 1791255279827470 36659
2540 1791255279847564 41324
2541 1791255279867210 40510
2542 1791255279886126 38559
2543 1791255279913087 45873
2544 1791255279932254 46125
2545 1791255279954514 45252
2546 1791255279971994 45508
2547 1791255280004449 51114
2548 1791255280011193 45006
2549 1791255280040998 52547
2550 1791255280055458 49919
2551 1791255280080671 53381
2552 1791255280101718 55576
2553 1791255280114334 47966
2554 1791255280143423 54681
2555 1791255280157657 51856
2556 1791255280177547 50872
2557 1791255280193738 47920
2558 1791255280236237 65201
2559 1791255280236244 50350
2560 1791255280254653 48716
2561 1791255280277792 50029
2562 1791255280312002 58893
2563 1791255280333596 66821
2564 1791255280352766 66548
2565 1791255280367878 57085
2566 1791255280385881 56675
2567 1791255280416740 67239
2568 1791255280432756 64874
2569 1791255280445467 59582
2570 1791255280471040 62343
2571 1791255280486188 59814
2572 1791255280512075 66607
2573 1791255280517177 51291
2574 1791255280545444 59254
2575 1791255280566988 59640
2576 1791255280594581 66661
2577 1791255280606287 60841
2578 1791255280637865 70873
2579 1791255280658806 68356
2580 1791255280681922 75630
2581 1791255280714619 82536
2582 1791255280727838 80500
2583 1791255280734698 68418
2584 1791255280744675 57245
2585 1791255280793841 88035
2586 1791255280797078 70470
2587 1791255280814021 68000
2588 1791255280842479 72435
2589 1791255280845246 55726
2590 1791255280877732 66750
2591 1791255280891003 64479
2592 1791255280917289 63076
2593 1791255280933714 66366
2594 1791255280954284 66141
2595 1791255280992049 82064
2596 1791255280996771 69274
2597 1791255281023778 76451
2598 1791255281041481 74082
2599 1791255281063636 71584
2600 1791255281079460 73083
2601 1791255281100080 73980
2602 1791255281118784 72995
2603 1791255281144502 78118
2604 1791255281166649 80977
2605 1791255281194324 81678
2606 1791255281203488 77212
2607 1791255281234764 82171
2608 1791255281244884 78232
2609 1791255281273441 84007
2610 1791255281282164 69977
2611 1791255281314095 84743
2612 1791255281325303 77713
2613 1791255281352853 83366
2614 1791255281365451 78116
2615 1791255281377017 70952
2616 1791255281413001 79495
2617 1791255281429489 80642
2618 1791255281443239 77784
2619 1791255281469042 81422
2620 1791255281484165 77948
2621 1791255281505598 76569
2622 1791255281526124 79274
2623 1791255281539880 72548
2624 1791255281573876 86291
2625 1791255281594365 88763
2626 1791255281607268 81141
2627 1791255281634005 83128
2628 1791255281642473 71974
2629 1791255281670524 78790
2630 1791255281682904 76898
2631 1791255281692371 65775
2632 1791255281715355 69379
2633 1791255281748178 80701
2634 1791255281771766 82770
2635 1791255281783960 72311
2636 1791255281803077 76984
2637 1791255281823308 75678
2638 1791255281839019 71559
2639 1791255281864420 78293
2640 1791255281888387 74926
2641 1791255281908380 75961
2642 1791255281915615 68570
2643 1791255281936159 66128
2644 1791255281964126 75736
2645 1791255281986871 79945
2646 1791255281996296 69212
2647 1791255282019588 72897
2648 1791255282036406 68483
2649 1791255282064327 77452
2650 1791255282093240 79308
2651 1791255282096000 69930
2652 1791255282123741 76943
2653 1791255282143736 78150
2654 1791255282164207 77114
2655 1791255282185236 75910
2656 1791255282225396 91982
2657 1791255282236956 82199
2658 1791255282258292 84605
2659 1791255282276641 83618
2660 1791255282289842 76647
2661 1791255282304494 79086
2662 1791255282326811 78851
2663 1791255282354328 85458
2664 1791255282368172 78972
2665 1791255282389741 81871
2666 1791255282418221 91407
2667 1791255282432330 82787
2668 1791255282452121 85162
2669 1791255282481237 93879
2670 1791255282496099 88666
2671 1791255282513390 86524
2672 1791255282537571 90480
2673 1791255282563932 90463
2674 1791255282580909 91353
2675 1791255282604302 90908
2676 1791255282633459 101379
2677 1791255282651949 100765
2678 1791255282671422 96617
2679 1791255282678548 84310
2680 1791255282696503 82798
2681 1791255282706536 76901
2682 1791255282714638 68342
2683 1791255282734587 64775
2684 1791255282750745 64539
2685 1791255282755654 49115
2686 1791255282769863 42390
2687 1791255282775589 25511
2688 1791255282797041 30325
2689 1791255282820703 34325
2690 1791255282835794 29144
2691 1791255282863207 31907
2692 1791255282874805 28777
2693 1791255282904650 37973
2694 1791255282923869 31315
2695 1791255282937971 31725
2696 1791255282967611 38389
2697 1791255282974382 27985
2698 1791255282999760 32147
2699 1791255283017970 30120
2700 1791255283037893 29889
2701 1791255283057685 30806
2702 1791255283082642 34619
2703 1791255283103830 36267
2704 1791255283124640 37853
2705 1791255283153328 43402
2706 1791255283167164 34149
2707 1791255283188903 36031
2708 1791255283199570 32402
2709 1791255283222926 34021
2710 1791255283245987 38482
2711 1791255283258614 30779
2712 1791255283282892 36901
2713 1791255283293616 26259
2714 1791255283319027 31710
2715 1791255283337621 31344
2716 1791255283360964 32214
2717 1791255283379502 31771
2718 1791255283404346 31082
2719 1791255283414214 28526
2720 1791255283434728 29198
2721 1791255283459036 32615
2722 1791255283480653 34681
2723 1791255283511116 37685
2724 1791255283523517 37642
2725 1791255283548787 42419
2726 1791255283563577 37657
2727 1791255283579409 30619
2728 1791255283603375 37225
2729 1791255283624271 34252
2730 1791255283644188 34048
2731 1791255283664865 33004
2732 1791255283675228 28608
2733 1791255283703812 33586
2734 1791255283723078 32004
2735 1791255283745016 37683
2736 1791255283765179 37726
2737 1791255283783385 33653
2738 1791255283805620 33706
2739 1791255283814694 26907
2740 1791255283838625 33003
2741 1791255283862206 36225
2742 1791255283884336 37978
2743 1791255283902811 36307
2744 1791255283915324 25914
2745 1791255283946335 40217
2746 1791255283959840 29873
2747 1791255283981161 34823
2748 1791255284013156 41102
2749 1791255284033697 39968
2750 1791255284048336 35178
2751 1791255284061365 27665
2752 1791255284084651 36312
2753 1791255284111556 37397
2754 1791255284116265 30006
2755 1791255284144523 36504
2756 1791255284165496 38764
2757 1791255284194373 44219
2758 1791255284213749 48250
2759 1791255284235576 47954
2760 1791255284253855 47280
2761 1791255284284099 53492
2762 1791255284295733 49025
2763 1791255284315873 49716
2764 1791255284334852 46302
2765 1791255284364498 51706
2766 1791255284394932 67390
2767 1791255284400110 50728
2768 1791255284418093 50079
2769 1791255284438150 48998
2770 1791255284464120 54478
2771 1791255284489446 55860
2772 1791255284504364 57320
2773 1791255284523366 55485
2774 1791255284553954 64504
2775 1791255284566033 59751
2776 1791255284585330 59428
2777 1791255284614582 67003
2778 1791255284633219 67183
2779 1791255284648302 62969
2780 1791255284671649 65847
2781 1791255284693344 67349
2782 1791255284712024 64479
2783 1791255284735495 65756
2784 1791255284763598 70801
2785 1791255284770041 63979
2786 1791255284796022 68075
2787 1791255284815421 68254
2788 1791255284841730 75946
2789 1791255284856530 66287
2790 1791255284878635 72082
2791 1791255284899765 73185
2792 1791255284928078 80642
2793 1791255284951796 80235
2794 1791255284961076 75092
2795 1791255284980220 74306
2796 1791255285004276 76194
2797 1791255285022000 75109
2798 1791255285037867 71486
2799 1791255285064466 76766
2800 1791255285093586 84503
2801 1791255285104663 77387
2802 1791255285128864 75868
2803 1791255285139589 73808
2804 1791255285165850 72261
2805 1791255285183471 77658
2806 1791255285209342 80476
2807 1791255285225265 78007
2808 1791255285255613 89753
2809 1791255285265853 79094
2810 1791255285296037 86692
2811 1791255285313438 84401
2812 1791255285344566 90504
2813 1791255285345477 79621
2814 1791255285362936 76076
2815 1791255285392586 86333
2816 1791255285405289 79636
2817 1791255285423522 78043
2818 1791255285433778 66626
2819 1791255285463787 74728
2820 1791255285480978 72849
2821 1791255285498076 70149
2822 1791255285509547 61414
2823 1791255285525724 59783
2824 1791255285545818 59428
2825 1791255285563964 56759
2826 1791255285592256 66528
2827 1791255285605615 59794
2828 1791255285624623 51759
2829 1791255285654785 62527
2830 1791255285654791 49173
2831 1791255285676711 46188
2832 1791255285698519 45371
2833 1791255285703734 37519
2834 1791255285718295 31197
2835 1791255285747737 40452
2836 1791255285765222 34765
2837 1791255285784132 36391
2838 1791255285796241 29091
2839 1791255285818212 30273
2840 1791255285851343 44063
2841 1791255285865148 37393
2842 1791255285879796 31107
2843 1791255285905147 38244
2844 1791255285918714 32246
2845 1791255285940807 33756
2846 1791255285975550 43333
2847 1791255285987959 41270
2848 1791255286010107 39076
2849 1791255286022533 34571
2850 1791255286043131 33021
2851 1791255286059287 33147
2852 1791255286095749 42690
2853 1791255286114057 39787
2854 1791255286132063 44390
2855 1791255286151321 40676
2856 1791255286166479 36631
2857 1791255286188960 39614
2858 1791255286207589 41107
2859 1791255286225968 37005
2860 1791255286243149 36683
2861 1791255286257132 31160
2862 1791255286281182 34499
2863 1791255286314066 47522
2864 1791255286333360 41376
2865 1791255286347886 41397
2866 1791255286357832 31522
2867 1791255286384468 36578
2868 1791255286417297 43522
2869 1791255286424097 36980
2870 1791255286438079 31314
2871 1791255286474520 44457
2872 1791255286494269 46536
2873 1791255286507083 41087
2874 1791255286521131 30369
2875 1791255286548200 41113
2876 1791255286572010 39497
2877 1791255286593356 45153
2878 1791255286623576 51563
2879 1791255286634780 47572
2880 1791255286666061 56889
2881 1791255286682198 48048
2882 1791255286695832 44415
2883 1791255286717401 51338
2884 1791255286737883 42044
2885 1791255286748120 39047
2886 1791255286773196 45331
2887 1791255286786588 38989
2888 1791255286816287 43086
2889 1791255286827143 40551
2890 1791255286856572 49489
2891 1791255286878539 51392
2892 1791255286896714 47522
2893 1791255286927546 56922
2894 1791255286939206 51570
2895 1791255286962210 49679
2896 1791255286974606 48562
2897 1791255286994586 41256
2898 1791255287010236 43640
2899 1791255287044691 56559
2900 1791255287065828 59527
2901 1791255287083474 52586
2902 1791255287096174 49454
2903 1791255287126784 60953
2904 1791255287138055 52242
2905 1791255287162864 55993
2906 1791255287176536 49749
2907 1791255287196013 49370
2908 1791255287214435 48351
2909 1791255287244499 58337
2910 1791255287254748 47935
2911 1791255287284486 55551
2912 1791255287304763 55669
2913 1791255287332316 66175
2914 1791255287354052 65842
2915 1791255287379430 73403
2916 1791255287396927 64713
2917 1791255287406744 53842
2918 1791255287424976 52525
2919 1791255287443305 57623
2920 1791255287465130 58654
2921 1791255287486275 56893
2922 1791255287510820 61784
2923 1791255287534012 64372
2924 1791255287554874 68595
2925 1791255287564029 56517
2926 1791255287594951 61401
2927 1791255287605640 56861
2928 1791255287628100 60917
2929 1791255287647867 61047
2930 1791255287666290 60646
2931 1791255287677664 49557
2932 1791255287702016 54146
2933 1791255287724266 57974
2934 1791255287750720 61487
2935 1791255287766433 59325
2936 1791255287793192 66070
2937 1791255287815681 64959
2938 1791255287833390 67560
2939 1791255287864171 73614
2940 1791255287891485 83290
2941 1791255287914531 83071
2942 1791255287933493 85012
2943 1791255287954572 85817
2944 1791255287982103 90935
2945 1791255287997225 82690
2946 1791255288024507 95629
2947 1791255288046320 100352
2948 1791255288059080 86083
2949 1791255288085397 94518
2950 1791255288102100 95692
2951 1791255288118888 92689
2952 1791255288134216 87893
2953 1791255288152258 85302
2954 1791255288185910 100509
2955 1791255288203857 89334
2956 1791255288214777 88396
2957 1791255288245093 92831
2958 1791255288266501 97479
2959 1791255288284814 98901
2960 1791255288308073 101743
2961 1791255288333426 104055
2962 1791255288340432 93140
2963 1791255288364538 98034
2964 1791255288397186 106307
2965 1791255288406385 98309
2966 1791255288425534 92686
2967 1791255288438701 91965
2968 1791255288461254 92409
2969 1791255288473966 87860
2970 1791255288493668 87279
2971 1791255288505461 79924
2972 1791255288525009 79036
2973 1791255288556129 88837
2974 1791255288585963 95916
2975 1791255288603479 98016
2976 1791255288620846 85759
2977 1791255288639015 82881
2978 1791255288639024 66383
2979 1791255288660633 74702
2980 1791255288685950 73164
2981 1791255288708318 79657
2982 1791255288724852 72460
2983 1791255288731596 64827
2984 1791255288754802 68848
2985 1791255288784164 75843
2986 1791255288802210 72689
2987 1791255288811817 64499
2988 1791255288843512 69675
2989 1791255288843517 57109
2990 1791255288880412 69421
2991 1791255288892195 63096
2992 1791255288912435 66659
2993 1791255288940348 66959
2994 1791255288944373 58701
2995 1791255288981595 72176
2996 1791255288995299 67505
2997 1791255289014285 66919
2998 1791255289042945 76746
2999 1791255289067596 81134
3000 1791255289083565 76786
3001 1791255289101425 71060
3002 1791255289116594 62821
3003 1791255289135514 67914
3004 1791255289162858 77108
3005 1791255289175588 70019
3006 1791255289214785 83322
3007 1791255289228494 78186
3008 1791255289246229 79212
3009 1791255289263518 73768
3010 1791255289287970 73181
3011 1791255289292713 65218
3012 1791255289327190 80958
3013 1791255289345372 78611
3014 1791255289360031 73718
3015 1791255289381958 72045
3016 1791255289393466 66273
3017 1791255289413166 67791
3018 1791255289429845 62803
3019 1791255289450054 63222
3020 1791255289472838 66278
3021 1791255289492608 65586
3022 1791255289504152 54542
3023 1791255289521265 51904
3024 1791255289534456 48077
3025 1791255289562989 50045
3026 1791255289573261 46158
3027 1791255289588282 42271
3028 1791255289614397 44437
3029 1791255289623810 35800
3030 1791255289660225 46446
3031 1791255289662917 34741
3032 1791255289685676 38669
3033 1791255289703009 36365
3034 1791255289722739 37060
3035 1791255289738697 31265
3036 1791255289761977 36021
3037 1791255289778561 32461
3038 1791255289814868 42442
3039 1791255289826391 39764
3040 1791255289849930 42537
3041 1791255289866923 40531
3042 1791255289875503 25570
3043 1791255289900229 33722
3044 1791255289915998 30198
3045 1791255289935932 29587
3046 1791255289966092 37717
3047 1791255289981659 35561
3048 1791255289996176 30082
3049 1791255290022643 35890
3050 1791255290042916 35494
3051 1791255290063584 35825
3052 1791255290089270 36791
3053 1791255290104135 37442
3054 1791255290124334 35188
3055 1791255290155382 42457
3056 1791255290171616 45536
3057 1791255290184170 37262
3058 1791255290206587 34967
3059 1791255290224863 37497
3060 1791255290240303 33712
3061 1791255290268634 35694
3062 1791255290279448 32735
3063 1791255290313386 47114
3064 1791255290334214 47882
3065 1791255290345438 37256
3066 1791255290363277 37623
3067 1791255290382695 37255
3068 1791255290402446 35156
3069 1791255290425669 39160
3070 1791255290435116 26273
3071 1791255290471588 45916
3072 1791255290502808 52879
3073 1791255290516337 45602
3074 1791255290529217 41532
3075 1791255290578030 71334
3076 1791255290600551 73566
3077 1791255290626830 78950
3078 1791255290626854 51527
3079 1791255290647225 51461
3080 1791255290647252 39112
3081 1791255290663958 37124
3082 1791255290684363 37133
3083 1791255290705689 36796
3084 1791255290723903 32913
3085 1791255290744773 39081
3086 1791255290766871 39898
3087 1791255290792412 45361
3088 1791255290807823 40946
3089 1791255290833668 46588
3090 1791255290838020 31179
3091 1791255290860124 33685
3092 1791255290884081 37025
3093 1791255290909977 34095
3094 1791255290928410 36630
3095 1791255290951770 45232
3096 1791255290972440 45077
3097 1791255291000443 52773
3098 1791255291023489 53261
3099 1791255291034609 48643
3100 1791255291064174 51028
3101 1791255291075881 42154
3102 1791255291092753 46491
3103 1791255291121512 54704
3104 1791255291141741 49329
3105 1791255291150170 44027
3106 1791255291165988 40142
3107 1791255291199733 53355
3108 1791255291222263 56271
3109 1791255291244984 45244
3110 1791255291254249 46497
3111 1791255291274349 46626
3112 1791255291301739 51785
3113 1791255291319180 51048
3114 1791255291350497 59239
3115 1791255291351377 44986
3116 1791255291381266 49678
3117 1791255291396008 45508
3118 1791255291407144 41323
3119 1791255291434787 43239
3120 1791255291446874 40532
3121 1791255291474644 40540
3122 1791255291484774 37896
3123 1791255291505957 39920
3124 1791255291533070 46952
3125 1791255291553035 47075
3126 1791255291575957 44633
3127 1791255291599168 46129
3128 1791255291617027 43189
3129 1791255291634274 47923
3130 1791255291665434 58708
3131 1791255291686344 55851
3132 1791255291705572 58613
3133 1791255291735494 70057
3134 1791255291748153 61806
3135 1791255291775679 70104
3136 1791255291799621 68701
3137 1791255291827966 80400
3138 1791255291842029 74822
3139 1791255291873584 86064
3140 1791255291898406 85532
3141 1791255291913955 85973
3142 1791255291928367 81679
3143 1791255291945045 76545
3144 1791255291977357 84642
3145 1791255291994677 88502
3146 1791255292012406 84035
3147 1791255292044828 98153
3148 1791255292049407 83385
3149 1791255292064024 78420
3150 1791255292094676 87306
3151 1791255292117289 91528
3152 1791255292134623 85227
3153 1791255292155129 85406
3154 1791255292182245 96312
3155 1791255292204633 97078
3156 1791255292221930 88572
3157 1791255292234758 88111
3158 1791255292269879 102992
3159 1791255292286927 100398
3160 1791255292301301 92071
3161 1791255292318577 85385
3162 1791255292333771 82138
3163 1791255292356102 88813
3164 1791255292370068 83138
3165 1791255292387323 80196
3166 1791255292401188 74820
3167 1791255292421722 75430
3168 1791255292454759 87093
3169 1791255292463196 75870
3170 1791255292478491 71837
3171 1791255292494899 67050
3172 1791255292513512 66592
3173 1791255292536561 68901
3174 1791255292545386 57275
3175 1791255292563190 55867
3176 1791255292584752 58783
3177 1791255292604857 59465
3178 1791255292623698 57196
3179 1791255292633483 46859
3180 1791255292663773 55162
3181 1791255292675515 49514
3182 1791255292686400 40007
3183 1791255292713953 42855
3184 1791255292736306 49903
3185 1791255292751796 45730
3186 1791255292776245 47450
3187 1791255292799377 51696
3188 1791255292814706 48650
3189 1791255292834244 46126
3190 1791255292867416 53839
3191 1791255292878798 52086
3192 1791255292896109 42120
3193 1791255292914282 46862
3194 1791255292930648 43629
3195 1791255292958315 45806
3196 1791255292987365 57840
3197 1791255293004795 55066
3198 1791255293024240 51709
3199 1791255293034533 47272
3200 1791255293063406 56261
3201 1791255293073795 43824
3202 1791255293092894 46349
3203 1791255293123631 56234
3204 1791255293137565 48612
3205 1791255293176906 66769
3206 1791255293183026 53525
3207 1791255293195674 49750
3208 1791255293225273 53733
3209 1791255293236814 49972
3210 1791255293262037 54190
3211 1791255293298139 64001
3212 1791255293310968 64415
3213 1791255293332875 58356
3214 1791255293351805 60649
3215 1791255293371975 63793
3216 1791255293393555 67147
3217 1791255293425342 73737
3218 1791255293433064 66665
3219 1791255293467262 75690
3220 1791255293468270 53874
3221 1791255293481236 55890
3222 1791255293502304 55337
3223 1791255293531641 64378
3224 1791255293546133 58288
3225 1791255293563502 57130
3226 1791255293579964 51784
3227 1791255293603701 57793
3228 1791255293623057 57378
3229 1791255293652775 60507
3230 1791255293675536 69219
3231 1791255293695244 68675
3232 1791255293715594 69599
3233 1791255293737778 67744
3234 1791255293765344 71911
3235 1791255293773333 59944
3236 1791255293792949 66654
3237 1791255293825642 72102
3238 1791255293846479 81132
3239 1791255293858629 72406
3240 1791255293884073 72138
3241 1791255293892914 67269
3242 1791255293913715 67233
3243 1791255293938263 71752
3244 1791255293955440 68129
3245 1791255293993790 81039
3246 1791255294005405 72579
3247 1791255294025107 70495
3248 1791255294037999 69175
3249 1791255294059987 71180
3250 1791255294069816 64408
3251 1791255294095583 69037
3252 1791255294115370 68636
3253 1791255294140105 72714
3254 1791255294155547 69257
3255 1791255294177603 71245
3256 1791255294196230 69490
3257 1791255294216063 68859
3258 1791255294234803 68715
3259 1791255294248120 62261
3260 1791255294274790 67812
3261 1791255294301548 74293
3262 1791255294322172 76193
3263 1791255294345473 77399
3264 1791255294375873 88715
3265 1791255294388567 82724
3266 1791255294402810 73140
3267 1791255294414290 68815
3268 1791255294437590 65997
3269 1791255294452597 65490
3270 1791255294472481 65664
3271 1791255294495923 66863
3272 1791255294519820 70547
3273 1791255294540641 74532
3274 1791255294552640 63397
3275 1791255294578018 65786
3276 1791255294580141 53940
3277 1791255294592442 41638
3278 1791255294616169 50122
3279 1791255294635039 47902
3280 1791255294654488 43817
3281 1791255294672755 43789
3282 1791255294692536 45264
3283 1791255294719065 51926
3284 1791255294731585 40817
3285 1791255294747632 35845
3286 1791255294764694 37323
3287 1791255294782966 37051
3288 1791255294803752 34436
3289 1791255294821662 33660
3290 1791255294847137 38030
3291 1791255294870754 36795
3292 1791255294884906 37766
3293 1791255294903680 34969
3294 1791255294933570 43458
3295 1791255294953107 45770
3296 1791255294966976 36950
3297 1791255294985833 39582
3298 1791255295013057 46079
3299 1791255295042977 57142
3300 1791255295052626 46285
3301 1791255295076233 45895
3302 1791255295104219 51589
3303 1791255295123302 49529
3304 1791255295134275 47743
3305 1791255295161393 51067
3306 1791255295174551 45389
3307 1791255295195247 47083
3308 1791255295210416 44690
3309 1791255295238476 49345
3310 1791255295272276 63701
3311 1791255295296588 67422
3312 1791255295314448 68774
3313 1791255295324696 53357
3314 1791255295341740 52496
3315 1791255295363178 54063
3316 1791255295382893 56212
3317 1791255295416895 64910
3318 1791255295433332 66059
3319 1791255295446293 58907
3320 1791255295460829 55216
3321 1791255295490929 62773
3322 1791255295509049 62754
3323 1791255295527769 59365
3324 1791255295549095 63147
3325 1791255295582910 74113
3326 1791255295594801 67029
3327 1791255295613057 65955
3328 1791255295643307 75401
3329 1791255295652470 64995
3330 1791255295683901 70840
3331 1791255295703098 71331
3332 1791255295719728 71194
3333 1791255295735862 69288
3334 1791255295773002 83642
3335 1791255295791999 78771
3336 1791255295801620 67655
3337 1791255295812050 62338
3338 1791255295825049 57027
3339 1791255295862829 73536
3340 1791255295874917 69148
3341 1791255295906341 73872
3342 1791255295938082 82941
3343 1791255295938089 72014
3344 1791255295964710 75617
3345 1791255295991801 85454
3346 1791255296006499 80601
3347 1791255296025918 76311
3348 1791255296040327 72948
3349 1791255296071493 80086
3350 1791255296083712 77209
3351 1791255296103491 77569
3352 1791255296124428 78817
3353 1791255296152696 86093
3354 1791255296175051 87183
3355 1791255296187278 79571
3356 1791255296205221 79440
3357 1791255296224888 77873
3358 1791255296256064 86515
3359 1791255296266874 79882
3360 1791255296288363 81994
3361 1791255296312331 86132
3362 1791255296334327 87637
3363 1791255296354840 87956
3364 1791255296369494 82631
3365 1791255296387887 82280
3366 1791255296405278 79338
3367 1791255296421750 76138
3368 1791255296445451 78585
3369 1791255296457461 70492
3370 1791255296481323 71316
3371 1791255296495934 69710
3372 1791255296507652 62198
3373 1791255296529163 63199
3374 1791255296546968 58714
3375 1791255296560441 52783
3376 1791255296588429 61407
3377 1791255296604114 57143
3378 1791255296622611 53884
3379 1791255296640601 52427
3380 1791255296655831 48021
3381 1791255296678608 52588
3382 1791255296689916 43569
3383 1791255296705475 34890
3384 1791255296732976 44123
3385 1791255296750950 45472
3386 1791255296781922 52622
3387 1791255296794854 43901
3388 1791255296811379 40411
3389 1791255296825958 37958
3390 1791255296845696 36962
3391 1791255296872384 46422
3392 1791255296886349 40649
3393 1791255296906216 38667
3394 1791255296920601 34410
3395 1791255296945783 39562
3396 1791255296971393 37551
3397 1791255296992880 47092
3398 1791255297010778 39369
3399 1791255297033999 42485
3400 1791255297049273 40111
3401 1791255297066021 39141
3402 1791255297100138 52097
3403 1791255297113678 47653
3404 1791255297138636 38493
3405 1791255297146199 38393
3406 1791255297177100 49119
3407 1791255297190454 44251
3408 1791255297218164 46963
3409 1791255297233657 45217
3410 1791255297259285 46014
3411 1791255297275716 46292
3412 1791255297299436 51410
3413 1791255297320314 45831
3414 1791255297340707 53945
3415 1791255297376760 63721
3416 1791255297380064 45077
3417 1791255297392291 45541
3418 1791255297412928 46411
3419 1791255297435098 48521
3420 1791255297464800 53204
3421 1791255297476169 46905
3422 1791255297496995 49842
3423 1791255297524563 57375
3424 1791255297543627 55893
3425 1791255297556950 47720
3426 1791255297583912 51129
3427 1791255297600394 53044
3428 1791255297616086 49352
3429 1791255297645524 57379
3430 1791255297660006 54007
3431 1791255297682421 53678
3432 1791255297698618 53092
3433 1791255297722966 50255
3434 1791255297742879 54415
3435 1791255297755530 49199
3436 1791255297789357 62292
3437 1791255297799227 51698
3438 1791255297822640 56928
3439 1791255297837309 47949
3440 1791255297862500 56178
3441 1791255297890331 62953
3442 1791255297900464 53689
3443 1791255297934311 62305
3444 1791255297940846 50804
3445 1791255297964782 58879
3446 1791255297982497 55838
3447 1791255298003370 56978
3448 1791255298024885 54476
3449 1791255298054305 66789
3450 1791255298075055 65051
3451 1791255298097027 63700
3452 1791255298136740 82426
3453 1791255298137144 65714
3454 1791255298168895 82542
3455 1791255298198919 90999
3456 1791255298214259 77514
3457 1791255298214266 62689
3458 1791255298234147 65249
3459 1791255298260077 71976
3460 1791255298268105 61174
3461 1791255298291602 63346
3462 1791255298309227 62856
3463 1791255298333756 65647
3464 1791255298347408 55801
3465 1791255298363517 54286
3466 1791255298394307 65250
3467 1791255298415581 68822
3468 1791255298437610 70382
3469 1791255298456941 62630
3470 1791255298473926 62671
3471 1791255298489733 59906
3472 1791255298513414 67519
3473 1791255298533314 62819
3474 1791255298554207 64467
3475 1791255298569765 63071
3476 1791255298592613 66876
3477 1791255298615403 62137
3478 1791255298632574 65635
3479 1791255298651122 65118
3480 1791255298677244 67353
3481 1791255298695140 66322
3482 1791255298711232 65281
3483 1791255298726541 58742
3484 1791255298755793 68427
3485 1791255298789656 82262
3486 1791255298803149 76666
3487 1791255298818613 70633
3488 1791255298843300 74911
3489 1791255298852687 63027
3490 1791255298875464 67729
3491 1791255298909489 80919
3492 1791255298928368 79556
3493 1791255298952550 83703
3494 1791255298956889 70212
3495 1791255298970152 60654
3496 1791255298981358 52982
3497 1791255299003387 50830
3498 1791255299030037 59878
3499 1791255299047879 55206
3500 1791255299056288 49474
3501 1791255299099992 69947
3502 1791255299107702 59818
3503 1791255299139297 70984
3504 1791255299191351 96396
3505 1791255299191405 85227
3506 1791255299201645 75619
3507 1791255299231456 84733
3508 1791255299250879 59519
3509 1791255299253387 62007
3510 1791255299266791 59682
3511 1791255299283680 52194
3512 1791255299301548 50664
3513 1791255299314242 47447
3514 1791255299344631 51778
3515 1791255299355234 49200
3516 1791255299375268 48019
3517 1791255299394663 48187
3518 1791255299420872 53241
3519 1791255299439462 51421
3520 1791255299469625 55576
3521 1791255299499657 66812
3522 1791255299510340 64411
3523 1791255299517443 49997
3524 1791255299567468 81312
3525 1791255299573682 65859
3526 1791255299591495 65168
3527 1791255299609791 63262
3528 1791255299632522 65051
3529 1791255299664016 72517
3530 1791255299672881 64309
3531 1791255299695128 62642
3532 1791255299719904 72628
3533 1791255299740571 70605
3534 1791255299747682 60991
3535 1791255299776278 61824
3536 1791255299804578 70865
3537 1791255299822668 76083
3538 1791255299833104 65842
3539 1791255299863582 75519
3540 1791255299877793 71852
3541 1791255299895884 69049
3542 1791255299917467 70271
3543 1791255299942091 70597
3544 1791255299964508 70931
3545 1791255299984496 77724
3546 1791255300009182 80990
3547 1791255300023150 76551
3548 1791255300054040 87739
3549 1791255300082287 89073
3550 1791255300101386 92201
3551 1791255300108954 82518
3552 1791255300127497 77539
3553 1791255300147115 80788
3554 1791255300179367 92698
3555 1791255300195754 89735
3556 1791255300219787 92288
3557 1791255300224308 77184
3558 1791255300262639 87493
3559 1791255300287371 99298
3560 1791255300295713 88367
3561 1791255300317181 84183
3562 1791255300335246 82736
3563 1791255300356708 88738
3564 1791255300380647 93272
3565 1791255300394977 88524
3566 1791255300422830 93938
3567 1791255300435164 88404
3568 1791255300475335 107378
3569 1791255300503882 115755
3570 1791255300503892 96797
3571 1791255300515599 83002
3572 1791255300534377 88040
3573 1791255300547280 71934
3574 1791255300568351 79925
3575 1791255300588007 81138
3576 1791255300597775 70088
3577 1791255300616886 69600
3578 1791255300636148 67793
3579 1791255300653513 65502
3580 1791255300676954 68617
3581 1791255300694504 67945
3582 1791255300715540 67938
3583 1791255300741668 75126
3584 1791255300750484 61887
3585 1791255300767131 61307
3586 1791255300793744 67615
3587 1791255300829807 82175
3588 1791255300840848 73714
3589 1791255300862834 73909
3590 1791255300872416 66561
3591 1791255300898666 68853
3592 1791255300907971 60613
3593 1791255300924888 57436
3594 1791255300947614 61286
3595 1791255300969310 61334
3596 1791255300995618 68638
3597 1791255301015739 68123
3598 1791255301033559 66391
3599 1791255301058500 70742
3600 1791255301074479 68563
3601 1791255301097600 71038
3602 1791255301111931 63976
3603 1791255301136129 69928
3604 1791255301153196 67069
3605 1791255301180861 74786
3606 1791255301191712 57417
3607 1791255301214292 67116
3608 1791255301231133 63910
3609 1791255301255965 69133
3610 1791255301279981 71440
3611 1791255301304157 75710
3612 1791255301314252 67407
3613 1791255301336915 69850
3614 1791255301358918 71730
3615 1791255301380137 72248
3616 1791255301396293 69605
3617 1791255301428722 82171
3618 1791255301444476 78222
3619 1791255301467514 80701
3620 1791255301490074 79419
3621 1791255301502353 73627
3622 1791255301522365 76463
3623 1791255301543606 76090
3624 1791255301561474 72246
3625 1791255301581918 76324
3626 1791255301599084 72334
3627 1791255301622260 75792
3628 1791255301639928 74026
3629 1791255301657674 71309
3630 1791255301678779 66473
3631 1791255301693318 61936
3632 1791255301715549 66595
3633 1791255301727324 60150
3634 1791255301753475 66909
3635 1791255301772198 64628
3636 1791255301784662 58826
3637 1791255301802045 54615
3638 1791255301823149 51028
3639 1791255301831045 45167
3640 1791255301848889 41032
3641 1791255301867606 40496
3642 1791255301882860 33967
3643 1791255301908412 40802
3644 1791255301917925 31826
3645 1791255301935965 28975
3646 1791255301961158 31520
3647 1791255301980772 32736
3648 1791255301997945 30192
3649 1791255302022063 35393
3650 1791255302040115 33951
3651 1791255302057584 30843
3652 1791255302086918 34024
3653 1791255302105806 38973
3654 1791255302117272 30352
3655 1791255302141957 36149
3656 1791255302157516 30519
3657 1791255302183232 36044
3658 1791255302199650 33277
3659 1791255302239329 48046
3660 1791255302244237 38381
3661 1791255302264432 37938
3662 1791255302283374 32940
3663 1791255302303006 37190
3664 1791255302318180 30829
3665 1791255302349986 37820
3666 1791255302360495 33030
3667 1791255302383310 35296
3668 1791255302402594 34047
3669 1791255302423717 36409
3670 1791255302441571 33148
3671 1791255302462541 36569
3672 1791255302494221 42307
3673 1791255302498553 32763
3674 1791255302525320 36630
3675 1791255302543295 36957
3676 1791255302569454 35314
3677 1791255302589942 42655
3678 1791255302611418 41960
3679 1791255302624394 35709
3680 1791255302644859 35103
3681 1791255302671796 45278
3682 1791255302690273 40175
3683 1791255302712384 40586
3684 1791255302731674 44161
3685 1791255302736319 29202
3686 1791255302764388 36482
3687 1791255302784047 36598
3688 1791255302803533 37445
3689 1791255302826549 38116
3690 1791255302849484 40670
3691 1791255302867080 40526
3692 1791255302876915 27428
3693 1791255302906223 40502
3694 1791255302925974 37084
3695 1791255302943523 37298
3696 1791255302964891 38916
3697 1791255302982728 35330
3698 1791255303003280 35892
3699 1791255303043530 57480
3700 1791255303064587 51582
3701 1791255303067856 39914
3702 1791255303092846 46169
3703 1791255303111493 45361
3704 1791255303129860 39098
3705 1791255303148878 42822
3706 1791255303174538 46063
3707 1791255303188800 41448
3708 1791255303210020 41403
3709 1791255303233551 47256
3710 1791255303253137 47158
3711 1791255303279825 49263
3712 1791255303306689 56172
3713 1791255303321439 52959
3714 1791255303336519 43319
3715 1791255303353268 46573
3716 1791255303374177 45060
3717 1791255303401489 52145
3718 1791255303423306 56840
3719 1791255303456031 61370
3720 1791255303457781 52125
3721 1791255303480653 51890
3722 1791255303505571 55021
3723 1791255303520423 54576
3724 1791255303558362 70131
3725 1791255303571000 65426
3726 1791255303591898 65779
3727 1791255303629016 74213
3728 1791255303633965 68373
3729 1791255303664048 72147
3730 1791255303677844 71667
3731 1791255303706323 79249
3732 1791255303739432 93362
3733 1791255303745649 79452
3734 1791255303770235 83489
3735 1791255303796186 89860
3736 1791255303807511 81810
3737 1791255303827319 81667
3738 1791255303853797 83559
3739 1791255303868821 82327
3740 1791255303883163 75650
3741 1791255303915620 89800
3742 1791255303915939 68488
3743 1791255303932958 66213
3744 1791255303944245 54438
3745 1791255303964875 55713
3746 1791255303975654 43174
3747 1791255303992891 45166
3748 1791255304007540 38653
3749 1791255304027598 39486
3750 1791255304035235 28102
3751 1791255304056087 28486
3752 1791255304074646 23652
3753 1791255304091819 23607
3754 1791255304116028 24204
3755 1791255304130993 23008
3756 1791255304155451 28220
3757 1791255304176554 26610
3758 1791255304189688 23667
3759 1791255304211851 22160
3760 1791255304232550 26528
3761 1791255304247772 21637
3762 1791255304274476 27851
3763 1791255304294870 25025
3764 1791255304315607 27567
3765 1791255304333616 23221
3766 1791255304361430 27811
3767 1791255304372678 25325
3768 1791255304393942 26755
3769 1791255304411428 25493
3770 1791255304434112 26100
3771 1791255304455501 25421
3772 1791255304472127 23966
3773 1791255304489545 23958
3774 1791255304513748 24200
3775 1791255304533486 22529
3776 1791255304553885 26450
3777 1791255304573702 25653
3778 1791255304594363 26953
3779 1791255304614365 26899
3780 1791255304635543 26669
3781 1791255304651941 24497
3782 1791255304672460 25273
3783 1791255304693345 26559
3784 1791255304714296 27765
3785 1791255304726944 20626
3786 1791255304754633 27821
3787 1791255304774938 24839
3788 1791255304794207 26042
3789 1791255304813948 27645
3790 1791255304838996 25045
3791 1791255304856858 24883
3792 1791255304872818 21971
3793 1791255304891981 26054
3794 1791255304912787 26545
3795 1791255304936278 23489
3796 1791255304951654 25420
3797 1791255304971675 22743
3798 1791255304992297 26555
3799 1791255305012840 26745
3800 1791255305027970 20625
3801 1791255305053801 25928
3802 1791255305073068 25615
3803 1791255305090916 22565
3804 1791255305110370 24011
3805 1791255305134575 24202
3806 1791255305153441 25797
3807 1791255305170314 24108
3808 1791255305195181 24927
3809 1791255305212654 24886
3810 1791255305237261 29334
3811 1791255305255032 23975
3812 1791255305276706 28913
3813 1791255305293391 26778
3814 1791255305313223 27364
3815 1791255305338000 24773
3816 1791255305354214 22608
3817 1791255305372059 24292
3818 1791255305398129 30777
3819 1791255305413320 21521
3820 1791255305434288 21702
3821 1791255305452160 22492
3822 1791255305471964 24672
3823 1791255305495323 23356
3824 1791255305514150 27330
3825 1791255305535057 29402
3826 1791255305553710 26655
3827 1791255305570385 23741
3828 1791255305593996 25010
3829 1791255305614776 28458
3830 1791255305634601 23448
3831 1791255305654432 26097
3832 1791255305673473 25753
3833 1791255305693746 24885
3834 1791255305710996 25181
3835 1791255305732784 21785
3836 1791255305757246 24458
3837 1791255305767672 21793
3838 1791255305793765 27192
3839 1791255305812733 24462
3840 1791255305834613 27941
3841 1791255305854181 24080
3842 1791255305872493 26351
3843 1791255305894696 22245
3844 1791255305906616 21015
3845 1791255305933075 26938
3846 1791255305952774 25248
3847 1791255305973886 26847
3848 1791255305993755 25747
3849 1791255306015372 29071
3850 1791255306033968 25160
3851 1791255306049808 22003
3852 1791255306072695 25576
3853 1791255306095267 22620
3854 1791255306111875 24824
3855 1791255306132812 26315
3856 1791255306153935 21120
3857 1791255306174920 28747
3858 1791255306192138 24224
3859 1791255306212402 23110
3860 1791255306228472 21992
3861 1791255306252342 23866
3862 1791255306271056 25344
3863 1791255306296178 28127
3864 1791255306311593 23099
3865 1791255306333209 25858
3866 1791255306351407 22834
3867 1791255306382503 31092
3868 1791255306387691 22006
3869 1791255306415894 28198
3870 1791255306432799 22422
3871 1791255306455906 23624
3872 1791255306473063 24702
3873 1791255306493931 27762
3874 1791255306513475 24438
3875 1791255306534458 26534
3876 1791255306551726 24618
3877 1791255306568536 22889
3878 1791255306593793 25342
3879 1791255306613640 24692
3880 1791255306635558 28423
3881 1791255306653826 26028
3882 1791255306671575 22031
3883 1791255306696400 29356
3884 1791255306713136 22622
3885 1791255306732052 26247
3886 1791255306753974 21917
3887 1791255306771112 22518
3888 1791255306794586 23470
3889 1791255306811024 24658
3890 1791255306834372 28059
3891 1791255306854135 26398
3892 1791255306871740 24421
3893 1791255306889547 23182
3894 1791255306915029 25478
3895 1791255306935387 28704
3896 1791255306955052 25669
3897 1791255306974622 27254
3898 1791255306994081 23952
3899 1791255307015559 24771
3900 1791255307033727 24117
3901 1791255307062975 33856
3902 1791255307075373 25820
3903 1791255307094006 22676
3904 1791255307115130 25737
3905 1791255307134559 27435
3906 1791255307151225 24811
3907 1791255307173780 22552
3908 1791255307192331 25587
3909 1791255307214079 27185
3910 1791255307233681 23294
3911 1791255307253417 25647
3912 1791255307273186 25560
3913 1791255307294044 27508
3914 1791255307313352 24178
3915 1791255307341191 27814
3916 1791255307354607 27695
3917 1791255307373251 25574
3918 1791255307393015 25440
3919 1791255307416266 23240
3920 1791255307434799 26456
3921 1791255307451713 24457
3922 1791255307472081 25843
3923 1791255307496708 24731
3924 1791255307512780 26417
3925 1791255307537618 24835
3926 1791255307555843 24673
3927 1791255307572558 26678
3928 1791255307593670 21176
3929 1791255307613053 26622
3930 1791255307639458 26400
3931 1791255307658953 25832
3932 1791255307671223 24157
3933 1791255307692371 25570
3934 1791255307726415 37694
3935 1791255307737570 31247
3936 1791255307754525 28106
3937 1791255307781202 26672
3938 1791255307793692 26675
3939 1791255307810199 22999
3940 1791255307835256 27067
3941 1791255307854177 26143
3942 1791255307873563 26948
3943 1791255307896171 27635
3944 1791255307913279 26908
3945 1791255307929132 22534
3946 1791255307951649 22513
3947 1791255307970102 23509
3948 1791255307990674 20568
3949 1791255308013534 22856
3950 1791255308038761 26230
3951 1791255308052898 24919
3952 1791255308070377 23890
3953 1791255308096993 26613
3954 1791255308108526 21964
3955 1791255308126873 20789
3956 1791255308148426 22578
3957 1791255308169087 20657
3958 1791255308189079 23022
3959 1791255308213754 24928
3960 1791255308241056 27298
3961 1791255308255374 22513
3962 1791255308272132 21481
3963 1791255308286953 21153
3964 1791255308313426 26470
3965 1791255308333057 25342
3966 1791255308354061 25761
3967 1791255308372335 24410
3968 1791255308391284 22590
3969 1791255308414299 23011
3970 1791255308432380 22617
3971 1791255308453087 26141
3972 1791255308473315 26580
3973 1791255308503112 29790
3974 1791255308514566 27487
3975 1791255308533104 25252
3976 1791255308554500 21392
3977 1791255308571338 22215
3978 1791255308593975 25494
3979 1791255308615256 27270
3980 1791255308635665 28236
3981 1791255308654048 22637
3982 1791255308672551 23144
3983 1791255308695193 22749
3984 1791255308710474 22343
3985 1791255308731278 22381
3986 1791255308753836 28110
3987 1791255308773598 24345
3988 1791255308796689 28805
3989 1791255308815479 28433
3990 1791255308833698 25581
3991 1791255308851247 25367
3992 1791255308872885 26854
3993 1791255308901365 28476
3994 1791255308914375 20864
3995 1791255308934158 26659
3996 1791255308952999 23236
3997 1791255308972727 26018
3998 1791255308995856 23124
3999 1791255309010028 23502
4000 1791255309032068 22038
4001 1791255309053739 24662
4002 1791255309074255 23737
4003 1791255309094589 25048
4004 1791255309115665 24649
4005 1791255309132941 24359
4006 1791255309148882 22916
4007 1791255309175514 26628
4008 1791255309192692 25113
4009 1791255309210334 23624
4010 1791255309233588 26481
4011 1791255309254860 26065
4012 1791255309272202 23602
4013 1791255309290528 22734
4014 1791255309314354 23823
4015 1791255309327758 21831
4016 1791255309355814 28052
4017 1791255309373184 26677
4018 1791255309386735 20811
4019 1791255309413128 26388
4020 1791255309432118 24737
4021 1791255309455344 27311
4022 1791255309483049 27701
4023 1791255309495335 23283
4024 1791255309518113 26934
4025 1791255309535622 25655
4026 1791255309554536 26773
4027 1791255309572377 25182
4028 1791255309590294 24497
4029 1791255309613451 27136
4030 1791255309633956 25011
4031 1791255309649428 21615
4032 1791255309674186 27421
4033 1791255309696921 27652
4034 1791255309718418 27823
4035 1791255309731995 25694
4036 1791255309752034 25245
4037 1791255309775377 23340
4038 1791255309791735 23713
4039 1791255309814014 22275
4040 1791255309831951 23217
4041 1791255309855527 29160
4042 1791255309872305 23416
4043 1791255309892695 27013
4044 1791255309914778 22079
4045 1791255309933933 27871
4046 1791255309951471 25033
4047 1791255309972342 26218
4048 1791255309993258 25218
4049 1791255310013111 27162
4050 1791255310032387 25772
4051 1791255310048226 21640
4052 1791255310070520 22292
4053 1791255310087651 21207
4054 1791255310116050 28874
4055 1791255310138604 28522
4056 1791255310154265 22579
4057 1791255310172233 26337
4058 1791255310196146 23964
4059 1791255310215579 27973
4060 1791255310232358 23610
4061 1791255310254530 22168
4062 1791255310274137 28660
4063 1791255310295097 24506
4064 1791255310312129 24481
4065 1791255310332154 25215
4066 1791255310353467 26970
4067 1791255310374269 20796
4068 1791255310392476 25867
4069 1791255310409894 23305
4070 1791255310431243 24704
4071 1791255310453932 22746
4072 1791255310473374 26228
4073 1791255310491171 23450
4074 1791255310514487 23374
4075 1791255310533393 23537
4076 1791255310558265 32137
4077 1791255310576563 25509
4078 1791255310593267 22520
4079 1791255310609963 24150
4080 1791255310631922 25461
4081 1791255310648410 21247
4082 1791255310674033 27930
4083 1791255310694936 20900
4084 1791255310714210 26546
4085 1791255310733924 24460
4086 1791255310747461 20678
4087 1791255310768203 20739
4088 1791255310792646 26174
4089 1791255310810047 23680
4090 1791255310832553 26769
4091 1791255310854233 21678
4092 1791255310869123 22373
4093 1791255310894441 25309
4094 1791255310913467 23326
4095 1791255310932687 24269
4096 1791255310952229 26430
4097 1791255310973749 21812
4098 1791255310993228 23497
4099 1791255311011561 24167
4100 1791255311034438 22872
4101 1791255311057183 26232
4102 1791255311069871 23925
4103 1791255311092658 26114
4104 1791255311120538 27877
4105 1791255311135631 22201
4106 1791255311151471 25703
4107 1791255311171222 24349
4108 1791255311195032 23807
4109 1791255311212803 26239
4110 1791255311231255 22412
4111 1791255311253572 22314
4112 1791255311272648 25683
4113 1791255311291531 24045
4114 1791255311313515 21981
4115 1791255311334582 21875
4116 1791255311348934 23067
4117 1791255311374674 25736
4118 1791255311393434 23691
4119 1791255311414892 27705
4120 1791255311432733 25484
4121 1791255311456132 23395
4122 1791255311474307 27959
4123 1791255311493620 26435
4124 1791255311513801 24091
4125 1791255311533483 27444
4126 1791255311559564 26078
4127 1791255311571912 25565
4128 1791255311590860 24962
4129 1791255311612578 21770
4130 1791255311633892 21979
4131 1791255311653036 24422
4132 1791255311674479 26822
4133 1791255311693224 24006
4134 1791255311712380 26696
4135 1791255311733099 20717
4136 1791255311753393 26006
4137 1791255311774957 21546
4138 1791255311793481 24173
4139 1791255311814598 26613
4140 1791255311837190 27220
4141 1791255311852727 21804
4142 1791255311875185 28729
4143 1791255311895341 23915
4144 1791255311915109 26734
4145 1791255311933524 24031
4146 1791255311954517 20990
4147 1791255311967434 21379
4148 1791255311991391 25421
4149 1791255312009248 23263
4150 1791255312032796 23546
# sent 4151 received 4151
