0 1791250417242733 25407
1 1791250417269635 26882
2 1791250417285391 23268
3 1791250417303683 25712
4 1791250417320467 22650
5 1791250417344879 24408
6 1791250417359869 20868
7 1791250417385612 27378
8 1791250417403176 22782
9 1791250417423567 20480
10 1791250417447277 26209
11 1791250417463889 21371
12 1791250417489972 26080
13 1791250417502324 22796
14 1791250417523579 21251
15 1791250417542960 24521
16 1791250417566387 28086
17 1791250417592803 26412
18 1791250417605597 27260
19 1791250417626249 25955
20 1791250417641038 23035
21 1791250417665221 24179
22 1791250417692568 33246
23 1791250417704148 25606
24 1791250417723368 25200
25 1791250417744200 25624
26 1791250417763885 26382
27 1791250417783739 24858
28 1791250417805462 21777
29 1791250417822372 21377
30 1791250417844297 24824
31 1791250417864421 24799
32 1791250417883739 24909
33 1791250417904956 27349
34 1791250417924916 25648
35 1791250417943819 24592
36 1791250417965115 25721
37 1791250417983830 25158
38 1791250418001704 22490
39 1791250418024496 22906
40 1791250418045704 27689
41 1791250418062830 25082
42 1791250418084456 21623
43 1791250418105061 22514
44 1791250418131816 32945
45 1791250418143573 23146
46 1791250418162529 24074
47 1791250418189584 27052
48 1791250418205200 27366
49 1791250418226265 24441
50 1791250418243293 23028
51 1791250418264711 21410
52 1791250418282537 23574
53 1791250418306927 28413
54 1791250418323182 21857
55 1791250418343972 25463
56 1791250418363508 23332
57 1791250418383368 24077
58 1791250418403281 24247
59 1791250418423399 25820
60 1791250418444257 23449
61 1791250418463610 24468
62 1791250418484765 25518
63 1791250418501951 22951
64 1791250418520878 21875
65 1791250418543456 22574
66 1791250418568336 28868
67 1791250418586771 24087
68 1791250418605133 23426
69 1791250418623774 25870
70 1791250418644693 26104
71 1791250418664728 23626
72 1791250418682756 24611
73 1791250418702578 24200
74 1791250418724725 26375
75 1791250418743385 23481
76 1791250418763837 20449
77 1791250418786730 22964
78 1791250418803258 21286
79 1791250418823394 22525
80 1791250418844349 25626
81 1791250418864222 24285
82 1791250418879553 21602
83 1791250418903751 24194
84 1791250418924212 24338
85 1791250418945075 27026
86 1791250418963327 23933
87 1791250418988472 25141
88 1791250419010322 27138
89 1791250419022612 23025
90 1791250419053567 35015
91 1791250419066993 23466
92 1791250419084047 23281
93 1791250419104316 25952
94 1791250419122220 21665
95 1791250419142606 20380
96 1791250419164536 25695
97 1791250419188952 27895
98 1791250419207849 25155
99 1791250419223442 21657
100 1791250419243707 23747
101 1791250419266957 25927
102 1791250419284979 22915
103 1791250419302388 23308
104 1791250419326781 24446
105 1791250419347926 25869
106 1791250419363535 20804
107 1791250419384000 24355
108 1791250419405766 25850
109 1791250419423871 22807
110 1791250419445580 24930
111 1791250419462159 21449
112 1791250419482347 22886
113 1791250419503109 20758
114 1791250419526084 23957
115 1791250419542957 22847
116 1791250419564396 21436
117 1791250419580545 21012
118 1791250419605838 25447
119 1791250419623618 24757
120 1791250419642772 22405
121 1791250419670026 27308
122 1791250419687708 23797
123 1791250419708177 25974
124 1791250419725203 22850
125 1791250419744055 22743
126 1791250419767857 28714
127 1791250419787190 25805
128 1791250419799283 20832
129 1791250419821867 22726
130 1791250419845938 24145
131 1791250419863470 24642
132 1791250419881743 22492
133 1791250419903162 25331
134 1791250419924029 25614
135 1791250419944016 25627
136 1791250419962641 23538
137 1791250419983467 20874
138 1791250420007796 24326
139 1791250420023326 20803
140 1791250420043887 25359
141 1791250420066653 27971
142 1791250420083834 22374
143 1791250420110070 26527
144 1791250420126114 23178
145 1791250420144690 23007
146 1791250420163954 24705
147 1791250420182616 24496
148 1791250420209524 26947
149 1791250420224316 20695
150 1791250420243344 23054
151 1791250420264009 24598
152 1791250420283141 23428
153 1791250420303081 22408
154 1791250420325456 22371
155 1791250420350600 27281
156 1791250420361738 23955
157 1791250420384537 24829
158 1791250420403777 24082
159 1791250420422413 23655
160 1791250420440067 21172
161 1791250420463861 23879
162 1791250420483521 22636
163 1791250420503486 25182
164 1791250420523879 20391
165 1791250420548379 24496
166 1791250420566158 22603
167 1791250420586830 25175
168 1791250420607507 25279
169 1791250420626401 24224
170 1791250420643605 22833
171 1791250420662444 22913
172 1791250420683232 24813
173 1791250420704967 25726
174 1791250420721652 22658
175 1791250420750771 29116
176 1791250420770369 26597
177 1791250420785875 24747
178 1791250420802331 23383
179 1791250420823956 21620
180 1791250420843807 25492
181 1791250420865056 26313
182 1791250420881845 22344
183 1791250420903998 22150
184 1791250420926204 27876
185 1791250420943101 21878
186 1791250420965507 22643
187 1791250420983704 24503
188 1791250420998427 20599
189 1791250421023922 25491
190 1791250421047641 23715
191 1791250421065920 23352
192 1791250421082801 23681
193 1791250421108922 26117
194 1791250421124272 25713
195 1791250421143766 24331
196 1791250421161954 23344
197 1791250421182767 22615
198 1791250421204901 22131
199 1791250421224456 21886
200 1791250421242477 24296
201 1791250421263835 24395
202 1791250421281834 21973
203 1791250421303756 21919
204 1791250421322209 23727
205 1791250421344847 22634
206 1791250421360805 20879
207 1791250421381367 20558
208 1791250421402465 22729
209 1791250421427743 29185
210 1791250421443384 20715
211 1791250421464518 24687
212 1791250421484269 25520
213 1791250421503360 24511
214 1791250421523961 24696
215 1791250421548573 24608
216 1791250421567314 23955
217 1791250421588168 26247
218 1791250421604912 22411
219 1791250421629129 30456
220 1791250421647991 27563
221 1791250421665435 23069
222 1791250421683181 23067
223 1791250421704485 25302
224 1791250421722025 22518
225 1791250421745246 23218
226 1791250421767209 25340
227 1791250421784418 21733
228 1791250421804159 22337
229 1791250421821119 23122
230 1791250421843701 22579
231 1791250421863401 24680
232 1791250421885150 24544
233 1791250421902133 23013
234 1791250421932397 30253
235 1791250421943245 23564
236 1791250421962905 24734
237 1791250421989507 26598
238 1791250422007212 23756
239 1791250422023701 21560
240 1791250422042536 22714
241 1791250422068020 25481
242 1791250422084602 21540
243 1791250422106565 28255
244 1791250422125263 23625
245 1791250422146741 28280
246 1791250422165322 23634
247 1791250422185930 27230
248 1791250422203433 22927
249 1791250422224353 25849
250 1791250422245666 26088
251 1791250422263439 21760
252 1791250422287250 25196
253 1791250422308404 26047
254 1791250422324572 21457
255 1791250422346001 26853
256 1791250422363183 22842
257 1791250422389057 25927
258 1791250422404629 20715
259 1791250422424000 20835
260 1791250422443904 22746
261 1791250422464387 20479
262 1791250422487651 29193
263 1791250422502770 21662
264 1791250422527299 24525
265 1791250422545918 24803
266 1791250422567760 26770
267 1791250422586097 23443
268 1791250422607162 24217
269 1791250422621753 23383
270 1791250422644573 26151
271 1791250422663614 24564
272 1791250422683645 24134
273 1791250422703961 23602
274 1791250422732517 28553
275 1791250422744902 23083
276 1791250422764505 24621
277 1791250422787501 26876
278 1791250422803060 21255
279 1791250422821731 22674
280 1791250422845223 23616
281 1791250422865967 24679
282 1791250422886036 24080
283 1791250422905357 23618
284 1791250422924039 22782
285 1791250422942795 25282
286 1791250422962040 23894
287 1791250422988051 26058
288 1791250423005253 23619
289 1791250423024584 26084
290 1791250423043985 25186
291 1791250423062930 22825
292 1791250423090933 31929
293 1791250423106961 24924
294 1791250423120635 22341
295 1791250423143242 22603
296 1791250423163872 23501
297 1791250423182648 21726
298 1791250423203550 24498
299 1791250423224356 25892
300 1791250423243055 23313
301 1791250423261775 24133
302 1791250423288244 26466
303 1791250423304856 22545
304 1791250423324065 22673
305 1791250423346305 26125
306 1791250423376455 35390
307 1791250423393717 29999
308 1791250423404159 24880
309 1791250423423673 22686
310 1791250423445401 21784
311 1791250423465720 25342
312 1791250423483727 22395
313 1791250423502437 24278
314 1791250423523917 21477
315 1791250423543664 21384
316 1791250423563241 25095
317 1791250423584271 23293
318 1791250423603553 22687
319 1791250423628524 27988
320 1791250423649194 26579
321 1791250423664226 21315
322 1791250423683238 23450
323 1791250423706761 23520
324 1791250423724628 22889
325 1791250423743166 25123
326 1791250423763911 25255
327 1791250423780165 20786
328 1791250423810960 30967
329 1791250423823357 22564
330 1791250423845594 22234
331 1791250423866008 22454
332 1791250423886844 24278
333 1791250423905290 22855
334 1791250423923101 23933
335 1791250423944027 23495
336 1791250423963080 23154
337 1791250423983406 25173
338 1791250424003277 24656
339 1791250424021088 20885
340 1791250424046038 24947
341 1791250424064388 25748
342 1791250424086445 25062
343 1791250424105755 24745
344 1791250424122634 24623
345 1791250424145200 22624
346 1791250424163130 23291
347 1791250424182454 23021
348 1791250424201204 20573
349 1791250424222518 21310
350 1791250424242754 20969
351 1791250424261510 22579
352 1791250424283257 21744
353 1791250424304465 25752
354 1791250424321557 22225
355 1791250424342671 21111
356 1791250424363884 22658
357 1791250424382063 22677
358 1791250424402738 24189
359 1791250424421425 23183
360 1791250424442242 20869
361 1791250424471964 29719
362 1791250424482791 22272
363 1791250424507577 24833
364 1791250424525180 22729
365 1791250424544621 26825
366 1791250424563705 23765
367 1791250424587278 23568
368 1791250424606314 23673
369 1791250424622887 20266
370 1791250424644300 22307
371 1791250424659525 20814
372 1791250424684862 25333
373 1791250424701179 23553
374 1791250424731049 29867
375 1791250424742295 23119
376 1791250424765257 22959
377 1791250424782265 23707
378 1791250424803713 23441
379 1791250424833077 29447
380 1791250424844327 22777
381 1791250424863473 23239
382 1791250424884895 27450
383 1791250424907222 22323
384 1791250424923972 21422
385 1791250424941842 22381
386 1791250424963018 23840
387 1791250424983397 25114
388 1791250425004634 26542
389 1791250425021536 24043
390 1791250425045223 27230
391 1791250425062780 24452
392 1791250425084121 25562
393 1791250425102553 23474
394 1791250425127657 25101
395 1791250425147388 25105
396 1791250425166795 25500
397 1791250425181982 20545
398 1791250425205677 24631
399 1791250425221066 21977
400 1791250425239227 20694
401 1791250425264862 26643
402 1791250425282011 22117
403 1791250425304898 22936
404 1791250425323312 22688
405 1791250425353615 30299
406 1791250425364074 24693
407 1791250425384484 26185
408 1791250425406247 24283
409 1791250425425211 27040
410 1791250425448429 26030
411 1791250425465365 26861
412 1791250425488494 25381
413 1791250425504404 26472
414 1791250425531692 28191
415 1791250425548421 29991
416 1791250425574634 31116
417 1791250425594744 31288
418 1791250425609733 27434
419 1791250425625243 21572
420 1791250425653522 29835
421 1791250425667339 24351
422 1791250425692040 29782
423 1791250425704857 26300
424 1791250425725482 22272
425 1791250425747217 28883
426 1791250425769759 27673
427 1791250425786586 27438
428 1791250425810376 32497
429 1791250425825656 27272
430 1791250425845716 23924
431 1791250425869704 28336
432 1791250425885123 26530
433 1791250425912846 34606
434 1791250425933496 32283
435 1791250425948368 28940
436 1791250425964282 26286
437 1791250425984532 26845
438 1791250426012306 31762
439 1791250426024464 26669
440 1791250426054366 35261
441 1791250426065471 25996
442 1791250426093925 32618
443 1791250426107232 27786
444 1791250426125726 22812
445 1791250426149761 27134
446 1791250426169501 30361
447 1791250426194948 31323
448 1791250426205558 27359
449 1791250426233789 30611
450 1791250426244136 26374
451 1791250426271692 30144
452 1791250426285328 25029
453 1791250426306105 27718
454 1791250426325995 27818
455 1791250426344511 25469
456 1791250426374192 29677
457 1791250426393224 29412
458 1791250426403996 25591
459 1791250426431668 33256
460 1791250426446139 26459
461 1791250426469120 29203
462 1791250426487004 23704
463 1791250426513562 31389
464 1791250426535823 34077
465 1791250426554823 31444
466 1791250426565248 26694
467 1791250426586282 23480
468 1791250426604226 23353
469 1791250426637599 34157
470 1791250426653943 30486
471 1791250426668130 30529
472 1791250426686927 27917
473 1791250426712366 29340
474 1791250426724830 25610
475 1791250426744153 25730
476 1791250426768197 28780
477 1791250426793001 33109
478 1791250426813635 33210
479 1791250426834073 32971
480 1791250426859911 36855
481 1791250426884113 45102
482 1791250426902565 43787
483 1791250426933041 48925
484 1791250426954299 51730
485 1791250426964343 46574
486 1791250426993657 55533
487 1791250427030489 66944
488 1791250427042453 60260
489 1791250427061484 60154
490 1791250427084577 61194
491 1791250427098802 56344
492 1791250427127073 65586
493 1791250427139416 61251
494 1791250427166416 67611
495 1791250427183592 65249
496 1791250427209215 70237
497 1791250427222732 62036
498 1791250427243683 61546
499 1791250427264028 66190
500 1791250427295532 74965
501 1791250427314233 74940
502 1791250427333367 74577
503 1791250427354065 74502
504 1791250427364624 66462
505 1791250427389373 69393
506 1791250427412701 73999
507 1791250427434728 76309
508 1791250427455684 77144
509 1791250427478607 77917
510 1791250427500101 76665
511 1791250427514868 75715
512 1791250427537236 78925
513 1791250427552744 74455
514 1791250427581871 81767
515 1791250427601368 80888
516 1791250427623927 83576
517 1791250427645612 83942
518 1791250427665345 83472
519 1791250427684383 83013
520 1791250427704926 85978
521 1791250427715863 77406
522 1791250427740840 81557
523 1791250427763878 85201
524 1791250427788757 88753
525 1791250427812015 89640
526 1791250427825939 85093
527 1791250427843568 84836
528 1791250427869202 86664
529 1791250427882161 81149
530 1791250427908488 86927
531 1791250427936875 93302
532 1791250427950349 86458
533 1791250427964880 85886
534 1791250427996188 93447
535 1791250428013484 88636
536 1791250428032195 93041
537 1791250428053637 90788
538 1791250428078775 96358
539 1791250428092513 93128
540 1791250428114710 94129
541 1791250428142380 99933
542 1791250428154214 95465
543 1791250428181771 102992
544 1791250428194305 96602
545 1791250428222956 100469
546 1791250428244499 102116
547 1791250428255245 92294
548 1791250428283927 102215
549 1791250428296338 97418
550 1791250428322477 99517
551 1791250428345160 106560
552 1791250428364679 102607
553 1791250428384190 104530
554 1791250428403842 106070
555 1791250428418404 95925
556 1791250428443237 102410
557 1791250428457142 97310
558 1791250428482831 104825
559 1791250428514516 110670
560 1791250428525133 106726
561 1791250428548602 109487
562 1791250428574044 113855
563 1791250428592890 110055
564 1791250428610710 108204
565 1791250428623462 103261
566 1791250428650134 107378
567 1791250428669255 106891
568 1791250428684005 105680
569 1791250428706754 103824
570 1791250428724481 102861
571 1791250428746723 108138
572 1791250428763603 105064
573 1791250428789660 105652
574 1791250428814554 110997
575 1791250428830271 111850
576 1791250428855587 114445
577 1791250428873640 115514
578 1791250428883963 105385
579 1791250428908653 106600
580 1791250428925330 107481
581 1791250428952489 108401
582 1791250428977984 116780
583 1791250428996877 114950
584 1791250429013361 115018
585 1791250429035651 111971
586 1791250429056601 116661
587 1791250429067281 109270
588 1791250429087935 109949
589 1791250429106098 107451
590 1791250429137560 117776
591 1791250429153127 111306
592 1791250429173356 115198
593 1791250429191851 113027
594 1791250429222799 120074
595 1791250429233901 115200
596 1791250429252995 115432
597 1791250429272487 110042
598 1791250429290148 109876
599 1791250429305116 106237
600 1791250429336406 113604
601 1791250429347447 104746
602 1791250429364525 106221
603 1791250429392359 108465
604 1791250429402699 99087
605 1791250429429534 105076
606 1791250429434350 96688
607 1791250429455341 97494
608 1791250429483451 105117
609 1791250429496254 98451
610 1791250429514238 90321
611 1791250429533481 95687
612 1791250429543826 86422
613 1791250429566162 82959
614 1791250429584087 83475
615 1791250429604629 82159
616 1791250429618646 76102
617 1791250429634618 76307
618 1791250429659148 75349
619 1791250429671329 73159
620 1791250429691260 72612
621 1791250429701922 63638
622 1791250429727035 67882
623 1791250429744416 59354
624 1791250429767110 65185
625 1791250429777537 58140
626 1791250429794561 54536
627 1791250429812200 54449
628 1791250429833321 55782
629 1791250429844538 45832
630 1791250429865456 44086
631 1791250429882609 44053
632 1791250429902515 42969
633 1791250429915998 37803
634 1791250429942193 39674
635 1791250429962919 38822
636 1791250429974594 32397
637 1791250429994299 36020
638 1791250430006372 28022
639 1791250430034519 31964
640 1791250430050903 28895
641 1791250430069380 31151
642 1791250430088573 25761
643 1791250430111367 30508
644 1791250430134390 32903
645 1791250430145000 27358
646 1791250430172105 32123
647 1791250430185107 25576
648 1791250430213693 32424
649 1791250430224608 24140
650 1791250430245854 26227
651 1791250430267890 29475
652 1791250430287325 26875
653 1791250430301377 22538
654 1791250430330193 31149
655 1791250430353478 30199
656 1791250430372622 30743
657 1791250430383981 25599
658 1791250430408467 30255
659 1791250430424339 25773
660 1791250430447115 27814
661 1791250430472250 30234
662 1791250430488633 30203
663 1791250430513519 30005
664 1791250430526684 23702
665 1791250430548594 29475
666 1791250430565506 27590
667 1791250430590777 31224
668 1791250430611330 30029
669 1791250430628903 27995
670 1791250430645629 27940
671 1791250430674188 28556
672 1791250430685794 26567
673 1791250430706962 25043
674 1791250430722395 24273
675 1791250430746746 24347
676 1791250430773211 33515
677 1791250430793594 34638
678 1791250430805855 24708
679 1791250430822948 23980
680 1791250430851519 28567
681 1791250430873809 33995
682 1791250430893293 30831
683 1791250430909355 30980
684 1791250430931935 32988
685 1791250430954416 34610
686 1791250430979144 40852
687 1791250431002264 39650
688 1791250431019349 40535
689 1791250431043885 44612
690 1791250431067354 48000
691 1791250431087353 46890
692 1791250431115424 54773
693 1791250431138262 55943
694 1791250431157702 54549
695 1791250431177648 57614
696 1791250431207127 68859
697 1791250431222223 64513
698 1791250431244963 67312
699 1791250431274065 72398
700 1791250431293348 74390
701 1791250431318102 76228
702 1791250431343013 81454
703 1791250431370283 87524
704 1791250431387951 85894
705 1791250431414640 96534
706 1791250431435178 92984
707 1791250431458105 99657
708 1791250431490330 107646
709 1791250431508316 109155
710 1791250431534142 114892
711 1791250431562838 119381
712 1791250431574175 116066
713 1791250431605659 127422
714 1791250431623882 120956
715 1791250431646655 123155
716 1791250431664284 125210
717 1791250431684133 125551
718 1791250431712703 131929
719 1791250431728733 129067
720 1791250431748259 127287
721 1791250431766391 126314
722 1791250431793244 134502
723 1791250431804476 123368
724 1791250431834681 132719
725 1791250431852469 129937
726 1791250431874387 131110
727 1791250431886536 127152
728 1791250431912627 134662
729 1791250431923906 124704
730 1791250431947258 124395
731 1791250431973593 131514
732 1791250431993191 131244
733 1791250432006469 128123
734 1791250432026262 127291
735 1791250432048680 129623
736 1791250432063504 125445
737 1791250432090664 127530
738 1791250432103659 122634
739 1791250432124858 123155
740 1791250432144103 126398
741 1791250432166287 123380
742 1791250432183381 121325
743 1791250432202876 122101
744 1791250432225983 125496
745 1791250432246996 126054
746 1791250432270753 132537
747 1791250432288737 126798
748 1791250432302004 120247
749 1791250432324857 125530
750 1791250432334595 114875
751 1791250432353872 115665
752 1791250432372695 113105
753 1791250432388814 110570
754 1791250432405466 103459
755 1791250432426108 105229
756 1791250432442949 103334
757 1791250432453944 94826
758 1791250432474442 91570
759 1791250432489762 91586
760 1791250432506224 86358
761 1791250432532966 90014
762 1791250432544049 82433
763 1791250432560494 81137
764 1791250432574274 72827
765 1791250432594285 72667
766 1791250432613605 69554
767 1791250432625144 64644
768 1791250432637687 59157
769 1791250432653268 54233
770 1791250432672235 54190
771 1791250432684350 46660
772 1791250432701817 43422
773 1791250432723481 42315
774 1791250432736610 36842
775 1791250432750902 32617
776 1791250432765444 27066
777 1791250432797551 35242
778 1791250432810221 31871
779 1791250432826004 28450
780 1791250432850250 28962
781 1791250432872222 32173
782 1791250432883160 23643
783 1791250432904058 25381
784 1791250432933389 30358
785 1791250432953835 32106
786 1791250432964465 24498
787 1791250432983690 24961
788 1791250433012092 32175
789 1791250433034391 30599
790 1791250433052397 30983
791 1791250433065274 24327
792 1791250433094845 37364
793 1791250433106825 26260
794 1791250433126511 28210
795 1791250433150469 28821
796 1791250433173141 29451
797 1791250433194327 31688
798 1791250433212681 30400
799 1791250433231005 29704
800 1791250433254671 29928
801 1791250433271742 29208
802 1791250433284679 23898
803 1791250433312287 28424
804 1791250433334936 33842
805 1791250433349467 27686
806 1791250433365396 27009
807 1791250433396570 33241
808 1791250433407445 28211
809 1791250433424513 26600
810 1791250433448815 26263
811 1791250433464675 26998
812 1791250433496586 34277
813 1791250433510322 32014
814 1791250433539241 35249
815 1791250433552715 34106
816 1791250433563455 24209
817 1791250433587678 29517
818 1791250433613539 33714
819 1791250433634316 33984
820 1791250433645982 26058
821 1791250433664908 24211
822 1791250433693443 28531
823 1791250433707743 26745
824 1791250433733186 31243
825 1791250433755002 32660
826 1791250433769226 26657
827 1791250433791620 33340
828 1791250433812229 28346
829 1791250433830153 28916
830 1791250433855993 31858
831 1791250433867438 28993
832 1791250433886326 25063
833 1791250433911414 31081
834 1791250433925764 26635
835 1791250433945108 27253
836 1791250433968436 27430
837 1791250433991052 32603
838 1791250434015684 31864
839 1791250434038664 35529
840 1791250434049607 30788
841 1791250434065379 26710
842 1791250434084308 23999
843 1791250434111168 33110
844 1791250434123845 24541
845 1791250434152221 28929
846 1791250434166810 28522
847 1791250434194686 29226
848 1791250434212430 31653
849 1791250434225647 26193
850 1791250434245792 25819
851 1791250434265734 27080
852 1791250434291926 31644
853 1791250434306618 28258
854 1791250434334647 32906
855 1791250434355259 32106
856 1791250434375278 36749
857 1791250434393825 32467
858 1791250434414383 32377
859 1791250434435076 36102
860 1791250434469308 45423
861 1791250434485850 42383
862 1791250434514842 51117
863 1791250434540844 57548
864 1791250434563607 59977
865 1791250434579416 60790
866 1791250434607207 66357
867 1791250434632128 68511
868 1791250434650163 70741
869 1791250434674085 73285
870 1791250434692781 74234
871 1791250434732899 90027
872 1791250434747112 88564
873 1791250434773937 91922
874 1791250434795391 96477
875 1791250434823450 101218
876 1791250434844891 104040
877 1791250434865135 105430
878 1791250434888675 107638
879 1791250434914827 110990
880 1791250434942140 118671
881 1791250434964974 124849
882 1791250434975105 117006
883 1791250435014004 133300
884 1791250435025409 127108
885 1791250435053508 134750
886 1791250435072574 130431
887 1791250435085956 126824
888 1791250435105839 126997
889 1791250435124603 125609
890 1791250435149791 129248
891 1791250435163757 125609
892 1791250435178789 120461
893 1791250435203743 125530
894 1791250435229674 130552
895 1791250435246145 127030
896 1791250435276801 133808
897 1791250435289863 131323
898 1791250435306224 127428
899 1791250435328356 128197
900 1791250435352837 129243
901 1791250435374383 131418
902 1791250435391408 127614
903 1791250435403552 124766
904 1791250435423037 122985
905 1791250435447635 128038
906 1791250435463795 124204
907 1791250435482488 124437
908 1791250435504284 123935
909 1791250435522989 124295
910 1791250435545285 123785
911 1791250435563734 122559
912 1791250435585378 122187
913 1791250435603625 121132
914 1791250435624028 120334
915 1791250435642442 122743
916 1791250435661791 122064
917 1791250435686137 122531
918 1791250435699624 120864
919 1791250435716437 113472
920 1791250435739595 116261
921 1791250435755017 112561
922 1791250435768167 106368
923 1791250435787438 109373
924 1791250435804074 104446
925 1791250435815979 98100
926 1791250435834810 95210
927 1791250435855430 92241
928 1791250435866379 87331
929 1791250435886727 83109
930 1791250435908094 84583
931 1791250435919955 81970
932 1791250435934299 75746
933 1791250435955645 72897
934 1791250435974443 72843
935 1791250435993450 73489
936 1791250436004701 65311
937 1791250436024316 62335
938 1791250436035764 55399
939 1791250436059283 60965
940 1791250436072059 53524
941 1791250436086956 44918
942 1791250436107440 48343
943 1791250436117815 34616
944 1791250436135626 36277
945 1791250436153222 35401
946 1791250436166941 27456
947 1791250436193459 31410
948 1791250436208179 28715
949 1791250436224792 26579
950 1791250436252636 34238
951 1791250436263460 24946
952 1791250436293707 35352
953 1791250436326021 43703
954 1791250436337134 37659
955 1791250436352671 26645
956 1791250436376693 35958
957 1791250436388978 27574
958 1791250436415595 33305
959 1791250436435200 35015
960 1791250436448181 25439
961 1791250436465051 25599
962 1791250436489159 29497
963 1791250436507019 28707
964 1791250436531557 28957
965 1791250436554650 30345
966 1791250436569972 30893
967 1791250436595590 33327
968 1791250436606694 24318
969 1791250436623530 25778
970 1791250436651985 33827
971 1791250436664577 26286
972 1791250436686325 28199
973 1791250436707580 29611
974 1791250436723943 25177
975 1791250436753287 30476
976 1791250436773520 33521
977 1791250436786221 27133
978 1791250436804940 26605
979 1791250436836287 31343
980 1791250436855388 32688
981 1791250436873248 29013
982 1791250436888095 26634
983 1791250436914338 31149
984 1791250436935121 31832
985 1791250436955412 33315
986 1791250436972177 29046
987 1791250436986428 27588
988 1791250437007959 27481
989 1791250437029982 28826
990 1791250437053395 30046
991 1791250437066410 26833
992 1791250437084626 26014
993 1791250437105046 25253
994 1791250437133843 28786
995 1791250437144824 21927
996 1791250437169901 31724
997 1791250437185958 24232
998 1791250437221961 37713
999 1791250437237597 32354
1000 1791250437253258 31925
1001 1791250437266721 29120
1002 1791250437286446 24221
1003 1791250437313763 32135
1004 1791250437332115 31214
1005 1791250437349233 30694
1006 1791250437371008 27119
1007 1791250437387812 27220
1008 1791250437409837 26271
1009 1791250437427705 29346
1010 1791250437444871 26204
1011 1791250437465764 26592
1012 1791250437492349 32650
1013 1791250437512206 31365
1014 1791250437526678 25064
1015 1791250437555715 32744
1016 1791250437569363 25718
1017 1791250437593061 30399
1018 1791250437611624 31186
1019 1791250437635630 32233
1020 1791250437653531 28986
1021 1791250437673978 31757
1022 1791250437692462 31010
1023 1791250437713869 35103
1024 1791250437728930 30910
1025 1791250437752880 34869
1026 1791250437784465 45588
1027 1791250437804800 45964
1028 1791250437828537 44066
1029 1791250437856130 51326
1030 1791250437869311 50344
1031 1791250437894419 56025
1032 1791250437925639 61596
1033 1791250437947324 64048
1034 1791250437973705 74571
1035 1791250437994893 74253
1036 1791250438020660 81063
1037 1791250438034103 76078
1038 1791250438060076 80239
1039 1791250438091631 92187
1040 1791250438119818 99686
1041 1791250438133904 94606
1042 1791250438164041 103961
1043 1791250438183135 103668
1044 1791250438208346 104318
1045 1791250438230947 112155
1046 1791250438252591 113459
1047 1791250438279730 115684
1048 1791250438303255 123987
1049 1791250438333889 131880
1050 1791250438353462 133466
1051 1791250438376542 138265
1052 1791250438394685 135393
1053 1791250438421081 142538
1054 1791250438454717 151459
1055 1791250438467629 146840
1056 1791250438496050 155094
1057 1791250438522981 158593
1058 1791250438544231 160455
1059 1791250438560739 162167
1060 1791250438580118 161894
1061 1791250438607353 166386
1062 1791250438624413 166305
1063 1791250438654888 171375
1064 1791250438673336 170264
1065 1791250438695996 173388
1066 1791250438703369 165286
1067 1791250438734110 175538
1068 1791250438753264 173431
1069 1791250438774156 171373
1070 1791250438794707 171924
1071 1791250438813491 175518
1072 1791250438830342 170943
1073 1791250438844386 165392
1074 1791250438867504 164895
1075 1791250438884721 164355
1076 1791250438904155 164839
1077 1791250438924384 162626
1078 1791250438939467 161123
1079 1791250438961935 161390
1080 1791250438976954 157765
1081 1791250439004069 159680
1082 1791250439022439 160070
1083 1791250439040284 157125
1084 1791250439055584 152251
1085 1791250439066801 143148
1086 1791250439076985 137514
1087 1791250439090257 131141
1088 1791250439108014 125455
1089 1791250439118802 119819
1090 1791250439134502 112183
1091 1791250439150206 112597
1092 1791250439162677 102002
1093 1791250439174439 95711
1094 1791250439195311 93146
1095 1791250439201952 83146
1096 1791250439218742 75357
1097 1791250439233869 71189
1098 1791250439245317 67060
1099 1791250439264209 64088
1100 1791250439275333 56587
1101 1791250439287102 47583
1102 1791250439305865 41652
1103 1791250439319754 37912
1104 1791250439329515 28547
1105 1791250439347752 28426
1106 1791250439374742 34829
1107 1791250439393545 34055
1108 1791250439418627 35266
1109 1791250439428987 29795
1110 1791250439453898 35269
1111 1791250439467786 24725
1112 1791250439504807 41929
1113 1791250439516118 34053
1114 1791250439543782 40257
1115 1791250439552778 33581
1116 1791250439575320 31535
1117 1791250439592942 30342
1118 1791250439614063 31621
1119 1791250439633822 30524
1120 1791250439644403 25390
1121 1791250439670822 31413
1122 1791250439682914 25231
1123 1791250439707569 29368
1124 1791250439735487 35144
1125 1791250439754634 31660
1126 1791250439772093 32970
1127 1791250439792996 33452
1128 1791250439811824 32678
1129 1791250439822411 23504
1130 1791250439852506 30135
1131 1791250439872050 30244
1132 1791250439891071 32817
1133 1791250439908615 28680
1134 1791250439932456 29154
1135 1791250439947232 25177
1136 1791250439973513 31723
1137 1791250439993576 32494
1138 1791250440013067 31056
1139 1791250440032830 34904
1140 1791250440049731 29818
1141 1791250440067220 28318
1142 1791250440095354 32674
1143 1791250440113340 30822
1144 1791250440134738 31553
1145 1791250440155839 32100
1146 1791250440173638 30290
1147 1791250440193917 31065
1148 1791250440210912 28306
1149 1791250440227054 26746
1150 1791250440245815 25885
1151 1791250440271996 30441
1152 1791250440295867 35785
1153 1791250440317113 36114
1154 1791250440329007 30325
1155 1791250440354238 31758
1156 1791250440364785 23039
1157 1791250440385260 26039
1158 1791250440419339 34977
1159 1791250440437180 31966
1160 1791250440443194 23852
1161 1791250440464471 25640
1162 1791250440482659 22935
1163 1791250440505125 22459
1164 1791250440523617 25531
1165 1791250440543331 23609
1166 1791250440565461 22127
1167 1791250440580686 20646
1168 1791250440607465 26776
1169 1791250440624465 22022
1170 1791250440643965 20911
1171 1791250440669623 25653
1172 1791250440684877 21434
1173 1791250440702430 22206
1174 1791250440726287 23854
1175 1791250440743803 23151
1176 1791250440763184 23357
1177 1791250440785447 27419
1178 1791250440803045 23941
1179 1791250440823886 20836
1180 1791250440841908 22744
1181 1791250440861466 21808
1182 1791250440884825 23356
1183 1791250440901993 24154
1184 1791250440922891 20895
1185 1791250440943286 24906
1186 1791250440964019 20730
1187 1791250440984689 25070
1188 1791250441004097 21591
1189 1791250441028127 24026
1190 1791250441047932 25211
1191 1791250441064738 22334
1192 1791250441083486 25244
1193 1791250441102927 24786
1194 1791250441124359 25557
1195 1791250441143353 23723
1196 1791250441162923 25424
1197 1791250441181743 24231
1198 1791250441202470 20723
1199 1791250441223043 20568
1200 1791250441249652 26737
1201 1791250441267636 24097
1202 1791250441285806 23132
1203 1791250441304429 26289
1204 1791250441321703 21836
1205 1791250441348980 27274
1206 1791250441365457 23606
1207 1791250441383860 25110
1208 1791250441404598 24919
1209 1791250441421986 22467
1210 1791250441450978 29040
1211 1791250441469956 27346
1212 1791250441485201 22947
1213 1791250441503234 24476
1214 1791250441523118 24586
1215 1791250441542674 22941
1216 1791250441563041 23910
1217 1791250441585113 25239
1218 1791250441602264 23626
1219 1791250441624799 22531
1220 1791250441643495 24498
1221 1791250441663311 24481
1222 1791250441686160 22845
1223 1791250441704522 26513
1224 1791250441719542 20757
1225 1791250441742372 22826
1226 1791250441764872 26746
1227 1791250441785695 24355
1228 1791250441807296 25461
1229 1791250441824851 22380
1230 1791250441843965 23771
1231 1791250441872954 28985
1232 1791250441883363 24630
1233 1791250441902120 22757
1234 1791250441926737 24728
1235 1791250441953725 26982
1236 1791250441964030 20695
1237 1791250441984594 20561
1238 1791250442003370 22715
1239 1791250442024888 26224
1240 1791250442041871 22745
1241 1791250442067177 25300
1242 1791250442082930 20650
1243 1791250442112104 29745
1244 1791250442122822 22188
1245 1791250442147973 25148
1246 1791250442163302 22835
1247 1791250442187528 27690
1248 1791250442205439 23342
1249 1791250442225245 27419
1250 1791250442244351 24606
1251 1791250442267452 23160
1252 1791250442284759 22694
1253 1791250442303059 25251
1254 1791250442323693 20630
1255 1791250442347652 23957
1256 1791250442364236 21960
1257 1791250442383340 23206
1258 1791250442408706 25363
1259 1791250442422407 23149
1260 1791250442445064 22654
1261 1791250442463489 23108
1262 1791250442489165 25673
1263 1791250442505139 26410
1264 1791250442526076 27578
1265 1791250442541530 21175
1266 1791250442562655 21121
1267 1791250442583884 24259
1268 1791250442603059 23341
1269 1791250442631465 28403
1270 1791250442641794 22692
1271 1791250442666503 24760
1272 1791250442684071 22691
1273 1791250442703564 23544
1274 1791250442723364 24263
1275 1791250442743914 25998
1276 1791250442766321 27474
1277 1791250442784453 23196
1278 1791250442805522 21116
1279 1791250442824391 26787
1280 1791250442843321 23396
1281 1791250442868094 24770
1282 1791250442882554 20806
1283 1791250442909776 27266
1284 1791250442925492 22214
1285 1791250442945250 22134
1286 1791250442963992 24260
1287 1791250442985144 21149
1288 1791250443005917 26362
1289 1791250443027618 25784
1290 1791250443049071 26435
1291 1791250443064499 21010
1292 1791250443085358 20921
1293 1791250443103787 23259
1294 1791250443124016 25802
1295 1791250443152024 28002
1296 1791250443163998 23153
1297 1791250443183797 24677
1298 1791250443205395 21592
1299 1791250443223795 23396
1300 1791250443240404 20733
1301 1791250443265621 25213
1302 1791250443282587 23759
1303 1791250443308143 25551
1304 1791250443324773 22507
1305 1791250443344518 21552
1306 1791250443364169 23187
1307 1791250443382479 21765
1308 1791250443403940 21456
1309 1791250443422857 23782
1310 1791250443442624 24511
1311 1791250443468124 30076
1312 1791250443484766 22823
1313 1791250443505063 23824
1314 1791250443523321 25060
1315 1791250443544380 24573
1316 1791250443570066 26742
1317 1791250443587681 21725
1318 1791250443605544 26545
1319 1791250443623121 23855
1320 1791250443647444 29662
1321 1791250443672363 29862
1322 1791250443685744 27702
1323 1791250443716630 34518
1324 1791250443731510 31519
1325 1791250443744018 25987
1326 1791250443768944 26095
1327 1791250443784672 25736
1328 1791250443812267 30425
1329 1791250443828337 27534
1330 1791250443851152 30491
1331 1791250443865429 23559
1332 1791250443893430 31380
1333 1791250443914005 31160
1334 1791250443933958 31177
1335 1791250443951095 32568
1336 1791250443964855 26328
1337 1791250443988132 28792
1338 1791250444008088 25614
1339 1791250444034327 29541
1340 1791250444050606 31493
1341 1791250444074414 31347
1342 1791250444087598 26307
1343 1791250444110523 30066
1344 1791250444134665 30804
1345 1791250444154486 36430
1346 1791250444172815 33250
1347 1791250444202351 38922
1348 1791250444208419 24504
1349 1791250444233140 30784
1350 1791250444246773 28832
1351 1791250444274755 35950
1352 1791250444300642 37788
1353 1791250444314084 31343
1354 1791250444328344 27696
1355 1791250444357846 39223
1356 1791250444371195 28861
1357 1791250444388004 30150
1358 1791250444417765 35678
1359 1791250444434223 31250
1360 1791250444449428 31654
1361 1791250444471934 32946
1362 1791250444502677 43560
1363 1791250444511871 33244
1364 1791250444535518 32839
1365 1791250444556267 32740
1366 1791250444567338 26736
1367 1791250444584965 25831
1368 1791250444614230 31203
1369 1791250444628692 28995
1370 1791250444661710 40698
1371 1791250444665894 26725
1372 1791250444688578 26865
1373 1791250444712770 29953
1374 1791250444727027 28876
1375 1791250444753238 33818
1376 1791250444771789 32560
1377 1791250444783949 25412
1378 1791250444804593 26272
1379 1791250444825476 27130
1380 1791250444857428 38176
1381 1791250444869423 27917
1382 1791250444890616 33187
1383 1791250444914695 30287
1384 1791250444928389 30128
1385 1791250444951557 28235
1386 1791250444968832 28815
1387 1791250444986607 27134
1388 1791250445003631 24820
1389 1791250445036878 33243
1390 1791250445047764 29502
1391 1791250445067126 25308
1392 1791250445092169 28124
1393 1791250445116468 31980
1394 1791250445125743 24661
1395 1791250445144713 26258
1396 1791250445172073 32735
1397 1791250445188198 26518
1398 1791250445210464 27207
1399 1791250445223747 25304
1400 1791250445250935 28069
1401 1791250445269650 31259
1402 1791250445300102 36116
1403 1791250445321159 37601
1404 1791250445332852 32747
1405 1791250445347972 26810
1406 1791250445372372 32432
1407 1791250445394778 30979
1408 1791250445417839 33184
1409 1791250445426941 27378
1410 1791250445447374 29534
1411 1791250445465787 26028
1412 1791250445490502 30384
1413 1791250445515002 32249
1414 1791250445532861 28850
1415 1791250445546777 26947
1416 1791250445577169 35396
1417 1791250445603401 39650
1418 1791250445603413 23827
1419 1791250445634871 31467
1420 1791250445645172 22285
1421 1791250445674010 30472
1422 1791250445690147 30983
1423 1791250445720219 35535
1424 1791250445732689 32020
1425 1791250445746615 26389
1426 1791250445771007 32635
1427 1791250445793213 30559
1428 1791250445813546 31071
1429 1791250445824681 22512
1430 1791250445850891 32032
1431 1791250445867727 24280
1432 1791250445893584 32372
1433 1791250445912758 33991
1434 1791250445933690 34620
1435 1791250445954328 36412
1436 1791250445966071 26516
1437 1791250445985447 26117
1438 1791250446022264 38052
1439 1791250446036255 32877
1440 1791250446046924 28451
1441 1791250446073730 34189
1442 1791250446103107 38603
1443 1791250446104709 24399
1444 1791250446133762 30654
1445 1791250446158343 39769
1446 1791250446166749 26440
1447 1791250446184358 26013
1448 1791250446222783 39154
1449 1791250446228689 28267
1450 1791250446251629 33040
1451 1791250446264896 25523
1452 1791250446286922 26470
1453 1791250446304610 23475
1454 1791250446332382 28865
1455 1791250446353900 31145
1456 1791250446370588 30015
1457 1791250446391140 30992
1458 1791250446404434 26658
1459 1791250446429803 27617
1460 1791250446441511 22842
1461 1791250446475078 36009
1462 1791250446494663 31802
1463 1791250446515459 31898
1464 1791250446526095 27505
1465 1791250446549359 25663
1466 1791250446573618 34589
1467 1791250446587825 25854
1468 1791250446606730 28413
1469 1791250446643527 40882
1470 1791250446649633 30206
1471 1791250446672088 28559
1472 1791250446689673 28116
1473 1791250446708974 26568
1474 1791250446733633 28640
1475 1791250446752425 29094
1476 1791250446764016 23270
1477 1791250446793534 30350
1478 1791250446807644 27346
1479 1791250446824270 24455
1480 1791250446847281 29421
1481 1791250446865272 24919
1482 1791250446889035 27685
1483 1791250446908974 25282
1484 1791250446933574 30874
1485 1791250446948232 25325
1486 1791250446963961 24465
1487 1791250446997845 34549
1488 1791250447013493 34554
1489 1791250447026020 28171
1490 1791250447051091 30205
1491 1791250447066645 28155
1492 1791250447091981 30921
1493 1791250447116782 32937
1494 1791250447133761 29878
1495 1791250447147588 28972
1496 1791250447176048 32422
1497 1791250447184314 26476
1498 1791250447212830 29381
1499 1791250447225817 25160
1500 1791250447245705 26350
1501 1791250447269027 28437
1502 1791250447293658 30431
1503 1791250447308089 27906
1504 1791250447331059 32231
1505 1791250447349424 25814
1506 1791250447363648 25078
1507 1791250447393156 34241
1508 1791250447406798 27439
1509 1791250447424830 24534
1510 1791250447450254 27489
1511 1791250447471448 29958
1512 1791250447483893 24814
1513 1791250447513902 31771
1514 1791250447534894 34704
1515 1791250447546387 25514
1516 1791250447565832 27688
1517 1791250447582564 24867
1518 1791250447610581 29060
1519 1791250447634673 29473
1520 1791250447646546 28362
1521 1791250447664204 26101
1522 1791250447685729 27455
1523 1791250447713910 33710
1524 1791250447728322 25598
1525 1791250447750562 26990
1526 1791250447770867 32277
1527 1791250447794408 31804
1528 1791250447823009 39768
1529 1791250447826269 23588
1530 1791250447847071 24153
1531 1791250447867756 27830
1532 1791250447883308 25034
1533 1791250447904573 26534
1534 1791250447931037 31953
1535 1791250447944994 26506
1536 1791250447970484 27122
1537 1791250447999224 37954
1538 1791250448011880 30797
1539 1791250448031705 32476
1540 1791250448054075 30764
1541 1791250448072915 29840
1542 1791250448098654 34934
1543 1791250448106292 25830
1544 1791250448127155 28497
1545 1791250448152218 33635
1546 1791250448166005 27097
1547 1791250448187223 28640
1548 1791250448206370 26291
1549 1791250448227667 28951
1550 1791250448255287 29749
1551 1791250448272235 30616
1552 1791250448293007 31189
1553 1791250448313418 31596
1554 1791250448330100 29940
1555 1791250448349161 31279
1556 1791250448374715 30964
1557 1791250448383103 24672
1558 1791250448408772 30891
1559 1791250448430793 30686
1560 1791250448453226 30052
1561 1791250448465620 22684
1562 1791250448488372 29603
1563 1791250448513492 33267
1564 1791250448532541 28090
1565 1791250448547129 28970
1566 1791250448567194 25543
1567 1791250448584803 22325
1568 1791250448610571 31710
1569 1791250448629547 25480
1570 1791250448652569 29858
1571 1791250448679089 35760
1572 1791250448685427 24456
1573 1791250448713094 34001
1574 1791250448730121 27393
1575 1791250448742847 24367
1576 1791250448779502 37009
1577 1791250448788895 30477
1578 1791250448804509 25023
1579 1791250448828183 29798
1580 1791250448845555 22637
1581 1791250448869390 30824
1582 1791250448886948 27251
1583 1791250448909315 31599
1584 1791250448937510 34503
1585 1791250448946311 24810
1586 1791250448969161 31648
1587 1791250448992331 32179
1588 1791250449021724 40323
1589 1791250449033601 29441
1590 1791250449045843 24991
1591 1791250449074133 36238
1592 1791250449093156 33460
1593 1791250449117323 38708
1594 1791250449128312 28785
1595 1791250449143291 25965
1596 1791250449169605 27189
1597 1791250449186566 23329
1598 1791250449206387 24178
1599 1791250449226446 28451
1600 1791250449244871 27149
1601 1791250449271217 28272
1602 1791250449305888 43282
1603 1791250449324633 41037
1604 1791250449333170 29023
1605 1791250449351272 26767
1606 1791250449376369 34847
1607 1791250449394073 30979
1608 1791250449409116 31298
1609 1791250449432747 33455
1610 1791250449446912 24394
1611 1791250449467495 28615
1612 1791250449489059 30240
1613 1791250449512420 29688
1614 1791250449525668 27177
1615 1791250449546265 28546
1616 1791250449567383 26934
1617 1791250449599668 37118
1618 1791250449606206 25902
1619 1791250449623998 24326
1620 1791250449648228 25736
1621 1791250449671104 31817
1622 1791250449693140 32486
1623 1791250449714081 30729
1624 1791250449734151 32117
1625 1791250449752392 32835
1626 1791250449769234 25208
1627 1791250449784817 24563
1628 1791250449807574 24449
1629 1791250449841983 38667
1630 1791250449846584 27728
1631 1791250449872004 30017
1632 1791250449885940 28064
1633 1791250449909271 30455
1634 1791250449924804 23269
1635 1791250449945878 21505
1636 1791250449968357 26405
1637 1791250449993355 28545
1638 1791250450005951 27572
1639 1791250450027058 26024
1640 1791250450044195 21835
1641 1791250450072238 33671
1642 1791250450095419 33708
1643 1791250450107087 23633
1644 1791250450125433 24071
1645 1791250450154175 30946
1646 1791250450164590 23581
1647 1791250450192872 31588
1648 1791250450204743 26914
1649 1791250450227356 29220
1650 1791250450252896 34766
1651 1791250450266863 24197
1652 1791250450283920 25730
1653 1791250450311510 29496
1654 1791250450331901 30145
1655 1791250450352634 30421
1656 1791250450365581 27326
1657 1791250450393799 29220
1658 1791250450406886 28174
1659 1791250450431020 28110
1660 1791250450454250 33447
1661 1791250450473385 35087
1662 1791250450485526 23372
1663 1791250450511966 33816
1664 1791250450524152 25307
1665 1791250450545631 22871
1666 1791250450569452 30063
1667 1791250450585703 22214
1668 1791250450607714 29479
1669 1791250450626163 26960
1670 1791250450652819 34039
1671 1791250450668542 29444
1672 1791250450686411 23351
1673 1791250450710395 31145
1674 1791250450726617 23141
1675 1791250450754130 32663
1676 1791250450767398 29254
1677 1791250450793889 31576
1678 1791250450812362 28142
1679 1791250450836173 33214
1680 1791250450861318 40205
1681 1791250450877830 38639
1682 1791250450885601 26247
1683 1791250450905963 28129
1684 1791250450936597 34068
1685 1791250450957357 34475
1686 1791250450973846 30506
1687 1791250450985768 28407
1688 1791250451008032 28454
1689 1791250451034250 35590
1690 1791250451045794 21632
1691 1791250451067548 28656
1692 1791250451089561 31277
1693 1791250451115813 32099
1694 1791250451136719 34820
1695 1791250451157715 35639
1696 1791250451186194 41973
1697 1791250451186205 28486
1698 1791250451218203 37966
1699 1791250451233953 33878
1700 1791250451250340 32132
1701 1791250451266995 28369
1702 1791250451298942 36498
1703 1791250451319634 35815
1704 1791250451323398 24928
1705 1791250451345801 27222
1706 1791250451364275 25604
1707 1791250451385257 26607
1708 1791250451407173 28192
1709 1791250451435867 36340
1710 1791250451462317 39586
1711 1791250451483855 40894
1712 1791250451497937 35617
1713 1791250451502847 22785
1714 1791250451535468 37528
1715 1791250451549318 27425
1716 1791250451567514 26641
1717 1791250451585854 23480
1718 1791250451607521 29227
1719 1791250451645249 47089
1720 1791250451645256 21775
1721 1791250451672624 32935
1722 1791250451685421 22168
1723 1791250451714204 32183
1724 1791250451732014 30356
1725 1791250451754193 33682
1726 1791250451775860 31501
1727 1791250451803072 39132
1728 1791250451808530 24425
1729 1791250451833786 30709
1730 1791250451846025 23846
1731 1791250451867905 29165
1732 1791250451885739 22288
1733 1791250451911906 28122
1734 1791250451932761 33215
1735 1791250451946507 25080
1736 1791250451966258 27670
1737 1791250451985698 27643
1738 1791250452006047 26680
1739 1791250452027341 29389
1740 1791250452046525 22348
1741 1791250452066229 28439
1742 1791250452106323 42497
1743 1791250452115319 34168
1744 1791250452127429 28911
1745 1791250452150238 31368
1746 1791250452162347 24273
1747 1791250452183659 25186
1748 1791250452211689 32425
1749 1791250452223980 26042
1750 1791250452248233 29742
1751 1791250452272412 34143
1752 1791250452293526 29766
1753 1791250452311005 28215
1754 1791250452333753 29884
1755 1791250452347888 29076
1756 1791250452375364 33199
1757 1791250452388025 29521
1758 1791250452413138 34458
1759 1791250452437983 34998
1760 1791250452452504 28889
1761 1791250452473411 35426
1762 1791250452495915 31059
1763 1791250452511745 33664
1764 1791250452531008 26469
1765 1791250452548319 29452
1766 1791250452573930 30715
1767 1791250452588228 29586
1768 1791250452609131 26797
1769 1791250452627659 24390
1770 1791250452646440 22823
1771 1791250452673660 34683
1772 1791250452692554 32570
1773 1791250452718622 40096
1774 1791250452732048 30774
1775 1791250452748107 29482
1776 1791250452767425 28829
1777 1791250452807560 45948
1778 1791250452812168 29578
1779 1791250452833875 31693
1780 1791250452844375 23119
1781 1791250452876801 36956
1782 1791250452888890 27164
1783 1791250452907867 25846
1784 1791250452928612 29529
1785 1791250452969675 46952
1786 1791250452977169 33587
1787 1791250452994528 29997
1788 1791250453014861 35714
1789 1791250453036437 37330
1790 1791250453055457 35543
1791 1791250453074786 35627
1792 1791250453098207 35637
1793 1791250453117531 39044
1794 1791250453134533 36845
1795 1791250453152900 35365
1796 1791250453176649 38449
1797 1791250453198704 36714
1798 1791250453214229 33195
1799 1791250453234703 36259
1800 1791250453258255 35803
1801 1791250453281421 41801
1802 1791250453294701 36399
1803 1791250453321947 43055
1804 1791250453349642 46058
1805 1791250453363255 45531
1806 1791250453395004 52104
1807 1791250453401057 39064
1808 1791250453415778 34845
1809 1791250453437610 38583
1810 1791250453463820 43352
1811 1791250453478739 41123
1812 1791250453500339 37441
1813 1791250453519963 41220
1814 1791250453534840 36148
1815 1791250453556619 37838
1816 1791250453580588 42206
1817 1791250453611598 53396
1818 1791250453641427 62553
1819 1791250453641482 41677
1820 1791250453656223 28826
1821 1791250453693124 51690
1822 1791250453716111 51540
1823 1791250453723513 40683
1824 1791250453746553 45212
1825 1791250453757356 38654
1826 1791250453776968 39009
1827 1791250453798938 41578
1828 1791250453830682 48646
1829 1791250453844740 45798
1830 1791250453870576 47715
1831 1791250453882996 45046
1832 1791250453913644 50048
1833 1791250453926829 48280
1834 1791250453934284 31615
1835 1791250453976427 56038
1836 1791250453984862 41103
1837 1791250454012711 49192
1838 1791250454024411 46500
1839 1791250454042553 44436
1840 1791250454062971 39870
1841 1791250454095187 53329
1842 1791250454108976 50157
1843 1791250454125199 43630
1844 1791250454147610 49022
1845 1791250454172864 54397
1846 1791250454192928 51894
1847 1791250454211728 52824
1848 1791250454231853 49923
1849 1791250454265022 62301
1850 1791250454275997 52194
1851 1791250454294970 56568
1852 1791250454312864 51049
1853 1791250454328559 45870
1854 1791250454362970 58039
1855 1791250454377575 55351
1856 1791250454394154 56203
1857 1791250454417109 54136
1858 1791250454424598 47021
1859 1791250454454184 52568
1860 1791250454479232 55404
1861 1791250454505918 64655
1862 1791250454528848 68550
1863 1791250454537133 57897
1864 1791250454556425 52223
1865 1791250454569592 46734
1866 1791250454594955 55109
1867 1791250454614658 56190
1868 1791250454635077 56774
1869 1791250454663118 63812
1870 1791250454678867 60075
1871 1791250454697984 54222
1872 1791250454722389 59267
1873 1791250454735406 56536
1874 1791250454753512 55525
1875 1791250454780166 58580
1876 1791250454807357 63728
1877 1791250454828783 70387
1878 1791250454848568 69698
1879 1791250454865816 65039
1880 1791250454895111 71379
1881 1791250454912055 69224
1882 1791250454933566 73319
1883 1791250454945990 66924
1884 1791250454965760 64397
1885 1791250454986555 66399
1886 1791250455012479 73679
1887 1791250455035075 76269
1888 1791250455043213 64504
1889 1791250455063631 60981
1890 1791250455094544 71215
1891 1791250455102780 61553
1892 1791250455124895 61869
1893 1791250455142972 58639
1894 1791250455159155 57915
1895 1791250455181959 63817
1896 1791250455213396 75273
1897 1791250455235268 76110
1898 1791250455244675 64728
1899 1791250455265656 61343
1900 1791250455279961 58076
1901 1791250455298108 58719
1902 1791250455321610 57396
1903 1791250455335552 55969
1904 1791250455363699 65589
1905 1791250455383511 65014
1906 1791250455412125 69950
1907 1791250455441303 78130
1908 1791250455455191 72356
1909 1791250455474881 72072
1910 1791250455497618 73849
1911 1791250455508286 69558
1912 1791250455526582 66864
1913 1791250455553683 71269
1914 1791250455564622 67001
1915 1791250455602285 79219
1916 1791250455616850 73812
1917 1791250455632568 69365
1918 1791250455652084 66382
1919 1791250455665747 64429
1920 1791250455685358 62573
1921 1791250455713012 71229
1922 1791250455740374 78928
1923 1791250455761810 80969
1924 1791250455765963 67727
1925 1791250455796879 75180
1926 1791250455814132 73755
1927 1791250455836834 78050
1928 1791250455851457 71608
1929 1791250455869327 65975
1930 1791250455894407 75147
1931 1791250455914749 70376
1932 1791250455934211 76071
1933 1791250455958342 75174
1934 1791250455964545 66994
1935 1791250455994640 76322
1936 1791250456006040 67518
1937 1791250456032899 74554
1938 1791250456061871 77721
1939 1791250456084441 85419
1940 1791250456095539 75842
1941 1791250456126751 85577
1942 1791250456143300 84189
1943 1791250456156112 74497
1944 1791250456175670 77826
1945 1791250456188617 67556
1946 1791250456216277 72974
1947 1791250456222655 59639
1948 1791250456239738 56406
1949 1791250456255464 56647
1950 1791250456266108 47636
1951 1791250456278769 39403
1952 1791250456306999 47056
1953 1791250456311520 32748
1954 1791250456328735 30823
1955 1791250456351138 31080
1956 1791250456372552 28765
1957 1791250456387582 26327
1958 1791250456404672 26381
1959 1791250456438541 34727
1960 1791250456450686 32862
1961 1791250456465344 26828
1962 1791250456486366 26105
1963 1791250456506049 27918
1964 1791250456531754 34012
1965 1791250456562327 39163
1966 1791250456574616 30638
1967 1791250456595270 35470
1968 1791250456615118 32828
1969 1791250456633587 34544
1970 1791250456645100 25965
1971 1791250456675759 37572
1972 1791250456705724 44674
1973 1791250456727537 44070
1974 1791250456731901 27528
1975 1791250456767309 43829
1976 1791250456774862 32056
1977 1791250456796092 34228
1978 1791250456813564 34647
1979 1791250456847442 43233
1980 1791250456864656 40879
1981 1791250456872796 32676
1982 1791250456895991 32214
1983 1791250456914126 35988
1984 1791250456932842 33996
1985 1791250456948785 27480
1986 1791250456972469 32422
1987 1791250456995168 31865
1988 1791250457013299 35229
1989 1791250457042888 44045
1990 1791250457063998 41318
1991 1791250457087615 44718
1992 1791250457088505 27481
1993 1791250457116566 35843
1994 1791250457145749 43581
1995 1791250457159801 41697
1996 1791250457171277 30596
1997 1791250457192371 34334
1998 1791250457223888 42447
1999 1791250457237295 39389
2000 1791250457258699 34956
2001 1791250457284394 40994
2002 1791250457298616 39914
2003 1791250457314437 36457
2004 1791250457341166 43166
2005 1791250457366142 45301
2006 1791250457378709 37540
2007 1791250457392576 34043
2008 1791250457419682 41061
2009 1791250457445588 42794
2010 1791250457460217 41607
2011 1791250457489442 51567
2012 1791250457505066 46737
2013 1791250457523810 40806
2014 1791250457545665 48052
2015 1791250457564082 41544
2016 1791250457588960 50146
2017 1791250457619972 61150
2018 1791250457631678 48409
2019 1791250457648442 46418
2020 1791250457662859 43409
2021 1791250457693925 46950
2022 1791250457714477 52750
2023 1791250457733797 51067
2024 1791250457744514 41237
2025 1791250457773869 50724
2026 1791250457792688 48929
2027 1791250457818833 57531
2028 1791250457836612 54299
2029 1791250457852855 51267
2030 1791250457867535 48697
2031 1791250457882499 44304
2032 1791250457913287 51302
2033 1791250457937712 56876
2034 1791250457945551 45483
2035 1791250457973883 54003
2036 1791250457988244 50529
2037 1791250458012006 47850
2038 1791250458026981 45310
2039 1791250458045942 46439
2040 1791250458074866 51081
2041 1791250458079892 40488
2042 1791250458108938 50451
2043 1791250458127757 48136
2044 1791250458145494 42058
2045 1791250458164172 45735
2046 1791250458198045 59155
2047 1791250458211597 48434
2048 1791250458234837 55788
2049 1791250458245038 46990
2050 1791250458279479 56779
2051 1791250458304543 63241
2052 1791250458314104 55249
2053 1791250458334254 54772
2054 1791250458354219 55378
2055 1791250458381104 62644
2056 1791250458402778 59595
2057 1791250458423430 60707
2058 1791250458435514 54406
2059 1791250458451854 52006
2060 1791250458481852 59710
2061 1791250458509093 64807
2062 1791250458517081 54851
2063 1791250458541675 61495
2064 1791250458554845 55440
2065 1791250458575054 51136
2066 1791250458594372 53230
2067 1791250458623752 59075
2068 1791250458638568 54795
2069 1791250458652123 52178
2070 1791250458675722 52508
2071 1791250458687937 49845
2072 1791250458715704 56944
2073 1791250458733824 55071
2074 1791250458753175 54452
2075 1791250458778670 58967
2076 1791250458794497 51622
2077 1791250458816702 56117
2078 1791250458834585 56445
2079 1791250458865757 59984
2080 1791250458881556 59598
2081 1791250458894644 56020
2082 1791250458920316 60467
2083 1791250458937282 55897
2084 1791250458959714 61033
2085 1791250458986245 65926
2086 1791250458994223 55225
2087 1791250459023523 64011
2088 1791250459045612 63814
2089 1791250459065689 62142
2090 1791250459091491 67965
2091 1791250459098086 58309
2092 1791250459123251 59425
2093 1791250459138499 55085
2094 1791250459165015 66926
2095 1791250459183470 63320
2096 1791250459203752 65250
2097 1791250459225549 61579
2098 1791250459245349 61876
2099 1791250459258418 55857
2100 1791250459288430 64692
2101 1791250459303809 66025
2102 1791250459323373 65066
2103 1791250459344190 61273
2104 1791250459361329 63470
2105 1791250459385810 67118
2106 1791250459405736 63139
2107 1791250459423047 63954
2108 1791250459442162 59983
2109 1791250459460248 59143
2110 1791250459484445 66202
2111 1791250459505055 64243
2112 1791250459524905 66183
2113 1791250459546521 63912
2114 1791250459583964 86280
2115 1791250459590406 66441
2116 1791250459608387 64560
2117 1791250459622051 60383
2118 1791250459645792 61825
2119 1791250459664102 60574
2120 1791250459677422 58886
2121 1791250459707649 64469
2122 1791250459725131 67158
2123 1791250459749892 72466
2124 1791250459769880 69221
2125 1791250459795612 72490
2126 1791250459807823 63935
2127 1791250459833988 70478
2128 1791250459848187 64850
2129 1791250459864676 66555
2130 1791250459890345 71509
2131 1791250459904800 64102
2132 1791250459919259 60370
2133 1791250459944261 61126
2134 1791250459950870 52625
2135 1791250459964771 45509
2136 1791250459983962 40579
2137 1791250460002336 39048
2138 1791250460022877 39577
2139 1791250460031479 30222
2140 1791250460053389 33164
2141 1791250460077773 36759
2142 1791250460101213 41472
2143 1791250460113468 35691
2144 1791250460135789 34573
2145 1791250460146180 27638
2146 1791250460167100 25704
2147 1791250460187546 29211
2148 1791250460212860 34416
2149 1791250460231091 27620
2150 1791250460256183 31415
2151 1791250460272531 33596
2152 1791250460298662 34050
2153 1791250460314787 30832
2154 1791250460324145 25584
2155 1791250460354130 35866
2156 1791250460367382 27235
2157 1791250460387244 28633
2158 1791250460408437 30055
2159 1791250460440720 38792
2160 1791250460460561 39446
2161 1791250460474106 33383
2162 1791250460491003 31547
2163 1791250460517230 33737
2164 1791250460532964 28523
2165 1791250460565683 40745
2166 1791250460573881 30398
2167 1791250460592158 29281
2168 1791250460611038 28189
2169 1791250460625473 26659
2170 1791250460651809 30375
2171 1791250460673950 32843
2172 1791250460688411 24893
2173 1791250460715902 37359
2174 1791250460730685 27610
2175 1791250460753992 31045
2176 1791250460773315 32374
2177 1791250460795824 31521
2178 1791250460816072 32808
2179 1791250460826336 28111
2180 1791250460852647 31842
2181 1791250460868821 26985
2182 1791250460893845 35285
2183 1791250460913876 30343
2184 1791250460934368 31189
2185 1791250460955987 33554
2186 1791250460974844 36098
2187 1791250461013549 49886
2188 1791250461025614 42266
2189 1791250461033715 30019
2190 1791250461047163 25500
2191 1791250461072838 31871
2192 1791250461094591 29949
2193 1791250461113123 35137
2194 1791250461134944 32691
2195 1791250461161559 42980
2196 1791250461175271 34651
2197 1791250461197743 38197
2198 1791250461214350 33449
2199 1791250461235773 38027
2200 1791250461267454 43906
2201 1791250461277999 39882
2202 1791250461293624 34809
2203 1791250461318692 40689
2204 1791250461343654 40228
2205 1791250461350065 32398
2206 1791250461385234 42593
2207 1791250461401691 42887
2208 1791250461425005 40610
2209 1791250461436044 36742
2210 1791250461464515 46167
2211 1791250461482097 38593
2212 1791250461495671 32208
2213 1791250461518152 40212
2214 1791250461545919 42783
2215 1791250461557311 39155
2216 1791250461581269 41909
2217 1791250461604440 45835
2218 1791250461625391 45324
2219 1791250461653325 48880
2220 1791250461675844 56285
2221 1791250461682012 43513
2222 1791250461705778 44466
2223 1791250461737006 54990
2224 1791250461752441 48610
2225 1791250461772469 50702
2226 1791250461785499 43270
2227 1791250461814008 53518
2228 1791250461834803 53659
2229 1791250461853081 55280
2230 1791250461870690 48106
2231 1791250461890345 51802
2232 1791250461914365 52029
2233 1791250461928812 45437
2234 1791250461957050 53872
2235 1791250461974204 53977
2236 1791250461994684 53224
2237 1791250462014371 50507
2238 1791250462035546 55277
2239 1791250462072165 68835
2240 1791250462089993 67969
2241 1791250462096029 53190
2242 1791250462110842 47423
2243 1791250462136640 52260
2244 1791250462152910 52757
2245 1791250462183897 60074
2246 1791250462198781 56596
2247 1791250462215250 54110
2248 1791250462243713 60823
2249 1791250462258106 59323
2250 1791250462282487 60187
2251 1791250462292183 50309
2252 1791250462316968 58858
2253 1791250462338450 55958
2254 1791250462363914 62027
2255 1791250462380158 57512
2256 1791250462402068 63615
2257 1791250462411128 52327
2258 1791250462443585 63634
2259 1791250462457838 57864
2260 1791250462491293 68788
2261 1791250462502916 60260
2262 1791250462515900 58059
2263 1791250462538329 59596
2264 1791250462558092 55322
2265 1791250462584556 61699
2266 1791250462602529 64196
2267 1791250462623544 65449
2268 1791250462644240 60667
2269 1791250462673771 71236
2270 1791250462686487 64940
2271 1791250462696085 57651
2272 1791250462718735 55053
2273 1791250462745543 66710
2274 1791250462763435 60458
2275 1791250462777225 58869
2276 1791250462799492 55427
2277 1791250462820054 57298
2278 1791250462843890 65197
2279 1791250462870418 71164
2280 1791250462891815 72166
2281 1791250462915235 72462
2282 1791250462927336 63676
2283 1791250462945389 60216
2284 1791250462976856 75329
2285 1791250462994836 70964
2286 1791250463005662 64577
2287 1791250463035081 72600
2288 1791250463046317 64390
2289 1791250463072820 73500
2290 1791250463084857 63869
2291 1791250463104293 65621
2292 1791250463115030 55414
2293 1791250463146143 65850
2294 1791250463166098 67867
2295 1791250463197640 77268
2296 1791250463205592 67177
2297 1791250463232218 72296
2298 1791250463245380 64296
2299 1791250463279315 81671
2300 1791250463296236 75007
2301 1791250463312819 70703
2302 1791250463336922 73541
2303 1791250463354414 75834
2304 1791250463365988 66688
2305 1791250463395478 70775
2306 1791250463406244 65740
2307 1791250463432013 73128
2308 1791250463447494 68632
2309 1791250463470226 66311
2310 1791250463476812 56433
2311 1791250463488276 49379
2312 1791250463514665 51453
2313 1791250463526540 48145
2314 1791250463544707 45638
2315 1791250463564521 43779
2316 1791250463588069 43360
2317 1791250463595795 31268
2318 1791250463614782 36301
2319 1791250463632134 27239
2320 1791250463651505 27442
2321 1791250463678722 35021
2322 1791250463686630 28917
2323 1791250463713259 34534
2324 1791250463729259 31124
2325 1791250463752157 33565
2326 1791250463763273 24384
2327 1791250463784549 23886
2328 1791250463804174 25660
2329 1791250463824649 25822
2330 1791250463844849 24289
2331 1791250463865871 27124
2332 1791250463884827 25864
2333 1791250463902916 24749
2334 1791250463923337 24737
2335 1791250463945387 27314
2336 1791250463964214 23773
2337 1791250463984028 25561
2338 1791250464006203 22322
2339 1791250464023198 21281
2340 1791250464046148 22947
2341 1791250464064283 23909
2342 1791250464083007 23910
2343 1791250464109164 26151
2344 1791250464124580 21657
2345 1791250464143742 24816
2346 1791250464163772 25718
2347 1791250464184542 23593
2348 1791250464204686 25366
2349 1791250464228416 23722
2350 1791250464245951 22095
2351 1791250464264772 23381
2352 1791250464283325 25018
2353 1791250464299277 21405
2354 1791250464324728 26597
2355 1791250464343286 23613
2356 1791250464364504 23939
2357 1791250464382633 23704
2358 1791250464410845 28207
2359 1791250464433715 30106
2360 1791250464444403 24803
2361 1791250464466039 24889
2362 1791250464484500 26769
2363 1791250464506273 27151
2364 1791250464524092 23910
2365 1791250464541458 22547
2366 1791250464565967 24505
2367 1791250464587390 26405
2368 1791250464603677 21672
2369 1791250464623939 25108
2370 1791250464642795 24000
2371 1791250464662383 24084
2372 1791250464689325 26938
2373 1791250464707988 24590
2374 1791250464726062 22991
2375 1791250464743756 25116
2376 1791250464761755 22027
2377 1791250464786172 24409
2378 1791250464805571 27275
2379 1791250464822844 22294
2380 1791250464848487 25640
2381 1791250464865206 24412
2382 1791250464882156 23640
2383 1791250464913549 34290
2384 1791250464923964 22417
2385 1791250464945379 21410
2386 1791250464962826 22287
2387 1791250464986309 28672
2388 1791250465004079 22573
2389 1791250465025069 20983
2390 1791250465048894 24971
2391 1791250465064841 21887
2392 1791250465084437 25009
2393 1791250465110523 26059
2394 1791250465128522 24581
2395 1791250465144408 21066
2396 1791250465163451 20918
2397 1791250465187248 23793
2398 1791250465207652 25858
2399 1791250465224097 21707
2400 1791250465243162 22010
2401 1791250465266124 22954
2402 1791250465283433 21148
2403 1791250465305553 22115
2404 1791250465321708 24096
2405 1791250465347773 26152
2406 1791250465365496 22830
2407 1791250465384842 26069
2408 1791250465406238 27923
2409 1791250465425627 25752
2410 1791250465443313 22294
2411 1791250465465000 26264
2412 1791250465482667 22780
2413 1791250465504349 21754
2414 1791250465523106 24532
2415 1791250465542619 23294
2416 1791250465569453 26830
2417 1791250465588902 27837
2418 1791250465604897 22254
2419 1791250465620139 21599
2420 1791250465645901 26574
2421 1791250465673172 33405
2422 1791250465684349 22725
2423 1791250465703977 25605
2424 1791250465721539 22485
2425 1791250465745369 23825
2426 1791250465767435 26737
2427 1791250465789813 27910
2428 1791250465809250 26363
2429 1791250465824580 21577
2430 1791250465843969 22859
2431 1791250465866886 28701
2432 1791250465883563 22877
2433 1791250465904297 23710
2434 1791250465922404 23939
2435 1791250465947511 25102
2436 1791250465962763 25085
2437 1791250465985372 22603
2438 1791250466003924 24989
2439 1791250466019545 21222
2440 1791250466043652 24810
2441 1791250466063139 25236
2442 1791250466085266 27224
2443 1791250466102542 22797
2444 1791250466125244 26679
2445 1791250466144701 26693
2446 1791250466164562 24472
2447 1791250466182267 21529
2448 1791250466205250 22980
2449 1791250466223699 23764
2450 1791250466243647 24970
2451 1791250466264923 24774
2452 1791250466283621 24475
2453 1791250466306533 22978
2454 1791250466324011 22754
2455 1791250466349273 25253
2456 1791250466365778 22827
2457 1791250466384217 23526
2458 1791250466400169 22165
2459 1791250466422513 22336
2460 1791250466444701 26027
2461 1791250466464178 26286
2462 1791250466484121 24465
2463 1791250466502293 23373
2464 1791250466524551 22253
2465 1791250466546628 28174
2466 1791250466572215 25583
2467 1791250466585533 24704
2468 1791250466605179 23693
2469 1791250466625252 21342
2470 1791250466643975 25190
2471 1791250466660077 21695
2472 1791250466685161 25230
2473 1791250466701776 22651
2474 1791250466726122 24418
2475 1791250466745721 23199
2476 1791250466766012 25744
2477 1791250466792778 31747
2478 1791250466803627 23797
2479 1791250466830183 26544
2480 1791250466843916 26015
2481 1791250466865712 26678
2482 1791250466884635 23987
2483 1791250466913452 30650
2484 1791250466945832 45498
2485 1791250466952742 29909
2486 1791250466976586 38008
2487 1791250466986361 27433
2488 1791250467026078 44309
2489 1791250467051097 49188
2490 1791250467065985 44170
2491 1791250467095949 51173
2492 1791250467121348 59574
2493 1791250467159379 76001
2494 1791250467193360 89046
2495 1791250467231987 112212
2496 1791250467254498 116269
2497 1791250467273782 114961
2498 1791250467298160 114689
2499 1791250467320909 116510
2500 1791250467334707 111987
2501 1791250467364695 122113
2502 1791250467371840 107733
2503 1791250467399989 118413
2504 1791250467412519 114354
2505 1791250467443285 122371
2506 1791250467459600 116782
2507 1791250467478246 114261
2508 1791250467493480 114170
2509 1791250467516046 116040
2510 1791250467538488 114808
2511 1791250467555566 112275
2512 1791250467571927 112347
2513 1791250467588772 111013
2514 1791250467615973 117661
2515 1791250467637740 114678
2516 1791250467656783 118292
2517 1791250467674750 114091
2518 1791250467690829 107277
2519 1791250467718589 114193
2520 1791250467741662 116984
2521 1791250467747989 110245
2522 1791250467763479 99482
2523 1791250467768068 89818
2524 1791250467784620 80919
2525 1791250467797338 78744
2526 1791250467809191 67525
2527 1791250467827843 65090
2528 1791250467835622 51739
2529 1791250467873881 76541
2530 1791250467892499 70545
2531 1791250467892763 49268
2532 1791250467936077 62187
2533 1791250467946519 54013
2534 1791250467960028 50635
2535 1791250467966016 45549
2536 1791250467981761 41773
2537 1791250467987461 27429
2538 1791250468018562 37004
2539 1791250468048213 45728
2540 1791250468051587 33020
2541 1791250468084310 38176
2542 1791250468107223 44070
2543 1791250468118162 38298
2544 1791250468145491 43731
2545 1791250468154473 36305
2546 1791250468182435 44114
2547 1791250468202418 44797
2548 1791250468225268 47424
2549 1791250468257947 57627
2550 1791250468271097 48261
2551 1791250468291238 51970
2552 1791250468309966 52015
2553 1791250468322075 37351
2554 1791250468344369 40189
2555 1791250468353274 34738
2556 1791250468373210 34563
2557 1791250468402740 39240
2558 1791250468423692 43120
2559 1791250468444107 46111
2560 1791250468461904 41942
2561 1791250468481115 37005
2562 1791250468501735 40284
2563 1791250468514367 35499
2564 1791250468533043 33544
2565 1791250468563477 44019
2566 1791250468588309 45115
2567 1791250468606408 44668
2568 1791250468621954 38848
2569 1791250468645967 42368
2570 1791250468664892 42935
2571 1791250468679267 33859
2572 1791250468702207 43971
2573 1791250468721178 42928
2574 1791250468735364 35369
2575 1791250468763841 42660
2576 1791250468782998 39256
2577 1791250468802549 42283
2578 1791250468818525 35524
2579 1791250468836931 34378
2580 1791250468858294 39766
2581 1791250468875839 34245
2582 1791250468893773 35475
2583 1791250468913502 29971
2584 1791250468935179 31921
2585 1791250468968383 44278
2586 1791250468992791 48879
2587 1791250469015159 52928
2588 1791250469024362 39804
2589 1791250469044734 45069
2590 1791250469065960 46103
2591 1791250469085713 40977
2592 1791250469099401 35542
2593 1791250469116104 37729
2594 1791250469135289 35884
2595 1791250469156221 37197
2596 1791250469175387 33627
2597 1791250469203624 39051
2598 1791250469216677 34723
2599 1791250469243575 41375
2600 1791250469266382 43913
2601 1791250469282980 41481
2602 1791250469299410 41151
2603 1791250469326730 43747
2604 1791250469336238 36825
2605 1791250469353590 35684
2606 1791250469370293 31804
2607 1791250469400048 38927
2608 1791250469425793 47172
2609 1791250469446916 48146
2610 1791250469466660 47980
2611 1791250469476713 35460
2612 1791250469504180 37516
2613 1791250469516599 38680
2614 1791250469544763 45823
2615 1791250469553224 34439
2616 1791250469583135 43115
2617 1791250469606814 42527
2618 1791250469624016 41380
2619 1791250469632677 32780
2620 1791250469668416 45235
2621 1791250469687600 44805
2622 1791250469705856 43951
2623 1791250469714718 36221
2624 1791250469741566 37874
2625 1791250469767541 46367
2626 1791250469781376 40836
2627 1791250469798130 39955
2628 1791250469837228 56810
2629 1791250469847351 49782
2630 1791250469880937 60331
2631 1791250469904567 62404
2632 1791250469917636 59815
2633 1791250469934666 55427
2634 1791250469968184 69685
2635 1791250469983298 65659
2636 1791250470004828 65602
2637 1791250470029674 65886
2638 1791250470047743 64789
2639 1791250470066768 68015
2640 1791250470092171 71022
2641 1791250470113036 72730
2642 1791250470138639 71866
2643 1791250470144288 66200
2644 1791250470177289 78722
2645 1791250470191349 73080
2646 1791250470214205 75563
2647 1791250470233231 73919
2648 1791250470268838 85011
2649 1791250470281669 80689
2650 1791250470300904 82453
2651 1791250470317388 76297
2652 1791250470349004 85504
2653 1791250470351940 73886
2654 1791250470378744 77915
2655 1791250470397058 79668
2656 1791250470432598 90106
2657 1791250470443893 81278
2658 1791250470459769 81022
2659 1791250470487073 83064
2660 1791250470515607 92603
2661 1791250470528556 90189
2662 1791250470551169 91566
2663 1791250470563054 83463
2664 1791250470591543 87862
2665 1791250470607731 89766
2666 1791250470626847 88881
2667 1791250470644040 84902
2668 1791250470675071 90231
2669 1791250470690865 91093
2670 1791250470711544 90748
2671 1791250470738683 96777
2672 1791250470754260 96049
2673 1791250470783968 105103
2674 1791250470789569 88595
2675 1791250470815865 98128
2676 1791250470833248 94563
2677 1791250470855506 91740
2678 1791250470872278 88308
2679 1791250470887741 84555
2680 1791250470915483 93795
2681 1791250470931927 88908
2682 1791250470954616 93497
2683 1791250470973977 92379
2684 1791250470995682 93312
2685 1791250471012339 90917
2686 1791250471037805 98717
2687 1791250471048227 90051
2688 1791250471078026 99497
2689 1791250471103607 104069
2690 1791250471119514 92934
2691 1791250471131710 93698
2692 1791250471161605 101167
2693 1791250471176809 98902
2694 1791250471203807 100195
2695 1791250471204759 85241
2696 1791250471243721 101723
2697 1791250471257209 96433
2698 1791250471287738 102812
2699 1791250471302418 102312
2700 1791250471323038 103621
2701 1791250471342958 99384
2702 1791250471363905 105220
2703 1791250471384584 104065
2704 1791250471413866 111744
2705 1791250471433073 110338
2706 1791250471445719 103314
2707 1791250471474235 110326
2708 1791250471484645 106119
2709 1791250471507739 103108
2710 1791250471526840 108042
2711 1791250471547475 106263
2712 1791250471572193 108831
2713 1791250471596043 112317
2714 1791250471614101 116087
2715 1791250471639124 120648
2716 1791250471664204 120372
2717 1791250471670017 111489
2718 1791250471697917 114558
2719 1791250471714650 111622
2720 1791250471733934 114058
2721 1791250471768779 129653
2722 1791250471785234 121027
2723 1791250471796366 114763
2724 1791250471807960 110040
2725 1791250471833007 113148
2726 1791250471855267 116615
2727 1791250471873876 115728
2728 1791250471896023 112056
2729 1791250471915551 117877
2730 1791250471936042 114773
2731 1791250471955346 113853
2732 1791250471989389 127703
2733 1791250472004481 121930
2734 1791250472020185 116947
2735 1791250472042754 120988
2736 1791250472055431 116706
2737 1791250472066039 108061
2738 1791250472093254 110121
2739 1791250472116608 118381
2740 1791250472141960 122360
2741 1791250472154321 111636
2742 1791250472173716 112239
2743 1791250472187656 107248
2744 1791250472211522 108980
2745 1791250472226766 107272
2746 1791250472259821 118654
2747 1791250472266185 107091
2748 1791250472284961 102860
2749 1791250472305213 101347
2750 1791250472316610 98447
2751 1791250472334322 96223
2752 1791250472353509 93685
2753 1791250472375051 90087
2754 1791250472386338 84486
2755 1791250472399807 81966
2756 1791250472429285 88354
2757 1791250472438596 75641
2758 1791250472455352 76958
2759 1791250472468551 69927
2760 1791250472499221 75836
2761 1791250472511348 72748
2762 1791250472525898 62712
2763 1791250472553502 70579
2764 1791250472557118 57893
2765 1791250472576660 55572
2766 1791250472599734 57528
2767 1791250472615003 50986
2768 1791250472628791 47121
2769 1791250472650621 51332
2770 1791250472662575 44168
2771 1791250472678740 39295
2772 1791250472703040 44102
2773 1791250472712573 34777
2774 1791250472737856 38669
2775 1791250472762793 38880
2776 1791250472767133 29275
2777 1791250472794526 36336
2778 1791250472817038 38019
2779 1791250472835430 34587
2780 1791250472845112 27010
2781 1791250472890646 50858
2782 1791250472894644 33161
2783 1791250472914901 32148
2784 1791250472938865 37172
2785 1791250472949234 27582
2786 1791250472973135 35121
2787 1791250473004601 41873
2788 1791250473018319 35818
2789 1791250473025206 25801
2790 1791250473054057 35953
2791 1791250473066738 27138
2792 1791250473104294 45893
2793 1791250473116015 38023
2794 1791250473128988 30053
2795 1791250473147916 28350
2796 1791250473179880 40516
2797 1791250473194573 30934
2798 1791250473214630 36417
2799 1791250473249957 47968
2800 1791250473270069 47097
2801 1791250473284267 42099
2802 1791250473302557 39331
2803 1791250473315378 36498
2804 1791250473338702 36141
2805 1791250473351433 33785
2806 1791250473380684 42200
2807 1791250473397589 39452
2808 1791250473425726 45040
2809 1791250473430008 32415
2810 1791250473450010 30892
2811 1791250473474658 31975
2812 1791250473490940 32018
2813 1791250473518895 36725
2814 1791250473543799 40848
2815 1791250473552268 33438
2816 1791250473583482 40495
2817 1791250473603616 37367
2818 1791250473608916 29919
2819 1791250473634389 35396
2820 1791250473653422 33389
2821 1791250473666524 28449
2822 1791250473694547 32633
2823 1791250473712133 33897
2824 1791250473734942 37187
2825 1791250473758984 36537
2826 1791250473775650 35420
2827 1791250473791686 32764
2828 1791250473817266 39420
2829 1791250473844232 41097
2830 1791250473850222 31069
2831 1791250473884380 40145
2832 1791250473902035 38801
2833 1791250473924721 41584
2834 1791250473938021 35927
2835 1791250473952356 33319
2836 1791250473974570 36544
2837 1791250474003353 39510
2838 1791250474022329 39360
2839 1791250474042467 41114
2840 1791250474060055 41145
2841 1791250474076364 37417
2842 1791250474101634 41575
2843 1791250474122741 41512
2844 1791250474152136 50498
2845 1791250474163728 45209
2846 1791250474212476 68091
2847 1791250474220089 57275
2848 1791250474236010 57024
2849 1791250474246298 45735
2850 1791250474264607 46613
2851 1791250474299962 61743
2852 1791250474316131 55372
2853 1791250474335928 57424
2854 1791250474345118 46872
2855 1791250474380861 57543
2856 1791250474395581 56765
2857 1791250474416142 57599
2858 1791250474447637 69004
2859 1791250474474227 70580
2860 1791250474492995 73012
2861 1791250474517245 73841
2862 1791250474535726 75174
2863 1791250474551404 70802
2864 1791250474575301 71857
2865 1791250474583116 64427
2866 1791250474612991 70001
2867 1791250474631426 67766
2868 1791250474655981 72863
2869 1791250474665478 66728
2870 1791250474693494 71585
2871 1791250474722538 79112
2872 1791250474735073 76166
2873 1791250474756595 78777
2874 1791250474782167 84555
2875 1791250474805350 82809
2876 1791250474826367 87685
2877 1791250474833557 75174
2878 1791250474862657 80769
2879 1791250474875898 74861
2880 1791250474897668 77307
2881 1791250474920479 78735
2882 1791250474945955 85162
2883 1791250474973108 88137
2884 1791250474981172 83501
2885 1791250475002320 83519
2886 1791250475025912 82082
2887 1791250475042583 83177
2888 1791250475072271 93939
2889 1791250475088529 86206
2890 1791250475103805 84564
2891 1791250475134474 91887
2892 1791250475145502 81066
2893 1791250475170357 91763
2894 1791250475185754 83108
2895 1791250475208349 88389
2896 1791250475242777 100445
2897 1791250475261721 98257
2898 1791250475274112 95162
2899 1791250475285755 82478
2900 1791250475308365 90582
2901 1791250475339790 97010
2902 1791250475353458 92290
2903 1791250475373251 94915
2904 1791250475386835 88095
2905 1791250475414513 91414
2906 1791250475442471 102677
2907 1791250475463074 105094
2908 1791250475475137 91670
2909 1791250475495416 96981
2910 1791250475528549 105276
2911 1791250475542713 100230
2912 1791250475552255 93902
2913 1791250475583606 101201
2914 1791250475596511 98425
2915 1791250475621226 101586
2916 1791250475647232 108307
2917 1791250475675225 111253
2918 1791250475692886 114604
2919 1791250475716684 113982
2920 1791250475726597 107629
2921 1791250475749610 110670
2922 1791250475767817 107269
2923 1791250475791710 108456
2924 1791250475803319 100199
2925 1791250475825728 104124
2926 1791250475851448 108344
2927 1791250475867034 106190
2928 1791250475883146 103183
2929 1791250475906377 103055
2930 1791250475934241 116172
2931 1791250475955283 112016
2932 1791250475965854 106748
2933 1791250475992138 109381
2934 1791250476004290 104947
2935 1791250476037752 119536
2936 1791250476047345 107121
2937 1791250476078233 114915
2938 1791250476096017 117755
2939 1791250476115394 116076
2940 1791250476135252 111769
2941 1791250476146365 108610
2942 1791250476177772 114818
2943 1791250476184835 106600
2944 1791250476210701 107118
2945 1791250476226094 103808
2946 1791250476244960 102690
2947 1791250476266103 107769
2948 1791250476294379 116597
2949 1791250476306439 103133
2950 1791250476332008 113165
2951 1791250476356492 112038
2952 1791250476370973 111668
2953 1791250476397670 117186
2954 1791250476410238 109869
2955 1791250476434387 112388
2956 1791250476459483 118703
2957 1791250476479836 121589
2958 1791250476500997 116483
2959 1791250476513439 115766
2960 1791250476526409 104156
2961 1791250476554122 114605
2962 1791250476572238 112753
2963 1791250476584163 104324
2964 1791250476611709 111480
2965 1791250476624905 104547
2966 1791250476644774 101319
2967 1791250476665974 102782
2968 1791250476691713 113222
2969 1791250476708976 110570
2970 1791250476722153 99907
2971 1791250476733187 95059
2972 1791250476759785 99293
2973 1791250476776694 98595
2974 1791250476793100 89598
2975 1791250476811528 92354
2976 1791250476831248 86908
2977 1791250476848220 90684
2978 1791250476863653 82793
2979 1791250476895439 91834
2980 1791250476914893 91870
2981 1791250476920501 78729
2982 1791250476943778 82076
2983 1791250476960404 76954
2984 1791250476974501 70825
2985 1791250476990651 70627
2986 1791250477015846 72065
2987 1791250477017666 59319
2988 1791250477044174 65927
2989 1791250477071293 69279
2990 1791250477082541 64872
2991 1791250477106532 63048
2992 1791250477115652 51861
2993 1791250477138734 56531
2994 1791250477159062 56136
2995 1791250477174557 51152
2996 1791250477190854 52116
2997 1791250477213801 54903
2998 1791250477221977 43708
2999 1791250477245769 42564
3000 1791250477259580 41183
3001 1791250477283363 40015
3002 1791250477299202 40762
3003 1791250477321460 42653
3004 1791250477339271 40065
3005 1791250477357754 36290
3006 1791250477370029 30754
3007 1791250477393323 35566
3008 1791250477420969 37185
3009 1791250477439764 36056
3010 1791250477449023 30561
3011 1791250477469887 30700
3012 1791250477497761 36597
3013 1791250477513593 32234
3014 1791250477525963 28198
3015 1791250477551210 33462
3016 1791250477572230 32589
3017 1791250477596490 36873
3018 1791250477617593 33003
3019 1791250477636828 34790
3020 1791250477653712 36117
3021 1791250477665721 27430
3022 1791250477686604 28617
3023 1791250477718645 36033
3024 1791250477743884 44206
3025 1791250477757516 38868
3026 1791250477778291 34404
3027 1791250477790647 33128
3028 1791250477812584 34912
3029 1791250477826092 27413
3030 1791250477859921 37071
3031 1791250477865246 26460
3032 1791250477895639 35715
3033 1791250477910994 32687
3034 1791250477944847 40230
3035 1791250477961159 37255
3036 1791250477973998 33692
3037 1791250477993953 34893
3038 1791250478018120 37744
3039 1791250478039387 39195
3040 1791250478054346 36223
3041 1791250478082186 42796
3042 1791250478104697 41925
3043 1791250478126804 44857
3044 1791250478149055 47268
3045 1791250478168862 46815
3046 1791250478186712 42186
3047 1791250478218675 56445
3048 1791250478223912 45628
3049 1791250478251412 53055
3050 1791250478281415 63084
3051 1791250478303122 60135
3052 1791250478331562 68137
3053 1791250478344818 65990
3054 1791250478366853 63727
3055 1791250478386743 62856
3056 1791250478398449 59361
3057 1791250478424068 62544
3058 1791250478455545 73445
3059 1791250478465409 66956
3060 1791250478496863 72792
3061 1791250478511697 68168
3062 1791250478533490 71266
3063 1791250478556685 74086
3064 1791250478569983 69752
3065 1791250478593901 72912
3066 1791250478612381 73875
3067 1791250478636359 77633
3068 1791250478658920 80546
3069 1791250478673812 75295
3070 1791250478694029 76026
3071 1791250478714857 77169
3072 1791250478740031 81108
3073 1791250478766454 84431
3074 1791250478778831 80427
3075 1791250478802186 81959
3076 1791250478827421 87919
3077 1791250478845694 84149
3078 1791250478863524 84691
3079 1791250478876560 74371
3080 1791250478903855 79708
3081 1791250478928055 89028
3082 1791250478945248 82816
3083 1791250478972137 88651
3084 1791250478994395 90537
3085 1791250479010879 92454
3086 1791250479025745 83494
3087 1791250479046660 87785
3088 1791250479070440 87699
3089 1791250479096857 95155
3090 1791250479118533 99849
3091 1791250479130205 87613
3092 1791250479146518 88215
3093 1791250479173900 95818
3094 1791250479191549 90475
3095 1791250479210707 92171
3096 1791250479234903 91152
3097 1791250479253831 95086
3098 1791250479277271 98915
3099 1791250479296750 94408
3100 1791250479320507 100374
3101 1791250479334052 95134
3102 1791250479359410 96126
3103 1791250479376110 92684
3104 1791250479404595 99942
3105 1791250479422067 101557
3106 1791250479450492 107056
3107 1791250479470030 111725
3108 1791250479484493 103192
3109 1791250479507633 108333
3110 1791250479524187 103927
3111 1791250479543110 103391
3112 1791250479571007 106638
3113 1791250479587185 104342
3114 1791250479603902 100755
3115 1791250479624583 105450
3116 1791250479653002 109889
3117 1791250479673674 110264
3118 1791250479687062 104081
3119 1791250479708799 104894
3120 1791250479721941 103452
3121 1791250479744397 100552
3122 1791250479768967 108558
3123 1791250479784638 103020
3124 1791250479804513 101492
3125 1791250479823774 105546
3126 1791250479855449 111844
3127 1791250479868739 110224
3128 1791250479891619 110547
3129 1791250479914389 109873
3130 1791250479939237 116452
3131 1791250479956482 118012
3132 1791250479975077 112945
3133 1791250479994697 108668
3134 1791250480007440 104232
3135 1791250480037273 113912
3136 1791250480049661 110421
3137 1791250480072698 114394
3138 1791250480093777 110309
3139 1791250480114855 113147
3140 1791250480137208 115538
3141 1791250480152338 113187
3142 1791250480176385 116215
3143 1791250480195572 113191
3144 1791250480221533 119137
3145 1791250480239484 114676
3146 1791250480261520 117622
3147 1791250480274034 110954
3148 1791250480295349 112417
3149 1791250480324194 123448
3150 1791250480339749 120415
3151 1791250480355255 116072
3152 1791250480370463 110728
3153 1791250480393189 110197
3154 1791250480414504 111408
3155 1791250480430557 111869
3156 1791250480450113 110363
3157 1791250480468586 110220
3158 1791250480485358 106742
3159 1791250480512879 108684
3160 1791250480521762 103394
3161 1791250480545870 106563
3162 1791250480566891 103671
3163 1791250480581615 103448
3164 1791250480602431 103116
3165 1791250480625291 106478
3166 1791250480634621 96577
3167 1791250480656304 96537
3168 1791250480675607 93989
3169 1791250480698695 96261
3170 1791250480720651 97357
3171 1791250480733163 94068
3172 1791250480758688 95192
3173 1791250480768056 89387
3174 1791250480786810 88112
3175 1791250480805583 85353
3176 1791250480831819 87766
3177 1791250480842382 83690
3178 1791250480860066 80399
3179 1791250480878122 77675
3180 1791250480893965 73810
3181 1791250480911591 72306
3182 1791250480926566 67072
3183 1791250480945308 67183
3184 1791250480963895 62391
3185 1791250480984762 61653
3186 1791250481003924 64474
3187 1791250481021164 58104
3188 1791250481035581 57415
3189 1791250481058368 55170
3190 1791250481076451 57416
3191 1791250481093965 56234
3192 1791250481114462 56151
3193 1791250481128368 48098
3194 1791250481145870 47223
3195 1791250481169769 49744
3196 1791250481184011 44003
3197 1791250481204467 40874
3198 1791250481226065 42820
3199 1791250481244634 46306
3200 1791250481264340 46630
3201 1791250481281128 41412
3202 1791250481296386 38615
3203 1791250481325788 44656
3204 1791250481336827 37981
3205 1791250481353802 35744
3206 1791250481385714 44226
3207 1791250481404925 45566
3208 1791250481416913 33707
3209 1791250481440389 40915
3210 1791250481462990 38705
3211 1791250481478561 38169
3212 1791250481496348 33866
3213 1791250481514359 35795
3214 1791250481532977 33840
3215 1791250481553842 29763
3216 1791250481570517 31857
3217 1791250481603251 40347
3218 1791250481614622 33953
3219 1791250481640564 37311
3220 1791250481655557 32394
3221 1791250481670678 30111
3222 1791250481689423 29057
3223 1791250481712149 28718
3224 1791250481727564 27504
3225 1791250481750439 28672
3226 1791250481770978 28914
3227 1791250481808313 43565
3228 1791250481812530 34335
3229 1791250481834860 33003
3230 1791250481852001 32317
3231 1791250481875799 35296
3232 1791250481896868 34521
3233 1791250481907518 25767
3234 1791250481934194 29806
3235 1791250481944777 26578
3236 1791250481975516 32549
3237 1791250481995544 32493
3238 1791250482012027 34202
3239 1791250482034481 30881
3240 1791250482046449 25701
3241 1791250482071467 30398
3242 1791250482086852 29064
3243 1791250482114330 32385
3244 1791250482135426 36255
3245 1791250482167092 43326
3246 1791250482183612 41674
3247 1791250482203596 40723
3248 1791250482225646 42031
3249 1791250482247126 48229
3250 1791250482265249 44332
3251 1791250482278549 39625
3252 1791250482308468 45290
3253 1791250482325721 47169
3254 1791250482357282 54804
3255 1791250482365777 45341
3256 1791250482389500 46654
3257 1791250482406571 47322
3258 1791250482433833 55572
3259 1791250482451555 53171
3260 1791250482476213 52830
3261 1791250482498203 57372
3262 1791250482523596 61174
3263 1791250482543280 64310
3264 1791250482566376 68170
3265 1791250482598903 75304
3266 1791250482603313 64328
3267 1791250482626729 67275
3268 1791250482643077 62685
3269 1791250482664267 65360
3270 1791250482690961 67155
3271 1791250482709328 71198
3272 1791250482740960 76691
3273 1791250482744429 62916
3274 1791250482773158 69402
3275 1791250482785990 62672
3276 1791250482804469 63506
3277 1791250482832723 68098
3278 1791250482848066 66689
3279 1791250482869839 66660
3280 1791250482895093 74525
3281 1791250482905709 66968
3282 1791250482927357 69012
3283 1791250482953358 74978
3284 1791250482974383 70965
3285 1791250483001946 79468
3286 1791250483012446 73941
3287 1791250483035162 73617
3288 1791250483067809 85675
3289 1791250483083418 81469
3290 1791250483098013 80356
3291 1791250483135645 93209
3292 1791250483147822 86381
3293 1791250483166553 86125
3294 1791250483178593 80577
3295 1791250483203993 83217
3296 1791250483229547 85515
3297 1791250483247964 83893
3298 1791250483258919 80323
3299 1791250483276086 77925
3300 1791250483306317 85117
3301 1791250483329141 90592
3302 1791250483343255 84330
3303 1791250483367923 84459
3304 1791250483382048 80350
3305 1791250483412668 93817
3306 1791250483425328 87094
3307 1791250483449233 87704
3308 1791250483468491 88482
3309 1791250483488185 89203
3310 1791250483506877 89025
3311 1791250483539906 98298
3312 1791250483553212 93769
3313 1791250483569643 91869
3314 1791250483595343 96469
3315 1791250483614326 91979
3316 1791250483634207 94298
3317 1791250483653064 89332
3318 1791250483673964 95918
3319 1791250483690952 93049
3320 1791250483716151 98281
3321 1791250483745197 105424
3322 1791250483763088 100422
3323 1791250483776793 98360
3324 1791250483794690 95706
3325 1791250483825032 101249
3326 1791250483841429 98288
3327 1791250483863723 102263
3328 1791250483876854 98848
3329 1791250483898563 97872
3330 1791250483932205 111772
3331 1791250483943642 104040
3332 1791250483965133 101406
3333 1791250483981831 99388
3334 1791250484000335 101768
3335 1791250484015387 94842
3336 1791250484047139 103494
3337 1791250484064615 106290
3338 1791250484083791 102081
3339 1791250484103414 103346
3340 1791250484133877 116050
3341 1791250484153375 113312
3342 1791250484175937 114263
3343 1791250484186787 108764
3344 1791250484211459 108041
3345 1791250484225765 103850
3346 1791250484246556 106736
3347 1791250484268396 108914
3348 1791250484299962 116452
3349 1791250484315854 115207
3350 1791250484333374 115093
3351 1791250484361882 122843
3352 1791250484377165 114021
3353 1791250484401487 118536
3354 1791250484417200 117235
3355 1791250484438533 118682
3356 1791250484457048 113687
3357 1791250484478706 117000
3358 1791250484494846 116024
3359 1791250484516125 115081
3360 1791250484537478 118386
3361 1791250484555265 116728
3362 1791250484577279 113039
3363 1791250484595856 117147
3364 1791250484621054 118605
3365 1791250484641804 119567
3366 1791250484659982 122502
3367 1791250484676871 115625
3368 1791250484699488 119372
3369 1791250484724443 120572
3370 1791250484742458 121401
3371 1791250484763516 121844
3372 1791250484782380 122394
3373 1791250484794308 115956
3374 1791250484814173 114681
3375 1791250484841810 123257
3376 1791250484869717 127256
3377 1791250484883592 125890
3378 1791250484902093 119711
3379 1791250484918937 117802
3380 1791250484943059 117778
3381 1791250484955447 113798
3382 1791250484975732 114152
3383 1791250485000304 116709
3384 1791250485015415 113842
3385 1791250485028810 109870
3386 1791250485047717 104648
3387 1791250485061854 100710
3388 1791250485092928 109335
3389 1791250485106824 106512
3390 1791250485118491 100726
3391 1791250485138071 94009
3392 1791250485157498 95641
3393 1791250485179144 100970
3394 1791250485196062 96002
3395 1791250485204876 86383
3396 1791250485223783 85709
3397 1791250485251003 93502
3398 1791250485265356 86209
3399 1791250485282239 81279
3400 1791250485302558 79623
3401 1791250485312658 70199
3402 1791250485329707 68225
3403 1791250485345759 67527
3404 1791250485355583 56525
3405 1791250485377671 57005
3406 1791250485392327 54193
3407 1791250485414948 52122
3408 1791250485426715 49041
3409 1791250485445167 46657
3410 1791250485455963 37370
3411 1791250485475673 37803
3412 1791250485497685 34438
3413 1791250485516256 32830
3414 1791250485524440 26751
3415 1791250485550394 30635
3416 1791250485584211 44756
3417 1791250485592470 28993
3418 1791250485613097 35146
3419 1791250485644672 43290
3420 1791250485655497 32155
3421 1791250485668122 28460
3422 1791250485691890 32536
3423 1791250485717692 33905
3424 1791250485734285 35745
3425 1791250485747925 30230
3426 1791250485774550 33153
3427 1791250485794483 34120
3428 1791250485803474 25178
3429 1791250485824769 26064
3430 1791250485859088 35898
3431 1791250485875589 35147
3432 1791250485887101 28010
3433 1791250485913479 34311
3434 1791250485937957 36579
3435 1791250485944662 26861
3436 1791250485969642 31682
3437 1791250485997833 34163
3438 1791250486009181 26408
3439 1791250486025007 27170
3440 1791250486058671 35522
3441 1791250486080717 37554
3442 1791250486091731 33057
3443 1791250486117853 37133
3444 1791250486134713 32143
3445 1791250486150039 32183
3446 1791250486174727 36567
3447 1791250486195241 32703
3448 1791250486218912 35782
3449 1791250486242990 41147
3450 1791250486252267 33352
3451 1791250486271290 28298
3452 1791250486292602 31935
3453 1791250486306403 23234
3454 1791250486326522 28680
3455 1791250486353497 34136
3456 1791250486366474 28147
3457 1791250486387704 28452
3458 1791250486414043 35659
3459 1791250486425760 26461
3460 1791250486452062 30820
3461 1791250486476441 38156
3462 1791250486497520 34359
3463 1791250486508975 27690
3464 1791250486526549 29026
3465 1791250486553642 35218
3466 1791250486576316 35111
3467 1791250486594610 35606
3468 1791250486617485 33508
3469 1791250486632610 34552
3470 1791250486653915 36427
3471 1791250486674491 33508
3472 1791250486699565 35649
3473 1791250486702513 24586
3474 1791250486726029 26460
3475 1791250486748192 28759
3476 1791250486775737 34246
3477 1791250486799324 38077
3478 1791250486813703 29753
3479 1791250486828969 29642
3480 1791250486863227 41619
3481 1791250486882794 39061
3482 1791250486898967 35737
3483 1791250486918618 35820
3484 1791250486927633 28663
3485 1791250486945684 27065
3486 1791250486975135 36635
3487 1791250486996915 36752
3488 1791250487026517 44011
3489 1791250487053130 48863
3490 1791250487066464 43496
3491 1791250487086461 45071
3492 1791250487117637 56431
3493 1791250487140051 60896
3494 1791250487155477 54124
3495 1791250487175038 57398
3496 1791250487205770 65716
3497 1791250487232287 70642
3498 1791250487254097 69453
3499 1791250487275965 75253
3500 1791250487287128 67334
3501 1791250487305039 65915
3502 1791250487324473 62736
3503 1791250487359290 79565
3504 1791250487374831 73326
3505 1791250487403963 79486
3506 1791250487416853 71569
3507 1791250487435385 76091
3508 1791250487452927 74895
3509 1791250487478270 74304
3510 1791250487501371 80759
3511 1791250487526141 81750
3512 1791250487542528 83300
3513 1791250487557230 78956
3514 1791250487586909 85514
3515 1791250487600118 81440
3516 1791250487628786 86256
3517 1791250487646764 83231
3518 1791250487671108 91710
3519 1791250487692697 92577
3520 1791250487711378 87267
3521 1791250487734143 91700
3522 1791250487746433 87700
3523 1791250487771790 93339
3524 1791250487784063 80010
3525 1791250487795817 78035
3526 1791250487822921 84507
3527 1791250487856934 96691
3528 1791250487868275 90038
3529 1791250487894848 92901
3530 1791250487917830 97704
3531 1791250487934098 94207
3532 1791250487953909 90283
3533 1791250487972671 91874
3534 1791250487994762 94661
3535 1791250488005765 87933
3536 1791250488034639 95923
3537 1791250488062946 102580
3538 1791250488083886 105715
3539 1791250488102190 101347
3540 1791250488114060 95770
3541 1791250488138316 95337
3542 1791250488151325 88542
3543 1791250488179357 95468
3544 1791250488193734 91768
3545 1791250488220616 98945
3546 1791250488242076 103977
3547 1791250488264655 101812
3548 1791250488276744 97384
3549 1791250488299457 101156
3550 1791250488324068 105389
3551 1791250488341770 100764
3552 1791250488356695 96729
3553 1791250488386486 104971
3554 1791250488397871 98412
3555 1791250488426273 102202
3556 1791250488445924 104151
3557 1791250488472082 109017
3558 1791250488488617 107644
3559 1791250488514840 116967
3560 1791250488533328 110462
3561 1791250488544741 102040
3562 1791250488562171 103177
3563 1791250488587788 107119
3564 1791250488613993 111792
3565 1791250488639100 118096
3566 1791250488653235 114471
3567 1791250488674643 112470
3568 1791250488691886 111594
3569 1791250488712941 111036
3570 1791250488733408 114586
3571 1791250488746417 107314
3572 1791250488784330 121471
3573 1791250488795234 116006
3574 1791250488809846 111554
3575 1791250488824202 105397
3576 1791250488855193 110126
3577 1791250488872550 112214
3578 1791250488900095 118692
3579 1791250488910859 110491
3580 1791250488938571 119063
3581 1791250488955749 116900
3582 1791250488980429 118801
3583 1791250488991977 112376
3584 1791250489011937 111838
3585 1791250489036302 113942
3586 1791250489057264 118690
3587 1791250489075456 113176
3588 1791250489103494 123060
3589 1791250489116060 117681
3590 1791250489145259 122193
3591 1791250489166182 122156
3592 1791250489177294 118017
3593 1791250489205414 122241
3594 1791250489220979 117482
3595 1791250489237619 119433
3596 1791250489252739 111686
3597 1791250489274800 116027
3598 1791250489295552 115094
3599 1791250489322208 118764
3600 1791250489334963 116270
3601 1791250489350479 112858
3602 1791250489364823 106459
3603 1791250489388277 106923
3604 1791250489405200 106849
3605 1791250489428440 106486
3606 1791250489446020 106063
3607 1791250489469744 106683
3608 1791250489487856 105744
3609 1791250489503384 99799
3610 1791250489522531 100493
3611 1791250489543593 99735
3612 1791250489559002 95279
3613 1791250489574563 96470
3614 1791250489590441 90718
3615 1791250489613528 94131
3616 1791250489632646 89168
3617 1791250489644240 85235
3618 1791250489660888 82107
3619 1791250489678488 79657
3620 1791250489694557 73790
3621 1791250489719371 79751
3622 1791250489725686 67324
3623 1791250489742373 63883
3624 1791250489767730 67988
3625 1791250489783797 64423
3626 1791250489795795 56185
3627 1791250489819978 58352
3628 1791250489834926 54421
3629 1791250489857291 57269
3630 1791250489876856 58529
3631 1791250489885431 46607
3632 1791250489908929 48538
3633 1791250489926589 46944
3634 1791250489947477 44247
3635 1791250489963020 40966
3636 1791250489982528 40033
3637 1791250489994227 32281
3638 1791250490027942 45411
3639 1791250490037642 35351
3640 1791250490053985 30735
3641 1791250490067342 29698
3642 1791250490086346 25396
3643 1791250490112494 33187
3644 1791250490137047 34263
3645 1791250490145638 27757
3646 1791250490175237 31449
3647 1791250490194620 32315
3648 1791250490211400 30299
3649 1791250490236915 37958
3650 1791250490249636 26504
3651 1791250490283684 41029
3652 1791250490304036 40331
3653 1791250490315476 31927
3654 1791250490328729 27063
3655 1791250490361862 39438
3656 1791250490372879 28105
3657 1791250490392907 31044
3658 1791250490410018 28265
3659 1791250490437599 33862
3660 1791250490449848 31654
3661 1791250490473537 35936
3662 1791250490499025 35020
3663 1791250490519694 36341
3664 1791250490533944 34916
3665 1791250490549409 29712
3666 1791250490576917 33110
3667 1791250490595152 31728
3668 1791250490606537 28469
3669 1791250490631345 32392
3670 1791250490646343 27176
3671 1791250490667904 26457
3672 1791250490690828 33067
3673 1791250490713833 31863
3674 1791250490730792 32327
3675 1791250490760492 36557
3676 1791250490776241 35054
3677 1791250490790756 30261
3678 1791250490819911 39663
3679 1791250490830631 32578
3680 1791250490853919 34121
3681 1791250490872524 28822
3682 1791250490890326 30274
3683 1791250490914415 35977
3684 1791250490941956 40071
3685 1791250490956163 32121
3686 1791250490972807 31081
3687 1791250491000574 39346
3688 1791250491019615 36056
3689 1791250491025945 25367
3690 1791250491054440 34821
3691 1791250491069498 31228
3692 1791250491093854 35696
3693 1791250491113562 35290
3694 1791250491145310 45572
3695 1791250491167684 44264
3696 1791250491188194 42880
3697 1791250491203566 41961
3698 1791250491233730 51666
3699 1791250491258198 55221
3700 1791250491273121 49879
3701 1791250491292505 54098
3702 1791250491316519 58319
3703 1791250491333484 50875
3704 1791250491351547 53393
3705 1791250491366292 48444
3706 1791250491396602 52262
3707 1791250491415773 57569
3708 1791250491446906 64117
3709 1791250491470413 68987
3710 1791250491476725 57134
3711 1791250491505921 63373
3712 1791250491526525 62074
3713 1791250491544000 63220
3714 1791250491565620 61916
3715 1791250491591597 69609
3716 1791250491606297 68461
3717 1791250491627567 69380
3718 1791250491647770 68909
3719 1791250491663535 63086
3720 1791250491684111 62852
3721 1791250491713496 70142
3722 1791250491724247 66263
3723 1791250491754524 72139
3724 1791250491773897 74661
3725 1791250491793569 75191
3726 1791250491823861 82867
3727 1791250491827116 69339
3728 1791250491863834 80850
3729 1791250491879996 77030
3730 1791250491917068 93202
3731 1791250491920359 82099
3732 1791250491942076 79925
3733 1791250491967409 87410
3734 1791250491985185 85633
3735 1791250491999901 79539
3736 1791250492024908 82828
3737 1791250492031623 69677
3738 1791250492031629 50173
3739 1791250492035560 35656
3740 1791250492044693 23359
3741 1791250492071292 29522
3742 1791250492088750 30861
3743 1791250492104321 24211
3744 1791250492126083 21815
3745 1791250492143824 21903
3746 1791250492160199 21504
3747 1791250492185122 26293
3748 1791250492203112 21742
3749 1791250492223599 25341
3750 1791250492244285 25565
3751 1791250492263755 24881
3752 1791250492287333 23574
3753 1791250492304097 21861
3754 1791250492318582 21097
3755 1791250492342975 24391
3756 1791250492370221 27243
3757 1791250492385443 21805
3758 1791250492404234 22686
3759 1791250492418520 20909
3760 1791250492440445 21921
3761 1791250492463780 23331
3762 1791250492487891 25987
3763 1791250492507821 24669
3764 1791250492524750 21400
3765 1791250492542673 23800
3766 1791250492566059 23380
3767 1791250492583735 21674
3768 1791250492603574 24678
3769 1791250492626944 28199
3770 1791250492655292 28344
3771 1791250492663568 25141
3772 1791250492681318 20587
3773 1791250492710776 32390
3774 1791250492724544 22614
3775 1791250492744322 26193
3776 1791250492764163 26353
3777 1791250492784873 26126
3778 1791250492804106 23782
3779 1791250492826480 22371
3780 1791250492849190 27439
3781 1791250492863551 25899
3782 1791250492885761 22470
3783 1791250492905173 24811
3784 1791250492922064 22784
3785 1791250492945349 23282
3786 1791250492969063 28464
3787 1791250492988605 25552
3788 1791250493003619 20952
3789 1791250493023400 24544
3790 1791250493044587 24898
3791 1791250493064214 24966
3792 1791250493085817 21595
3793 1791250493103436 21091
3794 1791250493122177 21922
3795 1791250493150091 27909
3796 1791250493165296 24148
3797 1791250493183892 23515
3798 1791250493202335 22879
3799 1791250493227842 29728
3800 1791250493244109 23506
3801 1791250493265425 25690
3802 1791250493283099 21705
3803 1791250493303301 23648
3804 1791250493322799 23530
3805 1791250493349364 26561
3806 1791250493371582 27876
3807 1791250493384329 26621
3808 1791250493401761 23229
3809 1791250493423519 21752
3810 1791250493454400 36209
3811 1791250493465829 25147
3812 1791250493487576 25974
3813 1791250493502617 20546
3814 1791250493523834 25138
3815 1791250493547491 26356
3816 1791250493563847 21659
3817 1791250493582890 21677
3818 1791250493603514 25465
3819 1791250493624646 25522
3820 1791250493649371 31205
3821 1791250493662313 23671
3822 1791250493683621 21395
3823 1791250493707552 27051
3824 1791250493724816 26212
3825 1791250493747106 27560
3826 1791250493763533 22119
3827 1791250493788615 30051
3828 1791250493802028 24012
3829 1791250493822591 24682
3830 1791250493844203 23551
3831 1791250493865511 21303
3832 1791250493885137 24662
3833 1791250493905238 26089
3834 1791250493934341 29100
3835 1791250493945524 26462
3836 1791250493964160 25477
3837 1791250493984583 20419
3838 1791250494006213 26238
3839 1791250494025119 24295
3840 1791250494049397 27940
3841 1791250494069812 26521
3842 1791250494081604 23672
3843 1791250494113634 32026
3844 1791250494124371 24053
3845 1791250494142856 23257
3846 1791250494179125 36264
3847 1791250494183556 25009
3848 1791250494204239 25110
3849 1791250494228758 28322
3850 1791250494247349 25055
3851 1791250494265420 24966
3852 1791250494284678 25724
3853 1791250494304542 24563
3854 1791250494322595 24280
3855 1791250494345139 25321
3856 1791250494363478 23579
3857 1791250494382718 24179
3858 1791250494403553 20802
3859 1791250494431407 33533
3860 1791250494443364 22966
3861 1791250494467233 24390
3862 1791250494485487 23569
3863 1791250494503146 22738
3864 1791250494521875 22950
3865 1791250494547318 25528
3866 1791250494565160 22744
3867 1791250494586846 27867
3868 1791250494603636 23431
3869 1791250494629274 25634
3870 1791250494646255 22597
3871 1791250494663860 21674
3872 1791250494681783 23233
3873 1791250494705630 23959
3874 1791250494723875 22123
3875 1791250494750807 32405
3876 1791250494763074 24065
3877 1791250494784937 25533
3878 1791250494804045 23187
3879 1791250494824713 25456
3880 1791250494850630 25911
3881 1791250494865893 22657
3882 1791250494885738 25015
3883 1791250494902291 24238
3884 1791250494930390 28095
3885 1791250494945930 22114
3886 1791250494965267 25444
3887 1791250494984853 26466
3888 1791250495003610 21734
3889 1791250495022220 22711
3890 1791250495044369 25621
3891 1791250495063282 24652
3892 1791250495084457 21171
3893 1791250495104086 25739
3894 1791250495123373 24073
3895 1791250495143166 24284
3896 1791250495163469 25104
3897 1791250495185194 26785
3898 1791250495201924 22769
3899 1791250495224015 24605
3900 1791250495244729 23724
3901 1791250495265849 26134
3902 1791250495278952 20547
3903 1791250495303590 24633
3904 1791250495325309 24564
3905 1791250495344006 24889
3906 1791250495363989 24132
3907 1791250495383917 22183
3908 1791250495406161 22240
3909 1791250495428774 26756
3910 1791250495445628 23690
3911 1791250495464088 22211
3912 1791250495487082 27983
3913 1791250495502589 20730
3914 1791250495525690 23098
3915 1791250495547970 26475
3916 1791250495564319 21265
3917 1791250495585622 26455
3918 1791250495606622 25117
3919 1791250495628918 26678
3920 1791250495644372 22286
3921 1791250495668224 23848
3922 1791250495685804 26999
3923 1791250495708488 27274
3924 1791250495724858 22035
3925 1791250495746102 24895
3926 1791250495766003 24176
3927 1791250495787110 25730
3928 1791250495813326 26375
3929 1791250495824534 21824
3930 1791250495845170 25471
3931 1791250495863006 21920
3932 1791250495881104 22513
3933 1791250495906523 27404
3934 1791250495924551 23334
3935 1791250495943200 25077
3936 1791250495963356 23395
3937 1791250495981854 23448
3938 1791250496007739 27814
3939 1791250496028371 27792
3940 1791250496049049 26671
3941 1791250496067601 23995
3942 1791250496081228 22132
3943 1791250496102328 21096
3944 1791250496129447 27113
3945 1791250496146533 23528
3946 1791250496161763 23041
3947 1791250496184809 26407
3948 1791250496202011 23538
3949 1791250496227422 25406
3950 1791250496248354 26040
3951 1791250496259483 21707
3952 1791250496278808 21137
3953 1791250496306734 28065
3954 1791250496325936 23797
3955 1791250496343690 24381
3956 1791250496366367 22672
3957 1791250496390570 24433
3958 1791250496404821 21137
3959 1791250496424108 20741
3960 1791250496442570 23767
3961 1791250496464233 24988
3962 1791250496488179 28441
3963 1791250496505129 24999
3964 1791250496522007 21791
3965 1791250496544661 22807
3966 1791250496572994 28328
3967 1791250496584193 26234
3968 1791250496607398 23791
3969 1791250496627199 24423
3970 1791250496644645 22010
3971 1791250496670736 26189
3972 1791250496682912 23488
3973 1791250496708023 25100
3974 1791250496724567 21756
3975 1791250496748840 29779
3976 1791250496764851 21518
3977 1791250496782082 23981
3978 1791250496804613 22524
3979 1791250496823249 22789
3980 1791250496848674 25420
3981 1791250496867223 24244
3982 1791250496885167 22222
3983 1791250496904666 26244
3984 1791250496919884 20869
3985 1791250496944373 24482
3986 1791250496963003 23726
3987 1791250496982470 23699
3988 1791250497004508 22032
3989 1791250497025375 26667
3990 1791250497047576 26658
3991 1791250497063576 22452
3992 1791250497085670 22090
3993 1791250497103886 23805
3994 1791250497122609 24811
3995 1791250497146568 23950
3996 1791250497170150 27588
3997 1791250497193096 29580
3998 1791250497210233 31762
3999 1791250497228666 27555
4000 1791250497246697 23489
4001 1791250497263951 22346
4002 1791250497282185 23374
4003 1791250497307723 25594
4004 1791250497325673 23491
4005 1791250497347514 27620
4006 1791250497368968 26793
4007 1791250497380889 22263
4008 1791250497403831 25401
4009 1791250497427232 23398
4010 1791250497445101 22526
4011 1791250497462406 23021
4012 1791250497484524 22115
4013 1791250497502229 23074
4014 1791250497524854 22706
4015 1791250497552121 27261
4016 1791250497565616 24783
4017 1791250497586749 25346
4018 1791250497604312 22096
4019 1791250497621630 22699
4020 1791250497647379 26751
4021 1791250497664603 24309
4022 1791250497683176 24893
4023 1791250497704540 26018
4024 1791250497728021 23467
4025 1791250497745652 24216
4026 1791250497766086 24564
4027 1791250497783397 24905
4028 1791250497804728 21328
4029 1791250497826266 25473
4030 1791250497847107 25657
4031 1791250497865049 25665
4032 1791250497886754 26526
4033 1791250497904351 25293
4034 1791250497919207 21012
4035 1791250497945241 27679
4036 1791250497965061 26681
4037 1791250497982509 23968
4038 1791250498005033 22663
4039 1791250498032830 31752
4040 1791250498044789 26412
4041 1791250498062982 23420
4042 1791250498085454 22465
4043 1791250498103765 25348
4044 1791250498124145 26491
4045 1791250498146025 21873
4046 1791250498164220 23136
4047 1791250498183011 24308
4048 1791250498203877 23624
4049 1791250498224787 23990
4050 1791250498245316 24130
4051 1791250498263379 25493
4052 1791250498287105 23723
4053 1791250498302154 20880
4054 1791250498324735 25566
4055 1791250498346871 26823
4056 1791250498364716 23049
4057 1791250498381848 22198
4058 1791250498405535 23684
4059 1791250498421013 21023
4060 1791250498444261 25389
4061 1791250498464039 23916
4062 1791250498485388 26933
4063 1791250498510008 29840
4064 1791250498526987 23090
4065 1791250498543922 24259
4066 1791250498561844 21091
4067 1791250498589801 29785
4068 1791250498612086 22280
4069 1791250498623792 25365
4070 1791250498646151 22357
4071 1791250498663082 25104
4072 1791250498686572 23488
4073 1791250498708561 26463
4074 1791250498727636 24667
4075 1791250498746206 23402
4076 1791250498763348 24691
4077 1791250498782334 23718
4078 1791250498805009 22673
4079 1791250498823929 21762
4080 1791250498842618 22653
4081 1791250498862518 24448
4082 1791250498881384 20869
4083 1791250498900502 21901
4084 1791250498923221 22759
4085 1791250498942271 22018
4086 1791250498967181 28775
4087 1791250498983263 21651
4088 1791250499007891 24625
4089 1791250499025419 23138
4090 1791250499043131 23528
4091 1791250499065167 22033
4092 1791250499086904 27833
4093 1791250499102166 23728
4094 1791250499124907 26891
4095 1791250499146886 25945
4096 1791250499164354 22192
4097 1791250499185168 25007
4098 1791250499203327 22893
4099 1791250499226097 27656
4100 1791250499242516 24394
4101 1791250499264505 21986
4102 1791250499287108 22600
4103 1791250499305245 22878
4104 1791250499324811 23875
4105 1791250499342887 22542
4106 1791250499367421 26553
4107 1791250499383761 21849
4108 1791250499403608 25247
4109 1791250499423116 25107
4110 1791250499442876 23764
4111 1791250499469260 26432
4112 1791250499495721 32755
4113 1791250499506600 27232
4114 1791250499523318 24909
4115 1791250499548043 24775
4116 1791250499565431 22473
4117 1791250499582303 20891
4118 1791250499604146 22816
4119 1791250499624158 24816
4120 1791250499644892 25601
4121 1791250499662755 24386
4122 1791250499681694 21720
4123 1791250499703480 23892
4124 1791250499726653 28352
4125 1791250499749990 27352
4126 1791250499772754 29290
4127 1791250499783742 24564
4128 1791250499801516 22633
4129 1791250499824055 22536
4130 1791250499847018 22959
4131 1791250499865104 26042
4132 1791250499883703 22382
4133 1791250499904442 25362
4134 1791250499924080 25803
4135 1791250499944852 24024
4136 1791250499962209 20797
4137 1791250499985038 22825
4138 1791250500003070 22705
4139 1791250500024310 25962
4140 1791250500048204 24010
4141 1791250500066532 23737
# sent 4142 received 4142
