0 1791255042818148 24132
1 1791255042842675 26335
2 1791255042858610 23718
3 1791255042888105 29492
4 1791255042903054 26841
5 1791255042922092 27772
6 1791255042941088 26933
7 1791255042962410 26839
8 1791255042981028 26670
9 1791255042997060 22352
10 1791255043023950 26887
11 1791255043042122 24824
12 1791255043062696 25801
13 1791255043081526 24569
14 1791255043102521 26994
15 1791255043121866 23547
16 1791255043142693 24771
17 1791255043162485 26131
18 1791255043181855 23896
19 1791255043202888 27703
20 1791255043219797 21160
21 1791255043241959 26760
22 1791255043262107 26605
23 1791255043280430 24905
24 1791255043301454 27095
25 1791255043324626 27158
26 1791255043342791 24889
27 1791255043362678 25504
28 1791255043377697 20774
29 1791255043403578 26906
30 1791255043421933 24234
31 1791255043436898 20769
32 1791255043463768 28655
33 1791255043481711 26499
34 1791255043504996 27975
35 1791255043523447 23527
36 1791255043537113 21244
37 1791255043556274 21611
38 1791255043576769 22250
39 1791255043603587 26815
40 1791255043621803 25700
41 1791255043641170 25689
42 1791255043662247 27213
43 1791255043680988 26631
44 1791255043697571 23069
45 1791255043722780 25207
46 1791255043741833 26696
47 1791255043764396 27332
48 1791255043781192 25762
49 1791255043802802 27294
50 1791255043818489 23142
51 1791255043843924 25432
52 1791255043864631 25465
53 1791255043879011 23534
54 1791255043904899 25882
55 1791255043922352 26612
56 1791255043940770 23060
57 1791255043962660 27312
58 1791255043983750 27973
59 1791255044003273 27746
60 1791255044020832 25174
61 1791255044039355 21662
62 1791255044056226 20566
63 1791255044084528 29421
64 1791255044102830 27604
65 1791255044119803 22851
66 1791255044141788 26377
67 1791255044159750 22873
68 1791255044183067 26871
69 1791255044202744 25245
70 1791255044223166 27233
71 1791255044243647 23631
72 1791255044263950 24556
73 1791255044282092 25047
74 1791255044300990 24750
75 1791255044319204 23992
76 1791255044340220 24164
77 1791255044360883 25468
78 1791255044382689 28314
79 1791255044396856 21636
80 1791255044418695 23686
81 1791255044441106 25919
82 1791255044457466 22245
83 1791255044477168 21570
84 1791255044502282 26111
85 1791255044517206 22072
86 1791255044542092 25007
87 1791255044556214 21101
88 1791255044576967 22617
89 1791255044603118 27879
90 1791255044621557 26146
91 1791255044639451 24348
92 1791255044662070 22703
93 1791255044675630 20748
94 1791255044701718 26086
95 1791255044719435 23186
96 1791255044743408 28309
97 1791255044758826 22771
98 1791255044783232 28201
99 1791255044805994 27605
100 1791255044824328 29056
101 1791255044844081 28728
102 1791255044858334 21597
103 1791255044878420 24175
104 1791255044900688 25589
105 1791255044925133 24441
106 1791255044943011 23747
107 1791255044961276 23585
108 1791255044983724 27478
109 1791255045003885 25115
110 1791255045018105 22389
111 1791255045047313 29203
112 1791255045065940 25428
113 1791255045078162 22077
114 1791255045096832 21671
115 1791255045122962 28664
116 1791255045140885 25500
117 1791255045162665 27410
118 1791255045181049 25511
119 1791255045206217 29739
120 1791255045222451 22428
121 1791255045243453 28680
122 1791255045259910 24732
123 1791255045277902 22580
124 1791255045306584 28678
125 1791255045322405 21693
126 1791255045343148 26747
127 1791255045358143 22544
128 1791255045379146 24831
129 1791255045403618 28837
130 1791255045423201 26380
131 1791255045443941 28864
132 1791255045458359 22574
133 1791255045486540 29872
134 1791255045504017 22997
135 1791255045521949 27182
136 1791255045539592 25374
137 1791255045563278 23683
138 1791255045582357 27124
139 1791255045603544 26281
140 1791255045616621 21394
141 1791255045642305 25680
142 1791255045660797 24226
143 1791255045680979 24121
144 1791255045704206 24635
145 1791255045723911 25984
146 1791255045743838 22717
147 1791255045765155 27137
148 1791255045785133 26257
149 1791255045796096 21479
150 1791255045822925 26822
151 1791255045842619 28156
152 1791255045857436 22428
153 1791255045883149 28062
154 1791255045902846 27799
155 1791255045919465 24249
156 1791255045935901 20773
157 1791255045956607 20703
158 1791255045983159 27768
159 1791255046003932 23087
160 1791255046018844 23896
161 1791255046046998 28151
162 1791255046069065 27929
163 1791255046079610 23303
164 1791255046104529 28100
165 1791255046118871 21565
166 1791255046143234 27355
167 1791255046163131 23461
168 1791255046176537 21557
169 1791255046204009 27469
170 1791255046223533 25020
171 1791255046244532 25936
172 1791255046258236 22602
173 1791255046278262 22089
174 1791255046301714 26777
175 1791255046323389 21671
176 1791255046352371 34896
177 1791255046362805 27439
178 1791255046383999 26116
179 1791255046401896 22687
180 1791255046417922 22567
181 1791255046439525 24540
182 1791255046469511 34430
183 1791255046485360 22942
184 1791255046496097 21089
185 1791255046527809 31864
186 1791255046542116 23739
187 1791255046559860 24816
188 1791255046586186 26323
189 1791255046596710 21455
190 1791255046618375 21658
191 1791255046639470 23539
192 1791255046659970 24678
193 1791255046680937 26236
194 1791255046703250 27807
195 1791255046724228 25154
196 1791255046745565 26687
197 1791255046763062 22888
198 1791255046779296 24117
199 1791255046807100 31808
200 1791255046819821 20888
201 1791255046837051 22061
202 1791255046863316 28177
203 1791255046887699 27515
204 1791255046903218 26967
205 1791255046920318 25073
206 1791255046946963 31540
207 1791255046962705 21693
208 1791255046976258 20948
209 1791255047003428 27167
210 1791255047021144 25543
211 1791255047042698 27390
212 1791255047062103 27529
213 1791255047081522 25881
214 1791255047098802 24213
215 1791255047117838 21242
216 1791255047147196 29355
217 1791255047159823 24458
218 1791255047177123 22739
219 1791255047201790 24709
220 1791255047218160 23851
221 1791255047244589 26425
222 1791255047262702 26502
223 1791255047281813 26684
224 1791255047298113 22966
225 1791255047321552 23498
226 1791255047342738 25879
227 1791255047362984 27041
228 1791255047384131 25346
229 1791255047401015 23420
230 1791255047420892 24194
231 1791255047441687 24575
232 1791255047456109 20777
233 1791255047475809 20648
234 1791255047504402 29557
235 1791255047523255 28126
236 1791255047539150 22597
237 1791255047557387 21929
238 1791255047584287 26897
239 1791255047603267 22249
240 1791255047619000 24610
241 1791255047639951 20947
242 1791255047660561 26323
243 1791255047681640 26334
244 1791255047702330 27113
245 1791255047716612 21611
246 1791255047744839 28223
247 1791255047765879 26396
248 1791255047782878 27739
249 1791255047801791 26628
250 1791255047816659 20654
251 1791255047841290 24628
252 1791255047858387 23284
253 1791255047879160 20851
254 1791255047899914 24638
255 1791255047915452 21140
256 1791255047943685 28230
257 1791255047961506 26317
258 1791255047980254 24764
259 1791255048005167 24910
260 1791255048023056 26355
261 1791255048042146 27230
262 1791255048063908 28494
263 1791255048075344 20863
264 1791255048097292 21946
265 1791255048124180 28814
266 1791255048141628 23673
267 1791255048158306 23978
268 1791255048180780 25406
269 1791255048204121 25572
270 1791255048222769 23220
271 1791255048241906 27692
272 1791255048262808 27571
273 1791255048283823 28765
274 1791255048302098 24520
275 1791255048321849 25747
276 1791255048338407 23112
277 1791255048364200 28528
278 1791255048385256 24632
279 1791255048395911 21138
280 1791255048422930 26986
281 1791255048444527 24653
282 1791255048464326 23781
283 1791255048483326 24352
284 1791255048503826 27137
285 1791255048524648 29402
286 1791255048540401 24564
287 1791255048555399 20472
288 1791255048582541 27137
289 1791255048605469 29295
290 1791255048621714 23536
291 1791255048643958 27111
292 1791255048656149 20981
293 1791255048680170 24017
294 1791255048702960 28601
295 1791255048723453 28837
296 1791255048741671 25872
297 1791255048764092 28478
298 1791255048785213 22150
299 1791255048799931 21570
300 1791255048823595 24115
301 1791255048843827 27127
302 1791255048862952 24407
303 1791255048877797 21570
304 1791255048902625 24823
305 1791255048921045 23548
306 1791255048935851 20835
307 1791255048960749 24988
308 1791255048982397 26651
309 1791255049001983 26868
310 1791255049021621 26494
311 1791255049042228 26856
312 1791255049064395 28998
313 1791255049083206 28124
314 1791255049103090 28435
315 1791255049122533 28011
316 1791255049138413 24229
317 1791255049163458 28085
318 1791255049183903 26086
319 1791255049197964 21840
320 1791255049222979 25011
321 1791255049241737 23939
322 1791255049262618 25217
323 1791255049284474 26153
324 1791255049310251 29038
325 1791255049325748 28993
326 1791255049336715 22287
327 1791255049358954 23918
328 1791255049380271 24227
329 1791255049407415 31868
330 1791255049424092 22736
331 1791255049435819 21073
332 1791255049463385 28871
333 1791255049482749 27539
334 1791255049504249 29316
335 1791255049522033 25752
336 1791255049542989 27617
337 1791255049564508 29429
338 1791255049582095 26216
339 1791255049599940 23696
340 1791255049626511 26567
341 1791255049643123 24694
342 1791255049665272 28670
343 1791255049681331 20986
344 1791255049695629 20421
345 1791255049715926 20713
346 1791255049743298 27367
347 1791255049762269 27131
348 1791255049776095 21345
349 1791255049804531 29136
350 1791255049823146 22738
351 1791255049839622 24544
352 1791255049863527 23901
353 1791255049882332 26783
354 1791255049895958 21211
355 1791255049919422 24123
356 1791255049942976 27746
357 1791255049964587 29665
358 1791255049975901 20747
359 1791255050002211 27087
360 1791255050017184 22087
361 1791255050043746 26675
362 1791255050065557 26176
363 1791255050083013 25765
364 1791255050098088 20982
365 1791255050123637 27925
366 1791255050144608 25862
367 1791255050159358 23527
368 1791255050183159 26350
369 1791255050203911 26556
370 1791255050225653 25142
371 1791255050242697 24708
372 1791255050264672 26293
373 1791255050283623 22233
374 1791255050305198 26534
375 1791255050325610 29509
376 1791255050344328 24390
377 1791255050362982 23338
378 1791255050384447 27846
379 1791255050405350 24455
380 1791255050419700 24879
381 1791255050444653 24951
382 1791255050461655 22433
383 1791255050484808 29509
384 1791255050505209 23923
385 1791255050522122 26153
386 1791255050544150 25860
387 1791255050563613 25745
388 1791255050583901 25485
389 1791255050605701 27272
390 1791255050624169 23926
391 1791255050643375 26770
392 1791255050662443 23111
393 1791255050679881 23731
394 1791255050698266 23214
395 1791255050722872 24602
396 1791255050739260 21849
397 1791255050761726 22565
398 1791255050778111 23253
399 1791255050801647 23531
400 1791255050820591 23058
401 1791255050842248 24780
402 1791255050855866 21056
403 1791255050877538 21666
404 1791255050898596 23188
405 1791255050920889 22425
406 1791255050935798 20935
407 1791255050963974 28174
408 1791255050989776 34151
409 1791255051004805 26284
410 1791255051026069 31079
411 1791255051054606 38689
412 1791255051066439 31641
413 1791255051082805 28195
414 1791255051107966 32669
415 1791255051131861 34377
416 1791255051142286 25266
417 1791255051165170 28620
418 1791255051187060 32644
419 1791255051204420 29411
420 1791255051226352 28012
421 1791255051244617 28938
422 1791255051266783 27254
423 1791255051283831 28391
424 1791255051304233 27061
425 1791255051323588 25525
426 1791255051345343 26699
427 1791255051368119 29059
428 1791255051385373 29982
429 1791255051399697 24858
430 1791255051427673 27972
431 1791255051447662 30632
432 1791255051464704 29471
433 1791255051494122 37267
434 1791255051507303 27793
435 1791255051522299 28172
436 1791255051544559 30128
437 1791255051572836 37492
438 1791255051583963 27527
439 1791255051604753 25419
440 1791255051623952 25809
441 1791255051645652 27958
442 1791255051663913 28694
443 1791255051685954 27655
444 1791255051704779 29527
445 1791255051727101 31808
446 1791255051745382 30083
447 1791255051767901 33394
448 1791255051789389 28365
449 1791255051801917 25891
450 1791255051822652 27058
451 1791255051841741 26332
452 1791255051866112 30305
453 1791255051888357 31104
454 1791255051903473 26484
455 1791255051918657 24092
456 1791255051944355 25691
457 1791255051965563 28968
458 1791255051982254 26888
459 1791255052004676 29781
460 1791255052022246 26974
461 1791255052044612 28672
462 1791255052072385 32538
463 1791255052087396 28398
464 1791255052104631 29756
465 1791255052121489 25683
466 1791255052149186 34042
467 1791255052166490 31285
468 1791255052184172 29318
469 1791255052206086 31431
470 1791255052223631 29295
471 1791255052245465 25125
472 1791255052274085 36324
473 1791255052284610 25183
474 1791255052302850 28762
475 1791255052325461 29709
476 1791255052348491 30903
477 1791255052373516 36055
478 1791255052396738 41009
479 1791255052420217 40460
480 1791255052443087 46346
481 1791255052463337 48431
482 1791255052493447 57461
483 1791255052515917 58954
484 1791255052535592 60409
485 1791255052556027 60760
486 1791255052582311 66391
487 1791255052608717 73121
488 1791255052625804 69774
489 1791255052652158 76932
490 1791255052679140 80864
491 1791255052704783 89579
492 1791255052719452 84158
493 1791255052744783 90458
494 1791255052772477 96976
495 1791255052803862 106335
496 1791255052824817 107894
497 1791255052846967 107233
498 1791255052879869 120159
499 1791255052892486 117448
500 1791255052915604 120542
501 1791255052935922 114767
502 1791255052989318 152515
503 1791255052989333 135009
504 1791255053000660 120787
505 1791255053013408 118086
506 1791255053035083 119475
507 1791255053062375 126451
508 1791255053067216 105130
509 1791255053078326 89005
510 1791255053082501 87858
511 1791255053103770 88860
512 1791255053130139 95053
513 1791255053163344 109198
514 1791255053183909 105582
515 1791255053202824 108011
516 1791255053228136 111372
517 1791255053260354 125369
518 1791255053284047 120528
519 1791255053304435 127395
520 1791255053321634 125109
521 1791255053347141 129795
522 1791255053365306 127229
523 1791255053380754 125662
524 1791255053394995 117387
525 1791255053425185 126960
526 1791255053437532 118310
527 1791255053446683 111845
528 1791255053467974 109880
529 1791255053482541 107682
530 1791255053504330 109332
531 1791255053523265 106605
532 1791255053541894 104350
533 1791255053554667 99689
534 1791255053573060 97526
535 1791255053592837 94188
536 1791255053607920 93075
537 1791255053619969 85471
538 1791255053634152 79481
539 1791255053644786 69923
540 1791255053663288 67778
541 1791255053678450 61513
542 1791255053688824 54670
543 1791255053704487 47907
544 1791255053714883 36430
545 1791255053732071 36238
546 1791255053742385 27499
547 1791255053764973 29288
548 1791255053792626 32881
549 1791255053807416 30894
550 1791255053824484 29682
551 1791255053848199 33097
552 1791255053863165 26245
553 1791255053884139 29465
554 1791255053915607 35043
555 1791255053936215 33753
556 1791255053942831 27222
557 1791255053966605 30412
558 1791255053995068 38510
559 1791255054007254 32250
560 1791255054023145 28074
561 1791255054043687 29193
562 1791255054065584 27419
563 1791255054092313 36297
564 1791255054107017 28677
565 1791255054125777 29270
566 1791255054152215 36933
567 1791255054168128 31131
568 1791255054183607 25991
569 1791255054205236 28869
570 1791255054228801 28160
571 1791255054247055 31483
572 1791255054264864 29332
573 1791255054288725 31836
574 1791255054305592 30002
575 1791255054328580 33159
576 1791255054344758 29217
577 1791255054364569 28331
578 1791255054390542 35448
579 1791255054406161 30084
580 1791255054426794 31985
581 1791255054442992 27881
582 1791255054463270 27726
583 1791255054487339 31517
584 1791255054506137 27081
585 1791255054524447 28779
586 1791255054543658 29032
587 1791255054566891 31599
588 1791255054586274 31259
589 1791255054615280 37782
590 1791255054625431 30138
591 1791255054644580 29297
592 1791255054663273 28186
593 1791255054685270 29593
594 1791255054703289 28583
595 1791255054725983 30393
596 1791255054744848 29590
597 1791255054769298 32126
598 1791255054784217 28946
599 1791255054803505 28416
600 1791255054825167 30408
601 1791255054843933 29183
602 1791255054864479 28119
603 1791255054883583 27537
604 1791255054906220 30517
605 1791255054928723 33555
606 1791255054945674 31315
607 1791255054963183 26242
608 1791255054977333 21544
609 1791255055004030 29606
610 1791255055032079 36929
611 1791255055043349 25953
612 1791255055064672 28213
613 1791255055083611 24010
614 1791255055106185 29244
615 1791255055124189 27658
616 1791255055155867 35740
617 1791255055167445 30898
618 1791255055183607 27736
619 1791255055210653 33948
620 1791255055225470 29074
621 1791255055253132 36560
622 1791255055267740 29948
623 1791255055287566 31356
624 1791255055306392 28886
625 1791255055333497 38000
626 1791255055345401 28833
627 1791255055365029 26240
628 1791255055382339 27816
629 1791255055404641 29687
630 1791255055425662 25544
631 1791255055448900 34074
632 1791255055464251 29301
633 1791255055492378 36279
634 1791255055503278 27205
635 1791255055533152 38533
636 1791255055545537 29080
637 1791255055569105 34422
638 1791255055583921 29165
639 1791255055603696 28754
640 1791255055634063 38916
641 1791255055644995 29044
642 1791255055665702 31637
643 1791255055689497 30397
644 1791255055705290 29296
645 1791255055725206 29114
646 1791255055754122 36002
647 1791255055765301 26265
648 1791255055783162 29035
649 1791255055801527 26474
650 1791255055823221 27825
651 1791255055847131 32290
652 1791255055865690 31199
653 1791255055884008 26810
654 1791255055905341 30129
655 1791255055924150 27870
656 1791255055949674 35023
657 1791255055966320 30409
658 1791255055989941 34138
659 1791255056004715 27832
660 1791255056024555 28469
661 1791255056044258 26986
662 1791255056064423 25150
663 1791255056080667 25306
664 1791255056102813 28149
665 1791255056129480 33341
666 1791255056143525 28344
667 1791255056169551 34473
668 1791255056185408 28495
669 1791255056206035 31120
670 1791255056224234 27074
671 1791255056245543 25713
672 1791255056263979 29452
673 1791255056285329 27050
674 1791255056304753 29547
675 1791255056323168 25642
676 1791255056343813 28137
677 1791255056372148 34558
678 1791255056386695 29754
679 1791255056405111 29900
680 1791255056425319 27922
681 1791255056450324 35982
682 1791255056461493 25981
683 1791255056478589 24068
684 1791255056504316 25721
685 1791255056518995 23545
686 1791255056546929 27932
687 1791255056567134 30953
688 1791255056583340 28148
689 1791255056604355 29609
690 1791255056635372 36875
691 1791255056658854 42054
692 1791255056683141 47821
693 1791255056704029 45705
694 1791255056715800 40506
695 1791255056734066 39672
696 1791255056763768 48545
697 1791255056780617 46549
698 1791255056803402 48280
699 1791255056828308 50673
700 1791255056844102 47130
701 1791255056864332 49784
702 1791255056884463 48468
703 1791255056906941 51654
704 1791255056925927 47565
705 1791255056946254 49617
706 1791255056972824 55431
707 1791255056994232 58660
708 1791255057007153 52656
709 1791255057034534 55104
710 1791255057045860 51624
711 1791255057073739 59207
712 1791255057091892 57356
713 1791255057124370 65078
714 1791255057141278 62242
715 1791255057154701 59325
716 1791255057176374 60741
717 1791255057201610 64230
718 1791255057223350 68646
719 1791255057244540 68874
720 1791255057262471 67058
721 1791255057284125 68627
722 1791255057302933 66492
723 1791255057323555 68360
724 1791255057354600 75505
725 1791255057365707 71034
726 1791255057387409 68955
727 1791255057410318 72655
728 1791255057427332 72729
729 1791255057444112 67505
730 1791255057464698 68918
731 1791255057492001 77137
732 1791255057516462 76948
733 1791255057530533 76291
734 1791255057547165 71963
735 1791255057573398 78094
736 1791255057593488 77022
737 1791255057611626 75111
738 1791255057625546 69376
739 1791255057652245 71903
740 1791255057669384 72303
741 1791255057687630 72724
742 1791255057716997 82260
743 1791255057734481 76207
744 1791255057759747 83196
745 1791255057777135 81651
746 1791255057796842 80214
747 1791255057821893 87409
748 1791255057842424 86878
749 1791255057861237 84097
750 1791255057874532 80110
751 1791255057894136 78919
752 1791255057912914 77080
753 1791255057935038 80364
754 1791255057946586 72090
755 1791255057964568 70429
756 1791255057984763 67789
757 1791255058005210 70171
758 1791255058022398 65611
759 1791255058036624 60954
760 1791255058058652 61596
761 1791255058075423 59652
762 1791255058094666 58038
763 1791255058115375 59943
764 1791255058126189 50759
765 1791255058150857 56188
766 1791255058163103 47725
767 1791255058179196 43653
768 1791255058193623 38649
769 1791255058215226 36027
770 1791255058231167 35248
771 1791255058246006 30776
772 1791255058266393 31010
773 1791255058284480 25947
774 1791255058307040 27442
775 1791255058325545 30089
776 1791255058342437 27417
777 1791255058362921 28122
778 1791255058386409 31204
779 1791255058405074 27515
780 1791255058429121 31498
781 1791255058442494 24946
782 1791255058465199 30972
783 1791255058486403 27181
784 1791255058506577 31847
785 1791255058528107 32630
786 1791255058544415 29393
787 1791255058564587 29606
788 1791255058579189 22044
789 1791255058604143 24950
790 1791255058623372 28241
791 1791255058644137 26723
792 1791255058666323 27327
793 1791255058685222 30837
794 1791255058704454 29629
795 1791255058730978 34026
796 1791255058744743 26912
797 1791255058763297 27423
798 1791255058788158 32706
799 1791255058805314 27818
800 1791255058826121 28322
801 1791255058849009 34014
802 1791255058865054 29459
803 1791255058884529 29181
804 1791255058903824 26970
805 1791255058924150 25198
806 1791255058944877 28022
807 1791255058966229 31922
808 1791255058981477 25705
809 1791255059003443 28607
810 1791255059018522 21924
811 1791255059042642 27132
812 1791255059065831 29963
813 1791255059086913 26829
814 1791255059102673 27260
815 1791255059124237 29189
816 1791255059144723 29635
817 1791255059163529 27937
818 1791255059184304 29406
819 1791255059205420 29585
820 1791255059221377 26763
821 1791255059243380 26252
822 1791255059264848 26226
823 1791255059285435 26016
824 1791255059307921 29246
825 1791255059333393 35392
826 1791255059344712 27795
827 1791255059364302 25090
828 1791255059384432 29527
829 1791255059405671 28882
830 1791255059423068 28517
831 1791255059445690 30342
832 1791255059466991 29159
833 1791255059485696 29763
834 1791255059502243 25220
835 1791255059525591 27451
836 1791255059544347 27874
837 1791255059563409 27472
838 1791255059579539 24655
839 1791255059600322 25263
840 1791255059626498 30459
841 1791255059643588 26462
842 1791255059664024 28510
843 1791255059684300 28803
844 1791255059706123 31921
845 1791255059724653 29926
846 1791255059752909 32398
847 1791255059764507 26980
848 1791255059785727 27221
849 1791255059802693 27906
850 1791255059824788 29220
851 1791255059843033 28266
852 1791255059864472 28965
853 1791255059883644 25136
854 1791255059904252 27610
855 1791255059922971 23838
856 1791255059946102 31204
857 1791255059963672 28478
858 1791255059983426 28903
859 1791255060002508 24403
860 1791255060030616 35327
861 1791255060050672 34908
862 1791255060073807 38894
863 1791255060093328 37974
864 1791255060114687 39291
865 1791255060141883 44179
866 1791255060161319 46629
867 1791255060186241 50472
868 1791255060218089 60986
869 1791255060228498 53970
870 1791255060254894 56695
871 1791255060287370 69278
872 1791255060300902 65404
873 1791255060324903 70006
874 1791255060342326 66368
875 1791255060359612 63952
876 1791255060373906 58812
877 1791255060394146 57957
878 1791255060423710 68440
879 1791255060445210 69427
880 1791255060464451 70302
881 1791255060488644 73611
882 1791255060510201 72452
883 1791255060535453 75432
884 1791255060549378 73779
885 1791255060574114 77861
886 1791255060592452 77351
887 1791255060613170 77912
888 1791255060633706 78892
889 1791255060646552 72435
890 1791255060674033 75653
891 1791255060705127 83808
892 1791255060712415 76867
893 1791255060741745 81622
894 1791255060755930 81895
895 1791255060782417 82312
896 1791255060794049 79018
897 1791255060822322 86112
898 1791255060837551 81618
899 1791255060857964 82841
900 1791255060878966 84913
901 1791255060901315 85813
902 1791255060923324 85770
903 1791255060942198 84232
904 1791255060964500 85530
905 1791255060974979 79445
906 1791255060997454 82568
907 1791255061015359 78992
908 1791255061043667 89364
909 1791255061063495 88513
910 1791255061081497 84040
911 1791255061093421 78059
912 1791255061107658 72704
913 1791255061125656 69916
914 1791255061137260 61852
915 1791255061161812 65886
916 1791255061170701 55870
917 1791255061191266 54002
918 1791255061201857 47389
919 1791255061228189 51330
920 1791255061243521 47383
921 1791255061254869 39534
922 1791255061267732 33002
923 1791255061286353 31704
924 1791255061303026 27261
925 1791255061324738 30052
926 1791255061342285 27741
927 1791255061371919 36881
928 1791255061383880 28302
929 1791255061403586 27223
930 1791255061425780 30492
931 1791255061442869 28108
932 1791255061465545 29849
933 1791255061484882 25895
934 1791255061504069 26116
935 1791255061526306 30058
936 1791255061543494 29261
937 1791255061569027 33906
938 1791255061585395 29773
939 1791255061606633 30108
940 1791255061616889 22327
941 1791255061652129 35461
942 1791255061664183 25351
943 1791255061685456 28772
944 1791255061704186 28459
945 1791255061729586 33257
946 1791255061740385 25967
947 1791255061773129 37277
948 1791255061783947 28663
949 1791255061804808 29149
950 1791255061832697 33165
951 1791255061844619 29017
952 1791255061865725 30448
953 1791255061887863 32552
954 1791255061904321 28143
955 1791255061923298 27582
956 1791255061938482 23810
957 1791255061959153 24362
958 1791255061984458 26169
959 1791255062005328 24798
960 1791255062028677 33904
961 1791255062044353 27138
962 1791255062069341 31112
963 1791255062082108 27442
964 1791255062104325 29849
965 1791255062125477 29615
966 1791255062144626 26718
967 1791255062164225 28020
968 1791255062185592 30808
969 1791255062202379 27612
970 1791255062222807 24365
971 1791255062241017 26461
972 1791255062264041 28721
973 1791255062279374 25185
974 1791255062302461 28263
975 1791255062323372 28018
976 1791255062344245 28572
977 1791255062364636 26775
978 1791255062386923 31751
979 1791255062402942 27732
980 1791255062431537 35243
981 1791255062445980 27929
982 1791255062469935 34392
983 1791255062490462 31808
984 1791255062510524 33581
985 1791255062524863 29480
986 1791255062539951 23728
987 1791255062568964 33546
988 1791255062583507 28285
989 1791255062605444 29855
990 1791255062624990 27604
991 1791255062643695 28226
992 1791255062664336 26751
993 1791255062693709 38316
994 1791255062704301 29176
995 1791255062728036 25994
996 1791255062744712 29907
997 1791255062761665 27388
998 1791255062784512 29688
999 1791255062803311 27918
1000 1791255062822906 27614
1001 1791255062843713 26961
1002 1791255062864788 26592
1003 1791255062883483 28041
1004 1791255062904698 27337
1005 1791255062929500 34305
1006 1791255062945704 29431
1007 1791255062967924 32954
1008 1791255062981898 25831
1009 1791255063004580 28217
1010 1791255063024136 28042
1011 1791255063048105 30678
1012 1791255063065810 30742
1013 1791255063077235 22569
1014 1791255063106627 29826
1015 1791255063123942 24923
1016 1791255063147239 30643
1017 1791255063168235 32200
1018 1791255063186756 32213
1019 1791255063218121 42662
1020 1791255063240197 43727
1021 1791255063266563 48434
1022 1791255063284570 50172
1023 1791255063313994 55033
1024 1791255063331664 56933
1025 1791255063362828 66267
1026 1791255063376222 61018
1027 1791255063402188 66694
1028 1791255063425388 70131
1029 1791255063449880 73852
1030 1791255063483738 89005
1031 1791255063495268 80848
1032 1791255063520983 85504
1033 1791255063549174 92907
1034 1791255063569055 93941
1035 1791255063592671 97401
1036 1791255063622812 107603
1037 1791255063644422 105705
1038 1791255063657262 101019
1039 1791255063679180 104263
1040 1791255063703336 106647
1041 1791255063715761 100335
1042 1791255063735494 98723
1043 1791255063761462 104196
1044 1791255063784650 105464
1045 1791255063802651 108026
1046 1791255063815925 100976
1047 1791255063842017 106519
1048 1791255063865590 110858
1049 1791255063882470 107878
1050 1791255063901109 105869
1051 1791255063923252 107324
1052 1791255063946975 111207
1053 1791255063964583 103866
1054 1791255063981164 104973
1055 1791255064000625 106107
1056 1791255064012555 96999
1057 1791255064034856 96827
1058 1791255064048065 91926
1059 1791255064068656 90530
1060 1791255064088563 87934
1061 1791255064101616 85264
1062 1791255064123638 88957
1063 1791255064133703 78012
1064 1791255064150800 75655
1065 1791255064178111 81218
1066 1791255064191036 76296
1067 1791255064209447 71349
1068 1791255064223592 67155
1069 1791255064244611 66485
1070 1791255064255491 60299
1071 1791255064262153 47037
1072 1791255064281676 46045
1073 1791255064293210 37717
1074 1791255064306711 31538
1075 1791255064323020 28731
1076 1791255064348321 33253
1077 1791255064362803 28629
1078 1791255064384204 28976
1079 1791255064408042 31475
1080 1791255064422076 26143
1081 1791255064437276 22455
1082 1791255064472036 34756
1083 1791255064485228 28530
1084 1791255064504906 30485
1085 1791255064524253 23099
1086 1791255064543294 27691
1087 1791255064568970 32519
1088 1791255064583728 28437
1089 1791255064605434 29910
1090 1791255064626294 29573
1091 1791255064641189 25097
1092 1791255064664516 29360
1093 1791255064685715 30996
1094 1791255064699872 25078
1095 1791255064724434 29422
1096 1791255064743431 25795
1097 1791255064767173 31252
1098 1791255064777797 23021
1099 1791255064809221 31867
1100 1791255064839381 39817
1101 1791255064852201 37561
1102 1791255064866908 27524
1103 1791255064879881 25305
1104 1791255064902705 27112
1105 1791255064923756 28096
1106 1791255064944229 29176
1107 1791255064965876 30817
1108 1791255064983110 28409
1109 1791255065005508 30226
1110 1791255065023915 27703
1111 1791255065044663 27839
1112 1791255065070396 32651
1113 1791255065086272 29992
1114 1791255065103615 28490
1115 1791255065121945 25784
1116 1791255065143887 28310
1117 1791255065168203 33156
1118 1791255065185302 28496
1119 1791255065207835 32659
1120 1791255065225905 29566
1121 1791255065248581 32785
1122 1791255065265731 30204
1123 1791255065289766 34316
1124 1791255065308009 31728
1125 1791255065323901 28609
1126 1791255065350251 34667
1127 1791255065366375 29969
1128 1791255065377229 22885
1129 1791255065412937 35705
1130 1791255065427675 29959
1131 1791255065444007 27361
1132 1791255065465738 30528
1133 1791255065483319 28151
1134 1791255065506698 31253
1135 1791255065523656 27980
1136 1791255065547485 32588
1137 1791255065569024 33965
1138 1791255065583143 28412
1139 1791255065604235 29672
1140 1791255065622725 28377
1141 1791255065644733 28454
1142 1791255065667249 28911
1143 1791255065683800 28817
1144 1791255065706226 30052
1145 1791255065727701 30784
1146 1791255065746292 31960
1147 1791255065774223 38682
1148 1791255065788945 32089
1149 1791255065803704 29478
1150 1791255065823903 28073
1151 1791255065839553 22185
1152 1791255065864527 29061
1153 1791255065888155 33047
1154 1791255065904419 29350
1155 1791255065923545 27585
1156 1791255065948324 32679
1157 1791255065962872 28144
1158 1791255065982952 28270
1159 1791255066004418 25324
1160 1791255066020092 21890
1161 1791255066039665 21810
1162 1791255066064097 27687
1163 1791255066082590 27331
1164 1791255066099380 22225
1165 1791255066123349 26056
1166 1791255066144432 26663
1167 1791255066162564 21529
1168 1791255066186044 30564
1169 1791255066203325 22710
1170 1791255066224286 28220
1171 1791255066243547 26445
1172 1791255066256291 21622
1173 1791255066277314 21019
1174 1791255066302550 25415
1175 1791255066317111 21147
1176 1791255066341843 24729
1177 1791255066363733 28908
1178 1791255066381841 26214
1179 1791255066403592 26352
1180 1791255066419524 22606
1181 1791255066437359 21862
1182 1791255066463141 28313
1183 1791255066486118 27632
1184 1791255066498034 22368
1185 1791255066519113 23299
1186 1791255066541677 22650
1187 1791255066564194 28061
1188 1791255066583399 26498
1189 1791255066602520 23480
1190 1791255066622323 26323
1191 1791255066642892 26476
1192 1791255066661916 27231
1193 1791255066684943 28934
1194 1791255066704537 23397
1195 1791255066723560 25833
1196 1791255066742902 25344
1197 1791255066760309 20896
1198 1791255066778910 23453
1199 1791255066798409 23695
1200 1791255066827993 29644
1201 1791255066843495 22567
1202 1791255066868541 33354
1203 1791255066885901 23918
1204 1791255066896456 21174
1205 1791255066917031 20677
1206 1791255066942413 25378
1207 1791255066958513 23050
1208 1791255066978118 23289
1209 1791255067004029 29174
1210 1791255067021309 26115
1211 1791255067038502 23787
1212 1791255067065211 26704
1213 1791255067083478 24819
1214 1791255067102233 25275
1215 1791255067122241 26364
1216 1791255067138661 24238
1217 1791255067163233 24828
1218 1791255067177650 22332
1219 1791255067199910 22257
1220 1791255067224353 26251
1221 1791255067242474 21483
1222 1791255067260056 25310
1223 1791255067282496 22437
1224 1791255067304618 27528
1225 1791255067322311 22222
1226 1791255067344062 27439
1227 1791255067362162 27735
1228 1791255067379762 24472
1229 1791255067402345 24675
1230 1791255067422092 26785
1231 1791255067439004 24314
1232 1791255067456095 21856
1233 1791255067479139 24026
1234 1791255067497640 23355
1235 1791255067515360 20810
1236 1791255067537934 22601
1237 1791255067563347 25409
1238 1791255067584018 25843
1239 1791255067602929 23795
1240 1791255067623229 28794
1241 1791255067642030 26962
1242 1791255067662551 26657
1243 1791255067679376 24309
1244 1791255067703622 24243
1245 1791255067720619 25492
1246 1791255067741192 26146
1247 1791255067756149 21431
1248 1791255067783341 29057
1249 1791255067802445 27967
1250 1791255067820895 25772
1251 1791255067837397 21605
1252 1791255067858123 23015
1253 1791255067883542 27650
1254 1791255067903105 24198
1255 1791255067917195 20891
1256 1791255067943155 26233
1257 1791255067965177 26904
1258 1791255067981868 23808
1259 1791255067997478 22987
1260 1791255068023244 25763
1261 1791255068041298 24487
1262 1791255068060640 25551
1263 1791255068081866 27181
1264 1791255068101060 25372
1265 1791255068122835 21771
1266 1791255068142690 27463
1267 1791255068159946 23978
1268 1791255068183828 25658
1269 1791255068204646 25140
1270 1791255068224555 27489
1271 1791255068237807 22825
1272 1791255068265478 27667
1273 1791255068278734 21617
1274 1791255068301569 22831
1275 1791255068322781 27055
1276 1791255068342559 25664
1277 1791255068361388 25725
1278 1791255068376988 21576
1279 1791255068401109 24119
1280 1791255068418586 22761
1281 1791255068443569 24979
1282 1791255068463314 23143
1283 1791255068476642 20782
1284 1791255068500424 25748
1285 1791255068522456 27420
1286 1791255068539185 23176
1287 1791255068564113 24926
1288 1791255068581516 25813
1289 1791255068604082 27199
1290 1791255068623765 26255
1291 1791255068644174 27428
1292 1791255068665124 27323
1293 1791255068682398 23416
1294 1791255068705738 29608
1295 1791255068722841 27786
1296 1791255068742530 27472
1297 1791255068755666 20491
1298 1791255068782300 26630
1299 1791255068803174 26811
1300 1791255068822981 26922
1301 1791255068838279 22832
1302 1791255068867990 31825
1303 1791255068883778 22643
1304 1791255068896003 20508
1305 1791255068920008 24220
1306 1791255068944127 28944
1307 1791255068963933 28617
1308 1791255068975495 21037
1309 1791255069004066 28920
1310 1791255069024486 22669
1311 1791255069038386 24143
1312 1791255069067629 29240
1313 1791255069083174 26012
1314 1791255069101358 25812
1315 1791255069123893 28818
1316 1791255069143240 28408
1317 1791255069164043 26871
1318 1791255069178917 24409
1319 1791255069203829 24910
1320 1791255069234638 39119
1321 1791255069245270 28263
1322 1791255069260654 26013
1323 1791255069278246 23607
1324 1791255069302851 27493
1325 1791255069330564 33370
1326 1791255069348903 30927
1327 1791255069365940 30745
1328 1791255069384016 26738
1329 1791255069408991 33705
1330 1791255069424800 30244
1331 1791255069446125 30859
1332 1791255069464540 25672
1333 1791255069492081 37385
1334 1791255069504787 30107
1335 1791255069530548 35645
1336 1791255069542548 27227
1337 1791255069569875 34946
1338 1791255069583812 28989
1339 1791255069619853 42686
1340 1791255069632593 37274
1341 1791255069643380 24686
1342 1791255069674082 38067
1343 1791255069684279 29400
1344 1791255069698570 24485
1345 1791255069724484 29916
1346 1791255069746554 28959
1347 1791255069773987 34488
1348 1791255069795748 38516
1349 1791255069813103 37886
1350 1791255069833258 37505
1351 1791255069845861 31119
1352 1791255069873377 35072
1353 1791255069899149 44482
1354 1791255069915105 39543
1355 1791255069935464 35498
1356 1791255069952931 37904
1357 1791255069965128 30043
1358 1791255069991168 33599
1359 1791255070014714 39736
1360 1791255070028306 33560
1361 1791255070050351 35634
1362 1791255070079655 44570
1363 1791255070100119 45489
1364 1791255070123371 46267
1365 1791255070133672 38319
1366 1791255070155408 39617
1367 1791255070178691 42952
1368 1791255070196036 40623
1369 1791255070218146 40628
1370 1791255070250281 54242
1371 1791255070257805 42121
1372 1791255070284254 47561
1373 1791255070305599 50759
1374 1791255070325352 43975
1375 1791255070345415 48992
1376 1791255070366742 50048
1377 1791255070376892 42464
1378 1791255070394881 39598
1379 1791255070425489 50598
1380 1791255070450356 55470
1381 1791255070467758 50581
1382 1791255070485420 48817
1383 1791255070497576 38818
1384 1791255070529567 53977
1385 1791255070545248 50393
1386 1791255070564785 50072
1387 1791255070585351 50370
1388 1791255070612498 57708
1389 1791255070626626 51846
1390 1791255070646381 47178
1391 1791255070664704 50054
1392 1791255070679648 43875
1393 1791255070706016 49944
1394 1791255070730805 55362
1395 1791255070753418 58150
1396 1791255070774594 59564
1397 1791255070801395 65621
1398 1791255070815169 59403
1399 1791255070835840 61242
1400 1791255070859602 60171
1401 1791255070890396 75216
1402 1791255070923021 87178
1403 1791255070927416 67811
1404 1791255070927925 52928
1405 1791255070944644 42420
1406 1791255070962824 39798
1407 1791255070995413 56235
1408 1791255071014822 58825
1409 1791255071033674 54923
1410 1791255071055692 60275
1411 1791255071083163 68338
1412 1791255071098379 62475
1413 1791255071117439 61744
1414 1791255071138582 61980
1415 1791255071155750 60815
1416 1791255071174400 59857
1417 1791255071204396 65812
1418 1791255071222905 67152
1419 1791255071234484 60083
1420 1791255071265893 70485
1421 1791255071274274 59405
1422 1791255071294882 60394
1423 1791255071312750 57350
1424 1791255071337701 63423
1425 1791255071353706 59201
1426 1791255071376381 60351
1427 1791255071404330 68907
1428 1791255071424644 67246
1429 1791255071441520 66526
1430 1791255071463624 67557
1431 1791255071484704 69503
1432 1791255071504725 68643
1433 1791255071518162 62497
1434 1791255071543852 68517
1435 1791255071564727 69894
1436 1791255071584664 69629
1437 1791255071610429 74322
1438 1791255071632341 77255
1439 1791255071646789 71816
1440 1791255071663480 64090
1441 1791255071694769 79235
1442 1791255071704639 68946
1443 1791255071734200 78466
1444 1791255071746033 70208
1445 1791255071762872 68100
1446 1791255071789008 71114
1447 1791255071804343 70141
1448 1791255071838611 83741
1449 1791255071843718 67984
1450 1791255071875407 78727
1451 1791255071895325 78147
1452 1791255071905527 66913
1453 1791255071938692 80734
1454 1791255071953647 78237
1455 1791255071973136 77809
1456 1791255071985784 70944
1457 1791255072013698 76658
1458 1791255072026682 71451
1459 1791255072044967 69278
1460 1791255072063030 63518
1461 1791255072079901 63844
1462 1791255072104122 68102
1463 1791255072122691 66472
1464 1791255072148845 74529
1465 1791255072169529 70676
1466 1791255072177066 61963
1467 1791255072195318 54560
1468 1791255072211425 56344
1469 1791255072222004 45726
1470 1791255072237508 42187
1471 1791255072258339 42043
1472 1791255072277633 41217
1473 1791255072294888 38522
1474 1791255072321123 43554
1475 1791255072333965 39074
1476 1791255072347416 28623
1477 1791255072371158 31620
1478 1791255072381949 26572
1479 1791255072413585 37323
1480 1791255072433900 37267
1481 1791255072446987 32032
1482 1791255072473306 36952
1483 1791255072492366 36841
1484 1791255072505284 29259
1485 1791255072525965 29379
1486 1791255072544266 28438
1487 1791255072565229 26216
1488 1791255072578734 23518
1489 1791255072616470 40035
1490 1791255072624976 28250
1491 1791255072650544 34665
1492 1791255072663963 28220
1493 1791255072696262 40159
1494 1791255072708856 28615
1495 1791255072737795 41530
1496 1791255072746805 30990
1497 1791255072773908 36110
1498 1791255072799286 44028
1499 1791255072816135 35099
1500 1791255072830291 35906
1501 1791255072849929 35465
1502 1791255072869302 33829
1503 1791255072897679 41188
1504 1791255072913811 38763
1505 1791255072940845 46243
1506 1791255072954763 38682
1507 1791255072968459 28029
1508 1791255072992739 37973
1509 1791255073007356 32140
1510 1791255073032318 35359
1511 1791255073044952 30102
1512 1791255073087691 51027
1513 1791255073093673 37377
1514 1791255073115598 38272
1515 1791255073132131 35468
1516 1791255073155980 40379
1517 1791255073173411 38652
1518 1791255073200571 44588
1519 1791255073223965 48700
1520 1791255073234471 33896
1521 1791255073261691 42200
1522 1791255073272862 38388
1523 1791255073303185 41491
1524 1791255073323862 46372
1525 1791255073342785 39596
1526 1791255073352244 36533
1527 1791255073376374 40495
1528 1791255073394680 39946
1529 1791255073415335 38957
1530 1791255073430052 35369
1531 1791255073456806 41469
1532 1791255073478745 44241
1533 1791255073499859 43051
1534 1791255073522610 44951
1535 1791255073545302 46208
1536 1791255073563334 42178
1537 1791255073579191 44024
1538 1791255073602008 47464
1539 1791255073617584 40299
1540 1791255073641636 45651
1541 1791255073665664 48076
1542 1791255073679658 40326
1543 1791255073704857 50050
1544 1791255073724947 47332
1545 1791255073737711 39976
1546 1791255073765086 49864
1547 1791255073783990 47120
1548 1791255073797714 41990
1549 1791255073823756 44702
1550 1791255073841248 45666
1551 1791255073864579 46140
1552 1791255073874339 35915
1553 1791255073908904 54216
1554 1791255073921984 47643
1555 1791255073944001 48080
1556 1791255073959718 44480
1557 1791255073993325 57456
1558 1791255074019902 60180
1559 1791255074026044 44529
1560 1791255074053444 57057
1561 1791255074069375 49470
1562 1791255074085664 46049
1563 1791255074103434 46086
1564 1791255074114702 40124
1565 1791255074145476 50730
1566 1791255074163624 48919
1567 1791255074185371 49599
1568 1791255074204741 49131
1569 1791255074231509 55729
1570 1791255074248280 53729
1571 1791255074270638 55583
1572 1791255074281034 46054
1573 1791255074304336 45461
1574 1791255074333402 58028
1575 1791255074350247 54717
1576 1791255074368730 52148
1577 1791255074379978 41926
1578 1791255074407598 52722
1579 1791255074435553 57460
1580 1791255074444043 48541
1581 1791255074473698 58828
1582 1791255074493084 57527
1583 1791255074513747 55205
1584 1791255074534265 58205
1585 1791255074555601 59442
1586 1791255074582004 63563
1587 1791255074593928 59660
1588 1791255074613865 58260
1589 1791255074638524 62521
1590 1791255074654531 58749
1591 1791255074686053 70683
1592 1791255074701348 66560
1593 1791255074724018 69483
1594 1791255074735450 60072
1595 1791255074769643 69278
1596 1791255074776079 61413
1597 1791255074793329 58817
1598 1791255074821682 62596
1599 1791255074827303 51668
1600 1791255074860021 62181
1601 1791255074874704 55797
1602 1791255074894651 59875
1603 1791255074911939 56115
1604 1791255074939409 64701
1605 1791255074954766 60111
1606 1791255074976046 60958
1607 1791255075001780 67058
1608 1791255075020377 65608
1609 1791255075039391 63342
1610 1791255075064324 64199
1611 1791255075081969 63474
1612 1791255075108037 68870
1613 1791255075117553 61871
1614 1791255075144419 69610
1615 1791255075156143 60802
1616 1791255075186787 70512
1617 1791255075204296 67158
1618 1791255075230335 75434
1619 1791255075242967 67299
1620 1791255075271232 75995
1621 1791255075292244 77521
1622 1791255075309845 75322
1623 1791255075332345 77004
1624 1791255075341719 67011
1625 1791255075363975 68492
1626 1791255075373298 58029
1627 1791255075403910 68059
1628 1791255075416985 61088
1629 1791255075434842 60193
1630 1791255075456810 61521
1631 1791255075481509 64521
1632 1791255075500121 65275
1633 1791255075523983 67473
1634 1791255075548752 73199
1635 1791255075561980 64099
1636 1791255075584879 69018
1637 1791255075598906 61377
1638 1791255075632077 72864
1639 1791255075648059 72664
1640 1791255075659605 61842
1641 1791255075689680 71364
1642 1791255075695125 59835
1643 1791255075722792 68048
1644 1791255075746192 70487
1645 1791255075755624 60495
1646 1791255075773654 58969
1647 1791255075789050 52660
1648 1791255075812014 56387
1649 1791255075834375 58876
1650 1791255075852714 58160
1651 1791255075873593 58669
1652 1791255075879695 45316
1653 1791255075895392 36365
1654 1791255075922948 45789
1655 1791255075938740 43344
1656 1791255075963367 47531
1657 1791255075974767 36520
1658 1791255075987999 32336
1659 1791255076004204 29516
1660 1791255076030244 34540
1661 1791255076042921 27315
1662 1791255076067444 32985
1663 1791255076085579 27593
1664 1791255076113282 35845
1665 1791255076125300 29783
1666 1791255076154645 36031
1667 1791255076164780 30109
1668 1791255076196833 42184
1669 1791255076208580 32520
1670 1791255076223530 29125
1671 1791255076246697 30648
1672 1791255076259574 24073
1673 1791255076284615 29676
1674 1791255076314757 37717
1675 1791255076333782 37724
1676 1791255076347165 32406
1677 1791255076363613 27425
1678 1791255076384809 26681
1679 1791255076400023 24214
1680 1791255076427528 31622
1681 1791255076447888 32245
1682 1791255076464298 29667
1683 1791255076487586 31702
1684 1791255076514352 34327
1685 1791255076531603 35531
1686 1791255076549928 35573
1687 1791255076569061 33707
1688 1791255076592787 35240
1689 1791255076606478 32000
1690 1791255076624629 29127
1691 1791255076641206 24570
1692 1791255076673920 36361
1693 1791255076686440 31835
1694 1791255076705561 29808
1695 1791255076738698 41583
1696 1791255076748887 32728
1697 1791255076763284 24583
1698 1791255076785151 30154
1699 1791255076821872 47152
1700 1791255076833937 38529
1701 1791255076855026 36998
1702 1791255076869763 32141
1703 1791255076889966 34937
1704 1791255076913819 37885
1705 1791255076934387 38766
1706 1791255076954840 39507
1707 1791255076976764 42373
1708 1791255076991773 36929
1709 1791255077013059 36293
1710 1791255077026557 30403
1711 1791255077057381 38926
1712 1791255077073185 37882
1713 1791255077091663 34279
1714 1791255077112810 36894
1715 1791255077141530 46112
1716 1791255077156290 38533
1717 1791255077182237 44620
1718 1791255077187661 32189
1719 1791255077218700 44087
1720 1791255077242302 45629
1721 1791255077262425 43722
1722 1791255077292970 57910
1723 1791255077308526 53113
1724 1791255077315817 40403
1725 1791255077346909 51594
1726 1791255077361381 46576
1727 1791255077374902 39058
1728 1791255077410365 54286
1729 1791255077420711 45959
1730 1791255077444682 48882
1731 1791255077465411 49807
1732 1791255077488095 52723
1733 1791255077504785 49700
1734 1791255077526073 51204
1735 1791255077541172 46772
1736 1791255077564742 49720
1737 1791255077583631 48808
1738 1791255077594326 38143
1739 1791255077622224 46708
1740 1791255077638380 44050
1741 1791255077674635 55692
1742 1791255077685495 47758
1743 1791255077712328 52219
1744 1791255077727025 52387
1745 1791255077742877 47147
1746 1791255077765168 49215
1747 1791255077799039 64665
1748 1791255077813191 55665
1749 1791255077826293 51669
1750 1791255077848191 49148
1751 1791255077869892 55018
1752 1791255077883940 48565
1753 1791255077914565 59312
1754 1791255077937868 62694
1755 1791255077948067 51918
1756 1791255077957359 43038
1757 1791255077993702 55831
1758 1791255078013555 57521
1759 1791255078039621 63155
1760 1791255078057518 58921
1761 1791255078075704 55286
1762 1791255078103595 68474
1763 1791255078103601 47076
1764 1791255078127892 52185
1765 1791255078147351 50694
1766 1791255078171945 57083
1767 1791255078188738 52770
1768 1791255078206558 50541
1769 1791255078231553 56359
1770 1791255078254813 56275
1771 1791255078272047 57304
1772 1791255078297962 61553
1773 1791255078306791 51974
1774 1791255078335761 58689
1775 1791255078352304 54339
1776 1791255078370077 55075
1777 1791255078389591 55116
1778 1791255078414411 58748
1779 1791255078427476 51169
1780 1791255078447544 51904
1781 1791255078466577 52163
1782 1791255078500212 62384
1783 1791255078509555 53746
1784 1791255078527742 52099
1785 1791255078544874 44657
1786 1791255078576209 59909
1787 1791255078591385 55294
1788 1791255078614437 58484
1789 1791255078626163 49949
1790 1791255078647095 49432
1791 1791255078674866 60426
1792 1791255078703542 67323
1793 1791255078724245 68908
1794 1791255078735020 60151
1795 1791255078752854 56557
1796 1791255078774918 57295
1797 1791255078798802 63779
1798 1791255078814317 59173
1799 1791255078833888 59304
1800 1791255078852697 53892
1801 1791255078875359 61039
1802 1791255078895752 57733
1803 1791255078923643 67255
1804 1791255078935705 60342
1805 1791255078954126 59551
1806 1791255078973433 57637
1807 1791255078997546 61837
1808 1791255079013613 59470
1809 1791255079042463 67346
1810 1791255079065368 67819
1811 1791255079093173 75898
1812 1791255079106453 70392
1813 1791255079124648 68819
1814 1791255079134458 58707
1815 1791255079164179 68389
1816 1791255079185576 70439
1817 1791255079203606 69146
1818 1791255079224511 69802
1819 1791255079239437 64045
1820 1791255079275225 78045
1821 1791255079290882 75694
1822 1791255079314221 79531
1823 1791255079334594 72525
1824 1791255079354018 79632
1825 1791255079368762 72771
1826 1791255079384244 70020
1827 1791255079406102 71505
1828 1791255079423746 69724
1829 1791255079447578 72041
1830 1791255079463227 66018
1831 1791255079486575 71314
1832 1791255079514796 78139
1833 1791255079530757 71124
1834 1791255079548961 74025
1835 1791255079570746 73987
1836 1791255079581659 66859
1837 1791255079613377 77750
1838 1791255079630885 74255
1839 1791255079654731 78498
1840 1791255079673730 74099
1841 1791255079697062 79390
1842 1791255079704801 69497
1843 1791255079722509 67775
1844 1791255079746090 68508
1845 1791255079763251 66187
1846 1791255079775941 60810
1847 1791255079800947 62989
1848 1791255079813548 58061
1849 1791255079840609 64665
1850 1791255079849938 49709
1851 1791255079873583 56187
1852 1791255079878232 38476
1853 1791255079894298 38722
1854 1791255079914240 36006
1855 1791255079924450 30148
1856 1791255079946579 32336
1857 1791255079967908 27965
1858 1791255079984987 26561
1859 1791255080002448 27179
1860 1791255080025870 28855
1861 1791255080047478 32656
1862 1791255080076058 37496
1863 1791255080091215 35208
1864 1791255080110240 34418
1865 1791255080134105 39745
1866 1791255080152408 38055
1867 1791255080167297 33191
1868 1791255080185456 29962
1869 1791255080210242 30556
1870 1791255080225429 29056
1871 1791255080245948 31597
1872 1791255080264711 29504
1873 1791255080283624 27898
1874 1791255080322802 47136
1875 1791255080324656 28911
1876 1791255080345991 31156
1877 1791255080364621 26692
1878 1791255080387003 27883
1879 1791255080404979 29357
1880 1791255080422675 27384
1881 1791255080445908 30664
1882 1791255080472102 36471
1883 1791255080481776 25568
1884 1791255080510752 35849
1885 1791255080531674 35468
1886 1791255080548353 29337
1887 1791255080564569 28433
1888 1791255080593815 38771
1889 1791255080611305 35345
1890 1791255080635788 36484
1891 1791255080643752 29152
1892 1791255080672887 37096
1893 1791255080685998 26631
1894 1791255080712205 35305
1895 1791255080724044 28724
1896 1791255080744218 29008
1897 1791255080766994 32264
1898 1791255080785175 27725
1899 1791255080822196 46479
1900 1791255080829849 34531
1901 1791255080852345 36207
1902 1791255080872179 35469
1903 1791255080895168 39205
1904 1791255080914969 39065
1905 1791255080925793 30622
1906 1791255080945336 30363
1907 1791255080974564 36079
1908 1791255080981751 27053
1909 1791255081013798 39230
1910 1791255081033705 38202
1911 1791255081046491 30551
1912 1791255081073617 37589
1913 1791255081078270 21068
1914 1791255081113618 38703
1915 1791255081124227 29792
1916 1791255081146687 31052
1917 1791255081179211 39775
1918 1791255081202225 46770
1919 1791255081223077 46181
1920 1791255081235478 33250
1921 1791255081252070 36732
1922 1791255081277233 41751
1923 1791255081286902 30533
1924 1791255081312779 36159
1925 1791255081326585 31544
1926 1791255081357791 39745
1927 1791255081364586 25082
1928 1791255081393906 36593
1929 1791255081404393 28486
1930 1791255081423490 26324
1931 1791255081441308 25472
1932 1791255081462066 27200
1933 1791255081492690 33289
1934 1791255081508551 32827
1935 1791255081528029 32515
1936 1791255081548095 33178
1937 1791255081570297 35744
1938 1791255081588165 33764
1939 1791255081607344 31347
1940 1791255081628121 33698
1941 1791255081648154 30381
1942 1791255081663350 26058
1943 1791255081701121 46031
1944 1791255081725770 47633
1945 1791255081747125 46000
1946 1791255081757490 38236
1947 1791255081781750 45802
1948 1791255081804589 47832
1949 1791255081822362 43234
1950 1791255081834584 37489
1951 1791255081859920 43521
1952 1791255081873290 38703
1953 1791255081896413 41591
1954 1791255081915567 40768
1955 1791255081951608 55179
1956 1791255081969041 53471
1957 1791255081985182 50353
1958 1791255082009121 53661
1959 1791255082016914 42247
1960 1791255082037244 38639
1961 1791255082060995 45461
1962 1791255082086953 51713
1963 1791255082101359 40361
1964 1791255082113667 38177
1965 1791255082149296 52520
1966 1791255082173222 58377
1967 1791255082184955 49832
1968 1791255082205759 50173
1969 1791255082217785 43103
1970 1791255082243750 45523
1971 1791255082265653 50410
1972 1791255082284269 47805
1973 1791255082300874 45006
1974 1791255082325788 51037
1975 1791255082336303 41735
1976 1791255082367364 51169
1977 1791255082396704 60708
1978 1791255082405163 50617
1979 1791255082428459 52367
1980 1791255082440294 43585
1981 1791255082468428 51236
1982 1791255082494208 59111
1983 1791255082509806 54457
1984 1791255082533758 57804
1985 1791255082552944 58731
1986 1791255082574315 58249
1987 1791255082585917 48468
1988 1791255082608128 52154
1989 1791255082625257 50938
1990 1791255082647417 51308
1991 1791255082671922 57189
1992 1791255082687710 50566
1993 1791255082710446 53288
1994 1791255082732217 56825
1995 1791255082750478 51461
1996 1791255082775395 60320
1997 1791255082790625 54194
1998 1791255082814821 58785
1999 1791255082833806 58573
2000 1791255082852088 57016
2001 1791255082872104 57277
2002 1791255082892959 57369
2003 1791255082914371 58464
2004 1791255082935253 60028
2005 1791255082956035 60570
2006 1791255082973128 58751
2007 1791255082995331 60447
2008 1791255083013808 58282
2009 1791255083025392 51100
2010 1791255083056030 60696
2011 1791255083084310 68092
2012 1791255083106944 66904
2013 1791255083114695 58661
2014 1791255083135008 59710
2015 1791255083145203 50667
2016 1791255083173024 58326
2017 1791255083195022 60128
2018 1791255083212909 58062
2019 1791255083248090 70736
2020 1791255083255546 60521
2021 1791255083267972 52370
2022 1791255083295132 58344
2023 1791255083314470 58922
2024 1791255083334509 55334
2025 1791255083350296 55161
2026 1791255083362618 48254
2027 1791255083385317 50805
2028 1791255083421366 63819
2029 1791255083433655 58895
2030 1791255083454214 57599
2031 1791255083477409 57490
2032 1791255083495289 55900
2033 1791255083505747 51529
2034 1791255083528097 53451
2035 1791255083554395 59103
2036 1791255083584712 68306
2037 1791255083599541 64659
2038 1791255083623848 69449
2039 1791255083634074 59459
2040 1791255083654176 56528
2041 1791255083684039 69187
2042 1791255083700265 66187
2043 1791255083714717 60537
2044 1791255083731071 56216
2045 1791255083757367 57099
2046 1791255083774633 59913
2047 1791255083790064 54228
2048 1791255083819744 63519
2049 1791255083842425 67790
2050 1791255083858997 64715
2051 1791255083886111 68319
2052 1791255083898775 62949
2053 1791255083913916 54917
2054 1791255083940189 61411
2055 1791255083964332 66263
2056 1791255083977645 61222
2057 1791255084000033 60521
2058 1791255084017345 61975
2059 1791255084038910 63565
2060 1791255084057823 58718
2061 1791255084078668 62692
2062 1791255084102734 67899
2063 1791255084124852 67308
2064 1791255084144464 68785
2065 1791255084163692 66312
2066 1791255084186022 68261
2067 1791255084209546 72092
2068 1791255084225689 70556
2069 1791255084243773 68853
2070 1791255084274880 78676
2071 1791255084285776 71100
2072 1791255084305134 68258
2073 1791255084334144 75686
2074 1791255084346054 71166
2075 1791255084365583 69958
2076 1791255084386546 72122
2077 1791255084395760 61612
2078 1791255084425836 71292
2079 1791255084441870 65581
2080 1791255084463852 68084
2081 1791255084487320 68509
2082 1791255084508861 73549
2083 1791255084521566 65715
2084 1791255084543099 67326
2085 1791255084562150 66296
2086 1791255084591996 74340
2087 1791255084612244 76416
2088 1791255084627881 72424
2089 1791255084653085 76893
2090 1791255084664246 65487
2091 1791255084679967 64935
2092 1791255084693494 58397
2093 1791255084708412 53771
2094 1791255084732091 57623
2095 1791255084746855 50782
2096 1791255084757201 41847
2097 1791255084769310 33502
2098 1791255084785761 28554
2099 1791255084812123 32925
2100 1791255084823905 24331
2101 1791255084849760 34742
2102 1791255084865521 29805
2103 1791255084896996 36969
2104 1791255084907235 27852
2105 1791255084927223 30939
2106 1791255084949571 34974
2107 1791255084969195 30200
2108 1791255084995083 37709
2109 1791255085003322 28862
2110 1791255085031610 36525
2111 1791255085056535 39180
2112 1791255085066705 31114
2113 1791255085079857 23319
2114 1791255085114436 36603
2115 1791255085125128 24381
2116 1791255085144662 30259
2117 1791255085162110 27663
2118 1791255085200150 45137
2119 1791255085216110 35397
2120 1791255085224835 24682
2121 1791255085254644 38531
2122 1791255085261762 26271
2123 1791255085284209 29562
2124 1791255085306910 30739
2125 1791255085325760 29632
2126 1791255085350962 31630
2127 1791255085365926 30083
2128 1791255085385821 30628
2129 1791255085407928 29501
2130 1791255085434579 38998
2131 1791255085452069 32244
2132 1791255085466470 31889
2133 1791255085477894 23356
2134 1791255085508494 33072
2135 1791255085519414 23175
2136 1791255085552768 36886
2137 1791255085579036 38890
2138 1791255085586197 30259
2139 1791255085615145 36106
2140 1791255085626952 31685
2141 1791255085644212 29063
2142 1791255085667480 31450
2143 1791255085689215 34486
2144 1791255085706844 31621
2145 1791255085735648 39172
2146 1791255085753620 38019
2147 1791255085768654 33003
2148 1791255085793120 36643
2149 1791255085809521 34323
2150 1791255085828510 30003
2151 1791255085850565 32078
2152 1791255085873106 37945
2153 1791255085893201 36786
2154 1791255085906828 32564
2155 1791255085926304 31353
2156 1791255085945404 28945
2157 1791255085976639 41217
2158 1791255085990552 30737
2159 1791255086005543 28900
2160 1791255086040108 45108
2161 1791255086045952 28997
2162 1791255086089001 49620
2163 1791255086110118 53611
2164 1791255086111378 36394
2165 1791255086134912 39380
2166 1791255086155933 39570
2167 1791255086181975 47059
2168 1791255086199447 43511
2169 1791255086221197 45492
2170 1791255086236321 38394
2171 1791255086250585 29818
2172 1791255086274239 38767
2173 1791255086289326 34205
2174 1791255086305924 31683
2175 1791255086347167 50083
2176 1791255086360506 44877
2177 1791255086383532 47684
2178 1791255086403607 43265
2179 1791255086414713 37081
2180 1791255086438869 43165
2181 1791255086459220 44504
2182 1791255086476128 38548
2183 1791255086496500 40985
2184 1791255086512773 36642
2185 1791255086529508 35053
2186 1791255086554607 38856
2187 1791255086574140 39423
2188 1791255086604546 49935
2189 1791255086622390 48248
2190 1791255086644314 49133
2191 1791255086665744 50981
2192 1791255086684587 49650
2193 1791255086703704 48896
2194 1791255086723715 45077
2195 1791255086739188 44452
2196 1791255086762014 44219
2197 1791255086784448 46650
2198 1791255086811448 56791
2199 1791255086825770 49700
2200 1791255086844766 49545
2201 1791255086858155 42036
2202 1791255086884525 47548
2203 1791255086897593 41873
2204 1791255086921595 47339
2205 1791255086955971 59857
2206 1791255086965552 44963
2207 1791255086992111 56071
2208 1791255087009884 53910
2209 1791255087023325 41417
2210 1791255087045883 50927
2211 1791255087075360 59497
2212 1791255087081243 46504
2213 1791255087107430 50409
2214 1791255087123512 48150
2215 1791255087143338 48174
2216 1791255087167126 52311
2217 1791255087189562 52989
2218 1791255087207556 52921
2219 1791255087222732 44498
2220 1791255087249393 54011
2221 1791255087267947 48948
2222 1791255087276038 39448
2223 1791255087295192 40525
2224 1791255087331648 55607
2225 1791255087354100 58905
2226 1791255087373095 58479
2227 1791255087390365 54840
2228 1791255087402408 48304
2229 1791255087422360 48059
2230 1791255087443278 45086
2231 1791255087462299 47610
2232 1791255087488876 53324
2233 1791255087512044 56200
2234 1791255087525722 42974
2235 1791255087542413 45672
2236 1791255087581463 65352
2237 1791255087583381 48095
2238 1791255087604479 49528
2239 1791255087633913 52446
2240 1791255087653267 52656
2241 1791255087662419 47029
2242 1791255087685489 49238
2243 1791255087721902 64976
2244 1791255087723710 48534
2245 1791255087754372 55334
2246 1791255087775135 53229
2247 1791255087789049 51499
2248 1791255087798958 44584
2249 1791255087821657 46515
2250 1791255087843033 48544
2251 1791255087868486 52789
2252 1791255087885609 49785
2253 1791255087900034 41379
2254 1791255087925807 50506
2255 1791255087945438 49578
2256 1791255087965223 48580
2257 1791255087998244 62518
2258 1791255088014431 57970
2259 1791255088027175 52295
2260 1791255088050768 52520
2261 1791255088066884 52450
2262 1791255088091502 57114
2263 1791255088106252 51085
2264 1791255088123899 47847
2265 1791255088151683 55788
2266 1791255088164763 50274
2267 1791255088182441 42218
2268 1791255088219959 64724
2269 1791255088242892 67424
2270 1791255088255730 53139
2271 1791255088281022 61059
2272 1791255088298612 62909
2273 1791255088323443 67710
2274 1791255088337644 56617
2275 1791255088346884 48942
2276 1791255088374116 58643
2277 1791255088394988 57338
2278 1791255088408133 51725
2279 1791255088428911 54790
2280 1791255088444310 49805
2281 1791255088473344 58931
2282 1791255088502429 66738
2283 1791255088520720 65438
2284 1791255088534436 58196
2285 1791255088553747 58918
2286 1791255088576178 60903
2287 1791255088589574 55135
2288 1791255088614826 59804
2289 1791255088629477 53288
2290 1791255088657018 59203
2291 1791255088676345 61515
2292 1791255088696604 60685
2293 1791255088715451 59809
2294 1791255088729451 53401
2295 1791255088759649 64946
2296 1791255088775686 60232
2297 1791255088793808 58558
2298 1791255088817795 58142
2299 1791255088834725 59035
2300 1791255088857069 60403
2301 1791255088876141 61295
2302 1791255088901615 66888
2303 1791255088925762 68905
2304 1791255088944839 68697
2305 1791255088965152 64585
2306 1791255088979790 64064
2307 1791255089000295 63627
2308 1791255089021784 66238
2309 1791255089047279 72621
2310 1791255089064622 65533
2311 1791255089087114 72312
2312 1791255089095206 59466
2313 1791255089117691 58803
2314 1791255089142539 64511
2315 1791255089166972 71762
2316 1791255089193663 78759
2317 1791255089213654 73615
2318 1791255089233825 78512
2319 1791255089257622 81982
2320 1791255089271240 70723
2321 1791255089287637 71435
2322 1791255089306516 71431
2323 1791255089314499 56874
2324 1791255089341008 65397
2325 1791255089367361 70455
2326 1791255089373507 58998
2327 1791255089396042 59846
2328 1791255089396680 40219
2329 1791255089404523 28501
2330 1791255089417315 22377
2331 1791255089435520 20643
2332 1791255089463272 27748
2333 1791255089483930 27898
2334 1791255089501855 27201
2335 1791255089523380 27529
2336 1791255089543025 24164
2337 1791255089564031 28742
2338 1791255089583501 24126
2339 1791255089594860 20557
2340 1791255089616772 21909
2341 1791255089644475 27699
2342 1791255089665144 25396
2343 1791255089676340 21541
2344 1791255089702674 26331
2345 1791255089722991 28065
2346 1791255089741803 26581
2347 1791255089757151 21822
2348 1791255089785371 28217
2349 1791255089800429 22616
2350 1791255089822215 24762
2351 1791255089843314 23609
2352 1791255089864871 26239
2353 1791255089881412 22411
2354 1791255089904765 29395
2355 1791255089923443 23664
2356 1791255089936383 21376
2357 1791255089961315 24928
2358 1791255089984163 28205
2359 1791255090002832 22718
2360 1791255090018223 23375
2361 1791255090042695 24463
2362 1791255090060460 25730
2363 1791255090083360 27849
2364 1791255090103239 23284
2365 1791255090116210 21015
2366 1791255090142530 26424
2367 1791255090160128 25797
2368 1791255090180852 26109
2369 1791255090195556 21159
2370 1791255090224608 29166
2371 1791255090245195 23262
2372 1791255090264555 28576
2373 1791255090287019 25492
2374 1791255090299443 23795
2375 1791255090317905 23809
2376 1791255090344325 26417
2377 1791255090362050 22417
2378 1791255090375999 21456
2379 1791255090404708 28708
2380 1791255090420093 22585
2381 1791255090442834 25811
2382 1791255090462788 23975
2383 1791255090485145 28557
2384 1791255090505261 23873
2385 1791255090522707 28281
2386 1791255090543474 28385
2387 1791255090561616 24737
2388 1791255090584547 29317
2389 1791255090604559 22001
2390 1791255090621396 25626
2391 1791255090641010 25551
2392 1791255090661963 26402
2393 1791255090681030 24783
2394 1791255090700814 25215
2395 1791255090723024 28172
2396 1791255090741362 25946
2397 1791255090761292 26303
2398 1791255090782835 21523
2399 1791255090805997 28344
2400 1791255090817911 22805
2401 1791255090842939 25025
2402 1791255090863770 27170
2403 1791255090884172 24902
2404 1791255090905699 25940
2405 1791255090921932 24487
2406 1791255090936856 21545
2407 1791255090956577 21453
2408 1791255090977740 22469
2409 1791255090999097 23367
2410 1791255091021470 22370
2411 1791255091041213 26901
2412 1791255091061301 26310
2413 1791255091082695 21390
2414 1791255091100009 22980
2415 1791255091122157 26902
2416 1791255091143897 25867
2417 1791255091164081 23325
2418 1791255091185967 27400
2419 1791255091205080 26242
2420 1791255091225095 24907
2421 1791255091244057 28623
2422 1791255091260615 26082
2423 1791255091281427 26761
2424 1791255091301587 26003
2425 1791255091323364 26492
2426 1791255091342136 27333
2427 1791255091357221 22649
2428 1791255091376055 21714
2429 1791255091400946 24888
2430 1791255091415223 21030
2431 1791255091442210 27073
2432 1791255091462092 27293
2433 1791255091482236 27558
2434 1791255091504304 29510
2435 1791255091519290 24576
2436 1791255091542903 23741
2437 1791255091563771 26532
2438 1791255091584645 29395
2439 1791255091597736 22334
2440 1791255091618413 23639
2441 1791255091643830 25414
2442 1791255091661082 24947
2443 1791255091685313 29173
2444 1791255091702851 22848
2445 1791255091720772 26247
2446 1791255091744852 29381
2447 1791255091762564 27487
2448 1791255091783239 26857
2449 1791255091801391 24440
2450 1791255091815483 20901
2451 1791255091835356 20752
2452 1791255091856859 21499
2453 1791255091875535 20449
2454 1791255091904893 29413
2455 1791255091921380 25322
2456 1791255091942557 27329
2457 1791255091963689 26526
2458 1791255091984326 23459
2459 1791255092003656 24900
2460 1791255092016574 21061
2461 1791255092037156 21849
2462 1791255092064052 29042
2463 1791255092092065 36637
2464 1791255092104458 27495
2465 1791255092124856 28854
2466 1791255092143999 24438
2467 1791255092164752 29323
2468 1791255092182338 27194
2469 1791255092200795 23044
2470 1791255092223443 25410
2471 1791255092248982 30173
2472 1791255092264422 24688
2473 1791255092279264 22100
2474 1791255092304955 28321
2475 1791255092320638 22326
2476 1791255092342453 24247
2477 1791255092364678 28446
2478 1791255092384513 27259
2479 1791255092406370 26669
2480 1791255092419348 23693
2481 1791255092445297 25945
2482 1791255092465659 25999
2483 1791255092486645 29564
2484 1791255092507958 28020
2485 1791255092524807 29761
2486 1791255092544661 29464
2487 1791255092563900 28502
2488 1791255092591416 36193
2489 1791255092611181 33053
2490 1791255092627141 32063
2491 1791255092656830 40949
2492 1791255092665354 27262
2493 1791255092689916 35071
2494 1791255092707652 32959
2495 1791255092731727 36277
2496 1791255092745697 30482
2497 1791255092769407 33776
2498 1791255092794327 35180
2499 1791255092804859 27227
2500 1791255092837479 43148
2501 1791255092845788 30309
2502 1791255092874319 36837
2503 1791255092903944 43734
2504 1791255092904745 30424
2505 1791255092934133 36247
2506 1791255092949923 34417
2507 1791255092974513 40376
2508 1791255092993277 37570
2509 1791255093016415 41898
2510 1791255093034563 39385
2511 1791255093053255 36837
2512 1791255093073920 39354
2513 1791255093089360 33881
2514 1791255093110318 35185
2515 1791255093126433 29318
2516 1791255093146846 31386
2517 1791255093180177 40357
2518 1791255093185466 28231
2519 1791255093219816 40550
2520 1791255093238709 42685
2521 1791255093251654 37106
2522 1791255093268581 29868
2523 1791255093290302 34833
2524 1791255093321806 45879
2525 1791255093336052 39079
2526 1791255093353978 37259
2527 1791255093374184 38129
2528 1791255093402382 44333
2529 1791255093419056 44870
2530 1791255093441828 43281
2531 1791255093451454 35550
2532 1791255093475752 39989
2533 1791255093496085 38552
2534 1791255093519870 44114
2535 1791255093532368 36279
2536 1791255093553475 33603
2537 1791255093574124 37964
2538 1791255093588525 32490
2539 1791255093618143 44017
2540 1791255093637683 38780
2541 1791255093655040 36895
2542 1791255093677569 39882
2543 1791255093693926 38883
2544 1791255093714588 38259
2545 1791255093734087 35138
2546 1791255093756591 42000
2547 1791255093785377 51151
2548 1791255093800793 45418
2549 1791255093815523 39157
2550 1791255093835896 40073
2551 1791255093863448 47922
2552 1791255093886935 51035
2553 1791255093907526 52133
2554 1791255093918903 43052
2555 1791255093942542 45212
2556 1791255093960560 45248
2557 1791255093980388 44643
2558 1791255094001401 46595
2559 1791255094023139 43757
2560 1791255094042301 45663
2561 1791255094072502 56455
2562 1791255094085881 46251
2563 1791255094107788 53121
2564 1791255094129703 53811
2565 1791255094146410 50915
2566 1791255094171749 56179
2567 1791255094203230 67584
2568 1791255094221631 66001
2569 1791255094238298 62436
2570 1791255094253733 58507
2571 1791255094283889 66801
2572 1791255094302571 67247
2573 1791255094324443 69174
2574 1791255094348402 72748
2575 1791255094359614 64425
2576 1791255094383133 68323
2577 1791255094405844 71057
2578 1791255094435839 77001
2579 1791255094457690 78788
2580 1791255094464546 70251
2581 1791255094485442 69705
2582 1791255094520165 84649
2583 1791255094535673 79423
2584 1791255094549424 71806
2585 1791255094585907 88039
2586 1791255094585913 68485
2587 1791255094611083 75407
2588 1791255094625942 70655
2589 1791255094652077 76597
2590 1791255094688054 91638
2591 1791255094693365 78551
2592 1791255094718759 79078
2593 1791255094733684 78888
2594 1791255094758216 81900
2595 1791255094790671 95052
2596 1791255094802550 85644
2597 1791255094833959 93976
2598 1791255094846867 88648
2599 1791255094863369 87570
2600 1791255094884258 86398
2601 1791255094895334 76446
2602 1791255094916557 79777
2603 1791255094944100 86387
2604 1791255094974046 97522
2605 1791255094984391 89378
2606 1791255095008310 92578
2607 1791255095026878 91615
2608 1791255095048532 94077
2609 1791255095059142 85094
2610 1791255095078840 84329
2611 1791255095096001 78467
2612 1791255095118043 79348
2613 1791255095141476 84266
2614 1791255095151140 73626
2615 1791255095171819 75813
2616 1791255095203692 86455
2617 1791255095219811 85318
2618 1791255095232958 77815
2619 1791255095240418 62573
2620 1791255095274347 78230
2621 1791255095309206 90085
2622 1791255095313532 77656
2623 1791255095337289 78052
2624 1791255095347421 73071
2625 1791255095354780 58650
2626 1791255095374942 59134
2627 1791255095401759 64466
2628 1791255095418275 63492
2629 1791255095443316 68370
2630 1791255095463950 65398
2631 1791255095481928 64592
2632 1791255095495779 60690
2633 1791255095524775 67433
2634 1791255095537131 61215
2635 1791255095560106 64731
2636 1791255095580938 64748
2637 1791255095598868 62646
2638 1791255095634095 76091
2639 1791255095644613 68385
2640 1791255095677469 78598
2641 1791255095686321 66246
2642 1791255095700090 65992
2643 1791255095716653 60607
2644 1791255095739034 63784
2645 1791255095784593 84499
2646 1791255095796372 81194
2647 1791255095817072 78035
2648 1791255095835026 75422
2649 1791255095863381 82862
2650 1791255095868206 71953
2651 1791255095884864 69644
2652 1791255095905406 70377
2653 1791255095930171 75258
2654 1791255095948552 73893
2655 1791255095970174 73131
2656 1791255095989584 75012
2657 1791255096024034 87026
2658 1791255096033654 77460
2659 1791255096045226 70136
2660 1791255096077611 80422
2661 1791255096093086 77819
2662 1791255096113745 75977
2663 1791255096130651 75854
2664 1791255096160609 82994
2665 1791255096171123 75079
2666 1791255096189251 74198
2667 1791255096215555 80727
2668 1791255096242031 81420
2669 1791255096259443 85106
2670 1791255096278048 82893
2671 1791255096293510 78182
2672 1791255096313632 77456
2673 1791255096326073 66627
2674 1791255096348018 70116
2675 1791255096367610 69783
2676 1791255096379694 64699
2677 1791255096391383 57005
2678 1791255096403818 48556
2679 1791255096423274 48510
2680 1791255096438354 43125
2681 1791255096449882 34587
2682 1791255096469159 34217
2683 1791255096485120 28750
2684 1791255096512280 37590
2685 1791255096529210 34331
2686 1791255096554050 37719
2687 1791255096574681 35965
2688 1791255096587223 33167
2689 1791255096604189 29505
2690 1791255096629300 30187
2691 1791255096658855 40357
2692 1791255096675666 41081
2693 1791255096686278 27851
2694 1791255096714710 39041
2695 1791255096737952 38619
2696 1791255096746814 32100
2697 1791255096770695 35890
2698 1791255096788486 31294
2699 1791255096806860 31298
2700 1791255096830857 35197
2701 1791255096852425 35862
2702 1791255096872156 36655
2703 1791255096883189 28520
2704 1791255096911158 36261
2705 1791255096925548 30900
2706 1791255096962345 47739
2707 1791255096968865 32507
2708 1791255096997637 42427
2709 1791255097008190 31405
2710 1791255097034038 36398
2711 1791255097051438 35223
2712 1791255097065740 31698
2713 1791255097086247 30409
2714 1791255097107766 32505
2715 1791255097136917 41686
2716 1791255097159400 43005
2717 1791255097180487 44164
2718 1791255097201689 42285
2719 1791255097213888 33845
2720 1791255097226355 29929
2721 1791255097252695 36568
2722 1791255097264856 27052
2723 1791255097287162 30741
2724 1791255097305032 29489
2725 1791255097325549 30983
2726 1791255097352442 30990
2727 1791255097368910 28031
2728 1791255097393132 37850
2729 1791255097414381 37750
2730 1791255097432092 37446
2731 1791255097446562 32179
2732 1791255097468880 32688
2733 1791255097486627 29650
2734 1791255097507153 31322
2735 1791255097540991 42720
2736 1791255097556114 41621
2737 1791255097574147 36255
2738 1791255097593460 37343
2739 1791255097605861 31712
2740 1791255097632195 37155
2741 1791255097662431 43400
2742 1791255097673637 38890
2743 1791255097692031 35570
2744 1791255097714784 39166
2745 1791255097735653 41340
2746 1791255097755833 41146
2747 1791255097776864 41207
2748 1791255097797181 41346
2749 1791255097820184 43942
2750 1791255097851031 53847
2751 1791255097884141 68805
2752 1791255097895346 60025
2753 1791255097916110 61266
2754 1791255097951796 72433
2755 1791255097966272 71872
2756 1791255097985516 70322
2757 1791255098009173 72957
2758 1791255098026832 71059
2759 1791255098046798 72275
2760 1791255098081906 85484
2761 1791255098093234 77730
2762 1791255098116910 81898
2763 1791255098139678 82473
2764 1791255098160778 78870
2765 1791255098165340 70763
2766 1791255098194952 78039
2767 1791255098217178 79575
2768 1791255098230613 74572
2769 1791255098248701 73129
2770 1791255098274809 79983
2771 1791255098302947 86033
2772 1791255098330441 94435
2773 1791255098344390 87326
2774 1791255098363852 89041
2775 1791255098378118 79209
2776 1791255098403053 86881
2777 1791255098419955 84557
2778 1791255098432904 78293
2779 1791255098454332 76210
2780 1791255098466945 72261
2781 1791255098495704 75746
2782 1791255098514612 78807
2783 1791255098526733 72398
2784 1791255098546138 70522
2785 1791255098566074 70886
2786 1791255098584547 69931
2787 1791255098613969 75030
2788 1791255098626637 71400
2789 1791255098645273 67969
2790 1791255098664572 69073
2791 1791255098678637 62625
2792 1791255098704738 67780
2793 1791255098728924 69134
2794 1791255098743300 67440
2795 1791255098754558 59155
2796 1791255098770152 55087
2797 1791255098785567 49977
2798 1791255098805155 50593
2799 1791255098822821 48438
2800 1791255098838241 43180
2801 1791255098856440 41861
2802 1791255098871778 36383
2803 1791255098911611 55925
2804 1791255098913216 37341
2805 1791255098929102 31079
2806 1791255098955437 40681
2807 1791255098983572 48021
2808 1791255098988780 33336
2809 1791255099018844 42700
2810 1791255099036949 36829
2811 1791255099057228 38382
2812 1791255099075530 38576
2813 1791255099094568 38631
2814 1791255099123928 49291
2815 1791255099143401 48831
2816 1791255099169155 45216
2817 1791255099181428 38013
2818 1791255099190081 32657
2819 1791255099214144 38767
2820 1791255099244853 49368
2821 1791255099269834 55686
2822 1791255099275713 30849
2823 1791255099309902 49963
2824 1791255099317568 41850
2825 1791255099335542 37056
2826 1791255099357151 39577
2827 1791255099376411 40862
2828 1791255099392905 37757
2829 1791255099415796 41186
2830 1791255099437524 39630
2831 1791255099450369 34570
2832 1791255099478861 42514
2833 1791255099490143 34807
2834 1791255099514901 40098
2835 1791255099540849 45282
2836 1791255099556949 42046
2837 1791255099577128 36965
2838 1791255099603111 48021
2839 1791255099623996 48372
2840 1791255099643836 49287
2841 1791255099661701 46610
2842 1791255099682620 47038
2843 1791255099695605 35578
2844 1791255099725307 49955
2845 1791255099744236 48628
2846 1791255099760887 42385
2847 1791255099789645 54031
2848 1791255099822037 62239
2849 1791255099832771 57431
2850 1791255099849940 49401
2851 1791255099868077 51018
2852 1791255099883616 47061
2853 1791255099904043 46950
2854 1791255099927414 52604
2855 1791255099952134 57148
2856 1791255099965576 51005
2857 1791255099982343 46548
2858 1791255100006901 52200
2859 1791255100024781 49923
2860 1791255100052115 51501
2861 1791255100074302 58281
2862 1791255100092553 53205
2863 1791255100105129 48253
2864 1791255100133350 59045
2865 1791255100164668 69197
2866 1791255100180657 60398
2867 1791255100195011 60192
2868 1791255100218039 58852
2869 1791255100232383 52991
2870 1791255100256583 61569
2871 1791255100270781 52738
2872 1791255100301474 66838
2873 1791255100323816 67230
2874 1791255100351303 74363
2875 1791255100375948 74471
2876 1791255100385302 66826
2877 1791255100407919 72652
2878 1791255100415188 59893
2879 1791255100435724 60385
2880 1791255100455867 59997
2881 1791255100471914 56716
2882 1791255100491857 56130
2883 1791255100516091 60220
2884 1791255100547663 71146
2885 1791255100572348 77066
2886 1791255100579128 64594
2887 1791255100603060 68459
2888 1791255100624685 69458
2889 1791255100635720 60933
2890 1791255100663170 68389
2891 1791255100678996 64525
2892 1791255100703161 67439
2893 1791255100720918 64745
2894 1791255100739283 64379
2895 1791255100771879 71818
2896 1791255100792430 72518
2897 1791255100807396 69160
2898 1791255100823878 69088
2899 1791255100850499 75342
2900 1791255100864618 68719
2901 1791255100884636 69182
2902 1791255100902498 67184
2903 1791255100915631 60676
2904 1791255100939835 64104
2905 1791255100963684 68686
2906 1791255100983822 68600
2907 1791255101014290 78751
2908 1791255101039367 83903
2909 1791255101063997 82981
2910 1791255101067457 72319
2911 1791255101078076 63782
2912 1791255101103284 68495
2913 1791255101115700 60099
2914 1791255101137706 62472
2915 1791255101159510 65066
2916 1791255101178532 63481
2917 1791255101200843 64988
2918 1791255101226582 67059
2919 1791255101235435 57913
2920 1791255101253120 53601
2921 1791255101276738 50151
2922 1791255101285351 50288
2923 1791255101293034 35810
2924 1791255101327765 51608
2925 1791255101334232 39473
2926 1791255101378505 51738
2927 1791255101392327 58090
2928 1791255101416294 60240
2929 1791255101419130 40618
2930 1791255101436009 37178
2931 1791255101453276 36976
2932 1791255101473203 37188
2933 1791255101493117 37511
2934 1791255101515478 39722
2935 1791255101537142 41142
2936 1791255101553117 37633
2937 1791255101583936 47626
2938 1791255101602514 46624
2939 1791255101629806 54898
2940 1791255101655426 59755
2941 1791255101673806 58488
2942 1791255101695049 59597
2943 1791255101722770 67342
2944 1791255101748979 72517
2945 1791255101770079 75027
2946 1791255101793945 78402
2947 1791255101811151 75913
2948 1791255101832898 76220
2949 1791255101845158 70210
2950 1791255101876874 78088
2951 1791255101894875 80479
2952 1791255101914231 78819
2953 1791255101944663 82733
2954 1791255101963108 86232
2955 1791255101987390 92512
2956 1791255102002635 88393
2957 1791255102025374 90740
2958 1791255102036451 81084
2959 1791255102061771 87092
2960 1791255102075171 80446
2961 1791255102098247 81518
2962 1791255102126852 92023
2963 1791255102146114 85832
2964 1791255102160552 85377
2965 1791255102185595 90716
2966 1791255102214083 92560
2967 1791255102224432 89018
2968 1791255102239581 85237
2969 1791255102267773 89260
2970 1791255102278315 78230
2971 1791255102295441 81354
2972 1791255102323901 88923
2973 1791255102341601 86218
2974 1791255102361745 84717
2975 1791255102375508 81044
2976 1791255102394461 78567
2977 1791255102421215 83028
2978 1791255102427630 72623
2979 1791255102452852 77393
2980 1791255102469770 75306
2981 1791255102486055 70906
2982 1791255102505274 68242
2983 1791255102520591 63980
2984 1791255102533368 58455
2985 1791255102547027 50871
2986 1791255102555693 40819
2987 1791255102573161 38586
2988 1791255102587365 31668
2989 1791255102613880 38059
2990 1791255102631022 34729
2991 1791255102647620 29812
2992 1791255102665531 31287
2993 1791255102693024 37294
2994 1791255102713654 38728
2995 1791255102740532 40452
2996 1791255102753550 34704
2997 1791255102773250 32715
2998 1791255102798809 42949
2999 1791255102814458 36223
3000 1791255102836313 37500
3001 1791255102859620 45159
3002 1791255102880719 44395
3003 1791255102893186 33559
3004 1791255102913670 37784
3005 1791255102936222 41110
3006 1791255102947779 32574
3007 1791255102968738 32512
3008 1791255102994749 34639
3009 1791255103013519 38255
3010 1791255103034045 39292
3011 1791255103051431 31441
3012 1791255103066259 32206
3013 1791255103085431 30180
3014 1791255103106608 31728
3015 1791255103132368 36111
3016 1791255103154055 35841
3017 1791255103175516 41061
3018 1791255103194888 40829
3019 1791255103214820 39302
3020 1791255103236039 41148
3021 1791255103263192 48370
3022 1791255103268149 32107
3023 1791255103295888 41263
3024 1791255103316079 41018
3025 1791255103338583 43005
3026 1791255103358112 42030
3027 1791255103375686 37100
3028 1791255103395374 39007
3029 1791255103415958 40268
3030 1791255103432133 36755
3031 1791255103460681 44720
3032 1791255103478010 42615
3033 1791255103504297 43614
3034 1791255103516136 41229
3035 1791255103532183 36164
3036 1791255103553202 38655
3037 1791255103583848 47740
3038 1791255103592258 37490
3039 1791255103622046 46238
3040 1791255103653494 56939
3041 1791255103662330 47694
3042 1791255103688027 53529
3043 1791255103705420 48612
3044 1791255103726117 43739
3045 1791255103738297 43991
3046 1791255103765808 48581
3047 1791255103787325 50198
3048 1791255103805566 48458
3049 1791255103829426 53223
3050 1791255103847187 51238
3051 1791255103867853 51878
3052 1791255103894080 59434
3053 1791255103905965 46706
3054 1791255103932682 57478
3055 1791255103942454 48370
3056 1791255103962455 46382
3057 1791255103982492 45918
3058 1791255104006001 46842
3059 1791255104025266 49343
3060 1791255104050662 54312
3061 1791255104074522 55328
3062 1791255104097165 61498
3063 1791255104117177 61547
3064 1791255104135890 61364
3065 1791255104154701 57885
3066 1791255104175740 58551
3067 1791255104186553 51689
3068 1791255104211509 56804
3069 1791255104224076 48332
3070 1791255104246786 49387
3071 1791255104278828 63573
3072 1791255104314847 80642
3073 1791255104326615 68647
3074 1791255104340173 64052
3075 1791255104366351 70888
3076 1791255104381375 66523
3077 1791255104402737 67743
3078 1791255104425006 68430
3079 1791255104442046 67325
3080 1791255104458769 64067
3081 1791255104473680 58076
3082 1791255104497334 60330
3083 1791255104520293 64101
3084 1791255104545442 66747
3085 1791255104558128 63437
3086 1791255104578246 57950
3087 1791255104593459 58541
3088 1791255104622686 64554
3089 1791255104648050 69801
3090 1791255104661954 62549
3091 1791255104689421 69884
3092 1791255104703708 67678
3093 1791255104723821 68913
3094 1791255104740392 64787
3095 1791255104763523 67610
3096 1791255104783674 68308
3097 1791255104803598 68381
3098 1791255104825681 67254
3099 1791255104844290 67465
3100 1791255104871174 76012
3101 1791255104892546 74225
3102 1791255104911875 75355
3103 1791255104927645 73105
3104 1791255104940046 65103
3105 1791255104960595 65792
3106 1791255104986276 69121
3107 1791255105009029 70110
3108 1791255105028530 73986
3109 1791255105052994 74397
3110 1791255105063753 69227
3111 1791255105094366 79882
3112 1791255105114953 75995
3113 1791255105135709 79826
3114 1791255105153936 77949
3115 1791255105165588 71219
3116 1791255105185170 70214
3117 1791255105205710 69998
3118 1791255105226769 70611
3119 1791255105253023 76844
3120 1791255105265433 66915
3121 1791255105275522 58879
3122 1791255105295870 60114
3123 1791255105312662 57948
3124 1791255105324193 48668
3125 1791255105346722 51983
3126 1791255105374790 58527
3127 1791255105401516 66752
3128 1791255105423765 67668
3129 1791255105444941 70149
3130 1791255105464567 68983
3131 1791255105496793 81070
3132 1791255105517984 81664
3133 1791255105542145 84096
3134 1791255105560086 80184
3135 1791255105574718 78095
3136 1791255105601047 84443
3137 1791255105622436 80286
3138 1791255105633954 77715
3139 1791255105656650 82323
3140 1791255105689317 93747
3141 1791255105694968 80569
3142 1791255105726552 90120
3143 1791255105749666 93012
3144 1791255105753627 78206
3145 1791255105776986 82191
3146 1791255105801320 82721
3147 1791255105818902 84142
3148 1791255105841558 85933
3149 1791255105857817 82991
3150 1791255105885880 84557
3151 1791255105897961 79141
3152 1791255105931988 91801
3153 1791255105945892 90558
3154 1791255105964212 88975
3155 1791255105990730 94531
3156 1791255106004413 86416
3157 1791255106029362 93484
3158 1791255106042797 86548
3159 1791255106056148 80075
3160 1791255106075176 79080
3161 1791255106095299 75464
3162 1791255106122049 86665
3163 1791255106138508 82357
3164 1791255106156028 80954
3165 1791255106173730 79368
3166 1791255106193106 77807
3167 1791255106218079 83267
3168 1791255106222492 66648
3169 1791255106249280 70627
3170 1791255106271165 71640
3171 1791255106284836 69844
3172 1791255106305577 66856
3173 1791255106305583 51162
3174 1791255106322369 46761
3175 1791255106334700 38900
3176 1791255106356040 39912
3177 1791255106362416 27714
3178 1791255106389780 33737
3179 1791255106406129 31597
3180 1791255106434917 36133
3181 1791255106447632 31079
3182 1791255106467330 32409
3183 1791255106486601 31623
3184 1791255106514726 33883
3185 1791255106529490 29465
3186 1791255106562097 47370
3187 1791255106574125 38576
3188 1791255106587835 32487
3189 1791255106605197 31069
3190 1791255106626854 30372
3191 1791255106651228 32996
3192 1791255106666137 30594
3193 1791255106688449 34124
3194 1791255106708756 34012
3195 1791255106737922 42439
3196 1791255106746575 29898
3197 1791255106771500 33575
3198 1791255106792461 36886
3199 1791255106818935 43768
3200 1791255106841422 46788
3201 1791255106853138 34201
3202 1791255106874414 37471
3203 1791255106893059 37715
3204 1791255106904583 30166
3205 1791255106924179 29916
3206 1791255106959038 44191
3207 1791255106977228 40125
3208 1791255106988696 30206
3209 1791255107011752 35491
3210 1791255107043227 46563
3211 1791255107055165 36929
3212 1791255107080200 38574
3213 1791255107092850 38334
3214 1791255107116621 38070
3215 1791255107133547 38285
3216 1791255107156660 40035
3217 1791255107177211 42496
3218 1791255107194694 38031
3219 1791255107208104 30890
3220 1791255107225846 31150
3221 1791255107245677 31374
3222 1791255107274840 38326
3223 1791255107294422 33705
3224 1791255107312343 37501
3225 1791255107331034 36610
3226 1791255107354932 37435
3227 1791255107368687 34090
3228 1791255107403876 48938
3229 1791255107414200 35120
3230 1791255107438298 39341
3231 1791255107454998 40796
3232 1791255107482549 44248
3233 1791255107496681 41679
3234 1791255107516270 40467
3235 1791255107533731 38818
3236 1791255107555278 39005
3237 1791255107582274 46275
3238 1791255107592457 37175
3239 1791255107621769 47104
3240 1791255107641612 47249
3241 1791255107656728 41333
3242 1791255107679699 41427
3243 1791255107693114 36382
3244 1791255107724271 48447
3245 1791255107733670 39457
3246 1791255107757521 42609
3247 1791255107777060 41982
3248 1791255107794014 39202
3249 1791255107817017 39953
3250 1791255107834659 40634
3251 1791255107864113 49571
3252 1791255107873325 38723
3253 1791255107902741 47188
3254 1791255107918302 42782
3255 1791255107951058 53912
3256 1791255107966482 48612
3257 1791255107984178 48131
3258 1791255107998117 42951
3259 1791255108026048 50135
3260 1791255108049046 54311
3261 1791255108073898 58768
3262 1791255108085282 44889
3263 1791255108101972 47626
3264 1791255108133868 56220
3265 1791255108153699 55802
3266 1791255108164850 47297
3267 1791255108192210 53200
3268 1791255108206470 50495
3269 1791255108236732 55305
3270 1791255108243622 47565
3271 1791255108262931 48105
3272 1791255108279035 42300
3273 1791255108304662 49636
3274 1791255108327453 51463
3275 1791255108356856 62523
3276 1791255108372612 57363
3277 1791255108397689 62409
3278 1791255108408732 51872
3279 1791255108425721 47993
3280 1791255108446399 51356
3281 1791255108471949 53854
3282 1791255108492224 56159
3283 1791255108504760 49889
3284 1791255108533233 56477
3285 1791255108554776 59004
3286 1791255108579158 63433
3287 1791255108602772 65983
3288 1791255108612627 57766
3289 1791255108646428 67267
3290 1791255108666829 72267
3291 1791255108682735 65191
3292 1791255108689281 54495
3293 1791255108715258 58892
3294 1791255108739369 61194
3295 1791255108761836 64800
3296 1791255108774270 59008
3297 1791255108794609 59692
3298 1791255108817688 62917
3299 1791255108837790 63517
3300 1791255108859493 64880
3301 1791255108873873 58728
3302 1791255108898398 60604
3303 1791255108915895 60401
3304 1791255108932831 56488
3305 1791255108949509 53828
3306 1791255108974478 58579
3307 1791255109001507 61553
3308 1791255109025020 69482
3309 1791255109041679 67198
3310 1791255109064664 70087
3311 1791255109082452 63073
3312 1791255109102954 67712
3313 1791255109121123 65808
3314 1791255109154943 79788
3315 1791255109174807 78923
3316 1791255109200126 84036
3317 1791255109237767 99263
3318 1791255109240164 85218
3319 1791255109274537 99726
3320 1791255109288066 87937
3321 1791255109312936 95404
3322 1791255109325970 88201
3323 1791255109338777 83811
3324 1791255109364652 90112
3325 1791255109383229 87997
3326 1791255109405461 89168
3327 1791255109434876 98952
3328 1791255109448706 93325
3329 1791255109470419 94404
3330 1791255109493496 98407
3331 1791255109513646 98655
3332 1791255109530454 95574
3333 1791255109548277 92906
3334 1791255109576332 99945
3335 1791255109591518 91753
3336 1791255109607141 91789
3337 1791255109626830 91908
3338 1791255109652113 93399
3339 1791255109671624 96633
3340 1791255109692821 97837
3341 1791255109713536 99061
3342 1791255109723709 87801
3343 1791255109742713 87345
3344 1791255109760418 82772
3345 1791255109771233 71316
3346 1791255109796733 81648
3347 1791255109823966 85998
3348 1791255109823972 69138
3349 1791255109845412 69991
3350 1791255109882117 85381
3351 1791255109884118 68931
3352 1791255109904962 69288
3353 1791255109925827 68038
3354 1791255109952549 76303
3355 1791255109974417 79772
3356 1791255109992740 76120
3357 1791255110014310 75944
3358 1791255110033771 78541
3359 1791255110051826 77406
3360 1791255110068456 73229
3361 1791255110086286 71972
3362 1791255110106363 71408
3363 1791255110126700 70474
3364 1791255110144478 69793
3365 1791255110174315 77488
3366 1791255110186704 71995
3367 1791255110210568 74861
3368 1791255110234450 76396
3369 1791255110246327 72141
3370 1791255110275821 80884
3371 1791255110297464 81305
3372 1791255110317692 83237
3373 1791255110333722 78252
3374 1791255110364045 88387
3375 1791255110382759 85293
3376 1791255110396519 78824
3377 1791255110414425 78194
3378 1791255110435045 76886
3379 1791255110455781 81437
3380 1791255110476306 79785
3381 1791255110487719 73291
3382 1791255110503869 68819
3383 1791255110533767 77984
3384 1791255110551741 75432
3385 1791255110572021 76154
3386 1791255110591825 75707
3387 1791255110613710 74136
3388 1791255110628984 70453
3389 1791255110644351 69772
3390 1791255110658295 62643
3391 1791255110665360 49582
3392 1791255110684901 47955
3393 1791255110697829 42914
3394 1791255110710093 32075
3395 1791255110734462 38005
3396 1791255110752378 36547
3397 1791255110769665 35200
3398 1791255110796385 38960
3399 1791255110815391 40256
3400 1791255110835421 40022
3401 1791255110854756 39922
3402 1791255110875391 39968
3403 1791255110904642 49936
3404 1791255110920064 44670
3405 1791255110933069 37212
3406 1791255110948387 32744
3407 1791255110965880 31564
3408 1791255110985384 30618
3409 1791255111006167 30798
3410 1791255111031627 34399
3411 1791255111047953 32349
3412 1791255111072149 36166
3413 1791255111087448 28098
3414 1791255111114033 39259
3415 1791255111132006 37126
3416 1791255111142724 28688
3417 1791255111175238 38575
3418 1791255111192545 34629
3419 1791255111210198 35006
3420 1791255111228906 33277
3421 1791255111245758 28960
3422 1791255111272043 36138
3423 1791255111291637 35717
3424 1791255111308856 34401
3425 1791255111338881 43325
3426 1791255111356298 39965
3427 1791255111378552 39666
3428 1791255111395704 39991
3429 1791255111408785 32471
3430 1791255111427840 32132
3431 1791255111463359 48277
3432 1791255111475093 39692
3433 1791255111493401 38443
3434 1791255111508105 33008
3435 1791255111526182 30540
3436 1791255111557587 40475
3437 1791255111572966 32433
3438 1791255111589113 33279
3439 1791255111609657 32789
3440 1791255111628524 32713
3441 1791255111651452 35778
3442 1791255111673747 36501
3443 1791255111692501 36969
3444 1791255111714474 35810
3445 1791255111734017 39352
3446 1791255111757009 42533
3447 1791255111764836 30815
3448 1791255111784258 28745
3449 1791255111809283 34119
3450 1791255111826770 30861
3451 1791255111854691 40117
3452 1791255111874353 36688
3453 1791255111893404 38710
3454 1791255111910833 36476
3455 1791255111931810 37096
3456 1791255111945112 29019
3457 1791255111982449 45788
3458 1791255111993662 39243
3459 1791255112019288 39483
3460 1791255112039716 43137
3461 1791255112052811 36871
3462 1791255112068106 33521
3463 1791255112088844 32643
3464 1791255112119854 45630
3465 1791255112143991 47378
3466 1791255112162548 42692
3467 1791255112190166 48782
3468 1791255112208835 48686
3469 1791255112223339 47903
3470 1791255112238342 43058
3471 1791255112254683 39141
3472 1791255112275192 38901
3473 1791255112289652 34966
3474 1791255112306267 31070
3475 1791255112328433 33300
3476 1791255112347708 27416
3477 1791255112365284 29550
3478 1791255112391854 36831
3479 1791255112408021 33498
3480 1791255112444814 49127
3481 1791255112455252 36229
3482 1791255112472833 33985
3483 1791255112488934 33677
3484 1791255112521529 44466
3485 1791255112533817 37791
3486 1791255112544360 30002
3487 1791255112580328 45132
3488 1791255112595246 40035
3489 1791255112618004 38697
3490 1791255112631245 35997
3491 1791255112655763 40370
3492 1791255112682228 46850
3493 1791255112707592 51825
3494 1791255112721372 41094
3495 1791255112744854 46542
3496 1791255112764759 46669
3497 1791255112783386 46394
3498 1791255112814755 58929
3499 1791255112840538 64222
3500 1791255112856992 59357
3501 1791255112874240 59483
3502 1791255112902490 61950
3503 1791255112922737 66687
3504 1791255112935633 61388
3505 1791255112968717 67630
3506 1791255112984894 64648
3507 1791255112995533 59898
3508 1791255113014473 58245
3509 1791255113040724 64010
3510 1791255113058166 62620
3511 1791255113076782 62306
3512 1791255113097220 57360
3513 1791255113117018 61537
3514 1791255113144572 67787
3515 1791255113165602 70232
3516 1791255113194471 78237
3517 1791255113204454 70182
3518 1791255113221622 64900
3519 1791255113246308 70081
3520 1791255113266418 71944
3521 1791255113285440 68991
3522 1791255113306966 72167
3523 1791255113326997 71396
3524 1791255113348560 72803
3525 1791255113364637 69809
3526 1791255113396768 81522
3527 1791255113421157 85812
3528 1791255113432896 78088
3529 1791255113455244 80481
3530 1791255113481952 85181
3531 1791255113486560 71238
3532 1791255113507578 70188
3533 1791255113526851 71604
3534 1791255113551426 76120
3535 1791255113572139 76689
3536 1791255113590508 75211
3537 1791255113642492 106359
3538 1791255113642884 86886
3539 1791255113665360 90984
3540 1791255113684799 62938
3541 1791255113684803 62924
3542 1791255113704597 68373
3543 1791255113722571 65634
3544 1791255113740512 66083
3545 1791255113758171 62296
3546 1791255113794577 74777
3547 1791255113805726 68078
3548 1791255113814388 56214
3549 1791255113841429 62337
3550 1791255113856735 62156
3551 1791255113884768 70377
3552 1791255113894934 60099
3553 1791255113914700 60069
3554 1791255113928017 52734
3555 1791255113944707 49770
3556 1791255113959582 44878
3557 1791255113995023 59096
3558 1791255114014639 55959
3559 1791255114032352 51817
3560 1791255114045366 50340
3561 1791255114063271 48629
3562 1791255114084092 46673
3563 1791255114097389 41653
3564 1791255114125208 50738
3565 1791255114157593 61463
3566 1791255114173151 56118
3567 1791255114187237 52519
3568 1791255114213247 55649
3569 1791255114226650 48171
3570 1791255114243944 48108
3571 1791255114265412 48191
3572 1791255114308075 71873
3573 1791255114317501 58765
3574 1791255114346490 59640
3575 1791255114374728 66646
3576 1791255114374748 58379
3577 1791255114388998 47225
3578 1791255114411069 55552
3579 1791255114435775 61043
3580 1791255114454580 58045
3581 1791255114467372 51460
3582 1791255114491830 56051
3583 1791255114511546 56963
3584 1791255114529553 50996
3585 1791255114554350 58230
3586 1791255114578066 62442
3587 1791255114595425 59951
3588 1791255114616083 61728
3589 1791255114633546 57733
3590 1791255114659132 63705
3591 1791255114681160 65472
3592 1791255114704463 67634
3593 1791255114728706 70385
3594 1791255114739355 64566
3595 1791255114762013 66575
3596 1791255114780653 66028
3597 1791255114807651 70058
3598 1791255114825189 67457
3599 1791255114846561 72403
3600 1791255114856312 60033
3601 1791255114883717 68622
3602 1791255114901035 66342
3603 1791255114922989 67977
3604 1791255114943787 68651
3605 1791255114953225 58074
3606 1791255114981672 67432
3607 1791255114995336 57366
3608 1791255115027205 72379
3609 1791255115042656 65558
3610 1791255115066529 71190
3611 1791255115086611 71074
3612 1791255115104245 69056
3613 1791255115120526 64779
3614 1791255115145836 69719
3615 1791255115164271 69504
3616 1791255115182238 66681
3617 1791255115202560 65215
3618 1791255115224399 65575
3619 1791255115236238 61858
3620 1791255115261690 62277
3621 1791255115283204 66057
3622 1791255115305162 70031
3623 1791255115326079 69507
3624 1791255115344315 65593
3625 1791255115363801 69090
3626 1791255115381170 66294
3627 1791255115407246 70203
3628 1791255115435144 77436
3629 1791255115451405 73495
3630 1791255115487717 92153
3631 1791255115499034 83154
3632 1791255115517295 82149
3633 1791255115545611 90269
3634 1791255115566154 91298
3635 1791255115588882 93037
3636 1791255115603412 87823
3637 1791255115636468 101768
3638 1791255115653510 96955
3639 1791255115672064 94432
3640 1791255115703606 107357
3641 1791255115716439 97168
3642 1791255115734861 98390
3643 1791255115764339 105167
3644 1791255115784292 108606
3645 1791255115797573 102689
3646 1791255115814325 97883
3647 1791255115840260 105396
3648 1791255115854605 99009
3649 1791255115877984 103303
3650 1791255115914660 118788
3651 1791255115923815 109486
3652 1791255115935251 99480
3653 1791255115964580 109967
3654 1791255115990598 115110
3655 1791255116006627 111385
3656 1791255116024081 109418
3657 1791255116053875 118619
3658 1791255116054615 95704
3659 1791255116063165 88375
3660 1791255116091015 94365
3661 1791255116108238 91547
3662 1791255116126314 85710
3663 1791255116142264 87647
3664 1791255116160402 84687
3665 1791255116177835 82796
3666 1791255116195298 79978
3667 1791255116211645 70524
3668 1791255116228078 67674
3669 1791255116259584 81745
3670 1791255116280652 85349
3671 1791255116300226 84478
3672 1791255116315115 79444
3673 1791255116342762 87789
3674 1791255116347211 68522
3675 1791255116382611 82381
3676 1791255116395399 80281
3677 1791255116407952 68362
3678 1791255116426405 71369
3679 1791255116449076 74358
3680 1791255116474393 78990
3681 1791255116492414 77233
3682 1791255116517810 81815
3683 1791255116535149 79261
3684 1791255116552876 78480
3685 1791255116575878 80807
3686 1791255116595954 78141
3687 1791255116617273 82121
3688 1791255116633432 77097
3689 1791255116655398 79517
3690 1791255116673039 77718
3691 1791255116691939 74664
3692 1791255116713505 78729
3693 1791255116733707 78307
3694 1791255116763027 86069
3695 1791255116774832 78908
3696 1791255116804012 89198
3697 1791255116823003 87573
3698 1791255116844721 90001
3699 1791255116860590 85756
3700 1791255116883721 86671
3701 1791255116903943 87536
3702 1791255116912418 74933
3703 1791255116933970 78850
3704 1791255116948859 73878
3705 1791255116962004 66963
3706 1791255116978733 61741
3707 1791255116995781 57781
3708 1791255117013990 58376
3709 1791255117030470 53071
3710 1791255117043021 47557
3711 1791255117068771 53314
3712 1791255117078628 42715
3713 1791255117099569 45325
3714 1791255117112076 35178
3715 1791255117129894 31330
3716 1791255117145897 27206
3717 1791255117167651 31664
3718 1791255117190340 34687
3719 1791255117206687 30790
3720 1791255117234765 40007
3721 1791255117247239 32374
3722 1791255117275366 40598
3723 1791255117286198 31399
3724 1791255117303490 28121
3725 1791255117328581 32500
3726 1791255117346182 31479
3727 1791255117365150 29411
3728 1791255117384529 29654
3729 1791255117411415 32290
3730 1791255117433167 37810
3731 1791255117452793 36437
3732 1791255117465576 25899
3733 1791255117495770 37940
3734 1791255117522711 42549
3735 1791255117535820 41295
3736 1791255117552563 29849
3737 1791255117582985 47163
3738 1791255117587085 26298
3739 1791255117610869 34018
3740 1791255117635961 41325
3741 1791255117649290 33290
3742 1791255117667097 31133
3743 1791255117697756 40656
3744 1791255117703305 27390
3745 1791255117722841 25081
3746 1791255117744048 28545
3747 1791255117760969 22280
3748 1791255117777530 23016
3749 1791255117803515 26059
3750 1791255117823965 25967
3751 1791255117841073 21659
3752 1791255117858048 22158
3753 1791255117884591 26630
3754 1791255117896109 21873
3755 1791255117919250 23138
3756 1791255117941415 25726
3757 1791255117963266 27697
3758 1791255117983475 24529
3759 1791255118001416 23575
3760 1791255118019604 24043
3761 1791255118035443 20780
3762 1791255118061849 27099
3763 1791255118079095 23659
3764 1791255118097076 21070
3765 1791255118126877 29798
3766 1791255118142313 25779
3767 1791255118164173 28587
3768 1791255118183606 29046
3769 1791255118200741 25641
3770 1791255118216139 21250
3771 1791255118242613 27484
3772 1791255118264669 29425
3773 1791255118283877 27602
3774 1791255118301476 22656
3775 1791255118317363 22064
3776 1791255118346101 28859
3777 1791255118364822 25910
3778 1791255118383429 26016
3779 1791255118403091 23514
3780 1791255118423821 25552
3781 1791255118437076 21356
3782 1791255118461850 24771
3783 1791255118481604 25380
3784 1791255118508306 26698
3785 1791255118525971 25165
3786 1791255118543097 26174
3787 1791255118563225 28817
3788 1791255118583717 29503
3789 1791255118603816 29359
3790 1791255118623298 28229
3791 1791255118639495 23382
3792 1791255118664449 28900
3793 1791255118679169 21527
3794 1791255118702946 23774
3795 1791255118717554 22255
3796 1791255118741563 24134
3797 1791255118766043 29509
3798 1791255118784247 24117
3799 1791255118797871 23253
3800 1791255118818769 23934
3801 1791255118835695 20390
3802 1791255118860497 24934
3803 1791255118884123 23611
3804 1791255118898335 23016
3805 1791255118924152 25813
3806 1791255118939047 22393
3807 1791255118963401 26697
3808 1791255118979614 24602
3809 1791255119006736 27305
3810 1791255119023959 24643
3811 1791255119036384 20947
3812 1791255119065042 28655
3813 1791255119083992 23833
3814 1791255119103337 25632
3815 1791255119117532 21139
3816 1791255119143553 26015
3817 1791255119166348 28075
3818 1791255119180393 20895
3819 1791255119202523 25164
3820 1791255119216512 21255
3821 1791255119244070 27554
3822 1791255119263698 24672
3823 1791255119282062 27560
3824 1791255119297225 21677
3825 1791255119322151 24919
3826 1791255119343594 25451
3827 1791255119364406 25725
3828 1791255119383681 27733
3829 1791255119403314 23502
3830 1791255119422890 28143
3831 1791255119441365 26179
3832 1791255119464713 28257
3833 1791255119481238 22537
3834 1791255119502572 26771
3835 1791255119524119 25628
3836 1791255119542198 24072
3837 1791255119561301 25793
3838 1791255119581209 26450
3839 1791255119598922 24367
3840 1791255119624334 25400
3841 1791255119638802 23693
3842 1791255119664570 27627
3843 1791255119683831 26091
3844 1791255119702841 25735
3845 1791255119719457 24466
3846 1791255119743431 23971
3847 1791255119757132 22082
3848 1791255119782104 24968
3849 1791255119805596 28446
3850 1791255119825834 24516
3851 1791255119840844 25145
3852 1791255119864176 26913
3853 1791255119880293 23053
3854 1791255119900698 26104
3855 1791255119924347 23646
3856 1791255119951955 32753
3857 1791255119962606 26812
3858 1791255119985296 26796
3859 1791255120005526 25468
3860 1791255120024338 26114
3861 1791255120042404 22683
3862 1791255120057582 22829
3863 1791255120075333 20681
3864 1791255120105369 30033
3865 1791255120120636 23238
3866 1791255120143666 25758
3867 1791255120160712 25494
3868 1791255120184721 29479
3869 1791255120206161 26480
3870 1791255120223811 28512
3871 1791255120242610 27538
3872 1791255120259705 24535
3873 1791255120284565 25012
3874 1791255120304708 27074
3875 1791255120324229 24630
3876 1791255120339054 24127
3877 1791255120364502 25431
3878 1791255120384195 25074
3879 1791255120397582 21304
3880 1791255120425365 27778
3881 1791255120445651 26071
3882 1791255120465502 26002
3883 1791255120476032 20936
3884 1791255120496215 21481
3885 1791255120517451 22693
3886 1791255120544247 26790
3887 1791255120565531 25540
3888 1791255120576505 21759
3889 1791255120601318 24809
3890 1791255120619500 24754
3891 1791255120636649 21969
3892 1791255120662464 27352
3893 1791255120683419 27943
3894 1791255120696102 20936
3895 1791255120722782 27900
3896 1791255120736823 21590
3897 1791255120762526 27284
3898 1791255120784062 28739
3899 1791255120803329 27928
3900 1791255120823252 27653
3901 1791255120837655 23010
3902 1791255120865105 27448
3903 1791255120885571 24309
3904 1791255120896703 22023
3905 1791255120923127 26420
3906 1791255120940409 24069
3907 1791255120962931 27517
3908 1791255120981277 26482
3909 1791255121002247 27001
3910 1791255121023743 29117
3911 1791255121044395 29139
3912 1791255121059558 23897
3913 1791255121082128 27385
3914 1791255121101664 26847
3915 1791255121122192 27009
3916 1791255121138103 23319
3917 1791255121164558 26452
3918 1791255121181453 25723
3919 1791255121204100 29113
3920 1791255121223985 29470
3921 1791255121242473 28220
3922 1791255121257504 21748
3923 1791255121276304 21015
3924 1791255121298054 21744
3925 1791255121326819 29396
3926 1791255121337256 22759
3927 1791255121355982 20755
3928 1791255121381661 26196
3929 1791255121401708 26434
3930 1791255121423616 28405
3931 1791255121443411 27233
3932 1791255121462952 27882
3933 1791255121480212 24327
3934 1791255121503147 22931
3935 1791255121524138 24027
3936 1791255121536425 21044
3937 1791255121558266 21838
3938 1791255121583901 25729
3939 1791255121602643 27947
3940 1791255121619482 24498
3941 1791255121640220 20736
3942 1791255121655654 20748
3943 1791255121682257 27656
3944 1791255121697391 21523
3945 1791255121721740 27218
3946 1791255121745052 23371
3947 1791255121757886 21035
3948 1791255121784831 26940
3949 1791255121804203 29106
3950 1791255121821207 23489
3951 1791255121844478 29194
3952 1791255121865104 23124
3953 1791255121881866 24748
3954 1791255121903145 28089
3955 1791255121916783 21679
3956 1791255121944953 28275
3957 1791255121960763 23124
3958 1791255121987632 31932
3959 1791255122004112 22951
3960 1791255122023147 25207
3961 1791255122045716 25115
3962 1791255122062090 25466
3963 1791255122082323 26048
3964 1791255122099664 25195
3965 1791255122121776 26517
3966 1791255122145132 28136
3967 1791255122166904 28495
3968 1791255122180991 24847
3969 1791255122204000 23005
3970 1791255122219589 22621
3971 1791255122236701 20771
3972 1791255122257083 22320
3973 1791255122282642 25555
3974 1791255122297321 22685
3975 1791255122324393 29349
3976 1791255122342585 28044
3977 1791255122356607 21320
3978 1791255122387902 31291
3979 1791255122399311 24569
3980 1791255122422649 25521
3981 1791255122444657 25814
3982 1791255122462076 25371
3983 1791255122482460 27005
3984 1791255122502434 28211
3985 1791255122523167 26891
3986 1791255122536419 21845
3987 1791255122572200 35777
3988 1791255122583773 28691
3989 1791255122598562 22543
3990 1791255122623062 26505
3991 1791255122642896 26749
3992 1791255122663251 26143
3993 1791255122677543 21250
3994 1791255122699176 21686
3995 1791255122715573 20652
3996 1791255122743551 27973
3997 1791255122760500 25081
3998 1791255122777294 22371
3999 1791255122801242 23946
4000 1791255122818194 22876
4001 1791255122844698 26946
4002 1791255122855974 21508
4003 1791255122882790 26814
4004 1791255122899031 23563
4005 1791255122922921 23887
4006 1791255122935115 20787
4007 1791255122956498 21380
4008 1791255122984032 27530
4009 1791255123004550 24440
4010 1791255123018941 24654
4011 1791255123043215 24271
4012 1791255123063165 27940
4013 1791255123090930 35501
4014 1791255123102671 26826
4015 1791255123121337 24929
4016 1791255123137519 22668
4017 1791255123163240 27478
4018 1791255123181274 25784
4019 1791255123195354 20874
4020 1791255123219868 24510
4021 1791255123243550 23774
4022 1791255123261857 25964
4023 1791255123284795 29308
4024 1791255123302509 26697
4025 1791255123320417 23552
4026 1791255123344417 29036
4027 1791255123363658 24077
4028 1791255123384539 28004
4029 1791255123405761 26872
4030 1791255123424079 24921
4031 1791255123442955 24683
4032 1791255123459940 23152
4033 1791255123478458 22193
4034 1791255123503222 24761
4035 1791255123516371 20891
4036 1791255123538002 23608
4037 1791255123559373 23359
4038 1791255123583879 24495
4039 1791255123604678 26214
4040 1791255123624314 26730
4041 1791255123644285 25282
4042 1791255123662333 25789
4043 1791255123682799 27112
4044 1791255123700741 25512
4045 1791255123724393 23649
4046 1791255123742849 24504
4047 1791255123764407 27522
4048 1791255123788482 30751
4049 1791255123801702 23463
4050 1791255123816938 22166
4051 1791255123843979 28067
4052 1791255123867120 29309
4053 1791255123886355 29121
4054 1791255123904305 25375
4055 1791255123918881 23927
4056 1791255123941621 22736
4057 1791255123959631 23906
4058 1791255123980234 20599
4059 1791255124003215 26483
4060 1791255124019416 23412
4061 1791255124040267 20892
4062 1791255124056772 22082
4063 1791255124084138 28800
4064 1791255124102885 27952
4065 1791255124115970 20477
4066 1791255124141111 25139
4067 1791255124161924 26388
4068 1791255124181959 26921
4069 1791255124197841 22137
4070 1791255124220495 22650
4071 1791255124243412 26864
4072 1791255124262655 22660
4073 1791255124283837 27930
4074 1791255124304214 24611
4075 1791255124319011 24005
4076 1791255124340836 21963
4077 1791255124363601 28353
4078 1791255124385896 25349
4079 1791255124405311 26631
4080 1791255124424022 24917
4081 1791255124441217 23026
4082 1791255124463221 24757
4083 1791255124480210 22864
4084 1791255124496389 21764
4085 1791255124518053 21662
4086 1791255124540000 22005
4087 1791255124555144 20643
4088 1791255124576864 21718
4089 1791255124602225 25359
4090 1791255124622855 26022
4091 1791255124638763 24351
4092 1791255124661603 22837
4093 1791255124682697 26938
4094 1791255124704678 25027
4095 1791255124725477 25982
4096 1791255124739308 24422
4097 1791255124756737 22041
4098 1791255124783660 26918
4099 1791255124801391 21681
4100 1791255124823352 28189
4101 1791255124843518 28835
4102 1791255124856607 22137
4103 1791255124876264 21044
4104 1791255124904434 29312
4105 1791255124917005 22084
4106 1791255124943185 26178
4107 1791255124963322 28106
4108 1791255124983643 25671
4109 1791255125002537 22396
4110 1791255125018689 23134
4111 1791255125042173 23480
4112 1791255125067209 31575
4113 1791255125082670 22234
4114 1791255125096524 21736
4115 1791255125118248 23419
4116 1791255125146275 28219
4117 1791255125163341 23057
4118 1791255125177021 22078
4119 1791255125202624 25600
4120 1791255125217779 22928
4121 1791255125238351 22582
4122 1791255125257652 22471
4123 1791255125279096 24468
4124 1791255125304160 25188
4125 1791255125318857 22735
4126 1791255125343216 24509
4127 1791255125358557 23302
4128 1791255125385075 26512
4129 1791255125403080 27083
4130 1791255125418648 21418
4131 1791255125442462 23811
4132 1791255125458748 22808
4133 1791255125476812 21857
4134 1791255125501453 26621
4135 1791255125522660 27529
4136 1791255125543621 28202
4137 1791255125558653 23862
4138 1791255125584421 25764
4139 1791255125604712 26431
4140 1791255125624406 25293
4141 1791255125643687 24017
4142 1791255125662679 24704
4143 1791255125685607 27792
# sent 4144 received 4144
