0 1791334808177382 22832
1 1791334808197895 20503
2 1791334808222719 26409
3 1791334808240370 24673
4 1791334808262855 26818
5 1791334808277383 21917
6 1791334808298097 20711
7 1791334808324745 26644
8 1791334808342679 26184
9 1791334808359430 24381
10 1791334808381387 25794
11 1791334808400074 24050
12 1791334808428660 28582
13 1791334808439155 21863
14 1791334808462792 27174
15 1791334808480482 23700
16 1791334808500678 24158
17 1791334808518633 22748
18 1791334808537546 21147
19 1791334808555849 20370
20 1791334808578969 23419
21 1791334808605510 30331
22 1791334808625697 29436
23 1791334808641957 23384
24 1791334808662439 26403
25 1791334808677775 21681
26 1791334808701624 23893
27 1791334808718518 20967
28 1791334808740700 25090
29 1791334808760583 24344
30 1791334808777933 21884
31 1791334808798783 21795
32 1791334808818745 22943
33 1791334808839470 20723
34 1791334808859337 23915
35 1791334808881496 22155
36 1791334808898802 22061
37 1791334808918546 22683
38 1791334808946375 27824
39 1791334808958870 22141
40 1791334808980034 22375
41 1791334809003029 22982
42 1791334809022872 25134
43 1791334809039829 23120
44 1791334809058609 22012
45 1791334809082814 26240
46 1791334809100180 22760
47 1791334809121152 25675
48 1791334809138542 22156
49 1791334809163587 27241
50 1791334809180836 23940
51 1791334809198675 21258
52 1791334809217345 21804
53 1791334809238901 21601
54 1791334809258277 22144
55 1791334809276738 20988
56 1791334809306718 29976
57 1791334809319914 25052
58 1791334809350741 30822
59 1791334809366522 29356
60 1791334809376956 21329
61 1791334809406935 30062
62 1791334809428192 30654
63 1791334809441851 22458
64 1791334809456870 20736
65 1791334809478658 22704
66 1791334809506801 29125
67 1791334809517343 22037
68 1791334809545339 27989
69 1791334809562568 26957
70 1791334809578291 22654
71 1791334809601599 24839
72 1791334809618815 22997
73 1791334809641096 22279
74 1791334809665665 28419
75 1791334809687433 29908
76 1791334809700741 25591
77 1791334809718664 22222
78 1791334809737470 22537
79 1791334809765962 28908
80 1791334809783426 27355
81 1791334809801457 24551
82 1791334809818969 20863
83 1791334809837820 22267
84 1791334809867316 31516
85 1791334809879317 22487
86 1791334809903220 23899
87 1791334809917439 20837
88 1791334809942620 25177
89 1791334809961514 25500
90 1791334809981766 25723
91 1791334809997735 21027
92 1791334810017617 21023
93 1791334810038558 22211
94 1791334810062741 26548
95 1791334810080796 24357
96 1791334810098588 21864
97 1791334810127045 29373
98 1791334810140455 24874
99 1791334810169018 28560
100 1791334810180684 22288
101 1791334810201002 24974
102 1791334810222182 27374
103 1791334810252242 30055
104 1791334810267570 31739
105 1791334810277983 21129
106 1791334810297857 23191
107 1791334810316601 21471
108 1791334810337670 22375
109 1791334810359807 22133
110 1791334810377884 22299
111 1791334810396404 21481
112 1791334810420924 24516
113 1791334810437558 21113
114 1791334810456769 21067
115 1791334810487275 30503
116 1791334810498600 22105
117 1791334810517435 21735
118 1791334810539646 23195
119 1791334810558695 20878
120 1791334810578046 23099
121 1791334810597396 22205
122 1791334810619366 22285
123 1791334810645466 26143
124 1791334810667974 27103
125 1791334810678598 22690
126 1791334810707424 30653
127 1791334810721628 25097
128 1791334810744609 23159
129 1791334810763487 25229
130 1791334810776475 20869
131 1791334810797647 22089
132 1791334810820588 22937
133 1791334810841820 24295
134 1791334810862013 25409
135 1791334810883773 27373
136 1791334810906607 29480
137 1791334810920534 25666
138 1791334810942694 22340
139 1791334810964287 26210
140 1791334810987212 30326
141 1791334810998452 21607
142 1791334811023562 25101
143 1791334811037629 21598
144 1791334811060024 23827
145 1791334811077394 22233
146 1791334811098400 22963
147 1791334811116716 21131
148 1791334811139087 22938
149 1791334811165408 28546
150 1791334811181739 25643
151 1791334811202665 24697
152 1791334811216314 21034
153 1791334811241995 25894
154 1791334811259476 21492
155 1791334811280016 21368
156 1791334811303810 27357
157 1791334811320618 24135
158 1791334811339555 21939
159 1791334811362768 26226
160 1791334811377170 21605
161 1791334811400650 23477
162 1791334811419314 23003
163 1791334811444381 26844
164 1791334811461370 24407
165 1791334811478685 22620
166 1791334811497366 20952
167 1791334811516634 21149
168 1791334811539813 23176
169 1791334811557016 20643
170 1791334811585986 28967
171 1791334811602934 26652
172 1791334811617265 21523
173 1791334811639168 23992
174 1791334811658648 21704
175 1791334811680974 25132
176 1791334811699871 21945
177 1791334811725928 30461
178 1791334811737534 22097
179 1791334811760579 23042
180 1791334811778347 22464
181 1791334811804756 28029
182 1791334811821124 25112
183 1791334811838112 23052
184 1791334811859572 24342
185 1791334811879813 24166
186 1791334811898687 22004
187 1791334811920655 25128
188 1791334811939477 24185
189 1791334811957020 21939
190 1791334811979087 22063
191 1791334812001693 24849
192 1791334812020696 24170
193 1791334812044110 28254
194 1791334812056720 20873
195 1791334812080726 24003
196 1791334812097908 21606
197 1791334812117036 21041
198 1791334812141452 24413
199 1791334812159825 22851
200 1791334812178895 22977
201 1791334812210442 31543
202 1791334812222423 25678
203 1791334812238820 20792
204 1791334812262344 26150
205 1791334812278396 21604
206 1791334812299699 24196
207 1791334812318325 22697
208 1791334812336661 21574
209 1791334812358375 21837
210 1791334812377430 22407
211 1791334812401828 24396
212 1791334812421975 25286
213 1791334812440663 24140
214 1791334812460670 22916
215 1791334812478750 23337
216 1791334812498845 22683
217 1791334812524553 25704
218 1791334812540437 24088
219 1791334812555656 21022
220 1791334812576683 21023
221 1791334812597733 21046
222 1791334812616323 20795
223 1791334812638582 23704
224 1791334812664648 28088
225 1791334812678711 23778
226 1791334812708069 31878
227 1791334812718807 23569
228 1791334812744698 25887
229 1791334812766222 29653
230 1791334812782162 25466
231 1791334812799428 21984
232 1791334812820443 23029
233 1791334812836964 21330
234 1791334812866490 30870
235 1791334812881439 25860
236 1791334812897437 21041
237 1791334812923757 26315
238 1791334812938737 23070
239 1791334812957722 22614
240 1791334812979329 23624
241 1791334812996953 21572
242 1791334813018734 21775
243 1791334813048330 29592
244 1791334813063327 23352
245 1791334813085317 27535
246 1791334813105788 30378
247 1791334813120918 24737
248 1791334813137260 22206
249 1791334813161492 26397
250 1791334813178237 22719
251 1791334813200533 24067
252 1791334813218661 23090
253 1791334813248513 29845
254 1791334813262005 25742
255 1791334813278637 22423
256 1791334813301548 22901
257 1791334813318829 22835
258 1791334813338014 23151
259 1791334813358773 22856
260 1791334813379375 23301
261 1791334813399571 23864
262 1791334813420560 23851
263 1791334813444207 29423
264 1791334813459959 22896
265 1791334813478844 22960
266 1791334813502714 23866
267 1791334813520787 23909
268 1791334813541945 25073
269 1791334813558602 22834
270 1791334813586961 28355
271 1791334813600009 23578
272 1791334813620183 24471
273 1791334813640766 23781
274 1791334813658793 23041
275 1791334813678267 23302
276 1791334813697460 22346
277 1791334813724808 27341
278 1791334813746990 30515
279 1791334813759287 23805
280 1791334813786571 27281
281 1791334813802435 23304
282 1791334813820592 24004
283 1791334813845888 25294
284 1791334813858007 23085
285 1791334813876490 21435
286 1791334813899500 23008
287 1791334813918428 21355
288 1791334813941057 22627
289 1791334813961965 23822
290 1791334813982790 26654
291 1791334814000603 23407
292 1791334814017076 21163
293 1791334814038468 23083
294 1791334814062591 26366
295 1791334814079679 22877
296 1791334814096567 20824
297 1791334814118423 23393
298 1791334814136970 22109
299 1791334814157814 20887
300 1791334814178969 21152
301 1791334814200962 23983
302 1791334814216465 20776
303 1791334814241718 25639
304 1791334814263913 26769
305 1791334814287033 29625
306 1791334814298128 22766
307 1791334814319431 21300
308 1791334814345424 28906
309 1791334814357942 21359
310 1791334814381162 25403
311 1791334814404755 28485
312 1791334814422793 23042
313 1791334814437257 20756
314 1791334814456050 20849
315 1791334814487003 30950
316 1791334814499437 23634
317 1791334814523796 24356
318 1791334814538941 21489
319 1791334814558027 22672
320 1791334814580908 22878
321 1791334814612147 34052
322 1791334814623379 24982
323 1791334814639916 21951
324 1791334814661029 22949
325 1791334814680567 23433
326 1791334814698561 21204
327 1791334814716637 21031
328 1791334814743955 27315
329 1791334814759407 24583
330 1791334814783584 24174
331 1791334814798486 21692
332 1791334814821745 25374
333 1791334814838323 21232
334 1791334814864174 28098
335 1791334814880847 24788
336 1791334814900466 23530
337 1791334814917959 22760
338 1791334814945481 27518
339 1791334814956240 21111
340 1791334814978625 22381
341 1791334814998097 21227
342 1791334815018505 22692
343 1791334815037031 21243
344 1791334815061031 25230
345 1791334815079158 22284
346 1791334815097648 20686
347 1791334815126969 30687
348 1791334815140570 24335
349 1791334815158107 22126
350 1791334815176972 20710
351 1791334815200788 23866
352 1791334815220962 23110
353 1791334815241720 26552
354 1791334815258699 21748
355 1791334815280889 23992
356 1791334815299106 21476
357 1791334815317727 22729
358 1791334815344341 27937
359 1791334815368020 28083
360 1791334815379844 23337
361 1791334815397346 20976
362 1791334815419434 22085
363 1791334815446112 28713
364 1791334815466027 29080
365 1791334815480894 22940
366 1791334815503790 22891
367 1791334815517738 21277
368 1791334815539585 24160
369 1791334815560279 24365
370 1791334815576413 21486
371 1791334815601391 24975
372 1791334815618535 21368
373 1791334815639408 23245
374 1791334815659509 22287
375 1791334815683756 26382
376 1791334815698532 22466
377 1791334815717371 20934
378 1791334815738564 22234
379 1791334815758594 22971
380 1791334815785728 29766
381 1791334815797095 22319
382 1791334815826741 29643
383 1791334815838301 23011
384 1791334815860911 24900
385 1791334815879818 22653
386 1791334815896894 21028
387 1791334815917940 21100
388 1791334815945195 27252
389 1791334815962142 26827
390 1791334815980441 24434
391 1791334816000141 24037
392 1791334816029625 29700
393 1791334816046406 29269
394 1791334816057494 21370
395 1791334816084295 26798
396 1791334816100563 24353
397 1791334816120132 23223
398 1791334816138586 22079
399 1791334816162171 26163
400 1791334816180592 25894
401 1791334816206596 26069
402 1791334816225275 28655
403 1791334816238055 23364
404 1791334816266215 28158
405 1791334816279946 23409
406 1791334816302127 25855
407 1791334816327866 32085
408 1791334816340525 24490
409 1791334816364126 27121
410 1791334816388509 31182
411 1791334816407123 29804
412 1791334816423361 26479
413 1791334816447542 29939
414 1791334816464999 28046
415 1791334816486467 30870
416 1791334816512611 37277
417 1791334816533221 35613
418 1791334816548984 33274
419 1791334816562457 25961
420 1791334816586050 29963
421 1791334816605082 29406
422 1791334816630647 34069
423 1791334816641010 23211
424 1791334816661132 25598
425 1791334816689437 33720
426 1791334816707506 29817
427 1791334816718477 22917
428 1791334816749604 31560
429 1791334816761715 25901
430 1791334816786166 28216
431 1791334816799141 23661
432 1791334816826626 30849
433 1791334816844710 28243
434 1791334816867519 29507
435 1791334816886649 30792
436 1791334816907495 31527
437 1791334816918775 22847
438 1791334816947741 28963
439 1791334816967797 30678
440 1791334816996447 40594
441 1791334817008217 28456
442 1791334817020157 23704
443 1791334817043235 27858
444 1791334817061031 25671
445 1791334817087029 29560
446 1791334817100806 24514
447 1791334817126452 30632
448 1791334817145213 29193
449 1791334817165183 29290
450 1791334817187420 31576
451 1791334817209336 33737
452 1791334817228227 31408
453 1791334817246254 24807
454 1791334817267484 31785
455 1791334817291644 35178
456 1791334817307925 32219
457 1791334817326823 31551
458 1791334817345679 29357
459 1791334817367514 32400
460 1791334817385178 28204
461 1791334817406641 29796
462 1791334817428182 32862
463 1791334817444997 28873
464 1791334817461329 24199
465 1791334817485051 28236
466 1791334817506238 27442
467 1791334817534985 39131
468 1791334817546937 27882
469 1791334817565960 30971
470 1791334817581938 26594
471 1791334817605219 29804
472 1791334817621138 25866
473 1791334817641733 25525
474 1791334817665643 28405
475 1791334817686661 29871
476 1791334817707923 31908
477 1791334817732034 34710
478 1791334817746410 29684
479 1791334817769994 33085
480 1791334817788855 33208
481 1791334817819775 41779
482 1791334817835381 36718
483 1791334817857223 37447
484 1791334817877037 41653
485 1791334817900874 43648
486 1791334817923611 46626
487 1791334817947783 50272
488 1791334817976365 59871
489 1791334817991913 54383
490 1791334818016101 58177
491 1791334818036027 59658
492 1791334818056527 59755
493 1791334818081018 64908
494 1791334818097866 61836
495 1791334818126065 69535
496 1791334818146744 65723
497 1791334818155612 60475
498 1791334818183323 67109
499 1791334818196681 61181
500 1791334818225774 70160
501 1791334818237846 61251
502 1791334818257924 61230
503 1791334818283013 63745
504 1791334818308125 70315
505 1791334818329776 72368
506 1791334818347430 71703
507 1791334818375622 78228
508 1791334818390602 74469
509 1791334818411984 75637
510 1791334818441115 85232
511 1791334818457031 81774
512 1791334818476256 78917
513 1791334818500758 84607
514 1791334818516137 78073
515 1791334818536537 79730
516 1791334818555144 78885
517 1791334818585283 84522
518 1791334818599913 83773
519 1791334818616473 79934
520 1791334818632598 77451
521 1791334818656092 79444
522 1791334818685161 85549
523 1791334818695968 79492
524 1791334818717884 82767
525 1791334818738093 81998
526 1791334818766094 85270
527 1791334818781493 85522
528 1791334818804819 86933
529 1791334818829018 90923
530 1791334818845966 89052
531 1791334818865961 90676
532 1791334818876445 80234
533 1791334818897385 82223
534 1791334818910641 74357
535 1791334818930960 75137
536 1791334818947004 71000
537 1791334818969194 71805
538 1791334818987066 71343
539 1791334819007588 71661
540 1791334819025498 67117
541 1791334819041382 65977
542 1791334819056499 60127
543 1791334819077668 60497
544 1791334819097370 60623
545 1791334819114188 57687
546 1791334819136854 59182
547 1791334819152620 55248
548 1791334819170844 55122
549 1791334819185894 49349
550 1791334819197689 40571
551 1791334819218160 42606
552 1791334819228565 31131
553 1791334819254977 36814
554 1791334819259945 24940
555 1791334819284548 29568
556 1791334819298940 23292
557 1791334819319884 24898
558 1791334819346186 26298
559 1791334819361054 25944
560 1791334819386314 25518
561 1791334819407710 31995
562 1791334819427181 30370
563 1791334819447397 31079
564 1791334819468780 32791
565 1791334819487549 29956
566 1791334819501365 24063
567 1791334819529095 32614
568 1791334819546793 29986
569 1791334819567799 32267
570 1791334819583975 27502
571 1791334819605862 28638
572 1791334819626732 30744
573 1791334819639012 23750
574 1791334819668712 32925
575 1791334819683871 25883
576 1791334819706625 28698
577 1791334819726638 30983
578 1791334819752368 36456
579 1791334819766677 29117
580 1791334819787986 32223
581 1791334819810280 33268
582 1791334819831753 34496
583 1791334819850302 34206
584 1791334819863948 25975
585 1791334819886770 29264
586 1791334819909016 32761
587 1791334819921365 23827
588 1791334819950797 35620
589 1791334819967611 31877
590 1791334819991483 36038
591 1791334820002190 25998
592 1791334820027708 29966
593 1791334820047901 30957
594 1791334820065220 29052
595 1791334820089964 33674
596 1791334820113411 37155
597 1791334820131415 32246
598 1791334820147339 30915
599 1791334820170627 33838
600 1791334820181607 24929
601 1791334820206982 30341
602 1791334820223805 26445
603 1791334820248266 31476
604 1791334820268457 32064
605 1791334820283495 27710
606 1791334820308471 30811
607 1791334820327777 30092
608 1791334820343605 26846
609 1791334820369003 32905
610 1791334820388613 31543
611 1791334820404597 26686
612 1791334820432386 34667
613 1791334820454025 35187
614 1791334820466701 29261
615 1791334820483740 25556
616 1791334820503897 28089
617 1791334820528091 30357
618 1791334820549009 30190
619 1791334820563891 27393
620 1791334820586698 29652
621 1791334820601174 25816
622 1791334820627346 30531
623 1791334820650298 32511
624 1791334820664183 27456
625 1791334820687045 29260
626 1791334820701521 24818
627 1791334820731122 29596
628 1791334820750653 30004
629 1791334820763061 23782
630 1791334820781266 26452
631 1791334820807140 30108
632 1791334820825771 28799
633 1791334820847859 29746
634 1791334820860004 23216
635 1791334820885096 30098
636 1791334820906555 30088
637 1791334820929728 33834
638 1791334820940043 24484
639 1791334820966336 29152
640 1791334820979880 24098
641 1791334821005978 30064
642 1791334821026884 25053
643 1791334821041514 25329
644 1791334821065214 29162
645 1791334821089329 29122
646 1791334821100391 24434
647 1791334821122360 23302
648 1791334821148097 30530
649 1791334821170498 33289
650 1791334821196013 36030
651 1791334821210467 34820
652 1791334821241543 45527
653 1791334821260644 42712
654 1791334821281367 45140
655 1791334821304566 48266
656 1791334821326557 51510
657 1791334821347163 51413
658 1791334821358762 43632
659 1791334821383349 46170
660 1791334821406732 51039
661 1791334821430324 52914
662 1791334821447579 51645
663 1791334821464670 48012
664 1791334821481914 45121
665 1791334821503467 48068
666 1791334821525833 50893
667 1791334821555504 58341
668 1791334821565427 49181
669 1791334821586808 51399
670 1791334821610684 55177
671 1791334821631489 50759
672 1791334821649088 54101
673 1791334821671000 53716
674 1791334821693892 57059
675 1791334821710743 55250
676 1791334821737526 61476
677 1791334821757352 60639
678 1791334821776691 61765
679 1791334821789840 54088
680 1791334821817243 59888
681 1791334821837328 60629
682 1791334821857664 62146
683 1791334821879280 62965
684 1791334821900287 62955
685 1791334821928843 72136
686 1791334821943801 66729
687 1791334821966773 70800
688 1791334821980761 64039
689 1791334822003336 66166
690 1791334822027052 70938
691 1791334822046184 70745
692 1791334822065177 69253
693 1791334822089517 73358
694 1791334822106825 69582
695 1791334822129488 73070
696 1791334822148474 72322
697 1791334822170069 74362
698 1791334822193791 75556
699 1791334822210651 73930
700 1791334822237851 78324
701 1791334822253246 76222
702 1791334822274733 77903
703 1791334822296166 80562
704 1791334822318044 80189
705 1791334822331853 76319
706 1791334822355504 80768
707 1791334822376151 80367
708 1791334822396926 78879
709 1791334822414131 78496
710 1791334822429922 74414
711 1791334822451737 75584
712 1791334822481137 84208
713 1791334822492550 76291
714 1791334822517508 81310
715 1791334822536154 79665
716 1791334822557766 76626
717 1791334822579166 83707
718 1791334822595928 78416
719 1791334822612579 76422
720 1791334822626366 70846
721 1791334822648029 68859
722 1791334822667926 71994
723 1791334822679712 64019
724 1791334822696932 59703
725 1791334822713468 55969
726 1791334822732395 52679
727 1791334822744195 47260
728 1791334822763613 46687
729 1791334822778265 41333
730 1791334822798088 40914
731 1791334822811448 33181
732 1791334822828276 32849
733 1791334822842713 26391
734 1791334822870042 30402
735 1791334822897636 38996
736 1791334822909639 29173
737 1791334822924745 27105
738 1791334822958115 41925
739 1791334822973607 32368
740 1791334822988825 30706
741 1791334823007124 29421
742 1791334823031621 35111
743 1791334823051290 33715
744 1791334823067988 31560
745 1791334823090700 33414
746 1791334823112029 35060
747 1791334823127731 31943
748 1791334823150937 33797
749 1791334823163854 24487
750 1791334823188880 33307
751 1791334823205505 29101
752 1791334823247449 41939
753 1791334823247463 29443
754 1791334823277513 39770
755 1791334823287775 31613
756 1791334823308890 31371
757 1791334823335316 31468
758 1791334823339693 22772
759 1791334823359336 24012
760 1791334823381836 22498
761 1791334823402097 25156
762 1791334823428752 33389
763 1791334823444231 28039
764 1791334823459132 23517
765 1791334823487539 30001
766 1791334823500137 24035
767 1791334823526971 31828
768 1791334823554647 37177
769 1791334823566212 30025
770 1791334823581616 26963
771 1791334823607037 25413
772 1791334823617641 21099
773 1791334823647098 29659
774 1791334823668241 31925
775 1791334823691405 32826
776 1791334823713988 37574
777 1791334823725156 27142
778 1791334823753469 37738
779 1791334823766517 30359
780 1791334823787674 30473
781 1791334823806105 28989
782 1791334823828826 31906
783 1791334823846282 29771
784 1791334823866354 30452
785 1791334823888402 32266
786 1791334823906282 28984
787 1791334823920654 24851
788 1791334823940955 24829
789 1791334823968417 32052
790 1791334823987970 30968
791 1791334824009475 29027
792 1791334824035398 37068
793 1791334824046868 23565
794 1791334824062233 26831
795 1791334824089417 31673
796 1791334824108910 32054
797 1791334824121934 23867
798 1791334824146587 29832
799 1791334824165321 29949
800 1791334824188575 32744
801 1791334824207426 30511
802 1791334824227840 31037
803 1791334824245004 27958
804 1791334824265899 26342
805 1791334824287196 31467
806 1791334824308769 32831
807 1791334824327569 30292
808 1791334824340250 23461
809 1791334824366805 29491
810 1791334824383122 25185
811 1791334824411978 35003
812 1791334824423955 26507
813 1791334824451940 34396
814 1791334824469717 32783
815 1791334824480028 22617
816 1791334824502616 27531
817 1791334824526817 29697
818 1791334824548199 32631
819 1791334824566501 30199
820 1791334824589300 28134
821 1791334824606250 29493
822 1791334824623226 27330
823 1791334824648099 32327
824 1791334824660476 23361
825 1791334824696848 39312
826 1791334824707940 31337
827 1791334824727881 31028
828 1791334824754371 37738
829 1791334824777473 38096
830 1791334824803920 45704
831 1791334824825345 49450
832 1791334824847924 51611
833 1791334824871805 52236
834 1791334824895849 58118
835 1791334824924071 67011
836 1791334824943145 67971
837 1791334824971181 75329
838 1791334824996107 77295
839 1791334825014307 77847
840 1791334825039427 83569
841 1791334825060659 84767
842 1791334825086723 90607
843 1791334825111553 94961
844 1791334825129673 91198
845 1791334825153443 92752
846 1791334825164699 88260
847 1791334825187741 91797
848 1791334825212321 97406
849 1791334825239559 100423
850 1791334825258289 99614
851 1791334825277104 99680
852 1791334825307825 110102
853 1791334825325188 106533
854 1791334825345264 109125
855 1791334825357938 99647
856 1791334825377367 100937
857 1791334825399774 102010
858 1791334825419764 104796
859 1791334825446726 109576
860 1791334825464195 107165
861 1791334825477699 100327
862 1791334825501132 105176
863 1791334825517064 101817
864 1791334825538082 98101
865 1791334825550202 92919
866 1791334825566174 90755
867 1791334825587315 92127
868 1791334825601572 84503
869 1791334825631571 93740
870 1791334825643119 84333
871 1791334825659535 80839
872 1791334825680895 82499
873 1791334825696741 78274
874 1791334825717167 80186
875 1791334825734295 77308
876 1791334825746343 69722
877 1791334825769710 72963
878 1791334825784137 66968
879 1791334825794877 59475
880 1791334825815794 58012
881 1791334825829047 52709
882 1791334825836655 41764
883 1791334825847057 31257
884 1791334825870543 34109
885 1791334825887329 30893
886 1791334825905244 28467
887 1791334825928082 29778
888 1791334825947404 30779
889 1791334825968435 30664
890 1791334825989132 32718
891 1791334826005848 27034
892 1791334826033086 37405
893 1791334826049681 31400
894 1791334826064147 26062
895 1791334826089478 32645
896 1791334826101539 24439
897 1791334826128063 31888
898 1791334826153624 35785
899 1791334826167898 29903
900 1791334826188258 33302
901 1791334826208886 32462
902 1791334826226704 28486
903 1791334826255309 40220
904 1791334826270637 34799
905 1791334826285951 30860
906 1791334826304168 27926
907 1791334826326935 27553
908 1791334826356295 35164
909 1791334826368003 32285
910 1791334826384709 28405
911 1791334826401548 24568
912 1791334826422411 24400
913 1791334826446938 28638
914 1791334826468760 32380
915 1791334826485682 29016
916 1791334826509416 29756
917 1791334826525530 27546
918 1791334826548439 28676
919 1791334826568195 31581
920 1791334826588272 32743
921 1791334826602505 25897
922 1791334826628325 31611
923 1791334826648931 32839
924 1791334826669234 33012
925 1791334826700465 44471
926 1791334826706861 27370
927 1791334826731892 31421
928 1791334826750874 32425
929 1791334826768688 33112
930 1791334826784461 28321
931 1791334826808745 33120
932 1791334826827241 30363
933 1791334826845925 29972
934 1791334826873313 31099
935 1791334826884682 25707
936 1791334826909164 30539
937 1791334826927294 30093
938 1791334826944673 27783
939 1791334826970975 34740
940 1791334826987300 31184
941 1791334827001935 26727
942 1791334827026901 30878
943 1791334827040311 23063
944 1791334827063599 28310
945 1791334827087974 30921
946 1791334827108588 32638
947 1791334827128651 32556
948 1791334827147238 30215
949 1791334827162662 27015
950 1791334827189167 32195
951 1791334827207474 29600
952 1791334827235221 35122
953 1791334827248684 32971
954 1791334827263091 28021
955 1791334827292924 35657
956 1791334827307240 29485
957 1791334827335758 38183
958 1791334827348145 31865
959 1791334827367370 31607
960 1791334827389120 27588
961 1791334827406933 29512
962 1791334827426109 28754
963 1791334827440915 25412
964 1791334827464930 29195
965 1791334827481884 25763
966 1791334827507322 27298
967 1791334827525269 28483
968 1791334827541918 24695
969 1791334827560562 24858
970 1791334827584709 26906
971 1791334827609206 28185
972 1791334827627407 29343
973 1791334827641637 26134
974 1791334827668566 32149
975 1791334827688727 31735
976 1791334827708604 33390
977 1791334827728609 31783
978 1791334827752359 35563
979 1791334827763601 27247
980 1791334827786615 29389
981 1791334827799579 24388
982 1791334827826609 31234
983 1791334827853255 37016
984 1791334827872606 34425
985 1791334827891066 32796
986 1791334827901046 26037
987 1791334827927892 30043
988 1791334827952900 35613
989 1791334827966457 30152
990 1791334827987705 29950
991 1791334828008230 30855
992 1791334828027713 30817
993 1791334828046909 29463
994 1791334828064952 29678
995 1791334828080083 24648
996 1791334828100780 24850
997 1791334828121112 24647
998 1791334828155656 37213
999 1791334828170772 34086
1000 1791334828189409 33744
1001 1791334828202661 27089
1002 1791334828229042 32456
1003 1791334828249156 30612
1004 1791334828267811 31546
1005 1791334828288022 31884
1006 1791334828305083 28144
1007 1791334828322365 25546
1008 1791334828348600 31751
1009 1791334828369907 31986
1010 1791334828386138 29407
1011 1791334828403685 28077
1012 1791334828427454 31115
1013 1791334828441488 26470
1014 1791334828473617 32125
1015 1791334828486654 28973
1016 1791334828508100 33013
1017 1791334828525422 28918
1018 1791334828547307 31723
1019 1791334828568706 32968
1020 1791334828583201 25106
1021 1791334828606659 27632
1022 1791334828632449 36021
1023 1791334828646110 29842
1024 1791334828660401 24788
1025 1791334828691515 31109
1026 1791334828704484 27219
1027 1791334828730202 33161
1028 1791334828752524 35845
1029 1791334828777158 39456
1030 1791334828799877 41987
1031 1791334828825563 48402
1032 1791334828847574 50758
1033 1791334828870828 53981
1034 1791334828891855 55933
1035 1791334828920179 61695
1036 1791334828937404 61701
1037 1791334828963459 66091
1038 1791334828981514 65704
1039 1791334829008985 71856
1040 1791334829031514 75362
1041 1791334829057162 80337
1042 1791334829072249 74402
1043 1791334829092198 76994
1044 1791334829108132 72103
1045 1791334829133835 77177
1046 1791334829154055 76794
1047 1791334829182919 85469
1048 1791334829197982 81624
1049 1791334829211064 76079
1050 1791334829242447 84535
1051 1791334829255898 79447
1052 1791334829280899 82913
1053 1791334829299734 82928
1054 1791334829321442 84823
1055 1791334829335956 80055
1056 1791334829362544 85484
1057 1791334829386854 91058
1058 1791334829408727 87283
1059 1791334829426044 90405
1060 1791334829440924 82691
1061 1791334829462171 86038
1062 1791334829481385 84347
1063 1791334829496534 81452
1064 1791334829516337 80426
1065 1791334829544572 87041
1066 1791334829562975 86055
1067 1791334829576609 80070
1068 1791334829596883 80542
1069 1791334829617822 82141
1070 1791334829637604 82064
1071 1791334829652152 75529
1072 1791334829678273 81387
1073 1791334829689232 73655
1074 1791334829710802 73259
1075 1791334829731618 75657
1076 1791334829746799 71087
1077 1791334829766582 70290
1078 1791334829780941 63284
1079 1791334829802401 65901
1080 1791334829815036 59799
1081 1791334829826341 45396
1082 1791334829844055 41651
1083 1791334829855216 40176
1084 1791334829875155 37459
1085 1791334829885976 30757
1086 1791334829904337 29179
1087 1791334829925851 28832
1088 1791334829946100 29288
1089 1791334829966864 30095
1090 1791334829979534 23225
1091 1791334830006900 27657
1092 1791334830019524 23162
1093 1791334830045339 27981
1094 1791334830063414 25702
1095 1791334830088933 31995
1096 1791334830109499 28806
1097 1791334830127159 29062
1098 1791334830145974 28050
1099 1791334830166960 28411
1100 1791334830189892 34239
1101 1791334830206338 30369
1102 1791334830224365 28508
1103 1791334830246404 29825
1104 1791334830271884 28802
1105 1791334830285271 25958
1106 1791334830298596 23528
1107 1791334830328155 32033
1108 1791334830345669 28321
1109 1791334830358742 21447
1110 1791334830384938 30158
1111 1791334830407317 31959
1112 1791334830424820 28720
1113 1791334830440810 24792
1114 1791334830462321 27116
1115 1791334830485765 27879
1116 1791334830503741 25521
1117 1791334830527112 28106
1118 1791334830547166 30606
1119 1791334830565461 27680
1120 1791334830589868 28757
1121 1791334830607557 30339
1122 1791334830618603 22112
1123 1791334830646647 29035
1124 1791334830671956 36379
1125 1791334830682333 25442
1126 1791334830707607 31671
1127 1791334830726697 30345
1128 1791334830747275 31069
1129 1791334830767457 31353
1130 1791334830788253 29064
1131 1791334830801419 25547
1132 1791334830828349 31861
1133 1791334830846470 29975
1134 1791334830867826 29123
1135 1791334830883905 27272
1136 1791334830912920 37548
1137 1791334830928935 31349
1138 1791334830946900 29454
1139 1791334830966235 29938
1140 1791334830988873 32081
1141 1791334831006669 28942
1142 1791334831026502 31274
1143 1791334831046459 31446
1144 1791334831069546 28411
1145 1791334831087507 27322
1146 1791334831102684 26537
1147 1791334831126785 30461
1148 1791334831146850 25949
1149 1791334831170156 33533
1150 1791334831189755 32095
1151 1791334831205902 28737
1152 1791334831230229 34349
1153 1791334831245977 30458
1154 1791334831267812 31920
1155 1791334831278621 22304
1156 1791334831308406 30966
1157 1791334831326821 29237
1158 1791334831341790 25905
1159 1791334831367094 29494
1160 1791334831386942 29625
1161 1791334831403683 27715
1162 1791334831419992 23530
1163 1791334831442682 25693
1164 1791334831459703 23059
1165 1791334831483208 26956
1166 1791334831504039 27284
1167 1791334831519870 23361
1168 1791334831541076 23322
1169 1791334831559393 22033
1170 1791334831581076 21680
1171 1791334831600541 24062
1172 1791334831618641 21937
1173 1791334831638936 22535
1174 1791334831656734 21006
1175 1791334831686433 30650
1176 1791334831696810 21939
1177 1791334831717543 20729
1178 1791334831746636 29144
1179 1791334831760898 25242
1180 1791334831777928 22717
1181 1791334831798427 22217
1182 1791334831816961 20983
1183 1791334831839522 22557
1184 1791334831859737 24112
1185 1791334831882105 22364
1186 1791334831899056 21305
1187 1791334831917408 22000
1188 1791334831937567 22147
1189 1791334831961325 24151
1190 1791334831977681 21338
1191 1791334832000766 24946
1192 1791334832018692 21013
1193 1791334832036010 20739
1194 1791334832057001 20988
1195 1791334832080867 23859
1196 1791334832103152 26129
1197 1791334832119551 23338
1198 1791334832141823 25087
1199 1791334832162900 27206
1200 1791334832178893 23002
1201 1791334832197610 21663
1202 1791334832223112 25500
1203 1791334832240800 25395
1204 1791334832256342 20880
1205 1791334832279110 22765
1206 1791334832297840 21636
1207 1791334832319076 23125
1208 1791334832346831 27962
1209 1791334832357002 21445
1210 1791334832385034 28083
1211 1791334832400921 25265
1212 1791334832419163 21946
1213 1791334832446631 30370
1214 1791334832459934 24548
1215 1791334832487254 27316
1216 1791334832502404 24547
1217 1791334832519048 21571
1218 1791334832538482 22816
1219 1791334832558088 21824
1220 1791334832579536 23627
1221 1791334832601951 25188
1222 1791334832618224 21249
1223 1791334832636634 21352
1224 1791334832661105 24516
1225 1791334832677186 22111
1226 1791334832697894 20705
1227 1791334832718967 23242
1228 1791334832738715 21953
1229 1791334832769376 30715
1230 1791334832785928 30281
1231 1791334832803857 27460
1232 1791334832825668 26078
1233 1791334832842752 26919
1234 1791334832860933 23272
1235 1791334832877740 22052
1236 1791334832899552 21807
1237 1791334832923319 23916
1238 1791334832938323 22839
1239 1791334832961909 26515
1240 1791334832977266 20888
1241 1791334832998937 22246
1242 1791334833017460 20940
1243 1791334833036959 21505
1244 1791334833064973 28011
1245 1791334833078539 21779
1246 1791334833098268 21230
1247 1791334833119007 22658
1248 1791334833140956 21943
1249 1791334833163338 26782
1250 1791334833179082 21776
1251 1791334833198984 22865
1252 1791334833227552 28564
1253 1791334833238503 22522
1254 1791334833259267 23521
1255 1791334833279872 22764
1256 1791334833308266 28574
1257 1791334833320939 24945
1258 1791334833345818 27704
1259 1791334833357032 21649
1260 1791334833383767 26785
1261 1791334833401021 24552
1262 1791334833418408 20764
1263 1791334833438875 23267
1264 1791334833468208 29329
1265 1791334833479234 23793
1266 1791334833498377 21912
1267 1791334833518470 22639
1268 1791334833540808 22434
1269 1791334833562116 24277
1270 1791334833578130 21450
1271 1791334833601003 24543
1272 1791334833629414 28407
1273 1791334833646484 29175
1274 1791334833659655 23741
1275 1791334833682134 23016
1276 1791334833700957 22425
1277 1791334833718577 23021
1278 1791334833739617 23189
1279 1791334833761261 25192
1280 1791334833779558 23826
1281 1791334833799280 21833
1282 1791334833817795 22031
1283 1791334833838998 23279
1284 1791334833867302 31872
1285 1791334833877493 21728
1286 1791334833898421 20924
1287 1791334833916441 20721
1288 1791334833938409 21965
1289 1791334833959678 23493
1290 1791334833986999 27416
1291 1791334834000969 22022
1292 1791334834021004 25145
1293 1791334834040484 22779
1294 1791334834058671 21983
1295 1791334834083201 26603
1296 1791334834098642 22269
1297 1791334834119532 24030
1298 1791334834146466 26925
1299 1791334834156694 20627
1300 1791334834177467 20770
1301 1791334834196852 21247
1302 1791334834226081 29476
1303 1791334834238588 22901
1304 1791334834261281 22689
1305 1791334834279418 21608
1306 1791334834307319 27898
1307 1791334834318607 22933
1308 1791334834347006 30544
1309 1791334834360943 24321
1310 1791334834377421 22234
1311 1791334834399824 24129
1312 1791334834416901 21187
1313 1791334834442448 26537
1314 1791334834459422 21875
1315 1791334834486879 29747
1316 1791334834498215 22643
1317 1791334834517249 21393
1318 1791334834542062 24810
1319 1791334834568490 26426
1320 1791334834582235 24175
1321 1791334834603584 27167
1322 1791334834629343 32529
1323 1791334834652032 35411
1324 1791334834670163 33901
1325 1791334834693258 37356
1326 1791334834705974 28961
1327 1791334834729163 32494
1328 1791334834744988 27876
1329 1791334834777719 40365
1330 1791334834787699 31224
1331 1791334834805995 28896
1332 1791334834827087 31318
1333 1791334834849129 30480
1334 1791334834867649 31952
1335 1791334834884169 26903
1336 1791334834907094 31969
1337 1791334834922595 26757
1338 1791334834956981 37267
1339 1791334834965473 29119
1340 1791334834991744 34759
1341 1791334835008938 32828
1342 1791334835025271 28154
1343 1791334835053046 37053
1344 1791334835069278 33153
1345 1791334835098891 40128
1346 1791334835114443 38272
1347 1791334835127868 28972
1348 1791334835149464 33298
1349 1791334835167510 28207
1350 1791334835190425 33507
1351 1791334835205798 29501
1352 1791334835227679 30586
1353 1791334835259664 42330
1354 1791334835269104 31594
1355 1791334835287936 31050
1356 1791334835306250 29462
1357 1791334835333273 37733
1358 1791334835358633 41303
1359 1791334835382556 44726
1360 1791334835389807 34295
1361 1791334835419668 42564
1362 1791334835429839 31668
1363 1791334835456078 37454
1364 1791334835468552 31851
1365 1791334835496616 40522
1366 1791334835513790 38775
1367 1791334835529948 34122
1368 1791334835557554 38458
1369 1791334835576420 39918
1370 1791334835601177 43620
1371 1791334835616742 40834
1372 1791334835630248 33250
1373 1791334835663239 46492
1374 1791334835688576 50761
1375 1791334835706002 49723
1376 1791334835711004 34220
1377 1791334835738922 39645
1378 1791334835767543 51555
1379 1791334835786700 51148
1380 1791334835809606 54024
1381 1791334835828150 51690
1382 1791334835839249 44052
1383 1791334835858339 42171
1384 1791334835879920 44653
1385 1791334835909678 53432
1386 1791334835921625 45692
1387 1791334835947696 51918
1388 1791334835968116 52080
1389 1791334835979873 43366
1390 1791334836007721 52213
1391 1791334836024321 46944
1392 1791334836042624 45986
1393 1791334836059534 42686
1394 1791334836088170 52622
1395 1791334836110099 52833
1396 1791334836125972 49235
1397 1791334836147364 50745
1398 1791334836173407 52718
1399 1791334836194285 57777
1400 1791334836208888 52219
1401 1791334836229640 54113
1402 1791334836252808 56206
1403 1791334836288905 72794
1404 1791334836301351 58120
1405 1791334836307649 50045
1406 1791334836329043 48841
1407 1791334836358196 61771
1408 1791334836368845 51779
1409 1791334836403635 66729
1410 1791334836427784 70307
1411 1791334836437908 60663
1412 1791334836465279 68421
1413 1791334836468403 52087
1414 1791334836498318 62343
1415 1791334836526442 69653
1416 1791334836539545 63501
1417 1791334836562025 64201
1418 1791334836582985 62556
1419 1791334836602947 65119
1420 1791334836629077 67049
1421 1791334836631856 55165
1422 1791334836650802 54970
1423 1791334836678655 62674
1424 1791334836701861 66647
1425 1791334836728633 72464
1426 1791334836747927 72163
1427 1791334836780010 78449
1428 1791334836780028 64355
1429 1791334836806911 69139
1430 1791334836831688 76146
1431 1791334836848388 68375
1432 1791334836868862 71593
1433 1791334836888733 68257
1434 1791334836912818 77780
1435 1791334836925375 67493
1436 1791334836938092 61789
1437 1791334836962517 66562
1438 1791334836989791 71832
1439 1791334837010579 74763
1440 1791334837027120 71475
1441 1791334837048694 67865
1442 1791334837064772 67773
1443 1791334837097464 80507
1444 1791334837106967 68903
1445 1791334837129755 71545
1446 1791334837160401 84230
1447 1791334837171534 74066
1448 1791334837198791 83587
1449 1791334837216207 75216
1450 1791334837230099 69694
1451 1791334837249695 73422
1452 1791334837278174 79377
1453 1791334837278190 61977
1454 1791334837313239 75647
1455 1791334837330356 75118
1456 1791334837354208 76031
1457 1791334837377026 81082
1458 1791334837392730 76933
1459 1791334837409409 71443
1460 1791334837433512 76847
1461 1791334837448740 71711
1462 1791334837468382 72960
1463 1791334837492480 76170
1464 1791334837518220 80659
1465 1791334837547392 85990
1466 1791334837562153 85113
1467 1791334837583136 84821
1468 1791334837596399 78177
1469 1791334837609251 72694
1470 1791334837627780 71607
1471 1791334837659317 82171
1472 1791334837676173 80368
1473 1791334837688601 70884
1474 1791334837706956 70014
1475 1791334837729899 70580
1476 1791334837740167 63991
1477 1791334837758315 62157
1478 1791334837765731 49743
1479 1791334837776584 38664
1480 1791334837786866 29355
1481 1791334837807261 30674
1482 1791334837825645 30634
1483 1791334837843714 26416
1484 1791334837865500 29646
1485 1791334837887963 32410
1486 1791334837908861 30811
1487 1791334837923304 28057
1488 1791334837945262 30192
1489 1791334837968188 31323
1490 1791334837992465 35434
1491 1791334838015618 38128
1492 1791334838027616 30741
1493 1791334838042204 26584
1494 1791334838077694 41090
1495 1791334838085557 28894
1496 1791334838119503 41807
1497 1791334838136486 39059
1498 1791334838147778 30550
1499 1791334838167877 31386
1500 1791334838189646 34184
1501 1791334838205740 30012
1502 1791334838224762 29789
1503 1791334838255662 38277
1504 1791334838267041 30134
1505 1791334838287622 32049
1506 1791334838311766 35825
1507 1791334838322092 25567
1508 1791334838358187 41315
1509 1791334838367058 29328
1510 1791334838380596 24750
1511 1791334838407996 32263
1512 1791334838437877 39664
1513 1791334838457404 40793
1514 1791334838477569 39993
1515 1791334838491222 34618
1516 1791334838507685 30668
1517 1791334838522725 26274
1518 1791334838556406 39827
1519 1791334838571243 34435
1520 1791334838587394 30986
1521 1791334838610755 33368
1522 1791334838637176 38828
1523 1791334838648115 31503
1524 1791334838665920 28739
1525 1791334838679867 24137
1526 1791334838711750 34564
1527 1791334838723133 23001
1528 1791334838746817 31769
1529 1791334838769135 32343
1530 1791334838787437 31388
1531 1791334838814974 33659
1532 1791334838827546 29905
1533 1791334838845463 30485
1534 1791334838882547 40281
1535 1791334838889431 32230
1536 1791334838916058 35053
1537 1791334838930063 33992
1538 1791334838947356 31294
1539 1791334838963914 27217
1540 1791334838986381 30677
1541 1791334839009125 33738
1542 1791334839022357 26810
1543 1791334839048861 30483
1544 1791334839076413 40982
1545 1791334839094542 39353
1546 1791334839100823 24407
1547 1791334839136703 39035
1548 1791334839151153 33936
1549 1791334839166659 29951
1550 1791334839191323 35662
1551 1791334839204567 28140
1552 1791334839228006 32117
1553 1791334839237433 22703
1554 1791334839268534 32900
1555 1791334839289184 33203
1556 1791334839315161 32733
1557 1791334839319927 23129
1558 1791334839341240 26075
1559 1791334839373881 36872
1560 1791334839388756 30994
1561 1791334839403317 28180
1562 1791334839432521 36199
1563 1791334839454559 37922
1564 1791334839467617 30025
1565 1791334839492326 37764
1566 1791334839508357 31206
1567 1791334839527600 31629
1568 1791334839547466 29882
1569 1791334839559405 22651
1570 1791334839581168 23234
1571 1791334839606173 29066
1572 1791334839625961 30071
1573 1791334839649954 32066
1574 1791334839665892 29002
1575 1791334839687871 31588
1576 1791334839708572 26696
1577 1791334839726042 30226
1578 1791334839746676 29369
1579 1791334839770232 34564
1580 1791334839786071 31037
1581 1791334839805704 29498
1582 1791334839842047 46148
1583 1791334839842052 25716
1584 1791334839886187 50348
1585 1791334839890818 32660
1586 1791334839917725 37447
1587 1791334839925770 29998
1588 1791334839946783 29055
1589 1791334839967844 31629
1590 1791334839985518 30395
1591 1791334840012417 34219
1592 1791334840027239 31494
1593 1791334840048459 30690
1594 1791334840081930 40515
1595 1791334840089186 32491
1596 1791334840118528 41935
1597 1791334840138067 40440
1598 1791334840149999 33138
1599 1791334840164198 27389
1600 1791334840201001 43870
1601 1791334840215781 38855
1602 1791334840246637 48349
1603 1791334840265170 49385
1604 1791334840269623 33369
1605 1791334840294582 38060
1606 1791334840306368 28913
1607 1791334840331160 36576
1608 1791334840346491 29304
1609 1791334840377865 40465
1610 1791334840388640 30558
1611 1791334840423891 47311
1612 1791334840431093 35272
1613 1791334840447811 31327
1614 1791334840478207 41844
1615 1791334840500137 42404
1616 1791334840515329 39047
1617 1791334840541778 44520
1618 1791334840562777 47445
1619 1791334840581490 45792
1620 1791334840597686 41316
1621 1791334840615717 37943
1622 1791334840637746 40413
1623 1791334840661773 46053
1624 1791334840677339 39578
1625 1791334840706078 45250
1626 1791334840709287 32787
1627 1791334840726781 30938
1628 1791334840768156 49263
1629 1791334840772705 36463
1630 1791334840806922 48224
1631 1791334840821095 45113
1632 1791334840837244 40942
1633 1791334840852983 37011
1634 1791334840868532 32283
1635 1791334840901248 43293
1636 1791334840925059 44301
1637 1791334840947619 50839
1638 1791334840951629 34986
1639 1791334840983062 44272
1640 1791334840997682 41150
1641 1791334841031350 54847
1642 1791334841051115 55208
1643 1791334841066977 48262
1644 1791334841085246 47798
1645 1791334841110409 54909
1646 1791334841126617 49838
1647 1791334841146835 51000
1648 1791334841160483 43035
1649 1791334841177781 38922
1650 1791334841198489 41009
1651 1791334841226738 51055
1652 1791334841248417 50871
1653 1791334841267187 51490
1654 1791334841289107 50916
1655 1791334841310874 47119
1656 1791334841329347 50394
1657 1791334841343730 46611
1658 1791334841361335 43957
1659 1791334841379229 43227
1660 1791334841402648 45954
1661 1791334841428250 52322
1662 1791334841454822 58645
1663 1791334841467059 50983
1664 1791334841477957 41134
1665 1791334841503446 48621
1666 1791334841522797 46918
1667 1791334841537842 41325
1668 1791334841556809 39499
1669 1791334841582076 44230
1670 1791334841592146 36830
1671 1791334841619396 41333
1672 1791334841636505 38993
1673 1791334841659760 43061
1674 1791334841682580 46367
1675 1791334841702728 44879
1676 1791334841715117 40099
1677 1791334841737782 41663
1678 1791334841753673 38553
1679 1791334841768445 32007
1680 1791334841797474 41707
1681 1791334841815234 38194
1682 1791334841838035 40559
1683 1791334841848401 33163
1684 1791334841872116 36193
1685 1791334841897197 40447
1686 1791334841916627 39450
1687 1791334841935085 38969
1688 1791334841956241 39610
1689 1791334841976880 41792
1690 1791334841994598 38354
1691 1791334842009789 33959
1692 1791334842038969 44367
1693 1791334842049903 33893
1694 1791334842078942 41994
1695 1791334842100685 44605
1696 1791334842125933 50482
1697 1791334842142826 45288
1698 1791334842151172 33897
1699 1791334842183174 42865
1700 1791334842197619 42053
1701 1791334842227638 50361
1702 1791334842244622 48564
1703 1791334842258695 42802
1704 1791334842272022 35277
1705 1791334842289271 32476
1706 1791334842319138 41624
1707 1791334842335342 39327
1708 1791334842361125 45231
1709 1791334842383463 48117
1710 1791334842412362 52399
1711 1791334842425633 47794
1712 1791334842451557 54617
1713 1791334842466426 50487
1714 1791334842489127 51902
1715 1791334842505766 50223
1716 1791334842527747 49922
1717 1791334842538587 37782
1718 1791334842573850 58948
1719 1791334842588558 52841
1720 1791334842607047 49024
1721 1791334842621056 45695
1722 1791334842646838 52083
1723 1791334842677029 57331
1724 1791334842687271 51539
1725 1791334842707105 50849
1726 1791334842727810 50778
1727 1791334842738746 42957
1728 1791334842775935 58263
1729 1791334842791614 56086
1730 1791334842805373 48952
1731 1791334842825511 49573
1732 1791334842845682 50325
1733 1791334842859643 42408
1734 1791334842883950 41646
1735 1791334842900874 45801
1736 1791334842927535 49228
1737 1791334842948402 52398
1738 1791334842970702 53478
1739 1791334842986829 49735
1740 1791334843018145 62218
1741 1791334843026290 51287
1742 1791334843062124 63857
1743 1791334843065349 48005
1744 1791334843094042 58092
1745 1791334843112367 55722
1746 1791334843136733 56155
1747 1791334843147974 50985
1748 1791334843171916 54155
1749 1791334843188229 52098
1750 1791334843209235 52164
1751 1791334843228461 48397
1752 1791334843260864 64489
1753 1791334843286850 70157
1754 1791334843301815 59216
1755 1791334843323417 66334
1756 1791334843330876 54820
1757 1791334843357593 60048
1758 1791334843367172 49901
1759 1791334843397781 61706
1760 1791334843415163 59629
1761 1791334843435731 58006
1762 1791334843449035 52750
1763 1791334843477937 62771
1764 1791334843494718 59079
1765 1791334843525896 69472
1766 1791334843530320 52380
1767 1791334843556465 61743
1768 1791334843570177 54756
1769 1791334843598711 60581
1770 1791334843618493 62025
1771 1791334843639292 63036
1772 1791334843657354 59810
1773 1791334843677087 61691
1774 1791334843700139 62256
1775 1791334843717665 61880
1776 1791334843742125 66470
1777 1791334843762858 65323
1778 1791334843775333 57663
1779 1791334843794165 58056
1780 1791334843819246 56386
1781 1791334843836381 61044
1782 1791334843855949 55599
1783 1791334843873857 56485
1784 1791334843901006 65062
1785 1791334843918672 62720
1786 1791334843939904 64837
1787 1791334843959494 62019
1788 1791334843985457 69891
1789 1791334844006567 66658
1790 1791334844026947 71653
1791 1791334844039763 63557
1792 1791334844067067 68733
1793 1791334844087555 69826
1794 1791334844105822 68258
1795 1791334844120053 63948
1796 1791334844142071 64167
1797 1791334844165965 68504
1798 1791334844182180 64654
1799 1791334844205690 68353
1800 1791334844232217 73940
1801 1791334844234351 58705
1802 1791334844269434 71125
1803 1791334844287614 72469
1804 1791334844307777 71624
1805 1791334844328690 71248
1806 1791334844343962 67699
1807 1791334844367162 66974
1808 1791334844386013 68474
1809 1791334844407126 71867
1810 1791334844425224 69990
1811 1791334844439597 63304
1812 1791334844460564 64673
1813 1791334844490160 74316
1814 1791334844501107 64390
1815 1791334844521112 66009
1816 1791334844536357 59922
1817 1791334844566297 68044
1818 1791334844589862 73644
1819 1791334844603228 67258
1820 1791334844623397 66487
1821 1791334844637760 61172
1822 1791334844656765 60704
1823 1791334844679759 60185
1824 1791334844687564 49801
1825 1791334844706119 49351
1826 1791334844733728 58171
1827 1791334844738781 41674
1828 1791334844767906 52315
1829 1791334844778092 42424
1830 1791334844787518 32553
1831 1791334844808192 32776
1832 1791334844826091 28151
1833 1791334844841434 25704
1834 1791334844878448 41961
1835 1791334844893194 34568
1836 1791334844908730 33220
1837 1791334844928789 31614
1838 1791334844948616 32154
1839 1791334844964945 29641
1840 1791334844987132 32019
1841 1791334845008763 32551
1842 1791334845039737 38570
1843 1791334845043353 26920
1844 1791334845073889 37583
1845 1791334845094000 36929
1846 1791334845104771 29020
1847 1791334845133233 36215
1848 1791334845147794 30218
1849 1791334845165137 28540
1850 1791334845189050 32819
1851 1791334845208088 30921
1852 1791334845238177 42317
1853 1791334845252857 36084
1854 1791334845269736 31557
1855 1791334845288920 29879
1856 1791334845322366 43893
1857 1791334845326207 31095
1858 1791334845357484 39618
1859 1791334845366807 30695
1860 1791334845385716 30080
1861 1791334845405742 29691
1862 1791334845429468 32331
1863 1791334845456362 38774
1864 1791334845480015 40411
1865 1791334845488703 32339
1866 1791334845535529 59901
1867 1791334845551294 52024
1868 1791334845556003 36114
1869 1791334845567717 32185
1870 1791334845596989 41058
1871 1791334845608202 32920
1872 1791334845625733 28741
1873 1791334845649821 32041
1874 1791334845668096 31209
1875 1791334845687382 29729
1876 1791334845710003 32290
1877 1791334845721894 24451
1878 1791334845757257 40839
1879 1791334845774576 39001
1880 1791334845799715 43755
1881 1791334845815177 40598
1882 1791334845838112 41693
1883 1791334845857999 42808
1884 1791334845871557 34985
1885 1791334845889887 32980
1886 1791334845914919 37233
1887 1791334845939342 42940
1888 1791334845959975 45053
1889 1791334845973957 38794
1890 1791334845996228 40281
1891 1791334846020685 42516
1892 1791334846041521 45290
1893 1791334846055630 38048
1894 1791334846077922 41868
1895 1791334846098827 43193
1896 1791334846123233 47186
1897 1791334846150576 52907
1898 1791334846162732 45910
1899 1791334846187810 51951
1900 1791334846225278 68009
1901 1791334846225286 44177
1902 1791334846235914 38724
1903 1791334846264574 47245
1904 1791334846280212 44464
1905 1791334846302828 41603
1906 1791334846320689 44139
1907 1791334846344247 47933
1908 1791334846362492 46193
1909 1791334846384051 46481
1910 1791334846409449 50026
1911 1791334846426280 48060
1912 1791334846443233 45210
1913 1791334846467698 50782
1914 1791334846485404 47555
1915 1791334846498135 42243
1916 1791334846526407 49711
1917 1791334846545164 48586
1918 1791334846565344 48093
1919 1791334846588556 46878
1920 1791334846606196 50508
1921 1791334846627113 49939
1922 1791334846653263 56355
1923 1791334846677372 61240
1924 1791334846687632 51887
1925 1791334846710918 54365
1926 1791334846724302 47727
1927 1791334846744069 47633
1928 1791334846761887 44325
1929 1791334846797287 56848
1930 1791334846809092 51944
1931 1791334846835257 59239
1932 1791334846851399 55069
1933 1791334846881135 61672
1934 1791334846894835 59575
1935 1791334846910102 53786
1936 1791334846928823 51901
1937 1791334846950614 55776
1938 1791334846977004 60680
1939 1791334846994056 57842
1940 1791334847009315 52684
1941 1791334847034310 57304
1942 1791334847057584 61533
1943 1791334847080239 63782
1944 1791334847098367 62512
1945 1791334847121442 64706
1946 1791334847131147 53720
1947 1791334847148803 51911
1948 1791334847173051 56768
1949 1791334847192410 55270
1950 1791334847218089 61125
1951 1791334847240066 62683
1952 1791334847268365 68701
1953 1791334847286715 68576
1954 1791334847301544 65183
1955 1791334847317154 60125
1956 1791334847348624 69430
1957 1791334847372383 74299
1958 1791334847378749 61897
1959 1791334847406075 68209
1960 1791334847435252 79040
1961 1791334847446524 70604
1962 1791334847477432 78622
1963 1791334847477918 61483
1964 1791334847504337 69082
1965 1791334847527606 71146
1966 1791334847546306 68872
1967 1791334847567456 70231
1968 1791334847584046 66732
1969 1791334847609662 74580
1970 1791334847627427 71824
1971 1791334847652311 74316
1972 1791334847673247 75228
1973 1791334847681545 66626
1974 1791334847706396 70607
1975 1791334847728400 69941
1976 1791334847745320 69927
1977 1791334847759354 63174
1978 1791334847789069 72859
1979 1791334847800634 63985
1980 1791334847829019 71430
1981 1791334847836038 58788
1982 1791334847863712 63638
1983 1791334847874337 58960
1984 1791334847890558 54516
1985 1791334847907654 50721
1986 1791334847919801 41561
1987 1791334847936640 41344
1988 1791334847956053 39972
1989 1791334847976566 41201
1990 1791334847997400 41344
1991 1791334848003805 27743
1992 1791334848025731 28973
1993 1791334848054325 34861
1994 1791334848067365 31346
1995 1791334848090002 33787
1996 1791334848107190 31338
1997 1791334848126214 30297
1998 1791334848157024 39450
1999 1791334848176987 35369
2000 1791334848180728 24451
2001 1791334848206896 31569
2002 1791334848236476 39452
2003 1791334848245621 30244
2004 1791334848266334 29853
2005 1791334848305913 47843
2006 1791334848322166 40609
2007 1791334848341134 35215
2008 1791334848342901 26256
2009 1791334848377428 39774
2010 1791334848398151 40520
2011 1791334848407770 31483
2012 1791334848432070 33917
2013 1791334848447399 32012
2014 1791334848468869 32558
2015 1791334848487667 30839
2016 1791334848511915 36346
2017 1791334848524320 28050
2018 1791334848554467 37441
2019 1791334848567729 31384
2020 1791334848594069 38446
2021 1791334848606580 29234
2022 1791334848629628 34304
2023 1791334848649097 33499
2024 1791334848676609 41143
2025 1791334848706739 47278
2026 1791334848709285 32813
2027 1791334848726173 27814
2028 1791334848747709 30778
2029 1791334848775302 37467
2030 1791334848784680 29391
2031 1791334848809736 34423
2032 1791334848832258 37169
2033 1791334848858177 41165
2034 1791334848878236 41973
2035 1791334848896843 40757
2036 1791334848921315 43077
2037 1791334848938538 41691
2038 1791334848949127 33904
2039 1791334848977184 40297
2040 1791334849010703 53853
2041 1791334849019568 44078
2042 1791334849040945 43520
2043 1791334849051913 35067
2044 1791334849071029 32552
2045 1791334849092284 35501
2046 1791334849127551 51414
2047 1791334849145770 48560
2048 1791334849160165 43232
2049 1791334849186840 49636
2050 1791334849207672 52132
2051 1791334849216165 40015
2052 1791334849242500 45843
2053 1791334849257857 42009
2054 1791334849292482 49978
2055 1791334849305492 48410
2056 1791334849327593 51909
2057 1791334849346477 48399
2058 1791334849360861 44538
2059 1791334849385281 49335
2060 1791334849398883 40192
2061 1791334849419248 40903
2062 1791334849447187 50406
2063 1791334849459787 44064
2064 1791334849486042 49509
2065 1791334849501158 42724
2066 1791334849515098 38172
2067 1791334849547593 48107
2068 1791334849574327 59218
2069 1791334849583516 44414
2070 1791334849601162 44908
2071 1791334849626281 49156
2072 1791334849641112 45486
2073 1791334849666208 49136
2074 1791334849687654 52012
2075 1791334849710489 54778
2076 1791334849729350 53703
2077 1791334849754907 57573
2078 1791334849774406 58576
2079 1791334849793937 57372
2080 1791334849813933 59023
2081 1791334849832635 56176
2082 1791334849859977 64017
2083 1791334849871728 56634
2084 1791334849885520 50616
2085 1791334849919109 59127
2086 1791334849930283 55095
2087 1791334849957408 57835
2088 1791334849967995 50031
2089 1791334849989431 51506
2090 1791334850007718 51580
2091 1791334850028157 50360
2092 1791334850057900 60847
2093 1791334850089829 71838
2094 1791334850110511 73188
2095 1791334850119357 62621
2096 1791334850139269 63151
2097 1791334850149536 53296
2098 1791334850178038 58677
2099 1791334850189297 50239
2100 1791334850208973 52588
2101 1791334850231464 53423
2102 1791334850249495 53375
2103 1791334850277508 60887
2104 1791334850288580 48359
2105 1791334850321064 63489
2106 1791334850334114 56584
2107 1791334850360587 63690
2108 1791334850379557 61592
2109 1791334850402684 64417
2110 1791334850426706 66075
2111 1791334850441634 65422
2112 1791334850471232 73134
2113 1791334850477308 62061
2114 1791334850494525 52884
2115 1791334850526871 67676
2116 1791334850545154 69179
2117 1791334850561938 65722
2118 1791334850577214 60164
2119 1791334850600282 55925
2120 1791334850617604 60168
2121 1791334850647174 70790
2122 1791334850659969 60336
2123 1791334850690625 73018
2124 1791334850697183 60759
2125 1791334850725599 68953
2126 1791334850746976 70467
2127 1791334850760087 64701
2128 1791334850786360 69809
2129 1791334850799251 63896
2130 1791334850828030 70869
2131 1791334850839080 60963
2132 1791334850868908 69947
2133 1791334850889145 72048
2134 1791334850910740 71655
2135 1791334850932511 76955
2136 1791334850941935 64602
2137 1791334850965116 67915
2138 1791334850997443 80518
2139 1791334851013707 76224
2140 1791334851034542 79018
2141 1791334851051782 74989
2142 1791334851059815 63284
2143 1791334851095794 76963
2144 1791334851108388 73832
2145 1791334851136841 79195
2146 1791334851147104 70534
2147 1791334851170663 75922
2148 1791334851176816 59889
2149 1791334851207393 70549
2150 1791334851232988 76061
2151 1791334851248580 71761
2152 1791334851268863 73464
2153 1791334851287524 70921
2154 1791334851296185 58457
2155 1791334851307538 52153
2156 1791334851333508 58420
2157 1791334851351599 55411
2158 1791334851363948 46138
2159 1791334851378632 42426
2160 1791334851393203 32353
2161 1791334851413837 38064
2162 1791334851427798 31529
2163 1791334851452643 36945
2164 1791334851466998 30190
2165 1791334851481309 24619
2166 1791334851509411 33687
2167 1791334851538901 42873
2168 1791334851548002 30941
2169 1791334851566792 31208
2170 1791334851583516 27691
2171 1791334851608679 31109
2172 1791334851626422 28661
2173 1791334851645832 28138
2174 1791334851668182 29871
2175 1791334851686557 31134
2176 1791334851716806 38724
2177 1791334851721488 26228
2178 1791334851742080 25956
2179 1791334851766360 28129
2180 1791334851782948 26996
2181 1791334851815583 39746
2182 1791334851830411 33685
2183 1791334851847432 31847
2184 1791334851868641 28644
2185 1791334851898805 42782
2186 1791334851908628 29798
2187 1791334851927275 32103
2188 1791334851943627 28641
2189 1791334851974647 35562
2190 1791334851987062 30343
2191 1791334852006669 32019
2192 1791334852031518 30292
2193 1791334852056423 40668
2194 1791334852062742 25879
2195 1791334852092271 35845
2196 1791334852117139 39211
2197 1791334852129232 33031
2198 1791334852146140 30080
2199 1791334852174205 36304
2200 1791334852179492 22774
2201 1791334852206607 30791
2202 1791334852227074 30867
2203 1791334852242058 26809
2204 1791334852269389 31583
2205 1791334852304950 44946
2206 1791334852306537 30462
2207 1791334852336690 38410
2208 1791334852351558 34798
2209 1791334852360378 24334
2210 1791334852387437 30391
2211 1791334852403157 22871
2212 1791334852428137 30335
2213 1791334852446914 30099
2214 1791334852469978 33673
2215 1791334852488086 32644
2216 1791334852500840 24342
2217 1791334852531874 35865
2218 1791334852556351 41039
2219 1791334852575332 39972
2220 1791334852600006 43652
2221 1791334852610391 35056
2222 1791334852628136 28126
2223 1791334852647493 30077
2224 1791334852675458 37370
2225 1791334852691188 33434
2226 1791334852709710 34249
2227 1791334852737198 41433
2228 1791334852756103 40199
2229 1791334852769529 32327
2230 1791334852797607 41501
2231 1791334852809730 31388
2232 1791334852831708 35874
2233 1791334852861282 45031
2234 1791334852864984 29483
2235 1791334852889312 34148
2236 1791334852916764 41283
2237 1791334852927551 30427
2238 1791334852961305 45344
2239 1791334852968092 30593
2240 1791334852990992 34916
2241 1791334853016694 41156
2242 1791334853031518 33769
2243 1791334853052325 35628
2244 1791334853070965 33587
2245 1791334853097042 39197
2246 1791334853127018 49260
2247 1791334853130217 33868
2248 1791334853149670 31859
2249 1791334853179235 43014
2250 1791334853206304 48896
2251 1791334853216724 40830
2252 1791334853236737 40856
2253 1791334853250950 35124
2254 1791334853281783 45841
2255 1791334853296718 39216
2256 1791334853317840 41317
2257 1791334853337063 41832
2258 1791334853359606 43378
2259 1791334853383485 47335
2260 1791334853397738 40041
2261 1791334853425126 46854
2262 1791334853442076 44865
2263 1791334853466984 50514
2264 1791334853478837 43367
2265 1791334853490254 33629
2266 1791334853520655 43073
2267 1791334853547799 52055
2268 1791334853559488 43407
2269 1791334853579167 43992
2270 1791334853597840 41198
2271 1791334853614108 37379
2272 1791334853638126 40610
2273 1791334853661926 46651
2274 1791334853682449 45059
2275 1791334853696448 39883
2276 1791334853721434 43198
2277 1791334853736051 39599
2278 1791334853759915 42922
2279 1791334853791455 55400
2280 1791334853808471 52307
2281 1791334853822390 43317
2282 1791334853839132 42127
2283 1791334853859538 41916
2284 1791334853883743 44606
2285 1791334853898095 38941
2286 1791334853919753 41375
2287 1791334853939193 41853
2288 1791334853962209 45616
2289 1791334853985532 50302
2290 1791334853996341 39407
2291 1791334854021536 44028
2292 1791334854039615 43266
2293 1791334854079484 57944
2294 1791334854092762 57413
2295 1791334854102733 47124
2296 1791334854119544 42470
2297 1791334854148251 48400
2298 1791334854156813 41825
2299 1791334854192107 54634
2300 1791334854206252 49435
2301 1791334854228570 50946
2302 1791334854249786 51780
2303 1791334854267370 51299
2304 1791334854282053 46832
2305 1791334854310037 53490
2306 1791334854347079 70756
2307 1791334854352756 56300
2308 1791334854368863 52077
2309 1791334854388170 50103
2310 1791334854409336 51688
2311 1791334854433742 57759
2312 1791334854438690 41626
2313 1791334854464339 45835
2314 1791334854491108 54228
2315 1791334854509122 51281
2316 1791334854527653 45826
2317 1791334854549194 48051
2318 1791334854560108 42567
2319 1791334854582281 46863
2320 1791334854603476 46712
2321 1791334854621046 45819
2322 1791334854650077 51990
2323 1791334854662525 46805
2324 1791334854681258 44014
2325 1791334854698114 41579
2326 1791334854707090 30029
2327 1791334854726066 28224
2328 1791334854745479 29993
2329 1791334854757994 21472
2330 1791334854780105 24363
2331 1791334854805672 28714
2332 1791334854825687 29466
2333 1791334854838373 21214
2334 1791334854862082 23704
2335 1791334854886088 28742
2336 1791334854898007 22806
2337 1791334854919076 23881
2338 1791334854939613 22370
2339 1791334854959469 21229
2340 1791334854977959 22018
2341 1791334854998866 22775
2342 1791334855025002 28031
2343 1791334855046364 27002
2344 1791334855060742 25001
2345 1791334855079564 23510
2346 1791334855106650 27081
2347 1791334855117077 20759
2348 1791334855140846 23857
2349 1791334855160648 24113
2350 1791334855181296 25972
2351 1791334855196652 21686
2352 1791334855217791 21206
2353 1791334855239279 21482
2354 1791334855258925 22021
2355 1791334855282602 25543
2356 1791334855300926 24477
2357 1791334855327061 29249
2358 1791334855342436 26001
2359 1791334855358253 22913
2360 1791334855384389 26520
2361 1791334855406095 29792
2362 1791334855423211 26260
2363 1791334855441047 23148
2364 1791334855468342 27290
2365 1791334855478932 22171
2366 1791334855498072 22524
2367 1791334855520718 22641
2368 1791334855541935 24037
2369 1791334855558828 23503
2370 1791334855579747 23473
2371 1791334855599030 21389
2372 1791334855619461 23280
2373 1791334855645701 28436
2374 1791334855663421 26458
2375 1791334855679457 21492
2376 1791334855696965 21393
2377 1791334855718649 21736
2378 1791334855739532 20879
2379 1791334855761324 23711
2380 1791334855781626 24248
2381 1791334855801634 25259
2382 1791334855816536 21132
2383 1791334855840442 23900
2384 1791334855860398 24829
2385 1791334855882808 22404
2386 1791334855907272 29198
2387 1791334855918772 22308
2388 1791334855946976 28198
2389 1791334855960592 25180
2390 1791334855986985 26388
2391 1791334856000105 23642
2392 1791334856017804 22052
2393 1791334856038086 22474
2394 1791334856070488 32397
2395 1791334856085907 26752
2396 1791334856102536 26045
2397 1791334856119071 22899
2398 1791334856144889 28074
2399 1791334856157554 22209
2400 1791334856182482 24909
2401 1791334856198444 22033
2402 1791334856219018 22849
2403 1791334856238888 21706
2404 1791334856258878 23392
2405 1791334856279690 24320
2406 1791334856301075 24343
2407 1791334856322613 26323
2408 1791334856340281 23024
2409 1791334856358140 23025
2410 1791334856383273 25128
2411 1791334856399784 23171
2412 1791334856420863 23401
2413 1791334856438811 21174
2414 1791334856457251 21849
2415 1791334856486686 29498
2416 1791334856505136 28401
2417 1791334856519030 21844
2418 1791334856538591 22592
2419 1791334856559021 22682
2420 1791334856577198 21158
2421 1791334856600012 23938
2422 1791334856620430 22516
2423 1791334856646038 28426
2424 1791334856664536 27812
2425 1791334856680292 23161
2426 1791334856705284 24986
2427 1791334856728031 26863
2428 1791334856739349 22663
2429 1791334856762425 26559
2430 1791334856779879 23079
2431 1791334856798908 21728
2432 1791334856819310 23876
2433 1791334856840959 25101
2434 1791334856868300 27337
2435 1791334856883499 25164
2436 1791334856898613 23079
2437 1791334856920224 23596
2438 1791334856939217 24071
2439 1791334856961444 24138
2440 1791334856983748 27702
2441 1791334857003219 25926
2442 1791334857021064 25715
2443 1791334857038301 21902
2444 1791334857057389 21223
2445 1791334857081043 24719
2446 1791334857099042 22767
2447 1791334857118059 22517
2448 1791334857140926 24839
2449 1791334857162889 26556
2450 1791334857178588 21475
2451 1791334857198717 23391
2452 1791334857217690 21543
2453 1791334857238930 22893
2454 1791334857256780 20892
2455 1791334857280573 23892
2456 1791334857308881 32680
2457 1791334857322349 26244
2458 1791334857341417 24142
2459 1791334857360151 22067
2460 1791334857378698 22354
2461 1791334857411119 32416
2462 1791334857426614 29325
2463 1791334857442380 24536
2464 1791334857458913 22848
2465 1791334857485575 28838
2466 1791334857506615 30684
2467 1791334857519725 23525
2468 1791334857548009 28279
2469 1791334857558558 21936
2470 1791334857579988 21582
2471 1791334857606826 26832
2472 1791334857617773 21414
2473 1791334857639059 21282
2474 1791334857662128 23138
2475 1791334857679129 22216
2476 1791334857702259 25452
2477 1791334857718079 21132
2478 1791334857740957 25384
2479 1791334857759997 21878
2480 1791334857777389 21457
2481 1791334857807420 30170
2482 1791334857821773 25326
2483 1791334857849051 31301
2484 1791334857865896 29931
2485 1791334857880615 25300
2486 1791334857909991 30853
2487 1791334857927227 31891
2488 1791334857962862 47377
2489 1791334857992598 52755
2490 1791334858022807 66526
2491 1791334858037031 59218
2492 1791334858083255 87162
2493 1791334858106646 89367
2494 1791334858136490 99455
2495 1791334858157169 100857
2496 1791334858190588 112424
2497 1791334858206255 107653
2498 1791334858228764 111767
2499 1791334858249062 112567
2500 1791334858271278 114102
2501 1791334858289151 113381
2502 1791334858305838 107891
2503 1791334858323803 107864
2504 1791334858353725 116394
2505 1791334858371484 113609
2506 1791334858398589 117461
2507 1791334858407921 109659
2508 1791334858429745 113278
2509 1791334858457701 116893
2510 1791334858476727 122094
2511 1791334858505116 128063
2512 1791334858523245 126213
2513 1791334858540312 122090
2514 1791334858565657 128377
2515 1791334858577390 120262
2516 1791334858603586 126855
2517 1791334858618169 121562
2518 1791334858648056 124805
2519 1791334858676811 141086
2520 1791334858696957 139003
2521 1791334858722375 144980
2522 1791334858730854 132635
2523 1791334858753504 136118
2524 1791334858768113 131378
2525 1791334858784297 127879
2526 1791334858803000 126185
2527 1791334858828180 131219
2528 1791334858849706 131465
2529 1791334858883126 141778
2530 1791334858883135 127311
2531 1791334858913525 137670
2532 1791334858919890 123544
2533 1791334858945458 127596
2534 1791334858967387 131129
2535 1791334859003349 145813
2536 1791334859027084 148841
2537 1791334859040529 143971
2538 1791334859064250 146832
2539 1791334859072559 135341
2540 1791334859101278 144600
2541 1791334859110853 133799
2542 1791334859136057 132705
2543 1791334859142222 126595
2544 1791334859150853 115330
2545 1791334859166234 109704
2546 1791334859180803 104206
2547 1791334859186735 88836
2548 1791334859200315 84206
2549 1791334859211121 75058
2550 1791334859228773 73324
2551 1791334859246182 69683
2552 1791334859256376 60665
2553 1791334859274142 56095
2554 1791334859287039 49061
2555 1791334859299279 42900
2556 1791334859312109 36618
2557 1791334859331280 34638
2558 1791334859348570 31355
2559 1791334859369980 33268
2560 1791334859397398 40133
2561 1791334859414005 37475
2562 1791334859434059 36658
2563 1791334859448901 33639
2564 1791334859477412 40785
2565 1791334859494526 38400
2566 1791334859517506 40090
2567 1791334859528050 29587
2568 1791334859552067 34558
2569 1791334859577183 41820
2570 1791334859591756 36046
2571 1791334859615077 38020
2572 1791334859624625 29461
2573 1791334859647744 32664
2574 1791334859676907 40158
2575 1791334859694761 37532
2576 1791334859706502 31103
2577 1791334859729260 34496
2578 1791334859758000 40262
2579 1791334859767810 32333
2580 1791334859791179 34001
2581 1791334859811563 34160
2582 1791334859826515 27215
2583 1791334859847703 32599
2584 1791334859877841 37065
2585 1791334859894096 35669
2586 1791334859917755 39911
2587 1791334859928226 32223
2588 1791334859946482 28723
2589 1791334859964439 28684
2590 1791334859999475 42875
2591 1791334860007741 30845
2592 1791334860035063 38710
2593 1791334860053059 36663
2594 1791334860071517 36450
2595 1791334860086272 28594
2596 1791334860111335 34486
2597 1791334860130317 32904
2598 1791334860157997 40904
2599 1791334860168730 32897
2600 1791334860200570 42568
2601 1791334860218321 41732
2602 1791334860229160 33131
2603 1791334860255322 36996
2604 1791334860268336 32671
2605 1791334860288214 32888
2606 1791334860320065 42649
2607 1791334860328604 32510
2608 1791334860361868 46493
2609 1791334860376728 40429
2610 1791334860398007 36136
2611 1791334860425886 49861
2612 1791334860436558 39066
2613 1791334860462183 45405
2614 1791334860481536 44975
2615 1791334860487485 28594
2616 1791334860507298 30783
2617 1791334860537962 41005
2618 1791334860548606 31140
2619 1791334860575702 37737
2620 1791334860597660 41255
2621 1791334860608624 32905
2622 1791334860629671 32009
2623 1791334860657481 42112
2624 1791334860673222 37455
2625 1791334860686782 30402
2626 1791334860709108 31543
2627 1791334860743553 48352
2628 1791334860756571 39726
2629 1791334860764271 27143
2630 1791334860803554 46980
2631 1791334860812131 36560
2632 1791334860830683 32639
2633 1791334860851798 34537
2634 1791334860879231 44198
2635 1791334860889702 30740
2636 1791334860908158 32185
2637 1791334860934409 37957
2638 1791334860951324 35863
2639 1791334860970945 34701
2640 1791334860986415 30051
2641 1791334861007334 31310
2642 1791334861031282 34210
2643 1791334861057117 37916
2644 1791334861077791 40756
2645 1791334861094105 37782
2646 1791334861117572 39778
2647 1791334861129079 28801
2648 1791334861145404 27829
2649 1791334861175194 37802
2650 1791334861193308 36809
2651 1791334861208657 33460
2652 1791334861221999 24715
2653 1791334861260382 42480
2654 1791334861267016 31022
2655 1791334861291725 34399
2656 1791334861303043 27876
2657 1791334861329526 32883
2658 1791334861352058 35877
2659 1791334861376089 38321
2660 1791334861390642 34502
2661 1791334861419852 43762
2662 1791334861448813 52805
2663 1791334861466551 50103
2664 1791334861487981 51304
2665 1791334861512371 55849
2666 1791334861537582 59960
2667 1791334861556696 60918
2668 1791334861583228 65893
2669 1791334861610032 73200
2670 1791334861624007 68345
2671 1791334861648128 69977
2672 1791334861672953 76373
2673 1791334861697960 80780
2674 1791334861717090 80272
2675 1791334861736348 78209
2676 1791334861761380 83759
2677 1791334861788221 91168
2678 1791334861792550 75457
2679 1791334861816525 80174
2680 1791334861839149 83622
2681 1791334861859399 83830
2682 1791334861875113 76554
2683 1791334861889232 73332
2684 1791334861917816 78664
2685 1791334861941311 83516
2686 1791334861960690 85574
2687 1791334861989679 93917
2688 1791334862009109 91291
2689 1791334862021131 85439
2690 1791334862047558 91997
2691 1791334862068773 91195
2692 1791334862086551 88071
2693 1791334862103609 87921
2694 1791334862120001 82239
2695 1791334862140235 85411
2696 1791334862159757 82680
2697 1791334862181268 83179
2698 1791334862202530 87094
2699 1791334862227570 88435
2700 1791334862241778 85706
2701 1791334862258576 81384
2702 1791334862277791 80633
2703 1791334862303360 85454
2704 1791334862314442 77704
2705 1791334862339079 82559
2706 1791334862359713 84557
2707 1791334862388374 90963
2708 1791334862400189 84182
2709 1791334862418350 81851
2710 1791334862429856 72058
2711 1791334862443428 68360
2712 1791334862463603 66449
2713 1791334862483856 65504
2714 1791334862488196 51116
2715 1791334862517907 55471
2716 1791334862532542 54731
2717 1791334862541520 44501
2718 1791334862554760 37577
2719 1791334862577059 39389
2720 1791334862591557 36792
2721 1791334862610156 34009
2722 1791334862626623 30951
2723 1791334862649938 34242
2724 1791334862679345 42926
2725 1791334862697078 41700
2726 1791334862710434 31086
2727 1791334862732136 35056
2728 1791334862753640 36001
2729 1791334862778463 42604
2730 1791334862798341 42550
2731 1791334862818774 41759
2732 1791334862834943 36590
2733 1791334862857027 40438
2734 1791334862867857 32911
2735 1791334862896636 39606
2736 1791334862907833 32355
2737 1791334862936117 39478
2738 1791334862959941 44259
2739 1791334862978455 43456
2740 1791334862998018 42182
2741 1791334863020561 45162
2742 1791334863038143 42147
2743 1791334863055495 36743
2744 1791334863077316 39947
2745 1791334863098241 42742
2746 1791334863117047 40798
2747 1791334863143771 46746
2748 1791334863158392 42058
2749 1791334863175444 39174
2750 1791334863201223 44607
2751 1791334863219501 44054
2752 1791334863253308 54679
2753 1791334863259554 43729
2754 1791334863287047 48616
2755 1791334863310261 54501
2756 1791334863323973 48135
2757 1791334863340924 41812
2758 1791334863367223 43246
2759 1791334863386744 51061
2760 1791334863406760 49494
2761 1791334863426783 50298
2762 1791334863447871 50886
2763 1791334863466710 49641
2764 1791334863487163 50341
2765 1791334863500189 44345
2766 1791334863523702 47874
2767 1791334863553326 56052
2768 1791334863574503 56684
2769 1791334863594752 58528
2770 1791334863618187 61920
2771 1791334863636405 59464
2772 1791334863651325 56569
2773 1791334863675047 59305
2774 1791334863690863 54455
2775 1791334863713816 57541
2776 1791334863735608 60558
2777 1791334863760621 65564
2778 1791334863768898 53787
2779 1791334863791127 55515
2780 1791334863818967 59726
2781 1791334863842718 64437
2782 1791334863859315 61129
2783 1791334863864960 48799
2784 1791334863889338 52647
2785 1791334863905921 50532
2786 1791334863929180 52776
2787 1791334863950319 54811
2788 1791334863977037 54810
2789 1791334863996473 58892
2790 1791334864011595 54644
2791 1791334864037992 62685
2792 1791334864056492 60577
2793 1791334864081937 66730
2794 1791334864104611 67943
2795 1791334864125917 70432
2796 1791334864156413 74473
2797 1791334864166365 68729
2798 1791334864188029 66143
2799 1791334864202364 66727
2800 1791334864226094 69673
2801 1791334864256605 79708
2802 1791334864261197 61518
2803 1791334864279733 61888
2804 1791334864298472 62509
2805 1791334864326521 69915
2806 1791334864347549 71378
2807 1791334864360955 65296
2808 1791334864391248 75060
2809 1791334864399062 62408
2810 1791334864419925 64284
2811 1791334864443138 66719
2812 1791334864465921 70477
2813 1791334864480267 60338
2814 1791334864506964 70768
2815 1791334864527012 67008
2816 1791334864544604 67357
2817 1791334864576666 78577
2818 1791334864586066 67245
2819 1791334864604169 64539
2820 1791334864628864 71706
2821 1791334864645137 68774
2822 1791334864667679 70222
2823 1791334864687602 71959
2824 1791334864717789 79588
2825 1791334864733039 74361
2826 1791334864756375 79172
2827 1791334864772167 73923
2828 1791334864792803 75636
2829 1791334864804900 67256
2830 1791334864822620 67679
2831 1791334864845662 69180
2832 1791334864868810 73505
2833 1791334864886764 69638
2834 1791334864913371 73760
2835 1791334864917663 60529
2836 1791334864943408 67775
2837 1791334864957729 60593
2838 1791334864970003 53976
2839 1791334864990240 53051
2840 1791334865008285 50553
2841 1791334865022214 45642
2842 1791334865037757 42139
2843 1791334865056910 39619
2844 1791334865066207 28887
2845 1791334865085029 28116
2846 1791334865119212 39196
2847 1791334865137247 39174
2848 1791334865156248 38891
2849 1791334865178944 42403
2850 1791334865215158 58906
2851 1791334865238295 62885
2852 1791334865263239 66378
2853 1791334865276474 61313
2854 1791334865293348 55050
2855 1791334865307880 51750
2856 1791334865338008 61528
2857 1791334865359709 62688
2858 1791334865369029 52214
2859 1791334865384231 48804
2860 1791334865401546 45585
2861 1791334865428736 51524
2862 1791334865458971 57423
2863 1791334865479878 62248
2864 1791334865499743 62884
2865 1791334865526885 69648
2866 1791334865545694 67646
2867 1791334865557298 62011
2868 1791334865588807 69199
2869 1791334865606871 68687
2870 1791334865619427 62126
2871 1791334865640422 63824
2872 1791334865665250 67849
2873 1791334865681335 65562
2874 1791334865700427 63968
2875 1791334865736250 78770
2876 1791334865752153 75607
2877 1791334865762682 65940
2878 1791334865789662 71029
2879 1791334865803123 66870
2880 1791334865823857 66492
2881 1791334865843012 65748
2882 1791334865874302 78400
2883 1791334865888102 71459
2884 1791334865915666 80577
2885 1791334865929927 71960
2886 1791334865963474 87831
2887 1791334865976006 76880
2888 1791334865985610 69940
2889 1791334866009708 72877
2890 1791334866031502 74090
2891 1791334866058978 83015
2892 1791334866075310 77517
2893 1791334866092185 75289
2894 1791334866120930 83108
2895 1791334866128973 73374
2896 1791334866150733 75420
2897 1791334866177937 82153
2898 1791334866207640 91548
2899 1791334866217979 82061
2900 1791334866236224 80544
2901 1791334866258958 81957
2902 1791334866273166 75934
2903 1791334866297187 81710
2904 1791334866316861 80634
2905 1791334866329508 72039
2906 1791334866346925 71161
2907 1791334866390542 94393
2908 1791334866396678 80473
2909 1791334866420201 77283
2910 1791334866425702 67425
2911 1791334866452616 74989
2912 1791334866466433 69751
2913 1791334866486074 66875
2914 1791334866497419 60876
2915 1791334866521439 65230
2916 1791334866537561 61283
2917 1791334866552014 55473
2918 1791334866567816 50204
2919 1791334866585521 49639
2920 1791334866601721 44188
2921 1791334866618648 43509
2922 1791334866637834 36109
2923 1791334866649609 32420
2924 1791334866686573 50405
2925 1791334866701645 43094
2926 1791334866713643 37284
2927 1791334866727788 30455
2928 1791334866761116 42856
2929 1791334866767074 32026
2930 1791334866785731 27882
2931 1791334866818052 40374
2932 1791334866836769 39777
2933 1791334866848498 30442
2934 1791334866882257 45485
2935 1791334866901181 37821
2936 1791334866914986 39159
2937 1791334866937597 40089
2938 1791334866957976 42988
2939 1791334866978848 41249
2940 1791334866998822 41643
2941 1791334867022177 44514
2942 1791334867033652 35803
2943 1791334867064740 48568
2944 1791334867076420 38792
2945 1791334867098193 41477
2946 1791334867122164 46572
2947 1791334867143664 46347
2948 1791334867167432 50604
2949 1791334867171288 34388
2950 1791334867196245 39205
2951 1791334867219091 41413
2952 1791334867238369 42119
2953 1791334867259853 43468
2954 1791334867285290 49825
2955 1791334867306692 49062
2956 1791334867332935 57367
2957 1791334867342613 46027
2958 1791334867361901 46731
2959 1791334867390498 52128
2960 1791334867411044 51397
2961 1791334867427490 49242
2962 1791334867437652 41008
2963 1791334867467996 52714
2964 1791334867482739 46161
2965 1791334867500211 43110
2966 1791334867536976 59992
2967 1791334867543285 43072
2968 1791334867570007 54118
2969 1791334867597853 61023
2970 1791334867610469 53617
2971 1791334867625526 49373
2972 1791334867649535 52612
2973 1791334867667095 50780
2974 1791334867687199 50722
2975 1791334867712360 55129
2976 1791334867729699 51174
2977 1791334867757234 60730
2978 1791334867775934 57426
2979 1791334867792031 55698
2980 1791334867816770 59533
2981 1791334867828910 52974
2982 1791334867856450 59510
2983 1791334867870695 54782
2984 1791334867888068 50363
2985 1791334867917449 60995
2986 1791334867938119 60965
2987 1791334867949067 52717
2988 1791334867968989 52537
2989 1791334868004535 68233
2990 1791334868023603 65680
2991 1791334868037507 61252
2992 1791334868061573 57921
2993 1791334868077627 60307
2994 1791334868094106 56596
2995 1791334868121736 64291
2996 1791334868135236 57606
2997 1791334868157355 59205
2998 1791334868178218 62372
2999 1791334868196989 61782
3000 1791334868217784 60426
3001 1791334868243846 65625
3002 1791334868260994 64653
3003 1791334868294856 79546
3004 1791334868308495 70059
3005 1791334868327897 70415
3006 1791334868347230 70802
3007 1791334868368204 73345
3008 1791334868387616 66200
3009 1791334868408961 73091
3010 1791334868418579 62202
3011 1791334868448565 69899
3012 1791334868465671 69476
3013 1791334868497844 81348
3014 1791334868502737 66827
3015 1791334868523845 67224
3016 1791334868538109 60894
3017 1791334868556931 60206
3018 1791334868579160 62118
3019 1791334868604898 69221
3020 1791334868626931 69997
3021 1791334868639909 63965
3022 1791334868657842 61260
3023 1791334868677533 60498
3024 1791334868698198 62294
3025 1791334868715325 60074
3026 1791334868738789 62466
3027 1791334868753626 57043
3028 1791334868768451 53122
3029 1791334868795427 57074
3030 1791334868822107 64884
3031 1791334868837245 59817
3032 1791334868854950 59519
3033 1791334868873583 51473
3034 1791334868888920 53218
3035 1791334868906921 51968
3036 1791334868936862 59119
3037 1791334868971386 69078
3038 1791334868979991 61888
3039 1791334869013895 78058
3040 1791334869029882 74323
3041 1791334869055065 77776
3042 1791334869076591 80907
3043 1791334869099469 79619
3044 1791334869112744 77544
3045 1791334869118120 63053
3046 1791334869138229 61632
3047 1791334869158682 63619
3048 1791334869183802 66020
3049 1791334869206247 68016
3050 1791334869219319 61589
3051 1791334869243689 67933
3052 1791334869256704 61092
3053 1791334869287930 71823
3054 1791334869307924 64224
3055 1791334869320249 63539
3056 1791334869351322 73377
3057 1791334869362533 61862
3058 1791334869390433 70178
3059 1791334869403466 66128
3060 1791334869430454 68732
3061 1791334869455408 78918
3062 1791334869475985 78244
3063 1791334869490545 72864
3064 1791334869510530 74856
3065 1791334869525988 70571
3066 1791334869549324 73331
3067 1791334869574201 75042
3068 1791334869589959 72812
3069 1791334869611423 73549
3070 1791334869636479 80544
3071 1791334869648036 71109
3072 1791334869666114 69634
3073 1791334869693622 76425
3074 1791334869705506 69024
3075 1791334869730560 74905
3076 1791334869749904 71881
3077 1791334869768189 73334
3078 1791334869797540 80699
3079 1791334869815407 78718
3080 1791334869836644 81127
3081 1791334869854558 76629
3082 1791334869881174 83631
3083 1791334869900039 84629
3084 1791334869909380 72733
3085 1791334869928872 74309
3086 1791334869949029 72661
3087 1791334869966865 71307
3088 1791334869985830 70114
3089 1791334870006734 70688
3090 1791334870026846 70945
3091 1791334870065923 89069
3092 1791334870079543 82331
3093 1791334870089450 70979
3094 1791334870101954 62220
3095 1791334870123641 65328
3096 1791334870146239 70238
3097 1791334870160147 58189
3098 1791334870185088 69058
3099 1791334870192089 56545
3100 1791334870211025 52672
3101 1791334870235753 56626
3102 1791334870249921 51819
3103 1791334870269629 51182
3104 1791334870287803 52047
3105 1791334870309316 53198
3106 1791334870327326 51989
3107 1791334870355390 57011
3108 1791334870358339 41579
3109 1791334870387528 51207
3110 1791334870409611 54217
3111 1791334870425811 47393
3112 1791334870441863 44319
3113 1791334870473707 54766
3114 1791334870487287 47227
3115 1791334870509892 52877
3116 1791334870528749 51740
3117 1791334870546772 49091
3118 1791334870559743 43146
3119 1791334870593770 58327
3120 1791334870617380 60790
3121 1791334870634756 57257
3122 1791334870648824 50739
3123 1791334870672376 54992
3124 1791334870695328 60568
3125 1791334870715307 58803
3126 1791334870733734 56818
3127 1791334870746519 51230
3128 1791334870773621 58309
3129 1791334870799283 64214
3130 1791334870822663 66181
3131 1791334870832293 56326
3132 1791334870853545 58322
3133 1791334870869825 52951
3134 1791334870895519 60015
3135 1791334870921966 65457
3136 1791334870937071 60553
3137 1791334870967541 72019
3138 1791334870984066 62096
3139 1791334870997458 60826
3140 1791334871021955 62443
3141 1791334871042548 65709
3142 1791334871056707 61366
3143 1791334871081782 64269
3144 1791334871102379 65707
3145 1791334871116193 60250
3146 1791334871140887 62116
3147 1791334871158768 60488
3148 1791334871178487 62342
3149 1791334871207007 67129
3150 1791334871219238 63104
3151 1791334871240158 62642
3152 1791334871261537 63788
3153 1791334871288375 73041
3154 1791334871298981 60781
3155 1791334871330374 72650
3156 1791334871347849 71096
3157 1791334871377397 79944
3158 1791334871382539 65596
3159 1791334871401238 65014
3160 1791334871421787 64657
3161 1791334871453397 76921
3162 1791334871473280 76568
3163 1791334871483734 67391
3164 1791334871504951 69204
3165 1791334871529434 72535
3166 1791334871538843 62110
3167 1791334871566485 71139
3168 1791334871581446 66223
3169 1791334871606467 70245
3170 1791334871622424 67051
3171 1791334871647419 69557
3172 1791334871650191 54057
3173 1791334871684421 67061
3174 1791334871699596 61644
3175 1791334871718447 62258
3176 1791334871739886 62429
3177 1791334871750652 54859
3178 1791334871769591 52048
3179 1791334871780132 44445
3180 1791334871805157 48405
3181 1791334871828289 53081
3182 1791334871836136 37832
3183 1791334871855481 37939
3184 1791334871877474 41336
3185 1791334871882332 26848
3186 1791334871909769 32294
3187 1791334871933378 35683
3188 1791334871950322 33741
3189 1791334871971148 33537
3190 1791334871987160 30879
3191 1791334872015806 40478
3192 1791334872029996 34430
3193 1791334872051280 35471
3194 1791334872079260 43772
3195 1791334872087643 28385
3196 1791334872118725 42308
3197 1791334872129604 33866
3198 1791334872149497 32853
3199 1791334872163875 26487
3200 1791334872198612 41952
3201 1791334872210477 35269
3202 1791334872226146 28694
3203 1791334872243339 25314
3204 1791334872269362 32557
3205 1791334872298115 40497
3206 1791334872315044 38128
3207 1791334872342124 44004
3208 1791334872350542 35495
3209 1791334872378776 36647
3210 1791334872398611 42605
3211 1791334872414151 36947
3212 1791334872434293 35677
3213 1791334872456866 40510
3214 1791334872477400 40954
3215 1791334872496528 40111
3216 1791334872501305 25423
3217 1791334872532202 36474
3218 1791334872555321 39256
3219 1791334872589356 52333
3220 1791334872597105 41780
3221 1791334872617791 36519
3222 1791334872636147 40037
3223 1791334872659236 43175
3224 1791334872675215 39065
3225 1791334872697628 40930
3226 1791334872714936 39718
3227 1791334872738298 41159
3228 1791334872757327 42437
3229 1791334872788313 50010
3230 1791334872801228 45090
3231 1791334872830112 52939
3232 1791334872848877 51070
3233 1791334872878382 62154
3234 1791334872900672 63016
3235 1791334872917935 61814
3236 1791334872943856 67178
3237 1791334872956257 58234
3238 1791334872968571 53530
3239 1791334872985697 45617
3240 1791334873010160 53899
3241 1791334873027166 52019
3242 1791334873055384 55579
3243 1791334873062971 46954
3244 1791334873097417 58546
3245 1791334873109281 53959
3246 1791334873131152 52152
3247 1791334873153193 55774
3248 1791334873167809 51622
3249 1791334873194477 58459
3250 1791334873222701 64866
3251 1791334873240074 64226
3252 1791334873249381 53465
3253 1791334873292113 74276
3254 1791334873292918 56375
3255 1791334873322472 65025
3256 1791334873338238 58519
3257 1791334873356236 57953
3258 1791334873375939 57080
3259 1791334873406783 71094
3260 1791334873425044 68805
3261 1791334873436617 60673
3262 1791334873468357 70135
3263 1791334873483673 66975
3264 1791334873502250 65629
3265 1791334873523616 65626
3266 1791334873542522 65901
3267 1791334873566936 69398
3268 1791334873589273 71106
3269 1791334873605575 70071
3270 1791334873621820 63830
3271 1791334873637662 61275
3272 1791334873664342 66248
3273 1791334873688308 73039
3274 1791334873708389 71441
3275 1791334873729501 73857
3276 1791334873748374 72140
3277 1791334873771481 73350
3278 1791334873793083 76829
3279 1791334873815234 77953
3280 1791334873832253 75894
3281 1791334873854476 77727
3282 1791334873869215 72859
3283 1791334873893734 78497
3284 1791334873922606 86217
3285 1791334873936869 79335
3286 1791334873958719 81562
3287 1791334873972327 74460
3288 1791334873990956 74380
3289 1791334874014648 79045
3290 1791334874037647 81718
3291 1791334874056571 79423
3292 1791334874075140 79619
3293 1791334874103118 88467
3294 1791334874123373 86683
3295 1791334874138465 81892
3296 1791334874153668 78523
3297 1791334874178188 80506
3298 1791334874197707 81473
3299 1791334874225618 88897
3300 1791334874237100 82344
3301 1791334874257388 80158
3302 1791334874268717 72417
3303 1791334874286363 71153
3304 1791334874307786 71381
3305 1791334874328535 72740
3306 1791334874340436 64764
3307 1791334874361948 63235
3308 1791334874378264 61689
3309 1791334874397721 59251
3310 1791334874411751 54077
3311 1791334874430434 54330
3312 1791334874454843 57905
3313 1791334874467992 52203
3314 1791334874485965 49728
3315 1791334874508633 53781
3316 1791334874527849 49706
3317 1791334874539701 42590
3318 1791334874552261 35480
3319 1791334874573675 37847
3320 1791334874589615 32010
3321 1791334874609428 31460
3322 1791334874638407 42074
3323 1791334874661556 44813
3324 1791334874677261 39450
3325 1791334874713811 52251
3326 1791334874715843 39588
3327 1791334874756202 59876
3328 1791334874756223 40675
3329 1791334874778769 37818
3330 1791334874799277 43072
3331 1791334874811510 35876
3332 1791334874850002 54731
3333 1791334874876732 45177
3334 1791334874876754 37858
3335 1791334874891358 34099
3336 1791334874930235 53499
3337 1791334874950948 53506
3338 1791334874959591 29348
3339 1791334874978998 40778
3340 1791334874998358 38762
3341 1791334875007872 30388
3342 1791334875050096 51735
3343 1791334875061972 43106
3344 1791334875076892 40387
3345 1791334875101383 43995
3346 1791334875123568 47246
3347 1791334875136994 39839
3348 1791334875164368 47712
3349 1791334875188264 52965
3350 1791334875201565 43138
3351 1791334875213339 31570
3352 1791334875241838 44389
3353 1791334875267236 48993
3354 1791334875278388 41777
3355 1791334875297773 42018
3356 1791334875331532 53594
3357 1791334875347198 50445
3358 1791334875361502 46142
3359 1791334875376525 40345
3360 1791334875407452 49311
3361 1791334875428539 52001
3362 1791334875445386 49342
3363 1791334875463972 48193
3364 1791334875486291 49512
3365 1791334875503146 44783
3366 1791334875527917 51443
3367 1791334875554722 56894
3368 1791334875573830 51955
3369 1791334875589732 51743
3370 1791334875610293 55567
3371 1791334875629999 52145
3372 1791334875647705 52283
3373 1791334875669428 51444
3374 1791334875690144 54091
3375 1791334875709471 54283
3376 1791334875728457 51041
3377 1791334875751391 54018
3378 1791334875775939 59070
3379 1791334875788291 50459
3380 1791334875820130 64423
3381 1791334875838094 62151
3382 1791334875849427 52116
3383 1791334875886172 66040
3384 1791334875927350 90860
3385 1791334875937054 77494
3386 1791334875946637 69293
3387 1791334875956763 59490
3388 1791334875969412 52602
3389 1791334875997512 61584
3390 1791334876010484 53718
3391 1791334876039418 61972
3392 1791334876050951 53437
3393 1791334876081380 65518
3394 1791334876102024 65626
3395 1791334876127190 69595
3396 1791334876144402 66414
3397 1791334876158913 61379
3398 1791334876179622 63339
3399 1791334876197511 57343
3400 1791334876215443 59416
3401 1791334876236623 59165
3402 1791334876257092 61684
3403 1791334876276132 60684
3404 1791334876308091 71466
3405 1791334876321570 65333
3406 1791334876344290 68155
3407 1791334876358035 62635
3408 1791334876392222 74472
3409 1791334876406587 70147
3410 1791334876424421 66383
3411 1791334876443416 67741
3412 1791334876464727 65362
3413 1791334876488628 71835
3414 1791334876513913 76255
3415 1791334876536037 78763
3416 1791334876560196 84923
3417 1791334876582120 85260
3418 1791334876606858 90986
3419 1791334876638171 102130
3420 1791334876642587 86042
3421 1791334876667761 91683
3422 1791334876692658 94966
3423 1791334876709846 92701
3424 1791334876734740 97480
3425 1791334876757036 99847
3426 1791334876782093 107024
3427 1791334876804825 107472
3428 1791334876818567 101953
3429 1791334876847353 112609
3430 1791334876858082 101043
3431 1791334876876499 97315
3432 1791334876902871 106691
3433 1791334876919263 104099
3434 1791334876941746 105530
3435 1791334876967241 109157
3436 1791334876984492 109056
3437 1791334877002702 106407
3438 1791334877029613 113442
3439 1791334877044190 105990
3440 1791334877057890 102929
3441 1791334877079756 99239
3442 1791334877097688 101193
3443 1791334877120354 103959
3444 1791334877140152 102408
3445 1791334877157574 100158
3446 1791334877166061 88587
3447 1791334877197285 99593
3448 1791334877218006 98105
3449 1791334877222113 86214
3450 1791334877248078 92009
3451 1791334877259224 80581
3452 1791334877282507 86449
3453 1791334877299701 84112
3454 1791334877317992 78979
3455 1791334877338708 83019
3456 1791334877367828 85844
3457 1791334877379564 79859
3458 1791334877393357 76771
3459 1791334877417518 78805
3460 1791334877426131 71284
3461 1791334877447765 72347
3462 1791334877459358 62848
3463 1791334877478196 61772
3464 1791334877503102 67556
3465 1791334877519487 64082
3466 1791334877593992 116260
3467 1791334877594033 96690
3468 1791334877594043 74554
3469 1791334877621852 85636
3470 1791334877669457 75460
3471 1791334877669471 75455
3472 1791334877669479 69051
3473 1791334877694776 76305
3474 1791334877711912 67637
3475 1791334877723490 66602
3476 1791334877766429 87686
3477 1791334877766576 71793
3478 1791334877797391 80017
3479 1791334877802926 64430
3480 1791334877831845 65407
3481 1791334877874538 77141
3482 1791334877874555 77146
3483 1791334877880819 64532
3484 1791334877919599 82812
3485 1791334877933850 76519
3486 1791334877933859 59301
3487 1791334877980514 83077
3488 1791334877990898 71294
3489 1791334878009784 70635
3490 1791334878034479 76499
3491 1791334878058603 78083
3492 1791334878073988 75930
3493 1791334878096958 80780
3494 1791334878125108 87162
3495 1791334878137183 81624
3496 1791334878153236 73772
3497 1791334878173586 76625
3498 1791334878187189 68842
3499 1791334878209922 73954
3500 1791334878225733 68430
3501 1791334878241175 64709
3502 1791334878268580 72365
3503 1791334878286566 68721
3504 1791334878304511 67172
3505 1791334878328942 72738
3506 1791334878348691 72629
3507 1791334878373611 76790
3508 1791334878398387 80978
3509 1791334878408480 71458
3510 1791334878431656 76137
3511 1791334878452098 76247
3512 1791334878470092 74435
3513 1791334878487739 71080
3514 1791334878509927 70365
3515 1791334878528010 71819
3516 1791334878557861 79430
3517 1791334878567572 72258
3518 1791334878595495 78431
3519 1791334878622527 85720
3520 1791334878645463 88116
3521 1791334878661585 84720
3522 1791334878676655 81157
3523 1791334878700717 79300
3524 1791334878708200 70031
3525 1791334878726367 64779
3526 1791334878746185 70773
3527 1791334878753653 56768
3528 1791334878775641 58331
3529 1791334878797825 61880
3530 1791334878806345 48634
3531 1791334878820133 44488
3532 1791334878829096 31267
3533 1791334878846580 30049
3534 1791334878874526 33786
3535 1791334878887544 29902
3536 1791334878920310 44001
3537 1791334878937338 34064
3538 1791334878943545 28002
3539 1791334878970601 33945
3540 1791334878986907 30930
3541 1791334879009815 34317
3542 1791334879024297 28853
3543 1791334879050791 35736
3544 1791334879070546 33459
3545 1791334879086336 30215
3546 1791334879118605 36446
3547 1791334879137621 40723
3548 1791334879150819 33241
3549 1791334879175893 38266
3550 1791334879191397 34950
3551 1791334879216632 40736
3552 1791334879228679 32304
3553 1791334879246668 30033
3554 1791334879269609 31412
3555 1791334879293188 36902
3556 1791334879308171 30281
3557 1791334879330336 33286
3558 1791334879357065 39942
3559 1791334879369827 32236
3560 1791334879392573 35504
3561 1791334879410090 34888
3562 1791334879441422 45914
3563 1791334879447342 30510
3564 1791334879482588 47130
3565 1791334879489373 32409
3566 1791334879513421 36810
3567 1791334879528006 30784
3568 1791334879560846 41310
3569 1791334879576318 36564
3570 1791334879593328 36075
3571 1791334879620356 44034
3572 1791334879636303 38649
3573 1791334879651894 36429
3574 1791334879673360 37054
3575 1791334879697918 42049
3576 1791334879714449 38278
3577 1791334879729029 31104
3578 1791334879758191 42244
3579 1791334879785616 48770
3580 1791334879806377 48486
3581 1791334879818988 42712
3582 1791334879828073 33242
3583 1791334879870424 53292
3584 1791334879879817 40506
3585 1791334879892277 36124
3586 1791334879920538 40718
3587 1791334879938250 41103
3588 1791334879959660 39117
3589 1791334879968762 33767
3590 1791334880000220 42562
3591 1791334880012007 35257
3592 1791334880048606 48695
3593 1791334880054649 39497
3594 1791334880074852 37162
3595 1791334880096241 41589
3596 1791334880116466 41609
3597 1791334880136709 40465
3598 1791334880158029 42451
3599 1791334880175001 38286
3600 1791334880197854 39822
3601 1791334880227019 52013
3602 1791334880248039 51340
3603 1791334880264777 47116
3604 1791334880285415 47192
3605 1791334880299381 41877
3606 1791334880320059 40780
3607 1791334880347585 48201
3608 1791334880354586 37235
3609 1791334880381060 44144
3610 1791334880398020 43430
3611 1791334880425845 50201
3612 1791334880451212 53600
3613 1791334880472549 54572
3614 1791334880496412 53754
3615 1791334880503700 46304
3616 1791334880535359 54714
3617 1791334880553155 56739
3618 1791334880587027 69333
3619 1791334880594992 59629
3620 1791334880634234 75332
3621 1791334880636178 59784
3622 1791334880651067 56072
3623 1791334880681619 65628
3624 1791334880697266 61166
3625 1791334880718241 60582
3626 1791334880739698 58073
3627 1791334880766968 69698
3628 1791334880787179 69809
3629 1791334880799976 63427
3630 1791334880821311 65003
3631 1791334880835402 58724
3632 1791334880860782 62329
3633 1791334880887388 71686
3634 1791334880904584 69176
3635 1791334880926697 70704
3636 1791334880947798 70132
3637 1791334880956966 58921
3638 1791334880985468 65247
3639 1791334880989805 51153
3640 1791334881002069 45096
3641 1791334881025311 48567
3642 1791334881060311 63721
3643 1791334881082041 63773
3644 1791334881102801 64618
3645 1791334881111001 55286
3646 1791334881135283 56435
3647 1791334881138971 42288
3648 1791334881165117 49437
3649 1791334881199556 64654
3650 1791334881210239 51986
3651 1791334881243240 65485
3652 1791334881260928 61367
3653 1791334881277973 62508
3654 1791334881291308 48064
3655 1791334881324019 64686
3656 1791334881337859 59880
3657 1791334881355758 59089
3658 1791334881376707 59230
3659 1791334881411505 76002
3660 1791334881418923 63258
3661 1791334881438842 62131
3662 1791334881477254 79751
3663 1791334881477309 61388
3664 1791334881502725 67003
3665 1791334881526579 69889
3666 1791334881544421 67157
3667 1791334881568484 65755
3668 1791334881586174 69217
3669 1791334881599055 62662
3670 1791334881622606 66736
3671 1791334881643062 66122
3672 1791334881670125 71064
3673 1791334881685894 69409
3674 1791334881708490 72715
3675 1791334881733930 78019
3676 1791334881746116 65731
3677 1791334881769169 72802
3678 1791334881800389 81090
3679 1791334881816362 78402
3680 1791334881843883 87039
3681 1791334881860454 79051
3682 1791334881876034 78926
3683 1791334881894004 77638
3684 1791334881908824 72817
3685 1791334881945315 84854
3686 1791334881947933 71897
3687 1791334881973782 78118
3688 1791334881988591 71411
3689 1791334882014918 78887
3690 1791334882040155 81211
3691 1791334882057543 80773
3692 1791334882087093 90829
3693 1791334882103260 88337
3694 1791334882120581 80424
3695 1791334882147684 90125
3696 1791334882159722 80741
3697 1791334882185408 86758
3698 1791334882205165 89449
3699 1791334882216212 80846
3700 1791334882270077 110348
3701 1791334882330993 154092
3702 1791334882331006 133846
3703 1791334882371004 154785
3704 1791334882373519 111980
3705 1791334882373528 111977
3706 1791334882373536 67878
3707 1791334882373542 67875
3708 1791334882384082 57352
3709 1791334882386251 47051
3710 1791334882408210 44586
3711 1791334882416720 40518
3712 1791334882431817 36420
3713 1791334882453738 37362
3714 1791334882473859 38663
3715 1791334882492599 33376
3716 1791334882524783 47096
3717 1791334882541239 43287
3718 1791334882553334 35611
3719 1791334882573234 36341
3720 1791334882600538 43675
3721 1791334882614862 36668
3722 1791334882629312 33486
3723 1791334882662679 47814
3724 1791334882680207 43956
3725 1791334882700409 41870
3726 1791334882730940 55192
3727 1791334882742697 42280
3728 1791334882766006 49684
3729 1791334882780697 44651
3730 1791334882808841 49864
3731 1791334882833584 55527
3732 1791334882839924 42263
3733 1791334882867495 49456
3734 1791334882890211 54292
3735 1791334882905943 49847
3736 1791334882926306 49628
3737 1791334882946670 50423
3738 1791334882967185 52019
3739 1791334882986507 49957
3740 1791334883011902 54955
3741 1791334883033700 58195
3742 1791334883051221 54919
3743 1791334883057288 42085
3744 1791334883061467 25152
3745 1791334883087656 30619
3746 1791334883097908 21656
3747 1791334883117345 21238
3748 1791334883138591 21239
3749 1791334883157518 20855
3750 1791334883179880 22535
3751 1791334883198059 21526
3752 1791334883216757 21795
3753 1791334883245623 28859
3754 1791334883265199 29522
3755 1791334883276740 21866
3756 1791334883304789 28037
3757 1791334883319984 22116
3758 1791334883341222 24311
3759 1791334883358687 21535
3760 1791334883380258 23761
3761 1791334883399030 23592
3762 1791334883417836 22192
3763 1791334883438549 22773
3764 1791334883459508 24197
3765 1791334883487601 28061
3766 1791334883503737 26141
3767 1791334883519052 24147
3768 1791334883539556 21989
3769 1791334883557349 20639
3770 1791334883579316 23936
3771 1791334883605279 26419
3772 1791334883618865 21671
3773 1791334883647039 28169
3774 1791334883669274 28176
3775 1791334883677103 21900
3776 1791334883705524 28479
3777 1791334883719471 22532
3778 1791334883738528 21465
3779 1791334883764078 28073
3780 1791334883782530 25401
3781 1791334883798865 21997
3782 1791334883819152 23012
3783 1791334883838471 22016
3784 1791334883861813 25418
3785 1791334883879489 22106
3786 1791334883907692 28397
3787 1791334883918849 21115
3788 1791334883936370 20862
3789 1791334883965803 29428
3790 1791334883978459 21138
3791 1791334883999410 24043
3792 1791334884026506 29655
3793 1791334884046452 30486
3794 1791334884063375 24720
3795 1791334884078505 22836
3796 1791334884099767 23988
3797 1791334884122056 24509
3798 1791334884139165 22779
3799 1791334884164110 26806
3800 1791334884178101 21262
3801 1791334884199526 21409
3802 1791334884225516 26162
3803 1791334884248235 29705
3804 1791334884261749 25038
3805 1791334884279512 23823
3806 1791334884297965 22340
3807 1791334884324018 26048
3808 1791334884339081 23321
3809 1791334884366489 31086
3810 1791334884389202 22708
3811 1791334884400404 22541
3812 1791334884418669 21352
3813 1791334884438741 21033
3814 1791334884460415 21669
3815 1791334884488216 31893
3816 1791334884500610 24050
3817 1791334884524654 24037
3818 1791334884568793 44270
3819 1791334884582073 45236
3820 1791334884597291 28494
3821 1791334884607815 26773
3822 1791334884618444 21145
3823 1791334884639577 24377
3824 1791334884680931 41346
3825 1791334884692702 34741
3826 1791334884711844 30907
3827 1791334884723192 26153
3828 1791334884746526 31066
3829 1791334884779302 41276
3830 1791334884792492 28524
3831 1791334884805691 26848
3832 1791334884821160 23787
3833 1791334884838655 22013
3834 1791334884858898 21999
3835 1791334884883093 26569
3836 1791334884902939 23962
3837 1791334884920389 24758
3838 1791334884938281 22970
3839 1791334884962759 24430
3840 1791334884978825 22387
3841 1791334884996562 21620
3842 1791334885018605 23265
3843 1791334885040491 24462
3844 1791334885057272 20945
3845 1791334885079698 22421
3846 1791334885105971 26267
3847 1791334885117183 21811
3848 1791334885145803 28691
3849 1791334885163947 27787
3850 1791334885187065 28260
3851 1791334885198048 22738
3852 1791334885217831 22342
3853 1791334885239600 21765
3854 1791334885260710 23861
3855 1791334885280327 24530
3856 1791334885302938 25707
3857 1791334885318525 21297
3858 1791334885339675 24507
3859 1791334885363455 23775
3860 1791334885385315 27881
3861 1791334885403225 26551
3862 1791334885418996 21300
3863 1791334885438104 21830
3864 1791334885464119 26081
3865 1791334885485648 29154
3866 1791334885507908 31638
3867 1791334885518629 22601
3868 1791334885540429 21792
3869 1791334885559077 23789
3870 1791334885578541 21586
3871 1791334885601703 25297
3872 1791334885620181 22874
3873 1791334885647160 30634
3874 1791334885663454 26286
3875 1791334885685772 27207
3876 1791334885699009 22489
3877 1791334885717615 22629
3878 1791334885739860 22364
3879 1791334885759947 22205
3880 1791334885785435 25484
3881 1791334885802865 27552
3882 1791334885819877 22922
3883 1791334885838211 22568
3884 1791334885865524 29270
3885 1791334885876499 20745
3886 1791334885898695 22277
3887 1791334885921577 24202
3888 1791334885939472 23646
3889 1791334885960402 24063
3890 1791334885979544 21558
3891 1791334886003635 24086
3892 1791334886016861 20865
3893 1791334886041209 24446
3894 1791334886062570 24666
3895 1791334886082439 26579
3896 1791334886104704 28502
3897 1791334886122708 27069
3898 1791334886137952 22515
3899 1791334886163580 26248
3900 1791334886177733 22089
3901 1791334886202975 27120
3902 1791334886223847 26792
3903 1791334886239490 23175
3904 1791334886257240 22300
3905 1791334886280758 23584
3906 1791334886298158 22359
3907 1791334886318965 24092
3908 1791334886348263 32609
3909 1791334886359506 23138
3910 1791334886383792 24280
3911 1791334886399360 23494
3912 1791334886417201 20653
3913 1791334886447320 31345
3914 1791334886457526 20676
3915 1791334886480400 23262
3916 1791334886499299 23110
3917 1791334886520488 21183
3918 1791334886543544 26448
3919 1791334886559863 22077
3920 1791334886589103 29230
3921 1791334886599660 22397
3922 1791334886618800 22260
3923 1791334886639613 24417
3924 1791334886667353 27734
3925 1791334886682190 27044
3926 1791334886698763 22148
3927 1791334886723325 24558
3928 1791334886738972 21807
3929 1791334886758425 21855
3930 1791334886777120 21566
3931 1791334886804814 27687
3932 1791334886819328 22513
3933 1791334886843207 23873
3934 1791334886868439 26580
3935 1791334886881835 26348
3936 1791334886899967 21671
3937 1791334886928857 33018
3938 1791334886939729 23697
3939 1791334886966994 30192
3940 1791334886978046 23162
3941 1791334887000299 22250
3942 1791334887022738 25432
3943 1791334887045510 28996
3944 1791334887066064 29774
3945 1791334887080471 24150
3946 1791334887105469 27437
3947 1791334887124133 27355
3948 1791334887138374 21344
3949 1791334887157528 21231
3950 1791334887184735 27153
3951 1791334887207124 31339
3952 1791334887221792 26430
3953 1791334887247082 25447
3954 1791334887257874 22470
3955 1791334887283046 25168
3956 1791334887297932 22124
3957 1791334887324330 26395
3958 1791334887346780 29871
3959 1791334887360877 23320
3960 1791334887384026 26771
3961 1791334887399633 24114
3962 1791334887419488 22307
3963 1791334887443900 24409
3964 1791334887460998 23092
3965 1791334887480378 25348
3966 1791334887506460 28292
3967 1791334887517843 21921
3968 1791334887540159 22309
3969 1791334887558845 23118
3970 1791334887580420 23998
3971 1791334887601408 24000
3972 1791334887619038 22378
3973 1791334887640805 25132
3974 1791334887665265 28126
3975 1791334887676161 20895
3976 1791334887701402 25236
3977 1791334887726274 24868
3978 1791334887747416 31208
3979 1791334887757875 22335
3980 1791334887779832 22937
3981 1791334887797988 22538
3982 1791334887819226 23779
3983 1791334887839091 23282
3984 1791334887861028 25366
3985 1791334887886866 29434
3986 1791334887902766 25289
3987 1791334887921562 23834
3988 1791334887937903 21958
3989 1791334887960537 22628
3990 1791334887991813 31425
3991 1791334888009329 25512
3992 1791334888026668 31009
3993 1791334888041684 26120
3994 1791334888061534 24766
3995 1791334888077460 22206
3996 1791334888106235 28828
3997 1791334888124713 28427
3998 1791334888141888 25571
3999 1791334888158500 22584
4000 1791334888184369 25857
4001 1791334888206279 28139
4002 1791334888227212 30960
4003 1791334888246116 28455
4004 1791334888256663 21229
4005 1791334888280743 24077
4006 1791334888300060 22489
4007 1791334888326308 26560
4008 1791334888338831 22963
4009 1791334888367435 28600
4010 1791334888381689 25908
4011 1791334888397398 20925
4012 1791334888419180 21777
4013 1791334888442950 25613
4014 1791334888457557 22231
4015 1791334888482425 25025
4016 1791334888496867 21210
4017 1791334888518628 21755
4018 1791334888538862 23329
4019 1791334888561648 22780
4020 1791334888580836 25544
4021 1791334888597378 21668
4022 1791334888618406 23150
4023 1791334888641373 25253
4024 1791334888670316 32823
4025 1791334888686637 30079
4026 1791334888698003 21686
4027 1791334888719200 21259
4028 1791334888737255 20565
4029 1791334888757697 21531
4030 1791334888786401 28810
4031 1791334888805440 28070
4032 1791334888824199 26903
4033 1791334888839643 23350
4034 1791334888864118 27636
4035 1791334888876918 21757
4036 1791334888900127 23207
4037 1791334888920970 24111
4038 1791334888938656 22767
4039 1791334888966497 29909
4040 1791334888986547 31676
4041 1791334889004692 26773
4042 1791334889024599 28764
4043 1791334889036164 21025
4044 1791334889067628 31910
4045 1791334889077906 22444
4046 1791334889099837 21979
4047 1791334889116781 20715
4048 1791334889140355 23571
4049 1791334889161573 25130
4050 1791334889181591 25919
4051 1791334889196955 22018
4052 1791334889217789 20832
4053 1791334889238623 22002
4054 1791334889257546 22359
4055 1791334889280182 24699
4056 1791334889298498 21281
4057 1791334889323380 26997
4058 1791334889339761 23598
4059 1791334889360513 22391
4060 1791334889386921 26383
4061 1791334889400482 24761
4062 1791334889421575 25240
4063 1791334889438494 22336
4064 1791334889458573 23502
4065 1791334889486509 27933
4066 1791334889496769 22039
4067 1791334889519726 22953
4068 1791334889540027 22919
4069 1791334889560797 25031
4070 1791334889578387 21946
4071 1791334889601754 26521
4072 1791334889621349 24953
4073 1791334889638699 20840
4074 1791334889657468 21074
4075 1791334889678671 21199
4076 1791334889699138 22103
4077 1791334889717895 21716
4078 1791334889738835 23047
4079 1791334889757509 21182
4080 1791334889783241 25728
4081 1791334889800029 24108
4082 1791334889820314 23524
4083 1791334889840632 24417
4084 1791334889863874 25998
4085 1791334889876214 20700
4086 1791334889904755 28538
4087 1791334889922373 26937
4088 1791334889938487 23455
4089 1791334889959553 23267
4090 1791334889988589 29031
4091 1791334890000843 24053
4092 1791334890019411 22646
4093 1791334890041220 25067
4094 1791334890060459 22933
4095 1791334890083056 22593
4096 1791334890098786 22900
4097 1791334890118458 22838
4098 1791334890143463 25139
4099 1791334890159138 22223
4100 1791334890180049 23733
4101 1791334890207485 27432
4102 1791334890220796 23166
4103 1791334890241940 25744
4104 1791334890262923 26105
4105 1791334890278498 22167
4106 1791334890298640 23262
4107 1791334890318451 21951
4108 1791334890345741 27286
4109 1791334890364672 28451
4110 1791334890385264 26213
4111 1791334890409147 29349
4112 1791334890426264 28549
4113 1791334890437113 21632
4114 1791334890460474 24834
4115 1791334890484105 23628
4116 1791334890502289 26007
4117 1791334890518890 21369
4118 1791334890539113 23300
4119 1791334890568911 29794
4120 1791334890586186 23927
4121 1791334890596464 20712
4122 1791334890618175 21706
4123 1791334890638072 23222
4124 1791334890662026 24027
4125 1791334890677454 21779
4126 1791334890707050 29591
4127 1791334890720187 23303
4128 1791334890737238 21530
4129 1791334890757782 21572
4130 1791334890781264 23574
4131 1791334890798515 23302
4132 1791334890817641 21955
4133 1791334890845678 28033
4134 1791334890855834 20689
4135 1791334890877628 21851
4136 1791334890906333 28702
4137 1791334890918640 23247
4138 1791334890939880 21236
4139 1791334890959808 22756
4140 1791334890986630 26818
4141 1791334891000341 21487
4142 1791334891018302 23559
4143 1791334891037270 21444
# sent 4144 received 4144
