0 1791277295094112 29007
1 1791277295113776 26442
2 1791277295130224 23460
3 1791277295158544 28315
4 1791277295171221 24077
5 1791277295187541 20670
6 1791277295215624 28081
7 1791277295230720 24921
8 1791277295254821 24098
9 1791277295276525 28564
10 1791277295292175 24436
11 1791277295316156 29438
12 1791277295333583 27528
13 1791277295352010 22796
14 1791277295375580 28000
15 1791277295394470 25526
16 1791277295415285 29387
17 1791277295430483 23812
18 1791277295449336 23681
19 1791277295472851 23952
20 1791277295487549 21306
21 1791277295508844 21292
22 1791277295534915 27853
23 1791277295550656 24439
24 1791277295569001 23002
25 1791277295589895 22824
26 1791277295608825 21980
27 1791277295636883 30065
28 1791277295648869 22794
29 1791277295675089 28313
30 1791277295697191 27295
31 1791277295707762 21104
32 1791277295728695 20929
33 1791277295749902 23056
34 1791277295767174 21316
35 1791277295786736 20701
36 1791277295809885 23147
37 1791277295829254 21319
38 1791277295849356 21676
39 1791277295875127 28328
40 1791277295893690 27262
41 1791277295911682 24978
42 1791277295927848 20761
43 1791277295949029 22726
44 1791277295968334 22343
45 1791277295991313 22976
46 1791277296008497 22170
47 1791277296027751 22341
48 1791277296048665 22406
49 1791277296075957 27291
50 1791277296096894 30663
51 1791277296108510 21405
52 1791277296129081 23127
53 1791277296151834 22750
54 1791277296177476 30150
55 1791277296187743 20545
56 1791277296208589 22573
57 1791277296233488 24896
58 1791277296247108 20833
59 1791277296274177 27066
60 1791277296288404 22518
61 1791277296307029 20842
62 1791277296327919 20886
63 1791277296348406 22294
64 1791277296370371 24245
65 1791277296387904 21909
66 1791277296413298 25391
67 1791277296428956 20806
68 1791277296449244 22665
69 1791277296468897 22702
70 1791277296488692 22380
71 1791277296510842 24475
72 1791277296531622 23920
73 1791277296557918 26293
74 1791277296581375 34516
75 1791277296596034 23797
76 1791277296611152 25356
77 1791277296636236 25082
78 1791277296647133 21586
79 1791277296674222 27086
80 1791277296695323 29661
81 1791277296711648 24871
82 1791277296728820 23041
83 1791277296747514 20831
84 1791277296775618 28099
85 1791277296787878 21078
86 1791277296810479 22597
87 1791277296828676 22065
88 1791277296850405 21793
89 1791277296876766 26358
90 1791277296899325 30319
91 1791277296915573 29603
92 1791277296935128 28311
93 1791277296946538 20891
94 1791277296972209 25667
95 1791277296988024 21843
96 1791277297007797 22099
97 1791277297028787 20988
98 1791277297049637 23681
99 1791277297070375 22626
100 1791277297091059 22241
101 1791277297112321 26562
102 1791277297130719 23147
103 1791277297149689 22225
104 1791277297175845 26152
105 1791277297188914 21041
106 1791277297217089 28171
107 1791277297236419 25715
108 1791277297247690 21394
109 1791277297268095 22059
110 1791277297288110 20974
111 1791277297312024 23993
112 1791277297328074 20766
113 1791277297350190 23894
114 1791277297368475 21955
115 1791277297391355 22878
116 1791277297412933 24542
117 1791277297429082 22469
118 1791277297457812 28727
119 1791277297479015 29195
120 1791277297490524 24515
121 1791277297509171 21384
122 1791277297527988 20989
123 1791277297547881 22549
124 1791277297570117 23079
125 1791277297590392 22057
126 1791277297613426 26192
127 1791277297635259 28841
128 1791277297655052 29297
129 1791277297677431 29084
130 1791277297691232 24665
131 1791277297710578 24514
132 1791277297731546 25671
133 1791277297747622 21036
134 1791277297774165 28470
135 1791277297792132 26382
136 1791277297807663 22020
137 1791277297830097 24549
138 1791277297849194 21077
139 1791277297876078 28154
140 1791277297894835 27933
141 1791277297912363 24475
142 1791277297937720 25472
143 1791277297951289 25251
144 1791277297969570 23243
145 1791277297986488 21027
146 1791277298009607 23116
147 1791277298029181 21521
148 1791277298056296 27111
149 1791277298066769 21096
150 1791277298087834 21062
151 1791277298116755 28965
152 1791277298131276 25100
153 1791277298155017 23736
154 1791277298170403 24737
155 1791277298191075 23712
156 1791277298210256 22184
157 1791277298231404 25128
158 1791277298251521 26159
159 1791277298268911 23402
160 1791277298297944 29026
161 1791277298316331 23656
162 1791277298330092 21625
163 1791277298354406 24637
164 1791277298369811 22841
165 1791277298390766 23939
166 1791277298410540 21705
167 1791277298429480 21139
168 1791277298450472 23134
169 1791277298467460 21225
170 1791277298486643 21090
171 1791277298507947 21301
172 1791277298531842 23894
173 1791277298560234 28389
174 1791277298576790 27147
175 1791277298590040 24118
176 1791277298614071 24028
177 1791277298630210 22587
178 1791277298654956 26890
179 1791277298676975 30587
180 1791277298696774 29930
181 1791277298707694 21645
182 1791277298728954 21257
183 1791277298747711 21812
184 1791277298770841 24081
185 1791277298789037 22308
186 1791277298807580 21558
187 1791277298834452 26914
188 1791277298847888 21164
189 1791277298872713 24822
190 1791277298887632 20861
191 1791277298906725 20848
192 1791277298929598 22871
193 1791277298947113 21201
194 1791277298969669 22554
195 1791277298989010 22191
196 1791277299008174 22294
197 1791277299037411 29235
198 1791277299050744 24827
199 1791277299074890 24143
200 1791277299087925 21141
201 1791277299111056 24123
202 1791277299127838 21709
203 1791277299155882 28040
204 1791277299176236 29677
205 1791277299190559 23130
206 1791277299207429 21619
207 1791277299229507 23774
208 1791277299254611 28019
209 1791277299276870 31018
210 1791277299296218 27649
211 1791277299313114 26747
212 1791277299328010 20778
213 1791277299358033 30666
214 1791277299368572 21314
215 1791277299396794 28218
216 1791277299410581 22542
217 1791277299428035 21054
218 1791277299456643 30630
219 1791277299477647 31097
220 1791277299491956 23773
221 1791277299507599 20701
222 1791277299527991 20870
223 1791277299546962 21147
224 1791277299568418 21453
225 1791277299587590 20874
226 1791277299611984 24472
227 1791277299628571 21400
228 1791277299648245 21928
229 1791277299668264 22283
230 1791277299696368 30378
231 1791277299707945 21759
232 1791277299736088 28193
233 1791277299754602 28474
234 1791277299778625 28731
235 1791277299791011 23167
236 1791277299811924 24703
237 1791277299828505 22375
238 1791277299848992 22744
239 1791277299867291 21560
240 1791277299895604 28998
241 1791277299917571 27596
242 1791277299929234 22025
243 1791277299951761 24489
244 1791277299973274 27552
245 1791277299990645 23634
246 1791277300010083 23814
247 1791277300036500 26413
248 1791277300046828 21570
249 1791277300075763 28932
250 1791277300098436 29223
251 1791277300110922 22971
252 1791277300129882 21961
253 1791277300152630 24704
254 1791277300178931 26298
255 1791277300193662 25993
256 1791277300211016 24483
257 1791277300231795 25344
258 1791277300255138 23340
259 1791277300273127 26726
260 1791277300287181 20781
261 1791277300317427 30243
262 1791277300327790 21041
263 1791277300353723 25974
264 1791277300371331 24759
265 1791277300387165 20814
266 1791277300408642 22350
267 1791277300428609 22328
268 1791277300448196 22176
269 1791277300467220 20986
270 1791277300496167 28945
271 1791277300507472 20996
272 1791277300533254 26529
273 1791277300549711 23007
274 1791277300572259 26822
275 1791277300595933 23671
276 1791277300617307 30059
277 1791277300628524 22181
278 1791277300648450 22039
279 1791277300682798 34345
280 1791277300696029 24612
281 1791277300713253 27174
282 1791277300727672 20790
283 1791277300749077 22236
284 1791277300767457 21016
285 1791277300788530 21119
286 1791277300808375 22219
287 1791277300836705 28326
288 1791277300847363 21106
289 1791277300870352 22986
290 1791277300888715 20630
291 1791277300910640 24443
292 1791277300928825 22117
293 1791277300948684 21086
294 1791277300968674 22673
295 1791277300987903 21014
296 1791277301008885 20979
297 1791277301028918 22889
298 1791277301056301 29287
299 1791277301075872 28669
300 1791277301092815 22050
301 1791277301107856 21246
302 1791277301132973 25158
303 1791277301147613 20608
304 1791277301172038 24423
305 1791277301189929 21329
306 1791277301211137 21205
307 1791277301229662 21202
308 1791277301248111 20811
309 1791277301267260 20887
310 1791277301297953 30677
311 1791277301309409 22941
312 1791277301331254 23846
313 1791277301347516 21094
314 1791277301373386 25868
315 1791277301391256 24745
316 1791277301415925 24665
317 1791277301436002 27556
318 1791277301452703 26664
319 1791277301469652 22250
320 1791277301499197 29542
321 1791277301509572 22284
322 1791277301527400 20867
323 1791277301553038 25636
324 1791277301571989 24555
325 1791277301589125 22152
326 1791277301615722 26671
327 1791277301633621 27983
328 1791277301649034 21642
329 1791277301669647 23158
330 1791277301694915 27338
331 1791277301708418 22429
332 1791277301729545 23271
333 1791277301748706 23036
334 1791277301768252 21761
335 1791277301795497 28955
336 1791277301813865 26428
337 1791277301827539 20500
338 1791277301848686 21144
339 1791277301867638 21748
340 1791277301888936 21295
341 1791277301912093 25444
342 1791277301928878 21089
343 1791277301948719 22069
344 1791277301969462 22865
345 1791277301995771 28719
346 1791277302017543 30575
347 1791277302033854 25603
348 1791277302048180 20695
349 1791277302074432 28051
350 1791277302087731 21447
351 1791277302113556 27602
352 1791277302132227 25201
353 1791277302150182 23060
354 1791277302178226 30443
355 1791277302189425 23277
356 1791277302208086 22521
357 1791277302229621 21531
358 1791277302247766 22242
359 1791277302271284 23515
360 1791277302297363 26125
361 1791277302311738 22119
362 1791277302331915 23816
363 1791277302347394 20732
364 1791277302373365 25969
365 1791277302386671 21111
366 1791277302407454 20779
367 1791277302428448 22438
368 1791277302456007 27555
369 1791277302467428 21561
370 1791277302488966 21569
371 1791277302510141 23556
372 1791277302528353 22005
373 1791277302548645 23272
374 1791277302568853 22136
375 1791277302594739 25884
376 1791277302617393 27407
377 1791277302631007 23926
378 1791277302651643 24794
379 1791277302682582 30935
380 1791277302695887 25642
381 1791277302715029 28766
382 1791277302734020 27385
383 1791277302748954 22337
384 1791277302769374 22588
385 1791277302787881 21079
386 1791277302807018 21339
387 1791277302829887 22866
388 1791277302856569 28767
389 1791277302868059 22088
390 1791277302892151 25969
391 1791277302909043 22684
392 1791277302934048 27469
393 1791277302950195 22998
394 1791277302969483 23275
395 1791277302993131 23646
396 1791277303016459 27213
397 1791277303031642 23325
398 1791277303049274 20580
399 1791277303076970 28980
400 1791277303090192 23288
401 1791277303118812 28618
402 1791277303129429 21788
403 1791277303149947 23592
404 1791277303168194 22159
405 1791277303196856 28660
406 1791277303213146 25503
407 1791277303243212 30063
408 1791277303260509 32468
409 1791277303276693 28885
410 1791277303299395 27615
411 1791277303317136 29034
412 1791277303348247 38902
413 1791277303359461 34079
414 1791277303383199 34947
415 1791277303406957 38534
416 1791277303418795 32260
417 1791277303438525 31564
418 1791277303458643 30806
419 1791277303476616 30165
420 1791277303499325 32077
421 1791277303509926 23727
422 1791277303536962 29829
423 1791277303556697 28859
424 1791277303579088 32025
425 1791277303590978 24979
426 1791277303618994 30944
427 1791277303634330 27098
428 1791277303651034 23241
429 1791277303677851 32113
430 1791277303707194 38128
431 1791277303718546 31134
432 1791277303739020 31824
433 1791277303758331 30101
434 1791277303776406 28257
435 1791277303801566 33466
436 1791277303812983 26428
437 1791277303836759 29445
438 1791277303849004 22700
439 1791277303878168 29536
440 1791277303891851 24332
441 1791277303914742 29124
442 1791277303937028 29473
443 1791277303957369 27665
444 1791277303977169 30239
445 1791277303996923 29049
446 1791277304017585 30448
447 1791277304038425 30254
448 1791277304055190 29060
449 1791277304086883 37943
450 1791277304098872 29435
451 1791277304110680 24535
452 1791277304138082 27401
453 1791277304149387 22790
454 1791277304168836 22641
455 1791277304198942 30103
456 1791277304218079 30973
457 1791277304237064 29960
458 1791277304258079 28568
459 1791277304279982 32437
460 1791277304296613 29861
461 1791277304316795 28897
462 1791277304328099 21941
463 1791277304355062 28928
464 1791277304378041 30783
465 1791277304390122 23090
466 1791277304415993 25868
467 1791277304438979 31971
468 1791277304456191 29512
469 1791277304470525 22978
470 1791277304495323 29730
471 1791277304517047 31161
472 1791277304533638 27017
473 1791277304552074 25030
474 1791277304578511 31307
475 1791277304598142 30798
476 1791277304613075 26020
477 1791277304641149 34241
478 1791277304660142 27363
479 1791277304681139 35131
480 1791277304692171 26286
481 1791277304713685 28369
482 1791277304738725 27899
483 1791277304756474 29187
484 1791277304778572 28543
485 1791277304801408 33566
486 1791277304821072 35194
487 1791277304847977 40984
488 1791277304870254 42946
489 1791277304889719 43728
490 1791277304916520 46263
491 1791277304937061 51009
492 1791277304958013 51664
493 1791277304988044 61561
494 1791277305010726 64466
495 1791277305026057 59131
496 1791277305045131 57049
497 1791277305065956 55226
498 1791277305091571 65510
499 1791277305107728 62594
500 1791277305128391 62605
501 1791277305146797 59336
502 1791277305166771 59032
503 1791277305191872 65421
504 1791277305212249 65449
505 1791277305234548 67774
506 1791277305254897 68209
507 1791277305276228 68639
508 1791277305294337 68859
509 1791277305317865 69737
510 1791277305336002 68269
511 1791277305357588 71163
512 1791277305390718 80746
513 1791277305407487 78328
514 1791277305427816 77067
515 1791277305450366 80411
516 1791277305469279 78559
517 1791277305485970 78857
518 1791277305501141 75215
519 1791277305531749 84970
520 1791277305551497 84393
521 1791277305566100 80175
522 1791277305590394 83215
523 1791277305600831 75419
524 1791277305627419 75919
525 1791277305650917 85260
526 1791277305677470 87074
527 1791277305699675 91585
528 1791277305716923 89501
529 1791277305727500 80776
530 1791277305745415 78093
531 1791277305767179 78144
532 1791277305781472 75336
533 1791277305808364 80861
534 1791277305818670 73251
535 1791277305846065 78884
536 1791277305867543 81428
537 1791277305879219 73929
538 1791277305897094 70542
539 1791277305919549 73481
540 1791277305939272 71726
541 1791277305958078 72025
542 1791277305979554 72259
543 1791277305997431 70943
544 1791277306011339 65790
545 1791277306028769 60173
546 1791277306046980 60239
547 1791277306060912 54690
548 1791277306074392 48519
549 1791277306097690 50707
550 1791277306111613 43718
551 1791277306126297 40183
552 1791277306147419 35803
553 1791277306157958 31714
554 1791277306175334 27913
555 1791277306197673 31092
556 1791277306215408 29591
557 1791277306237563 28134
558 1791277306257778 31604
559 1791277306276404 30513
560 1791277306296603 29507
561 1791277306314116 26930
562 1791277306337703 30752
563 1791277306357625 31628
564 1791277306378941 30583
565 1791277306395837 27710
566 1791277306412984 23896
567 1791277306435440 27933
568 1791277306456910 29372
569 1791277306477245 31526
570 1791277306497570 29824
571 1791277306517484 28499
572 1791277306536965 30043
573 1791277306559004 33212
574 1791277306580012 33106
575 1791277306596162 28235
576 1791277306616981 28134
577 1791277306632110 24751
578 1791277306656798 29472
579 1791277306674903 28922
580 1791277306690965 24783
581 1791277306717308 29833
582 1791277306738502 29819
583 1791277306755832 30070
584 1791277306777787 29891
585 1791277306803616 37258
586 1791277306818267 29050
587 1791277306837637 30168
588 1791277306858273 31683
589 1791277306875581 28927
590 1791277306889659 22971
591 1791277306917868 28206
592 1791277306933703 26481
593 1791277306956505 26803
594 1791277306981249 29668
595 1791277306991834 25451
596 1791277307016726 29577
597 1791277307040817 34483
598 1791277307051344 24372
599 1791277307078277 30616
600 1791277307096570 29877
601 1791277307115763 28987
602 1791277307142992 30512
603 1791277307158949 32282
604 1791277307175449 27107
605 1791277307195848 26746
606 1791277307217822 29496
607 1791277307237161 30030
608 1791277307261472 34682
609 1791277307271696 25149
610 1791277307292792 25969
611 1791277307316648 30653
612 1791277307339009 31852
613 1791277307354803 26269
614 1791277307375323 27913
615 1791277307398919 31935
616 1791277307414994 27457
617 1791277307435775 29455
618 1791277307451176 24819
619 1791277307479106 32997
620 1791277307499222 31767
621 1791277307520351 31951
622 1791277307531467 25893
623 1791277307556510 27631
624 1791277307577225 31435
625 1791277307603072 37443
626 1791277307615426 28905
627 1791277307643133 36390
628 1791277307660023 30338
629 1791277307670675 24738
630 1791277307696415 28271
631 1791277307711716 25746
632 1791277307735969 29157
633 1791277307758263 27607
634 1791277307775266 27615
635 1791277307796621 29099
636 1791277307815124 29408
637 1791277307837409 27359
638 1791277307850941 25285
639 1791277307877053 30728
640 1791277307899304 29697
641 1791277307916503 27756
642 1791277307940698 35218
643 1791277307953335 26412
644 1791277307977554 31026
645 1791277307996360 30807
646 1791277308017237 31436
647 1791277308038029 32366
648 1791277308066973 39188
649 1791277308086916 40380
650 1791277308118837 51861
651 1791277308137152 50233
652 1791277308156817 50436
653 1791277308179323 52580
654 1791277308201433 56019
655 1791277308227564 59003
656 1791277308246422 56878
657 1791277308263232 56572
658 1791277308281481 54205
659 1791277308307891 61466
660 1791277308326113 57862
661 1791277308350791 64560
662 1791277308375286 67817
663 1791277308392935 66819
664 1791277308412910 66925
665 1791277308431015 64183
666 1791277308451179 65383
667 1791277308478286 72169
668 1791277308497710 67857
669 1791277308520584 70492
670 1791277308536352 69428
671 1791277308556606 69705
672 1791277308577499 67344
673 1791277308597404 68691
674 1791277308619821 73852
675 1791277308642760 75651
676 1791277308659854 74063
677 1791277308683291 76721
678 1791277308707708 80235
679 1791277308718990 72751
680 1791277308745440 78311
681 1791277308758337 71977
682 1791277308780459 72748
683 1791277308800140 73313
684 1791277308822816 77373
685 1791277308847934 78746
686 1791277308860720 74568
687 1791277308886220 77356
688 1791277308905369 77648
689 1791277308924761 76823
690 1791277308944971 78017
691 1791277308962963 76740
692 1791277308986976 81604
693 1791277309001835 75420
694 1791277309030186 82705
695 1791277309046777 80083
696 1791277309066899 80243
697 1791277309089602 82882
698 1791277309106657 80144
699 1791277309126506 79766
700 1791277309137455 70552
701 1791277309159213 71438
702 1791277309170105 63719
703 1791277309191874 65366
704 1791277309210350 62538
705 1791277309224925 57761
706 1791277309246153 58858
707 1791277309260600 50248
708 1791277309275234 45705
709 1791277309291560 45405
710 1791277309308723 42765
711 1791277309327933 42466
712 1791277309346673 39960
713 1791277309359661 32770
714 1791277309378131 31455
715 1791277309396067 29160
716 1791277309417743 32084
717 1791277309437558 31400
718 1791277309456568 29269
719 1791277309478763 27978
720 1791277309499878 32642
721 1791277309513340 26959
722 1791277309542923 36579
723 1791277309556389 27483
724 1791277309576859 29339
725 1791277309595744 29505
726 1791277309618549 28180
727 1791277309639903 31975
728 1791277309662853 33437
729 1791277309676263 28779
730 1791277309706164 39951
731 1791277309717314 31485
732 1791277309728872 22706
733 1791277309758985 30110
734 1791277309773083 24620
735 1791277309796613 30232
736 1791277309811653 23788
737 1791277309842165 30929
738 1791277309856945 29343
739 1791277309868757 23426
740 1791277309899731 33010
741 1791277309917134 30326
742 1791277309934935 28831
743 1791277309956649 27664
744 1791277309978509 31533
745 1791277309997346 30293
746 1791277310019946 33217
747 1791277310037661 29305
748 1791277310056978 29965
749 1791277310080536 33060
750 1791277310095880 29552
751 1791277310118026 30712
752 1791277310134443 28190
753 1791277310155185 26746
754 1791277310177979 30424
755 1791277310195082 28854
756 1791277310225669 30583
757 1791277310238680 30940
758 1791277310249125 23454
759 1791277310273351 25648
760 1791277310299970 32466
761 1791277310318287 31317
762 1791277310329892 23565
763 1791277310356414 30200
764 1791277310377561 29930
765 1791277310393454 26356
766 1791277310417008 30441
767 1791277310438687 32216
768 1791277310459221 27944
769 1791277310479904 31577
770 1791277310498073 30760
771 1791277310518761 31953
772 1791277310539233 25228
773 1791277310552246 24913
774 1791277310577784 31407
775 1791277310595575 29353
776 1791277310614835 26038
777 1791277310636742 27885
778 1791277310656900 30751
779 1791277310678538 32221
780 1791277310696806 29298
781 1791277310713243 27182
782 1791277310737601 30522
783 1791277310764197 37503
784 1791277310776898 29927
785 1791277310796850 31043
786 1791277310818787 31272
787 1791277310837614 29564
788 1791277310857208 30632
789 1791277310878328 32227
790 1791277310899411 33821
791 1791277310911240 24492
792 1791277310936965 31089
793 1791277310957629 31610
794 1791277310982469 36340
795 1791277310996899 28463
796 1791277311027624 41182
797 1791277311040760 31116
798 1791277311056750 29123
799 1791277311078054 29117
800 1791277311098721 31417
801 1791277311116045 27982
802 1791277311148127 36177
803 1791277311166952 40585
804 1791277311193974 45844
805 1791277311207951 40987
806 1791277311240654 53803
807 1791277311256738 49823
808 1791277311285536 54584
809 1791277311305109 59063
810 1791277311329921 63890
811 1791277311353683 68144
812 1791277311373496 68384
813 1791277311397712 67787
814 1791277311432539 78853
815 1791277311447953 80005
816 1791277311466129 79088
817 1791277311480886 74946
818 1791277311511186 78644
819 1791277311524039 77940
820 1791277311551381 85249
821 1791277311569639 82694
822 1791277311592382 85963
823 1791277311611744 84093
824 1791277311637425 90779
825 1791277311648221 81331
826 1791277311667084 79690
827 1791277311688736 81962
828 1791277311719429 93342
829 1791277311731368 83931
830 1791277311756839 89752
831 1791277311776949 89307
832 1791277311796807 87759
833 1791277311818016 90065
834 1791277311837455 91413
835 1791277311866670 94610
836 1791277311878649 92498
837 1791277311898265 91058
838 1791277311916557 90289
839 1791277311930115 84425
840 1791277311943899 77227
841 1791277311969562 81893
842 1791277311983278 77670
843 1791277312007574 77455
844 1791277312013080 66676
845 1791277312036249 66616
846 1791277312054166 65356
847 1791277312068505 60929
848 1791277312085966 59510
849 1791277312102282 54663
850 1791277312123983 55475
851 1791277312136068 50099
852 1791277312154977 48426
853 1791277312168464 41359
854 1791277312187413 41253
855 1791277312201608 34680
856 1791277312216378 28963
857 1791277312236572 29228
858 1791277312261743 35016
859 1791277312275987 28226
860 1791277312297886 30438
861 1791277312319242 32280
862 1791277312338591 32332
863 1791277312360093 32491
864 1791277312375041 29266
865 1791277312391663 24766
866 1791277312416383 29149
867 1791277312430974 24337
868 1791277312456112 30541
869 1791277312475724 27107
870 1791277312496579 28971
871 1791277312513730 27763
872 1791277312537556 28508
873 1791277312558307 32054
874 1791277312578501 31258
875 1791277312599619 33352
876 1791277312616396 29085
877 1791277312638449 32598
878 1791277312656983 28948
879 1791277312677311 31622
880 1791277312695938 29278
881 1791277312725462 38200
882 1791277312740082 27927
883 1791277312759029 33630
884 1791277312776164 27344
885 1791277312797193 23618
886 1791277312818161 31992
887 1791277312838034 32410
888 1791277312852505 25525
889 1791277312878475 31949
890 1791277312903730 37022
891 1791277312915816 29018
892 1791277312929922 23348
893 1791277312959066 29142
894 1791277312978602 30548
895 1791277313000038 33385
896 1791277313017114 31347
897 1791277313042930 36311
898 1791277313058695 33099
899 1791277313075775 27722
900 1791277313097314 29315
901 1791277313109507 23007
902 1791277313139404 30414
903 1791277313157484 30373
904 1791277313176768 30637
905 1791277313195555 29574
906 1791277313227381 34428
907 1791277313239790 32155
908 1791277313258541 31274
909 1791277313277034 30085
910 1791277313297682 31233
911 1791277313321220 33777
912 1791277313339879 32230
913 1791277313355123 27613
914 1791277313377871 28409
915 1791277313395703 29459
916 1791277313419287 33131
917 1791277313437070 29895
918 1791277313460790 32850
919 1791277313477963 30345
920 1791277313496131 29043
921 1791277313521727 35371
922 1791277313541275 33463
923 1791277313552272 25549
924 1791277313578436 31691
925 1791277313598055 32080
926 1791277313616065 29262
927 1791277313635832 25968
928 1791277313656900 30159
929 1791277313668069 22095
930 1791277313699306 31235
931 1791277313716959 28047
932 1791277313735240 29242
933 1791277313749301 22798
934 1791277313772957 25622
935 1791277313790781 24401
936 1791277313816438 29258
937 1791277313837064 27821
938 1791277313858142 31472
939 1791277313878280 30773
940 1791277313899744 32255
941 1791277313918136 29577
942 1791277313942043 36172
943 1791277313956506 27355
944 1791277313976459 29321
945 1791277313994652 27281
946 1791277314011038 25127
947 1791277314036846 30722
948 1791277314058065 27960
949 1791277314077414 30212
950 1791277314099177 31504
951 1791277314123810 36179
952 1791277314134435 27060
953 1791277314156817 30409
954 1791277314180994 34592
955 1791277314195991 29630
956 1791277314211475 25373
957 1791277314237357 30457
958 1791277314251344 25361
959 1791277314274591 27995
960 1791277314297608 30387
961 1791277314322527 35605
962 1791277314347933 40386
963 1791277314368084 41696
964 1791277314392395 46394
965 1791277314416556 48468
966 1791277314440805 53356
967 1791277314458895 52957
968 1791277314485709 58864
969 1791277314514284 68227
970 1791277314538608 67752
971 1791277314556744 71032
972 1791277314576334 69853
973 1791277314598820 70975
974 1791277314619828 73871
975 1791277314642158 72963
976 1791277314661298 72643
977 1791277314677720 70937
978 1791277314693239 67161
979 1791277314712388 64589
980 1791277314737197 70163
981 1791277314760262 72100
982 1791277314778754 71869
983 1791277314803136 76425
984 1791277314832341 86598
985 1791277314845989 78903
986 1791277314862946 74975
987 1791277314880600 74546
988 1791277314915955 83612
989 1791277314926624 80632
990 1791277314946921 80616
991 1791277314966637 80639
992 1791277315004972 94603
993 1791277315008710 82084
994 1791277315027216 80292
995 1791277315046505 79865
996 1791277315065095 77331
997 1791277315087299 78578
998 1791277315109232 82126
999 1791277315130504 83995
1000 1791277315151060 83070
1001 1791277315172539 85238
1002 1791277315188859 79732
1003 1791277315206612 81118
1004 1791277315230517 79454
1005 1791277315245915 79267
1006 1791277315266552 78613
1007 1791277315287194 80898
1008 1791277315308121 81447
1009 1791277315326642 80725
1010 1791277315342855 76299
1011 1791277315358169 70971
1012 1791277315376092 68443
1013 1791277315387677 61032
1014 1791277315409769 62577
1015 1791277315424746 58872
1016 1791277315435853 49101
1017 1791277315459221 49446
1018 1791277315466418 40117
1019 1791277315484065 36918
1020 1791277315500914 34493
1021 1791277315515805 28286
1022 1791277315539540 33000
1023 1791277315571993 39221
1024 1791277315576339 28370
1025 1791277315600308 28313
1026 1791277315618515 32273
1027 1791277315635206 28091
1028 1791277315656028 27433
1029 1791277315680283 34431
1030 1791277315692730 26262
1031 1791277315721516 33918
1032 1791277315731852 24502
1033 1791277315758673 30565
1034 1791277315781515 34280
1035 1791277315795779 26425
1036 1791277315826487 36577
1037 1791277315838008 28464
1038 1791277315856234 29745
1039 1791277315877065 26856
1040 1791277315891330 25265
1041 1791277315916467 25134
1042 1791277315938275 29782
1043 1791277315952647 24772
1044 1791277315978152 31174
1045 1791277315989400 23609
1046 1791277316019499 32664
1047 1791277316041427 32142
1048 1791277316052638 26637
1049 1791277316076727 29076
1050 1791277316101442 30022
1051 1791277316117336 27094
1052 1791277316136348 30095
1053 1791277316153440 27866
1054 1791277316176636 29703
1055 1791277316198293 30545
1056 1791277316212197 25592
1057 1791277316234486 27051
1058 1791277316260884 32047
1059 1791277316277185 31379
1060 1791277316291086 24040
1061 1791277316316230 29417
1062 1791277316336760 25006
1063 1791277316350400 24531
1064 1791277316374801 28025
1065 1791277316392380 26412
1066 1791277316417414 30333
1067 1791277316437368 31833
1068 1791277316457091 26853
1069 1791277316482262 32199
1070 1791277316498936 27853
1071 1791277316517252 29287
1072 1791277316537882 31522
1073 1791277316557484 31278
1074 1791277316576455 29872
1075 1791277316598341 26815
1076 1791277316618011 31544
1077 1791277316637351 30427
1078 1791277316661291 34468
1079 1791277316672591 27096
1080 1791277316694961 26816
1081 1791277316716609 29887
1082 1791277316728062 21872
1083 1791277316748560 22680
1084 1791277316780173 32688
1085 1791277316795403 27975
1086 1791277316816337 30458
1087 1791277316832597 25784
1088 1791277316857451 31611
1089 1791277316875898 29038
1090 1791277316896703 30605
1091 1791277316913744 27706
1092 1791277316937945 30022
1093 1791277316957591 27931
1094 1791277316978785 32280
1095 1791277316996859 29631
1096 1791277317016589 28708
1097 1791277317038339 27759
1098 1791277317050846 25016
1099 1791277317073971 27628
1100 1791277317099032 32788
1101 1791277317117457 29892
1102 1791277317136225 28476
1103 1791277317152309 25719
1104 1791277317177953 32204
1105 1791277317194057 25810
1106 1791277317217100 30877
1107 1791277317237196 25136
1108 1791277317248501 22077
1109 1791277317281767 35519
1110 1791277317296713 30990
1111 1791277317311468 25388
1112 1791277317337108 29216
1113 1791277317358608 32319
1114 1791277317376125 28597
1115 1791277317398708 29443
1116 1791277317417200 29285
1117 1791277317436162 29066
1118 1791277317457844 30430
1119 1791277317477540 30273
1120 1791277317503471 35334
1121 1791277317526645 39577
1122 1791277317545965 39800
1123 1791277317574356 47708
1124 1791277317592859 47007
1125 1791277317620081 53203
1126 1791277317651786 58924
1127 1791277317667989 58743
1128 1791277317687459 59606
1129 1791277317707854 61230
1130 1791277317732989 66117
1131 1791277317752756 65768
1132 1791277317780467 73146
1133 1791277317796579 69509
1134 1791277317826392 79352
1135 1791277317847144 80288
1136 1791277317865262 79069
1137 1791277317888426 78333
1138 1791277317899351 72956
1139 1791277317925025 77878
1140 1791277317945953 80688
1141 1791277317962945 74516
1142 1791277317988149 81424
1143 1791277318004540 78192
1144 1791277318024632 78676
1145 1791277318047695 80931
1146 1791277318071951 83799
1147 1791277318093234 86760
1148 1791277318114702 88531
1149 1791277318136923 89225
1150 1791277318154858 86160
1151 1791277318170738 81623
1152 1791277318193119 87230
1153 1791277318212199 85675
1154 1791277318233460 87079
1155 1791277318256047 88063
1156 1791277318276622 88554
1157 1791277318289974 83674
1158 1791277318313549 86154
1159 1791277318342681 94784
1160 1791277318354669 81630
1161 1791277318374985 85481
1162 1791277318389286 75734
1163 1791277318391833 65844
1164 1791277318391839 44896
1165 1791277318394050 27433
1166 1791277318416699 30241
1167 1791277318428551 21564
1168 1791277318454760 26206
1169 1791277318477826 29007
1170 1791277318491092 23806
1171 1791277318511183 25211
1172 1791277318536801 29765
1173 1791277318556865 26840
1174 1791277318577030 26911
1175 1791277318589081 22689
1176 1791277318608773 21873
1177 1791277318631986 25689
1178 1791277318649669 21528
1179 1791277318668781 22590
1180 1791277318688721 21807
1181 1791277318709357 23360
1182 1791277318728077 20555
1183 1791277318746625 20649
1184 1791277318774848 28221
1185 1791277318789867 23413
1186 1791277318813058 23186
1187 1791277318829100 21198
1188 1791277318855032 27042
1189 1791277318872770 25315
1190 1791277318887906 21362
1191 1791277318907981 21845
1192 1791277318927144 20683
1193 1791277318950836 23689
1194 1791277318973826 25846
1195 1791277318995259 25876
1196 1791277319015398 24360
1197 1791277319037726 25892
1198 1791277319049411 22997
1199 1791277319077351 27937
1200 1791277319088470 21593
1201 1791277319116047 27574
1202 1791277319134667 26395
1203 1791277319152671 24869
1204 1791277319170397 24445
1205 1791277319188979 22834
1206 1791277319208811 22528
1207 1791277319228655 22490
1208 1791277319250178 21657
1209 1791277319280201 31618
1210 1791277319293566 24422
1211 1791277319312086 25325
1212 1791277319337905 25815
1213 1791277319351280 26083
1214 1791277319368701 22289
1215 1791277319392179 23474
1216 1791277319426228 34029
1217 1791277319442458 33207
1218 1791277319456985 30754
1219 1791277319471532 24036
1220 1791277319489661 22455
1221 1791277319512476 25029
1222 1791277319528817 21291
1223 1791277319549383 23196
1224 1791277319572012 25031
1225 1791277319598522 26507
1226 1791277319608824 22008
1227 1791277319629227 22199
1228 1791277319654917 27689
1229 1791277319676354 30986
1230 1791277319692337 25902
1231 1791277319715819 28384
1232 1791277319735182 29208
1233 1791277319755786 27004
1234 1791277319767535 22238
1235 1791277319790023 22485
1236 1791277319808244 22012
1237 1791277319834155 26609
1238 1791277319851631 25119
1239 1791277319868380 20681
1240 1791277319886834 20910
1241 1791277319910182 23345
1242 1791277319928465 21588
1243 1791277319949600 22958
1244 1791277319975382 25779
1245 1791277319987540 21409
1246 1791277320008016 21137
1247 1791277320027623 21670
1248 1791277320048834 21208
1249 1791277320076459 28999
1250 1791277320087985 22071
1251 1791277320112876 26780
1252 1791277320130152 22976
1253 1791277320149645 23111
1254 1791277320167731 21964
1255 1791277320188634 20900
1256 1791277320209373 23550
1257 1791277320228666 21892
1258 1791277320253899 26880
1259 1791277320271853 26014
1260 1791277320289807 21723
1261 1791277320316825 27122
1262 1791277320336581 24835
1263 1791277320353999 24921
1264 1791277320377082 29158
1265 1791277320391255 24904
1266 1791277320409424 23182
1267 1791277320429517 22274
1268 1791277320449952 22699
1269 1791277320467737 21955
1270 1791277320497344 29604
1271 1791277320510380 24472
1272 1791277320528835 21934
1273 1791277320547215 21438
1274 1791277320573408 26189
1275 1791277320587333 21739
1276 1791277320608763 22135
1277 1791277320627943 22290
1278 1791277320649956 22899
1279 1791277320671971 25919
1280 1791277320696999 25024
1281 1791277320707542 21063
1282 1791277320733533 25988
1283 1791277320747885 21218
1284 1791277320773065 25177
1285 1791277320788941 22697
1286 1791277320808473 22190
1287 1791277320827624 21277
1288 1791277320849352 22817
1289 1791277320874031 27419
1290 1791277320890824 22108
1291 1791277320916616 27801
1292 1791277320936789 25929
1293 1791277320948551 22309
1294 1791277320978803 30249
1295 1791277320989117 22515
1296 1791277321017027 30370
1297 1791277321027429 21017
1298 1791277321047482 21205
1299 1791277321074362 28187
1300 1791277321088852 22622
1301 1791277321108720 23200
1302 1791277321136379 29001
1303 1791277321147673 20884
1304 1791277321169420 22072
1305 1791277321187403 21010
1306 1791277321208530 21172
1307 1791277321228716 22248
1308 1791277321257169 30517
1309 1791277321269482 23659
1310 1791277321287726 21128
1311 1791277321310470 22741
1312 1791277321329401 21118
1313 1791277321348827 21466
1314 1791277321367703 21173
1315 1791277321389932 24031
1316 1791277321415902 25966
1317 1791277321433572 26356
1318 1791277321448723 22574
1319 1791277321472451 25088
1320 1791277321490765 24901
1321 1791277321508461 20930
1322 1791277321531368 24949
1323 1791277321549143 22527
1324 1791277321581734 32588
1325 1791277321617249 49948
1326 1791277321617253 30885
1327 1791277321641648 35088
1328 1791277321657012 30555
1329 1791277321685238 36392
1330 1791277321694755 26967
1331 1791277321713082 27842
1332 1791277321746411 38302
1333 1791277321759092 29240
1334 1791277321784603 38189
1335 1791277321797628 29476
1336 1791277321822595 33680
1337 1791277321832507 26494
1338 1791277321856014 28880
1339 1791277321881773 28672
1340 1791277321897222 30982
1341 1791277321922503 35795
1342 1791277321937528 31777
1343 1791277321957711 30900
1344 1791277321975004 27897
1345 1791277322007304 40964
1346 1791277322020851 32997
1347 1791277322046757 39450
1348 1791277322054224 27683
1349 1791277322078141 31432
1350 1791277322107082 38877
1351 1791277322120453 33159
1352 1791277322137696 31277
1353 1791277322158170 31649
1354 1791277322175368 29106
1355 1791277322196346 30438
1356 1791277322217254 30387
1357 1791277322238577 32651
1358 1791277322255888 29893
1359 1791277322289476 41168
1360 1791277322305191 38221
1361 1791277322320753 33301
1362 1791277322337015 31822
1363 1791277322357339 31104
1364 1791277322389250 42359
1365 1791277322406155 39454
1366 1791277322426665 40417
1367 1791277322447949 42088
1368 1791277322467158 40490
1369 1791277322478765 32613
1370 1791277322496724 29563
1371 1791277322531570 45133
1372 1791277322547276 41398
1373 1791277322574291 42718
1374 1791277322584691 38812
1375 1791277322619045 51789
1376 1791277322636492 49245
1377 1791277322650565 44761
1378 1791277322669882 43323
1379 1791277322685232 37683
1380 1791277322709446 39561
1381 1791277322731202 45967
1382 1791277322751057 44523
1383 1791277322767560 41167
1384 1791277322787789 41993
1385 1791277322809736 42608
1386 1791277322825393 38859
1387 1791277322854881 47933
1388 1791277322873902 48506
1389 1791277322898855 49223
1390 1791277322917060 50455
1391 1791277322939002 51633
1392 1791277322958002 51870
1393 1791277322975742 49249
1394 1791277322989114 42606
1395 1791277323020458 53227
1396 1791277323039795 52481
1397 1791277323049058 43103
1398 1791277323073813 46681
1399 1791277323103047 56174
1400 1791277323126888 58880
1401 1791277323137875 50417
1402 1791277323164002 55856
1403 1791277323176929 50032
1404 1791277323196614 50227
1405 1791277323219825 53455
1406 1791277323241177 50402
1407 1791277323256637 50683
1408 1791277323274298 47088
1409 1791277323297368 50205
1410 1791277323326026 60257
1411 1791277323346679 57362
1412 1791277323368158 60654
1413 1791277323374724 48694
1414 1791277323399269 52660
1415 1791277323428792 60880
1416 1791277323449470 61737
1417 1791277323470007 64546
1418 1791277323485432 58154
1419 1791277323508011 58538
1420 1791277323535277 67820
1421 1791277323548927 63493
1422 1791277323571081 63600
1423 1791277323591144 64117
1424 1791277323606678 60791
1425 1791277323626430 60161
1426 1791277323658778 70545
1427 1791277323669223 63771
1428 1791277323687458 61025
1429 1791277323717903 69955
1430 1791277323737823 68598
1431 1791277323757004 70671
1432 1791277323780813 73043
1433 1791277323797785 70056
1434 1791277323811094 63901
1435 1791277323837145 69657
1436 1791277323851166 64635
1437 1791277323868440 60891
1438 1791277323892011 65414
1439 1791277323912586 67141
1440 1791277323939220 72929
1441 1791277323957145 69939
1442 1791277323978302 66198
1443 1791277323994551 66420
1444 1791277324016611 69549
1445 1791277324040694 74899
1446 1791277324058083 70551
1447 1791277324068435 57627
1448 1791277324098074 71427
1449 1791277324120905 72434
1450 1791277324141369 72932
1451 1791277324151157 64499
1452 1791277324168761 62178
1453 1791277324195736 68124
1454 1791277324217669 69665
1455 1791277324241598 73611
1456 1791277324256462 70198
1457 1791277324275604 69043
1458 1791277324306289 75321
1459 1791277324313550 67517
1460 1791277324341116 73949
1461 1791277324352931 66928
1462 1791277324367902 61611
1463 1791277324395623 69105
1464 1791277324415494 69812
1465 1791277324434800 66895
1466 1791277324447197 61028
1467 1791277324475255 68185
1468 1791277324495193 68499
1469 1791277324513146 66922
1470 1791277324521895 55656
1471 1791277324534785 46629
1472 1791277324561405 53538
1473 1791277324577881 49732
1474 1791277324593427 32017
1475 1791277324607306 36913
1476 1791277324616906 30856
1477 1791277324638540 31231
1478 1791277324663580 37055
1479 1791277324682841 34580
1480 1791277324706406 40189
1481 1791277324716704 30216
1482 1791277324738809 32401
1483 1791277324757874 31553
1484 1791277324785288 37852
1485 1791277324800329 30978
1486 1791277324818084 32793
1487 1791277324838103 31850
1488 1791277324862713 34139
1489 1791277324876200 30207
1490 1791277324917100 50441
1491 1791277324926800 38860
1492 1791277324954233 41783
1493 1791277324969810 43006
1494 1791277324987768 40243
1495 1791277324996660 28834
1496 1791277325019236 33061
1497 1791277325050774 44577
1498 1791277325058398 32621
1499 1791277325082880 32102
1500 1791277325096330 29910
1501 1791277325127842 41148
1502 1791277325143646 34429
1503 1791277325159414 32442
1504 1791277325177804 30556
1505 1791277325200952 34472
1506 1791277325218893 32626
1507 1791277325242479 35996
1508 1791277325257782 28528
1509 1791277325284294 37802
1510 1791277325297695 28034
1511 1791277325318156 32176
1512 1791277325339558 33379
1513 1791277325354945 29546
1514 1791277325397975 51202
1515 1791277325405804 37553
1516 1791277325428427 41882
1517 1791277325439165 33357
1518 1791277325467477 40037
1519 1791277325487865 39945
1520 1791277325500772 34244
1521 1791277325520517 32649
1522 1791277325537422 31040
1523 1791277325553135 27118
1524 1791277325571908 26129
1525 1791277325611343 44454
1526 1791277325617301 30731
1527 1791277325645744 34399
1528 1791277325668181 42192
1529 1791277325676386 30639
1530 1791277325697617 31335
1531 1791277325726715 40443
1532 1791277325739150 32951
1533 1791277325759713 32995
1534 1791277325785934 39326
1535 1791277325800518 33890
1536 1791277325831483 45543
1537 1791277325855774 48893
1538 1791277325868034 38141
1539 1791277325880469 34214
1540 1791277325906943 39706
1541 1791277325919079 32798
1542 1791277325933061 26828
1543 1791277325966941 39632
1544 1791277325993800 46715
1545 1791277326006400 39456
1546 1791277326026157 39371
1547 1791277326043804 37401
1548 1791277326057549 31389
1549 1791277326087334 38497
1550 1791277326098694 28430
1551 1791277326126520 39183
1552 1791277326137584 29841
1553 1791277326169235 42712
1554 1791277326182035 35218
1555 1791277326196938 29277
1556 1791277326219738 30514
1557 1791277326255713 45104
1558 1791277326266106 39647
1559 1791277326283321 36758
1560 1791277326301883 35775
1561 1791277326335893 48422
1562 1791277326346427 38420
1563 1791277326367965 35036
1564 1791277326384456 38026
1565 1791277326409356 41389
1566 1791277326441003 53328
1567 1791277326453978 46902
1568 1791277326474698 48366
1569 1791277326501854 54761
1570 1791277326509466 42880
1571 1791277326533776 46730
1572 1791277326551077 44116
1573 1791277326573214 47055
1574 1791277326606625 60024
1575 1791277326619941 52262
1576 1791277326630227 43745
1577 1791277326651396 44768
1578 1791277326673759 46243
1579 1791277326684085 36906
1580 1791277326709933 43777
1581 1791277326737537 50383
1582 1791277326757796 51476
1583 1791277326787488 56934
1584 1791277326801595 54082
1585 1791277326823672 52453
1586 1791277326835957 48953
1587 1791277326865628 59333
1588 1791277326877282 49633
1589 1791277326906504 59541
1590 1791277326921365 55735
1591 1791277326939628 51547
1592 1791277326958764 52258
1593 1791277326980067 52524
1594 1791277327002585 55978
1595 1791277327017247 50310
1596 1791277327040679 52930
1597 1791277327066906 57795
1598 1791277327081103 55193
1599 1791277327096873 49796
1600 1791277327114903 47995
1601 1791277327135512 46760
1602 1791277327157783 50344
1603 1791277327177195 50967
1604 1791277327207054 60431
1605 1791277327234796 66655
1606 1791277327250613 63009
1607 1791277327262114 55231
1608 1791277327282699 49785
1609 1791277327304537 53921
1610 1791277327319437 51704
1611 1791277327338103 51666
1612 1791277327361629 54945
1613 1791277327378843 52476
1614 1791277327412405 65122
1615 1791277327422474 54864
1616 1791277327452796 63560
1617 1791277327457352 50572
1618 1791277327491895 65997
1619 1791277327501936 55370
1620 1791277327526369 53972
1621 1791277327544700 58522
1622 1791277327574017 65969
1623 1791277327592666 66294
1624 1791277327611420 65063
1625 1791277327636471 68586
1626 1791277327651250 58581
1627 1791277327666735 59791
1628 1791277327685979 58974
1629 1791277327708757 58148
1630 1791277327727770 61032
1631 1791277327748204 62222
1632 1791277327769840 62610
1633 1791277327780062 53108
1634 1791277327801599 55392
1635 1791277327821252 53650
1636 1791277327853130 66558
1637 1791277327867650 57491
1638 1791277327889288 62551
1639 1791277327917410 70762
1640 1791277327931082 64185
1641 1791277327950486 63148
1642 1791277327971764 64603
1643 1791277327989694 63943
1644 1791277328011772 64548
1645 1791277328027035 60272
1646 1791277328054195 66368
1647 1791277328065622 54548
1648 1791277328085540 59337
1649 1791277328106153 59808
1650 1791277328131316 65690
1651 1791277328152508 66965
1652 1791277328159498 53342
1653 1791277328196837 66184
1654 1791277328216860 69752
1655 1791277328228774 61727
1656 1791277328244455 54814
1657 1791277328271587 65314
1658 1791277328288031 60914
1659 1791277328309696 62528
1660 1791277328316398 50262
1661 1791277328355295 67775
1662 1791277328374394 64986
1663 1791277328381583 54582
1664 1791277328399489 52755
1665 1791277328420790 55233
1666 1791277328445932 58917
1667 1791277328472499 64602
1668 1791277328485253 57626
1669 1791277328507012 61076
1670 1791277328520566 53757
1671 1791277328549905 64650
1672 1791277328567979 62423
1673 1791277328599179 73059
1674 1791277328605503 58183
1675 1791277328625376 57393
1676 1791277328646365 57632
1677 1791277328658548 53043
1678 1791277328686482 61103
1679 1791277328706839 60960
1680 1791277328735899 68769
1681 1791277328755270 69210
1682 1791277328774234 67391
1683 1791277328794403 68241
1684 1791277328818316 72131
1685 1791277328833010 66732
1686 1791277328854255 67806
1687 1791277328870875 62004
1688 1791277328898886 72767
1689 1791277328913441 65761
1690 1791277328936936 71325
1691 1791277328957278 69558
1692 1791277328977337 70978
1693 1791277328988987 62249
1694 1791277329023593 76864
1695 1791277329033076 66763
1696 1791277329058215 70396
1697 1791277329075293 67137
1698 1791277329095199 69233
1699 1791277329116983 67681
1700 1791277329136464 70012
1701 1791277329155013 68532
1702 1791277329176438 69670
1703 1791277329196962 69188
1704 1791277329208625 62925
1705 1791277329229518 60892
1706 1791277329243758 55201
1707 1791277329260482 53218
1708 1791277329277906 51575
1709 1791277329288623 42131
1710 1791277329314629 42945
1711 1791277329325891 37901
1712 1791277329345766 36024
1713 1791277329358257 32364
1714 1791277329377419 31649
1715 1791277329408104 41297
1716 1791277329412380 24900
1717 1791277329432831 25415
1718 1791277329462715 34618
1719 1791277329480840 34151
1720 1791277329495057 29268
1721 1791277329512269 25800
1722 1791277329537919 27149
1723 1791277329555475 27884
1724 1791277329582287 35092
1725 1791277329600429 33993
1726 1791277329616632 29679
1727 1791277329630231 23839
1728 1791277329659970 30895
1729 1791277329679953 34462
1730 1791277329698819 31041
1731 1791277329712719 26030
1732 1791277329746518 39687
1733 1791277329757332 30822
1734 1791277329774754 28457
1735 1791277329795387 28622
1736 1791277329818936 31167
1737 1791277329835926 29537
1738 1791277329856904 30368
1739 1791277329876358 29988
1740 1791277329904363 36442
1741 1791277329911304 24317
1742 1791277329942060 35879
1743 1791277329974973 42618
1744 1791277329981356 34325
1745 1791277330006174 31199
1746 1791277330014869 27333
1747 1791277330041324 35146
1748 1791277330052216 25116
1749 1791277330075167 27909
1750 1791277330101726 33506
1751 1791277330118021 32572
1752 1791277330145708 38049
1753 1791277330158280 31957
1754 1791277330174931 29219
1755 1791277330210073 43775
1756 1791277330217578 31043
1757 1791277330252482 46214
1758 1791277330267197 40658
1759 1791277330277473 30719
1760 1791277330297615 31058
1761 1791277330332806 44462
1762 1791277330341370 35070
1763 1791277330365080 38011
1764 1791277330387945 41162
1765 1791277330413712 46504
1766 1791277330426825 38878
1767 1791277330446032 32317
1768 1791277330456926 30665
1769 1791277330477759 31724
1770 1791277330509471 43312
1771 1791277330523986 37933
1772 1791277330533536 26493
1773 1791277330552188 24070
1774 1791277330578507 32010
1775 1791277330597805 29919
1776 1791277330626288 39880
1777 1791277330638912 32724
1778 1791277330657599 31308
1779 1791277330677056 30568
1780 1791277330698564 28858
1781 1791277330719889 33635
1782 1791277330742867 35216
1783 1791277330773851 43170
1784 1791277330783049 36013
1785 1791277330798764 24910
1786 1791277330834685 46630
1787 1791277330840794 34701
1788 1791277330869607 43312
1789 1791277330894536 48474
1790 1791277330905239 38524
1791 1791277330928855 41639
1792 1791277330945117 39875
1793 1791277330973269 44737
1794 1791277330986675 41555
1795 1791277331005140 38084
1796 1791277331017576 30899
1797 1791277331039687 34545
1798 1791277331061805 34729
1799 1791277331084955 38702
1800 1791277331107212 39415
1801 1791277331130165 43549
1802 1791277331146959 40318
1803 1791277331173971 43803
1804 1791277331184849 38829
1805 1791277331206867 39805
1806 1791277331226696 35566
1807 1791277331246375 39833
1808 1791277331274662 47948
1809 1791277331286802 40562
1810 1791277331310699 45164
1811 1791277331319161 33116
1812 1791277331348514 41309
1813 1791277331370524 39747
1814 1791277331391618 44249
1815 1791277331409889 44061
1816 1791277331426978 37618
1817 1791277331471904 62013
1818 1791277331472783 45853
1819 1791277331497118 48520
1820 1791277331521625 49714
1821 1791277331536829 48212
1822 1791277331551743 43068
1823 1791277331573947 47441
1824 1791277331591734 43816
1825 1791277331627628 58377
1826 1791277331639368 49981
1827 1791277331658227 52085
1828 1791277331684158 57190
1829 1791277331693344 47572
1830 1791277331720038 53884
1831 1791277331738044 51288
1832 1791277331768775 60567
1833 1791277331787246 58446
1834 1791277331797774 50082
1835 1791277331815650 46871
1836 1791277331847071 59820
1837 1791277331858872 44579
1838 1791277331873327 45250
1839 1791277331900101 53026
1840 1791277331932729 66292
1841 1791277331939853 52686
1842 1791277331954119 47360
1843 1791277331989617 62696
1844 1791277332007767 58569
1845 1791277332021011 52135
1846 1791277332039691 53206
1847 1791277332054245 47972
1848 1791277332087425 60632
1849 1791277332106072 60050
1850 1791277332120014 53755
1851 1791277332154528 67100
1852 1791277332167812 61737
1853 1791277332179495 52123
1854 1791277332189269 42953
1855 1791277332225566 57751
1856 1791277332238634 52973
1857 1791277332269528 61881
1858 1791277332294484 68914
1859 1791277332318658 72040
1860 1791277332318664 49924
1861 1791277332350851 63199
1862 1791277332377094 66709
1863 1791277332378709 49227
1864 1791277332400417 53641
1865 1791277332427166 59401
1866 1791277332454845 67221
1867 1791277332470178 63305
1868 1791277332476894 49725
1869 1791277332518675 67766
1870 1791277332527826 60191
1871 1791277332563013 73759
1872 1791277332572892 64606
1873 1791277332576029 49026
1874 1791277332611273 63257
1875 1791277332625169 58280
1876 1791277332643642 57170
1877 1791277332680017 72471
1878 1791277332687719 62547
1879 1791277332713657 67051
1880 1791277332740858 68107
1881 1791277332748182 61031
1882 1791277332786166 79834
1883 1791277332793609 62978
1884 1791277332817249 70866
1885 1791277332834749 68727
1886 1791277332855530 69362
1887 1791277332873015 66133
1888 1791277332905881 79727
1889 1791277332909154 61404
1890 1791277332937168 67700
1891 1791277332960165 73630
1892 1791277332979068 73186
1893 1791277333001820 76145
1894 1791277333018549 69734
1895 1791277333037360 71543
1896 1791277333056359 67063
1897 1791277333070761 63579
1898 1791277333096712 67783
1899 1791277333119175 70976
1900 1791277333137357 71317
1901 1791277333160373 73244
1902 1791277333174337 67177
1903 1791277333205958 79146
1904 1791277333220041 74101
1905 1791277333236696 69919
1906 1791277333265379 78941
1907 1791277333282122 76162
1908 1791277333297398 69657
1909 1791277333310587 63781
1910 1791277333335808 70426
1911 1791277333358058 70283
1912 1791277333386662 77621
1913 1791277333399816 73255
1914 1791277333427926 77617
1915 1791277333439273 72463
1916 1791277333447148 60803
1917 1791277333463743 57303
1918 1791277333487813 59964
1919 1791277333501641 55431
1920 1791277333514146 47033
1921 1791277333532452 45192
1922 1791277333548116 42278
1923 1791277333567153 40055
1924 1791277333578007 32034
1925 1791277333604365 38244
1926 1791277333652509 58400
1927 1791277333658432 49718
1928 1791277333675994 47106
1929 1791277333696413 50057
1930 1791277333712592 45870
1931 1791277333720328 33476
1932 1791277333753430 47600
1933 1791277333771866 45134
1934 1791277333794817 47425
1935 1791277333807184 35660
1936 1791277333827659 40152
1937 1791277333836968 30861
1938 1791277333858418 31813
1939 1791277333885823 39142
1940 1791277333891578 25399
1941 1791277333911259 25434
1942 1791277333941049 30905
1943 1791277333958167 31857
1944 1791277333980036 33855
1945 1791277333996938 31288
1946 1791277334016620 30422
1947 1791277334039385 33095
1948 1791277334057111 26883
1949 1791277334075812 29539
1950 1791277334095045 29076
1951 1791277334132492 44766
1952 1791277334144458 35782
1953 1791277334161905 32996
1954 1791277334178974 33119
1955 1791277334199642 32611
1956 1791277334215659 28546
1957 1791277334237040 29830
1958 1791277334268628 42697
1959 1791277334282641 35803
1960 1791277334304103 35473
1961 1791277334327600 40776
1962 1791277334339005 32466
1963 1791277334351659 25585
1964 1791277334379532 32049
1965 1791277334402652 35834
1966 1791277334421551 35032
1967 1791277334441178 34935
1968 1791277334464307 37286
1969 1791277334484992 38220
1970 1791277334502804 36797
1971 1791277334521054 32737
1972 1791277334540446 34302
1973 1791277334569280 37808
1974 1791277334580269 32751
1975 1791277334603586 37162
1976 1791277334628676 40857
1977 1791277334648234 40544
1978 1791277334667804 39124
1979 1791277334701152 52914
1980 1791277334715245 47437
1981 1791277334733875 45991
1982 1791277334745397 38356
1983 1791277334773345 44806
1984 1791277334787219 41818
1985 1791277334822906 55058
1986 1791277334829161 42851
1987 1791277334849444 38704
1988 1791277334869697 42607
1989 1791277334886981 41444
1990 1791277334910593 44248
1991 1791277334930146 43512
1992 1791277334953863 47633
1993 1791277334988653 60747
1994 1791277335004724 57510
1995 1791277335029470 57055
1996 1791277335037792 50479
1997 1791277335055779 49536
1998 1791277335073235 46812
1999 1791277335098892 50915
2000 1791277335113039 45463
2001 1791277335135896 45376
2002 1791277335154996 48525
2003 1791277335178056 51580
2004 1791277335197604 50170
2005 1791277335216487 49504
2006 1791277335226155 39661
2007 1791277335252404 45226
2008 1791277335278571 52414
2009 1791277335305260 53626
2010 1791277335310123 42864
2011 1791277335330709 44464
2012 1791277335359240 53977
2013 1791277335376744 50704
2014 1791277335400741 49589
2015 1791277335423848 57104
2016 1791277335440215 53079
2017 1791277335451289 44424
2018 1791277335482222 55574
2019 1791277335499899 52608
2020 1791277335525410 59066
2021 1791277335539408 52466
2022 1791277335565776 52748
2023 1791277335578086 52673
2024 1791277335599167 46781
2025 1791277335615996 50216
2026 1791277335636846 49179
2027 1791277335649043 43257
2028 1791277335678679 52429
2029 1791277335711482 62970
2030 1791277335733762 62973
2031 1791277335751736 65047
2032 1791277335769249 57761
2033 1791277335778559 52662
2034 1791277335802384 53471
2035 1791277335824546 56813
2036 1791277335846018 58248
2037 1791277335858381 49758
2038 1791277335891860 65413
2039 1791277335913725 67705
2040 1791277335929875 63830
2041 1791277335947130 60029
2042 1791277335967130 53402
2043 1791277335979571 49694
2044 1791277336005468 58335
2045 1791277336034702 67568
2046 1791277336049494 62816
2047 1791277336058417 52947
2048 1791277336078389 51940
2049 1791277336100101 53451
2050 1791277336110900 43975
2051 1791277336143221 56154
2052 1791277336167489 59796
2053 1791277336176825 49207
2054 1791277336193548 46491
2055 1791277336216373 48882
2056 1791277336237398 51307
2057 1791277336257106 49010
2058 1791277336277765 50798
2059 1791277336308947 61727
2060 1791277336315639 48399
2061 1791277336333382 47055
2062 1791277336355079 47497
2063 1791277336369186 42224
2064 1791277336398552 52437
2065 1791277336424720 57544
2066 1791277336446274 58963
2067 1791277336465990 58745
2068 1791277336488609 60580
2069 1791277336508936 62651
2070 1791277336521505 55965
2071 1791277336552865 65210
2072 1791277336570583 62205
2073 1791277336594183 67844
2074 1791277336606501 60383
2075 1791277336626258 58347
2076 1791277336656355 68155
2077 1791277336665182 59382
2078 1791277336689186 62923
2079 1791277336713729 66372
2080 1791277336727014 61829
2081 1791277336749085 63677
2082 1791277336761381 55593
2083 1791277336789560 62630
2084 1791277336810902 61814
2085 1791277336829410 63595
2086 1791277336855221 66469
2087 1791277336881085 70181
2088 1791277336898673 70702
2089 1791277336927461 80884
2090 1791277336928660 60840
2091 1791277336950149 63661
2092 1791277336984649 72240
2093 1791277336996257 69318
2094 1791277337015574 65420
2095 1791277337027867 61466
2096 1791277337049268 62666
2097 1791277337066603 60604
2098 1791277337098024 70155
2099 1791277337117109 67838
2100 1791277337137495 71394
2101 1791277337149084 63203
2102 1791277337170855 63441
2103 1791277337190223 64037
2104 1791277337227290 78204
2105 1791277337244031 75207
2106 1791277337246035 58682
2107 1791277337275453 68554
2108 1791277337294664 67954
2109 1791277337315745 69707
2110 1791277337330870 63751
2111 1791277337349186 60239
2112 1791277337379582 69025
2113 1791277337382055 55760
2114 1791277337400511 53259
2115 1791277337422012 56442
2116 1791277337444668 57979
2117 1791277337473911 64833
2118 1791277337488964 62412
2119 1791277337512224 66072
2120 1791277337535228 62739
2121 1791277337547315 61018
2122 1791277337570100 60019
2123 1791277337589505 62942
2124 1791277337599964 52647
2125 1791277337626026 59217
2126 1791277337634567 47377
2127 1791277337653235 45402
2128 1791277337675735 49705
2129 1791277337696942 46319
2130 1791277337706389 40201
2131 1791277337718664 32251
2132 1791277337741224 34893
2133 1791277337757658 30326
2134 1791277337790108 42781
2135 1791277337800444 32155
2136 1791277337820581 32942
2137 1791277337839097 32165
2138 1791277337857561 31680
2139 1791277337891622 43516
2140 1791277337898810 31165
2141 1791277337920871 30031
2142 1791277337945922 34506
2143 1791277337957262 31169
2144 1791277337978733 32807
2145 1791277338009239 42046
2146 1791277338019703 33567
2147 1791277338036915 30992
2148 1791277338075671 48594
2149 1791277338092486 43788
2150 1791277338103835 35657
2151 1791277338114878 29096
2152 1791277338146324 38174
2153 1791277338158127 31962
2154 1791277338175200 29290
2155 1791277338199956 32416
2156 1791277338231496 44644
2157 1791277338253425 46455
2158 1791277338278001 49759
2159 1791277338281454 35112
2160 1791277338308643 42064
2161 1791277338338935 52159
2162 1791277338356481 48594
2163 1791277338365878 39655
2164 1791277338387415 39999
2165 1791277338414139 48259
2166 1791277338436411 50070
2167 1791277338446034 38680
2168 1791277338467029 40112
2169 1791277338484687 38650
2170 1791277338507607 40575
2171 1791277338529362 41506
2172 1791277338542339 36210
2173 1791277338571606 42241
2174 1791277338597020 49636
2175 1791277338609092 41109
2176 1791277338625764 39198
2177 1791277338652628 44839
2178 1791277338666062 40295
2179 1791277338697017 48931
2180 1791277338719327 53262
2181 1791277338728908 42642
2182 1791277338750433 44186
2183 1791277338768842 41338
2184 1791277338797755 47893
2185 1791277338817111 50849
2186 1791277338837971 50896
2187 1791277338856087 49698
2188 1791277338871047 44429
2189 1791277338889203 42782
2190 1791277338918736 52426
2191 1791277338937101 49831
2192 1791277338949109 42061
2193 1791277338981577 55478
2194 1791277339003001 57398
2195 1791277339016952 51075
2196 1791277339046656 59964
2197 1791277339056286 48160
2198 1791277339079690 53104
2199 1791277339100518 53859
2200 1791277339117028 50073
2201 1791277339135013 47469
2202 1791277339157462 50999
2203 1791277339196348 66803
2204 1791277339196353 50067
2205 1791277339225215 59091
2206 1791277339244501 58632
2207 1791277339257279 50588
2208 1791277339277670 52452
2209 1791277339299761 53248
2210 1791277339334176 67908
2211 1791277339349158 61340
2212 1791277339361117 54966
2213 1791277339389693 55513
2214 1791277339416981 69398
2215 1791277339433453 67704
2216 1791277339460326 73999
2217 1791277339475285 67131
2218 1791277339488076 60328
2219 1791277339501143 55578
2220 1791277339527628 57939
2221 1791277339536372 50025
2222 1791277339568575 60769
2223 1791277339576697 49066
2224 1791277339609304 63680
2225 1791277339627588 61325
2226 1791277339645056 58966
2227 1791277339661499 54327
2228 1791277339692539 66073
2229 1791277339705065 57261
2230 1791277339717906 52032
2231 1791277339740365 52642
2232 1791277339767571 59778
2233 1791277339785938 56635
2234 1791277339798547 52169
2235 1791277339825627 59197
2236 1791277339841331 55391
2237 1791277339868054 60454
2238 1791277339873389 47758
2239 1791277339899519 52093
2240 1791277339919798 52232
2241 1791277339946605 59893
2242 1791277339979466 72243
2243 1791277339996476 65185
2244 1791277340005150 59045
2245 1791277340022010 55639
2246 1791277340045500 58960
2247 1791277340057916 52764
2248 1791277340084834 56695
2249 1791277340100873 55370
2250 1791277340117363 50915
2251 1791277340138852 51530
2252 1791277340165804 59181
2253 1791277340186938 61368
2254 1791277340215364 69286
2255 1791277340227652 61845
2256 1791277340252569 65628
2257 1791277340274601 68526
2258 1791277340293986 67912
2259 1791277340323236 76713
2260 1791277340327318 60187
2261 1791277340348483 61844
2262 1791277340371409 64845
2263 1791277340399934 74133
2264 1791277340408893 61394
2265 1791277340427941 61572
2266 1791277340454734 66444
2267 1791277340471769 64378
2268 1791277340489096 62182
2269 1791277340520729 65992
2270 1791277340528288 58654
2271 1791277340547503 58754
2272 1791277340568010 61407
2273 1791277340589919 63928
2274 1791277340607059 60891
2275 1791277340627761 60155
2276 1791277340649412 62325
2277 1791277340658142 51080
2278 1791277340686522 59690
2279 1791277340709337 63059
2280 1791277340733170 66949
2281 1791277340747849 62305
2282 1791277340778051 70478
2283 1791277340796132 66034
2284 1791277340811448 66074
2285 1791277340828944 62214
2286 1791277340843120 55548
2287 1791277340870372 64294
2288 1791277340887954 61664
2289 1791277340907904 60862
2290 1791277340931877 61503
2291 1791277340939083 52049
2292 1791277340973493 65678
2293 1791277340993775 64159
2294 1791277341017496 70018
2295 1791277341030640 63586
2296 1791277341039775 53537
2297 1791277341058836 51274
2298 1791277341087252 56608
2299 1791277341098056 50659
2300 1791277341119631 51988
2301 1791277341144217 57594
2302 1791277341162388 56005
2303 1791277341181431 52863
2304 1791277341197596 50949
2305 1791277341208247 42453
2306 1791277341239244 51844
2307 1791277341250520 43040
2308 1791277341270304 44596
2309 1791277341284287 35742
2310 1791277341295169 25166
2311 1791277341329698 39893
2312 1791277341352947 46427
2313 1791277341357226 28305
2314 1791277341379435 31830
2315 1791277341405919 34617
2316 1791277341421628 34677
2317 1791277341437475 31553
2318 1791277341466783 39553
2319 1791277341484481 36330
2320 1791277341501773 34986
2321 1791277341520280 32118
2322 1791277341539096 32524
2323 1791277341567571 40150
2324 1791277341588104 40261
2325 1791277341603558 35983
2326 1791277341618477 30369
2327 1791277341646983 38747
2328 1791277341658797 31565
2329 1791277341681182 34673
2330 1791277341700565 30319
2331 1791277341717094 29723
2332 1791277341734013 25993
2333 1791277341748549 21370
2334 1791277341778705 30152
2335 1791277341789053 21830
2336 1791277341807879 20784
2337 1791277341827923 21433
2338 1791277341849198 21949
2339 1791277341881911 32710
2340 1791277341893173 27212
2341 1791277341913826 26536
2342 1791277341927624 21168
2343 1791277341949064 21437
2344 1791277341974030 26910
2345 1791277341990756 24289
2346 1791277342009098 22372
2347 1791277342028791 22605
2348 1791277342055502 26707
2349 1791277342076387 29782
2350 1791277342091023 23123
2351 1791277342107282 21228
2352 1791277342134949 27664
2353 1791277342150052 23036
2354 1791277342176888 27764
2355 1791277342197028 25450
2356 1791277342215149 25133
2357 1791277342229782 23473
2358 1791277342249345 22109
2359 1791277342268570 22449
2360 1791277342288770 23278
2361 1791277342309830 24168
2362 1791277342328923 21441
2363 1791277342347825 21249
2364 1791277342368985 21156
2365 1791277342391779 22790
2366 1791277342408302 20925
2367 1791277342429442 23333
2368 1791277342450448 24395
2369 1791277342475311 28020
2370 1791277342489268 21853
2371 1791277342508449 21199
2372 1791277342528554 22367
2373 1791277342549632 23240
2374 1791277342576921 27285
2375 1791277342589393 23006
2376 1791277342615103 25707
2377 1791277342631354 25533
2378 1791277342649031 21346
2379 1791277342666916 21211
2380 1791277342694902 28034
2381 1791277342712925 25706
2382 1791277342735935 23007
2383 1791277342756515 27992
2384 1791277342776566 23852
2385 1791277342792516 26606
2386 1791277342809068 22484
2387 1791277342827979 20809
2388 1791277342855865 29177
2389 1791277342871214 22629
2390 1791277342892446 26438
2391 1791277342908898 23098
2392 1791277342928997 22877
2393 1791277342948744 21631
2394 1791277342970011 23279
2395 1791277342996344 28684
2396 1791277343009734 22924
2397 1791277343027856 20978
2398 1791277343053956 26097
2399 1791277343069856 22806
2400 1791277343086908 20798
2401 1791277343117425 30514
2402 1791277343137671 28608
2403 1791277343151207 21143
2404 1791277343167913 21745
2405 1791277343191267 25789
2406 1791277343216964 29586
2407 1791277343227396 21280
2408 1791277343249808 22409
2409 1791277343270521 24541
2410 1791277343296456 25930
2411 1791277343317393 25603
2412 1791277343328880 21929
2413 1791277343348431 22420
2414 1791277343369102 22189
2415 1791277343387903 21667
2416 1791277343409251 22147
2417 1791277343429153 23051
2418 1791277343446568 20903
2419 1791277343471083 24512
2420 1791277343487954 20612
2421 1791277343508701 22516
2422 1791277343538916 30343
2423 1791277343557399 23212
2424 1791277343571427 25212
2425 1791277343597388 25958
2426 1791277343607591 21638
2427 1791277343631402 23808
2428 1791277343647853 20989
2429 1791277343673411 25554
2430 1791277343688489 21719
2431 1791277343711196 25011
2432 1791277343728891 22623
2433 1791277343749627 22779
2434 1791277343773534 26859
2435 1791277343791761 24673
2436 1791277343816289 28318
2437 1791277343836274 29765
2438 1791277343857579 27803
2439 1791277343869321 22317
2440 1791277343891150 23078
2441 1791277343914958 23871
2442 1791277343931112 22878
2443 1791277343957050 30681
2444 1791277343971479 26152
2445 1791277343994647 23163
2446 1791277344015029 27348
2447 1791277344036026 29459
2448 1791277344049397 23203
2449 1791277344078671 31902
2450 1791277344089048 22927
2451 1791277344112163 23110
2452 1791277344128805 22303
2453 1791277344148928 22268
2454 1791277344167523 21062
2455 1791277344188331 22020
2456 1791277344209452 23142
2457 1791277344227630 22231
2458 1791277344246422 20771
2459 1791277344267825 21400
2460 1791277344288741 22516
2461 1791277344308446 22493
2462 1791277344328691 22530
2463 1791277344348663 21355
2464 1791277344367183 20963
2465 1791277344395842 28702
2466 1791277344408730 21534
2467 1791277344428381 21174
2468 1791277344446237 20283
2469 1791277344468365 22126
2470 1791277344488643 23103
2471 1791277344507010 21148
2472 1791277344528006 21037
2473 1791277344547933 21842
2474 1791277344577221 29276
2475 1791277344591933 24945
2476 1791277344610154 23398
2477 1791277344635262 25105
2478 1791277344650852 23918
2479 1791277344668880 23305
2480 1791277344689807 22583
2481 1791277344710366 22954
2482 1791277344731519 24247
2483 1791277344758969 27449
2484 1791277344770518 24233
2485 1791277344796444 25923
2486 1791277344808940 23115
2487 1791277344828410 22164
2488 1791277344850855 24562
2489 1791277344877581 31138
2490 1791277344895361 29123
2491 1791277344930668 41984
2492 1791277344945703 40053
2493 1791277344991751 61841
2494 1791277345000277 54572
2495 1791277345041441 75486
2496 1791277345077749 91377
2497 1791277345108270 99349
2498 1791277345134438 104698
2499 1791277345156142 106782
2500 1791277345176336 108669
2501 1791277345186363 100019
2502 1791277345208991 100837
2503 1791277345226233 100734
2504 1791277345260440 114526
2505 1791277345277290 111807
2506 1791277345298560 112195
2507 1791277345317947 111786
2508 1791277345335814 109578
2509 1791277345356841 110814
2510 1791277345377286 111561
2511 1791277345412883 126993
2512 1791277345435691 129713
2513 1791277345458103 130277
2514 1791277345473778 126030
2515 1791277345493630 125569
2516 1791277345522035 133079
2517 1791277345537846 131816
2518 1791277345556202 130112
2519 1791277345584565 137292
2520 1791277345598831 129974
2521 1791277345627951 141703
2522 1791277345641985 133850
2523 1791277345653972 126345
2524 1791277345686809 137369
2525 1791277345698294 131427
2526 1791277345715279 127983
2527 1791277345732042 123537
2528 1791277345749753 123099
2529 1791277345767477 118890
2530 1791277345780132 113103
2531 1791277345803629 116817
2532 1791277345832332 123598
2533 1791277345843365 117054
2534 1791277345864107 117829
2535 1791277345877977 111967
2536 1791277345896210 108814
2537 1791277345905120 96697
2538 1791277345917399 91233
2539 1791277345931121 83648
2540 1791277345951137 82205
2541 1791277345967405 81173
2542 1791277345986361 81239
2543 1791277346003487 77985
2544 1791277346017946 66806
2545 1791277346019130 51722
2546 1791277346037875 51512
2547 1791277346057805 49381
2548 1791277346077445 48252
2549 1791277346087876 41173
2550 1791277346103540 36656
2551 1791277346117533 30878
2552 1791277346142652 34689
2553 1791277346157498 31288
2554 1791277346176649 30554
2555 1791277346203147 31287
2556 1791277346217803 30730
2557 1791277346250604 42581
2558 1791277346257033 29831
2559 1791277346287164 36558
2560 1791277346299638 27420
2561 1791277346328497 41330
2562 1791277346355435 45627
2563 1791277346359941 31440
2564 1791277346383618 36351
2565 1791277346400065 32770
2566 1791277346428110 41690
2567 1791277346446309 39479
2568 1791277346467626 39513
2569 1791277346474531 28219
2570 1791277346497667 30038
2571 1791277346531994 43765
2572 1791277346542633 36392
2573 1791277346558773 30895
2574 1791277346578051 32027
2575 1791277346608096 35539
2576 1791277346621956 35171
2577 1791277346645269 38118
2578 1791277346659598 32597
2579 1791277346687016 41745
2580 1791277346709518 40189
2581 1791277346730263 43243
2582 1791277346751661 43824
2583 1791277346765035 36640
2584 1791277346792313 40642
2585 1791277346808186 39703
2586 1791277346826471 34540
2587 1791277346846607 39468
2588 1791277346866803 40926
2589 1791277346888408 41797
2590 1791277346902836 36031
2591 1791277346932820 44410
2592 1791277346946078 39827
2593 1791277346960673 27850
2594 1791277346987903 41821
2595 1791277346998601 31967
2596 1791277347020069 32994
2597 1791277347046299 38029
2598 1791277347058034 31754
2599 1791277347086808 40506
2600 1791277347106471 39887
2601 1791277347122186 35566
2602 1791277347143105 36629
2603 1791277347157991 31927
2604 1791277347177220 31887
2605 1791277347204853 36455
2606 1791277347222436 35413
2607 1791277347249890 43455
2608 1791277347258953 32796
2609 1791277347280403 34085
2610 1791277347305387 39063
2611 1791277347322966 36511
2612 1791277347341712 36323
2613 1791277347365682 38244
2614 1791277347381484 34846
2615 1791277347399715 34030
2616 1791277347421075 34171
2617 1791277347442006 35340
2618 1791277347465062 38022
2619 1791277347484715 36711
2620 1791277347500859 33989
2621 1791277347522897 36443
2622 1791277347547737 39761
2623 1791277347565474 38849
2624 1791277347577529 31010
2625 1791277347598046 32570
2626 1791277347623858 38061
2627 1791277347648214 41658
2628 1791277347665627 39247
2629 1791277347687959 41668
2630 1791277347708153 42524
2631 1791277347724901 37587
2632 1791277347743583 36448
2633 1791277347772490 43557
2634 1791277347796285 47963
2635 1791277347816640 48703
2636 1791277347835786 48660
2637 1791277347850127 44634
2638 1791277347861760 35544
2639 1791277347894197 44067
2640 1791277347913695 46488
2641 1791277347937765 50712
2642 1791277347951977 43745
2643 1791277347972425 45466
2644 1791277347987033 39329
2645 1791277348012730 45581
2646 1791277348033626 47721
2647 1791277348056683 49512
2648 1791277348079162 52723
2649 1791277348110681 59116
2650 1791277348121273 54964
2651 1791277348139210 52519
2652 1791277348172814 66492
2653 1791277348193395 67424
2654 1791277348213609 67394
2655 1791277348245970 79637
2656 1791277348257534 70322
2657 1791277348285906 79547
2658 1791277348299536 70355
2659 1791277348326298 80325
2660 1791277348337547 71261
2661 1791277348374276 88513
2662 1791277348381116 74524
2663 1791277348398049 71748
2664 1791277348428111 81923
2665 1791277348438832 71249
2666 1791277348457501 70744
2667 1791277348478111 71550
2668 1791277348509563 81450
2669 1791277348526836 80024
2670 1791277348547505 80655
2671 1791277348568981 81528
2672 1791277348589380 80098
2673 1791277348614570 88077
2674 1791277348625451 77943
2675 1791277348646717 80562
2676 1791277348664808 75426
2677 1791277348688103 82377
2678 1791277348707433 81980
2679 1791277348725997 79336
2680 1791277348744872 76888
2681 1791277348780504 92397
2682 1791277348792166 85727
2683 1791277348798657 72657
2684 1791277348821271 74385
2685 1791277348837960 70265
2686 1791277348867305 79383
2687 1791277348878452 72314
2688 1791277348900189 74440
2689 1791277348921884 74500
2690 1791277348946912 79604
2691 1791277348958997 73259
2692 1791277348977748 70057
2693 1791277349001061 74619
2694 1791277349017289 70375
2695 1791277349037006 66300
2696 1791277349050786 64198
2697 1791277349074061 67161
2698 1791277349089996 64476
2699 1791277349104263 55396
2700 1791277349126315 59938
2701 1791277349139200 51579
2702 1791277349158468 52173
2703 1791277349175681 49494
2704 1791277349204280 58436
2705 1791277349215844 49670
2706 1791277349233737 46403
2707 1791277349257739 51715
2708 1791277349278801 52135
2709 1791277349293814 46477
2710 1791277349310107 42728
2711 1791277349338218 49981
2712 1791277349355278 48351
2713 1791277349366417 40706
2714 1791277349396975 49106
2715 1791277349411720 45875
2716 1791277349439846 51243
2717 1791277349460708 50340
2718 1791277349478980 47491
2719 1791277349501061 54965
2720 1791277349521729 55088
2721 1791277349550126 57430
2722 1791277349570953 61440
2723 1791277349588893 62412
2724 1791277349615518 65390
2725 1791277349628968 59473
2726 1791277349651960 65474
2727 1791277349658211 51700
2728 1791277349678322 50607
2729 1791277349712647 65835
2730 1791277349727158 60097
2731 1791277349758516 67322
2732 1791277349770623 57973
2733 1791277349777107 50667
2734 1791277349806716 57366
2735 1791277349823996 57775
2736 1791277349841981 55447
2737 1791277349867207 61009
2738 1791277349889101 60468
2739 1791277349919470 72462
2740 1791277349931287 64846
2741 1791277349946528 59347
2742 1791277349964489 58162
2743 1791277349990400 61460
2744 1791277350001665 55943
2745 1791277350023538 56410
2746 1791277350052954 66703
2747 1791277350078450 71895
2748 1791277350106232 79270
2749 1791277350126819 73863
2750 1791277350138117 66518
2751 1791277350146594 56584
2752 1791277350168624 62390
2753 1791277350190588 64581
2754 1791277350216997 71158
2755 1791277350228747 60992
2756 1791277350257529 68425
2757 1791277350275856 66560
2758 1791277350292659 66418
2759 1791277350313397 65512
2760 1791277350330409 64723
2761 1791277350357020 65655
2762 1791277350384230 76929
2763 1791277350406302 79654
2764 1791277350414363 67618
2765 1791277350448959 78175
2766 1791277350457776 65590
2767 1791277350476018 69712
2768 1791277350508103 82126
2769 1791277350519991 71030
2770 1791277350538327 66262
2771 1791277350560287 73165
2772 1791277350578219 70113
2773 1791277350597722 65496
2774 1791277350617637 70325
2775 1791277350639236 71277
2776 1791277350654015 67040
2777 1791277350669996 63703
2778 1791277350698032 70805
2779 1791277350719409 72083
2780 1791277350746046 79324
2781 1791277350763070 75781
2782 1791277350790500 83285
2783 1791277350799906 73291
2784 1791277350819517 73540
2785 1791277350840618 71563
2786 1791277350857900 67396
2787 1791277350876105 69974
2788 1791277350889735 60945
2789 1791277350914075 66738
2790 1791277350937796 68967
2791 1791277350954444 68585
2792 1791277350974239 65895
2793 1791277350990354 63519
2794 1791277351008290 61578
2795 1791277351036769 68732
2796 1791277351067424 81778
2797 1791277351087042 80303
2798 1791277351110232 83602
2799 1791277351134580 88300
2800 1791277351153786 88255
2801 1791277351174872 87827
2802 1791277351200161 92525
2803 1791277351225598 99085
2804 1791277351252329 100980
2805 1791277351275948 109551
2806 1791277351288177 102221
2807 1791277351318297 111805
2808 1791277351336580 110980
2809 1791277351356410 109457
2810 1791277351376070 105479
2811 1791277351385346 98766
2812 1791277351402149 95039
2813 1791277351420216 93504
2814 1791277351460584 107092
2815 1791277351473659 107105
2816 1791277351485807 100457
2817 1791277351515262 107545
2818 1791277351538634 111217
2819 1791277351559988 110817
2820 1791277351577341 109180
2821 1791277351600618 114808
2822 1791277351608802 99563
2823 1791277351627524 100930
2824 1791277351643556 97006
2825 1791277351658921 91781
2826 1791277351690974 101678
2827 1791277351706185 100023
2828 1791277351717980 90454
2829 1791277351739660 92902
2830 1791277351756701 89037
2831 1791277351767373 79596
2832 1791277351796718 90529
2833 1791277351807993 80863
2834 1791277351829233 80923
2835 1791277351848215 81900
2836 1791277351875016 88975
2837 1791277351887584 79587
2838 1791277351901723 74563
2839 1791277351926020 78841
2840 1791277351934866 68437
2841 1791277351962483 74896
2842 1791277351986361 80094
2843 1791277351997976 71953
2844 1791277352016703 70075
2845 1791277352036727 70900
2846 1791277352057754 71390
2847 1791277352068036 61795
2848 1791277352094544 67356
2849 1791277352115135 69097
2850 1791277352137420 71143
2851 1791277352164530 77911
2852 1791277352179496 73012
2853 1791277352200936 73261
2854 1791277352221578 74846
2855 1791277352232529 63507
2856 1791277352254675 68474
2857 1791277352288929 82670
2858 1791277352302848 74221
2859 1791277352323710 77450
2860 1791277352338832 72214
2861 1791277352359289 71231
2862 1791277352383886 77470
2863 1791277352413472 85606
2864 1791277352426054 78641
2865 1791277352444316 76842
2866 1791277352466743 78519
2867 1791277352484209 78545
2868 1791277352505106 79049
2869 1791277352520836 72857
2870 1791277352545116 78623
2871 1791277352560904 74502
2872 1791277352579344 74236
2873 1791277352594293 66669
2874 1791277352616856 71737
2875 1791277352637523 67783
2876 1791277352646797 60559
2877 1791277352670955 64618
2878 1791277352679233 51726
2879 1791277352704241 58179
2880 1791277352717732 51503
2881 1791277352734066 48537
2882 1791277352747607 37747
2883 1791277352766009 39820
2884 1791277352777155 30770
2885 1791277352796417 30431
2886 1791277352816225 26688
2887 1791277352838124 31764
2888 1791277352861217 35049
2889 1791277352876256 30609
2890 1791277352916475 48325
2891 1791277352921977 30978
2892 1791277352939845 31106
2893 1791277352958104 30361
2894 1791277352985670 38626
2895 1791277353010131 43939
2896 1791277353022603 36929
2897 1791277353041391 35574
2898 1791277353069925 42118
2899 1791277353085975 36632
2900 1791277353106552 39757
2901 1791277353127318 41340
2902 1791277353147091 40537
2903 1791277353163675 36354
2904 1791277353186596 39503
2905 1791277353207803 40100
2906 1791277353231925 45326
2907 1791277353248463 42676
2908 1791277353268315 39563
2909 1791277353287675 41110
2910 1791277353303645 36046
2911 1791277353325787 39503
2912 1791277353348157 40550
2913 1791277353372144 46354
2914 1791277353379398 31340
2915 1791277353427724 55576
2916 1791277353429772 43808
2917 1791277353446330 39866
2918 1791277353466852 39125
2919 1791277353488395 42062
2920 1791277353507040 40741
2921 1791277353528076 39678
2922 1791277353537737 31983
2923 1791277353558833 32100
2924 1791277353577625 31450
2925 1791277353611940 44770
2926 1791277353627759 40528
2927 1791277353647838 41145
2928 1791277353668844 41081
2929 1791277353684020 37704
2930 1791277353707529 39756
2931 1791277353730822 44566
2932 1791277353747624 41742
2933 1791277353758112 31904
2934 1791277353787262 39965
2935 1791277353811032 43589
2936 1791277353828995 41731
2937 1791277353848132 37097
2938 1791277353868852 41700
2939 1791277353888118 41606
2940 1791277353905891 39582
2941 1791277353922918 36399
2942 1791277353944939 39290
2943 1791277353976167 49290
2944 1791277353991877 44282
2945 1791277354006934 39915
2946 1791277354028273 42327
2947 1791277354059153 52215
2948 1791277354077236 48961
2949 1791277354097769 47971
2950 1791277354110257 41820
2951 1791277354140079 53450
2952 1791277354154988 47270
2953 1791277354169551 43898
2954 1791277354198508 50762
2955 1791277354216941 48803
2956 1791277354236734 50556
2957 1791277354254930 47191
2958 1791277354271678 45261
2959 1791277354300790 51512
2960 1791277354317637 50882
2961 1791277354342462 56437
2962 1791277354355038 48186
2963 1791277354374400 47686
2964 1791277354402034 55753
2965 1791277354420568 52669
2966 1791277354426640 40397
2967 1791277354457697 48517
2968 1791277354489312 63036
2969 1791277354505582 56565
2970 1791277354517511 50679
2971 1791277354536357 48580
2972 1791277354559289 53751
2973 1791277354595189 68964
2974 1791277354612316 64899
2975 1791277354628025 59409
2976 1791277354647039 59396
2977 1791277354656878 50351
2978 1791277354678562 51964
2979 1791277354705042 58001
2980 1791277354723963 57433
2981 1791277354746371 57660
2982 1791277354763882 57057
2983 1791277354780354 53654
2984 1791277354807446 61072
2985 1791277354819396 51502
2986 1791277354847009 59759
2987 1791277354862244 54976
2988 1791277354877590 51845
2989 1791277354906285 59272
2990 1791277354924324 57130
2991 1791277354949604 56175
2992 1791277354958656 52369
2993 1791277354987388 58206
2994 1791277355004620 56177
2995 1791277355023864 57382
2996 1791277355038923 51532
2997 1791277355060696 54106
2998 1791277355090346 63851
2999 1791277355107766 55144
3000 1791277355129468 62185
3001 1791277355157711 69430
3002 1791277355167844 60075
3003 1791277355180619 53034
3004 1791277355206562 60228
3005 1791277355230319 63932
3006 1791277355255974 69029
3007 1791277355277502 70938
3008 1791277355307540 80673
3009 1791277355332804 86248
3010 1791277355346808 77460
3011 1791277355365723 79942
3012 1791277355391857 85007
3013 1791277355411360 78554
3014 1791277355430031 84094
3015 1791277355445971 80245
3016 1791277355476850 84990
3017 1791277355487488 76125
3018 1791277355499508 71605
3019 1791277355532757 86783
3020 1791277355548204 76916
3021 1791277355567952 81455
3022 1791277355595271 87080
3023 1791277355608056 82707
3024 1791277355644333 96273
3025 1791277355659268 93157
3026 1791277355669935 83817
3027 1791277355685866 79837
3028 1791277355707495 79346
3029 1791277355730534 83916
3030 1791277355758160 90266
3031 1791277355767993 82124
3032 1791277355781176 74579
3033 1791277355802475 74751
3034 1791277355824303 77507
3035 1791277355845392 78329
3036 1791277355865411 77624
3037 1791277355877141 70364
3038 1791277355899629 71736
3039 1791277355927835 82440
3040 1791277355947767 82354
3041 1791277355959390 72034
3042 1791277355974057 66542
3043 1791277355995622 68393
3044 1791277356019706 72633
3045 1791277356020544 53585
3046 1791277356042430 53412
3047 1791277356063954 57875
3048 1791277356097994 70938
3049 1791277356117764 72012
3050 1791277356136279 68575
3051 1791277356157030 69718
3052 1791277356166091 57833
3053 1791277356186112 59350
3054 1791277356202624 54611
3055 1791277356223522 57428
3056 1791277356261045 74929
3057 1791277356275152 66946
3058 1791277356297215 69579
3059 1791277356308022 61538
3060 1791277356329091 61337
3061 1791277356343275 56455
3062 1791277356370385 62451
3063 1791277356386465 59377
3064 1791277356402939 56306
3065 1791277356427640 58546
3066 1791277356449420 63802
3067 1791277356469870 63469
3068 1791277356487206 61402
3069 1791277356520748 71325
3070 1791277356536766 69663
3071 1791277356558021 70813
3072 1791277356572621 65567
3073 1791277356592413 66352
3074 1791277356609744 63364
3075 1791277356632657 66409
3076 1791277356648745 60853
3077 1791277356674509 68884
3078 1791277356693255 65875
3079 1791277356727503 81203
3080 1791277356749282 79593
3081 1791277356765937 78577
3082 1791277356789902 83355
3083 1791277356804041 77596
3084 1791277356815723 69700
3085 1791277356839393 73453
3086 1791277356857655 69927
3087 1791277356887908 80267
3088 1791277356902132 76138
3089 1791277356917653 71228
3090 1791277356954672 88552
3091 1791277356967133 80347
3092 1791277356997688 91160
3093 1791277357016710 90675
3094 1791277357034009 87077
3095 1791277357057751 91145
3096 1791277357061157 73914
3097 1791277357091086 84912
3098 1791277357107941 74489
3099 1791277357122390 70696
3100 1791277357141928 74322
3101 1791277357161799 74897
3102 1791277357187456 79803
3103 1791277357201083 69379
3104 1791277357214883 68438
3105 1791277357238199 70400
3106 1791277357249951 62493
3107 1791277357272764 66000
3108 1791277357279170 53129
3109 1791277357296785 47758
3110 1791277357314089 47671
3111 1791277357338932 53417
3112 1791277357357756 48385
3113 1791277357375168 42109
3114 1791277357389033 41248
3115 1791277357408054 41524
3116 1791277357436357 47322
3117 1791277357445041 37067
3118 1791277357460050 32331
3119 1791277357478871 32461
3120 1791277357498629 31196
3121 1791277357519012 32651
3122 1791277357539123 32987
3123 1791277357561343 34894
3124 1791277357584191 38125
3125 1791277357602948 37162
3126 1791277357621586 35772
3127 1791277357638431 31425
3128 1791277357657750 28320
3129 1791277357678481 27373
3130 1791277357702522 36424
3131 1791277357726393 39989
3132 1791277357741332 34943
3133 1791277357753680 27285
3134 1791277357788851 40022
3135 1791277357799197 32475
3136 1791277357817743 31320
3137 1791277357845665 37964
3138 1791277357861514 33711
3139 1791277357871865 26198
3140 1791277357907675 41686
3141 1791277357920191 33623
3142 1791277357943601 36912
3143 1791277357960989 33020
3144 1791277357977636 31159
3145 1791277357999217 31229
3146 1791277358017967 29787
3147 1791277358046251 40227
3148 1791277358059124 32105
3149 1791277358079758 33504
3150 1791277358108995 41611
3151 1791277358143114 55584
3152 1791277358145904 39750
3153 1791277358158442 32364
3154 1791277358186192 40284
3155 1791277358201132 34424
3156 1791277358229069 42875
3157 1791277358254533 47725
3158 1791277358275702 48862
3159 1791277358291267 38339
3160 1791277358307200 41539
3161 1791277358323970 37060
3162 1791277358351262 44173
3163 1791277358366783 40272
3164 1791277358390883 44450
3165 1791277358419025 53060
3166 1791277358428356 42024
3167 1791277358457038 50132
3168 1791277358480893 54510
3169 1791277358494458 43319
3170 1791277358521113 52963
3171 1791277358538953 51478
3172 1791277358558930 52956
3173 1791277358587753 61081
3174 1791277358607635 58231
3175 1791277358624172 56811
3176 1791277358648678 62099
3177 1791277358665874 58236
3178 1791277358678148 52762
3179 1791277358707127 58447
3180 1791277358737195 71318
3181 1791277358745647 59555
3182 1791277358777834 70705
3183 1791277358789312 61414
3184 1791277358809217 63567
3185 1791277358835368 67654
3186 1791277358860521 71206
3187 1791277358871443 64632
3188 1791277358887775 57819
3189 1791277358917156 71354
3190 1791277358939920 72833
3191 1791277358956882 69105
3192 1791277358986626 79648
3193 1791277359000123 74855
3194 1791277359022772 75513
3195 1791277359034374 67254
3196 1791277359054217 67589
3197 1791277359069107 63351
3198 1791277359114982 87175
3199 1791277359117620 71314
3200 1791277359146283 79949
3201 1791277359167978 81462
3202 1791277359175248 69149
3203 1791277359203736 77899
3204 1791277359217075 70886
3205 1791277359245724 80039
3206 1791277359271038 79577
3207 1791277359296286 90362
3208 1791277359319138 90676
3209 1791277359329798 84070
3210 1791277359368909 102825
3211 1791277359369612 82511
3212 1791277359392209 83394
3213 1791277359396658 70156
3214 1791277359423225 77131
3215 1791277359449954 81027
3216 1791277359467111 80675
3217 1791277359485617 78790
3218 1791277359500051 73354
3219 1791277359522510 74764
3220 1791277359538102 70988
3221 1791277359556737 71115
3222 1791277359568038 58459
3223 1791277359591408 63831
3224 1791277359607951 58671
3225 1791277359629059 62107
3226 1791277359644149 57081
3227 1791277359667996 62109
3228 1791277359683406 56648
3229 1791277359697452 51905
3230 1791277359719817 51818
3231 1791277359738734 52742
3232 1791277359756794 49347
3233 1791277359781973 55085
3234 1791277359801421 54972
3235 1791277359826600 59216
3236 1791277359836290 48425
3237 1791277359855721 46843
3238 1791277359878416 51814
3239 1791277359899045 52418
3240 1791277359922062 55099
3241 1791277359939523 53466
3242 1791277359961762 53900
3243 1791277359982722 56512
3244 1791277360005249 59481
3245 1791277360020186 52890
3246 1791277360048222 60739
3247 1791277360071252 66001
3248 1791277360095068 67858
3249 1791277360105682 57569
3250 1791277360133281 62020
3251 1791277360145926 58883
3252 1791277360159095 53411
3253 1791277360176228 48831
3254 1791277360195002 49074
3255 1791277360226321 59438
3256 1791277360249284 62704
3257 1791277360270409 61223
3258 1791277360291299 65244
3259 1791277360313557 66270
3260 1791277360336928 71337
3261 1791277360352777 65863
3262 1791277360359922 47421
3263 1791277360389061 59091
3264 1791277360413609 66409
3265 1791277360427891 61640
3266 1791277360455159 67082
3267 1791277360472497 59305
3268 1791277360492185 64971
3269 1791277360506236 59222
3270 1791277360533152 67811
3271 1791277360538765 51331
3272 1791277360569417 63180
3273 1791277360596336 68757
3274 1791277360612790 64715
3275 1791277360638039 71061
3276 1791277360656275 70097
3277 1791277360686349 74448
3278 1791277360689684 61670
3279 1791277360719151 72067
3280 1791277360735229 67141
3281 1791277360746764 60570
3282 1791277360776624 68963
3283 1791277360797786 70231
3284 1791277360822648 75881
3285 1791277360836392 67563
3286 1791277360854938 68919
3287 1791277360868150 62066
3288 1791277360896610 70176
3289 1791277360918812 71598
3290 1791277360938529 72195
3291 1791277360950602 63881
3292 1791277360969293 61634
3293 1791277360989092 62303
3294 1791277361016094 68330
3295 1791277361036308 68858
3296 1791277361054330 67953
3297 1791277361076252 69087
3298 1791277361092499 65639
3299 1791277361105851 57725
3300 1791277361117835 51592
3301 1791277361135675 46457
3302 1791277361159631 53777
3303 1791277361187839 60298
3304 1791277361197119 47106
3305 1791277361210313 43736
3306 1791277361220010 32568
3307 1791277361237798 32112
3308 1791277361268032 40783
3309 1791277361280929 34483
3310 1791277361298394 30359
3311 1791277361318064 28588
3312 1791277361339680 28619
3313 1791277361362338 35531
3314 1791277361383310 34816
3315 1791277361404156 37327
3316 1791277361416709 30874
3317 1791277361438868 33626
3318 1791277361454259 27981
3319 1791277361486791 34198
3320 1791277361497479 32039
3321 1791277361529068 42603
3322 1791277361546361 38814
3323 1791277361561217 34229
3324 1791277361585297 38933
3325 1791277361611694 43558
3326 1791277361619087 33786
3327 1791277361647629 35932
3328 1791277361666389 39624
3329 1791277361686177 38907
3330 1791277361706291 39900
3331 1791277361731709 45529
3332 1791277361753075 46782
3333 1791277361754920 28648
3334 1791277361779818 33142
3335 1791277361796542 30313
3336 1791277361820987 33088
3337 1791277361842482 36632
3338 1791277361861071 32455
3339 1791277361887752 41529
3340 1791277361910878 43851
3341 1791277361925972 38218
3342 1791277361942268 34388
3343 1791277361966496 40522
3344 1791277361989670 43922
3345 1791277362016514 50015
3346 1791277362019209 30766
3347 1791277362047108 41028
3348 1791277362067375 41195
3349 1791277362087259 40148
3350 1791277362104570 37192
3351 1791277362117255 30676
3352 1791277362151646 44917
3353 1791277362173005 45864
3354 1791277362195160 49602
3355 1791277362218091 51924
3356 1791277362225423 38996
3357 1791277362251691 45300
3358 1791277362267593 42168
3359 1791277362292072 40380
3360 1791277362303236 36617
3361 1791277362328081 42125
3362 1791277362352050 44157
3363 1791277362370941 43828
3364 1791277362388387 36335
3365 1791277362407355 40861
3366 1791277362427762 39997
3367 1791277362441401 34043
3368 1791277362466649 39923
3369 1791277362490983 43195
3370 1791277362506376 39725
3371 1791277362535658 44671
3372 1791277362558785 52406
3373 1791277362583006 56252
3374 1791277362606008 59880
3375 1791277362615092 48382
3376 1791277362642733 56429
3377 1791277362655393 49615
3378 1791277362680015 52066
3379 1791277362699852 51748
3380 1791277362718616 51603
3381 1791277362738812 51802
3382 1791277362756748 49901
3383 1791277362782309 48575
3384 1791277362797448 49880
3385 1791277362818082 49599
3386 1791277362839880 51733
3387 1791277362846148 39251
3388 1791277362868176 40908
3389 1791277362894598 48548
3390 1791277362914408 48497
3391 1791277362939179 52904
3392 1791277362962209 55815
3393 1791277362980527 54428
3394 1791277363004942 59256
3395 1791277363018779 52745
3396 1791277363054523 68271
3397 1791277363067811 58409
3398 1791277363091907 64688
3399 1791277363105858 59186
3400 1791277363120148 54104
3401 1791277363147086 55177
3402 1791277363157405 51544
3403 1791277363176207 50900
3404 1791277363202116 55917
3405 1791277363219110 53449
3406 1791277363240526 54440
3407 1791277363268041 60834
3408 1791277363279258 51098
3409 1791277363300020 53304
3410 1791277363340414 72775
3411 1791277363344118 55984
3412 1791277363373687 66641
3413 1791277363396503 64544
3414 1791277363413720 65891
3415 1791277363429034 61975
3416 1791277363450874 64928
3417 1791277363474865 67094
3418 1791277363498751 70782
3419 1791277363514896 68519
3420 1791277363541506 73861
3421 1791277363553416 67306
3422 1791277363573844 67455
3423 1791277363606053 78493
3424 1791277363627467 79724
3425 1791277363646066 79574
3426 1791277363670077 83866
3427 1791277363690579 84524
3428 1791277363699717 72381
3429 1791277363718669 72601
3430 1791277363753211 85334
3431 1791277363775698 88126
3432 1791277363788966 80516
3433 1791277363821097 93908
3434 1791277363823567 76677
3435 1791277363846221 80685
3436 1791277363877117 88573
3437 1791277363888794 82377
3438 1791277363912560 85968
3439 1791277363930453 84323
3440 1791277363949826 83868
3441 1791277363964755 75957
3442 1791277363990279 82634
3443 1791277364011368 84296
3444 1791277364034708 87350
3445 1791277364048617 81829
3446 1791277364073042 87046
3447 1791277364099042 91313
3448 1791277364118532 91915
3449 1791277364136187 87647
3450 1791277364147978 80902
3451 1791277364177627 90621
3452 1791277364200858 93852
3453 1791277364217046 91077
3454 1791277364228770 82687
3455 1791277364256235 89651
3456 1791277364272551 85687
3457 1791277364288133 78814
3458 1791277364300799 72461
3459 1791277364310663 64033
3460 1791277364337973 71964
3461 1791277364351996 64848
3462 1791277364378465 72263
3463 1791277364392398 66044
3464 1791277364412784 65863
3465 1791277364425798 58035
3466 1791277364440309 52395
3467 1791277364447083 41503
3468 1791277364466694 40893
3469 1791277364499310 53178
3470 1791277364518819 52122
3471 1791277364537695 50821
3472 1791277364561626 53533
3473 1791277364577208 51041
3474 1791277364612417 63623
3475 1791277364633010 67126
3476 1791277364647975 61002
3477 1791277364658132 45712
3478 1791277364682669 56654
3479 1791277364701453 53475
3480 1791277364723688 57069
3481 1791277364745573 57963
3482 1791277364766566 60691
3483 1791277364788558 61165
3484 1791277364797420 51844
3485 1791277364817620 51051
3486 1791277364841871 54334
3487 1791277364858815 51182
3488 1791277364884872 58146
3489 1791277364901927 54403
3490 1791277364929759 63421
3491 1791277364942239 54831
3492 1791277364966733 58482
3493 1791277364989762 60000
3494 1791277365013237 65854
3495 1791277365020509 54439
3496 1791277365050857 64989
3497 1791277365068875 61160
3498 1791277365092387 66338
3499 1791277365107449 60548
3500 1791277365130979 64198
3501 1791277365149180 62706
3502 1791277365168954 62530
3503 1791277365191104 63839
3504 1791277365213464 67344
3505 1791277365223897 56614
3506 1791277365257565 67715
3507 1791277365266909 60091
3508 1791277365296313 68893
3509 1791277365308253 61330
3510 1791277365336356 70587
3511 1791277365356637 66911
3512 1791277365371765 64796
3513 1791277365396210 69773
3514 1791277365410210 60949
3515 1791277365444172 77063
3516 1791277365453956 66727
3517 1791277365470028 64566
3518 1791277365487301 61600
3519 1791277365509533 63631
3520 1791277365524705 57645
3521 1791277365551018 63714
3522 1791277365575411 68677
3523 1791277365596180 68925
3524 1791277365626185 79807
3525 1791277365646389 72784
3526 1791277365657571 70299
3527 1791277365681418 74891
3528 1791277365700092 73904
3529 1791277365708129 62570
3530 1791277365731606 65337
3531 1791277365750909 61475
3532 1791277365775481 67349
3533 1791277365789741 63617
3534 1791277365823296 77250
3535 1791277365843733 77184
3536 1791277365858068 71991
3537 1791277365879193 72474
3538 1791277365897903 71555
3539 1791277365937638 90229
3540 1791277365940907 74691
3541 1791277365969602 83972
3542 1791277365985831 77748
3543 1791277366003025 76453
3544 1791277366027881 81717
3545 1791277366046554 78862
3546 1791277366054166 68331
3547 1791277366078876 70957
3548 1791277366103028 75440
3549 1791277366118919 72405
3550 1791277366133826 67881
3551 1791277366156144 69181
3552 1791277366176961 68922
3553 1791277366202404 69662
3554 1791277366223053 76256
3555 1791277366229405 62125
3556 1791277366249518 62858
3557 1791277366261837 54562
3558 1791277366282942 55077
3559 1791277366299276 52953
3560 1791277366317130 50996
3561 1791277366338025 50208
3562 1791277366349511 42512
3563 1791277366365375 39800
3564 1791277366381522 32008
3565 1791277366397684 32307
3566 1791277366422411 35572
3567 1791277366439157 32396
3568 1791277366456393 30435
3569 1791277366484297 34401
3570 1791277366506692 39156
3571 1791277366517935 31345
3572 1791277366538818 32125
3573 1791277366567881 39719
3574 1791277366586395 38449
3575 1791277366599814 33163
3576 1791277366623900 37503
3577 1791277366642155 35658
3578 1791277366664323 36482
3579 1791277366691720 45301
3580 1791277366701847 36322
3581 1791277366720914 33319
3582 1791277366743879 36140
3583 1791277366769099 40562
3584 1791277366787482 41242
3585 1791277366804074 37299
3586 1791277366825465 37980
3587 1791277366841563 34835
3588 1791277366858928 33460
3589 1791277366886642 40286
3590 1791277366907352 41058
3591 1791277366935942 50184
3592 1791277366960748 53539
3593 1791277366972664 46479
3594 1791277366998547 49531
3595 1791277367024551 58319
3596 1791277367042719 55640
3597 1791277367063754 57921
3598 1791277367087831 61504
3599 1791277367104726 58251
3600 1791277367120738 54809
3601 1791277367139895 53533
3602 1791277367164998 58266
3603 1791277367186322 59893
3604 1791277367215229 66210
3605 1791277367236526 70336
3606 1791277367256511 70186
3607 1791277367280638 73119
3608 1791277367290021 64167
3609 1791277367308233 60343
3610 1791277367321538 54581
3611 1791277367352400 65229
3612 1791277367376302 69123
3613 1791277367412611 84391
3614 1791277367421223 75651
3615 1791277367439771 73426
3616 1791277367458161 72625
3617 1791277367477887 65565
3618 1791277367496345 70578
3619 1791277367517860 71324
3620 1791277367541720 75040
3621 1791277367560458 73612
3622 1791277367585178 78391
3623 1791277367601830 75616
3624 1791277367628082 78753
3625 1791277367651485 82566
3626 1791277367665614 80433
3627 1791277367687800 78623
3628 1791277367704566 76481
3629 1791277367728675 80430
3630 1791277367743588 77972
3631 1791277367770533 82730
3632 1791277367790610 84776
3633 1791277367807966 80896
3634 1791277367835767 87817
3635 1791277367854283 87304
3636 1791277367874290 87433
3637 1791277367893194 85290
3638 1791277367926243 92054
3639 1791277367938892 92179
3640 1791277367951431 85412
3641 1791277367965955 78798
3642 1791277367993838 88155
3643 1791277368006204 79958
3644 1791277368031942 80508
3645 1791277368038165 72206
3646 1791277368068208 80293
3647 1791277368079254 73047
3648 1791277368100187 72842
3649 1791277368121150 71812
3650 1791277368132618 66180
3651 1791277368153036 66637
3652 1791277368167499 59739
3653 1791277368188626 59313
3654 1791277368210067 62382
3655 1791277368217923 50421
3656 1791277368236062 49734
3657 1791277368261038 53533
3658 1791277368277732 49199
3659 1791277368297364 50897
3660 1791277368318096 49914
3661 1791277368330326 43710
3662 1791277368348520 42920
3663 1791277368371764 41435
3664 1791277368388382 41897
3665 1791277368414796 47770
3666 1791277368429713 43288
3667 1791277368456103 48531
3668 1791277368476128 47757
3669 1791277368500706 53042
3670 1791277368513682 47800
3671 1791277368533422 46503
3672 1791277368562659 54332
3673 1791277368580240 53508
3674 1791277368595222 48757
3675 1791277368618856 51264
3676 1791277368638302 51692
3677 1791277368660797 54904
3678 1791277368692992 66512
3679 1791277368699281 53163
3680 1791277368727030 60836
3681 1791277368736336 48565
3682 1791277368766174 60049
3683 1791277368789148 62115
3684 1791277368820346 74041
3685 1791277368835867 69689
3686 1791277368843343 57986
3687 1791277368865673 58621
3688 1791277368882940 57344
3689 1791277368908377 60945
3690 1791277368928158 62482
3691 1791277368948932 62500
3692 1791277368973275 64973
3693 1791277368990970 63291
3694 1791277369009178 61985
3695 1791277369026841 59782
3696 1791277369043023 57555
3697 1791277369061391 52209
3698 1791277369087778 61520
3699 1791277369113450 65707
3700 1791277369127568 59932
3701 1791277369159791 72001
3702 1791277369171237 63176
3703 1791277369198099 71571
3704 1791277369218349 71640
3705 1791277369242685 76347
3706 1791277369263226 77347
3707 1791277369276172 67661
3708 1791277369289696 62341
3709 1791277369315377 67361
3710 1791277369340707 74618
3711 1791277369350154 63783
3712 1791277369375291 68293
3713 1791277369387383 60738
3714 1791277369409241 63260
3715 1791277369424868 58602
3716 1791277369465919 78533
3717 1791277369484214 78612
3718 1791277369499180 72179
3719 1791277369522406 72092
3720 1791277369530789 64866
3721 1791277369550104 62924
3722 1791277369571748 62699
3723 1791277369589476 63079
3724 1791277369609915 62582
3725 1791277369635239 67900
3726 1791277369646862 57967
3727 1791277369670642 64952
3728 1791277369687856 60627
3729 1791277369701477 55269
3730 1791277369720220 54020
3731 1791277369736379 49510
3732 1791277369749246 43015
3733 1791277369776359 46671
3734 1791277369785804 40205
3735 1791277369810852 43825
3736 1791277369824399 38591
3737 1791277369836935 30222
3738 1791277369863477 36196
3739 1791277369895720 43815
3740 1791277369906174 39582
3741 1791277369932785 44655
3742 1791277369948756 42714
3743 1791277369972762 45690
3744 1791277369986241 37483
3745 1791277370001983 29218
3746 1791277370017179 31530
3747 1791277370031359 24539
3748 1791277370049983 23462
3749 1791277370073814 23824
3750 1791277370098649 30949
3751 1791277370110099 23132
3752 1791277370128644 22298
3753 1791277370148643 22001
3754 1791277370171753 25328
3755 1791277370189411 23466
3756 1791277370216882 27626
3757 1791277370230262 24174
3758 1791277370257094 26827
3759 1791277370273935 22330
3760 1791277370288727 21823
3761 1791277370308295 21392
3762 1791277370327550 21238
3763 1791277370350374 23920
3764 1791277370368471 22695
3765 1791277370394301 27330
3766 1791277370410431 24807
3767 1791277370437449 27014
3768 1791277370452853 25811
3769 1791277370469420 23241
3770 1791277370489038 22599
3771 1791277370507801 21972
3772 1791277370527742 20948
3773 1791277370547976 21319
3774 1791277370575521 27542
3775 1791277370590312 22892
3776 1791277370611548 24324
3777 1791277370627859 21982
3778 1791277370653227 25365
3779 1791277370669073 22992
3780 1791277370691710 25067
3781 1791277370714053 27214
3782 1791277370730320 24274
3783 1791277370748711 21278
3784 1791277370769971 23105
3785 1791277370790783 20809
3786 1791277370814506 26614
3787 1791277370834029 27798
3788 1791277370852428 26046
3789 1791277370870122 22445
3790 1791277370895914 29445
3791 1791277370907729 22339
3792 1791277370928926 21194
3793 1791277370956822 29117
3794 1791277370969814 23531
3795 1791277370990628 20894
3796 1791277371008006 20992
3797 1791277371029042 22013
3798 1791277371050960 24187
3799 1791277371076483 28538
3800 1791277371099631 28584
3801 1791277371116458 29560
3802 1791277371128016 22060
3803 1791277371149200 21235
3804 1791277371176012 27653
3805 1791277371194051 26639
3806 1791277371215418 25396
3807 1791277371232303 23216
3808 1791277371252944 25235
3809 1791277371268584 22123
3810 1791277371296603 29503
3811 1791277371311725 24215
3812 1791277371327840 21062
3813 1791277371347531 21505
3814 1791277371376467 28933
3815 1791277371394356 26024
3816 1791277371410540 24531
3817 1791277371428140 22179
3818 1791277371448171 22058
3819 1791277371468622 22208
3820 1791277371491436 26095
3821 1791277371512177 24805
3822 1791277371529906 22141
3823 1791277371549162 21291
3824 1791277371576895 29065
3825 1791277371587422 21156
3826 1791277371607694 21403
3827 1791277371629521 21824
3828 1791277371648833 22876
3829 1791277371667445 21765
3830 1791277371688420 20972
3831 1791277371708652 22973
3832 1791277371727800 21979
3833 1791277371748394 20591
3834 1791277371768962 21664
3835 1791277371789706 20741
3836 1791277371807294 21184
3837 1791277371834274 26977
3838 1791277371854503 28731
3839 1791277371867480 21949
3840 1791277371888606 21110
3841 1791277371911919 25625
3842 1791277371935173 26561
3843 1791277371955411 28976
3844 1791277371976439 29008
3845 1791277371997157 28543
3846 1791277372007383 20810
3847 1791277372028119 20732
3848 1791277372056490 28369
3849 1791277372067023 21216
3850 1791277372089180 22155
3851 1791277372109188 22086
3852 1791277372136231 27040
3853 1791277372146856 21352
3854 1791277372169291 22432
3855 1791277372190053 23980
3856 1791277372207380 21015
3857 1791277372235260 27877
3858 1791277372251966 26274
3859 1791277372276389 28331
3860 1791277372295361 28924
3861 1791277372311877 25116
3862 1791277372327802 21868
3863 1791277372347865 21889
3864 1791277372374977 28174
3865 1791277372388727 21016
3866 1791277372412557 24262
3867 1791277372430984 21773
3868 1791277372448566 21053
3869 1791277372475331 27876
3870 1791277372493007 26481
3871 1791277372509295 23046
3872 1791277372527388 21004
3873 1791277372554458 27068
3874 1791277372568898 23120
3875 1791277372588638 23062
3876 1791277372610495 22086
3877 1791277372634325 25999
3878 1791277372650920 25171
3879 1791277372669681 22565
3880 1791277372687620 21365
3881 1791277372712351 26295
3882 1791277372737566 28381
3883 1791277372750210 23962
3884 1791277372775000 26821
3885 1791277372795953 26580
3886 1791277372809948 21875
3887 1791277372828774 22488
3888 1791277372846895 20688
3889 1791277372870698 23801
3890 1791277372896074 28373
3891 1791277372915842 29283
3892 1791277372932854 24452
3893 1791277372948069 21741
3894 1791277372972021 25696
3895 1791277372988325 22150
3896 1791277373008723 21792
3897 1791277373028494 22242
3898 1791277373050254 23417
3899 1791277373067352 21138
3900 1791277373090410 23055
3901 1791277373119229 31773
3902 1791277373135942 29313
3903 1791277373146625 21010
3904 1791277373170850 24223
3905 1791277373188283 21236
3906 1791277373208853 22783
3907 1791277373231371 25841
3908 1791277373247396 21075
3909 1791277373276603 29204
3910 1791277373290474 23807
3911 1791277373308099 22228
3912 1791277373331536 23486
3913 1791277373350865 24634
3914 1791277373375393 29120
3915 1791277373388475 21452
3916 1791277373408239 21969
3917 1791277373428626 22281
3918 1791277373447528 21103
3919 1791277373468689 21158
3920 1791277373490843 22150
3921 1791277373511958 23985
3922 1791277373527478 21047
3923 1791277373556619 29184
3924 1791277373576749 27310
3925 1791277373596943 25957
3926 1791277373610530 21884
3927 1791277373628911 20398
3928 1791277373650391 23382
3929 1791277373675586 25192
3930 1791277373688710 21326
3931 1791277373706821 20866
3932 1791277373732476 25653
3933 1791277373752562 25675
3934 1791277373766974 21267
3935 1791277373796086 29110
3936 1791277373814722 27833
3937 1791277373831392 25249
3938 1791277373856859 25579
3939 1791277373867311 20883
3940 1791277373888647 21332
3941 1791277373913091 24440
3942 1791277373928581 20996
3943 1791277373947261 20967
3944 1791277373970413 24233
3945 1791277373988379 21936
3946 1791277374016818 28434
3947 1791277374029057 22673
3948 1791277374048432 21655
3949 1791277374075428 29029
3950 1791277374095428 29214
3951 1791277374110523 24590
3952 1791277374126808 20968
3953 1791277374148368 22505
3954 1791277374169589 23095
3955 1791277374190982 23844
3956 1791277374207969 21110
3957 1791277374227424 21271
3958 1791277374250117 22688
3959 1791277374267787 22061
3960 1791277374286837 21014
3961 1791277374307814 21038
3962 1791277374328305 20488
3963 1791277374347182 21219
3964 1791277374368799 21614
3965 1791277374387841 20805
3966 1791277374415773 27929
3967 1791277374430361 24391
3968 1791277374451390 24139
3969 1791277374469029 23599
3970 1791277374488645 22992
3971 1791277374511369 24937
3972 1791277374528805 22937
3973 1791277374547113 21325
3974 1791277374572153 25036
3975 1791277374588393 23110
3976 1791277374606525 20995
3977 1791277374629667 23139
3978 1791277374656350 28705
3979 1791277374673725 26034
3980 1791277374695009 27986
3981 1791277374710202 22936
3982 1791277374728995 22004
3983 1791277374750150 21152
3984 1791277374771268 23977
3985 1791277374787213 20901
3986 1791277374808115 20947
3987 1791277374827157 20951
3988 1791277374847918 21703
3989 1791277374871547 26204
3990 1791277374895288 23737
3991 1791277374911581 23143
3992 1791277374926867 20980
3993 1791277374947580 21189
3994 1791277374969113 22493
3995 1791277374987901 22130
3996 1791277375008829 23038
3997 1791277375028610 21678
3998 1791277375048615 22536
3999 1791277375071860 24766
4000 1791277375096773 25369
4001 1791277375106872 20778
4002 1791277375136769 29895
4003 1791277375148371 22194
4004 1791277375177137 28762
4005 1791277375189841 23398
4006 1791277375210451 20607
4007 1791277375230439 23267
4008 1791277375250336 22325
4009 1791277375269676 22499
4010 1791277375287242 21328
4011 1791277375311568 24943
4012 1791277375329214 22385
4013 1791277375353921 26665
4014 1791277375369924 23345
4015 1791277375389108 20979
4016 1791277375407297 20674
4017 1791277375436909 29609
4018 1791277375448061 21403
4019 1791277375478930 30866
4020 1791277375492788 25888
4021 1791277375517062 28109
4022 1791277375531470 22245
4023 1791277375548842 22265
4024 1791277375567773 22146
4025 1791277375597125 30628
4026 1791277375608437 21888
4027 1791277375636920 30871
4028 1791277375648481 22078
4029 1791277375677606 29122
4030 1791277375690312 23275
4031 1791277375708745 22935
4032 1791277375728593 23161
4033 1791277375750139 23055
4034 1791277375777888 27746
4035 1791277375790174 23339
4036 1791277375807185 21199
4037 1791277375828505 21317
4038 1791277375853322 24812
4039 1791277375870462 23403
4040 1791277375891065 23412
4041 1791277375911999 26297
4042 1791277375929616 21949
4043 1791277375955839 26220
4044 1791277375977099 31227
4045 1791277375991380 22951
4046 1791277376008177 21948
4047 1791277376027111 20970
4048 1791277376046370 20506
4049 1791277376075993 29650
4050 1791277376088536 21589
4051 1791277376108307 22204
4052 1791277376129834 23269
4053 1791277376147664 21240
4054 1791277376170660 23908
4055 1791277376196303 25640
4056 1791277376212518 21546
4057 1791277376228782 22664
4058 1791277376249770 23855
4059 1791277376271207 25153
4060 1791277376288058 21896
4061 1791277376313700 25637
4062 1791277376329693 21969
4063 1791277376348896 21417
4064 1791277376370562 23117
4065 1791277376390683 22746
4066 1791277376417283 30074
4067 1791277376430426 24201
4068 1791277376457577 27148
4069 1791277376467981 22015
4070 1791277376486995 21203
4071 1791277376508954 22720
4072 1791277376536044 28878
4073 1791277376554379 25681
4074 1791277376576984 27227
4075 1791277376588855 22817
4076 1791277376609651 20791
4077 1791277376637713 28152
4078 1791277376653214 22683
4079 1791277376676812 29028
4080 1791277376687397 21252
4081 1791277376715610 28345
4082 1791277376735661 29446
4083 1791277376748043 21874
4084 1791277376769331 22041
4085 1791277376796755 29321
4086 1791277376811523 25984
4087 1791277376828049 22196
4088 1791277376852579 26570
4089 1791277376877743 27214
4090 1791277376890087 21157
4091 1791277376909157 21585
4092 1791277376940818 31658
4093 1791277376955449 28413
4094 1791277376969434 22499
4095 1791277376989947 23669
4096 1791277377017551 29791
4097 1791277377034118 25598
4098 1791277377054814 28589
4099 1791277377072674 26208
4100 1791277377096818 24141
4101 1791277377112747 24596
4102 1791277377136918 27863
4103 1791277377155739 24285
4104 1791277377171244 24984
4105 1791277377195071 23823
4106 1791277377212923 26928
4107 1791277377230096 23107
4108 1791277377248912 21011
4109 1791277377270086 23700
4110 1791277377288664 21356
4111 1791277377309205 22730
4112 1791277377332217 23009
4113 1791277377347497 21760
4114 1791277377377140 29639
4115 1791277377388782 21447
4116 1791277377407236 21917
4117 1791277377431551 24312
4118 1791277377447124 20987
4119 1791277377468572 21444
4120 1791277377489270 23140
4121 1791277377508018 21721
4122 1791277377533622 25658
4123 1791277377549782 21741
4124 1791277377570048 23101
4125 1791277377590118 22233
4126 1791277377608723 20891
4127 1791277377629885 24127
4128 1791277377649171 21411
4129 1791277377670045 22131
4130 1791277377688171 21228
4131 1791277377709257 22866
4132 1791277377730014 20755
4133 1791277377748626 22184
4134 1791277377768586 22354
4135 1791277377794972 26381
4136 1791277377810057 21650
4137 1791277377827386 20995
4138 1791277377856253 28864
4139 1791277377877361 31012
4140 1791277377889803 23206
4141 1791277377908635 22795
4142 1791277377926828 20842
4143 1791277377953298 26466
4144 1791277377968554 22073
# sent 4145 received 4145
