0 1791255351658852 25183
1 1791255351684937 26059
2 1791255351704683 24452
3 1791255351717856 21262
4 1791255351738768 23916
5 1791255351762780 24009
6 1791255351778980 24832
7 1791255351803280 24495
8 1791255351818462 23452
9 1791255351845707 27239
10 1791255351861906 26670
11 1791255351876478 21800
12 1791255351902880 26541
13 1791255351925812 26806
14 1791255351941222 22421
15 1791255351955625 21112
16 1791255351975847 21379
17 1791255351995809 21006
18 1791255352021294 27124
19 1791255352037678 23430
20 1791255352062073 24548
21 1791255352082805 24027
22 1791255352102955 24115
23 1791255352126042 27982
24 1791255352141165 21864
25 1791255352157905 23680
26 1791255352183020 25110
27 1791255352205789 28759
28 1791255352222399 22736
29 1791255352242598 28098
30 1791255352261680 26194
31 1791255352284734 28662
32 1791255352299128 25216
33 1791255352324186 25052
34 1791255352337641 22729
35 1791255352366051 31333
36 1791255352377361 21609
37 1791255352394932 20641
38 1791255352420403 25467
39 1791255352445134 29608
40 1791255352464768 22512
41 1791255352476354 21967
42 1791255352497965 23326
43 1791255352524815 29296
44 1791255352543055 27540
45 1791255352563396 29395
46 1791255352579205 25002
47 1791255352605646 26437
48 1791255352615928 21397
49 1791255352645180 29710
50 1791255352655812 21127
51 1791255352684477 28653
52 1791255352702884 22857
53 1791255352720952 23725
54 1791255352736870 21796
55 1791255352763171 26297
56 1791255352783327 26682
57 1791255352798302 22383
58 1791255352823376 25191
59 1791255352844161 26656
60 1791255352862085 23706
61 1791255352876813 22087
62 1791255352899481 22809
63 1791255352916099 21497
64 1791255352937703 21600
65 1791255352955383 20804
66 1791255352975887 21654
67 1791255352997483 22154
68 1791255353017415 21950
69 1791255353043600 26181
70 1791255353059857 23458
71 1791255353083441 23706
72 1791255353114993 37382
73 1791255353126640 23131
74 1791255353138218 23155
75 1791255353162570 24347
76 1791255353179203 24213
77 1791255353206912 30909
78 1791255353221943 27328
79 1791255353239575 25081
80 1791255353264723 30577
81 1791255353284310 23504
82 1791255353303351 25448
83 1791255353324145 27673
84 1791255353341152 26024
85 1791255353355984 21389
86 1791255353376573 21844
87 1791255353405840 31454
88 1791255353416070 21077
89 1791255353437549 23075
90 1791255353462827 25842
91 1791255353481924 21976
92 1791255353496959 22618
93 1791255353522550 25587
94 1791255353543962 27232
95 1791255353564639 29254
96 1791255353578779 22232
97 1791255353602827 24041
98 1791255353617561 22935
99 1791255353639266 24034
100 1791255353663502 24234
101 1791255353681427 25789
102 1791255353698172 22502
103 1791255353723625 25447
104 1791255353743843 26128
105 1791255353761123 23176
106 1791255353776791 22126
107 1791255353802483 27639
108 1791255353820522 25121
109 1791255353837126 22322
110 1791255353862347 25215
111 1791255353883496 29050
112 1791255353903720 28226
113 1791255353922469 25668
114 1791255353940910 26038
115 1791255353957875 22185
116 1791255353978403 24406
117 1791255354004986 26573
118 1791255354024975 25835
119 1791255354038090 21899
120 1791255354065116 27010
121 1791255354084007 29269
122 1791255354097693 22250
123 1791255354116479 20704
124 1791255354135052 21217
125 1791255354161642 26587
126 1791255354175890 21440
127 1791255354206075 30183
128 1791255354222893 22705
129 1791255354235504 21173
130 1791255354255556 20998
131 1791255354276931 21471
132 1791255354302875 25941
133 1791255354319848 24558
134 1791255354342302 22573
135 1791255354361947 24968
136 1791255354378737 23507
137 1791255354402293 23553
138 1791255354416412 20782
139 1791255354437370 22916
140 1791255354462988 25615
141 1791255354480195 25711
142 1791255354505603 25398
143 1791255354518284 22046
144 1791255354546051 28131
145 1791255354563710 23090
146 1791255354578803 24092
147 1791255354604554 25748
148 1791255354622687 22410
149 1791255354642043 25921
150 1791255354662503 26699
151 1791255354680071 24547
152 1791255354708458 31543
153 1791255354726158 27002
154 1791255354744827 27887
155 1791255354760823 26034
156 1791255354777031 22455
157 1791255354802978 26678
158 1791255354822846 27281
159 1791255354842053 26936
160 1791255354856267 22028
161 1791255354875588 21003
162 1791255354895432 20707
163 1791255354919317 24478
164 1791255354941321 22000
165 1791255354963183 27145
166 1791255354982767 25512
167 1791255355002998 24319
168 1791255355025838 27908
169 1791255355043612 24015
170 1791255355063293 25634
171 1791255355083543 25724
172 1791255355101581 23397
173 1791255355115543 20703
174 1791255355144436 28888
175 1791255355164631 22967
176 1791255355184085 26322
177 1791255355202936 24270
178 1791255355222992 27449
179 1791255355246188 27396
180 1791255355263744 25279
181 1791255355282096 24197
182 1791255355298098 20947
183 1791255355316145 21795
184 1791255355339073 22924
185 1791255355363213 28562
186 1791255355382451 27905
187 1791255355401507 26125
188 1791255355418113 23133
189 1791255355445464 29922
190 1791255355461736 21596
191 1791255355481453 24447
192 1791255355504822 28658
193 1791255355526181 25297
194 1791255355542861 26217
195 1791255355558652 24370
196 1791255355575678 21363
197 1791255355603920 29142
198 1791255355622185 28001
199 1791255355635936 21740
200 1791255355663376 28866
201 1791255355681322 27165
202 1791255355700966 26128
203 1791255355722086 27402
204 1791255355738433 24214
205 1791255355764242 25805
206 1791255355785629 24971
207 1791255355801332 26672
208 1791255355817302 21906
209 1791255355839502 23873
210 1791255355855557 20976
211 1791255355888636 33319
212 1791255355902530 21841
213 1791255355919634 24277
214 1791255355945354 29426
215 1791255355961284 23633
216 1791255355977169 22139
217 1791255356006348 29322
218 1791255356023840 22031
219 1791255356043792 27311
220 1791255356062115 24750
221 1791255356076107 20972
222 1791255356104074 27962
223 1791255356123620 24831
224 1791255356142643 27565
225 1791255356161293 26265
226 1791255356178847 23922
227 1791255356202117 27621
228 1791255356219359 25321
229 1791255356242732 28409
230 1791255356260891 25538
231 1791255356285395 28137
232 1791255356303733 23031
233 1791255356316988 22337
234 1791255356344638 27621
235 1791255356362874 24453
236 1791255356385739 27626
237 1791255356401170 23134
238 1791255356418396 23868
239 1791255356443000 28331
240 1791255356462222 27648
241 1791255356478208 22687
242 1791255356503925 25714
243 1791255356528739 28545
244 1791255356540879 26516
245 1791255356555823 21146
246 1791255356576745 20918
247 1791255356595805 21320
248 1791255356615165 20817
249 1791255356636710 21542
250 1791255356659078 22365
251 1791255356678094 22684
252 1791255356703561 25570
253 1791255356715068 20827
254 1791255356735664 20592
255 1791255356764704 29037
256 1791255356777919 23745
257 1791255356801485 23563
258 1791255356824713 27215
259 1791255356846605 28051
260 1791255356861626 26170
261 1791255356883327 26875
262 1791255356900151 25011
263 1791255356916182 21546
264 1791255356936825 21881
265 1791255356955864 20868
266 1791255356981478 26581
267 1791255356996998 22781
268 1791255357023643 26766
269 1791255357043041 23774
270 1791255357062709 26846
271 1791255357080651 25887
272 1791255357104867 26545
273 1791255357123015 23041
274 1791255357137269 22795
275 1791255357156885 21498
276 1791255357178365 21475
277 1791255357205277 28957
278 1791255357233842 30708
279 1791255357244772 29209
280 1791255357255581 21735
281 1791255357279054 24728
282 1791255357303791 24733
283 1791255357321922 23849
284 1791255357336699 22502
285 1791255357368345 31643
286 1791255357383135 28418
287 1791255357403724 28595
288 1791255357423819 29459
289 1791255357435047 20808
290 1791255357456204 22235
291 1791255357477661 21515
292 1791255357502657 24992
293 1791255357525608 26240
294 1791255357539095 23592
295 1791255357556316 21573
296 1791255357582095 27586
297 1791255357602893 27121
298 1791255357621899 27361
299 1791255357638416 24223
300 1791255357655489 20266
301 1791255357683919 28425
302 1791255357703592 28785
303 1791255357716406 21932
304 1791255357738388 21978
305 1791255357763407 26815
306 1791255357783418 26044
307 1791255357796804 21140
308 1791255357823844 27033
309 1791255357844178 24960
310 1791255357856404 21809
311 1791255357884324 27917
312 1791255357896459 21411
313 1791255357923253 26787
314 1791255357943714 28613
315 1791255357960967 25121
316 1791255357975945 21596
317 1791255357996686 20729
318 1791255358024769 28078
319 1791255358049411 29270
320 1791255358062890 28191
321 1791255358082625 27059
322 1791255358100577 26345
323 1791255358123595 28375
324 1791255358146550 28189
325 1791255358165438 26653
326 1791255358183468 23390
327 1791255358196648 21235
328 1791255358229489 33047
329 1791255358245874 24274
330 1791255358262808 26615
331 1791255358281771 23342
332 1791255358297970 23601
333 1791255358321373 27372
334 1791255358341765 27121
335 1791255358362375 27925
336 1791255358385202 30173
337 1791255358404484 28071
338 1791255358423623 26422
339 1791255358443082 24146
340 1791255358468875 34037
341 1791255358479221 24386
342 1791255358502976 28632
343 1791255358524797 28791
344 1791255358543627 28365
345 1791255358561422 27177
346 1791255358581047 25122
347 1791255358605980 30363
348 1791255358625206 23823
349 1791255358638286 23852
350 1791255358663289 24996
351 1791255358682940 22880
352 1791255358702931 25443
353 1791255358715892 21128
354 1791255358735097 21075
355 1791255358763057 29104
356 1791255358782198 27562
357 1791255358798573 23254
358 1791255358823346 24768
359 1791255358840809 25138
360 1791255358861457 25975
361 1791255358881540 27428
362 1791255358902955 27723
363 1791255358922609 27808
364 1791255358939754 25609
365 1791255358963809 28494
366 1791255358982943 27228
367 1791255359001898 24739
368 1791255359016513 21520
369 1791255359039126 24853
370 1791255359064499 25370
371 1791255359084413 24733
372 1791255359104401 28496
373 1791255359124431 24046
374 1791255359144673 25637
375 1791255359160881 21724
376 1791255359175966 21561
377 1791255359197284 21616
378 1791255359225723 28436
379 1791255359244694 26439
380 1791255359263637 25543
381 1791255359282742 25451
382 1791255359303381 25435
383 1791255359324143 23378
384 1791255359342772 25565
385 1791255359362195 27559
386 1791255359376856 21775
387 1791255359408406 32981
388 1791255359422284 21657
389 1791255359442930 27696
390 1791255359459503 24130
391 1791255359476425 21255
392 1791255359501208 24778
393 1791255359519987 24576
394 1791255359549004 29097
395 1791255359562569 25712
396 1791255359579933 24808
397 1791255359605201 25264
398 1791255359622843 26341
399 1791255359642121 24836
400 1791255359666408 27272
401 1791255359686563 25030
402 1791255359696656 20616
403 1791255359725295 28727
404 1791255359747031 26713
405 1791255359756982 21535
406 1791255359777869 23616
407 1791255359801726 27190
408 1791255359823177 28964
409 1791255359850814 36930
410 1791255359862776 25455
411 1791255359883695 29345
412 1791255359896813 21951
413 1791255359923888 27070
414 1791255359946195 30639
415 1791255359965320 31074
416 1791255359983542 28894
417 1791255360012094 37369
418 1791255360025348 28782
419 1791255360050149 35348
420 1791255360062496 25859
421 1791255360086246 31685
422 1791255360104686 30074
423 1791255360120874 24469
424 1791255360143264 29207
425 1791255360162319 27532
426 1791255360188484 33769
427 1791255360203503 27642
428 1791255360223865 28791
429 1791255360244815 28971
430 1791255360265806 31658
431 1791255360282980 27793
432 1791255360305495 28666
433 1791255360324048 26678
434 1791255360341076 26425
435 1791255360363728 28066
436 1791255360385957 30076
437 1791255360409396 27655
438 1791255360420533 26191
439 1791255360444869 30221
440 1791255360461836 25747
441 1791255360484367 30255
442 1791255360504095 29994
443 1791255360523698 27260
444 1791255360545968 31738
445 1791255360565564 30316
446 1791255360584336 29454
447 1791255360606968 31772
448 1791255360627680 29064
449 1791255360638917 23826
450 1791255360663086 29042
451 1791255360678109 23795
452 1791255360702459 27670
453 1791255360727172 30836
454 1791255360747440 31218
455 1791255360771488 35358
456 1791255360784200 26485
457 1791255360805862 31198
458 1791255360826699 32175
459 1791255360849983 31393
460 1791255360864840 30292
461 1791255360881936 26939
462 1791255360906603 29124
463 1791255360927303 27581
464 1791255360942999 27508
465 1791255360963127 26207
466 1791255360984754 30585
467 1791255361010597 34578
468 1791255361024005 26184
469 1791255361046288 31606
470 1791255361069805 35438
471 1791255361084806 29937
472 1791255361107588 33558
473 1791255361129391 29116
474 1791255361139573 22562
475 1791255361165401 29770
476 1791255361183878 29038
477 1791255361208043 32508
478 1791255361233308 39159
479 1791255361252517 37008
480 1791255361273321 38204
481 1791255361305341 47512
482 1791255361324509 47843
483 1791255361345758 51673
484 1791255361370386 55770
485 1791255361394037 58458
486 1791255361425692 67333
487 1791255361443861 68163
488 1791255361464488 70622
489 1791255361493612 79085
490 1791255361515378 79181
491 1791255361541385 87321
492 1791255361562393 87368
493 1791255361590155 91719
494 1791255361612473 97092
495 1791255361638556 103911
496 1791255361656070 101556
497 1791255361681486 106345
498 1791255361694178 99397
499 1791255361721346 104847
500 1791255361753184 114621
501 1791255361770775 115176
502 1791255361784422 108966
503 1791255361805140 110958
504 1791255361825092 109960
505 1791255361851932 114824
506 1791255361863553 107969
507 1791255361888870 114577
508 1791255361910013 115117
509 1791255361933039 118546
510 1791255361963131 126639
511 1791255361973502 116460
512 1791255361995835 121013
513 1791255362012641 117082
514 1791255362043184 127703
515 1791255362054097 119842
516 1791255362073835 119056
517 1791255362098672 122652
518 1791255362115261 119420
519 1791255362143461 125782
520 1791255362164189 129130
521 1791255362185497 131395
522 1791255362194213 120375
523 1791255362218370 120013
524 1791255362230705 116705
525 1791255362251526 114541
526 1791255362274188 114737
527 1791255362293761 119040
528 1791255362305708 111493
529 1791255362323546 105174
530 1791255362343670 109145
531 1791255362358389 103178
532 1791255362383199 109008
533 1791255362398616 104852
534 1791255362413746 96556
535 1791255362428462 93630
536 1791255362445468 87070
537 1791255362457166 81655
538 1791255362474807 76189
539 1791255362487547 73798
540 1791255362499702 64900
541 1791255362509297 54308
542 1791255362523549 49058
543 1791255362534365 39575
544 1791255362545593 30705
545 1791255362565907 31538
546 1791255362588654 27359
547 1791255362611139 36807
548 1791255362625460 30204
549 1791255362646935 32090
550 1791255362663703 28103
551 1791255362692200 37705
552 1791255362704598 28402
553 1791255362730083 34037
554 1791255362747045 28678
555 1791255362762404 26980
556 1791255362785722 30924
557 1791255362804736 29358
558 1791255362824492 30381
559 1791255362844251 29270
560 1791255362870537 30406
561 1791255362886022 28532
562 1791255362904667 28924
563 1791255362923877 28445
564 1791255362947059 31867
565 1791255362963028 28918
566 1791255362979785 23846
567 1791255363005119 30152
568 1791255363026657 29962
569 1791255363044373 28549
570 1791255363068163 29184
571 1791255363082482 24647
572 1791255363110481 35986
573 1791255363127640 32296
574 1791255363146644 31453
575 1791255363164705 29073
576 1791255363188220 31841
577 1791255363205879 30716
578 1791255363223328 28957
579 1791255363247179 33132
580 1791255363263531 27964
581 1791255363281882 25770
582 1791255363305508 30387
583 1791255363324436 30374
584 1791255363343834 29138
585 1791255363367960 31002
586 1791255363384445 29380
587 1791255363404105 25813
588 1791255363425116 29186
589 1791255363445050 29380
590 1791255363470607 30857
591 1791255363493131 36051
592 1791255363504589 28391
593 1791255363523837 29265
594 1791255363553547 36920
595 1791255363568583 31127
596 1791255363585447 30778
597 1791255363608258 32251
598 1791255363630105 33092
599 1791255363646621 31746
600 1791255363668573 33919
601 1791255363687361 31523
602 1791255363699516 24151
603 1791255363722670 25486
604 1791255363744724 29556
605 1791255363764141 28635
606 1791255363784447 30443
607 1791255363814010 36286
608 1791255363824893 28109
609 1791255363843121 29109
610 1791255363866734 30605
611 1791255363882139 26341
612 1791255363915247 39218
613 1791255363934755 30669
614 1791255363948845 33523
615 1791255363961607 26848
616 1791255363984065 29653
617 1791255364009451 29882
618 1791255364021735 27204
619 1791255364053696 36385
620 1791255364066130 29275
621 1791255364077123 23420
622 1791255364102680 27685
623 1791255364125564 27564
624 1791255364147839 32602
625 1791255364166139 26214
626 1791255364189362 34224
627 1791255364207481 31125
628 1791255364228061 33400
629 1791255364245703 29732
630 1791255364262831 28139
631 1791255364294098 39551
632 1791255364307489 31168
633 1791255364322420 28317
634 1791255364353082 37417
635 1791255364364316 26102
636 1791255364382922 28131
637 1791255364412094 36347
638 1791255364423422 22447
639 1791255364444348 29739
640 1791255364463151 24004
641 1791255364480301 25769
642 1791255364507800 31591
643 1791255364534492 33485
644 1791255364538528 24341
645 1791255364561878 27384
646 1791255364584744 29649
647 1791255364603666 29464
648 1791255364633989 38594
649 1791255364648191 31016
650 1791255364665557 31566
651 1791255364684930 30204
652 1791255364706207 28117
653 1791255364724159 27723
654 1791255364743357 28888
655 1791255364764623 26759
656 1791255364786530 30647
657 1791255364804637 28552
658 1791255364825260 29208
659 1791255364842890 25959
660 1791255364867034 30896
661 1791255364883492 29222
662 1791255364903402 26800
663 1791255364923134 26257
664 1791255364942548 27392
665 1791255364960463 24100
666 1791255364982976 27322
667 1791255365004020 28602
668 1791255365021022 26226
669 1791255365043571 26167
670 1791255365066260 31220
671 1791255365083522 28406
672 1791255365106424 31653
673 1791255365127375 28055
674 1791255365144740 30138
675 1791255365170840 35593
676 1791255365189024 33732
677 1791255365203747 29464
678 1791255365225158 27772
679 1791255365240200 25551
680 1791255365263358 27686
681 1791255365296903 39557
682 1791255365309567 34018
683 1791255365322526 25619
684 1791255365347663 32092
685 1791255365364275 28882
686 1791255365390442 33497
687 1791255365413464 37699
688 1791255365431195 36123
689 1791255365458099 42864
690 1791255365478975 43211
691 1791255365503994 50014
692 1791255365534044 55065
693 1791255365553436 55203
694 1791255365571500 55740
695 1791255365599059 65013
696 1791255365624198 68850
697 1791255365642693 67161
698 1791255365663781 64719
699 1791255365683220 67538
700 1791255365698413 62265
701 1791255365724050 68844
702 1791255365743777 66760
703 1791255365765141 66724
704 1791255365785963 68756
705 1791255365804678 70242
706 1791255365823103 69075
707 1791255365852138 77079
708 1791255365863418 66030
709 1791255365884425 68297
710 1791255365908276 73749
711 1791255365925799 70704
712 1791255365951591 75625
713 1791255365974163 79021
714 1791255365992964 78126
715 1791255366014012 78545
716 1791255366030068 74817
717 1791255366049073 74906
718 1791255366073574 78924
719 1791255366095986 81970
720 1791255366115896 80590
721 1791255366134952 80604
722 1791255366150955 77211
723 1791255366174426 80419
724 1791255366184893 70660
725 1791255366210791 75836
726 1791255366230900 75984
727 1791255366250993 76712
728 1791255366273596 77030
729 1791255366297251 80707
730 1791255366313793 79405
731 1791255366331252 75255
732 1791255366354910 78651
733 1791255366373427 76174
734 1791255366392611 78814
735 1791255366419340 83848
736 1791255366432614 77701
737 1791255366457565 80411
738 1791255366473557 78433
739 1791255366485041 69639
740 1791255366500138 64080
741 1791255366520235 62667
742 1791255366535922 56334
743 1791255366553371 58870
744 1791255366568554 50565
745 1791255366586751 51355
746 1791255366606702 49259
747 1791255366620660 41812
748 1791255366634031 39855
749 1791255366651860 37796
750 1791255366666852 32818
751 1791255366682760 27325
752 1791255366709219 31884
753 1791255366726321 28522
754 1791255366743962 29367
755 1791255366771586 37172
756 1791255366786327 29638
757 1791255366805839 28742
758 1791255366827392 28018
759 1791255366844859 29380
760 1791255366863037 27361
761 1791255366884520 30176
762 1791255366904459 28393
763 1791255366923591 28387
764 1791255366943783 28535
765 1791255366962115 26009
766 1791255366978715 24454
767 1791255367009707 30989
768 1791255367023854 29748
769 1791255367043648 29816
770 1791255367066372 31758
771 1791255367077834 22814
772 1791255367114715 37301
773 1791255367125650 31126
774 1791255367144932 30214
775 1791255367163672 26104
776 1791255367188676 33514
777 1791255367200247 25780
778 1791255367223314 27987
779 1791255367245567 27251
780 1791255367266757 28079
781 1791255367283600 27263
782 1791255367303946 25175
783 1791255367321747 25038
784 1791255367336557 21967
785 1791255367370759 34630
786 1791255367384898 28874
787 1791255367408276 31767
788 1791255367427495 30293
789 1791255367453753 38393
790 1791255367464068 27538
791 1791255367482243 28487
792 1791255367506672 32071
793 1791255367522708 28215
794 1791255367548513 33959
795 1791255367564609 26835
796 1791255367584557 27539
797 1791255367609662 30217
798 1791255367625195 29870
799 1791255367652762 37315
800 1791255367663841 27365
801 1791255367682751 27996
802 1791255367703174 25044
803 1791255367733359 36535
804 1791255367745679 26658
805 1791255367762920 28016
806 1791255367783798 26133
807 1791255367808741 33608
808 1791255367823757 29637
809 1791255367845328 29629
810 1791255367863599 28921
811 1791255367885070 29559
812 1791255367902889 28033
813 1791255367922435 27921
814 1791255367942248 24886
815 1791255367965757 29467
816 1791255367983877 29115
817 1791255368002203 24431
818 1791255368023948 29235
819 1791255368041950 27642
820 1791255368062597 28480
821 1791255368083334 28166
822 1791255368107371 31573
823 1791255368123240 26555
824 1791255368142605 25889
825 1791255368158859 24113
826 1791255368184438 27298
827 1791255368204805 30618
828 1791255368228232 30379
829 1791255368239149 25190
830 1791255368264727 30186
831 1791255368287995 28297
832 1791255368304653 30496
833 1791255368328070 30833
834 1791255368354266 39219
835 1791255368373265 38171
836 1791255368395611 41342
837 1791255368417769 43206
838 1791255368443731 48201
839 1791255368468477 52000
840 1791255368491107 57045
841 1791255368508392 54449
842 1791255368535414 57086
843 1791255368555521 60821
844 1791255368582904 68239
845 1791255368601526 66109
846 1791255368624473 68950
847 1791255368639248 63894
848 1791255368665683 71412
849 1791255368683862 69036
850 1791255368708648 71937
851 1791255368728531 74028
852 1791255368752684 78024
853 1791255368767963 72953
854 1791255368787715 70949
855 1791255368808993 71032
856 1791255368824605 70660
857 1791255368847237 71804
858 1791255368871163 77188
859 1791255368891707 77513
860 1791255368913143 78101
861 1791255368932955 77338
862 1791255368951312 76730
863 1791255368967355 73196
864 1791255368988987 74151
865 1791255369021614 84733
866 1791255369032058 76592
867 1791255369058114 81502
868 1791255369073532 79144
869 1791255369095166 80210
870 1791255369115955 81226
871 1791255369137664 79546
872 1791255369156761 79052
873 1791255369179968 84800
874 1791255369202061 86103
875 1791255369223256 85588
876 1791255369236673 81980
877 1791255369261096 86499
878 1791255369278020 83230
879 1791255369301137 86949
880 1791255369324588 87912
881 1791255369343836 89244
882 1791255369354989 76958
883 1791255369374838 80610
884 1791255369394533 73936
885 1791255369402100 67279
886 1791255369419134 64141
887 1791255369437407 62566
888 1791255369448220 53685
889 1791255369477328 61301
890 1791255369487526 50118
891 1791255369503612 48682
892 1791255369520113 42783
893 1791255369532919 38196
894 1791255369549714 32607
895 1791255369566765 32600
896 1791255369584346 30438
897 1791255369606363 30167
898 1791255369616507 21986
899 1791255369639236 24151
900 1791255369664489 29719
901 1791255369686756 28663
902 1791255369706968 31230
903 1791255369723959 29751
904 1791255369746237 31971
905 1791255369766948 27587
906 1791255369783861 28268
907 1791255369805602 30271
908 1791255369825221 30663
909 1791255369848184 29226
910 1791255369863958 28391
911 1791255369881508 26842
912 1791255369907425 30549
913 1791255369925750 26154
914 1791255369943550 24966
915 1791255369964424 30258
916 1791255369990688 33168
917 1791255370007638 32216
918 1791255370025590 29861
919 1791255370042050 24916
920 1791255370063365 28655
921 1791255370085278 26096
922 1791255370103299 28767
923 1791255370122101 24457
924 1791255370147211 32136
925 1791255370165680 26868
926 1791255370180767 25666
927 1791255370204961 29532
928 1791255370233978 33959
929 1791255370242298 26505
930 1791255370267825 33845
931 1791255370288632 33319
932 1791255370301412 27487
933 1791255370324312 29578
934 1791255370341565 26795
935 1791255370363125 28000
936 1791255370383391 28025
937 1791255370406449 30513
938 1791255370424547 28643
939 1791255370446425 27693
940 1791255370463257 27463
941 1791255370483457 27494
942 1791255370505523 30167
943 1791255370522498 24895
944 1791255370543582 28887
945 1791255370564600 29143
946 1791255370585394 30072
947 1791255370604795 27185
948 1791255370628270 32047
949 1791255370645841 28881
950 1791255370665032 30267
951 1791255370690911 32252
952 1791255370702267 22818
953 1791255370725921 31459
954 1791255370744374 30017
955 1791255370762089 25627
956 1791255370783876 29325
957 1791255370799051 24778
958 1791255370824531 28483
959 1791255370843631 24480
960 1791255370868308 32867
961 1791255370884113 27340
962 1791255370906337 26663
963 1791255370921946 27381
964 1791255370944163 28638
965 1791255370968530 28954
966 1791255370984558 28824
967 1791255371004708 27032
968 1791255371024786 27937
969 1791255371046372 32515
970 1791255371064511 28746
971 1791255371088158 30337
972 1791255371104969 30087
973 1791255371120550 24660
974 1791255371144743 27418
975 1791255371166525 31706
976 1791255371183826 28182
977 1791255371204805 24308
978 1791255371224260 30215
979 1791255371250079 33246
980 1791255371264337 26982
981 1791255371290694 36472
982 1791255371307954 32503
983 1791255371325527 29918
984 1791255371342800 28625
985 1791255371365318 30422
986 1791255371384581 30416
987 1791255371412709 32298
988 1791255371424690 29417
989 1791255371444682 30675
990 1791255371464479 25072
991 1791255371488106 26817
992 1791255371500660 25659
993 1791255371526154 27667
994 1791255371554512 39025
995 1791255371574459 35183
996 1791255371585482 30966
997 1791255371606885 32422
998 1791255371631818 32014
999 1791255371646381 27176
1000 1791255371673654 38763
1001 1791255371687198 32586
1002 1791255371713083 36854
1003 1791255371735269 40320
1004 1791255371756296 41101
1005 1791255371775286 40014
1006 1791255371796193 39893
1007 1791255371817697 42463
1008 1791255371843993 48003
1009 1791255371858080 41719
1010 1791255371883770 45137
1011 1791255371894793 40545
1012 1791255371922572 46366
1013 1791255371946693 51897
1014 1791255371964130 49798
1015 1791255371986535 51405
1016 1791255372000926 47115
1017 1791255372024245 49764
1018 1791255372044042 48499
1019 1791255372073682 55493
1020 1791255372085349 50901
1021 1791255372093172 38911
1022 1791255372106973 33279
1023 1791255372130635 34979
1024 1791255372154396 35071
1025 1791255372173366 37723
1026 1791255372190577 36178
1027 1791255372220314 41613
1028 1791255372237129 39740
1029 1791255372261886 41692
1030 1791255372274548 37418
1031 1791255372304119 47445
1032 1791255372314806 40254
1033 1791255372330448 35153
1034 1791255372357152 41520
1035 1791255372380105 44154
1036 1791255372401294 44139
1037 1791255372423648 43539
1038 1791255372441767 47563
1039 1791255372469855 54928
1040 1791255372487413 51452
1041 1791255372503050 48629
1042 1791255372527028 51421
1043 1791255372552969 56924
1044 1791255372574639 54920
1045 1791255372594665 55875
1046 1791255372613336 54170
1047 1791255372631528 56886
1048 1791255372658252 63583
1049 1791255372674446 57148
1050 1791255372694624 59182
1051 1791255372715434 57178
1052 1791255372735199 60751
1053 1791255372758650 64023
1054 1791255372784461 69025
1055 1791255372803398 68733
1056 1791255372820886 65576
1057 1791255372840927 66143
1058 1791255372853614 58131
1059 1791255372883060 67251
1060 1791255372903867 66562
1061 1791255372925454 70545
1062 1791255372946053 71890
1063 1791255372962753 68045
1064 1791255372983102 69046
1065 1791255373004331 63387
1066 1791255373022232 66377
1067 1791255373046997 69035
1068 1791255373072750 76351
1069 1791255373092756 75767
1070 1791255373114174 77632
1071 1791255373133505 78371
1072 1791255373152175 77931
1073 1791255373177548 77827
1074 1791255373188292 74116
1075 1791255373208233 73511
1076 1791255373229022 72910
1077 1791255373254384 80101
1078 1791255373271378 75797
1079 1791255373295411 77245
1080 1791255373314130 79958
1081 1791255373334571 80226
1082 1791255373364864 89595
1083 1791255373383030 87615
1084 1791255373399379 85246
1085 1791255373420712 86362
1086 1791255373436874 82224
1087 1791255373460301 85074
1088 1791255373474363 79559
1089 1791255373494148 79644
1090 1791255373513771 76894
1091 1791255373533946 73641
1092 1791255373545464 71097
1093 1791255373570646 76494
1094 1791255373580943 67168
1095 1791255373604363 70414
1096 1791255373622816 68036
1097 1791255373641689 65763
1098 1791255373655969 60311
1099 1791255373676343 61549
1100 1791255373691666 57477
1101 1791255373713460 57488
1102 1791255373727865 51696
1103 1791255373743319 48579
1104 1791255373763722 46138
1105 1791255373775120 39558
1106 1791255373797045 39703
1107 1791255373808933 34973
1108 1791255373830523 33475
1109 1791255373842026 28008
1110 1791255373865034 29892
1111 1791255373883847 25751
1112 1791255373905043 28258
1113 1791255373922980 29016
1114 1791255373945939 31693
1115 1791255373963479 28184
1116 1791255373987326 32417
1117 1791255374006031 30521
1118 1791255374023688 29017
1119 1791255374044327 29313
1120 1791255374062900 28616
1121 1791255374080057 24399
1122 1791255374104061 26774
1123 1791255374123066 25816
1124 1791255374150322 35598
1125 1791255374163935 26788
1126 1791255374183031 27374
1127 1791255374199691 25148
1128 1791255374220243 25746
1129 1791255374243864 29071
1130 1791255374264552 27347
1131 1791255374283607 29528
1132 1791255374303895 25923
1133 1791255374322398 23283
1134 1791255374344328 28134
1135 1791255374373083 34878
1136 1791255374385234 26275
1137 1791255374403026 25136
1138 1791255374426148 29708
1139 1791255374440026 25885
1140 1791255374468026 27998
1141 1791255374486177 29685
1142 1791255374504091 28279
1143 1791255374534538 33915
1144 1791255374545857 29767
1145 1791255374565150 30609
1146 1791255374584435 27593
1147 1791255374611067 35585
1148 1791255374631378 34997
1149 1791255374646782 32541
1150 1791255374663868 27661
1151 1791255374684109 25123
1152 1791255374705899 31526
1153 1791255374725675 30378
1154 1791255374743838 29250
1155 1791255374764691 28055
1156 1791255374782384 28164
1157 1791255374803886 29824
1158 1791255374829767 34094
1159 1791255374848580 31012
1160 1791255374855816 21477
1161 1791255374884466 28648
1162 1791255374907050 26021
1163 1791255374923564 28551
1164 1791255374943019 28766
1165 1791255374955659 20990
1166 1791255374983393 27730
1167 1791255375000723 26745
1168 1791255375022180 24464
1169 1791255375035563 20748
1170 1791255375064546 28981
1171 1791255375085005 25169
1172 1791255375102913 22715
1173 1791255375124364 27005
1174 1791255375143485 25986
1175 1791255375162349 23821
1176 1791255375181971 27143
1177 1791255375201657 26377
1178 1791255375223874 29419
1179 1791255375238284 23395
1180 1791255375263990 25703
1181 1791255375285267 27809
1182 1791255375303971 26171
1183 1791255375322847 24743
1184 1791255375334781 20573
1185 1791255375359160 24791
1186 1791255375384706 25542
1187 1791255375402718 26453
1188 1791255375424028 28965
1189 1791255375438979 23963
1190 1791255375463408 24425
1191 1791255375484355 28685
1192 1791255375495892 21079
1193 1791255375521503 25645
1194 1791255375536696 21000
1195 1791255375557127 22226
1196 1791255375575051 21222
1197 1791255375603660 28605
1198 1791255375621238 27050
1199 1791255375636210 21450
1200 1791255375657051 20837
1201 1791255375676977 22649
1202 1791255375698885 24720
1203 1791255375724024 25137
1204 1791255375744099 27040
1205 1791255375759094 24971
1206 1791255375783000 24032
1207 1791255375799575 24196
1208 1791255375822548 22968
1209 1791255375835903 21036
1210 1791255375863085 27525
1211 1791255375881285 25985
1212 1791255375903234 27454
1213 1791255375919259 24506
1214 1791255375940165 25440
1215 1791255375965724 25657
1216 1791255375980617 25132
1217 1791255375996579 21446
1218 1791255376019470 23777
1219 1791255376044373 25019
1220 1791255376063667 25469
1221 1791255376084570 26678
1222 1791255376099547 25581
1223 1791255376120398 20847
1224 1791255376136432 21476
1225 1791255376162448 26013
1226 1791255376183409 28233
1227 1791255376202924 27817
1228 1791255376222828 27499
1229 1791255376238671 21764
1230 1791255376257691 22941
1231 1791255376277522 22855
1232 1791255376303032 25507
1233 1791255376324016 27707
1234 1791255376344481 27446
1235 1791255376363285 25674
1236 1791255376382101 27273
1237 1791255376400950 25313
1238 1791255376416165 21486
1239 1791255376437943 22899
1240 1791255376463398 25574
1241 1791255376483703 25125
1242 1791255376502728 22855
1243 1791255376523550 27343
1244 1791255376542694 25974
1245 1791255376560978 25905
1246 1791255376575433 21109
1247 1791255376602527 27089
1248 1791255376623370 27969
1249 1791255376641285 26276
1250 1791255376663680 27777
1251 1791255376682946 23646
1252 1791255376697912 23853
1253 1791255376725106 27191
1254 1791255376742582 27905
1255 1791255376757513 20757
1256 1791255376776535 21751
1257 1791255376804643 28104
1258 1791255376821425 26133
1259 1791255376845003 27283
1260 1791255376864560 23299
1261 1791255376879692 25385
1262 1791255376904097 24400
1263 1791255376921615 21367
1264 1791255376935936 21725
1265 1791255376959442 24625
1266 1791255376983424 24067
1267 1791255377004540 27469
1268 1791255377024243 25360
1269 1791255377036777 21427
1270 1791255377063133 26353
1271 1791255377080242 24931
1272 1791255377097869 23166
1273 1791255377124365 26492
1274 1791255377141541 22140
1275 1791255377156501 21753
1276 1791255377182199 25695
1277 1791255377199480 24513
1278 1791255377221706 27117
1279 1791255377243439 28257
1280 1791255377258659 23042
1281 1791255377277931 21640
1282 1791255377296247 21186
1283 1791255377323524 28266
1284 1791255377344611 29189
1285 1791255377356085 21416
1286 1791255377384052 27963
1287 1791255377404098 26502
1288 1791255377424732 25966
1289 1791255377441992 26672
1290 1791255377462277 28172
1291 1791255377479868 24812
1292 1791255377502538 26822
1293 1791255377523223 29032
1294 1791255377541211 26336
1295 1791255377561977 27379
1296 1791255377581769 27463
1297 1791255377595928 20992
1298 1791255377623089 27888
1299 1791255377641789 26692
1300 1791255377658570 24302
1301 1791255377676561 20722
1302 1791255377696356 20421
1303 1791255377718024 22815
1304 1791255377736744 21702
1305 1791255377763641 26892
1306 1791255377785081 26441
1307 1791255377803622 23804
1308 1791255377824886 27103
1309 1791255377842864 25233
1310 1791255377860086 24744
1311 1791255377876561 22344
1312 1791255377901932 27450
1313 1791255377919302 22155
1314 1791255377944368 28945
1315 1791255377964324 23773
1316 1791255377976536 21761
1317 1791255378007601 31061
1318 1791255378021765 25813
1319 1791255378044757 27739
1320 1791255378066153 25173
1321 1791255378094234 39922
1322 1791255378111090 35603
1323 1791255378132507 37766
1324 1791255378168601 54309
1325 1791255378187161 52108
1326 1791255378211833 55672
1327 1791255378244161 68560
1328 1791255378253956 56886
1329 1791255378273423 58862
1330 1791255378296195 61410
1331 1791255378323801 69841
1332 1791255378345050 69906
1333 1791255378362667 66469
1334 1791255378384356 69224
1335 1791255378404083 68349
1336 1791255378431408 75476
1337 1791255378445259 71283
1338 1791255378462852 68132
1339 1791255378482913 68332
1340 1791255378501474 65912
1341 1791255378525262 69492
1342 1791255378543927 69766
1343 1791255378577433 79332
1344 1791255378586199 71496
1345 1791255378614521 79684
1346 1791255378628844 70631
1347 1791255378648459 73486
1348 1791255378674840 78151
1349 1791255378689405 74881
1350 1791255378711312 76542
1351 1791255378743374 88507
1352 1791255378757548 82857
1353 1791255378780596 84690
1354 1791255378793229 78480
1355 1791255378815720 77850
1356 1791255378847694 91380
1357 1791255378869660 94739
1358 1791255378882198 86302
1359 1791255378897245 83146
1360 1791255378933419 97035
1361 1791255378945876 91686
1362 1791255378961529 86303
1363 1791255378985279 88031
1364 1791255379008094 93255
1365 1791255379029619 93644
1366 1791255379052565 97808
1367 1791255379090820 113909
1368 1791255379104793 102903
1369 1791255379116569 102022
1370 1791255379150969 115603
1371 1791255379168662 112999
1372 1791255379191821 116338
1373 1791255379215318 119804
1374 1791255379233383 119347
1375 1791255379249952 108274
1376 1791255379264739 109980
1377 1791255379287431 112114
1378 1791255379303135 107334
1379 1791255379323730 108408
1380 1791255379344425 107723
1381 1791255379364381 109916
1382 1791255379376520 100696
1383 1791255379411390 115121
1384 1791255379425026 109425
1385 1791255379449343 114836
1386 1791255379466038 110667
1387 1791255379480323 104793
1388 1791255379505488 110139
1389 1791255379517741 101805
1390 1791255379542674 108530
1391 1791255379566062 110411
1392 1791255379595332 120496
1393 1791255379603309 103393
1394 1791255379624186 107574
1395 1791255379654264 118712
1396 1791255379666607 112719
1397 1791255379692286 117987
1398 1791255379712986 118452
1399 1791255379733265 118387
1400 1791255379743143 108638
1401 1791255379765887 111620
1402 1791255379784509 108338
1403 1791255379793881 98837
1404 1791255379807981 91451
1405 1791255379828024 91394
1406 1791255379830292 75353
1407 1791255379863484 87859
1408 1791255379886634 92750
1409 1791255379894624 79087
1410 1791255379914840 79071
1411 1791255379924730 70574
1412 1791255379943478 68733
1413 1791255379958875 64247
1414 1791255379975385 60542
1415 1791255379994706 55294
1416 1791255380000294 43544
1417 1791255380024177 48784
1418 1791255380031596 36887
1419 1791255380056441 36722
1420 1791255380073614 38695
1421 1791255380094928 40872
1422 1791255380116858 41217
1423 1791255380132595 38208
1424 1791255380144019 27154
1425 1791255380167045 31196
1426 1791255380184452 29337
1427 1791255380207432 31499
1428 1791255380220309 25385
1429 1791255380247940 33327
1430 1791255380263286 27076
1431 1791255380289899 35210
1432 1791255380311891 36124
1433 1791255380334980 40671
1434 1791255380350194 34047
1435 1791255380374176 39194
1436 1791255380395900 39809
1437 1791255380408380 34191
1438 1791255380432563 36660
1439 1791255380453715 37504
1440 1791255380480914 45665
1441 1791255380493864 40146
1442 1791255380514837 40018
1443 1791255380526368 32501
1444 1791255380555736 41175
1445 1791255380577379 39576
1446 1791255380595653 39915
1447 1791255380607513 33230
1448 1791255380638535 42879
1449 1791255380648842 31922
1450 1791255380671463 32924
1451 1791255380690601 35938
1452 1791255380716890 41736
1453 1791255380734791 39595
1454 1791255380760133 43240
1455 1791255380774734 39940
1456 1791255380796442 36306
1457 1791255380809316 34579
1458 1791255380834296 39507
1459 1791255380848183 31499
1460 1791255380866453 32153
1461 1791255380886144 31277
1462 1791255380913625 38747
1463 1791255380935490 40094
1464 1791255380954527 38892
1465 1791255380972588 37095
1466 1791255380992968 38438
1467 1791255381013955 38583
1468 1791255381031747 35658
1469 1791255381045014 31057
1470 1791255381070512 32535
1471 1791255381092471 36365
1472 1791255381110219 35414
1473 1791255381133812 38112
1474 1791255381147574 32059
1475 1791255381171008 37193
1476 1791255381184756 29194
1477 1791255381210926 36663
1478 1791255381228346 34377
1479 1791255381254284 38368
1480 1791255381266559 31728
1481 1791255381295689 41402
1482 1791255381310450 35070
1483 1791255381326200 30509
1484 1791255381354920 38363
1485 1791255381367975 30339
1486 1791255381393722 38794
1487 1791255381414965 40427
1488 1791255381443498 49773
1489 1791255381453663 38693
1490 1791255381478200 43960
1491 1791255381496891 41585
1492 1791255381522599 44396
1493 1791255381547456 51319
1494 1791255381564403 48370
1495 1791255381576774 39439
1496 1791255381596872 41490
1497 1791255381621496 45125
1498 1791255381634543 40159
1499 1791255381662151 43092
1500 1791255381680425 45879
1501 1791255381695791 40719
1502 1791255381724470 47053
1503 1791255381745030 50188
1504 1791255381766577 51710
1505 1791255381783904 49134
1506 1791255381813609 57602
1507 1791255381825264 49259
1508 1791255381844373 50142
1509 1791255381872459 57089
1510 1791255381882323 45821
1511 1791255381903725 48999
1512 1791255381923376 48697
1513 1791255381942098 43619
1514 1791255381962883 48983
1515 1791255381990555 52907
1516 1791255381997070 41651
1517 1791255382014670 36013
1518 1791255382045810 49007
1519 1791255382068420 53747
1520 1791255382097276 62315
1521 1791255382108958 54173
1522 1791255382131236 56547
1523 1791255382144645 48714
1524 1791255382167727 53268
1525 1791255382192827 56843
1526 1791255382213053 56984
1527 1791255382231191 56894
1528 1791255382254303 59485
1529 1791255382274474 59815
1530 1791255382294712 60205
1531 1791255382307738 53431
1532 1791255382332620 58142
1533 1791255382347451 52736
1534 1791255382369269 55044
1535 1791255382387524 51890
1536 1791255382403100 47707
1537 1791255382423384 48978
1538 1791255382458951 62987
1539 1791255382477768 60316
1540 1791255382505955 67135
1541 1791255382516679 60288
1542 1791255382535959 58187
1543 1791255382553715 51919
1544 1791255382570057 53372
1545 1791255382590250 55981
1546 1791255382602669 48951
1547 1791255382639545 62095
1548 1791255382674882 79144
1549 1791255382680031 65022
1550 1791255382710524 70975
1551 1791255382715553 60101
1552 1791255382746853 71967
1553 1791255382755878 53900
1554 1791255382772222 56665
1555 1791255382810946 75164
1556 1791255382820276 65644
1557 1791255382842747 68216
1558 1791255382861558 65315
1559 1791255382894214 78583
1560 1791255382894226 58483
1561 1791255382923588 69077
1562 1791255382940003 64461
1563 1791255382946259 52041
1564 1791255382976487 61888
1565 1791255382989316 54580
1566 1791255383033168 72445
1567 1791255383047597 71106
1568 1791255383059245 55426
1569 1791255383066432 47044
1570 1791255383092636 57085
1571 1791255383107697 51909
1572 1791255383139313 64673
1573 1791255383158638 61952
1574 1791255383168977 54743
1575 1791255383211487 72170
1576 1791255383215177 56535
1577 1791255383239581 64250
1578 1791255383262738 68206
1579 1791255383272537 57358
1580 1791255383296981 59487
1581 1791255383311649 55500
1582 1791255383342681 66461
1583 1791255383356535 59551
1584 1791255383373687 58321
1585 1791255383404806 68171
1586 1791255383415569 61632
1587 1791255383442445 68754
1588 1791255383463426 68563
1589 1791255383473708 59223
1590 1791255383496401 56581
1591 1791255383527791 73077
1592 1791255383544257 70546
1593 1791255383562790 68379
1594 1791255383583674 68554
1595 1791255383596194 56453
1596 1791255383617316 62854
1597 1791255383644526 70334
1598 1791255383669755 75746
1599 1791255383692780 76504
1600 1791255383709089 67928
1601 1791255383721167 64287
1602 1791255383741611 66365
1603 1791255383754204 59685
1604 1791255383783493 64967
1605 1791255383803706 65360
1606 1791255383816269 62062
1607 1791255383843071 66454
1608 1791255383865270 64640
1609 1791255383888459 73820
1610 1791255383913124 78538
1611 1791255383920549 65740
1612 1791255383942364 61987
1613 1791255383960736 62953
1614 1791255383983172 63817
1615 1791255383998591 63681
1616 1791255384016882 62243
1617 1791255384026539 51232
1618 1791255384051993 55391
1619 1791255384063448 46563
1620 1791255384068740 33378
1621 1791255384085413 30340
1622 1791255384103448 29311
1623 1791255384125812 29670
1624 1791255384147010 30782
1625 1791255384158622 22948
1626 1791255384185545 28619
1627 1791255384204589 29741
1628 1791255384224697 29843
1629 1791255384243692 28234
1630 1791255384256387 22310
1631 1791255384290434 36503
1632 1791255384310751 35329
1633 1791255384326062 31335
1634 1791255384350762 34502
1635 1791255384368034 33391
1636 1791255384383204 27963
1637 1791255384403582 27996
1638 1791255384434281 35161
1639 1791255384445429 27318
1640 1791255384464650 30366
1641 1791255384496871 38375
1642 1791255384506564 28881
1643 1791255384524703 27829
1644 1791255384546580 31042
1645 1791255384576194 37779
1646 1791255384591763 32500
1647 1791255384608168 33164
1648 1791255384631723 35879
1649 1791255384656398 40283
1650 1791255384678601 42849
1651 1791255384687660 32491
1652 1791255384711643 36339
1653 1791255384735945 40126
1654 1791255384748919 32942
1655 1791255384774346 38765
1656 1791255384792264 37266
1657 1791255384805086 30739
1658 1791255384825445 28624
1659 1791255384864219 49440
1660 1791255384870668 35002
1661 1791255384896162 37607
1662 1791255384906840 31365
1663 1791255384926099 29934
1664 1791255384942959 28768
1665 1791255384973519 33645
1666 1791255384990661 33173
1667 1791255385003632 28210
1668 1791255385028560 33511
1669 1791255385054384 36059
1670 1791255385072842 37725
1671 1791255385090667 36280
1672 1791255385104905 30140
1673 1791255385132348 37285
1674 1791255385147764 33571
1675 1791255385169366 34958
1676 1791255385187391 29469
1677 1791255385205182 30517
1678 1791255385229739 33663
1679 1791255385246522 31838
1680 1791255385264621 30191
1681 1791255385294205 36912
1682 1791255385307067 31877
1683 1791255385334088 39880
1684 1791255385354034 37867
1685 1791255385367056 32962
1686 1791255385394421 40384
1687 1791255385413361 38842
1688 1791255385444193 49768
1689 1791255385462971 47770
1690 1791255385480310 44701
1691 1791255385502949 47333
1692 1791255385513735 34299
1693 1791255385533912 38584
1694 1791255385554919 41182
1695 1791255385573041 39119
1696 1791255385602196 47275
1697 1791255385627880 52252
1698 1791255385635751 37722
1699 1791255385654207 39242
1700 1791255385684328 49719
1701 1791255385710744 56534
1702 1791255385725343 50595
1703 1791255385732310 37691
1704 1791255385758119 43776
1705 1791255385782435 45867
1706 1791255385805835 49133
1707 1791255385822210 41642
1708 1791255385834880 39906
1709 1791255385855241 40392
1710 1791255385883029 48190
1711 1791255385904610 50085
1712 1791255385934696 59241
1713 1791255385948890 50558
1714 1791255385977238 61978
1715 1791255385979482 44784
1716 1791255386003370 47033
1717 1791255386027422 50181
1718 1791255386054371 57938
1719 1791255386065122 48660
1720 1791255386084698 46660
1721 1791255386113010 58637
1722 1791255386126154 51313
1723 1791255386153090 52282
1724 1791255386174334 55142
1725 1791255386186686 52203
1726 1791255386205247 50530
1727 1791255386230581 56244
1728 1791255386256260 60847
1729 1791255386273499 57634
1730 1791255386286495 51713
1731 1791255386304302 48038
1732 1791255386324700 49587
1733 1791255386353458 56650
1734 1791255386384882 69539
1735 1791255386413549 73579
1736 1791255386413555 58869
1737 1791255386433317 58340
1738 1791255386452633 56799
1739 1791255386475346 59128
1740 1791255386494315 58430
1741 1791255386512531 56833
1742 1791255386523114 48547
1743 1791255386553183 58865
1744 1791255386572325 57313
1745 1791255386598325 63017
1746 1791255386615406 60883
1747 1791255386642284 66908
1748 1791255386660255 61925
1749 1791255386674001 58592
1750 1791255386701107 65167
1751 1791255386734374 74435
1752 1791255386746214 72210
1753 1791255386763154 62043
1754 1791255386785848 63128
1755 1791255386794717 60460
1756 1791255386820852 61003
1757 1791255386834251 59595
1758 1791255386853163 58443
1759 1791255386874604 59879
1760 1791255386896170 61916
1761 1791255386916282 60573
1762 1791255386946333 71727
1763 1791255386955991 60188
1764 1791255386982987 67137
1765 1791255386997254 60825
1766 1791255387023848 69057
1767 1791255387049940 72996
1768 1791255387065725 71314
1769 1791255387086134 71552
1770 1791255387099767 65683
1771 1791255387115509 61064
1772 1791255387137002 62679
1773 1791255387156185 56415
1774 1791255387182434 67526
1775 1791255387200382 65223
1776 1791255387217654 62974
1777 1791255387244339 65874
1778 1791255387257900 62620
1779 1791255387275596 58151
1780 1791255387295931 61015
1781 1791255387316402 60492
1782 1791255387352240 76642
1783 1791255387369912 73978
1784 1791255387392827 78220
1785 1791255387413427 76949
1786 1791255387420435 65012
1787 1791255387444761 70368
1788 1791255387460710 64822
1789 1791255387483186 67727
1790 1791255387504048 68055
1791 1791255387516640 61311
1792 1791255387543450 69524
1793 1791255387564879 64109
1794 1791255387582261 67160
1795 1791255387591889 55109
1796 1791255387604701 48165
1797 1791255387620835 45873
1798 1791255387634547 39204
1799 1791255387654546 39164
1800 1791255387666241 31691
1801 1791255387690943 36394
1802 1791255387706020 29963
1803 1791255387726646 29947
1804 1791255387746775 32365
1805 1791255387772590 35353
1806 1791255387785607 24616
1807 1791255387816192 40683
1808 1791255387833601 35880
1809 1791255387843921 29950
1810 1791255387867086 31754
1811 1791255387885313 28669
1812 1791255387904434 29053
1813 1791255387927743 31723
1814 1791255387944454 29548
1815 1791255387962332 27627
1816 1791255387985116 25887
1817 1791255388012626 35923
1818 1791255388027639 26684
1819 1791255388058999 41888
1820 1791255388078222 43279
1821 1791255388102443 43709
1822 1791255388117133 38909
1823 1791255388150575 48129
1824 1791255388150583 35813
1825 1791255388173746 37732
1826 1791255388201649 44821
1827 1791255388212718 38969
1828 1791255388235937 34284
1829 1791255388245986 31288
1830 1791255388270998 36534
1831 1791255388291275 35864
1832 1791255388315466 40296
1833 1791255388333836 37992
1834 1791255388352485 37017
1835 1791255388381126 47287
1836 1791255388400693 45862
1837 1791255388417172 36045
1838 1791255388434557 37772
1839 1791255388444022 29995
1840 1791255388465103 30545
1841 1791255388493822 39359
1842 1791255388513762 38778
1843 1791255388533855 40022
1844 1791255388555505 41740
1845 1791255388577866 44008
1846 1791255388602988 47480
1847 1791255388609158 32460
1848 1791255388634539 37353
1849 1791255388658918 42878
1850 1791255388677368 42825
1851 1791255388704719 45797
1852 1791255388723059 47728
1853 1791255388742397 46226
1854 1791255388758201 43710
1855 1791255388780136 44473
1856 1791255388811885 55133
1857 1791255388827533 50865
1858 1791255388841534 40179
1859 1791255388857991 42229
1860 1791255388880794 43721
1861 1791255388895736 39161
1862 1791255388921247 45625
1863 1791255388943840 48102
1864 1791255388959054 43978
1865 1791255388980988 46257
1866 1791255389010072 51330
1867 1791255389029037 48047
1868 1791255389035254 41042
1869 1791255389064643 49233
1870 1791255389081150 45892
1871 1791255389108135 51967
1872 1791255389123113 43150
1873 1791255389135198 40407
1874 1791255389155320 39863
1875 1791255389176800 42524
1876 1791255389197096 42305
1877 1791255389215391 40906
1878 1791255389241191 44092
1879 1791255389270380 54986
1880 1791255389286588 45384
1881 1791255389312602 55935
1882 1791255389329328 53625
1883 1791255389353700 57019
1884 1791255389366767 50174
1885 1791255389381977 47318
1886 1791255389404371 50669
1887 1791255389434169 59417
1888 1791255389446093 51587
1889 1791255389462977 48086
1890 1791255389476045 41873
1891 1791255389501411 45333
1892 1791255389522837 46788
1893 1791255389553945 59595
1894 1791255389565843 48814
1895 1791255389594333 59214
1896 1791255389604690 50742
1897 1791255389616200 41325
1898 1791255389638933 44639
1899 1791255389653827 39515
1900 1791255389673710 38797
1901 1791255389710245 56415
1902 1791255389722664 48952
1903 1791255389754155 59255
1904 1791255389775615 60075
1905 1791255389794526 51880
1906 1791255389804736 50579
1907 1791255389834276 58658
1908 1791255389843589 49061
1909 1791255389857207 43068
1910 1791255389883690 49410
1911 1791255389904797 50051
1912 1791255389929292 54422
1913 1791255389953275 58872
1914 1791255389979062 63293
1915 1791255390004358 67750
1916 1791255390012065 57739
1917 1791255390026429 47364
1918 1791255390059941 65273
1919 1791255390077553 61385
1920 1791255390088475 53413
1921 1791255390114208 54596
1922 1791255390134421 56865
1923 1791255390153539 57864
1924 1791255390178194 63982
1925 1791255390184871 50447
1926 1791255390209516 54776
1927 1791255390224692 48781
1928 1791255390257375 62752
1929 1791255390275993 59983
1930 1791255390291064 55460
1931 1791255390323211 68320
1932 1791255390332483 56487
1933 1791255390355017 60442
1934 1791255390375721 59240
1935 1791255390399289 62562
1936 1791255390414572 59797
1937 1791255390435184 59460
1938 1791255390461723 66928
1939 1791255390483179 68604
1940 1791255390495021 59834
1941 1791255390514506 54777
1942 1791255390532696 58555
1943 1791255390553761 59267
1944 1791255390562236 47727
1945 1791255390591253 55753
1946 1791255390611512 57746
1947 1791255390635137 60643
1948 1791255390655264 60216
1949 1791255390672894 57948
1950 1791255390690229 55564
1951 1791255390718131 62864
1952 1791255390736670 61479
1953 1791255390759823 64567
1954 1791255390785674 67540
1955 1791255390803996 67311
1956 1791255390817346 57519
1957 1791255390840022 65187
1958 1791255390861948 61999
1959 1791255390876583 61796
1960 1791255390904531 64506
1961 1791255390915548 60207
1962 1791255390940574 66133
1963 1791255390956255 56572
1964 1791255390982999 67447
1965 1791255391005324 66158
1966 1791255391022882 66625
1967 1791255391056390 79765
1968 1791255391071479 72002
1969 1791255391087590 70894
1970 1791255391103639 61384
1971 1791255391116770 60376
1972 1791255391135449 59624
1973 1791255391156759 56475
1974 1791255391177160 60684
1975 1791255391192563 57917
1976 1791255391214404 58757
1977 1791255391241398 65643
1978 1791255391268667 71817
1979 1791255391289380 74973
1980 1791255391315464 80473
1981 1791255391315474 60076
1982 1791255391342723 68565
1983 1791255391372976 76555
1984 1791255391384443 68977
1985 1791255391403285 67672
1986 1791255391428043 73872
1987 1791255391454663 76057
1988 1791255391470582 72314
1989 1791255391482970 67526
1990 1791255391512040 71970
1991 1791255391519533 64867
1992 1791255391547582 71574
1993 1791255391564481 66100
1994 1791255391593437 76159
1995 1791255391603710 68990
1996 1791255391626344 70514
1997 1791255391648743 70481
1998 1791255391655876 60539
1999 1791255391676457 60360
2000 1791255391704343 67781
2001 1791255391714607 58728
2002 1791255391731419 56880
2003 1791255391753759 58956
2004 1791255391772834 58225
2005 1791255391793407 58565
2006 1791255391812658 58894
2007 1791255391824612 50010
2008 1791255391839973 44677
2009 1791255391860995 43260
2010 1791255391874586 39521
2011 1791255391893571 39151
2012 1791255391910958 36368
2013 1791255391927093 27698
2014 1791255391943182 28597
2015 1791255391964717 29753
2016 1791255391982939 27786
2017 1791255392000038 25869
2018 1791255392024465 24996
2019 1791255392053978 35930
2020 1791255392068210 30168
2021 1791255392082592 28611
2022 1791255392109004 31485
2023 1791255392132013 35508
2024 1791255392152705 38240
2025 1791255392173086 36726
2026 1791255392196199 36170
2027 1791255392205476 29470
2028 1791255392219039 22826
2029 1791255392260798 42708
2030 1791255392271252 36694
2031 1791255392288436 33682
2032 1791255392301996 26005
2033 1791255392323013 28160
2034 1791255392349852 29865
2035 1791255392382041 47316
2036 1791255392392984 38415
2037 1791255392399550 24847
2038 1791255392440757 42954
2039 1791255392449435 27035
2040 1791255392465808 30547
2041 1791255392490889 35457
2042 1791255392508068 32784
2043 1791255392525915 31598
2044 1791255392546633 31535
2045 1791255392562468 26577
2046 1791255392589852 31851
2047 1791255392618525 39254
2048 1791255392620333 25123
2049 1791255392647062 32209
2050 1791255392671559 36684
2051 1791255392701425 46096
2052 1791255392711310 36467
2053 1791255392734312 32884
2054 1791255392761607 45989
2055 1791255392773099 38784
2056 1791255392791557 36908
2057 1791255392805625 30855
2058 1791255392824559 28405
2059 1791255392853712 38519
2060 1791255392868574 32996
2061 1791255392888142 34427
2062 1791255392911099 35844
2063 1791255392933608 37506
2064 1791255392955417 40539
2065 1791255392970954 33972
2066 1791255392994628 39208
2067 1791255393004352 28225
2068 1791255393025616 30985
2069 1791255393064657 50089
2070 1791255393089181 54072
2071 1791255393104255 47029
2072 1791255393116050 40887
2073 1791255393129685 34880
2074 1791255393149515 33462
2075 1791255393165325 30935
2076 1791255393193487 38613
2077 1791255393224421 49662
2078 1791255393244191 48135
2079 1791255393261628 45770
2080 1791255393273859 38706
2081 1791255393297166 42675
2082 1791255393307212 33350
2083 1791255393336794 39626
2084 1791255393354287 36918
2085 1791255393381360 44561
2086 1791255393398892 44602
2087 1791255393432496 56497
2088 1791255393443845 45643
2089 1791255393460910 46694
2090 1791255393487710 52202
2091 1791255393505175 47027
2092 1791255393522926 44413
2093 1791255393545313 51010
2094 1791255393568523 50572
2095 1791255393577756 43483
2096 1791255393602391 45796
2097 1791255393622925 46468
2098 1791255393640040 45956
2099 1791255393672628 56180
2100 1791255393688071 48025
2101 1791255393706283 51425
2102 1791255393723351 48470
2103 1791255393746962 51153
2104 1791255393766825 52164
2105 1791255393784736 49949
2106 1791255393807115 47514
2107 1791255393823341 48931
2108 1791255393843032 48159
2109 1791255393868573 52764
2110 1791255393895106 58959
2111 1791255393901958 46679
2112 1791255393935107 59935
2113 1791255393945578 50468
2114 1791255393981890 67559
2115 1791255393997961 62851
2116 1791255394003488 47463
2117 1791255394031526 50457
2118 1791255394044464 50101
2119 1791255394066327 50358
2120 1791255394082281 46222
2121 1791255394108586 50269
2122 1791255394123477 48692
2123 1791255394146671 48936
2124 1791255394183437 65060
2125 1791255394186890 51049
2126 1791255394213161 52334
2127 1791255394224811 50097
2128 1791255394251736 57718
2129 1791255394276772 60008
2130 1791255394284318 49918
2131 1791255394304501 47232
2132 1791255394332920 56144
2133 1791255394348681 52919
2134 1791255394371332 54748
2135 1791255394392026 57301
2136 1791255394404703 49483
2137 1791255394432995 57580
2138 1791255394450122 55271
2139 1791255394482486 63122
2140 1791255394492727 57257
2141 1791255394507324 52607
2142 1791255394531827 56866
2143 1791255394554666 60473
2144 1791255394571846 56917
2145 1791255394586848 52633
2146 1791255394611653 56983
2147 1791255394631281 55458
2148 1791255394658354 59969
2149 1791255394679993 64569
2150 1791255394694075 57956
2151 1791255394724031 65670
2152 1791255394734470 54472
2153 1791255394754178 60099
2154 1791255394780380 64810
2155 1791255394795863 61391
2156 1791255394814562 60381
2157 1791255394843189 68241
2158 1791255394856371 60505
2159 1791255394864927 50421
2160 1791255394888743 53262
2161 1791255394913297 56922
2162 1791255394930307 53165
2163 1791255394945507 51459
2164 1791255394974366 59084
2165 1791255395004477 69576
2166 1791255395024104 68007
2167 1791255395043056 68711
2168 1791255395050966 50618
2169 1791255395073224 57756
2170 1791255395090681 54432
2171 1791255395123694 69195
2172 1791255395133551 57241
2173 1791255395147317 53222
2174 1791255395174418 50717
2175 1791255395185108 47637
2176 1791255395213891 57309
2177 1791255395237099 62670
2178 1791255395247581 53081
2179 1791255395262116 48222
2180 1791255395286685 49582
2181 1791255395316893 58485
2182 1791255395324947 49292
2183 1791255395347968 51974
2184 1791255395364552 49805
2185 1791255395394711 58815
2186 1791255395414379 56485
2187 1791255395432464 51773
2188 1791255395439107 45245
2189 1791255395466671 52514
2190 1791255395493133 56107
2191 1791255395513660 54059
2192 1791255395523150 46863
2193 1791255395552782 57920
2194 1791255395584162 68072
2195 1791255395586410 51719
2196 1791255395612006 56781
2197 1791255395625789 46494
2198 1791255395652217 53499
2199 1791255395676801 62092
2200 1791255395697415 63313
2201 1791255395718168 63757
2202 1791255395730942 54139
2203 1791255395768560 71142
2204 1791255395772936 55076
2205 1791255395800532 65973
2206 1791255395820218 64468
2207 1791255395838793 61485
2208 1791255395862033 61498
2209 1791255395877033 61726
2210 1791255395913739 75995
2211 1791255395917936 56398
2212 1791255395947579 70543
2213 1791255395955405 59910
2214 1791255395978995 65253
2215 1791255396002969 66868
2216 1791255396014416 59008
2217 1791255396038521 63302
2218 1791255396054911 60368
2219 1791255396076833 62415
2220 1791255396096446 57923
2221 1791255396114531 59617
2222 1791255396138477 62298
2223 1791255396159125 65213
2224 1791255396183798 69263
2225 1791255396197255 59379
2226 1791255396227222 71485
2227 1791255396245542 70261
2228 1791255396279339 84692
2229 1791255396300314 79508
2230 1791255396303495 67282
2231 1791255396337900 82237
2232 1791255396345772 66431
2233 1791255396369581 69263
2234 1791255396375900 60205
2235 1791255396403369 69404
2236 1791255396426388 72321
2237 1791255396444770 68867
2238 1791255396466140 67528
2239 1791255396483591 67491
2240 1791255396499425 63305
2241 1791255396529472 75135
2242 1791255396544849 65699
2243 1791255396556836 58490
2244 1791255396572989 58313
2245 1791255396591198 56341
2246 1791255396611405 57358
2247 1791255396629482 54799
2248 1791255396645065 49616
2249 1791255396664428 49841
2250 1791255396686796 50825
2251 1791255396703149 48839
2252 1791255396717909 41679
2253 1791255396734260 39111
2254 1791255396746354 31725
2255 1791255396773216 38953
2256 1791255396790435 35885
2257 1791255396809434 35008
2258 1791255396824782 28210
2259 1791255396845670 28667
2260 1791255396872982 38520
2261 1791255396887928 33933
2262 1791255396903194 28329
2263 1791255396923751 28022
2264 1791255396941004 26582
2265 1791255396971005 36476
2266 1791255396984603 29702
2267 1791255397004371 30169
2268 1791255397026581 31620
2269 1791255397053452 36479
2270 1791255397067064 30887
2271 1791255397085893 30635
2272 1791255397112099 34861
2273 1791255397134243 37324
2274 1791255397153418 39049
2275 1791255397175747 41501
2276 1791255397192341 36677
2277 1791255397203647 29512
2278 1791255397227768 32905
2279 1791255397254284 35306
2280 1791255397269537 33834
2281 1791255397279592 25305
2282 1791255397310705 35309
2283 1791255397333456 37714
2284 1791255397350850 37051
2285 1791255397370066 34141
2286 1791255397379511 25085
2287 1791255397406355 31263
2288 1791255397432851 34668
2289 1791255397446450 31891
2290 1791255397469243 32418
2291 1791255397485598 25887
2292 1791255397507071 32431
2293 1791255397528586 31948
2294 1791255397549472 34418
2295 1791255397567565 32075
2296 1791255397594605 38289
2297 1791255397611713 36598
2298 1791255397637102 42493
2299 1791255397645384 30319
2300 1791255397671548 34444
2301 1791255397685943 31229
2302 1791255397720531 45692
2303 1791255397733393 39210
2304 1791255397755186 34650
2305 1791255397770775 32252
2306 1791255397784859 29752
2307 1791255397807136 33025
2308 1791255397838540 44188
2309 1791255397857500 41919
2310 1791255397874759 36214
2311 1791255397893320 35818
2312 1791255397906561 31799
2313 1791255397934523 39724
2314 1791255397952553 36489
2315 1791255397965776 31250
2316 1791255397993449 38012
2317 1791255398006447 31577
2318 1791255398037635 40987
2319 1791255398054099 38391
2320 1791255398072993 37595
2321 1791255398086992 32891
2322 1791255398118181 43921
2323 1791255398128448 30924
2324 1791255398144677 26481
2325 1791255398164712 29136
2326 1791255398181267 26164
2327 1791255398196774 22892
2328 1791255398224016 27238
2329 1791255398242035 24622
2330 1791255398262357 24973
2331 1791255398280056 21123
2332 1791255398302372 27705
2333 1791255398320260 25361
2334 1791255398342993 28269
2335 1791255398361712 26716
2336 1791255398380492 23485
2337 1791255398402277 26997
2338 1791255398420948 25759
2339 1791255398441875 27151
2340 1791255398462056 27528
2341 1791255398481719 26160
2342 1791255398512752 31028
2343 1791255398523181 26810
2344 1791255398544303 25941
2345 1791255398562893 23046
2346 1791255398579151 24054
2347 1791255398604914 25818
2348 1791255398615732 21230
2349 1791255398636124 21913
2350 1791255398673368 37702
2351 1791255398683937 26413
2352 1791255398696365 21225
2353 1791255398727734 31365
2354 1791255398743822 28481
2355 1791255398759274 25255
2356 1791255398781629 24790
2357 1791255398796546 21443
2358 1791255398826351 29801
2359 1791255398841990 27355
2360 1791255398862812 28182
2361 1791255398882922 27531
2362 1791255398903047 27410
2363 1791255398922022 27908
2364 1791255398936580 22186
2365 1791255398955777 21245
2366 1791255398986042 30261
2367 1791255399001450 21943
2368 1791255399017383 21778
2369 1791255399044309 26922
2370 1791255399063528 24443
2371 1791255399085234 25361
2372 1791255399095517 20602
2373 1791255399117241 22791
2374 1791255399142497 25252
2375 1791255399163226 27053
2376 1791255399182033 22094
2377 1791255399202896 27179
2378 1791255399219198 23622
2379 1791255399241036 26968
2380 1791255399265030 23984
2381 1791255399279208 21579
2382 1791255399298095 22744
2383 1791255399322712 24615
2384 1791255399337728 23527
2385 1791255399364355 26623
2386 1791255399380428 24775
2387 1791255399395987 20630
2388 1791255399417960 21969
2389 1791255399442276 26211
2390 1791255399463011 25844
2391 1791255399483835 25322
2392 1791255399506003 25443
2393 1791255399517698 23183
2394 1791255399543786 26084
2395 1791255399562022 21966
2396 1791255399575701 21076
2397 1791255399596600 21904
2398 1791255399616910 21461
2399 1791255399641807 24893
2400 1791255399665796 29040
2401 1791255399683290 21939
2402 1791255399695891 20643
2403 1791255399721992 26759
2404 1791255399737292 22989
2405 1791255399763809 28082
2406 1791255399779288 23944
2407 1791255399799285 24518
2408 1791255399823553 24262
2409 1791255399839575 23970
2410 1791255399861932 26898
2411 1791255399880785 24960
2412 1791255399903198 28537
2413 1791255399916183 22010
2414 1791255399946754 30566
2415 1791255399962146 21045
2416 1791255399977440 23237
2417 1791255400002995 25965
2418 1791255400021680 23419
2419 1791255400040857 26087
2420 1791255400056447 22006
2421 1791255400078652 23072
2422 1791255400097823 22956
2423 1791255400117271 22357
2424 1791255400144053 28111
2425 1791255400163951 29018
2426 1791255400182294 26788
2427 1791255400202158 26406
2428 1791255400219213 24660
2429 1791255400237282 21704
2430 1791255400264175 26889
2431 1791255400280044 22740
2432 1791255400306098 30614
2433 1791255400324284 23913
2434 1791255400345173 27596
2435 1791255400362998 22707
2436 1791255400377067 22717
2437 1791255400404155 27082
2438 1791255400422449 24698
2439 1791255400443964 28191
2440 1791255400458801 21670
2441 1791255400483340 26391
2442 1791255400505412 26219
2443 1791255400516074 21540
2444 1791255400541917 25835
2445 1791255400556575 22292
2446 1791255400576381 21602
2447 1791255400597654 21268
2448 1791255400626241 28824
2449 1791255400642215 22034
2450 1791255400656402 21849
2451 1791255400676722 22112
2452 1791255400704277 27551
2453 1791255400720243 23646
2454 1791255400742559 26418
2455 1791255400762788 27528
2456 1791255400776764 21569
2457 1791255400796022 21395
2458 1791255400816347 22125
2459 1791255400842983 27396
2460 1791255400864958 24752
2461 1791255400882057 23689
2462 1791255400896696 21586
2463 1791255400916997 21795
2464 1791255400937306 22553
2465 1791255400958031 20719
2466 1791255400976668 22147
2467 1791255401003552 27096
2468 1791255401021411 27150
2469 1791255401036050 21277
2470 1791255401055668 21038
2471 1791255401083630 27943
2472 1791255401099135 24936
2473 1791255401126040 29414
2474 1791255401136406 21523
2475 1791255401160966 25047
2476 1791255401183939 29399
2477 1791255401204681 22887
2478 1791255401225378 26592
2479 1791255401237415 22637
2480 1791255401262964 26305
2481 1791255401285823 28583
2482 1791255401306886 27018
2483 1791255401327991 31986
2484 1791255401344137 29685
2485 1791255401364962 30644
2486 1791255401398460 43405
2487 1791255401408323 26598
2488 1791255401441954 47592
2489 1791255401453028 37185
2490 1791255401475572 33616
2491 1791255401505509 50156
2492 1791255401540726 65150
2493 1791255401567061 72291
2494 1791255401598062 83294
2495 1791255401621225 80495
2496 1791255401634053 79876
2497 1791255401664983 88706
2498 1791255401676128 78061
2499 1791255401692470 77617
2500 1791255401713404 79347
2501 1791255401746226 91519
2502 1791255401754902 79253
2503 1791255401776569 78309
2504 1791255401796754 81922
2505 1791255401822188 87873
2506 1791255401835624 80719
2507 1791255401857549 80976
2508 1791255401884009 88130
2509 1791255401901503 87033
2510 1791255401925537 89909
2511 1791255401953978 97706
2512 1791255401984696 108695
2513 1791255401999041 103972
2514 1791255402027407 108085
2515 1791255402028117 93457
2516 1791255402058834 104853
2517 1791255402063281 84517
2518 1791255402091263 97072
2519 1791255402114736 100494
2520 1791255402145945 109354
2521 1791255402168425 113428
2522 1791255402188108 108919
2523 1791255402201204 106079
2524 1791255402219030 104291
2525 1791255402244652 109203
2526 1791255402260006 104542
2527 1791255402279435 104158
2528 1791255402303768 104253
2529 1791255402323925 105517
2530 1791255402344565 110387
2531 1791255402361372 103766
2532 1791255402394267 116688
2533 1791255402408593 113979
2534 1791255402432876 117396
2535 1791255402445617 110332
2536 1791255402470801 115767
2537 1791255402489857 113647
2538 1791255402504198 109928
2539 1791255402523735 108052
2540 1791255402547462 112866
2541 1791255402579646 124918
2542 1791255402595694 121325
2543 1791255402624251 129643
2544 1791255402639655 124388
2545 1791255402662322 128243
2546 1791255402682421 121924
2547 1791255402702536 127398
2548 1791255402729862 134164
2549 1791255402754711 140832
2550 1791255402774559 139592
2551 1791255402784506 128345
2552 1791255402813177 138533
2553 1791255402842841 141602
2554 1791255402845091 130066
2555 1791255402866795 130462
2556 1791255402891399 136685
2557 1791255402906052 131489
2558 1791255402938676 142419
2559 1791255402945690 129377
2560 1791255402972494 135428
2561 1791255402983821 129559
2562 1791255403015410 138053
2563 1791255403031090 135173
2564 1791255403052185 136428
2565 1791255403074893 137903
2566 1791255403099530 140405
2567 1791255403109442 131956
2568 1791255403138414 144344
2569 1791255403161764 146352
2570 1791255403165730 130897
2571 1791255403184379 129986
2572 1791255403199520 124661
2573 1791255403209978 115153
2574 1791255403225916 107982
2575 1791255403241295 102878
2576 1791255403253474 97917
2577 1791255403262791 88733
2578 1791255403276406 77026
2579 1791255403293407 75559
2580 1791255403304448 64325
2581 1791255403325477 64275
2582 1791255403333476 58706
2583 1791255403347433 48945
2584 1791255403365206 44278
2585 1791255403376263 40369
2586 1791255403393501 38732
2587 1791255403416055 39790
2588 1791255403423589 28763
2589 1791255403453111 37053
2590 1791255403468222 31410
2591 1791255403491177 35300
2592 1791255403512335 36071
2593 1791255403533664 38790
2594 1791255403545355 30497
2595 1791255403575737 40028
2596 1791255403594260 35412
2597 1791255403610373 34633
2598 1791255403632797 38533
2599 1791255403652813 37298
2600 1791255403664253 29401
2601 1791255403685157 30196
2602 1791255403716802 42127
2603 1791255403734003 35235
2604 1791255403747920 33031
2605 1791255403771522 37516
2606 1791255403793288 38999
2607 1791255403814231 39111
2608 1791255403834425 39210
2609 1791255403852834 38600
2610 1791255403883255 48828
2611 1791255403900282 44444
2612 1791255403921422 44933
2613 1791255403944479 46548
2614 1791255403952026 30597
2615 1791255403972093 37045
2616 1791255403986995 32139
2617 1791255404013676 37830
2618 1791255404029081 32769
2619 1791255404052941 39261
2620 1791255404067107 31733
2621 1791255404092736 31575
2622 1791255404105417 30787
2623 1791255404129442 34866
2624 1791255404146262 29674
2625 1791255404173452 38592
2626 1791255404200727 43650
2627 1791255404216083 40480
2628 1791255404227795 27792
2629 1791255404246842 32967
2630 1791255404270987 36798
2631 1791255404286113 30574
2632 1791255404306901 32093
2633 1791255404328118 33467
2634 1791255404345086 30967
2635 1791255404366993 31284
2636 1791255404395129 40208
2637 1791255404410778 36314
2638 1791255404426422 31292
2639 1791255404444409 28846
2640 1791255404486181 47897
2641 1791255404496507 38653
2642 1791255404514780 39962
2643 1791255404538966 42457
2644 1791255404552114 37332
2645 1791255404573351 34381
2646 1791255404594228 38608
2647 1791255404615223 40003
2648 1791255404629857 35626
2649 1791255404651602 36376
2650 1791255404673831 38487
2651 1791255404695782 38665
2652 1791255404718913 45079
2653 1791255404735297 40928
2654 1791255404758689 41726
2655 1791255404774295 38994
2656 1791255404793422 34729
2657 1791255404813647 39348
2658 1791255404840916 44164
2659 1791255404855232 38903
2660 1791255404873425 32505
2661 1791255404889967 34731
2662 1791255404910606 33838
2663 1791255404941324 46868
2664 1791255404956424 41720
2665 1791255404981472 40620
2666 1791255404986820 31207
2667 1791255405009184 33321
2668 1791255405032642 37811
2669 1791255405053127 37261
2670 1791255405067866 32993
2671 1791255405102787 41639
2672 1791255405111350 35865
2673 1791255405127221 31352
2674 1791255405152356 37618
2675 1791255405173926 39458
2676 1791255405196434 41066
2677 1791255405211650 37722
2678 1791255405228360 31921
2679 1791255405256340 38280
2680 1791255405262084 26691
2681 1791255405286702 30358
2682 1791255405309660 33116
2683 1791255405324239 29768
2684 1791255405351822 36089
2685 1791255405374642 37840
2686 1791255405389366 35290
2687 1791255405409828 35184
2688 1791255405428980 33700
2689 1791255405449504 34486
2690 1791255405473221 35299
2691 1791255405498096 41710
2692 1791255405513326 37821
2693 1791255405529520 31421
2694 1791255405548726 32563
2695 1791255405579897 44930
2696 1791255405601222 45519
2697 1791255405612896 38988
2698 1791255405634659 33433
2699 1791255405655542 38850
2700 1791255405674547 39886
2701 1791255405693840 38294
2702 1791255405705016 30465
2703 1791255405734583 40739
2704 1791255405747730 31214
2705 1791255405765396 30810
2706 1791255405787869 33115
2707 1791255405813790 36956
2708 1791255405834215 39200
2709 1791255405862060 48266
2710 1791255405878026 43805
2711 1791255405890803 36206
2712 1791255405904571 30350
2713 1791255405925419 31251
2714 1791255405946813 30670
2715 1791255405971602 34696
2716 1791255405993525 36271
2717 1791255406007372 31904
2718 1791255406026452 31106
2719 1791255406049231 34119
2720 1791255406078475 42265
2721 1791255406094903 39593
2722 1791255406125593 47115
2723 1791255406147265 52359
2724 1791255406169297 54344
2725 1791255406196597 60505
2726 1791255406214663 60205
2727 1791255406228747 53092
2728 1791255406247824 52331
2729 1791255406265548 50873
2730 1791255406285541 51156
2731 1791255406318051 61591
2732 1791255406337393 61885
2733 1791255406354379 58770
2734 1791255406385755 69228
2735 1791255406399669 64234
2736 1791255406425507 71121
2737 1791255406448199 73343
2738 1791255406462462 68180
2739 1791255406486708 65219
2740 1791255406506426 65516
2741 1791255406523841 66489
2742 1791255406539518 64783
2743 1791255406560548 66724
2744 1791255406587560 72558
2745 1791255406602181 67206
2746 1791255406625865 68498
2747 1791255406647884 73054
2748 1791255406680722 82425
2749 1791255406694454 77647
2750 1791255406710728 76529
2751 1791255406736355 81613
2752 1791255406756886 81964
2753 1791255406781570 87114
2754 1791255406798464 82670
2755 1791255406816649 80291
2756 1791255406853249 96546
2757 1791255406857455 77637
2758 1791255406878180 79715
2759 1791255406894518 79119
2760 1791255406915084 80327
2761 1791255406936099 81634
2762 1791255406955672 77487
2763 1791255406974696 80221
2764 1791255406999373 84287
2765 1791255407015246 80455
2766 1791255407033297 77622
2767 1791255407054335 79628
2768 1791255407077970 79348
2769 1791255407098797 83549
2770 1791255407114006 78073
2771 1791255407132643 78384
2772 1791255407158212 82539
2773 1791255407174668 77368
2774 1791255407185320 71437
2775 1791255407200913 66039
2776 1791255407225148 70355
2777 1791255407237599 63048
2778 1791255407263662 63338
2779 1791255407277040 62333
2780 1791255407296236 61421
2781 1791255407301826 46404
2782 1791255407324564 47522
2783 1791255407344408 48169
2784 1791255407359849 39924
2785 1791255407378965 43892
2786 1791255407402869 47499
2787 1791255407404628 30568
2788 1791255407425571 29002
2789 1791255407451640 36775
2790 1791255407466033 27410
2791 1791255407496421 41095
2792 1791255407503385 28631
2793 1791255407540485 45983
2794 1791255407555048 33389
2795 1791255407567430 29300
2796 1791255407593410 38358
2797 1791255407609069 33607
2798 1791255407625439 28519
2799 1791255407643410 28554
2800 1791255407677567 42728
2801 1791255407694287 37690
2802 1791255407714493 36913
2803 1791255407730717 36427
2804 1791255407753613 39116
2805 1791255407779835 44625
2806 1791255407789011 33837
2807 1791255407820208 44861
2808 1791255407838754 43998
2809 1791255407864070 44560
2810 1791255407877652 42180
2811 1791255407905934 45909
2812 1791255407921728 47055
2813 1791255407934491 39331
2814 1791255407954656 38971
2815 1791255407975758 41265
2816 1791255407992752 38093
2817 1791255408014351 38665
2818 1791255408034616 36037
2819 1791255408050544 36190
2820 1791255408076732 42113
2821 1791255408096475 41717
2822 1791255408118821 42086
2823 1791255408133900 39485
2824 1791255408146424 31553
2825 1791255408184427 50523
2826 1791255408203304 42271
2827 1791255408224044 45663
2828 1791255408235674 39625
2829 1791255408254062 37855
2830 1791255408275356 40745
2831 1791255408302240 48174
2832 1791255408325844 51121
2833 1791255408336224 40522
2834 1791255408363010 48161
2835 1791255408384860 50539
2836 1791255408409765 54419
2837 1791255408433675 57471
2838 1791255408444673 50135
2839 1791255408475951 61969
2840 1791255408492119 58425
2841 1791255408522917 62513
2842 1791255408524910 49695
2843 1791255408546765 52170
2844 1791255408580823 64073
2845 1791255408595804 56616
2846 1791255408615305 60788
2847 1791255408636947 62177
2848 1791255408652117 56310
2849 1791255408668177 53993
2850 1791255408688542 51590
2851 1791255408713902 59072
2852 1791255408734519 58694
2853 1791255408750627 54264
2854 1791255408764698 50793
2855 1791255408788218 53696
2856 1791255408809200 53864
2857 1791255408826050 52275
2858 1791255408845941 51416
2859 1791255408868020 53591
2860 1791255408899648 61759
2861 1791255408925037 69064
2862 1791255408931603 55169
2863 1791255408958058 63073
2864 1791255408973275 56743
2865 1791255409003474 67173
2866 1791255409012547 56529
2867 1791255409036176 60721
2868 1791255409051876 54723
2869 1791255409074835 59689
2870 1791255409091640 55461
2871 1791255409115573 58667
2872 1791255409126878 52574
2873 1791255409150458 55682
2874 1791255409179791 64322
2875 1791255409194177 60143
2876 1791255409235603 80624
2877 1791255409235688 61439
2878 1791255409255200 61020
2879 1791255409298668 63054
2880 1791255409299263 63612
2881 1791255409322320 67107
2882 1791255409339669 55943
2883 1791255409369025 74516
2884 1791255409390170 69966
2885 1791255409402404 67567
2886 1791255409423584 68187
2887 1791255409434813 59709
2888 1791255409459756 64022
2889 1791255409473529 58239
2890 1791255409497510 62692
2891 1791255409520140 63859
2892 1791255409544664 67627
2893 1791255409560110 64608
2894 1791255409585588 69664
2895 1791255409611823 74835
2896 1791255409625375 66189
2897 1791255409636895 62019
2898 1791255409665719 65411
2899 1791255409677227 62892
2900 1791255409706285 69740
2901 1791255409722084 66528
2902 1791255409736480 59624
2903 1791255409757359 62338
2904 1791255409781464 63964
2905 1791255409803185 68311
2906 1791255409830362 74393
2907 1791255409845625 68325
2908 1791255409865935 67663
2909 1791255409889049 73922
2910 1791255409913430 78563
2911 1791255409928974 72045
2912 1791255409948074 72433
2913 1791255409975090 77730
2914 1791255409985876 69243
2915 1791255410023399 85609
2916 1791255410034635 80010
2917 1791255410062512 87415
2918 1791255410088963 94430
2919 1791255410111486 96618
2920 1791255410124518 89880
2921 1791255410148796 93006
2922 1791255410168111 93487
2923 1791255410185816 90563
2924 1791255410214625 98577
2925 1791255410226109 90543
2926 1791255410261438 107271
2927 1791255410277060 102718
2928 1791255410285011 90465
2929 1791255410317311 102683
2930 1791255410327946 93470
2931 1791255410360901 99459
2932 1791255410372776 98126
2933 1791255410396027 101576
2934 1791255410414695 97376
2935 1791255410433924 95876
2936 1791255410452852 98253
2937 1791255410485926 107722
2938 1791255410510090 114060
2939 1791255410523069 108371
2940 1791255410539370 105442
2941 1791255410560572 105757
2942 1791255410566750 92378
2943 1791255410592839 98238
2944 1791255410613378 96732
2945 1791255410636612 101795
2946 1791255410645461 89203
2947 1791255410662477 85188
2948 1791255410675760 80650
2949 1791255410707983 92659
2950 1791255410726588 89973
2951 1791255410736324 81456
2952 1791255410759562 83798
2953 1791255410776441 80842
2954 1791255410788152 73941
2955 1791255410813998 78407
2956 1791255410842729 83165
2957 1791255410862751 86309
2958 1791255410875771 80536
2959 1791255410893640 79639
2960 1791255410915857 80461
2961 1791255410926246 72415
2962 1791255410960623 84849
2963 1791255410984998 89428
2964 1791255411012256 96397
2965 1791255411019360 77540
2966 1791255411033579 79082
2967 1791255411065320 85727
2968 1791255411072269 77463
2969 1791255411094074 76799
2970 1791255411111439 76595
2971 1791255411131426 77063
2972 1791255411155765 79927
2973 1791255411176468 82391
2974 1791255411200502 84925
2975 1791255411225926 90671
2976 1791255411243605 87837
2977 1791255411261677 87695
2978 1791255411275390 80653
2979 1791255411305601 89812
2980 1791255411325982 89522
2981 1791255411345111 90245
2982 1791255411362299 86907
2983 1791255411383777 83979
2984 1791255411397254 82379
2985 1791255411423879 88119
2986 1791255411442000 86316
2987 1791255411462838 84376
2988 1791255411482064 86431
2989 1791255411498086 82358
2990 1791255411518661 84479
2991 1791255411528268 73182
2992 1791255411546218 71960
2993 1791255411565449 67360
2994 1791255411584809 66640
2995 1791255411600721 65143
2996 1791255411612302 56453
2997 1791255411628846 53295
2998 1791255411636104 41587
2999 1791255411658307 43509
3000 1791255411676393 42020
3001 1791255411692301 34746
3002 1791255411716001 39604
3003 1791255411727661 32834
3004 1791255411753878 37875
3005 1791255411774361 39065
3006 1791255411794107 40225
3007 1791255411814468 40104
3008 1791255411827205 33094
3009 1791255411850572 36101
3010 1791255411867188 32543
3011 1791255411894263 35692
3012 1791255411905418 30633
3013 1791255411927517 33252
3014 1791255411952107 36874
3015 1791255411972971 36592
3016 1791255411998989 41927
3017 1791255412008262 31874
3018 1791255412039932 40938
3019 1791255412045788 30887
3020 1791255412074668 40158
3021 1791255412093122 34224
3022 1791255412113189 38518
3023 1791255412135147 40622
3024 1791255412154229 39407
3025 1791255412165693 31258
3026 1791255412192763 38531
3027 1791255412207576 33346
3028 1791255412232637 35864
3029 1791255412247287 31955
3030 1791255412274184 37771
3031 1791255412290649 35176
3032 1791255412306192 32005
3033 1791255412333948 38930
3034 1791255412349630 28825
3035 1791255412373066 39116
3036 1791255412394854 39768
3037 1791255412411999 37432
3038 1791255412425387 30530
3039 1791255412446921 32117
3040 1791255412473990 39232
3041 1791255412500616 46196
3042 1791255412511105 37111
3043 1791255412538000 37370
3044 1791255412546564 32072
3045 1791255412570966 35112
3046 1791255412588457 32948
3047 1791255412613327 36938
3048 1791255412632394 35471
3049 1791255412654928 38647
3050 1791255412664912 30308
3051 1791255412690579 35647
3052 1791255412733087 55178
3053 1791255412735829 40906
3054 1791255412746963 32321
3055 1791255412771704 36318
3056 1791255412794981 39828
3057 1791255412814649 40278
3058 1791255412836943 41959
3059 1791255412855837 41183
3060 1791255412873480 37929
3061 1791255412899196 43356
3062 1791255412916328 41046
3063 1791255412935865 36666
3064 1791255412955611 39276
3065 1791255412968415 32546
3066 1791255412997841 42225
3067 1791255413019065 41717
3068 1791255413029956 35436
3069 1791255413052842 33773
3070 1791255413071649 36871
3071 1791255413088486 30585
3072 1791255413108162 31780
3073 1791255413130511 31752
3074 1791255413149291 32534
3075 1791255413168128 32197
3076 1791255413193569 39003
3077 1791255413208075 32887
3078 1791255413226459 29647
3079 1791255413246831 32263
3080 1791255413285300 44940
3081 1791255413295846 37916
3082 1791255413320628 45948
3083 1791255413327795 33095
3084 1791255413359688 39058
3085 1791255413373313 38785
3086 1791255413388798 32271
3087 1791255413405541 29881
3088 1791255413434311 38491
3089 1791255413453782 35168
3090 1791255413476587 42273
3091 1791255413483167 29380
3092 1791255413518042 41450
3093 1791255413537886 42654
3094 1791255413552019 34918
3095 1791255413573239 38044
3096 1791255413597798 42531
3097 1791255413623805 45937
3098 1791255413632574 34766
3099 1791255413645803 30634
3100 1791255413674664 35503
3101 1791255413695643 41302
3102 1791255413710568 35901
3103 1791255413727852 33664
3104 1791255413750156 34114
3105 1791255413771918 36267
3106 1791255413788582 33896
3107 1791255413810342 36070
3108 1791255413823987 28917
3109 1791255413858182 43324
3110 1791255413866092 29007
3111 1791255413888695 33684
3112 1791255413916980 42665
3113 1791255413932814 38335
3114 1791255413950589 34705
3115 1791255413974422 39478
3116 1791255413995749 39161
3117 1791255414014144 39718
3118 1791255414034361 38608
3119 1791255414053924 39776
3120 1791255414091049 56685
3121 1791255414091085 37158
3122 1791255414171781 80725
3123 1791255414171843 74788
3124 1791255414171863 56524
3125 1791255414189409 54127
3126 1791255414215033 43242
3127 1791255414223580 46566
3128 1791255414241654 41226
3129 1791255414258900 43863
3130 1791255414283410 42460
3131 1791255414309503 50599
3132 1791255414324203 48433
3133 1791255414347156 52327
3134 1791255414363982 48142
3135 1791255414382908 48113
3136 1791255414408972 53070
3137 1791255414425420 50584
3138 1791255414455334 59222
3139 1791255414473000 57988
3140 1791255414499033 61715
3141 1791255414519659 64321
3142 1791255414540690 65043
3143 1791255414567427 68858
3144 1791255414583700 69121
3145 1791255414611960 75647
3146 1791255414620916 66696
3147 1791255414635465 60882
3148 1791255414662464 68413
3149 1791255414676061 61674
3150 1791255414704930 70859
3151 1791255414723737 69200
3152 1791255414750467 75755
3153 1791255414773852 73759
3154 1791255414790736 76069
3155 1791255414801186 67173
3156 1791255414834456 78159
3157 1791255414855963 82108
3158 1791255414877773 80541
3159 1791255414893083 78538
3160 1791255414913279 78821
3161 1791255414927909 71943
3162 1791255414953676 77513
3163 1791255414982695 85016
3164 1791255414995575 81061
3165 1791255415015400 76426
3166 1791255415041573 87894
3167 1791255415052475 77091
3168 1791255415080853 85571
3169 1791255415092981 77579
3170 1791255415114743 73165
3171 1791255415132130 77469
3172 1791255415158916 78061
3173 1791255415166543 71221
3174 1791255415185923 71178
3175 1791255415206358 71202
3176 1791255415227576 71882
3177 1791255415254029 73594
3178 1791255415274966 76625
3179 1791255415294697 78463
3180 1791255415314266 78902
3181 1791255415327395 73364
3182 1791255415343742 68766
3183 1791255415361637 66937
3184 1791255415384724 70454
3185 1791255415400744 63071
3186 1791255415423430 68116
3187 1791255415446226 70724
3188 1791255415455562 61458
3189 1791255415488374 69371
3190 1791255415494480 53021
3191 1791255415511011 56493
3192 1791255415524444 49320
3193 1791255415546724 52242
3194 1791255415565423 50766
3195 1791255415581087 46329
3196 1791255415602183 47522
3197 1791255415617360 41019
3198 1791255415646557 48088
3199 1791255415657539 40177
3200 1791255415669065 27398
3201 1791255415689271 33108
3202 1791255415711732 36985
3203 1791255415728742 32696
3204 1791255415746871 30778
3205 1791255415772907 38513
3206 1791255415786030 31056
3207 1791255415812526 38057
3208 1791255415827194 32847
3209 1791255415850947 34888
3210 1791255415873195 37134
3211 1791255415889244 34740
3212 1791255415914700 38936
3213 1791255415937861 41439
3214 1791255415954969 40266
3215 1791255415981891 44026
3216 1791255415997750 42776
3217 1791255416013705 39304
3218 1791255416039497 41744
3219 1791255416069612 55904
3220 1791255416083708 47876
3221 1791255416093831 38903
3222 1791255416116308 41048
3223 1791255416132578 38745
3224 1791255416155890 41110
3225 1791255416181485 45260
3226 1791255416196179 40286
3227 1791255416213416 37981
3228 1791255416242236 46549
3229 1791255416257415 42043
3230 1791255416278555 43747
3231 1791255416304087 49400
3232 1791255416325083 48933
3233 1791255416338955 42795
3234 1791255416363136 46178
3235 1791255416386093 49640
3236 1791255416414897 60161
3237 1791255416436331 55573
3238 1791255416446887 51489
3239 1791255416461748 46848
3240 1791255416485943 51542
3241 1791255416504773 50423
3242 1791255416525089 46621
3243 1791255416546297 50802
3244 1791255416576481 62234
3245 1791255416595012 59089
3246 1791255416610027 53960
3247 1791255416618321 44025
3248 1791255416643547 48532
3249 1791255416666610 52175
3250 1791255416684786 49051
3251 1791255416711083 56107
3252 1791255416738237 60934
3253 1791255416753465 58876
3254 1791255416775400 60334
3255 1791255416789165 50920
3256 1791255416814383 58429
3257 1791255416834712 59304
3258 1791255416857245 61447
3259 1791255416874420 60211
3260 1791255416893454 58738
3261 1791255416907185 51775
3262 1791255416926773 52350
3263 1791255416951680 56914
3264 1791255416979959 65222
3265 1791255417007054 66601
3266 1791255417009597 53074
3267 1791255417043604 65569
3268 1791255417074231 76450
3269 1791255417074969 59518
3270 1791255417092204 52204
3271 1791255417107672 51550
3272 1791255417132292 58057
3273 1791255417144477 49012
3274 1791255417172600 57825
3275 1791255417192751 55848
3276 1791255417213035 57893
3277 1791255417226309 50461
3278 1791255417244532 47968
3279 1791255417272264 54059
3280 1791255417303530 68430
3281 1791255417315834 59892
3282 1791255417330862 55012
3283 1791255417352642 58529
3284 1791255417369900 54063
3285 1791255417392929 57527
3286 1791255417413209 57136
3287 1791255417439911 65287
3288 1791255417460837 66282
3289 1791255417483587 65227
3290 1791255417498248 61636
3291 1791255417523142 62303
3292 1791255417539133 59513
3293 1791255417563656 68955
3294 1791255417595402 79919
3295 1791255417612781 74909
3296 1791255417633111 78139
3297 1791255417663315 84284
3298 1791255417677606 83011
3299 1791255417702836 87727
3300 1791255417724029 87175
3301 1791255417737404 82940
3302 1791255417764823 87214
3303 1791255417791398 96564
3304 1791255417812278 97418
3305 1791255417823125 88638
3306 1791255417844109 85477
3307 1791255417864643 89284
3308 1791255417896011 100722
3309 1791255417908137 92737
3310 1791255417932680 97873
3311 1791255417960830 106092
3312 1791255417983933 103689
3313 1791255417992614 96598
3314 1791255418004872 88238
3315 1791255418029805 93330
3316 1791255418063875 104247
3317 1791255418066879 92208
3318 1791255418102141 103552
3319 1791255418113380 97867
3320 1791255418132377 97702
3321 1791255418138970 82239
3322 1791255418168561 92469
3323 1791255418175732 79315
3324 1791255418203564 88529
3325 1791255418213397 77510
3326 1791255418243109 84743
3327 1791255418252217 76481
3328 1791255418266781 72658
3329 1791255418293403 75758
3330 1791255418304334 66861
3331 1791255418329282 70995
3332 1791255418345777 70068
3333 1791255418367013 70737
3334 1791255418381907 65859
3335 1791255418402257 67764
3336 1791255418422850 68834
3337 1791255418442388 62335
3338 1791255418450158 55385
3339 1791255418473168 58435
3340 1791255418495142 57936
3341 1791255418524382 69814
3342 1791255418544495 69791
3343 1791255418561115 65970
3344 1791255418582288 67712
3345 1791255418598477 63933
3346 1791255418617672 58828
3347 1791255418636554 60699
3348 1791255418657761 62894
3349 1791255418684499 68962
3350 1791255418697045 62999
3351 1791255418722232 66592
3352 1791255418744728 69964
3353 1791255418764425 67377
3354 1791255418797259 75670
3355 1791255418814115 74511
3356 1791255418818478 64539
3357 1791255418844642 64938
3358 1791255418861357 64091
3359 1791255418877618 63500
3360 1791255418902111 67457
3361 1791255418926890 68177
3362 1791255418956470 81863
3363 1791255418972678 76124
3364 1791255418984592 70187
3365 1791255419014186 79022
3366 1791255419031505 75032
3367 1791255419046030 70299
3368 1791255419059748 65060
3369 1791255419082805 68615
3370 1791255419101700 66650
3371 1791255419132420 76176
3372 1791255419151401 77467
3373 1791255419157951 61295
3374 1791255419184086 68641
3375 1791255419207819 71518
3376 1791255419224516 69054
3377 1791255419245190 70724
3378 1791255419266000 71750
3379 1791255419290505 75836
3380 1791255419317088 79013
3381 1791255419339089 81532
3382 1791255419351827 76625
3383 1791255419372490 77633
3384 1791255419402233 85143
3385 1791255419419417 80325
3386 1791255419439447 85133
3387 1791255419463827 87627
3388 1791255419484412 84558
3389 1791255419502200 82779
3390 1791255419527694 88244
3391 1791255419545548 83994
3392 1791255419550105 73881
3393 1791255419578937 84166
3394 1791255419593873 78536
3395 1791255419611501 75865
3396 1791255419643520 88621
3397 1791255419663846 84906
3398 1791255419671065 77189
3399 1791255419684218 69593
3400 1791255419706882 71394
3401 1791255419719209 63427
3402 1791255419733495 57703
3403 1791255419753057 52477
3404 1791255419765657 48995
3405 1791255419778019 38422
3406 1791255419796725 41668
3407 1791255419808999 30976
3408 1791255419827000 30270
3409 1791255419847198 32942
3410 1791255419864784 30327
3411 1791255419889736 34546
3412 1791255419911244 37214
3413 1791255419926103 31365
3414 1791255419946017 30195
3415 1791255419986127 51786
3416 1791255419990767 32137
3417 1791255420008289 33279
3418 1791255420023986 29518
3419 1791255420059199 42448
3420 1791255420081402 43199
3421 1791255420083304 28803
3422 1791255420107970 33493
3423 1791255420134722 37203
3424 1791255420145118 30747
3425 1791255420176977 42253
3426 1791255420185883 31072
3427 1791255420205569 29051
3428 1791255420225619 31326
3429 1791255420260678 45130
3430 1791255420271728 35174
3431 1791255420292621 31940
3432 1791255420311502 35741
3433 1791255420324303 28690
3434 1791255420350509 34322
3435 1791255420363566 29082
3436 1791255420389869 33775
3437 1791255420411676 34834
3438 1791255420426713 32615
3439 1791255420454529 40686
3440 1791255420478007 38655
3441 1791255420486982 32451
3442 1791255420513496 35485
3443 1791255420531395 36887
3444 1791255420544871 28375
3445 1791255420566860 32217
3446 1791255420581273 27134
3447 1791255420621588 45165
3448 1791255420629326 29609
3449 1791255420654489 32895
3450 1791255420668877 33801
3451 1791255420685928 31432
3452 1791255420714243 39700
3453 1791255420735888 40454
3454 1791255420754716 40470
3455 1791255420768041 32704
3456 1791255420799731 45013
3457 1791255420815335 36629
3458 1791255420828132 33224
3459 1791255420864423 50280
3460 1791255420884481 49122
3461 1791255420905064 49692
3462 1791255420910343 35042
3463 1791255420930941 34515
3464 1791255420949979 35386
3465 1791255420976841 42602
3466 1791255421004384 48203
3467 1791255421016639 42128
3468 1791255421039466 45298
3469 1791255421062265 47430
3470 1791255421086530 51186
3471 1791255421104114 48266
3472 1791255421134098 55778
3473 1791255421146503 50937
3474 1791255421165962 49510
3475 1791255421183191 49090
3476 1791255421206532 50831
3477 1791255421234268 55430
3478 1791255421257096 62578
3479 1791255421281134 64101
3480 1791255421296647 62496
3481 1791255421312691 57477
3482 1791255421335318 60411
3483 1791255421355347 58768
3484 1791255421378270 63845
3485 1791255421399217 63895
3486 1791255421423062 67714
3487 1791255421439701 62673
3488 1791255421460764 61688
3489 1791255421483680 69180
3490 1791255421514288 74584
3491 1791255421525304 70821
3492 1791255421542080 68028
3493 1791255421556504 62626
3494 1791255421574303 60012
3495 1791255421593108 57430
3496 1791255421616872 62240
3497 1791255421640527 66221
3498 1791255421663641 68523
3499 1791255421684411 67536
3500 1791255421705790 68964
3501 1791255421723180 68433
3502 1791255421754683 78838
3503 1791255421774536 79882
3504 1791255421790620 75630
3505 1791255421809575 73751
3506 1791255421829024 74322
3507 1791255421845432 70981
3508 1791255421865930 70696
3509 1791255421896548 80429
3510 1791255421917876 83242
3511 1791255421934368 79617
3512 1791255421954588 79470
3513 1791255421975176 78624
3514 1791255421995029 77150
3515 1791255422014640 80298
3516 1791255422034759 80169
3517 1791255422057426 82248
3518 1791255422071451 76419
3519 1791255422098624 83982
3520 1791255422115610 80848
3521 1791255422137780 82989
3522 1791255422159060 84147
3523 1791255422184991 87918
3524 1791255422197576 81963
3525 1791255422205846 69494
3526 1791255422233552 74489
3527 1791255422247000 72474
3528 1791255422264393 69861
3529 1791255422286413 70936
3530 1791255422302751 64641
3531 1791255422327765 67444
3532 1791255422330185 55552
3533 1791255422353660 58806
3534 1791255422380870 66210
3535 1791255422392084 56215
3536 1791255422409376 53496
3537 1791255422440384 59511
3538 1791255422444431 49800
3539 1791255422467775 53080
3540 1791255422485942 45555
3541 1791255422495739 40427
3542 1791255422520076 45402
3543 1791255422532111 36369
3544 1791255422551950 33729
3545 1791255422574372 39112
3546 1791255422598753 41799
3547 1791255422617795 43420
3548 1791255422636837 41247
3549 1791255422659643 43518
3550 1791255422670132 33726
3551 1791255422702778 48068
3552 1791255422723861 48857
3553 1791255422735156 34094
3554 1791255422755201 40726
3555 1791255422779740 44581
3556 1791255422797895 42691
3557 1791255422817906 43372
3558 1791255422841210 46455
3559 1791255422873648 55740
3560 1791255422882950 43191
3561 1791255422902977 47607
3562 1791255422915929 40540
3563 1791255422939244 45212
3564 1791255422963140 48725
3565 1791255422977051 37804
3566 1791255422994587 36789
3567 1791255423014365 39694
3568 1791255423037962 43373
3569 1791255423056707 42340
3570 1791255423081406 44436
3571 1791255423110254 55695
3572 1791255423120089 46230
3573 1791255423146515 51336
3574 1791255423168835 51979
3575 1791255423185573 48768
3576 1791255423209141 54025
3577 1791255423222331 46483
3578 1791255423245784 50223
3579 1791255423264397 47264
3580 1791255423291474 50744
3581 1791255423305345 51403
3582 1791255423331377 54971
3583 1791255423345463 49653
3584 1791255423366425 50373
3585 1791255423384844 48286
3586 1791255423411937 57179
3587 1791255423428692 52059
3588 1791255423441338 44591
3589 1791255423464891 49166
3590 1791255423483895 47588
3591 1791255423514721 59984
3592 1791255423532429 56138
3593 1791255423548588 52920
3594 1791255423566364 52214
3595 1791255423586736 50847
3596 1791255423607361 51731
3597 1791255423627603 50739
3598 1791255423653642 59487
3599 1791255423676523 58111
3600 1791255423684688 49177
3601 1791255423713804 56767
3602 1791255423735521 58994
3603 1791255423759160 62619
3604 1791255423773742 59935
3605 1791255423789287 54728
3606 1791255423815850 60975
3607 1791255423834907 61162
3608 1791255423851831 56653
3609 1791255423867774 52723
3610 1791255423901213 66302
3611 1791255423921494 65381
3612 1791255423940669 64253
3613 1791255423960369 61925
3614 1791255423973652 58667
3615 1791255424024295 88290
3616 1791255424031548 75497
3617 1791255424037637 61714
3618 1791255424057673 59824
3619 1791255424085617 61316
3620 1791255424100842 63199
3621 1791255424115902 59126
3622 1791255424135889 60770
3623 1791255424161763 62111
3624 1791255424215208 100971
3625 1791255424215273 79381
3626 1791255424235585 78776
3627 1791255424235608 59894
3628 1791255424302812 87594
3629 1791255424302818 87573
3630 1791255424322568 86979
3631 1791255424333887 78598
3632 1791255424344352 69216
3633 1791255424375055 79326
3634 1791255424395884 80680
3635 1791255424411215 77325
3636 1791255424429719 74043
3637 1791255424455868 80809
3638 1791255424482619 86732
3639 1791255424503026 88404
3640 1791255424524323 90345
3641 1791255424546631 91106
3642 1791255424574533 100523
3643 1791255424594060 98687
3644 1791255424615459 100985
3645 1791255424633686 98685
3646 1791255424660737 105842
3647 1791255424676707 102171
3648 1791255424703895 109832
3649 1791255424724326 108865
3650 1791255424740605 106916
3651 1791255424765285 104544
3652 1791255424788898 114446
3653 1791255424807568 112845
3654 1791255424815938 99367
3655 1791255424836525 101507
3656 1791255424855145 98181
3657 1791255424875693 99598
3658 1791255424894054 99892
3659 1791255424919912 103971
3660 1791255424932378 97858
3661 1791255424942281 87237
3662 1791255424965306 89605
3663 1791255424989065 95005
3664 1791255425010102 90876
3665 1791255425030832 95548
3666 1791255425045464 88665
3667 1791255425052091 76767
3668 1791255425085409 88238
3669 1791255425098743 83874
3670 1791255425114656 78367
3671 1791255425129762 74550
3672 1791255425148799 73982
3673 1791255425165813 70230
3674 1791255425193708 79045
3675 1791255425213365 78876
3676 1791255425234189 79267
3677 1791255425262871 88391
3678 1791255425277747 84035
3679 1791255425295005 80095
3680 1791255425315900 81707
3681 1791255425341028 85807
3682 1791255425365555 88360
3683 1791255425382828 87820
3684 1791255425402872 88601
3685 1791255425417726 81373
3686 1791255425437987 83396
3687 1791255425457376 82551
3688 1791255425484862 85805
3689 1791255425491212 73483
3690 1791255425514554 79754
3691 1791255425537958 81969
3692 1791255425556090 79751
3693 1791255425577582 81391
3694 1791255425601002 86445
3695 1791255425617575 82823
3696 1791255425638836 83126
3697 1791255425658106 80522
3698 1791255425674324 78370
3699 1791255425706578 91198
3700 1791255425714641 75803
3701 1791255425733024 78212
3702 1791255425754627 80301
3703 1791255425771106 74786
3704 1791255425794025 79380
3705 1791255425814541 79805
3706 1791255425842182 88094
3707 1791255425850599 75936
3708 1791255425874137 80110
3709 1791255425876646 62102
3710 1791255425909058 68777
3711 1791255425910672 55524
3712 1791255425923989 49850
3713 1791255425933478 38317
3714 1791255425953056 38199
3715 1791255425967306 32656
3716 1791255425985444 29974
3717 1791255426011138 36312
3718 1791255426032253 37377
3719 1791255426053969 36870
3720 1791255426072826 34571
3721 1791255426079091 25118
3722 1791255426106539 29984
3723 1791255426139035 44704
3724 1791255426146087 31435
3725 1791255426165498 26447
3726 1791255426184397 30049
3727 1791255426211295 34008
3728 1791255426229842 30771
3729 1791255426245665 30346
3730 1791255426265067 30879
3731 1791255426287961 29425
3732 1791255426312829 38394
3733 1791255426328187 32012
3734 1791255426355477 37403
3735 1791255426368880 34186
3736 1791255426391848 36368
3737 1791255426411758 37119
3738 1791255426426383 31775
3739 1791255426446663 32487
3740 1791255426479054 43094
3741 1791255426480815 23841
3742 1791255426507996 31987
3743 1791255426522162 26113
3744 1791255426538826 23299
3745 1791255426562421 23591
3746 1791255426583956 26936
3747 1791255426604270 26702
3748 1791255426621343 22103
3749 1791255426640495 25610
3750 1791255426662682 27446
3751 1791255426683525 27821
3752 1791255426699001 24836
3753 1791255426720576 21572
3754 1791255426735921 21217
3755 1791255426763276 27351
3756 1791255426781028 26927
3757 1791255426800977 26393
3758 1791255426824028 23048
3759 1791255426841864 27531
3760 1791255426860989 26560
3761 1791255426875254 21314
3762 1791255426895173 21080
3763 1791255426915355 20995
3764 1791255426937069 21710
3765 1791255426964026 27704
3766 1791255426982920 24061
3767 1791255427002531 25396
3768 1791255427023140 27231
3769 1791255427040519 25037
3770 1791255427057084 21913
3771 1791255427087339 30252
3772 1791255427105202 24425
3773 1791255427123624 26763
3774 1791255427142645 27748
3775 1791255427161900 26647
3776 1791255427179873 24734
3777 1791255427195004 20879
3778 1791255427222565 28085
3779 1791255427243481 29370
3780 1791255427261825 26702
3781 1791255427282405 23442
3782 1791255427300179 26229
3783 1791255427323203 23021
3784 1791255427341986 25216
3785 1791255427363058 26954
3786 1791255427383964 24700
3787 1791255427402619 24570
3788 1791255427422499 25610
3789 1791255427443700 27998
3790 1791255427464100 23545
3791 1791255427482148 22810
3792 1791255427506325 28734
3793 1791255427523792 22261
3794 1791255427537361 20848
3795 1791255427555333 21035
3796 1791255427583493 28151
3797 1791255427604893 29934
3798 1791255427623147 24293
3799 1791255427639662 24750
3800 1791255427656562 22017
3801 1791255427683940 27502
3802 1791255427705191 23633
3803 1791255427715542 21054
3804 1791255427735987 20694
3805 1791255427764186 28196
3806 1791255427783702 23489
3807 1791255427795904 21021
3808 1791255427820494 25648
3809 1791255427844566 24069
3810 1791255427865330 26693
3811 1791255427881663 23111
3812 1791255427902198 26524
3813 1791255427922560 25703
3814 1791255427944112 28191
3815 1791255427962902 23635
3816 1791255427977376 21387
3817 1791255428007747 30980
3818 1791255428030333 28713
3819 1791255428037282 22604
3820 1791255428063358 28159
3821 1791255428080582 25385
3822 1791255428101795 26176
3823 1791255428123921 29224
3824 1791255428140302 25613
3825 1791255428155166 20973
3826 1791255428180947 25835
3827 1791255428199699 24547
3828 1791255428215336 20985
3829 1791255428237899 23873
3830 1791255428263626 25722
3831 1791255428284536 24600
3832 1791255428303642 25597
3833 1791255428324769 26693
3834 1791255428339160 22977
3835 1791255428362629 28737
3836 1791255428382827 27770
3837 1791255428402008 26732
3838 1791255428421611 26560
3839 1791255428439317 25125
3840 1791255428461883 27160
3841 1791255428481745 26554
3842 1791255428503416 28115
3843 1791255428517697 23900
3844 1791255428547016 31444
3845 1791255428561830 21843
3846 1791255428581667 27404
3847 1791255428599967 24830
3848 1791255428617227 23232
3849 1791255428645118 27889
3850 1791255428655747 20884
3851 1791255428675809 21262
3852 1791255428702195 26383
3853 1791255428720114 25664
3854 1791255428744329 24262
3855 1791255428764585 27082
3856 1791255428786570 26657
3857 1791255428801106 23992
3858 1791255428818566 23168
3859 1791255428838002 22504
3860 1791255428864681 26808
3861 1791255428882771 22808
3862 1791255428898720 23634
3863 1791255428920912 22189
3864 1791255428935434 21425
3865 1791255428964465 29028
3866 1791255428984631 25898
3867 1791255429003453 23976
3868 1791255429023540 28593
3869 1791255429042180 25117
3870 1791255429061091 24387
3871 1791255429079777 24770
3872 1791255429102355 22556
3873 1791255429119900 25264
3874 1791255429136694 21849
3875 1791255429162789 26092
3876 1791255429178826 23881
3877 1791255429204869 29651
3878 1791255429223953 23806
3879 1791255429242474 26279
3880 1791255429260933 25985
3881 1791255429276464 21616
3882 1791255429303153 26683
3883 1791255429321190 26221
3884 1791255429340047 24929
3885 1791255429364917 30433
3886 1791255429392643 37858
3887 1791255429408029 27746
3888 1791255429421350 25803
3889 1791255429440895 25309
3890 1791255429456465 21968
3891 1791255429481284 26708
3892 1791255429496797 21425
3893 1791255429518672 22093
3894 1791255429544116 29224
3895 1791255429564781 23517
3896 1791255429583004 24454
3897 1791255429605412 28207
3898 1791255429624203 22455
3899 1791255429637089 22356
3900 1791255429660710 26063
3901 1791255429681589 27408
3902 1791255429701114 27128
3903 1791255429721307 25979
3904 1791255429735616 21220
3905 1791255429765950 30331
3906 1791255429784326 24085
3907 1791255429801647 27514
3908 1791255429827811 31310
3909 1791255429845240 23634
3910 1791255429865239 28220
3911 1791255429884164 23598
3912 1791255429904810 25869
3913 1791255429923029 24976
3914 1791255429941499 24502
3915 1791255429958854 24252
3916 1791255429982129 23272
3917 1791255429996391 21808
3918 1791255430022352 25959
3919 1791255430048597 31561
3920 1791255430064703 21960
3921 1791255430078393 22899
3922 1791255430094605 20639
3923 1791255430115366 20826
3924 1791255430136010 20760
3925 1791255430164217 29343
3926 1791255430183444 27353
3927 1791255430204540 25657
3928 1791255430225387 26429
3929 1791255430242849 23614
3930 1791255430263068 25532
3931 1791255430284748 27976
3932 1791255430301276 22111
3933 1791255430325852 28290
3934 1791255430342238 25695
3935 1791255430362805 27329
3936 1791255430382900 27471
3937 1791255430397592 23357
3938 1791255430417586 22696
3939 1791255430444290 26701
3940 1791255430465937 27244
3941 1791255430478887 23853
3942 1791255430496433 21842
3943 1791255430524985 29308
3944 1791255430543664 28477
3945 1791255430565153 27964
3946 1791255430583396 22588
3947 1791255430598023 23565
3948 1791255430623579 25624
3949 1791255430644579 29629
3950 1791255430658232 23479
3951 1791255430675112 20440
3952 1791255430701520 26406
3953 1791255430719860 25068
3954 1791255430748176 28313
3955 1791255430760294 25058
3956 1791255430784983 29500
3957 1791255430799652 21995
3958 1791255430816822 22778
3959 1791255430841132 24304
3960 1791255430863559 27022
3961 1791255430885241 25889
3962 1791255430897580 20712
3963 1791255430925088 29554
3964 1791255430944552 24630
3965 1791255430956577 20880
3966 1791255430977763 21182
3967 1791255431002746 25113
3968 1791255431024731 27587
3969 1791255431042787 24082
3970 1791255431056605 22501
3971 1791255431080953 24473
3972 1791255431109406 31884
3973 1791255431123130 21004
3974 1791255431136798 22252
3975 1791255431162608 25887
3976 1791255431182565 27669
3977 1791255431197953 21984
3978 1791255431225251 27295
3979 1791255431235480 21320
3980 1791255431255707 20633
3981 1791255431276849 21138
3982 1791255431297542 23293
3983 1791255431315934 21426
3984 1791255431344390 28453
3985 1791255431363352 27257
3986 1791255431381348 24635
3987 1791255431400913 25263
3988 1791255431423545 22629
3989 1791255431442618 22788
3990 1791255431462346 27056
3991 1791255431480919 24729
3992 1791255431501215 26017
3993 1791255431520748 26402
3994 1791255431539641 25014
3995 1791255431562787 23143
3996 1791255431582642 27450
3997 1791255431602864 27602
3998 1791255431618243 22384
3999 1791255431638083 23976
4000 1791255431666643 28809
4001 1791255431678367 23892
4002 1791255431704422 26051
4003 1791255431731983 30685
4004 1791255431742558 27548
4005 1791255431757861 23370
4006 1791255431784981 27362
4007 1791255431795368 20812
4008 1791255431818632 24036
4009 1791255431843453 24818
4010 1791255431862640 28725
4011 1791255431880698 25373
4012 1791255431896124 21123
4013 1791255431922739 26612
4014 1791255431937122 20727
4015 1791255431962369 28035
4016 1791255431983633 28498
4017 1791255432004369 29864
4018 1791255432022333 27483
4019 1791255432039677 24424
4020 1791255432056440 20659
4021 1791255432076822 22488
4022 1791255432096245 20985
4023 1791255432124197 27948
4024 1791255432146125 26777
4025 1791255432158654 20954
4026 1791255432177896 21269
4027 1791255432201861 26114
4028 1791255432220974 26492
4029 1791255432239804 25753
4030 1791255432264894 25087
4031 1791255432284759 26199
4032 1791255432303247 24546
4033 1791255432318303 24235
4034 1791255432335488 20817
4035 1791255432363393 27901
4036 1791255432382122 21630
4037 1791255432403987 28660
4038 1791255432422652 25167
4039 1791255432444369 26257
4040 1791255432463140 23011
4041 1791255432483171 27109
4042 1791255432507459 31690
4043 1791255432518369 22749
4044 1791255432537139 22395
4045 1791255432556038 20556
4046 1791255432575356 20602
4047 1791255432597783 23168
4048 1791255432615883 21275
4049 1791255432635972 21873
4050 1791255432657000 21658
4051 1791255432680612 23733
4052 1791255432705479 29193
4053 1791255432722977 22662
4054 1791255432743433 28402
4055 1791255432759647 24633
4056 1791255432780634 24126
4057 1791255432803421 28683
4058 1791255432824229 29258
4059 1791255432843354 25962
4060 1791255432855860 20854
4061 1791255432884555 28691
4062 1791255432904558 23089
4063 1791255432919043 23551
4064 1791255432941137 22090
4065 1791255432956711 21640
4066 1791255432979657 24914
4067 1791255433004118 24456
4068 1791255433023479 24561
4069 1791255433035860 21091
4070 1791255433058974 23109
4071 1791255433085460 26623
4072 1791255433101395 21567
4073 1791255433123104 24762
4074 1791255433141707 21277
4075 1791255433155752 20901
4076 1791255433175151 20964
4077 1791255433196817 22970
4078 1791255433224858 29850
4079 1791255433235121 21138
4080 1791255433256193 21289
4081 1791255433282263 27812
4082 1791255433303143 28419
4083 1791255433324131 28978
4084 1791255433340574 23215
4085 1791255433358728 24179
4086 1791255433385981 30804
4087 1791255433405065 24223
4088 1791255433424272 25708
4089 1791255433440828 25990
4090 1791255433456256 21204
4091 1791255433477028 22327
4092 1791255433508110 33435
4093 1791255433523612 21983
4094 1791255433542683 27661
4095 1791255433562002 22166
4096 1791255433580951 26642
4097 1791255433607024 26069
4098 1791255433622269 21953
4099 1791255433640076 24433
4100 1791255433656105 21073
4101 1791255433683607 27717
4102 1791255433702886 28677
4103 1791255433716198 21005
4104 1791255433743452 27652
4105 1791255433760231 25204
4106 1791255433778224 23427
4107 1791255433803720 25490
4108 1791255433820699 24768
4109 1791255433835847 20984
4110 1791255433862672 26983
4111 1791255433886297 29245
4112 1791255433902212 22464
4113 1791255433918473 22940
4114 1791255433935741 20904
4115 1791255433956697 21956
4116 1791255433984715 30239
4117 1791255433996503 22165
4118 1791255434019981 23716
4119 1791255434040735 25911
4120 1791255434062349 28172
4121 1791255434081931 26900
4122 1791255434097572 22664
4123 1791255434125635 28060
4124 1791255434145356 25865
4125 1791255434163974 24923
4126 1791255434182489 24339
4127 1791255434201421 26888
4128 1791255434223339 28279
4129 1791255434240982 25818
4130 1791255434255739 21029
4131 1791255434277625 23155
4132 1791255434295244 21333
4133 1791255434316224 20976
4134 1791255434346165 29936
4135 1791255434356624 22128
4136 1791255434382582 28043
4137 1791255434403816 28761
4138 1791255434419101 22509
4139 1791255434436185 21786
4140 1791255434458937 22749
4141 1791255434483659 29177
# sent 4142 received 4142
