0 1791252586951628 27810
1 1791252586976040 31004
2 1791252586989025 23047
3 1791252587005458 20696
4 1791252587026440 22017
5 1791252587048572 22643
6 1791252587067210 22501
7 1791252587085895 21199
8 1791252587108156 23520
9 1791252587133904 28522
10 1791252587153321 24305
11 1791252587174436 26779
12 1791252587186902 22319
13 1791252587208952 23228
14 1791252587225563 21352
15 1791252587247523 23198
16 1791252587268639 23573
17 1791252587291915 26687
18 1791252587313068 27455
19 1791252587334474 28002
20 1791252587349646 23528
21 1791252587373715 27334
22 1791252587394727 28645
23 1791252587413609 22266
24 1791252587433830 26617
25 1791252587455699 26880
26 1791252587474467 24416
27 1791252587497293 28428
28 1791252587512746 21821
29 1791252587530270 25374
30 1791252587556941 26668
31 1791252587573342 28882
32 1791252587594246 30048
33 1791252587613654 27177
34 1791252587633261 23221
35 1791252587657037 31811
36 1791252587667403 20752
37 1791252587685884 21663
38 1791252587712909 27999
39 1791252587729883 22771
40 1791252587746010 22004
41 1791252587767046 21155
42 1791252587787256 22301
43 1791252587806044 21207
44 1791252587831240 26392
45 1791252587850939 25507
46 1791252587868451 23224
47 1791252587894507 26052
48 1791252587912721 21878
49 1791252587927553 22373
50 1791252587954798 27671
51 1791252587973576 23808
52 1791252587988760 22627
53 1791252588013123 24359
54 1791252588032557 25463
55 1791252588051102 22250
56 1791252588072395 24716
57 1791252588093181 24331
58 1791252588114111 25739
59 1791252588133333 28677
60 1791252588153340 26552
61 1791252588169409 23654
62 1791252588193188 23775
63 1791252588213355 24951
64 1791252588234325 24554
65 1791252588245649 20589
66 1791252588266801 21396
67 1791252588294183 27379
68 1791252588309171 21517
69 1791252588332485 23310
70 1791252588348095 23094
71 1791252588366046 21354
72 1791252588392774 26725
73 1791252588407588 22797
74 1791252588426723 21705
75 1791252588447413 22647
76 1791252588465575 20762
77 1791252588491038 25459
78 1791252588513800 27494
79 1791252588533717 24184
80 1791252588553625 28294
81 1791252588568438 22701
82 1791252588592952 24631
83 1791252588612353 26319
84 1791252588631256 26219
85 1791252588650056 25566
86 1791252588671812 21752
87 1791252588688996 23550
88 1791252588706949 21763
89 1791252588734335 27956
90 1791252588755235 24370
91 1791252588775777 27867
92 1791252588794767 25144
93 1791252588812754 24127
94 1791252588835349 27179
95 1791252588852947 24025
96 1791252588871780 24907
97 1791252588894715 27658
98 1791252588913546 22376
99 1791252588932812 27723
100 1791252588951002 25799
101 1791252588974157 27059
102 1791252588988996 24874
103 1791252589015769 26859
104 1791252589032884 27091
105 1791252589051619 25585
106 1791252589066588 21915
107 1791252589092363 25917
108 1791252589114077 26718
109 1791252589134755 26381
110 1791252589151432 21089
111 1791252589169068 23878
112 1791252589187497 22665
113 1791252589206286 21958
114 1791252589233661 27372
115 1791252589253898 22235
116 1791252589273497 25853
117 1791252589292390 23799
118 1791252589315394 28657
119 1791252589334438 24895
120 1791252589355074 27515
121 1791252589372746 22797
122 1791252589392035 24172
123 1791252589417758 32018
124 1791252589432797 21798
125 1791252589456645 30583
126 1791252589471949 20908
127 1791252589489029 23691
128 1791252589514324 25291
129 1791252589533063 25244
130 1791252589552111 24459
131 1791252589572883 26455
132 1791252589593981 29067
133 1791252589608541 21938
134 1791252589633431 27042
135 1791252589652155 23819
136 1791252589669869 25384
137 1791252589694802 24929
138 1791252589705197 20929
139 1791252589727975 22776
140 1791252589752997 25019
141 1791252589770786 23554
142 1791252589788091 23452
143 1791252589815227 27132
144 1791252589834457 24679
145 1791252589854514 26376
146 1791252589867491 20987
147 1791252589893367 25969
148 1791252589914055 23725
149 1791252589933266 25162
150 1791252589953367 24345
151 1791252589971935 23769
152 1791252589991045 25485
153 1791252590007160 22314
154 1791252590032695 28191
155 1791252590047748 22840
156 1791252590072721 25062
157 1791252590088915 22909
158 1791252590114597 25660
159 1791252590126104 21881
160 1791252590148812 22860
161 1791252590165544 21230
162 1791252590190889 25340
163 1791252590212855 28160
164 1791252590229226 25089
165 1791252590254318 25088
166 1791252590271778 24118
167 1791252590292730 26819
168 1791252590310229 25045
169 1791252590333878 28312
170 1791252590350915 23640
171 1791252590365330 21191
172 1791252590388778 23444
173 1791252590411980 27444
174 1791252590430269 24579
175 1791252590451829 27328
176 1791252590471821 27164
177 1791252590490065 26055
178 1791252590509726 25391
179 1791252590535418 25689
180 1791252590552798 23839
181 1791252590570346 25287
182 1791252590593928 23815
183 1791252590612637 24026
184 1791252590632556 28473
185 1791252590651272 25337
186 1791252590674196 28294
187 1791252590694702 23955
188 1791252590706063 21550
189 1791252590732618 26553
190 1791252590753075 24077
191 1791252590771148 23584
192 1791252590787344 22183
193 1791252590812907 25659
194 1791252590828556 23158
195 1791252590852548 23988
196 1791252590874727 27103
197 1791252590894424 25018
198 1791252590907797 20995
199 1791252590931101 26141
200 1791252590953496 27479
201 1791252590974234 28220
202 1791252590993155 25408
203 1791252591013601 25118
204 1791252591035314 26580
205 1791252591054840 23857
206 1791252591065955 21218
207 1791252591088546 23366
208 1791252591113627 29183
209 1791252591134114 25905
210 1791252591154271 22300
211 1791252591170283 25182
212 1791252591185605 20890
213 1791252591210198 25642
214 1791252591226963 21751
215 1791252591246049 21111
216 1791252591272403 27251
217 1791252591291232 26258
218 1791252591309604 24876
219 1791252591332846 23238
220 1791252591353729 25257
221 1791252591373186 23666
222 1791252591394299 26134
223 1791252591412258 22990
224 1791252591432473 26213
225 1791252591449345 23590
226 1791252591473213 27995
227 1791252591490254 23435
228 1791252591516445 30738
229 1791252591526915 22193
230 1791252591557472 32090
231 1791252591573659 22516
232 1791252591587450 22496
233 1791252591613111 25746
234 1791252591633415 24429
235 1791252591651799 25762
236 1791252591672112 26822
237 1791252591693549 28345
238 1791252591713895 29683
239 1791252591732125 26991
240 1791252591745285 21172
241 1791252591768832 23544
242 1791252591791533 22780
243 1791252591805074 21019
244 1791252591831198 26121
245 1791252591850398 25964
246 1791252591866417 22024
247 1791252591894489 28966
248 1791252591911382 26475
249 1791252591932529 25177
250 1791252591956804 30855
251 1791252591973849 22869
252 1791252591994408 27356
253 1791252592008643 20532
254 1791252592026430 21488
255 1791252592047035 20972
256 1791252592076492 29455
257 1791252592092614 22752
258 1791252592109821 24603
259 1791252592133912 26850
260 1791252592151608 23651
261 1791252592169088 23795
262 1791252592190209 24563
263 1791252592211629 27261
264 1791252592233475 28550
265 1791252592253213 28092
266 1791252592271398 24751
267 1791252592291412 26881
268 1791252592309730 24470
269 1791252592326915 21444
270 1791252592354548 27631
271 1791252592367554 23201
272 1791252592391925 24356
273 1791252592408422 20501
274 1791252592430463 26142
275 1791252592451966 25750
276 1791252592471581 26674
277 1791252592491231 25550
278 1791252592520558 35506
279 1791252592533056 26890
280 1791252592547981 22893
281 1791252592574180 26195
282 1791252592595865 25421
283 1791252592606491 21778
284 1791252592629078 24432
285 1791252592651307 22225
286 1791252592674369 29863
287 1791252592692650 27190
288 1791252592710142 24034
289 1791252592727293 21701
290 1791252592745684 21036
291 1791252592770271 24583
292 1791252592796661 30090
293 1791252592813321 22673
294 1791252592827419 22447
295 1791252592851212 26464
296 1791252592875137 30594
297 1791252592893650 24259
298 1791252592911910 23930
299 1791252592928069 22433
300 1791252592945212 21138
301 1791252592975582 30363
302 1791252592995694 25499
303 1791252593014529 26524
304 1791252593034184 24999
305 1791252593057484 29518
306 1791252593072801 21652
307 1791252593087762 22989
308 1791252593112832 25211
309 1791252593131828 22726
310 1791252593152919 27509
311 1791252593172267 23358
312 1791252593185614 21412
313 1791252593207847 23193
314 1791252593229922 22069
315 1791252593253151 27381
316 1791252593271908 26310
317 1791252593294236 29840
318 1791252593313830 29409
319 1791252593331994 26478
320 1791252593345806 21555
321 1791252593366271 20880
322 1791252593392823 27648
323 1791252593412219 27605
324 1791252593426401 22279
325 1791252593446784 21437
326 1791252593470168 23376
327 1791252593486800 21695
328 1791252593514068 28812
329 1791252593535259 26107
330 1791252593552807 22861
331 1791252593571799 26596
332 1791252593592880 26616
333 1791252593613957 25421
334 1791252593625643 21036
335 1791252593645778 21183
336 1791252593672806 27023
337 1791252593691054 25697
338 1791252593709954 24695
339 1791252593734887 28830
340 1791252593754445 25554
341 1791252593774009 27255
342 1791252593793695 28444
343 1791252593810403 23703
344 1791252593830519 25322
345 1791252593847256 21567
346 1791252593875588 28322
347 1791252593894447 29650
348 1791252593912129 27103
349 1791252593935072 27270
350 1791252593956928 27721
351 1791252593972402 24156
352 1791252593987049 22858
353 1791252594007021 21993
354 1791252594029397 22372
355 1791252594054948 29702
356 1791252594075446 22850
357 1791252594090431 24252
358 1791252594109244 24514
359 1791252594126132 21076
360 1791252594146946 22148
361 1791252594165745 21019
362 1791252594185548 20971
363 1791252594206600 21049
364 1791252594232729 27806
365 1791252594250910 25996
366 1791252594272854 27735
367 1791252594288631 23709
368 1791252594305938 21311
369 1791252594331525 25582
370 1791252594347131 21661
371 1791252594366184 21248
372 1791252594394425 28773
373 1791252594414038 22956
374 1791252594433170 28135
375 1791252594452564 26853
376 1791252594474734 28620
377 1791252594493763 22364
378 1791252594524143 37340
379 1791252594536264 28638
380 1791252594553835 29687
381 1791252594573872 29496
382 1791252594594326 26716
383 1791252594606333 22014
384 1791252594628456 22116
385 1791252594653004 24745
386 1791252594673502 26039
387 1791252594691958 24702
388 1791252594712250 25543
389 1791252594733220 27756
390 1791252594752258 24193
391 1791252594771774 26866
392 1791252594790921 26126
393 1791252594805903 20848
394 1791252594826888 20980
395 1791252594845845 20852
396 1791252594872278 26551
397 1791252594892377 27296
398 1791252594908615 23795
399 1791252594927193 21537
400 1791252594957667 32227
401 1791252594974834 24052
402 1791252594989845 24638
403 1791252595015975 27811
404 1791252595026209 21923
405 1791252595046183 21140
406 1791252595072708 27151
407 1791252595096804 31654
408 1791252595115566 30346
409 1791252595148495 43497
410 1791252595159256 34576
411 1791252595176545 28043
412 1791252595198763 33749
413 1791252595215714 29249
414 1791252595234813 28130
415 1791252595255342 30156
416 1791252595275599 29987
417 1791252595295285 26868
418 1791252595317903 30020
419 1791252595333574 27988
420 1791252595356763 30754
421 1791252595374409 26932
422 1791252595398250 32391
423 1791252595414162 29340
424 1791252595435944 30776
425 1791252595454786 29933
426 1791252595476888 32664
427 1791252595494512 29312
428 1791252595519374 29862
429 1791252595532410 27532
430 1791252595556685 31097
431 1791252595575023 24102
432 1791252595595630 27842
433 1791252595616531 31915
434 1791252595636449 30358
435 1791252595649752 23830
436 1791252595677046 27289
437 1791252595694301 29367
438 1791252595714736 28968
439 1791252595733486 28257
440 1791252595756078 30989
441 1791252595772799 27316
442 1791252595791818 27551
443 1791252595813704 28279
444 1791252595829062 24883
445 1791252595857817 31165
446 1791252595868394 21747
447 1791252595891712 27718
448 1791252595912625 25680
449 1791252595931820 25370
450 1791252595954417 28648
451 1791252595978007 32857
452 1791252595995483 30622
453 1791252596022327 37271
454 1791252596036138 28902
455 1791252596054149 28224
456 1791252596084965 33726
457 1791252596097161 31616
458 1791252596112575 27603
459 1791252596136018 27642
460 1791252596155170 30297
461 1791252596174350 24178
462 1791252596199436 32259
463 1791252596222445 34383
464 1791252596233060 27116
465 1791252596254666 26006
466 1791252596275075 29694
467 1791252596298748 33686
468 1791252596316947 27843
469 1791252596335194 29079
470 1791252596360074 33778
471 1791252596376112 29931
472 1791252596394820 30195
473 1791252596415704 28783
474 1791252596432213 27374
475 1791252596463231 35548
476 1791252596478284 29102
477 1791252596498484 32201
478 1791252596519158 33714
479 1791252596544708 36248
480 1791252596567756 42958
481 1791252596588884 44862
482 1791252596622761 55001
483 1791252596643812 54922
484 1791252596664388 59365
485 1791252596683489 58228
486 1791252596714152 68879
487 1791252596733200 68809
488 1791252596758179 72618
489 1791252596783461 77911
490 1791252596798070 71992
491 1791252596825954 80029
492 1791252596842567 77782
493 1791252596869737 83925
494 1791252596883304 77230
495 1791252596905527 79568
496 1791252596918654 72998
497 1791252596947771 78030
498 1791252596970833 81179
499 1791252596991556 86025
500 1791252597006309 80885
501 1791252597030356 82576
502 1791252597045500 80407
503 1791252597063066 78675
504 1791252597083941 79118
505 1791252597113090 86346
506 1791252597133191 88557
507 1791252597157556 89383
508 1791252597172994 89050
509 1791252597187325 82573
510 1791252597215937 90433
511 1791252597233151 86724
512 1791252597261582 94780
513 1791252597274460 89920
514 1791252597293258 88614
515 1791252597311287 87103
516 1791252597336653 90042
517 1791252597355252 89848
518 1791252597374783 89533
519 1791252597395012 90524
520 1791252597414431 88644
521 1791252597445502 95506
522 1791252597457837 91858
523 1791252597479051 92327
524 1791252597502797 97642
525 1791252597524863 99682
526 1791252597544432 98925
527 1791252597558868 92460
528 1791252597576202 91387
529 1791252597598781 93451
530 1791252597610516 85650
531 1791252597624126 79691
532 1791252597644540 79489
533 1791252597656747 72433
534 1791252597679787 71598
535 1791252597693464 69336
536 1791252597704041 59498
537 1791252597720633 55295
538 1791252597736603 51033
539 1791252597753219 49176
540 1791252597768301 42959
541 1791252597786606 39717
542 1791252597806282 37978
543 1791252597822990 36380
544 1791252597835442 29156
545 1791252597852971 28394
546 1791252597875158 30523
547 1791252597887161 22835
548 1791252597919181 32693
549 1791252597933939 28236
550 1791252597964354 39191
551 1791252597975050 27225
552 1791252597994202 29845
553 1791252598014715 29485
554 1791252598037535 33143
555 1791252598064361 39098
556 1791252598074669 26346
557 1791252598092640 28277
558 1791252598114499 29477
559 1791252598134950 29761
560 1791252598156110 30061
561 1791252598169478 23956
562 1791252598193006 27449
563 1791252598220765 32221
564 1791252598237252 29796
565 1791252598253942 28607
566 1791252598277223 31865
567 1791252598294734 29239
568 1791252598312817 28319
569 1791252598336189 30591
570 1791252598351646 26299
571 1791252598372892 27418
572 1791252598392451 26237
573 1791252598414155 29688
574 1791252598436266 27368
575 1791252598455945 30109
576 1791252598473606 28959
577 1791252598495118 27312
578 1791252598515811 30984
579 1791252598533476 29091
580 1791252598554306 27150
581 1791252598575401 27510
582 1791252598593296 28633
583 1791252598614661 29623
584 1791252598635637 30224
585 1791252598653967 28707
586 1791252598673049 25323
587 1791252598693458 29219
588 1791252598713864 27925
589 1791252598734723 25357
590 1791252598749747 25397
591 1791252598784642 34891
592 1791252598797042 31644
593 1791252598814023 29491
594 1791252598835550 28549
595 1791252598853550 27598
596 1791252598874102 28465
597 1791252598898146 30502
598 1791252598915550 28860
599 1791252598935309 30612
600 1791252598956823 28114
601 1791252598976535 31792
602 1791252598997160 32514
603 1791252599016266 31645
604 1791252599034607 28939
605 1791252599055248 30689
606 1791252599075843 27336
607 1791252599101009 36481
608 1791252599117283 27044
609 1791252599133898 27216
610 1791252599153310 25636
611 1791252599173235 28366
612 1791252599195603 31107
613 1791252599211180 26598
614 1791252599233457 25859
615 1791252599253069 28489
616 1791252599283264 38510
617 1791252599295144 28564
618 1791252599314007 29533
619 1791252599333866 28159
620 1791252599356119 31984
621 1791252599374628 30245
622 1791252599393845 26061
623 1791252599415446 26056
624 1791252599435392 30567
625 1791252599453583 25163
626 1791252599475595 26891
627 1791252599503602 33060
628 1791252599514087 26537
629 1791252599535048 26719
630 1791252599553811 26723
631 1791252599574663 29846
632 1791252599594940 29557
633 1791252599616035 27102
634 1791252599642624 34819
635 1791252599652954 23263
636 1791252599672426 25969
637 1791252599689379 25158
638 1791252599715372 30267
639 1791252599733338 28820
640 1791252599749428 24852
641 1791252599775364 30658
642 1791252599799037 28640
643 1791252599815741 29910
644 1791252599834438 29951
645 1791252599853436 28239
646 1791252599875564 29436
647 1791252599893930 28049
648 1791252599907331 22072
649 1791252599934285 29065
650 1791252599954396 25172
651 1791252599973447 27252
652 1791252599991293 24591
653 1791252600014594 26672
654 1791252600038634 31581
655 1791252600052945 27426
656 1791252600073798 28458
657 1791252600095040 28731
658 1791252600113013 27553
659 1791252600127675 22283
660 1791252600153980 26301
661 1791252600174461 26053
662 1791252600196157 32024
663 1791252600216090 29342
664 1791252600234538 26664
665 1791252600253067 25913
666 1791252600280438 35605
667 1791252600294244 27822
668 1791252600321645 34889
669 1791252600335593 27829
670 1791252600354157 27758
671 1791252600382997 37545
672 1791252600408208 39964
673 1791252600419543 34976
674 1791252600451395 43184
675 1791252600470589 44630
676 1791252600496320 52061
677 1791252600517972 50784
678 1791252600537776 49400
679 1791252600559720 52456
680 1791252600577662 53096
681 1791252600594577 45863
682 1791252600619637 53779
683 1791252600643515 56701
684 1791252600659887 55011
685 1791252600684575 59806
686 1791252600704597 58016
687 1791252600728515 64016
688 1791252600743449 58870
689 1791252600765461 60861
690 1791252600787173 58654
691 1791252600809551 62235
692 1791252600826362 60888
693 1791252600847460 60646
694 1791252600878525 68971
695 1791252600892171 66008
696 1791252600912386 64922
697 1791252600933677 65522
698 1791252600954025 69182
699 1791252600973150 67888
700 1791252600993508 68227
701 1791252601017191 72302
702 1791252601035771 70296
703 1791252601055597 68147
704 1791252601077941 67811
705 1791252601099813 72550
706 1791252601124314 74957
707 1791252601141666 75412
708 1791252601163260 76777
709 1791252601179888 74438
710 1791252601198270 73953
711 1791252601221971 76406
712 1791252601237806 72297
713 1791252601262663 78112
714 1791252601287719 79431
715 1791252601300557 76305
716 1791252601323271 77593
717 1791252601343961 77079
718 1791252601364554 80206
719 1791252601383946 78046
720 1791252601414180 85668
721 1791252601425577 81613
722 1791252601444103 79545
723 1791252601465337 81389
724 1791252601493239 82553
725 1791252601504922 80643
726 1791252601518534 74428
727 1791252601543794 78454
728 1791252601564360 78164
729 1791252601575274 70349
730 1791252601598156 69309
731 1791252601612505 67004
732 1791252601631306 66944
733 1791252601644338 59724
734 1791252601665301 60000
735 1791252601681359 56025
736 1791252601695156 50815
737 1791252601716665 51360
738 1791252601737977 53056
739 1791252601750401 45981
740 1791252601769253 42962
741 1791252601792627 46492
742 1791252601807964 41030
743 1791252601822041 37539
744 1791252601845576 37609
745 1791252601854474 29775
746 1791252601877935 32357
747 1791252601894413 28779
748 1791252601916522 30881
749 1791252601935522 31007
750 1791252601961267 34929
751 1791252601978250 31766
752 1791252601999870 33585
753 1791252602018500 33730
754 1791252602035626 30255
755 1791252602057454 32701
756 1791252602078015 32446
757 1791252602093792 28026
758 1791252602116191 31456
759 1791252602138377 29974
760 1791252602149422 23070
761 1791252602175692 30392
762 1791252602197719 30236
763 1791252602214530 29267
764 1791252602236666 30507
765 1791252602252012 27058
766 1791252602273637 28661
767 1791252602295229 29006
768 1791252602322213 33834
769 1791252602342659 35376
770 1791252602358219 29477
771 1791252602375490 30041
772 1791252602390823 25779
773 1791252602411475 26753
774 1791252602435282 31177
775 1791252602453648 29037
776 1791252602474791 25057
777 1791252602495643 31171
778 1791252602513996 25374
779 1791252602534237 23127
780 1791252602553780 29600
781 1791252602574953 29115
782 1791252602593126 26709
783 1791252602615083 26441
784 1791252602637687 32827
785 1791252602652403 26427
786 1791252602674266 28927
787 1791252602697885 32548
788 1791252602717887 33514
789 1791252602735403 30718
790 1791252602750195 25519
791 1791252602773647 25180
792 1791252602794135 29573
793 1791252602815610 25550
794 1791252602834383 27031
795 1791252602853008 28061
796 1791252602873640 26555
797 1791252602892413 25960
798 1791252602913343 28391
799 1791252602935225 30228
800 1791252602953568 27711
801 1791252602976962 32353
802 1791252602993965 28454
803 1791252603016129 28201
804 1791252603041822 32166
805 1791252603055928 27058
806 1791252603074603 28559
807 1791252603095773 26505
808 1791252603113766 28895
809 1791252603135402 30187
810 1791252603157309 31415
811 1791252603175210 29407
812 1791252603192740 28281
813 1791252603211455 26722
814 1791252603232580 27177
815 1791252603257310 30990
816 1791252603278767 29977
817 1791252603291970 27210
818 1791252603318966 33684
819 1791252603336652 31071
820 1791252603358234 33387
821 1791252603375041 28239
822 1791252603394165 28756
823 1791252603420167 34170
824 1791252603436452 30746
825 1791252603457315 32589
826 1791252603484315 39390
827 1791252603499671 34789
828 1791252603524406 40389
829 1791252603552884 46436
830 1791252603569546 45137
831 1791252603595920 49812
832 1791252603615008 49706
833 1791252603642187 56532
834 1791252603664416 60348
835 1791252603685966 59962
836 1791252603712134 66625
837 1791252603734202 69782
838 1791252603757588 71687
839 1791252603784417 77458
840 1791252603804771 80357
841 1791252603832871 85749
842 1791252603858093 91380
843 1791252603883626 99205
844 1791252603897257 92483
845 1791252603924364 97334
846 1791252603943049 97193
847 1791252603965813 98753
848 1791252603984247 97927
849 1791252604003237 98777
850 1791252604037363 112996
851 1791252604052603 106738
852 1791252604068650 103441
853 1791252604090081 105827
854 1791252604107546 102659
855 1791252604132911 105833
856 1791252604152688 106910
857 1791252604174107 109198
858 1791252604196900 107556
859 1791252604215482 107934
860 1791252604234135 108885
861 1791252604254893 110568
862 1791252604273465 105048
863 1791252604296068 109931
864 1791252604317863 106579
865 1791252604335035 103930
866 1791252604346773 98182
867 1791252604362234 97714
868 1791252604385369 97031
869 1791252604397617 90802
870 1791252604416385 89419
871 1791252604435659 88882
872 1791252604454712 89213
873 1791252604469711 84337
874 1791252604486315 79235
875 1791252604505576 76785
876 1791252604521761 72119
877 1791252604542643 72929
878 1791252604553181 66862
879 1791252604564177 59509
880 1791252604583204 57882
881 1791252604595978 49681
882 1791252604606203 42019
883 1791252604617619 33293
884 1791252604634155 27965
885 1791252604657237 30668
886 1791252604673750 26941
887 1791252604693685 26208
888 1791252604711468 26186
889 1791252604733711 27706
890 1791252604752624 27519
891 1791252604774408 27330
892 1791252604794046 29145
893 1791252604814867 30302
894 1791252604833625 27350
895 1791252604856968 33008
896 1791252604879217 33069
897 1791252604896267 31604
898 1791252604916500 31315
899 1791252604930698 26141
900 1791252604955430 30114
901 1791252604981399 31649
902 1791252604998377 28132
903 1791252605011201 26032
904 1791252605035523 30126
905 1791252605055683 30664
906 1791252605077979 29760
907 1791252605093878 28544
908 1791252605115460 31075
909 1791252605135178 30786
910 1791252605160851 30696
911 1791252605174767 28294
912 1791252605193989 29482
913 1791252605215342 28332
914 1791252605237210 31400
915 1791252605254514 25884
916 1791252605279238 31126
917 1791252605296766 30631
918 1791252605316999 32361
919 1791252605335337 28896
920 1791252605353390 29116
921 1791252605382869 38120
922 1791252605394880 27740
923 1791252605413954 29553
924 1791252605436938 30048
925 1791252605454252 28072
926 1791252605475216 26035
927 1791252605493665 29162
928 1791252605513536 28021
929 1791252605539460 32981
930 1791252605553575 27714
931 1791252605572988 28429
932 1791252605593660 28113
933 1791252605614285 30159
934 1791252605637543 32296
935 1791252605656166 29299
936 1791252605674024 29393
937 1791252605693862 29325
938 1791252605717219 31173
939 1791252605733350 29187
940 1791252605748372 23836
941 1791252605774524 26149
942 1791252605804121 39431
943 1791252605822222 31307
944 1791252605832964 28839
945 1791252605853493 28911
946 1791252605874599 28070
947 1791252605899016 33192
948 1791252605909325 22450
949 1791252605935802 26472
950 1791252605955129 27276
951 1791252605972709 26691
952 1791252605998851 30229
953 1791252606014873 26595
954 1791252606031998 26842
955 1791252606053070 28664
956 1791252606074662 25677
957 1791252606094748 30559
958 1791252606111465 24569
959 1791252606133583 27030
960 1791252606150775 24340
961 1791252606172955 28244
962 1791252606194260 27231
963 1791252606213052 27840
964 1791252606234566 28711
965 1791252606255636 31317
966 1791252606275334 29658
967 1791252606299366 34344
968 1791252606314492 25881
969 1791252606334447 29248
970 1791252606355939 28248
971 1791252606374517 25687
972 1791252606392904 27108
973 1791252606414396 29556
974 1791252606433779 25876
975 1791252606453246 26223
976 1791252606475470 26436
977 1791252606494527 25884
978 1791252606515745 26491
979 1791252606528325 23545
980 1791252606554187 28015
981 1791252606574606 29264
982 1791252606595976 30862
983 1791252606614337 29072
984 1791252606633475 27829
985 1791252606659530 32513
986 1791252606673991 29193
987 1791252606703263 37638
988 1791252606713790 28093
989 1791252606732871 27528
990 1791252606754406 29226
991 1791252606774165 28117
992 1791252606794946 29755
993 1791252606819970 32303
994 1791252606840628 36427
995 1791252606855184 30293
996 1791252606872484 26367
997 1791252606893178 28841
998 1791252606912532 25886
999 1791252606934370 29948
1000 1791252606955874 31179
1001 1791252606974526 29424
1002 1791252606993228 27755
1003 1791252607015879 30750
1004 1791252607035456 28286
1005 1791252607053208 28445
1006 1791252607078261 32818
1007 1791252607093138 27047
1008 1791252607114502 30066
1009 1791252607138868 30031
1010 1791252607155988 27615
1011 1791252607168674 23027
1012 1791252607191749 23184
1013 1791252607212602 26692
1014 1791252607244485 36803
1015 1791252607255617 28936
1016 1791252607266629 22141
1017 1791252607294352 29202
1018 1791252607313837 28865
1019 1791252607334561 29192
1020 1791252607354133 30105
1021 1791252607378465 33400
1022 1791252607393672 28569
1023 1791252607414747 29544
1024 1791252607444529 38580
1025 1791252607464523 38248
1026 1791252607487339 42808
1027 1791252607508421 43896
1028 1791252607537732 50389
1029 1791252607556093 51478
1030 1791252607582109 55937
1031 1791252607609602 57775
1032 1791252607626170 58632
1033 1791252607651323 65400
1034 1791252607681293 71689
1035 1791252607694006 67833
1036 1791252607715623 69767
1037 1791252607744698 75605
1038 1791252607763748 78878
1039 1791252607778505 73682
1040 1791252607804030 77304
1041 1791252607823891 79190
1042 1791252607839527 74263
1043 1791252607866862 81417
1044 1791252607882547 78514
1045 1791252607902337 78443
1046 1791252607923557 78949
1047 1791252607944323 77458
1048 1791252607966549 78934
1049 1791252607988102 82650
1050 1791252608007333 81920
1051 1791252608028543 84217
1052 1791252608046327 81033
1053 1791252608073685 85761
1054 1791252608103466 96128
1055 1791252608114339 85793
1056 1791252608125655 79325
1057 1791252608153808 85743
1058 1791252608176064 88322
1059 1791252608182058 74587
1060 1791252608201732 76073
1061 1791252608220598 74776
1062 1791252608242662 76313
1063 1791252608253732 69398
1064 1791252608275653 69937
1065 1791252608299208 72752
1066 1791252608321101 73949
1067 1791252608337751 72817
1068 1791252608355524 70246
1069 1791252608375958 71212
1070 1791252608393963 67892
1071 1791252608408714 63818
1072 1791252608434585 63968
1073 1791252608452958 68561
1074 1791252608472221 64021
1075 1791252608485418 59811
1076 1791252608504029 58806
1077 1791252608520633 56298
1078 1791252608532433 47011
1079 1791252608546849 42817
1080 1791252608569907 43830
1081 1791252608585071 38220
1082 1791252608603176 36565
1083 1791252608614626 30306
1084 1791252608642859 38370
1085 1791252608652962 25125
1086 1791252608673916 29543
1087 1791252608696175 26870
1088 1791252608712899 28626
1089 1791252608741164 34002
1090 1791252608757117 31533
1091 1791252608774365 29009
1092 1791252608794246 28357
1093 1791252608816545 31758
1094 1791252608836775 31005
1095 1791252608854638 25511
1096 1791252608873885 28618
1097 1791252608893938 25890
1098 1791252608914630 22503
1099 1791252608933649 29240
1100 1791252608956686 31558
1101 1791252608985850 35416
1102 1791252608992189 26939
1103 1791252609016232 30376
1104 1791252609034284 28562
1105 1791252609055656 30255
1106 1791252609074584 29413
1107 1791252609096514 24998
1108 1791252609116190 30725
1109 1791252609136188 30881
1110 1791252609153661 29063
1111 1791252609174229 26135
1112 1791252609196216 30161
1113 1791252609216200 31593
1114 1791252609235256 29863
1115 1791252609260611 31135
1116 1791252609280004 35157
1117 1791252609296441 29230
1118 1791252609320192 34579
1119 1791252609331230 22274
1120 1791252609352495 28082
1121 1791252609373602 28891
1122 1791252609394030 28202
1123 1791252609416484 29356
1124 1791252609433423 28321
1125 1791252609454849 28805
1126 1791252609478128 30479
1127 1791252609496483 29704
1128 1791252609511617 27144
1129 1791252609535302 29636
1130 1791252609555593 26258
1131 1791252609574720 29370
1132 1791252609595574 24748
1133 1791252609611856 25777
1134 1791252609632983 27656
1135 1791252609657606 33552
1136 1791252609678238 31323
1137 1791252609693283 28610
1138 1791252609715678 31244
1139 1791252609733762 25478
1140 1791252609755405 30625
1141 1791252609777023 29494
1142 1791252609799137 33956
1143 1791252609815661 30342
1144 1791252609834182 28970
1145 1791252609856969 29830
1146 1791252609875482 29233
1147 1791252609895148 28705
1148 1791252609917384 28078
1149 1791252609936997 32126
1150 1791252609961050 35847
1151 1791252609972840 25993
1152 1791252609995064 29927
1153 1791252610022739 34183
1154 1791252610033815 29075
1155 1791252610056364 31326
1156 1791252610072049 27863
1157 1791252610094643 28852
1158 1791252610114831 30607
1159 1791252610134181 28664
1160 1791252610154670 24728
1161 1791252610166181 21511
1162 1791252610192782 26597
1163 1791252610212387 27758
1164 1791252610232115 27187
1165 1791252610248570 23916
1166 1791252610274279 25705
1167 1791252610292734 26168
1168 1791252610306982 21709
1169 1791252610334291 27362
1170 1791252610349494 21309
1171 1791252610372082 23909
1172 1791252610388771 20978
1173 1791252610406567 21768
1174 1791252610432145 25662
1175 1791252610451204 25858
1176 1791252610466145 21617
1177 1791252610492294 26669
1178 1791252610512251 25559
1179 1791252610528873 22718
1180 1791252610548867 24457
1181 1791252610566931 22515
1182 1791252610590752 25689
1183 1791252610612674 28092
1184 1791252610630834 25313
1185 1791252610653236 28026
1186 1791252610672718 27850
1187 1791252610693085 27857
1188 1791252610712771 27746
1189 1791252610728073 23760
1190 1791252610752203 24127
1191 1791252610768940 23705
1192 1791252610794927 25984
1193 1791252610812988 26893
1194 1791252610830752 25545
1195 1791252610851046 26402
1196 1791252610871341 25069
1197 1791252610886607 22165
1198 1791252610913394 26784
1199 1791252610933266 27638
1200 1791252610957905 31145
1201 1791252610968231 22535
1202 1791252610992751 28344
1203 1791252611013344 27941
1204 1791252611033831 28542
1205 1791252611049462 24983
1206 1791252611074833 27914
1207 1791252611093734 23959
1208 1791252611117150 28572
1209 1791252611134999 23607
1210 1791252611147381 22904
1211 1791252611172134 24749
1212 1791252611188221 21845
1213 1791252611207785 23381
1214 1791252611232519 24730
1215 1791252611245596 21355
1216 1791252611265949 21229
1217 1791252611285880 21179
1218 1791252611306054 21880
1219 1791252611333964 27907
1220 1791252611351892 23467
1221 1791252611374963 29657
1222 1791252611391651 25677
1223 1791252611414715 28741
1224 1791252611426658 20975
1225 1791252611451882 25221
1226 1791252611469790 22762
1227 1791252611485364 20865
1228 1791252611509806 24530
1229 1791252611532570 25529
1230 1791252611552601 26101
1231 1791252611568793 24067
1232 1791252611587090 22088
1233 1791252611615317 28352
1234 1791252611633836 25950
1235 1791252611652064 27558
1236 1791252611668089 23038
1237 1791252611690872 22779
1238 1791252611705139 20714
1239 1791252611731428 27406
1240 1791252611752263 26071
1241 1791252611771132 25481
1242 1791252611785269 20882
1243 1791252611807902 23230
1244 1791252611832948 27031
1245 1791252611850321 24695
1246 1791252611865128 20840
1247 1791252611893115 27982
1248 1791252611912549 28268
1249 1791252611934092 28430
1250 1791252611953006 27121
1251 1791252611973299 26480
1252 1791252611993522 23984
1253 1791252612008698 20684
1254 1791252612034017 27009
1255 1791252612053715 26723
1256 1791252612071977 24671
1257 1791252612092829 26727
1258 1791252612111986 26666
1259 1791252612131449 27240
1260 1791252612153054 28806
1261 1791252612172765 27377
1262 1791252612194801 30347
1263 1791252612213230 28265
1264 1791252612231826 22815
1265 1791252612246426 21916
1266 1791252612275774 29344
1267 1791252612294986 24122
1268 1791252612313769 25701
1269 1791252612333602 25498
1270 1791252612355189 27170
1271 1791252612365339 20580
1272 1791252612388689 23883
1273 1791252612407211 22540
1274 1791252612427940 22405
1275 1791252612447086 22031
1276 1791252612466985 21799
1277 1791252612493771 26890
1278 1791252612514147 25668
1279 1791252612531513 22859
1280 1791252612552897 27675
1281 1791252612571109 25306
1282 1791252612592105 26932
1283 1791252612608199 23707
1284 1791252612625398 21199
1285 1791252612654276 28991
1286 1791252612672973 22217
1287 1791252612695736 27438
1288 1791252612712652 27447
1289 1791252612728272 23164
1290 1791252612753733 28641
1291 1791252612775110 22784
1292 1791252612790985 23076
1293 1791252612806797 22224
1294 1791252612834196 27396
1295 1791252612850548 22905
1296 1791252612871547 24089
1297 1791252612892649 26033
1298 1791252612916250 30206
1299 1791252612932331 21881
1300 1791252612950714 24214
1301 1791252612965314 20661
1302 1791252612993904 28587
1303 1791252613008069 23327
1304 1791252613030549 26370
1305 1791252613055409 24856
1306 1791252613073669 25184
1307 1791252613093097 24696
1308 1791252613113886 28508
1309 1791252613134759 23309
1310 1791252613156593 29352
1311 1791252613173945 23894
1312 1791252613193819 27389
1313 1791252613205802 21473
1314 1791252613232509 27537
1315 1791252613254433 27264
1316 1791252613274147 26664
1317 1791252613290947 26276
1318 1791252613314361 29447
1319 1791252613330291 25629
1320 1791252613353519 27183
1321 1791252613382496 36891
1322 1791252613397373 32335
1323 1791252613415094 30319
1324 1791252613462630 57126
1325 1791252613499830 68432
1326 1791252613526172 79923
1327 1791252613548650 81773
1328 1791252613574895 90687
1329 1791252613600332 94509
1330 1791252613616585 90410
1331 1791252613648065 103230
1332 1791252613667206 101762
1333 1791252613687253 102809
1334 1791252613711078 105034
1335 1791252613725791 100314
1336 1791252613760466 112399
1337 1791252613765603 99810
1338 1791252613792797 107851
1339 1791252613815376 108640
1340 1791252613833850 108056
1341 1791252613847440 102095
1342 1791252613867203 101597
1343 1791252613888901 103473
1344 1791252613904451 98282
1345 1791252613925471 96628
1346 1791252613947142 102886
1347 1791252613970507 104632
1348 1791252613983979 99241
1349 1791252614004859 100406
1350 1791252614031445 105971
1351 1791252614050630 103814
1352 1791252614074973 110020
1353 1791252614086776 102793
1354 1791252614105672 100971
1355 1791252614115099 90958
1356 1791252614142349 96005
1357 1791252614148641 80945
1358 1791252614165911 80036
1359 1791252614187288 81613
1360 1791252614212202 87498
1361 1791252614226689 81908
1362 1791252614241575 75866
1363 1791252614270693 83401
1364 1791252614276853 69146
1365 1791252614292986 66278
1366 1791252614307945 62201
1367 1791252614327454 56757
1368 1791252614349305 63593
1369 1791252614356085 51798
1370 1791252614375232 50878
1371 1791252614394761 50132
1372 1791252614405163 40188
1373 1791252614430479 43745
1374 1791252614445608 40442
1375 1791252614459683 35268
1376 1791252614484320 39029
1377 1791252614490589 25616
1378 1791252614519555 35368
1379 1791252614537247 32356
1380 1791252614563655 36945
1381 1791252614580148 35441
1382 1791252614595496 30735
1383 1791252614616676 32024
1384 1791252614642680 36564
1385 1791252614664597 39873
1386 1791252614674983 29424
1387 1791252614696119 31517
1388 1791252614722914 37843
1389 1791252614740866 35072
1390 1791252614762597 38543
1391 1791252614785988 39924
1392 1791252614810707 44333
1393 1791252614827353 42759
1394 1791252614846524 41798
1395 1791252614857902 31386
1396 1791252614882818 36291
1397 1791252614898845 34189
1398 1791252614923136 37830
1399 1791252614943175 38019
1400 1791252614968623 43896
1401 1791252614985098 40672
1402 1791252615004657 36823
1403 1791252615024320 39218
1404 1791252615048023 43365
1405 1791252615065005 40682
1406 1791252615086153 38581
1407 1791252615108156 43148
1408 1791252615120290 35889
1409 1791252615145548 37389
1410 1791252615173301 47777
1411 1791252615188727 43174
1412 1791252615210808 41523
1413 1791252615222876 38276
1414 1791252615246207 40392
1415 1791252615272346 47885
1416 1791252615290398 44188
1417 1791252615314245 48736
1418 1791252615341606 52170
1419 1791252615362064 55925
1420 1791252615371920 45858
1421 1791252615390767 44895
1422 1791252615414393 47299
1423 1791252615435818 46629
1424 1791252615453121 46610
1425 1791252615465764 37217
1426 1791252615494791 50235
1427 1791252615514700 48933
1428 1791252615534593 49211
1429 1791252615553317 47278
1430 1791252615575302 50411
1431 1791252615606467 58354
1432 1791252615616368 51864
1433 1791252615640624 54923
1434 1791252615652459 46640
1435 1791252615673823 49049
1436 1791252615699972 51590
1437 1791252615733570 65060
1438 1791252615738149 52684
1439 1791252615758559 54403
1440 1791252615788119 61490
1441 1791252615800082 54592
1442 1791252615824812 56726
1443 1791252615840429 52304
1444 1791252615856736 51342
1445 1791252615882567 57817
1446 1791252615900004 53089
1447 1791252615917670 51700
1448 1791252615935399 49468
1449 1791252615958503 53628
1450 1791252615967755 42878
1451 1791252615995530 50777
1452 1791252616024464 58672
1453 1791252616035293 49622
1454 1791252616055855 46832
1455 1791252616072148 47680
1456 1791252616101745 56766
1457 1791252616113317 48677
1458 1791252616132958 48389
1459 1791252616147039 41049
1460 1791252616173884 48916
1461 1791252616195688 48647
1462 1791252616216320 51488
1463 1791252616235555 50760
1464 1791252616254516 46042
1465 1791252616273127 47383
1466 1791252616294855 49909
1467 1791252616322294 57443
1468 1791252616334644 47531
1469 1791252616361197 55948
1470 1791252616382007 57590
1471 1791252616408916 63186
1472 1791252616423877 59151
1473 1791252616437685 53171
1474 1791252616462960 58242
1475 1791252616478495 54607
1476 1791252616493648 48744
1477 1791252616516622 50731
1478 1791252616539873 53706
1479 1791252616564580 58129
1480 1791252616576837 49891
1481 1791252616603370 58625
1482 1791252616617479 52896
1483 1791252616643244 54767
1484 1791252616658082 50433
1485 1791252616677793 48299
1486 1791252616701015 56189
1487 1791252616719823 53920
1488 1791252616740420 55319
1489 1791252616763349 55914
1490 1791252616782027 56457
1491 1791252616804772 58282
1492 1791252616825513 59787
1493 1791252616848832 63847
1494 1791252616878485 73711
1495 1791252616885271 59818
1496 1791252616909664 64118
1497 1791252616918115 53150
1498 1791252616931451 46176
1499 1791252616962653 56972
1500 1791252616988945 63548
1501 1791252616998746 53610
1502 1791252617022760 56643
1503 1791252617040554 55639
1504 1791252617063540 57114
1505 1791252617081200 55743
1506 1791252617102590 56735
1507 1791252617123130 57495
1508 1791252617138831 53792
1509 1791252617158642 51764
1510 1791252617183210 58798
1511 1791252617211920 67788
1512 1791252617233771 68011
1513 1791252617253949 66861
1514 1791252617273418 61494
1515 1791252617284724 59817
1516 1791252617308211 61924
1517 1791252617325242 60911
1518 1791252617355415 70687
1519 1791252617377074 68859
1520 1791252617393080 67834
1521 1791252617413616 67538
1522 1791252617431928 66247
1523 1791252617452846 68318
1524 1791252617469162 64819
1525 1791252617500051 68720
1526 1791252617516141 70048
1527 1791252617529161 62119
1528 1791252617555889 70681
1529 1791252617580484 74430
1530 1791252617604870 79670
1531 1791252617615253 69890
1532 1791252617642967 78098
1533 1791252617658963 73611
1534 1791252617677433 72559
1535 1791252617694676 63371
1536 1791252617708610 64434
1537 1791252617733481 68823
1538 1791252617764309 77185
1539 1791252617772709 65616
1540 1791252617798829 73586
1541 1791252617815152 69535
1542 1791252617826749 62437
1543 1791252617845651 59452
1544 1791252617876277 69337
1545 1791252617892127 67146
1546 1791252617911333 65680
1547 1791252617933384 68755
1548 1791252617953677 67627
1549 1791252617972786 68297
1550 1791252617983342 57402
1551 1791252617995781 50361
1552 1791252618013658 47347
1553 1791252618033681 48795
1554 1791252618053044 39758
1555 1791252618063912 38787
1556 1791252618092330 47332
1557 1791252618108424 44508
1558 1791252618123632 38947
1559 1791252618144429 36002
1560 1791252618162910 33309
1561 1791252618173376 28944
1562 1791252618189172 24739
1563 1791252618218512 32257
1564 1791252618236703 29367
1565 1791252618255137 29421
1566 1791252618269828 23965
1567 1791252618296477 28729
1568 1791252618322516 38112
1569 1791252618343708 35322
1570 1791252618362647 34249
1571 1791252618375115 24981
1572 1791252618395242 28094
1573 1791252618425692 40851
1574 1791252618434558 29904
1575 1791252618458477 32782
1576 1791252618479542 31899
1577 1791252618504174 38980
1578 1791252618512886 28142
1579 1791252618543941 39764
1580 1791252618573731 43137
1581 1791252618579783 35841
1582 1791252618598233 33423
1583 1791252618624766 39360
1584 1791252618638357 33092
1585 1791252618653745 28968
1586 1791252618681559 32131
1587 1791252618697958 31790
1588 1791252618720020 34743
1589 1791252618734499 29721
1590 1791252618764491 39773
1591 1791252618783581 33951
1592 1791252618795017 30523
1593 1791252618822463 34129
1594 1791252618836826 32436
1595 1791252618856013 30804
1596 1791252618882479 38194
1597 1791252618902433 30510
1598 1791252618923444 35669
1599 1791252618935721 29625
1600 1791252618955986 30595
1601 1791252618979792 34103
1602 1791252618996231 30914
1603 1791252619026537 39204
1604 1791252619045578 40116
1605 1791252619057717 31178
1606 1791252619079384 33803
1607 1791252619093843 25339
1608 1791252619129451 39833
1609 1791252619153404 49004
1610 1791252619167162 42197
1611 1791252619186759 41603
1612 1791252619205107 40624
1613 1791252619230753 46034
1614 1791252619245900 40790
1615 1791252619267139 36383
1616 1791252619284593 38691
1617 1791252619318641 51520
1618 1791252619330549 45953
1619 1791252619354114 48055
1620 1791252619379590 53814
1621 1791252619398719 49055
1622 1791252619408852 44452
1623 1791252619440700 55043
1624 1791252619453833 47546
1625 1791252619477528 53420
1626 1791252619486549 40941
1627 1791252619516222 52116
1628 1791252619526057 41196
1629 1791252619553637 48081
1630 1791252619578678 53822
1631 1791252619594034 43158
1632 1791252619608317 43036
1633 1791252619639157 53928
1634 1791252619651937 45693
1635 1791252619671205 46727
1636 1791252619690925 46574
1637 1791252619712241 45146
1638 1791252619744739 58283
1639 1791252619752527 47587
1640 1791252619772863 47459
1641 1791252619803984 59241
1642 1791252619823767 53888
1643 1791252619843079 53677
1644 1791252619861671 57686
1645 1791252619884542 58552
1646 1791252619900153 55801
1647 1791252619914890 49523
1648 1791252619933597 49051
1649 1791252619957678 52954
1650 1791252619974273 49351
1651 1791252619994548 49726
1652 1791252620013094 46688
1653 1791252620034794 49648
1654 1791252620056286 51368
1655 1791252620077336 45617
1656 1791252620097260 52115
1657 1791252620119636 51545
1658 1791252620131020 46233
1659 1791252620156002 50520
1660 1791252620178882 53097
1661 1791252620192454 46640
1662 1791252620223305 58877
1663 1791252620250292 65416
1664 1791252620257315 52041
1665 1791252620282792 57470
1666 1791252620294559 49672
1667 1791252620333928 69004
1668 1791252620345865 57458
1669 1791252620352032 47025
1670 1791252620378432 54058
1671 1791252620395820 49951
1672 1791252620415323 48167
1673 1791252620443775 58859
1674 1791252620472335 63416
1675 1791252620493945 69330
1676 1791252620513377 65276
1677 1791252620524634 53933
1678 1791252620546115 56955
1679 1791252620556710 50606
1680 1791252620586814 62177
1681 1791252620605959 60166
1682 1791252620624788 58970
1683 1791252620652286 67796
1684 1791252620673120 67157
1685 1791252620684527 59736
1686 1791252620706196 58359
1687 1791252620734503 68401
1688 1791252620762527 78193
1689 1791252620776196 71092
1690 1791252620797238 71499
1691 1791252620818128 72960
1692 1791252620831961 66496
1693 1791252620851872 67223
1694 1791252620862768 58146
1695 1791252620894910 69966
1696 1791252620905975 61441
1697 1791252620924606 59196
1698 1791252620949316 63776
1699 1791252620956961 51568
1700 1791252620993560 68950
1701 1791252621017052 68754
1702 1791252621027673 63538
1703 1791252621050529 65909
1704 1791252621074305 68823
1705 1791252621091394 66336
1706 1791252621115064 64531
1707 1791252621136538 68898
1708 1791252621159899 70287
1709 1791252621180570 75399
1710 1791252621201821 77121
1711 1791252621215968 71244
1712 1791252621240687 76110
1713 1791252621259306 73812
1714 1791252621274793 69053
1715 1791252621296108 71180
1716 1791252621323493 78210
1717 1791252621326260 61780
1718 1791252621352194 66565
1719 1791252621365495 61098
1720 1791252621386726 61008
1721 1791252621411005 66519
1722 1791252621431115 65617
1723 1791252621453812 67083
1724 1791252621471549 63689
1725 1791252621493579 64703
1726 1791252621513299 66862
1727 1791252621533956 66180
1728 1791252621551693 65177
1729 1791252621579316 68759
1730 1791252621591890 67082
1731 1791252621614601 64255
1732 1791252621626609 60925
1733 1791252621646905 62252
1734 1791252621662575 56974
1735 1791252621681657 55806
1736 1791252621707085 62087
1737 1791252621723445 57568
1738 1791252621744278 59535
1739 1791252621760423 53470
1740 1791252621773876 48668
1741 1791252621796792 52510
1742 1791252621813849 49176
1743 1791252621828069 38574
1744 1791252621859755 53240
1745 1791252621876837 48764
1746 1791252621883708 39426
1747 1791252621901427 36222
1748 1791252621915330 30216
1749 1791252621944804 39037
1750 1791252621966435 35063
1751 1791252621974259 29451
1752 1791252622000763 34325
1753 1791252622023016 37163
1754 1791252622038623 32420
1755 1791252622050886 26551
1756 1791252622074901 29473
1757 1791252622104825 38618
1758 1791252622114705 30115
1759 1791252622134585 29853
1760 1791252622154039 28537
1761 1791252622179370 34484
1762 1791252622194618 29085
1763 1791252622215975 30836
1764 1791252622235566 29932
1765 1791252622266422 40179
1766 1791252622278026 32888
1767 1791252622292993 27765
1768 1791252622326024 39327
1769 1791252622346760 40666
1770 1791252622363753 37711
1771 1791252622382439 37965
1772 1791252622398236 32398
1773 1791252622416545 30734
1774 1791252622445689 40285
1775 1791252622467378 38522
1776 1791252622484824 40786
1777 1791252622506262 39184
1778 1791252622520228 35401
1779 1791252622539165 32899
1780 1791252622560263 34650
1781 1791252622579154 34748
1782 1791252622593951 27174
1783 1791252622612294 27835
1784 1791252622643770 39137
1785 1791252622663894 37906
1786 1791252622694250 48127
1787 1791252622701383 37486
1788 1791252622718143 27441
1789 1791252622743929 38065
1790 1791252622754396 28645
1791 1791252622784801 40869
1792 1791252622819115 54201
1793 1791252622824070 39260
1794 1791252622836371 31228
1795 1791252622871199 47124
1796 1791252622891547 43498
1797 1791252622922871 51669
1798 1791252622933397 43785
1799 1791252622944920 39860
1800 1791252622956241 31501
1801 1791252622982287 37365
1802 1791252623011906 42775
1803 1791252623021818 36266
1804 1791252623036995 31450
1805 1791252623063994 37947
1806 1791252623083741 39286
1807 1791252623106929 42910
1808 1791252623127443 41703
1809 1791252623144708 37774
1810 1791252623167255 41513
1811 1791252623184635 39921
1812 1791252623206651 40174
1813 1791252623232574 46747
1814 1791252623257515 50859
1815 1791252623274640 44046
1816 1791252623289080 43944
1817 1791252623306131 40912
1818 1791252623334942 45851
1819 1791252623360095 54288
1820 1791252623366135 41490
1821 1791252623393456 45101
1822 1791252623416662 51511
1823 1791252623439139 53887
1824 1791252623447290 42436
1825 1791252623474138 48269
1826 1791252623497149 52390
1827 1791252623516163 47941
1828 1791252623533290 48858
1829 1791252623553607 48732
1830 1791252623566934 40087
1831 1791252623606435 58050
1832 1791252623618825 53781
1833 1791252623638167 53757
1834 1791252623652938 46499
1835 1791252623673837 49278
1836 1791252623707746 60163
1837 1791252623724128 59845
1838 1791252623740596 51093
1839 1791252623770074 62325
1840 1791252623789446 65313
1841 1791252623802112 57332
1842 1791252623819040 48960
1843 1791252623837825 48374
1844 1791252623862805 58106
1845 1791252623885617 60333
1846 1791252623897483 47979
1847 1791252623921316 55379
1848 1791252623933402 47781
1849 1791252623956667 50417
1850 1791252623984269 58479
1851 1791252623996372 51596
1852 1791252624025522 56989
1853 1791252624031682 47409
1854 1791252624054238 48410
1855 1791252624073098 48624
1856 1791252624104331 59282
1857 1791252624132455 66154
1858 1791252624141187 56190
1859 1791252624166639 62306
1860 1791252624183865 59084
1861 1791252624212174 65601
1862 1791252624228686 62043
1863 1791252624242580 58711
1864 1791252624268313 56136
1865 1791252624277998 53262
1866 1791252624294475 48553
1867 1791252624312953 45433
1868 1791252624331944 45237
1869 1791252624358909 53319
1870 1791252624399303 74315
1871 1791252624410565 66320
1872 1791252624423984 58468
1873 1791252624436473 51048
1874 1791252624468010 62824
1875 1791252624474508 50516
1876 1791252624510240 64405
1877 1791252624513909 49780
1878 1791252624543603 58450
1879 1791252624564307 59801
1880 1791252624580632 56472
1881 1791252624607512 59331
1882 1791252624628844 64524
1883 1791252624637794 52307
1884 1791252624661780 54265
1885 1791252624696798 67948
1886 1791252624705029 55862
1887 1791252624727745 59157
1888 1791252624747988 61530
1889 1791252624767635 62600
1890 1791252624791814 65315
1891 1791252624814064 66065
1892 1791252624834814 67172
1893 1791252624846478 54661
1894 1791252624870859 66226
1895 1791252624889408 64420
1896 1791252624916316 71932
1897 1791252624933240 68314
1898 1791252624940358 56232
1899 1791252624973684 68246
1900 1791252624973696 48592
1901 1791252625014516 69306
1902 1791252625033471 65739
1903 1791252625055368 69938
1904 1791252625077951 70314
1905 1791252625094251 69388
1906 1791252625114624 67930
1907 1791252625134447 63763
1908 1791252625155883 71143
1909 1791252625169811 63222
1910 1791252625194439 68957
1911 1791252625203716 58234
1912 1791252625227436 63077
1913 1791252625246666 58877
1914 1791252625272034 66985
1915 1791252625294888 68363
1916 1791252625312996 66325
1917 1791252625334765 69475
1918 1791252625353973 68036
1919 1791252625378446 69358
1920 1791252625400318 69020
1921 1791252625418392 70352
1922 1791252625432839 68257
1923 1791252625462636 76009
1924 1791252625475701 71060
1925 1791252625496701 71833
1926 1791252625522934 76710
1927 1791252625539187 73946
1928 1791252625556126 63857
1929 1791252625580889 74814
1930 1791252625594243 66881
1931 1791252625606716 60186
1932 1791252625636094 69996
1933 1791252625654278 68902
1934 1791252625684203 78197
1935 1791252625706487 81199
1936 1791252625730111 84400
1937 1791252625734858 64833
1938 1791252625746208 62000
1939 1791252625783627 78805
1940 1791252625807496 77379
1941 1791252625815629 69417
1942 1791252625847879 81414
1943 1791252625857436 72262
1944 1791252625884762 79856
1945 1791252625893504 66630
1946 1791252625915337 69527
1947 1791252625942685 73382
1948 1791252625951555 66788
1949 1791252625970626 64216
1950 1791252625982613 56918
1951 1791252626001713 52300
1952 1791252626019532 53965
1953 1791252626034699 48097
1954 1791252626072110 65987
1955 1791252626077701 50770
1956 1791252626099545 51758
1957 1791252626120861 52599
1958 1791252626127866 41665
1959 1791252626147588 40776
1960 1791252626160444 33657
1961 1791252626179715 32123
1962 1791252626199860 34574
1963 1791252626214749 27936
1964 1791252626232254 26475
1965 1791252626258064 32874
1966 1791252626282554 32812
1967 1791252626295048 30037
1968 1791252626318126 32588
1969 1791252626338825 34450
1970 1791252626358818 34183
1971 1791252626375635 29276
1972 1791252626398151 34162
1973 1791252626413371 26733
1974 1791252626434807 30054
1975 1791252626454668 29901
1976 1791252626478988 31842
1977 1791252626498751 32762
1978 1791252626522319 37708
1979 1791252626541153 35647
1980 1791252626557338 31716
1981 1791252626574007 29181
1982 1791252626587756 21324
1983 1791252626618654 33451
1984 1791252626641716 31539
1985 1791252626656827 31735
1986 1791252626685794 40222
1987 1791252626704801 39246
1988 1791252626727438 41640
1989 1791252626743747 38944
1990 1791252626747313 22162
1991 1791252626781887 35986
1992 1791252626793940 29224
1993 1791252626815382 30795
1994 1791252626841426 37245
1995 1791252626854399 28241
1996 1791252626882812 37124
1997 1791252626891212 24111
1998 1791252626921165 34555
1999 1791252626934452 29916
2000 1791252626954847 29444
2001 1791252626983959 33647
2002 1791252626994821 28818
2003 1791252627014951 30986
2004 1791252627036275 31674
2005 1791252627063193 38863
2006 1791252627074516 23959
2007 1791252627103934 35427
2008 1791252627121031 35304
2009 1791252627131235 27299
2010 1791252627155515 29328
2011 1791252627175870 26091
2012 1791252627206983 41759
2013 1791252627218968 31656
2014 1791252627234886 27900
2015 1791252627251809 26919
2016 1791252627271660 24187
2017 1791252627303351 34849
2018 1791252627325453 39260
2019 1791252627341981 36415
2020 1791252627355352 29895
2021 1791252627374612 28871
2022 1791252627410253 41174
2023 1791252627418734 33859
2024 1791252627439540 29283
2025 1791252627453897 28107
2026 1791252627482964 38077
2027 1791252627496429 25965
2028 1791252627512598 27778
2029 1791252627536865 29680
2030 1791252627557531 32841
2031 1791252627572598 26079
2032 1791252627605116 39000
2033 1791252627623490 37367
2034 1791252627640093 34971
2035 1791252627668824 43157
2036 1791252627681116 35786
2037 1791252627699159 30327
2038 1791252627715989 29743
2039 1791252627737607 32206
2040 1791252627768110 40319
2041 1791252627794935 42873
2042 1791252627803904 37006
2043 1791252627814158 27998
2044 1791252627832829 28921
2045 1791252627855562 31025
2046 1791252627877096 31512
2047 1791252627891505 26781
2048 1791252627915156 30318
2049 1791252627935635 28573
2050 1791252627974855 47010
2051 1791252627978520 31276
2052 1791252628004607 39060
2053 1791252628021934 37149
2054 1791252628043551 38940
2055 1791252628055383 31052
2056 1791252628072203 27417
2057 1791252628104129 37667
2058 1791252628116928 32460
2059 1791252628142846 38715
2060 1791252628155516 31220
2061 1791252628189361 43533
2062 1791252628205658 33801
2063 1791252628223072 35315
2064 1791252628243871 38210
2065 1791252628266819 37788
2066 1791252628278850 34968
2067 1791252628299463 33766
2068 1791252628324024 38912
2069 1791252628340903 36206
2070 1791252628354353 30326
2071 1791252628384824 40219
2072 1791252628398739 29414
2073 1791252628414536 29708
2074 1791252628438774 33130
2075 1791252628463312 37621
2076 1791252628484968 39146
2077 1791252628507267 39928
2078 1791252628524302 39330
2079 1791252628546086 38815
2080 1791252628563314 39009
2081 1791252628590848 45992
2082 1791252628612075 45700
2083 1791252628629846 41681
2084 1791252628636467 32075
2085 1791252628669770 45523
2086 1791252628695504 46593
2087 1791252628714589 44815
2088 1791252628735420 48456
2089 1791252628765535 60671
2090 1791252628774692 49974
2091 1791252628798808 53007
2092 1791252628805505 40358
2093 1791252628839466 50961
2094 1791252628853640 48132
2095 1791252628870717 45147
2096 1791252628894354 48518
2097 1791252628918444 51709
2098 1791252628933029 44433
2099 1791252628952133 45352
2100 1791252628979205 52669
2101 1791252629001532 56046
2102 1791252629023889 52918
2103 1791252629037829 52494
2104 1791252629070518 65740
2105 1791252629076061 52170
2106 1791252629103512 57628
2107 1791252629108685 38164
2108 1791252629131724 46368
2109 1791252629152464 47396
2110 1791252629185109 58292
2111 1791252629206294 58552
2112 1791252629231855 67079
2113 1791252629249966 64854
2114 1791252629265288 60008
2115 1791252629283294 51436
2116 1791252629297462 52416
2117 1791252629322162 57600
2118 1791252629344643 58660
2119 1791252629356506 50902
2120 1791252629384654 56970
2121 1791252629406668 62022
2122 1791252629417984 47287
2123 1791252629434819 50161
2124 1791252629458009 51518
2125 1791252629485682 61051
2126 1791252629498234 47060
2127 1791252629526254 58133
2128 1791252629546043 61746
2129 1791252629566492 61891
2130 1791252629582920 56662
2131 1791252629607669 61622
2132 1791252629625147 58651
2133 1791252629646520 62537
2134 1791252629663828 59523
2135 1791252629693367 68217
2136 1791252629716572 70049
2137 1791252629734278 70448
2138 1791252629751686 66348
2139 1791252629775371 66213
2140 1791252629795740 71029
2141 1791252629817041 67180
2142 1791252629827712 57875
2143 1791252629852367 67731
2144 1791252629872495 67090
2145 1791252629885522 60056
2146 1791252629912304 66018
2147 1791252629925270 58966
2148 1791252629951214 65684
2149 1791252629979017 72110
2150 1791252630004861 79587
2151 1791252630012332 67807
2152 1791252630035736 68365
2153 1791252630060435 75222
2154 1791252630076263 71458
2155 1791252630093124 67159
2156 1791252630115125 69244
2157 1791252630134997 70361
2158 1791252630156060 71192
2159 1791252630181867 76168
2160 1791252630192376 67530
2161 1791252630216788 72489
2162 1791252630231982 67463
2163 1791252630262949 76871
2164 1791252630277183 68575
2165 1791252630300114 71963
2166 1791252630309859 59757
2167 1791252630328704 63900
2168 1791252630345543 57454
2169 1791252630373108 68535
2170 1791252630401190 73713
2171 1791252630422570 77464
2172 1791252630454570 83788
2173 1791252630467018 80606
2174 1791252630483789 77799
2175 1791252630511932 85862
2176 1791252630518437 67553
2177 1791252630536120 69099
2178 1791252630557485 68340
2179 1791252630578532 72581
2180 1791252630599676 74080
2181 1791252630624092 73511
2182 1791252630643312 77500
2183 1791252630663757 78060
2184 1791252630682496 74986
2185 1791252630703227 79132
2186 1791252630713181 68220
2187 1791252630734816 69915
2188 1791252630755773 69680
2189 1791252630774307 69860
2190 1791252630791156 66721
2191 1791252630813085 68642
2192 1791252630824501 57164
2193 1791252630843329 53873
2194 1791252630861653 55774
2195 1791252630866740 42236
2196 1791252630883405 37279
2197 1791252630896476 31222
2198 1791252630913197 28210
2199 1791252630932637 26007
2200 1791252630960537 33040
2201 1791252630978839 33554
2202 1791252631015033 46764
2203 1791252631021405 31535
2204 1791252631034600 30088
2205 1791252631055326 27541
2206 1791252631075749 30820
2207 1791252631095185 25303
2208 1791252631122594 34779
2209 1791252631140830 36088
2210 1791252631153088 27293
2211 1791252631174373 28879
2212 1791252631199796 35043
2213 1791252631213149 28473
2214 1791252631236111 29979
2215 1791252631256112 31391
2216 1791252631273657 29270
2217 1791252631296996 28541
2218 1791252631324837 38585
2219 1791252631339405 34796
2220 1791252631355735 30895
2221 1791252631372361 27828
2222 1791252631396356 30713
2223 1791252631416769 31329
2224 1791252631429125 24485
2225 1791252631457511 29967
2226 1791252631474051 29202
2227 1791252631489365 24646
2228 1791252631513951 29010
2229 1791252631539313 34046
2230 1791252631565233 40148
2231 1791252631586190 41059
2232 1791252631591776 26540
2233 1791252631624217 38023
2234 1791252631635440 30275
2235 1791252631652106 27886
2236 1791252631675904 27876
2237 1791252631694701 30170
2238 1791252631720560 35834
2239 1791252631744014 38831
2240 1791252631751557 25509
2241 1791252631782507 38490
2242 1791252631801583 36545
2243 1791252631813620 27767
2244 1791252631844759 38873
2245 1791252631863972 39113
2246 1791252631879335 34573
2247 1791252631893653 29677
2248 1791252631922143 35183
2249 1791252631940546 33209
2250 1791252631961735 37045
2251 1791252631993932 44771
2252 1791252632004792 39456
2253 1791252632017213 31760
2254 1791252632043633 38837
2255 1791252632054816 29707
2256 1791252632076169 27551
2257 1791252632095434 31500
2258 1791252632116057 28922
2259 1791252632144097 39254
2260 1791252632162545 37350
2261 1791252632185243 41143
2262 1791252632203489 38101
2263 1791252632227209 41963
2264 1791252632241267 35326
2265 1791252632267237 40428
2266 1791252632277189 32114
2267 1791252632300479 35845
2268 1791252632322890 38420
2269 1791252632345729 40889
2270 1791252632372369 47672
2271 1791252632384852 39120
2272 1791252632405710 40167
2273 1791252632432359 47503
2274 1791252632446544 41861
2275 1791252632464593 37509
2276 1791252632485038 38490
2277 1791252632503899 39303
2278 1791252632530765 45724
2279 1791252632547674 43756
2280 1791252632565087 37694
2281 1791252632591799 46183
2282 1791252632612946 47856
2283 1791252632619012 34080
2284 1791252632654641 49251
2285 1791252632682245 52877
2286 1791252632691384 40431
2287 1791252632714934 50012
2288 1791252632737186 52359
2289 1791252632750894 46179
2290 1791252632784136 58474
2291 1791252632793813 44843
2292 1791252632817961 51588
2293 1791252632834814 50670
2294 1791252632854393 48678
2295 1791252632879044 53774
2296 1791252632889503 43827
2297 1791252632913718 49035
2298 1791252632935677 51275
2299 1791252632955237 49368
2300 1791252632975017 49822
2301 1791252632998792 52042
2302 1791252633028896 62536
2303 1791252633035445 50717
2304 1791252633067423 61798
2305 1791252633071371 46614
2306 1791252633094668 44031
2307 1791252633132951 65525
2308 1791252633147677 58913
2309 1791252633160083 52548
2310 1791252633183805 57155
2311 1791252633200273 53011
2312 1791252633210731 44939
2313 1791252633232003 44538
2314 1791252633267034 61984
2315 1791252633283443 53421
2316 1791252633289358 44476
2317 1791252633313416 47186
2318 1791252633342706 56233
2319 1791252633370096 59809
2320 1791252633383857 58502
2321 1791252633395506 49021
2322 1791252633424421 59466
2323 1791252633438838 54977
2324 1791252633455533 50275
2325 1791252633473678 49254
2326 1791252633484903 38249
2327 1791252633491348 26216
2328 1791252633510832 25925
2329 1791252633537046 31313
2330 1791252633554080 23502
2331 1791252633570119 22514
2332 1791252633590758 26317
2333 1791252633615829 25108
2334 1791252633626531 21345
2335 1791252633650334 25496
2336 1791252633666004 21015
2337 1791252633688020 23507
2338 1791252633713241 26927
2339 1791252633732727 24048
2340 1791252633753312 25374
2341 1791252633772217 23829
2342 1791252633792878 26737
2343 1791252633806545 20617
2344 1791252633833194 26645
2345 1791252633855402 29630
2346 1791252633865582 21229
2347 1791252633892060 26569
2348 1791252633911840 27159
2349 1791252633933003 27601
2350 1791252633953843 29194
2351 1791252633971139 26922
2352 1791252633985131 20976
2353 1791252634014478 29343
2354 1791252634035632 29374
2355 1791252634046489 21815
2356 1791252634070862 24369
2357 1791252634086810 20441
2358 1791252634114633 27818
2359 1791252634132544 23012
2360 1791252634146750 21496
2361 1791252634166135 21458
2362 1791252634191006 25165
2363 1791252634206395 21342
2364 1791252634234129 27732
2365 1791252634249534 21209
2366 1791252634274920 28559
2367 1791252634292253 27074
2368 1791252634311395 25995
2369 1791252634325331 20664
2370 1791252634345668 21117
2371 1791252634368202 22818
2372 1791252634385673 20693
2373 1791252634410233 25486
2374 1791252634431093 26276
2375 1791252634452102 26193
2376 1791252634482088 33425
2377 1791252634494206 28264
2378 1791252634510734 26070
2379 1791252634533013 28232
2380 1791252634547576 21316
2381 1791252634568056 20588
2382 1791252634593626 28598
2383 1791252634614006 29473
2384 1791252634634016 27030
2385 1791252634651698 22745
2386 1791252634669105 24218
2387 1791252634695102 25994
2388 1791252634712686 21471
2389 1791252634731599 25833
2390 1791252634754620 23018
2391 1791252634771619 24017
2392 1791252634787780 22884
2393 1791252634806070 21065
2394 1791252634834793 28720
2395 1791252634850958 26575
2396 1791252634875067 28557
2397 1791252634891229 21297
2398 1791252634907269 22236
2399 1791252634934240 26969
2400 1791252634952504 23253
2401 1791252634967506 22671
2402 1791252634992899 27608
2403 1791252635012513 27076
2404 1791252635033638 26642
2405 1791252635051524 23106
2406 1791252635070460 25357
2407 1791252635092706 27469
2408 1791252635109990 24899
2409 1791252635135843 30649
2410 1791252635153770 27710
2411 1791252635170586 25521
2412 1791252635186746 21676
2413 1791252635218886 32137
2414 1791252635230807 24052
2415 1791252635244874 20590
2416 1791252635266021 21143
2417 1791252635287287 21262
2418 1791252635305060 20839
2419 1791252635333472 28409
2420 1791252635349877 25190
2421 1791252635374314 29280
2422 1791252635392784 23123
2423 1791252635411292 25053
2424 1791252635433906 28932
2425 1791252635449223 22552
2426 1791252635469928 25438
2427 1791252635493306 23374
2428 1791252635513466 25851
2429 1791252635533929 24305
2430 1791252635554160 25561
2431 1791252635574552 25033
2432 1791252635585372 20809
2433 1791252635614891 29515
2434 1791252635634708 24152
2435 1791252635647222 23096
2436 1791252635667810 20584
2437 1791252635692532 26680
2438 1791252635711638 26369
2439 1791252635733667 27922
2440 1791252635752155 27087
2441 1791252635770905 26048
2442 1791252635788578 24176
2443 1791252635812982 24448
2444 1791252635832601 26029
2445 1791252635850567 23110
2446 1791252635868723 23646
2447 1791252635892851 24123
2448 1791252635907933 21287
2449 1791252635932738 27891
2450 1791252635946193 22151
2451 1791252635972707 26511
2452 1791252635991958 26926
2453 1791252636009864 24801
2454 1791252636032428 22560
2455 1791252636047794 21650
2456 1791252636066404 21719
2457 1791252636093270 27462
2458 1791252636110814 25593
2459 1791252636134153 29497
2460 1791252636152317 22566
2461 1791252636166286 21958
2462 1791252636192709 26419
2463 1791252636214373 28991
2464 1791252636233106 27453
2465 1791252636253043 28355
2466 1791252636266503 22058
2467 1791252636293859 27352
2468 1791252636312819 25646
2469 1791252636325121 20837
2470 1791252636351417 26292
2471 1791252636372449 28109
2472 1791252636389590 24555
2473 1791252636417026 27478
2474 1791252636428513 23572
2475 1791252636445682 21167
2476 1791252636474269 28584
2477 1791252636493058 26456
2478 1791252636510039 24483
2479 1791252636535488 29200
2480 1791252636547467 22094
2481 1791252636575139 29554
2482 1791252636593302 28312
2483 1791252636623331 32152
2484 1791252636638303 31432
2485 1791252636655520 30998
2486 1791252636678289 32447
2487 1791252636704031 38982
2488 1791252636725758 40287
2489 1791252636757358 53325
2490 1791252636762823 37061
2491 1791252636793987 48385
2492 1791252636832911 66314
2493 1791252636881840 89708
2494 1791252636892799 88010
2495 1791252636922231 97403
2496 1791252636953404 108650
2497 1791252636981685 116563
2498 1791252636989719 104180
2499 1791252637016368 109924
2500 1791252637036112 110561
2501 1791252637063148 118411
2502 1791252637072923 108195
2503 1791252637096323 109974
2504 1791252637117228 110994
2505 1791252637138060 110992
2506 1791252637166876 121433
2507 1791252637178831 111816
2508 1791252637195018 109899
2509 1791252637209148 103601
2510 1791252637239174 114431
2511 1791252637271962 126434
2512 1791252637275816 108938
2513 1791252637306407 118230
2514 1791252637329942 120791
2515 1791252637346232 121458
2516 1791252637372568 127792
2517 1791252637397704 132628
2518 1791252637413391 129457
2519 1791252637436369 129958
2520 1791252637453721 129098
2521 1791252637481635 137132
2522 1791252637496478 131853
2523 1791252637508756 123684
2524 1791252637538526 132096
2525 1791252637561180 136637
2526 1791252637588056 142864
2527 1791252637606574 141397
2528 1791252637626070 140801
2529 1791252637655868 148412
2530 1791252637671770 141844
2531 1791252637693755 145070
2532 1791252637705748 139653
2533 1791252637735360 150516
2534 1791252637741458 136211
2535 1791252637770718 144644
2536 1791252637788318 138672
2537 1791252637813539 148882
2538 1791252637829280 140683
2539 1791252637848947 143796
2540 1791252637865261 140103
2541 1791252637897979 153257
2542 1791252637908073 138152
2543 1791252637921145 135430
2544 1791252637937875 133138
2545 1791252637941863 113878
2546 1791252637955897 111109
2547 1791252637965859 100594
2548 1791252637976884 90816
2549 1791252637992542 87994
2550 1791252638013252 86232
2551 1791252638020297 73462
2552 1791252638038851 72985
2553 1791252638054605 65561
2554 1791252638074069 60815
2555 1791252638079457 54837
2556 1791252638095401 50952
2557 1791252638103862 38957
2558 1791252638116846 32036
2559 1791252638133585 29720
2560 1791252638173068 45085
2561 1791252638177905 32309
2562 1791252638198131 32561
2563 1791252638220295 35379
2564 1791252638242260 37024
2565 1791252638259150 33725
2566 1791252638281443 34861
2567 1791252638314159 49506
2568 1791252638324494 36825
2569 1791252638351527 44224
2570 1791252638355215 30716
2571 1791252638382374 33282
2572 1791252638404105 39488
2573 1791252638416244 30746
2574 1791252638437080 32971
2575 1791252638453593 29174
2576 1791252638494483 46150
2577 1791252638499877 34260
2578 1791252638516655 29941
2579 1791252638537816 33126
2580 1791252638563104 34248
2581 1791252638581556 37037
2582 1791252638599760 35379
2583 1791252638622370 37538
2584 1791252638643918 38265
2585 1791252638663003 36318
2586 1791252638684041 40121
2587 1791252638697945 33131
2588 1791252638718741 34696
2589 1791252638738067 33338
2590 1791252638756820 31073
2591 1791252638776668 31954
2592 1791252638796972 32765
2593 1791252638814503 29396
2594 1791252638838941 32597
2595 1791252638864552 36574
2596 1791252638875332 30833
2597 1791252638913425 48869
2598 1791252638924753 38805
2599 1791252638945213 37468
2600 1791252638962227 37471
2601 1791252638976117 30901
2602 1791252638995099 30242
2603 1791252639014669 29781
2604 1791252639033224 28834
2605 1791252639067019 42039
2606 1791252639082971 31158
2607 1791252639096698 30178
2608 1791252639117195 32244
2609 1791252639144003 35153
2610 1791252639157174 31958
2611 1791252639175551 31544
2612 1791252639201672 31298
2613 1791252639219696 34284
2614 1791252639239497 34315
2615 1791252639264556 38250
2616 1791252639282533 36687
2617 1791252639302278 37718
2618 1791252639324524 39298
2619 1791252639342400 36544
2620 1791252639362352 37824
2621 1791252639375336 30310
2622 1791252639396916 32331
2623 1791252639424542 38926
2624 1791252639442306 37479
2625 1791252639456108 31563
2626 1791252639476697 31905
2627 1791252639504576 39706
2628 1791252639523227 37188
2629 1791252639543518 38939
2630 1791252639560811 34805
2631 1791252639579465 33844
2632 1791252639604486 38320
2633 1791252639617008 32147
2634 1791252639635928 31439
2635 1791252639655738 31261
2636 1791252639685832 35599
2637 1791252639702533 35111
2638 1791252639723297 38641
2639 1791252639736827 30963
2640 1791252639755978 28886
2641 1791252639784098 37813
2642 1791252639803277 38850
2643 1791252639824804 40703
2644 1791252639843445 34100
2645 1791252639857590 32782
2646 1791252639873375 28775
2647 1791252639902789 37139
2648 1791252639919958 34148
2649 1791252639949210 41082
2650 1791252639954267 29455
2651 1791252639979160 29948
2652 1791252639995832 28701
2653 1791252640018433 34054
2654 1791252640033562 29453
2655 1791252640055494 30187
2656 1791252640084449 35118
2657 1791252640103971 37254
2658 1791252640117956 33503
2659 1791252640134569 30595
2660 1791252640161369 33801
2661 1791252640183444 38708
2662 1791252640204671 38297
2663 1791252640225279 36083
2664 1791252640246387 41851
2665 1791252640264762 39479
2666 1791252640293529 47140
2667 1791252640307105 42341
2668 1791252640332746 47387
2669 1791252640355790 50768
2670 1791252640376051 51008
2671 1791252640399699 54255
2672 1791252640424896 57953
2673 1791252640450284 65549
2674 1791252640465304 59801
2675 1791252640485956 61057
2676 1791252640515925 65639
2677 1791252640530396 65923
2678 1791252640554358 69267
2679 1791252640573090 65077
2680 1791252640594675 70416
2681 1791252640612039 67441
2682 1791252640639425 73897
2683 1791252640653170 66427
2684 1791252640683395 75886
2685 1791252640711793 81815
2686 1791252640715303 70640
2687 1791252640742878 78258
2688 1791252640754136 69309
2689 1791252640779152 67355
2690 1791252640794781 69984
2691 1791252640820571 72512
2692 1791252640844296 79966
2693 1791252640861830 77113
2694 1791252640885441 77323
2695 1791252640907921 82640
2696 1791252640910722 66422
2697 1791252640944718 80023
2698 1791252640972962 87519
2699 1791252640986276 81670
2700 1791252641004140 78957
2701 1791252641026699 81977
2702 1791252641043253 77965
2703 1791252641064815 78536
2704 1791252641088235 84092
2705 1791252641102526 76766
2706 1791252641123893 78130
2707 1791252641155071 90253
2708 1791252641167372 80700
2709 1791252641186811 80694
2710 1791252641199179 75283
2711 1791252641232903 86214
2712 1791252641248091 83577
2713 1791252641267711 82927
2714 1791252641289615 84773
2715 1791252641304767 80456
2716 1791252641325477 78201
2717 1791252641337181 69466
2718 1791252641356739 67121
2719 1791252641372520 67749
2720 1791252641393110 67630
2721 1791252641404511 59597
2722 1791252641430124 62537
2723 1791252641436394 51229
2724 1791252641463578 59065
2725 1791252641468922 44198
2726 1791252641487087 41959
2727 1791252641504055 35128
2728 1791252641531264 46822
2729 1791252641547222 43155
2730 1791252641554724 25438
2731 1791252641583878 37738
2732 1791252641610682 45395
2733 1791252641624352 40471
2734 1791252641650223 40714
2735 1791252641670191 45836
2736 1791252641686899 36671
2737 1791252641695197 30393
2738 1791252641725402 38500
2739 1791252641742316 36752
2740 1791252641764998 39594
2741 1791252641775605 30877
2742 1791252641808941 43940
2743 1791252641834494 46278
2744 1791252641844078 35133
2745 1791252641873286 45853
2746 1791252641883416 39334
2747 1791252641909173 40031
2748 1791252641924487 37576
2749 1791252641944624 37584
2750 1791252641962778 38287
2751 1791252641980960 36334
2752 1791252641999864 34838
2753 1791252642021323 36514
2754 1791252642043666 36062
2755 1791252642070843 46423
2756 1791252642094665 49834
2757 1791252642110093 40658
2758 1791252642135772 48849
2759 1791252642153408 48042
2760 1791252642172878 47866
2761 1791252642197474 51784
2762 1791252642207414 42672
2763 1791252642240677 53275
2764 1791252642251243 44777
2765 1791252642274733 49550
2766 1791252642291051 45748
2767 1791252642314585 47004
2768 1791252642341577 56583
2769 1791252642354911 46535
2770 1791252642380604 55113
2771 1791252642391274 42476
2772 1791252642413132 45540
2773 1791252642435313 50262
2774 1791252642458753 50691
2775 1791252642476988 50902
2776 1791252642494512 49963
2777 1791252642515581 49505
2778 1791252642543831 57178
2779 1791252642564613 59292
2780 1791252642580266 54466
2781 1791252642597936 54102
2782 1791252642616729 52112
2783 1791252642635233 49245
2784 1791252642664757 60459
2785 1791252642681300 55785
2786 1791252642697493 52608
2787 1791252642712971 48210
2788 1791252642746258 60194
2789 1791252642770871 65146
2790 1791252642788611 59502
2791 1791252642807650 61390
2792 1791252642824618 59857
2793 1791252642849099 60483
2794 1791252642853897 46244
2795 1791252642879519 54897
2796 1791252642900126 52296
2797 1791252642915237 50792
2798 1791252642952528 64814
2799 1791252642969266 63033
2800 1791252642996007 70940
2801 1791252643004652 54808
2802 1791252643032912 63643
2803 1791252643043801 58945
2804 1791252643062556 57896
2805 1791252643079474 51849
2806 1791252643102917 57300
2807 1791252643135620 70101
2808 1791252643144864 59273
2809 1791252643170689 65923
2810 1791252643194277 68204
2811 1791252643211920 67053
2812 1791252643234178 69354
2813 1791252643251170 61526
2814 1791252643286489 79659
2815 1791252643294703 65738
2816 1791252643309606 65043
2817 1791252643333264 63571
2818 1791252643356579 70087
2819 1791252643366904 61914
2820 1791252643395780 70382
2821 1791252643414194 68626
2822 1791252643444756 79725
2823 1791252643455825 71434
2824 1791252643475951 68139
2825 1791252643502103 75834
2826 1791252643514375 69616
2827 1791252643536121 70600
2828 1791252643564566 75125
2829 1791252643577280 72495
2830 1791252643604208 79241
2831 1791252643628164 79400
2832 1791252643632699 68129
2833 1791252643655588 70806
2834 1791252643672175 67964
2835 1791252643692343 65702
2836 1791252643705732 60511
2837 1791252643730597 65833
2838 1791252643754327 67850
2839 1791252643767543 63120
2840 1791252643790168 65289
2841 1791252643818306 71595
2842 1791252643834185 69579
2843 1791252643858748 73454
2844 1791252643885640 76189
2845 1791252643903566 78674
2846 1791252643931900 87499
2847 1791252643955498 90361
2848 1791252643979005 93361
2849 1791252644004965 98611
2850 1791252644021501 96299
2851 1791252644041111 96972
2852 1791252644064712 99004
2853 1791252644086165 100353
2854 1791252644104208 99240
2855 1791252644124802 99418
2856 1791252644144454 99031
2857 1791252644162215 97500
2858 1791252644190336 104168
2859 1791252644195721 91510
2860 1791252644230380 105574
2861 1791252644254439 109981
2862 1791252644265221 99877
2863 1791252644283813 99108
2864 1791252644309892 99495
2865 1791252644325835 101293
2866 1791252644343785 98940
2867 1791252644367555 102330
2868 1791252644389232 104067
2869 1791252644400241 94754
2870 1791252644424544 99751
2871 1791252644443280 97561
2872 1791252644465736 98178
2873 1791252644481600 92364
2874 1791252644500991 96470
2875 1791252644515156 90608
2876 1791252644532703 87090
2877 1791252644557684 91944
2878 1791252644575800 90195
2879 1791252644577595 72077
2880 1791252644608459 77336
2881 1791252644633089 80846
2882 1791252644640423 74174
2883 1791252644659609 73225
2884 1791252644671652 65615
2885 1791252644692741 67068
2886 1791252644706624 60576
2887 1791252644733557 68815
2888 1791252644742217 56386
2889 1791252644762063 55436
2890 1791252644787833 62978
2891 1791252644797174 52532
2892 1791252644828572 63907
2893 1791252644852880 65530
2894 1791252644860349 55667
2895 1791252644884140 55565
2896 1791252644892075 46612
2897 1791252644904262 39631
2898 1791252644926352 42209
2899 1791252644945566 41302
2900 1791252644967706 43042
2901 1791252644983065 37496
2902 1791252645013643 47532
2903 1791252645028160 40440
2904 1791252645038716 30359
2905 1791252645067889 42415
2906 1791252645091541 41422
2907 1791252645102127 34234
2908 1791252645117660 32138
2909 1791252645142729 38194
2910 1791252645166300 41414
2911 1791252645184942 36651
2912 1791252645204346 39622
2913 1791252645224554 39698
2914 1791252645248383 44034
2915 1791252645274090 49532
2916 1791252645286266 37880
2917 1791252645308096 43530
2918 1791252645333252 47231
2919 1791252645357344 49245
2920 1791252645362911 38038
2921 1791252645394769 48844
2922 1791252645411746 45100
2923 1791252645434563 45616
2924 1791252645445072 38503
2925 1791252645466955 37927
2926 1791252645488221 43147
2927 1791252645514461 50099
2928 1791252645539907 51682
2929 1791252645549234 42603
2930 1791252645569603 45032
2931 1791252645602018 57234
2932 1791252645614674 45067
2933 1791252645650799 60887
2934 1791252645662027 56423
2935 1791252645668494 43086
2936 1791252645695677 46187
2937 1791252645717183 50028
2938 1791252645726754 38098
2939 1791252645761684 53425
2940 1791252645774044 48507
2941 1791252645793975 48847
2942 1791252645819313 51535
2943 1791252645838079 51096
2944 1791252645853908 49769
2945 1791252645880619 56072
2946 1791252645900533 56203
2947 1791252645931382 62220
2948 1791252645936392 51617
2949 1791252645954664 48800
2950 1791252645972993 48743
2951 1791252645989506 44584
2952 1791252646013797 47314
2953 1791252646041569 56190
2954 1791252646063110 55274
2955 1791252646083089 52640
2956 1791252646100982 55427
2957 1791252646115769 50889
2958 1791252646139654 54060
2959 1791252646156145 51939
2960 1791252646177067 51329
2961 1791252646194196 48418
2962 1791252646233796 68028
2963 1791252646244359 60038
2964 1791252646264139 52737
2965 1791252646274282 45028
2966 1791252646291692 47331
2967 1791252646316827 52685
2968 1791252646335740 51044
2969 1791252646354763 49903
2970 1791252646379650 55582
2971 1791252646399892 54417
2972 1791252646414787 46082
2973 1791252646436922 51260
2974 1791252646454962 50321
2975 1791252646477916 51118
2976 1791252646495430 50602
2977 1791252646524603 60243
2978 1791252646547963 63248
2979 1791252646565162 55685
2980 1791252646585041 60435
2981 1791252646606116 60863
2982 1791252646622898 57732
2983 1791252646645447 60400
2984 1791252646660712 54684
2985 1791252646679341 54203
2986 1791252646713821 68371
2987 1791252646725863 60504
2988 1791252646755667 70885
2989 1791252646769107 61691
2990 1791252646790383 65176
2991 1791252646805044 60809
2992 1791252646824049 54939
2993 1791252646846368 55981
2994 1791252646867877 62830
2995 1791252646883674 59621
2996 1791252646907757 61386
2997 1791252646930944 63064
2998 1791252646948050 59013
2999 1791252646970517 64368
3000 1791252646984341 53393
3001 1791252647010054 62653
3002 1791252647027790 63146
3003 1791252647044123 59778
3004 1791252647058158 51316
3005 1791252647086886 59997
3006 1791252647106106 61980
3007 1791252647129355 60332
3008 1791252647146863 59974
3009 1791252647158008 53924
3010 1791252647189998 62597
3011 1791252647196934 52299
3012 1791252647233015 67751
3013 1791252647252333 62332
3014 1791252647267159 63065
3015 1791252647288452 62517
3016 1791252647309875 59300
3017 1791252647328021 60860
3018 1791252647348613 64047
3019 1791252647371909 65371
3020 1791252647384864 57012
3021 1791252647412313 67453
3022 1791252647433644 67087
3023 1791252647454513 69644
3024 1791252647473335 63583
3025 1791252647491562 66705
3026 1791252647515109 69405
3027 1791252647536497 71545
3028 1791252647560294 74644
3029 1791252647574628 64524
3030 1791252647586718 61615
3031 1791252647605980 61032
3032 1791252647626670 60412
3033 1791252647648108 63253
3034 1791252647662935 57056
3035 1791252647685405 58732
3036 1791252647719319 71209
3037 1791252647734470 65988
3038 1791252647751709 66365
3039 1791252647765396 59604
3040 1791252647792784 66698
3041 1791252647825206 76356
3042 1791252647840487 75089
3043 1791252647865060 78835
3044 1791252647886233 81251
3045 1791252647909922 85612
3046 1791252647933339 88689
3047 1791252647955285 90222
3048 1791252647983997 97760
3049 1791252647994287 86983
3050 1791252648018802 93809
3051 1791252648034697 90065
3052 1791252648054242 84099
3053 1791252648067927 83927
3054 1791252648097971 93312
3055 1791252648121153 96056
3056 1791252648149640 101875
3057 1791252648168330 103864
3058 1791252648181988 97008
3059 1791252648205067 100909
3060 1791252648233847 106435
3061 1791252648260636 110993
3062 1791252648273450 105116
3063 1791252648292388 107655
3064 1791252648307382 102479
3065 1791252648329411 104420
3066 1791252648354782 106977
3067 1791252648366759 100909
3068 1791252648385656 98258
3069 1791252648394618 88587
3070 1791252648422528 97532
3071 1791252648436157 87331
3072 1791252648456442 89680
3073 1791252648474513 88853
3074 1791252648493252 87779
3075 1791252648514078 89377
3076 1791252648533933 89030
3077 1791252648549654 83402
3078 1791252648569548 78037
3079 1791252648587386 75924
3080 1791252648595299 70424
3081 1791252648621366 75809
3082 1791252648633468 63916
3083 1791252648642825 56840
3084 1791252648683036 78370
3085 1791252648703478 77992
3086 1791252648710274 65755
3087 1791252648725753 61043
3088 1791252648740970 55805
3089 1791252648764909 58247
3090 1791252648783686 58010
3091 1791252648803584 58834
3092 1791252648824129 59216
3093 1791252648840414 53007
3094 1791252648870413 62236
3095 1791252648887423 63290
3096 1791252648904927 59507
3097 1791252648932619 63138
3098 1791252648948286 60860
3099 1791252648974819 69967
3100 1791252648994600 61978
3101 1791252649022792 75752
3102 1791252649034091 65386
3103 1791252649055379 71224
3104 1791252649082781 71878
3105 1791252649094576 68550
3106 1791252649106481 61814
3107 1791252649137184 68093
3108 1791252649148006 62519
3109 1791252649173818 67334
3110 1791252649193641 68936
3111 1791252649214760 68732
3112 1791252649242659 75425
3113 1791252649256335 72010
3114 1791252649282978 77457
3115 1791252649297658 72473
3116 1791252649315785 69711
3117 1791252649335263 70590
3118 1791252649355657 70704
3119 1791252649376607 71322
3120 1791252649404876 76026
3121 1791252649416857 66865
3122 1791252649443346 74964
3123 1791252649452412 67371
3124 1791252649473204 68418
3125 1791252649496781 70680
3126 1791252649517687 71910
3127 1791252649527308 62336
3128 1791252649549264 63518
3129 1791252649570019 63366
3130 1791252649587518 60971
3131 1791252649606694 61861
3132 1791252649628165 63745
3133 1791252649645872 59902
3134 1791252649667340 61265
3135 1791252649683381 55205
3136 1791252649696861 51255
3137 1791252649710356 44300
3138 1791252649733697 47618
3139 1791252649744951 36872
3140 1791252649761320 35400
3141 1791252649779264 34311
3142 1791252649799898 33451
3143 1791252649818673 33946
3144 1791252649837434 32685
3145 1791252649857769 32157
3146 1791252649883331 37403
3147 1791252649895169 29808
3148 1791252649936353 47276
3149 1791252649940036 33790
3150 1791252649965499 35587
3151 1791252649974220 29749
3152 1791252650007444 41943
3153 1791252650015432 28661
3154 1791252650053080 46141
3155 1791252650062761 34457
3156 1791252650083815 32875
3157 1791252650103380 36810
3158 1791252650115378 31560
3159 1791252650143285 38046
3160 1791252650162293 35199
3161 1791252650181060 36226
3162 1791252650195631 30784
3163 1791252650224596 40159
3164 1791252650242068 34348
3165 1791252650264893 40293
3166 1791252650283689 37359
3167 1791252650298484 33587
3168 1791252650334391 43549
3169 1791252650351857 45847
3170 1791252650354562 27439
3171 1791252650382927 37155
3172 1791252650404571 37907
3173 1791252650427321 40737
3174 1791252650444825 40251
3175 1791252650462987 38020
3176 1791252650480078 35252
3177 1791252650497466 32858
3178 1791252650523969 38281
3179 1791252650542539 36376
3180 1791252650553019 29047
3181 1791252650580675 32961
3182 1791252650598582 34103
3183 1791252650621308 35922
3184 1791252650646193 40728
3185 1791252650657622 32558
3186 1791252650677241 32977
3187 1791252650700950 34141
3188 1791252650716937 32582
3189 1791252650738322 33537
3190 1791252650756320 30231
3191 1791252650780727 33748
3192 1791252650800362 35710
3193 1791252650823819 38458
3194 1791252650841626 36446
3195 1791252650855651 31828
3196 1791252650882942 35012
3197 1791252650911412 42772
3198 1791252650925961 39684
3199 1791252650945386 35296
3200 1791252650962945 36981
3201 1791252650986720 41919
3202 1791252651010478 45067
3203 1791252651027661 40937
3204 1791252651055893 46229
3205 1791252651066074 41180
3206 1791252651089700 38899
3207 1791252651112831 47180
3208 1791252651137616 52833
3209 1791252651150578 44666
3210 1791252651173088 49064
3211 1791252651195614 45032
3212 1791252651204897 33903
3213 1791252651226421 42254
3214 1791252651240100 35198
3215 1791252651273157 46732
3216 1791252651290613 44958
3217 1791252651310311 44660
3218 1791252651325850 36168
3219 1791252651341147 36232
3220 1791252651364732 38880
3221 1791252651386332 39376
3222 1791252651413725 48988
3223 1791252651426713 40593
3224 1791252651449227 43249
3225 1791252651469933 43562
3226 1791252651495391 47956
3227 1791252651512870 42933
3228 1791252651547425 58070
3229 1791252651562140 57449
3230 1791252651577281 52433
3231 1791252651604947 57519
3232 1791252651624729 60027
3233 1791252651657179 69126
3234 1791252651671322 66371
3235 1791252651696994 72262
3236 1791252651723916 73768
3237 1791252651733869 69194
3238 1791252651754631 70243
3239 1791252651775783 71103
3240 1791252651806528 82606
3241 1791252651821467 77422
3242 1791252651847127 82339
3243 1791252651878397 85823
3244 1791252651879641 74211
3245 1791252651897485 70175
3246 1791252651923755 76779
3247 1791252651961710 97163
3248 1791252651966546 81033
3249 1791252651978373 72811
3250 1791252652010243 84020
3251 1791252652033173 84323
3252 1791252652054206 87906
3253 1791252652063435 74787
3254 1791252652089229 79613
3255 1791252652114943 89924
3256 1791252652132062 86286
3257 1791252652146902 80462
3258 1791252652171728 86898
3259 1791252652187798 83493
3260 1791252652213234 88945
3261 1791252652245735 98830
3262 1791252652245741 81573
3263 1791252652275452 88955
3264 1791252652306692 96700
3265 1791252652307152 82465
3266 1791252652336432 90800
3267 1791252652359909 90173
3268 1791252652373671 87174
3269 1791252652400313 95597
3270 1791252652412361 87117
3271 1791252652423593 78679
3272 1791252652444616 79239
3273 1791252652464691 79253
3274 1791252652481562 76828
3275 1791252652504914 78896
3276 1791252652525223 80604
3277 1791252652533311 68279
3278 1791252652562252 77572
3279 1791252652570346 65430
3280 1791252652589793 64567
3281 1791252652597494 52411
3282 1791252652622427 55491
3283 1791252652634406 49592
3284 1791252652652974 47772
3285 1791252652668465 43061
3286 1791252652689747 44900
3287 1791252652717192 50043
3288 1791252652726990 37240
3289 1791252652748942 40955
3290 1791252652766093 41092
3291 1791252652793953 45009
3292 1791252652814159 48483
3293 1791252652835623 49649
3294 1791252652853078 45832
3295 1791252652874277 45191
3296 1791252652900176 50172
3297 1791252652910827 45537
3298 1791252652933252 48768
3299 1791252652952303 43846
3300 1791252652973188 47295
3301 1791252652999183 49376
3302 1791252653012686 44545
3303 1791252653040656 54682
3304 1791252653052221 47428
3305 1791252653079007 53011
3306 1791252653088582 43011
3307 1791252653107939 40450
3308 1791252653138196 53287
3309 1791252653153496 47582
3310 1791252653173088 47362
3311 1791252653193926 47006
3312 1791252653223423 54983
3313 1791252653239655 52281
3314 1791252653264775 56693
3315 1791252653280624 55336
3316 1791252653293528 47190
3317 1791252653312919 48289
3318 1791252653333401 48441
3319 1791252653365610 59680
3320 1791252653375616 48893
3321 1791252653413450 67133
3322 1791252653425918 60305
3323 1791252653449299 63919
3324 1791252653462435 55588
3325 1791252653475825 49902
3326 1791252653499542 51558
3327 1791252653519403 54642
3328 1791252653538137 50840
3329 1791252653564461 58910
3330 1791252653585086 59607
3331 1791252653607927 57003
3332 1791252653627264 62792
3333 1791252653635735 50644
3334 1791252653656810 52252
3335 1791252653688351 61075
3336 1791252653706336 61095
3337 1791252653717901 51822
3338 1791252653743184 55655
3339 1791252653761395 55055
3340 1791252653785193 59659
3341 1791252653808184 61678
3342 1791252653834151 67801
3343 1791252653849590 64393
3344 1791252653866002 60603
3345 1791252653890951 60059
3346 1791252653910740 62640
3347 1791252653930421 65224
3348 1791252653948185 63499
3349 1791252653970882 64260
3350 1791252653988567 58143
3351 1791252654011500 66519
3352 1791252654027170 62280
3353 1791252654050025 61452
3354 1791252654079204 73547
3355 1791252654088658 62404
3356 1791252654120631 71359
3357 1791252654125862 60236
3358 1791252654154054 69473
3359 1791252654178626 69602
3360 1791252654192660 66795
3361 1791252654209941 65127
3362 1791252654233618 68958
3363 1791252654260071 73964
3364 1791252654270025 61846
3365 1791252654293054 67462
3366 1791252654316468 69534
3367 1791252654339872 69843
3368 1791252654364351 71291
3369 1791252654382774 78146
3370 1791252654404648 78581
3371 1791252654422851 78307
3372 1791252654444861 80506
3373 1791252654459250 73425
3374 1791252654471615 66959
3375 1791252654499136 74211
3376 1791252654512908 68042
3377 1791252654550069 85510
3378 1791252654568780 83326
3379 1791252654582484 78082
3380 1791252654601522 70003
3381 1791252654620908 75706
3382 1791252654645101 76317
3383 1791252654662203 76042
3384 1791252654679243 73286
3385 1791252654696196 71036
3386 1791252654719894 75413
3387 1791252654744136 78243
3388 1791252654764756 77121
3389 1791252654777878 70707
3390 1791252654797796 70912
3391 1791252654817830 73690
3392 1791252654843473 78797
3393 1791252654864105 79540
3394 1791252654891456 85371
3395 1791252654895773 68692
3396 1791252654927241 79344
3397 1791252654949110 85000
3398 1791252654972241 80781
3399 1791252654989565 78455
3400 1791252655004110 76866
3401 1791252655021537 76427
3402 1791252655041312 73659
3403 1791252655062349 76870
3404 1791252655076978 72865
3405 1791252655094912 68866
3406 1791252655106617 58814
3407 1791252655125894 58933
3408 1791252655135532 51096
3409 1791252655157599 50977
3410 1791252655180004 54106
3411 1791252655193298 47411
3412 1791252655210939 45918
3413 1791252655222770 36553
3414 1791252655240883 29939
3415 1791252655269042 42591
3416 1791252655290030 43946
3417 1791252655306002 40978
3418 1791252655328823 38790
3419 1791252655348406 42399
3420 1791252655383633 58624
3421 1791252655397212 52857
3422 1791252655413637 48029
3423 1791252655437769 52091
3424 1791252655456943 52311
3425 1791252655479439 52835
3426 1791252655496251 50443
3427 1791252655512732 47683
3428 1791252655537411 52120
3429 1791252655562942 58368
3430 1791252655587541 60767
3431 1791252655594984 49622
3432 1791252655615750 49457
3433 1791252655637596 50047
3434 1791252655653145 48310
3435 1791252655681346 56485
3436 1791252655689617 44013
3437 1791252655708158 38635
3438 1791252655726588 36967
3439 1791252655746239 38076
3440 1791252655786422 59829
3441 1791252655802943 56699
3442 1791252655826475 61765
3443 1791252655834473 48721
3444 1791252655854400 46666
3445 1791252655878111 51459
3446 1791252655896684 50314
3447 1791252655914248 49200
3448 1791252655936446 51860
3449 1791252655968545 58657
3450 1791252655992002 62263
3451 1791252656006557 61085
3452 1791252656032943 64841
3453 1791252656063968 71960
3454 1791252656073374 69109
3455 1791252656096822 71690
3456 1791252656114436 70200
3457 1791252656133709 69732
3458 1791252656158816 70182
3459 1791252656180366 76318
3460 1791252656192754 66598
3461 1791252656216790 70430
3462 1791252656244511 79908
3463 1791252656251331 66402
3464 1791252656283371 72742
3465 1791252656297257 71347
3466 1791252656322907 78392
3467 1791252656343237 77503
3468 1791252656365871 79873
3469 1791252656384561 78978
3470 1791252656400889 74321
3471 1791252656418550 70784
3472 1791252656442146 76270
3473 1791252656458579 74345
3474 1791252656483766 77028
3475 1791252656503984 77953
3476 1791252656528582 84036
3477 1791252656550080 85258
3478 1791252656570216 83877
3479 1791252656581296 77309
3480 1791252656602697 78040
3481 1791252656630205 80122
3482 1791252656649568 79770
3483 1791252656661301 75221
3484 1791252656687484 81609
3485 1791252656716337 86118
3486 1791252656733162 83588
3487 1791252656743857 78461
3488 1791252656771231 85515
3489 1791252656787136 77129
3490 1791252656806833 82103
3491 1791252656823433 79571
3492 1791252656847995 79438
3493 1791252656861647 77174
3494 1791252656883416 78589
3495 1791252656902397 76964
3496 1791252656930716 82717
3497 1791252656937249 71244
3498 1791252656956333 70303
3499 1791252656974756 70218
3500 1791252656987947 63257
3501 1791252657014254 64480
3502 1791252657025948 59756
3503 1791252657038575 52763
3504 1791252657065335 60605
3505 1791252657079330 54776
3506 1791252657096049 48754
3507 1791252657124008 58667
3508 1791252657136634 48742
3509 1791252657152000 47071
3510 1791252657172529 48501
3511 1791252657195082 49066
3512 1791252657203047 35143
3513 1791252657220558 33896
3514 1791252657249796 45015
3515 1791252657266001 40565
3516 1791252657285409 36917
3517 1791252657299623 33615
3518 1791252657314512 29098
3519 1791252657343100 33427
3520 1791252657362718 35763
3521 1791252657392641 43900
3522 1791252657403983 36837
3523 1791252657422711 36720
3524 1791252657439035 35048
3525 1791252657460810 34477
3526 1791252657492462 47810
3527 1791252657505886 39376
3528 1791252657546099 53634
3529 1791252657549563 43670
3530 1791252657574331 44818
3531 1791252657591141 46135
3532 1791252657602755 36454
3533 1791252657635056 45058
3534 1791252657645909 40447
3535 1791252657672914 43808
3536 1791252657684974 40320
3537 1791252657703277 38421
3538 1791252657723242 38253
3539 1791252657744103 38292
3540 1791252657762268 37304
3541 1791252657771926 27802
3542 1791252657804177 39240
3543 1791252657827785 43032
3544 1791252657845690 41509
3545 1791252657863074 35284
3546 1791252657881488 35793
3547 1791252657900942 36239
3548 1791252657921205 35342
3549 1791252657955868 50972
3550 1791252657969871 43239
3551 1791252657987356 36792
3552 1791252658007655 43491
3553 1791252658026627 40308
3554 1791252658035551 27888
3555 1791252658074301 48579
3556 1791252658092713 45848
3557 1791252658104913 40496
3558 1791252658132175 47433
3559 1791252658149889 44969
3560 1791252658170917 46545
3561 1791252658197728 51596
3562 1791252658203588 39079
3563 1791252658228858 43434
3564 1791252658246492 41653
3565 1791252658266658 42396
3566 1791252658293982 47487
3567 1791252658307300 40986
3568 1791252658327212 41741
3569 1791252658349470 44803
3570 1791252658365177 39945
3571 1791252658391304 43876
3572 1791252658414091 48911
3573 1791252658434880 45141
3574 1791252658460413 55671
3575 1791252658474533 50062
3576 1791252658495167 50649
3577 1791252658512141 46748
3578 1791252658534155 48210
3579 1791252658553870 48820
3580 1791252658582636 57804
3581 1791252658609995 65423
3582 1791252658617342 51418
3583 1791252658643235 57144
3584 1791252658651884 46958
3585 1791252658677210 51411
3586 1791252658699724 54441
3587 1791252658716791 47441
3588 1791252658734056 48437
3589 1791252658762280 56378
3590 1791252658783878 56420
3591 1791252658796194 51929
3592 1791252658822812 55318
3593 1791252658836035 52154
3594 1791252658863624 58343
3595 1791252658882805 56243
3596 1791252658898796 52923
3597 1791252658915427 50693
3598 1791252658943360 57462
3599 1791252658965349 59382
3600 1791252658996197 66793
3601 1791252659007680 62488
3602 1791252659029518 64001
3603 1791252659046075 56711
3604 1791252659062584 57481
3605 1791252659093047 63525
3606 1791252659107919 62123
3607 1791252659139392 73762
3608 1791252659150593 65424
3609 1791252659181691 77006
3610 1791252659205745 81068
3611 1791252659227305 82506
3612 1791252659247644 82761
3613 1791252659279520 93802
3614 1791252659293556 88258
3615 1791252659323117 95809
3616 1791252659334833 87184
3617 1791252659351265 81384
3618 1791252659364838 76848
3619 1791252659390788 86004
3620 1791252659411525 86354
3621 1791252659433676 88039
3622 1791252659466282 101440
3623 1791252659475852 91660
3624 1791252659489158 84047
3625 1791252659521168 95607
3626 1791252659548888 102506
3627 1791252659572765 108158
3628 1791252659592335 108222
3629 1791252659608465 104024
3630 1791252659630266 104692
3631 1791252659651947 105986
3632 1791252659671307 101241
3633 1791252659681625 96252
3634 1791252659712854 104387
3635 1791252659727630 97361
3636 1791252659744102 96303
3637 1791252659757024 91973
3638 1791252659783193 94754
3639 1791252659795618 89042
3640 1791252659805024 80983
3641 1791252659824503 80398
3642 1791252659851651 87039
3643 1791252659865753 79906
3644 1791252659883631 78603
3645 1791252659900484 75975
3646 1791252659922013 77021
3647 1791252659951892 86135
3648 1791252659966635 79475
3649 1791252659974581 67495
3650 1791252659993988 65998
3651 1791252660006890 62178
3652 1791252660035912 69274
3653 1791252660050156 63741
3654 1791252660063893 59170
3655 1791252660083874 58193
3656 1791252660101834 56816
3657 1791252660132845 68949
3658 1791252660141683 57805
3659 1791252660168759 63962
3660 1791252660188064 60473
3661 1791252660206438 60843
3662 1791252660232105 67026
3663 1791252660254487 66420
3664 1791252660273126 66683
3665 1791252660294635 64653
3666 1791252660319905 71792
3667 1791252660333168 67306
3668 1791252660352372 65107
3669 1791252660367412 61818
3670 1791252660393372 68230
3671 1791252660407229 62698
3672 1791252660426132 61141
3673 1791252660451429 61954
3674 1791252660469562 62329
3675 1791252660478620 52485
3676 1791252660500910 56256
3677 1791252660524398 59415
3678 1791252660547819 62250
3679 1791252660563572 58412
3680 1791252660584226 59824
3681 1791252660622566 74743
3682 1791252660626325 60806
3683 1791252660644250 60021
3684 1791252660678922 70726
3685 1791252660694501 69633
3686 1791252660717864 73611
3687 1791252660732283 66134
3688 1791252660750689 66597
3689 1791252660774095 69086
3690 1791252660791387 63749
3691 1791252660807572 62801
3692 1791252660827401 58440
3693 1791252660852615 62214
3694 1791252660878074 73335
3695 1791252660895859 70074
3696 1791252660913475 67870
3697 1791252660931498 66055
3698 1791252660959785 75402
3699 1791252660981089 76786
3700 1791252660993661 68808
3701 1791252661008152 62905
3702 1791252661028943 63568
3703 1791252661055691 70381
3704 1791252661069776 62896
3705 1791252661094424 69463
3706 1791252661111781 63797
3707 1791252661137448 67669
3708 1791252661144686 59351
3709 1791252661166643 61014
3710 1791252661190688 63862
3711 1791252661213497 68809
3712 1791252661232785 66682
3713 1791252661260079 75096
3714 1791252661279165 72794
3715 1791252661304624 79198
3716 1791252661313695 67478
3717 1791252661325810 59993
3718 1791252661348745 64052
3719 1791252661374143 69517
3720 1791252661392345 66530
3721 1791252661407793 60396
3722 1791252661423542 53487
3723 1791252661441941 53476
3724 1791252661454650 49970
3725 1791252661470840 44550
3726 1791252661492968 48490
3727 1791252661514608 49482
3728 1791252661526615 41876
3729 1791252661540425 35116
3730 1791252661559114 34387
3731 1791252661577942 32336
3732 1791252661604489 39234
3733 1791252661615390 30467
3734 1791252661660667 56175
3735 1791252661673553 37274
3736 1791252661692605 42964
3737 1791252661712471 40338
3738 1791252661746684 55846
3739 1791252661757721 45242
3740 1791252661788995 42309
3741 1791252661789014 42319
3742 1791252661804956 35794
3743 1791252661818926 29926
3744 1791252661831793 26933
3745 1791252661854054 28033
3746 1791252661874999 27705
3747 1791252661895116 25284
3748 1791252661912238 22791
3749 1791252661930217 25582
3750 1791252661952570 22348
3751 1791252661967498 21892
3752 1791252661994794 27289
3753 1791252662012542 24126
3754 1791252662031969 25794
3755 1791252662049265 23870
3756 1791252662068315 23812
3757 1791252662093432 25113
3758 1791252662113234 28033
3759 1791252662135452 27617
3760 1791252662153424 24478
3761 1791252662170555 24049
3762 1791252662190793 26199
3763 1791252662213562 22825
3764 1791252662232161 26044
3765 1791252662253442 27926
3766 1791252662274359 26117
3767 1791252662294755 25833
3768 1791252662313770 27830
3769 1791252662332597 24798
3770 1791252662351350 24110
3771 1791252662366845 21268
3772 1791252662389023 23179
3773 1791252662413980 29431
3774 1791252662428551 24287
3775 1791252662454200 25640
3776 1791252662481979 32524
3777 1791252662493556 25996
3778 1791252662513517 25785
3779 1791252662534054 28301
3780 1791252662555237 24536
3781 1791252662565634 20970
3782 1791252662594110 29533
3783 1791252662613057 27623
3784 1791252662634114 28676
3785 1791252662654790 27768
3786 1791252662674823 25362
3787 1791252662689295 23387
3788 1791252662712832 26054
3789 1791252662735176 27835
3790 1791252662745786 21636
3791 1791252662768011 23283
3792 1791252662794642 26625
3793 1791252662813220 23608
3794 1791252662833885 28302
3795 1791252662846655 22171
3796 1791252662865593 20934
3797 1791252662894905 29444
3798 1791252662914592 29315
3799 1791252662931406 23145
3800 1791252662955540 29393
3801 1791252662973848 23555
3802 1791252662989202 22819
3803 1791252663014500 27759
3804 1791252663030024 22223
3805 1791252663055698 28519
3806 1791252663068880 20786
3807 1791252663096036 28342
3808 1791252663108645 24462
3809 1791252663134060 28514
3810 1791252663154089 25769
3811 1791252663173827 24970
3812 1791252663193557 24622
3813 1791252663213563 26224
3814 1791252663233140 28131
3815 1791252663251671 26358
3816 1791252663272500 26944
3817 1791252663288692 23451
3818 1791252663310709 25578
3819 1791252663333237 26467
3820 1791252663362943 37642
3821 1791252663374480 29103
3822 1791252663399986 34588
3823 1791252663438219 48156
3824 1791252663466741 59405
3825 1791252663484416 46192
3826 1791252663484486 39950
3827 1791252663495235 29395
3828 1791252663507446 23026
3829 1791252663535534 28215
3830 1791252663556153 26986
3831 1791252663571347 25613
3832 1791252663593938 28478
3833 1791252663615523 31045
3834 1791252663633931 29856
3835 1791252663653014 27866
3836 1791252663667125 21449
3837 1791252663693390 26458
3838 1791252663714971 27498
3839 1791252663733272 23718
3840 1791252663752344 24769
3841 1791252663769568 24371
3842 1791252663792224 22649
3843 1791252663813792 27024
3844 1791252663837294 27494
3845 1791252663848120 22480
3846 1791252663873327 27500
3847 1791252663893273 27908
3848 1791252663908135 23531
3849 1791252663926174 21394
3850 1791252663953185 27005
3851 1791252663973151 28849
3852 1791252663988653 23468
3853 1791252664014603 25944
3854 1791252664035867 24789
3855 1791252664054364 26767
3856 1791252664074657 25781
3857 1791252664094830 25833
3858 1791252664113320 28280
3859 1791252664131807 25807
3860 1791252664147424 22974
3861 1791252664173122 25692
3862 1791252664192728 25857
3863 1791252664212565 24221
3864 1791252664231227 24805
3865 1791252664252425 26964
3866 1791252664274667 26530
3867 1791252664291485 22828
3868 1791252664313721 25938
3869 1791252664335310 24629
3870 1791252664355832 26313
3871 1791252664369010 24291
3872 1791252664392062 27198
3873 1791252664412140 27446
3874 1791252664431699 25720
3875 1791252664452415 27742
3876 1791252664470512 25098
3877 1791252664491214 25445
3878 1791252664511396 26344
3879 1791252664529744 24715
3880 1791252664549606 24376
3881 1791252664573974 24363
3882 1791252664596159 26423
3883 1791252664606444 21066
3884 1791252664633361 27376
3885 1791252664650963 25886
3886 1791252664674954 29416
3887 1791252664695118 26418
3888 1791252664713667 24368
3889 1791252664734432 27929
3890 1791252664753311 28013
3891 1791252664773715 29067
3892 1791252664787987 23001
3893 1791252664815520 27528
3894 1791252664833207 24503
3895 1791252664848793 22811
3896 1791252664876051 27254
3897 1791252664894220 25660
3898 1791252664913213 24339
3899 1791252664929079 21566
3900 1791252664945984 20653
3901 1791252664967950 23591
3902 1791252664987999 22071
3903 1791252665013575 28486
3904 1791252665031756 26366
3905 1791252665054720 28895
3906 1791252665075934 27942
3907 1791252665097783 22053
3908 1791252665106417 22203
3909 1791252665131649 25208
3910 1791252665154176 28493
3911 1791252665172729 22298
3912 1791252665193142 28063
3913 1791252665212919 26721
3914 1791252665234670 30041
3915 1791252665253747 22910
3916 1791252665272617 27298
3917 1791252665287738 22510
3918 1791252665313552 25808
3919 1791252665333437 23525
3920 1791252665354804 26086
3921 1791252665371847 24942
3922 1791252665386743 21062
3923 1791252665412714 25965
3924 1791252665435762 26562
3925 1791252665453324 23608
3926 1791252665469332 24274
3927 1791252665493081 26555
3928 1791252665514136 29509
3929 1791252665531906 24071
3930 1791252665553120 26551
3931 1791252665574471 27591
3932 1791252665594417 25090
3933 1791252665613938 23408
3934 1791252665627322 22168
3935 1791252665653135 26040
3936 1791252665670874 23924
3937 1791252665691867 27141
3938 1791252665710846 25717
3939 1791252665733799 28713
3940 1791252665754314 24204
3941 1791252665776345 25942
3942 1791252665792116 27462
3943 1791252665810692 25539
3944 1791252665826298 21474
3945 1791252665855239 28938
3946 1791252665874302 24488
3947 1791252665892103 26967
3948 1791252665912363 26555
3949 1791252665931834 26607
3950 1791252665950528 25550
3951 1791252665964806 20638
3952 1791252665986990 22303
3953 1791252666014109 27114
3954 1791252666035280 26125
3955 1791252666047216 22785
3956 1791252666074653 27628
3957 1791252666094212 26255
3958 1791252666112658 23244
3959 1791252666131502 25587
3960 1791252666152785 27840
3961 1791252666172463 27304
3962 1791252666190063 24449
3963 1791252666210552 25902
3964 1791252666228339 24027
3965 1791252666247421 22105
3966 1791252666274785 27358
3967 1791252666293510 24699
3968 1791252666313623 28557
3969 1791252666335256 24333
3970 1791252666354388 27265
3971 1791252666372754 24901
3972 1791252666389448 24128
3973 1791252666410342 20882
3974 1791252666434800 26014
3975 1791252666446289 21437
3976 1791252666471575 25284
3977 1791252666488950 23900
3978 1791252666512903 27162
3979 1791252666533787 23834
3980 1791252666554254 26229
3981 1791252666571672 24805
3982 1791252666590976 26453
3983 1791252666614081 23087
3984 1791252666639552 30807
3985 1791252666652237 22794
3986 1791252666673481 28415
3987 1791252666694083 28782
3988 1791252666714541 28919
3989 1791252666735775 30443
3990 1791252666749666 22280
3991 1791252666775703 27868
3992 1791252666792723 23309
3993 1791252666814629 27158
3994 1791252666829752 22926
3995 1791252666856547 26790
3996 1791252666872158 24100
3997 1791252666887835 21567
3998 1791252666907993 22418
3999 1791252666933648 28605
4000 1791252666949710 24897
4001 1791252666974389 24672
4002 1791252666994094 26344
4003 1791252667008217 22456
4004 1791252667025734 21158
4005 1791252667052040 27222
4006 1791252667070438 25350
4007 1791252667093836 27317
4008 1791252667108210 23045
4009 1791252667128718 23883
4010 1791252667151363 22757
4011 1791252667172785 27163
4012 1791252667187276 22283
4013 1791252667213890 26611
4014 1791252667238060 27745
4015 1791252667253027 26823
4016 1791252667268921 23923
4017 1791252667285126 20952
4018 1791252667312098 27963
4019 1791252667328812 23597
4020 1791252667354392 25571
4021 1791252667373240 24781
4022 1791252667393809 25516
4023 1791252667411926 27068
4024 1791252667432754 26323
4025 1791252667449047 23713
4026 1791252667467195 21721
4027 1791252667491432 24233
4028 1791252667508274 23229
4029 1791252667535694 30447
4030 1791252667553770 23941
4031 1791252667569280 23971
4032 1791252667593615 24456
4033 1791252667614474 24010
4034 1791252667633725 26908
4035 1791252667647524 21294
4036 1791252667674330 26911
4037 1791252667694870 24538
4038 1791252667712992 23099
4039 1791252667734914 29778
4040 1791252667755065 25444
4041 1791252667773675 29114
4042 1791252667790326 22817
4043 1791252667816037 30134
4044 1791252667832374 27957
4045 1791252667848247 23646
4046 1791252667873879 28218
4047 1791252667892783 24444
4048 1791252667911842 24728
4049 1791252667934196 25472
4050 1791252667952191 22462
4051 1791252667974793 28551
4052 1791252667994300 23458
4053 1791252668014644 28782
4054 1791252668029008 24427
4055 1791252668048201 21583
4056 1791252668070847 25640
4057 1791252668092551 27606
4058 1791252668113448 27434
4059 1791252668130067 24727
4060 1791252668145561 21030
4061 1791252668172119 27410
4062 1791252668191881 26591
4063 1791252668208899 22819
4064 1791252668229439 24861
4065 1791252668253004 23562
4066 1791252668271164 23863
4067 1791252668286570 22132
4068 1791252668312038 27329
4069 1791252668326742 21562
4070 1791252668353522 27630
4071 1791252668369706 22951
4072 1791252668393616 25872
4073 1791252668409471 24508
4074 1791252668432108 24660
4075 1791252668447136 22485
4076 1791252668475000 28009
4077 1791252668494929 25606
4078 1791252668512985 25697
4079 1791252668525590 20478
4080 1791252668552772 28391
4081 1791252668571094 25997
4082 1791252668588106 23136
4083 1791252668615578 27467
4084 1791252668632734 28402
4085 1791252668653311 23530
4086 1791252668673992 27492
4087 1791252668693282 24276
4088 1791252668705462 21161
4089 1791252668725977 21379
4090 1791252668748659 23761
4091 1791252668769614 24439
4092 1791252668788124 22954
4093 1791252668808143 22998
4094 1791252668834054 25894
4095 1791252668853340 22495
4096 1791252668874768 28131
4097 1791252668892014 21810
4098 1791252668907107 22078
4099 1791252668927866 21058
4100 1791252668946857 21225
4101 1791252668965888 21825
4102 1791252668991308 25417
4103 1791252669008112 23998
4104 1791252669030194 25559
4105 1791252669047102 22343
4106 1791252669069182 24044
4107 1791252669092516 23331
4108 1791252669108740 21621
4109 1791252669128675 23981
4110 1791252669151658 22980
4111 1791252669166525 21541
4112 1791252669193749 27220
4113 1791252669212588 27816
4114 1791252669233769 27738
4115 1791252669249815 21887
4116 1791252669274679 26419
4117 1791252669292811 27229
4118 1791252669313738 27530
4119 1791252669330931 25634
4120 1791252669355489 29318
4121 1791252669374121 23385
4122 1791252669391422 24539
4123 1791252669406655 21207
4124 1791252669427224 20565
4125 1791252669446901 21073
4126 1791252669467371 22359
4127 1791252669485539 21248
4128 1791252669516369 31081
4129 1791252669534017 22063
4130 1791252669548756 24277
4131 1791252669572571 23903
4132 1791252669595566 29829
4133 1791252669613815 23152
4134 1791252669628959 23224
4135 1791252669654191 25227
4136 1791252669673913 25649
4137 1791252669692727 28330
4138 1791252669706912 22706
4139 1791252669730067 23151
4140 1791252669753526 27877
4141 1791252669773463 24405
4142 1791252669794054 26368
4143 1791252669812805 24321
# sent 4144 received 4144
