0 1791251149436694 23120
1 1791251149456064 21822
2 1791251149475221 21212
3 1791251149498013 22859
4 1791251149517110 21662
5 1791251149537436 21218
6 1791251149558227 23556
7 1791251149577332 21886
8 1791251149598147 23397
9 1791251149617287 21610
10 1791251149636774 21423
11 1791251149655672 21143
12 1791251149677951 23208
13 1791251149696544 21697
14 1791251149718087 21541
15 1791251149736359 21037
16 1791251149756250 21867
17 1791251149778526 24070
18 1791251149799004 24570
19 1791251149825806 30338
20 1791251149843230 28885
21 1791251149861412 27501
22 1791251149878120 23739
23 1791251149904509 26386
24 1791251149922901 26385
25 1791251149943108 22993
26 1791251149957269 21931
27 1791251149982147 24873
28 1791251150003445 27053
29 1791251150022738 26667
30 1791251150039594 24408
31 1791251150058290 24241
32 1791251150075327 21074
33 1791251150101977 27246
34 1791251150116523 21464
35 1791251150143215 26688
36 1791251150162643 22736
37 1791251150183224 26404
38 1791251150201653 27493
39 1791251150222127 25530
40 1791251150243756 27686
41 1791251150262831 24931
42 1791251150280863 24954
43 1791251150303451 27878
44 1791251150319369 20695
45 1791251150347976 32464
46 1791251150361640 20552
47 1791251150375819 21375
48 1791251150402773 27177
49 1791251150417692 22863
50 1791251150440942 23390
51 1791251150461419 26109
52 1791251150483798 27235
53 1791251150505719 29495
54 1791251150522362 28379
55 1791251150541528 27218
56 1791251150561365 26550
57 1791251150577562 22348
58 1791251150603815 26250
59 1791251150617183 21858
60 1791251150636202 21863
61 1791251150663932 27727
62 1791251150684702 27011
63 1791251150704023 24549
64 1791251150723453 27029
65 1791251150742139 27325
66 1791251150762306 26701
67 1791251150782114 23802
68 1791251150802180 26928
69 1791251150816949 22510
70 1791251150836134 21659
71 1791251150858359 22221
72 1791251150883970 28880
73 1791251150906962 24396
74 1791251150922680 27539
75 1791251150942108 26663
76 1791251150960081 26030
77 1791251150983615 23532
78 1791251151002181 24735
79 1791251151024114 28063
80 1791251151048273 29662
81 1791251151062849 24538
82 1791251151077210 22195
83 1791251151103440 26228
84 1791251151117320 20857
85 1791251151141858 26139
86 1791251151161532 27100
87 1791251151175709 21733
88 1791251151204319 28635
89 1791251151225201 23732
90 1791251151246063 28816
91 1791251151263270 21398
92 1791251151287750 31797
93 1791251151309696 29596
94 1791251151316712 20829
95 1791251151335647 21077
96 1791251151360970 25319
97 1791251151384192 29616
98 1791251151402878 28713
99 1791251151418388 23943
100 1791251151439214 25125
101 1791251151461991 26564
102 1791251151482736 27447
103 1791251151505476 28952
104 1791251151515656 21471
105 1791251151543253 28063
106 1791251151562356 27669
107 1791251151578564 23871
108 1791251151603414 24848
109 1791251151625040 27192
110 1791251151643393 23674
111 1791251151662870 26105
112 1791251151683500 24707
113 1791251151701427 26447
114 1791251151720222 25647
115 1791251151745334 25110
116 1791251151757255 22118
117 1791251151783442 26184
118 1791251151804331 28370
119 1791251151821186 26590
120 1791251151838105 22784
121 1791251151866707 30677
122 1791251151878950 24502
123 1791251151896636 21465
124 1791251151917392 22307
125 1791251151937576 22740
126 1791251151963650 26188
127 1791251151984769 25898
128 1791251152000666 26649
129 1791251152016040 21294
130 1791251152041910 27009
131 1791251152061659 26835
132 1791251152083256 29119
133 1791251152102312 28419
134 1791251152123841 27636
135 1791251152145467 24695
136 1791251152163482 22223
137 1791251152182800 25757
138 1791251152203255 27481
139 1791251152217382 20993
140 1791251152240862 23582
141 1791251152265482 29958
142 1791251152283221 23566
143 1791251152304100 27157
144 1791251152323126 27601
145 1791251152342315 28008
146 1791251152357277 22331
147 1791251152383870 26590
148 1791251152404025 22175
149 1791251152426835 30665
150 1791251152436863 22568
151 1791251152459092 23207
152 1791251152476763 22560
153 1791251152504671 27906
154 1791251152521940 21557
155 1791251152536530 21956
156 1791251152563030 26495
157 1791251152582488 26334
158 1791251152602483 26706
159 1791251152617358 22706
160 1791251152643434 26073
161 1791251152664313 26256
162 1791251152690316 30955
163 1791251152707104 30256
164 1791251152718281 23490
165 1791251152743033 27185
166 1791251152761438 26785
167 1791251152777238 22033
168 1791251152796568 21923
169 1791251152822682 26110
170 1791251152842814 28624
171 1791251152862135 26531
172 1791251152877852 23300
173 1791251152895166 20727
174 1791251152915696 21643
175 1791251152942805 27333
176 1791251152963484 28637
177 1791251152983165 29071
178 1791251153002865 25766
179 1791251153019027 24402
180 1791251153041611 22581
181 1791251153064579 27867
182 1791251153086755 27429
183 1791251153097821 21927
184 1791251153118537 23845
185 1791251153143615 27505
186 1791251153162860 23944
187 1791251153178636 23047
188 1791251153204348 25711
189 1791251153222630 24720
190 1791251153243223 27333
191 1791251153259537 24813
192 1791251153281343 25758
193 1791251153298093 22748
194 1791251153323831 25731
195 1791251153335339 20661
196 1791251153359261 25216
197 1791251153384215 25073
198 1791251153403901 28454
199 1791251153418321 23827
200 1791251153435876 21176
201 1791251153458434 22718
202 1791251153483879 25442
203 1791251153503043 27874
204 1791251153514999 20828
205 1791251153536083 21829
206 1791251153564045 27958
207 1791251153582328 27732
208 1791251153597170 22849
209 1791251153622562 25500
210 1791251153639415 24965
211 1791251153666811 27390
212 1791251153682849 21847
213 1791251153706845 31044
214 1791251153723170 27126
215 1791251153741349 25693
216 1791251153755633 20389
217 1791251153775873 21385
218 1791251153816530 41988
219 1791251153842070 27099
220 1791251153844646 29634
221 1791251153869520 27653
222 1791251153883083 27782
223 1791251153902445 26523
224 1791251153918932 24255
225 1791251153936176 21522
226 1791251153957627 21448
227 1791251153983518 27253
228 1791251154002039 27571
229 1791251154016199 20806
230 1791251154042444 26240
231 1791251154065508 28301
232 1791251154082986 22762
233 1791251154104524 27466
234 1791251154123215 26263
235 1791251154142437 23280
236 1791251154160345 23281
237 1791251154175688 20786
238 1791251154205877 30260
239 1791251154216164 21046
240 1791251154244357 28737
241 1791251154264646 23649
242 1791251154281433 25614
243 1791251154308248 33995
244 1791251154334495 26242
245 1791251154342875 27806
246 1791251154361969 27469
247 1791251154384484 29271
248 1791251154402874 27345
249 1791251154417315 21376
250 1791251154444328 27875
251 1791251154461108 22375
252 1791251154485154 30631
253 1791251154504015 28960
254 1791251154528602 29649
255 1791251154539047 24887
256 1791251154563478 29706
257 1791251154589024 33795
258 1791251154603267 25843
259 1791251154618110 23627
260 1791251154643151 25284
261 1791251154665048 25768
262 1791251154685416 25180
263 1791251154700261 25434
264 1791251154726020 25997
265 1791251154743892 21344
266 1791251154763654 28418
267 1791251154783780 29547
268 1791251154800368 24762
269 1791251154815819 21405
270 1791251154844699 28875
271 1791251154861714 26336
272 1791251154880946 25958
273 1791251154894826 20728
274 1791251154920154 25322
275 1791251154935753 21599
276 1791251154960368 25633
277 1791251154983407 28769
278 1791251155004764 29368
279 1791251155019943 24882
280 1791251155045638 28727
281 1791251155061253 23327
282 1791251155082971 27370
283 1791251155099710 22947
284 1791251155116399 21435
285 1791251155136102 22109
286 1791251155163837 27730
287 1791251155182955 26889
288 1791251155200309 23334
289 1791251155219432 24817
290 1791251155243537 28791
291 1791251155262674 27703
292 1791251155275891 21007
293 1791251155303923 29213
294 1791251155319134 24938
295 1791251155340295 26171
296 1791251155364898 24595
297 1791251155385759 30522
298 1791251155396588 21887
299 1791251155420727 24466
300 1791251155435968 21328
301 1791251155456052 21653
302 1791251155478212 23840
303 1791251155498416 23781
304 1791251155524241 25816
305 1791251155541887 23291
306 1791251155560715 25148
307 1791251155584697 23974
308 1791251155603937 25461
309 1791251155616221 21478
310 1791251155647900 31665
311 1791251155662286 27633
312 1791251155682668 27848
313 1791251155700703 26264
314 1791251155716339 21829
315 1791251155738170 22107
316 1791251155756554 21370
317 1791251155777238 20680
318 1791251155795976 21960
319 1791251155816802 21561
320 1791251155844081 27272
321 1791251155864560 26790
322 1791251155882359 22086
323 1791251155903429 27407
324 1791251155919270 20866
325 1791251155944364 28758
326 1791251155963652 23507
327 1791251155977948 23433
328 1791251156011246 33295
329 1791251156027137 30334
330 1791251156039105 23723
331 1791251156056107 21290
332 1791251156085487 29374
333 1791251156104008 29308
334 1791251156127427 31177
335 1791251156143120 22466
336 1791251156157873 22583
337 1791251156184427 26904
338 1791251156205510 24145
339 1791251156217768 22711
340 1791251156236091 21462
341 1791251156263639 27541
342 1791251156282281 26813
343 1791251156299025 24412
344 1791251156323773 24741
345 1791251156344526 25469
346 1791251156357506 21603
347 1791251156382606 25098
348 1791251156404449 26566
349 1791251156421821 23869
350 1791251156437612 22045
351 1791251156459329 21714
352 1791251156476226 22103
353 1791251156501844 25614
354 1791251156517893 22670
355 1791251156545306 27410
356 1791251156562720 23144
357 1791251156583092 28301
358 1791251156604080 29897
359 1791251156619635 24573
360 1791251156643174 26911
361 1791251156655965 21448
362 1791251156683081 27109
363 1791251156703229 25033
364 1791251156723329 25564
365 1791251156743300 25832
366 1791251156763576 27909
367 1791251156783406 27384
368 1791251156800568 24577
369 1791251156816793 21625
370 1791251156836948 22266
371 1791251156855798 21090
372 1791251156880442 25139
373 1791251156895451 21448
374 1791251156922471 27016
375 1791251156945052 26101
376 1791251156967101 31347
377 1791251156981878 20933
378 1791251156999528 24862
379 1791251157024175 24952
380 1791251157042309 25366
381 1791251157063251 26356
382 1791251157084112 26702
383 1791251157105531 28907
384 1791251157115775 20490
385 1791251157143398 28166
386 1791251157161306 26350
387 1791251157179693 24946
388 1791251157203588 23892
389 1791251157219160 23508
390 1791251157236956 22278
391 1791251157264066 27105
392 1791251157284105 23519
393 1791251157304950 27186
394 1791251157323826 28923
395 1791251157342156 27823
396 1791251157357285 23071
397 1791251157385249 27962
398 1791251157406356 27547
399 1791251157422668 27215
400 1791251157443781 28521
401 1791251157461809 27928
402 1791251157482192 27740
403 1791251157501396 27398
404 1791251157518978 23664
405 1791251157560828 42215
406 1791251157576284 28848
407 1791251157576302 22258
408 1791251157602684 26397
409 1791251157627538 32780
410 1791251157647113 32727
411 1791251157664611 27976
412 1791251157688312 34002
413 1791251157702747 27359
414 1791251157723412 29002
415 1791251157747990 33699
416 1791251157764406 28367
417 1791251157791828 37651
418 1791251157803051 28016
419 1791251157823920 28820
420 1791251157846797 31136
421 1791251157865736 30172
422 1791251157883687 28904
423 1791251157906699 26829
424 1791251157923471 29424
425 1791251157944545 28377
426 1791251157965359 29202
427 1791251157985121 30098
428 1791251158006753 26148
429 1791251158025581 29556
430 1791251158050669 32594
431 1791251158064960 31254
432 1791251158086867 32800
433 1791251158107565 29710
434 1791251158124812 26462
435 1791251158145719 30422
436 1791251158160490 24127
437 1791251158180754 26652
438 1791251158211162 34762
439 1791251158224739 28162
440 1791251158246649 29629
441 1791251158265527 31090
442 1791251158285116 31129
443 1791251158306135 30972
444 1791251158324616 29969
445 1791251158347821 29772
446 1791251158364534 29713
447 1791251158385547 30868
448 1791251158409942 28911
449 1791251158427495 30776
450 1791251158450273 33897
451 1791251158465400 30740
452 1791251158493752 37985
453 1791251158510386 33988
454 1791251158525242 31486
455 1791251158543187 28559
456 1791251158566512 30113
457 1791251158586387 29466
458 1791251158607844 30093
459 1791251158632209 34442
460 1791251158643364 29156
461 1791251158665874 28325
462 1791251158693952 34195
463 1791251158704710 30126
464 1791251158716200 22246
465 1791251158743521 28968
466 1791251158765619 30200
467 1791251158784274 27898
468 1791251158798402 24531
469 1791251158822478 24317
470 1791251158847492 32840
471 1791251158867881 32094
472 1791251158883257 27733
473 1791251158905118 29388
474 1791251158924734 27361
475 1791251158954054 34892
476 1791251158965580 31096
477 1791251158989001 34944
478 1791251159013536 37875
479 1791251159033222 38949
480 1791251159059344 41876
481 1791251159074412 39600
482 1791251159103414 47554
483 1791251159120608 46192
484 1791251159152190 54514
485 1791251159163586 47637
486 1791251159190129 54627
487 1791251159203131 45746
488 1791251159224411 47455
489 1791251159246589 51839
490 1791251159272659 54224
491 1791251159289728 54430
492 1791251159306335 50453
493 1791251159326965 52280
494 1791251159347565 52957
495 1791251159372891 56581
496 1791251159394517 60157
497 1791251159412432 56979
498 1791251159426919 51791
499 1791251159454110 59590
500 1791251159474797 59212
501 1791251159494026 59914
502 1791251159512959 58834
503 1791251159539348 64548
504 1791251159555582 61554
505 1791251159578543 63850
506 1791251159605259 65909
507 1791251159620077 64491
508 1791251159643814 65269
509 1791251159665425 65101
510 1791251159688815 68736
511 1791251159699982 65084
512 1791251159723802 69730
513 1791251159753177 76135
514 1791251159764858 70586
515 1791251159792242 73340
516 1791251159803366 69279
517 1791251159825752 71304
518 1791251159855884 75861
519 1791251159876094 77540
520 1791251159895575 80782
521 1791251159912444 77638
522 1791251159930320 74788
523 1791251159955420 79323
524 1791251159975566 79989
525 1791251159998409 82068
526 1791251160011375 74073
527 1791251160023601 68466
528 1791251160055913 80344
529 1791251160074080 75663
530 1791251160094822 80264
531 1791251160110219 76453
532 1791251160135593 79678
533 1791251160163168 89125
534 1791251160182059 87235
535 1791251160201308 86812
536 1791251160224486 88889
537 1791251160235586 81315
538 1791251160264549 90133
539 1791251160283562 88904
540 1791251160302530 83364
541 1791251160317551 81952
542 1791251160335492 80865
543 1791251160358369 83615
544 1791251160385098 89478
545 1791251160410633 93079
546 1791251160428024 92529
547 1791251160448055 92852
548 1791251160463430 88877
549 1791251160490768 90540
550 1791251160502488 88478
551 1791251160525602 91372
552 1791251160544580 90304
553 1791251160567714 93101
554 1791251160593270 99327
555 1791251160613348 98480
556 1791251160636830 98352
557 1791251160651731 95426
558 1791251160677265 99444
559 1791251160692651 93834
560 1791251160712396 95253
561 1791251160735634 99021
562 1791251160763816 106887
563 1791251160774187 98410
564 1791251160797679 99131
565 1791251160812792 98068
566 1791251160841260 105508
567 1791251160862251 103563
568 1791251160883991 109801
569 1791251160897859 100176
570 1791251160918931 104660
571 1791251160937361 102694
572 1791251160954469 99819
573 1791251160985114 109232
574 1791251160998737 104181
575 1791251161025242 106308
576 1791251161039819 102454
577 1791251161066328 111856
578 1791251161083696 109023
579 1791251161104700 105960
580 1791251161121673 107034
581 1791251161146199 111657
582 1791251161168468 108433
583 1791251161184213 106366
584 1791251161202443 108420
585 1791251161224688 110572
586 1791251161253874 112111
587 1791251161266562 109133
588 1791251161287270 110810
589 1791251161306089 111361
590 1791251161336285 121244
591 1791251161343576 108833
592 1791251161364363 110486
593 1791251161384249 110489
594 1791251161406326 111542
595 1791251161435727 119807
596 1791251161453434 117146
597 1791251161472687 118823
598 1791251161496555 119496
599 1791251161513424 117483
600 1791251161529153 113736
601 1791251161553169 117438
602 1791251161568228 112960
603 1791251161593296 119153
604 1791251161606108 111144
605 1791251161626412 110232
606 1791251161648151 113874
607 1791251161663383 109136
608 1791251161686077 111344
609 1791251161708544 113766
610 1791251161720076 105576
611 1791251161748202 112512
612 1791251161761229 105734
613 1791251161790398 114537
614 1791251161802802 108639
615 1791251161820205 102257
616 1791251161834646 99277
617 1791251161853725 98398
618 1791251161871119 96655
619 1791251161891563 96188
620 1791251161912343 96975
621 1791251161935110 100519
622 1791251161950599 96872
623 1791251161964120 89083
624 1791251161984574 87608
625 1791251162001868 86304
626 1791251162022279 87166
627 1791251162033563 78289
628 1791251162053298 75153
629 1791251162072300 76508
630 1791251162084723 69398
631 1791251162106616 69283
632 1791251162122745 67516
633 1791251162144979 66769
634 1791251162163979 67594
635 1791251162174318 60379
636 1791251162197499 59911
637 1791251162213280 55593
638 1791251162229461 55140
639 1791251162255394 57892
640 1791251162272776 57582
641 1791251162284648 47671
642 1791251162298552 43156
643 1791251162325603 45111
644 1791251162339664 45429
645 1791251162355508 38971
646 1791251162378781 39116
647 1791251162394077 38664
648 1791251162413722 37649
649 1791251162426848 32769
650 1791251162446802 33078
651 1791251162467514 32729
652 1791251162489134 32523
653 1791251162504806 28488
654 1791251162533314 38919
655 1791251162549368 34146
656 1791251162564688 27699
657 1791251162580952 26507
658 1791251162605539 28303
659 1791251162625977 30903
660 1791251162644437 25692
661 1791251162666809 28709
662 1791251162683292 27725
663 1791251162713267 37548
664 1791251162723945 27313
665 1791251162743033 27253
666 1791251162766742 29742
667 1791251162792657 32893
668 1791251162803125 24825
669 1791251162825582 29560
670 1791251162844746 29392
671 1791251162867307 26248
672 1791251162879722 25806
673 1791251162902224 27588
674 1791251162924049 29390
675 1791251162949351 30541
676 1791251162969919 32728
677 1791251162986899 30987
678 1791251163011953 37050
679 1791251163025466 29407
680 1791251163044157 29831
681 1791251163065301 26900
682 1791251163084877 26223
683 1791251163105736 31189
684 1791251163122632 28049
685 1791251163144429 30491
686 1791251163164648 30195
687 1791251163194203 36788
688 1791251163213415 39179
689 1791251163235478 41272
690 1791251163253730 38310
691 1791251163273609 38126
692 1791251163296231 42498
693 1791251163320005 46394
694 1791251163340668 44434
695 1791251163365032 46692
696 1791251163390471 55208
697 1791251163406576 52694
698 1791251163436061 58369
699 1791251163451359 56718
700 1791251163477917 63871
701 1791251163501585 65522
702 1791251163522348 66737
703 1791251163547357 73101
704 1791251163572544 77812
705 1791251163591724 77421
706 1791251163617022 80970
707 1791251163634446 78233
708 1791251163664080 86308
709 1791251163685788 91890
710 1791251163706970 89944
711 1791251163724569 90105
712 1791251163745799 90150
713 1791251163769895 94520
714 1791251163797046 102486
715 1791251163808160 93857
716 1791251163834124 98683
717 1791251163865414 106785
718 1791251163877122 101476
719 1791251163904032 106982
720 1791251163922924 108380
721 1791251163939456 105328
722 1791251163964893 104140
723 1791251163982467 107087
724 1791251163996368 101801
725 1791251164019557 105209
726 1791251164043927 104799
727 1791251164065236 109258
728 1791251164083533 108726
729 1791251164106269 111608
730 1791251164124736 108950
731 1791251164155803 117669
732 1791251164166426 107563
733 1791251164194362 116861
734 1791251164207701 111351
735 1791251164225250 110804
736 1791251164243556 107912
737 1791251164266611 110805
738 1791251164288423 113611
739 1791251164313314 118949
740 1791251164332737 117288
741 1791251164353792 118530
742 1791251164373543 118512
743 1791251164394758 120253
744 1791251164412027 117162
745 1791251164435008 120230
746 1791251164450609 116409
747 1791251164467918 114123
748 1791251164494178 115296
749 1791251164513433 119006
750 1791251164535322 119759
751 1791251164556097 121086
752 1791251164578051 121783
753 1791251164600127 124164
754 1791251164612143 117962
755 1791251164639798 119750
756 1791251164654352 119029
757 1791251164676624 120524
758 1791251164695983 117930
759 1791251164714377 119130
760 1791251164734669 118989
761 1791251164754326 119703
762 1791251164773235 119177
763 1791251164793013 118340
764 1791251164812056 116070
765 1791251164829516 115136
766 1791251164852447 117773
767 1791251164873172 118842
768 1791251164896984 118441
769 1791251164912474 117197
770 1791251164926629 109264
771 1791251164942258 107125
772 1791251164966390 110742
773 1791251164983473 108972
774 1791251164996639 99652
775 1791251165015238 99116
776 1791251165036443 101228
777 1791251165047951 93031
778 1791251165065515 90772
779 1791251165086860 91944
780 1791251165102467 87227
781 1791251165114564 79753
782 1791251165140967 86149
783 1791251165156745 78135
784 1791251165167946 73803
785 1791251165185533 70967
786 1791251165202749 67635
787 1791251165224280 70119
788 1791251165235194 61067
789 1791251165255096 59030
790 1791251165271154 53646
791 1791251165287453 52256
792 1791251165305094 50763
793 1791251165324122 47952
794 1791251165344226 45215
795 1791251165354429 40048
796 1791251165372766 38289
797 1791251165391835 37404
798 1791251165403792 28037
799 1791251165420490 26141
800 1791251165444016 27127
801 1791251165464047 28391
802 1791251165485153 30514
803 1791251165503977 29753
804 1791251165523708 25671
805 1791251165540066 23148
806 1791251165563647 29400
807 1791251165590025 34080
808 1791251165605368 29311
809 1791251165625562 30222
810 1791251165645516 30807
811 1791251165656594 21850
812 1791251165687486 30889
813 1791251165705992 29457
814 1791251165723633 27986
815 1791251165743402 28525
816 1791251165766984 32038
817 1791251165782766 28185
818 1791251165807353 31708
819 1791251165824474 29564
820 1791251165842268 26311
821 1791251165865563 29600
822 1791251165885400 29158
823 1791251165906903 30226
824 1791251165923551 27331
825 1791251165943712 26753
826 1791251165963362 28119
827 1791251165982504 26312
828 1791251166008316 33714
829 1791251166025339 28767
830 1791251166044811 29550
831 1791251166066909 31705
832 1791251166083860 29609
833 1791251166106345 29892
834 1791251166124942 29788
835 1791251166144638 30172
836 1791251166163929 28640
837 1791251166194689 33638
838 1791251166206774 32669
839 1791251166224378 29686
840 1791251166244293 30101
841 1791251166264221 28799
842 1791251166285982 28709
843 1791251166296922 22231
844 1791251166325595 31492
845 1791251166345531 27159
846 1791251166365873 31005
847 1791251166386082 25163
848 1791251166408570 33824
849 1791251166424259 28540
850 1791251166445648 30895
851 1791251166466753 24950
852 1791251166480218 26352
853 1791251166508183 33642
854 1791251166524065 28848
855 1791251166541868 23408
856 1791251166564259 26947
857 1791251166584303 30371
858 1791251166609823 31166
859 1791251166626887 31306
860 1791251166637368 22781
861 1791251166680643 43866
862 1791251166695907 39818
863 1791251166709752 29106
864 1791251166724481 29274
865 1791251166743404 28440
866 1791251166764287 27627
867 1791251166787543 27446
868 1791251166804709 30196
869 1791251166823258 27836
870 1791251166844179 26512
871 1791251166865099 25577
872 1791251166896895 36771
873 1791251166914329 39649
874 1791251166931944 35285
875 1791251166951829 37499
876 1791251166972999 38348
877 1791251166994366 40196
878 1791251167023213 48633
879 1791251167046236 51859
880 1791251167065496 49719
881 1791251167093820 59284
882 1791251167113101 58691
883 1791251167143261 64535
884 1791251167157967 64145
885 1791251167186994 70780
886 1791251167212088 76943
887 1791251167233201 77667
888 1791251167257337 81529
889 1791251167277771 82802
890 1791251167301907 87386
891 1791251167333209 96602
892 1791251167361841 106284
893 1791251167374551 99956
894 1791251167402897 105672
895 1791251167423466 109335
896 1791251167452708 118273
897 1791251167475401 119778
898 1791251167492197 117643
899 1791251167523174 127160
900 1791251167541340 124564
901 1791251167561111 126135
902 1791251167580686 122388
903 1791251167597282 121904
904 1791251167624169 129046
905 1791251167648056 132282
906 1791251167670599 135842
907 1791251167685626 129002
908 1791251167707039 132632
909 1791251167734304 137019
910 1791251167752926 131999
911 1791251167763392 128750
912 1791251167787174 132936
913 1791251167806901 132245
914 1791251167826042 132170
915 1791251167844806 127697
916 1791251167868424 133954
917 1791251167891825 134035
918 1791251167908843 134017
919 1791251167924475 129268
920 1791251167944352 130124
921 1791251167972698 138219
922 1791251167992320 135440
923 1791251168009898 131258
924 1791251168024344 128877
925 1791251168043803 129563
926 1791251168066637 130832
927 1791251168085336 127829
928 1791251168111403 134419
929 1791251168134385 136511
930 1791251168144547 128183
931 1791251168165889 130754
932 1791251168192690 137642
933 1791251168203793 129640
934 1791251168225150 127982
935 1791251168240704 125194
936 1791251168257726 123338
937 1791251168280607 120542
938 1791251168293304 117021
939 1791251168312349 114355
940 1791251168326823 112578
941 1791251168345572 111341
942 1791251168362897 108566
943 1791251168374586 99694
944 1791251168393196 98533
945 1791251168403549 88754
946 1791251168427772 90526
947 1791251168436100 82068
948 1791251168454259 79671
949 1791251168474601 78645
950 1791251168489415 74725
951 1791251168506306 70203
952 1791251168522639 68377
953 1791251168539680 65076
954 1791251168555941 60618
955 1791251168564180 48602
956 1791251168580692 46939
957 1791251168596364 41665
958 1791251168610471 35228
959 1791251168629904 35221
960 1791251168649327 32647
961 1791251168669310 33828
962 1791251168683721 27943
963 1791251168704378 29236
964 1791251168725726 31502
965 1791251168745340 30161
966 1791251168769109 29655
967 1791251168785943 29909
968 1791251168801934 27676
969 1791251168833309 36017
970 1791251168844259 30218
971 1791251168864459 27070
972 1791251168885832 31079
973 1791251168906495 31761
974 1791251168925539 31449
975 1791251168947255 29157
976 1791251168969137 33125
977 1791251168990076 32010
978 1791251169000274 24811
979 1791251169024973 30278
980 1791251169043810 25018
981 1791251169064410 26115
982 1791251169079681 25596
983 1791251169105573 30873
984 1791251169121821 27718
985 1791251169142602 27450
986 1791251169163047 23686
987 1791251169185997 29003
988 1791251169205194 30039
989 1791251169222085 27851
990 1791251169247562 29967
991 1791251169265485 25478
992 1791251169284067 29117
993 1791251169302596 26819
994 1791251169327983 33465
995 1791251169344826 29849
996 1791251169367118 31625
997 1791251169384756 30207
998 1791251169406500 29913
999 1791251169425651 30202
1000 1791251169454026 39132
1001 1791251169464869 26816
1002 1791251169475316 21287
1003 1791251169507479 32160
1004 1791251169524545 28380
1005 1791251169543255 27016
1006 1791251169573660 35223
1007 1791251169583872 27177
1008 1791251169602790 29127
1009 1791251169626368 27312
1010 1791251169646502 31768
1011 1791251169664109 28287
1012 1791251169684266 26446
1013 1791251169706696 26322
1014 1791251169726674 31475
1015 1791251169742660 28551
1016 1791251169763198 28247
1017 1791251169791264 36629
1018 1791251169802208 27843
1019 1791251169824980 29638
1020 1791251169842710 26952
1021 1791251169864099 27942
1022 1791251169884764 29973
1023 1791251169910649 36049
1024 1791251169920926 26253
1025 1791251169943394 29422
1026 1791251169965392 29709
1027 1791251169982648 27739
1028 1791251170005752 28530
1029 1791251170024152 26774
1030 1791251170040894 26850
1031 1791251170062527 28203
1032 1791251170083066 28331
1033 1791251170108824 31882
1034 1791251170124194 29006
1035 1791251170145600 29952
1036 1791251170160951 25162
1037 1791251170182578 28105
1038 1791251170204161 27358
1039 1791251170224284 28384
1040 1791251170244343 27505
1041 1791251170269042 29614
1042 1791251170287639 30640
1043 1791251170304114 29897
1044 1791251170325311 28653
1045 1791251170350701 31100
1046 1791251170362146 26923
1047 1791251170386124 30976
1048 1791251170404046 29019
1049 1791251170424740 28787
1050 1791251170440939 26736
1051 1791251170462641 28280
1052 1791251170484658 29548
1053 1791251170504343 30645
1054 1791251170522095 22967
1055 1791251170543973 29128
1056 1791251170565345 27355
1057 1791251170595396 33585
1058 1791251170606911 32181
1059 1791251170628477 33078
1060 1791251170654311 37778
1061 1791251170683523 46019
1062 1791251170702818 48504
1063 1791251170721117 46241
1064 1791251170750189 54084
1065 1791251170766245 52253
1066 1791251170794236 58004
1067 1791251170816093 61249
1068 1791251170844648 67784
1069 1791251170863528 69290
1070 1791251170888271 72174
1071 1791251170918875 80120
1072 1791251170930649 76187
1073 1791251170952242 77131
1074 1791251170970800 76201
1075 1791251170990836 76620
1076 1791251171014340 80269
1077 1791251171030772 76472
1078 1791251171060795 85397
1079 1791251171078478 82505
1080 1791251171090222 75879
1081 1791251171107196 71982
1082 1791251171136314 76061
1083 1791251171154912 76431
1084 1791251171179822 84610
1085 1791251171197367 82814
1086 1791251171223507 87191
1087 1791251171242363 87449
1088 1791251171263858 88450
1089 1791251171275280 81024
1090 1791251171307914 90668
1091 1791251171325546 90386
1092 1791251171339660 85183
1093 1791251171363515 89045
1094 1791251171378229 82597
1095 1791251171403779 88782
1096 1791251171430065 90457
1097 1791251171442287 88077
1098 1791251171467984 90114
1099 1791251171488572 91443
1100 1791251171512082 92568
1101 1791251171532394 97041
1102 1791251171551901 97096
1103 1791251171572409 96676
1104 1791251171590399 96081
1105 1791251171613783 98949
1106 1791251171632099 97523
1107 1791251171653595 95778
1108 1791251171673997 97750
1109 1791251171693003 97520
1110 1791251171716822 103036
1111 1791251171736300 97669
1112 1791251171747537 93939
1113 1791251171773352 99352
1114 1791251171793310 99198
1115 1791251171814152 97442
1116 1791251171832644 96411
1117 1791251171854402 99499
1118 1791251171877647 102954
1119 1791251171897017 101657
1120 1791251171907475 93320
1121 1791251171935050 98960
1122 1791251171960263 105922
1123 1791251171984574 107632
1124 1791251172001729 106111
1125 1791251172025777 110423
1126 1791251172044632 109579
1127 1791251172063569 107529
1128 1791251172091267 112495
1129 1791251172105221 110893
1130 1791251172124276 109871
1131 1791251172140646 106526
1132 1791251172162452 108279
1133 1791251172183201 106470
1134 1791251172204570 109756
1135 1791251172220652 105829
1136 1791251172243451 106006
1137 1791251172267128 112116
1138 1791251172293763 117820
1139 1791251172309013 111445
1140 1791251172326950 111797
1141 1791251172349812 114673
1142 1791251172365432 108490
1143 1791251172384622 107168
1144 1791251172406724 112958
1145 1791251172427021 110667
1146 1791251172443901 108544
1147 1791251172471397 113125
1148 1791251172492852 114331
1149 1791251172511885 112610
1150 1791251172524317 109142
1151 1791251172551651 114405
1152 1791251172567739 111090
1153 1791251172593944 116586
1154 1791251172604643 110105
1155 1791251172624216 109924
1156 1791251172646870 112249
1157 1791251172667801 112586
1158 1791251172690963 115754
1159 1791251172701953 108006
1160 1791251172723474 108851
1161 1791251172745141 109344
1162 1791251172764830 110457
1163 1791251172781015 106921
1164 1791251172803964 106327
1165 1791251172816785 97032
1166 1791251172816794 80433
1167 1791251172816800 62350
1168 1791251172816805 42481
1169 1791251172821221 26254
1170 1791251172836188 21768
1171 1791251172865541 29349
1172 1791251172879019 20939
1173 1791251172904791 27512
1174 1791251172926655 28594
1175 1791251172943357 22888
1176 1791251172954617 20634
1177 1791251172982865 28246
1178 1791251172997260 22948
1179 1791251173019812 25451
1180 1791251173035830 20669
1181 1791251173062468 27430
1182 1791251173083641 29287
1183 1791251173104608 29571
1184 1791251173115644 21442
1185 1791251173142422 28529
1186 1791251173161189 27178
1187 1791251173183079 27385
1188 1791251173203858 24039
1189 1791251173216506 21997
1190 1791251173243543 27033
1191 1791251173261905 22392
1192 1791251173285592 29548
1193 1791251173305373 24448
1194 1791251173322828 26147
1195 1791251173343691 27129
1196 1791251173364003 24566
1197 1791251173383344 25383
1198 1791251173401139 23453
1199 1791251173422737 27408
1200 1791251173443369 28628
1201 1791251173457779 23930
1202 1791251173477692 23129
1203 1791251173505326 27630
1204 1791251173523235 27255
1205 1791251173539939 23348
1206 1791251173556315 20907
1207 1791251173577203 20883
1208 1791251173607119 29914
1209 1791251173618925 23668
1210 1791251173635235 20936
1211 1791251173655735 21308
1212 1791251173676555 21813
1213 1791251173702358 27042
1214 1791251173722680 27091
1215 1791251173743139 27939
1216 1791251173757292 22716
1217 1791251173784132 26834
1218 1791251173800044 22189
1219 1791251173823045 26579
1220 1791251173839380 22285
1221 1791251173863788 24553
1222 1791251173885395 27055
1223 1791251173913654 33933
1224 1791251173919954 25044
1225 1791251173935646 21990
1226 1791251173963437 27787
1227 1791251173984028 28105
1228 1791251174005421 27372
1229 1791251174022312 22781
1230 1791251174037872 22744
1231 1791251174056817 20859
1232 1791251174076225 21619
1233 1791251174098856 23687
1234 1791251174122966 26592
1235 1791251174143057 29050
1236 1791251174160677 26078
1237 1791251174178145 22889
1238 1791251174198587 24447
1239 1791251174221361 22771
1240 1791251174243522 27284
1241 1791251174267481 30491
1242 1791251174284671 24006
1243 1791251174303555 26605
1244 1791251174316396 21608
1245 1791251174344638 28239
1246 1791251174362481 24873
1247 1791251174383090 25386
1248 1791251174403830 28756
1249 1791251174420656 25384
1250 1791251174437077 22833
1251 1791251174462009 24928
1252 1791251174477277 22926
1253 1791251174498253 23979
1254 1791251174531942 33686
1255 1791251174542135 26276
1256 1791251174563138 28738
1257 1791251174580898 25555
1258 1791251174602903 24556
1259 1791251174624791 27990
1260 1791251174639311 21798
1261 1791251174661207 27253
1262 1791251174682072 27549
1263 1791251174700870 26265
1264 1791251174722972 25685
1265 1791251174740445 24855
1266 1791251174761680 26913
1267 1791251174780474 25721
1268 1791251174798213 23143
1269 1791251174817459 21963
1270 1791251174842407 24944
1271 1791251174861466 26242
1272 1791251174879807 25331
1273 1791251174897112 22325
1274 1791251174923334 26598
1275 1791251174944722 25246
1276 1791251174962722 25106
1277 1791251174981695 23232
1278 1791251174995760 21636
1279 1791251175023396 27632
1280 1791251175046642 32360
1281 1791251175062624 27835
1282 1791251175081367 26664
1283 1791251175102650 28756
1284 1791251175119698 24252
1285 1791251175135229 21165
1286 1791251175159835 25589
1287 1791251175183828 26934
1288 1791251175202660 28458
1289 1791251175217437 22134
1290 1791251175240314 22920
1291 1791251175261932 21615
1292 1791251175280217 25418
1293 1791251175305859 30672
1294 1791251175324469 25278
1295 1791251175344812 26375
1296 1791251175362381 27281
1297 1791251175382127 27991
1298 1791251175402730 28183
1299 1791251175425780 30404
1300 1791251175437899 22848
1301 1791251175461973 24204
1302 1791251175485940 29201
1303 1791251175504433 24492
1304 1791251175524227 26765
1305 1791251175539848 25019
1306 1791251175558232 23723
1307 1791251175583923 25768
1308 1791251175606061 27795
1309 1791251175618099 23812
1310 1791251175636301 20908
1311 1791251175661396 25090
1312 1791251175679945 23865
1313 1791251175706633 30971
1314 1791251175723225 22011
1315 1791251175743122 28094
1316 1791251175763966 29417
1317 1791251175783621 28995
1318 1791251175804469 28187
1319 1791251175815055 20950
1320 1791251175836470 21411
1321 1791251175862940 26457
1322 1791251175881881 24441
1323 1791251175901826 27494
1324 1791251175917149 22927
1325 1791251175943541 26390
1326 1791251175964917 24032
1327 1791251175983317 27170
1328 1791251176003140 23751
1329 1791251176032718 34255
1330 1791251176053608 33198
1331 1791251176057164 22869
1332 1791251176085300 31689
1333 1791251176105146 28933
1334 1791251176123999 28171
1335 1791251176143256 28909
1336 1791251176168935 34154
1337 1791251176184374 29809
1338 1791251176207407 30887
1339 1791251176221078 26433
1340 1791251176249122 33042
1341 1791251176264317 28495
1342 1791251176284112 29295
1343 1791251176300585 25986
1344 1791251176333052 38444
1345 1791251176344325 30395
1346 1791251176368398 28823
1347 1791251176381074 26450
1348 1791251176409924 32976
1349 1791251176427541 31845
1350 1791251176444286 29725
1351 1791251176466245 31517
1352 1791251176480158 24984
1353 1791251176508496 29403
1354 1791251176527046 31395
1355 1791251176542671 27502
1356 1791251176563620 29410
1357 1791251176579366 25552
1358 1791251176602992 27147
1359 1791251176624837 30128
1360 1791251176651871 35622
1361 1791251176668260 33633
1362 1791251176689928 33518
1363 1791251176704866 29312
1364 1791251176718642 24194
1365 1791251176742525 28255
1366 1791251176771987 37051
1367 1791251176784803 29293
1368 1791251176811802 34569
1369 1791251176824793 28670
1370 1791251176850898 36884
1371 1791251176860173 25572
1372 1791251176877634 23297
1373 1791251176908314 32420
1374 1791251176923054 28724
1375 1791251176940984 25308
1376 1791251176965734 25579
1377 1791251176988355 30157
1378 1791251177006282 30414
1379 1791251177022361 26128
1380 1791251177052595 37832
1381 1791251177064081 29279
1382 1791251177089489 30117
1383 1791251177101099 26885
1384 1791251177131724 36339
1385 1791251177146411 31065
1386 1791251177160224 24739
1387 1791251177184458 29742
1388 1791251177213806 34779
1389 1791251177229263 30319
1390 1791251177238787 24976
1391 1791251177264357 27227
1392 1791251177283662 28896
1393 1791251177310575 31717
1394 1791251177325114 30502
1395 1791251177342812 28219
1396 1791251177367021 32413
1397 1791251177385979 31662
1398 1791251177397970 22768
1399 1791251177424643 27342
1400 1791251177436930 22398
1401 1791251177461005 25517
1402 1791251177485038 27820
1403 1791251177501633 27219
1404 1791251177524589 30063
1405 1791251177545552 29590
1406 1791251177563494 29483
1407 1791251177590009 31545
1408 1791251177603428 28773
1409 1791251177625504 30615
1410 1791251177652723 31686
1411 1791251177664074 29375
1412 1791251177682771 27161
1413 1791251177702864 28441
1414 1791251177731530 34688
1415 1791251177753094 36170
1416 1791251177765556 29057
1417 1791251177783878 23437
1418 1791251177811126 36315
1419 1791251177823140 28555
1420 1791251177845302 28918
1421 1791251177867398 32942
1422 1791251177889916 30472
1423 1791251177913157 33947
1424 1791251177930882 36275
1425 1791251177950807 32245
1426 1791251177959179 24673
1427 1791251177983939 29438
1428 1791251178003648 28283
1429 1791251178023370 26457
1430 1791251178036961 22894
1431 1791251178070789 35398
1432 1791251178089550 35431
1433 1791251178103845 29606
1434 1791251178128458 33157
1435 1791251178145583 30382
1436 1791251178164839 29206
1437 1791251178187522 29038
1438 1791251178203766 29409
1439 1791251178227818 32167
1440 1791251178245894 31652
1441 1791251178260269 26061
1442 1791251178286381 29153
1443 1791251178305780 30807
1444 1791251178326599 31830
1445 1791251178345211 28533
1446 1791251178373260 35979
1447 1791251178383776 29305
1448 1791251178403719 28946
1449 1791251178423818 27964
1450 1791251178442626 28754
1451 1791251178466868 32595
1452 1791251178477634 23378
1453 1791251178507887 33261
1454 1791251178528067 31890
1455 1791251178547211 31830
1456 1791251178558888 23563
1457 1791251178585322 27650
1458 1791251178612800 38443
1459 1791251178629444 29214
1460 1791251178645145 29721
1461 1791251178666770 27941
1462 1791251178683589 28668
1463 1791251178710774 34339
1464 1791251178719608 25073
1465 1791251178743745 29379
1466 1791251178773205 35201
1467 1791251178789454 33324
1468 1791251178825183 36436
1469 1791251178832930 37400
1470 1791251178842760 27999
1471 1791251178864476 29738
1472 1791251178877029 22921
1473 1791251178902684 27172
1474 1791251178922738 27430
1475 1791251178941326 26427
1476 1791251178960733 26546
1477 1791251178985068 30559
1478 1791251179010035 33699
1479 1791251179025759 30301
1480 1791251179041080 26809
1481 1791251179066202 32075
1482 1791251179092305 33417
1483 1791251179105773 31067
1484 1791251179124616 24969
1485 1791251179147869 29771
1486 1791251179160418 26324
1487 1791251179184683 25817
1488 1791251179204393 26448
1489 1791251179221239 26421
1490 1791251179238156 23670
1491 1791251179271180 33690
1492 1791251179285533 30290
1493 1791251179299683 25228
1494 1791251179322749 26652
1495 1791251179345408 31381
1496 1791251179362380 27210
1497 1791251179379071 24449
1498 1791251179413269 35824
1499 1791251179429456 30646
1500 1791251179440796 25309
1501 1791251179469553 31059
1502 1791251179484272 28438
1503 1791251179509257 33733
1504 1791251179519205 23788
1505 1791251179547081 28256
1506 1791251179563074 27505
1507 1791251179589850 35546
1508 1791251179601850 27569
1509 1791251179618685 24619
1510 1791251179642146 27692
1511 1791251179663676 29366
1512 1791251179688283 33318
1513 1791251179710999 36796
1514 1791251179728565 33983
1515 1791251179742559 28352
1516 1791251179768502 30439
1517 1791251179788346 29703
1518 1791251179803985 29274
1519 1791251179826114 31695
1520 1791251179841252 24655
1521 1791251179863776 28333
1522 1791251179889421 34007
1523 1791251179899090 24979
1524 1791251179924378 28188
1525 1791251179952462 34966
1526 1791251179965867 29681
1527 1791251179992631 34963
1528 1791251180010264 29552
1529 1791251180022623 23503
1530 1791251180045245 29044
1531 1791251180059328 24563
1532 1791251180092898 38026
1533 1791251180106331 29925
1534 1791251180125938 26385
1535 1791251180146648 27127
1536 1791251180171363 37271
1537 1791251180188105 33879
1538 1791251180203399 28026
1539 1791251180232798 38151
1540 1791251180247938 30851
1541 1791251180265252 31058
1542 1791251180281682 27432
1543 1791251180313154 36185
1544 1791251180331125 34886
1545 1791251180344035 29544
1546 1791251180370322 35582
1547 1791251180383794 29669
1548 1791251180402006 27503
1549 1791251180424242 28184
1550 1791251180444814 30215
1551 1791251180464534 30050
1552 1791251180481022 25876
1553 1791251180505436 29178
1554 1791251180518766 23485
1555 1791251180552046 36821
1556 1791251180570445 34506
1557 1791251180585732 29813
1558 1791251180607255 31516
1559 1791251180629617 35454
1560 1791251180645899 31409
1561 1791251180665401 31108
1562 1791251180678544 22590
1563 1791251180704944 27318
1564 1791251180737744 38474
1565 1791251180744222 26329
1566 1791251180770064 32316
1567 1791251180782121 23659
1568 1791251180803022 28821
1569 1791251180825294 29667
1570 1791251180844473 26862
1571 1791251180863309 23747
1572 1791251180880900 26291
1573 1791251180903971 29150
1574 1791251180926557 31983
1575 1791251180939501 23715
1576 1791251180983465 44693
1577 1791251180997481 34815
1578 1791251181009582 31729
1579 1791251181028358 30875
1580 1791251181040043 25567
1581 1791251181056595 21211
1582 1791251181082707 28306
1583 1791251181102784 28183
1584 1791251181123637 29346
1585 1791251181138018 23857
1586 1791251181160094 23831
1587 1791251181183930 29414
1588 1791251181205475 29302
1589 1791251181216453 22399
1590 1791251181252990 37217
1591 1791251181264933 29593
1592 1791251181284047 28780
1593 1791251181312226 33421
1594 1791251181324680 30341
1595 1791251181345759 28728
1596 1791251181356330 22009
1597 1791251181385472 29452
1598 1791251181405658 31011
1599 1791251181426575 27439
1600 1791251181446303 26685
1601 1791251181465391 27138
1602 1791251181487225 32511
1603 1791251181505171 28973
1604 1791251181522280 26800
1605 1791251181537078 22417
1606 1791251181567502 32013
1607 1791251181581334 25705
1608 1791251181612314 34407
1609 1791251181625182 26402
1610 1791251181645653 30377
1611 1791251181659440 22065
1612 1791251181684612 27928
1613 1791251181706196 25272
1614 1791251181721639 27665
1615 1791251181743646 27050
1616 1791251181777720 43893
1617 1791251181781184 27310
1618 1791251181810392 32662
1619 1791251181816835 22468
1620 1791251181844301 29629
1621 1791251181856438 22388
1622 1791251181882370 27569
1623 1791251181904470 29604
1624 1791251181923090 27458
1625 1791251181944742 29235
1626 1791251181964594 29500
1627 1791251181992432 38269
1628 1791251182004911 29675
1629 1791251182023899 27273
1630 1791251182035944 21846
1631 1791251182066600 30840
1632 1791251182084843 30370
1633 1791251182099619 25173
1634 1791251182124450 27764
1635 1791251182147949 33708
1636 1791251182159674 22646
1637 1791251182193365 38468
1638 1791251182212164 33596
1639 1791251182225387 29177
1640 1791251182242602 26873
1641 1791251182263306 28410
1642 1791251182275073 21128
1643 1791251182300934 26183
1644 1791251182322556 28135
1645 1791251182353317 37239
1646 1791251182369949 34335
1647 1791251182387282 32654
1648 1791251182404859 30428
1649 1791251182422133 27047
1650 1791251182443231 27380
1651 1791251182464606 30021
1652 1791251182495373 39205
1653 1791251182511438 29801
1654 1791251182523869 29827
1655 1791251182553727 37036
1656 1791251182563071 27641
1657 1791251182577488 23758
1658 1791251182606138 30119
1659 1791251182631472 36632
1660 1791251182644859 30262
1661 1791251182660908 25509
1662 1791251182682746 28479
1663 1791251182712971 36494
1664 1791251182725729 31852
1665 1791251182749015 30141
1666 1791251182761363 27130
1667 1791251182789958 34595
1668 1791251182803890 29200
1669 1791251182823951 29424
1670 1791251182854147 39635
1671 1791251182869224 33735
1672 1791251182883566 29414
1673 1791251182902877 28213
1674 1791251182922737 26224
1675 1791251182943742 28449
1676 1791251182968690 32046
1677 1791251182982544 28038
1678 1791251183001867 26905
1679 1791251183027244 31206
1680 1791251183045320 30398
1681 1791251183077848 40027
1682 1791251183097938 43230
1683 1791251183119688 41836
1684 1791251183125199 30091
1685 1791251183151842 32150
1686 1791251183165613 24988
1687 1791251183182328 26184
1688 1791251183212709 32265
1689 1791251183225444 28680
1690 1791251183247104 32532
1691 1791251183269069 33075
1692 1791251183286011 31319
1693 1791251183312759 35525
1694 1791251183330969 36202
1695 1791251183346586 27118
1696 1791251183365169 30464
1697 1791251183386125 30328
1698 1791251183404443 29565
1699 1791251183434855 36772
1700 1791251183449953 30094
1701 1791251183472750 37892
1702 1791251183491252 36921
1703 1791251183505348 31004
1704 1791251183533353 38293
1705 1791251183546078 30037
1706 1791251183566076 31250
1707 1791251183588699 27410
1708 1791251183608920 32963
1709 1791251183629313 33319
1710 1791251183648707 32883
1711 1791251183676374 41006
1712 1791251183683528 23605
1713 1791251183707680 31303
1714 1791251183732499 37624
1715 1791251183744687 30567
1716 1791251183765739 28838
1717 1791251183784562 29965
1718 1791251183812777 34115
1719 1791251183830875 34164
1720 1791251183852605 33133
1721 1791251183865634 31221
1722 1791251183889424 34680
1723 1791251183906594 32098
1724 1791251183923812 28403
1725 1791251183949473 33742
1726 1791251183963402 28319
1727 1791251183986241 28934
1728 1791251184015843 37079
1729 1791251184022043 26043
1730 1791251184049271 34790
1731 1791251184064834 28120
1732 1791251184085193 28749
1733 1791251184105143 29645
1734 1791251184127002 32364
1735 1791251184150995 30335
1736 1791251184164606 29887
1737 1791251184187990 31717
1738 1791251184205290 31167
1739 1791251184234957 34045
1740 1791251184244944 28005
1741 1791251184269014 34045
1742 1791251184286628 31987
1743 1791251184303904 28343
1744 1791251184324883 30801
1745 1791251184347391 31824
1746 1791251184363004 27207
1747 1791251184388329 33428
1748 1791251184405481 31184
1749 1791251184426201 28129
1750 1791251184447924 28479
1751 1791251184474065 38299
1752 1791251184488347 33223
1753 1791251184507354 33282
1754 1791251184527398 31660
1755 1791251184548310 31998
1756 1791251184562460 27167
1757 1791251184597219 39760
1758 1791251184614647 30962
1759 1791251184633572 36671
1760 1791251184646490 31840
1761 1791251184658072 24496
1762 1791251184679362 22684
1763 1791251184710333 31752
1764 1791251184728466 33187
1765 1791251184751693 34273
1766 1791251184764001 28941
1767 1791251184793789 37841
1768 1791251184813189 29957
1769 1791251184828977 35182
1770 1791251184849930 33599
1771 1791251184865692 31418
1772 1791251184876016 21984
1773 1791251184906193 32154
1774 1791251184916167 21819
1775 1791251184954813 40305
1776 1791251184976073 41594
1777 1791251184986223 31405
1778 1791251185007821 31741
1779 1791251185023533 27952
1780 1791251185049969 35186
1781 1791251185066979 30720
1782 1791251185087908 30371
1783 1791251185104934 30317
1784 1791251185127863 33157
1785 1791251185146458 30830
1786 1791251185170879 35988
1787 1791251185185969 29207
1788 1791251185210689 35849
1789 1791251185228891 30194
1790 1791251185246726 30496
1791 1791251185265032 30685
1792 1791251185290587 29722
1793 1791251185304573 28977
1794 1791251185330847 35537
1795 1791251185364542 49053
1796 1791251185388398 52476
1797 1791251185394279 38098
1798 1791251185409910 27161
1799 1791251185427855 33571
1800 1791251185454019 36640
1801 1791251185474410 39589
1802 1791251185484643 30620
1803 1791251185505064 30609
1804 1791251185531050 36568
1805 1791251185554143 39427
1806 1791251185569148 34691
1807 1791251185590958 36810
1808 1791251185616496 41817
1809 1791251185629252 34460
1810 1791251185655014 40189
1811 1791251185666681 31693
1812 1791251185688920 33899
1813 1791251185706230 27601
1814 1791251185726813 31434
1815 1791251185749386 33373
1816 1791251185768494 33464
1817 1791251185785980 30443
1818 1791251185804894 30065
1819 1791251185822820 27438
1820 1791251185854142 38502
1821 1791251185865422 31073
1822 1791251185886061 31914
1823 1791251185903649 28932
1824 1791251185924218 29561
1825 1791251185944430 28914
1826 1791251185973859 37110
1827 1791251186001403 46361
1828 1791251186005390 31525
1829 1791251186044195 49025
1830 1791251186076999 62109
1831 1791251186084998 50063
1832 1791251186090241 33627
1833 1791251186110021 33018
1834 1791251186127823 32831
1835 1791251186145690 30246
1836 1791251186165257 30499
1837 1791251186195342 34242
1838 1791251186215245 38840
1839 1791251186234856 39506
1840 1791251186246186 30921
1841 1791251186263876 29013
1842 1791251186305184 48354
1843 1791251186310927 33247
1844 1791251186334153 39792
1845 1791251186358246 43800
1846 1791251186368721 34564
1847 1791251186390359 34295
1848 1791251186416362 40180
1849 1791251186433433 36803
1850 1791251186457143 42707
1851 1791251186481072 42592
1852 1791251186481086 25047
1853 1791251186516112 37192
1854 1791251186533282 35161
1855 1791251186552304 37976
1856 1791251186569067 32604
1857 1791251186584048 27653
1858 1791251186612029 34888
1859 1791251186631327 36694
1860 1791251186657839 41118
1861 1791251186681729 45314
1862 1791251186707509 52742
1863 1791251186725869 50821
1864 1791251186738518 43508
1865 1791251186760785 44876
1866 1791251186785790 50793
1867 1791251186813417 52627
1868 1791251186821506 46085
1869 1791251186842187 46068
1870 1791251186855754 38275
1871 1791251186874296 37768
1872 1791251186907208 52401
1873 1791251186916614 42312
1874 1791251186943100 45081
1875 1791251186961477 46774
1876 1791251186980213 45552
1877 1791251187004569 48674
1878 1791251187030765 54510
1879 1791251187056347 61095
1880 1791251187065244 49521
1881 1791251187086375 52350
1882 1791251187096816 42197
1883 1791251187122850 48417
1884 1791251187144329 49200
1885 1791251187154736 40204
1886 1791251187180559 43549
1887 1791251187195130 40391
1888 1791251187228465 53442
1889 1791251187244299 49165
1890 1791251187259488 44885
1891 1791251187284468 48229
1892 1791251187303445 48748
1893 1791251187332830 57593
1894 1791251187347443 52549
1895 1791251187374674 58294
1896 1791251187382265 47803
1897 1791251187413502 58661
1898 1791251187426969 52291
1899 1791251187453364 57780
1900 1791251187465917 51065
1901 1791251187494973 57764
1902 1791251187508246 48473
1903 1791251187536579 56329
1904 1791251187552965 57987
1905 1791251187573902 58527
1906 1791251187586680 50094
1907 1791251187607208 50937
1908 1791251187629261 55353
1909 1791251187662207 63118
1910 1791251187667424 51155
1911 1791251187691002 53151
1912 1791251187718208 61683
1913 1791251187742044 66922
1914 1791251187754152 51891
1915 1791251187790211 71990
1916 1791251187803597 66267
1917 1791251187818825 64666
1918 1791251187831830 56599
1919 1791251187859708 64882
1920 1791251187874609 60641
1921 1791251187903950 69297
1922 1791251187918892 62183
1923 1791251187939762 65151
1924 1791251187959534 59469
1925 1791251187979866 64160
1926 1791251188004318 66473
1927 1791251188022024 62487
1928 1791251188034010 56559
1929 1791251188045739 45688
1930 1791251188064398 49807
1931 1791251188086080 52066
1932 1791251188104853 50660
1933 1791251188125824 50266
1934 1791251188156688 60806
1935 1791251188173401 58074
1936 1791251188188059 54005
1937 1791251188205955 51256
1938 1791251188228127 53527
1939 1791251188245278 50721
1940 1791251188265156 50943
1941 1791251188297682 62805
1942 1791251188314648 58865
1943 1791251188337247 57734
1944 1791251188355968 58283
1945 1791251188367563 53636
1946 1791251188387359 53070
1947 1791251188407046 51075
1948 1791251188434271 59546
1949 1791251188457852 61953
1950 1791251188487099 72333
1951 1791251188506218 71945
1952 1791251188525578 67712
1953 1791251188544229 63098
1954 1791251188556261 57149
1955 1791251188581712 67031
1956 1791251188594936 60876
1957 1791251188613074 58353
1958 1791251188642959 67549
1959 1791251188655435 60771
1960 1791251188680218 64591
1961 1791251188693546 59722
1962 1791251188724805 70006
1963 1791251188746213 70785
1964 1791251188767188 71748
1965 1791251188795655 77116
1966 1791251188808080 72526
1967 1791251188821805 67188
1968 1791251188843107 68584
1969 1791251188858269 62611
1970 1791251188878869 62821
1971 1791251188894164 56648
1972 1791251188922841 66634
1973 1791251188944444 67256
1974 1791251188965949 71828
1975 1791251188992893 73337
1976 1791251189006727 72543
1977 1791251189024326 69507
1978 1791251189042390 66537
1979 1791251189060492 63538
1980 1791251189093062 76726
1981 1791251189108320 71741
1982 1791251189124161 67021
1983 1791251189153419 75346
1984 1791251189165071 69432
1985 1791251189185247 70557
1986 1791251189204375 70023
1987 1791251189228475 67534
1988 1791251189247577 68171
1989 1791251189281627 84047
1990 1791251189286308 70796
1991 1791251189306179 70285
1992 1791251189322408 68425
1993 1791251189348856 67226
1994 1791251189363976 64015
1995 1791251189378213 63785
1996 1791251189388253 52139
1997 1791251189414278 59642
1998 1791251189431860 57110
1999 1791251189453902 55198
2000 1791251189454634 40354
2001 1791251189483534 48623
2002 1791251189493060 39154
2003 1791251189523321 45719
2004 1791251189544470 49981
2005 1791251189567031 52134
2006 1791251189587131 52445
2007 1791251189599791 43727
2008 1791251189606114 31717
2009 1791251189639835 44870
2010 1791251189654276 35386
2011 1791251189676638 41746
2012 1791251189694930 40723
2013 1791251189716146 39506
2014 1791251189729024 34091
2015 1791251189749760 33611
2016 1791251189772687 37333
2017 1791251189792512 37396
2018 1791251189811683 36307
2019 1791251189838927 43667
2020 1791251189858796 42840
2021 1791251189876802 37872
2022 1791251189895385 40518
2023 1791251189912475 37342
2024 1791251189941167 45778
2025 1791251189965792 49991
2026 1791251189985832 46191
2027 1791251190007920 48440
2028 1791251190028057 49285
2029 1791251190035772 41441
2030 1791251190064051 49952
2031 1791251190082906 47462
2032 1791251190102864 43990
2033 1791251190115997 40373
2034 1791251190136503 39682
2035 1791251190155645 39646
2036 1791251190174838 40542
2037 1791251190194947 39299
2038 1791251190214746 40733
2039 1791251190242359 47410
2040 1791251190264660 49944
2041 1791251190284235 43887
2042 1791251190307758 49187
2043 1791251190324958 49415
2044 1791251190344666 49963
2045 1791251190364218 49836
2046 1791251190377821 43454
2047 1791251190407927 50598
2048 1791251190422309 47682
2049 1791251190445553 50602
2050 1791251190462494 48454
2051 1791251190485658 46131
2052 1791251190516534 60260
2053 1791251190537621 56911
2054 1791251190543568 45427
2055 1791251190574654 58117
2056 1791251190602065 64441
2057 1791251190614045 59193
2058 1791251190632705 58048
2059 1791251190634730 38932
2060 1791251190665130 51082
2061 1791251190686808 52076
2062 1791251190707593 51281
2063 1791251190727510 53246
2064 1791251190744631 50045
2065 1791251190762788 48359
2066 1791251190793822 58388
2067 1791251190806078 51198
2068 1791251190824911 50389
2069 1791251190844990 51166
2070 1791251190862184 47650
2071 1791251190877717 43186
2072 1791251190904481 49218
2073 1791251190931973 57425
2074 1791251190943263 48992
2075 1791251190956546 41238
2076 1791251190987032 50577
2077 1791251191004228 49772
2078 1791251191024963 48314
2079 1791251191055457 60917
2080 1791251191078656 59443
2081 1791251191093425 58945
2082 1791251191114314 58855
2083 1791251191134811 56153
2084 1791251191153680 57230
2085 1791251191169265 54948
2086 1791251191181173 46359
2087 1791251191207181 53498
2088 1791251191227110 51849
2089 1791251191244985 50184
2090 1791251191266172 51031
2091 1791251191292008 56287
2092 1791251191315845 55004
2093 1791251191326655 48773
2094 1791251191352858 58353
2095 1791251191369100 53253
2096 1791251191402695 63182
2097 1791251191415214 56013
2098 1791251191442162 65015
2099 1791251191461592 66468
2100 1791251191473516 59283
2101 1791251191501275 61582
2102 1791251191516587 59205
2103 1791251191544800 68934
2104 1791251191548549 54521
2105 1791251191583195 66605
2106 1791251191600148 59561
2107 1791251191614675 59364
2108 1791251191635875 60541
2109 1791251191654517 54366
2110 1791251191663843 49404
2111 1791251191694845 60010
2112 1791251191704234 49795
2113 1791251191732508 58460
2114 1791251191755149 60300
2115 1791251191779287 58681
2116 1791251191793863 58338
2117 1791251191810063 55130
2118 1791251191833165 53877
2119 1791251191843516 49650
2120 1791251191864461 49755
2121 1791251191883637 49072
2122 1791251191912746 56832
2123 1791251191942268 67521
2124 1791251191949560 55329
2125 1791251191967325 51493
2126 1791251191987284 52648
2127 1791251192002564 46451
2128 1791251192031757 55895
2129 1791251192054926 58360
2130 1791251192075209 54054
2131 1791251192096082 61329
2132 1791251192107999 53392
2133 1791251192127625 52413
2134 1791251192142690 48179
2135 1791251192164612 50151
2136 1791251192193287 56568
2137 1791251192204740 50486
2138 1791251192224938 50411
2139 1791251192251990 53912
2140 1791251192270305 56010
2141 1791251192294495 58855
2142 1791251192313146 58378
2143 1791251192332765 57873
2144 1791251192349397 54899
2145 1791251192375927 58925
2146 1791251192404071 64011
2147 1791251192414229 58843
2148 1791251192434127 59568
2149 1791251192449379 54985
2150 1791251192469293 55062
2151 1791251192499345 65216
2152 1791251192521124 64539
2153 1791251192535039 60275
2154 1791251192570848 76738
2155 1791251192586141 71379
2156 1791251192591417 56376
2157 1791251192615866 61005
2158 1791251192640556 65745
2159 1791251192666368 71071
2160 1791251192682457 67004
2161 1791251192701311 66370
2162 1791251192723146 66556
2163 1791251192748214 73673
2164 1791251192764843 65013
2165 1791251192775995 60914
2166 1791251192795199 60651
2167 1791251192823223 65976
2168 1791251192840675 66279
2169 1791251192857256 62055
2170 1791251192875595 58176
2171 1791251192903685 64088
2172 1791251192918318 64071
2173 1791251192947532 72891
2174 1791251192962210 68015
2175 1791251192983815 65494
2176 1791251192998091 62194
2177 1791251193027138 71893
2178 1791251193044356 68425
2179 1791251193059288 62278
2180 1791251193084735 70272
2181 1791251193102688 67187
2182 1791251193119262 64702
2183 1791251193135253 60738
2184 1791251193164705 70475
2185 1791251193179749 64933
2186 1791251193204042 68787
2187 1791251193231563 75342
2188 1791251193243624 69601
2189 1791251193272042 75672
2190 1791251193285048 66496
2191 1791251193307611 72570
2192 1791251193319023 64978
2193 1791251193336361 61655
2194 1791251193363101 68573
2195 1791251193387013 72277
2196 1791251193403561 69116
2197 1791251193420629 65906
2198 1791251193438783 64349
2199 1791251193450657 56496
2200 1791251193468188 47555
2201 1791251193488562 49777
2202 1791251193501231 45689
2203 1791251193513335 37457
2204 1791251193532142 37359
2205 1791251193545963 31066
2206 1791251193573109 37050
2207 1791251193581567 24991
2208 1791251193609548 32768
2209 1791251193628164 31828
2210 1791251193645594 30852
2211 1791251193665080 30124
2212 1791251193694347 39765
2213 1791251193708776 34349
2214 1791251193725163 30813
2215 1791251193746547 27201
2216 1791251193769470 35190
2217 1791251193792955 37959
2218 1791251193805155 30109
2219 1791251193825520 31083
2220 1791251193851232 36786
2221 1791251193868429 32034
2222 1791251193888575 33846
2223 1791251193906460 30135
2224 1791251193917163 23214
2225 1791251193952505 37133
2226 1791251193975217 39184
2227 1791251193993589 38527
2228 1791251194012796 37577
2229 1791251194024987 31395
2230 1791251194048211 28742
2231 1791251194073547 39193
2232 1791251194090766 30013
2233 1791251194102137 27231
2234 1791251194124470 30478
2235 1791251194145331 30503
2236 1791251194167921 33212
2237 1791251194187397 32697
2238 1791251194213488 38078
2239 1791251194231618 36358
2240 1791251194252355 33585
2241 1791251194273332 36771
2242 1791251194292662 37409
2243 1791251194315885 41116
2244 1791251194333656 39452
2245 1791251194347608 31720
2246 1791251194365596 31937
2247 1791251194392708 34831
2248 1791251194411524 37105
2249 1791251194434339 39067
2250 1791251194452276 36203
2251 1791251194472057 37714
2252 1791251194502428 47133
2253 1791251194519675 44961
2254 1791251194541700 42630
2255 1791251194552763 35158
2256 1791251194573765 36232
2257 1791251194600445 45912
2258 1791251194617452 43684
2259 1791251194633705 33506
2260 1791251194653231 35776
2261 1791251194672007 38299
2262 1791251194702060 45078
2263 1791251194720407 46265
2264 1791251194746409 50846
2265 1791251194755000 40556
2266 1791251194786161 48197
2267 1791251194803368 48365
2268 1791251194813736 39364
2269 1791251194842639 48150
2270 1791251194864249 50511
2271 1791251194884278 45344
2272 1791251194900326 45999
2273 1791251194924264 46579
2274 1791251194946069 46674
2275 1791251194962465 43714
2276 1791251194994598 57819
2277 1791251195015970 60720
2278 1791251195041256 65260
2279 1791251195056535 61935
2280 1791251195066703 50731
2281 1791251195095328 61145
2282 1791251195112597 56059
2283 1791251195124896 50578
2284 1791251195144772 49441
2285 1791251195170264 55616
2286 1791251195193952 57999
2287 1791251195205826 51471
2288 1791251195223834 47819
2289 1791251195245904 51949
2290 1791251195262734 45391
2291 1791251195297809 62799
2292 1791251195306349 52079
2293 1791251195335690 54482
2294 1791251195355419 57822
2295 1791251195373164 58003
2296 1791251195384858 50557
2297 1791251195408996 53574
2298 1791251195425604 49067
2299 1791251195453950 54932
2300 1791251195468997 53269
2301 1791251195499741 63248
2302 1791251195513762 59809
2303 1791251195538498 62662
2304 1791251195555527 55783
2305 1791251195573140 59374
2306 1791251195586530 50526
2307 1791251195613979 58449
2308 1791251195635306 60677
2309 1791251195661257 65599
2310 1791251195678305 64322
2311 1791251195703756 68448
2312 1791251195724052 65564
2313 1791251195736377 59049
2314 1791251195753278 57892
2315 1791251195771326 55085
2316 1791251195800692 66095
2317 1791251195821641 63770
2318 1791251195844032 69237
2319 1791251195867117 66559
2320 1791251195875435 61508
2321 1791251195904653 64907
2322 1791251195913235 58118
2323 1791251195939957 64519
2324 1791251195947564 50930
2325 1791251195974954 59491
2326 1791251195995954 61110
2327 1791251196023559 68196
2328 1791251196035266 60672
2329 1791251196064660 68703
2330 1791251196092412 76427
2331 1791251196102976 67707
2332 1791251196119159 63560
2333 1791251196139924 66000
2334 1791251196161900 67297
2335 1791251196178409 62997
2336 1791251196186207 51934
2337 1791251196203069 48889
2338 1791251196212684 34272
2339 1791251196221908 27395
2340 1791251196238197 23585
2341 1791251196261947 25757
2342 1791251196282322 25953
2343 1791251196304357 27807
2344 1791251196321968 25408
2345 1791251196343004 27786
2346 1791251196362995 27629
2347 1791251196382785 27529
2348 1791251196403937 29863
2349 1791251196417394 23031
2350 1791251196435889 20924
2351 1791251196464766 28944
2352 1791251196479845 25448
2353 1791251196510794 30948
2354 1791251196522881 28906
2355 1791251196536206 20572
2356 1791251196555224 20859
2357 1791251196584777 29543
2358 1791251196606806 24892
2359 1791251196618826 22512
2360 1791251196638232 21477
2361 1791251196664045 25809
2362 1791251196683049 24328
2363 1791251196699304 24942
2364 1791251196721593 22346
2365 1791251196743576 29087
2366 1791251196760759 25386
2367 1791251196775256 21257
2368 1791251196795399 21018
2369 1791251196817152 21750
2370 1791251196840736 23706
2371 1791251196863529 25421
2372 1791251196883748 25044
2373 1791251196901664 26614
2374 1791251196922786 27350
2375 1791251196942228 23955
2376 1791251196955042 20760
2377 1791251196977763 23467
2378 1791251197004536 26771
2379 1791251197023418 27566
2380 1791251197038324 23702
2381 1791251197063120 24919
2382 1791251197083124 26778
2383 1791251197104459 29920
2384 1791251197123993 25821
2385 1791251197141053 24443
2386 1791251197163222 27654
2387 1791251197183204 25248
2388 1791251197203214 25375
2389 1791251197223963 28394
2390 1791251197245101 30589
2391 1791251197258568 21208
2392 1791251197282542 26243
2393 1791251197297413 22133
2394 1791251197324060 28384
2395 1791251197344410 25200
2396 1791251197360148 20762
2397 1791251197384231 28221
2398 1791251197399152 21896
2399 1791251197415358 20618
2400 1791251197443758 28396
2401 1791251197463101 28599
2402 1791251197475043 20971
2403 1791251197496128 21127
2404 1791251197523017 26885
2405 1791251197543418 28904
2406 1791251197563265 29141
2407 1791251197578245 23729
2408 1791251197604725 26478
2409 1791251197621219 21616
2410 1791251197637719 23706
2411 1791251197663039 25316
2412 1791251197675563 21196
2413 1791251197704191 28626
2414 1791251197714809 21007
2415 1791251197737060 22249
2416 1791251197755813 20946
2417 1791251197782318 26500
2418 1791251197802926 28986
2419 1791251197818858 24343
2420 1791251197843599 24738
2421 1791251197856975 22840
2422 1791251197883868 27003
2423 1791251197902983 24224
2424 1791251197917856 23630
2425 1791251197946111 30273
2426 1791251197963791 21608
2427 1791251197983483 27112
2428 1791251198002888 27396
2429 1791251198018840 23911
2430 1791251198042582 23738
2431 1791251198061950 25376
2432 1791251198079230 24672
2433 1791251198104751 25519
2434 1791251198123545 28369
2435 1791251198140287 25177
2436 1791251198162936 27877
2437 1791251198182204 27706
2438 1791251198204137 27871
2439 1791251198225041 28444
2440 1791251198240487 24844
2441 1791251198262434 27811
2442 1791251198281877 27079
2443 1791251198303416 27573
2444 1791251198317442 23490
2445 1791251198336060 21345
2446 1791251198362337 26274
2447 1791251198383342 28644
2448 1791251198403360 27705
2449 1791251198424457 27778
2450 1791251198443939 24180
2451 1791251198455407 20448
2452 1791251198485945 31392
2453 1791251198503776 29168
2454 1791251198516284 21005
2455 1791251198537760 21473
2456 1791251198557832 22542
2457 1791251198575062 20758
2458 1791251198602285 27219
2459 1791251198618005 23435
2460 1791251198646137 28251
2461 1791251198665216 22871
2462 1791251198684736 27879
2463 1791251198705265 26579
2464 1791251198723154 24675
2465 1791251198738469 23746
2466 1791251198764645 26172
2467 1791251198783953 24738
2468 1791251198804038 26824
2469 1791251198822698 24017
2470 1791251198839733 25122
2471 1791251198856404 22243
2472 1791251198875765 21643
2473 1791251198903810 28043
2474 1791251198924898 26526
2475 1791251198945089 26526
2476 1791251198960170 23606
2477 1791251198984254 24080
2478 1791251199002672 24218
2479 1791251199021744 25962
2480 1791251199043005 26162
2481 1791251199063253 24334
2482 1791251199082272 26868
2483 1791251199103268 26669
2484 1791251199118962 24605
2485 1791251199142824 23859
2486 1791251199163804 25920
2487 1791251199183804 25084
2488 1791251199203518 28712
2489 1791251199218183 22804
2490 1791251199243584 25562
2491 1791251199258136 23617
2492 1791251199285062 26921
2493 1791251199305633 26600
2494 1791251199318217 23625
2495 1791251199345299 30745
2496 1791251199365157 30036
2497 1791251199386755 28039
2498 1791251199424903 49083
2499 1791251199424907 31030
2500 1791251199452074 36109
2501 1791251199464871 28956
2502 1791251199498461 43907
2503 1791251199505429 28602
2504 1791251199532466 34001
2505 1791251199544423 28453
2506 1791251199567407 32615
2507 1791251199590357 35760
2508 1791251199610361 35564
2509 1791251199631279 36143
2510 1791251199646473 31619
2511 1791251199662665 25884
2512 1791251199692592 33932
2513 1791251199709404 34563
2514 1791251199732929 37641
2515 1791251199746449 31617
2516 1791251199773644 38706
2517 1791251199784969 29816
2518 1791251199812701 39054
2519 1791251199826572 28409
2520 1791251199853962 36878
2521 1791251199865592 31700
2522 1791251199884031 30066
2523 1791251199918321 42930
2524 1791251199923236 28500
2525 1791251199953883 39141
2526 1791251199973608 38918
2527 1791251199989655 35769
2528 1791251200008247 34633
2529 1791251200037375 40778
2530 1791251200050992 33093
2531 1791251200071877 37547
2532 1791251200100973 46161
2533 1791251200109490 32721
2534 1791251200137127 36150
2535 1791251200152708 37796
2536 1791251200174252 39670
2537 1791251200192615 37626
2538 1791251200218716 44459
2539 1791251200233945 39422
2540 1791251200254856 36138
2541 1791251200265760 31812
2542 1791251200302616 47757
2543 1791251200318927 40304
2544 1791251200340306 43311
2545 1791251200360601 45796
2546 1791251200384545 49293
2547 1791251200404488 49466
2548 1791251200421790 47305
2549 1791251200441409 43042
2550 1791251200467631 49821
2551 1791251200487792 53402
2552 1791251200500526 45653
2553 1791251200529092 54322
2554 1791251200559393 58864
2555 1791251200565867 50412
2556 1791251200577746 43110
2557 1791251200604375 46551
2558 1791251200628406 52718
2559 1791251200646722 49960
2560 1791251200662663 47885
2561 1791251200681067 44399
2562 1791251200703770 48598
2563 1791251200719753 45164
2564 1791251200741301 45555
2565 1791251200773737 59440
2566 1791251200788462 53719
2567 1791251200809047 53703
2568 1791251200824861 51120
2569 1791251200854596 59283
2570 1791251200873866 59408
2571 1791251200889578 54922
2572 1791251200904007 49407
2573 1791251200923703 49834
2574 1791251200943420 49746
2575 1791251200965436 50828
2576 1791251200990151 56320
2577 1791251201017582 62657
2578 1791251201034613 54796
2579 1791251201054498 59933
2580 1791251201083725 66140
2581 1791251201108263 73639
2582 1791251201134335 79834
2583 1791251201147527 69693
2584 1791251201165384 70405
2585 1791251201182522 67767
2586 1791251201211587 77249
2587 1791251201220983 66116
2588 1791251201241885 67291
2589 1791251201281495 81489
2590 1791251201299865 84367
2591 1791251201312816 78355
2592 1791251201325200 68382
2593 1791251201359029 83730
2594 1791251201375331 77855
2595 1791251201393950 77391
2596 1791251201412622 76951
2597 1791251201434520 79790
2598 1791251201453633 78299
2599 1791251201476907 82953
2600 1791251201496425 81625
2601 1791251201520994 86570
2602 1791251201543927 90292
2603 1791251201560396 86691
2604 1791251201578071 83633
2605 1791251201610561 91131
2606 1791251201625744 91237
2607 1791251201652892 97310
2608 1791251201666305 90602
2609 1791251201684780 90411
2610 1791251201713480 98266
2611 1791251201726344 91600
2612 1791251201754244 98680
2613 1791251201774289 97386
2614 1791251201786548 92534
2615 1791251201816258 100561
2616 1791251201842117 103088
2617 1791251201850026 95780
2618 1791251201864693 90402
2619 1791251201877794 82998
2620 1791251201907989 93373
2621 1791251201946870 108908
2622 1791251201951890 97702
2623 1791251201963925 88881
2624 1791251201983621 89041
2625 1791251202010027 95053
2626 1791251202044208 109970
2627 1791251202055125 99358
2628 1791251202075555 100608
2629 1791251202094909 101153
2630 1791251202114628 100309
2631 1791251202143918 107918
2632 1791251202152541 98021
2633 1791251202187022 112562
2634 1791251202197643 102732
2635 1791251202222809 108178
2636 1791251202248626 107946
2637 1791251202263892 108483
2638 1791251202282518 106034
2639 1791251202297832 100187
2640 1791251202319936 105225
2641 1791251202334265 100331
2642 1791251202365384 111303
2643 1791251202386644 107281
2644 1791251202404041 106206
2645 1791251202414534 99584
2646 1791251202435234 100967
2647 1791251202462357 106795
2648 1791251202485857 111013
2649 1791251202506915 111077
2650 1791251202521747 107581
2651 1791251202543634 108396
2652 1791251202563585 107505
2653 1791251202600600 122696
2654 1791251202609336 112994
2655 1791251202628623 114131
2656 1791251202653153 118875
2657 1791251202675078 121148
2658 1791251202688024 113942
2659 1791251202711168 110565
2660 1791251202730793 116132
2661 1791251202745287 108307
2662 1791251202778406 121134
2663 1791251202796064 120983
2664 1791251202817783 120363
2665 1791251202832748 118447
2666 1791251202852565 117941
2667 1791251202869693 115041
2668 1791251202888323 113237
2669 1791251202914884 118818
2670 1791251202932259 117468
2671 1791251202947159 112579
2672 1791251202974108 118908
2673 1791251202988537 114272
2674 1791251203014003 119086
2675 1791251203037521 122634
2676 1791251203052569 117768
2677 1791251203078299 123857
2678 1791251203086475 112361
2679 1791251203113028 118207
2680 1791251203129776 115766
2681 1791251203143759 108968
2682 1791251203165954 109956
2683 1791251203180143 106029
2684 1791251203203865 107027
2685 1791251203234939 120165
2686 1791251203243596 107998
2687 1791251203252194 93959
2688 1791251203265399 90729
2689 1791251203290493 95705
2690 1791251203311033 96906
2691 1791251203321504 86563
2692 1791251203336482 81800
2693 1791251203353458 78795
2694 1791251203380929 85527
2695 1791251203399430 84917
2696 1791251203405333 69416
2697 1791251203428885 74325
2698 1791251203447910 66979
2699 1791251203464840 70369
2700 1791251203482649 67631
2701 1791251203503552 67033
2702 1791251203513962 57576
2703 1791251203529572 55342
2704 1791251203542661 48637
2705 1791251203559341 45376
2706 1791251203582038 48251
2707 1791251203596902 43046
2708 1791251203619806 42937
2709 1791251203638440 42652
2710 1791251203660101 40291
2711 1791251203679605 43661
2712 1791251203706080 47156
2713 1791251203714746 35796
2714 1791251203741683 40112
2715 1791251203751200 36450
2716 1791251203773671 38997
2717 1791251203791850 36469
2718 1791251203809873 36197
2719 1791251203828307 32469
2720 1791251203842447 28080
2721 1791251203872946 35367
2722 1791251203883500 28728
2723 1791251203918891 38336
2724 1791251203924085 28624
2725 1791251203952369 37643
2726 1791251203973276 38693
2727 1791251203993708 36492
2728 1791251204009729 34371
2729 1791251204029230 35518
2730 1791251204051346 37111
2731 1791251204066685 31796
2732 1791251204083527 28602
2733 1791251204113036 38205
2734 1791251204143173 42169
2735 1791251204153445 38644
2736 1791251204167693 32979
2737 1791251204191684 35422
2738 1791251204206136 31632
2739 1791251204231737 34855
2740 1791251204252518 37435
2741 1791251204264608 29531
2742 1791251204286487 29857
2743 1791251204313581 39615
2744 1791251204328712 33958
2745 1791251204344414 30831
2746 1791251204365267 31156
2747 1791251204393929 39153
2748 1791251204412640 36698
2749 1791251204434523 40591
2750 1791251204460252 42564
2751 1791251204466428 31902
2752 1791251204497637 42690
2753 1791251204506937 32350
2754 1791251204534400 36760
2755 1791251204559734 45580
2756 1791251204574291 39888
2757 1791251204587205 29893
2758 1791251204604073 29776
2759 1791251204627619 32427
2760 1791251204646293 31565
2761 1791251204670506 36199
2762 1791251204687144 32621
2763 1791251204705970 31104
2764 1791251204728545 33710
2765 1791251204755264 40466
2766 1791251204770985 33305
2767 1791251204790453 36040
2768 1791251204809219 34458
2769 1791251204833553 37662
2770 1791251204845377 30525
2771 1791251204886382 47242
2772 1791251204892434 37820
2773 1791251204913511 39220
2774 1791251204943712 49152
2775 1791251204956793 41965
2776 1791251204982408 46754
2777 1791251205010073 56136
2778 1791251205029623 50108
2779 1791251205052713 56571
2780 1791251205074649 60416
2781 1791251205084873 50431
2782 1791251205107474 53457
2783 1791251205133323 58671
2784 1791251205153418 58246
2785 1791251205173934 59312
2786 1791251205199632 63718
2787 1791251205209487 52313
2788 1791251205236091 61875
2789 1791251205260417 65982
2790 1791251205284620 70021
2791 1791251205298625 63918
2792 1791251205331026 70607
2793 1791251205342450 67122
2794 1791251205358187 63360
2795 1791251205386639 72488
2796 1791251205404899 68127
2797 1791251205423691 65494
2798 1791251205441307 63723
2799 1791251205459347 63649
2800 1791251205501202 84470
2801 1791251205513670 78627
2802 1791251205527287 71399
2803 1791251205552451 74341
2804 1791251205568766 74422
2805 1791251205586149 72476
2806 1791251205608115 70445
2807 1791251205625641 69963
2808 1791251205649447 75080
2809 1791251205676080 78103
2810 1791251205699831 85430
2811 1791251205710078 75917
2812 1791251205740160 84155
2813 1791251205754053 77969
2814 1791251205791995 92161
2815 1791251205793402 78606
2816 1791251205824977 84814
2817 1791251205838811 84756
2818 1791251205862611 88213
2819 1791251205881127 86273
2820 1791251205902365 82544
2821 1791251205926619 87804
2822 1791251205939425 81000
2823 1791251205969752 92514
2824 1791251205990381 93252
2825 1791251206001006 86368
2826 1791251206017376 83306
2827 1791251206046080 88451
2828 1791251206073604 95862
2829 1791251206086701 91859
2830 1791251206114449 97070
2831 1791251206133570 98053
2832 1791251206145671 91015
2833 1791251206164295 90688
2834 1791251206194400 97188
2835 1791251206203393 88941
2836 1791251206226013 90697
2837 1791251206244585 90120
2838 1791251206267522 91765
2839 1791251206293084 98726
2840 1791251206309018 92236
2841 1791251206325779 91358
2842 1791251206354377 98549
2843 1791251206374869 100097
2844 1791251206393405 98732
2845 1791251206406828 90823
2846 1791251206431883 91836
2847 1791251206442827 88446
2848 1791251206472353 97791
2849 1791251206498623 103524
2850 1791251206514572 94371
2851 1791251206528039 93674
2852 1791251206557204 98440
2853 1791251206569203 92649
2854 1791251206603957 108364
2855 1791251206616279 101887
2856 1791251206636070 99588
2857 1791251206663451 106244
2858 1791251206683282 108398
2859 1791251206712163 116881
2860 1791251206722373 106429
2861 1791251206742219 107636
2862 1791251206753415 99125
2863 1791251206785036 109614
2864 1791251206813370 117627
2865 1791251206825357 110812
2866 1791251206840336 104928
2867 1791251206863788 107088
2868 1791251206879595 104318
2869 1791251206903298 107553
2870 1791251206940295 123518
2871 1791251206945608 110919
2872 1791251206965393 110037
2873 1791251206983403 109315
2874 1791251207002733 108905
2875 1791251207022985 108162
2876 1791251207054737 114431
2877 1791251207064711 108761
2878 1791251207086127 109170
2879 1791251207103578 108408
2880 1791251207125597 111030
2881 1791251207148184 111669
2882 1791251207185730 131529
2883 1791251207202386 127735
2884 1791251207213492 118334
2885 1791251207227190 112797
2886 1791251207257375 122529
2887 1791251207278488 123935
2888 1791251207303016 126184
2889 1791251207313732 116199
2890 1791251207325563 110192
2891 1791251207343270 107193
2892 1791251207365426 108048
2893 1791251207385413 106922
2894 1791251207413746 114667
2895 1791251207431574 117839
2896 1791251207442534 105684
2897 1791251207463860 104104
2898 1791251207484158 103482
2899 1791251207504252 109703
2900 1791251207524900 111151
2901 1791251207540118 104114
2902 1791251207566825 111640
2903 1791251207584805 109934
2904 1791251207604184 105968
2905 1791251207616629 101476
2906 1791251207645429 107288
2907 1791251207661955 107302
2908 1791251207683871 109658
2909 1791251207695204 99567
2910 1791251207721275 106197
2911 1791251207737412 96234
2912 1791251207759341 102297
2913 1791251207768953 94169
2914 1791251207785206 90901
2915 1791251207802106 87002
2916 1791251207833714 96300
2917 1791251207846706 87362
2918 1791251207862372 88256
2919 1791251207876092 81431
2920 1791251207895606 81204
2921 1791251207916324 82608
2922 1791251207941332 85728
2923 1791251207947828 72393
2924 1791251207968295 72686
2925 1791251207993844 79702
2926 1791251208009181 72960
2927 1791251208027549 70374
2928 1791251208033062 58557
2929 1791251208057991 64144
2930 1791251208083030 67196
2931 1791251208094767 59059
2932 1791251208113415 58721
2933 1791251208134067 59765
2934 1791251208145109 50776
2935 1791251208166603 50922
2936 1791251208184717 50648
2937 1791251208200868 45810
2938 1791251208218599 43982
2939 1791251208239541 44747
2940 1791251208254851 40411
2941 1791251208271637 37196
2942 1791251208291209 36355
2943 1791251208312576 38143
2944 1791251208336266 39179
2945 1791251208344834 30633
2946 1791251208368930 32660
2947 1791251208386327 29530
2948 1791251208405841 31396
2949 1791251208430173 33948
2950 1791251208453743 36394
2951 1791251208474988 40295
2952 1791251208483824 30078
2953 1791251208504624 29633
2954 1791251208528646 33153
2955 1791251208548029 31672
2956 1791251208570166 36286
2957 1791251208593367 38153
2958 1791251208615465 38792
2959 1791251208633041 35967
2960 1791251208643917 28718
2961 1791251208672218 36286
2962 1791251208683576 28659
2963 1791251208715528 40786
2964 1791251208736031 41604
2965 1791251208761988 46550
2966 1791251208765936 29944
2967 1791251208802214 40223
2968 1791251208812520 38078
2969 1791251208834174 37330
2970 1791251208844430 29653
2971 1791251208873658 39481
2972 1791251208899356 40460
2973 1791251208919286 45624
2974 1791251208925667 26734
2975 1791251208954810 35520
2976 1791251208966774 32715
2977 1791251208986885 31431
2978 1791251209014762 40427
2979 1791251209024573 30358
2980 1791251209045206 30442
2981 1791251209074332 40467
2982 1791251209095188 36874
2983 1791251209106242 31906
2984 1791251209132945 37754
2985 1791251209144091 27664
2986 1791251209172357 35421
2987 1791251209183326 28446
2988 1791251209204885 27172
2989 1791251209229455 31299
2990 1791251209250343 34994
2991 1791251209269231 33906
2992 1791251209283565 28389
2993 1791251209306358 31429
2994 1791251209333197 36452
2995 1791251209348207 33117
2996 1791251209363997 29103
2997 1791251209395180 39077
2998 1791251209414477 39439
2999 1791251209431830 36767
3000 1791251209451650 37169
3001 1791251209473965 38649
3002 1791251209494027 40137
3003 1791251209517994 44024
3004 1791251209542091 48060
3005 1791251209572498 56923
3006 1791251209585655 51302
3007 1791251209604117 47258
3008 1791251209629052 54020
3009 1791251209645967 49992
3010 1791251209662641 46146
3011 1791251209680444 42639
3012 1791251209706416 51647
3013 1791251209732429 58112
3014 1791251209756903 58492
3015 1791251209775095 59251
3016 1791251209798653 61735
3017 1791251209819490 62583
3018 1791251209838657 64119
3019 1791251209853609 58934
3020 1791251209876484 56991
3021 1791251209896697 62076
3022 1791251209920430 66817
3023 1791251209939797 65625
3024 1791251209975490 78790
3025 1791251209983888 63456
3026 1791251210001743 66736
3027 1791251210019756 64726
3028 1791251210043121 67627
3029 1791251210063246 63994
3030 1791251210082596 68458
3031 1791251210102295 68013
3032 1791251210139816 83750
3033 1791251210145802 70882
3034 1791251210159823 65867
3035 1791251210194228 77067
3036 1791251210207472 67651
3037 1791251210225511 68415
3038 1791251210256472 82356
3039 1791251210271391 77160
3040 1791251210298821 83027
3041 1791251210318935 82061
3042 1791251210336309 81451
3043 1791251210360335 85689
3044 1791251210378349 80680
3045 1791251210396063 81810
3046 1791251210414804 78491
3047 1791251210440011 79672
3048 1791251210453579 77507
3049 1791251210481844 87097
3050 1791251210499552 84745
3051 1791251210519666 84728
3052 1791251210536912 83330
3053 1791251210563830 90126
3054 1791251210579449 84657
3055 1791251210611516 96106
3056 1791251210627806 90891
3057 1791251210644357 89003
3058 1791251210661184 84502
3059 1791251210691865 96783
3060 1791251210696832 80831
3061 1791251210725510 91548
3062 1791251210755232 100404
3063 1791251210769888 91505
3064 1791251210787994 93460
3065 1791251210814032 98620
3066 1791251210837123 101230
3067 1791251210847814 92579
3068 1791251210874809 97086
3069 1791251210900138 101372
3070 1791251210918636 104601
3071 1791251210942057 107377
3072 1791251210953465 99088
3073 1791251210980877 106066
3074 1791251210993960 99570
3075 1791251211026010 108622
3076 1791251211038531 96471
3077 1791251211054301 99545
3078 1791251211082690 101809
3079 1791251211086662 92699
3080 1791251211112592 91188
3081 1791251211124131 85596
3082 1791251211149776 95473
3083 1791251211180142 105163
3084 1791251211194216 98816
3085 1791251211218214 103837
3086 1791251211247694 113098
3087 1791251211257438 101786
3088 1791251211281841 106871
3089 1791251211301728 107509
3090 1791251211314480 99593
3091 1791251211344130 109076
3092 1791251211361535 106019
3093 1791251211387314 111213
3094 1791251211404023 109129
3095 1791251211423695 109211
3096 1791251211446205 110983
3097 1791251211464751 108915
3098 1791251211481669 106014
3099 1791251211508320 113688
3100 1791251211527592 109482
3101 1791251211543714 109529
3102 1791251211573824 118217
3103 1791251211585733 110449
3104 1791251211612931 115501
3105 1791251211622291 107733
3106 1791251211643872 109947
3107 1791251211673195 111403
3108 1791251211683466 109638
3109 1791251211710605 113943
3110 1791251211730992 114991
3111 1791251211754227 119836
3112 1791251211768166 113957
3113 1791251211789695 114306
3114 1791251211809950 113729
3115 1791251211840560 125449
3116 1791251211857975 123193
3117 1791251211876547 122317
3118 1791251211888057 113787
3119 1791251211913357 118823
3120 1791251211929704 113598
3121 1791251211954139 115858
3122 1791251211968730 112048
3123 1791251211994306 117756
3124 1791251212009452 114769
3125 1791251212031336 116078
3126 1791251212044762 110354
3127 1791251212065944 111802
3128 1791251212080159 105256
3129 1791251212103156 108847
3130 1791251212115811 100659
3131 1791251212130380 95143
3132 1791251212153278 96935
3133 1791251212164670 90537
3134 1791251212175402 80459
3135 1791251212202974 88019
3136 1791251212222088 87618
3137 1791251212233479 79024
3138 1791251212259838 84433
3139 1791251212273401 77444
3140 1791251212295268 79356
3141 1791251212304013 67642
3142 1791251212325519 66784
3143 1791251212349806 69707
3144 1791251212354432 59455
3145 1791251212383882 69180
3146 1791251212405578 64177
3147 1791251212414993 60559
3148 1791251212436009 59959
3149 1791251212456856 62431
3150 1791251212480599 66063
3151 1791251212490560 54549
3152 1791251212514311 57453
3153 1791251212528129 47527
3154 1791251212552406 55307
3155 1791251212561467 47239
3156 1791251212578927 44173
3157 1791251212599135 44520
3158 1791251212619630 43141
3159 1791251212632230 37979
3160 1791251212648872 31943
3161 1791251212673673 37654
3162 1791251212693008 37177
3163 1791251212709670 35993
3164 1791251212743961 43095
3165 1791251212746361 31501
3166 1791251212766946 31137
3167 1791251212794636 40137
3168 1791251212810808 30423
3169 1791251212824752 30111
3170 1791251212845552 29673
3171 1791251212872041 32797
3172 1791251212885051 26377
3173 1791251212911540 32459
3174 1791251212932267 37887
3175 1791251212958798 42142
3176 1791251212968247 31507
3177 1791251212993820 35017
3178 1791251213008098 32541
3179 1791251213020091 26266
3180 1791251213054298 39522
3181 1791251213074656 39397
3182 1791251213084154 29852
3183 1791251213114340 39680
3184 1791251213130407 35051
3185 1791251213151204 36860
3186 1791251213168812 32975
3187 1791251213196230 41030
3188 1791251213213172 36246
3189 1791251213226645 32279
3190 1791251213253520 39047
3191 1791251213271633 36018
3192 1791251213289770 31213
3193 1791251213310322 35551
3194 1791251213332657 36366
3195 1791251213350464 31992
3196 1791251213373817 39195
3197 1791251213386907 32198
3198 1791251213415352 41526
3199 1791251213439481 40452
3200 1791251213454575 39212
3201 1791251213478385 38894
3202 1791251213500489 45909
3203 1791251213522014 45463
3204 1791251213541688 46345
3205 1791251213558476 43590
3206 1791251213584777 50381
3207 1791251213607927 53386
3208 1791251213634729 55256
3209 1791251213646195 44654
3210 1791251213665609 51422
3211 1791251213691653 56922
3212 1791251213705236 50412
3213 1791251213736098 61786
3214 1791251213752687 57389
3215 1791251213784108 66281
3216 1791251213796216 60784
3217 1791251213810561 55867
3218 1791251213842055 66059
3219 1791251213854235 59687
3220 1791251213878694 63878
3221 1791251213904812 69959
3222 1791251213922676 68435
3223 1791251213942661 66218
3224 1791251213965729 68917
3225 1791251213991032 74880
3226 1791251214011036 77134
3227 1791251214031195 76794
3228 1791251214049517 72983
3229 1791251214064612 68623
3230 1791251214088381 72986
3231 1791251214110778 74572
3232 1791251214123866 69172
3233 1791251214152759 76696
3234 1791251214179511 84278
3235 1791251214196915 81221
3236 1791251214217371 76492
3237 1791251214229583 74062
3238 1791251214261601 82084
3239 1791251214281175 84241
3240 1791251214297698 80321
3241 1791251214314939 80979
3242 1791251214335062 80701
3243 1791251214359157 84817
3244 1791251214375382 77679
3245 1791251214402144 88085
3246 1791251214424890 89824
3247 1791251214451125 91961
3248 1791251214464996 89610
3249 1791251214483564 86713
3250 1791251214505750 88872
3251 1791251214523946 88419
3252 1791251214543515 87927
3253 1791251214565847 90914
3254 1791251214588656 90585
3255 1791251214597783 83679
3256 1791251214630502 93187
3257 1791251214659256 101836
3258 1791251214664795 90249
3259 1791251214684511 90214
3260 1791251214715065 96807
3261 1791251214732972 97682
3262 1791251214744525 88056
3263 1791251214769734 94136
3264 1791251214788247 92348
3265 1791251214815198 100127
3266 1791251214834142 96965
3267 1791251214857570 99838
3268 1791251214873954 99806
3269 1791251214891374 96822
3270 1791251214919394 104192
3271 1791251214935629 101481
3272 1791251214962387 104812
3273 1791251214973983 100026
3274 1791251214996566 101730
3275 1791251215017246 100018
3276 1791251215041340 106813
3277 1791251215061290 107133
3278 1791251215079751 105756
3279 1791251215096583 100014
3280 1791251215125496 108245
3281 1791251215137000 100804
3282 1791251215158383 103886
3283 1791251215184415 104662
3284 1791251215193872 99351
3285 1791251215217459 97795
3286 1791251215242701 107925
3287 1791251215255704 100771
3288 1791251215292090 115782
3289 1791251215303977 110099
3290 1791251215328459 113417
3291 1791251215342044 106758
3292 1791251215367448 112769
3293 1791251215379065 104283
3294 1791251215404047 106452
3295 1791251215424379 106248
3296 1791251215440304 105668
3297 1791251215460788 104367
3298 1791251215479730 104444
3299 1791251215507104 112647
3300 1791251215531869 114269
3301 1791251215547714 112849
3302 1791251215567207 111366
3303 1791251215595086 120521
3304 1791251215616458 116339
3305 1791251215631561 115674
3306 1791251215649226 113732
3307 1791251215669206 115060
3308 1791251215684475 109737
3309 1791251215705318 110229
3310 1791251215729971 115062
3311 1791251215754368 118432
3312 1791251215764827 110122
3313 1791251215788295 113626
3314 1791251215817427 120473
3315 1791251215831257 112304
3316 1791251215853247 118577
3317 1791251215873326 118956
3318 1791251215896140 121758
3319 1791251215914099 119103
3320 1791251215933333 116304
3321 1791251215953784 118960
3322 1791251215969280 111109
3323 1791251215994788 117894
3324 1791251216007222 111077
3325 1791251216024286 110182
3326 1791251216049011 112960
3327 1791251216065699 111910
3328 1791251216087793 108969
3329 1791251216105740 110948
3330 1791251216127208 111400
3331 1791251216141002 106416
3332 1791251216167698 112630
3333 1791251216181450 107430
3334 1791251216203493 108430
3335 1791251216230356 109728
3336 1791251216235836 101471
3337 1791251216263214 104120
3338 1791251216277023 100937
3339 1791251216298343 101385
3340 1791251216318766 103933
3341 1791251216331732 95891
3342 1791251216342257 87931
3343 1791251216365984 88956
3344 1791251216384416 89843
3345 1791251216399749 84918
3346 1791251216420557 86034
3347 1791251216433983 79323
3348 1791251216454424 78511
3349 1791251216465178 70265
3350 1791251216498712 78152
3351 1791251216501582 67596
3352 1791251216524110 69684
3353 1791251216544694 68856
3354 1791251216556561 62363
3355 1791251216587054 68682
3356 1791251216599655 64296
3357 1791251216620300 63737
3358 1791251216633853 59563
3359 1791251216646309 51357
3360 1791251216663114 42809
3361 1791251216685619 51762
3362 1791251216701961 47258
3363 1791251216718920 44216
3364 1791251216739419 38904
3365 1791251216756828 37904
3366 1791251216773655 36249
3367 1791251216787888 31056
3368 1791251216808226 34567
3369 1791251216822134 26239
3370 1791251216847060 32519
3371 1791251216865684 27766
3372 1791251216885406 31152
3373 1791251216915511 34746
3374 1791251216934384 35536
3375 1791251216952537 37021
3376 1791251216964078 29689
3377 1791251216994693 35744
3378 1791251217011244 33857
3379 1791251217028542 33845
3380 1791251217054261 38994
3381 1791251217068944 31549
3382 1791251217089390 35093
3383 1791251217106778 30694
3384 1791251217128121 33165
3385 1791251217146952 32142
3386 1791251217173208 38398
3387 1791251217188039 33467
3388 1791251217211015 35580
3389 1791251217234132 35103
3390 1791251217245727 30926
3391 1791251217268994 34857
3392 1791251217289289 32137
3393 1791251217306175 28644
3394 1791251217332986 35544
3395 1791251217351073 36230
3396 1791251217374330 35044
3397 1791251217390037 32096
3398 1791251217412689 38492
3399 1791251217424781 30601
3400 1791251217453554 37611
3401 1791251217468627 34436
3402 1791251217484894 29428
3403 1791251217512879 38206
3404 1791251217532225 37019
3405 1791251217550769 36112
3406 1791251217573699 39026
3407 1791251217589708 32809
3408 1791251217605259 31556
3409 1791251217625160 29843
3410 1791251217654705 40011
3411 1791251217678869 43053
3412 1791251217692391 38201
3413 1791251217708537 29666
3414 1791251217732633 36622
3415 1791251217754626 35086
3416 1791251217764032 25852
3417 1791251217794665 40037
3418 1791251217806839 32117
3419 1791251217826710 32027
3420 1791251217838939 24190
3421 1791251217867652 31808
3422 1791251217879623 23972
3423 1791251217905336 31363
3424 1791251217924155 29961
3425 1791251217948077 33456
3426 1791251217979053 38052
3427 1791251217985816 28584
3428 1791251218005852 31029
3429 1791251218029467 34702
3430 1791251218054424 36846
3431 1791251218065895 29815
3432 1791251218086503 32076
3433 1791251218106355 30942
3434 1791251218128595 29843
3435 1791251218144421 29754
3436 1791251218173507 39429
3437 1791251218193734 34657
3438 1791251218202269 27423
3439 1791251218233871 40135
3440 1791251218258861 37613
3441 1791251218268602 34726
3442 1791251218289246 34481
3443 1791251218318261 44357
3444 1791251218342731 47595
3445 1791251218364197 48308
3446 1791251218398323 57991
3447 1791251218414748 59691
3448 1791251218432866 58228
3449 1791251218455148 60481
3450 1791251218474186 59530
3451 1791251218490962 56373
3452 1791251218518428 63275
3453 1791251218538448 64257
3454 1791251218558086 63206
3455 1791251218577639 63133
3456 1791251218600458 62007
3457 1791251218616218 58120
3458 1791251218647512 69869
3459 1791251218664671 65711
3460 1791251218682154 65933
3461 1791251218714789 76878
3462 1791251218725784 67637
3463 1791251218738292 64419
3464 1791251218777736 77673
3465 1791251218787565 72955
3466 1791251218812798 75228
3467 1791251218829310 74717
3468 1791251218863857 86119
3469 1791251218867673 72874
3470 1791251218887547 73279
3471 1791251218913864 78914
3472 1791251218933597 71651
3473 1791251218946602 71485
3474 1791251218975809 80860
3475 1791251218998091 84223
3476 1791251219008453 74853
3477 1791251219033957 79618
3478 1791251219058479 82666
3479 1791251219074685 80149
3480 1791251219100242 81803
3481 1791251219115823 81863
3482 1791251219147932 89645
3483 1791251219162389 87701
3484 1791251219193458 93213
3485 1791251219199431 84811
3486 1791251219218252 81732
3487 1791251219240093 84477
3488 1791251219264683 85961
3489 1791251219280247 81777
3490 1791251219308244 89988
3491 1791251219324660 89329
3492 1791251219345658 91303
3493 1791251219363570 89136
3494 1791251219396806 102105
3495 1791251219413586 97212
3496 1791251219428745 94453
3497 1791251219445318 91101
3498 1791251219482041 106754
3499 1791251219489806 94247
3500 1791251219510520 96931
3501 1791251219528344 93571
3502 1791251219550080 93778
3503 1791251219579581 97538
3504 1791251219591586 97078
3505 1791251219612768 97573
3506 1791251219637797 102587
3507 1791251219658299 103548
3508 1791251219679696 104711
3509 1791251219696849 100059
3510 1791251219716712 102795
3511 1791251219734294 98888
3512 1791251219749634 95607
3513 1791251219773395 97461
3514 1791251219797916 101064
3515 1791251219819716 105293
3516 1791251219844042 109745
3517 1791251219858845 105110
3518 1791251219874977 99890
3519 1791251219899226 104217
3520 1791251219920541 103648
3521 1791251219939109 100980
3522 1791251219956604 99375
3523 1791251219979837 104857
3524 1791251220012547 113319
3525 1791251220023852 109154
3526 1791251220047347 108235
3527 1791251220074023 119513
3528 1791251220085445 105605
3529 1791251220103320 109101
3530 1791251220123002 105462
3531 1791251220147915 113398
3532 1791251220168979 111240
3533 1791251220190771 116734
3534 1791251220204389 107943
3535 1791251220223025 107688
3536 1791251220243815 109556
3537 1791251220269590 115042
3538 1791251220286393 111899
3539 1791251220306388 111544
3540 1791251220329778 112109
3541 1791251220345838 111391
3542 1791251220368917 114545
3543 1791251220391855 116508
3544 1791251220407186 111369
3545 1791251220431528 113734
3546 1791251220452619 117815
3547 1791251220475258 120686
3548 1791251220495282 119594
3549 1791251220521408 126761
3550 1791251220535895 121222
3551 1791251220560723 125956
3552 1791251220572303 115987
3553 1791251220596557 121295
3554 1791251220616564 121278
3555 1791251220634635 119895
3556 1791251220654999 119102
3557 1791251220674065 118363
3558 1791251220698475 122694
3559 1791251220713851 117771
3560 1791251220744723 128224
3561 1791251220765024 130386
3562 1791251220777417 123005
3563 1791251220790481 116413
3564 1791251220815504 117027
3565 1791251220840653 126799
3566 1791251220851221 116798
3567 1791251220875253 120918
3568 1791251220887151 111452
3569 1791251220912031 116285
3570 1791251220929235 114482
3571 1791251220942868 105674
3572 1791251220961193 106180
3573 1791251220975309 100053
3574 1791251220999254 101935
3575 1791251221011150 94611
3576 1791251221032736 97209
3577 1791251221053845 92937
3578 1791251221071798 96514
3579 1791251221089203 89946
3580 1791251221103971 87128
3581 1791251221125611 88070
3582 1791251221140940 87092
3583 1791251221159297 83149
3584 1791251221174540 78396
3585 1791251221199928 83924
3586 1791251221214207 78698
3587 1791251221233810 79187
3588 1791251221249714 75172
3589 1791251221270289 70358
3590 1791251221284584 70373
3591 1791251221304906 71093
3592 1791251221316442 62498
3593 1791251221334781 60180
3594 1791251221352706 56766
3595 1791251221373675 59186
3596 1791251221398879 64302
3597 1791251221417759 59132
3598 1791251221433299 59620
3599 1791251221445876 51364
3600 1791251221470939 53177
3601 1791251221486807 51551
3602 1791251221498738 44242
3603 1791251221531079 55718
3604 1791251221535871 41175
3605 1791251221561153 47002
3606 1791251221574787 40072
3607 1791251221599782 38626
3608 1791251221616897 42106
3609 1791251221638440 44476
3610 1791251221657417 40518
3611 1791251221663905 29504
3612 1791251221698887 41468
3613 1791251221710944 32061
3614 1791251221739141 40250
3615 1791251221753218 38593
3616 1791251221766688 31944
3617 1791251221793190 32355
3618 1791251221807900 32813
3619 1791251221833856 34203
3620 1791251221849785 30552
3621 1791251221869326 35466
3622 1791251221885219 31287
3623 1791251221909739 33275
3624 1791251221926470 32050
3625 1791251221950433 34511
3626 1791251221967052 31819
3627 1791251221989951 34320
3628 1791251222012595 37578
3629 1791251222025699 28420
3630 1791251222046190 31613
3631 1791251222073666 33236
3632 1791251222087038 30040
3633 1791251222113724 40054
3634 1791251222125177 30972
3635 1791251222146284 32556
3636 1791251222170758 36390
3637 1791251222190825 36366
3638 1791251222208438 33948
3639 1791251222225787 29987
3640 1791251222244877 30076
3641 1791251222279732 41515
3642 1791251222292639 38403
3643 1791251222311674 37142
3644 1791251222338615 42002
3645 1791251222357958 43472
3646 1791251222383578 48690
3647 1791251222409511 51549
3648 1791251222431912 51986
3649 1791251222440678 45959
3650 1791251222456607 41241
3651 1791251222482280 47549
3652 1791251222508536 54362
3653 1791251222527935 54149
3654 1791251222558147 59577
3655 1791251222579283 64101
3656 1791251222590915 54647
3657 1791251222618148 59998
3658 1791251222623949 49520
3659 1791251222648916 54265
3660 1791251222668468 53897
3661 1791251222691318 57063
3662 1791251222713428 58246
3663 1791251222740197 64292
3664 1791251222764534 67541
3665 1791251222781693 66740
3666 1791251222799158 64270
3667 1791251222823642 67034
3668 1791251222839721 64740
3669 1791251222862715 68667
3670 1791251222893158 78020
3671 1791251222907145 72867
3672 1791251222927987 68293
3673 1791251222952558 72787
3674 1791251222965063 69635
3675 1791251222986446 70690
3676 1791251223020750 82695
3677 1791251223034604 75723
3678 1791251223058509 83531
3679 1791251223064256 65695
3680 1791251223098044 77290
3681 1791251223106891 72284
3682 1791251223137199 78684
3683 1791251223156363 80035
3684 1791251223187843 89794
3685 1791251223201995 87695
3686 1791251223215692 78486
3687 1791251223235986 79910
3688 1791251223264543 89879
3689 1791251223278285 82166
3690 1791251223297075 82396
3691 1791251223316875 82271
3692 1791251223346112 89012
3693 1791251223373209 96867
3694 1791251223393101 96021
3695 1791251223413977 99106
3696 1791251223418445 83012
3697 1791251223444219 89115
3698 1791251223462273 86854
3699 1791251223477707 81578
3700 1791251223512467 98486
3701 1791251223529236 93183
3702 1791251223545391 90936
3703 1791251223581435 105526
3704 1791251223593012 98895
3705 1791251223615727 97807
3706 1791251223630735 95951
3707 1791251223650719 93024
3708 1791251223666363 91807
3709 1791251223685285 88483
3710 1791251223708866 93126
3711 1791251223730845 96456
3712 1791251223747482 92734
3713 1791251223776525 99082
3714 1791251223793913 96575
3715 1791251223822972 106816
3716 1791251223837136 101312
3717 1791251223863202 104884
3718 1791251223876853 101652
3719 1791251223899179 105262
3720 1791251223914047 99850
3721 1791251223934388 98721
3722 1791251223968418 113779
3723 1791251223984610 110094
3724 1791251224003202 104019
3725 1791251224020514 106465
3726 1791251224035759 101367
3727 1791251224059266 103038
3728 1791251224080213 103416
3729 1791251224095937 100721
3730 1791251224116098 101709
3731 1791251224138184 102552
3732 1791251224165827 111035
3733 1791251224190483 115665
3734 1791251224203976 108033
3735 1791251224218912 104710
3736 1791251224244575 107515
3737 1791251224270427 115244
3738 1791251224279707 105028
3739 1791251224306834 110201
3740 1791251224328656 109739
3741 1791251224342408 108197
3742 1791251224365796 110426
3743 1791251224393719 116411
3744 1791251224405818 111858
3745 1791251224442063 127386
3746 1791251224449424 114978
3747 1791251224469228 111065
3748 1791251224490569 116339
3749 1791251224509569 115847
3750 1791251224528200 110251
3751 1791251224559716 117987
3752 1791251224559885 105186
3753 1791251224573785 98927
3754 1791251224573845 76777
3755 1791251224576487 60808
3756 1791251224583460 47814
3757 1791251224584761 28020
3758 1791251224601581 27793
3759 1791251224626448 27024
3760 1791251224647974 34096
3761 1791251224662649 27631
3762 1791251224680018 25775
3763 1791251224697352 23444
3764 1791251224719568 25234
3765 1791251224744492 25028
3766 1791251224759325 22798
3767 1791251224782989 23661
3768 1791251224800856 25783
3769 1791251224823749 22888
3770 1791251224842142 22124
3771 1791251224855334 21267
3772 1791251224878784 23447
3773 1791251224905995 29706
3774 1791251224923602 24448
3775 1791251224943784 25762
3776 1791251224961939 22665
3777 1791251224983824 29548
3778 1791251224995808 21499
3779 1791251225022185 26485
3780 1791251225038579 24560
3781 1791251225065455 26874
3782 1791251225083512 26224
3783 1791251225100878 22763
3784 1791251225122879 27495
3785 1791251225143478 28354
3786 1791251225162602 26544
3787 1791251225178050 22419
3788 1791251225196339 21170
3789 1791251225217465 21124
3790 1791251225235970 20556
3791 1791251225257393 21420
3792 1791251225282138 26614
3793 1791251225296987 21623
3794 1791251225318349 21358
3795 1791251225342899 24546
3796 1791251225359831 24606
3797 1791251225385033 25199
3798 1791251225406736 28813
3799 1791251225423924 25596
3800 1791251225443048 25745
3801 1791251225464080 26402
3802 1791251225484646 25044
3803 1791251225503622 27230
3804 1791251225518317 21405
3805 1791251225544075 27186
3806 1791251225564781 27389
3807 1791251225584282 26411
3808 1791251225606019 28288
3809 1791251225618743 24117
3810 1791251225644362 29780
3811 1791251225654509 20474
3812 1791251225675067 20555
3813 1791251225702007 27196
3814 1791251225723173 27708
3815 1791251225737788 23251
3816 1791251225764965 29562
3817 1791251225784157 22880
3818 1791251225811365 34612
3819 1791251225822885 27097
3820 1791251225843900 29397
3821 1791251225855678 21252
3822 1791251225875125 20775
3823 1791251225904486 30679
3824 1791251225921190 26409
3825 1791251225936546 21833
3826 1791251225962857 26308
3827 1791251225981948 23516
3828 1791251226002965 24422
3829 1791251226022606 25610
3830 1791251226042474 25772
3831 1791251226064189 25783
3832 1791251226084194 24636
3833 1791251226102216 24650
3834 1791251226125139 29484
3835 1791251226145185 25173
3836 1791251226163926 27744
3837 1791251226184228 25588
3838 1791251226204358 25822
3839 1791251226216781 21089
3840 1791251226245062 28277
3841 1791251226263741 24179
3842 1791251226284557 27050
3843 1791251226305451 25940
3844 1791251226324099 26441
3845 1791251226344008 26977
3846 1791251226366766 26444
3847 1791251226375479 20969
3848 1791251226403115 28840
3849 1791251226423441 27148
3850 1791251226443992 29471
3851 1791251226461564 26950
3852 1791251226475677 21264
3853 1791251226505242 29562
3854 1791251226524501 28244
3855 1791251226546728 27768
3856 1791251226567038 26171
3857 1791251226579696 25527
3858 1791251226601220 26836
3859 1791251226621609 27676
3860 1791251226637874 22871
3861 1791251226663036 25236
3862 1791251226678748 24131
3863 1791251226709218 30467
3864 1791251226718478 24511
3865 1791251226737337 22655
3866 1791251226763690 26350
3867 1791251226784203 25364
3868 1791251226804094 23391
3869 1791251226823894 26868
3870 1791251226835419 21255
3871 1791251226859987 24565
3872 1791251226881077 26342
3873 1791251226905185 24105
3874 1791251226923363 27214
3875 1791251226944917 26244
3876 1791251226966368 27616
3877 1791251226979623 23106
3878 1791251227002570 26589
3879 1791251227022117 25920
3880 1791251227042942 27468
3881 1791251227060480 25745
3882 1791251227079328 25206
3883 1791251227102640 23309
3884 1791251227124086 27175
3885 1791251227145072 27417
3886 1791251227162779 22936
3887 1791251227183990 25610
3888 1791251227196358 22332
3889 1791251227217273 21083
3890 1791251227236372 21322
3891 1791251227262623 26249
3892 1791251227283521 28403
3893 1791251227299162 25212
3894 1791251227323934 24758
3895 1791251227343649 27049
3896 1791251227361371 25988
3897 1791251227376041 22025
3898 1791251227398268 22461
3899 1791251227418728 24044
3900 1791251227444235 25504
3901 1791251227463951 26114
3902 1791251227483947 27874
3903 1791251227501538 27323
3904 1791251227524200 27777
3905 1791251227544911 25870
3906 1791251227564198 24356
3907 1791251227582853 24459
3908 1791251227604736 30153
3909 1791251227620613 25665
3910 1791251227641304 27312
3911 1791251227657380 23635
3912 1791251227682220 24963
3913 1791251227703528 25433
3914 1791251227727880 29693
3915 1791251227742782 24475
3916 1791251227757937 22614
3917 1791251227777376 22279
3918 1791251227801286 23902
3919 1791251227817868 22578
3920 1791251227838590 20715
3921 1791251227863976 25572
3922 1791251227883560 23628
3923 1791251227903661 27653
3924 1791251227921439 25990
3925 1791251227942155 25988
3926 1791251227959523 24858
3927 1791251227976405 21955
3928 1791251228011353 35337
3929 1791251228022793 27075
3930 1791251228042549 27527
3931 1791251228061902 27968
3932 1791251228081768 27134
3933 1791251228099141 24907
3934 1791251228122902 27189
3935 1791251228143883 24723
3936 1791251228163513 27287
3937 1791251228182338 25161
3938 1791251228198833 23983
3939 1791251228222075 23239
3940 1791251228235807 21387
3941 1791251228264746 29344
3942 1791251228285074 25020
3943 1791251228296797 22697
3944 1791251228321235 24436
3945 1791251228347714 33758
3946 1791251228362673 28248
3947 1791251228382473 28245
3948 1791251228396877 22779
3949 1791251228423811 26930
3950 1791251228443943 27371
3951 1791251228461438 23074
3952 1791251228477722 23444
3953 1791251228504519 26794
3954 1791251228523194 23455
3955 1791251228537517 22242
3956 1791251228562650 25129
3957 1791251228583691 26699
3958 1791251228602657 24681
3959 1791251228622528 26059
3960 1791251228636001 21181
3961 1791251228661371 25492
3962 1791251228687424 31022
3963 1791251228706059 24626
3964 1791251228716738 21998
3965 1791251228735739 20747
3966 1791251228760573 26021
3967 1791251228782290 27743
3968 1791251228802688 28354
3969 1791251228815518 20648
3970 1791251228843611 28091
3971 1791251228873799 31473
3972 1791251228884423 27430
3973 1791251228896255 22453
3974 1791251228924489 28230
3975 1791251228943273 25299
3976 1791251228959898 21117
3977 1791251228975590 20864
3978 1791251228999874 25743
3979 1791251229015167 20685
3980 1791251229045483 31553
3981 1791251229056521 21748
3982 1791251229084664 28139
3983 1791251229102231 26977
3984 1791251229120185 25541
3985 1791251229142255 22067
3986 1791251229163922 25995
3987 1791251229181576 25279
3988 1791251229202635 28545
3989 1791251229217721 23627
3990 1791251229242485 27655
3991 1791251229262032 27952
3992 1791251229283184 26064
3993 1791251229300665 25572
3994 1791251229321486 26248
3995 1791251229342476 20987
3996 1791251229362756 25847
3997 1791251229378685 21067
3998 1791251229403055 27057
3999 1791251229420205 22044
4000 1791251229442975 28304
4001 1791251229462147 27465
4002 1791251229477714 23154
4003 1791251229502915 25199
4004 1791251229523198 24378
4005 1791251229553061 32599
4006 1791251229555624 20888
4007 1791251229577018 21501
4008 1791251229594228 20533
4009 1791251229617302 23114
4010 1791251229643847 28944
4011 1791251229655800 21242
4012 1791251229681771 25968
4013 1791251229703446 29125
4014 1791251229718277 22824
4015 1791251229743241 24959
4016 1791251229763912 27751
4017 1791251229782298 22531
4018 1791251229799824 25465
4019 1791251229822398 22572
4020 1791251229838652 23640
4021 1791251229864604 25948
4022 1791251229883347 28115
4023 1791251229900929 26394
4024 1791251229923177 27638
4025 1791251229941405 26855
4026 1791251229957283 22131
4027 1791251229984382 27094
4028 1791251230002162 22973
4029 1791251230022574 27466
4030 1791251230043378 28401
4031 1791251230058832 24966
4032 1791251230082343 23508
4033 1791251230106592 28071
4034 1791251230116704 21261
4035 1791251230135930 21218
4036 1791251230155234 21462
4037 1791251230175446 21249
4038 1791251230203412 28974
4039 1791251230222888 26002
4040 1791251230237423 22741
4041 1791251230261679 24315
4042 1791251230275768 20525
4043 1791251230298220 23745
4044 1791251230324527 26357
4045 1791251230342568 23374
4046 1791251230360746 25031
4047 1791251230383467 22718
4048 1791251230403911 27151
4049 1791251230424600 28416
4050 1791251230437665 23596
4051 1791251230455713 21130
4052 1791251230477481 23006
4053 1791251230503383 25899
4054 1791251230523676 27335
4055 1791251230539998 20899
4056 1791251230562023 27904
4057 1791251230576283 20822
4058 1791251230598866 24436
4059 1791251230624937 26067
4060 1791251230644474 26206
4061 1791251230664367 25387
4062 1791251230683824 24672
4063 1791251230701867 26472
4064 1791251230723569 26418
4065 1791251230744690 25534
4066 1791251230756551 22509
4067 1791251230782409 25854
4068 1791251230800464 25308
4069 1791251230823295 22829
4070 1791251230841863 26574
4071 1791251230863729 28295
4072 1791251230884378 25427
4073 1791251230896121 22124
4074 1791251230925636 29919
4075 1791251230943226 23454
4076 1791251230954305 20597
4077 1791251230975677 21371
4078 1791251231003431 28857
4079 1791251231023033 24862
4080 1791251231040814 25628
4081 1791251231057461 22225
4082 1791251231077925 20651
4083 1791251231098962 23374
4084 1791251231114624 20541
4085 1791251231142288 27661
4086 1791251231162220 28020
4087 1791251231182838 27344
4088 1791251231201414 25935
4089 1791251231215042 21025
4090 1791251231242594 27549
4091 1791251231262681 27730
4092 1791251231278175 22439
4093 1791251231303936 25759
4094 1791251231322484 23809
4095 1791251231337160 22081
4096 1791251231361027 23863
4097 1791251231383020 28289
4098 1791251231402649 28340
4099 1791251231423882 28773
4100 1791251231434849 20811
4101 1791251231455629 20777
4102 1791251231482911 27331
4103 1791251231497586 23360
4104 1791251231523210 25621
4105 1791251231539667 21823
4106 1791251231566913 27314
4107 1791251231582673 28848
4108 1791251231600956 26790
4109 1791251231617398 21217
4110 1791251231637278 22755
4111 1791251231658034 22882
4112 1791251231680432 22394
4113 1791251231704118 26355
4114 1791251231724580 22922
4115 1791251231736783 22243
4116 1791251231764151 27356
4117 1791251231783992 24516
4118 1791251231804630 26325
4119 1791251231823289 24676
4120 1791251231843352 25919
4121 1791251231861826 23341
4122 1791251231884213 27051
4123 1791251231901510 22419
4124 1791251231922163 26416
4125 1791251231941452 26100
4126 1791251231956761 21739
4127 1791251231975630 20899
4128 1791251232002543 28231
4129 1791251232017365 22038
4130 1791251232044182 26814
4131 1791251232062638 27701
4132 1791251232082438 27135
4133 1791251232106753 28891
4134 1791251232118061 23384
4135 1791251232136070 20440
4136 1791251232155678 21179
4137 1791251232177338 22771
4138 1791251232200907 26567
4139 1791251232215920 21260
4140 1791251232240560 24441
4141 1791251232261300 26288
4142 1791251232278393 23250
4143 1791251232301083 26591
4144 1791251232328799 27713
4145 1791251232340548 25718
4146 1791251232354754 20546
4147 1791251232378498 23740
4148 1791251232398509 23883
4149 1791251232423123 24672
4150 1791251232445077 23804
4151 1791251232463148 23743
4152 1791251232485532 28412
4153 1791251232504264 25134
4154 1791251232523201 26450
4155 1791251232541231 24948
4156 1791251232560979 25320
4157 1791251232576414 21956
4158 1791251232602317 27798
4159 1791251232621290 26120
# sent 4160 received 4160
