0 1791337288100591 26689
1 1791337288118740 24409
2 1791337288140880 24826
3 1791337288165601 24716
4 1791337288176340 21630
5 1791337288199674 23328
6 1791337288224292 24616
7 1791337288238528 21832
8 1791337288258658 22775
9 1791337288280438 24184
10 1791337288298545 22339
11 1791337288316499 21468
12 1791337288338005 21502
13 1791337288363262 25252
14 1791337288383879 28135
15 1791337288401037 25971
16 1791337288422146 25363
17 1791337288438066 20930
18 1791337288459323 24199
19 1791337288483838 27421
20 1791337288501483 25924
21 1791337288522293 24157
22 1791337288540561 23328
23 1791337288557347 21733
24 1791337288580681 23329
25 1791337288599425 21624
26 1791337288616650 21524
27 1791337288643123 26466
28 1791337288660219 23766
29 1791337288679123 22765
30 1791337288706836 27710
31 1791337288723312 28456
32 1791337288742448 26246
33 1791337288760275 22495
34 1791337288783513 28337
35 1791337288800590 23439
36 1791337288818553 21549
37 1791337288838095 23020
38 1791337288857485 22357
39 1791337288885434 28013
40 1791337288907257 29741
41 1791337288925048 26744
42 1791337288941487 25629
43 1791337288960489 25620
44 1791337288978920 23876
45 1791337288997233 22335
46 1791337289015496 21382
47 1791337289047794 32294
48 1791337289059908 24662
49 1791337289082111 22197
50 1791337289097691 20932
51 1791337289115964 20481
52 1791337289138691 22721
53 1791337289157460 22450
54 1791337289181206 25311
55 1791337289203977 27331
56 1791337289219977 24740
57 1791337289244469 27672
58 1791337289261218 25374
59 1791337289281039 24218
60 1791337289298540 21513
61 1791337289318737 23182
62 1791337289336535 20578
63 1791337289366957 31603
64 1791337289378071 20645
65 1791337289401128 23937
66 1791337289418966 24113
67 1791337289437415 21561
68 1791337289459655 22348
69 1791337289488037 28379
70 1791337289503432 27109
71 1791337289520343 24304
72 1791337289538698 22227
73 1791337289558062 23072
74 1791337289576847 21686
75 1791337289599403 24302
76 1791337289616668 20880
77 1791337289646459 30957
78 1791337289668247 31459
79 1791337289683841 23102
80 1791337289700006 24256
81 1791337289719445 22352
82 1791337289737136 21907
83 1791337289761616 25341
84 1791337289780786 25786
85 1791337289798475 23134
86 1791337289826909 31766
87 1791337289840452 25270
88 1791337289857045 22811
89 1791337289880066 23015
90 1791337289898690 22502
91 1791337289918578 22360
92 1791337289945415 29015
93 1791337289963020 27443
94 1791337289979260 21901
95 1791337289999089 24792
96 1791337290018986 24531
97 1791337290037832 20938
98 1791337290058683 20954
99 1791337290085372 27602
100 1791337290102723 25452
101 1791337290117417 22906
102 1791337290136987 21907
103 1791337290161799 24807
104 1791337290180551 23722
105 1791337290199553 22097
106 1791337290227800 28238
107 1791337290239465 23518
108 1791337290267447 27975
109 1791337290278118 21637
110 1791337290300980 25347
111 1791337290317568 22887
112 1791337290338980 23511
113 1791337290360631 24659
114 1791337290385406 28717
115 1791337290401870 26110
116 1791337290427109 25236
117 1791337290444116 27211
118 1791337290461143 25281
119 1791337290477782 23176
120 1791337290497575 22680
121 1791337290517778 22117
122 1791337290539131 24253
123 1791337290558537 23566
124 1791337290579052 23441
125 1791337290603276 27945
126 1791337290618901 22177
127 1791337290642515 25861
128 1791337290662405 25235
129 1791337290685106 29082
130 1791337290706941 30159
131 1791337290718763 23961
132 1791337290737425 21803
133 1791337290761264 26326
134 1791337290782127 26899
135 1791337290802954 26510
136 1791337290818085 21722
137 1791337290838766 22865
138 1791337290855797 20888
139 1791337290883783 27983
140 1791337290905946 28025
141 1791337290918334 21590
142 1791337290938792 24754
143 1791337290965317 29009
144 1791337290976352 21307
145 1791337290997974 21619
146 1791337291019658 24548
147 1791337291037952 21828
148 1791337291064040 28419
149 1791337291080019 22531
150 1791337291097824 21644
151 1791337291125580 30061
152 1791337291140468 24263
153 1791337291161911 23981
154 1791337291185335 28256
155 1791337291196948 21868
156 1791337291217868 20917
157 1791337291236407 21313
158 1791337291260343 25163
159 1791337291276797 21616
160 1791337291299390 22590
161 1791337291318597 22946
162 1791337291346533 31171
163 1791337291358618 22990
164 1791337291384154 25533
165 1791337291400347 22904
166 1791337291418423 24011
167 1791337291442540 26528
168 1791337291460705 21862
169 1791337291478336 22179
170 1791337291497303 21849
171 1791337291518532 21224
172 1791337291538926 22900
173 1791337291560867 24525
174 1791337291586905 31934
175 1791337291600016 24986
176 1791337291621110 24322
177 1791337291637475 20544
178 1791337291657880 23451
179 1791337291678840 20957
180 1791337291699677 23611
181 1791337291716154 20958
182 1791337291740316 24159
183 1791337291762187 21868
184 1791337291779371 24359
185 1791337291797406 22838
186 1791337291817276 22387
187 1791337291837935 23089
188 1791337291861472 24125
189 1791337291884078 28001
190 1791337291906053 29347
191 1791337291926079 29513
192 1791337291938339 24105
193 1791337291958734 23895
194 1791337291976922 21003
195 1791337291996562 21355
196 1791337292015870 21877
197 1791337292045468 29663
198 1791337292062170 26709
199 1791337292078573 21856
200 1791337292095664 20536
201 1791337292117943 22977
202 1791337292141154 25088
203 1791337292159487 24516
204 1791337292177256 20801
205 1791337292199672 24621
206 1791337292224802 25128
207 1791337292239901 22803
208 1791337292271037 31180
209 1791337292286878 29586
210 1791337292298021 23002
211 1791337292327555 29503
212 1791337292340051 24963
213 1791337292362965 22911
214 1791337292378320 23154
215 1791337292412559 34236
216 1791337292422616 24436
217 1791337292437631 20410
218 1791337292465218 28565
219 1791337292485137 29340
220 1791337292497667 22866
221 1791337292520137 22466
222 1791337292540630 25302
223 1791337292558816 21772
224 1791337292578746 22295
225 1791337292596192 21088
226 1791337292620297 24098
227 1791337292641916 25175
228 1791337292659647 22645
229 1791337292678451 23288
230 1791337292705537 27082
231 1791337292722947 27024
232 1791337292745403 27659
233 1791337292763102 27634
234 1791337292778698 22609
235 1791337292799504 22840
236 1791337292816839 21813
237 1791337292846431 29841
238 1791337292858315 22197
239 1791337292877778 22613
240 1791337292897821 22187
241 1791337292919131 21297
242 1791337292941009 25068
243 1791337292960601 25027
244 1791337292977425 23015
245 1791337292997255 21826
246 1791337293019205 21947
247 1791337293045945 26735
248 1791337293058774 23884
249 1791337293076180 22048
250 1791337293100546 24471
251 1791337293121086 24348
252 1791337293139235 22186
253 1791337293162712 26543
254 1791337293181910 24565
255 1791337293198942 22916
256 1791337293220413 21467
257 1791337293238311 22211
258 1791337293261195 22927
259 1791337293277582 21618
260 1791337293298487 20949
261 1791337293320553 24689
262 1791337293348268 32148
263 1791337293358677 23835
264 1791337293379034 24173
265 1791337293399937 23887
266 1791337293419131 22437
267 1791337293437908 21788
268 1791337293455341 21077
269 1791337293478156 22812
270 1791337293505143 27035
271 1791337293522901 27714
272 1791337293539576 22217
273 1791337293558979 24494
274 1791337293579750 20768
275 1791337293599637 23570
276 1791337293618231 22482
277 1791337293638955 22883
278 1791337293657305 21268
279 1791337293678625 21316
280 1791337293699297 23066
281 1791337293726639 29574
282 1791337293747598 27400
283 1791337293757869 21704
284 1791337293784222 28869
285 1791337293800553 25472
286 1791337293819169 21888
287 1791337293839148 23101
288 1791337293861330 26936
289 1791337293877454 21727
290 1791337293898322 22828
291 1791337293919371 23973
292 1791337293947713 32345
293 1791337293957795 23300
294 1791337293987188 31266
295 1791337294000494 24627
296 1791337294018887 23849
297 1791337294040264 23311
298 1791337294059723 21532
299 1791337294082791 26902
300 1791337294100833 24061
301 1791337294122203 24368
302 1791337294142499 26187
303 1791337294167133 30236
304 1791337294181166 26522
305 1791337294197624 23230
306 1791337294218830 22416
307 1791337294239894 23303
308 1791337294260592 22855
309 1791337294279616 24235
310 1791337294298986 23091
311 1791337294321259 26443
312 1791337294342140 28004
313 1791337294362082 25442
314 1791337294382348 25636
315 1791337294398208 22441
316 1791337294418657 23664
317 1791337294436828 21630
318 1791337294457576 22496
319 1791337294479870 22291
320 1791337294499013 23782
321 1791337294517801 20833
322 1791337294541185 25239
323 1791337294561280 24225
324 1791337294577852 21848
325 1791337294596510 21743
326 1791337294624341 27828
327 1791337294638007 22137
328 1791337294657933 23032
329 1791337294679414 25289
330 1791337294697171 20918
331 1791337294717837 22593
332 1791337294738823 23698
333 1791337294759161 22781
334 1791337294781992 22949
335 1791337294798638 21417
336 1791337294816267 21181
337 1791337294842151 25881
338 1791337294859580 23992
339 1791337294886706 27123
340 1791337294897292 20828
341 1791337294919652 22357
342 1791337294936931 20926
343 1791337294962648 25714
344 1791337294978797 22639
345 1791337294997004 21985
346 1791337295020348 23341
347 1791337295037903 21026
348 1791337295057866 22899
349 1791337295077174 21243
350 1791337295098586 21457
351 1791337295116744 21091
352 1791337295142013 26114
353 1791337295159485 20927
354 1791337295180551 24957
355 1791337295198784 22392
356 1791337295217898 22828
357 1791337295246115 28213
358 1791337295256745 20949
359 1791337295278293 23989
360 1791337295298508 22363
361 1791337295318391 22466
362 1791337295339540 23325
363 1791337295360741 23956
364 1791337295380371 22603
365 1791337295399040 23821
366 1791337295416915 21398
367 1791337295439498 22680
368 1791337295460619 24231
369 1791337295481172 20549
370 1791337295499364 22155
371 1791337295518208 21979
372 1791337295540175 22048
373 1791337295562342 25102
374 1791337295580119 23442
375 1791337295608241 28119
376 1791337295618825 22249
377 1791337295636931 21530
378 1791337295657879 22853
379 1791337295679795 23813
380 1791337295701145 23775
381 1791337295719203 20980
382 1791337295738395 23265
383 1791337295759091 23028
384 1791337295777271 22202
385 1791337295798622 21412
386 1791337295820415 24947
387 1791337295838631 23127
388 1791337295856764 22171
389 1791337295882032 25337
390 1791337295898482 21001
391 1791337295918020 23243
392 1791337295941186 26133
393 1791337295956439 21277
394 1791337295985380 29010
395 1791337295996152 21186
396 1791337296018887 22732
397 1791337296047600 30929
398 1791337296059546 23381
399 1791337296079606 23108
400 1791337296099662 23540
401 1791337296121333 21667
402 1791337296141271 26216
403 1791337296168542 27267
404 1791337296180765 24041
405 1791337296197846 22088
406 1791337296219654 23935
407 1791337296259100 39434
408 1791337296286980 38429
409 1791337296289224 32334
410 1791337296303635 26802
411 1791337296328591 30716
412 1791337296344041 29194
413 1791337296365721 26242
414 1791337296388000 33052
415 1791337296399074 22240
416 1791337296430467 34941
417 1791337296446915 31515
418 1791337296468876 32691
419 1791337296483991 29689
420 1791337296505828 29814
421 1791337296524208 29068
422 1791337296549966 34018
423 1791337296569493 32531
424 1791337296587060 29776
425 1791337296603455 27293
426 1791337296627835 30192
427 1791337296647071 30437
428 1791337296667923 28434
429 1791337296679370 21400
430 1791337296709088 34582
431 1791337296727072 28937
432 1791337296743972 29621
433 1791337296767485 30980
434 1791337296788552 31707
435 1791337296804566 26280
436 1791337296828551 30936
437 1791337296841046 23560
438 1791337296864507 28652
439 1791337296889640 30501
440 1791337296906739 28421
441 1791337296933263 38157
442 1791337296947681 32080
443 1791337296968736 32334
444 1791337296979132 23979
445 1791337296999276 22666
446 1791337297021465 27076
447 1791337297048255 31256
448 1791337297069182 31940
449 1791337297088297 30660
450 1791337297105214 29645
451 1791337297119724 24174
452 1791337297137373 21726
453 1791337297166291 29636
454 1791337297177996 22723
455 1791337297205230 29122
456 1791337297227284 32049
457 1791337297245004 26275
458 1791337297259725 24515
459 1791337297282839 25638
460 1791337297306267 28964
461 1791337297328597 32778
462 1791337297349657 32319
463 1791337297360645 24272
464 1791337297379528 24611
465 1791337297411201 33568
466 1791337297426046 31006
467 1791337297449792 34205
468 1791337297468842 31477
469 1791337297487556 29604
470 1791337297502089 25655
471 1791337297522957 25781
472 1791337297548335 33852
473 1791337297569317 34795
474 1791337297591070 35108
475 1791337297615540 38295
476 1791337297637035 40705
477 1791337297658279 42735
478 1791337297678034 41898
479 1791337297706319 50126
480 1791337297727531 52066
481 1791337297749276 53931
482 1791337297779450 63176
483 1791337297801585 63589
484 1791337297818002 63454
485 1791337297836522 59382
486 1791337297864563 68483
487 1791337297888144 70134
488 1791337297909134 72608
489 1791337297929336 72139
490 1791337297952689 75251
491 1791337297967063 70038
492 1791337297989965 71833
493 1791337298007626 68522
494 1791337298030985 76193
495 1791337298049876 72883
496 1791337298073770 77096
497 1791337298089918 72425
498 1791337298108961 70953
499 1791337298128905 72218
500 1791337298153444 76650
501 1791337298177569 80106
502 1791337298195620 80748
503 1791337298221989 84029
504 1791337298237471 80455
505 1791337298257545 79972
506 1791337298271241 75616
507 1791337298298046 80901
508 1791337298320354 82878
509 1791337298336235 78687
510 1791337298356382 81310
511 1791337298378443 83323
512 1791337298398663 82907
513 1791337298419018 83024
514 1791337298443234 86847
515 1791337298467417 88968
516 1791337298480050 84368
517 1791337298502682 87240
518 1791337298526546 89087
519 1791337298548515 93615
520 1791337298568380 91453
521 1791337298586309 91332
522 1791337298606504 91236
523 1791337298625971 88634
524 1791337298646528 88629
525 1791337298667173 91979
526 1791337298687274 92536
527 1791337298709773 94270
528 1791337298731475 96096
529 1791337298746568 90875
530 1791337298759798 83433
531 1791337298782999 85291
532 1791337298796745 81072
533 1791337298819618 82701
534 1791337298830540 72725
535 1791337298850662 74256
536 1791337298866438 69689
537 1791337298887852 71238
538 1791337298899963 63145
539 1791337298915981 60167
540 1791337298934990 59645
541 1791337298958212 58245
542 1791337298965355 49369
543 1791337298980875 45880
544 1791337299001192 46877
545 1791337299011559 36382
546 1791337299036547 38498
547 1791337299049439 32078
548 1791337299068123 31572
549 1791337299089348 33383
550 1791337299098784 24514
551 1791337299119145 21143
552 1791337299154063 38643
553 1791337299167237 31144
554 1791337299178545 24478
555 1791337299202545 25941
556 1791337299226524 30652
557 1791337299249695 35066
558 1791337299264428 27133
559 1791337299280959 25118
560 1791337299301779 26513
561 1791337299327005 31094
562 1791337299342274 21479
563 1791337299370283 32985
564 1791337299389671 32930
565 1791337299411953 33723
566 1791337299422416 26795
567 1791337299446303 29320
568 1791337299470932 35661
569 1791337299486625 30450
570 1791337299505445 28443
571 1791337299518866 23729
572 1791337299550418 33329
573 1791337299577651 41186
574 1791337299590168 35104
575 1791337299607470 29815
576 1791337299618459 23011
577 1791337299647474 30819
578 1791337299667410 30639
579 1791337299693000 36432
580 1791337299708578 32075
581 1791337299731831 35192
582 1791337299744331 26510
583 1791337299764610 27180
584 1791337299788793 31441
585 1791337299803173 26854
586 1791337299826774 30445
587 1791337299852156 35976
588 1791337299871730 35217
589 1791337299882768 25968
590 1791337299906132 31042
591 1791337299932193 35322
592 1791337299946884 31915
593 1791337299967034 31822
594 1791337299983058 27595
595 1791337300009383 31746
596 1791337300026093 30889
597 1791337300047296 31363
598 1791337300064025 27972
599 1791337300086058 29095
600 1791337300108820 33573
601 1791337300126663 31550
602 1791337300144477 28802
603 1791337300166660 30135
604 1791337300182585 27012
605 1791337300206880 28777
606 1791337300231167 35336
607 1791337300242967 27747
608 1791337300270138 34828
609 1791337300287196 28619
610 1791337300308715 31758
611 1791337300327976 29800
612 1791337300342922 26200
613 1791337300369973 33041
614 1791337300388091 31541
615 1791337300408987 33045
616 1791337300426156 30135
617 1791337300451376 34757
618 1791337300466434 30361
619 1791337300480107 23536
620 1791337300506519 31573
621 1791337300528451 33028
622 1791337300547515 30592
623 1791337300559895 25244
624 1791337300577442 22468
625 1791337300609413 32738
626 1791337300630644 32987
627 1791337300647937 30180
628 1791337300670070 32766
629 1791337300690232 32500
630 1791337300706177 27251
631 1791337300721200 25990
632 1791337300743739 26466
633 1791337300768961 32020
634 1791337300785980 29095
635 1791337300797286 22836
636 1791337300828094 30804
637 1791337300850182 33026
638 1791337300867118 32894
639 1791337300884557 29503
640 1791337300910047 32937
641 1791337300931185 33634
642 1791337300943220 26294
643 1791337300967863 30479
644 1791337300987877 31359
645 1791337301003085 26575
646 1791337301026337 28872
647 1791337301045555 25954
648 1791337301060940 26022
649 1791337301088134 32724
650 1791337301101927 25133
651 1791337301124511 29310
652 1791337301138874 22997
653 1791337301169092 32628
654 1791337301183418 25074
655 1791337301201603 27263
656 1791337301226577 30375
657 1791337301253972 36568
658 1791337301267254 31552
659 1791337301284965 30990
660 1791337301306762 32088
661 1791337301325212 29700
662 1791337301340251 23159
663 1791337301362504 25305
664 1791337301387088 29768
665 1791337301400327 25060
666 1791337301426395 31057
667 1791337301454054 33329
668 1791337301476628 39492
669 1791337301498300 44243
670 1791337301526547 49916
671 1791337301545323 49964
672 1791337301567214 51115
673 1791337301586731 51824
674 1791337301612104 55760
675 1791337301637407 60962
676 1791337301657945 63097
677 1791337301687380 69759
678 1791337301717334 80278
679 1791337301737364 79416
680 1791337301756173 79149
681 1791337301775570 78637
682 1791337301792157 74821
683 1791337301818738 81371
684 1791337301834619 78442
685 1791337301851124 75551
686 1791337301871173 76852
687 1791337301893594 77310
688 1791337301917556 82934
689 1791337301927943 72885
690 1791337301957929 82984
691 1791337301977344 81583
692 1791337302005502 87942
693 1791337302016374 80408
694 1791337302039530 81632
695 1791337302061179 86049
696 1791337302082551 86610
697 1791337302103793 87416
698 1791337302122693 88061
699 1791337302141083 83672
700 1791337302163050 85897
701 1791337302179315 84008
702 1791337302197727 79944
703 1791337302222636 86521
704 1791337302234985 77887
705 1791337302257482 78163
706 1791337302276771 82024
707 1791337302296516 79071
708 1791337302317969 82978
709 1791337302336536 79050
710 1791337302351327 74824
711 1791337302372065 75544
712 1791337302386891 71765
713 1791337302406664 70628
714 1791337302427553 71114
715 1791337302444704 69470
716 1791337302455407 59044
717 1791337302475753 59699
718 1791337302486311 51051
719 1791337302500780 45369
720 1791337302518795 43030
721 1791337302537590 40570
722 1791337302549158 30852
723 1791337302574901 37305
724 1791337302588687 30492
725 1791337302617880 42972
726 1791337302628757 31009
727 1791337302651411 33522
728 1791337302660838 24981
729 1791337302681748 25020
730 1791337302707292 30900
731 1791337302734341 37862
732 1791337302747352 30384
733 1791337302767788 33437
734 1791337302782690 23917
735 1791337302806227 28210
736 1791337302822596 26716
737 1791337302845379 28434
738 1791337302866763 28361
739 1791337302889366 29885
740 1791337302906075 28698
741 1791337302933631 36885
742 1791337302947294 29744
743 1791337302966423 29931
744 1791337302980430 25618
745 1791337303002542 27467
746 1791337303027901 29212
747 1791337303047538 31677
748 1791337303060452 25450
749 1791337303085362 28010
750 1791337303106790 29703
751 1791337303129013 33836
752 1791337303152594 36271
753 1791337303168161 30603
754 1791337303190262 33052
755 1791337303215402 36125
756 1791337303235474 37724
757 1791337303248572 33166
758 1791337303276832 41352
759 1791337303288160 30509
760 1791337303303812 26976
761 1791337303327160 30516
762 1791337303347469 31712
763 1791337303368301 33705
764 1791337303390732 35009
765 1791337303406479 31488
766 1791337303421679 26421
767 1791337303446693 30173
768 1791337303466984 30669
769 1791337303489548 31772
770 1791337303500451 24047
771 1791337303524308 28788
772 1791337303544161 27653
773 1791337303575379 39069
774 1791337303602848 39189
775 1791337303618911 43561
776 1791337303629338 32721
777 1791337303645724 26807
778 1791337303667837 32188
779 1791337303691409 35025
780 1791337303702426 27087
781 1791337303729663 31934
782 1791337303745040 27402
783 1791337303765241 26934
784 1791337303782442 26878
785 1791337303807855 30138
786 1791337303828064 31008
787 1791337303843676 26401
788 1791337303857857 23182
789 1791337303878946 23282
790 1791337303899937 24818
791 1791337303928963 32646
792 1791337303947439 30609
793 1791337303966110 29851
794 1791337303979404 24162
795 1791337304001736 24860
796 1791337304025723 28039
797 1791337304042341 24573
798 1791337304065612 29227
799 1791337304088348 30151
800 1791337304106975 29655
801 1791337304119346 24096
802 1791337304153969 36524
803 1791337304165459 29382
804 1791337304179049 25077
805 1791337304216751 37698
806 1791337304231630 36369
807 1791337304243574 26819
808 1791337304267115 30061
809 1791337304282659 27644
810 1791337304306833 30326
811 1791337304326910 31443
812 1791337304338276 22374
813 1791337304368310 31137
814 1791337304386627 30084
815 1791337304409718 33581
816 1791337304426117 31346
817 1791337304442201 26546
818 1791337304466184 31914
819 1791337304479620 24566
820 1791337304499407 24897
821 1791337304523301 28148
822 1791337304542710 26738
823 1791337304568809 31508
824 1791337304585886 30115
825 1791337304609931 34819
826 1791337304627486 29301
827 1791337304643371 28258
828 1791337304666659 29792
829 1791337304685624 30001
830 1791337304707004 31419
831 1791337304725682 30256
832 1791337304743537 28816
833 1791337304769594 33408
834 1791337304798018 39016
835 1791337304816359 41444
836 1791337304840649 42626
837 1791337304861569 45205
838 1791337304889252 51707
839 1791337304906930 50230
840 1791337304936442 59688
841 1791337304950095 55275
842 1791337304967737 52695
843 1791337304987001 50554
844 1791337305015376 60580
845 1791337305038654 62998
846 1791337305058055 62761
847 1791337305078830 63692
848 1791337305098380 63315
849 1791337305125249 67938
850 1791337305137785 62779
851 1791337305168196 69804
852 1791337305176663 61904
853 1791337305202961 66188
854 1791337305217240 61094
855 1791337305239628 62961
856 1791337305268220 69844
857 1791337305289273 72025
858 1791337305301048 66444
859 1791337305326439 70459
860 1791337305337303 61783
861 1791337305357515 60128
862 1791337305380187 65978
863 1791337305397719 61752
864 1791337305428616 72696
865 1791337305446201 69885
866 1791337305474411 76688
867 1791337305491342 74433
868 1791337305507924 71602
869 1791337305530447 73604
870 1791337305546805 72390
871 1791337305566270 71363
872 1791337305591515 77176
873 1791337305618133 81719
874 1791337305631533 75883
875 1791337305660176 81200
876 1791337305672536 77853
877 1791337305697960 81268
878 1791337305717720 81506
879 1791337305746036 85855
880 1791337305766170 90254
881 1791337305780104 85174
882 1791337305794572 76848
883 1791337305817420 79207
884 1791337305837961 80010
885 1791337305848918 74018
886 1791337305872112 77537
887 1791337305901043 83712
888 1791337305916670 78704
889 1791337305943069 86250
890 1791337305955032 79890
891 1791337305977435 81767
892 1791337305994677 78003
893 1791337306018020 74947
894 1791337306039200 84164
895 1791337306055341 77901
896 1791337306069724 75044
897 1791337306092532 74507
898 1791337306111061 74979
899 1791337306122849 67505
900 1791337306146803 71471
901 1791337306160721 63408
902 1791337306174818 57451
903 1791337306195768 60705
904 1791337306214696 57222
905 1791337306225098 50276
906 1791337306244194 48420
907 1791337306258863 44163
908 1791337306282975 42735
909 1791337306301283 46912
910 1791337306314086 38331
911 1791337306345108 43816
912 1791337306350378 36283
913 1791337306370954 32384
914 1791337306381659 24414
915 1791337306407980 31571
916 1791337306428109 32126
917 1791337306455517 39982
918 1791337306468298 33219
919 1791337306481997 26431
920 1791337306508697 30627
921 1791337306530868 33711
922 1791337306549838 31583
923 1791337306567714 31773
924 1791337306584336 27844
925 1791337306614028 32600
926 1791337306631005 33195
927 1791337306642328 28295
928 1791337306668855 31542
929 1791337306685313 27836
930 1791337306709809 33038
931 1791337306727597 29930
932 1791337306753695 37220
933 1791337306767068 28825
934 1791337306791459 34794
935 1791337306807554 31282
936 1791337306829181 31271
937 1791337306841776 24010
938 1791337306869038 27490
939 1791337306888022 28858
940 1791337306906857 30195
941 1791337306917948 23607
942 1791337306942214 26898
943 1791337306959187 24961
944 1791337306987251 30808
945 1791337307001759 26978
946 1791337307032948 31179
947 1791337307046623 31090
948 1791337307062560 25348
949 1791337307086436 29237
950 1791337307101980 26914
951 1791337307127653 32636
952 1791337307147246 30314
953 1791337307168772 32033
954 1791337307191827 33779
955 1791337307202740 27838
956 1791337307228619 30930
957 1791337307244271 27514
958 1791337307267381 32178
959 1791337307287324 30189
960 1791337307301295 25813
961 1791337307327568 30183
962 1791337307349717 34549
963 1791337307368770 31999
964 1791337307380830 25181
965 1791337307409902 33147
966 1791337307426043 26506
967 1791337307452420 36700
968 1791337307466604 29564
969 1791337307481211 25991
970 1791337307504482 26374
971 1791337307520757 26220
972 1791337307546178 29637
973 1791337307569695 34421
974 1791337307589726 33975
975 1791337307609814 30518
976 1791337307626486 27466
977 1791337307639565 24161
978 1791337307666996 27428
979 1791337307688949 28921
980 1791337307705378 29347
981 1791337307724813 27476
982 1791337307738439 23386
983 1791337307772538 36581
984 1791337307793968 34145
985 1791337307811318 35887
986 1791337307817524 23553
987 1791337307843706 26178
988 1791337307865590 28618
989 1791337307887436 32248
990 1791337307908358 25930
991 1791337307918010 23053
992 1791337307947427 29412
993 1791337307961036 25990
994 1791337307985175 29615
995 1791337308001437 25369
996 1791337308026732 30752
997 1791337308051290 36218
998 1791337308066767 30715
999 1791337308080334 25162
1000 1791337308105709 29444
1001 1791337308123921 27416
1002 1791337308146000 28417
1003 1791337308165260 27994
1004 1791337308184570 28335
1005 1791337308212105 37529
1006 1791337308234425 35821
1007 1791337308258773 41851
1008 1791337308277195 42925
1009 1791337308300145 44140
1010 1791337308326917 50673
1011 1791337308351102 54952
1012 1791337308369972 54942
1013 1791337308394769 60585
1014 1791337308418187 63112
1015 1791337308443277 67156
1016 1791337308463047 68508
1017 1791337308486246 70973
1018 1791337308522158 85623
1019 1791337308537521 82308
1020 1791337308557904 82998
1021 1791337308579404 85006
1022 1791337308612700 95871
1023 1791337308629748 92224
1024 1791337308657145 101560
1025 1791337308678923 103481
1026 1791337308700234 98345
1027 1791337308715383 100281
1028 1791337308738461 102470
1029 1791337308757203 102908
1030 1791337308777372 102799
1031 1791337308802712 106377
1032 1791337308817728 102340
1033 1791337308837395 102437
1034 1791337308861716 106190
1035 1791337308882441 105058
1036 1791337308901446 103578
1037 1791337308925700 108239
1038 1791337308939742 104720
1039 1791337308966831 109563
1040 1791337308982775 106555
1041 1791337309006852 108929
1042 1791337309018293 103112
1043 1791337309036607 96862
1044 1791337309053650 98015
1045 1791337309068737 92285
1046 1791337309087944 91897
1047 1791337309114840 96544
1048 1791337309127020 90410
1049 1791337309143652 86168
1050 1791337309159291 82470
1051 1791337309173615 76965
1052 1791337309188100 73292
1053 1791337309212804 76757
1054 1791337309225552 70422
1055 1791337309245490 69084
1056 1791337309260979 64712
1057 1791337309277996 61514
1058 1791337309294484 58184
1059 1791337309309929 52128
1060 1791337309326682 51452
1061 1791337309333161 38673
1062 1791337309346701 31875
1063 1791337309364256 29543
1064 1791337309387770 30746
1065 1791337309410065 33039
1066 1791337309427649 31095
1067 1791337309446261 31693
1068 1791337309460753 24607
1069 1791337309486511 30406
1070 1791337309502521 27126
1071 1791337309528123 29850
1072 1791337309540671 25289
1073 1791337309565700 30919
1074 1791337309582258 27011
1075 1791337309609226 34411
1076 1791337309635996 38433
1077 1791337309646613 31161
1078 1791337309668864 32968
1079 1791337309690389 33577
1080 1791337309710000 33804
1081 1791337309729546 30518
1082 1791337309741592 27449
1083 1791337309771904 35746
1084 1791337309786178 29315
1085 1791337309802922 28955
1086 1791337309829655 34430
1087 1791337309839967 24899
1088 1791337309866345 29690
1089 1791337309887729 31917
1090 1791337309906399 29636
1091 1791337309928967 31297
1092 1791337309949602 31728
1093 1791337309970339 33849
1094 1791337309989577 32931
1095 1791337310009980 33411
1096 1791337310027090 31622
1097 1791337310044186 27497
1098 1791337310063795 27746
1099 1791337310089263 32505
1100 1791337310108003 32119
1101 1791337310128649 32054
1102 1791337310148008 31951
1103 1791337310167733 32718
1104 1791337310183116 26041
1105 1791337310207359 31596
1106 1791337310229623 34546
1107 1791337310251633 34284
1108 1791337310280987 41276
1109 1791337310285455 30002
1110 1791337310313759 32769
1111 1791337310328164 31141
1112 1791337310345632 30359
1113 1791337310366987 32590
1114 1791337310383242 27243
1115 1791337310402981 25095
1116 1791337310436490 38624
1117 1791337310442525 27611
1118 1791337310467984 31491
1119 1791337310489597 32008
1120 1791337310500542 25280
1121 1791337310527224 30026
1122 1791337310548796 30205
1123 1791337310570715 33233
1124 1791337310581714 24491
1125 1791337310599894 24350
1126 1791337310628735 31970
1127 1791337310649196 31896
1128 1791337310661068 23196
1129 1791337310684440 29011
1130 1791337310701557 26768
1131 1791337310736949 35387
1132 1791337310748442 31289
1133 1791337310770760 33804
1134 1791337310786223 30032
1135 1791337310805229 27950
1136 1791337310829760 32356
1137 1791337310847990 32418
1138 1791337310866627 30318
1139 1791337310887130 31552
1140 1791337310905411 28081
1141 1791337310925739 31295
1142 1791337310948815 31900
1143 1791337310963106 25589
1144 1791337310986645 30967
1145 1791337311005089 29734
1146 1791337311020556 24433
1147 1791337311047060 30106
1148 1791337311073333 36780
1149 1791337311087946 31274
1150 1791337311099591 25049
1151 1791337311127825 31648
1152 1791337311149627 32788
1153 1791337311160954 24122
1154 1791337311186885 30117
1155 1791337311198973 23285
1156 1791337311227629 32354
1157 1791337311248585 31724
1158 1791337311265976 30755
1159 1791337311309465 54553
1160 1791337311316315 38420
1161 1791337311335083 25608
1162 1791337311346611 30873
1163 1791337311359613 24525
1164 1791337311379505 24485
1165 1791337311406727 30048
1166 1791337311417768 21314
1167 1791337311441726 24819
1168 1791337311459761 22657
1169 1791337311483329 26056
1170 1791337311505101 27384
1171 1791337311523231 27629
1172 1791337311540701 23731
1173 1791337311558813 21644
1174 1791337311583479 27491
1175 1791337311600553 23588
1176 1791337311621261 25997
1177 1791337311645254 26197
1178 1791337311660705 24391
1179 1791337311685371 27770
1180 1791337311704159 28273
1181 1791337311719331 24060
1182 1791337311736962 21785
1183 1791337311760991 24026
1184 1791337311788117 30969
1185 1791337311801544 26441
1186 1791337311817372 22936
1187 1791337311838275 23311
1188 1791337311862007 23959
1189 1791337311879932 22088
1190 1791337311901237 24431
1191 1791337311918065 21369
1192 1791337311943034 26994
1193 1791337311962554 25193
1194 1791337311980004 23261
1195 1791337312002252 26671
1196 1791337312022225 26417
1197 1791337312038929 21783
1198 1791337312063483 26536
1199 1791337312080828 22449
1200 1791337312098974 22279
1201 1791337312121753 22772
1202 1791337312138707 21293
1203 1791337312161398 24981
1204 1791337312178809 22342
1205 1791337312200647 24123
1206 1791337312225516 28161
1207 1791337312241279 25658
1208 1791337312260694 25138
1209 1791337312281291 24833
1210 1791337312299233 22967
1211 1791337312316738 22092
1212 1791337312338925 22182
1213 1791337312362309 25881
1214 1791337312379120 21378
1215 1791337312397116 20921
1216 1791337312418666 21546
1217 1791337312447817 29147
1218 1791337312459945 24620
1219 1791337312478022 22432
1220 1791337312497834 21927
1221 1791337312518555 24066
1222 1791337312543120 27455
1223 1791337312557535 20852
1224 1791337312581172 25475
1225 1791337312599211 20901
1226 1791337312617874 23601
1227 1791337312639645 21767
1228 1791337312658194 21471
1229 1791337312678847 23989
1230 1791337312698566 23129
1231 1791337312717359 21984
1232 1791337312741092 23934
1233 1791337312760248 23371
1234 1791337312781295 25461
1235 1791337312798394 21818
1236 1791337312818193 22483
1237 1791337312843451 25252
1238 1791337312860666 25506
1239 1791337312879410 22465
1240 1791337312899640 24216
1241 1791337312917674 21554
1242 1791337312942039 24443
1243 1791337312962862 26702
1244 1791337312979623 23717
1245 1791337312997450 21850
1246 1791337313024543 28383
1247 1791337313044275 25486
1248 1791337313060945 24137
1249 1791337313081394 23999
1250 1791337313099934 23126
1251 1791337313118637 24070
1252 1791337313137120 21435
1253 1791337313162382 26037
1254 1791337313178411 20969
1255 1791337313197775 22613
1256 1791337313225180 27396
1257 1791337313241266 25842
1258 1791337313259822 24407
1259 1791337313277283 22695
1260 1791337313308809 32948
1261 1791337313319220 24673
1262 1791337313340388 23337
1263 1791337313361292 23194
1264 1791337313385467 24651
1265 1791337313407124 28784
1266 1791337313424092 26955
1267 1791337313438123 23062
1268 1791337313461004 26255
1269 1791337313479061 22664
1270 1791337313500660 21785
1271 1791337313520708 25926
1272 1791337313540890 25512
1273 1791337313563479 25618
1274 1791337313580667 22722
1275 1791337313599795 22340
1276 1791337313618167 22835
1277 1791337313639154 21085
1278 1791337313658446 23914
1279 1791337313677236 22256
1280 1791337313699231 23566
1281 1791337313720553 25891
1282 1791337313739065 21670
1283 1791337313757491 22674
1284 1791337313781637 26435
1285 1791337313799390 23184
1286 1791337313819339 24034
1287 1791337313838857 23106
1288 1791337313862514 23650
1289 1791337313884237 26352
1290 1791337313900193 22621
1291 1791337313919257 22471
1292 1791337313938047 21712
1293 1791337313962865 24812
1294 1791337313977603 22879
1295 1791337314001475 24594
1296 1791337314019098 21645
1297 1791337314038389 22816
1298 1791337314066409 29925
1299 1791337314077767 23190
1300 1791337314105230 27459
1301 1791337314120197 21910
1302 1791337314142281 25218
1303 1791337314159675 24061
1304 1791337314182454 26717
1305 1791337314198956 21531
1306 1791337314220082 24033
1307 1791337314238117 21637
1308 1791337314257750 22307
1309 1791337314278721 24148
1310 1791337314298473 23101
1311 1791337314324300 25822
1312 1791337314339087 22320
1313 1791337314358619 21679
1314 1791337314381608 26644
1315 1791337314404781 27629
1316 1791337314424358 27805
1317 1791337314439096 22634
1318 1791337314460210 23817
1319 1791337314479061 22526
1320 1791337314502735 23670
1321 1791337314525786 27124
1322 1791337314557375 40718
1323 1791337314562399 25773
1324 1791337314588875 32580
1325 1791337314607980 31605
1326 1791337314627154 31290
1327 1791337314650297 35406
1328 1791337314692118 55671
1329 1791337314699151 31364
1330 1791337314709988 32679
1331 1791337314730249 31082
1332 1791337314755235 38361
1333 1791337314773515 37609
1334 1791337314788172 32931
1335 1791337314809573 34090
1336 1791337314837215 39175
1337 1791337314848995 30948
1338 1791337314868475 33755
1339 1791337314897900 38312
1340 1791337314919431 40292
1341 1791337314933695 35793
1342 1791337314952631 36994
1343 1791337314978735 43575
1344 1791337314997031 40941
1345 1791337315009411 34133
1346 1791337315028095 32491
1347 1791337315044051 29251
1348 1791337315070195 33004
1349 1791337315098548 41947
1350 1791337315109566 32504
1351 1791337315135719 37981
1352 1791337315151255 30434
1353 1791337315169790 34065
1354 1791337315191440 32150
1355 1791337315207923 29905
1356 1791337315227779 31320
1357 1791337315257585 38606
1358 1791337315260774 23325
1359 1791337315299811 43015
1360 1791337315309501 32945
1361 1791337315338839 39020
1362 1791337315351312 34010
1363 1791337315372928 38339
1364 1791337315395555 39609
1365 1791337315418567 44153
1366 1791337315437576 42815
1367 1791337315468391 51277
1368 1791337315480113 45066
1369 1791337315498319 42633
1370 1791337315524049 48721
1371 1791337315537471 40301
1372 1791337315570488 52014
1373 1791337315579699 43039
1374 1791337315612524 55127
1375 1791337315622168 45031
1376 1791337315665348 69628
1377 1791337315666098 47652
1378 1791337315687743 46075
1379 1791337315703457 38104
1380 1791337315714219 34813
1381 1791337315750831 48758
1382 1791337315771505 57281
1383 1791337315783424 48368
1384 1791337315815580 44068
1385 1791337315834804 53989
1386 1791337315849967 52210
1387 1791337315874038 58450
1388 1791337315887711 52900
1389 1791337315919464 62303
1390 1791337315926460 52417
1391 1791337315948998 50989
1392 1791337315964733 46700
1393 1791337315996512 58901
1394 1791337316021941 63427
1395 1791337316034003 52583
1396 1791337316048139 51622
1397 1791337316073618 56157
1398 1791337316090764 56754
1399 1791337316122560 66569
1400 1791337316148656 69528
1401 1791337316161143 64986
1402 1791337316169840 55256
1403 1791337316200792 61679
1404 1791337316217972 56824
1405 1791337316230091 53790
1406 1791337316259133 63940
1407 1791337316285066 70173
1408 1791337316309227 72847
1409 1791337316310908 53610
1410 1791337316338169 60534
1411 1791337316350168 52044
1412 1791337316370988 56401
1413 1791337316389987 54890
1414 1791337316415754 60072
1415 1791337316436422 61503
1416 1791337316465910 68974
1417 1791337316476964 62462
1418 1791337316509917 73490
1419 1791337316521318 63224
1420 1791337316541939 65669
1421 1791337316567349 69661
1422 1791337316585021 64182
1423 1791337316587505 51602
1424 1791337316607112 52484
1425 1791337316641657 64416
1426 1791337316659878 63805
1427 1791337316681710 66605
1428 1791337316712128 75535
1429 1791337316722532 62651
1430 1791337316738267 62971
1431 1791337316770613 72040
1432 1791337316781485 62890
1433 1791337316810195 71923
1434 1791337316827671 66469
1435 1791337316854929 77936
1436 1791337316867175 69668
1437 1791337316889760 72542
1438 1791337316908887 73147
1439 1791337316922282 67349
1440 1791337316947728 72453
1441 1791337316967663 69507
1442 1791337316978928 63458
1443 1791337317018115 81054
1444 1791337317040782 83440
1445 1791337317056879 79823
1446 1791337317075564 81111
1447 1791337317093238 75120
1448 1791337317115044 78219
1449 1791337317124659 67777
1450 1791337317145906 70331
1451 1791337317169417 73375
1452 1791337317179660 64611
1453 1791337317208989 70889
1454 1791337317232793 74370
1455 1791337317245553 67448
1456 1791337317269561 72749
1457 1791337317296795 82148
1458 1791337317320609 82977
1459 1791337317340175 81498
1460 1791337317380261 104341
1461 1791337317390829 94030
1462 1791337317413024 97275
1463 1791337317431433 92271
1464 1791337317446753 72279
1465 1791337317446760 72276
1466 1791337317466660 68705
1467 1791337317482415 67641
1468 1791337317502351 65412
1469 1791337317517745 60532
1470 1791337317529507 51190
1471 1791337317545990 50293
1472 1791337317557966 41921
1473 1791337317566734 29734
1474 1791337317582057 24565
1475 1791337317617875 41417
1476 1791337317628727 30891
1477 1791337317660657 44131
1478 1791337317666541 26347
1479 1791337317683032 27023
1480 1791337317723653 40613
1481 1791337317728186 27726
1482 1791337317745586 29470
1483 1791337317768289 32959
1484 1791337317788892 29317
1485 1791337317807708 31532
1486 1791337317830645 33239
1487 1791337317841428 26175
1488 1791337317859491 21317
1489 1791337317885918 30764
1490 1791337317907332 30181
1491 1791337317926694 32088
1492 1791337317944028 27206
1493 1791337317983801 39766
1494 1791337317983810 26807
1495 1791337318021804 41135
1496 1791337318039359 42798
1497 1791337318049724 32614
1498 1791337318067952 31449
1499 1791337318087559 30784
1500 1791337318109995 30656
1501 1791337318127635 28637
1502 1791337318151150 35948
1503 1791337318171092 30328
1504 1791337318190665 33568
1505 1791337318207077 31999
1506 1791337318233368 36980
1507 1791337318249263 32972
1508 1791337318268412 30877
1509 1791337318287148 31613
1510 1791337318334713 55175
1511 1791337318339727 44676
1512 1791337318368106 34113
1513 1791337318368118 34087
1514 1791337318390715 34034
1515 1791337318415770 37499
1516 1791337318435644 40591
1517 1791337318449696 34492
1518 1791337318461397 25748
1519 1791337318490565 29758
1520 1791337318505427 30442
1521 1791337318536625 37385
1522 1791337318549477 32138
1523 1791337318576559 39928
1524 1791337318605218 47258
1525 1791337318616314 39749
1526 1791337318638075 39308
1527 1791337318659593 43275
1528 1791337318673298 35216
1529 1791337318692538 38083
1530 1791337318706659 27136
1531 1791337318727161 30151
1532 1791337318768297 43388
1533 1791337318789075 47175
1534 1791337318799923 44938
1535 1791337318817558 39358
1536 1791337318838379 38452
1537 1791337318856219 40129
1538 1791337318882656 44272
1539 1791337318904300 48077
1540 1791337318910969 32804
1541 1791337318931959 34142
1542 1791337318957155 40375
1543 1791337318986320 46477
1544 1791337318996737 40350
1545 1791337319021429 45948
1546 1791337319035171 39903
1547 1791337319049366 32002
1548 1791337319073921 38746
1549 1791337319097217 38472
1550 1791337319118272 44347
1551 1791337319134629 37407
1552 1791337319167751 49474
1553 1791337319178828 44192
1554 1791337319210822 51614
1555 1791337319219738 43322
1556 1791337319239961 42797
1557 1791337319260662 43417
1558 1791337319287236 51010
1559 1791337319303282 46105
1560 1791337319318726 40086
1561 1791337319344223 48556
1562 1791337319375018 58119
1563 1791337319378634 42628
1564 1791337319403520 47549
1565 1791337319425656 50630
1566 1791337319439903 42279
1567 1791337319466413 51526
1568 1791337319482787 47542
1569 1791337319518018 61843
1570 1791337319537878 60848
1571 1791337319543240 45365
1572 1791337319559518 41496
1573 1791337319580580 43383
1574 1791337319607125 51896
1575 1791337319626578 50305
1576 1791337319639354 43559
1577 1791337319673874 57592
1578 1791337319690718 53184
1579 1791337319714001 57270
1580 1791337319733891 55727
1581 1791337319758607 61530
1582 1791337319772890 58882
1583 1791337319791339 55598
1584 1791337319799862 42220
1585 1791337319824826 47616
1586 1791337319844537 47413
1587 1791337319867082 49619
1588 1791337319896726 58599
1589 1791337319906947 51803
1590 1791337319927648 48194
1591 1791337319949082 52953
1592 1791337319959362 43788
1593 1791337319989563 54508
1594 1791337320004432 48502
1595 1791337320026967 50875
1596 1791337320056429 59843
1597 1791337320069629 51561
1598 1791337320083690 46874
1599 1791337320111519 55086
1600 1791337320151185 75549
1601 1791337320165331 69796
1602 1791337320187291 69444
1603 1791337320189366 51511
1604 1791337320219337 61895
1605 1791337320240001 62960
1606 1791337320256570 60467
1607 1791337320276052 56710
1608 1791337320298644 61053
1609 1791337320322074 65500
1610 1791337320337609 61551
1611 1791337320352592 55395
1612 1791337320373967 57290
1613 1791337320390661 53984
1614 1791337320427708 71465
1615 1791337320440349 66378
1616 1791337320459518 62813
1617 1791337320477145 61778
1618 1791337320508877 68524
1619 1791337320520762 62065
1620 1791337320543912 66761
1621 1791337320553277 58112
1622 1791337320569355 51869
1623 1791337320588851 52233
1624 1791337320617657 61446
1625 1791337320647025 68420
1626 1791337320667125 69592
1627 1791337320678032 61401
1628 1791337320700807 64545
1629 1791337320722148 64828
1630 1791337320742034 66058
1631 1791337320754822 56597
1632 1791337320791952 76438
1633 1791337320820094 78054
1634 1791337320820136 65308
1635 1791337320831612 53705
1636 1791337320871691 72401
1637 1791337320884592 64495
1638 1791337320914643 78426
1639 1791337320922364 50664
1640 1791337320950723 72501
1641 1791337320964130 67081
1642 1791337320995797 81151
1643 1791337321009624 70131
1644 1791337321029345 71232
1645 1791337321050395 72428
1646 1791337321062906 67102
1647 1791337321083050 64374
1648 1791337321107114 68673
1649 1791337321131206 73707
1650 1791337321146988 70294
1651 1791337321159160 64430
1652 1791337321179978 62655
1653 1791337321200018 64675
1654 1791337321220868 63999
1655 1791337321251279 74841
1656 1791337321262103 67505
1657 1791337321285123 67361
1658 1791337321309213 69625
1659 1791337321325402 70767
1660 1791337321354858 77361
1661 1791337321372760 77079
1662 1791337321398016 80566
1663 1791337321416173 77726
1664 1791337321426416 71550
1665 1791337321459555 82415
1666 1791337321472015 73994
1667 1791337321495791 79615
1668 1791337321505273 65364
1669 1791337321533806 77196
1670 1791337321556618 79344
1671 1791337321566806 71011
1672 1791337321588730 73472
1673 1791337321616796 81208
1674 1791337321639205 82584
1675 1791337321652878 75479
1676 1791337321668754 73452
1677 1791337321688285 71762
1678 1791337321712720 77358
1679 1791337321741870 85100
1680 1791337321749281 71871
1681 1791337321771225 72160
1682 1791337321782087 64510
1683 1791337321807183 69285
1684 1791337321827096 70245
1685 1791337321851651 75612
1686 1791337321866321 71273
1687 1791337321884996 68548
1688 1791337321897305 59889
1689 1791337321911462 53654
1690 1791337321917510 39807
1691 1791337321942033 46075
1692 1791337321957841 40326
1693 1791337321973541 38752
1694 1791337321994237 36390
1695 1791337322019627 41645
1696 1791337322027300 33060
1697 1791337322053517 33870
1698 1791337322080491 43781
1699 1791337322082222 24278
1700 1791337322109620 29122
1701 1791337322126127 30684
1702 1791337322165100 48440
1703 1791337322166797 27075
1704 1791337322190114 33596
1705 1791337322208111 30291
1706 1791337322233855 37387
1707 1791337322247965 31831
1708 1791337322262957 25871
1709 1791337322293444 36346
1710 1791337322308084 31077
1711 1791337322327527 30950
1712 1791337322347395 32803
1713 1791337322364691 28233
1714 1791337322398300 42855
1715 1791337322408766 31604
1716 1791337322438590 40287
1717 1791337322456030 40989
1718 1791337322468803 30210
1719 1791337322497366 41896
1720 1791337322506937 30570
1721 1791337322542682 45311
1722 1791337322549840 32497
1723 1791337322578036 41822
1724 1791337322587951 31460
1725 1791337322612540 34501
1726 1791337322629461 34976
1727 1791337322644244 26644
1728 1791337322673986 35739
1729 1791337322684580 27429
1730 1791337322700304 26315
1731 1791337322721384 25858
1732 1791337322746169 27669
1733 1791337322777759 37420
1734 1791337322787699 30007
1735 1791337322806878 31174
1736 1791337322828145 33337
1737 1791337322849614 29698
1738 1791337322864242 28882
1739 1791337322893695 38137
1740 1791337322912881 38390
1741 1791337322925481 29840
1742 1791337322961301 44773
1743 1791337322967677 30509
1744 1791337322993283 36863
1745 1791337323010241 32921
1746 1791337323028320 32933
1747 1791337323050820 33343
1748 1791337323068382 33793
1749 1791337323098353 39518
1750 1791337323114365 38744
1751 1791337323139901 41540
1752 1791337323149198 34830
1753 1791337323169006 29099
1754 1791337323186823 30596
1755 1791337323206379 29393
1756 1791337323229285 33414
1757 1791337323255646 40078
1758 1791337323266580 30918
1759 1791337323292117 36467
1760 1791337323313473 38057
1761 1791337323331470 33289
1762 1791337323358742 41022
1763 1791337323382606 45777
1764 1791337323397429 41448
1765 1791337323419949 42648
1766 1791337323430244 34028
1767 1791337323450602 34730
1768 1791337323468914 34014
1769 1791337323489687 32920
1770 1791337323526806 47275
1771 1791337323529044 32229
1772 1791337323548082 30218
1773 1791337323571587 35296
1774 1791337323596955 42115
1775 1791337323607079 31371
1776 1791337323631420 35800
1777 1791337323669214 52296
1778 1791337323684278 46448
1779 1791337323706019 36799
1780 1791337323721736 45252
1781 1791337323740726 42367
1782 1791337323760130 45579
1783 1791337323786078 49020
1784 1791337323814287 54151
1785 1791337323832183 46101
1786 1791337323850867 48954
1787 1791337323880642 66347
1788 1791337323899340 48468
1789 1791337323912629 55202
1790 1791337323930689 53625
1791 1791337323936466 40575
1792 1791337323967494 49215
1793 1791337323984318 47845
1794 1791337324007460 51185
1795 1791337324028238 50187
1796 1791337324036212 39172
1797 1791337324053642 37429
1798 1791337324079050 44289
1799 1791337324101933 43678
1800 1791337324121357 45639
1801 1791337324149767 51514
1802 1791337324156395 39290
1803 1791337324179806 39655
1804 1791337324200032 44505
1805 1791337324219394 43995
1806 1791337324249554 52470
1807 1791337324268636 51535
1808 1791337324288111 51032
1809 1791337324303875 48279
1810 1791337324331639 54799
1811 1791337324338471 40871
1812 1791337324370881 50128
1813 1791337324379102 40626
1814 1791337324407932 51426
1815 1791337324421023 45885
1816 1791337324449690 53334
1817 1791337324465845 49831
1818 1791337324485709 51155
1819 1791337324503740 43391
1820 1791337324523345 45163
1821 1791337324541825 42408
1822 1791337324563251 48177
1823 1791337324598062 57623
1824 1791337324617518 61222
1825 1791337324640150 60480
1826 1791337324647667 50095
1827 1791337324665431 47909
1828 1791337324687479 50161
1829 1791337324709898 50598
1830 1791337324727142 50559
1831 1791337324751435 56448
1832 1791337324767752 46645
1833 1791337324795686 61096
1834 1791337324812688 57844
1835 1791337324838277 61063
1836 1791337324857716 62025
1837 1791337324881296 63936
1838 1791337324896370 58090
1839 1791337324909199 52363
1840 1791337324922005 46435
1841 1791337324948742 52899
1842 1791337324977344 60209
1843 1791337324987929 51721
1844 1791337325011508 54301
1845 1791337325022281 45250
1846 1791337325051912 53803
1847 1791337325076806 61212
1848 1791337325099546 64012
1849 1791337325116945 61349
1850 1791337325140859 64050
1851 1791337325157022 61087
1852 1791337325171967 55838
1853 1791337325189210 48346
1854 1791337325213978 56951
1855 1791337325248873 70743
1856 1791337325260726 63566
1857 1791337325275935 61949
1858 1791337325299110 63913
1859 1791337325319335 63246
1860 1791337325340170 64231
1861 1791337325359314 64377
1862 1791337325375988 58896
1863 1791337325402571 65589
1864 1791337325420415 64876
1865 1791337325436727 61900
1866 1791337325456091 61805
1867 1791337325493211 77230
1868 1791337325497844 61113
1869 1791337325527670 72827
1870 1791337325548526 72487
1871 1791337325568546 72144
1872 1791337325579625 64497
1873 1791337325608627 71885
1874 1791337325619472 62199
1875 1791337325643542 67744
1876 1791337325663879 68127
1877 1791337325685144 70283
1878 1791337325712313 69891
1879 1791337325716394 60379
1880 1791337325745888 69860
1881 1791337325764340 64426
1882 1791337325782074 67115
1883 1791337325799754 61910
1884 1791337325830775 66427
1885 1791337325848472 70924
1886 1791337325870062 73203
1887 1791337325888404 72631
1888 1791337325906462 70381
1889 1791337325927113 71865
1890 1791337325939605 62008
1891 1791337325980740 80910
1892 1791337325986636 68679
1893 1791337326004977 67153
1894 1791337326026108 68807
1895 1791337326049491 74053
1896 1791337326072606 71082
1897 1791337326080531 66342
1898 1791337326109856 75141
1899 1791337326134191 78183
1900 1791337326142931 65750
1901 1791337326164667 66698
1902 1791337326187510 69302
1903 1791337326197082 62881
1904 1791337326223665 63185
1905 1791337326248712 70532
1906 1791337326271234 74977
1907 1791337326294939 76595
1908 1791337326310147 73327
1909 1791337326310642 51435
1910 1791337326333913 57617
1911 1791337326344695 49752
1912 1791337326367120 51706
1913 1791337326377937 44012
1914 1791337326409344 51130
1915 1791337326409352 32241
1916 1791337326429311 33149
1917 1791337326449182 32282
1918 1791337326477949 42138
1919 1791337326491350 34031
1920 1791337326511554 33602
1921 1791337326529995 35332
1922 1791337326546753 28733
1923 1791337326580403 45521
1924 1791337326598489 42645
1925 1791337326609297 28888
1926 1791337326622205 25690
1927 1791337326647318 31124
1928 1791337326665191 29497
1929 1791337326701913 44174
1930 1791337326704142 28172
1931 1791337326739477 37559
1932 1791337326769887 51712
1933 1791337326789845 50358
1934 1791337326829299 59409
1935 1791337326829320 54379
1936 1791337326867535 69394
1937 1791337326882856 53554
1938 1791337326882963 46721
1939 1791337326907029 39489
1940 1791337326911052 28192
1941 1791337326927796 33062
1942 1791337326961213 41465
1943 1791337326978236 37360
1944 1791337326997375 36156
1945 1791337327010117 31876
1946 1791337327025728 30040
1947 1791337327058966 38967
1948 1791337327069832 34346
1949 1791337327086188 27215
1950 1791337327106788 27024
1951 1791337327127963 31031
1952 1791337327146373 29113
1953 1791337327160744 25106
1954 1791337327186829 31790
1955 1791337327202771 26169
1956 1791337327225763 29199
1957 1791337327251386 33914
1958 1791337327267751 30589
1959 1791337327292858 35030
1960 1791337327297438 22281
1961 1791337327335188 39199
1962 1791337327348765 30411
1963 1791337327366607 31270
1964 1791337327389446 32051
1965 1791337327406062 30525
1966 1791337327422475 26459
1967 1791337327446904 30896
1968 1791337327469852 33687
1969 1791337327486252 28428
1970 1791337327511469 35989
1971 1791337327527056 29850
1972 1791337327549458 34733
1973 1791337327565869 30258
1974 1791337327586310 29551
1975 1791337327608791 32579
1976 1791337327648214 47540
1977 1791337327659399 43551
1978 1791337327678067 40078
1979 1791337327698032 41757
1980 1791337327712850 35499
1981 1791337327731496 35146
1982 1791337327759408 44458
1983 1791337327799415 60818
1984 1791337327799507 40093
1985 1791337327827329 49928
1986 1791337327839412 39986
1987 1791337327858795 42369
1988 1791337327878351 40666
1989 1791337327900194 42453
1990 1791337327928221 50490
1991 1791337327933770 37334
1992 1791337327957207 39623
1993 1791337327979646 43461
1994 1791337327997782 42621
1995 1791337328028129 51034
1996 1791337328040611 45027
1997 1791337328094478 76337
1998 1791337328094546 55613
1999 1791337328109539 53585
2000 1791337328123463 28977
2001 1791337328146089 51564
2002 1791337328157961 42551
2003 1791337328186751 51047
2004 1791337328207338 52601
2005 1791337328222542 47863
2006 1791337328273843 78019
2007 1791337328273890 57617
2008 1791337328298004 61829
2009 1791337328329963 56116
2010 1791337328329973 51899
2011 1791337328359585 61577
2012 1791337328367634 51056
2013 1791337328384777 48870
2014 1791337328404736 47665
2015 1791337328421894 45992
2016 1791337328454572 56569
2017 1791337328465382 49400
2018 1791337328485175 48488
2019 1791337328505155 50572
2020 1791337328527856 52499
2021 1791337328558061 63458
2022 1791337328570614 53348
2023 1791337328604238 64085
2024 1791337328623376 66087
2025 1791337328632464 55763
2026 1791337328664380 66592
2027 1791337328682511 59131
2028 1791337328696589 59892
2029 1791337328708640 51830
2030 1791337328732136 54938
2031 1791337328742069 45951
2032 1791337328770408 54259
2033 1791337328790456 50673
2034 1791337328807309 50935
2035 1791337328829170 53346
2036 1791337328859090 55954
2037 1791337328870534 52412
2038 1791337328890948 53579
2039 1791337328911792 54498
2040 1791337328945540 67703
2041 1791337328956587 58962
2042 1791337328977819 61162
2043 1791337328990037 52133
2044 1791337329007750 51573
2045 1791337329028322 50816
2046 1791337329056577 60584
2047 1791337329069257 52962
2048 1791337329087983 52215
2049 1791337329105433 48850
2050 1791337329135669 60767
2051 1791337329161108 62872
2052 1791337329187069 70205
2053 1791337329189939 54264
2054 1791337329212810 57101
2055 1791337329247355 71942
2056 1791337329255354 56020
2057 1791337329277583 61757
2058 1791337329293564 55724
2059 1791337329316284 60925
2060 1791337329336538 60910
2061 1791337329352106 55936
2062 1791337329365649 49360
2063 1791337329387948 51957
2064 1791337329416663 60820
2065 1791337329435229 58669
2066 1791337329459278 64615
2067 1791337329474349 58917
2068 1791337329502937 67851
2069 1791337329528727 72866
2070 1791337329538208 63855
2071 1791337329556844 61239
2072 1791337329570630 54319
2073 1791337329594843 59651
2074 1791337329616585 60756
2075 1791337329642520 64945
2076 1791337329663628 68782
2077 1791337329675213 59635
2078 1791337329689282 51608
2079 1791337329727147 69402
2080 1791337329759538 84320
2081 1791337329761790 62692
2082 1791337329780291 65882
2083 1791337329802904 66785
2084 1791337329816788 57243
2085 1791337329840649 65542
2086 1791337329862859 63665
2087 1791337329877581 63209
2088 1791337329901494 65328
2089 1791337329926557 68516
2090 1791337329939500 62623
2091 1791337329971039 72797
2092 1791337329986195 70592
2093 1791337329996798 60722
2094 1791337330028625 73380
2095 1791337330039798 64478
2096 1791337330061072 64267
2097 1791337330084063 66140
2098 1791337330105653 70759
2099 1791337330126330 70160
2100 1791337330144793 67659
2101 1791337330168166 72139
2102 1791337330193355 78521
2103 1791337330207205 71214
2104 1791337330221179 64548
2105 1791337330261338 83394
2106 1791337330279784 82464
2107 1791337330281910 66509
2108 1791337330297913 62398
2109 1791337330335316 73969
2110 1791337330350021 70231
2111 1791337330377880 80873
2112 1791337330395940 76304
2113 1791337330407978 72659
2114 1791337330434870 78554
2115 1791337330446854 69878
2116 1791337330466266 70323
2117 1791337330490796 73359
2118 1791337330500288 65413
2119 1791337330522637 66295
2120 1791337330533174 57553
2121 1791337330557429 60041
2122 1791337330579284 61811
2123 1791337330590299 55840
2124 1791337330607341 50581
2125 1791337330618965 40486
2126 1791337330636981 41470
2127 1791337330652919 35388
2128 1791337330670803 35149
2129 1791337330681753 27477
2130 1791337330712809 34871
2131 1791337330721154 25359
2132 1791337330748123 32913
2133 1791337330766006 29143
2134 1791337330783525 27894
2135 1791337330805784 30279
2136 1791337330822960 25656
2137 1791337330854753 38458
2138 1791337330869945 30983
2139 1791337330895671 40914
2140 1791337330909567 34343
2141 1791337330925487 30594
2142 1791337330949135 31072
2143 1791337330967859 30845
2144 1791337330996065 40201
2145 1791337331015095 33710
2146 1791337331035879 39813
2147 1791337331050152 35053
2148 1791337331069863 33970
2149 1791337331083515 29220
2150 1791337331116654 36964
2151 1791337331126826 30105
2152 1791337331140767 24920
2153 1791337331171736 34382
2154 1791337331183439 27728
2155 1791337331216380 38203
2156 1791337331236311 40205
2157 1791337331253390 37691
2158 1791337331266138 31127
2159 1791337331278807 23063
2160 1791337331305839 29490
2161 1791337331344949 49169
2162 1791337331358689 36903
2163 1791337331367050 30451
2164 1791337331388028 33694
2165 1791337331412289 34940
2166 1791337331437911 41702
2167 1791337331450794 36023
2168 1791337331472617 34704
2169 1791337331495972 39842
2170 1791337331509205 30859
2171 1791337331540635 44908
2172 1791337331558707 40992
2173 1791337331578838 43523
2174 1791337331589246 33375
2175 1791337331613587 36037
2176 1791337331637809 40149
2177 1791337331656737 41361
2178 1791337331669097 32124
2179 1791337331707517 50777
2180 1791337331729262 51134
2181 1791337331738710 43395
2182 1791337331756764 40406
2183 1791337331772562 36514
2184 1791337331794801 38899
2185 1791337331821002 43162
2186 1791337331841692 46886
2187 1791337331864578 46089
2188 1791337331881614 47255
2189 1791337331903416 46964
2190 1791337331924480 49712
2191 1791337331957415 53989
2192 1791337331982735 58247
2193 1791337331982786 38832
2194 1791337332004191 47401
2195 1791337332031402 48662
2196 1791337332038567 41558
2197 1791337332066993 49294
2198 1791337332087733 49160
2199 1791337332104255 47738
2200 1791337332138355 62801
2201 1791337332147506 51902
2202 1791337332175685 58031
2203 1791337332179225 43431
2204 1791337332202867 45072
2205 1791337332229026 53338
2206 1791337332250237 52393
2207 1791337332267136 47945
2208 1791337332297885 61664
2209 1791337332308430 53653
2210 1791337332323618 48557
2211 1791337332336193 40273
2212 1791337332367487 52084
2213 1791337332385796 50541
2214 1791337332403427 47148
2215 1791337332424883 48399
2216 1791337332463974 67843
2217 1791337332469519 53480
2218 1791337332497324 57794
2219 1791337332523115 64872
2220 1791337332528682 51404
2221 1791337332549526 53297
2222 1791337332570985 54891
2223 1791337332587863 48429
2224 1791337332619196 61162
2225 1791337332627411 52463
2226 1791337332655989 59946
2227 1791337332677135 60046
2228 1791337332694692 58463
2229 1791337332715766 60138
2230 1791337332737537 61729
2231 1791337332753884 59189
2232 1791337332772766 57770
2233 1791337332786259 48718
2234 1791337332814509 56978
2235 1791337332842113 65610
2236 1791337332848856 51419
2237 1791337332881049 66536
2238 1791337332906389 69446
2239 1791337332915571 58802
2240 1791337332940317 63819
2241 1791337332955646 58932
2242 1791337332975056 59945
2243 1791337332996019 58994
2244 1791337333016998 61863
2245 1791337333037054 61995
2246 1791337333062500 67291
2247 1791337333089940 72939
2248 1791337333116362 79754
2249 1791337333121711 64198
2250 1791337333154756 76511
2251 1791337333164026 66481
2252 1791337333185000 69649
2253 1791337333204113 67362
2254 1791337333217662 62890
2255 1791337333236863 60198
2256 1791337333254606 56868
2257 1791337333290895 73230
2258 1791337333304805 68195
2259 1791337333323398 68788
2260 1791337333332844 55606
2261 1791337333360681 62605
2262 1791337333376690 60542
2263 1791337333407919 68799
2264 1791337333416774 61890
2265 1791337333439061 62370
2266 1791337333467122 66489
2267 1791337333483001 66780
2268 1791337333497601 61437
2269 1791337333506786 50149
2270 1791337333551997 76831
2271 1791337333567463 70868
2272 1791337333573446 57945
2273 1791337333598220 62122
2274 1791337333615860 59061
2275 1791337333631308 52575
2276 1791337333654631 57577
2277 1791337333675602 59739
2278 1791337333686505 51832
2279 1791337333701480 46845
2280 1791337333725497 49892
2281 1791337333741653 46815
2282 1791337333757773 41427
2283 1791337333778609 41920
2284 1791337333798241 40464
2285 1791337333813127 37599
2286 1791337333826360 28113
2287 1791337333844311 29507
2288 1791337333873570 36765
2289 1791337333882222 26732
2290 1791337333922801 44655
2291 1791337333923992 28178
2292 1791337333957680 41205
2293 1791337333964730 28100
2294 1791337333978131 22198
2295 1791337334006251 30221
2296 1791337334037037 40971
2297 1791337334061312 40599
2298 1791337334082313 45266
2299 1791337334085705 27798
2300 1791337334104695 25519
2301 1791337334130900 34197
2302 1791337334156373 37246
2303 1791337334177373 40450
2304 1791337334185051 28671
2305 1791337334212319 34942
2306 1791337334229976 30980
2307 1791337334249268 31456
2308 1791337334261770 26326
2309 1791337334289877 35008
2310 1791337334314501 38759
2311 1791337334319817 22319
2312 1791337334354498 39994
2313 1791337334377656 41263
2314 1791337334388858 34355
2315 1791337334399648 22578
2316 1791337334432691 35871
2317 1791337334443058 25951
2318 1791337334461125 22542
2319 1791337334493553 36821
2320 1791337334510938 34534
2321 1791337334521197 26015
2322 1791337334555636 38608
2323 1791337334567006 31197
2324 1791337334590311 34669
2325 1791337334610564 36147
2326 1791337334631005 35040
2327 1791337334646147 30035
2328 1791337334667419 32226
2329 1791337334678465 23632
2330 1791337334696163 20804
2331 1791337334719460 23354
2332 1791337334737916 21662
2333 1791337334768581 31502
2334 1791337334784877 26804
2335 1791337334804082 28400
2336 1791337334822289 27032
2337 1791337334839547 23776
2338 1791337334856791 21056
2339 1791337334883804 27007
2340 1791337334899987 21958
2341 1791337334919534 22138
2342 1791337334937659 22008
2343 1791337334958394 22873
2344 1791337334981218 25511
2345 1791337334999359 23718
2346 1791337335017382 20918
2347 1791337335045437 30134
2348 1791337335056141 21012
2349 1791337335079226 24399
2350 1791337335100029 23352
2351 1791337335118671 21918
2352 1791337335138181 22844
2353 1791337335162802 25334
2354 1791337335178133 21766
2355 1791337335206759 28621
2356 1791337335217464 22836
2357 1791337335239069 21600
2358 1791337335260477 23939
2359 1791337335281145 25529
2360 1791337335298480 22237
2361 1791337335315980 21027
2362 1791337335346408 30410
2363 1791337335357082 22349
2364 1791337335375590 21044
2365 1791337335401226 25631
2366 1791337335418158 22997
2367 1791337335437829 22767
2368 1791337335461055 25419
2369 1791337335479020 22304
2370 1791337335500817 25063
2371 1791337335515951 21436
2372 1791337335538208 22253
2373 1791337335566097 30301
2374 1791337335576536 21252
2375 1791337335606046 29506
2376 1791337335620965 24393
2377 1791337335638367 23898
2378 1791337335661742 27497
2379 1791337335682483 25228
2380 1791337335698713 22091
2381 1791337335719338 24541
2382 1791337335737508 21383
2383 1791337335759392 23873
2384 1791337335777185 22359
2385 1791337335799060 21865
2386 1791337335818409 23791
2387 1791337335840112 21697
2388 1791337335861601 25559
2389 1791337335881516 24037
2390 1791337335899415 21877
2391 1791337335922782 26279
2392 1791337335945481 26498
2393 1791337335963703 27427
2394 1791337335981130 24894
2395 1791337335998954 23377
2396 1791337336021592 25348
2397 1791337336037766 22881
2398 1791337336060096 24880
2399 1791337336083215 23485
2400 1791337336100214 22586
2401 1791337336118119 23158
2402 1791337336140949 25305
2403 1791337336159056 21464
2404 1791337336185554 26490
2405 1791337336198252 23956
2406 1791337336229689 31434
2407 1791337336240185 24931
2408 1791337336263504 27115
2409 1791337336278757 21530
2410 1791337336306296 30418
2411 1791337336323030 28133
2412 1791337336337880 22883
2413 1791337336362518 27526
2414 1791337336380058 23549
2415 1791337336397899 20877
2416 1791337336417774 22471
2417 1791337336438514 20828
2418 1791337336462459 27134
2419 1791337336484454 27944
2420 1791337336505475 28331
2421 1791337336524215 28510
2422 1791337336539563 22151
2423 1791337336564726 28546
2424 1791337336580042 24728
2425 1791337336598814 22498
2426 1791337336616923 21808
2427 1791337336638485 22622
2428 1791337336660983 25453
2429 1791337336684623 23633
2430 1791337336699765 23182
2431 1791337336718582 22268
2432 1791337336744771 28264
2433 1791337336757644 21242
2434 1791337336777382 21066
2435 1791337336800929 25785
2436 1791337336841814 40767
2437 1791337336863288 47630
2438 1791337336886327 44509
2439 1791337336898701 35406
2440 1791337336915100 33632
2441 1791337336926615 27909
2442 1791337336945072 29967
2443 1791337337014898 78477
2444 1791337337029302 66544
2445 1791337337043818 28916
2446 1791337337043828 28888
2447 1791337337043834 28756
2448 1791337337067193 28329
2449 1791337337078046 22459
2450 1791337337099026 22725
2451 1791337337117404 22459
2452 1791337337138527 21118
2453 1791337337157347 21726
2454 1791337337177079 22331
2455 1791337337198516 21432
2456 1791337337218986 23512
2457 1791337337240719 24023
2458 1791337337264120 27836
2459 1791337337286691 30212
2460 1791337337297600 22016
2461 1791337337323668 28067
2462 1791337337338378 21918
2463 1791337337358778 23897
2464 1791337337377675 22644
2465 1791337337407071 29867
2466 1791337337423662 26322
2467 1791337337438480 21696
2468 1791337337463867 28463
2469 1791337337484935 28766
2470 1791337337504154 28983
2471 1791337337517901 23726
2472 1791337337538699 23502
2473 1791337337558717 23089
2474 1791337337580048 21825
2475 1791337337596828 21067
2476 1791337337619723 22891
2477 1791337337638683 22765
2478 1791337337658864 22074
2479 1791337337682481 26587
2480 1791337337699367 23154
2481 1791337337718858 22960
2482 1791337337736706 22176
2483 1791337337760538 23828
2484 1791337337778408 21571
2485 1791337337810652 35872
2486 1791337337821335 26004
2487 1791337337847554 27617
2488 1791337337885576 49755
2489 1791337337900710 39957
2490 1791337337918670 40386
2491 1791337337934908 38513
2492 1791337337963397 46609
2493 1791337337970495 35584
2494 1791337338002779 46440
2495 1791337338011564 34779
2496 1791337338034853 36439
2497 1791337338047320 32152
2498 1791337338076963 42104
2499 1791337338087975 31180
2500 1791337338121404 44458
2501 1791337338143064 44652
2502 1791337338159368 43417
2503 1791337338172855 34717
2504 1791337338193489 39064
2505 1791337338208006 32689
2506 1791337338229290 34254
2507 1791337338244557 29777
2508 1791337338274607 40219
2509 1791337338292700 35790
2510 1791337338330761 56151
2511 1791337338330797 32357
2512 1791337338375533 44765
2513 1791337338375556 40503
2514 1791337338391033 36471
2515 1791337338406276 30738
2516 1791337338441521 44492
2517 1791337338448185 30173
2518 1791337338481566 43031
2519 1791337338497973 41681
2520 1791337338508493 28885
2521 1791337338541343 43361
2522 1791337338560901 44838
2523 1791337338587754 46407
2524 1791337338596113 40136
2525 1791337338607658 32421
2526 1791337338639895 43779
2527 1791337338663230 47401
2528 1791337338680528 42793
2529 1791337338698688 42528
2530 1791337338719990 39458
2531 1791337338742964 46253
2532 1791337338759784 43150
2533 1791337338771616 36519
2534 1791337338804458 49750
2535 1791337338823699 47921
2536 1791337338839141 41459
2537 1791337338859879 42669
2538 1791337338882478 46878
2539 1791337338893843 38443
2540 1791337338918256 40463
2541 1791337338936829 41317
2542 1791337338965584 48246
2543 1791337338979207 43729
2544 1791337339004260 47962
2545 1791337339022098 46518
2546 1791337339040650 42723
2547 1791337339067934 51764
2548 1791337339087116 50942
2549 1791337339106896 50807
2550 1791337339126792 51653
2551 1791337339146940 52633
2552 1791337339171462 55099
2553 1791337339186771 51216
2554 1791337339203523 47301
2555 1791337339224118 48877
2556 1791337339256431 59389
2557 1791337339266883 50366
2558 1791337339301525 65585
2559 1791337339309675 53754
2560 1791337339338836 56965
2561 1791337339345419 49947
2562 1791337339375981 59173
2563 1791337339389402 53603
2564 1791337339407611 51942
2565 1791337339443017 67033
2566 1791337339449385 53129
2567 1791337339474406 59259
2568 1791337339488518 53028
2569 1791337339509984 53470
2570 1791337339537474 63065
2571 1791337339568737 72872
2572 1791337339583872 66830
2573 1791337339607838 71229
2574 1791337339627414 72309
2575 1791337339653062 76496
2576 1791337339668894 73170
2577 1791337339708612 88043
2578 1791337339726509 90268
2579 1791337339737227 81400
2580 1791337339767648 91161
2581 1791337339783102 86993
2582 1791337339798203 82407
2583 1791337339822373 86275
2584 1791337339831696 75992
2585 1791337339852750 74878
2586 1791337339867975 72285
2587 1791337339895980 77605
2588 1791337339911859 76479
2589 1791337339922369 61322
2590 1791337339941160 63811
2591 1791337339960699 64716
2592 1791337339985198 66952
2593 1791337340012484 74889
2594 1791337340033648 79065
2595 1791337340051731 76868
2596 1791337340067506 70595
2597 1791337340084639 69254
2598 1791337340109021 73695
2599 1791337340128003 72530
2600 1791337340153637 75454
2601 1791337340178385 80806
2602 1791337340198768 84340
2603 1791337340212825 77923
2604 1791337340230942 74584
2605 1791337340238996 64520
2606 1791337340276552 80573
2607 1791337340294376 78514
2608 1791337340310024 73095
2609 1791337340325452 69799
2610 1791337340346750 70194
2611 1791337340362679 68299
2612 1791337340384853 68141
2613 1791337340408087 70464
2614 1791337340439584 83126
2615 1791337340447531 70076
2616 1791337340473189 76610
2617 1791337340491418 74638
2618 1791337340507837 68768
2619 1791337340525806 65812
2620 1791337340548317 72755
2621 1791337340567605 71785
2622 1791337340597270 77318
2623 1791337340607753 71810
2624 1791337340628030 73523
2625 1791337340652044 75420
2626 1791337340671770 75048
2627 1791337340692132 76106
2628 1791337340704488 69677
2629 1791337340735026 79370
2630 1791337340750036 72841
2631 1791337340778354 80198
2632 1791337340793379 78023
2633 1791337340808998 73968
2634 1791337340828401 71135
2635 1791337340846540 70814
2636 1791337340876420 80979
2637 1791337340892810 75955
2638 1791337340925231 89005
2639 1791337340938055 79908
2640 1791337340965573 89145
2641 1791337340988898 91656
2642 1791337341002742 84859
2643 1791337341009477 72740
2644 1791337341029444 75010
2645 1791337341052686 74979
2646 1791337341076921 78444
2647 1791337341092220 75259
2648 1791337341117666 80956
2649 1791337341131097 74344
2650 1791337341155267 79095
2651 1791337341172565 75478
2652 1791337341194102 76434
2653 1791337341213544 78332
2654 1791337341233842 78572
2655 1791337341253262 78275
2656 1791337341276126 82019
2657 1791337341290839 75137
2658 1791337341320705 82867
2659 1791337341335549 80690
2660 1791337341352152 76022
2661 1791337341368189 71468
2662 1791337341401135 80428
2663 1791337341408097 72545
2664 1791337341431708 76838
2665 1791337341452644 76785
2666 1791337341469468 72753
2667 1791337341486910 71708
2668 1791337341504717 67053
2669 1791337341519786 61648
2670 1791337341530560 53925
2671 1791337341543739 48381
2672 1791337341552565 35457
2673 1791337341565253 27572
2674 1791337341590691 32108
2675 1791337341618559 41249
2676 1791337341628008 32455
2677 1791337341644258 29369
2678 1791337341674538 35874
2679 1791337341691942 35078
2680 1791337341705984 31445
2681 1791337341726650 31165
2682 1791337341746593 29443
2683 1791337341775521 39864
2684 1791337341787244 30026
2685 1791337341816662 41308
2686 1791337341829594 31741
2687 1791337341854021 38380
2688 1791337341878907 42042
2689 1791337341897349 43322
2690 1791337341914657 37054
2691 1791337341926369 29878
2692 1791337341946473 31813
2693 1791337341978622 42792
2694 1791337341990898 33384
2695 1791337342010832 35006
2696 1791337342031160 34410
2697 1791337342065524 49525
2698 1791337342084171 48674
2699 1791337342098643 42992
2700 1791337342120692 43725
2701 1791337342147331 50361
2702 1791337342162500 45389
2703 1791337342179575 43812
2704 1791337342198787 41010
2705 1791337342229502 53959
2706 1791337342246950 51041
2707 1791337342275324 55310
2708 1791337342293214 57081
2709 1791337342319017 64456
2710 1791337342339725 64398
2711 1791337342359328 64701
2712 1791337342371794 54431
2713 1791337342398581 63833
2714 1791337342417250 61355
2715 1791337342443821 66430
2716 1791337342457660 62569
2717 1791337342474489 59216
2718 1791337342501585 65330
2719 1791337342519403 62192
2720 1791337342536257 61765
2721 1791337342564711 66568
2722 1791337342588551 71015
2723 1791337342602490 67857
2724 1791337342626930 68806
2725 1791337342645848 69211
2726 1791337342668953 73149
2727 1791337342687674 71252
2728 1791337342700658 64216
2729 1791337342725684 70349
2730 1791337342736750 59843
2731 1791337342762776 65705
2732 1791337342784778 67896
2733 1791337342804375 68497
2734 1791337342836061 79493
2735 1791337342853331 75238
2736 1791337342870174 70053
2737 1791337342887110 72519
2738 1791337342913715 77650
2739 1791337342933323 78683
2740 1791337342951328 75806
2741 1791337342966703 70206
2742 1791337342997162 80120
2743 1791337343023811 89059
2744 1791337343038659 83251
2745 1791337343050950 75603
2746 1791337343066559 69393
2747 1791337343089106 71845
2748 1791337343107440 70353
2749 1791337343126710 69171
2750 1791337343154823 78926
2751 1791337343175594 79063
2752 1791337343186958 72050
2753 1791337343210576 73690
2754 1791337343225848 71021
2755 1791337343252614 77132
2756 1791337343259240 63505
2757 1791337343283401 68718
2758 1791337343303620 66657
2759 1791337343321971 66105
2760 1791337343341228 65008
2761 1791337343359423 61775
2762 1791337343372624 57721
2763 1791337343398561 62572
2764 1791337343418907 59475
2765 1791337343435351 60199
2766 1791337343451037 55828
2767 1791337343475570 58962
2768 1791337343502341 66985
2769 1791337343516728 56672
2770 1791337343522665 47088
2771 1791337343543904 45817
2772 1791337343557210 41033
2773 1791337343568786 32656
2774 1791337343591098 35703
2775 1791337343609104 32280
2776 1791337343639679 44767
2777 1791337343652504 33404
2778 1791337343670383 30698
2779 1791337343681963 25844
2780 1791337343718902 41512
2781 1791337343729145 31379
2782 1791337343755864 37960
2783 1791337343777802 39130
2784 1791337343798396 42528
2785 1791337343818614 40810
2786 1791337343838384 39986
2787 1791337343860686 42617
2788 1791337343881805 45193
2789 1791337343911566 50874
2790 1791337343921818 39999
2791 1791337343939380 41916
2792 1791337343962259 40435
2793 1791337343970066 34713
2794 1791337343996558 38899
2795 1791337344016808 41845
2796 1791337344039026 42464
2797 1791337344053355 37649
2798 1791337344071444 32190
2799 1791337344100931 43256
2800 1791337344113829 35608
2801 1791337344136700 39920
2802 1791337344160507 44877
2803 1791337344188901 53118
2804 1791337344202964 42453
2805 1791337344209310 34182
2806 1791337344237812 43285
2807 1791337344264115 47606
2808 1791337344280471 43759
2809 1791337344297561 40990
2810 1791337344317532 38157
2811 1791337344333533 37414
2812 1791337344368510 51458
2813 1791337344383726 45936
2814 1791337344413465 44949
2815 1791337344446461 70054
2816 1791337344479060 82263
2817 1791337344530094 83958
2818 1791337344530249 83809
2819 1791337344574589 102193
2820 1791337344584331 105265
2821 1791337344584343 54244
2822 1791337344584349 54211
2823 1791337344586622 46757
2824 1791337344598253 33598
2825 1791337344616973 42378
2826 1791337344638052 41705
2827 1791337344661538 44543
2828 1791337344697117 59813
2829 1791337344711550 50006
2830 1791337344726921 49499
2831 1791337344739548 42425
2832 1791337344759641 42540
2833 1791337344788373 48820
2834 1791337344801067 44994
2835 1791337344824563 48254
2836 1791337344840555 42776
2837 1791337344864737 46144
2838 1791337344890104 52578
2839 1791337344919579 62822
2840 1791337344949658 68870
2841 1791337344965292 55408
2842 1791337344965305 45717
2843 1791337345019765 70103
2844 1791337345019788 56977
2845 1791337345037616 54861
2846 1791337345060651 64724
2847 1791337345074144 54374
2848 1791337345104558 66933
2849 1791337345107922 48772
2850 1791337345123499 49346
2851 1791337345148285 49990
2852 1791337345169255 54010
2853 1791337345188150 48551
2854 1791337345202811 46516
2855 1791337345220285 45356
2856 1791337345248245 51348
2857 1791337345270160 54976
2858 1791337345299305 64491
2859 1791337345310892 53563
2860 1791337345336668 58222
2861 1791337345348004 53239
2862 1791337345369340 53616
2863 1791337345394000 58101
2864 1791337345407959 48868
2865 1791337345423124 46491
2866 1791337345455609 61602
2867 1791337345486940 71197
2868 1791337345500326 60324
2869 1791337345513642 58027
2870 1791337345544292 66429
2871 1791337345555854 61265
2872 1791337345583548 65573
2873 1791337345598060 60581
2874 1791337345617219 61973
2875 1791337345640504 63809
2876 1791337345655927 57864
2877 1791337345689038 71815
2878 1791337345702740 67019
2879 1791337345722892 66957
2880 1791337345739812 64690
2881 1791337345759631 64469
2882 1791337345775069 57653
2883 1791337345795318 58211
2884 1791337345823873 66300
2885 1791337345842791 67717
2886 1791337345864859 70117
2887 1791337345893300 77429
2888 1791337345910426 67630
2889 1791337345928933 64069
2890 1791337345935921 58115
2891 1791337345961576 61981
2892 1791337345972702 57701
2893 1791337345993682 55387
2894 1791337346011474 56793
2895 1791337346041928 57708
2896 1791337346053716 58346
2897 1791337346089531 68600
2898 1791337346109109 67175
2899 1791337346124983 63669
2900 1791337346157277 76511
2901 1791337346173420 78157
2902 1791337346195953 77721
2903 1791337346211518 75638
2904 1791337346234163 78104
2905 1791337346252307 76462
2906 1791337346266222 70264
2907 1791337346288001 71763
2908 1791337346307654 73487
2909 1791337346328613 68980
2910 1791337346346651 70971
2911 1791337346369823 72579
2912 1791337346393670 75629
2913 1791337346415724 77485
2914 1791337346432043 72202
2915 1791337346445100 64758
2916 1791337346470137 70779
2917 1791337346485436 69710
2918 1791337346504728 68254
2919 1791337346523815 67870
2920 1791337346552805 73270
2921 1791337346569681 74758
2922 1791337346592603 74850
2923 1791337346616207 81114
2924 1791337346641251 84770
2925 1791337346651071 72986
2926 1791337346669377 73305
2927 1791337346690309 74800
2928 1791337346710516 73097
2929 1791337346729767 73171
2930 1791337346757749 78363
2931 1791337346778173 81832
2932 1791337346797512 78213
2933 1791337346814563 76193
2934 1791337346839300 81543
2935 1791337346872505 95162
2936 1791337346894198 96683
2937 1791337346894218 79648
2938 1791337346917690 78385
2939 1791337346947464 74953
2940 1791337346961164 72701
2941 1791337346973210 79007
2942 1791337347004566 86869
2943 1791337347021306 77740
2944 1791337347050042 89870
2945 1791337347057626 79005
2946 1791337347071889 72652
2947 1791337347090825 71974
2948 1791337347110086 73826
2949 1791337347136926 81202
2950 1791337347157269 76759
2951 1791337347176904 78972
2952 1791337347190806 73601
2953 1791337347222133 86434
2954 1791337347230242 73861
2955 1791337347267161 91916
2956 1791337347272728 74928
2957 1791337347290650 74491
2958 1791337347318361 82742
2959 1791337347339807 84793
2960 1791337347360213 84254
2961 1791337347370296 70028
2962 1791337347415463 97954
2963 1791337347431544 95056
2964 1791337347451623 94098
2965 1791337347527208 150901
2966 1791337347527529 112060
2967 1791337347527536 112057
2968 1791337347544686 106667
2969 1791337347574084 112405
2970 1791337347599148 71936
2971 1791337347599199 71690
2972 1791337347607403 79886
2973 1791337347619288 79233
2974 1791337347628646 68325
2975 1791337347659550 85459
2976 1791337347678576 79403
2977 1791337347706225 86935
2978 1791337347718135 79518
2979 1791337347729302 69749
2980 1791337347763456 86342
2981 1791337347781581 75352
2982 1791337347781590 66208
2983 1791337347816435 81317
2984 1791337347823719 66392
2985 1791337347870236 91929
2986 1791337347882608 85535
2987 1791337347905105 88441
2988 1791337347919062 78436
2989 1791337347944474 86651
2990 1791337347963991 84956
2991 1791337347983191 80984
2992 1791337347992233 73165
2993 1791337348014655 76034
2994 1791337348029277 71364
2995 1791337348045147 66541
2996 1791337348056470 60464
2997 1791337348067450 52791
2998 1791337348092289 53321
2999 1791337348100990 44517
3000 1791337348111423 34723
3001 1791337348130573 36157
3002 1791337348143788 27799
3003 1791337348169193 34374
3004 1791337348187033 29818
3005 1791337348206496 31771
3006 1791337348238164 43430
3007 1791337348252685 35868
3008 1791337348269455 31289
3009 1791337348297501 42118
3010 1791337348308121 29909
3011 1791337348344451 48166
3012 1791337348353885 37900
3013 1791337348372215 34158
3014 1791337348392436 36772
3015 1791337348407966 30104
3016 1791337348422939 26927
3017 1791337348448629 32823
3018 1791337348485331 47487
3019 1791337348488493 31601
3020 1791337348535775 57870
3021 1791337348538767 39159
3022 1791337348551797 36653
3023 1791337348589650 53868
3024 1791337348599950 43816
3025 1791337348613102 38676
3026 1791337348637813 40400
3027 1791337348653892 39079
3028 1791337348671505 34392
3029 1791337348690185 30644
3030 1791337348715008 37767
3031 1791337348728563 30147
3032 1791337348755687 40671
3033 1791337348780443 42745
3034 1791337348791570 35878
3035 1791337348817926 37479
3036 1791337348836965 40091
3037 1791337348858959 42844
3038 1791337348866812 29842
3039 1791337348890114 31152
3040 1791337348914991 37536
3041 1791337348935252 39025
3042 1791337348953800 38803
3043 1791337348975223 39963
3044 1791337348998169 41447
3045 1791337349019415 44187
3046 1791337349035567 38264
3047 1791337349058907 41437
3048 1791337349072391 36810
3049 1791337349093995 36392
3050 1791337349118662 41520
3051 1791337349134938 40939
3052 1791337349166665 49377
3053 1791337349188982 54035
3054 1791337349207021 51998
3055 1791337349228684 52047
3056 1791337349247578 52926
3057 1791337349280699 66291
3058 1791337349301326 62830
3059 1791337349336643 75620
3060 1791337349338768 61030
3061 1791337349367067 71381
3062 1791337349393670 76808
3063 1791337349413024 76487
3064 1791337349430542 74963
3065 1791337349451568 72980
3066 1791337349469291 73123
3067 1791337349496436 81428
3068 1791337349514484 77611
3069 1791337349536930 79650
3070 1791337349548596 72753
3071 1791337349576886 80446
3072 1791337349594253 79765
3073 1791337349622077 85143
3074 1791337349643299 87348
3075 1791337349654554 78513
3076 1791337349674814 80557
3077 1791337349696461 78659
3078 1791337349722132 86364
3079 1791337349739408 84851
3080 1791337349759547 84728
3081 1791337349781202 85790
3082 1791337349799912 83471
3083 1791337349820969 82953
3084 1791337349840379 85032
3085 1791337349861351 86350
3086 1791337349879243 84653
3087 1791337349892923 77821
3088 1791337349923190 83848
3089 1791337349942588 86115
3090 1791337349955740 77896
3091 1791337349978025 83286
3092 1791337350001570 84581
3093 1791337350014839 80300
3094 1791337350038055 82697
3095 1791337350061445 83415
3096 1791337350079935 85273
3097 1791337350096888 82135
3098 1791337350123288 86165
3099 1791337350137464 77237
3100 1791337350147857 67915
3101 1791337350159646 64881
3102 1791337350183567 66458
3103 1791337350195710 58756
3104 1791337350212282 57004
3105 1791337350219286 40952
3106 1791337350243548 47834
3107 1791337350258322 42877
3108 1791337350279207 43366
3109 1791337350293661 35971
3110 1791337350316801 41165
3111 1791337350325812 29814
3112 1791337350355586 39194
3113 1791337350380698 43645
3114 1791337350396889 41290
3115 1791337350415347 38573
3116 1791337350426650 29756
3117 1791337350446753 31404
3118 1791337350486163 45481
3119 1791337350493422 36322
3120 1791337350540003 61349
3121 1791337350562409 67473
3122 1791337350567915 33232
3123 1791337350571173 36476
3124 1791337350589371 32945
3125 1791337350627517 51984
3126 1791337350645817 46492
3127 1791337350667222 46880
3128 1791337350683079 43797
3129 1791337350694426 37514
3130 1791337350711518 35097
3131 1791337350735818 41382
3132 1791337350769281 53101
3133 1791337350789599 53779
3134 1791337350801919 44932
3135 1791337350816924 39897
3136 1791337350839082 43865
3137 1791337350861356 44427
3138 1791337350878834 39750
3139 1791337350900362 44532
3140 1791337350921831 44891
3141 1791337350940234 39863
3142 1791337350955621 39298
3143 1791337350984038 48106
3144 1791337350998900 43266
3145 1791337351024302 46196
3146 1791337351043561 47250
3147 1791337351057065 42082
3148 1791337351081373 43099
3149 1791337351100156 43712
3150 1791337351128591 52557
3151 1791337351156742 60196
3152 1791337351177553 61268
3153 1791337351177560 41052
3154 1791337351206613 49865
3155 1791337351215881 40704
3156 1791337351240039 45122
3157 1791337351274492 59089
3158 1791337351294007 57853
3159 1791337351320169 61905
3160 1791337351323631 49133
3161 1791337351348091 54080
3162 1791337351373816 57333
3163 1791337351396593 59730
3164 1791337351419990 63757
3165 1791337351449429 70827
3166 1791337351449436 54268
3167 1791337351474148 57222
3168 1791337351491140 50607
3169 1791337351510503 55517
3170 1791337351535260 61107
3171 1791337351553700 55344
3172 1791337351568537 52372
3173 1791337351594737 60004
3174 1791337351621495 65713
3175 1791337351636601 58171
3176 1791337351651244 56503
3177 1791337351678012 61123
3178 1791337351699141 63310
3179 1791337351726300 69232
3180 1791337351739264 61248
3181 1791337351752951 57745
3182 1791337351773356 59061
3183 1791337351803951 67864
3184 1791337351819479 62627
3185 1791337351846745 71784
3186 1791337351872572 73599
3187 1791337351886164 68904
3188 1791337351900789 61252
3189 1791337351920385 64908
3190 1791337351933215 56915
3191 1791337351953071 57732
3192 1791337351980201 61136
3193 1791337352013422 72652
3194 1791337352031778 76874
3195 1791337352040228 60021
3196 1791337352070045 74369
3197 1791337352094686 77989
3198 1791337352110040 72687
3199 1791337352127555 71580
3200 1791337352160361 83082
3201 1791337352174777 80087
3202 1791337352201541 84425
3203 1791337352226542 86460
3204 1791337352240536 80169
3205 1791337352256716 81936
3206 1791337352256932 58206
3207 1791337352287435 70559
3208 1791337352308249 73265
3209 1791337352329730 73009
3210 1791337352352627 76550
3211 1791337352369538 73574
3212 1791337352377629 61002
3213 1791337352411995 75910
3214 1791337352427089 68374
3215 1791337352448189 72312
3216 1791337352476034 80988
3217 1791337352490419 75182
3218 1791337352511102 72934
3219 1791337352521138 66620
3220 1791337352543005 66967
3221 1791337352567960 73026
3222 1791337352579641 65102
3223 1791337352600196 65286
3224 1791337352620995 63851
3225 1791337352645655 70932
3226 1791337352665208 65755
3227 1791337352678143 63369
3228 1791337352698428 61968
3229 1791337352732280 74044
3230 1791337352745857 69564
3231 1791337352775279 76846
3232 1791337352804209 89092
3233 1791337352815111 77698
3234 1791337352838975 81223
3235 1791337352874950 99667
3236 1791337352888779 89336
3237 1791337352913204 98088
3238 1791337352931259 95046
3239 1791337352952786 95043
3240 1791337352965724 90771
3241 1791337352992584 95514
3242 1791337353007056 92570
3243 1791337353037340 102481
3244 1791337353067464 110129
3245 1791337353077101 100527
3246 1791337353099265 103895
3247 1791337353118691 100450
3248 1791337353134729 98260
3249 1791337353157388 100737
3250 1791337353177433 101089
3251 1791337353198233 98964
3252 1791337353216593 97895
3253 1791337353233815 99066
3254 1791337353251771 94379
3255 1791337353266542 91642
3256 1791337353299531 101295
3257 1791337353312805 98121
3258 1791337353327960 92122
3259 1791337353343234 85252
3260 1791337353359416 81300
3261 1791337353378930 83898
3262 1791337353396670 80753
3263 1791337353411816 75021
3264 1791337353427649 71152
3265 1791337353453338 74404
3266 1791337353463689 67882
3267 1791337353480101 64118
3268 1791337353499500 62693
3269 1791337353536421 78335
3270 1791337353559523 79415
3271 1791337353559534 65249
3272 1791337353573049 56978
3273 1791337353588284 51858
3274 1791337353610466 53130
3275 1791337353626084 51626
3276 1791337353641103 46203
3277 1791337353667803 49344
3278 1791337353688188 47082
3279 1791337353708253 52125
3280 1791337353720423 42062
3281 1791337353741839 45965
3282 1791337353757769 41451
3283 1791337353778750 42655
3284 1791337353803556 45783
3285 1791337353826525 47772
3286 1791337353865432 61838
3287 1791337353875920 60271
3288 1791337353883554 45299
3289 1791337353905997 48604
3290 1791337353923447 47522
3291 1791337353938333 40049
3292 1791337353960151 41951
3293 1791337353976368 41332
3294 1791337354006243 51270
3295 1791337354033316 56942
3296 1791337354038871 41759
3297 1791337354059598 42022
3298 1791337354084293 47216
3299 1791337354096771 40799
3300 1791337354120432 43093
3301 1791337354132353 36742
3302 1791337354163955 47074
3303 1791337354188546 51353
3304 1791337354208027 49708
3305 1791337354225950 48662
3306 1791337354245612 49587
3307 1791337354262734 47701
3308 1791337354282907 45896
3309 1791337354295357 39207
3310 1791337354336100 59159
3311 1791337354349602 54242
3312 1791337354366240 47391
3313 1791337354380130 44020
3314 1791337354405816 50354
3315 1791337354428424 48291
3316 1791337354454673 58499
3317 1791337354469092 51779
3318 1791337354483739 48696
3319 1791337354509107 54432
3320 1791337354520934 45554
3321 1791337354546541 50393
3322 1791337354567105 50913
3323 1791337354587133 51985
3324 1791337354609380 53019
3325 1791337354620926 45851
3326 1791337354639130 40898
3327 1791337354656468 39587
3328 1791337354686637 51964
3329 1791337354705384 49592
3330 1791337354721065 43686
3331 1791337354756830 61345
3332 1791337354763609 47482
3333 1791337354789511 53296
3334 1791337354817682 61020
3335 1791337354823906 47393
3336 1791337354848514 53191
3337 1791337354868240 51729
3338 1791337354894858 56879
3339 1791337354917859 60967
3340 1791337354931475 54564
3341 1791337354946703 51976
3342 1791337354977116 60671
3343 1791337354999802 64932
3344 1791337355024259 62290
3345 1791337355037737 60618
3346 1791337355066864 69650
3347 1791337355077968 60864
3348 1791337355099554 64856
3349 1791337355118064 62802
3350 1791337355138988 61638
3351 1791337355156425 60911
3352 1791337355179217 61150
3353 1791337355186769 49941
3354 1791337355223133 66703
3355 1791337355251097 76213
3356 1791337355266353 70002
3357 1791337355276311 59485
3358 1791337355296477 62086
3359 1791337355317398 60587
3360 1791337355337041 61534
3361 1791337355356558 60075
3362 1791337355371393 56581
3363 1791337355394654 57609
3364 1791337355422614 67263
3365 1791337355429515 51470
3366 1791337355457539 62881
3367 1791337355477248 58924
3368 1791337355506486 70544
3369 1791337355517306 59998
3370 1791337355544724 68488
3371 1791337355565255 67974
3372 1791337355586742 72156
3373 1791337355607735 71417
3374 1791337355627453 70706
3375 1791337355644841 64960
3376 1791337355662968 66832
3377 1791337355678415 63110
3378 1791337355713570 77880
3379 1791337355726390 70361
3380 1791337355746359 72183
3381 1791337355774588 79502
3382 1791337355784929 69528
3383 1791337355809479 73482
3384 1791337355827046 70776
3385 1791337355847905 73313
3386 1791337355867240 71336
3387 1791337355887980 72129
3388 1791337355907577 71666
3389 1791337355909761 55485
3390 1791337355946119 68440
3391 1791337355958010 61815
3392 1791337355986594 71328
3393 1791337356013627 74636
3394 1791337356036630 78616
3395 1791337356040139 65117
3396 1791337356056988 61069
3397 1791337356078050 63012
3398 1791337356095854 60803
3399 1791337356120595 64613
3400 1791337356137559 60665
3401 1791337356154731 59570
3402 1791337356176009 60612
3403 1791337356189890 52327
3404 1791337356204583 49880
3405 1791337356226399 50387
3406 1791337356234060 37547
3407 1791337356248744 32430
3408 1791337356267788 33722
3409 1791337356287953 31995
3410 1791337356317815 42422
3411 1791337356334555 37876
3412 1791337356349421 31831
3413 1791337356365815 31257
3414 1791337356386867 32186
3415 1791337356411100 34577
3416 1791337356428797 33140
3417 1791337356447657 32873
3418 1791337356477091 40271
3419 1791337356487673 32201
3420 1791337356511995 35675
3421 1791337356528674 33280
3422 1791337356551051 35301
3423 1791337356573200 35532
3424 1791337356592038 35083
3425 1791337356607312 32357
3426 1791337356640086 43759
3427 1791337356649099 34201
3428 1791337356670704 34407
3429 1791337356690900 33803
3430 1791337356710700 35422
3431 1791337356735471 38919
3432 1791337356774398 56128
3433 1791337356783936 48462
3434 1791337356808456 51704
3435 1791337356810688 36269
3436 1791337356836971 40350
3437 1791337356857496 40009
3438 1791337356881667 44692
3439 1791337356899995 44758
3440 1791337356927624 50193
3441 1791337356947853 52571
3442 1791337356971364 53657
3443 1791337356998184 59420
3444 1791337357008548 53380
3445 1791337357029045 53041
3446 1791337357041518 46737
3447 1791337357068269 50473
3448 1791337357088007 51444
3449 1791337357117267 61641
3450 1791337357141706 65640
3451 1791337357155288 58974
3452 1791337357178342 61341
3453 1791337357204091 67704
3454 1791337357217601 62310
3455 1791337357233883 56730
3456 1791337357251522 54356
3457 1791337357280196 64210
3458 1791337357300177 62084
3459 1791337357328902 72046
3460 1791337357343059 67029
3461 1791337357368295 71114
3462 1791337357384952 67721
3463 1791337357404613 66685
3464 1791337357422626 65536
3465 1791337357447791 72784
3466 1791337357463638 68523
3467 1791337357490997 73935
3468 1791337357518944 83920
3469 1791337357533759 76622
3470 1791337357547782 71228
3471 1791337357575159 79122
3472 1791337357584385 69468
3473 1791337357615794 80024
3474 1791337357628260 68911
3475 1791337357657142 81980
3476 1791337357668827 71624
3477 1791337357686984 72130
3478 1791337357708536 70733
3479 1791337357731564 74419
3480 1791337357751517 74128
3481 1791337357777705 81533
3482 1791337357797158 81545
3483 1791337357817686 81668
3484 1791337357834928 77788
3485 1791337357867959 90783
3486 1791337357874061 76899
3487 1791337357891908 75056
3488 1791337357916662 81731
3489 1791337357939422 83571
3490 1791337357958902 84838
3491 1791337357978690 82267
3492 1791337358000941 84276
3493 1791337358013856 78948
3494 1791337358030842 75657
3495 1791337358058441 84013
3496 1791337358071088 73982
3497 1791337358087946 70776
3498 1791337358104220 68244
3499 1791337358126828 68812
3500 1791337358139256 64658
3501 1791337358158798 63819
3502 1791337358178499 61933
3503 1791337358193890 56159
3504 1791337358208875 54263
3505 1791337358232202 54604
3506 1791337358245299 49783
3507 1791337358269573 53209
3508 1791337358292810 54863
3509 1791337358297781 39993
3510 1791337358328401 52543
3511 1791337358340696 45427
3512 1791337358358043 40484
3513 1791337358367893 33080
3514 1791337358396492 38445
3515 1791337358411463 34614
3516 1791337358428528 32542
3517 1791337358461780 43722
3518 1791337358478512 41559
3519 1791337358496245 41229
3520 1791337358518473 39959
3521 1791337358533217 38219
3522 1791337358548743 33578
3523 1791337358577718 42778
3524 1791337358603117 45338
3525 1791337358615939 38692
3526 1791337358637989 39733
3527 1791337358666994 51692
3528 1791337358695605 59380
3529 1791337358698999 44669
3530 1791337358718563 43560
3531 1791337358752352 57354
3532 1791337358769190 53516
3533 1791337358784718 49817
3534 1791337358809884 52678
3535 1791337358818035 42994
3536 1791337358845663 48502
3537 1791337358870442 55342
3538 1791337358877043 41623
3539 1791337358895650 39853
3540 1791337358917326 40564
3541 1791337358944637 50239
3542 1791337358967551 51991
3543 1791337358987380 50308
3544 1791337359009509 53733
3545 1791337359026272 51150
3546 1791337359050785 54679
3547 1791337359058045 42675
3548 1791337359088913 52249
3549 1791337359116214 60996
3550 1791337359130435 54528
3551 1791337359153797 59255
3552 1791337359168694 53749
3553 1791337359189097 51887
3554 1791337359221764 63610
3555 1791337359236612 59871
3556 1791337359248976 53844
3557 1791337359273005 56171
3558 1791337359296408 60944
3559 1791337359318750 62240
3560 1791337359338072 62587
3561 1791337359356012 59834
3562 1791337359377889 61703
3563 1791337359399057 60981
3564 1791337359410917 55784
3565 1791337359431663 56759
3566 1791337359447194 51319
3567 1791337359469594 52956
3568 1791337359496744 61815
3569 1791337359518241 63201
3570 1791337359537509 62155
3571 1791337359564768 68618
3572 1791337359576658 58922
3573 1791337359606203 68691
3574 1791337359623797 67047
3575 1791337359637781 62644
3576 1791337359665271 68543
3577 1791337359681173 63463
3578 1791337359698162 60377
3579 1791337359715978 60826
3580 1791337359747581 72622
3581 1791337359767717 71546
3582 1791337359784504 69712
3583 1791337359798827 64409
3584 1791337359824823 67567
3585 1791337359848228 71396
3586 1791337359856171 59922
3587 1791337359879370 61986
3588 1791337359902520 65403
3589 1791337359926060 71237
3590 1791337359944452 67934
3591 1791337359958674 61820
3592 1791337359980795 63422
3593 1791337359998085 63704
3594 1791337360027593 70313
3595 1791337360060930 84806
3596 1791337360068740 70648
3597 1791337360078939 62598
3598 1791337360110438 72421
3599 1791337360122496 61558
3600 1791337360149584 70642
3601 1791337360163194 68908
3602 1791337360189122 71054
3603 1791337360197431 61987
3604 1791337360225305 70240
3605 1791337360244875 70287
3606 1791337360274767 79131
3607 1791337360302910 82717
3608 1791337360310630 74403
3609 1791337360348617 92424
3610 1791337360372948 98303
3611 1791337360389464 92999
3612 1791337360412774 95237
3613 1791337360432929 95585
3614 1791337360457476 101097
3615 1791337360473768 98056
3616 1791337360495970 97358
3617 1791337360510320 94397
3618 1791337360540169 105153
3619 1791337360561150 103669
3620 1791337360581435 103069
3621 1791337360591974 96870
3622 1791337360615891 97899
3623 1791337360637865 97691
3624 1791337360650356 94938
3625 1791337360668287 90661
3626 1791337360699054 102605
3627 1791337360719521 103625
3628 1791337360727818 89949
3629 1791337360757567 100932
3630 1791337360786182 108925
3631 1791337360810761 114680
3632 1791337360828724 112711
3633 1791337360838730 99240
3634 1791337360857583 100012
3635 1791337360862811 86295
3636 1791337360881350 82421
3637 1791337360918223 99837
3638 1791337360932586 95596
3639 1791337360950666 93078
3640 1791337360970186 93104
3641 1791337360990203 95063
3642 1791337360990216 75509
3643 1791337361043866 108279
3644 1791337361108077 137885
3645 1791337361108086 126837
3646 1791337361108091 110866
3647 1791337361108096 88695
3648 1791337361127878 84003
3649 1791337361143872 78112
3650 1791337361159607 84280
3651 1791337361179135 81521
3652 1791337361197201 80951
3653 1791337361220866 84510
3654 1791337361237912 79591
3655 1791337361257683 80622
3656 1791337361275329 78808
3657 1791337361297168 79623
3658 1791337361324471 87201
3659 1791337361342561 87542
3660 1791337361366605 91271
3661 1791337361389359 93098
3662 1791337361410907 94640
3663 1791337361427175 84606
3664 1791337361449256 94249
3665 1791337361468341 91643
3666 1791337361477540 82802
3667 1791337361499853 81112
3668 1791337361513005 74290
3669 1791337361537137 80817
3670 1791337361565979 89609
3671 1791337361587457 90682
3672 1791337361611315 95743
3673 1791337361626327 91154
3674 1791337361645225 86991
3675 1791337361670574 94844
3676 1791337361685585 88363
3677 1791337361708277 90330
3678 1791337361726651 89552
3679 1791337361748963 93798
3680 1791337361768551 92618
3681 1791337361788387 90869
3682 1791337361806798 90625
3683 1791337361822295 86716
3684 1791337361847853 88174
3685 1791337361858062 77382
3686 1791337361878109 76139
3687 1791337361887135 72071
3688 1791337361914268 76565
3689 1791337361936224 78912
3690 1791337361947580 69468
3691 1791337361957865 63213
3692 1791337361970365 56091
3693 1791337361993430 57204
3694 1791337362010687 52817
3695 1791337362019968 39063
3696 1791337362033018 35370
3697 1791337362049649 29671
3698 1791337362068119 29792
3699 1791337362096785 40880
3700 1791337362117539 41925
3701 1791337362131318 34528
3702 1791337362144951 27409
3703 1791337362169966 31680
3704 1791337362196587 41361
3705 1791337362216761 38905
3706 1791337362224804 28435
3707 1791337362246751 29987
3708 1791337362271694 32339
3709 1791337362290195 31994
3710 1791337362309924 32396
3711 1791337362328939 32057
3712 1791337362357985 39128
3713 1791337362360059 23973
3714 1791337362384593 29102
3715 1791337362406117 28298
3716 1791337362435400 37013
3717 1791337362440988 23135
3718 1791337362463494 28090
3719 1791337362496776 38951
3720 1791337362515639 37748
3721 1791337362528083 31301
3722 1791337362557698 42054
3723 1791337362574121 35997
3724 1791337362589512 33281
3725 1791337362608194 34070
3726 1791337362631513 33911
3727 1791337362652056 34783
3728 1791337362671051 32265
3729 1791337362686909 30790
3730 1791337362726647 49129
3731 1791337362736981 41540
3732 1791337362753634 36074
3733 1791337362767387 31357
3734 1791337362796854 40141
3735 1791337362811759 35394
3736 1791337362836080 39222
3737 1791337362856538 39675
3738 1791337362871515 35432
3739 1791337362904776 48386
3740 1791337362912940 34415
3741 1791337362928092 30621
3742 1791337362949011 31951
3743 1791337362960562 26067
3744 1791337362978080 21874
3745 1791337362999981 22463
3746 1791337363015838 21579
3747 1791337363036994 21284
3748 1791337363061595 25670
3749 1791337363078338 21137
3750 1791337363096520 21781
3751 1791337363118175 21650
3752 1791337363143890 25710
3753 1791337363156179 21104
3754 1791337363177111 20927
3755 1791337363196066 21019
3756 1791337363225371 29301
3757 1791337363246295 30417
3758 1791337363256441 20474
3759 1791337363279543 24535
3760 1791337363300497 23537
3761 1791337363322321 26929
3762 1791337363339189 20787
3763 1791337363361124 25427
3764 1791337363382695 24808
3765 1791337363398594 21271
3766 1791337363419443 24198
3767 1791337363441361 25137
3768 1791337363459681 22378
3769 1791337363477173 21605
3770 1791337363504973 27797
3771 1791337363522467 27546
3772 1791337363539400 22479
3773 1791337363561544 26699
3774 1791337363577868 22260
3775 1791337363598854 23753
3776 1791337363618976 23086
3777 1791337363643140 24159
3778 1791337363660293 22804
3779 1791337363677174 21548
3780 1791337363697804 20626
3781 1791337363727164 30011
3782 1791337363738952 23907
3783 1791337363766472 27590
3784 1791337363776965 21697
3785 1791337363797218 22255
3786 1791337363821744 24521
3787 1791337363838488 23587
3788 1791337363865535 29090
3789 1791337363877979 21806
3790 1791337363899635 24420
3791 1791337363915934 21129
3792 1791337363941836 25957
3793 1791337363962349 25493
3794 1791337363981477 26145
3795 1791337364005184 28951
3796 1791337364018916 22768
3797 1791337364037686 21505
3798 1791337364059835 23929
3799 1791337364082885 25672
3800 1791337364106066 29124
3801 1791337364124673 28393
3802 1791337364138960 22704
3803 1791337364159030 23006
3804 1791337364180038 24402
3805 1791337364205147 29139
3806 1791337364221280 24918
3807 1791337364238121 23065
3808 1791337364258861 24027
3809 1791337364281524 26388
3810 1791337364298003 21492
3811 1791337364319147 24270
3812 1791337364341820 25924
3813 1791337364359571 23126
3814 1791337364380464 22904
3815 1791337364401799 23317
3816 1791337364421935 24301
3817 1791337364439203 22490
3818 1791337364456035 21137
3819 1791337364487112 32176
3820 1791337364497864 22987
3821 1791337364518234 23152
3822 1791337364536908 21495
3823 1791337364567134 30293
3824 1791337364577783 22172
3825 1791337364598928 23224
3826 1791337364618899 23984
3827 1791337364637489 21694
3828 1791337364657454 22720
3829 1791337364681280 23823
3830 1791337364698597 20979
3831 1791337364718200 22524
3832 1791337364749967 31763
3833 1791337364760269 23542
3834 1791337364781149 25383
3835 1791337364802141 25724
3836 1791337364824919 27290
3837 1791337364836464 21677
3838 1791337364864614 28146
3839 1791337364880355 24980
3840 1791337364900305 23373
3841 1791337364924938 28438
3842 1791337364943640 27865
3843 1791337364956794 21146
3844 1791337364976617 21278
3845 1791337364999024 23489
3846 1791337365020966 25928
3847 1791337365037796 22090
3848 1791337365059154 25093
3849 1791337365083364 24206
3850 1791337365099827 25004
3851 1791337365119600 22829
3852 1791337365146408 26805
3853 1791337365157870 22315
3854 1791337365176877 21344
3855 1791337365197401 20520
3856 1791337365227475 30071
3857 1791337365237925 22413
3858 1791337365265298 27369
3859 1791337365282479 25692
3860 1791337365299916 24029
3861 1791337365317468 21644
3862 1791337365345299 28135
3863 1791337365365952 30629
3864 1791337365384675 29046
3865 1791337365404921 28674
3866 1791337365423281 28376
3867 1791337365439825 22460
3868 1791337365459132 24071
3869 1791337365482142 24900
3870 1791337365497826 21712
3871 1791337365518111 23910
3872 1791337365540331 22216
3873 1791337365558292 21671
3874 1791337365580143 21952
3875 1791337365598328 21667
3876 1791337365616962 22517
3877 1791337365638031 22490
3878 1791337365656899 22644
3879 1791337365690257 33355
3880 1791337365696771 21984
3881 1791337365720316 25693
3882 1791337365747854 29154
3883 1791337365761409 25474
3884 1791337365779667 23197
3885 1791337365797101 21403
3886 1791337365817413 21515
3887 1791337365839272 23969
3888 1791337365860798 25541
3889 1791337365876741 21760
3890 1791337365899705 23040
3891 1791337365921672 25638
3892 1791337365944205 27520
3893 1791337365961630 26656
3894 1791337365977918 21096
3895 1791337365997816 22232
3896 1791337366017070 22942
3897 1791337366039413 22336
3898 1791337366058702 24400
3899 1791337366079421 24600
3900 1791337366106707 30820
3901 1791337366117462 22254
3902 1791337366137515 20765
3903 1791337366159860 22331
3904 1791337366176837 22134
3905 1791337366199214 22374
3906 1791337366218114 23806
3907 1791337366237361 21403
3908 1791337366266966 31284
3909 1791337366277583 22965
3910 1791337366296123 21608
3911 1791337366320527 25448
3912 1791337366337532 21074
3913 1791337366363145 25591
3914 1791337366381068 23995
3915 1791337366398672 24409
3916 1791337366417549 21512
3917 1791337366442245 24692
3918 1791337366458165 20665
3919 1791337366479210 22179
3920 1791337366504131 27304
3921 1791337366521250 26676
3922 1791337366543227 25110
3923 1791337366558839 23845
3924 1791337366585540 26694
3925 1791337366604705 28658
3926 1791337366624233 28467
3927 1791337366641260 24100
3928 1791337366661677 23916
3929 1791337366687193 28207
3930 1791337366697478 21558
3931 1791337366719209 23704
3932 1791337366737561 22495
3933 1791337366757448 22881
3934 1791337366781160 25970
3935 1791337366804894 30077
3936 1791337366822208 25984
3937 1791337366845138 27280
3938 1791337366866531 31097
3939 1791337366879122 24663
3940 1791337366895474 20435
3941 1791337366917337 21858
3942 1791337366939019 21676
3943 1791337366957762 22669
3944 1791337366979024 23235
3945 1791337366999665 24624
3946 1791337367018923 22555
3947 1791337367038242 22236
3948 1791337367060769 23443
3949 1791337367081170 23194
3950 1791337367103576 26824
3951 1791337367121952 26010
3952 1791337367138937 21885
3953 1791337367155852 21134
3954 1791337367176444 20589
3955 1791337367200260 23812
3956 1791337367219118 21863
3957 1791337367236688 21779
3958 1791337367258016 21323
3959 1791337367280328 24282
3960 1791337367297729 21267
3961 1791337367318594 23942
3962 1791337367340059 23476
3963 1791337367357934 21586
3964 1791337367378833 20895
3965 1791337367407256 28419
3966 1791337367417790 22726
3967 1791337367438995 23063
3968 1791337367457643 20761
3969 1791337367479774 23781
3970 1791337367500557 25095
3971 1791337367527818 27256
3972 1791337367538817 23819
3973 1791337367567737 28915
3974 1791337367578581 22686
3975 1791337367599234 23505
3976 1791337367621048 23868
3977 1791337367642922 24804
3978 1791337367663086 26685
3979 1791337367678370 22102
3980 1791337367707431 30353
3981 1791337367721024 24533
3982 1791337367746123 25457
3983 1791337367756900 21019
3984 1791337367782021 25117
3985 1791337367798693 20629
3986 1791337367820263 25377
3987 1791337367837578 20901
3988 1791337367858412 22569
3989 1791337367878897 22795
3990 1791337367897937 21087
3991 1791337367917016 21612
3992 1791337367944014 28915
3993 1791337367965620 31331
3994 1791337367976240 20958
3995 1791337367998983 22739
3996 1791337368021505 25877
3997 1791337368039581 21925
3998 1791337368059574 24224
3999 1791337368080189 25232
4000 1791337368109053 28856
4001 1791337368126159 29233
4002 1791337368137198 22044
4003 1791337368164421 27219
4004 1791337368178846 22166
4005 1791337368198434 22276
4006 1791337368219821 24675
4007 1791337368235967 20850
4008 1791337368257320 21416
4009 1791337368279433 22104
4010 1791337368296808 21562
4011 1791337368324128 27316
4012 1791337368343319 26826
4013 1791337368358958 23069
4014 1791337368380302 23510
4015 1791337368398430 21485
4016 1791337368418021 21567
4017 1791337368441530 26626
4018 1791337368459852 25095
4019 1791337368487598 27742
4020 1791337368501467 21603
4021 1791337368518210 22813
4022 1791337368538719 22581
4023 1791337368565820 30479
4024 1791337368577242 20990
4025 1791337368604793 27544
4026 1791337368622193 25560
4027 1791337368645168 27366
4028 1791337368664887 29697
4029 1791337368677205 21325
4030 1791337368698632 21416
4031 1791337368716903 21237
4032 1791337368738892 21985
4033 1791337368757814 22827
4034 1791337368782653 24835
4035 1791337368800274 23870
4036 1791337368821612 25369
4037 1791337368839773 22733
4038 1791337368862980 26134
4039 1791337368880448 24220
4040 1791337368899294 23200
4041 1791337368920452 23036
4042 1791337368937642 21945
4043 1791337368963032 25385
4044 1791337368978393 21085
4045 1791337369001152 26511
4046 1791337369018869 22424
4047 1791337369036352 21703
4048 1791337369058206 21846
4049 1791337369085721 29134
4050 1791337369106836 30037
4051 1791337369121870 26398
4052 1791337369145152 28606
4053 1791337369162578 27399
4054 1791337369181565 23964
4055 1791337369198724 20715
4056 1791337369226899 28170
4057 1791337369240137 24312
4058 1791337369260022 23286
4059 1791337369278884 21958
4060 1791337369307862 28975
4061 1791337369320329 25630
4062 1791337369337461 20730
4063 1791337369365057 27592
4064 1791337369385127 26561
4065 1791337369397454 22723
4066 1791337369419793 22334
4067 1791337369437980 23246
4068 1791337369457202 21210
4069 1791337369477253 22247
4070 1791337369498858 21679
4071 1791337369518786 23948
4072 1791337369540329 24780
4073 1791337369561507 25032
4074 1791337369579781 22531
4075 1791337369597806 21285
4076 1791337369618315 23001
4077 1791337369637773 21845
4078 1791337369663205 27078
4079 1791337369679788 22881
4080 1791337369697826 20770
4081 1791337369726798 29046
4082 1791337369738606 23161
4083 1791337369760413 25316
4084 1791337369779490 22266
4085 1791337369808047 28552
4086 1791337369818377 21558
4087 1791337369840052 24575
4088 1791337369861229 25317
4089 1791337369884652 29040
4090 1791337369903401 28676
4091 1791337369919356 21911
4092 1791337369939179 22800
4093 1791337369957698 20741
4094 1791337369980274 25683
4095 1791337370007832 29858
4096 1791337370019457 23802
4097 1791337370046357 26892
4098 1791337370066087 28512
4099 1791337370088398 30915
4100 1791337370101423 26786
4101 1791337370123343 25367
4102 1791337370139356 23184
4103 1791337370157180 22300
4104 1791337370181430 24549
4105 1791337370197580 20589
4106 1791337370217976 22838
4107 1791337370237246 21023
4108 1791337370258837 21586
4109 1791337370279699 20855
4110 1791337370298663 23096
4111 1791337370325543 26876
4112 1791337370337999 22801
4113 1791337370363674 25671
4114 1791337370377256 22208
4115 1791337370398849 21589
4116 1791337370419366 23297
4117 1791337370439217 23445
4118 1791337370466009 28881
4119 1791337370480637 25435
4120 1791337370498660 24069
4121 1791337370518163 22024
4122 1791337370540102 21933
4123 1791337370559474 23706
4124 1791337370581753 26857
4125 1791337370598680 22683
4126 1791337370618090 22705
4127 1791337370641762 23740
4128 1791337370659590 23298
4129 1791337370687869 28275
4130 1791337370698946 23433
4131 1791337370716276 21149
4132 1791337370741925 25646
4133 1791337370762034 24504
4134 1791337370781837 25769
4135 1791337370798018 21184
4136 1791337370818516 22179
4137 1791337370840654 24667
4138 1791337370858551 21677
4139 1791337370877702 22837
4140 1791337370896793 21161
4141 1791337370923823 27552
4142 1791337370944408 28430
4143 1791337370965751 28711
4144 1791337370977018 21716
# sent 4145 received 4145
