0 1791250328753033 25511
1 1791250328775016 25377
2 1791250328792149 22335
3 1791250328814419 22267
4 1791250328846321 31900
5 1791250328853348 23899
6 1791250328872614 23378
7 1791250328893162 22617
8 1791250328913067 24673
9 1791250328938218 25149
10 1791250328950671 21941
11 1791250328975655 24981
12 1791250328994176 25562
13 1791250329017164 22985
14 1791250329033435 21179
15 1791250329054171 24611
16 1791250329073471 24048
17 1791250329093386 22811
18 1791250329117323 25698
19 1791250329146067 33948
20 1791250329158135 23594
21 1791250329173952 24373
22 1791250329194666 24497
23 1791250329213389 24109
24 1791250329234808 25325
25 1791250329253277 22014
26 1791250329279086 25807
27 1791250329293734 20645
28 1791250329321289 27552
29 1791250329334434 24697
30 1791250329355133 26559
31 1791250329377745 26356
32 1791250329394080 21884
33 1791250329418334 24322
34 1791250329435650 26690
35 1791250329455231 24188
36 1791250329474625 25786
37 1791250329492577 20707
38 1791250329512900 23519
39 1791250329543725 30822
40 1791250329555038 25321
41 1791250329576966 26754
42 1791250329597225 25380
43 1791250329614619 22015
44 1791250329632890 21743
45 1791250329656532 23694
46 1791250329671323 22907
47 1791250329693242 21915
48 1791250329716033 22788
49 1791250329739100 26163
50 1791250329757552 24091
51 1791250329771506 20883
52 1791250329792436 20927
53 1791250329813237 20798
54 1791250329833613 21940
55 1791250329855147 21576
56 1791250329874151 23478
57 1791250329891773 23510
58 1791250329912518 20742
59 1791250329936398 23877
60 1791250329954122 23085
61 1791250329973292 24133
62 1791250329999345 26050
63 1791250330014062 22960
64 1791250330034073 24071
65 1791250330052911 21944
66 1791250330077816 24902
67 1791250330099340 26795
68 1791250330115172 22011
69 1791250330135502 26725
70 1791250330162888 27383
71 1791250330174810 26508
72 1791250330189700 21633
73 1791250330213261 25250
74 1791250330235714 26586
75 1791250330253334 24033
76 1791250330277104 23813
77 1791250330293523 21637
78 1791250330316926 23400
79 1791250330335729 22582
80 1791250330354304 23491
81 1791250330375463 21214
82 1791250330394381 22731
83 1791250330412478 21961
84 1791250330435297 22816
85 1791250330454524 25875
86 1791250330479764 27945
87 1791250330495287 22097
88 1791250330512128 21853
89 1791250330538694 26564
90 1791250330555545 25564
91 1791250330573224 22548
92 1791250330592531 23155
93 1791250330612982 23828
94 1791250330632706 24801
95 1791250330651685 22167
96 1791250330675182 23555
97 1791250330695985 27254
98 1791250330712466 24011
99 1791250330743776 31308
100 1791250330755075 23601
101 1791250330772579 22871
102 1791250330800151 27567
103 1791250330817312 25034
104 1791250330836953 23638
105 1791250330854823 21674
106 1791250330874688 23683
107 1791250330895344 27086
108 1791250330916079 27255
109 1791250330933886 21799
110 1791250330954008 24210
111 1791250330974636 25610
112 1791250330995229 20667
113 1791250331018657 29940
114 1791250331037966 27556
115 1791250331058968 26476
116 1791250331074108 22757
117 1791250331098514 24403
118 1791250331115142 26195
119 1791250331135266 22703
120 1791250331155564 26602
121 1791250331176193 26079
122 1791250331194473 24738
123 1791250331214511 25369
124 1791250331234974 26411
125 1791250331257096 26348
126 1791250331273269 24516
127 1791250331293104 21729
128 1791250331315542 25655
129 1791250331334538 23027
130 1791250331353972 26296
131 1791250331373801 23921
132 1791250331394053 23521
133 1791250331415942 27989
134 1791250331434676 22723
135 1791250331452377 23408
136 1791250331473789 21409
137 1791250331498261 24620
138 1791250331517516 24813
139 1791250331533273 24742
140 1791250331555849 22625
141 1791250331573643 21756
142 1791250331599467 25821
143 1791250331613893 20466
144 1791250331633399 23949
145 1791250331654484 24361
146 1791250331674130 23338
147 1791250331694522 23959
148 1791250331716556 22101
149 1791250331736902 24009
150 1791250331753071 24628
151 1791250331774775 24812
152 1791250331794819 26126
153 1791250331815367 26943
154 1791250331834376 25012
155 1791250331851321 20846
156 1791250331874939 23615
157 1791250331894970 25954
158 1791250331911317 22158
159 1791250331938195 26874
160 1791250331956294 23326
161 1791250331974980 23109
162 1791250331993572 24550
163 1791250332013493 24526
164 1791250332030583 21290
165 1791250332055497 24911
166 1791250332082962 33649
167 1791250332104390 21852
168 1791250332119013 25464
169 1791250332132237 23232
170 1791250332153631 21391
171 1791250332172830 23963
172 1791250332200699 27866
173 1791250332213124 24564
174 1791250332232479 23283
175 1791250332258096 25614
176 1791250332273245 22003
177 1791250332291309 21017
178 1791250332317392 26080
179 1791250332334725 21768
180 1791250332354657 21507
181 1791250332374400 23371
182 1791250332393665 25762
183 1791250332417548 23953
184 1791250332433732 25764
185 1791250332452753 24801
186 1791250332473650 20895
187 1791250332494642 23038
188 1791250332513470 25259
189 1791250332537548 27037
190 1791250332553879 22490
191 1791250332574871 20989
192 1791250332596911 23221
193 1791250332612208 23965
194 1791250332635768 23605
195 1791250332654672 23824
196 1791250332680193 25510
197 1791250332693453 23708
198 1791250332714239 25734
199 1791250332736803 25251
200 1791250332752678 23266
201 1791250332775382 22756
202 1791250332792114 20877
203 1791250332818126 26009
204 1791250332834309 23999
205 1791250332851903 23320
206 1791250332874105 25147
207 1791250332894504 26087
208 1791250332914966 24813
209 1791250332934684 24980
210 1791250332959167 29788
211 1791250332973298 20922
212 1791250332990645 21301
213 1791250333018073 27424
214 1791250333044053 30960
215 1791250333054837 22970
216 1791250333073869 25284
217 1791250333092637 24666
218 1791250333112693 23066
219 1791250333138148 25451
220 1791250333155861 24162
221 1791250333179076 27427
222 1791250333195692 22362
223 1791250333212162 23667
224 1791250333235901 23736
225 1791250333251430 22741
226 1791250333275962 24571
227 1791250333294737 25420
228 1791250333309286 21053
229 1791250333332208 23947
230 1791250333352759 22909
231 1791250333377132 26557
232 1791250333390101 21811
233 1791250333413563 23456
234 1791250333435150 26006
235 1791250333452909 23672
236 1791250333473462 20550
237 1791250333490172 20936
238 1791250333514705 24637
239 1791250333538666 27144
240 1791250333555722 22491
241 1791250333575429 23625
242 1791250333594221 23253
243 1791250333613780 24864
244 1791250333634822 21039
245 1791250333657513 29354
246 1791250333675860 23477
247 1791250333695381 22185
248 1791250333714983 25935
249 1791250333735855 27313
250 1791250333752364 23130
251 1791250333775006 22639
252 1791250333795391 25478
253 1791250333811438 20792
254 1791250333835478 26204
255 1791250333853940 23916
256 1791250333875476 25675
257 1791250333895071 27043
258 1791250333914193 24922
259 1791250333933290 24449
260 1791250333953632 20340
261 1791250333979432 26600
262 1791250333996461 22893
263 1791250334013147 21591
264 1791250334034607 21457
265 1791250334051587 21024
266 1791250334072853 25163
267 1791250334093218 24262
268 1791250334116238 23017
269 1791250334135253 23732
270 1791250334163510 29343
271 1791250334174264 24823
272 1791250334192003 22611
273 1791250334214615 22609
274 1791250334235935 24078
275 1791250334249828 20861
276 1791250334270635 20849
277 1791250334291351 20714
278 1791250334314261 22906
279 1791250334331177 22612
280 1791250334350844 21564
281 1791250334377835 26986
282 1791250334393019 20612
283 1791250334415250 23098
284 1791250334433317 20573
285 1791250334454849 26290
286 1791250334473654 24219
287 1791250334493602 25546
288 1791250334514782 24419
289 1791250334538496 26609
290 1791250334553633 20681
291 1791250334575332 21697
292 1791250334596576 26035
293 1791250334620060 28753
294 1791250334635036 21966
295 1791250334653959 25367
296 1791250334678606 29976
297 1791250334691906 22339
298 1791250334712986 23069
299 1791250334734713 21776
300 1791250334754352 24437
301 1791250334775248 24801
302 1791250334792167 23245
303 1791250334812808 20637
304 1791250334833023 22904
305 1791250334855789 22762
306 1791250334875081 23286
307 1791250334892632 22581
308 1791250334914271 21636
309 1791250334932324 23628
310 1791250334959089 26908
311 1791250334975967 22906
312 1791250335001191 25622
313 1791250335013448 23681
314 1791250335036709 23259
315 1791250335054273 21835
316 1791250335072935 22726
317 1791250335095295 26377
318 1791250335115983 25632
319 1791250335138110 25741
320 1791250335157734 24665
321 1791250335175666 23057
322 1791250335194560 23682
323 1791250335212994 23426
324 1791250335236283 28110
325 1791250335254748 23016
326 1791250335274462 23601
327 1791250335294723 26867
328 1791250335315738 21012
329 1791250335333281 23790
330 1791250335354464 21180
331 1791250335372395 22835
332 1791250335406411 34012
333 1791250335417939 24450
334 1791250335437090 24774
335 1791250335456762 24507
336 1791250335474711 22883
337 1791250335496054 25022
338 1791250335514300 22591
339 1791250335534605 25166
340 1791250335552933 24183
341 1791250335580022 27085
342 1791250335595921 22651
343 1791250335614616 22628
344 1791250335635362 24616
345 1791250335653139 21791
346 1791250335673710 20568
347 1791250335693970 25609
348 1791250335711868 21146
349 1791250335732813 20942
350 1791250335754591 21823
351 1791250335773599 24800
352 1791250335793811 25988
353 1791250335814759 24176
354 1791250335830690 22320
355 1791250335851596 20903
356 1791250335874395 22850
357 1791250335891876 23030
358 1791250335924592 32714
359 1791250335935552 23710
360 1791250335953294 24612
361 1791250335975229 21982
362 1791250335993947 25285
363 1791250336013889 23535
364 1791250336033074 25044
365 1791250336056374 23297
366 1791250336071774 22021
367 1791250336092505 20772
368 1791250336114578 24661
369 1791250336134036 23506
370 1791250336154192 25260
371 1791250336172484 21835
372 1791250336193626 21137
373 1791250336217493 23864
374 1791250336233775 25109
375 1791250336253793 24926
376 1791250336280217 26421
377 1791250336296549 23031
378 1791250336314214 25868
379 1791250336333825 25900
380 1791250336353336 24135
381 1791250336373871 22981
382 1791250336394873 24650
383 1791250336412564 20999
384 1791250336435477 24751
385 1791250336452993 25087
386 1791250336473671 20720
387 1791250336492790 22873
388 1791250336515730 23624
389 1791250336534837 26614
390 1791250336550054 21633
391 1791250336572618 23506
392 1791250336592017 22796
393 1791250336623107 31087
394 1791250336635776 23057
395 1791250336654308 23569
396 1791250336672718 23980
397 1791250336698045 25323
398 1791250336715723 23294
399 1791250336735347 23304
400 1791250336755542 27052
401 1791250336770249 20899
402 1791250336793406 23155
403 1791250336819015 25680
404 1791250336834251 24027
405 1791250336854552 25968
406 1791250336885971 31999
407 1791250336897737 28787
408 1791250336924384 31583
409 1791250336941110 26992
410 1791250336953254 22952
411 1791250336978817 27597
412 1791250336999470 26422
413 1791250337010198 21040
414 1791250337038601 28793
415 1791250337054741 26488
416 1791250337083001 29069
417 1791250337098280 29293
418 1791250337124547 32178
419 1791250337145062 32019
420 1791250337165184 31404
421 1791250337182508 27743
422 1791250337196982 25412
423 1791250337218903 26728
424 1791250337235181 26288
425 1791250337257002 24071
426 1791250337277754 25579
427 1791250337301196 30237
428 1791250337313982 24788
429 1791250337332784 20860
430 1791250337357003 24467
431 1791250337374202 25412
432 1791250337399767 31285
433 1791250337425102 33237
434 1791250337435413 27130
435 1791250337453837 23782
436 1791250337482545 30504
437 1791250337496360 27870
438 1791250337510048 20716
439 1791250337534880 24858
440 1791250337558289 28837
441 1791250337575303 22834
442 1791250337601155 28048
443 1791250337619597 29392
444 1791250337643144 29728
445 1791250337668055 36619
446 1791250337683089 30234
447 1791250337694323 26265
448 1791250337719410 30555
449 1791250337734859 24831
450 1791250337756934 24859
451 1791250337782406 33677
452 1791250337794975 24495
453 1791250337823692 30658
454 1791250337834249 25377
455 1791250337862389 30246
456 1791250337882960 31089
457 1791250337893711 23643
458 1791250337916635 27823
459 1791250337943742 32465
460 1791250337962407 30540
461 1791250337984413 32604
462 1791250338002976 30552
463 1791250338023514 30953
464 1791250338034356 25177
465 1791250338061726 31582
466 1791250338073822 24414
467 1791250338102505 28680
468 1791250338113095 24853
469 1791250338144777 31680
470 1791250338155650 26461
471 1791250338174474 25198
472 1791250338203246 32916
473 1791250338216055 23441
474 1791250338233717 24148
475 1791250338254728 26072
476 1791250338281382 32633
477 1791250338293723 23981
478 1791250338323104 29378
479 1791250338349809 38022
480 1791250338360117 29489
481 1791250338376015 26203
482 1791250338401104 29022
483 1791250338418000 28102
484 1791250338438775 30172
485 1791250338464206 35966
486 1791250338493475 40718
487 1791250338513065 42521
488 1791250338534728 46347
489 1791250338556539 47370
490 1791250338589961 60118
491 1791250338608922 55221
492 1791250338630513 59000
493 1791250338655902 65937
494 1791250338665964 57040
495 1791250338695260 64858
496 1791250338713604 64540
497 1791250338729405 58121
498 1791250338754872 65437
499 1791250338774379 65030
500 1791250338795693 66608
501 1791250338812873 63430
502 1791250338842907 69160
503 1791250338860883 70076
504 1791250338883631 70756
505 1791250338904370 73292
506 1791250338914810 64628
507 1791250338936985 66853
508 1791250338968504 74762
509 1791250338983356 71040
510 1791250339011090 78339
511 1791250339028494 76777
512 1791250339033648 65245
513 1791250339062158 73277
514 1791250339085237 74145
515 1791250339104956 76458
516 1791250339123376 73429
517 1791250339153142 80377
518 1791250339171131 77658
519 1791250339195585 82617
520 1791250339214925 81719
521 1791250339225582 76230
522 1791250339246824 77604
523 1791250339272423 81963
524 1791250339294510 84978
525 1791250339313921 84501
526 1791250339334659 83630
527 1791250339352362 83881
528 1791250339373464 84331
529 1791250339393866 85135
530 1791250339412497 82895
531 1791250339434014 81745
532 1791250339454287 80819
533 1791250339466093 77027
534 1791250339498032 86066
535 1791250339514186 81725
536 1791250339525246 75504
537 1791250339542966 74626
538 1791250339572061 77848
539 1791250339584530 70341
540 1791250339603290 70879
541 1791250339616669 68143
542 1791250339646756 74690
543 1791250339658817 66416
544 1791250339681940 70313
545 1791250339693843 65255
546 1791250339711383 62957
547 1791250339726554 56899
548 1791250339748672 58447
549 1791250339761198 51975
550 1791250339776210 44062
551 1791250339783708 35033
552 1791250339805327 35994
553 1791250339824220 32021
554 1791250339843437 30611
555 1791250339861579 29592
556 1791250339872253 23423
557 1791250339895425 27176
558 1791250339917206 28138
559 1791250339939102 26921
560 1791250339955915 27225
561 1791250339982823 30331
562 1791250339994234 24558
563 1791250340013775 24581
564 1791250340034884 26293
565 1791250340054713 25891
566 1791250340076045 27894
567 1791250340096930 28503
568 1791250340121966 31378
569 1791250340133418 24327
570 1791250340156480 24090
571 1791250340176501 25033
572 1791250340195193 25885
573 1791250340223955 31483
574 1791250340243548 34013
575 1791250340256569 27357
576 1791250340275413 27783
577 1791250340298134 28385
578 1791250340322608 30007
579 1791250340337366 25360
580 1791250340362407 30519
581 1791250340385649 33821
582 1791250340401264 30042
583 1791250340422320 32431
584 1791250340439669 27813
585 1791250340458318 29667
586 1791250340475906 25723
587 1791250340497785 28201
588 1791250340518315 29186
589 1791250340535919 27574
590 1791250340563768 31764
591 1791250340575116 24609
592 1791250340601967 31424
593 1791250340624013 34760
594 1791250340634586 25743
595 1791250340658966 29342
596 1791250340682566 32112
597 1791250340696281 27032
598 1791250340720696 29294
599 1791250340744318 30017
600 1791250340772971 39358
601 1791250340784214 28417
602 1791250340798342 25680
603 1791250340813554 24361
604 1791250340834936 25360
605 1791250340854582 26680
606 1791250340883067 30408
607 1791250340896511 28184
608 1791250340919492 27822
609 1791250340946684 32469
610 1791250340967211 34017
611 1791250340981897 30758
612 1791250341002689 30998
613 1791250341025327 33695
614 1791250341035926 27416
615 1791250341057284 25526
616 1791250341074727 21628
617 1791250341103547 30441
618 1791250341114788 26147
619 1791250341143188 34988
620 1791250341156041 26399
621 1791250341175440 24546
622 1791250341197532 28648
623 1791250341222525 29808
624 1791250341244463 32624
625 1791250341263855 32034
626 1791250341281349 28418
627 1791250341296189 27014
628 1791250341324613 33461
629 1791250341344645 31683
630 1791250341363461 30568
631 1791250341383155 31215
632 1791250341397098 26160
633 1791250341423341 30702
634 1791250341438428 25535
635 1791250341462881 28960
636 1791250341482731 33319
637 1791250341503312 33577
638 1791250341515480 25977
639 1791250341543103 29135
640 1791250341568549 35875
641 1791250341576553 25152
642 1791250341591571 23018
643 1791250341617508 25934
644 1791250341634103 24533
645 1791250341658775 24669
646 1791250341674643 25500
647 1791250341702037 32210
648 1791250341713489 25241
649 1791250341734261 24619
650 1791250341755306 25945
651 1791250341774725 26008
652 1791250341802218 27483
653 1791250341814624 25585
654 1791250341846939 33110
655 1791250341863746 34160
656 1791250341888881 36560
657 1791250341912837 39801
658 1791250341938576 49692
659 1791250341954846 46787
660 1791250341980190 47755
661 1791250342008229 56703
662 1791250342015774 46909
663 1791250342044005 53037
664 1791250342064591 56360
665 1791250342097436 64614
666 1791250342107756 58570
667 1791250342125400 56322
668 1791250342146123 57400
669 1791250342168104 60346
670 1791250342193334 63681
671 1791250342221748 70103
672 1791250342234817 66881
673 1791250342265706 72368
674 1791250342277395 66348
675 1791250342299751 66001
676 1791250342318040 63259
677 1791250342343595 71476
678 1791250342364213 70207
679 1791250342382138 69464
680 1791250342401267 71566
681 1791250342423655 74853
682 1791250342445808 76194
683 1791250342462298 73994
684 1791250342488241 76155
685 1791250342510019 77097
686 1791250342524888 74384
687 1791250342545882 74217
688 1791250342563753 75509
689 1791250342586382 76535
690 1791250342603972 74751
691 1791250342623207 74768
692 1791250342645953 75871
693 1791250342664646 75793
694 1791250342683933 75618
695 1791250342714618 80841
696 1791250342731468 77259
697 1791250342756420 83072
698 1791250342773916 80043
699 1791250342800644 86024
700 1791250342813617 82147
701 1791250342832471 79926
702 1791250342846303 75560
703 1791250342873071 79344
704 1791250342891303 77684
705 1791250342902413 74031
706 1791250342930052 80610
707 1791250342943687 73549
708 1791250342962700 71530
709 1791250342979738 70333
710 1791250342993608 63552
711 1791250343009842 58256
712 1791250343024792 56625
713 1791250343045527 51916
714 1791250343063148 53301
715 1791250343075276 47151
716 1791250343094223 45928
717 1791250343112113 43624
718 1791250343134460 45203
719 1791250343149866 37751
720 1791250343162235 33916
721 1791250343182667 33337
722 1791250343196597 27968
723 1791250343215856 27801
724 1791250343234438 26380
725 1791250343263265 32610
726 1791250343281417 31540
727 1791250343303149 30102
728 1791250343321902 29148
729 1791250343353532 42098
730 1791250343357944 25362
731 1791250343381832 28350
732 1791250343403244 32059
733 1791250343416320 27530
734 1791250343445577 36231
735 1791250343456357 26229
736 1791250343483118 32366
737 1791250343506001 34593
738 1791250343523453 30468
739 1791250343547472 34739
740 1791250343564335 29661
741 1791250343575406 25880
742 1791250343604800 30655
743 1791250343623367 29427
744 1791250343638436 25246
745 1791250343656464 24933
746 1791250343678493 24666
747 1791250343695863 26612
748 1791250343721368 30747
749 1791250343742857 28649
750 1791250343764994 32903
751 1791250343785494 31224
752 1791250343811234 38571
753 1791250343824209 31097
754 1791250343842501 31264
755 1791250343854676 26051
756 1791250343874696 25736
757 1791250343896145 28236
758 1791250343920894 28914
759 1791250343946532 33853
760 1791250343960929 27881
761 1791250343975270 26813
762 1791250344006720 31445
763 1791250344014421 23518
764 1791250344035175 27201
765 1791250344065295 31846
766 1791250344075870 25955
767 1791250344098016 23297
768 1791250344119854 31717
769 1791250344145108 32192
770 1791250344165400 31445
771 1791250344182968 28927
772 1791250344194048 21949
773 1791250344217426 25465
774 1791250344236993 27738
775 1791250344259391 28822
776 1791250344280599 27191
777 1791250344297791 27662
778 1791250344326823 35822
779 1791250344347430 33308
780 1791250344364371 35988
781 1791250344376854 28194
782 1791250344395228 26458
783 1791250344413978 23999
784 1791250344441802 29390
785 1791250344457970 27507
786 1791250344479484 31587
787 1791250344495420 22224
788 1791250344524607 29183
789 1791250344541812 29174
790 1791250344561822 31934
791 1791250344585020 29410
792 1791250344596139 27650
793 1791250344616660 28379
794 1791250344643445 29695
795 1791250344663937 32862
796 1791250344684641 31643
797 1791250344706724 34791
798 1791250344720111 28938
799 1791250344742578 28265
800 1791250344762143 30857
801 1791250344784082 33669
802 1791250344802304 30670
803 1791250344824933 35539
804 1791250344853303 38886
805 1791250344873862 42089
806 1791250344889571 41671
807 1791250344915452 45770
808 1791250344946808 57232
809 1791250344965759 55325
810 1791250344996498 62699
811 1791250345018486 64301
812 1791250345035634 66073
813 1791250345054065 65942
814 1791250345084713 75667
815 1791250345113898 81994
816 1791250345143249 90007
817 1791250345155718 82641
818 1791250345178128 87668
819 1791250345211999 98096
820 1791250345222655 93087
821 1791250345243303 88678
822 1791250345264552 96159
823 1791250345297893 106722
824 1791250345314045 102044
825 1791250345332604 102829
826 1791250345363112 110315
827 1791250345381829 108668
828 1791250345388245 99723
829 1791250345415207 101159
830 1791250345434637 102028
831 1791250345458284 106164
832 1791250345481771 110243
833 1791250345498197 109947
834 1791250345524276 110930
835 1791250345542653 108007
836 1791250345555959 105402
837 1791250345576361 107045
838 1791250345596307 104668
839 1791250345608231 94560
840 1791250345624964 92660
841 1791250345645713 93784
842 1791250345661067 92320
843 1791250345681241 88584
844 1791250345692808 84573
845 1791250345719911 85884
846 1791250345734478 84706
847 1791250345745635 77208
848 1791250345772986 80369
849 1791250345787673 76568
850 1791250345812582 78101
851 1791250345826679 72137
852 1791250345837094 64105
853 1791250345857473 69798
854 1791250345869939 57353
855 1791250345879625 50119
856 1791250345896087 43453
857 1791250345906264 37291
858 1791250345916616 27843
859 1791250345937161 26475
860 1791250345965498 34233
861 1791250345981441 28807
862 1791250346003771 30264
863 1791250346022291 29579
864 1791250346041424 30382
865 1791250346065367 30507
866 1791250346079078 26040
867 1791250346104295 30530
868 1791250346121198 27373
869 1791250346137318 26720
870 1791250346164897 31794
871 1791250346182641 28573
872 1791250346200109 32026
873 1791250346228780 35402
874 1791250346244872 31343
875 1791250346262830 34045
876 1791250346282733 32783
877 1791250346296607 28441
878 1791250346317699 23010
879 1791250346337124 26247
880 1791250346359808 27964
881 1791250346373729 25497
882 1791250346404743 31008
883 1791250346424100 33986
884 1791250346443791 35385
885 1791250346471222 40211
886 1791250346473892 25732
887 1791250346505723 34498
888 1791250346516966 26605
889 1791250346536926 28253
890 1791250346559204 30327
891 1791250346588199 33978
892 1791250346604391 33777
893 1791250346615712 27509
894 1791250346635098 26388
895 1791250346654928 25847
896 1791250346680703 29998
897 1791250346699332 29188
898 1791250346725669 36968
899 1791250346744289 29801
900 1791250346764150 33269
901 1791250346785393 31839
902 1791250346796271 27848
903 1791250346818915 30023
904 1791250346849628 36799
905 1791250346862957 34696
906 1791250346877170 27540
907 1791250346895076 23273
908 1791250346920528 29138
909 1791250346949000 36345
910 1791250346959939 31650
911 1791250346975522 26520
912 1791250346997760 29171
913 1791250347021999 29334
914 1791250347035684 25357
915 1791250347055314 25491
916 1791250347074152 26011
917 1791250347101044 30748
918 1791250347123458 28677
919 1791250347138631 25191
920 1791250347167237 35273
921 1791250347185321 31680
922 1791250347195710 26287
923 1791250347220995 32449
924 1791250347235348 27139
925 1791250347257486 26252
926 1791250347276028 24094
927 1791250347299215 28857
928 1791250347321814 28866
929 1791250347344058 34616
930 1791250347373316 40842
931 1791250347386235 33636
932 1791250347396779 23458
933 1791250347425300 33629
934 1791250347432979 24008
935 1791250347465513 32528
936 1791250347484942 32312
937 1791250347505336 31683
938 1791250347524683 30869
939 1791250347544385 30836
940 1791250347563444 31630
941 1791250347582735 30138
942 1791250347606845 35313
943 1791250347617662 25452
944 1791250347642756 29530
945 1791250347657525 29409
946 1791250347683932 30943
947 1791250347697797 26150
948 1791250347720190 27684
949 1791250347737463 29327
950 1791250347764637 32791
951 1791250347786396 33622
952 1791250347799632 25693
953 1791250347826762 32902
954 1791250347843762 34666
955 1791250347860552 29532
956 1791250347878615 29201
957 1791250347894069 26256
958 1791250347924748 30674
959 1791250347936147 24104
960 1791250347959191 28446
961 1791250347982788 29253
962 1791250348008421 35780
963 1791250348021657 32489
964 1791250348033081 24656
965 1791250348058694 25608
966 1791250348075384 26962
967 1791250348103435 30454
968 1791250348115583 24249
969 1791250348141200 27768
970 1791250348164519 32285
971 1791250348184027 32092
972 1791250348199796 27869
973 1791250348217576 28286
974 1791250348244331 31420
975 1791250348263947 32571
976 1791250348286270 34496
977 1791250348299644 29151
978 1791250348325407 32326
979 1791250348342108 28885
980 1791250348358299 27029
981 1791250348379054 27180
982 1791250348397883 29369
983 1791250348423560 31191
984 1791250348441808 29972
985 1791250348457266 28811
986 1791250348475134 23136
987 1791250348497795 28692
988 1791250348520142 31346
989 1791250348542834 30416
990 1791250348562994 30565
991 1791250348577895 27629
992 1791250348602202 29134
993 1791250348625361 33498
994 1791250348640470 27407
995 1791250348658792 29952
996 1791250348683273 29652
997 1791250348702915 30652
998 1791250348724242 32848
999 1791250348743845 30685
1000 1791250348763317 30316
1001 1791250348783882 32531
1002 1791250348796929 28262
1003 1791250348827974 36935
1004 1791250348848062 34177
1005 1791250348865879 37901
1006 1791250348883114 35076
1007 1791250348915310 46654
1008 1791250348940041 49646
1009 1791250348955731 47182
1010 1791250348976554 48157
1011 1791250349011635 59694
1012 1791250349027825 56880
1013 1791250349052577 60672
1014 1791250349086426 74789
1015 1791250349097996 70168
1016 1791250349124965 76287
1017 1791250349147651 78851
1018 1791250349164490 70255
1019 1791250349178517 70298
1020 1791250349203342 74206
1021 1791250349224587 76933
1022 1791250349250098 81009
1023 1791250349266303 76375
1024 1791250349291070 78447
1025 1791250349316721 87786
1026 1791250349328131 78030
1027 1791250349350450 78625
1028 1791250349374442 83370
1029 1791250349384883 74349
1030 1791250349412312 84205
1031 1791250349434073 83620
1032 1791250349454362 83976
1033 1791250349483282 93138
1034 1791250349502626 90309
1035 1791250349523337 92345
1036 1791250349535804 86282
1037 1791250349559828 90886
1038 1791250349582638 93611
1039 1791250349594469 84699
1040 1791250349608294 79315
1041 1791250349632447 82104
1042 1791250349654320 82110
1043 1791250349664980 76496
1044 1791250349687135 78838
1045 1791250349712104 79651
1046 1791250349724230 74960
1047 1791250349744638 75356
1048 1791250349762909 74507
1049 1791250349789435 77329
1050 1791250349801665 69201
1051 1791250349828185 77609
1052 1791250349846258 74989
1053 1791250349858078 68733
1054 1791250349872694 64386
1055 1791250349887431 59244
1056 1791250349908103 58361
1057 1791250349917697 45001
1058 1791250349935276 43119
1059 1791250349942861 34756
1060 1791250349960949 31648
1061 1791250349975288 25038
1062 1791250349998205 29858
1063 1791250350016840 27188
1064 1791250350039130 29901
1065 1791250350060620 29815
1066 1791250350084338 33600
1067 1791250350099608 31149
1068 1791250350124731 30980
1069 1791250350146836 33675
1070 1791250350165087 31955
1071 1791250350177766 27896
1072 1791250350202517 29807
1073 1791250350213562 22998
1074 1791250350240005 31086
1075 1791250350255130 26063
1076 1791250350284650 33009
1077 1791250350298538 27159
1078 1791250350324492 31298
1079 1791250350345883 31644
1080 1791250350358307 28434
1081 1791250350382077 28239
1082 1791250350397439 25797
1083 1791250350418817 28282
1084 1791250350443281 29747
1085 1791250350455081 24335
1086 1791250350478305 29400
1087 1791250350503127 30236
1088 1791250350524869 33828
1089 1791250350534233 25851
1090 1791250350563994 29759
1091 1791250350582842 30404
1092 1791250350601786 31615
1093 1791250350617585 25477
1094 1791250350639091 28312
1095 1791250350655657 27795
1096 1791250350685184 29524
1097 1791250350700702 31774
1098 1791250350725410 35582
1099 1791250350738256 25821
1100 1791250350765900 33973
1101 1791250350784086 30532
1102 1791250350797437 27202
1103 1791250350814716 26141
1104 1791250350834880 25591
1105 1791250350856421 23340
1106 1791250350881920 30259
1107 1791250350895790 26316
1108 1791250350922695 26901
1109 1791250350943419 34331
1110 1791250350954484 25675
1111 1791250350975603 27069
1112 1791250351004079 32078
1113 1791250351017549 27568
1114 1791250351035690 26870
1115 1791250351060400 28872
1116 1791250351075308 24861
1117 1791250351098228 29402
1118 1791250351120849 27722
1119 1791250351136234 25908
1120 1791250351159561 26333
1121 1791250351177204 24197
1122 1791250351198753 26044
1123 1791250351223634 30788
1124 1791250351244277 32562
1125 1791250351255138 26379
1126 1791250351279871 29391
1127 1791250351302939 30431
1128 1791250351315510 25821
1129 1791250351343498 33337
1130 1791250351357536 24706
1131 1791250351382966 29432
1132 1791250351403990 31516
1133 1791250351415621 22243
1134 1791250351441787 29929
1135 1791250351464593 31229
1136 1791250351484476 30339
1137 1791250351495824 26953
1138 1791250351525606 31218
1139 1791250351543830 31164
1140 1791250351558756 27547
1141 1791250351579360 28531
1142 1791250351607855 35325
1143 1791250351621503 28329
1144 1791250351632338 24482
1145 1791250351654023 25179
1146 1791250351689644 35620
1147 1791250351707401 34340
1148 1791250351719189 29541
1149 1791250351745563 33509
1150 1791250351763263 29605
1151 1791250351774551 24903
1152 1791250351793980 25583
1153 1791250351817846 25540
1154 1791250351845076 33732
1155 1791250351859498 25868
1156 1791250351881844 27919
1157 1791250351893903 24058
1158 1791250351929980 37483
1159 1791250351936470 26312
1160 1791250351953575 24513
1161 1791250351975390 26593
1162 1791250351996529 26985
1163 1791250352013705 21889
1164 1791250352035941 22233
1165 1791250352050609 22499
1166 1791250352071977 21498
1167 1791250352092510 24422
1168 1791250352113430 24393
1169 1791250352136559 23127
1170 1791250352152095 23969
1171 1791250352179649 27549
1172 1791250352199915 26218
1173 1791250352216975 23480
1174 1791250352233169 21729
1175 1791250352263700 34335
1176 1791250352277377 28127
1177 1791250352291966 20701
1178 1791250352321673 29693
1179 1791250352335655 26815
1180 1791250352353437 22816
1181 1791250352374196 25295
1182 1791250352395620 26786
1183 1791250352412494 22953
1184 1791250352435527 25307
1185 1791250352453971 23764
1186 1791250352475176 21247
1187 1791250352493046 23938
1188 1791250352509959 21092
1189 1791250352533603 23641
1190 1791250352558576 24968
1191 1791250352570456 20696
1192 1791250352594272 23811
1193 1791250352613872 25363
1194 1791250352639534 27385
1195 1791250352657615 24531
1196 1791250352674581 22662
1197 1791250352694230 21617
1198 1791250352715482 24802
1199 1791250352729886 20441
1200 1791250352754022 24184
1201 1791250352775303 26380
1202 1791250352794320 22365
1203 1791250352813969 24952
1204 1791250352831976 21216
1205 1791250352854470 25110
1206 1791250352876919 27380
1207 1791250352896488 24571
1208 1791250352915307 23613
1209 1791250352931367 21306
1210 1791250352955359 24894
1211 1791250352973219 24717
1212 1791250352991312 22755
1213 1791250353015049 23734
1214 1791250353033328 22542
1215 1791250353062893 29550
1216 1791250353073862 24497
1217 1791250353093174 25183
1218 1791250353114464 21345
1219 1791250353135567 21612
1220 1791250353153801 25087
1221 1791250353174022 26117
1222 1791250353194345 25798
1223 1791250353215896 27255
1224 1791250353234217 24893
1225 1791250353252973 23747
1226 1791250353274919 24819
1227 1791250353295488 24583
1228 1791250353314004 25650
1229 1791250353332597 23353
1230 1791250353356436 23836
1231 1791250353376737 24935
1232 1791250353395675 24688
1233 1791250353412146 21518
1234 1791250353438129 26883
1235 1791250353455273 22271
1236 1791250353474514 21259
1237 1791250353491750 21990
1238 1791250353512784 22958
1239 1791250353534581 21795
1240 1791250353551935 21709
1241 1791250353573400 21463
1242 1791250353602782 30206
1243 1791250353612979 23419
1244 1791250353633392 25141
1245 1791250353654411 25403
1246 1791250353674174 25375
1247 1791250353701984 27880
1248 1791250353713598 24127
1249 1791250353735243 26256
1250 1791250353755312 27012
1251 1791250353772933 23346
1252 1791250353794143 21199
1253 1791250353813018 22881
1254 1791250353832855 23573
1255 1791250353852952 22550
1256 1791250353873407 24054
1257 1791250353894105 25233
1258 1791250353912457 23821
1259 1791250353935993 24643
1260 1791250353955124 23261
1261 1791250353973395 23869
1262 1791250353999394 25996
1263 1791250354014191 20756
1264 1791250354031940 22600
1265 1791250354053418 21534
1266 1791250354075609 25073
1267 1791250354092090 23528
1268 1791250354118414 26321
1269 1791250354143743 29234
1270 1791250354154971 22163
1271 1791250354174891 26209
1272 1791250354193443 23371
1273 1791250354214202 20805
1274 1791250354233994 23786
1275 1791250354253184 24901
1276 1791250354268725 20576
1277 1791250354295484 26844
1278 1791250354316692 21206
1279 1791250354334043 23698
1280 1791250354355565 27321
1281 1791250354373952 24628
1282 1791250354396627 26045
1283 1791250354415347 23353
1284 1791250354432583 23779
1285 1791250354453704 21223
1286 1791250354472363 21645
1287 1791250354496068 23703
1288 1791250354516050 24780
1289 1791250354534282 22328
1290 1791250354552959 23991
1291 1791250354570686 22326
1292 1791250354594987 24298
1293 1791250354616235 24202
1294 1791250354634190 26107
1295 1791250354652856 21867
1296 1791250354674452 21593
1297 1791250354693618 23598
1298 1791250354716136 22514
1299 1791250354729684 21698
1300 1791250354754155 24529
1301 1791250354774721 23747
1302 1791250354793854 25523
1303 1791250354815001 26132
1304 1791250354836518 26966
1305 1791250354851036 20903
1306 1791250354874278 23302
1307 1791250354897664 26972
1308 1791250354923605 30978
1309 1791250354935279 27471
1310 1791250354954593 23233
1311 1791250354971944 22614
1312 1791250354993537 21589
1313 1791250355018673 25134
1314 1791250355035828 22241
1315 1791250355056164 23379
1316 1791250355073491 22739
1317 1791250355095674 27135
1318 1791250355113116 23938
1319 1791250355137758 24640
1320 1791250355157938 24624
1321 1791250355193799 45614
1322 1791250355214870 41008
1323 1791250355247971 54169
1324 1791250355263797 50788
1325 1791250355283922 50541
1326 1791250355295160 47186
1327 1791250355323643 54984
1328 1791250355345026 53534
1329 1791250355374473 61190
1330 1791250355390062 58961
1331 1791250355407463 56980
1332 1791250355434779 60303
1333 1791250355446505 56442
1334 1791250355474770 62095
1335 1791250355498392 67652
1336 1791250355520351 66727
1337 1791250355534775 60667
1338 1791250355555791 63411
1339 1791250355581763 68400
1340 1791250355601314 72571
1341 1791250355625611 77398
1342 1791250355642212 69064
1343 1791250355676918 82096
1344 1791250355694741 79024
1345 1791250355705187 71916
1346 1791250355726730 75523
1347 1791250355749100 77818
1348 1791250355773484 79315
1349 1791250355793850 81304
1350 1791250355811000 77574
1351 1791250355830405 81301
1352 1791250355853605 80117
1353 1791250355864359 70921
1354 1791250355885119 74115
1355 1791250355913433 83024
1356 1791250355935886 82985
1357 1791250355953791 84311
1358 1791250355985811 92025
1359 1791250355996004 82570
1360 1791250356006720 74881
1361 1791250356035670 83380
1362 1791250356053467 80675
1363 1791250356074832 86777
1364 1791250356098537 86689
1365 1791250356125667 93689
1366 1791250356144707 92266
1367 1791250356160373 91571
1368 1791250356184220 91282
1369 1791250356210845 95803
1370 1791250356219757 89887
1371 1791250356245481 91376
1372 1791250356265464 96159
1373 1791250356287288 95461
1374 1791250356315276 105141
1375 1791250356335341 101828
1376 1791250356354716 100287
1377 1791250356370852 100615
1378 1791250356403243 109107
1379 1791250356424178 115259
1380 1791250356443907 113013
1381 1791250356471527 117790
1382 1791250356495925 126639
1383 1791250356518347 127962
1384 1791250356534439 121611
1385 1791250356563541 129561
1386 1791250356578502 124780
1387 1791250356587267 116633
1388 1791250356609144 114811
1389 1791250356644015 131906
1390 1791250356646248 111805
1391 1791250356667335 113849
1392 1791250356676218 105095
1393 1791250356694746 105549
1394 1791250356718059 109725
1395 1791250356744859 111406
1396 1791250356764858 116512
1397 1791250356785787 116170
1398 1791250356802071 108929
1399 1791250356825271 111157
1400 1791250356841583 112908
1401 1791250356853625 103583
1402 1791250356875688 103955
1403 1791250356890968 99114
1404 1791250356910504 97735
1405 1791250356924596 92227
1406 1791250356939433 90739
1407 1791250356963294 94179
1408 1791250356979137 89469
1409 1791250356995424 84916
1410 1791250357014318 80878
1411 1791250357014324 61884
1412 1791250357033485 64954
1413 1791250357044853 52832
1414 1791250357055970 42839
1415 1791250357076663 43175
1416 1791250357092334 41699
1417 1791250357107845 36151
1418 1791250357130527 38793
1419 1791250357144514 36666
1420 1791250357162038 31890
1421 1791250357183873 34276
1422 1791250357212429 38210
1423 1791250357215261 24395
1424 1791250357239220 26789
1425 1791250357265990 33682
1426 1791250357277668 29090
1427 1791250357299655 27393
1428 1791250357323793 30405
1429 1791250357337717 29398
1430 1791250357376710 42772
1431 1791250357393573 37329
1432 1791250357413000 41153
1433 1791250357417718 24141
1434 1791250357443175 34410
1435 1791250357460746 32166
1436 1791250357493682 39635
1437 1791250357502273 33682
1438 1791250357526392 32707
1439 1791250357544730 33704
1440 1791250357564636 33070
1441 1791250357582031 31487
1442 1791250357604532 36728
1443 1791250357622711 32697
1444 1791250357640649 27801
1445 1791250357653639 25406
1446 1791250357681823 29869
1447 1791250357704931 35720
1448 1791250357724225 30324
1449 1791250357746675 37052
1450 1791250357762565 34169
1451 1791250357784833 31227
1452 1791250357800028 28059
1453 1791250357831545 38921
1454 1791250357838443 29783
1455 1791250357858670 29732
1456 1791250357882619 29246
1457 1791250357909157 39788
1458 1791250357924852 34922
1459 1791250357940406 31246
1460 1791250357960657 27761
1461 1791250357981511 31005
1462 1791250357997618 29504
1463 1791250358017497 28134
1464 1791250358044981 36688
1465 1791250358063093 29667
1466 1791250358079676 29156
1467 1791250358105429 35379
1468 1791250358120807 31417
1469 1791250358140982 27557
1470 1791250358165546 35122
1471 1791250358193474 41009
1472 1791250358202454 30190
1473 1791250358217632 24145
1474 1791250358245787 33532
1475 1791250358263838 30629
1476 1791250358285013 31912
1477 1791250358303766 35573
1478 1791250358315417 24513
1479 1791250358337182 28813
1480 1791250358363898 30306
1481 1791250358386380 37663
1482 1791250358403539 35290
1483 1791250358417440 23798
1484 1791250358434783 26662
1485 1791250358460705 31644
1486 1791250358478230 25279
1487 1791250358498876 30911
1488 1791250358523014 29325
1489 1791250358543781 30965
1490 1791250358560362 32073
1491 1791250358592696 40285
1492 1791250358609603 40784
1493 1791250358619003 27204
1494 1791250358644178 35439
1495 1791250358665810 30107
1496 1791250358692186 42815
1497 1791250358705972 33557
1498 1791250358739055 46866
1499 1791250358758456 44327
1500 1791250358773230 44610
1501 1791250358796761 43473
1502 1791250358803271 33414
1503 1791250358833995 40181
1504 1791250358853584 44943
1505 1791250358866537 38803
1506 1791250358889695 37077
1507 1791250358911483 42824
1508 1791250358933661 43963
1509 1791250358945471 33985
1510 1791250358984037 50746
1511 1791250358996163 43902
1512 1791250359011846 38517
1513 1791250359034644 45313
1514 1791250359064025 53022
1515 1791250359075212 41567
1516 1791250359096090 44582
1517 1791250359113766 45191
1518 1791250359139367 45720
1519 1791250359150184 41652
1520 1791250359174541 46102
1521 1791250359192101 41914
1522 1791250359227619 53811
1523 1791250359244946 53558
1524 1791250359264885 55885
1525 1791250359275501 47878
1526 1791250359307710 59549
1527 1791250359322923 50755
1528 1791250359339285 49758
1529 1791250359353489 45776
1530 1791250359372929 44160
1531 1791250359400253 51725
1532 1791250359419964 47769
1533 1791250359436552 42687
1534 1791250359461238 49406
1535 1791250359475247 47129
1536 1791250359506314 58516
1537 1791250359535730 66379
1538 1791250359544576 52022
1539 1791250359565902 57410
1540 1791250359578427 48242
1541 1791250359594952 42642
1542 1791250359615661 46684
1543 1791250359643641 49878
1544 1791250359675936 62796
1545 1791250359675951 47181
1546 1791250359695807 43713
1547 1791250359728240 54286
1548 1791250359745922 53724
1549 1791250359764809 52142
1550 1791250359783065 54820
1551 1791250359804246 53824
1552 1791250359821779 52887
1553 1791250359845456 53470
1554 1791250359869969 57059
1555 1791250359889030 56171
1556 1791250359903816 55261
1557 1791250359923620 54470
1558 1791250359946742 57708
1559 1791250359973281 62088
1560 1791250359995844 65659
1561 1791250360008301 59418
1562 1791250360023139 49854
1563 1791250360060107 67588
1564 1791250360074123 65819
1565 1791250360095868 63010
1566 1791250360117507 63727
1567 1791250360129303 55874
1568 1791250360153152 64532
1569 1791250360166928 57264
1570 1791250360183722 54416
1571 1791250360210483 62021
1572 1791250360233919 60022
1573 1791250360249137 56589
1574 1791250360265573 55087
1575 1791250360285346 55901
1576 1791250360302460 53881
1577 1791250360324915 52887
1578 1791250360354559 61583
1579 1791250360375638 64241
1580 1791250360393475 64137
1581 1791250360410012 61268
1582 1791250360433080 65279
1583 1791250360453556 61017
1584 1791250360482948 73560
1585 1791250360502840 74019
1586 1791250360509251 60305
1587 1791250360532790 63821
1588 1791250360548244 58182
1589 1791250360570199 60946
1590 1791250360595419 62626
1591 1791250360608106 59860
1592 1791250360632959 62758
1593 1791250360648942 59710
1594 1791250360674292 66183
1595 1791250360696094 64027
1596 1791250360715775 66830
1597 1791250360735716 65614
1598 1791250360754589 64652
1599 1791250360784584 75911
1600 1791250360808293 79401
1601 1791250360813928 63027
1602 1791250360837719 64912
1603 1791250360854570 66438
1604 1791250360874159 65862
1605 1791250360894452 64838
1606 1791250360923566 69748
1607 1791250360933015 64188
1608 1791250360954743 66141
1609 1791250360982176 73421
1610 1791250361005344 76816
1611 1791250361024770 71506
1612 1791250361044696 70386
1613 1791250361065525 74047
1614 1791250361074040 62069
1615 1791250361103899 75867
1616 1791250361125010 71452
1617 1791250361146494 78004
1618 1791250361162825 73809
1619 1791250361175167 61630
1620 1791250361194778 65912
1621 1791250361230816 82146
1622 1791250361240227 71764
1623 1791250361263433 71048
1624 1791250361272519 60858
1625 1791250361292773 62307
1626 1791250361308820 59951
1627 1791250361324594 52948
1628 1791250361344489 52734
1629 1791250361362201 53378
1630 1791250361388227 55208
1631 1791250361395861 46745
1632 1791250361425276 51948
1633 1791250361436388 48160
1634 1791250361454072 44081
1635 1791250361464576 36061
1636 1791250361485932 32475
1637 1791250361511003 37840
1638 1791250361524236 34660
1639 1791250361543092 34686
1640 1791250361570368 36198
1641 1791250361586042 32054
1642 1791250361602954 34624
1643 1791250361618167 29536
1644 1791250361634551 26011
1645 1791250361663567 34545
1646 1791250361685446 33343
1647 1791250361702939 33494
1648 1791250361723770 32229
1649 1791250361740069 29360
1650 1791250361764590 35858
1651 1791250361784293 30936
1652 1791250361803047 31137
1653 1791250361823608 33549
1654 1791250361837114 27546
1655 1791250361870295 42368
1656 1791250361875998 23362
1657 1791250361904171 33873
1658 1791250361925138 30473
1659 1791250361942455 33357
1660 1791250361957958 26894
1661 1791250361984348 35495
1662 1791250362002724 29553
1663 1791250362027566 33859
1664 1791250362044254 31044
1665 1791250362063118 35549
1666 1791250362093347 42115
1667 1791250362097494 25061
1668 1791250362119416 27424
1669 1791250362139338 30269
1670 1791250362168380 35054
1671 1791250362177911 27328
1672 1791250362196856 28473
1673 1791250362224544 36406
1674 1791250362244490 31195
1675 1791250362258725 30621
1676 1791250362298719 45959
1677 1791250362302720 29260
1678 1791250362327340 38068
1679 1791250362348316 35878
1680 1791250362364357 32344
1681 1791250362381563 33244
1682 1791250362413207 39955
1683 1791250362442973 51972
1684 1791250362453183 41558
1685 1791250362471117 38778
1686 1791250362485179 37032
1687 1791250362512312 41193
1688 1791250362525503 31485
1689 1791250362545318 33004
1690 1791250362563927 30894
1691 1791250362590964 36582
1692 1791250362607269 37770
1693 1791250362627219 36252
1694 1791250362654121 40270
1695 1791250362667538 38550
1696 1791250362698111 49354
1697 1791250362705820 38279
1698 1791250362735559 44149
1699 1791250362746853 37991
1700 1791250362766155 32747
1701 1791250362795741 42425
1702 1791250362823452 49862
1703 1791250362832153 40202
1704 1791250362856210 45529
1705 1791250362874681 44138
1706 1791250362903066 51204
1707 1791250362919295 50593
1708 1791250362935017 41331
1709 1791250362964079 50135
1710 1791250362973972 41014
1711 1791250362993656 45332
1712 1791250363024149 54684
1713 1791250363036185 47751
1714 1791250363064345 55882
1715 1791250363088030 53662
1716 1791250363096114 44635
1717 1791250363124602 54930
1718 1791250363143745 55711
1719 1791250363154562 45410
1720 1791250363182246 50184
1721 1791250363206972 56165
1722 1791250363212132 41535
1723 1791250363243222 52884
1724 1791250363258837 49787
1725 1791250363288195 54755
1726 1791250363295538 43030
1727 1791250363325799 52451
1728 1791250363346194 57995
1729 1791250363364381 51183
1730 1791250363390625 57021
1731 1791250363405454 56785
1732 1791250363432944 58752
1733 1791250363449418 58782
1734 1791250363477143 63707
1735 1791250363493762 60814
1736 1791250363499061 50356
1737 1791250363523744 51716
1738 1791250363545717 51952
1739 1791250363575334 60321
1740 1791250363581800 53797
1741 1791250363608865 60911
1742 1791250363623343 49637
1743 1791250363648065 59243
1744 1791250363663305 54437
1745 1791250363692288 62845
1746 1791250363711712 63645
1747 1791250363731952 58259
1748 1791250363761470 69996
1749 1791250363778921 67560
1750 1791250363794432 62477
1751 1791250363803303 53383
1752 1791250363833743 61840
1753 1791250363859883 71485
1754 1791250363870597 61500
1755 1791250363898526 65279
1756 1791250363915144 61092
1757 1791250363943601 73002
1758 1791250363961957 74110
1759 1791250363982026 74370
1760 1791250363994693 63460
1761 1791250364023636 70672
1762 1791250364026365 53317
1763 1791250364050979 58657
1764 1791250364074572 61581
1765 1791250364104659 70636
1766 1791250364120641 71401
1767 1791250364138023 69668
1768 1791250364156420 68518
1769 1791250364175432 66865
1770 1791250364201608 73724
1771 1791250364224175 70430
1772 1791250364234365 63560
1773 1791250364251247 61208
1774 1791250364273497 62354
1775 1791250364298998 70637
1776 1791250364313432 63030
1777 1791250364342521 70407
1778 1791250364355352 66553
1779 1791250364381785 73649
1780 1791250364408213 76226
1781 1791250364417031 68659
1782 1791250364436872 68283
1783 1791250364464668 71834
1784 1791250364482836 74620
1785 1791250364492350 59401
1786 1791250364522191 69940
1787 1791250364544333 70182
1788 1791250364562869 72202
1789 1791250364583776 73785
1790 1791250364609395 80308
1791 1791250364622229 72306
1792 1791250364636502 67510
1793 1791250364650464 58024
1794 1791250364675322 65925
1795 1791250364704065 73161
1796 1791250364716769 67322
1797 1791250364735942 67118
1798 1791250364751474 61498
1799 1791250364769248 57735
1800 1791250364789862 61755
1801 1791250364797418 47054
1802 1791250364817534 48285
1803 1791250364837726 48466
1804 1791250364849867 38057
1805 1791250364859320 31058
1806 1791250364878906 29739
1807 1791250364901168 27298
1808 1791250364925665 32887
1809 1791250364950407 37982
1810 1791250364964903 30498
1811 1791250364983878 33467
1812 1791250365003316 33136
1813 1791250365022779 34490
1814 1791250365041891 30613
1815 1791250365062551 33389
1816 1791250365079795 26934
1817 1791250365098907 30766
1818 1791250365124411 33964
1819 1791250365146858 34532
1820 1791250365166954 33811
1821 1791250365185020 31862
1822 1791250365202318 30652
1823 1791250365219159 30248
1824 1791250365249137 35681
1825 1791250365259576 29746
1826 1791250365278318 29910
1827 1791250365295503 21993
1828 1791250365323031 32429
1829 1791250365346503 33476
1830 1791250365363520 35330
1831 1791250365379649 25182
1832 1791250365401964 31176
1833 1791250365422798 31460
1834 1791250365443129 34368
1835 1791250365461027 32806
1836 1791250365492667 37710
1837 1791250365511887 40738
1838 1791250365517098 25074
1839 1791250365548199 36981
1840 1791250365563558 29976
1841 1791250365574695 26493
1842 1791250365598561 25029
1843 1791250365618397 30144
1844 1791250365637089 23790
1845 1791250365654891 22357
1846 1791250365685565 36371
1847 1791250365695543 22122
1848 1791250365723125 34500
1849 1791250365751417 38285
1850 1791250365765932 36078
1851 1791250365784894 36519
1852 1791250365800436 25693
1853 1791250365822628 31847
1854 1791250365843963 32025
1855 1791250365865825 37639
1856 1791250365882630 33359
1857 1791250365897289 28673
1858 1791250365915615 27713
1859 1791250365948536 37528
1860 1791250365973422 41265
1861 1791250365981502 32963
1862 1791250366004136 30710
1863 1791250366023476 33116
1864 1791250366046350 35168
1865 1791250366064774 34928
1866 1791250366089336 36343
1867 1791250366100676 32818
1868 1791250366116245 26905
1869 1791250366144810 36749
1870 1791250366168692 38706
1871 1791250366192856 42910
1872 1791250366205539 36933
1873 1791250366224218 33706
1874 1791250366237769 29449
1875 1791250366258421 29669
1876 1791250366274839 25287
1877 1791250366306670 35035
1878 1791250366329005 35392
1879 1791250366350261 35625
1880 1791250366363094 34537
1881 1791250366387369 37106
1882 1791250366395717 25696
1883 1791250366427833 37630
1884 1791250366443953 32926
1885 1791250366463422 35586
1886 1791250366483664 34020
1887 1791250366504844 35638
1888 1791250366532491 38195
1889 1791250366557193 45325
1890 1791250366567388 34988
1891 1791250366589364 38177
1892 1791250366615412 40734
1893 1791250366627465 38098
1894 1791250366654230 39740
1895 1791250366672548 43292
1896 1791250366694137 41269
1897 1791250366713491 41586
1898 1791250366738408 50587
1899 1791250366754518 41532
1900 1791250366780074 46427
1901 1791250366796415 44418
1902 1791250366818023 45630
1903 1791250366838428 45654
1904 1791250366852883 43486
1905 1791250366877330 43096
1906 1791250366894705 42838
1907 1791250366921446 52065
1908 1791250366948462 53754
1909 1791250366960610 47180
1910 1791250366977190 45205
1911 1791250366995357 46892
1912 1791250367013972 44894
1913 1791250367043083 49600
1914 1791250367054927 41870
1915 1791250367075342 41052
1916 1791250367099373 50111
1917 1791250367115793 42680
1918 1791250367141769 47903
1919 1791250367163191 51174
1920 1791250367174604 42551
1921 1791250367204141 54068
1922 1791250367225417 56798
1923 1791250367235971 42224
1924 1791250367263102 53990
1925 1791250367275661 46039
1926 1791250367302445 54288
1927 1791250367323141 50571
1928 1791250367343216 55041
1929 1791250367372620 59406
1930 1791250367378061 46350
1931 1791250367411217 57167
1932 1791250367423264 51363
1933 1791250367445551 51508
1934 1791250367463201 54997
1935 1791250367486238 56716
1936 1791250367504408 53613
1937 1791250367513038 41995
1938 1791250367537462 44782
1939 1791250367564952 51925
1940 1791250367575573 47005
1941 1791250367595564 45134
1942 1791250367633162 60693
1943 1791250367644661 54487
1944 1791250367672121 64069
1945 1791250367689984 57879
1946 1791250367714570 66077
1947 1791250367734692 64360
1948 1791250367754397 64411
1949 1791250367768956 60351
1950 1791250367780190 51771
1951 1791250367799601 50531
1952 1791250367819748 51000
1953 1791250367845904 53204
1954 1791250367867114 54456
1955 1791250367892597 64126
1956 1791250367919283 65491
1957 1791250367944075 70856
1958 1791250367953678 61079
1959 1791250367974655 62850
1960 1791250367986669 53068
1961 1791250368023504 69821
1962 1791250368035023 61679
1963 1791250368043184 48536
1964 1791250368068800 56591
1965 1791250368085614 51949
1966 1791250368100745 47610
1967 1791250368123432 54663
1968 1791250368147878 56102
1969 1791250368175649 61599
1970 1791250368193708 59573
1971 1791250368211829 63947
1972 1791250368231823 58584
1973 1791250368245190 56137
1974 1791250368264757 52925
1975 1791250368287963 59730
1976 1791250368306101 53728
1977 1791250368326631 53356
1978 1791250368346649 58681
1979 1791250368366386 55526
1980 1791250368384535 52113
1981 1791250368406545 54069
1982 1791250368427846 55577
1983 1791250368454691 63816
1984 1791250368467838 58753
1985 1791250368494540 66689
1986 1791250368505258 57225
1987 1791250368538243 70402
1988 1791250368564073 70620
1989 1791250368586171 71916
1990 1791250368586184 53658
1991 1791250368609723 60892
1992 1791250368633792 65255
1993 1791250368649921 61290
1994 1791250368673554 65705
1995 1791250368685896 56743
1996 1791250368714618 65431
1997 1791250368734099 62119
1998 1791250368753268 60256
1999 1791250368775096 62176
2000 1791250368795047 62811
2001 1791250368819614 71040
2002 1791250368836814 66117
2003 1791250368846733 58171
2004 1791250368873818 60335
2005 1791250368900501 69679
2006 1791250368917577 64626
2007 1791250368933003 61585
2008 1791250368960306 72102
2009 1791250368974830 65581
2010 1791250369004066 72036
2011 1791250369024004 75492
2012 1791250369041864 68948
2013 1791250369066349 76787
2014 1791250369079025 66990
2015 1791250369102616 70729
2016 1791250369118558 66856
2017 1791250369134577 61870
2018 1791250369159438 66774
2019 1791250369175462 66651
2020 1791250369201875 69482
2021 1791250369218714 66242
2022 1791250369243379 70581
2023 1791250369254072 60266
2024 1791250369274845 66374
2025 1791250369302222 69088
2026 1791250369306652 52577
2027 1791250369332556 58705
2028 1791250369350549 61537
2029 1791250369363588 51041
2030 1791250369378698 50301
2031 1791250369397227 46675
2032 1791250369414533 42015
2033 1791250369433792 41577
2034 1791250369466363 51976
2035 1791250369470751 37271
2036 1791250369494157 46054
2037 1791250369505365 34903
2038 1791250369527902 39795
2039 1791250369544111 31022
2040 1791250369558167 30262
2041 1791250369578310 24611
2042 1791250369596017 27409
2043 1791250369622215 30936
2044 1791250369639223 25367
2045 1791250369661808 33288
2046 1791250369700318 48806
2047 1791250369715324 43046
2048 1791250369724569 30961
2049 1791250369744291 34694
2050 1791250369769422 38759
2051 1791250369782022 26627
2052 1791250369803685 34260
2053 1791250369817865 29011
2054 1791250369843275 30431
2055 1791250369855968 27824
2056 1791250369882426 29470
2057 1791250369902617 34467
2058 1791250369919734 26094
2059 1791250369955609 41648
2060 1791250369970681 39015
2061 1791250369987614 39279
2062 1791250370013911 43226
2063 1791250370025129 37513
2064 1791250370047283 38189
2065 1791250370067359 31084
2066 1791250370082644 33242
2067 1791250370098007 24545
2068 1791250370135190 46319
2069 1791250370153656 39205
2070 1791250370161575 28478
2071 1791250370181721 28923
2072 1791250370198516 25644
2073 1791250370216724 24883
2074 1791250370244675 31930
2075 1791250370266203 38305
2076 1791250370287651 38812
2077 1791250370304358 30525
2078 1791250370324577 36923
2079 1791250370345479 36288
2080 1791250370368630 36423
2081 1791250370393592 40358
2082 1791250370403361 34728
2083 1791250370425963 37195
2084 1791250370472394 59064
2085 1791250370478361 45421
2086 1791250370497872 45050
2087 1791250370508900 36503
2088 1791250370523780 34476
2089 1791250370544705 35801
2090 1791250370573483 42253
2091 1791250370597020 47827
2092 1791250370614805 42684
2093 1791250370631219 34196
2094 1791250370645993 36784
2095 1791250370665242 34019
2096 1791250370692687 44293
2097 1791250370703198 33084
2098 1791250370732189 39960
2099 1791250370745772 33280
2100 1791250370774022 41830
2101 1791250370793077 38539
2102 1791250370805715 34141
2103 1791250370832871 44593
2104 1791250370851058 38769
2105 1791250370869780 37877
2106 1791250370891380 40500
2107 1791250370920305 51671
2108 1791250370933128 43734
2109 1791250370952894 38021
2110 1791250370983890 51402
2111 1791250370998228 49226
2112 1791250371017967 46265
2113 1791250371027773 37584
2114 1791250371054552 42544
2115 1791250371068024 40247
2116 1791250371092512 44332
2117 1791250371114629 46602
2118 1791250371145757 53241
2119 1791250371159245 50380
2120 1791250371182890 51909
2121 1791250371196446 48229
2122 1791250371224706 49897
2123 1791250371232413 44203
2124 1791250371263127 49435
2125 1791250371281994 52251
2126 1791250371296368 46258
2127 1791250371313472 40182
2128 1791250371342845 54568
2129 1791250371373922 60448
2130 1791250371378066 43926
2131 1791250371398722 46755
2132 1791250371414524 45558
2133 1791250371440641 50277
2134 1791250371459540 50782
2135 1791250371484971 52543
2136 1791250371494718 46457
2137 1791250371523667 49472
2138 1791250371542448 54021
2139 1791250371562702 51589
2140 1791250371581622 52785
2141 1791250371595807 43459
2142 1791250371625248 52107
2143 1791250371642665 50570
2144 1791250371668437 55599
2145 1791250371673271 40798
2146 1791250371694886 46984
2147 1791250371724289 55849
2148 1791250371754485 65914
2149 1791250371763798 54460
2150 1791250371783476 53399
2151 1791250371802207 48965
2152 1791250371825981 52952
2153 1791250371843949 52014
2154 1791250371873442 58526
2155 1791250371883865 51957
2156 1791250371901962 48924
2157 1791250371923300 50517
2158 1791250371947105 58346
2159 1791250371966385 57320
2160 1791250371983094 54576
2161 1791250372010151 56838
2162 1791250372023992 55450
2163 1791250372054639 63349
2164 1791250372068042 57887
2165 1791250372090807 58054
2166 1791250372114057 60306
2167 1791250372124557 56512
2168 1791250372152788 61979
2169 1791250372168085 60008
2170 1791250372189038 56309
2171 1791250372205494 52703
2172 1791250372224270 56181
2173 1791250372248119 59079
2174 1791250372268393 59368
2175 1791250372304427 75833
2176 1791250372313827 65706
2177 1791250372336418 68015
2178 1791250372358611 69845
2179 1791250372372220 62006
2180 1791250372402465 72885
2181 1791250372422158 72509
2182 1791250372443355 75376
2183 1791250372466367 71962
2184 1791250372480058 71036
2185 1791250372502845 69772
2186 1791250372516191 62407
2187 1791250372533433 64475
2188 1791250372553736 64021
2189 1791250372577030 68612
2190 1791250372601982 68544
2191 1791250372617180 63440
2192 1791250372634234 65403
2193 1791250372651249 62900
2194 1791250372672944 60052
2195 1791250372694288 65441
2196 1791250372713228 61973
2197 1791250372740061 68501
2198 1791250372754204 65571
2199 1791250372785147 73347
2200 1791250372814829 80681
2201 1791250372814838 61257
2202 1791250372846908 78395
2203 1791250372859340 66990
2204 1791250372874758 61031
2205 1791250372899235 67118
2206 1791250372922645 74107
2207 1791250372939323 70574
2208 1791250372964899 71821
2209 1791250372977983 68379
2210 1791250373003691 70464
2211 1791250373022638 69827
2212 1791250373037149 64357
2213 1791250373062628 73833
2214 1791250373085035 76070
2215 1791250373111586 82154
2216 1791250373115589 64322
2217 1791250373148721 80475
2218 1791250373161282 72537
2219 1791250373184277 72687
2220 1791250373205341 73647
2221 1791250373223713 74987
2222 1791250373243137 72903
2223 1791250373263327 71073
2224 1791250373281016 69234
2225 1791250373292681 62602
2226 1791250373315560 63809
2227 1791250373333413 64302
2228 1791250373359151 66467
2229 1791250373374691 62101
2230 1791250373387492 58221
2231 1791250373412125 58390
2232 1791250373428025 58676
2233 1791250373451603 62343
2234 1791250373462915 52813
2235 1791250373474209 46181
2236 1791250373493241 42845
2237 1791250373518386 44744
2238 1791250373535002 45923
2239 1791250373547663 37360
2240 1791250373556787 27608
2241 1791250373576348 28680
2242 1791250373601198 31584
2243 1791250373616946 27948
2244 1791250373657126 42983
2245 1791250373668991 40113
2246 1791250373684580 35821
2247 1791250373697394 28399
2248 1791250373717588 29645
2249 1791250373752707 36649
2250 1791250373761387 24794
2251 1791250373780253 31760
2252 1791250373803609 34894
2253 1791250373825272 36756
2254 1791250373843500 33765
2255 1791250373860283 28875
2256 1791250373875080 23093
2257 1791250373895088 26201
2258 1791250373923323 29163
2259 1791250373939811 30864
2260 1791250373956864 24927
2261 1791250373984362 30365
2262 1791250374003368 34599
2263 1791250374023195 28896
2264 1791250374034106 23170
2265 1791250374065043 32527
2266 1791250374081897 29615
2267 1791250374104349 29966
2268 1791250374125994 33319
2269 1791250374145718 36055
2270 1791250374165047 35039
2271 1791250374183813 35931
2272 1791250374215587 42970
2273 1791250374227947 32853
2274 1791250374235509 24691
2275 1791250374265317 37364
2276 1791250374283494 30190
2277 1791250374304040 33194
2278 1791250374322965 28582
2279 1791250374346863 32521
2280 1791250374358151 27891
2281 1791250374383055 34327
2282 1791250374407051 38346
2283 1791250374425142 36438
2284 1791250374445750 36978
2285 1791250374454716 26061
2286 1791250374496553 45563
2287 1791250374503879 31892
2288 1791250374536164 45745
2289 1791250374564313 50023
2290 1791250374568537 35010
2291 1791250374584165 34872
2292 1791250374605434 36895
2293 1791250374623271 28665
2294 1791250374655231 45986
2295 1791250374679613 45589
2296 1791250374682999 28018
2297 1791250374701709 27177
2298 1791250374726024 31848
2299 1791250374751354 39015
2300 1791250374775394 42259
2301 1791250374795968 47180
2302 1791250374815191 43882
2303 1791250374824749 34125
2304 1791250374848310 39256
2305 1791250374874397 40872
2306 1791250374892717 44446
2307 1791250374916281 46355
2308 1791250374941441 51088
2309 1791250374965220 50254
2310 1791250374978698 45013
2311 1791250374992454 38305
2312 1791250375005195 35687
2313 1791250375035408 42948
2314 1791250375052050 39801
2315 1791250375064612 31622
2316 1791250375085420 33362
2317 1791250375115514 43415
2318 1791250375148682 55907
2319 1791250375171405 57471
2320 1791250375178604 43814
2321 1791250375196518 47830
2322 1791250375207553 36141
2323 1791250375234639 40095
2324 1791250375255048 47472
2325 1791250375267207 38995
2326 1791250375288741 38928
2327 1791250375303699 34597
2328 1791250375323346 34599
2329 1791250375333899 25881
2330 1791250375354668 25737
2331 1791250375373016 23924
2332 1791250375398639 25620
2333 1791250375416995 23834
2334 1791250375432509 23681
2335 1791250375455436 22922
2336 1791250375473618 24465
2337 1791250375502961 29437
2338 1791250375513989 23831
2339 1791250375534136 24880
2340 1791250375558188 24047
2341 1791250375575286 22812
2342 1791250375593993 25163
2343 1791250375617583 27887
2344 1791250375635049 24595
2345 1791250375655359 24959
2346 1791250375678626 27693
2347 1791250375696477 23496
2348 1791250375714266 24307
2349 1791250375733113 24072
2350 1791250375755374 22337
2351 1791250375776400 25430
2352 1791250375794171 21832
2353 1791250375814391 25566
2354 1791250375832892 22659
2355 1791250375854209 21312
2356 1791250375870775 21838
2357 1791250375894062 25424
2358 1791250375917361 23296
2359 1791250375935376 22455
2360 1791250375953417 22680
2361 1791250375981104 27759
2362 1791250375999889 26264
2363 1791250376015259 22357
2364 1791250376040080 28326
2365 1791250376054837 22583
2366 1791250376073794 23970
2367 1791250376094664 20864
2368 1791250376116133 22073
2369 1791250376144623 34149
2370 1791250376160228 27640
2371 1791250376178402 25360
2372 1791250376196740 23744
2373 1791250376213108 20716
2374 1791250376233322 22209
2375 1791250376255066 26530
2376 1791250376283247 28178
2377 1791250376294274 24532
2378 1791250376314087 23424
2379 1791250376335952 21862
2380 1791250376356362 24727
2381 1791250376374025 25526
2382 1791250376393751 25180
2383 1791250376414966 26736
2384 1791250376435921 27310
2385 1791250376453042 24923
2386 1791250376475271 22224
2387 1791250376496457 25241
2388 1791250376514120 22238
2389 1791250376540513 26390
2390 1791250376556586 22869
2391 1791250376575826 24055
2392 1791250376592445 23730
2393 1791250376613350 23827
2394 1791250376636980 25120
2395 1791250376654616 25779
2396 1791250376675838 25324
2397 1791250376696136 24950
2398 1791250376714263 22315
2399 1791250376738757 25850
2400 1791250376759300 26300
2401 1791250376779492 26612
2402 1791250376797270 23917
2403 1791250376814760 21897
2404 1791250376832797 22068
2405 1791250376855176 22376
2406 1791250376870537 22534
2407 1791250376892133 21686
2408 1791250376916000 23860
2409 1791250376934682 22940
2410 1791250376955871 21182
2411 1791250376975746 25309
2412 1791250376996671 26582
2413 1791250377015093 22911
2414 1791250377034712 26294
2415 1791250377055435 20719
2416 1791250377074217 25150
2417 1791250377092677 22590
2418 1791250377114871 22189
2419 1791250377133718 21194
2420 1791250377156795 23191
2421 1791250377177805 25217
2422 1791250377195483 22377
2423 1791250377213492 22590
2424 1791250377238958 28192
2425 1791250377259430 26956
2426 1791250377276406 22802
2427 1791250377299069 26717
2428 1791250377315395 22042
2429 1791250377338647 26904
2430 1791250377355574 26821
2431 1791250377374389 23538
2432 1791250377392424 24082
2433 1791250377415052 22625
2434 1791250377435418 23281
2435 1791250377455084 26389
2436 1791250377475157 24215
2437 1791250377494217 24308
2438 1791250377517340 26622
2439 1791250377538440 25949
2440 1791250377553597 21235
2441 1791250377572758 23484
2442 1791250377593707 25840
2443 1791250377618247 30326
2444 1791250377634387 24449
2445 1791250377652548 24122
2446 1791250377673610 23466
2447 1791250377694345 25708
2448 1791250377712300 23862
2449 1791250377735018 22717
2450 1791250377758465 26776
2451 1791250377773812 21211
2452 1791250377791555 22324
2453 1791250377818451 28630
2454 1791250377835491 25915
2455 1791250377854207 22766
2456 1791250377875172 24437
2457 1791250377892509 22997
2458 1791250377912432 23668
2459 1791250377934002 25334
2460 1791250377958329 26897
2461 1791250377974405 21482
2462 1791250377989705 20942
2463 1791250378015443 25735
2464 1791250378031448 21114
2465 1791250378052336 20884
2466 1791250378075141 22942
2467 1791250378092548 20926
2468 1791250378116878 24327
2469 1791250378137658 25066
2470 1791250378159928 27806
2471 1791250378179861 26510
2472 1791250378199398 25117
2473 1791250378213831 20994
2474 1791250378232724 23763
2475 1791250378256274 26410
2476 1791250378271878 23843
2477 1791250378292891 21010
2478 1791250378314728 22110
2479 1791250378342898 32966
2480 1791250378358020 28544
2481 1791250378373678 21764
2482 1791250378398888 27260
2483 1791250378425702 32979
2484 1791250378436942 21156
2485 1791250378461771 29022
2486 1791250378486769 34515
2487 1791250378506124 38236
2488 1791250378532793 41516
2489 1791250378556649 48122
2490 1791250378567621 34822
2491 1791250378596321 48248
2492 1791250378608157 40531
2493 1791250378643071 49923
2494 1791250378655064 46900
2495 1791250378686981 54642
2496 1791250378702077 53461
2497 1791250378714921 43765
2498 1791250378739898 50541
2499 1791250378765678 52924
2500 1791250378783518 50282
2501 1791250378804030 55609
2502 1791250378832938 58682
2503 1791250378842221 47453
2504 1791250378858479 49844
2505 1791250378874169 44625
2506 1791250378906408 52566
2507 1791250378923780 53374
2508 1791250378948536 55793
2509 1791250378969079 59341
2510 1791250378996508 60388
2511 1791250379007593 59054
2512 1791250379034761 65678
2513 1791250379062589 69325
2514 1791250379073049 65453
2515 1791250379097387 64225
2516 1791250379116119 64233
2517 1791250379147423 74599
2518 1791250379169727 75125
2519 1791250379174107 64994
2520 1791250379196583 64035
2521 1791250379218304 67609
2522 1791250379242159 72430
2523 1791250379257815 65700
2524 1791250379278951 66365
2525 1791250379298970 66011
2526 1791250379323664 72246
2527 1791250379341596 68337
2528 1791250379365704 72256
2529 1791250379390979 82526
2530 1791250379399851 71539
2531 1791250379417871 64612
2532 1791250379443154 68494
2533 1791250379456459 65477
2534 1791250379485772 77358
2535 1791250379507640 79544
2536 1791250379532947 79642
2537 1791250379553488 79364
2538 1791250379573696 82657
2539 1791250379591546 83901
2540 1791250379619842 87755
2541 1791250379643152 94096
2542 1791250379653079 80848
2543 1791250379678496 89203
2544 1791250379703035 94480
2545 1791250379721487 87098
2546 1791250379737248 85738
2547 1791250379770261 101168
2548 1791250379786321 93619
2549 1791250379802241 91013
2550 1791250379817787 86860
2551 1791250379844761 92026
2552 1791250379857321 87244
2553 1791250379881249 92692
2554 1791250379903460 94588
2555 1791250379929836 97399
2556 1791250379953010 104726
2557 1791250379986078 112911
2558 1791250380011580 118099
2559 1791250380016351 102532
2560 1791250380038660 109404
2561 1791250380051604 100633
2562 1791250380073425 98982
2563 1791250380094262 105714
2564 1791250380118648 107065
2565 1791250380144777 112458
2566 1791250380164536 113582
2567 1791250380175643 103641
2568 1791250380202190 108842
2569 1791250380229038 120004
2570 1791250380244202 111732
2571 1791250380265469 112173
2572 1791250380283427 115149
2573 1791250380309723 117154
2574 1791250380322572 109910
2575 1791250380338747 109706
2576 1791250380356571 104175
2577 1791250380382209 108318
2578 1791250380404575 114721
2579 1791250380421723 112835
2580 1791250380450711 122855
2581 1791250380475278 127390
2582 1791250380500556 132209
2583 1791250380533534 140685
2584 1791250380556303 142810
2585 1791250380564542 128439
2586 1791250380582434 132873
2587 1791250380602825 133690
2588 1791250380615743 124203
2589 1791250380635040 126526
2590 1791250380659583 130772
2591 1791250380689026 138980
2592 1791250380707358 133677
2593 1791250380721414 129600
2594 1791250380745630 131960
2595 1791250380758402 125933
2596 1791250380774452 125189
2597 1791250380797308 125933
2598 1791250380824189 135160
2599 1791250380838829 125353
2600 1791250380856239 124826
2601 1791250380873037 124615
2602 1791250380885942 113079
2603 1791250380901630 109515
2604 1791250380914625 101672
2605 1791250380924895 96157
2606 1791250380934151 82204
2607 1791250380954047 81120
2608 1791250380961385 67514
2609 1791250380965959 56488
2610 1791250380977644 46767
2611 1791250380985894 37508
2612 1791250381010859 40132
2613 1791250381030349 34428
2614 1791250381041275 31027
2615 1791250381068304 38425
2616 1791250381088401 36086
2617 1791250381104637 36329
2618 1791250381117091 28680
2619 1791250381136413 27149
2620 1791250381156368 27632
2621 1791250381184132 34739
2622 1791250381208138 36901
2623 1791250381233263 42717
2624 1791250381250268 42127
2625 1791250381271567 42430
2626 1791250381305598 55388
2627 1791250381325298 55890
2628 1791250381346969 59249
2629 1791250381374905 61394
2630 1791250381395869 66557
2631 1791250381414536 66351
2632 1791250381454947 82747
2633 1791250381467090 74473
2634 1791250381494081 82100
2635 1791250381524869 91885
2636 1791250381545423 91813
2637 1791250381558456 85048
2638 1791250381575120 86861
2639 1791250381599564 90486
2640 1791250381623368 90721
2641 1791250381645199 92808
2642 1791250381663531 90358
2643 1791250381689663 99259
2644 1791250381705663 97466
2645 1791250381736472 107259
2646 1791250381754751 106319
2647 1791250381775989 102594
2648 1791250381799161 109889
2649 1791250381814736 102762
2650 1791250381838518 109845
2651 1791250381855465 103992
2652 1791250381886345 115262
2653 1791250381900629 110933
2654 1791250381913340 100850
2655 1791250381934333 102769
2656 1791250381952025 103348
2657 1791250381969618 100148
2658 1791250381984906 95447
2659 1791250382005825 93883
2660 1791250382023839 89590
2661 1791250382035670 85146
2662 1791250382051477 81901
2663 1791250382074476 84335
2664 1791250382092196 83163
2665 1791250382108035 73970
2666 1791250382127410 79351
2667 1791250382143186 72787
2668 1791250382159860 67661
2669 1791250382183309 75271
2670 1791250382196004 66342
2671 1791250382210891 62389
2672 1791250382227718 58666
2673 1791250382248381 58255
2674 1791250382256473 47824
2675 1791250382271456 43734
2676 1791250382284443 36059
2677 1791250382310811 39353
2678 1791250382326800 34600
2679 1791250382347288 36474
2680 1791250382373868 40793
2681 1791250382379079 30038
2682 1791250382407171 37846
2683 1791250382422413 33876
2684 1791250382442472 32434
2685 1791250382465581 32363
2686 1791250382490831 38502
2687 1791250382505210 31836
2688 1791250382534110 45176
2689 1791250382546569 35834
2690 1791250382565799 33490
2691 1791250382586926 32692
2692 1791250382597861 29247
2693 1791250382635325 42937
2694 1791250382649675 36257
2695 1791250382664747 36132
2696 1791250382689705 40026
2697 1791250382710727 40149
2698 1791250382725978 36269
2699 1791250382746974 36245
2700 1791250382775207 43359
2701 1791250382784550 30797
2702 1791250382801158 32141
2703 1791250382840244 46544
2704 1791250382856936 42773
2705 1791250382867397 34263
2706 1791250382894232 41588
2707 1791250382914614 40305
2708 1791250382924502 35544
2709 1791250382937896 29207
2710 1791250382974915 42120
2711 1791250382997309 43717
2712 1791250383005268 31713
2713 1791250383037356 44985
2714 1791250383044295 34177
2715 1791250383071887 38102
2716 1791250383082217 29573
2717 1791250383104468 33362
2718 1791250383128053 35622
2719 1791250383154080 42452
2720 1791250383156293 28568
2721 1791250383188544 34459
2722 1791250383216232 44564
2723 1791250383225787 37522
2724 1791250383243622 33718
2725 1791250383268184 34435
2726 1791250383279934 29335
2727 1791250383302356 34164
2728 1791250383326993 38907
2729 1791250383357750 44889
2730 1791250383369996 41678
2731 1791250383390617 39086
2732 1791250383403356 33962
2733 1791250383432902 44566
2734 1791250383454599 42016
2735 1791250383474232 41327
2736 1791250383480919 30669
2737 1791250383512104 41719
2738 1791250383532821 39259
2739 1791250383544565 34908
2740 1791250383578153 45328
2741 1791250383594292 43592
2742 1791250383623171 49305
2743 1791250383633668 41954
2744 1791250383645583 35874
2745 1791250383667369 38182
2746 1791250383699988 45128
2747 1791250383726647 53510
2748 1791250383744801 50944
2749 1791250383765379 54093
2750 1791250383777168 47321
2751 1791250383795580 47249
2752 1791250383833645 64398
2753 1791250383850246 56872
2754 1791250383868140 54945
2755 1791250383874916 45030
2756 1791250383895279 47233
2757 1791250383915382 47240
2758 1791250383940466 46731
2759 1791250383956299 47733
2760 1791250383980996 51924
2761 1791250384008565 54428
2762 1791250384026486 50875
2763 1791250384042653 49853
2764 1791250384052744 44172
2765 1791250384074853 45795
2766 1791250384104720 55650
2767 1791250384129355 56470
2768 1791250384142644 48606
2769 1791250384154417 46215
2770 1791250384184360 55001
2771 1791250384201528 53634
2772 1791250384224384 51711
2773 1791250384238783 49596
2774 1791250384257621 49954
2775 1791250384291726 61154
2776 1791250384298117 50102
2777 1791250384331158 62230
2778 1791250384344583 52854
2779 1791250384360511 52089
2780 1791250384386791 55630
2781 1791250384406197 58124
2782 1791250384425941 52021
2783 1791250384447271 58167
2784 1791250384466638 53456
2785 1791250384484707 56416
2786 1791250384505728 56152
2787 1791250384542821 68629
2788 1791250384555758 61798
2789 1791250384573581 58957
2790 1791250384585984 56903
2791 1791250384604298 55308
2792 1791250384635164 62002
2793 1791250384654582 61938
2794 1791250384675416 63313
2795 1791250384693341 63114
2796 1791250384709730 61354
2797 1791250384734489 65870
2798 1791250384754721 63178
2799 1791250384776944 68310
2800 1791250384804025 73215
2801 1791250384821635 68701
2802 1791250384834299 65125
2803 1791250384864219 70431
2804 1791250384874833 60513
2805 1791250384890512 56768
2806 1791250384912103 60503
2807 1791250384944139 73946
2808 1791250384955094 65665
2809 1791250384978772 66935
2810 1791250384996093 66000
2811 1791250385013338 63128
2812 1791250385047092 71567
2813 1791250385053888 65805
2814 1791250385082963 74586
2815 1791250385104439 72202
2816 1791250385114818 65544
2817 1791250385136944 68308
2818 1791250385160026 71744
2819 1791250385184020 70460
2820 1791250385215357 81816
2821 1791250385231307 78829
2822 1791250385248144 79460
2823 1791250385280700 88310
2824 1791250385296207 83324
2825 1791250385329684 98373
2826 1791250385338019 89872
2827 1791250385371094 97058
2828 1791250385385515 97598
2829 1791250385415698 103842
2830 1791250385430586 102560
2831 1791250385444738 90936
2832 1791250385465908 95361
2833 1791250385490529 97333
2834 1791250385511992 97630
2835 1791250385529794 101013
2836 1791250385555917 105632
2837 1791250385579425 107217
2838 1791250385600837 111249
2839 1791250385630190 118986
2840 1791250385633360 104848
2841 1791250385659660 106971
2842 1791250385678137 109547
2843 1791250385700711 107855
2844 1791250385714743 106621
2845 1791250385734582 104388
2846 1791250385758646 104003
2847 1791250385764532 95763
2848 1791250385795430 100122
2849 1791250385808481 93736
2850 1791250385824773 95771
2851 1791250385836976 87986
2852 1791250385857223 89287
2853 1791250385887662 98024
2854 1791250385894780 86295
2855 1791250385920220 88112
2856 1791250385931591 78917
2857 1791250385953910 81383
2858 1791250385971517 83852
2859 1791250385989034 81029
2860 1791250386012583 83668
2861 1791250386033167 84827
2862 1791250386038643 70237
2863 1791250386071888 82850
2864 1791250386101339 88753
2865 1791250386114380 85619
2866 1791250386127515 74520
2867 1791250386149854 79612
2868 1791250386169644 81468
2869 1791250386192746 79067
2870 1791250386205479 76392
2871 1791250386225620 76792
2872 1791250386248165 78517
2873 1791250386267655 77997
2874 1791250386306822 93129
2875 1791250386324024 91621
2876 1791250386335119 86952
2877 1791250386363252 95586
2878 1791250386373096 78580
2879 1791250386387878 79156
2880 1791250386414249 80571
2881 1791250386426204 77445
2882 1791250386462669 90141
2883 1791250386471904 84023
2884 1791250386498362 90172
2885 1791250386512406 78120
2886 1791250386535612 82388
2887 1791250386545483 74294
2888 1791250386582642 94594
2889 1791250386605118 93456
2890 1791250386616499 87605
2891 1791250386642012 89209
2892 1791250386654521 81594
2893 1791250386672261 83832
2894 1791250386696319 87496
2895 1791250386713455 84162
2896 1791250386732549 79328
2897 1791250386752262 84272
2898 1791250386775349 81246
2899 1791250386796026 83002
2900 1791250386814830 83511
2901 1791250386833837 82676
2902 1791250386853768 79413
2903 1791250386864286 68257
2904 1791250386875126 60293
2905 1791250386894006 60166
2906 1791250386913789 60531
2907 1791250386934442 65704
2908 1791250386951296 58259
2909 1791250386966973 53182
2910 1791250386983325 48881
2911 1791250386992553 43301
2912 1791250386998997 30733
2913 1791250387040366 48432
2914 1791250387047873 35373
2915 1791250387068487 34161
2916 1791250387086797 38922
2917 1791250387102239 33748
2918 1791250387131280 42054
2919 1791250387147292 32808
2920 1791250387165421 34137
2921 1791250387186779 35888
2922 1791250387206380 36223
2923 1791250387222205 29580
2924 1791250387237749 28044
2925 1791250387276517 44184
2926 1791250387294302 39438
2927 1791250387314315 41224
2928 1791250387324276 29971
2929 1791250387346259 31941
2930 1791250387372984 39802
2931 1791250387384285 35855
2932 1791250387406752 34740
2933 1791250387432091 43426
2934 1791250387445966 37892
2935 1791250387473807 42535
2936 1791250387487258 33361
2937 1791250387508988 39515
2938 1791250387524469 35373
2939 1791250387537631 28620
2940 1791250387567591 35350
2941 1791250387602275 49232
2942 1791250387604761 37167
2943 1791250387621618 27941
2944 1791250387639252 29776
2945 1791250387656414 28424
2946 1791250387695424 42746
2947 1791250387703131 32594
2948 1791250387735247 46050
2949 1791250387755428 41705
2950 1791250387764695 36792
2951 1791250387785007 35872
2952 1791250387810688 36576
2953 1791250387832235 38606
2954 1791250387849161 38470
2955 1791250387866882 35630
2956 1791250387883152 33988
2957 1791250387906657 37436
2958 1791250387922089 33368
2959 1791250387944563 36166
2960 1791250387965906 33463
2961 1791250387991437 38452
2962 1791250388015880 43135
2963 1791250388032956 41516
2964 1791250388057784 47638
2965 1791250388078328 45370
2966 1791250388093107 41546
2967 1791250388118807 46457
2968 1791250388134782 43328
2969 1791250388148271 37532
2970 1791250388173258 44186
2971 1791250388185628 37353
2972 1791250388216399 44361
2973 1791250388225010 36770
2974 1791250388258906 49168
2975 1791250388274087 41151
2976 1791250388295454 41951
2977 1791250388315174 41564
2978 1791250388343748 52660
2979 1791250388349410 40800
2980 1791250388375492 42701
2981 1791250388391673 43734
2982 1791250388415749 44275
2983 1791250388442022 52357
2984 1791250388455952 47514
2985 1791250388471165 42908
2986 1791250388495631 43967
2987 1791250388515305 45649
2988 1791250388543830 55436
2989 1791250388566506 52747
2990 1791250388591799 59145
2991 1791250388614811 61020
2992 1791250388633885 60502
2993 1791250388647347 55545
2994 1791250388658099 44952
2995 1791250388675290 43030
2996 1791250388704773 52698
2997 1791250388721738 48624
2998 1791250388748327 59885
2999 1791250388763062 53598
3000 1791250388786867 52482
3001 1791250388808609 60278
3002 1791250388823484 50619
3003 1791250388844223 55927
3004 1791250388857067 48452
3005 1791250388885995 52581
3006 1791250388908559 58631
3007 1791250388927052 58314
3008 1791250388946435 57279
3009 1791250388962155 53594
3010 1791250388984218 55340
3011 1791250389002879 53655
3012 1791250389023462 48616
3013 1791250389042989 54317
3014 1791250389060921 50567
3015 1791250389081397 50089
3016 1791250389107854 58867
3017 1791250389125541 52154
3018 1791250389149591 55249
3019 1791250389162309 54450
3020 1791250389192163 60892
3021 1791250389209607 60013
3022 1791250389232574 63696
3023 1791250389264684 73485
3024 1791250389276229 66612
3025 1791250389307728 75275
3026 1791250389334542 80017
3027 1791250389355708 82534
3028 1791250389380482 87989
3029 1791250389396899 89166
3030 1791250389424272 89726
3031 1791250389431624 83681
3032 1791250389454821 85908
3033 1791250389475166 83303
3034 1791250389496394 88308
3035 1791250389523235 91909
3036 1791250389548571 100492
3037 1791250389564729 96614
3038 1791250389587237 97911
3039 1791250389606060 93603
3040 1791250389630695 98173
3041 1791250389643626 95051
3042 1791250389663856 91503
3043 1791250389684205 94359
3044 1791250389707797 93227
3045 1791250389723671 92972
3046 1791250389744339 92328
3047 1791250389760339 92295
3048 1791250389780367 90632
3049 1791250389802351 94551
3050 1791250389825132 96960
3051 1791250389851131 97607
3052 1791250389861685 88463
3053 1791250389878362 85375
3054 1791250389900236 89124
3055 1791250389914107 85700
3056 1791250389933769 82635
3057 1791250389949653 79926
3058 1791250389965841 71419
3059 1791250389985784 72801
3060 1791250390003301 70515
3061 1791250390014615 64958
3062 1791250390033949 65676
3063 1791250390053798 61181
3064 1791250390079019 66886
3065 1791250390096190 62238
3066 1791250390108476 55296
3067 1791250390116765 45368
3068 1791250390142121 52574
3069 1791250390163015 54536
3070 1791250390176483 47949
3071 1791250390200394 47122
3072 1791250390225434 52980
3073 1791250390236178 35779
3074 1791250390261212 52595
3075 1791250390283855 50558
3076 1791250390302908 52136
3077 1791250390318226 49583
3078 1791250390342023 52137
3079 1791250390357326 49235
3080 1791250390383189 54329
3081 1791250390405717 54749
3082 1791250390423924 54248
3083 1791250390443556 51279
3084 1791250390464128 51747
3085 1791250390485996 56463
3086 1791250390506121 52901
3087 1791250390533217 60745
3088 1791250390550907 58506
3089 1791250390562771 53520
3090 1791250390575733 47168
3091 1791250390611763 61102
3092 1791250390623195 52387
3093 1791250390646845 56494
3094 1791250390663489 51723
3095 1791250390683166 50355
3096 1791250390707036 53576
3097 1791250390726165 56392
3098 1791250390743839 49146
3099 1791250390762964 53936
3100 1791250390775893 46871
3101 1791250390797413 43782
3102 1791250390825581 54666
3103 1791250390847279 58846
3104 1791250390870248 58505
3105 1791250390884707 56433
3106 1791250390914119 65601
3107 1791250390924251 53999
3108 1791250390960123 66723
3109 1791250390970012 56655
3110 1791250390999993 66861
3111 1791250391012881 60188
3112 1791250391024790 56024
3113 1791250391056318 68089
3114 1791250391072751 59867
3115 1791250391097258 65369
3116 1791250391108624 59627
3117 1791250391125196 54307
3118 1791250391152438 59467
3119 1791250391168417 59789
3120 1791250391191266 58708
3121 1791250391209513 57072
3122 1791250391233114 64693
3123 1791250391250698 59429
3124 1791250391276244 66727
3125 1791250391294982 62283
3126 1791250391318758 70310
3127 1791250391326011 56460
3128 1791250391353340 63371
3129 1791250391374762 59772
3130 1791250391386132 57905
3131 1791250391413110 61046
3132 1791250391429382 60460
3133 1791250391453731 65461
3134 1791250391474047 65270
3135 1791250391496190 66778
3136 1791250391517937 64967
3137 1791250391535696 62918
3138 1791250391563878 69854
3139 1791250391585919 77294
3140 1791250391611110 79593
3141 1791250391617516 65607
3142 1791250391638876 64391
3143 1791250391656664 64337
3144 1791250391691792 80679
3145 1791250391704392 75636
3146 1791250391712621 61771
3147 1791250391734518 66287
3148 1791250391755038 64111
3149 1791250391778031 68826
3150 1791250391794133 61771
3151 1791250391820230 71862
3152 1791250391834894 62680
3153 1791250391867366 74517
3154 1791250391878147 68767
3155 1791250391909796 81331
3156 1791250391918327 64374
3157 1791250391939026 68202
3158 1791250391968860 77155
3159 1791250391990230 80424
3160 1791250392004940 70942
3161 1791250392033228 79513
3162 1791250392044369 75505
3163 1791250392069854 79623
3164 1791250392092914 84071
3165 1791250392107775 78563
3166 1791250392133612 79633
3167 1791250392153144 83286
3168 1791250392178859 87635
3169 1791250392186322 78544
3170 1791250392215671 82929
3171 1791250392225432 76193
3172 1791250392257025 87395
3173 1791250392266639 73811
3174 1791250392286832 73115
3175 1791250392316824 84326
3176 1791250392322227 70223
3177 1791250392339443 70126
3178 1791250392359948 68719
3179 1791250392385720 75230
3180 1791250392407977 74572
3181 1791250392429856 79519
3182 1791250392454359 80994
3183 1791250392463375 70661
3184 1791250392493266 85285
3185 1791250392503688 73828
3186 1791250392530166 77128
3187 1791250392549824 78258
3188 1791250392569907 77112
3189 1791250392583644 73827
3190 1791250392605296 75126
3191 1791250392613534 63706
3192 1791250392634273 65451
3193 1791250392644791 55430
3194 1791250392662757 52346
3195 1791250392693290 59011
3196 1791250392702334 47478
3197 1791250392713305 40822
3198 1791250392732153 39497
3199 1791250392743154 29844
3200 1791250392764582 32424
3201 1791250392791799 38830
3202 1791250392824728 51131
3203 1791250392824740 36694
3204 1791250392854913 38663
3205 1791250392865819 36368
3206 1791250392887908 32992
3207 1791250392906593 35212
3208 1791250392917864 29940
3209 1791250392946603 32834
3210 1791250392963210 32893
3211 1791250392988820 36564
3212 1791250393013912 44433
3213 1791250393023278 34454
3214 1791250393048394 36010
3215 1791250393067916 34821
3216 1791250393083236 34838
3217 1791250393098447 30528
3218 1791250393127540 35037
3219 1791250393147197 38475
3220 1791250393164572 37028
3221 1791250393193266 38970
3222 1791250393204636 35233
3223 1791250393229743 40857
3224 1791250393248252 35626
3225 1791250393264777 35030
3226 1791250393285989 37734
3227 1791250393309732 36002
3228 1791250393328148 36223
3229 1791250393350058 40406
3230 1791250393373521 45371
3231 1791250393399387 50066
3232 1791250393429199 55674
3233 1791250393445047 52090
3234 1791250393473496 61930
3235 1791250393486421 58333
3236 1791250393510737 61660
3237 1791250393534951 61908
3238 1791250393559832 63425
3239 1791250393573473 62733
3240 1791250393594748 66038
3241 1791250393617801 64726
3242 1791250393638492 66345
3243 1791250393658805 65707
3244 1791250393681881 70004
3245 1791250393693742 61493
3246 1791250393720328 66224
3247 1791250393745131 70950
3248 1791250393764115 75437
3249 1791250393786216 76109
3250 1791250393808633 74469
3251 1791250393827049 78057
3252 1791250393853218 79561
3253 1791250393855640 64444
3254 1791250393882722 74085
3255 1791250393906842 72630
3256 1791250393923699 73664
3257 1791250393939112 71373
3258 1791250393971902 83934
3259 1791250393999893 85731
3260 1791250394033656 100317
3261 1791250394033666 80539
3262 1791250394045972 74067
3263 1791250394066615 73897
3264 1791250394087472 79225
3265 1791250394101900 68241
3266 1791250394118003 65498
3267 1791250394136734 63033
3268 1791250394162205 70603
3269 1791250394180042 66898
3270 1791250394195891 64477
3271 1791250394221331 67691
3272 1791250394243069 68712
3273 1791250394257474 68786
3274 1791250394280320 71958
3275 1791250394307393 74727
3276 1791250394324728 71471
3277 1791250394337125 68106
3278 1791250394361158 72021
3279 1791250394383387 73527
3280 1791250394405025 72851
3281 1791250394415764 67013
3282 1791250394443724 73420
3283 1791250394459667 69137
3284 1791250394475787 61804
3285 1791250394494141 65289
3286 1791250394527234 76201
3287 1791250394531509 59083
3288 1791250394547347 58202
3289 1791250394573191 61182
3290 1791250394594728 66114
3291 1791250394614311 62037
3292 1791250394626606 53412
3293 1791250394648147 55061
3294 1791250394664484 55884
3295 1791250394679876 46777
3296 1791250394694047 45898
3297 1791250394719220 50477
3298 1791250394735205 45770
3299 1791250394759792 45821
3300 1791250394782310 51679
3301 1791250394798760 49948
3302 1791250394815920 42440
3303 1791250394832880 41031
3304 1791250394856605 46130
3305 1791250394872851 40362
3306 1791250394897119 45569
3307 1791250394919289 47207
3308 1791250394931395 39625
3309 1791250394955733 43630
3310 1791250394975403 46541
3311 1791250394996470 47508
3312 1791250395018545 48883
3313 1791250395029866 40145
3314 1791250395049049 36065
3315 1791250395078821 48952
3316 1791250395093828 45165
3317 1791250395124428 51398
3318 1791250395138723 46501
3319 1791250395154341 46067
3320 1791250395185520 56816
3321 1791250395210503 58050
3322 1791250395229330 47003
3323 1791250395238880 45407
3324 1791250395255527 45020
3325 1791250395285312 55979
3326 1791250395312446 62882
3327 1791250395325916 48862
3328 1791250395342097 53489
3329 1791250395373149 61190
3330 1791250395381276 47857
3331 1791250395402799 54441
3332 1791250395416240 47300
3333 1791250395441481 49649
3334 1791250395464436 54970
3335 1791250395483588 53604
3336 1791250395494797 43919
3337 1791250395533583 61169
3338 1791250395546289 57550
3339 1791250395562801 54127
3340 1791250395575689 47007
3341 1791250395613880 60116
3342 1791250395636416 60721
3343 1791250395663043 64434
3344 1791250395663050 55135
3345 1791250395676504 43438
3346 1791250395701855 49146
3347 1791250395720977 48890
3348 1791250395754482 64571
3349 1791250395766134 51645
3350 1791250395793836 60636
3351 1791250395804821 50335
3352 1791250395825967 57416
3353 1791250395853090 59928
3354 1791250395865529 56282
3355 1791250395887203 56271
3356 1791250395920873 68621
3357 1791250395925437 57136
3358 1791250395962199 67724
3359 1791250395983061 67070
3360 1791250396001347 66312
3361 1791250396019393 67057
3362 1791250396034313 58494
3363 1791250396048015 54555
3364 1791250396067817 53799
3365 1791250396085410 52805
3366 1791250396103579 55561
3367 1791250396123369 55551
3368 1791250396144530 51435
3369 1791250396174346 60435
3370 1791250396195599 62896
3371 1791250396215622 63139
3372 1791250396232547 63160
3373 1791250396253131 62633
3374 1791250396274059 65681
3375 1791250396287361 59071
3376 1791250396304818 53322
3377 1791250396337386 63325
3378 1791250396353233 59937
3379 1791250396373601 60819
3380 1791250396395964 67788
3381 1791250396407017 58159
3382 1791250396433842 65051
3383 1791250396453272 63005
3384 1791250396468119 55212
3385 1791250396488062 55202
3386 1791250396516994 64502
3387 1791250396525215 57094
3388 1791250396554875 66811
3389 1791250396576462 63915
3390 1791250396607033 74270
3391 1791250396625855 72379
3392 1791250396641157 66928
3393 1791250396657023 68065
3394 1791250396677186 68534
3395 1791250396703865 71932
3396 1791250396726533 74211
3397 1791250396734197 65826
3398 1791250396755286 63997
3399 1791250396786477 77991
3400 1791250396803863 73401
3401 1791250396828162 78959
3402 1791250396845383 73503
3403 1791250396856971 67500
3404 1791250396874698 66718
3405 1791250396894398 66234
3406 1791250396915419 65217
3407 1791250396942246 72704
3408 1791250396957899 65262
3409 1791250396994238 82884
3410 1791250397023729 89184
3411 1791250397039237 87272
3412 1791250397063530 91205
3413 1791250397077339 87613
3414 1791250397102112 89102
3415 1791250397114406 85901
3416 1791250397142851 93623
3417 1791250397162313 93637
3418 1791250397185985 96402
3419 1791250397209277 95855
3420 1791250397220548 91962
3421 1791250397245725 92404
3422 1791250397257985 89082
3423 1791250397286895 92406
3424 1791250397305278 95999
3425 1791250397321502 93667
3426 1791250397347986 99443
3427 1791250397378894 105614
3428 1791250397385720 93443
3429 1791250397412088 103247
3430 1791250397445404 112027
3431 1791250397462731 114742
3432 1791250397485972 112158
3433 1791250397495233 106590
3434 1791250397511409 102971
3435 1791250397534519 101836
3436 1791250397553825 101372
3437 1791250397575920 102870
3438 1791250397589675 97246
3439 1791250397607017 97559
3440 1791250397624195 90986
3441 1791250397643219 89389
3442 1791250397657063 89027
3443 1791250397690652 100973
3444 1791250397695850 86665
3445 1791250397731114 97279
3446 1791250397734636 82148
3447 1791250397754110 84963
3448 1791250397766707 76052
3449 1791250397793702 79769
3450 1791250397813620 82503
3451 1791250397827921 80013
3452 1791250397845444 76916
3453 1791250397862701 73901
3454 1791250397882958 73447
3455 1791250397909360 81435
3456 1791250397929709 75751
3457 1791250397936666 68656
3458 1791250397975229 86781
3459 1791250397990239 80876
3460 1791250398022847 93685
3461 1791250398033168 84233
3462 1791250398053532 82663
3463 1791250398078795 88554
3464 1791250398094243 81961
3465 1791250398115313 83079
3466 1791250398130480 77660
3467 1791250398144881 76066
3468 1791250398176708 88134
3469 1791250398185719 76445
3470 1791250398219424 88941
3471 1791250398236642 87193
3472 1791250398262300 87715
3473 1791250398274710 81613
3474 1791250398294714 80858
3475 1791250398315884 85979
3476 1791250398327784 79009
3477 1791250398360008 85660
3478 1791250398374034 85894
3479 1791250398402529 89042
3480 1791250398415816 88027
3481 1791250398437095 84583
3482 1791250398458838 85055
3483 1791250398471240 82940
3484 1791250398490664 81765
3485 1791250398518956 89801
3486 1791250398541726 92752
3487 1791250398556846 85599
3488 1791250398577466 86794
3489 1791250398603962 85000
3490 1791250398610693 75199
3491 1791250398648873 92022
3492 1791250398654142 83210
3493 1791250398661601 72207
3494 1791250398680300 71263
3495 1791250398702953 74303
3496 1791250398711568 62693
3497 1791250398726014 50971
3498 1791250398741359 47404
3499 1791250398763098 51527
3500 1791250398784016 49429
3501 1791250398792831 38444
3502 1791250398809689 40466
3503 1791250398826958 38130
3504 1791250398845619 35927
3505 1791250398865740 33271
3506 1791250398886353 38105
3507 1791250398902369 33076
3508 1791250398943544 49244
3509 1791250398951967 40333
3510 1791250398974584 44168
3511 1791250398988765 39975
3512 1791250399017488 44677
3513 1791250399026346 37578
3514 1791250399046631 34808
3515 1791250399072085 43247
3516 1791250399089594 36270
3517 1791250399111883 41478
3518 1791250399118206 29826
3519 1791250399149181 40659
3520 1791250399159221 30714
3521 1791250399186485 37336
3522 1791250399203799 32998
3523 1791250399229225 36648
3524 1791250399255018 41832
3525 1791250399274764 45538
3526 1791250399282014 31890
3527 1791250399315745 44857
3528 1791250399321397 28632
3529 1791250399350683 37663
3530 1791250399367173 33877
3531 1791250399385239 35620
3532 1791250399403642 29691
3533 1791250399424660 36206
3534 1791250399447904 38485
3535 1791250399462163 34009
3536 1791250399490312 42404
3537 1791250399506395 37048
3538 1791250399525083 34767
3539 1791250399549469 37320
3540 1791250399570001 37256
3541 1791250399584562 35091
3542 1791250399605349 35699
3543 1791250399621898 30536
3544 1791250399642003 33425
3545 1791250399671941 39819
3546 1791250399694394 41501
3547 1791250399700745 28801
3548 1791250399721678 28136
3549 1791250399743486 27386
3550 1791250399776185 44565
3551 1791250399797586 45003
3552 1791250399799781 30718
3553 1791250399832452 42522
3554 1791250399841439 33221
3555 1791250399864657 35848
3556 1791250399888057 33629
3557 1791250399906913 39137
3558 1791250399928916 40856
3559 1791250399945385 34894
3560 1791250399964668 35748
3561 1791250399988318 33321
3562 1791250400004759 35108
3563 1791250400027351 39030
3564 1791250400053023 40823
3565 1791250400069136 40447
3566 1791250400084835 32032
3567 1791250400103047 33909
3568 1791250400134725 43136
3569 1791250400147404 38607
3570 1791250400166105 36901
3571 1791250400185855 36919
3572 1791250400222086 47609
3573 1791250400233895 41076
3574 1791250400249168 36874
3575 1791250400277831 48172
3576 1791250400283241 35143
3577 1791250400323969 51142
3578 1791250400339568 46279
3579 1791250400354659 40276
3580 1791250400374186 42307
3581 1791250400398186 50404
3582 1791250400413045 41363
3583 1791250400436061 43398
3584 1791250400459482 47110
3585 1791250400475843 43214
3586 1791250400496956 43180
3587 1791250400511671 36742
3588 1791250400537532 44587
3589 1791250400546090 37486
3590 1791250400567706 39961
3591 1791250400594409 42376
3592 1791250400613919 46210
3593 1791250400627835 39252
3594 1791250400650252 36331
3595 1791250400669838 42000
3596 1791250400692763 44375
3597 1791250400720820 50979
3598 1791250400730179 41176
3599 1791250400751628 41213
3600 1791250400778604 50178
3601 1791250400797560 48375
3602 1791250400817236 49245
3603 1791250400842594 50297
3604 1791250400855567 42362
3605 1791250400872614 40230
3606 1791250400885910 38050
3607 1791250400908511 36043
3608 1791250400934473 43995
3609 1791250400953424 44911
3610 1791250400981247 46771
3611 1791250400994499 41213
3612 1791250401022874 53671
3613 1791250401038495 44835
3614 1791250401062698 52499
3615 1791250401092195 59131
3616 1791250401109773 58055
3617 1791250401132291 58976
3618 1791250401150881 60019
3619 1791250401166437 56661
3620 1791250401193114 61978
3621 1791250401203703 54125
3622 1791250401233314 60475
3623 1791250401249156 59903
3624 1791250401270902 57994
3625 1791250401303765 72131
3626 1791250401312213 63053
3627 1791250401330829 60656
3628 1791250401363850 70000
3629 1791250401374353 64452
3630 1791250401392550 61718
3631 1791250401415250 64476
3632 1791250401442015 69673
3633 1791250401464948 73059
3634 1791250401487812 75310
3635 1791250401495727 67027
3636 1791250401524546 70762
3637 1791250401542685 73055
3638 1791250401555717 67903
3639 1791250401587816 76397
3640 1791250401609485 80403
3641 1791250401633280 80237
3642 1791250401645570 72783
3643 1791250401658833 71012
3644 1791250401687521 78033
3645 1791250401715398 83514
3646 1791250401724181 75884
3647 1791250401744821 75726
3648 1791250401766223 78700
3649 1791250401796038 82808
3650 1791250401819096 89674
3651 1791250401825810 74953
3652 1791250401849126 80704
3653 1791250401869715 76436
3654 1791250401899912 86945
3655 1791250401913280 78716
3656 1791250401932884 84495
3657 1791250401944970 75252
3658 1791250401980590 87814
3659 1791250402006180 93750
3660 1791250402022868 90954
3661 1791250402028330 75775
3662 1791250402052834 79644
3663 1791250402075596 82680
3664 1791250402093850 84749
3665 1791250402104205 76162
3666 1791250402136189 83353
3667 1791250402153354 79593
3668 1791250402168182 75517
3669 1791250402197531 84081
3670 1791250402210451 81274
3671 1791250402224050 72676
3672 1791250402242368 74182
3673 1791250402259319 68241
3674 1791250402284082 73629
3675 1791250402295060 61472
3676 1791250402321300 67921
3677 1791250402337331 65156
3678 1791250402360048 65810
3679 1791250402371061 55921
3680 1791250402394661 62883
3681 1791250402414502 59485
3682 1791250402432267 63816
3683 1791250402443878 52413
3684 1791250402466109 51802
3685 1791250402487569 55691
3686 1791250402509086 58015
3687 1791250402530911 57757
3688 1791250402553584 66011
3689 1791250402573008 64393
3690 1791250402600068 70859
3691 1791250402608491 59987
3692 1791250402640373 67362
3693 1791250402653421 59737
3694 1791250402667113 58619
3695 1791250402686350 57658
3696 1791250402710626 57542
3697 1791250402743161 69906
3698 1791250402756246 65418
3699 1791250402767345 59228
3700 1791250402798200 67393
3701 1791250402819115 63805
3702 1791250402834898 60384
3703 1791250402851068 56420
3704 1791250402873787 61367
3705 1791250402895835 61725
3706 1791250402914604 65454
3707 1791250402941767 71119
3708 1791250402954869 61874
3709 1791250402969596 61558
3710 1791250403003988 72688
3711 1791250403014020 60117
3712 1791250403032284 64025
3713 1791250403069039 80962
3714 1791250403078884 69613
3715 1791250403096574 67546
3716 1791250403127030 71698
3717 1791250403127333 58291
3718 1791250403177169 84859
3719 1791250403186172 69406
3720 1791250403198981 68680
3721 1791250403222124 70589
3722 1791250403240436 67700
3723 1791250403275353 82298
3724 1791250403284548 67382
3725 1791250403305407 72440
3726 1791250403333977 78565
3727 1791250403340267 71865
3728 1791250403360091 71377
3729 1791250403383977 75186
3730 1791250403412818 78833
3731 1791250403435104 82224
3732 1791250403457915 81729
3733 1791250403465821 75651
3734 1791250403488366 79335
3735 1791250403508286 79665
3736 1791250403540094 83140
3737 1791250403549789 76534
3738 1791250403573975 85606
3739 1791250403585460 77170
3740 1791250403596595 64785
3741 1791250403616449 66657
3742 1791250403626963 57218
3743 1791250403657160 66234
3744 1791250403668350 59938
3745 1791250403679404 47112
3746 1791250403679411 29145
3747 1791250403694703 26349
3748 1791250403720811 27142
3749 1791250403731414 22132
3750 1791250403753079 25136
3751 1791250403784367 31284
3752 1791250403795540 23227
3753 1791250403812856 22720
3754 1791250403836197 23333
3755 1791250403854312 22574
3756 1791250403872927 21887
3757 1791250403896762 23830
3758 1791250403914444 21707
3759 1791250403936476 25691
3760 1791250403952918 21060
3761 1791250403975750 22788
3762 1791250403993804 23317
3763 1791250404015330 27264
3764 1791250404044738 36525
3765 1791250404057767 26394
3766 1791250404074292 25126
3767 1791250404094089 25708
3768 1791250404112798 22589
3769 1791250404142362 29492
3770 1791250404157244 28169
3771 1791250404172737 21397
3772 1791250404196015 23274
3773 1791250404214316 22687
3774 1791250404232874 21320
3775 1791250404255626 25641
3776 1791250404275346 27201
3777 1791250404294614 24714
3778 1791250404312391 23451
3779 1791250404334536 22140
3780 1791250404354677 24388
3781 1791250404372161 21778
3782 1791250404395086 22920
3783 1791250404417425 22334
3784 1791250404434601 21455
3785 1791250404459433 27153
3786 1791250404482327 29370
3787 1791250404494253 24656
3788 1791250404515304 26693
3789 1791250404537761 25325
3790 1791250404558042 24400
3791 1791250404574833 22269
3792 1791250404594196 24216
3793 1791250404615246 21186
3794 1791250404635972 25162
3795 1791250404654068 21740
3796 1791250404676107 22214
3797 1791250404694056 24435
3798 1791250404715823 21745
3799 1791250404734087 24485
3800 1791250404754886 26517
3801 1791250404774165 24436
3802 1791250404792327 23107
3803 1791250404813433 21098
3804 1791250404833202 22459
3805 1791250404861135 28355
3806 1791250404872958 23000
3807 1791250404894915 23810
3808 1791250404916546 26974
3809 1791250404941028 31302
3810 1791250404955496 21724
3811 1791250404975024 26753
3812 1791250404997251 22223
3813 1791250405013927 24697
3814 1791250405034330 25918
3815 1791250405055609 27512
3816 1791250405075914 23386
3817 1791250405095918 28139
3818 1791250405116612 20689
3819 1791250405135525 26993
3820 1791250405153900 24242
3821 1791250405172348 24384
3822 1791250405193568 24392
3823 1791250405223156 29582
3824 1791250405239142 27226
3825 1791250405255322 22299
3826 1791250405275155 24721
3827 1791250405294189 24049
3828 1791250405320574 26380
3829 1791250405341560 27133
3830 1791250405358058 24213
3831 1791250405371166 22513
3832 1791250405403549 34061
3833 1791250405415416 27071
3834 1791250405438247 28483
3835 1791250405461367 28834
3836 1791250405473103 22219
3837 1791250405495176 22069
3838 1791250405512966 24546
3839 1791250405536520 26322
3840 1791250405554196 23972
3841 1791250405574785 26260
3842 1791250405594051 24220
3843 1791250405612840 21975
3844 1791250405635557 26440
3845 1791250405654606 24620
3846 1791250405679008 24391
3847 1791250405692857 23261
3848 1791250405715359 22497
3849 1791250405739795 29447
3850 1791250405756781 23946
3851 1791250405773844 22752
3852 1791250405795260 22974
3853 1791250405815430 26958
3854 1791250405835263 26006
3855 1791250405853429 22567
3856 1791250405874224 20790
3857 1791250405892780 22602
3858 1791250405913934 21148
3859 1791250405933693 21683
3860 1791250405953403 23071
3861 1791250405977482 24073
3862 1791250405993092 22945
3863 1791250406015647 26959
3864 1791250406040126 29706
3865 1791250406054861 22347
3866 1791250406076222 24872
3867 1791250406094325 24243
3868 1791250406115059 25511
3869 1791250406141888 32042
3870 1791250406154104 25804
3871 1791250406175851 27845
3872 1791250406194317 23768
3873 1791250406218473 24348
3874 1791250406232510 23780
3875 1791250406253523 21009
3876 1791250406275655 26601
3877 1791250406300731 25068
3878 1791250406312995 22654
3879 1791250406335781 22782
3880 1791250406354625 26133
3881 1791250406374232 23592
3882 1791250406392413 23316
3883 1791250406417176 24752
3884 1791250406435973 25659
3885 1791250406454157 25219
3886 1791250406475561 24550
3887 1791250406494534 22635
3888 1791250406514177 26392
3889 1791250406532850 24391
3890 1791250406554905 22362
3891 1791250406574076 22597
3892 1791250406592061 23600
3893 1791250406615077 23011
3894 1791250406634029 23105
3895 1791250406653134 24601
3896 1791250406680060 26920
3897 1791250406695403 23642
3898 1791250406713955 22895
3899 1791250406738205 24247
3900 1791250406755192 26213
3901 1791250406773117 22497
3902 1791250406797335 24213
3903 1791250406814885 21378
3904 1791250406836777 26801
3905 1791250406855405 23558
3906 1791250406874604 25068
3907 1791250406915567 47001
3908 1791250406957973 42403
3909 1791250406958036 42456
3910 1791250406978518 50519
3911 1791250406994525 36528
3912 1791250407005247 27030
3913 1791250407017572 23042
3914 1791250407035942 23353
3915 1791250407056467 25189
3916 1791250407072497 20676
3917 1791250407095192 26052
3918 1791250407113088 22924
3919 1791250407141140 28047
3920 1791250407151344 22233
3921 1791250407174573 23223
3922 1791250407193193 23904
3923 1791250407213069 23969
3924 1791250407235755 22682
3925 1791250407253089 24788
3926 1791250407275734 26884
3927 1791250407292349 21925
3928 1791250407314434 26366
3929 1791250407343250 32228
3930 1791250407358478 29535
3931 1791250407374409 22693
3932 1791250407393199 21947
3933 1791250407417715 26090
3934 1791250407447762 33916
3935 1791250407461598 27521
3936 1791250407473388 25621
3937 1791250407495462 22067
3938 1791250407513632 21143
3939 1791250407536290 24556
3940 1791250407555352 22980
3941 1791250407573424 24880
3942 1791250407593093 23059
3943 1791250407615164 22064
3944 1791250407632973 22185
3945 1791250407665462 32734
3946 1791250407679343 29728
3947 1791250407693380 24651
3948 1791250407712754 23513
3949 1791250407741916 29150
3950 1791250407755491 26834
3951 1791250407774103 23176
3952 1791250407797767 27879
3953 1791250407815389 21998
3954 1791250407837231 25390
3955 1791250407854713 25583
3956 1791250407873545 22323
3957 1791250407895645 22096
3958 1791250407917991 29649
3959 1791250407947002 34486
3960 1791250407959382 27589
3961 1791250407975591 23753
3962 1791250408000611 28858
3963 1791250408010831 22177
3964 1791250408033887 26128
3965 1791250408052977 24090
3966 1791250408072779 22326
3967 1791250408093850 23428
3968 1791250408114157 25892
3969 1791250408133224 24259
3970 1791250408155323 22096
3971 1791250408173396 21644
3972 1791250408196483 23083
3973 1791250408217290 25248
3974 1791250408235318 23566
3975 1791250408255011 23626
3976 1791250408273648 22641
3977 1791250408292859 22059
3978 1791250408311928 22593
3979 1791250408342202 30271
3980 1791250408353651 22704
3981 1791250408377795 24141
3982 1791250408397949 25984
3983 1791250408413193 20631
3984 1791250408435082 26240
3985 1791250408455645 25386
3986 1791250408475484 24544
3987 1791250408489598 20691
3988 1791250408515138 25662
3989 1791250408533568 23385
3990 1791250408555262 24473
3991 1791250408573479 23035
3992 1791250408593782 25302
3993 1791250408617308 23524
3994 1791250408635729 22253
3995 1791250408653207 23011
3996 1791250408674565 21354
3997 1791250408692528 21848
3998 1791250408713158 25288
3999 1791250408733871 20709
4000 1791250408757343 23525
4001 1791250408775177 22315
4002 1791250408795801 26290
4003 1791250408813396 23809
4004 1791250408831696 23574
4005 1791250408853288 21590
4006 1791250408871943 23690
4007 1791250408894492 25954
4008 1791250408913381 23626
4009 1791250408938094 27545
4010 1791250408954763 21721
4011 1791250408968960 20769
4012 1791250408994296 25333
4013 1791250409012627 23216
4014 1791250409035184 22555
4015 1791250409053923 23269
4016 1791250409074630 20763
4017 1791250409091831 22519
4018 1791250409114268 22434
4019 1791250409133240 23867
4020 1791250409154639 21384
4021 1791250409175226 20666
4022 1791250409199631 24401
4023 1791250409217571 23716
4024 1791250409235435 24842
4025 1791250409253756 24576
4026 1791250409270748 22246
4027 1791250409291529 20779
4028 1791250409315964 24432
4029 1791250409330704 20552
4030 1791250409354861 25042
4031 1791250409375511 24890
4032 1791250409393040 23900
4033 1791250409415565 22779
4034 1791250409436434 24807
4035 1791250409452682 24934
4036 1791250409475723 23038
4037 1791250409496671 24927
4038 1791250409515354 23656
4039 1791250409536022 24928
4040 1791250409560916 29155
4041 1791250409572306 24099
4042 1791250409596186 23877
4043 1791250409612904 21538
4044 1791250409633371 21451
4045 1791250409653520 22559
4046 1791250409675166 21640
4047 1791250409691957 22694
4048 1791250409714027 22119
4049 1791250409737501 24153
4050 1791250409758240 26086
4051 1791250409775559 22790
4052 1791250409794124 22624
4053 1791250409815905 28203
4054 1791250409834224 25740
4055 1791250409856852 28768
4056 1791250409875564 24308
4057 1791250409890320 20842
4058 1791250409913884 23559
4059 1791250409937369 26825
4060 1791250409955392 23216
4061 1791250409972002 20750
4062 1791250409994203 22277
4063 1791250410016584 27918
4064 1791250410033308 24018
4065 1791250410052377 23660
4066 1791250410075185 22805
4067 1791250410095144 23805
4068 1791250410116814 27007
4069 1791250410135106 24643
4070 1791250410155762 26437
4071 1791250410174761 25315
4072 1791250410193676 23706
4073 1791250410215588 21976
4074 1791250410238586 26060
4075 1791250410254397 21325
4076 1791250410274542 26263
4077 1791250410302586 28041
4078 1791250410313850 24417
4079 1791250410335103 26496
4080 1791250410353329 25086
4081 1791250410374012 23862
4082 1791250410392202 22333
4083 1791250410415334 23176
4084 1791250410432526 23829
4085 1791250410455267 22793
4086 1791250410473840 25583
4087 1791250410492530 22824
4088 1791250410515809 23409
4089 1791250410528825 20661
4090 1791250410554617 25789
4091 1791250410570985 23025
4092 1791250410596098 25110
4093 1791250410613385 22588
4094 1791250410632270 24000
4095 1791250410653681 21407
4096 1791250410674460 26102
4097 1791250410694263 25235
4098 1791250410723423 29156
4099 1791250410735665 23634
4100 1791250410752333 21224
4101 1791250410774004 21667
4102 1791250410797497 23490
4103 1791250410813580 24748
4104 1791250410839232 28584
4105 1791250410855887 22727
4106 1791250410876569 25537
4107 1791250410894252 22645
4108 1791250410914030 22653
4109 1791250410933820 22949
4110 1791250410954624 22552
4111 1791250410973545 24771
4112 1791250410991822 23694
4113 1791250411017949 26125
4114 1791250411042368 29010
4115 1791250411057373 27514
4116 1791250411073467 21343
4117 1791250411094974 25580
4118 1791250411114696 22700
4119 1791250411135778 22010
4120 1791250411151274 20856
4121 1791250411177866 26589
4122 1791250411193662 22772
4123 1791250411212089 21475
4124 1791250411231939 24167
4125 1791250411254511 22570
4126 1791250411273144 24226
4127 1791250411291450 20769
4128 1791250411311789 20336
4129 1791250411336552 25347
4130 1791250411356011 25450
4131 1791250411378709 27525
4132 1791250411398429 26573
4133 1791250411416087 23348
4134 1791250411436501 25358
4135 1791250411455877 23696
4136 1791250411474787 22817
4137 1791250411495722 24709
4138 1791250411511514 20969
4139 1791250411532680 21164
4140 1791250411555818 26330
4141 1791250411571686 21573
4142 1791250411593990 24177
4143 1791250411614647 22891
4144 1791250411633691 24666
4145 1791250411654373 26567
# sent 4146 received 4146
