0 1791251049246586 21099
1 1791251049268553 21947
2 1791251049287709 21332
3 1791251049312020 24308
4 1791251049334069 24790
5 1791251049359192 25379
6 1791251049377717 24182
7 1791251049397576 26301
8 1791251049408874 21692
9 1791251049432509 23632
10 1791251049450772 24018
11 1791251049471039 24012
12 1791251049487297 21219
13 1791251049514782 27570
14 1791251049540789 26005
15 1791251049558793 25217
16 1791251049570016 22300
17 1791251049596604 28669
18 1791251049614481 23685
19 1791251049634257 24595
20 1791251049661147 30859
21 1791251049672398 24274
22 1791251049693055 26613
23 1791251049713099 25065
24 1791251049735019 25381
25 1791251049753592 23729
26 1791251049780401 26806
27 1791251049793744 27505
28 1791251049809419 22678
29 1791251049833089 23666
30 1791251049860663 27571
31 1791251049874836 21742
32 1791251049892943 25830
33 1791251049912399 25120
34 1791251049927446 21153
35 1791251049954463 27135
36 1791251049971788 21148
37 1791251049994213 22422
38 1791251050017313 29289
39 1791251050031367 20709
40 1791251050054159 22789
41 1791251050075674 26509
42 1791251050093350 22784
43 1791251050111472 25581
44 1791251050135163 27797
45 1791251050152473 23024
46 1791251050173724 26667
47 1791251050189868 22039
48 1791251050213379 23507
49 1791251050236150 29731
50 1791251050252218 22001
51 1791251050274503 26312
52 1791251050294885 26574
53 1791251050313852 24637
54 1791251050330980 22874
55 1791251050354666 28314
56 1791251050371628 25508
57 1791251050393474 27557
58 1791251050412541 26840
59 1791251050432904 24847
60 1791251050446723 20515
61 1791251050470472 24068
62 1791251050493848 23689
63 1791251050512747 24766
64 1791251050530624 24621
65 1791251050555623 29657
66 1791251050569488 23598
67 1791251050587596 21691
68 1791251050611866 24266
69 1791251050634422 22553
70 1791251050648513 22489
71 1791251050671946 23469
72 1791251050690020 23891
73 1791251050711868 21845
74 1791251050731639 25488
75 1791251050753854 22211
76 1791251050778256 28723
77 1791251050794156 27783
78 1791251050810087 23122
79 1791251050835310 25219
80 1791251050853440 26743
81 1791251050873351 26601
82 1791251050891104 21171
83 1791251050915049 23942
84 1791251050928215 20975
85 1791251050954392 26439
86 1791251050973882 24220
87 1791251050994679 26419
88 1791251051012280 23069
89 1791251051040211 27928
90 1791251051059784 26098
91 1791251051080663 28165
92 1791251051094727 22327
93 1791251051113022 25145
94 1791251051131982 24655
95 1791251051152598 25414
96 1791251051174714 28258
97 1791251051192766 26700
98 1791251051215258 22488
99 1791251051230679 21785
100 1791251051257257 30700
101 1791251051273393 21110
102 1791251051291842 25409
103 1791251051315314 23468
104 1791251051337453 27155
105 1791251051353091 21928
106 1791251051369745 23002
107 1791251051394514 27158
108 1791251051414115 22692
109 1791251051436493 30794
110 1791251051451336 22059
111 1791251051472341 21002
112 1791251051494567 22274
113 1791251051514440 27449
114 1791251051533386 24955
115 1791251051554824 28126
116 1791251051571619 21770
117 1791251051594205 22641
118 1791251051614611 28748
119 1791251051633905 26529
120 1791251051646450 20456
121 1791251051672946 26493
122 1791251051694554 25846
123 1791251051712950 23521
124 1791251051736127 28276
125 1791251051755903 28412
126 1791251051770039 21730
127 1791251051791758 21716
128 1791251051813388 21661
129 1791251051831347 23791
130 1791251051854376 23026
131 1791251051874301 26717
132 1791251051895420 24292
133 1791251051913349 26579
134 1791251051932881 22925
135 1791251051954545 26468
136 1791251051974547 25543
137 1791251051993505 25861
138 1791251052010466 22719
139 1791251052034725 28845
140 1791251052056021 25667
141 1791251052071967 23162
142 1791251052097333 25407
143 1791251052113548 22083
144 1791251052132804 25915
145 1791251052154069 26847
146 1791251052170132 23710
147 1791251052192005 21915
148 1791251052214488 22479
149 1791251052229477 22973
150 1791251052247692 21290
151 1791251052270444 22748
152 1791251052289461 20992
153 1791251052317559 30936
154 1791251052333186 22011
155 1791251052359870 26681
156 1791251052372179 24273
157 1791251052390049 23999
158 1791251052414991 24923
159 1791251052434089 25562
160 1791251052447992 21361
161 1791251052472440 25800
162 1791251052493188 25995
163 1791251052514139 20947
164 1791251052529502 23076
165 1791251052550641 24354
166 1791251052574857 27980
167 1791251052594589 24671
168 1791251052609542 21744
169 1791251052635391 27639
170 1791251052652514 26727
171 1791251052673293 24846
172 1791251052692444 26789
173 1791251052714170 27576
174 1791251052733466 24689
175 1791251052762728 29258
176 1791251052773457 27655
177 1791251052794113 23633
178 1791251052814012 26138
179 1791251052834234 26463
180 1791251052855310 27685
181 1791251052871380 20900
182 1791251052896803 30280
183 1791251052912550 25771
184 1791251052934191 25983
185 1791251052958553 32605
186 1791251052979516 27510
187 1791251053000457 31488
188 1791251053010685 22955
189 1791251053036535 29317
190 1791251053052922 21337
191 1791251053074818 26832
192 1791251053094903 24535
193 1791251053109781 23752
194 1791251053133400 27072
195 1791251053154493 21222
196 1791251053174098 27163
197 1791251053192603 22447
198 1791251053216865 24258
199 1791251053232762 26574
200 1791251053251909 25544
201 1791251053272909 20997
202 1791251053292315 23860
203 1791251053313935 26013
204 1791251053328742 21204
205 1791251053355133 28370
206 1791251053374694 23498
207 1791251053393471 25456
208 1791251053408557 21114
209 1791251053434231 25750
210 1791251053454337 24889
211 1791251053473854 23440
212 1791251053493327 26584
213 1791251053513668 26968
214 1791251053535146 27706
215 1791251053551981 23361
216 1791251053569920 23687
217 1791251053594351 24428
218 1791251053613114 24484
219 1791251053633791 26418
220 1791251053654425 27548
221 1791251053674541 22760
222 1791251053691360 22863
223 1791251053716384 25021
224 1791251053736331 24734
225 1791251053758503 27183
226 1791251053769290 22591
227 1791251053793051 25595
228 1791251053820062 27062
229 1791251053836161 23182
230 1791251053851537 25250
231 1791251053878096 26602
232 1791251053892108 23423
233 1791251053914428 26959
234 1791251053932849 24049
235 1791251053954860 26792
236 1791251053977631 26343
237 1791251053996623 24730
238 1791251054014284 23608
239 1791251054033851 25168
240 1791251054050957 24426
241 1791251054073984 27862
242 1791251054100677 26690
243 1791251054116497 23410
244 1791251054126713 20589
245 1791251054150034 23318
246 1791251054175307 25269
247 1791251054193554 24631
248 1791251054219046 31249
249 1791251054233640 27441
250 1791251054254753 21154
251 1791251054273429 27636
252 1791251054294380 25618
253 1791251054319239 28449
254 1791251054334301 21868
255 1791251054353366 26886
256 1791251054372427 25689
257 1791251054389326 22029
258 1791251054413106 23777
259 1791251054433142 24135
260 1791251054452835 26509
261 1791251054470708 24499
262 1791251054496013 27663
263 1791251054516113 25413
264 1791251054532814 24487
265 1791251054556128 23311
266 1791251054573772 22037
267 1791251054593340 26851
268 1791251054609413 23068
269 1791251054635423 26194
270 1791251054652538 24396
271 1791251054681837 29296
272 1791251054699992 26552
273 1791251054710323 22776
274 1791251054733798 23471
275 1791251054754241 26741
276 1791251054774902 25678
277 1791251054793060 22890
278 1791251054813523 24935
279 1791251054833980 27529
280 1791251054852250 26516
281 1791251054873558 21305
282 1791251054891762 23707
283 1791251054912969 21203
284 1791251054935386 29108
285 1791251054953143 23993
286 1791251054972924 24655
287 1791251054994745 21816
288 1791251055013801 27501
289 1791251055034228 25326
290 1791251055050636 23012
291 1791251055073479 25197
292 1791251055094902 29212
293 1791251055114452 22855
294 1791251055128077 21062
295 1791251055153772 25831
296 1791251055169785 20915
297 1791251055189009 23104
298 1791251055211628 25576
299 1791251055234807 27620
300 1791251055255318 25488
301 1791251055270747 21789
302 1791251055296342 25592
303 1791251055313314 22975
304 1791251055333089 24970
305 1791251055355241 28211
306 1791251055375403 24436
307 1791251055394138 26016
308 1791251055415517 24729
309 1791251055432789 23211
310 1791251055451849 25818
311 1791251055477609 25756
312 1791251055497324 25782
313 1791251055510600 24696
314 1791251055533693 23090
315 1791251055551037 22680
316 1791251055575222 24181
317 1791251055593335 27115
318 1791251055608030 21524
319 1791251055634684 28184
320 1791251055657886 25818
321 1791251055673075 27188
322 1791251055691230 24727
323 1791251055713946 22713
324 1791251055731070 23447
325 1791251055754080 23085
326 1791251055773737 27135
327 1791251055795453 25122
328 1791251055813726 25887
329 1791251055832219 25527
330 1791251055855214 22992
331 1791251055873233 25016
332 1791251055895341 22106
333 1791251055909067 22572
334 1791251055933113 24043
335 1791251055951985 24835
336 1791251055973575 27330
337 1791251055992695 21891
338 1791251056013982 25862
339 1791251056032572 22788
340 1791251056055371 29240
341 1791251056075930 24309
342 1791251056094191 23438
343 1791251056112635 24427
344 1791251056132952 25425
345 1791251056159450 26494
346 1791251056169859 23255
347 1791251056190654 20792
348 1791251056214684 27986
349 1791251056235122 25179
350 1791251056254237 26876
351 1791251056277517 27300
352 1791251056293302 22038
353 1791251056313714 26225
354 1791251056335032 21522
355 1791251056347600 21283
356 1791251056375511 27908
357 1791251056394228 23995
358 1791251056413166 27377
359 1791251056434778 21674
360 1791251056455789 28206
361 1791251056469479 22813
362 1791251056493989 27700
363 1791251056512079 22322
364 1791251056536149 29651
365 1791251056554390 24728
366 1791251056573386 24752
367 1791251056594045 24194
368 1791251056613488 25452
369 1791251056634671 21240
370 1791251056655348 28856
371 1791251056674922 27089
372 1791251056694706 22774
373 1791251056714141 24121
374 1791251056735558 26783
375 1791251056753444 23651
376 1791251056774198 27257
377 1791251056794261 24540
378 1791251056807268 20799
379 1791251056828120 21009
380 1791251056852722 24598
381 1791251056874238 21513
382 1791251056888590 21493
383 1791251056914130 25535
384 1791251056933209 25570
385 1791251056952139 24968
386 1791251056982543 30617
387 1791251056995678 27924
388 1791251057014221 23654
389 1791251057034353 26300
390 1791251057054135 26180
391 1791251057076862 29225
392 1791251057093644 22742
393 1791251057115686 22039
394 1791251057132458 26048
395 1791251057152527 26183
396 1791251057175892 23362
397 1791251057190054 22915
398 1791251057211981 21924
399 1791251057228625 22219
400 1791251057261300 34009
401 1791251057272578 26747
402 1791251057293373 20791
403 1791251057309260 22643
404 1791251057334560 25794
405 1791251057364027 29464
406 1791251057378367 31535
407 1791251057394680 27174
408 1791251057423350 31581
409 1791251057450940 38518
410 1791251057467586 35603
411 1791251057478149 31977
412 1791251057494283 26694
413 1791251057517837 31422
414 1791251057534233 27670
415 1791251057563770 29534
416 1791251057574013 25582
417 1791251057600461 31751
418 1791251057624780 32428
419 1791251057643334 30889
420 1791251057654059 27534
421 1791251057673493 25411
422 1791251057694671 26860
423 1791251057716653 25869
424 1791251057733757 25990
425 1791251057755289 27145
426 1791251057778117 28286
427 1791251057798372 30632
428 1791251057815980 29200
429 1791251057838209 30791
430 1791251057854967 28789
431 1791251057876276 24473
432 1791251057898552 29523
433 1791251057922204 35173
434 1791251057934440 28756
435 1791251057962217 32271
436 1791251057974114 26559
437 1791251057993284 26621
438 1791251058018410 31835
439 1791251058034100 26701
440 1791251058060188 33299
441 1791251058076876 30085
442 1791251058098591 28857
443 1791251058116175 30137
444 1791251058136973 28977
445 1791251058163687 32896
446 1791251058183230 31536
447 1791251058195798 28544
448 1791251058214740 25682
449 1791251058238657 30719
450 1791251058258369 30638
451 1791251058284128 31449
452 1791251058302893 30019
453 1791251058327510 36291
454 1791251058344468 31285
455 1791251058354737 27225
456 1791251058376982 29126
457 1791251058399178 29362
458 1791251058414335 28018
459 1791251058436395 29035
460 1791251058456553 27910
461 1791251058482417 31714
462 1791251058494655 24488
463 1791251058518537 26523
464 1791251058541594 29010
465 1791251058559327 29061
466 1791251058571455 24775
467 1791251058591801 24693
468 1791251058620914 29110
469 1791251058637684 29869
470 1791251058655115 28887
471 1791251058683124 32448
472 1791251058694243 26472
473 1791251058719621 32070
474 1791251058738562 32123
475 1791251058759229 27166
476 1791251058780354 34059
477 1791251058804191 36846
478 1791251058832760 41601
479 1791251058851234 40553
480 1791251058874056 41292
481 1791251058895458 44221
482 1791251058915614 47474
483 1791251058945525 55247
484 1791251058967615 57429
485 1791251058986186 60189
486 1791251059006305 60776
487 1791251059033890 66272
488 1791251059057841 71653
489 1791251059073598 67291
490 1791251059096900 68885
491 1791251059118043 67619
492 1791251059135863 68196
493 1791251059154776 68839
494 1791251059183853 77482
495 1791251059205970 77499
496 1791251059224603 75471
497 1791251059242272 75209
498 1791251059261775 75535
499 1791251059282463 76490
500 1791251059302142 75540
501 1791251059321401 74648
502 1791251059344698 77917
503 1791251059373869 86418
504 1791251059392398 81861
505 1791251059408178 73855
506 1791251059424487 73698
507 1791251059449847 75975
508 1791251059473767 81366
509 1791251059494333 87298
510 1791251059507270 81117
511 1791251059534545 84694
512 1791251059553997 86484
513 1791251059585114 90987
514 1791251059594059 86786
515 1791251059612459 84101
516 1791251059633156 86262
517 1791251059661028 94660
518 1791251059683110 96008
519 1791251059702618 90425
520 1791251059714065 86760
521 1791251059739554 92508
522 1791251059762381 90466
523 1791251059780662 89291
524 1791251059801615 95041
525 1791251059820175 92736
526 1791251059842579 95692
527 1791251059864426 97720
528 1791251059889707 99347
529 1791251059905611 98930
530 1791251059925733 94521
531 1791251059935776 90040
532 1791251059965326 91897
533 1791251059981694 94479
534 1791251060001730 96116
535 1791251060024182 98446
536 1791251060048027 101825
537 1791251060075639 106756
538 1791251060094134 103744
539 1791251060109961 103222
540 1791251060122948 96557
541 1791251060144841 97402
542 1791251060166782 97420
543 1791251060187555 100902
544 1791251060206705 99807
545 1791251060234375 106862
546 1791251060248118 100389
547 1791251060276047 109261
548 1791251060298657 111098
549 1791251060321710 115002
550 1791251060333808 106501
551 1791251060352492 104370
552 1791251060373886 106559
553 1791251060393011 106211
554 1791251060424803 111044
555 1791251060436036 102225
556 1791251060454150 107269
557 1791251060492819 118931
558 1791251060504579 111746
559 1791251060514766 107862
560 1791251060534496 108355
561 1791251060563315 116461
562 1791251060574310 107371
563 1791251060598756 105934
564 1791251060613788 107462
565 1791251060630670 104089
566 1791251060651063 105341
567 1791251060673442 105354
568 1791251060702415 109021
569 1791251060716951 111065
570 1791251060741598 110925
571 1791251060761337 110272
572 1791251060772934 105845
573 1791251060802456 113040
574 1791251060823820 112767
575 1791251060836538 109708
576 1791251060864491 115460
577 1791251060884115 115443
578 1791251060897423 111264
579 1791251060923265 110555
580 1791251060943625 116935
581 1791251060959184 112393
582 1791251060985439 116157
583 1791251060997090 110483
584 1791251061018106 111448
585 1791251061044201 112469
586 1791251061054715 108461
587 1791251061073213 105154
588 1791251061098052 107507
589 1791251061113339 106206
590 1791251061132699 105741
591 1791251061147200 100722
592 1791251061174185 103215
593 1791251061191381 103920
594 1791251061206295 100020
595 1791251061226638 98957
596 1791251061245788 98587
597 1791251061272321 103489
598 1791251061283636 96228
599 1791251061302783 96486
600 1791251061321984 95344
601 1791251061334054 88263
602 1791251061363340 97490
603 1791251061374036 88344
604 1791251061393145 81724
605 1791251061412957 86788
606 1791251061424990 77557
607 1791251061450698 76845
608 1791251061463659 76409
609 1791251061483978 77371
610 1791251061503791 76193
611 1791251061521088 70387
612 1791251061534854 66085
613 1791251061548596 59044
614 1791251061566102 59808
615 1791251061584851 56147
616 1791251061604689 57434
617 1791251061617295 51190
618 1791251061641088 55098
619 1791251061652662 45987
620 1791251061680690 53958
621 1791251061694050 47791
622 1791251061720486 53598
623 1791251061734137 46960
624 1791251061754044 40746
625 1791251061774406 40266
626 1791251061790677 36916
627 1791251061804976 38578
628 1791251061821875 31195
629 1791251061843431 35144
630 1791251061858001 29490
631 1791251061883271 31679
632 1791251061905387 32579
633 1791251061920970 34344
634 1791251061938881 30454
635 1791251061966568 33453
636 1791251061984633 32706
637 1791251061995199 28627
638 1791251062015399 29466
639 1791251062036520 27372
640 1791251062061565 33917
641 1791251062075444 27799
642 1791251062097041 30506
643 1791251062117296 28797
644 1791251062136566 30084
645 1791251062152668 26267
646 1791251062184511 32027
647 1791251062196228 27035
648 1791251062218646 32975
649 1791251062238488 30866
650 1791251062262493 35972
651 1791251062292351 38614
652 1791251062305443 33335
653 1791251062324414 32060
654 1791251062335550 28401
655 1791251062357890 29567
656 1791251062374916 28127
657 1791251062389206 23100
658 1791251062417210 28385
659 1791251062437374 30658
660 1791251062454080 27413
661 1791251062476891 29011
662 1791251062493165 26788
663 1791251062515761 29437
664 1791251062534710 25970
665 1791251062564437 32646
666 1791251062576858 30926
667 1791251062595308 26896
668 1791251062614962 28823
669 1791251062639180 32231
670 1791251062665318 37660
671 1791251062688009 34654
672 1791251062708224 40872
673 1791251062724914 36902
674 1791251062750411 42184
675 1791251062777410 44392
676 1791251062793066 45736
677 1791251062814361 47549
678 1791251062837841 48067
679 1791251062862470 55100
680 1791251062883790 56367
681 1791251062905484 59179
682 1791251062928299 61236
683 1791251062952555 64005
684 1791251062975201 69714
685 1791251062993668 67621
686 1791251063023499 71225
687 1791251063033853 66447
688 1791251063068104 75317
689 1791251063082677 75033
690 1791251063100595 74577
691 1791251063127257 74638
692 1791251063144885 76778
693 1791251063170258 82681
694 1791251063190726 81545
695 1791251063205999 78738
696 1791251063231442 84856
697 1791251063245771 79256
698 1791251063275035 84838
699 1791251063287061 81060
700 1791251063319820 88371
701 1791251063333467 87691
702 1791251063354082 88047
703 1791251063371408 84727
704 1791251063396437 89852
705 1791251063410589 83825
706 1791251063435948 89196
707 1791251063459687 90048
708 1791251063486105 94431
709 1791251063502766 95761
710 1791251063518664 92701
711 1791251063535092 88946
712 1791251063565711 92085
713 1791251063573902 87792
714 1791251063608194 100712
715 1791251063622109 95050
716 1791251063638937 91688
717 1791251063658704 92987
718 1791251063683720 90651
719 1791251063705196 96998
720 1791251063724485 97630
721 1791251063744287 97899
722 1791251063768864 96879
723 1791251063782189 95818
724 1791251063808047 94598
725 1791251063832892 99460
726 1791251063854472 99922
727 1791251063873534 104667
728 1791251063887790 100773
729 1791251063905698 97648
730 1791251063935370 102452
731 1791251063949259 102773
732 1791251063973830 100292
733 1791251063983644 95850
734 1791251064003879 98177
735 1791251064027974 101078
736 1791251064048706 99443
737 1791251064068032 94936
738 1791251064085399 99133
739 1791251064115535 102976
740 1791251064132712 104736
741 1791251064157539 108828
742 1791251064177468 109433
743 1791251064194466 107498
744 1791251064219639 109030
745 1791251064230165 104558
746 1791251064264031 112494
747 1791251064275227 105641
748 1791251064302078 114931
749 1791251064316126 106156
750 1791251064338187 111036
751 1791251064358365 110605
752 1791251064382286 114959
753 1791251064405473 112176
754 1791251064426052 117051
755 1791251064434594 106772
756 1791251064455447 108755
757 1791251064476631 108092
758 1791251064502981 115283
759 1791251064524654 116690
760 1791251064535640 109571
761 1791251064565587 112051
762 1791251064586957 115418
763 1791251064608207 116553
764 1791251064623453 113373
765 1791251064648441 119148
766 1791251064661454 115452
767 1791251064684160 118569
768 1791251064710956 123969
769 1791251064722889 114676
770 1791251064744364 115411
771 1791251064762313 113861
772 1791251064783255 110680
773 1791251064806858 110756
774 1791251064822696 111736
775 1791251064837377 106524
776 1791251064859434 109598
777 1791251064873563 106947
778 1791251064896216 109261
779 1791251064907721 100857
780 1791251064934040 107494
781 1791251064955579 101357
782 1791251064967727 101128
783 1791251064987049 101085
784 1791251065012788 105960
785 1791251065037831 103789
786 1791251065045753 95920
787 1791251065067267 99536
788 1791251065085576 98524
789 1791251065101952 95252
790 1791251065113777 85746
791 1791251065129132 83375
792 1791251065153719 86446
793 1791251065166161 80579
794 1791251065190122 82376
795 1791251065203543 74406
796 1791251065219538 71854
797 1791251065242929 76764
798 1791251065261395 71262
799 1791251065271670 65454
800 1791251065295176 69243
801 1791251065310506 62622
802 1791251065331378 63468
803 1791251065349329 59377
804 1791251065363050 52539
805 1791251065379872 48823
806 1791251065394858 45762
807 1791251065418052 49403
808 1791251065442072 55252
809 1791251065458258 52066
810 1791251065473897 39233
811 1791251065492472 46069
812 1791251065504110 34205
813 1791251065526340 33864
814 1791251065547940 34821
815 1791251065562654 36309
816 1791251065582708 34764
817 1791251065593356 25658
818 1791251065615881 27524
819 1791251065632899 24596
820 1791251065662578 33634
821 1791251065673395 26748
822 1791251065705081 38319
823 1791251065715456 28723
824 1791251065737598 26729
825 1791251065762599 35833
826 1791251065781892 35185
827 1791251065793118 26171
828 1791251065818525 25403
829 1791251065833538 26263
830 1791251065855763 29050
831 1791251065874307 27986
832 1791251065899785 29824
833 1791251065923592 30233
834 1791251065931628 25511
835 1791251065955853 29787
836 1791251065976014 27102
837 1791251065993751 23052
838 1791251066015927 27994
839 1791251066038452 28442
840 1791251066055236 28255
841 1791251066078746 29419
842 1791251066097471 30528
843 1791251066119575 33558
844 1791251066139296 32272
845 1791251066155706 28270
846 1791251066175978 29472
847 1791251066199344 28284
848 1791251066221360 32645
849 1791251066242987 28557
850 1791251066253584 24313
851 1791251066283720 30595
852 1791251066296139 27715
853 1791251066313652 26346
854 1791251066336556 30035
855 1791251066354627 28746
856 1791251066373432 25536
857 1791251066398398 31135
858 1791251066419722 31438
859 1791251066444414 30304
860 1791251066460068 33696
861 1791251066492566 39753
862 1791251066508672 36631
863 1791251066523030 35815
864 1791251066553388 44710
865 1791251066575837 47399
866 1791251066601101 47930
867 1791251066619791 48390
868 1791251066637231 50942
869 1791251066662797 56145
870 1791251066678854 52857
871 1791251066704284 56759
872 1791251066725521 58747
873 1791251066744030 57663
874 1791251066775655 62291
875 1791251066795305 69777
876 1791251066823897 75937
877 1791251066844120 76825
878 1791251066862547 76770
879 1791251066901760 94528
880 1791251066916642 85996
881 1791251066939004 88251
882 1791251066960831 94365
883 1791251066983824 98087
884 1791251067010479 103635
885 1791251067036097 109035
886 1791251067054246 107379
887 1791251067080169 113158
888 1791251067104515 118286
889 1791251067135609 125125
890 1791251067155942 124206
891 1791251067184677 130423
892 1791251067203517 132801
893 1791251067224197 131269
894 1791251067234765 128594
895 1791251067261232 132452
896 1791251067287380 138223
897 1791251067299127 132940
898 1791251067323744 137185
899 1791251067343590 135787
900 1791251067363416 135931
901 1791251067382997 134305
902 1791251067400104 133340
903 1791251067424290 136905
904 1791251067444066 136818
905 1791251067464609 135582
906 1791251067481689 135783
907 1791251067511750 144539
908 1791251067523976 136773
909 1791251067546920 140305
910 1791251067564079 135576
911 1791251067587590 137068
912 1791251067603199 135203
913 1791251067628449 136273
914 1791251067642871 131116
915 1791251067660579 134052
916 1791251067681431 134666
917 1791251067703000 136416
918 1791251067718768 131173
919 1791251067740461 131392
920 1791251067754593 126140
921 1791251067780219 133764
922 1791251067810931 142650
923 1791251067824154 137245
924 1791251067836795 130150
925 1791251067860291 132325
926 1791251067876013 129094
927 1791251067891335 124210
928 1791251067908145 119095
929 1791251067933078 125733
930 1791251067944563 114461
931 1791251067956938 108868
932 1791251067975637 107258
933 1791251067987434 96090
934 1791251068004279 96124
935 1791251068025023 92237
936 1791251068036387 90388
937 1791251068048241 81731
938 1791251068064075 76635
939 1791251068080869 71630
940 1791251068095365 65178
941 1791251068122637 74391
942 1791251068130033 63487
943 1791251068147361 61145
944 1791251068161274 53341
945 1791251068174263 44608
946 1791251068186437 39072
947 1791251068207751 34653
948 1791251068223271 36829
949 1791251068234920 27167
950 1791251068261997 34087
951 1791251068273300 26539
952 1791251068293239 26580
953 1791251068314025 26872
954 1791251068344647 30618
955 1791251068355386 28883
956 1791251068374524 27389
957 1791251068396682 28210
958 1791251068415443 29438
959 1791251068438509 31617
960 1791251068465831 34106
961 1791251068476454 23649
962 1791251068495246 29412
963 1791251068518679 28670
964 1791251068543007 30394
965 1791251068554450 28056
966 1791251068578509 31248
967 1791251068597362 29696
968 1791251068625609 34358
969 1791251068646081 31661
970 1791251068658553 32940
971 1791251068670626 24543
972 1791251068698933 28303
973 1791251068715255 26979
974 1791251068733278 24681
975 1791251068759727 31413
976 1791251068782626 29146
977 1791251068794783 28564
978 1791251068819124 30668
979 1791251068836596 30614
980 1791251068861411 29760
981 1791251068876868 29021
982 1791251068902767 32324
983 1791251068914571 28419
984 1791251068934308 27176
985 1791251068959158 29266
986 1791251068975623 27936
987 1791251068994256 24659
988 1791251069013354 27611
989 1791251069039832 26562
990 1791251069054162 26088
991 1791251069075906 29032
992 1791251069097812 27073
993 1791251069115624 28479
994 1791251069138471 28624
995 1791251069153933 26234
996 1791251069173814 25284
997 1791251069200630 32363
998 1791251069219440 33137
999 1791251069243913 31923
1000 1791251069260896 27490
1001 1791251069290284 39832
1002 1791251069303344 29924
1003 1791251069313909 23622
1004 1791251069340096 30939
1005 1791251069354283 24519
1006 1791251069375079 23695
1007 1791251069392492 23859
1008 1791251069413055 26781
1009 1791251069443777 31490
1010 1791251069455462 29026
1011 1791251069482913 28423
1012 1791251069493309 25784
1013 1791251069517020 30633
1014 1791251069534054 27502
1015 1791251069553257 27028
1016 1791251069574096 25787
1017 1791251069595537 26089
1018 1791251069615108 28898
1019 1791251069645754 34279
1020 1791251069655977 26093
1021 1791251069674297 28541
1022 1791251069705784 32872
1023 1791251069712974 25573
1024 1791251069739848 34061
1025 1791251069757299 30946
1026 1791251069776028 29826
1027 1791251069792901 24266
1028 1791251069820239 33935
1029 1791251069838342 31829
1030 1791251069862272 32258
1031 1791251069882938 31919
1032 1791251069899555 27107
1033 1791251069924041 31571
1034 1791251069935365 29316
1035 1791251069956518 27800
1036 1791251069982594 31459
1037 1791251070002950 35388
1038 1791251070024754 36935
1039 1791251070039181 31472
1040 1791251070063909 34959
1041 1791251070075559 28038
1042 1791251070094208 22366
1043 1791251070113522 26891
1044 1791251070143538 36046
1045 1791251070154309 27347
1046 1791251070175418 26882
1047 1791251070193511 26007
1048 1791251070215613 28014
1049 1791251070234741 28284
1050 1791251070253116 25418
1051 1791251070284225 31825
1052 1791251070299968 30727
1053 1791251070321749 28646
1054 1791251070336490 30007
1055 1791251070363456 37486
1056 1791251070382972 36289
1057 1791251070412626 45870
1058 1791251070429672 42165
1059 1791251070454512 47928
1060 1791251070484353 55010
1061 1791251070503340 53364
1062 1791251070525256 58657
1063 1791251070548264 60924
1064 1791251070581898 69948
1065 1791251070595145 67791
1066 1791251070621476 73209
1067 1791251070646668 79906
1068 1791251070666083 79567
1069 1791251070698979 90262
1070 1791251070728155 95336
1071 1791251070742678 96006
1072 1791251070763424 97337
1073 1791251070793686 101639
1074 1791251070813637 107545
1075 1791251070837436 109279
1076 1791251070857312 111439
1077 1791251070898406 124686
1078 1791251070909433 122332
1079 1791251070933296 122426
1080 1791251070954175 127988
1081 1791251070985872 137201
1082 1791251071013909 142158
1083 1791251071028815 142219
1084 1791251071052560 143123
1085 1791251071077190 150267
1086 1791251071098663 152128
1087 1791251071126124 159048
1088 1791251071136175 150298
1089 1791251071154718 147992
1090 1791251071185188 156370
1091 1791251071208925 156362
1092 1791251071229855 163074
1093 1791251071242710 156413
1094 1791251071263731 157060
1095 1791251071285235 159108
1096 1791251071303368 156226
1097 1791251071325560 159527
1098 1791251071352768 161159
1099 1791251071363564 156535
1100 1791251071388014 159135
1101 1791251071406147 152799
1102 1791251071419434 149147
1103 1791251071443891 153010
1104 1791251071461047 154388
1105 1791251071471710 146147
1106 1791251071494518 142283
1107 1791251071513483 147822
1108 1791251071523717 137639
1109 1791251071548318 142169
1110 1791251071561636 134528
1111 1791251071582542 135593
1112 1791251071598494 131664
1113 1791251071623095 129496
1114 1791251071633940 127405
1115 1791251071658449 132464
1116 1791251071674305 125984
1117 1791251071686662 115472
1118 1791251071700282 113260
1119 1791251071722561 114010
1120 1791251071729101 100712
1121 1791251071746503 99711
1122 1791251071757609 88654
1123 1791251071769065 82399
1124 1791251071785719 78583
1125 1791251071794434 65331
1126 1791251071820216 73710
1127 1791251071831556 62488
1128 1791251071836072 50350
1129 1791251071857461 44198
1130 1791251071871425 39864
1131 1791251071885109 37989
1132 1791251071907963 36585
1133 1791251071919673 31371
1134 1791251071947083 39117
1135 1791251071963371 37471
1136 1791251071973663 26927
1137 1791251071996059 27043
1138 1791251072018127 30251
1139 1791251072034243 27521
1140 1791251072056575 27984
1141 1791251072084598 33773
1142 1791251072104518 30148
1143 1791251072120481 27895
1144 1791251072136999 27722
1145 1791251072163365 31537
1146 1791251072185784 35882
1147 1791251072197223 29347
1148 1791251072209643 23854
1149 1791251072245499 35853
1150 1791251072257261 28136
1151 1791251072274259 28758
1152 1791251072303999 36383
1153 1791251072322737 34080
1154 1791251072338709 28903
1155 1791251072360413 33751
1156 1791251072384732 31403
1157 1791251072395149 28531
1158 1791251072416617 29965
1159 1791251072435574 28218
1160 1791251072457783 30631
1161 1791251072472821 27077
1162 1791251072494705 21881
1163 1791251072514541 28073
1164 1791251072536969 30820
1165 1791251072554075 23203
1166 1791251072572784 22686
1167 1791251072593591 26645
1168 1791251072613563 22765
1169 1791251072631133 23606
1170 1791251072653975 28270
1171 1791251072672580 22161
1172 1791251072693443 20856
1173 1791251072716925 23479
1174 1791251072737563 25529
1175 1791251072752563 20887
1176 1791251072773870 27037
1177 1791251072794545 24158
1178 1791251072811253 24887
1179 1791251072829940 23439
1180 1791251072853001 23110
1181 1791251072880622 27618
1182 1791251072892983 26573
1183 1791251072910237 23902
1184 1791251072933288 23046
1185 1791251072951394 24807
1186 1791251072974047 22650
1187 1791251072992779 25641
1188 1791251073012079 25326
1189 1791251073031973 24537
1190 1791251073053187 25914
1191 1791251073084118 30928
1192 1791251073095296 26484
1193 1791251073114482 24725
1194 1791251073128544 21303
1195 1791251073152327 23780
1196 1791251073171520 24948
1197 1791251073195402 23879
1198 1791251073210727 24781
1199 1791251073236114 25383
1200 1791251073252435 21825
1201 1791251073275230 28933
1202 1791251073293780 22556
1203 1791251073315407 21623
1204 1791251073332066 25761
1205 1791251073354859 27662
1206 1791251073373336 23556
1207 1791251073394844 27981
1208 1791251073413651 27067
1209 1791251073435196 21528
1210 1791251073453102 24659
1211 1791251073473023 26424
1212 1791251073496647 23621
1213 1791251073507296 21040
1214 1791251073527109 21206
1215 1791251073552074 24962
1216 1791251073575098 23020
1217 1791251073594671 27150
1218 1791251073612538 23410
1219 1791251073633199 27149
1220 1791251073654930 24201
1221 1791251073669782 20835
1222 1791251073691767 21981
1223 1791251073712268 23956
1224 1791251073732393 25684
1225 1791251073753026 25258
1226 1791251073774024 27498
1227 1791251073793301 21691
1228 1791251073815959 28368
1229 1791251073834936 23828
1230 1791251073847364 20967
1231 1791251073870158 22791
1232 1791251073891827 21665
1233 1791251073917169 30119
1234 1791251073934292 23794
1235 1791251073953459 26473
1236 1791251073972968 23917
1237 1791251073995169 28635
1238 1791251074013961 24537
1239 1791251074033047 25812
1240 1791251074052580 25786
1241 1791251074077209 24760
1242 1791251074090719 24081
1243 1791251074114313 27739
1244 1791251074130290 22780
1245 1791251074155120 24827
1246 1791251074179565 30434
1247 1791251074195791 23445
1248 1791251074213176 26702
1249 1791251074234075 27591
1250 1791251074253919 24914
1251 1791251074277086 29839
1252 1791251074290834 22294
1253 1791251074312047 23807
1254 1791251074333452 27308
1255 1791251074353347 24082
1256 1791251074383706 30355
1257 1791251074395359 26263
1258 1791251074415493 23871
1259 1791251074433653 22609
1260 1791251074457126 24114
1261 1791251074473989 22812
1262 1791251074490311 23772
1263 1791251074512999 22734
1264 1791251074534734 21731
1265 1791251074555448 25461
1266 1791251074573475 22879
1267 1791251074595368 27575
1268 1791251074612950 23177
1269 1791251074633087 26027
1270 1791251074654176 27600
1271 1791251074682503 31144
1272 1791251074693744 26324
1273 1791251074714367 26052
1274 1791251074728882 20767
1275 1791251074754626 26795
1276 1791251074773936 23593
1277 1791251074788260 21270
1278 1791251074808962 20698
1279 1791251074831790 22826
1280 1791251074853717 21963
1281 1791251074873858 26975
1282 1791251074892472 23238
1283 1791251074913989 26158
1284 1791251074933240 24327
1285 1791251074954205 27935
1286 1791251074976002 21793
1287 1791251074991590 24439
1288 1791251075013653 27322
1289 1791251075034389 23476
1290 1791251075053306 26694
1291 1791251075077287 23978
1292 1791251075090722 22119
1293 1791251075113265 22540
1294 1791251075132435 24758
1295 1791251075157446 25056
1296 1791251075173469 26736
1297 1791251075190963 23919
1298 1791251075223082 32117
1299 1791251075233872 22025
1300 1791251075253494 27054
1301 1791251075271488 22563
1302 1791251075293152 27591
1303 1791251075315081 24488
1304 1791251075330567 22781
1305 1791251075355344 24774
1306 1791251075372973 25218
1307 1791251075393579 24715
1308 1791251075415247 21664
1309 1791251075431373 23582
1310 1791251075453477 27007
1311 1791251075475512 28583
1312 1791251075491656 21677
1313 1791251075514179 22561
1314 1791251075535108 28876
1315 1791251075552918 24474
1316 1791251075574820 27424
1317 1791251075595471 26522
1318 1791251075617247 30962
1319 1791251075635664 25128
1320 1791251075660158 33314
1321 1791251075672931 26405
1322 1791251075698945 28362
1323 1791251075714893 25656
1324 1791251075733656 27105
1325 1791251075764351 34077
1326 1791251075776588 26260
1327 1791251075797714 25802
1328 1791251075814492 26532
1329 1791251075841068 31749
1330 1791251075853347 27371
1331 1791251075877999 30562
1332 1791251075897647 27792
1333 1791251075919577 33387
1334 1791251075933484 27168
1335 1791251075956383 30382
1336 1791251075969549 23727
1337 1791251076003013 35341
1338 1791251076015466 29397
1339 1791251076036911 27821
1340 1791251076063269 32525
1341 1791251076078623 29302
1342 1791251076103048 34824
1343 1791251076119163 31511
1344 1791251076140674 32170
1345 1791251076155134 28315
1346 1791251076182156 36358
1347 1791251076203324 31651
1348 1791251076217144 30363
1349 1791251076245809 34580
1350 1791251076257522 29210
1351 1791251076274572 28756
1352 1791251076291787 25068
1353 1791251076325606 36098
1354 1791251076339255 26316
1355 1791251076353415 27805
1356 1791251076380141 30629
1357 1791251076403459 29830
1358 1791251076413868 27492
1359 1791251076436109 27661
1360 1791251076456438 29419
1361 1791251076476968 29788
1362 1791251076500877 34236
1363 1791251076511863 25681
1364 1791251076531204 24910
1365 1791251076557727 28842
1366 1791251076573286 26401
1367 1791251076600986 31424
1368 1791251076621432 32677
1369 1791251076653028 39610
1370 1791251076661627 34179
1371 1791251076683405 34653
1372 1791251076700541 34145
1373 1791251076723057 29332
1374 1791251076750286 36616
1375 1791251076763291 35832
1376 1791251076776960 26671
1377 1791251076795092 27560
1378 1791251076818920 32572
1379 1791251076834484 26654
1380 1791251076855728 26887
1381 1791251076881757 32154
1382 1791251076901709 35221
1383 1791251076919024 33033
1384 1791251076954345 41948
1385 1791251076956990 27886
1386 1791251076977658 28471
1387 1791251077003353 34476
1388 1791251077020629 33819
1389 1791251077048233 34235
1390 1791251077053073 26628
1391 1791251077082978 36291
1392 1791251077100760 29794
1393 1791251077123640 33222
1394 1791251077151145 39079
1395 1791251077154006 25638
1396 1791251077179922 28774
1397 1791251077201304 33963
1398 1791251077228072 35435
1399 1791251077236652 29773
1400 1791251077257662 29586
1401 1791251077284491 37261
1402 1791251077310981 39405
1403 1791251077316522 28014
1404 1791251077337766 26782
1405 1791251077351426 25592
1406 1791251077373684 26959
1407 1791251077401249 30449
1408 1791251077414588 27547
1409 1791251077442543 30685
1410 1791251077456951 25023
1411 1791251077478907 32422
1412 1791251077497014 29289
1413 1791251077513224 26857
1414 1791251077538649 28133
1415 1791251077563418 29875
1416 1791251077581918 36076
1417 1791251077606831 32028
1418 1791251077633704 41056
1419 1791251077636387 29937
1420 1791251077652958 25795
1421 1791251077680818 28111
1422 1791251077695544 26958
1423 1791251077719230 26169
1424 1791251077739350 32522
1425 1791251077766797 34505
1426 1791251077780981 29545
1427 1791251077798278 31478
1428 1791251077819194 31387
1429 1791251077844840 32068
1430 1791251077856214 29251
1431 1791251077878648 31804
1432 1791251077900542 34000
1433 1791251077924233 30411
1434 1791251077936055 28395
1435 1791251077957073 28431
1436 1791251077974270 24708
1437 1791251077999978 32330
1438 1791251078018077 30552
1439 1791251078038729 31479
1440 1791251078065340 33447
1441 1791251078084400 32443
1442 1791251078101222 33951
1443 1791251078122393 33233
1444 1791251078150174 34751
1445 1791251078150180 23487
1446 1791251078180242 32074
1447 1791251078199365 32697
1448 1791251078216711 28550
1449 1791251078235259 26097
1450 1791251078256699 26928
1451 1791251078283619 33660
1452 1791251078304319 32284
1453 1791251078324468 34493
1454 1791251078343306 30446
1455 1791251078354634 26311
1456 1791251078377603 30754
1457 1791251078403180 31580
1458 1791251078422926 36719
1459 1791251078436621 26898
1460 1791251078462147 32684
1461 1791251078480400 27624
1462 1791251078499405 31774
1463 1791251078513474 26965
1464 1791251078536237 29365
1465 1791251078557379 30586
1466 1791251078581268 28883
1467 1791251078596714 27410
1468 1791251078615448 28580
1469 1791251078637819 27714
1470 1791251078661508 33399
1471 1791251078681354 33270
1472 1791251078695808 29053
1473 1791251078718530 31216
1474 1791251078741274 28990
1475 1791251078753878 24731
1476 1791251078782265 29563
1477 1791251078796530 27123
1478 1791251078817158 25259
1479 1791251078837001 27626
1480 1791251078854630 27593
1481 1791251078877401 30543
1482 1791251078899899 33550
1483 1791251078921192 34034
1484 1791251078934128 26699
1485 1791251078958805 31049
1486 1791251078976650 23461
1487 1791251078998552 26924
1488 1791251079017372 27684
1489 1791251079038235 31411
1490 1791251079065881 33522
1491 1791251079085679 33748
1492 1791251079092153 26267
1493 1791251079114522 28840
1494 1791251079142520 29608
1495 1791251079154277 28360
1496 1791251079191071 41951
1497 1791251079202606 35938
1498 1791251079221127 30306
1499 1791251079236170 29530
1500 1791251079250540 23784
1501 1791251079282892 32749
1502 1791251079296773 29004
1503 1791251079315407 28906
1504 1791251079343954 30065
1505 1791251079355209 23397
1506 1791251079375628 29257
1507 1791251079401013 34504
1508 1791251079424948 34751
1509 1791251079442171 35197
1510 1791251079457000 28531
1511 1791251079483533 36611
1512 1791251079500730 31701
1513 1791251079515319 25248
1514 1791251079538473 25320
1515 1791251079567970 34854
1516 1791251079570203 23031
1517 1791251079599239 31265
1518 1791251079629418 36593
1519 1791251079649852 41130
1520 1791251079663434 34013
1521 1791251079683959 34104
1522 1791251079702933 35679
1523 1791251079724074 33103
1524 1791251079746076 35444
1525 1791251079764246 33711
1526 1791251079769823 23741
1527 1791251079796706 30065
1528 1791251079816312 30057
1529 1791251079839491 27749
1530 1791251079850183 23313
1531 1791251079874249 27674
1532 1791251079895300 27433
1533 1791251079916194 29845
1534 1791251079943802 31141
1535 1791251079952086 23169
1536 1791251079975746 28629
1537 1791251079998654 27975
1538 1791251080027760 39655
1539 1791251080034817 26083
1540 1791251080060214 32451
1541 1791251080083094 35756
1542 1791251080096007 28798
1543 1791251080114529 28243
1544 1791251080134081 25827
1545 1791251080162243 31935
1546 1791251080177290 28481
1547 1791251080197853 30851
1548 1791251080223579 31626
1549 1791251080234685 27639
1550 1791251080259703 29421
1551 1791251080273225 27401
1552 1791251080295980 26436
1553 1791251080327919 33460
1554 1791251080342404 28635
1555 1791251080355286 27439
1556 1791251080380369 32005
1557 1791251080403368 32390
1558 1791251080417194 24467
1559 1791251080436180 29514
1560 1791251080459601 27171
1561 1791251080480070 28813
1562 1791251080500655 34847
1563 1791251080516735 22702
1564 1791251080534498 28193
1565 1791251080554529 27631
1566 1791251080574632 27723
1567 1791251080599432 31524
1568 1791251080629230 36235
1569 1791251080636289 24325
1570 1791251080655416 26185
1571 1791251080678792 29615
1572 1791251080697244 30553
1573 1791251080713335 23060
1574 1791251080732981 24995
1575 1791251080760021 27817
1576 1791251080775154 25956
1577 1791251080803840 37344
1578 1791251080813259 22219
1579 1791251080842466 33244
1580 1791251080857533 29090
1581 1791251080886494 33780
1582 1791251080896381 26016
1583 1791251080915999 29502
1584 1791251080940022 33285
1585 1791251080962354 29324
1586 1791251080972027 25786
1587 1791251080997925 30588
1588 1791251081020570 31734
1589 1791251081034909 28709
1590 1791251081057847 31708
1591 1791251081073027 26950
1592 1791251081094988 25745
1593 1791251081116764 30394
1594 1791251081134278 26093
1595 1791251081155523 28830
1596 1791251081174465 26626
1597 1791251081200913 35156
1598 1791251081223888 37232
1599 1791251081235639 26101
1600 1791251081255267 26404
1601 1791251081274273 28425
1602 1791251081303614 32874
1603 1791251081324614 31020
1604 1791251081340046 34250
1605 1791251081355986 29873
1606 1791251081374929 27096
1607 1791251081401483 34823
1608 1791251081433066 41800
1609 1791251081450638 39537
1610 1791251081471610 44214
1611 1791251081483684 33325
1612 1791251081503718 32105
1613 1791251081521465 35491
1614 1791251081532829 22301
1615 1791251081557353 28743
1616 1791251081571488 25144
1617 1791251081598244 31410
1618 1791251081623244 34081
1619 1791251081643773 35759
1620 1791251081663299 33624
1621 1791251081679289 28153
1622 1791251081698774 31364
1623 1791251081715247 22908
1624 1791251081744055 31701
1625 1791251081767013 33932
1626 1791251081776297 28963
1627 1791251081799196 32180
1628 1791251081824384 31809
1629 1791251081836773 30025
1630 1791251081857072 30118
1631 1791251081879432 32266
1632 1791251081897921 30450
1633 1791251081917858 25108
1634 1791251081937807 28597
1635 1791251081954506 22010
1636 1791251081979854 27382
1637 1791251081992209 26038
1638 1791251082015668 26867
1639 1791251082038165 29496
1640 1791251082063364 36628
1641 1791251082076277 25230
1642 1791251082093590 22661
1643 1791251082116372 29780
1644 1791251082143431 32060
1645 1791251082159940 30806
1646 1791251082176628 29146
1647 1791251082194574 27043
1648 1791251082216857 30674
1649 1791251082239546 31058
1650 1791251082264162 30406
1651 1791251082276002 28304
1652 1791251082302288 29581
1653 1791251082313629 27328
1654 1791251082334577 28043
1655 1791251082354718 28728
1656 1791251082376477 28002
1657 1791251082397524 25669
1658 1791251082421128 28320
1659 1791251082448108 33443
1660 1791251082456385 29382
1661 1791251082478422 30309
1662 1791251082497020 27420
1663 1791251082523928 27883
1664 1791251082538425 31582
1665 1791251082554326 27382
1666 1791251082581675 35068
1667 1791251082598823 28079
1668 1791251082621036 29194
1669 1791251082632414 26187
1670 1791251082663925 31879
1671 1791251082688144 37307
1672 1791251082694500 26929
1673 1791251082724269 36121
1674 1791251082742914 31486
1675 1791251082759886 32923
1676 1791251082776990 24937
1677 1791251082792856 22758
1678 1791251082818606 31114
1679 1791251082833761 26719
1680 1791251082853132 26391
1681 1791251082876816 29522
1682 1791251082896074 28586
1683 1791251082909540 22969
1684 1791251082936800 28694
1685 1791251082952467 25502
1686 1791251082982791 33675
1687 1791251082997237 30630
1688 1791251083018665 28831
1689 1791251083041716 32617
1690 1791251083055299 28803
1691 1791251083075101 29281
1692 1791251083093869 26984
1693 1791251083119829 33052
1694 1791251083135600 29311
1695 1791251083154650 23415
1696 1791251083174740 28174
1697 1791251083188321 21966
1698 1791251083212122 25912
1699 1791251083240287 31021
1700 1791251083256987 22559
1701 1791251083278084 29456
1702 1791251083298588 31056
1703 1791251083320201 32124
1704 1791251083334890 28648
1705 1791251083353816 26628
1706 1791251083382371 29440
1707 1791251083394976 26775
1708 1791251083421254 28373
1709 1791251083436428 30091
1710 1791251083460017 32748
1711 1791251083473354 25165
1712 1791251083494354 27014
1713 1791251083520120 33026
1714 1791251083552916 39738
1715 1791251083555026 28216
1716 1791251083577310 24391
1717 1791251083604206 37067
1718 1791251083625595 32735
1719 1791251083641057 34228
1720 1791251083654741 29143
1721 1791251083675760 29544
1722 1791251083696198 30300
1723 1791251083721598 34228
1724 1791251083733277 24685
1725 1791251083765769 39213
1726 1791251083786194 32948
1727 1791251083800786 35014
1728 1791251083820368 34159
1729 1791251083843785 37096
1730 1791251083855428 26916
1731 1791251083878242 28883
1732 1791251083893573 23149
1733 1791251083916190 29569
1734 1791251083936982 30807
1735 1791251083963411 36154
1736 1791251083976098 29595
1737 1791251083997487 29893
1738 1791251084020590 33068
1739 1791251084039640 32695
1740 1791251084061689 33798
1741 1791251084076233 30354
1742 1791251084099251 29235
1743 1791251084118469 31695
1744 1791251084133638 27220
1745 1791251084158317 31166
1746 1791251084175827 29208
1747 1791251084195981 23117
1748 1791251084223912 37598
1749 1791251084238673 32065
1750 1791251084263450 36161
1751 1791251084282033 32792
1752 1791251084305046 35583
1753 1791251084324058 35539
1754 1791251084338449 31696
1755 1791251084357683 31336
1756 1791251084382937 30955
1757 1791251084403732 37663
1758 1791251084419905 33049
1759 1791251084442341 34963
1760 1791251084455293 28068
1761 1791251084480442 32965
1762 1791251084499229 31866
1763 1791251084517931 31199
1764 1791251084537614 29344
1765 1791251084559625 32546
1766 1791251084593824 45917
1767 1791251084605249 38333
1768 1791251084622569 33433
1769 1791251084643376 31409
1770 1791251084657483 31336
1771 1791251084675955 29053
1772 1791251084697135 31407
1773 1791251084727335 38379
1774 1791251084743362 37060
1775 1791251084762013 34675
1776 1791251084781179 31690
1777 1791251084801053 32443
1778 1791251084812295 25856
1779 1791251084837013 30799
1780 1791251084857308 29653
1781 1791251084889727 33800
1782 1791251084908165 38750
1783 1791251084920112 30382
1784 1791251084936287 28230
1785 1791251084959817 29766
1786 1791251084989184 35969
1787 1791251084998185 32108
1788 1791251085015415 26228
1789 1791251085035145 28447
1790 1791251085059769 33191
1791 1791251085077637 24286
1792 1791251085095458 26440
1793 1791251085115620 29043
1794 1791251085140275 29763
1795 1791251085153450 23395
1796 1791251085174391 27752
1797 1791251085195315 28606
1798 1791251085215673 28497
1799 1791251085236762 28832
1800 1791251085260726 32178
1801 1791251085274917 28961
1802 1791251085293724 27174
1803 1791251085314871 28528
1804 1791251085335767 29587
1805 1791251085353600 27577
1806 1791251085387010 33407
1807 1791251085395369 25626
1808 1791251085414258 27533
1809 1791251085435796 23631
1810 1791251085455894 28605
1811 1791251085478918 29342
1812 1791251085504630 38146
1813 1791251085515435 28799
1814 1791251085535008 29109
1815 1791251085563804 36935
1816 1791251085588090 38427
1817 1791251085611821 39960
1818 1791251085627602 39509
1819 1791251085643125 32519
1820 1791251085664755 37149
1821 1791251085683584 32881
1822 1791251085698670 29331
1823 1791251085721554 34878
1824 1791251085754090 39860
1825 1791251085763559 37359
1826 1791251085784751 36051
1827 1791251085812872 39586
1828 1791251085825173 31448
1829 1791251085837690 30342
1830 1791251085861993 33235
1831 1791251085877820 24909
1832 1791251085911136 44538
1833 1791251085912017 25118
1834 1791251085945363 34225
1835 1791251085959842 31560
1836 1791251085971606 24936
1837 1791251085996040 29142
1838 1791251086010971 25157
1839 1791251086034929 26377
1840 1791251086057050 29969
1841 1791251086084547 38204
1842 1791251086098717 32540
1843 1791251086125800 33629
1844 1791251086136407 29314
1845 1791251086148736 22932
1846 1791251086175815 27604
1847 1791251086199768 29783
1848 1791251086215770 27355
1849 1791251086240459 34154
1850 1791251086260533 30447
1851 1791251086271772 24925
1852 1791251086301737 31379
1853 1791251086320273 33960
1854 1791251086334596 23217
1855 1791251086358846 25836
1856 1791251086374147 28256
1857 1791251086401099 27936
1858 1791251086427374 34161
1859 1791251086435873 26872
1860 1791251086465234 37857
1861 1791251086475635 29071
1862 1791251086503416 36018
1863 1791251086514837 26627
1864 1791251086534034 23513
1865 1791251086562307 30186
1866 1791251086572043 24198
1867 1791251086599655 27609
1868 1791251086621557 34473
1869 1791251086637219 29862
1870 1791251086657210 30919
1871 1791251086675987 25994
1872 1791251086698419 31372
1873 1791251086722040 29530
1874 1791251086748791 34647
1875 1791251086766164 33393
1876 1791251086776901 30653
1877 1791251086787652 21485
1878 1791251086816054 29505
1879 1791251086840899 27108
1880 1791251086857403 31007
1881 1791251086878942 26720
1882 1791251086901336 33485
1883 1791251086917706 22864
1884 1791251086935253 27955
1885 1791251086961574 34672
1886 1791251086980776 27834
1887 1791251087004763 38567
1888 1791251087024142 37051
1889 1791251087044900 39382
1890 1791251087064369 37389
1891 1791251087080469 28456
1892 1791251087092802 25870
1893 1791251087112456 25433
1894 1791251087149686 37226
1895 1791251087160212 34020
1896 1791251087178120 28432
1897 1791251087192645 25458
1898 1791251087226377 34819
1899 1791251087235246 25303
1900 1791251087257423 31042
1901 1791251087282611 35483
1902 1791251087293150 25341
1903 1791251087313807 27092
1904 1791251087345540 38697
1905 1791251087354913 24629
1906 1791251087376381 30839
1907 1791251087392505 24931
1908 1791251087418034 27442
1909 1791251087439031 32913
1910 1791251087454459 23901
1911 1791251087472540 26246
1912 1791251087497175 29734
1913 1791251087519167 29470
1914 1791251087535945 29238
1915 1791251087553889 22335
1916 1791251087578291 30738
1917 1791251087593435 24085
1918 1791251087630810 37860
1919 1791251087653176 44823
1920 1791251087658932 29360
1921 1791251087693371 43234
1922 1791251087703101 36545
1923 1791251087713564 26184
1924 1791251087742798 31733
1925 1791251087755794 29531
1926 1791251087773895 21803
1927 1791251087797879 30783
1928 1791251087813755 26797
1929 1791251087830003 22940
1930 1791251087864084 35603
1931 1791251087870661 21396
1932 1791251087902765 35311
1933 1791251087924916 38773
1934 1791251087948841 35002
1935 1791251087958997 29997
1936 1791251087972973 25517
1937 1791251087997154 30604
1938 1791251088018791 29955
1939 1791251088042051 32078
1940 1791251088055023 28856
1941 1791251088083593 30615
1942 1791251088102257 33031
1943 1791251088116614 26255
1944 1791251088134264 23311
1945 1791251088154823 22977
1946 1791251088174697 24019
1947 1791251088196145 29575
1948 1791251088223667 36389
1949 1791251088243488 31000
1950 1791251088264751 38630
1951 1791251088277185 27276
1952 1791251088303816 36806
1953 1791251088318672 31295
1954 1791251088336974 30693
1955 1791251088363753 37226
1956 1791251088379072 32333
1957 1791251088399661 33073
1958 1791251088420212 33205
1959 1791251088442956 36495
1960 1791251088467955 41121
1961 1791251088493003 45902
1962 1791251088504482 36523
1963 1791251088523982 37650
1964 1791251088546249 38537
1965 1791251088573185 44239
1966 1791251088584174 37922
1967 1791251088612344 45348
1968 1791251088632566 45782
1969 1791251088656588 47905
1970 1791251088678054 45486
1971 1791251088694628 48889
1972 1791251088708066 42369
1973 1791251088734302 47685
1974 1791251088755633 49608
1975 1791251088771678 41362
1976 1791251088802649 54439
1977 1791251088810433 38752
1978 1791251088843922 57800
1979 1791251088855015 47685
1980 1791251088880327 47073
1981 1791251088898825 45477
1982 1791251088918358 52042
1983 1791251088934711 47052
1984 1791251088959021 46521
1985 1791251088984535 57513
1986 1791251088994849 48168
1987 1791251089022432 55512
1988 1791251089044306 58683
1989 1791251089054819 48788
1990 1791251089081109 53801
1991 1791251089104512 54527
1992 1791251089116235 50242
1993 1791251089136279 44267
1994 1791251089154590 48795
1995 1791251089176111 43326
1996 1791251089199385 51299
1997 1791251089228021 57600
1998 1791251089244829 58330
1999 1791251089259639 45591
2000 1791251089276094 48070
2001 1791251089288103 39411
2002 1791251089309328 41507
2003 1791251089324304 36198
2004 1791251089352925 45757
2005 1791251089384475 50928
2006 1791251089407259 59490
2007 1791251089418174 50465
2008 1791251089432874 46178
2009 1791251089457248 49987
2010 1791251089481493 49852
2011 1791251089506251 54756
2012 1791251089524229 53052
2013 1791251089537645 51866
2014 1791251089559893 53640
2015 1791251089574923 48484
2016 1791251089598156 52169
2017 1791251089610862 43557
2018 1791251089642920 49786
2019 1791251089659476 52261
2020 1791251089674461 48325
2021 1791251089702255 55894
2022 1791251089733758 66475
2023 1791251089740798 51862
2024 1791251089766127 53491
2025 1791251089783233 56080
2026 1791251089799473 52774
2027 1791251089828867 62738
2028 1791251089845508 51853
2029 1791251089877414 70345
2030 1791251089888059 59189
2031 1791251089895480 49969
2032 1791251089933194 67451
2033 1791251089956945 70244
2034 1791251089974656 64760
2035 1791251089992557 60711
2036 1791251090009294 60590
2037 1791251090024927 57731
2038 1791251090054808 62595
2039 1791251090065272 57492
2040 1791251090093581 66938
2041 1791251090115511 65630
2042 1791251090131887 64406
2043 1791251090163381 77733
2044 1791251090166184 58838
2045 1791251090191063 63689
2046 1791251090215787 62709
2047 1791251090244764 78578
2048 1791251090244769 53698
2049 1791251090275281 67483
2050 1791251090287661 61343
2051 1791251090313775 64790
2052 1791251090339271 66340
2053 1791251090361689 74025
2054 1791251090376527 69736
2055 1791251090396243 69492
2056 1791251090413786 66242
2057 1791251090430410 58308
2058 1791251090466572 79238
2059 1791251090477124 68581
2060 1791251090501351 71630
2061 1791251090524740 74681
2062 1791251090533901 67326
2063 1791251090566748 72844
2064 1791251090587540 80126
2065 1791251090603977 73726
2066 1791251090624973 71152
2067 1791251090636077 69326
2068 1791251090653095 65746
2069 1791251090680350 73390
2070 1791251090703619 75641
2071 1791251090718568 66992
2072 1791251090745712 79370
2073 1791251090756917 69890
2074 1791251090778336 71487
2075 1791251090798764 70266
2076 1791251090821783 76069
2077 1791251090843450 76918
2078 1791251090866733 73349
2079 1791251090882721 76347
2080 1791251090904483 77902
2081 1791251090917675 66425
2082 1791251090936049 69313
2083 1791251090962536 75318
2084 1791251090973238 66496
2085 1791251091003004 74831
2086 1791251091011629 62510
2087 1791251091052025 83521
2088 1791251091064989 78379
2089 1791251091081769 74779
2090 1791251091115315 84392
2091 1791251091124775 73361
2092 1791251091142319 74696
2093 1791251091163392 77230
2094 1791251091186428 77326
2095 1791251091209523 82487
2096 1791251091235424 88222
2097 1791251091256478 82473
2098 1791251091269418 82988
2099 1791251091281308 74052
2100 1791251091299697 72794
2101 1791251091327518 80275
2102 1791251091345716 78947
2103 1791251091374930 85656
2104 1791251091391417 81606
2105 1791251091408543 81570
2106 1791251091418851 73132
2107 1791251091446319 73075
2108 1791251091466732 80543
2109 1791251091480083 73184
2110 1791251091502075 75937
2111 1791251091532890 86568
2112 1791251091554103 87368
2113 1791251091578719 89613
2114 1791251091605765 92614
2115 1791251091616427 83721
2116 1791251091640145 86977
2117 1791251091661974 89979
2118 1791251091682489 94177
2119 1791251091704221 98454
2120 1791251091721554 93996
2121 1791251091734623 80742
2122 1791251091746956 72622
2123 1791251091765088 79297
2124 1791251091785422 77825
2125 1791251091805190 78514
2126 1791251091834136 87177
2127 1791251091852171 79348
2128 1791251091882636 94619
2129 1791251091893458 86268
2130 1791251091908735 75489
2131 1791251091932931 86321
2132 1791251091956445 89870
2133 1791251091970966 84969
2134 1791251091990155 82789
2135 1791251092008345 78033
2136 1791251092042710 95666
2137 1791251092065268 96718
2138 1791251092081252 95051
2139 1791251092102517 94572
2140 1791251092120320 84026
2141 1791251092138204 89665
2142 1791251092154741 84518
2143 1791251092184881 98270
2144 1791251092206164 100348
2145 1791251092224130 91317
2146 1791251092248755 94875
2147 1791251092254947 88890
2148 1791251092271848 85124
2149 1791251092283911 77948
2150 1791251092307605 80041
2151 1791251092342794 95831
2152 1791251092364318 97857
2153 1791251092395387 109195
2154 1791251092404359 97006
2155 1791251092419670 88556
2156 1791251092452151 105032
2157 1791251092469797 100218
2158 1791251092486081 96172
2159 1791251092513484 106871
2160 1791251092535402 108505
2161 1791251092553486 101333
2162 1791251092569931 100131
2163 1791251092602829 116745
2164 1791251092611136 101243
2165 1791251092626261 98812
2166 1791251092642858 94170
2167 1791251092667295 100035
2168 1791251092686197 90718
2169 1791251092699524 88385
2170 1791251092724539 98274
2171 1791251092750835 104809
2172 1791251092762393 95094
2173 1791251092782882 96683
2174 1791251092801740 95028
2175 1791251092818858 92429
2176 1791251092837920 90925
2177 1791251092864548 91163
2178 1791251092881778 95540
2179 1791251092905002 98590
2180 1791251092936275 104491
2181 1791251092941938 95541
2182 1791251092967927 102170
2183 1791251092980249 94017
2184 1791251092995977 87532
2185 1791251093020338 92354
2186 1791251093044711 92533
2187 1791251093055404 88589
2188 1791251093090135 101581
2189 1791251093109405 101645
2190 1791251093136005 103245
2191 1791251093152771 103347
2192 1791251093163956 93745
2193 1791251093186132 95993
2194 1791251093199836 90427
2195 1791251093222620 94529
2196 1791251093246586 93808
2197 1791251093267891 100623
2198 1791251093279141 93007
2199 1791251093314667 108607
2200 1791251093335613 108422
2201 1791251093351685 105095
2202 1791251093372936 106354
2203 1791251093386927 92380
2204 1791251093406524 100811
2205 1791251093423306 97227
2206 1791251093453671 105177
2207 1791251093474286 108354
2208 1791251093485200 98995
2209 1791251093509000 102473
2210 1791251093534921 107115
2211 1791251093546851 100268
2212 1791251093574712 106666
2213 1791251093588368 101092
2214 1791251093608925 101554
2215 1791251093624797 98525
2216 1791251093646004 99148
2217 1791251093665648 91610
2218 1791251093685470 97410
2219 1791251093697155 89827
2220 1791251093723555 96578
2221 1791251093739095 93085
2222 1791251093753764 88112
2223 1791251093784375 97481
2224 1791251093789903 82391
2225 1791251093813441 87319
2226 1791251093822476 76257
2227 1791251093838353 71563
2228 1791251093859008 69406
2229 1791251093874093 67960
2230 1791251093889248 55174
2231 1791251093907727 55915
2232 1791251093932869 59508
2233 1791251093948001 58750
2234 1791251093954782 47277
2235 1791251093971768 41664
2236 1791251093988891 40884
2237 1791251094016645 50589
2238 1791251094023212 35330
2239 1791251094037102 29040
2240 1791251094064003 30273
2241 1791251094088301 41302
2242 1791251094106144 36552
2243 1791251094125255 36948
2244 1791251094150135 43961
2245 1791251094165739 36574
2246 1791251094181903 31765
2247 1791251094204053 38310
2248 1791251094227823 39576
2249 1791251094244758 36006
2250 1791251094272438 44610
2251 1791251094285459 38865
2252 1791251094304861 32421
2253 1791251094334556 43891
2254 1791251094352502 45995
2255 1791251094371930 45381
2256 1791251094383108 37321
2257 1791251094400156 28221
2258 1791251094442968 47045
2259 1791251094444675 37815
2260 1791251094464632 38422
2261 1791251094485536 37576
2262 1791251094499734 31115
2263 1791251094523661 38121
2264 1791251094537837 31462
2265 1791251094559329 32973
2266 1791251094596474 38779
2267 1791251094605314 36075
2268 1791251094626766 40038
2269 1791251094664624 52674
2270 1791251094665414 38639
2271 1791251094684791 37423
2272 1791251094703005 32594
2273 1791251094726510 32662
2274 1791251094744883 32417
2275 1791251094771129 45007
2276 1791251094783387 36847
2277 1791251094804112 37995
2278 1791251094825277 35445
2279 1791251094840040 31717
2280 1791251094883418 50249
2281 1791251094884356 37804
2282 1791251094904521 30434
2283 1791251094927646 39986
2284 1791251094951826 45446
2285 1791251094966382 39164
2286 1791251094992877 41042
2287 1791251095012706 46322
2288 1791251095017162 24280
2289 1791251095044776 36655
2290 1791251095068450 40884
2291 1791251095088184 41287
2292 1791251095105400 37386
2293 1791251095116340 28829
2294 1791251095147219 40436
2295 1791251095166492 38222
2296 1791251095193254 46030
2297 1791251095206128 39632
2298 1791251095225651 38787
2299 1791251095245821 39689
2300 1791251095263684 38030
2301 1791251095283191 37365
2302 1791251095308112 39342
2303 1791251095335952 48191
2304 1791251095343446 37003
2305 1791251095363518 36809
2306 1791251095387850 40719
2307 1791251095404040 37589
2308 1791251095427740 39886
2309 1791251095445508 37545
2310 1791251095472663 44911
2311 1791251095501993 56480
2312 1791251095513922 45141
2313 1791251095529755 34862
2314 1791251095550827 44054
2315 1791251095572238 43964
2316 1791251095585755 34922
2317 1791251095606653 38731
2318 1791251095626724 40953
2319 1791251095643078 36416
2320 1791251095668037 41519
2321 1791251095701632 51091
2322 1791251095715048 49104
2323 1791251095724664 35687
2324 1791251095756427 42559
2325 1791251095768382 41923
2326 1791251095769288 23344
2327 1791251095795354 26967
2328 1791251095815341 24365
2329 1791251095832950 24992
2330 1791251095854615 27227
2331 1791251095874094 24582
2332 1791251095891832 23761
2333 1791251095914456 26614
2334 1791251095937162 25624
2335 1791251095954526 25177
2336 1791251095976809 25896
2337 1791251095987762 21495
2338 1791251096012029 24263
2339 1791251096033275 21312
2340 1791251096053968 21447
2341 1791251096078731 24758
2342 1791251096090059 22817
2343 1791251096115382 25317
2344 1791251096134267 26190
2345 1791251096154633 27973
2346 1791251096172685 25710
2347 1791251096191081 25176
2348 1791251096214200 23116
2349 1791251096233956 25646
2350 1791251096259514 28982
2351 1791251096275144 22194
2352 1791251096297018 30271
2353 1791251096315767 24193
2354 1791251096333056 25775
2355 1791251096352688 26047
2356 1791251096375193 22582
2357 1791251096393899 23157
2358 1791251096410391 24093
2359 1791251096432928 22532
2360 1791251096454781 21850
2361 1791251096470132 23402
2362 1791251096496257 28943
2363 1791251096513059 26607
2364 1791251096530792 23654
2365 1791251096554497 23701
2366 1791251096575305 28343
2367 1791251096597220 29356
2368 1791251096615446 24779
2369 1791251096635487 25597
2370 1791251096655070 24721
2371 1791251096683390 32202
2372 1791251096696433 29976
2373 1791251096716093 25175
2374 1791251096733810 26350
2375 1791251096754732 26952
2376 1791251096773429 23549
2377 1791251096789862 20842
2378 1791251096814378 24626
2379 1791251096833815 26296
2380 1791251096857317 29180
2381 1791251096872923 21552
2382 1791251096894501 24211
2383 1791251096911882 25459
2384 1791251096931867 25377
2385 1791251096958036 26163
2386 1791251096973938 22225
2387 1791251096992237 25636
2388 1791251097016330 24087
2389 1791251097034379 27928
2390 1791251097051721 25194
2391 1791251097074565 22824
2392 1791251097096849 29321
2393 1791251097113567 22719
2394 1791251097134194 24620
2395 1791251097154280 25446
2396 1791251097174762 27868
2397 1791251097195643 26108
2398 1791251097213952 26343
2399 1791251097235308 27341
2400 1791251097256057 24728
2401 1791251097274486 23581
2402 1791251097294707 26344
2403 1791251097311395 24669
2404 1791251097332902 21503
2405 1791251097353507 20601
2406 1791251097374737 28523
2407 1791251097393348 23067
2408 1791251097415239 27363
2409 1791251097433836 22112
2410 1791251097452833 26392
2411 1791251097473884 25684
2412 1791251097493705 24150
2413 1791251097513611 26164
2414 1791251097532549 24573
2415 1791251097552873 26870
2416 1791251097572072 26387
2417 1791251097597382 25303
2418 1791251097617731 25907
2419 1791251097631686 24793
2420 1791251097648160 22257
2421 1791251097667668 21351
2422 1791251097698028 30355
2423 1791251097714549 22960
2424 1791251097733768 27580
2425 1791251097751610 22808
2426 1791251097786731 35118
2427 1791251097804036 30319
2428 1791251097814781 28044
2429 1791251097845366 30580
2430 1791251097859656 26646
2431 1791251097873797 20584
2432 1791251097890984 23636
2433 1791251097915149 28709
2434 1791251097934230 27477
2435 1791251097957184 28252
2436 1791251097973944 22185
2437 1791251097998874 31346
2438 1791251098013651 27116
2439 1791251098033397 27005
2440 1791251098058769 25361
2441 1791251098069622 22136
2442 1791251098089168 22556
2443 1791251098113728 24557
2444 1791251098136364 27588
2445 1791251098153269 22466
2446 1791251098173219 25771
2447 1791251098193999 26911
2448 1791251098213303 24575
2449 1791251098232534 26147
2450 1791251098257866 25329
2451 1791251098274361 22378
2452 1791251098294450 28423
2453 1791251098315502 24626
2454 1791251098329889 23062
2455 1791251098353843 27674
2456 1791251098374736 25719
2457 1791251098396672 26570
2458 1791251098414564 22989
2459 1791251098435211 26070
2460 1791251098451846 22911
2461 1791251098475243 23444
2462 1791251098493685 24667
2463 1791251098514493 24432
2464 1791251098537518 23724
2465 1791251098553208 26491
2466 1791251098573045 27248
2467 1791251098590532 23679
2468 1791251098612189 21653
2469 1791251098637376 25184
2470 1791251098654241 23208
2471 1791251098674660 27378
2472 1791251098694478 24938
2473 1791251098713737 25622
2474 1791251098735801 26698
2475 1791251098754595 23724
2476 1791251098773216 25784
2477 1791251098798498 31567
2478 1791251098815843 28915
2479 1791251098827216 21419
2480 1791251098851235 24262
2481 1791251098872824 23802
2482 1791251098902742 29993
2483 1791251098913854 27743
2484 1791251098947340 33483
2485 1791251098963741 37426
2486 1791251098980715 33371
2487 1791251099014878 42480
2488 1791251099025435 38990
2489 1791251099075582 60702
2490 1791251099089067 61653
2491 1791251099132212 84743
2492 1791251099148973 78322
2493 1791251099182223 95902
2494 1791251099199671 92482
2495 1791251099224034 96666
2496 1791251099246049 97072
2497 1791251099264027 97894
2498 1791251099309126 120523
2499 1791251099310411 94157
2500 1791251099326578 100195
2501 1791251099346080 100028
2502 1791251099359358 93009
2503 1791251099376813 90107
2504 1791251099403066 93937
2505 1791251099419808 93227
2506 1791251099446988 100896
2507 1791251099481274 114695
2508 1791251099489890 102393
2509 1791251099513774 107246
2510 1791251099532540 106230
2511 1791251099556332 109341
2512 1791251099574167 100627
2513 1791251099596001 107386
2514 1791251099622455 114559
2515 1791251099647386 121154
2516 1791251099663245 113797
2517 1791251099684591 115776
2518 1791251099693812 106398
2519 1791251099723605 109457
2520 1791251099742497 110196
2521 1791251099759731 112341
2522 1791251099786903 115091
2523 1791251099790574 104337
2524 1791251099817255 110620
2525 1791251099843391 117382
2526 1791251099855568 109446
2527 1791251099877655 111276
2528 1791251099897101 110196
2529 1791251099924287 118486
2530 1791251099949816 123186
2531 1791251099968201 118811
2532 1791251099984811 118114
2533 1791251100019171 126310
2534 1791251100025182 118969
2535 1791251100057394 129868
2536 1791251100074876 126110
2537 1791251100101395 133192
2538 1791251100113787 125836
2539 1791251100137095 124169
2540 1791251100154158 127595
2541 1791251100168923 122844
2542 1791251100198532 130570
2543 1791251100205494 115115
2544 1791251100234447 127597
2545 1791251100255687 128632
2546 1791251100272713 125046
2547 1791251100293944 126767
2548 1791251100310554 124286
2549 1791251100323175 117678
2550 1791251100340864 110100
2551 1791251100363426 116421
2552 1791251100373511 106876
2553 1791251100394332 103420
2554 1791251100420505 111912
2555 1791251100443503 110802
2556 1791251100456944 103083
2557 1791251100470488 97339
2558 1791251100493299 106458
2559 1791251100514886 102405
2560 1791251100523985 90097
2561 1791251100537906 91125
2562 1791251100555814 86425
2563 1791251100560868 68963
2564 1791251100575047 68117
2565 1791251100595885 62318
2566 1791251100600152 52802
2567 1791251100620741 53325
2568 1791251100639276 49803
2569 1791251100652930 39767
2570 1791251100662458 35502
2571 1791251100687924 39924
2572 1791251100703827 36536
2573 1791251100725875 38631
2574 1791251100743584 35702
2575 1791251100756249 30363
2576 1791251100778716 32674
2577 1791251100815046 43333
2578 1791251100823974 32167
2579 1791251100853451 44906
2580 1791251100874554 40970
2581 1791251100880040 33195
2582 1791251100894371 26859
2583 1791251100921084 33829
2584 1791251100943261 35948
2585 1791251100957297 30763
2586 1791251100987732 36109
2587 1791251100997163 29937
2588 1791251101031693 45369
2589 1791251101037147 29285
2590 1791251101066848 35504
2591 1791251101087920 41459
2592 1791251101101586 34736
2593 1791251101122939 35016
2594 1791251101144287 34953
2595 1791251101163801 32471
2596 1791251101177546 30857
2597 1791251101199181 32889
2598 1791251101228485 41828
2599 1791251101244023 33642
2600 1791251101261311 33202
2601 1791251101276846 30087
2602 1791251101300898 33682
2603 1791251101331280 39953
2604 1791251101345556 39321
2605 1791251101364887 33603
2606 1791251101376679 31121
2607 1791251101407590 39749
2608 1791251101431625 41127
2609 1791251101442399 34805
2610 1791251101462690 35842
2611 1791251101488234 41253
2612 1791251101510316 40887
2613 1791251101531202 42965
2614 1791251101540606 30287
2615 1791251101565667 35207
2616 1791251101584146 31070
2617 1791251101600592 34922
2618 1791251101622444 35556
2619 1791251101646877 39670
2620 1791251101667313 39538
2621 1791251101681142 34262
2622 1791251101711437 44121
2623 1791251101723546 36922
2624 1791251101753127 41687
2625 1791251101764050 38273
2626 1791251101785447 35129
2627 1791251101813939 46847
2628 1791251101825372 33758
2629 1791251101837029 30766
2630 1791251101864611 37616
2631 1791251101875448 27981
2632 1791251101902788 35966
2633 1791251101919930 31206
2634 1791251101943402 37113
2635 1791251101964813 33740
2636 1791251101983730 37072
2637 1791251102004576 37113
2638 1791251102018597 32174
2639 1791251102042334 35806
2640 1791251102056688 28235
2641 1791251102093719 40729
2642 1791251102114584 41566
2643 1791251102122443 32967
2644 1791251102147960 34073
2645 1791251102166434 33457
2646 1791251102183660 37373
2647 1791251102198568 32131
2648 1791251102217448 31278
2649 1791251102244710 36337
2650 1791251102279974 45451
2651 1791251102283536 35988
2652 1791251102304691 38891
2653 1791251102332819 39671
2654 1791251102351390 43952
2655 1791251102374885 44867
2656 1791251102392631 43137
2657 1791251102408708 37723
2658 1791251102432983 40348
2659 1791251102446384 37672
2660 1791251102472015 41055
2661 1791251102496092 49704
2662 1791251102508182 37813
2663 1791251102528461 42054
2664 1791251102544517 37776
2665 1791251102571132 42667
2666 1791251102585446 37976
2667 1791251102615510 44375
2668 1791251102634713 40567
2669 1791251102652532 46023
2670 1791251102674071 47789
2671 1791251102693926 45485
2672 1791251102706160 39591
2673 1791251102733760 41384
2674 1791251102756863 50701
2675 1791251102772948 45552
2676 1791251102793935 46726
2677 1791251102822078 49128
2678 1791251102835905 49718
2679 1791251102854921 41967
2680 1791251102872156 45713
2681 1791251102892821 46412
2682 1791251102915565 46030
2683 1791251102932576 45247
2684 1791251102953925 45648
2685 1791251102976425 43847
2686 1791251102988803 40191
2687 1791251103006152 38231
2688 1791251103035669 49036
2689 1791251103055316 49160
2690 1791251103069378 41904
2691 1791251103094137 47721
2692 1791251103117720 48944
2693 1791251103128907 41691
2694 1791251103153024 46690
2695 1791251103184572 57702
2696 1791251103198384 45355
2697 1791251103219121 52363
2698 1791251103235750 49163
2699 1791251103264867 51936
2700 1791251103284508 55883
2701 1791251103310262 63828
2702 1791251103332506 66051
2703 1791251103339706 53779
2704 1791251103362741 54166
2705 1791251103397826 65318
2706 1791251103404275 58244
2707 1791251103425507 59408
2708 1791251103447543 53992
2709 1791251103469880 58295
2710 1791251103482336 56816
2711 1791251103507368 59822
2712 1791251103536971 67088
2713 1791251103545008 58419
2714 1791251103562709 56427
2715 1791251103595499 68463
2716 1791251103620467 72909
2717 1791251103634236 67231
2718 1791251103644404 55551
2719 1791251103676767 69016
2720 1791251103701480 68050
2721 1791251103715476 61842
2722 1791251103728361 56439
2723 1791251103753750 67562
2724 1791251103766207 58930
2725 1791251103789861 61496
2726 1791251103815861 67749
2727 1791251103833350 67140
2728 1791251103848522 59947
2729 1791251103879669 71688
2730 1791251103900001 73360
2731 1791251103923552 75027
2732 1791251103943131 76843
2733 1791251103968337 82182
2734 1791251103983331 76792
2735 1791251104004434 74056
2736 1791251104040237 90646
2737 1791251104040248 71901
2738 1791251104064465 76094
2739 1791251104084940 75749
2740 1791251104104812 71209
2741 1791251104126151 73198
2742 1791251104135078 68035
2743 1791251104164745 78053
2744 1791251104181275 74960
2745 1791251104213803 87649
2746 1791251104223887 77006
2747 1791251104251902 86074
2748 1791251104288645 95228
2749 1791251104302559 95304
2750 1791251104320140 90957
2751 1791251104332475 83067
2752 1791251104350627 83926
2753 1791251104387079 98430
2754 1791251104400855 94218
2755 1791251104418265 87660
2756 1791251104439460 88829
2757 1791251104455456 87785
2758 1791251104477250 90167
2759 1791251104497725 90277
2760 1791251104516362 83298
2761 1791251104548264 99052
2762 1791251104571233 101879
2763 1791251104592304 100415
2764 1791251104609221 103142
2765 1791251104626757 95192
2766 1791251104639942 91674
2767 1791251104659581 89454
2768 1791251104680317 93831
2769 1791251104692801 83577
2770 1791251104706281 79522
2771 1791251104742501 94319
2772 1791251104754498 81513
2773 1791251104782868 96100
2774 1791251104796951 90667
2775 1791251104828075 100921
2776 1791251104852928 106732
2777 1791251104864145 96332
2778 1791251104884315 97811
2779 1791251104904034 97297
2780 1791251104933474 105492
2781 1791251104954196 102420
2782 1791251104971382 104295
2783 1791251104992971 105873
2784 1791251105016581 103263
2785 1791251105043377 112974
2786 1791251105073029 119116
2787 1791251105088732 117544
2788 1791251105105626 116519
2789 1791251105120558 112814
2790 1791251105144533 112689
2791 1791251105163712 114842
2792 1791251105177897 108742
2793 1791251105195171 106435
2794 1791251105214514 108884
2795 1791251105232787 106812
2796 1791251105248216 102028
2797 1791251105280615 111506
2798 1791251105312963 123915
2799 1791251105327818 120515
2800 1791251105349309 118288
2801 1791251105354608 108587
2802 1791251105375238 108295
2803 1791251105400875 113932
2804 1791251105421271 110374
2805 1791251105449212 121894
2806 1791251105463592 114279
2807 1791251105475877 103741
2808 1791251105497144 110448
2809 1791251105518596 111753
2810 1791251105540159 112287
2811 1791251105574032 124817
2812 1791251105582436 114695
2813 1791251105594674 105894
2814 1791251105623451 111078
2815 1791251105637863 112023
2816 1791251105664812 111497
2817 1791251105684204 117447
2818 1791251105707043 120432
2819 1791251105726270 116679
2820 1791251105749205 116899
2821 1791251105755748 109743
2822 1791251105777462 110567
2823 1791251105805606 112632
2824 1791251105815461 108960
2825 1791251105840322 114050
2826 1791251105863672 114573
2827 1791251105877474 106641
2828 1791251105910501 116434
2829 1791251105914285 108676
2830 1791251105944892 114469
2831 1791251105955801 108271
2832 1791251105973057 106105
2833 1791251106010004 116601
2834 1791251106010647 100144
2835 1791251106029855 100374
2836 1791251106054051 102719
2837 1791251106064398 98511
2838 1791251106086753 96571
2839 1791251106104080 94074
2840 1791251106122117 95525
2841 1791251106134721 84778
2842 1791251106154272 87597
2843 1791251106172390 85634
2844 1791251106192977 84429
2845 1791251106206190 73584
2846 1791251106233598 87346
2847 1791251106239023 71974
2848 1791251106263809 76950
2849 1791251106278814 72621
2850 1791251106294825 68426
2851 1791251106321532 69867
2852 1791251106331156 63246
2853 1791251106348157 61351
2854 1791251106364163 56046
2855 1791251106383172 56590
2856 1791251106397730 49570
2857 1791251106422487 53305
2858 1791251106434552 47031
2859 1791251106452537 46517
2860 1791251106472958 45196
2861 1791251106485868 39191
2862 1791251106505733 39369
2863 1791251106525960 40089
2864 1791251106549496 43760
2865 1791251106569527 43564
2866 1791251106581458 31959
2867 1791251106599579 30050
2868 1791251106630825 39000
2869 1791251106648704 36497
2870 1791251106664024 33196
2871 1791251106683070 36998
2872 1791251106698810 32032
2873 1791251106724381 35049
2874 1791251106743481 34313
2875 1791251106764347 35124
2876 1791251106782848 35696
2877 1791251106800356 33442
2878 1791251106819334 30869
2879 1791251106844127 29545
2880 1791251106854512 26509
2881 1791251106885505 36608
2882 1791251106910275 43009
2883 1791251106914197 28690
2884 1791251106950218 39941
2885 1791251106955892 28968
2886 1791251106985371 37433
2887 1791251107003740 35082
2888 1791251107018210 28070
2889 1791251107044899 38227
2890 1791251107061121 27898
2891 1791251107076420 27473
2892 1791251107100208 33908
2893 1791251107126876 34073
2894 1791251107144841 34123
2895 1791251107154601 28470
2896 1791251107183806 36099
2897 1791251107214303 44560
2898 1791251107229052 40409
2899 1791251107259540 48614
2900 1791251107264430 35375
2901 1791251107284596 31161
2902 1791251107304579 34009
2903 1791251107315978 27259
2904 1791251107356763 44766
2905 1791251107360749 31448
2906 1791251107377287 26789
2907 1791251107395292 28789
2908 1791251107422111 34730
2909 1791251107441543 31841
2910 1791251107455849 26972
2911 1791251107474695 28648
2912 1791251107510176 38261
2913 1791251107522297 33509
2914 1791251107557055 46876
2915 1791251107565217 30726
2916 1791251107581320 35224
2917 1791251107597882 28316
2918 1791251107624700 37335
2919 1791251107640847 32616
2920 1791251107662534 32795
2921 1791251107674147 26474
2922 1791251107703225 36153
2923 1791251107722996 35721
2924 1791251107735358 28223
2925 1791251107763484 37207
2926 1791251107785193 34715
2927 1791251107799476 32721
2928 1791251107835807 44019
2929 1791251107842179 35595
2930 1791251107862188 32658
2931 1791251107879496 31777
2932 1791251107904352 37529
2933 1791251107924184 37774
2934 1791251107953573 43640
2935 1791251107973802 40566
2936 1791251107987746 34171
2937 1791251107997598 31150
2938 1791251108024197 37435
2939 1791251108050607 44053
2940 1791251108066329 39808
2941 1791251108098066 47455
2942 1791251108107864 41524
2943 1791251108135364 48761
2944 1791251108151650 43783
2945 1791251108176064 46044
2946 1791251108194656 47405
2947 1791251108212772 45459
2948 1791251108243848 49925
2949 1791251108263272 57042
2950 1791251108283842 48465
2951 1791251108304096 56242
2952 1791251108320174 53584
2953 1791251108333184 46958
2954 1791251108352166 45732
2955 1791251108376309 48982
2956 1791251108404387 54340
2957 1791251108420909 54517
2958 1791251108444184 57698
2959 1791251108480921 67885
2960 1791251108486491 60345
2961 1791251108509371 62294
2962 1791251108529655 58773
2963 1791251108545411 58918
2964 1791251108565057 59125
2965 1791251108588374 58716
2966 1791251108616062 69330
2967 1791251108640840 68562
2968 1791251108653947 67247
2969 1791251108675895 67557
2970 1791251108697829 67398
2971 1791251108714187 66473
2972 1791251108727843 61512
2973 1791251108756227 69666
2974 1791251108787436 81122
2975 1791251108797787 71282
2976 1791251108822199 73070
2977 1791251108845667 72248
2978 1791251108867836 80398
2979 1791251108884013 70958
2980 1791251108910128 76967
2981 1791251108915239 69557
2982 1791251108946110 79841
2983 1791251108971690 84570
2984 1791251108987115 78472
2985 1791251109006437 73578
2986 1791251109023420 77307
2987 1791251109043100 72277
2988 1791251109064074 77119
2989 1791251109088807 82367
2990 1791251109106116 79101
2991 1791251109133992 86180
2992 1791251109153196 84121
2993 1791251109171648 84449
2994 1791251109190189 84111
2995 1791251109218150 90991
2996 1791251109236479 89740
2997 1791251109251119 83948
2998 1791251109275932 87526
2999 1791251109296805 90469
3000 1791251109323553 90229
3001 1791251109337756 90784
3002 1791251109352885 84407
3003 1791251109373148 84800
3004 1791251109401706 94187
3005 1791251109419436 93318
3006 1791251109436669 90604
3007 1791251109468795 101253
3008 1791251109492739 99446
3009 1791251109498079 91807
3010 1791251109526441 99333
3011 1791251109544285 96376
3012 1791251109567687 101419
3013 1791251109580494 92594
3014 1791251109605356 97435
3015 1791251109632375 105930
3016 1791251109649435 95812
3017 1791251109668805 101115
3018 1791251109690313 104525
3019 1791251109713680 106789
3020 1791251109726240 99702
3021 1791251109737616 89862
3022 1791251109763764 94956
3023 1791251109794587 104271
3024 1791251109806481 93669
3025 1791251109816852 90901
3026 1791251109848859 100261
3027 1791251109864663 98639
3028 1791251109882443 89088
3029 1791251109895100 88896
3030 1791251109931886 104735
3031 1791251109934245 85383
3032 1791251109944519 78565
3033 1791251109973708 86063
3034 1791251109997020 88616
3035 1791251110005812 78708
3036 1791251110030001 81809
3037 1791251110044348 77509
3038 1791251110088221 91198
3039 1791251110088578 82762
3040 1791251110111573 81570
3041 1791251110123298 74894
3042 1791251110146009 77889
3043 1791251110168232 81913
3044 1791251110194108 85172
3045 1791251110218709 89823
3046 1791251110234786 88774
3047 1791251110252154 85746
3048 1791251110282665 93731
3049 1791251110307555 95097
3050 1791251110324871 97549
3051 1791251110344076 92764
3052 1791251110374347 107198
3053 1791251110385196 96805
3054 1791251110402665 95106
3055 1791251110426657 96847
3056 1791251110442168 95445
3057 1791251110463791 91180
3058 1791251110479182 91120
3059 1791251110506728 99923
3060 1791251110523887 97756
3061 1791251110546094 97759
3062 1791251110580993 108749
3063 1791251110600299 106877
3064 1791251110605085 98353
3065 1791251110626655 99880
3066 1791251110645664 99567
3067 1791251110663872 97606
3068 1791251110684845 97506
3069 1791251110710774 101254
3070 1791251110723666 97009
3071 1791251110752381 106714
3072 1791251110777404 106063
3073 1791251110792837 105600
3074 1791251110814574 104883
3075 1791251110826620 100506
3076 1791251110846164 98614
3077 1791251110874245 105688
3078 1791251110899348 109667
3079 1791251110924211 116610
3080 1791251110932894 106271
3081 1791251110953639 107472
3082 1791251110980453 110890
3083 1791251110995151 107060
3084 1791251111015319 102189
3085 1791251111040164 113025
3086 1791251111056089 109152
3087 1791251111081133 114970
3088 1791251111094918 108207
3089 1791251111114324 105182
3090 1791251111132052 104013
3091 1791251111153946 107357
3092 1791251111182648 107870
3093 1791251111189553 102362
3094 1791251111207398 100418
3095 1791251111227192 98686
3096 1791251111260202 112689
3097 1791251111276039 104516
3098 1791251111296782 109289
3099 1791251111318857 111457
3100 1791251111340012 112817
3101 1791251111355555 108754
3102 1791251111373527 105514
3103 1791251111401502 111459
3104 1791251111412946 106845
3105 1791251111449356 123080
3106 1791251111454526 108143
3107 1791251111488929 122351
3108 1791251111503475 117129
3109 1791251111524833 117259
3110 1791251111542049 111214
3111 1791251111564550 115192
3112 1791251111577272 110186
3113 1791251111597448 108516
3114 1791251111615586 108231
3115 1791251111649571 116161
3116 1791251111667055 113728
3117 1791251111679882 111655
3118 1791251111702729 115544
3119 1791251111725958 114559
3120 1791251111742912 116329
3121 1791251111766191 116617
3122 1791251111787170 120111
3123 1791251111807531 119967
3124 1791251111823255 116273
3125 1791251111843682 117722
3126 1791251111864702 118298
3127 1791251111891253 125059
3128 1791251111903814 116696
3129 1791251111927170 119636
3130 1791251111956255 123517
3131 1791251111971356 124865
3132 1791251111994346 126013
3133 1791251112015689 128556
3134 1791251112038901 132769
3135 1791251112055698 128524
3136 1791251112074340 125575
3137 1791251112101316 130987
3138 1791251112118691 130086
3139 1791251112127520 120580
3140 1791251112145761 119254
3141 1791251112166344 119070
3142 1791251112190548 123197
3143 1791251112206715 117394
3144 1791251112218260 111750
3145 1791251112237918 111607
3146 1791251112257073 111310
3147 1791251112274599 108253
3148 1791251112299585 109035
3149 1791251112316880 110162
3150 1791251112334302 106928
3151 1791251112355116 101874
3152 1791251112369340 103050
3153 1791251112385841 98669
3154 1791251112406532 99513
3155 1791251112416643 90129
3156 1791251112443406 93678
3157 1791251112459643 90298
3158 1791251112472533 86688
3159 1791251112486613 80078
3160 1791251112505355 79158
3161 1791251112529743 81778
3162 1791251112542925 71349
3163 1791251112554264 68183
3164 1791251112577572 69650
3165 1791251112597808 68062
3166 1791251112612764 64840
3167 1791251112624899 58376
3168 1791251112650609 60979
3169 1791251112663929 51162
3170 1791251112674264 47365
3171 1791251112693351 43131
3172 1791251112712917 46157
3173 1791251112723557 36714
3174 1791251112746835 39503
3175 1791251112769327 36532
3176 1791251112782483 35644
3177 1791251112803107 33776
3178 1791251112817152 31563
3179 1791251112840793 34117
3180 1791251112853437 24530
3181 1791251112882580 34625
3182 1791251112906359 36317
3183 1791251112919125 29789
3184 1791251112935856 29494
3185 1791251112960512 33426
3186 1791251112980718 34777
3187 1791251113010855 42046
3188 1791251113021424 35283
3189 1791251113053479 42622
3190 1791251113059102 32202
3191 1791251113082026 28732
3192 1791251113099488 32511
3193 1791251113129619 36307
3194 1791251113142224 35776
3195 1791251113161712 32089
3196 1791251113178777 32123
3197 1791251113193226 27213
3198 1791251113227864 41022
3199 1791251113237174 30667
3200 1791251113261394 33527
3201 1791251113275070 27139
3202 1791251113304163 37001
3203 1791251113315893 25969
3204 1791251113339105 31352
3205 1791251113353873 27444
3206 1791251113383363 34881
3207 1791251113398146 31236
3208 1791251113422662 35297
3209 1791251113437895 31373
3210 1791251113474787 41854
3211 1791251113487691 33964
3212 1791251113501817 35907
3213 1791251113518436 31604
3214 1791251113543274 36736
3215 1791251113565208 37822
3216 1791251113584900 35849
3217 1791251113601443 34804
3218 1791251113626582 33497
3219 1791251113645100 32551
3220 1791251113662003 35418
3221 1791251113687640 35480
3222 1791251113703401 37030
3223 1791251113715899 28256
3224 1791251113742517 34479
3225 1791251113756608 28771
3226 1791251113776252 28909
3227 1791251113795256 25920
3228 1791251113815610 27947
3229 1791251113833222 24825
3230 1791251113858043 29407
3231 1791251113881638 28938
3232 1791251113893631 27059
3233 1791251113914394 27380
3234 1791251113938229 31749
3235 1791251113961177 33479
3236 1791251113989024 34499
3237 1791251114002666 36047
3238 1791251114019890 30862
3239 1791251114039177 32777
3240 1791251114063784 35605
3241 1791251114081471 30879
3242 1791251114099550 33051
3243 1791251114125470 31819
3244 1791251114142180 35179
3245 1791251114156104 30603
3246 1791251114179299 33017
3247 1791251114204960 31510
3248 1791251114216959 29811
3249 1791251114241096 31172
3250 1791251114255889 29166
3251 1791251114278071 31378
3252 1791251114307390 38761
3253 1791251114328022 39829
3254 1791251114349062 41671
3255 1791251114369982 42059
3256 1791251114394829 48245
3257 1791251114420463 51469
3258 1791251114442005 49149
3259 1791251114466405 52267
3260 1791251114487182 60112
3261 1791251114500393 54181
3262 1791251114528550 62141
3263 1791251114542961 55775
3264 1791251114564126 57565
3265 1791251114581476 52923
3266 1791251114595632 49511
3267 1791251114623376 54305
3268 1791251114655480 62927
3269 1791251114674803 65379
3270 1791251114689116 61095
3271 1791251114717263 70519
3272 1791251114743318 70767
3273 1791251114755788 66670
3274 1791251114786202 78486
3275 1791251114799729 71778
3276 1791251114827697 75393
3277 1791251114841427 71787
3278 1791251114857999 71791
3279 1791251114883445 71958
3280 1791251114895870 68169
3281 1791251114921765 74191
3282 1791251114943217 76593
3283 1791251114957327 69504
3284 1791251114990156 80909
3285 1791251115004772 73690
3286 1791251115029624 80847
3287 1791251115056097 83242
3288 1791251115066521 80270
3289 1791251115094420 80694
3290 1791251115096475 69970
3291 1791251115129066 80013
3292 1791251115149360 82891
3293 1791251115177380 84698
3294 1791251115188820 80654
3295 1791251115207885 80327
3296 1791251115234163 84800
3297 1791251115253870 86994
3298 1791251115277265 89528
3299 1791251115295771 89829
3300 1791251115312793 85960
3301 1791251115337708 89530
3302 1791251115352242 85496
3303 1791251115378103 90866
3304 1791251115404968 98681
3305 1791251115418624 89347
3306 1791251115436622 89860
3307 1791251115460525 92877
3308 1791251115475526 87805
3309 1791251115505609 96347
3310 1791251115512611 85790
3311 1791251115537453 90602
3312 1791251115567168 101178
3313 1791251115584725 93084
3314 1791251115605472 99859
3315 1791251115624167 97497
3316 1791251115646900 99063
3317 1791251115673484 106313
3318 1791251115689351 98452
3319 1791251115712672 101284
3320 1791251115735819 101987
3321 1791251115746729 99826
3322 1791251115769750 102536
3323 1791251115788815 99463
3324 1791251115817724 105050
3325 1791251115827985 100706
3326 1791251115853687 106955
3327 1791251115870042 100288
3328 1791251115888641 99823
3329 1791251115906957 100459
3330 1791251115930981 102993
3331 1791251115963749 109896
3332 1791251115964710 96908
3333 1791251115996889 108245
3334 1791251116009926 103622
3335 1791251116041741 113902
3336 1791251116052549 104432
3337 1791251116074044 101892
3338 1791251116100362 110022
3339 1791251116111480 105200
3340 1791251116146997 113294
3341 1791251116156171 103618
3342 1791251116173512 106569
3343 1791251116202418 115230
3344 1791251116223172 116458
3345 1791251116246127 114771
3346 1791251116262768 115790
3347 1791251116284152 115326
3348 1791251116305083 115633
3349 1791251116318168 111235
3350 1791251116344625 115808
3351 1791251116360472 114174
3352 1791251116386448 119694
3353 1791251116404126 116763
3354 1791251116423250 115570
3355 1791251116446262 114754
3356 1791251116458739 111598
3357 1791251116481881 111040
3358 1791251116505256 118804
3359 1791251116524204 115953
3360 1791251116563354 130147
3361 1791251116564960 118695
3362 1791251116584312 115629
3363 1791251116607136 118392
3364 1791251116634710 122814
3365 1791251116645341 118203
3366 1791251116668535 117413
3367 1791251116684180 117944
3368 1791251116709509 119278
3369 1791251116729840 122701
3370 1791251116758092 125121
3371 1791251116773253 120293
3372 1791251116794341 127338
3373 1791251116812954 125320
3374 1791251116824002 114490
3375 1791251116844222 114517
3376 1791251116872993 122280
3377 1791251116876167 109195
3378 1791251116904490 110301
3379 1791251116915713 109263
3380 1791251116935290 108004
3381 1791251116957120 103498
3382 1791251116982349 109516
3383 1791251116987969 101627
3384 1791251117007939 99987
3385 1791251117025805 99289
3386 1791251117053804 102369
3387 1791251117056761 90010
3388 1791251117079292 92812
3389 1791251117096955 89013
3390 1791251117112041 86233
3391 1791251117127561 81102
3392 1791251117146847 80458
3393 1791251117164994 78201
3394 1791251117183309 75926
3395 1791251117198652 71088
3396 1791251117210451 63601
3397 1791251117236309 69290
3398 1791251117253662 60643
3399 1791251117270262 63402
3400 1791251117290035 62088
3401 1791251117303221 56483
3402 1791251117314171 47215
3403 1791251117337749 47711
3404 1791251117351111 44484
3405 1791251117373026 42379
3406 1791251117387680 36568
3407 1791251117403908 32801
3408 1791251117416894 29211
3409 1791251117440186 31305
3410 1791251117458384 32346
3411 1791251117485105 32667
3412 1791251117500160 33722
3413 1791251117524399 31425
3414 1791251117548053 34977
3415 1791251117569012 36002
3416 1791251117587502 39438
3417 1791251117595836 26820
3418 1791251117619907 33454
3419 1791251117632732 26464
3420 1791251117654559 25605
3421 1791251117675963 26898
3422 1791251117698474 30249
3423 1791251117722132 35491
3424 1791251117737610 28636
3425 1791251117757574 29278
3426 1791251117792746 42008
3427 1791251117807816 34829
3428 1791251117819176 32931
3429 1791251117840570 32751
3430 1791251117855770 29378
3431 1791251117878734 32495
3432 1791251117910532 41189
3433 1791251117934726 44470
3434 1791251117947755 37408
3435 1791251117955974 28432
3436 1791251117975232 27475
3437 1791251117995398 27729
3438 1791251118019347 31012
3439 1791251118057963 48222
3440 1791251118064575 37851
3441 1791251118074719 21990
3442 1791251118093372 24952
3443 1791251118129778 37834
3444 1791251118150513 36598
3445 1791251118162504 35024
3446 1791251118183949 33433
3447 1791251118203174 36167
3448 1791251118223206 35186
3449 1791251118236219 26966
3450 1791251118258366 29237
3451 1791251118282854 33423
3452 1791251118294386 25809
3453 1791251118321451 31035
3454 1791251118337207 29618
3455 1791251118356765 29983
3456 1791251118384778 34171
3457 1791251118401846 32546
3458 1791251118426425 34076
3459 1791251118438460 30807
3460 1791251118459400 32972
3461 1791251118482759 34441
3462 1791251118504222 35181
3463 1791251118521459 35093
3464 1791251118537403 30251
3465 1791251118556221 29027
3466 1791251118583213 34096
3467 1791251118595899 27571
3468 1791251118619099 32316
3469 1791251118637488 29730
3470 1791251118664731 31961
3471 1791251118678036 30518
3472 1791251118703503 37576
3473 1791251118715802 29481
3474 1791251118736539 30291
3475 1791251118764480 31550
3476 1791251118776283 28046
3477 1791251118803281 32964
3478 1791251118827536 34440
3479 1791251118833919 26508
3480 1791251118861931 34392
3481 1791251118888759 36919
3482 1791251118903054 35418
3483 1791251118918319 31488
3484 1791251118942931 33942
3485 1791251118959175 31898
3486 1791251118984896 38482
3487 1791251119000759 34306
3488 1791251119022575 32927
3489 1791251119037354 30270
3490 1791251119054969 29108
3491 1791251119083952 30035
3492 1791251119109127 36114
3493 1791251119131588 42055
3494 1791251119144771 35643
3495 1791251119175752 44161
3496 1791251119187052 41166
3497 1791251119207672 40434
3498 1791251119234789 47731
3499 1791251119245322 38957
3500 1791251119281052 47880
3501 1791251119295363 48640
3502 1791251119318558 52113
3503 1791251119335172 48052
3504 1791251119358022 48080
3505 1791251119376073 49962
3506 1791251119403570 56427
3507 1791251119429247 62673
3508 1791251119445603 58385
3509 1791251119456402 50627
3510 1791251119478342 49092
3511 1791251119503264 57657
3512 1791251119524232 57589
3513 1791251119552175 59241
3514 1791251119565077 56076
3515 1791251119587711 61099
3516 1791251119614202 64769
3517 1791251119629186 63030
3518 1791251119659965 72251
3519 1791251119674186 64157
3520 1791251119693177 64420
3521 1791251119715853 62782
3522 1791251119728329 60559
3523 1791251119755991 62810
3524 1791251119773890 63585
3525 1791251119789171 63144
3526 1791251119813906 67248
3527 1791251119834169 67988
3528 1791251119853399 66975
3529 1791251119877523 69856
3530 1791251119903211 70728
3531 1791251119922247 73134
3532 1791251119950593 78379
3533 1791251119963840 72667
3534 1791251119997549 82620
3535 1791251120014047 80764
3536 1791251120027627 80641
3537 1791251120049882 76873
3538 1791251120060563 73855
3539 1791251120090208 81313
3540 1791251120118352 91436
3541 1791251120134637 88152
3542 1791251120158699 92598
3543 1791251120179725 91615
3544 1791251120194148 87129
3545 1791251120208833 79972
3546 1791251120232861 80103
3547 1791251120257248 85102
3548 1791251120265350 79239
3549 1791251120299396 90560
3550 1791251120323047 91498
3551 1791251120335561 87633
3552 1791251120353157 85918
3553 1791251120375326 87896
3554 1791251120393578 80790
3555 1791251120409570 82193
3556 1791251120426337 80029
3557 1791251120473260 99686
3558 1791251120488918 102289
3559 1791251120508736 99162
3560 1791251120515261 88922
3561 1791251120544738 97071
3562 1791251120555511 88668
3563 1791251120574114 85193
3564 1791251120596214 87651
3565 1791251120628226 95790
3566 1791251120644473 95192
3567 1791251120674105 101975
3568 1791251120684783 97961
3569 1791251120710116 101235
3570 1791251120722630 94400
3571 1791251120743651 97118
3572 1791251120765896 98265
3573 1791251120786775 99463
3574 1791251120806259 97995
3575 1791251120825208 98630
3576 1791251120853449 104870
3577 1791251120869003 103103
3578 1791251120893652 106873
3579 1791251120914682 108422
3580 1791251120933645 106258
3581 1791251120952588 102447
3582 1791251120977448 110488
3583 1791251120995700 103511
3584 1791251121022575 113463
3585 1791251121029338 102754
3586 1791251121045945 100043
3587 1791251121083422 114391
3588 1791251121090847 103228
3589 1791251121124344 112716
3590 1791251121138472 109131
3591 1791251121156094 110145
3592 1791251121179757 106560
3593 1791251121200144 110771
3594 1791251121224180 111122
3595 1791251121249584 114860
3596 1791251121254539 104179
3597 1791251121275758 107426
3598 1791251121302275 113020
3599 1791251121318248 111928
3600 1791251121334714 107625
3601 1791251121359195 112044
3602 1791251121385937 115135
3603 1791251121404775 111735
3604 1791251121426015 113587
3605 1791251121446217 111500
3606 1791251121464619 111530
3607 1791251121490862 120751
3608 1791251121498566 112625
3609 1791251121519070 112253
3610 1791251121537149 111131
3611 1791251121566871 120710
3612 1791251121584729 113827
3613 1791251121605472 114607
3614 1791251121617547 111648
3615 1791251121640438 114130
3616 1791251121668195 114772
3617 1791251121681221 114347
3618 1791251121707470 118141
3619 1791251121733337 121285
3620 1791251121746097 119760
3621 1791251121767910 114217
3622 1791251121785807 117609
3623 1791251121811611 125198
3624 1791251121825523 118050
3625 1791251121853342 120002
3626 1791251121866248 120146
3627 1791251121883657 115806
3628 1791251121901475 115662
3629 1791251121926134 114519
3630 1791251121934628 109102
3631 1791251121956123 109742
3632 1791251121974943 108691
3633 1791251121994126 106950
3634 1791251122021266 109215
3635 1791251122028373 102237
3636 1791251122052861 106515
3637 1791251122071755 103807
3638 1791251122096835 105671
3639 1791251122102983 94838
3640 1791251122129126 100751
3641 1791251122149206 102173
3642 1791251122168938 97179
3643 1791251122176113 89503
3644 1791251122197298 90170
3645 1791251122222509 93380
3646 1791251122240460 91251
3647 1791251122257578 88828
3648 1791251122272737 85970
3649 1791251122295303 88741
3650 1791251122309643 83013
3651 1791251122337431 83632
3652 1791251122344570 74729
3653 1791251122368092 78495
3654 1791251122384762 75117
3655 1791251122398666 72414
3656 1791251122421511 68076
3657 1791251122440245 73621
3658 1791251122454644 65626
3659 1791251122467046 60647
3660 1791251122488275 62285
3661 1791251122512479 58842
3662 1791251122531365 65120
3663 1791251122545396 57350
3664 1791251122556426 49562
3665 1791251122589757 58388
3666 1791251122597894 47730
3667 1791251122618632 51106
3668 1791251122635904 46144
3669 1791251122649467 42913
3670 1791251122664619 35694
3671 1791251122686572 37100
3672 1791251122704393 38207
3673 1791251122724811 38236
3674 1791251122743232 35633
3675 1791251122763058 36039
3676 1791251122782894 35434
3677 1791251122803947 37238
3678 1791251122829667 40447
3679 1791251122844655 32857
3680 1791251122868383 38711
3681 1791251122886092 39582
3682 1791251122898986 30598
3683 1791251122916886 30790
3684 1791251122939183 31578
3685 1791251122961518 35440
3686 1791251122984702 32633
3687 1791251122997094 27736
3688 1791251123018437 31032
3689 1791251123032162 25187
3690 1791251123063099 35298
3691 1791251123083181 32618
3692 1791251123097688 27921
3693 1791251123120018 30559
3694 1791251123143817 35906
3695 1791251123170181 40626
3696 1791251123177915 31625
3697 1791251123203385 33201
3698 1791251123217073 30928
3699 1791251123246945 37080
3700 1791251123263806 36593
3701 1791251123276360 29412
3702 1791251123307051 40418
3703 1791251123328646 35008
3704 1791251123347320 40266
3705 1791251123371504 42855
3706 1791251123392753 45428
3707 1791251123413207 41700
3708 1791251123424840 38968
3709 1791251123452402 46048
3710 1791251123481429 54221
3711 1791251123501365 53596
3712 1791251123525558 51388
3713 1791251123534394 47690
3714 1791251123572269 58822
3715 1791251123576287 50544
3716 1791251123604655 54474
3717 1791251123624214 51943
3718 1791251123642258 54361
3719 1791251123667915 56824
3720 1791251123693880 63484
3721 1791251123704198 56576
3722 1791251123721970 54156
3723 1791251123756061 67362
3724 1791251123766377 58726
3725 1791251123786849 60237
3726 1791251123813686 67954
3727 1791251123835798 69415
3728 1791251123854948 68095
3729 1791251123873937 67002
3730 1791251123889963 62181
3731 1791251123914546 68155
3732 1791251123936818 63144
3733 1791251123953217 63249
3734 1791251123973859 64589
3735 1791251124002198 74392
3736 1791251124026035 78017
3737 1791251124026135 59256
3738 1791251124026141 31401
3739 1791251124043006 36136
3740 1791251124057025 30987
3741 1791251124075296 27460
3742 1791251124097188 29907
3743 1791251124115421 24761
3744 1791251124133976 27482
3745 1791251124153698 25904
3746 1791251124172319 24898
3747 1791251124194057 27710
3748 1791251124211736 25013
3749 1791251124238679 27189
3750 1791251124255294 23563
3751 1791251124273609 27289
3752 1791251124293665 26251
3753 1791251124314153 26224
3754 1791251124342927 32989
3755 1791251124353774 25126
3756 1791251124372195 23873
3757 1791251124394204 28099
3758 1791251124412918 24457
3759 1791251124434103 23380
3760 1791251124452869 23116
3761 1791251124472061 25563
3762 1791251124491796 24869
3763 1791251124512945 26603
3764 1791251124538319 30987
3765 1791251124553792 22677
3766 1791251124568478 21768
3767 1791251124594294 25811
3768 1791251124613827 26626
3769 1791251124629624 21131
3770 1791251124657288 27659
3771 1791251124672655 26134
3772 1791251124694172 21511
3773 1791251124713317 25524
3774 1791251124733594 27204
3775 1791251124754915 26876
3776 1791251124769244 22149
3777 1791251124793546 26380
3778 1791251124813011 24306
3779 1791251124835613 22595
3780 1791251124854430 27850
3781 1791251124868460 22121
3782 1791251124893632 25154
3783 1791251124912253 26500
3784 1791251124936264 24075
3785 1791251124955112 23879
3786 1791251124974284 27016
3787 1791251124995653 28921
3788 1791251125015478 27470
3789 1791251125040380 31051
3790 1791251125054950 21632
3791 1791251125083307 30141
3792 1791251125093793 26683
3793 1791251125117367 25130
3794 1791251125133653 27413
3795 1791251125151577 24987
3796 1791251125174556 27828
3797 1791251125194171 26828
3798 1791251125213546 25346
3799 1791251125233285 25676
3800 1791251125264080 30792
3801 1791251125269163 22246
3802 1791251125295287 29007
3803 1791251125315176 24536
3804 1791251125331668 23564
3805 1791251125353789 25400
3806 1791251125374205 24589
3807 1791251125394731 23382
3808 1791251125411987 25558
3809 1791251125429227 22921
3810 1791251125452490 25188
3811 1791251125472292 24511
3812 1791251125493466 25769
3813 1791251125513523 23952
3814 1791251125536307 22779
3815 1791251125552819 26187
3816 1791251125570845 24306
3817 1791251125592314 26009
3818 1791251125613935 27599
3819 1791251125629309 22325
3820 1791251125652656 25211
3821 1791251125673445 26063
3822 1791251125701245 27796
3823 1791251125722974 29374
3824 1791251125734657 26035
3825 1791251125747880 20934
3826 1791251125766775 20967
3827 1791251125793441 26662
3828 1791251125815753 22307
3829 1791251125834748 27967
3830 1791251125852336 22797
3831 1791251125872304 26091
3832 1791251125894402 22185
3833 1791251125915878 22220
3834 1791251125931095 21607
3835 1791251125952396 25485
3836 1791251125973397 25141
3837 1791251125988805 21790
3838 1791251126014573 25765
3839 1791251126038201 23626
3840 1791251126052921 25859
3841 1791251126076661 23735
3842 1791251126088282 22024
3843 1791251126112196 23909
3844 1791251126134270 24414
3845 1791251126155044 26592
3846 1791251126172562 25561
3847 1791251126191519 23631
3848 1791251126207630 21970
3849 1791251126229312 21677
3850 1791251126247790 21754
3851 1791251126273793 25999
3852 1791251126291532 22832
3853 1791251126313683 22144
3854 1791251126329869 24239
3855 1791251126348488 21148
3856 1791251126373258 24454
3857 1791251126387934 21595
3858 1791251126412820 26445
3859 1791251126434642 22105
3860 1791251126451666 25330
3861 1791251126469094 22340
3862 1791251126492832 26519
3863 1791251126511332 24792
3864 1791251126534312 22976
3865 1791251126554659 26832
3866 1791251126573015 23449
3867 1791251126589846 23798
3868 1791251126615246 25395
3869 1791251126633893 25361
3870 1791251126648524 21975
3871 1791251126673115 26898
3872 1791251126693313 27628
3873 1791251126709465 23075
3874 1791251126733788 24379
3875 1791251126755557 21763
3876 1791251126770593 22086
3877 1791251126793298 25676
3878 1791251126808369 22515
3879 1791251126831364 22986
3880 1791251126852707 21338
3881 1791251126875833 23720
3882 1791251126892823 26686
3883 1791251126911144 23355
3884 1791251126936839 25761
3885 1791251126955237 23657
3886 1791251126974682 26448
3887 1791251126994703 27413
3888 1791251127012839 24797
3889 1791251127033213 26397
3890 1791251127053111 25937
3891 1791251127074595 25342
3892 1791251127092957 23332
3893 1791251127113910 23818
3894 1791251127134609 26703
3895 1791251127151673 24711
3896 1791251127171096 25239
3897 1791251127193275 22174
3898 1791251127212501 24671
3899 1791251127233580 26508
3900 1791251127255513 27468
3901 1791251127271266 25091
3902 1791251127295591 29038
3903 1791251127313864 24295
3904 1791251127328374 22484
3905 1791251127353226 26905
3906 1791251127372981 25707
3907 1791251127396359 29473
3908 1791251127411948 25422
3909 1791251127437157 25202
3910 1791251127451465 24371
3911 1791251127474706 23234
3912 1791251127488331 22449
3913 1791251127509051 22852
3914 1791251127529108 22648
3915 1791251127556347 27235
3916 1791251127572477 21746
3917 1791251127595184 28647
3918 1791251127622468 31568
3919 1791251127633130 25149
3920 1791251127652706 25414
3921 1791251127674182 21585
3922 1791251127686373 20524
3923 1791251127711786 25409
3924 1791251127737251 25461
3925 1791251127754503 23181
3926 1791251127775187 28519
3927 1791251127792942 27293
3928 1791251127809035 21009
3929 1791251127832963 23925
3930 1791251127854763 21789
3931 1791251127872587 23406
3932 1791251127896156 23604
3933 1791251127907250 21447
3934 1791251127928919 21666
3935 1791251127954708 25901
3936 1791251127975664 25096
3937 1791251127992586 21509
3938 1791251128013403 25784
3939 1791251128031204 24700
3940 1791251128054717 23570
3941 1791251128072943 25069
3942 1791251128094614 21669
3943 1791251128112812 24748
3944 1791251128132565 25687
3945 1791251128152501 26612
3946 1791251128172543 26173
3947 1791251128194657 22109
3948 1791251128215745 26757
3949 1791251128233883 23994
3950 1791251128252610 25375
3951 1791251128271267 24643
3952 1791251128293436 27629
3953 1791251128314778 21339
3954 1791251128331733 22789
3955 1791251128348187 20758
3956 1791251128371941 25683
3957 1791251128393126 21182
3958 1791251128414937 28438
3959 1791251128441430 30740
3960 1791251128456013 22762
3961 1791251128473292 25742
3962 1791251128492093 24686
3963 1791251128514656 27487
3964 1791251128535561 26433
3965 1791251128555208 24528
3966 1791251128575019 25798
3967 1791251128593510 25777
3968 1791251128613134 26608
3969 1791251128634389 21308
3970 1791251128653069 24901
3971 1791251128673400 25737
3972 1791251128700424 27021
3973 1791251128719132 26486
3974 1791251128738321 25626
3975 1791251128755665 29329
3976 1791251128772040 24323
3977 1791251128793022 20979
3978 1791251128814660 27729
3979 1791251128847266 32604
3980 1791251128863077 34124
3981 1791251128873687 26417
3982 1791251128893685 24482
3983 1791251128907205 21375
3984 1791251128934484 27275
3985 1791251128956808 22369
3986 1791251128978720 26793
3987 1791251128993684 24713
3988 1791251129009353 21359
3989 1791251129030278 23814
3990 1791251129052318 22092
3991 1791251129074056 26964
3992 1791251129094395 24404
3993 1791251129112696 22393
3994 1791251129133092 24870
3995 1791251129152742 26703
3996 1791251129171892 25584
3997 1791251129193173 27144
3998 1791251129211507 25114
3999 1791251129237543 26033
4000 1791251129253319 27072
4001 1791251129270042 24407
4002 1791251129293039 24782
4003 1791251129313097 26428
4004 1791251129336161 27300
4005 1791251129351356 24968
4006 1791251129374777 23417
4007 1791251129393913 24661
4008 1791251129408054 21532
4009 1791251129432026 24017
4010 1791251129453047 21018
4011 1791251129473642 27296
4012 1791251129492543 26416
4013 1791251129514549 27602
4014 1791251129533231 22707
4015 1791251129552946 25369
4016 1791251129577452 29619
4017 1791251129595713 25203
4018 1791251129611595 21922
4019 1791251129635022 26407
4020 1791251129653850 27453
4021 1791251129673616 23301
4022 1791251129692445 26341
4023 1791251129713346 26772
4024 1791251129736516 26043
4025 1791251129754930 28269
4026 1791251129774477 25489
4027 1791251129793759 26659
4028 1791251129818370 27505
4029 1791251129832232 20540
4030 1791251129859359 27174
4031 1791251129872433 26097
4032 1791251129894001 21565
4033 1791251129911421 24541
4034 1791251129933976 22552
4035 1791251129951408 23955
4036 1791251129975928 29625
4037 1791251129996447 29336
4038 1791251130008994 20752
4039 1791251130031019 24294
4040 1791251130048014 21061
4041 1791251130074302 26753
4042 1791251130093221 24717
4043 1791251130109795 23392
4044 1791251130136910 27312
4045 1791251130153488 23150
4046 1791251130173414 26780
4047 1791251130192046 25739
4048 1791251130212930 25188
4049 1791251130233972 27747
4050 1791251130253594 27168
4051 1791251130276642 23044
4052 1791251130291672 25315
4053 1791251130314659 22984
4054 1791251130333729 23940
4055 1791251130357738 24006
4056 1791251130373788 26527
4057 1791251130392380 26427
4058 1791251130412899 24801
4059 1791251130434774 21871
4060 1791251130447216 20777
4061 1791251130470065 23156
4062 1791251130491118 21095
4063 1791251130512598 24485
4064 1791251130532629 23645
4065 1791251130554219 26107
4066 1791251130574797 24818
4067 1791251130592974 23119
4068 1791251130614386 28097
4069 1791251130637212 26269
4070 1791251130654184 22825
4071 1791251130674473 24390
4072 1791251130695066 26664
4073 1791251130714828 22499
4074 1791251130728747 22268
4075 1791251130751419 24515
4076 1791251130772515 25497
4077 1791251130791967 24930
4078 1791251130812457 25429
4079 1791251130835783 23577
4080 1791251130854794 26837
4081 1791251130873562 27489
4082 1791251130891439 24888
4083 1791251130924533 33091
4084 1791251130935973 24860
4085 1791251130952859 25126
4086 1791251130971184 23594
4087 1791251130992747 26788
4088 1791251131013251 24848
4089 1791251131034307 25760
4090 1791251131055513 28707
4091 1791251131076638 24578
4092 1791251131092961 26664
4093 1791251131112315 26535
4094 1791251131138849 26531
4095 1791251131154343 20864
4096 1791251131176372 28759
4097 1791251131193000 25298
4098 1791251131212815 24286
4099 1791251131232856 26539
4100 1791251131255981 23429
4101 1791251131273526 24835
4102 1791251131293116 26969
4103 1791251131312257 23773
4104 1791251131340873 31559
4105 1791251131351638 25298
4106 1791251131372356 26248
4107 1791251131396173 23867
4108 1791251131411987 20887
4109 1791251131434888 27555
4110 1791251131451750 22652
4111 1791251131473978 22225
4112 1791251131499185 25203
4113 1791251131511364 25271
4114 1791251131537867 26499
4115 1791251131553666 21657
4116 1791251131567415 21343
4117 1791251131592284 25343
4118 1791251131613824 26431
4119 1791251131632685 24820
4120 1791251131656600 26798
4121 1791251131672037 25963
4122 1791251131694461 22421
4123 1791251131711453 25014
4124 1791251131733432 25562
4125 1791251131753439 25536
4126 1791251131774398 27361
4127 1791251131795602 21201
4128 1791251131810434 22682
4129 1791251131833309 25703
4130 1791251131852215 25676
4131 1791251131878892 26673
4132 1791251131891331 24320
4133 1791251131912942 25067
4134 1791251131934677 26622
4135 1791251131951766 20922
4136 1791251131969395 23091
4137 1791251131993413 24084
4138 1791251132012754 26061
4139 1791251132035475 27579
4140 1791251132052676 26653
4141 1791251132074767 22086
4142 1791251132093258 26243
# sent 4143 received 4143
