0 1791337468038844 25452
1 1791337468056808 22973
2 1791337468078497 21686
3 1791337468097039 21043
4 1791337468118159 21115
5 1791337468137103 21890
6 1791337468160467 23359
7 1791337468185575 25104
8 1791337468196149 22094
9 1791337468219013 22857
10 1791337468236105 20662
11 1791337468259657 23545
12 1791337468281614 25543
13 1791337468302915 26164
14 1791337468322257 25326
15 1791337468339353 22639
16 1791337468357797 22015
17 1791337468385092 27287
18 1791337468408576 28110
19 1791337468420330 23838
20 1791337468437314 21812
21 1791337468466012 28691
22 1791337468479719 24833
23 1791337468495361 20670
24 1791337468517970 22604
25 1791337468544175 26200
26 1791337468565178 30806
27 1791337468580874 24994
28 1791337468599932 24341
29 1791337468619821 24651
30 1791337468638526 22633
31 1791337468660233 25109
32 1791337468675398 21672
33 1791337468699302 24040
34 1791337468716866 21939
35 1791337468745950 29074
36 1791337468767101 30672
37 1791337468779584 25023
38 1791337468800977 23984
39 1791337468818006 23294
40 1791337468836991 22836
41 1791337468866981 29965
42 1791337468877761 21591
43 1791337468900778 23010
44 1791337468926466 28760
45 1791337468937166 20984
46 1791337468958817 23918
47 1791337468978120 21635
48 1791337468999496 24575
49 1791337469026057 30298
50 1791337469040850 23851
51 1791337469058994 21554
52 1791337469078233 24236
53 1791337469099251 24439
54 1791337469120963 21704
55 1791337469144100 27280
56 1791337469163502 25476
57 1791337469178077 21214
58 1791337469200115 24949
59 1791337469221216 26014
60 1791337469245150 27785
61 1791337469266374 29894
62 1791337469278920 24435
63 1791337469300822 24533
64 1791337469320391 25399
65 1791337469339877 23856
66 1791337469357830 24212
67 1791337469379522 24627
68 1791337469399300 23031
69 1791337469427709 31892
70 1791337469437997 23206
71 1791337469457926 23399
72 1791337469484973 28939
73 1791337469503540 28457
74 1791337469518424 24132
75 1791337469538009 22717
76 1791337469559943 26008
77 1791337469579904 23831
78 1791337469601672 26494
79 1791337469620818 24995
80 1791337469638718 23138
81 1791337469658420 24300
82 1791337469679869 24898
83 1791337469703384 26515
84 1791337469721665 25250
85 1791337469741975 25851
86 1791337469762869 25902
87 1791337469779435 22488
88 1791337469798625 22842
89 1791337469817650 23871
90 1791337469839523 24319
91 1791337469857232 21134
92 1791337469877407 22516
93 1791337469898888 22923
94 1791337469926173 31181
95 1791337469946217 29867
96 1791337469963056 28235
97 1791337469976904 21291
98 1791337469996894 21957
99 1791337470022602 25704
100 1791337470046347 28788
101 1791337470059751 25573
102 1791337470078760 23536
103 1791337470097128 21287
104 1791337470117631 22591
105 1791337470138660 22755
106 1791337470158511 24692
107 1791337470179774 25846
108 1791337470199003 24653
109 1791337470219478 23453
110 1791337470238117 21979
111 1791337470262184 26100
112 1791337470278764 23647
113 1791337470301743 26872
114 1791337470317222 21026
115 1791337470353272 36206
116 1791337470363982 28164
117 1791337470383669 27103
118 1791337470415968 32296
119 1791337470431860 37625
120 1791337470443761 27787
121 1791337470469106 32895
122 1791337470489571 32273
123 1791337470501934 25054
124 1791337470529927 31496
125 1791337470550132 25154
126 1791337470558647 24330
127 1791337470579217 24444
128 1791337470598639 22815
129 1791337470620123 21918
130 1791337470646731 30171
131 1791337470657308 21685
132 1791337470677155 22959
133 1791337470708268 33793
134 1791337470719818 24468
135 1791337470738477 22863
136 1791337470759312 25063
137 1791337470781976 25141
138 1791337470797731 21014
139 1791337470821434 25380
140 1791337470838357 21112
141 1791337470858826 24901
142 1791337470876665 21970
143 1791337470904800 28223
144 1791337470925785 30924
145 1791337470937895 23192
146 1791337470963195 25295
147 1791337470979689 23162
148 1791337470999603 23600
149 1791337471021107 21493
150 1791337471046205 26401
151 1791337471056742 21675
152 1791337471078078 23493
153 1791337471099280 21197
154 1791337471127422 28129
155 1791337471145723 24328
156 1791337471156130 22329
157 1791337471176819 22338
158 1791337471204941 28090
159 1791337471217148 22809
160 1791337471237771 20783
161 1791337471256845 22233
162 1791337471277895 23022
163 1791337471302815 24914
164 1791337471319566 22053
165 1791337471337117 21373
166 1791337471362410 25368
167 1791337471378364 21968
168 1791337471395444 20859
169 1791337471416874 21426
170 1791337471440675 25735
171 1791337471466185 25501
172 1791337471477937 22691
173 1791337471496735 20946
174 1791337471519469 24892
175 1791337471539087 22973
176 1791337471561048 26090
177 1791337471579555 22259
178 1791337471598913 21265
179 1791337471623432 27210
180 1791337471643545 29205
181 1791337471659046 22886
182 1791337471678238 21516
183 1791337471703534 27451
184 1791337471720445 24301
185 1791337471741967 25108
186 1791337471764793 26967
187 1791337471783520 26247
188 1791337471799808 22672
189 1791337471822065 26292
190 1791337471838643 21782
191 1791337471858495 22335
192 1791337471876242 21502
193 1791337471899541 23293
194 1791337471918888 21825
195 1791337471935324 21506
196 1791337471957345 22000
197 1791337471979981 22632
198 1791337471999910 23695
199 1791337472019650 23281
200 1791337472039209 24803
201 1791337472058783 22790
202 1791337472077223 21170
203 1791337472098524 24568
204 1791337472125067 26534
205 1791337472138826 20702
206 1791337472161801 27321
207 1791337472180574 24040
208 1791337472206980 29645
209 1791337472218082 24145
210 1791337472240880 24522
211 1791337472258784 23746
212 1791337472279859 24524
213 1791337472307814 31170
214 1791337472318397 22951
215 1791337472339124 24225
216 1791337472358485 22445
217 1791337472378061 22426
218 1791337472397544 21891
219 1791337472426177 28629
220 1791337472437227 22675
221 1791337472457943 20711
222 1791337472478893 23892
223 1791337472503682 27735
224 1791337472524162 27578
225 1791337472546407 29132
226 1791337472559804 22476
227 1791337472577136 20911
228 1791337472599756 25829
229 1791337472621064 21458
230 1791337472639778 22846
231 1791337472657879 23692
232 1791337472676462 21382
233 1791337472699225 22758
234 1791337472718600 24637
235 1791337472747331 30033
236 1791337472758812 22498
237 1791337472780442 25418
238 1791337472803184 26160
239 1791337472818713 21992
240 1791337472837568 22519
241 1791337472856964 23096
242 1791337472875931 21382
243 1791337472904350 28408
244 1791337472920932 24875
245 1791337472941156 24449
246 1791337472958820 21654
247 1791337472977749 21816
248 1791337472997855 22477
249 1791337473019592 25180
250 1791337473040694 23668
251 1791337473060667 23244
252 1791337473079128 21975
253 1791337473102032 25550
254 1791337473121867 23967
255 1791337473137456 20547
256 1791337473156690 21709
257 1791337473178029 21337
258 1791337473200220 26322
259 1791337473219150 21687
260 1791337473245664 30788
261 1791337473257063 21749
262 1791337473277114 22242
263 1791337473299078 21960
264 1791337473318303 22134
265 1791337473340994 25544
266 1791337473359601 24244
267 1791337473378982 23811
268 1791337473401943 27128
269 1791337473419701 22540
270 1791337473437335 23115
271 1791337473459142 24089
272 1791337473482857 25873
273 1791337473501995 26608
274 1791337473517032 20791
275 1791337473538726 21689
276 1791337473560975 25660
277 1791337473576323 22257
278 1791337473597334 23022
279 1791337473623861 26750
280 1791337473639203 24187
281 1791337473658839 22530
282 1791337473687455 31220
283 1791337473698449 23249
284 1791337473721304 27664
285 1791337473750241 33096
286 1791337473763185 26580
287 1791337473778750 24282
288 1791337473800461 25425
289 1791337473819150 23129
290 1791337473841504 26529
291 1791337473859932 24752
292 1791337473879607 23625
293 1791337473906594 32406
294 1791337473920090 24009
295 1791337473938551 22567
296 1791337473960732 24424
297 1791337473979625 25393
298 1791337474006205 29989
299 1791337474022246 26053
300 1791337474038366 22299
301 1791337474056384 21397
302 1791337474078050 23144
303 1791337474096155 20475
304 1791337474117561 21506
305 1791337474137378 22605
306 1791337474165269 27885
307 1791337474179220 22586
308 1791337474200825 25872
309 1791337474233592 32756
310 1791337474244443 24477
311 1791337474256209 22581
312 1791337474281050 24834
313 1791337474297986 21392
314 1791337474317145 21471
315 1791337474338843 23643
316 1791337474357456 22281
317 1791337474380011 26051
318 1791337474397732 21408
319 1791337474419200 22996
320 1791337474436402 21087
321 1791337474457918 21615
322 1791337474478432 23469
323 1791337474504369 25930
324 1791337474521280 22973
325 1791337474540470 22414
326 1791337474566376 29172
327 1791337474577137 23460
328 1791337474596464 21745
329 1791337474617552 21084
330 1791337474636357 21171
331 1791337474658082 21824
332 1791337474678929 22749
333 1791337474699559 23753
334 1791337474718437 24276
335 1791337474739153 25195
336 1791337474759836 25339
337 1791337474779687 24740
338 1791337474809707 35686
339 1791337474820649 25130
340 1791337474841430 24506
341 1791337474864381 28488
342 1791337474879007 22243
343 1791337474901897 25126
344 1791337474919266 24982
345 1791337474938074 22541
346 1791337474960237 25314
347 1791337474977520 20922
348 1791337474997066 22490
349 1791337475016471 22303
350 1791337475043303 26827
351 1791337475059267 23046
352 1791337475085213 25942
353 1791337475097909 23113
354 1791337475126540 28627
355 1791337475148410 31598
356 1791337475158817 24548
357 1791337475176733 22855
358 1791337475198643 21905
359 1791337475220177 23561
360 1791337475240978 23907
361 1791337475262392 24568
362 1791337475283111 24640
363 1791337475302186 26217
364 1791337475319610 22262
365 1791337475338343 22024
366 1791337475360372 25371
367 1791337475378185 21128
368 1791337475412673 37670
369 1791337475425986 30782
370 1791337475447202 31317
371 1791337475458202 21309
372 1791337475480665 23132
373 1791337475506081 27456
374 1791337475518040 21056
375 1791337475539557 21865
376 1791337475559994 23980
377 1791337475583006 29120
378 1791337475598109 21837
379 1791337475619970 23908
380 1791337475646601 29825
381 1791337475660541 24267
382 1791337475680204 24370
383 1791337475703909 26487
384 1791337475719649 22759
385 1791337475736905 21876
386 1791337475761017 26958
387 1791337475787575 26861
388 1791337475805205 29116
389 1791337475825367 28690
390 1791337475840537 22951
391 1791337475859028 22715
392 1791337475877327 20797
393 1791337475901535 24346
394 1791337475922017 24484
395 1791337475946447 28820
396 1791337475956686 22369
397 1791337475983658 26967
398 1791337475998063 21484
399 1791337476023653 27665
400 1791337476048633 29301
401 1791337476059271 23763
402 1791337476077306 22034
403 1791337476102750 25437
404 1791337476121928 24353
405 1791337476137081 20617
406 1791337476161096 24006
407 1791337476188414 32151
408 1791337476206058 30603
409 1791337476221401 25182
410 1791337476242243 26749
411 1791337476266084 29166
412 1791337476288437 32492
413 1791337476311984 34635
414 1791337476330390 32697
415 1791337476353431 37716
416 1791337476365634 31605
417 1791337476378753 25318
418 1791337476406553 27794
419 1791337476425553 31616
420 1791337476441945 27352
421 1791337476465941 29895
422 1791337476482043 26879
423 1791337476507214 29238
424 1791337476529363 32990
425 1791337476546188 29824
426 1791337476563322 28643
427 1791337476586532 29342
428 1791337476606404 30290
429 1791337476631961 37759
430 1791337476647250 32482
431 1791337476670211 33031
432 1791337476685320 30625
433 1791337476702045 25542
434 1791337476728842 32685
435 1791337476754562 37523
436 1791337476778490 40527
437 1791337476790419 35851
438 1791337476810946 33361
439 1791337476820140 26334
440 1791337476839774 24461
441 1791337476867812 29917
442 1791337476880664 23651
443 1791337476903455 28290
444 1791337476923169 29065
445 1791337476945856 28817
446 1791337476967380 31795
447 1791337476986471 29856
448 1791337477007571 32415
449 1791337477026754 29963
450 1791337477038914 24885
451 1791337477067636 31532
452 1791337477086056 29637
453 1791337477106936 31561
454 1791337477133731 37364
455 1791337477148379 33469
456 1791337477162538 28803
457 1791337477187440 29900
458 1791337477199850 24415
459 1791337477227918 32812
460 1791337477247369 32328
461 1791337477268293 31680
462 1791337477280322 25768
463 1791337477306661 30121
464 1791337477326553 31512
465 1791337477349865 33568
466 1791337477363123 28163
467 1791337477379824 25054
468 1791337477405379 29212
469 1791337477426827 28339
470 1791337477441508 26313
471 1791337477467551 33558
472 1791337477487855 32314
473 1791337477507034 32515
474 1791337477527195 31737
475 1791337477546754 31161
476 1791337477569047 33394
477 1791337477597609 40684
478 1791337477620606 44007
479 1791337477639743 42128
480 1791337477661592 47702
481 1791337477690752 56701
482 1791337477710587 53007
483 1791337477739552 63113
484 1791337477760535 63241
485 1791337477786968 71030
486 1791337477807198 71904
487 1791337477832861 72313
488 1791337477845571 70368
489 1791337477866904 70664
490 1791337477886021 69314
491 1791337477908685 74437
492 1791337477926498 70761
493 1791337477950035 74981
494 1791337477972166 75397
495 1791337477994601 78222
496 1791337478012415 75410
497 1791337478028257 71624
498 1791337478048186 72176
499 1791337478069173 74566
500 1791337478090169 74609
501 1791337478117633 80333
502 1791337478137983 82368
503 1791337478160763 84681
504 1791337478176326 80542
505 1791337478193702 78897
506 1791337478222873 84885
507 1791337478238466 83672
508 1791337478267072 90742
509 1791337478278030 84320
510 1791337478300775 86814
511 1791337478323551 88044
512 1791337478347532 93180
513 1791337478371484 94019
514 1791337478386084 88532
515 1791337478409073 91388
516 1791337478429472 94073
517 1791337478446822 87810
518 1791337478467747 91164
519 1791337478487305 91183
520 1791337478508117 90662
521 1791337478529796 93673
522 1791337478554349 98249
523 1791337478569508 94337
524 1791337478587679 88778
525 1791337478612263 97916
526 1791337478625803 91450
527 1791337478647985 93674
528 1791337478670116 96238
529 1791337478691744 95614
530 1791337478708953 92414
531 1791337478728310 91068
532 1791337478739077 80646
533 1791337478759224 81821
534 1791337478775709 78162
535 1791337478787039 69245
536 1791337478805948 69750
537 1791337478824269 65042
538 1791337478839474 63758
539 1791337478849918 53357
540 1791337478872290 55024
541 1791337478887252 48779
542 1791337478902935 44566
543 1791337478917011 40050
544 1791337478939029 43911
545 1791337478951560 34983
546 1791337478969499 30466
547 1791337478987947 30638
548 1791337479007902 31591
549 1791337479020844 24429
550 1791337479043234 27306
551 1791337479076002 37809
552 1791337479087813 30920
553 1791337479116153 40148
554 1791337479130562 33298
555 1791337479147676 31908
556 1791337479169147 32454
557 1791337479182779 28617
558 1791337479208293 32161
559 1791337479229290 32760
560 1791337479246038 28349
561 1791337479268325 32895
562 1791337479286960 30892
563 1791337479310492 35421
564 1791337479327021 29691
565 1791337479337680 22349
566 1791337479367442 29759
567 1791337479380153 25283
568 1791337479398600 23959
569 1791337479430013 33655
570 1791337479446181 30523
571 1791337479467181 32270
572 1791337479488654 32427
573 1791337479505503 27606
574 1791337479525049 30218
575 1791337479542096 27955
576 1791337479559015 22072
577 1791337479583804 27732
578 1791337479609106 32773
579 1791337479627128 29744
580 1791337479651953 36861
581 1791337479666266 31902
582 1791337479679321 24651
583 1791337479706745 31656
584 1791337479733269 37685
585 1791337479745384 31084
586 1791337479761967 26919
587 1791337479787563 31060
588 1791337479806114 31658
589 1791337479828409 30061
590 1791337479847817 29873
591 1791337479869594 32716
592 1791337479886172 27223
593 1791337479904318 29165
594 1791337479918164 22991
595 1791337479944714 27454
596 1791337479959668 22662
597 1791337479990269 33315
598 1791337480001699 26524
599 1791337480030380 32636
600 1791337480041341 23945
601 1791337480066649 31026
602 1791337480081016 25561
603 1791337480107981 31876
604 1791337480123856 27591
605 1791337480146588 30357
606 1791337480164490 28254
607 1791337480188315 31467
608 1791337480200083 26302
609 1791337480223897 27904
610 1791337480246805 30651
611 1791337480266273 30606
612 1791337480290136 35207
613 1791337480306011 29976
614 1791337480322220 26419
615 1791337480347666 32228
616 1791337480367530 30965
617 1791337480384041 27730
618 1791337480404812 28381
619 1791337480420452 26025
620 1791337480446369 32114
621 1791337480467299 29965
622 1791337480486602 29431
623 1791337480505512 29796
624 1791337480516914 22669
625 1791337480548437 31971
626 1791337480560556 24303
627 1791337480580171 25343
628 1791337480605979 29871
629 1791337480626107 31187
630 1791337480637525 22926
631 1791337480666120 28592
632 1791337480680885 26668
633 1791337480717231 37081
634 1791337480717239 22924
635 1791337480746204 30982
636 1791337480769043 32567
637 1791337480783418 28741
638 1791337480806771 29873
639 1791337480819317 23794
640 1791337480848459 30692
641 1791337480868262 32699
642 1791337480886878 29435
643 1791337480905133 29646
644 1791337480921340 26425
645 1791337480947283 30888
646 1791337480975687 39427
647 1791337480994699 39008
648 1791337481010027 34337
649 1791337481021351 26645
650 1791337481046551 30515
651 1791337481062366 27579
652 1791337481082210 24597
653 1791337481104349 28420
654 1791337481119866 24943
655 1791337481148633 32261
656 1791337481161983 26164
657 1791337481183928 29697
658 1791337481206599 30440
659 1791337481222954 26801
660 1791337481248170 31444
661 1791337481266313 29736
662 1791337481288146 33155
663 1791337481316486 41388
664 1791337481345400 47711
665 1791337481358593 42103
666 1791337481383276 48630
667 1791337481407441 51045
668 1791337481435375 58895
669 1791337481452714 56511
670 1791337481479304 62872
671 1791337481499815 64527
672 1791337481530381 69993
673 1791337481557316 78008
674 1791337481578181 78357
675 1791337481596615 82643
676 1791337481621436 86261
677 1791337481649088 91936
678 1791337481675692 97508
679 1791337481699950 103638
680 1791337481726628 109366
681 1791337481739866 106052
682 1791337481768988 111412
683 1791337481790981 115287
684 1791337481808493 114005
685 1791337481838944 123044
686 1791337481859785 125465
687 1791337481879523 121945
688 1791337481906073 128184
689 1791337481929003 131322
690 1791337481947471 132807
691 1791337481966295 130591
692 1791337481989241 134720
693 1791337482009621 134981
694 1791337482042867 147621
695 1791337482057701 139439
696 1791337482073941 136894
697 1791337482096157 142072
698 1791337482111392 133388
699 1791337482129877 131018
700 1791337482144711 130808
701 1791337482159548 122056
702 1791337482181430 123724
703 1791337482197370 123423
704 1791337482212886 117276
705 1791337482236406 117009
706 1791337482249341 113351
707 1791337482267784 111519
708 1791337482285350 109484
709 1791337482307917 110542
710 1791337482326536 110612
711 1791337482342449 107145
712 1791337482356939 97181
713 1791337482369369 94890
714 1791337482385317 90070
715 1791337482397604 83455
716 1791337482408774 71666
717 1791337482422032 65202
718 1791337482440869 66308
719 1791337482455347 57739
720 1791337482467185 50998
721 1791337482478681 37805
722 1791337482492468 37112
723 1791337482499872 25391
724 1791337482531065 34758
725 1791337482548683 31499
726 1791337482567329 29777
727 1791337482591274 34685
728 1791337482607360 31780
729 1791337482630209 33574
730 1791337482648613 30963
731 1791337482667936 32902
732 1791337482685836 29426
733 1791337482699608 25296
734 1791337482726809 32536
735 1791337482749395 35434
736 1791337482764739 30524
737 1791337482789971 34451
738 1791337482801637 24328
739 1791337482828491 33441
740 1791337482858048 41810
741 1791337482872546 36256
742 1791337482888247 30193
743 1791337482909371 32416
744 1791337482926465 28658
745 1791337482948111 32352
746 1791337482968371 30712
747 1791337482988117 31541
748 1791337483008833 31500
749 1791337483028987 31647
750 1791337483044405 30024
751 1791337483071076 35909
752 1791337483090920 34851
753 1791337483106770 31164
754 1791337483123828 29736
755 1791337483149054 33331
756 1791337483167185 30709
757 1791337483186507 30157
758 1791337483201913 26478
759 1791337483226826 30455
760 1791337483247545 31123
761 1791337483267364 29768
762 1791337483287197 31190
763 1791337483298011 22714
764 1791337483319911 24389
765 1791337483350376 30818
766 1791337483375411 37385
767 1791337483387814 32763
768 1791337483405804 30390
769 1791337483431035 35481
770 1791337483450183 36154
771 1791337483468369 33096
772 1791337483486073 30525
773 1791337483501584 25336
774 1791337483522665 26373
775 1791337483547015 31962
776 1791337483563061 26862
777 1791337483589944 30233
778 1791337483609554 31209
779 1791337483627981 31042
780 1791337483648986 31813
781 1791337483660412 24743
782 1791337483685746 31408
783 1791337483705792 31363
784 1791337483717661 23487
785 1791337483747615 30796
786 1791337483773506 37910
787 1791337483786931 31575
788 1791337483804872 31362
789 1791337483826193 32076
790 1791337483847084 30624
791 1791337483874952 40397
792 1791337483887702 31281
793 1791337483902973 28014
794 1791337483926069 27458
795 1791337483949623 34286
796 1791337483964500 27447
797 1791337483982971 28511
798 1791337484007729 29848
799 1791337484030125 33693
800 1791337484045355 27169
801 1791337484070137 35468
802 1791337484080709 24113
803 1791337484100604 25321
804 1791337484125335 28852
805 1791337484146961 31085
806 1791337484171346 35476
807 1791337484186520 32360
808 1791337484216087 39888
809 1791337484226569 27548
810 1791337484241861 26407
811 1791337484268236 32002
812 1791337484286389 28848
813 1791337484299192 23946
814 1791337484321180 27027
815 1791337484349414 33329
816 1791337484367455 29381
817 1791337484379019 22002
818 1791337484402790 29140
819 1791337484421045 26431
820 1791337484447617 32102
821 1791337484473798 38367
822 1791337484488984 33435
823 1791337484499862 26060
824 1791337484527120 31249
825 1791337484547334 30949
826 1791337484571295 34398
827 1791337484582263 26307
828 1791337484606379 31203
829 1791337484627876 31802
830 1791337484645998 28625
831 1791337484662597 26639
832 1791337484685834 28389
833 1791337484700724 26276
834 1791337484727517 33493
835 1791337484747482 30253
836 1791337484759901 25027
837 1791337484780382 25761
838 1791337484800202 25223
839 1791337484828542 31533
840 1791337484847417 29746
841 1791337484868679 31841
842 1791337484887287 28910
843 1791337484900445 24421
844 1791337484930036 32702
845 1791337484945221 29810
846 1791337484963186 27799
847 1791337484987075 30177
848 1791337484998870 22571
849 1791337485022917 28436
850 1791337485045328 29168
851 1791337485069448 30487
852 1791337485088129 32210
853 1791337485102302 28442
854 1791337485132381 35256
855 1791337485144553 27386
856 1791337485168257 31415
857 1791337485185775 28908
858 1791337485205104 25217
859 1791337485227439 27167
860 1791337485241619 25753
861 1791337485267397 31182
862 1791337485279109 22666
863 1791337485301953 28143
864 1791337485322636 24457
865 1791337485339111 23974
866 1791337485367421 30181
867 1791337485389278 32672
868 1791337485408750 31164
869 1791337485427386 29529
870 1791337485457118 39991
871 1791337485479652 44513
872 1791337485500102 42980
873 1791337485526071 51684
874 1791337485546175 51837
875 1791337485565668 50591
876 1791337485597744 60470
877 1791337485615734 60257
878 1791337485636684 62564
879 1791337485661670 67320
880 1791337485709957 94220
881 1791337485709966 73373
882 1791337485721494 66349
883 1791337485746759 60056
884 1791337485749488 54569
885 1791337485775678 54161
886 1791337485797808 60146
887 1791337485826500 69277
888 1791337485848025 72407
889 1791337485868575 73803
890 1791337485923201 108960
891 1791337485937317 101161
892 1791337485938030 75868
893 1791337485960436 64524
894 1791337485960461 64535
895 1791337485972638 50476
896 1791337485978894 41574
897 1791337486008230 47791
898 1791337486019629 45181
899 1791337486047447 52837
900 1791337486076252 56616
901 1791337486098406 64370
902 1791337486116097 61391
903 1791337486137875 63613
904 1791337486168902 74111
905 1791337486192775 77054
906 1791337486220287 83925
907 1791337486236155 78290
908 1791337486262106 84876
909 1791337486288083 79326
910 1791337486298188 83952
911 1791337486319648 83768
912 1791337486339492 82577
913 1791337486365625 90950
914 1791337486378177 83057
915 1791337486401578 86511
916 1791337486425978 86828
917 1791337486447548 91469
918 1791337486459973 84660
919 1791337486484058 86755
920 1791337486502528 88401
921 1791337486529900 92403
922 1791337486547812 90883
923 1791337486563057 85354
924 1791337486581796 85380
925 1791337486599677 82331
926 1791337486618211 81325
927 1791337486639751 85620
928 1791337486655757 78315
929 1791337486676580 80344
930 1791337486689562 74236
931 1791337486707492 72404
932 1791337486732116 76356
933 1791337486747972 72501
934 1791337486771350 74957
935 1791337486784795 68773
936 1791337486805278 70846
937 1791337486821147 63802
938 1791337486830619 54946
939 1791337486847433 52993
940 1791337486866529 50029
941 1791337486876780 39605
942 1791337486894125 38230
943 1791337486908189 31406
944 1791337486927284 33155
945 1791337486946868 30545
946 1791337486967755 31687
947 1791337486989447 32367
948 1791337487002987 26473
949 1791337487027738 30466
950 1791337487046532 30261
951 1791337487067223 31209
952 1791337487080385 24873
953 1791337487111248 34922
954 1791337487122443 25676
955 1791337487140852 23412
956 1791337487168200 32136
957 1791337487188500 31191
958 1791337487208995 32367
959 1791337487229260 31858
960 1791337487247162 30014
961 1791337487273779 37287
962 1791337487285230 28906
963 1791337487304340 30558
964 1791337487326463 30924
965 1791337487355833 36640
966 1791337487366210 30098
967 1791337487385130 29295
968 1791337487400747 24299
969 1791337487428185 30702
970 1791337487450644 33295
971 1791337487466368 30169
972 1791337487484901 29768
973 1791337487510562 35527
974 1791337487524346 27390
975 1791337487542247 24847
976 1791337487561752 25727
977 1791337487587338 31643
978 1791337487605355 28799
979 1791337487628536 31154
980 1791337487641122 23408
981 1791337487667404 30931
982 1791337487689679 33505
983 1791337487704254 29033
984 1791337487726804 29441
985 1791337487744754 28495
986 1791337487769377 35247
987 1791337487782586 25238
988 1791337487807171 29361
989 1791337487826762 31498
990 1791337487848108 32684
991 1791337487871109 35028
992 1791337487882688 26028
993 1791337487909129 31656
994 1791337487926852 29649
995 1791337487941410 25151
996 1791337487963052 25710
997 1791337487986217 29927
998 1791337487998694 23336
999 1791337488022742 27473
1000 1791337488040111 25847
1001 1791337488066268 30983
1002 1791337488088250 31922
1003 1791337488102528 26869
1004 1791337488125037 27276
1005 1791337488144659 30579
1006 1791337488167441 31050
1007 1791337488182727 27094
1008 1791337488203417 29107
1009 1791337488227595 31411
1010 1791337488246024 31563
1011 1791337488265871 31780
1012 1791337488286760 32581
1013 1791337488306259 28894
1014 1791337488318483 23100
1015 1791337488344244 28034
1016 1791337488369101 33061
1017 1791337488387608 30679
1018 1791337488411768 34835
1019 1791337488425349 28402
1020 1791337488441547 26994
1021 1791337488462568 27440
1022 1791337488486011 28936
1023 1791337488503311 24948
1024 1791337488524939 27411
1025 1791337488538140 22010
1026 1791337488561253 26099
1027 1791337488587940 29089
1028 1791337488606470 31442
1029 1791337488625403 29424
1030 1791337488642735 28420
1031 1791337488666166 29975
1032 1791337488687552 33151
1033 1791337488701916 26987
1034 1791337488728138 30477
1035 1791337488739201 23647
1036 1791337488758107 23245
1037 1791337488790589 32861
1038 1791337488802958 28699
1039 1791337488830912 33495
1040 1791337488855935 38190
1041 1791337488859293 23223
1042 1791337488886378 30680
1043 1791337488902484 26963
1044 1791337488929525 33149
1045 1791337488947929 30600
1046 1791337488964552 27514
1047 1791337488979905 25543
1048 1791337489003092 25884
1049 1791337489025480 27079
1050 1791337489049346 32346
1051 1791337489063250 26986
1052 1791337489087028 29661
1053 1791337489107716 32312
1054 1791337489120474 25586
1055 1791337489146849 30899
1056 1791337489169741 33020
1057 1791337489187855 30383
1058 1791337489224215 46705
1059 1791337489236817 41390
1060 1791337489270304 46079
1061 1791337489278065 42662
1062 1791337489306434 49641
1063 1791337489328094 50025
1064 1791337489347994 53507
1065 1791337489378875 61752
1066 1791337489400029 62706
1067 1791337489423378 68298
1068 1791337489440819 65875
1069 1791337489469822 74785
1070 1791337489491516 74521
1071 1791337489513011 76897
1072 1791337489537650 83489
1073 1791337489558565 84634
1074 1791337489585727 91586
1075 1791337489611601 94589
1076 1791337489641404 105295
1077 1791337489656606 100755
1078 1791337489676921 101480
1079 1791337489694224 100177
1080 1791337489717287 103180
1081 1791337489731745 96758
1082 1791337489755198 98588
1083 1791337489779786 103305
1084 1791337489792571 98342
1085 1791337489816366 100381
1086 1791337489837866 101783
1087 1791337489857770 102767
1088 1791337489869929 94727
1089 1791337489905952 109846
1090 1791337489917051 100871
1091 1791337489938363 103285
1092 1791337489953840 98472
1093 1791337489977730 103236
1094 1791337489990389 94901
1095 1791337490012782 95723
1096 1791337490032046 93679
1097 1791337490046374 92526
1098 1791337490066427 88684
1099 1791337490078783 82308
1100 1791337490097668 83388
1101 1791337490118567 83214
1102 1791337490136681 79675
1103 1791337490151127 76740
1104 1791337490168727 72758
1105 1791337490190258 75152
1106 1791337490208218 71515
1107 1791337490225558 70116
1108 1791337490245668 71259
1109 1791337490260897 65656
1110 1791337490278606 64256
1111 1791337490288770 54483
1112 1791337490299662 38756
1113 1791337490310402 31785
1114 1791337490323391 29180
1115 1791337490346376 28271
1116 1791337490357824 23598
1117 1791337490386878 29050
1118 1791337490399094 23083
1119 1791337490425758 31732
1120 1791337490448522 33107
1121 1791337490467336 30095
1122 1791337490480556 25003
1123 1791337490503604 26580
1124 1791337490520028 26061
1125 1791337490551605 32269
1126 1791337490569001 33122
1127 1791337490579550 24667
1128 1791337490609829 35627
1129 1791337490630699 33901
1130 1791337490648764 31259
1131 1791337490665676 27744
1132 1791337490690525 35089
1133 1791337490708427 31679
1134 1791337490731483 33016
1135 1791337490747204 31554
1136 1791337490774416 39056
1137 1791337490788093 27228
1138 1791337490800245 25817
1139 1791337490826461 31130
1140 1791337490848652 34009
1141 1791337490872532 35252
1142 1791337490889444 31315
1143 1791337490900855 26024
1144 1791337490928208 32357
1145 1791337490952414 30302
1146 1791337490963533 27413
1147 1791337490998244 36160
1148 1791337491011426 34407
1149 1791337491028123 29870
1150 1791337491051109 32649
1151 1791337491065028 29473
1152 1791337491085715 29303
1153 1791337491106896 30765
1154 1791337491127046 31902
1155 1791337491152659 38158
1156 1791337491164266 27465
1157 1791337491186857 29712
1158 1791337491211514 36572
1159 1791337491224714 29792
1160 1791337491240116 24037
1161 1791337491261140 25013
1162 1791337491284816 23670
1163 1791337491301982 27848
1164 1791337491317603 23022
1165 1791337491338616 23011
1166 1791337491362170 26617
1167 1791337491378671 21639
1168 1791337491396649 21213
1169 1791337491419599 23156
1170 1791337491446633 30278
1171 1791337491459890 23542
1172 1791337491480433 24729
1173 1791337491497025 22441
1174 1791337491519770 22833
1175 1791337491540595 24189
1176 1791337491562738 26557
1177 1791337491578647 22374
1178 1791337491595367 21041
1179 1791337491619314 23943
1180 1791337491638924 22613
1181 1791337491665927 29932
1182 1791337491677412 22718
1183 1791337491697412 22318
1184 1791337491719827 22411
1185 1791337491745518 29399
1186 1791337491769077 32140
1187 1791337491779496 24721
1188 1791337491806625 29972
1189 1791337491820145 26470
1190 1791337491838847 22170
1191 1791337491860607 24843
1192 1791337491881011 24646
1193 1791337491903461 26264
1194 1791337491918854 20838
1195 1791337491939004 24686
1196 1791337491957772 21767
1197 1791337491983891 27287
1198 1791337492003133 24885
1199 1791337492019686 22969
1200 1791337492040483 25268
1201 1791337492061496 24992
1202 1791337492087079 29641
1203 1791337492100306 25417
1204 1791337492118101 22418
1205 1791337492137772 22647
1206 1791337492163277 28018
1207 1791337492180471 24356
1208 1791337492203133 26960
1209 1791337492225107 27777
1210 1791337492242441 26295
1211 1791337492257961 20912
1212 1791337492277908 21738
1213 1791337492298202 23080
1214 1791337492326593 28468
1215 1791337492338352 22756
1216 1791337492361602 23246
1217 1791337492378068 22461
1218 1791337492396742 22482
1219 1791337492418748 22000
1220 1791337492437361 23389
1221 1791337492461603 27103
1222 1791337492478629 22446
1223 1791337492497314 21024
1224 1791337492516116 22350
1225 1791337492541936 26777
1226 1791337492562125 24267
1227 1791337492578844 21619
1228 1791337492596575 21225
1229 1791337492617601 21498
1230 1791337492637721 21451
1231 1791337492657363 23300
1232 1791337492684472 27104
1233 1791337492705721 30384
1234 1791337492717919 21666
1235 1791337492741235 23311
1236 1791337492757941 21381
1237 1791337492777249 22749
1238 1791337492798815 21561
1239 1791337492823878 27228
1240 1791337492842096 24712
1241 1791337492858546 21776
1242 1791337492881878 24433
1243 1791337492897837 20702
1244 1791337492920831 23467
1245 1791337492939917 23634
1246 1791337492958082 21549
1247 1791337492979100 23675
1248 1791337493001844 26896
1249 1791337493020740 24611
1250 1791337493037719 22251
1251 1791337493057638 23223
1252 1791337493087778 30136
1253 1791337493103743 27222
1254 1791337493118808 22157
1255 1791337493138504 22934
1256 1791337493158841 23773
1257 1791337493180083 26450
1258 1791337493201930 24837
1259 1791337493217989 21778
1260 1791337493238985 20988
1261 1791337493258591 23427
1262 1791337493277395 21174
1263 1791337493297755 22278
1264 1791337493345433 47670
1265 1791337493363771 42104
1266 1791337493378156 32863
1267 1791337493382297 27889
1268 1791337493399017 20857
1269 1791337493424438 25717
1270 1791337493439883 24515
1271 1791337493457338 21158
1272 1791337493478699 23421
1273 1791337493506955 30745
1274 1791337493523209 26859
1275 1791337493545324 29166
1276 1791337493567366 31956
1277 1791337493578125 22338
1278 1791337493600918 25697
1279 1791337493618439 22746
1280 1791337493636597 22374
1281 1791337493658514 22034
1282 1791337493679756 23050
1283 1791337493704705 28081
1284 1791337493721729 24115
1285 1791337493738869 24978
1286 1791337493758050 22441
1287 1791337493776482 22289
1288 1791337493798453 21954
1289 1791337493821616 23357
1290 1791337493838724 24713
1291 1791337493858742 24369
1292 1791337493879584 23830
1293 1791337493903267 26774
1294 1791337493919292 21573
1295 1791337493938937 22345
1296 1791337493964427 27692
1297 1791337493979276 21966
1298 1791337493998389 22302
1299 1791337494018962 23714
1300 1791337494038623 24461
1301 1791337494056974 21141
1302 1791337494084970 29185
1303 1791337494105977 30439
1304 1791337494120894 23292
1305 1791337494136431 22083
1306 1791337494159627 23190
1307 1791337494178545 22170
1308 1791337494197517 22952
1309 1791337494218527 23051
1310 1791337494237362 23194
1311 1791337494258202 24371
1312 1791337494282894 26629
1313 1791337494300155 22401
1314 1791337494326719 29274
1315 1791337494342673 28353
1316 1791337494364707 28277
1317 1791337494380888 23623
1318 1791337494397688 21256
1319 1791337494426316 28625
1320 1791337494443361 27739
1321 1791337494472002 33595
1322 1791337494490731 32729
1323 1791337494498108 22980
1324 1791337494522007 27892
1325 1791337494544386 29965
1326 1791337494573149 35930
1327 1791337494587777 32528
1328 1791337494603732 27850
1329 1791337494627929 29652
1330 1791337494654756 40421
1331 1791337494669834 35436
1332 1791337494686338 31577
1333 1791337494704951 27541
1334 1791337494726643 30412
1335 1791337494756403 39419
1336 1791337494769630 31725
1337 1791337494787647 31241
1338 1791337494819100 40866
1339 1791337494838085 40179
1340 1791337494851426 32322
1341 1791337494872929 38208
1342 1791337494886889 32237
1343 1791337494916288 38686
1344 1791337494923628 25712
1345 1791337494945781 29490
1346 1791337494972814 36305
1347 1791337494993766 35803
1348 1791337495013251 33834
1349 1791337495032657 38886
1350 1791337495049567 30379
1351 1791337495081787 44197
1352 1791337495088836 32489
1353 1791337495109192 34029
1354 1791337495121240 27100
1355 1791337495152187 34721
1356 1791337495168485 32951
1357 1791337495180677 25853
1358 1791337495207549 31343
1359 1791337495228582 33092
1360 1791337495259037 41041
1361 1791337495287127 51642
1362 1791337495310259 51598
1363 1791337495321801 43727
1364 1791337495336298 39192
1365 1791337495369673 47868
1366 1791337495386356 50327
1367 1791337495397681 39733
1368 1791337495419222 43537
1369 1791337495437323 39639
1370 1791337495461836 46559
1371 1791337495476167 38828
1372 1791337495503097 45125
1373 1791337495528220 52595
1374 1791337495538030 39670
1375 1791337495551361 35625
1376 1791337495583151 45703
1377 1791337495608788 51308
1378 1791337495637317 54160
1379 1791337495646301 49957
1380 1791337495670108 53570
1381 1791337495686661 49338
1382 1791337495699978 42656
1383 1791337495734454 56415
1384 1791337495751295 55299
1385 1791337495760192 43164
1386 1791337495787032 52574
1387 1791337495802348 43221
1388 1791337495827554 49243
1389 1791337495848065 53376
1390 1791337495874352 55587
1391 1791337495891471 55309
1392 1791337495910577 49317
1393 1791337495922029 47665
1394 1791337495963473 58748
1395 1791337495982461 60426
1396 1791337495987398 49192
1397 1791337496026718 63240
1398 1791337496043300 60832
1399 1791337496058310 60757
1400 1791337496074231 53507
1401 1791337496084662 41336
1402 1791337496108126 49811
1403 1791337496138165 63926
1404 1791337496147009 51571
1405 1791337496168888 53391
1406 1791337496191605 53437
1407 1791337496208347 52366
1408 1791337496231972 57448
1409 1791337496266485 70009
1410 1791337496269958 53651
1411 1791337496298131 60445
1412 1791337496308629 53679
1413 1791337496340496 63886
1414 1791337496352584 55648
1415 1791337496371614 56474
1416 1791337496397100 56597
1417 1791337496417293 57992
1418 1791337496450635 71426
1419 1791337496460226 63121
1420 1791337496478963 64619
1421 1791337496500154 64213
1422 1791337496528120 67889
1423 1791337496536506 57538
1424 1791337496554907 57620
1425 1791337496583295 67569
1426 1791337496600809 65397
1427 1791337496620332 65810
1428 1791337496630716 56312
1429 1791337496671945 71129
1430 1791337496678132 60354
1431 1791337496697940 61411
1432 1791337496716238 57655
1433 1791337496741684 64509
1434 1791337496768593 71847
1435 1791337496778390 62145
1436 1791337496797905 61495
1437 1791337496818800 61625
1438 1791337496847710 71773
1439 1791337496869013 74901
1440 1791337496888297 72795
1441 1791337496899990 65067
1442 1791337496921916 67564
1443 1791337496931291 55449
1444 1791337496960929 65980
1445 1791337496996280 76714
1446 1791337497000929 61624
1447 1791337497021480 67575
1448 1791337497039367 63627
1449 1791337497068829 72544
1450 1791337497081612 66571
1451 1791337497105161 70802
1452 1791337497122845 67935
1453 1791337497159101 81311
1454 1791337497166413 72684
1455 1791337497198427 82006
1456 1791337497209105 72376
1457 1791337497227210 68107
1458 1791337497255894 81100
1459 1791337497266554 69384
1460 1791337497299112 79156
1461 1791337497310116 73439
1462 1791337497335906 80007
1463 1791337497354735 75787
1464 1791337497380743 81627
1465 1791337497391427 76482
1466 1791337497414822 79149
1467 1791337497435953 81214
1468 1791337497459358 82648
1469 1791337497490436 91165
1470 1791337497501106 86272
1471 1791337497520046 84089
1472 1791337497545753 86391
1473 1791337497585825 105043
1474 1791337497589058 89432
1475 1791337497596098 78348
1476 1791337497621075 84217
1477 1791337497639476 83386
1478 1791337497639484 53651
1479 1791337497665286 70390
1480 1791337497695964 80553
1481 1791337497695982 60525
1482 1791337497725641 60348
1483 1791337497725654 50304
1484 1791337497725666 29898
1485 1791337497745680 27351
1486 1791337497778525 38935
1487 1791337497796450 36869
1488 1791337497800795 24022
1489 1791337497822889 26434
1490 1791337497856961 34066
1491 1791337497877931 40103
1492 1791337497894832 37866
1493 1791337497909735 33352
1494 1791337497924701 29863
1495 1791337497949327 31519
1496 1791337497962176 25794
1497 1791337497990293 32832
1498 1791337498014082 37676
1499 1791337498032545 34986
1500 1791337498052717 38631
1501 1791337498066645 32583
1502 1791337498097351 42839
1503 1791337498109173 32928
1504 1791337498126744 30768
1505 1791337498163284 41668
1506 1791337498173139 34092
1507 1791337498180785 23777
1508 1791337498208087 31953
1509 1791337498225774 28808
1510 1791337498254616 36862
1511 1791337498271778 35152
1512 1791337498282053 27433
1513 1791337498300163 22768
1514 1791337498327141 30144
1515 1791337498348474 32911
1516 1791337498375876 38724
1517 1791337498391103 34494
1518 1791337498398484 22605
1519 1791337498428182 32915
1520 1791337498449461 32525
1521 1791337498459764 23322
1522 1791337498479057 23928
1523 1791337498506134 31935
1524 1791337498527488 30896
1525 1791337498562696 46260
1526 1791337498577912 42352
1527 1791337498587343 30444
1528 1791337498609520 33499
1529 1791337498634541 34346
1530 1791337498652237 34736
1531 1791337498667896 33351
1532 1791337498694275 36715
1533 1791337498708916 34292
1534 1791337498728232 33954
1535 1791337498756480 39138
1536 1791337498779014 36730
1537 1791337498787322 31021
1538 1791337498800476 25209
1539 1791337498827583 33044
1540 1791337498854718 39359
1541 1791337498871122 37038
1542 1791337498886015 31335
1543 1791337498914817 38763
1544 1791337498929616 32813
1545 1791337498946910 32090
1546 1791337498968945 33425
1547 1791337498998467 38786
1548 1791337499018082 41474
1549 1791337499036746 41113
1550 1791337499046508 29041
1551 1791337499065417 31023
1552 1791337499084205 29197
1553 1791337499109409 31779
1554 1791337499132554 37277
1555 1791337499157854 42647
1556 1791337499177917 41006
1557 1791337499198125 40269
1558 1791337499207857 30519
1559 1791337499231733 36583
1560 1791337499259122 43417
1561 1791337499287416 52953
1562 1791337499298041 43331
1563 1791337499321613 46885
1564 1791337499346631 49133
1565 1791337499364050 42718
1566 1791337499377068 42743
1567 1791337499407411 51180
1568 1791337499418678 42585
1569 1791337499441622 42717
1570 1791337499456179 41710
1571 1791337499485359 51209
1572 1791337499499507 43823
1573 1791337499515040 39581
1574 1791337499538167 43633
1575 1791337499558404 43865
1576 1791337499574649 36952
1577 1791337499597509 42082
1578 1791337499619097 44819
1579 1791337499650844 55760
1580 1791337499660765 44556
1581 1791337499681647 47226
1582 1791337499706830 51116
1583 1791337499717717 41118
1584 1791337499743861 47658
1585 1791337499767634 51270
1586 1791337499787385 50052
1587 1791337499807826 50570
1588 1791337499829821 54155
1589 1791337499850226 51100
1590 1791337499867984 52572
1591 1791337499888159 51133
1592 1791337499905991 48987
1593 1791337499926704 51073
1594 1791337499950747 55220
1595 1791337499971006 53381
1596 1791337499997821 63183
1597 1791337500006215 51486
1598 1791337500026143 50422
1599 1791337500046845 49022
1600 1791337500058566 42809
1601 1791337500079587 42043
1602 1791337500102525 45967
1603 1791337500119095 43099
1604 1791337500147214 49492
1605 1791337500158590 42572
1606 1791337500190977 55347
1607 1791337500202473 48113
1608 1791337500221552 46259
1609 1791337500236952 41562
1610 1791337500274986 60083
1611 1791337500287270 52325
1612 1791337500311696 55713
1613 1791337500324352 49362
1614 1791337500347703 52145
1615 1791337500360495 45402
1616 1791337500388906 52490
1617 1791337500408139 53807
1618 1791337500428017 50935
1619 1791337500439443 44288
1620 1791337500469656 55149
1621 1791337500496156 61638
1622 1791337500501134 45025
1623 1791337500524979 50499
1624 1791337500546690 50811
1625 1791337500567508 51338
1626 1791337500586755 50419
1627 1791337500609343 54845
1628 1791337500628093 49748
1629 1791337500644484 45970
1630 1791337500667514 48780
1631 1791337500689103 50720
1632 1791337500709698 53612
1633 1791337500717283 41609
1634 1791337500736302 41020
1635 1791337500765717 50181
1636 1791337500790446 55037
1637 1791337500806679 51758
1638 1791337500834512 57239
1639 1791337500849403 55787
1640 1791337500870246 52971
1641 1791337500891822 57307
1642 1791337500920363 62330
1643 1791337500931021 53812
1644 1791337500954147 55666
1645 1791337500971544 55035
1646 1791337500997194 56654
1647 1791337501017405 63254
1648 1791337501037368 59475
1649 1791337501045936 49832
1650 1791337501073995 57454
1651 1791337501096079 60717
1652 1791337501114968 58650
1653 1791337501130036 56038
1654 1791337501155718 59635
1655 1791337501178225 63253
1656 1791337501195807 61285
1657 1791337501206749 51407
1658 1791337501234933 59641
1659 1791337501245541 49730
1660 1791337501270238 54824
1661 1791337501294359 59423
1662 1791337501317951 63567
1663 1791337501336666 60978
1664 1791337501356571 62259
1665 1791337501375016 57877
1666 1791337501395696 59968
1667 1791337501419738 64844
1668 1791337501438731 63711
1669 1791337501462347 67612
1670 1791337501476245 58254
1671 1791337501493761 55969
1672 1791337501522821 64996
1673 1791337501530217 54737
1674 1791337501559257 65493
1675 1791337501576956 60651
1676 1791337501597687 59492
1677 1791337501618771 60375
1678 1791337501645921 71037
1679 1791337501657887 61886
1680 1791337501687591 68816
1681 1791337501702345 65493
1682 1791337501716396 59652
1683 1791337501742154 64106
1684 1791337501752501 56046
1685 1791337501786999 72085
1686 1791337501807420 73377
1687 1791337501829935 76259
1688 1791337501852589 78092
1689 1791337501871756 75679
1690 1791337501891170 72475
1691 1791337501899858 64177
1692 1791337501926317 69805
1693 1791337501937689 63057
1694 1791337501967816 69844
1695 1791337501977991 62798
1696 1791337502007529 70775
1697 1791337502026875 70548
1698 1791337502048968 73789
1699 1791337502072643 76489
1700 1791337502089235 73518
1701 1791337502108684 74159
1702 1791337502137204 82047
1703 1791337502149651 75472
1704 1791337502168542 72471
1705 1791337502192475 75350
1706 1791337502197856 60649
1707 1791337502227114 69542
1708 1791337502237187 61069
1709 1791337502260299 63532
1710 1791337502278527 62845
1711 1791337502287477 50978
1712 1791337502298746 44342
1713 1791337502320101 45483
1714 1791337502334779 39052
1715 1791337502349670 35396
1716 1791337502376784 42002
1717 1791337502387951 33599
1718 1791337502410120 33333
1719 1791337502431462 37042
1720 1791337502449375 34841
1721 1791337502468949 33495
1722 1791337502483093 26555
1723 1791337502504561 28128
1724 1791337502535460 40728
1725 1791337502550203 32858
1726 1791337502558990 23669
1727 1791337502586543 29598
1728 1791337502606609 30339
1729 1791337502629565 34056
1730 1791337502651602 33217
1731 1791337502667521 31104
1732 1791337502685985 31573
1733 1791337502708552 30923
1734 1791337502725505 29857
1735 1791337502748268 33516
1736 1791337502764463 28217
1737 1791337502792691 35016
1738 1791337502808611 32734
1739 1791337502821770 27005
1740 1791337502846405 30435
1741 1791337502876713 38960
1742 1791337502892631 35740
1743 1791337502909272 34740
1744 1791337502920128 26004
1745 1791337502944028 28328
1746 1791337502974695 36395
1747 1791337502986763 31132
1748 1791337503007231 32747
1749 1791337503028130 30721
1750 1791337503061898 42816
1751 1791337503066713 31079
1752 1791337503081292 25426
1753 1791337503100703 25031
1754 1791337503118713 24214
1755 1791337503149981 34211
1756 1791337503177764 39780
1757 1791337503179373 24587
1758 1791337503206579 31755
1759 1791337503229463 33431
1760 1791337503241771 27062
1761 1791337503266686 29848
1762 1791337503309990 53780
1763 1791337503325596 48026
1764 1791337503337225 35040
1765 1791337503346953 28221
1766 1791337503363332 26704
1767 1791337503381575 25030
1768 1791337503411982 36556
1769 1791337503427621 33180
1770 1791337503442477 28353
1771 1791337503473415 34668
1772 1791337503493444 38397
1773 1791337503506750 33330
1774 1791337503524418 30970
1775 1791337503547493 32484
1776 1791337503572597 36022
1777 1791337503590186 35894
1778 1791337503606876 32679
1779 1791337503629252 32711
1780 1791337503659268 44883
1781 1791337503681058 45715
1782 1791337503688860 34005
1783 1791337503712475 31414
1784 1791337503725450 30992
1785 1791337503747640 34030
1786 1791337503764881 25696
1787 1791337503790485 32863
1788 1791337503806404 31009
1789 1791337503824753 28230
1790 1791337503847822 33022
1791 1791337503867825 33054
1792 1791337503879722 21723
1793 1791337503912790 38451
1794 1791337503925199 28782
1795 1791337503941665 27328
1796 1791337503968897 31251
1797 1791337503987287 31690
1798 1791337504006655 29976
1799 1791337504025439 29870
1800 1791337504057935 42299
1801 1791337504058848 22207
1802 1791337504081662 26759
1803 1791337504098334 22358
1804 1791337504121924 26219
1805 1791337504145439 29065
1806 1791337504168880 33145
1807 1791337504196205 39545
1808 1791337504212733 38078
1809 1791337504231253 35666
1810 1791337504255685 38305
1811 1791337504282484 44665
1812 1791337504285434 30334
1813 1791337504312791 37113
1814 1791337504345102 49348
1815 1791337504357999 43979
1816 1791337504375414 37990
1817 1791337504395538 37536
1818 1791337504406974 31557
1819 1791337504434194 39515
1820 1791337504449304 33766
1821 1791337504468426 34228
1822 1791337504496329 35005
1823 1791337504522014 46441
1824 1791337504536836 40504
1825 1791337504553490 37276
1826 1791337504576928 42590
1827 1791337504589986 36493
1828 1791337504616654 40026
1829 1791337504626933 31736
1830 1791337504647709 31054
1831 1791337504699972 61018
1832 1791337504702075 38302
1833 1791337504711107 34708
1834 1791337504744709 44731
1835 1791337504770569 50752
1836 1791337504786992 42277
1837 1791337504787004 30655
1838 1791337504829963 54637
1839 1791337504830317 35599
1840 1791337504875754 45788
1841 1791337504888972 44050
1842 1791337504898449 42191
1843 1791337504922536 46773
1844 1791337504931654 33191
1845 1791337504961001 46420
1846 1791337504990791 43439
1847 1791337505013457 56987
1848 1791337505013491 33266
1849 1791337505039547 42053
1850 1791337505082862 69399
1851 1791337505091449 56244
1852 1791337505099034 44684
1853 1791337505123648 40774
1854 1791337505149261 51395
1855 1791337505179050 58523
1856 1791337505191304 49726
1857 1791337505215451 58021
1858 1791337505254652 80910
1860 1791337505382275 166820
1861 1791337505423818 184052
1862 1791337505442772 188117
1863 1791337505442796 134393
1864 1791337505442803 134374
1865 1791337505443463 122949
1866 1791337505443475 61196
1867 1791337505443481 61097
1868 1791337505443487 61057
1869 1791337505460679 48135
1870 1791337505467247 48968
1871 1791337505523404 80629
1872 1791337505556288 95604
1873 1791337505573715 54345
1874 1791337505574788 55411
1875 1791337505574799 55418
1876 1791337505592559 36265
1877 1791337505592574 36261
1878 1791337505609402 35674
1879 1791337505641395 44059
1880 1791337505659495 43428
1881 1791337505679502 38101
1882 1791337505704770 45246
1883 1791337505708138 31672
1884 1791337505728926 33483
1885 1791337505748661 32448
1886 1791337505771150 36675
1887 1791337505791123 33935
1888 1791337505818629 40855
1889 1791337505829511 34819
1890 1791337505844605 25969
1891 1791337505870003 29355
1892 1791337505886601 31695
1893 1791337505906927 29126
1894 1791337505930546 32880
1895 1791337505950287 31248
1896 1791337505982435 45812
1897 1791337505994109 37443
1898 1791337506010697 28255
1899 1791337506037647 43532
1900 1791337506060328 38769
1901 1791337506067159 29504
1902 1791337506092348 34831
1903 1791337506109503 32522
1904 1791337506128288 33468
1905 1791337506147650 31390
1906 1791337506173890 35931
1907 1791337506188386 31892
1908 1791337506220613 46716
1909 1791337506237209 43573
1910 1791337506269428 48809
1911 1791337506280821 46114
1912 1791337506296904 42059
1913 1791337506310881 35938
1914 1791337506329271 32362
1915 1791337506385826 68132
1916 1791337506390025 49541
1917 1791337506406396 52611
1918 1791337506418503 39392
1919 1791337506448343 47965
1920 1791337506478441 59933
1921 1791337506482967 40386
1922 1791337506501678 46369
1923 1791337506528839 50392
1924 1791337506542283 47042
1925 1791337506559412 43922
1926 1791337506582635 48023
1927 1791337506598595 43200
1928 1791337506616392 41042
1929 1791337506654542 56753
1930 1791337506666672 51175
1931 1791337506687544 52090
1932 1791337506692493 38746
1933 1791337506729376 51695
1934 1791337506744012 45673
1935 1791337506770697 49793
1936 1791337506777064 40193
1937 1791337506802203 44499
1938 1791337506825174 49419
1939 1791337506850662 52783
1940 1791337506863212 48660
1941 1791337506879058 41636
1942 1791337506906085 48275
1943 1791337506926724 51547
1944 1791337506950568 55849
1945 1791337506962147 46919
1946 1791337507003868 69359
1947 1791337507015207 58207
1948 1791337507047658 72508
1949 1791337507047692 43813
1950 1791337507063182 47969
1951 1791337507097910 50247
1952 1791337507103237 47627
1953 1791337507132804 53593
1954 1791337507148242 50327
1955 1791337507160503 45654
1956 1791337507192249 56597
1957 1791337507203369 44362
1958 1791337507250231 74852
1959 1791337507269239 71542
1960 1791337507287277 70570
1961 1791337507299461 49222
1962 1791337507327452 66404
1963 1791337507351846 64563
1964 1791337507351866 53639
1965 1791337507385218 68319
1966 1791337507385231 50115
1967 1791337507399534 44264
1968 1791337507449526 64335
1969 1791337507465239 65700
1970 1791337507479774 60371
1971 1791337507500202 62292
1972 1791337507528244 70390
1973 1791337507540212 65094
1974 1791337507567216 67005
1975 1791337507587121 70181
1976 1791337507612825 72607
1977 1791337507618381 63735
1978 1791337507656613 69480
1979 1791337507656634 59089
1980 1791337507681668 63281
1981 1791337507708831 74765
1982 1791337507723851 67234
1983 1791337507735599 60022
1984 1791337507770668 71126
1985 1791337507794927 77525
1986 1791337507806246 71314
1987 1791337507824936 66960
1988 1791337507851941 76776
1989 1791337507866116 71186
1990 1791337507880600 64114
1991 1791337507904514 68807
1992 1791337507917904 60462
1993 1791337507939542 63690
1994 1791337507958921 62915
1995 1791337507987462 72780
1996 1791337508011514 77238
1997 1791337508033319 75609
1998 1791337508048727 74383
1999 1791337508076841 79062
2000 1791337508097804 82060
2001 1791337508115689 81253
2002 1791337508117496 60710
2003 1791337508146649 70838
2004 1791337508165911 69254
2005 1791337508182945 67252
2006 1791337508199793 62352
2007 1791337508229887 72740
2008 1791337508247939 72108
2009 1791337508266356 70396
2010 1791337508297845 82093
2011 1791337508306614 69818
2012 1791337508332580 75330
2013 1791337508348295 71320
2014 1791337508369198 72511
2015 1791337508385035 70266
2016 1791337508408618 73593
2017 1791337508429647 72245
2018 1791337508441536 65490
2019 1791337508461318 65386
2020 1791337508490119 73182
2021 1791337508499593 62731
2022 1791337508523912 69653
2023 1791337508546740 69434
2024 1791337508564526 66013
2025 1791337508586620 68281
2026 1791337508597281 61034
2027 1791337508608793 53555
2028 1791337508628081 53285
2029 1791337508650165 52880
2030 1791337508665344 49073
2031 1791337508687044 49180
2032 1791337508709661 55187
2033 1791337508710159 35559
2034 1791337508729260 34483
2035 1791337508754662 35890
2036 1791337508769101 32499
2037 1791337508784523 29857
2038 1791337508816523 39088
2039 1791337508842806 45478
2040 1791337508845389 29100
2041 1791337508873708 36297
2042 1791337508891902 35512
2043 1791337508906043 32373
2044 1791337508929432 31797
2045 1791337508951651 34821
2046 1791337508980239 45542
2047 1791337508991201 36929
2048 1791337509009562 32647
2049 1791337509028353 32404
2050 1791337509048219 33186
2051 1791337509064612 28703
2052 1791337509103739 45810
2053 1791337509108782 33218
2054 1791337509129278 32289
2055 1791337509155900 37435
2056 1791337509156518 21047
2057 1791337509186745 30842
2058 1791337509209568 33826
2059 1791337509233031 36893
2060 1791337509256796 40251
2061 1791337509275538 39107
2062 1791337509288674 33331
2063 1791337509300914 25370
2064 1791337509327884 31337
2065 1791337509347387 30166
2066 1791337509370640 34002
2067 1791337509391205 36729
2068 1791337509408844 34768
2069 1791337509437105 41020
2070 1791337509450959 30623
2071 1791337509470182 33070
2072 1791337509507853 48994
2073 1791337509515544 36228
2074 1791337509529279 33320
2075 1791337509551452 35904
2076 1791337509577939 40120
2077 1791337509590151 35888
2078 1791337509610363 32420
2079 1791337509633228 37366
2080 1791337509653970 36934
2081 1791337509670303 34802
2082 1791337509689808 35833
2083 1791337509718120 41979
2084 1791337509728806 30656
2085 1791337509765968 49539
2086 1791337509791233 52948
2087 1791337509805282 41622
2088 1791337509832936 48038
2089 1791337509849944 44652
2090 1791337509858127 37432
2091 1791337509876285 41716
2092 1791337509904424 46293
2093 1791337509917473 41186
2094 1791337509936476 40239
2095 1791337509954970 40636
2096 1791337509967132 31919
2097 1791337509988132 33160
2098 1791337510019519 43356
2099 1791337510037546 39814
2100 1791337510053986 34458
2101 1791337510079148 41596
2102 1791337510096640 42648
2103 1791337510127587 53403
2104 1791337510145607 50016
2105 1791337510187108 59510
2106 1791337510193882 59176
2107 1791337510194703 37096
2108 1791337510222347 46207
2109 1791337510235557 41671
2110 1791337510249393 32844
2111 1791337510269216 33906
2112 1791337510295196 37269
2113 1791337510316370 36728
2114 1791337510335189 40531
2115 1791337510347945 32254
2116 1791337510390524 55331
2117 1791337510401539 44427
2118 1791337510420296 45865
2119 1791337510432401 34837
2120 1791337510458094 37791
2121 1791337510475206 37205
2122 1791337510497759 39888
2123 1791337510516794 41882
2124 1791337510538723 42079
2125 1791337510559007 43516
2126 1791337510575603 38621
2127 1791337510600699 43840
2128 1791337510626231 50625
2129 1791337510636535 40838
2130 1791337510660420 46055
2131 1791337510673983 39098
2132 1791337510701136 45239
2133 1791337510729477 55492
2134 1791337510744940 47455
2135 1791337510774266 58967
2136 1791337510784573 46776
2137 1791337510807782 51592
2138 1791337510820935 46666
2139 1791337510840609 46547
2140 1791337510867695 52870
2141 1791337510879360 44793
2142 1791337510899182 42498
2143 1791337510921198 45425
2144 1791337510940580 42759
2145 1791337510949800 33526
2146 1791337510977344 40920
2147 1791337511000689 44225
2148 1791337511020431 44696
2149 1791337511040805 42766
2150 1791337511064908 48241
2151 1791337511086962 50286
2152 1791337511110690 53874
2153 1791337511125717 50475
2154 1791337511146005 48317
2155 1791337511167702 50180
2156 1791337511186167 49865
2157 1791337511203027 46676
2158 1791337511226807 49949
2159 1791337511263534 66339
2160 1791337511271029 51364
2161 1791337511281253 45523
2162 1791337511298813 42378
2163 1791337511321996 45495
2164 1791337511341939 45373
2165 1791337511358240 41851
2166 1791337511395453 60734
2167 1791337511412703 55832
2168 1791337511427849 50759
2169 1791337511449344 54231
2170 1791337511467837 53274
2171 1791337511487738 49630
2172 1791337511527860 69639
2173 1791337511545605 68508
2174 1791337511551454 56599
2175 1791337511575701 60941
2176 1791337511589966 55369
2177 1791337511616118 61593
2178 1791337511636578 60828
2179 1791337511664495 65627
2180 1791337511679438 63317
2181 1791337511695745 60428
2182 1791337511716741 59804
2183 1791337511729297 53630
2184 1791337511748322 52948
2185 1791337511767627 53534
2186 1791337511797662 62132
2187 1791337511824627 69183
2188 1791337511833370 57690
2189 1791337511857058 60197
2190 1791337511879659 59411
2191 1791337511899480 61002
2192 1791337511918029 63461
2193 1791337511935256 59921
2194 1791337511949742 55064
2195 1791337511969306 52321
2196 1791337511998115 62853
2197 1791337512013687 56311
2198 1791337512027558 49287
2199 1791337512051369 53248
2200 1791337512059049 45357
2201 1791337512089339 54663
2202 1791337512108342 53145
2203 1791337512126473 48828
2204 1791337512148789 51062
2205 1791337512170575 54872
2206 1791337512187259 50439
2207 1791337512222969 66030
2208 1791337512236782 61965
2209 1791337512260704 62552
2210 1791337512270877 54049
2211 1791337512291567 54780
2212 1791337512316093 56642
2213 1791337512328165 53610
2214 1791337512349470 54453
2215 1791337512370434 55240
2216 1791337512398120 62283
2217 1791337512412487 56155
2218 1791337512439000 62163
2219 1791337512452231 55370
2220 1791337512480507 64799
2221 1791337512506918 67913
2222 1791337512524734 67913
2223 1791337512548152 73678
2224 1791337512567476 69429
2225 1791337512589468 71179
2226 1791337512597999 63152
2227 1791337512616935 62159
2228 1791337512632647 56019
2229 1791337512657364 60187
2230 1791337512675293 59685
2231 1791337512698966 61551
2232 1791337512719431 62414
2233 1791337512746113 70815
2234 1791337512766858 71146
2235 1791337512781375 65086
2236 1791337512801942 67625
2237 1791337512815657 60621
2238 1791337512837917 61717
2239 1791337512873721 75573
2240 1791337512886043 70381
2241 1791337512902956 65034
2242 1791337512928091 73844
2243 1791337512940379 66653
2244 1791337512960820 63708
2245 1791337512992086 74778
2246 1791337513008351 72426
2247 1791337513030389 71321
2248 1791337513050538 74686
2249 1791337513066320 69920
2250 1791337513090064 72896
2251 1791337513113235 76216
2252 1791337513119092 62568
2253 1791337513145581 68726
2254 1791337513168288 72528
2255 1791337513184349 68182
2256 1791337513228921 91322
2257 1791337513239069 82010
2258 1791337513260299 84474
2259 1791337513270656 76079
2260 1791337513308923 79988
2261 1791337513308936 71717
2262 1791337513338550 78245
2263 1791337513355979 75909
2264 1791337513372889 76970
2265 1791337513395720 75182
2266 1791337513399971 62933
2267 1791337513419082 63100
2268 1791337513437051 59321
2269 1791337513461297 65573
2270 1791337513478182 62545
2271 1791337513491991 57144
2272 1791337513521120 64351
2273 1791337513530378 52190
2274 1791337513547501 52308
2275 1791337513567428 49405
2276 1791337513585178 49983
2277 1791337513596902 42757
2278 1791337513611091 36234
2279 1791337513628819 34097
2280 1791337513640546 23925
2281 1791337513660981 26671
2282 1791337513687497 30720
2283 1791337513714040 34407
2284 1791337513724883 30150
2285 1791337513744739 30695
2286 1791337513782971 46450
2287 1791337513789786 34143
2288 1791337513824304 41304
2289 1791337513826305 30149
2290 1791337513849147 32621
2291 1791337513870481 35149
2292 1791337513887282 30377
2293 1791337513897856 21841
2294 1791337513932964 37706
2295 1791337513940335 25897
2296 1791337513972388 37817
2297 1791337513988633 33290
2298 1791337514017250 41107
2299 1791337514022791 25825
2300 1791337514048053 30800
2301 1791337514058782 22744
2302 1791337514090231 34589
2303 1791337514113620 35498
2304 1791337514127546 31022
2305 1791337514149564 35940
2306 1791337514172925 36428
2307 1791337514185313 28797
2308 1791337514210554 35965
2309 1791337514229032 31091
2310 1791337514249824 32699
2311 1791337514268674 32502
2312 1791337514291482 36468
2313 1791337514307381 28691
2314 1791337514329068 31660
2315 1791337514361512 41068
2316 1791337514370223 32398
2317 1791337514398304 43276
2318 1791337514406920 31669
2319 1791337514429484 32077
2320 1791337514449562 34695
2321 1791337514470664 36248
2322 1791337514491247 34348
2323 1791337514512357 35621
2324 1791337514537770 42973
2325 1791337514557399 40025
2326 1791337514566741 29370
2327 1791337514584593 27629
2328 1791337514598481 23970
2329 1791337514617814 23435
2330 1791337514640572 25997
2331 1791337514657423 21872
2332 1791337514685312 29952
2333 1791337514700623 25102
2334 1791337514718486 23938
2335 1791337514739675 24134
2336 1791337514756675 20875
2337 1791337514780127 25630
2338 1791337514802478 26183
2339 1791337514819758 22113
2340 1791337514837757 23554
2341 1791337514859342 23691
2342 1791337514887996 28649
2343 1791337514900849 25012
2344 1791337514916772 21803
2345 1791337514938791 22016
2346 1791337514962295 27613
2347 1791337514978343 22025
2348 1791337514999412 23168
2349 1791337515016907 22346
2350 1791337515036655 22022
2351 1791337515065181 28522
2352 1791337515075251 20746
2353 1791337515097899 22954
2354 1791337515118589 24032
2355 1791337515135945 21057
2356 1791337515158604 22653
2357 1791337515177844 23124
2358 1791337515198501 24110
2359 1791337515218346 24134
2360 1791337515237698 23074
2361 1791337515261499 25116
2362 1791337515287077 29800
2363 1791337515297440 23016
2364 1791337515318447 23851
2365 1791337515337371 22098
2366 1791337515363241 27868
2367 1791337515378649 22503
2368 1791337515397448 23090
2369 1791337515417391 22909
2370 1791337515438955 21557
2371 1791337515456537 23017
2372 1791337515479845 25177
2373 1791337515496959 21795
2374 1791337515525021 29034
2375 1791337515539923 22276
2376 1791337515559453 22752
2377 1791337515578660 22263
2378 1791337515601220 27135
2379 1791337515622830 25169
2380 1791337515641127 24566
2381 1791337515661421 24234
2382 1791337515678800 22322
2383 1791337515697569 23876
2384 1791337515718811 21237
2385 1791337515738149 22548
2386 1791337515758192 22601
2387 1791337515784655 26589
2388 1791337515803786 25852
2389 1791337515824546 30157
2390 1791337515840796 24235
2391 1791337515860709 27055
2392 1791337515881440 24964
2393 1791337515901038 23859
2394 1791337515920475 25865
2395 1791337515938541 21225
2396 1791337515962186 26771
2397 1791337515978766 23383
2398 1791337515999181 22847
2399 1791337516020836 23477
2400 1791337516044693 28039
2401 1791337516062064 25304
2402 1791337516079608 24578
2403 1791337516098410 22050
2404 1791337516117684 21296
2405 1791337516140556 22972
2406 1791337516160882 24348
2407 1791337516178830 23113
2408 1791337516196560 21964
2409 1791337516218305 23085
2410 1791337516236450 21940
2411 1791337516266838 30381
2412 1791337516278745 24743
2413 1791337516298971 23375
2414 1791337516326624 27752
2415 1791337516344850 28973
2416 1791337516363332 26996
2417 1791337516376933 22293
2418 1791337516397403 21610
2419 1791337516423225 28723
2420 1791337516435007 21245
2421 1791337516460705 25687
2422 1791337516486116 28613
2423 1791337516499420 24438
2424 1791337516516910 22020
2425 1791337516538871 22173
2426 1791337516563913 27023
2427 1791337516581512 23743
2428 1791337516601785 23559
2429 1791337516627982 32361
2430 1791337516639469 22611
2431 1791337516661743 25103
2432 1791337516686616 29086
2433 1791337516698194 22595
2434 1791337516716818 22894
2435 1791337516737591 22426
2436 1791337516756519 21136
2437 1791337516782844 28272
2438 1791337516800480 22397
2439 1791337516819710 22903
2440 1791337516838197 22665
2441 1791337516858230 22593
2442 1791337516887977 31149
2443 1791337516901114 24531
2444 1791337516920903 24403
2445 1791337516937604 21907
2446 1791337516958781 23983
2447 1791337516980063 21431
2448 1791337517000651 25673
2449 1791337517018613 21726
2450 1791337517039078 23815
2451 1791337517062866 26854
2452 1791337517080490 23681
2453 1791337517097851 22967
2454 1791337517118761 23321
2455 1791337517140017 23465
2456 1791337517162500 25904
2457 1791337517180537 23510
2458 1791337517202030 24723
2459 1791337517224979 27009
2460 1791337517241518 26202
2461 1791337517258903 21835
2462 1791337517280364 24258
2463 1791337517299651 24989
2464 1791337517326624 26968
2465 1791337517337243 21619
2466 1791337517357317 23011
2467 1791337517377005 22641
2468 1791337517397261 22852
2469 1791337517417397 22956
2470 1791337517438739 23461
2471 1791337517458917 24883
2472 1791337517479118 24708
2473 1791337517500717 24518
2474 1791337517518625 22395
2475 1791337517538965 24273
2476 1791337517558552 23930
2477 1791337517592694 35553
2478 1791337517599784 23432
2479 1791337517619239 22926
2480 1791337517637371 21975
2481 1791337517666227 28853
2482 1791337517680613 23904
2483 1791337517698555 22740
2484 1791337517721033 22474
2485 1791337517742821 28190
2486 1791337517766753 28580
2487 1791337517788200 33523
2488 1791337517807612 30312
2489 1791337517826456 28902
2490 1791337517856725 39231
2491 1791337517862727 27131
2492 1791337517888352 31623
2493 1791337517912060 37277
2494 1791337517939238 43501
2495 1791337517958941 35048
2496 1791337517962887 27023
2497 1791337517997153 38649
2498 1791337518010006 34534
2499 1791337518028830 32209
2500 1791337518042143 25526
2501 1791337518070442 31805
2502 1791337518098656 42285
2503 1791337518112032 36915
2504 1791337518129819 31153
2505 1791337518149576 32571
2506 1791337518175025 40674
2507 1791337518189409 32027
2508 1791337518212158 37123
2509 1791337518237688 39642
2510 1791337518276794 58725
2511 1791337518276840 39148
2512 1791337518300304 41993
2513 1791337518334560 57759
2514 1791337518335665 36010
2515 1791337518353115 35465
2516 1791337518370883 36320
2517 1791337518395778 40086
2518 1791337518429590 53992
2519 1791337518441543 46851
2520 1791337518474574 50961
2521 1791337518498191 56643
2522 1791337518498201 43880
2523 1791337518515063 40486
2524 1791337518535534 39102
2525 1791337518551663 36802
2526 1791337518568724 34078
2527 1791337518605625 51133
2528 1791337518619221 44908
2529 1791337518628609 32882
2530 1791337518648835 33534
2531 1791337518678704 41901
2532 1791337518697752 43472
2533 1791337518714736 39486
2534 1791337518737706 42493
2535 1791337518748972 34232
2536 1791337518786521 48812
2537 1791337518802284 45788
2538 1791337518821339 44462
2539 1791337518838844 42016
2540 1791337518865941 44598
2541 1791337518883858 45036
2542 1791337518894169 35927
2543 1791337518910417 35800
2544 1791337518934220 40049
2545 1791337518960048 46259
2546 1791337518981469 47288
2547 1791337519007239 47160
2548 1791337519033543 54617
2549 1791337519056500 54636
2550 1791337519072402 53239
2551 1791337519081071 47523
2552 1791337519098930 42857
2553 1791337519131918 54662
2554 1791337519149829 53014
2555 1791337519163499 43210
2556 1791337519176190 41994
2557 1791337519207163 49308
2558 1791337519226768 51863
2559 1791337519248334 53381
2560 1791337519279011 63590
2561 1791337519300585 61111
2562 1791337519316710 61442
2563 1791337519345600 67980
2564 1791337519376371 81810
2565 1791337519390062 73347
2566 1791337519407549 66391
2567 1791337519424306 66806
2568 1791337519440678 64266
2569 1791337519475049 78767
2570 1791337519494928 78414
2571 1791337519509563 73411
2572 1791337519542268 67210
2573 1791337519542285 67195
2574 1791337519571277 76343
2575 1791337519589994 74977
2576 1791337519607361 70634
2577 1791337519642901 83650
2578 1791337519657584 83131
2579 1791337519669471 74730
2580 1791337519688432 73242
2581 1791337519725353 90889
2582 1791337519739357 82191
2583 1791337519762503 88096
2584 1791337519778421 79016
2585 1791337519807713 92093
2586 1791337519835505 99791
2587 1791337519853046 92328
2588 1791337519853053 78497
2589 1791337519877375 78369
2590 1791337519894152 76129
2591 1791337519918183 82673
2592 1791337519936569 77435
2593 1791337519952572 75192
2594 1791337519971425 77268
2595 1791337520003670 86655
2596 1791337520020203 84652
2597 1791337520041435 87500
2598 1791337520070934 93110
2599 1791337520091797 96291
2600 1791337520109885 95694
2601 1791337520130972 92481
2602 1791337520157758 102126
2603 1791337520175863 99379
2604 1791337520205855 109150
2605 1791337520219008 101954
2606 1791337520237594 101855
2607 1791337520262235 105656
2608 1791337520269411 93545
2609 1791337520285512 87502
2610 1791337520312204 96006
2611 1791337520328465 91483
2612 1791337520348963 91173
2613 1791337520356457 82142
2614 1791337520367887 71352
2615 1791337520398492 82947
2616 1791337520410165 73126
2617 1791337520429214 73366
2618 1791337520445127 68571
2619 1791337520463784 66568
2620 1791337520491487 74799
2621 1791337520506895 68670
2622 1791337520527591 70576
2623 1791337520546990 71057
2624 1791337520564690 69859
2625 1791337520578732 64305
2626 1791337520601338 66618
2627 1791337520621823 63828
2628 1791337520646736 71630
2629 1791337520677262 80562
2630 1791337520690159 73425
2631 1791337520699353 62522
2632 1791337520722386 67934
2633 1791337520754540 77274
2634 1791337520768759 72912
2635 1791337520786667 69703
2636 1791337520803832 67778
2637 1791337520828509 74248
2638 1791337520847377 69518
2639 1791337520867470 72835
2640 1791337520883019 67199
2641 1791337520902458 66070
2642 1791337520936552 80486
2643 1791337520956235 79146
2644 1791337520971295 74331
2645 1791337520987590 73099
2646 1791337521005722 69438
2647 1791337521030084 75044
2648 1791337521041969 67292
2649 1791337521067420 73030
2650 1791337521086869 69902
2651 1791337521107986 71769
2652 1791337521126414 71975
2653 1791337521147886 74051
2654 1791337521167912 72204
2655 1791337521190633 73055
2656 1791337521209404 72331
2657 1791337521233710 78478
2658 1791337521251108 75390
2659 1791337521270769 73040
2660 1791337521287951 71493
2661 1791337521298697 64982
2662 1791337521322343 65527
2663 1791337521348431 73929
2664 1791337521378232 82718
2665 1791337521383405 66919
2666 1791337521424041 88020
2667 1791337521435942 79359
2668 1791337521457622 83258
2669 1791337521479299 82692
2670 1791337521490871 74312
2671 1791337521506465 70519
2672 1791337521521436 65823
2673 1791337521540611 62683
2674 1791337521557827 59655
2675 1791337521575221 58904
2676 1791337521588118 51471
2677 1791337521604581 49763
2678 1791337521620662 45752
2679 1791337521646996 46617
2680 1791337521647004 32476
2681 1791337521670815 35442
2682 1791337521694876 38731
2683 1791337521709086 34695
2684 1791337521737580 43707
2685 1791337521749572 33734
2686 1791337521768283 33873
2687 1791337521797783 41589
2688 1791337521810609 33824
2689 1791337521837010 41265
2690 1791337521857787 42136
2691 1791337521873446 36432
2692 1791337521889912 32342
2693 1791337521917228 43780
2694 1791337521929511 32044
2695 1791337521957801 41343
2696 1791337521976680 39139
2697 1791337521986625 30587
2698 1791337522014992 38309
2699 1791337522025394 30956
2700 1791337522052779 38983
2701 1791337522072205 36642
2702 1791337522090507 33739
2703 1791337522110132 35458
2704 1791337522132732 34925
2705 1791337522149575 34003
2706 1791337522173361 38585
2707 1791337522196787 39627
2708 1791337522205033 29988
2709 1791337522235542 38752
2710 1791337522259531 41870
2711 1791337522277360 42217
2712 1791337522292377 34634
2713 1791337522313150 38048
2714 1791337522329538 31742
2715 1791337522347032 31680
2716 1791337522371765 36218
2717 1791337522387599 30834
2718 1791337522414859 37856
2719 1791337522431341 35530
2720 1791337522456651 41951
2721 1791337522477377 40414
2722 1791337522482602 27792
2723 1791337522509390 32010
2724 1791337522534342 38608
2725 1791337522558778 41426
2726 1791337522579293 44947
2727 1791337522594904 40331
2728 1791337522621216 45033
2729 1791337522627535 32626
2730 1791337522641030 26730
2731 1791337522679055 41507
2732 1791337522688354 33328
2733 1791337522716806 40157
2734 1791337522736011 39007
2735 1791337522749574 32765
2736 1791337522780116 44099
2737 1791337522797205 41278
2738 1791337522823046 48438
2739 1791337522846341 49804
2740 1791337522850135 32905
2741 1791337522870448 32570
2742 1791337522882694 27947
2743 1791337522916931 41525
2744 1791337522929247 33418
2745 1791337522956989 40856
2746 1791337522977719 41367
2747 1791337522990092 34345
2748 1791337523017560 39839
2749 1791337523039616 41317
2750 1791337523064595 49537
2751 1791337523079379 39761
2752 1791337523097582 37710
2753 1791337523123286 44878
2754 1791337523138040 40960
2755 1791337523152914 36164
2756 1791337523185709 49912
2757 1791337523200820 44054
2758 1791337523219248 44362
2759 1791337523237184 41304
2760 1791337523262522 47662
2761 1791337523277582 41546
2762 1791337523304618 46922
2763 1791337523319422 41836
2764 1791337523337752 41801
2765 1791337523358944 43531
2766 1791337523387766 50858
2767 1791337523399293 42509
2768 1791337523428636 51893
2769 1791337523445981 52015
2770 1791337523461023 43802
2771 1791337523481368 47230
2772 1791337523507797 49537
2773 1791337523525732 48058
2774 1791337523536240 41121
2775 1791337523556276 41251
2776 1791337523585337 49819
2777 1791337523607028 51279
2778 1791337523640771 62258
2779 1791337523655317 54944
2780 1791337523669633 52565
2781 1791337523701454 65225
2782 1791337523723938 68617
2783 1791337523737724 59206
2784 1791337523764576 68496
2785 1791337523792041 72767
2786 1791337523799359 62469
2787 1791337523829745 72717
2788 1791337523869302 91225
2789 1791337523881916 85997
2790 1791337523906757 89211
2791 1791337523906770 72054
2792 1791337523930125 72859
2793 1791337523961976 80053
2794 1791337523966478 68398
2795 1791337523979255 61830
2796 1791337524012009 72730
2797 1791337524040181 78197
2798 1791337524057885 78623
2799 1791337524071026 75888
2800 1791337524090645 75120
2801 1791337524112294 77733
2802 1791337524144659 90035
2803 1791337524168734 91781
2804 1791337524184845 87299
2805 1791337524212262 96187
2806 1791337524220193 84064
2807 1791337524245454 87853
2808 1791337524258432 83051
2809 1791337524285797 87566
2810 1791337524299913 85210
2811 1791337524319485 81201
2812 1791337524334364 77634
2813 1791337524354659 79527
2814 1791337524377754 81297
2815 1791337524397506 80436
2816 1791337524414138 79770
2817 1791337524443376 88712
2818 1791337524459567 83118
2819 1791337524479490 82857
2820 1791337524496646 82503
2821 1791337524517662 82089
2822 1791337524536169 80452
2823 1791337524562916 88649
2824 1791337524577487 81518
2825 1791337524599622 81956
2826 1791337524607661 73081
2827 1791337524638590 81180
2828 1791337524651552 76654
2829 1791337524658515 62374
2830 1791337524677563 61643
2831 1791337524697840 59611
2832 1791337524717743 63598
2833 1791337524727010 49443
2834 1791337524742853 46571
2835 1791337524756800 39052
2836 1791337524783448 46515
2837 1791337524803059 46255
2838 1791337524818732 40880
2839 1791337524836162 37696
2840 1791337524849313 33052
2841 1791337524884757 49318
2842 1791337524904797 47267
2843 1791337524924152 43575
2844 1791337524946856 51923
2845 1791337524959206 41171
2846 1791337524984708 48078
2847 1791337525007119 49209
2848 1791337525017825 38713
2849 1791337525047772 50996
2850 1791337525063604 47880
2851 1791337525077661 42635
2852 1791337525102820 45742
2853 1791337525132778 56430
2854 1791337525149445 46619
2855 1791337525163021 46034
2856 1791337525189663 51095
2857 1791337525197894 42596
2858 1791337525235780 60103
2859 1791337525259520 63912
2860 1791337525278636 62848
2861 1791337525292381 56597
2862 1791337525298938 43942
2863 1791337525321733 44008
2864 1791337525359085 60143
2865 1791337525370577 52619
2866 1791337525394928 59324
2867 1791337525415867 58978
2868 1791337525436701 60219
2869 1791337525452708 57774
2870 1791337525472141 56270
2871 1791337525496980 60277
2872 1791337525515022 59804
2873 1791337525531890 57260
2874 1791337525554029 57939
2875 1791337525571057 56029
2876 1791337525582669 45878
2877 1791337525604696 50663
2878 1791337525631222 54668
2879 1791337525663940 65431
2880 1791337525671999 51504
2881 1791337525686963 49601
2882 1791337525717106 55624
2883 1791337525740430 62888
2884 1791337525759001 62582
2885 1791337525791989 76076
2886 1791337525801946 66639
2887 1791337525820712 61702
2888 1791337525853500 70602
2889 1791337525862005 65037
2890 1791337525873398 58472
2891 1791337525896259 58273
2892 1791337525915724 62217
2893 1791337525935447 62044
2894 1791337525969597 73332
2895 1791337525980088 64355
2896 1791337525991442 56709
2897 1791337526023178 63063
2898 1791337526041073 64719
2899 1791337526056596 62472
2900 1791337526069215 52778
2901 1791337526103618 62539
2902 1791337526114137 57919
2903 1791337526143721 67808
2904 1791337526161687 65720
2905 1791337526182137 67994
2906 1791337526207991 64259
2907 1791337526222038 64284
2908 1791337526249402 67259
2909 1791337526274575 78052
2910 1791337526295025 76098
2911 1791337526313772 74387
2912 1791337526329276 68214
2913 1791337526345469 71003
2914 1791337526363455 68417
2915 1791337526381249 67473
2916 1791337526406447 70310
2917 1791337526422217 63656
2918 1791337526446686 73009
2919 1791337526471170 74303
2920 1791337526494112 76933
2921 1791337526504545 67500
2922 1791337526516768 60859
2923 1791337526547396 72481
2924 1791337526569664 75547
2925 1791337526582285 65510
2926 1791337526602912 66269
2927 1791337526623750 65220
2928 1791337526640439 65831
2929 1791337526678471 80265
2930 1791337526686869 68733
2931 1791337526710366 75790
2932 1791337526735808 77404
2933 1791337526749041 74008
2934 1791337526769908 70482
2935 1791337526793106 77732
2936 1791337526803711 67897
2937 1791337526838905 81635
2938 1791337526850020 71595
2939 1791337526872929 75757
2940 1791337526886885 68179
2941 1791337526898897 60735
2942 1791337526920094 63960
2943 1791337526936887 60560
2944 1791337526949110 53527
2945 1791337526970180 54590
2946 1791337526989453 52563
2947 1791337527007719 51681
2948 1791337527036606 59376
2949 1791337527059773 59068
2950 1791337527082893 64516
2951 1791337527106880 70269
2952 1791337527137958 80840
2953 1791337527152827 76368
2954 1791337527175026 76714
2955 1791337527197690 79705
2956 1791337527232554 94590
2957 1791337527249873 92080
2958 1791337527280732 105702
2959 1791337527288014 91456
2960 1791337527302039 86623
2961 1791337527319118 80970
2962 1791337527339712 83512
2963 1791337527357123 76387
2964 1791337527370186 73163
2965 1791337527389561 74241
2966 1791337527417695 82094
2967 1791337527436608 80505
2968 1791337527447146 70874
2969 1791337527484015 88979
2970 1791337527488771 72112
2971 1791337527506822 71999
2972 1791337527530970 73689
2973 1791337527550362 73258
2974 1791337527588568 91174
2975 1791337527597742 81100
2976 1791337527621840 87436
2977 1791337527643785 89166
2978 1791337527669724 89012
2979 1791337527687730 89984
2980 1791337527707969 91535
2981 1791337527719063 83183
2982 1791337527739261 82917
2983 1791337527757902 80495
2984 1791337527787842 91994
2985 1791337527803477 86896
2986 1791337527821217 85354
2987 1791337527846498 90662
2988 1791337527870604 93627
2989 1791337527879343 84336
2990 1791337527910310 93148
2991 1791337527919003 83560
2992 1791337527936267 78975
2993 1791337527966454 89045
2994 1791337527979714 84023
2995 1791337527994260 76211
2996 1791337528008232 71960
2997 1791337528026089 69336
2998 1791337528047866 73014
2999 1791337528075557 81293
3000 1791337528086402 69427
3001 1791337528112879 71573
3002 1791337528112894 54974
3003 1791337528132812 57248
3004 1791337528150654 52719
3005 1791337528166698 52568
3006 1791337528187611 53216
3007 1791337528197061 39914
3008 1791337528224857 50150
3009 1791337528237906 41404
3010 1791337528255608 38281
3011 1791337528280022 42569
3012 1791337528302809 48207
3013 1791337528320884 40849
3014 1791337528372001 69180
3015 1791337528377411 62026
3016 1791337528387137 52382
3017 1791337528400865 39982
3018 1791337528418859 41444
3019 1791337528441809 47478
3020 1791337528468579 51297
3021 1791337528488511 52576
3022 1791337528502352 46939
3023 1791337528535729 58057
3024 1791337528545547 50191
3025 1791337528566070 48983
3026 1791337528579632 44975
3027 1791337528596757 41422
3028 1791337528615890 41488
3029 1791337528647651 50889
3030 1791337528663836 49211
3031 1791337528686403 51125
3032 1791337528698865 44028
3033 1791337528726205 51293
3034 1791337528746226 52651
3035 1791337528768640 51055
3036 1791337528785068 47508
3037 1791337528811229 53682
3038 1791337528832936 55652
3039 1791337528842332 47298
3040 1791337528867002 50983
3041 1791337528882999 48544
3042 1791337528915191 58433
3043 1791337528931783 53648
3044 1791337528953869 53023
3045 1791337528969965 54770
3046 1791337528984776 50137
3047 1791337529001067 47196
3048 1791337529023304 47337
3049 1791337529041555 44760
3050 1791337529069083 51781
3051 1791337529089012 54358
3052 1791337529122816 65644
3053 1791337529140745 62769
3054 1791337529157484 58306
3055 1791337529173537 56665
3056 1791337529191796 55449
3057 1791337529214595 57369
3058 1791337529237235 63694
3059 1791337529257730 63288
3060 1791337529276314 61716
3061 1791337529287879 53799
3062 1791337529318577 62788
3063 1791337529347705 71388
3064 1791337529359139 63310
3065 1791337529377469 58877
3066 1791337529405751 68503
3067 1791337529408265 50944
3068 1791337529438537 64273
3069 1791337529471814 73941
3070 1791337529479411 60270
3071 1791337529497508 62788
3072 1791337529517246 61128
3073 1791337529531250 54597
3074 1791337529555565 61871
3075 1791337529583198 67120
3076 1791337529597545 60323
3077 1791337529621917 66746
3078 1791337529648408 71015
3079 1791337529669688 72506
3080 1791337529686820 71043
3081 1791337529703392 66323
3082 1791337529720339 64511
3083 1791337529742590 65078
3084 1791337529764503 70034
3085 1791337529787554 71837
3086 1791337529811166 75048
3087 1791337529818741 61466
3088 1791337529840260 62949
3089 1791337529858478 63468
3090 1791337529892940 75727
3091 1791337529913786 78953
3092 1791337529928638 70617
3093 1791337529960412 84510
3094 1791337529973798 79285
3095 1791337529988848 75060
3096 1791337530011759 75078
3097 1791337530017535 57120
3098 1791337530037177 63377
3099 1791337530065824 70232
3100 1791337530076856 60535
3101 1791337530100943 66216
3102 1791337530118074 63409
3103 1791337530135958 59528
3104 1791337530148992 54430
3105 1791337530169262 52562
3106 1791337530182162 47358
3107 1791337530193162 36763
3108 1791337530219682 40897
3109 1791337530242368 47763
3110 1791337530274956 58100
3111 1791337530289607 55035
3112 1791337530323628 67873
3113 1791337530340118 65740
3114 1791337530364798 68344
3115 1791337530379396 62336
3116 1791337530404267 68028
3117 1791337530422588 64613
3118 1791337530434865 60372
3119 1791337530450299 54913
3120 1791337530470411 53700
3121 1791337530491525 56658
3122 1791337530514684 58006
3123 1791337530533839 57029
3124 1791337530562771 65914
3125 1791337530578455 63764
3126 1791337530590303 56459
3127 1791337530622584 63504
3128 1791337530640304 66235
3129 1791337530665715 69774
3130 1791337530671080 56022
3131 1791337530701573 65992
3132 1791337530715211 60788
3133 1791337530740465 64846
3134 1791337530757605 62976
3135 1791337530785526 70676
3136 1791337530805828 71144
3137 1791337530827474 70961
3138 1791337530839086 62735
3139 1791337530858508 62336
3140 1791337530874768 60236
3141 1791337530898738 64644
3142 1791337530927594 70785
3143 1791337530941231 66460
3144 1791337530976275 79327
3145 1791337530989161 74149
3146 1791337531006920 69995
3147 1791337531019643 64912
3148 1791337531049637 75083
3149 1791337531062147 67232
3150 1791337531094882 79161
3151 1791337531103618 69387
3152 1791337531143258 84218
3153 1791337531150047 70812
3154 1791337531171347 76461
3155 1791337531183436 67346
3156 1791337531213822 76464
3157 1791337531225611 68269
3158 1791337531246360 68922
3159 1791337531268003 73156
3160 1791337531289982 76157
3161 1791337531307726 72856
3162 1791337531335176 79222
3163 1791337531351421 75873
3164 1791337531379882 83315
3165 1791337531391832 76119
3166 1791337531419317 84136
3167 1791337531438677 82134
3168 1791337531456727 80899
3169 1791337531479490 83099
3170 1791337531494007 77517
3171 1791337531509028 74512
3172 1791337531544752 88022
3173 1791337531544758 70626
3174 1791337531569396 75386
3175 1791337531585649 68961
3176 1791337531598161 60690
3177 1791337531626866 68555
3178 1791337531649116 70399
3179 1791337531667882 70865
3180 1791337531679023 59152
3181 1791337531703576 67686
3182 1791337531716745 60169
3183 1791337531730982 56391
3184 1791337531755151 58316
3185 1791337531767425 50678
3186 1791337531787957 53077
3187 1791337531799598 44726
3188 1791337531816628 39746
3189 1791337531844430 49758
3190 1791337531854877 39153
3191 1791337531873017 36867
3192 1791337531897732 42997
3193 1791337531914658 36764
3194 1791337531941055 43461
3195 1791337531961795 47134
3196 1791337531975362 39291
3197 1791337531992939 35961
3198 1791337532020192 44827
3199 1791337532035753 41234
3200 1791337532048049 32367
3201 1791337532075945 40714
3202 1791337532095186 38012
3203 1791337532109887 35327
3204 1791337532128004 32809
3205 1791337532151073 34223
3206 1791337532177912 42946
3207 1791337532186590 30650
3208 1791337532219245 42125
3209 1791337532238866 41513
3210 1791337532247753 31237
3211 1791337532281399 44904
3212 1791337532307992 48603
3213 1791337532322442 44609
3214 1791337532336324 38624
3215 1791337532356380 41412
3216 1791337532379945 44114
3217 1791337532395662 39280
3218 1791337532420457 45429
3219 1791337532440685 45017
3220 1791337532459764 43137
3221 1791337532477417 42360
3222 1791337532499405 45489
3223 1791337532514735 37791
3224 1791337532530995 36000
3225 1791337532555202 41096
3226 1791337532587544 50124
3227 1791337532600357 45152
3228 1791337532621187 43358
3229 1791337532639947 43012
3230 1791337532661088 45944
3231 1791337532678598 42674
3232 1791337532702708 47852
3233 1791337532725125 49220
3234 1791337532745879 49671
3235 1791337532758086 43322
3236 1791337532790915 56294
3237 1791337532817488 61244
3238 1791337532830553 52213
3239 1791337532846547 51702
3240 1791337532867196 50430
3241 1791337532894927 61089
3242 1791337532900730 43637
3243 1791337532919512 42408
3244 1791337532943823 49353
3245 1791337532968449 51666
3246 1791337533001700 65790
3247 1791337533012789 54838
3248 1791337533027214 52993
3249 1791337533042773 45255
3250 1791337533072150 56206
3251 1791337533094740 59896
3252 1791337533109936 55189
3253 1791337533128796 54052
3254 1791337533138102 43484
3255 1791337533172923 55664
3256 1791337533181194 45849
3257 1791337533212334 57658
3258 1791337533243484 67218
3259 1791337533259898 65102
3260 1791337533276104 60568
3261 1791337533299895 61697
3262 1791337533316419 60393
3263 1791337533341486 65378
3264 1791337533358339 62760
3265 1791337533377121 60699
3266 1791337533397429 61128
3267 1791337533408113 50699
3268 1791337533426808 49839
3269 1791337533461503 65467
3270 1791337533468130 53171
3271 1791337533496393 59457
3272 1791337533512222 57804
3273 1791337533544610 68469
3274 1791337533550680 56075
3275 1791337533579305 63369
3276 1791337533613057 71686
3277 1791337533627915 70470
3278 1791337533628127 52613
3279 1791337533657609 62806
3280 1791337533677008 61756
3281 1791337533702058 62749
3282 1791337533715414 60394
3283 1791337533736927 61899
3284 1791337533758529 61825
3285 1791337533779834 64417
3286 1791337533798538 62559
3287 1791337533826435 71256
3288 1791337533848386 72151
3289 1791337533864020 67184
3290 1791337533883155 68422
3291 1791337533904857 69744
3292 1791337533926290 71791
3293 1791337533945898 68753
3294 1791337533960369 65246
3295 1791337533978706 64262
3296 1791337534010112 73000
3297 1791337534025760 70032
3298 1791337534046416 71688
3299 1791337534066715 72344
3300 1791337534083884 68728
3301 1791337534106538 71885
3302 1791337534137596 81764
3303 1791337534154718 78482
3304 1791337534168098 71131
3305 1791337534187606 72562
3306 1791337534204013 66991
3307 1791337534216869 62296
3308 1791337534241522 66344
3309 1791337534262692 65814
3310 1791337534281505 65491
3311 1791337534307510 71660
3312 1791337534314960 61077
3313 1791337534332919 55831
3314 1791337534353326 58296
3315 1791337534365476 50513
3316 1791337534396049 60452
3317 1791337534416752 60716
3318 1791337534426619 48348
3319 1791337534442470 46418
3320 1791337534459023 43201
3321 1791337534479210 43306
3322 1791337534495656 39861
3323 1791337534513616 37592
3324 1791337534538315 42657
3325 1791337534548310 34689
3326 1791337534570408 35922
3327 1791337534588516 33757
3328 1791337534618761 43668
3329 1791337534642159 46849
3330 1791337534661505 45184
3331 1791337534687559 49362
3332 1791337534709042 54339
3333 1791337534733745 57572
3334 1791337534739854 45156
3335 1791337534759274 43174
3336 1791337534794373 60626
3337 1791337534807040 51118
3338 1791337534837030 62512
3339 1791337534844570 50193
3340 1791337534864932 48124
3341 1791337534900293 63258
3342 1791337534915012 58139
3343 1791337534929070 53963
3344 1791337534944051 48605
3345 1791337534966667 51652
3346 1791337535000950 62712
3347 1791337535011016 56283
3348 1791337535037785 63721
3349 1791337535049973 51958
3350 1791337535085627 67547
3351 1791337535100991 64360
3352 1791337535109211 53026
3353 1791337535132228 54865
3354 1791337535160679 63823
3355 1791337535176826 62388
3356 1791337535198093 63117
3357 1791337535215243 60202
3358 1791337535230067 54594
3359 1791337535258479 61163
3360 1791337535270796 55551
3361 1791337535302133 66327
3362 1791337535315126 58166
3363 1791337535347070 71503
3364 1791337535359237 63453
3365 1791337535383514 68908
3366 1791337535395651 60044
3367 1791337535418077 62049
3368 1791337535437691 63129
3369 1791337535465420 70634
3370 1791337535484714 66634
3371 1791337535497267 59573
3372 1791337535521439 63753
3373 1791337535549680 73623
3374 1791337535567981 70711
3375 1791337535589858 72957
3376 1791337535598896 63093
3377 1791337535621316 66503
3378 1791337535652130 75719
3379 1791337535668458 72461
3380 1791337535689676 74503
3381 1791337535715938 79160
3382 1791337535727391 70323
3383 1791337535745924 70340
3384 1791337535776777 79521
3385 1791337535799726 84957
3386 1791337535817608 82063
3387 1791337535832017 74309
3388 1791337535848971 72190
3389 1791337535861618 67456
3390 1791337535882801 66819
3391 1791337535909192 72934
3392 1791337535936927 80047
3393 1791337535957853 80266
3394 1791337535974009 76861
3395 1791337535998282 81936
3396 1791337536017745 80814
3397 1791337536033319 75462
3398 1791337536051187 77176
3399 1791337536082511 88131
3400 1791337536090849 74175
3401 1791337536112912 74931
3402 1791337536129256 72102
3403 1791337536149560 73559
3404 1791337536168024 73159
3405 1791337536188446 72348
3406 1791337536213532 76864
3407 1791337536236340 81367
3408 1791337536249980 73034
3409 1791337536281739 84945
3410 1791337536281746 68210
3411 1791337536309051 72709
3412 1791337536318843 61186
3413 1791337536329127 55202
3414 1791337536351051 53648
3415 1791337536379218 64374
3416 1791337536384260 49506
3417 1791337536400764 46090
3418 1791337536433525 55031
3419 1791337536442839 46965
3420 1791337536457896 43208
3421 1791337536475659 42132
3422 1791337536494672 39670
3423 1791337536514443 38781
3424 1791337536536171 41626
3425 1791337536548798 34351
3426 1791337536564970 30883
3427 1791337536602851 46690
3428 1791337536619666 43908
3429 1791337536640432 42259
3430 1791337536647450 32768
3431 1791337536678263 37825
3432 1791337536688972 31505
3433 1791337536715831 42107
3434 1791337536739655 43066
3435 1791337536758828 42993
3436 1791337536781907 43092
3437 1791337536802099 47681
3438 1791337536824744 47826
3439 1791337536835713 38789
3440 1791337536857643 40866
3441 1791337536880752 45036
3442 1791337536899070 45271
3443 1791337536911292 37489
3444 1791337536939757 42589
3445 1791337536959348 42028
3446 1791337536987672 50569
3447 1791337536995946 41197
3448 1791337537025285 49105
3449 1791337537038509 44440
3450 1791337537067500 52689
3451 1791337537088437 52359
3452 1791337537098126 42594
3453 1791337537131312 53558
3454 1791337537147170 51304
3455 1791337537169145 51919
3456 1791337537190229 51551
3457 1791337537207741 53155
3458 1791337537221385 45857
3459 1791337537252169 57399
3460 1791337537270488 55804
3461 1791337537288851 52561
3462 1791337537307450 51410
3463 1791337537329519 50111
3464 1791337537356619 61711
3465 1791337537363256 47389
3466 1791337537393604 58014
3467 1791337537413071 56449
3468 1791337537437023 62341
3469 1791337537445823 52216
3470 1791337537477358 61640
3471 1791337537502357 65329
3472 1791337537516531 59299
3473 1791337537529417 53810
3474 1791337537549673 52191
3475 1791337537579550 63538
3476 1791337537601150 65219
3477 1791337537613799 55350
3478 1791337537630699 55798
3479 1791337537651959 54374
3480 1791337537663896 50093
3481 1791337537685936 51882
3482 1791337537701638 45072
3483 1791337537728931 54711
3484 1791337537755793 60545
3485 1791337537779170 59664
3486 1791337537800189 63183
3487 1791337537823193 67396
3488 1791337537843590 66989
3489 1791337537861133 66429
3490 1791337537909742 92500
3491 1791337537909797 66201
3492 1791337537926790 66523
3493 1791337537975246 65496
3494 1791337537975268 65497
3495 1791337538002338 81152
3496 1791337538009668 69636
3497 1791337538018739 61658
3498 1791337538032837 57585
3499 1791337538067554 65211
3500 1791337538088773 70752
3501 1791337538109768 71328
3502 1791337538122318 65982
3503 1791337538147273 67805
3504 1791337538177842 81642
3505 1791337538181130 62071
3506 1791337538210795 74647
3507 1791337538221525 62869
3508 1791337538254605 76756
3509 1791337538258910 62599
3510 1791337538284681 68663
3511 1791337538304716 69097
3512 1791337538319298 64690
3513 1791337538347529 73011
3514 1791337538370495 72971
3515 1791337538377383 59770
3516 1791337538402227 66520
3517 1791337538421285 66438
3518 1791337538447962 72808
3519 1791337538464371 69443
3520 1791337538487667 72746
3521 1791337538506654 71647
3522 1791337538532616 74204
3523 1791337538540522 65649
3524 1791337538567998 73295
3525 1791337538593033 78267
3526 1791337538608420 73640
3527 1791337538626568 72006
3528 1791337538641256 65879
3529 1791337538660339 65401
3530 1791337538685789 66977
3531 1791337538699845 64090
3532 1791337538717576 62364
3533 1791337538737967 60782
3534 1791337538755501 60909
3535 1791337538777269 61426
3536 1791337538796507 59959
3537 1791337538808020 53545
3538 1791337538820672 43972
3539 1791337538842175 45664
3540 1791337538854780 40584
3541 1791337538869276 32207
3542 1791337538896955 42173
3543 1791337538914739 39729
3544 1791337538930018 33976
3545 1791337538956754 42009
3546 1791337538969880 33375
3547 1791337538990588 33832
3548 1791337539014699 36162
3549 1791337539036518 39271
3550 1791337539055941 41362
3551 1791337539087539 51017
3552 1791337539104691 48747
3553 1791337539141116 66399
3554 1791337539158114 62125
3555 1791337539186921 64114
3556 1791337539201107 61077
3557 1791337539215711 58816
3558 1791337539239281 63399
3559 1791337539259730 63205
3560 1791337539288512 72798
3561 1791337539309310 75042
3562 1791337539327632 72153
3563 1791337539344619 68402
3564 1791337539368797 72005
3565 1791337539386545 70005
3566 1791337539418053 80252
3567 1791337539435805 80785
3568 1791337539457645 82790
3569 1791337539475490 79712
3570 1791337539490842 72786
3571 1791337539507780 71970
3572 1791337539546512 88864
3573 1791337539549149 73656
3574 1791337539571054 74403
3575 1791337539590195 75395
3576 1791337539611811 75175
3577 1791337539646063 88942
3578 1791337539660220 85815
3579 1791337539676911 78705
3580 1791337539688111 73123
3581 1791337539715690 79067
3582 1791337539746027 88054
3583 1791337539758447 83663
3584 1791337539783014 85417
3585 1791337539802817 87123
3586 1791337539827083 92091
3587 1791337539834489 79646
3588 1791337539848323 74809
3589 1791337539869053 72594
3590 1791337539903534 87014
3591 1791337539908818 74385
3592 1791337539933592 75464
3593 1791337539958025 80657
3594 1791337539969273 72621
3595 1791337540001735 83376
3596 1791337540017157 83563
3597 1791337540026540 71849
3598 1791337540050563 74926
3599 1791337540069363 75176
3600 1791337540094812 77652
3601 1791337540106954 67859
3602 1791337540128482 71488
3603 1791337540141191 66034
3604 1791337540159160 64344
3605 1791337540178029 58708
3606 1791337540197904 63107
3607 1791337540209912 53569
3608 1791337540229295 51257
3609 1791337540259045 61137
3610 1791337540267127 50084
3611 1791337540281650 44612
3612 1791337540306747 47698
3613 1791337540310214 31992
3614 1791337540339761 44958
3615 1791337540358797 41248
3616 1791337540377743 43026
3617 1791337540390877 36364
3618 1791337540417905 40160
3619 1791337540445612 49851
3620 1791337540460581 44729
3621 1791337540487389 50069
3622 1791337540507946 52807
3623 1791337540528705 49030
3624 1791337540547295 50587
3625 1791337540556750 42029
3626 1791337540588296 52689
3627 1791337540608971 53787
3628 1791337540622551 48553
3629 1791337540651242 55953
3630 1791337540665136 43279
3631 1791337540683522 45432
3632 1791337540698957 43012
3633 1791337540747914 68472
3634 1791337540749959 52580
3635 1791337540766608 51991
3636 1791337540787162 52055
3637 1791337540809784 49020
3638 1791337540829717 51861
3639 1791337540864668 66923
3640 1791337540877918 62760
3641 1791337540887950 50811
3642 1791337540908436 50804
3643 1791337540933569 58492
3644 1791337540938037 43607
3645 1791337540973186 55159
3646 1791337540986615 53043
3647 1791337541007797 53406
3648 1791337541027222 52633
3649 1791337541051985 58145
3650 1791337541078862 61204
3651 1791337541096390 61575
3652 1791337541106512 49160
3653 1791337541128172 52582
3654 1791337541153687 57293
3655 1791337541175291 60810
3656 1791337541196756 59371
3657 1791337541211384 57688
3658 1791337541240942 65646
3659 1791337541261407 64648
3660 1791337541277599 60225
3661 1791337541296749 61849
3662 1791337541319413 64115
3663 1791337541327765 51600
3664 1791337541355299 61591
3665 1791337541392448 73032
3666 1791337541402837 66200
3667 1791337541416620 61319
3668 1791337541436424 60078
3669 1791337541458003 64147
3670 1791337541482428 67303
3671 1791337541503629 67818
3672 1791337541516303 61576
3673 1791337541544993 67861
3674 1791337541566926 70731
3675 1791337541589102 74320
3676 1791337541604094 66196
3677 1791337541622239 66764
3678 1791337541635003 57726
3679 1791337541667689 68131
3680 1791337541682006 63946
3681 1791337541697018 62411
3682 1791337541718934 61958
3683 1791337541742003 65688
3684 1791337541758504 62396
3685 1791337541783724 66846
3686 1791337541807111 69573
3687 1791337541827351 72128
3688 1791337541838718 64758
3689 1791337541865766 68791
3690 1791337541886032 70290
3691 1791337541906788 71798
3692 1791337541936522 77658
3693 1791337541955106 77314
3694 1791337541968119 70340
3695 1791337541987028 70858
3696 1791337542008468 73738
3697 1791337542016541 61495
3698 1791337542041075 65387
3699 1791337542061262 65311
3700 1791337542082322 67445
3701 1791337542097712 62332
3702 1791337542126647 70185
3703 1791337542144755 68045
3704 1791337542162924 66808
3705 1791337542184058 66808
3706 1791337542188188 52451
3707 1791337542207686 50463
3708 1791337542217783 40078
3709 1791337542246981 51734
3710 1791337542265502 49517
3711 1791337542286990 52858
3712 1791337542314639 58650
3713 1791337542338199 59429
3714 1791337542358738 61372
3715 1791337542380838 66195
3716 1791337542403163 64961
3717 1791337542420548 65270
3718 1791337542449340 71315
3719 1791337542477952 83219
3720 1791337542477957 63102
3721 1791337542505305 68233
3722 1791337542517976 62170
3723 1791337542537392 62155
3724 1791337542558823 62105
3725 1791337542582057 67080
3726 1791337542597969 60934
3727 1791337542619584 65985
3728 1791337542651977 73270
3729 1791337542665997 70647
3730 1791337542690205 72969
3731 1791337542708868 74336
3732 1791337542737443 80072
3733 1791337542748157 71817
3734 1791337542763270 68703
3735 1791337542798238 81544
3736 1791337542798243 60799
3737 1791337542828117 70243
3738 1791337542846015 71124
3739 1791337542866282 69380
3740 1791337542866290 51519
3741 1791337542876721 39298
3742 1791337542889948 33284
3743 1791337542899027 23036
3744 1791337542920493 25803
3745 1791337542941483 26266
3746 1791337542957466 21972
3747 1791337542976760 22296
3748 1791337542998746 21983
3749 1791337543024990 26241
3750 1791337543042294 26418
3751 1791337543057431 22547
3752 1791337543078620 22157
3753 1791337543095999 20517
3754 1791337543118328 22326
3755 1791337543140033 21701
3756 1791337543160562 24532
3757 1791337543176896 21902
3758 1791337543206569 29768
3759 1791337543216966 21183
3760 1791337543245913 28943
3761 1791337543256832 21316
3762 1791337543278947 22111
3763 1791337543302694 26806
3764 1791337543316776 22197
3765 1791337543340696 23917
3766 1791337543358227 21470
3767 1791337543377359 22418
3768 1791337543402989 25626
3769 1791337543418575 22593
3770 1791337543438755 23974
3771 1791337543457221 22388
3772 1791337543478582 21358
3773 1791337543499979 25346
3774 1791337543520884 25460
3775 1791337543540448 24600
3776 1791337543559652 23044
3777 1791337543578054 22467
3778 1791337543599072 23841
3779 1791337543619158 23413
3780 1791337543641339 25329
3781 1791337543655921 21290
3782 1791337543679480 23603
3783 1791337543696340 21475
3784 1791337543721520 25177
3785 1791337543739104 23228
3786 1791337543758562 23821
3787 1791337543777996 23465
3788 1791337543802160 26115
3789 1791337543817928 21267
3790 1791337543837001 21890
3791 1791337543860861 23920
3792 1791337543886595 28630
3793 1791337543898825 24058
3794 1791337543924837 26219
3795 1791337543938911 21489
3796 1791337543957408 21693
3797 1791337543979381 21970
3798 1791337543999350 25699
3799 1791337544017713 21909
3800 1791337544041549 25636
3801 1791337544063056 27415
3802 1791337544077306 23555
3803 1791337544103840 28347
3804 1791337544117747 23034
3805 1791337544139618 25506
3806 1791337544157688 22336
3807 1791337544177615 22594
3808 1791337544197337 22766
3809 1791337544224656 27311
3810 1791337544245913 31294
3811 1791337544257455 21850
3812 1791337544279674 24131
3813 1791337544296603 21827
3814 1791337544320649 24769
3815 1791337544346341 31368
3816 1791337544358162 24273
3817 1791337544385953 27836
3818 1791337544401214 24105
3819 1791337544420113 25467
3820 1791337544439782 23457
3821 1791337544458805 24455
3822 1791337544477438 22623
3823 1791337544497167 22250
3824 1791337544520934 23764
3825 1791337544538942 21183
3826 1791337544556777 21077
3827 1791337544578082 22386
3828 1791337544597289 22400
3829 1791337544621799 24553
3830 1791337544637662 20680
3831 1791337544660017 25421
3832 1791337544677406 20780
3833 1791337544698350 21009
3834 1791337544721599 25861
3835 1791337544745803 30024
3836 1791337544756007 21273
3837 1791337544778569 22559
3838 1791337544801233 25675
3839 1791337544817820 23712
3840 1791337544838659 22744
3841 1791337544859798 25181
3842 1791337544876539 22191
3843 1791337544901112 24666
3844 1791337544917504 21548
3845 1791337544944862 28422
3846 1791337544965953 29282
3847 1791337544983332 27433
3848 1791337545001526 24453
3849 1791337545017861 22153
3850 1791337545037603 23965
3851 1791337545058026 22325
3852 1791337545077236 22526
3853 1791337545096113 21045
3854 1791337545120935 24819
3855 1791337545137426 21468
3856 1791337545156295 21913
3857 1791337545177792 22471
3858 1791337545199992 22197
3859 1791337545219516 22989
3860 1791337545238731 22799
3861 1791337545260777 26245
3862 1791337545279638 22991
3863 1791337545297919 22022
3864 1791337545316016 21176
3865 1791337545342158 26139
3866 1791337545360754 22910
3867 1791337545379874 24044
3868 1791337545397997 22269
3869 1791337545424770 26769
3870 1791337545437818 21214
3871 1791337545457549 22743
3872 1791337545477343 21765
3873 1791337545504593 27487
3874 1791337545522371 27670
3875 1791337545538461 21483
3876 1791337545555659 21165
3877 1791337545577021 21349
3878 1791337545600262 25850
3879 1791337545618860 23099
3880 1791337545637982 21981
3881 1791337545656799 20814
3882 1791337545681420 24678
3883 1791337545701302 23683
3884 1791337545719064 22587
3885 1791337545737769 23184
3886 1791337545757452 22786
3887 1791337545781672 25982
3888 1791337545798185 20717
3889 1791337545817927 23107
3890 1791337545838265 23434
3891 1791337545856978 22722
3892 1791337545885853 28920
3893 1791337545903443 28476
3894 1791337545920854 22679
3895 1791337545938940 22186
3896 1791337545956801 22001
3897 1791337545977746 20943
3898 1791337546004763 27072
3899 1791337546021861 26947
3900 1791337546038386 22698
3901 1791337546064566 26177
3902 1791337546075796 21680
3903 1791337546098389 23766
3904 1791337546116523 21693
3905 1791337546140675 24149
3906 1791337546166184 29140
3907 1791337546177162 22074
3908 1791337546201189 24025
3909 1791337546220194 22289
3910 1791337546237667 21006
3911 1791337546257735 23044
3912 1791337546279210 23605
3913 1791337546305913 29973
3914 1791337546327186 31340
3915 1791337546337477 22825
3916 1791337546362408 24929
3917 1791337546381423 25637
3918 1791337546398913 22184
3919 1791337546419545 24751
3920 1791337546436804 22036
3921 1791337546458109 24103
3922 1791337546479137 23633
3923 1791337546498913 22970
3924 1791337546519776 23444
3925 1791337546545678 28690
3926 1791337546557940 23401
3927 1791337546584118 28550
3928 1791337546598410 22570
3929 1791337546620879 25645
3930 1791337546646806 29718
3931 1791337546657704 23108
3932 1791337546680559 22852
3933 1791337546700175 22589
3934 1791337546719852 23480
3935 1791337546737048 22227
3936 1791337546760842 23790
3937 1791337546777330 22519
3938 1791337546799759 24694
3939 1791337546819076 22061
3940 1791337546841136 22056
3941 1791337546864344 26293
3942 1791337546877730 21945
3943 1791337546900973 23240
3944 1791337546923112 26344
3945 1791337546941455 25164
3946 1791337546958284 20995
3947 1791337546977614 21300
3948 1791337547002360 26279
3949 1791337547018862 21849
3950 1791337547037541 21718
3951 1791337547065873 28322
3952 1791337547076146 21172
3953 1791337547097470 21322
3954 1791337547119554 22126
3955 1791337547137476 22384
3956 1791337547157579 22721
3957 1791337547180699 23117
3958 1791337547197850 24084
3959 1791337547220815 23035
3960 1791337547239923 24832
3961 1791337547260010 22913
3962 1791337547278606 22702
3963 1791337547301062 25277
3964 1791337547317418 22463
3965 1791337547341057 25495
3966 1791337547362762 26075
3967 1791337547378076 21738
3968 1791337547397761 23162
3969 1791337547417792 22119
3970 1791337547441717 26862
3971 1791337547462506 26660
3972 1791337547477930 21085
3973 1791337547500210 25469
3974 1791337547519681 24870
3975 1791337547536937 22234
3976 1791337547562754 25814
3977 1791337547576644 21949
3978 1791337547601017 24420
3979 1791337547624787 23767
3980 1791337547637547 23349
3981 1791337547657259 22471
3982 1791337547677114 22375
3983 1791337547698044 20927
3984 1791337547718994 22937
3985 1791337547740083 24130
3986 1791337547757910 23278
3987 1791337547784958 27046
3988 1791337547800638 24792
3989 1791337547817952 23080
3990 1791337547838018 22155
3991 1791337547862886 27068
3992 1791337547877741 20999
3993 1791337547900689 25798
3994 1791337547916832 22190
3995 1791337547937236 23474
3996 1791337547959786 22547
3997 1791337547978963 22142
3998 1791337547999428 23822
3999 1791337548020692 25047
4000 1791337548038854 22314
4001 1791337548056909 23062
4002 1791337548077982 21201
4003 1791337548101086 23101
4004 1791337548118956 22926
4005 1791337548136247 21322
4006 1791337548157207 20958
4007 1791337548180782 24970
4008 1791337548199321 22397
4009 1791337548219381 23562
4010 1791337548237592 22839
4011 1791337548256335 20769
4012 1791337548277576 21238
4013 1791337548299549 23936
4014 1791337548317773 21185
4015 1791337548341749 25959
4016 1791337548362174 24593
4017 1791337548375202 21315
4018 1791337548396318 21112
4019 1791337548422106 25785
4020 1791337548443602 27700
4021 1791337548459026 23346
4022 1791337548480078 24640
4023 1791337548499420 22637
4024 1791337548516883 22373
4025 1791337548540078 24116
4026 1791337548562814 26136
4027 1791337548578089 21627
4028 1791337548598039 23122
4029 1791337548619783 21741
4030 1791337548641035 24330
4031 1791337548661844 26907
4032 1791337548677001 21178
4033 1791337548697649 22973
4034 1791337548724967 27577
4035 1791337548742998 27321
4036 1791337548758841 23045
4037 1791337548777156 22352
4038 1791337548802504 27527
4039 1791337548818750 23689
4040 1791337548837120 22030
4041 1791337548862500 27537
4042 1791337548877359 21588
4043 1791337548896166 21038
4044 1791337548917136 22335
4045 1791337548936023 21632
4046 1791337548958403 23552
4047 1791337548977932 23300
4048 1791337548998022 24097
4049 1791337549019898 21873
4050 1791337549037638 21839
4051 1791337549055785 21093
4052 1791337549077134 22435
4053 1791337549098194 21057
4054 1791337549124235 26998
4055 1791337549139601 23762
4056 1791337549156736 21899
4057 1791337549178702 22005
4058 1791337549198217 22774
4059 1791337549225727 27506
4060 1791337549242418 25695
4061 1791337549260240 24274
4062 1791337549277682 22783
4063 1791337549298046 22928
4064 1791337549326105 28055
4065 1791337549341685 25870
4066 1791337549357887 22124
4067 1791337549378034 22492
4068 1791337549401983 23946
4069 1791337549418014 23802
4070 1791337549441528 23576
4071 1791337549465940 28289
4072 1791337549484697 28054
4073 1791337549500950 23476
4074 1791337549516666 21895
4075 1791337549537858 22674
4076 1791337549560274 25180
4077 1791337549579135 22315
4078 1791337549599473 24514
4079 1791337549616550 21602
4080 1791337549638468 23820
4081 1791337549659257 24189
4082 1791337549679054 23944
4083 1791337549699496 23349
4084 1791337549718093 22925
4085 1791337549737790 22775
4086 1791337549759103 21307
4087 1791337549775736 20477
4088 1791337549797323 22408
4089 1791337549820626 23300
4090 1791337549845539 30254
4091 1791337549866598 28450
4092 1791337549881524 23982
4093 1791337549907444 32735
4094 1791337549918285 23407
4095 1791337549936254 22475
4096 1791337549958032 21773
4097 1791337549985987 27949
4098 1791337549998652 23296
4099 1791337550019575 20902
4100 1791337550040549 23627
4101 1791337550055887 20819
4102 1791337550079217 23325
4103 1791337550097071 21934
4104 1791337550120214 23213
4105 1791337550139286 22211
4106 1791337550159700 23300
4107 1791337550179844 22073
4108 1791337550203006 25716
4109 1791337550229400 31966
4110 1791337550242600 27467
4111 1791337550256799 22895
4112 1791337550279370 22633
4113 1791337550298619 23368
4114 1791337550317769 21184
4115 1791337550342904 27752
4116 1791337550360045 24476
4117 1791337550379474 22676
4118 1791337550397892 21367
4119 1791337550415062 20983
4120 1791337550446006 30940
4121 1791337550456543 20972
4122 1791337550477366 20820
4123 1791337550504109 26739
4124 1791337550526133 29100
4125 1791337550537901 23421
4126 1791337550558052 23347
4127 1791337550577851 22867
4128 1791337550602784 25158
4129 1791337550624312 27665
4130 1791337550640018 22580
4131 1791337550657562 21597
4132 1791337550679923 23900
4133 1791337550697839 23219
4134 1791337550722545 24697
4135 1791337550737912 23248
4136 1791337550759395 25409
4137 1791337550776562 21231
4138 1791337550802876 26308
4139 1791337550819805 22688
4140 1791337550838907 23821
4141 1791337550863804 29019
4142 1791337550879340 22373
4143 1791337550897270 22081
4144 1791337550923923 26761
# sent 4145 received 4144
