0 1791255440003265 27622
1 1791255440022011 25450
2 1791255440045230 23216
3 1791255440061929 25281
4 1791255440078937 22606
5 1791255440115121 36176
6 1791255440125976 29113
7 1791255440144379 22255
8 1791255440163625 25787
9 1791255440183654 25531
10 1791255440202480 25427
11 1791255440226892 24408
12 1791255440245327 24792
13 1791255440262595 25688
14 1791255440283999 27416
15 1791255440305313 21312
16 1791255440323967 27065
17 1791255440342717 23690
18 1791255440364103 24561
19 1791255440385985 27205
20 1791255440402619 24150
21 1791255440422666 26057
22 1791255440445431 27503
23 1791255440462885 23707
24 1791255440484289 26083
25 1791255440506445 22151
26 1791255440524587 27582
27 1791255440545791 28507
28 1791255440562053 23004
29 1791255440577910 21529
30 1791255440602774 26434
31 1791255440623574 25554
32 1791255440640160 22439
33 1791255440663976 26770
34 1791255440683413 25320
35 1791255440706009 22592
36 1791255440725442 24734
37 1791255440745608 27220
38 1791255440764493 25245
39 1791255440783987 23300
40 1791255440804163 25152
41 1791255440822463 25540
42 1791255440843387 25651
43 1791255440867089 23698
44 1791255440882674 26049
45 1791255440904303 28048
46 1791255440922375 22999
47 1791255440943630 21252
48 1791255440958193 21351
49 1791255440992192 33996
50 1791255441004923 26930
51 1791255441023566 24401
52 1791255441044713 26344
53 1791255441063829 22580
54 1791255441085669 22077
55 1791255441103228 26063
56 1791255441125451 22219
57 1791255441143228 26456
58 1791255441162859 24057
59 1791255441182233 25767
60 1791255441202214 26139
61 1791255441223763 21749
62 1791255441254063 35516
63 1791255441264599 27632
64 1791255441283627 22892
65 1791255441312928 29297
66 1791255441324729 28710
67 1791255441345328 24688
68 1791255441357394 20757
69 1791255441383345 26496
70 1791255441405435 26436
71 1791255441423948 24253
72 1791255441438456 20767
73 1791255441463466 25005
74 1791255441492951 29482
75 1791255441503502 24108
76 1791255441525300 24685
77 1791255441540205 23251
78 1791255441563810 27161
79 1791255441580467 21829
80 1791255441603148 26620
81 1791255441624043 27298
82 1791255441643247 26985
83 1791255441666001 22810
84 1791255441682901 25545
85 1791255441705872 24580
86 1791255441724823 26839
87 1791255441744385 24207
88 1791255441766283 22289
89 1791255441784410 27293
90 1791255441802631 22165
91 1791255441826053 23417
92 1791255441843406 26444
93 1791255441862523 25609
94 1791255441885333 25832
95 1791255441903484 26668
96 1791255441923995 20507
97 1791255441940050 23388
98 1791255441963869 27560
99 1791255441984160 22785
100 1791255442004666 25008
101 1791255442023374 25257
102 1791255442043626 25719
103 1791255442061999 23427
104 1791255442084122 26705
105 1791255442105064 27523
106 1791255442124135 25313
107 1791255442143311 26121
108 1791255442164438 26102
109 1791255442185185 24942
110 1791255442203394 23485
111 1791255442218328 22063
112 1791255442245652 27320
113 1791255442263431 25259
114 1791255442284448 21011
115 1791255442303648 26443
116 1791255442322862 26084
117 1791255442344669 21804
118 1791255442358451 21864
119 1791255442385017 26563
120 1791255442403712 23477
121 1791255442424406 27150
122 1791255442443491 25516
123 1791255442463883 20461
124 1791255442478218 21630
125 1791255442501418 23197
126 1791255442525228 23807
127 1791255442543939 27334
128 1791255442562569 23095
129 1791255442584522 28286
130 1791255442604326 23464
131 1791255442622044 24618
132 1791255442643734 26764
133 1791255442666968 26728
134 1791255442683204 27276
135 1791255442702905 25441
136 1791255442724585 27532
137 1791255442744029 24382
138 1791255442762715 25871
139 1791255442781801 23845
140 1791255442803932 27739
141 1791255442822673 25101
142 1791255442843225 26918
143 1791255442863045 25224
144 1791255442882915 26374
145 1791255442903748 27470
146 1791255442921892 24688
147 1791255442942914 21145
148 1791255442961309 22504
149 1791255442984953 28397
150 1791255442998539 21246
151 1791255443023206 26176
152 1791255443042838 25306
153 1791255443064537 26385
154 1791255443081800 21769
155 1791255443105688 28984
156 1791255443127308 26559
157 1791255443145173 26412
158 1791255443163039 24728
159 1791255443181391 23098
160 1791255443198645 22030
161 1791255443222545 23898
162 1791255443242520 26654
163 1791255443260930 23771
164 1791255443282831 24076
165 1791255443303437 26278
166 1791255443322964 25866
167 1791255443344954 22036
168 1791255443364489 24334
169 1791255443379647 21980
170 1791255443405234 25583
171 1791255443422959 25137
172 1791255443444658 27604
173 1791255443465161 24879
174 1791255443483450 24355
175 1791255443504476 26656
176 1791255443522305 23812
177 1791255443543792 21484
178 1791255443571482 34010
179 1791255443581991 23040
180 1791255443603865 27064
181 1791255443624024 24569
182 1791255443643604 26002
183 1791255443664707 27994
184 1791255443681090 22200
185 1791255443705550 27570
186 1791255443724789 22186
187 1791255443744125 25423
188 1791255443762939 23079
189 1791255443781594 24632
190 1791255443802708 21112
191 1791255443823810 26575
192 1791255443845208 27007
193 1791255443864120 22753
194 1791255443886238 28867
195 1791255443903949 23612
196 1791255443919339 21905
197 1791255443945324 25981
198 1791255443963244 25281
199 1791255443983909 27194
200 1791255444002905 24546
201 1791255444032116 29206
202 1791255444047337 23755
203 1791255444058014 21620
204 1791255444083334 25316
205 1791255444097648 20740
206 1791255444122624 24972
207 1791255444139639 23205
208 1791255444162235 24712
209 1791255444184555 25481
210 1791255444204276 24601
211 1791255444222706 24986
212 1791255444242898 25468
213 1791255444267018 31135
214 1791255444286493 24861
215 1791255444308351 31535
216 1791255444323817 22617
217 1791255444344817 26601
218 1791255444362724 22298
219 1791255444380723 23596
220 1791255444401723 25601
221 1791255444424986 27793
222 1791255444440463 24589
223 1791255444462457 21991
224 1791255444482835 25724
225 1791255444504222 26132
226 1791255444525275 27056
227 1791255444544097 24494
228 1791255444565737 28354
229 1791255444577671 21459
230 1791255444603415 27082
231 1791255444625490 22072
232 1791255444643751 24128
233 1791255444661713 23623
234 1791255444683614 27386
235 1791255444706652 23035
236 1791255444720825 24838
237 1791255444745441 29394
238 1791255444765445 25648
239 1791255444784652 25540
240 1791255444806394 25357
241 1791255444822573 22215
242 1791255444847980 25403
243 1791255444860125 22658
244 1791255444883058 25675
245 1791255444900291 23401
246 1791255444923357 23395
247 1791255444942872 24464
248 1791255444964959 27230
249 1791255444983926 25556
250 1791255445002531 22494
251 1791255445025220 22687
252 1791255445042858 25561
253 1791255445061748 22834
254 1791255445084076 27970
255 1791255445103698 22709
256 1791255445123817 27216
257 1791255445139868 23788
258 1791255445162875 23003
259 1791255445184076 21298
260 1791255445206072 25634
261 1791255445223222 27012
262 1791255445238911 22091
263 1791255445262763 23849
264 1791255445284766 22000
265 1791255445297030 21040
266 1791255445322913 25880
267 1791255445345532 22615
268 1791255445362598 23645
269 1791255445384644 27520
270 1791255445403441 24266
271 1791255445423349 26340
272 1791255445442867 24109
273 1791255445464538 21668
274 1791255445482797 24601
275 1791255445503390 20590
276 1791255445523882 20542
277 1791255445539592 22580
278 1791255445563613 27465
279 1791255445582695 22950
280 1791255445603919 21221
281 1791255445622188 25362
282 1791255445647137 27903
283 1791255445663625 22541
284 1791255445681812 24151
285 1791255445699453 22189
286 1791255445724872 27492
287 1791255445745101 26430
288 1791255445764222 27683
289 1791255445782985 26322
290 1791255445797930 21553
291 1791255445824022 26351
292 1791255445843442 25172
293 1791255445865472 22026
294 1791255445881805 21765
295 1791255445905955 29090
296 1791255445922651 24434
297 1791255445943823 27453
298 1791255445964194 23820
299 1791255445985091 27900
300 1791255446004113 23035
301 1791255446023800 27098
302 1791255446043794 27062
303 1791255446062686 25608
304 1791255446085346 23370
305 1791255446103511 26032
306 1791255446125547 26879
307 1791255446143345 24477
308 1791255446163505 26665
309 1791255446184568 21059
310 1791255446202412 25616
311 1791255446224739 25114
312 1791255446243282 23966
313 1791255446259867 23375
314 1791255446286269 26398
315 1791255446299561 22526
316 1791255446320779 23840
317 1791255446342197 21415
318 1791255446363130 26149
319 1791255446383029 26005
320 1791255446401382 24921
321 1791255446425120 23734
322 1791255446443082 26330
323 1791255446458139 21035
324 1791255446488424 31909
325 1791255446502709 22800
326 1791255446521785 22066
327 1791255446543779 26666
328 1791255446561876 25459
329 1791255446583341 27011
330 1791255446602340 25846
331 1791255446623619 21276
332 1791255446644739 21117
333 1791255446661417 23968
334 1791255446681961 22393
335 1791255446701488 24463
336 1791255446722795 25701
337 1791255446744102 26553
338 1791255446763684 24204
339 1791255446781477 23407
340 1791255446804416 22993
341 1791255446822386 24696
342 1791255446843599 25855
343 1791255446864495 27747
344 1791255446883461 23804
345 1791255446903620 24133
346 1791255446922643 23657
347 1791255446943750 21162
348 1791255446960452 24629
349 1791255446983986 23530
350 1791255447005265 27601
351 1791255447024571 26384
352 1791255447045366 27709
353 1791255447063245 24511
354 1791255447085332 25571
355 1791255447103514 23890
356 1791255447117491 20634
357 1791255447141787 24618
358 1791255447163579 26652
359 1791255447182279 23379
360 1791255447199213 22161
361 1791255447220318 21103
362 1791255447241279 24601
363 1791255447262837 26107
364 1791255447284672 22219
365 1791255447303588 22204
366 1791255447322533 25499
367 1791255447341321 24347
368 1791255447364350 23025
369 1791255447383560 26960
370 1791255447403389 26102
371 1791255447422615 25259
372 1791255447443251 24653
373 1791255447462341 25274
374 1791255447483078 23752
375 1791255447504665 21583
376 1791255447524023 26803
377 1791255447544621 23489
378 1791255447565172 27074
379 1791255447583737 22987
380 1791255447603268 23650
381 1791255447621414 24010
382 1791255447643081 21664
383 1791255447665205 22116
384 1791255447683915 24717
385 1791255447703145 26708
386 1791255447718893 22603
387 1791255447742186 23290
388 1791255447763716 25853
389 1791255447780379 21057
390 1791255447802003 24878
391 1791255447828953 26994
392 1791255447843749 22141
393 1791255447856944 20580
394 1791255447878619 21670
395 1791255447902063 24624
396 1791255447922937 26197
397 1791255447945854 29178
398 1791255447961588 24412
399 1791255447984340 27069
400 1791255448008787 24444
401 1791255448020679 24167
402 1791255448044900 27942
403 1791255448063227 27469
404 1791255448090426 27434
405 1791255448104379 21504
406 1791255448132347 27966
407 1791255448148806 31406
408 1791255448168687 30732
409 1791255448184806 28485
410 1791255448208251 28737
411 1791255448230294 33679
412 1791255448245709 28483
413 1791255448266906 23238
414 1791255448291910 35344
415 1791255448312886 28841
416 1791255448324310 28010
417 1791255448344498 26253
418 1791255448367971 28788
419 1791255448396313 34947
420 1791255448409025 32872
421 1791255448423016 26700
422 1791255448446187 29916
423 1791255448463164 25985
424 1791255448485606 27644
425 1791255448507111 23553
426 1791255448525249 23701
427 1791255448549188 29658
428 1791255448566261 29505
429 1791255448589426 28980
430 1791255448604765 26110
431 1791255448630315 32815
432 1791255448644970 28770
433 1791255448665554 29084
434 1791255448682472 26112
435 1791255448713997 31522
436 1791255448725590 28293
437 1791255448744159 26947
438 1791255448768212 30768
439 1791255448783981 27065
440 1791255448814101 31042
441 1791255448834793 31025
442 1791255448842729 26034
443 1791255448865004 28631
444 1791255448885683 26680
445 1791255448903999 25269
446 1791255448935056 32165
447 1791255448945915 29405
448 1791255448964431 28054
449 1791255448984318 27026
450 1791255449014020 29699
451 1791255449024448 25399
452 1791255449054266 30057
453 1791255449067499 30671
454 1791255449087998 30213
455 1791255449104416 27178
456 1791255449120168 23873
457 1791255449150565 30395
458 1791255449164739 27430
459 1791255449183439 25857
460 1791255449206294 30327
461 1791255449225169 28555
462 1791255449245631 27842
463 1791255449261907 24210
464 1791255449284542 27675
465 1791255449305319 27198
466 1791255449324976 27153
467 1791255449351461 32391
468 1791255449373877 37587
469 1791255449385218 28183
470 1791255449406613 26810
471 1791255449421615 25304
472 1791255449452915 31296
473 1791255449464712 27917
474 1791255449482870 26675
475 1791255449511110 28238
476 1791255449523531 26264
477 1791255449552279 35856
478 1791255449575481 35634
479 1791255449594199 35512
480 1791255449624840 44774
481 1791255449642713 43796
482 1791255449668536 50410
483 1791255449693476 50760
484 1791255449713248 56960
485 1791255449738220 55947
486 1791255449766958 65395
487 1791255449779787 62416
488 1791255449808311 71317
489 1791255449822783 65504
490 1791255449842958 66143
491 1791255449863933 67370
492 1791255449895902 73116
493 1791255449914061 71098
494 1791255449934508 76524
495 1791255449954176 75589
496 1791255449967920 72015
497 1791255449993248 76435
498 1791255450016429 74014
499 1791255450031452 75140
500 1791255450059693 78928
501 1791255450073763 74988
502 1791255450093331 76899
503 1791255450114269 73619
504 1791255450128237 72110
505 1791255450149795 68942
506 1791255450176638 78913
507 1791255450193998 76896
508 1791255450217493 80567
509 1791255450240972 84484
510 1791255450258855 82214
511 1791255450278828 80251
512 1791255450304663 87901
513 1791255450324298 83323
514 1791255450344038 85179
515 1791255450362906 84074
516 1791255450381470 80441
517 1791255450403433 84394
518 1791255450427921 90871
519 1791255450447659 84884
520 1791255450463717 86272
521 1791255450493179 94442
522 1791255450503594 86442
523 1791255450523107 87071
524 1791255450539523 83757
525 1791255450564299 85305
526 1791255450580127 83417
527 1791255450605962 87929
528 1791255450630035 93284
529 1791255450658111 93808
530 1791255450673487 93358
531 1791255450693048 96303
532 1791255450703775 86070
533 1791255450724150 87313
534 1791255450743556 85442
535 1791255450758692 80273
536 1791255450772710 75220
537 1791255450792440 73886
538 1791255450802748 66227
539 1791255450823740 65044
540 1791255450836046 60251
541 1791255450863559 60809
542 1791255450881675 58981
543 1791255450891272 55261
544 1791255450912171 55636
545 1791255450923778 46307
546 1791255450942498 44764
547 1791255450959304 39663
548 1791255450975875 39571
549 1791255450986233 27406
550 1791255451001928 26049
551 1791255451033275 31714
552 1791255451045055 28305
553 1791255451063187 26634
554 1791255451081760 22393
555 1791255451105977 27092
556 1791255451124137 27227
557 1791255451147679 31399
558 1791255451174169 31219
559 1791255451188712 31216
560 1791255451213415 35165
561 1791255451225724 27586
562 1791255451245601 26446
563 1791255451263764 25857
564 1791255451285606 26896
565 1791255451305523 28213
566 1791255451331256 31402
567 1791255451354737 37802
568 1791255451367350 29673
569 1791255451384475 23951
570 1791255451410441 32593
571 1791255451431952 31182
572 1791255451454538 30868
573 1791255451469980 33954
574 1791255451492471 29085
575 1791255451503225 26820
576 1791255451527842 29963
577 1791255451538953 22255
578 1791255451565389 28719
579 1791255451584464 25049
580 1791255451604568 27819
581 1791255451623261 24747
582 1791255451644126 26992
583 1791255451665087 24959
584 1791255451684805 27714
585 1791255451709192 32179
586 1791255451723883 27652
587 1791255451749257 32129
588 1791255451775543 33199
589 1791255451787640 31151
590 1791255451807082 29352
591 1791255451833436 26351
592 1791255451846113 29839
593 1791255451868139 27227
594 1791255451883409 26800
595 1791255451913668 32002
596 1791255451927168 29151
597 1791255451947092 30948
598 1791255451964021 27487
599 1791255451987175 29631
600 1791255452006154 29779
601 1791255452025646 27508
602 1791255452046979 27845
603 1791255452065173 29158
604 1791255452082599 23462
605 1791255452105761 28259
606 1791255452120381 23680
607 1791255452149481 31751
608 1791255452165340 22092
609 1791255452186959 28955
610 1791255452205752 27752
611 1791255452225057 27389
612 1791255452244127 28010
613 1791255452267251 26126
614 1791255452285348 27216
615 1791255452304915 27059
616 1791255452320465 23694
617 1791255452346158 29522
618 1791255452365535 28691
619 1791255452388265 30107
620 1791255452408637 31855
621 1791255452430419 33775
622 1791255452454165 30527
623 1791255452473861 31268
624 1791255452493116 31240
625 1791255452508178 32156
626 1791255452533189 31881
627 1791255452544271 26939
628 1791255452566770 30215
629 1791255452584594 27182
630 1791255452603708 27444
631 1791255452625893 28994
632 1791255452653780 30107
633 1791255452675803 32450
634 1791255452693247 30032
635 1791255452704940 29135
636 1791255452729660 32359
637 1791255452745387 28951
638 1791255452761300 25298
639 1791255452785795 28236
640 1791255452808465 28640
641 1791255452830198 34116
642 1791255452855596 32550
643 1791255452866175 28929
644 1791255452889549 30787
645 1791255452905765 28862
646 1791255452926382 28592
647 1791255452938365 21887
648 1791255452967613 29245
649 1791255452983821 27185
650 1791255453007314 25849
651 1791255453025708 28823
652 1791255453043611 24092
653 1791255453065545 27342
654 1791255453087269 27969
655 1791255453113519 31917
656 1791255453134240 31491
657 1791255453144810 22082
658 1791255453169177 29216
659 1791255453189199 32983
660 1791255453210106 26950
661 1791255453226024 29680
662 1791255453253869 33427
663 1791255453276635 38698
664 1791255453300845 40098
665 1791255453317132 40518
666 1791255453347321 46472
667 1791255453367817 50681
668 1791255453392598 56163
669 1791255453414696 57420
670 1791255453436277 58165
671 1791255453466186 62991
672 1791255453485870 69520
673 1791255453507089 70809
674 1791255453535995 77989
675 1791255453554942 77936
676 1791255453574088 78005
677 1791255453595049 78453
678 1791255453616651 80652
679 1791255453639031 77361
680 1791255453653280 75246
681 1791255453683903 86800
682 1791255453695361 78707
683 1791255453715187 76153
684 1791255453734738 78271
685 1791255453772085 88178
686 1791255453772089 74780
687 1791255453804310 84093
688 1791255453824376 84466
689 1791255453843734 87128
690 1791255453862337 86120
691 1791255453884037 85186
692 1791255453901790 83601
693 1791255453924428 87632
694 1791255453944630 87693
695 1791255453967001 88717
696 1791255453983928 82134
697 1791255454002896 84372
698 1791255454018177 81257
699 1791255454040777 79840
700 1791255454053912 77064
701 1791255454068278 71569
702 1791255454088550 70370
703 1791255454118601 77821
704 1791255454127070 70494
705 1791255454154939 77768
706 1791255454172553 67043
707 1791255454184236 65633
708 1791255454202702 65288
709 1791255454225269 65056
710 1791255454244183 65303
711 1791255454261202 58539
712 1791255454271371 54270
713 1791255454293226 54425
714 1791255454313334 54844
715 1791255454323961 45703
716 1791255454340987 43018
717 1791255454356969 38971
718 1791255454372135 34037
719 1791255454386741 29770
720 1791255454405403 28994
721 1791255454426649 30300
722 1791255454442938 24588
723 1791255454467873 31184
724 1791255454489516 28848
725 1791255454509169 33098
726 1791255454524274 27095
727 1791255454548166 31730
728 1791255454573693 31794
729 1791255454584123 27754
730 1791255454605580 27231
731 1791255454624821 26794
732 1791255454638179 21101
733 1791255454664734 28616
734 1791255454688648 29519
735 1791255454710020 31860
736 1791255454728376 30967
737 1791255454752690 30796
738 1791255454766157 25972
739 1791255454786012 28627
740 1791255454802835 22262
741 1791255454831403 28565
742 1791255454844718 27709
743 1791255454866955 27102
744 1791255454886199 29850
745 1791255454904923 28013
746 1791255454927464 30746
747 1791255454946672 26506
748 1791255454969307 29279
749 1791255454984220 27426
750 1791255455006075 29298
751 1791255455030633 29103
752 1791255455044345 27742
753 1791255455073432 36694
754 1791255455087783 29265
755 1791255455105267 28404
756 1791255455126630 30425
757 1791255455144927 27746
758 1791255455163676 25083
759 1791255455185928 29713
760 1791255455202331 26447
761 1791255455224403 22070
762 1791255455245646 28069
763 1791255455264752 25567
764 1791255455281268 23890
765 1791255455315536 34265
766 1791255455334969 30747
767 1791255455346136 28857
768 1791255455373918 35111
769 1791255455385627 27274
770 1791255455403834 23503
771 1791255455424689 23157
772 1791255455445267 29259
773 1791255455471471 34010
774 1791255455486193 29043
775 1791255455507598 30565
776 1791255455529887 32740
777 1791255455550968 34001
778 1791255455573981 31005
779 1791255455585861 28243
780 1791255455604858 27536
781 1791255455625415 27220
782 1791255455645237 26075
783 1791255455672547 31535
784 1791255455684381 27180
785 1791255455704529 26585
786 1791255455724162 27496
787 1791255455753903 36586
788 1791255455765518 27079
789 1791255455784646 26833
790 1791255455807412 27765
791 1791255455832204 31450
792 1791255455844224 25749
793 1791255455865208 26036
794 1791255455886234 29872
795 1791255455908781 25018
796 1791255455925164 28582
797 1791255455945640 28948
798 1791255455964571 27988
799 1791255455984192 26068
800 1791255456015518 31896
801 1791255456029449 32192
802 1791255456052124 29544
803 1791255456067010 29030
804 1791255456083887 27639
805 1791255456105451 27950
806 1791255456132166 33636
807 1791255456143808 25352
808 1791255456164965 27617
809 1791255456188170 31049
810 1791255456213955 31982
811 1791255456234946 32865
812 1791255456257412 33362
813 1791255456264011 27736
814 1791255456286190 28774
815 1791255456318500 35942
816 1791255456334419 30038
817 1791255456346282 27778
818 1791255456372518 35157
819 1791255456396034 39378
820 1791255456414492 37288
821 1791255456438189 42152
822 1791255456472746 51703
823 1791255456493162 54968
824 1791255456513450 55415
825 1791255456535825 58188
826 1791255456558150 57988
827 1791255456593819 69514
828 1791255456604433 68605
829 1791255456624526 66705
830 1791255456653856 75423
831 1791255456680115 81910
832 1791255456706069 82656
833 1791255456725839 86615
834 1791255456757777 98671
835 1791255456776066 95947
836 1791255456800223 103019
837 1791255456816369 98945
838 1791255456842212 102691
839 1791255456864449 106807
840 1791255456877747 101773
841 1791255456906187 106702
842 1791255456917033 100661
843 1791255456943407 105124
844 1791255456962573 102266
845 1791255456976380 98630
846 1791255457002753 101072
847 1791255457023788 107227
848 1791255457044084 107273
849 1791255457064689 107824
850 1791255457082055 105671
851 1791255457104503 106237
852 1791255457122725 106289
853 1791255457152350 113906
854 1791255457172082 115670
855 1791255457190420 111088
856 1791255457206035 106611
857 1791255457224644 101917
858 1791255457241794 104892
859 1791255457258055 99910
860 1791255457277683 100921
861 1791255457291659 94570
862 1791255457314063 89415
863 1791255457325520 88219
864 1791255457343269 85713
865 1791255457366367 88681
866 1791255457383650 80853
867 1791255457398932 80110
868 1791255457415577 78106
869 1791255457436597 79428
870 1791255457448261 71284
871 1791255457463393 67653
872 1791255457488326 64041
873 1791255457488333 51734
874 1791255457504542 47408
875 1791255457514979 36911
876 1791255457543176 45253
877 1791255457553849 36486
878 1791255457583807 40628
879 1791255457605133 34067
880 1791255457613544 30120
881 1791255457628778 32497
882 1791255457644617 26387
883 1791255457671361 34316
884 1791255457684380 23608
885 1791255457705898 29230
886 1791255457731279 30783
887 1791255457752830 29130
888 1791255457766310 29825
889 1791255457789216 29849
890 1791255457803431 26650
891 1791255457831345 27911
892 1791255457847516 27099
893 1791255457864573 28064
894 1791255457896395 32722
895 1791255457908210 29440
896 1791255457925888 29489
897 1791255457948607 31212
898 1791255457963787 26099
899 1791255457988062 27363
900 1791255458002712 26792
901 1791255458028931 26857
902 1791255458044864 28909
903 1791255458065584 29580
904 1791255458090792 34275
905 1791255458108195 31385
906 1791255458130880 33978
907 1791255458155556 32503
908 1791255458168762 28558
909 1791255458181099 24095
910 1791255458204682 28758
911 1791255458229635 29352
912 1791255458245850 27002
913 1791255458275199 33608
914 1791255458285661 26247
915 1791255458314772 32879
916 1791255458335914 32417
917 1791255458347043 29518
918 1791255458363771 27853
919 1791255458385478 28843
920 1791255458414446 32385
921 1791255458425711 27311
922 1791255458444489 25364
923 1791255458473574 34647
924 1791255458494359 33990
925 1791255458505016 25147
926 1791255458530367 32920
927 1791255458545340 26734
928 1791255458573114 31570
929 1791255458603862 42008
930 1791255458614802 37823
931 1791255458627852 24295
932 1791255458643784 27804
933 1791255458677946 34158
934 1791255458693782 30867
935 1791255458708257 30308
936 1791255458725864 29724
937 1791255458749316 27509
938 1791255458763819 27253
939 1791255458786663 30184
940 1791255458806733 29806
941 1791255458833507 32318
942 1791255458848557 26398
943 1791255458862444 24947
944 1791255458883894 21524
945 1791255458909493 26329
946 1791255458928487 29348
947 1791255458942604 25752
948 1791255458964004 26554
949 1791255458984048 24652
950 1791255459004527 26862
951 1791255459025333 26828
952 1791255459044291 26115
953 1791255459069226 30231
954 1791255459087641 30058
955 1791255459105642 28478
956 1791255459133303 37021
957 1791255459144537 25954
958 1791255459164260 27232
959 1791255459190457 31782
960 1791255459214465 31010
961 1791255459228812 32186
962 1791255459246188 28306
963 1791255459263677 27594
964 1791255459296284 32603
965 1791255459310341 34393
966 1791255459324815 28527
967 1791255459344449 27723
968 1791255459366481 24106
969 1791255459385463 28035
970 1791255459408815 27226
971 1791255459426591 29815
972 1791255459446661 29776
973 1791255459464223 26680
974 1791255459485561 29499
975 1791255459504259 26100
976 1791255459527991 29654
977 1791255459544164 26935
978 1791255459572496 28571
979 1791255459584753 26503
980 1791255459606153 28786
981 1791255459624373 24413
982 1791255459646021 25926
983 1791255459669878 33284
984 1791255459693964 31258
985 1791255459704357 28292
986 1791255459733699 33445
987 1791255459746737 29420
988 1791255459764004 24641
989 1791255459786308 23378
990 1791255459803319 26411
991 1791255459832002 28681
992 1791255459843400 25685
993 1791255459862750 25373
994 1791255459888523 31899
995 1791255459904223 26514
996 1791255459923836 26464
997 1791255459946204 29543
998 1791255459964893 27813
999 1791255459987894 28661
1000 1791255460011730 29088
1001 1791255460030671 30794
1002 1791255460044812 27380
1003 1791255460064445 28097
1004 1791255460088889 26413
1005 1791255460104816 27877
1006 1791255460130528 34116
1007 1791255460142443 26349
1008 1791255460168127 31370
1009 1791255460188697 31627
1010 1791255460205257 22678
1011 1791255460219054 23205
1012 1791255460250613 32991
1013 1791255460262621 26357
1014 1791255460292442 33268
1015 1791255460303031 23706
1016 1791255460324572 26424
1017 1791255460348016 28697
1018 1791255460380130 37892
1019 1791255460391801 35587
1020 1791255460415323 35190
1021 1791255460434334 38259
1022 1791255460464927 41367
1023 1791255460481935 44927
1024 1791255460514275 51127
1025 1791255460530856 53556
1026 1791255460556379 57377
1027 1791255460585694 61932
1028 1791255460604113 68015
1029 1791255460620388 64006
1030 1791255460644974 66718
1031 1791255460667498 71339
1032 1791255460691325 70925
1033 1791255460707237 67815
1034 1791255460734840 73632
1035 1791255460759663 79728
1036 1791255460779447 82498
1037 1791255460794418 76802
1038 1791255460811435 74804
1039 1791255460833827 74161
1040 1791255460853570 74119
1041 1791255460882790 83954
1042 1791255460894342 72306
1043 1791255460915992 79961
1044 1791255460935733 78789
1045 1791255460957162 74367
1046 1791255460974745 75207
1047 1791255460994910 78914
1048 1791255461015850 80114
1049 1791255461040007 82842
1050 1791255461063902 87515
1051 1791255461080156 83725
1052 1791255461100208 84354
1053 1791255461118749 82316
1054 1791255461144447 86998
1055 1791255461155041 78770
1056 1791255461174152 76194
1057 1791255461200068 81313
1058 1791255461216572 77990
1059 1791255461242057 78881
1060 1791255461253852 75039
1061 1791255461272613 72542
1062 1791255461301775 85198
1063 1791255461314598 72593
1064 1791255461326307 70203
1065 1791255461356459 70795
1066 1791255461373827 72048
1067 1791255461386915 69994
1068 1791255461410709 70883
1069 1791255461415483 59230
1070 1791255461432393 56353
1071 1791255461447265 50645
1072 1791255461464679 47577
1073 1791255461482738 43865
1074 1791255461496191 37162
1075 1791255461509181 32622
1076 1791255461525196 29003
1077 1791255461545787 28838
1078 1791255461573365 33458
1079 1791255461586688 29522
1080 1791255461610017 31800
1081 1791255461627756 29585
1082 1791255461643522 26121
1083 1791255461673528 34091
1084 1791255461684162 27568
1085 1791255461713314 31106
1086 1791255461728468 30600
1087 1791255461753006 31493
1088 1791255461768063 30758
1089 1791255461781910 25337
1090 1791255461803342 27152
1091 1791255461826895 30001
1092 1791255461848105 31547
1093 1791255461865245 28902
1094 1791255461884657 24740
1095 1791255461907651 27283
1096 1791255461922016 24971
1097 1791255461946416 25294
1098 1791255461964670 25080
1099 1791255461985601 28676
1100 1791255462006220 29413
1101 1791255462024159 25431
1102 1791255462052667 33140
1103 1791255462068760 26370
1104 1791255462086771 30330
1105 1791255462107282 30665
1106 1791255462123921 27299
1107 1791255462144742 28172
1108 1791255462165579 29200
1109 1791255462192510 33080
1110 1791255462207483 28966
1111 1791255462230819 31677
1112 1791255462255201 32303
1113 1791255462282914 39316
1114 1791255462293450 32119
1115 1791255462305917 29370
1116 1791255462328626 27898
1117 1791255462343250 26335
1118 1791255462366302 29020
1119 1791255462382841 24820
1120 1791255462404702 28220
1121 1791255462426529 29684
1122 1791255462445213 28839
1123 1791255462467364 26030
1124 1791255462491193 34366
1125 1791255462512841 29139
1126 1791255462523838 24704
1127 1791255462545048 28871
1128 1791255462574043 34283
1129 1791255462585255 28336
1130 1791255462600571 24228
1131 1791255462624344 27872
1132 1791255462644877 27391
1133 1791255462662036 24851
1134 1791255462683143 26227
1135 1791255462714689 31544
1136 1791255462726167 29391
1137 1791255462751246 29562
1138 1791255462773102 29600
1139 1791255462784125 26742
1140 1791255462803889 22839
1141 1791255462828799 32269
1142 1791255462845400 27121
1143 1791255462866013 29519
1144 1791255462884313 26285
1145 1791255462904828 25595
1146 1791255462926782 27740
1147 1791255462943431 27167
1148 1791255462969954 31217
1149 1791255462988320 29029
1150 1791255463016093 32808
1151 1791255463028050 31143
1152 1791255463048801 32705
1153 1791255463069074 25826
1154 1791255463086651 29277
1155 1791255463112656 30353
1156 1791255463128745 27568
1157 1791255463142832 26752
1158 1791255463174174 31339
1159 1791255463188635 31441
1160 1791255463206642 29326
1161 1791255463220472 20649
1162 1791255463242677 22202
1163 1791255463270328 27648
1164 1791255463284216 26914
1165 1791255463305208 25068
1166 1791255463322082 22829
1167 1791255463347644 30303
1168 1791255463364678 23483
1169 1791255463378068 22132
1170 1791255463402418 26449
1171 1791255463432733 34070
1172 1791255463443170 26134
1173 1791255463461325 22637
1174 1791255463482913 21584
1175 1791255463503884 27459
1176 1791255463523914 25742
1177 1791255463542194 24937
1178 1791255463563308 21156
1179 1791255463581772 24609
1180 1791255463604834 27776
1181 1791255463623475 23294
1182 1791255463643497 24964
1183 1791255463665193 21744
1184 1791255463681702 21008
1185 1791255463702818 21112
1186 1791255463724158 21389
1187 1791255463743799 27411
1188 1791255463761748 21769
1189 1791255463781466 23206
1190 1791255463803111 26647
1191 1791255463824154 26841
1192 1791255463845368 21210
1193 1791255463864424 24801
1194 1791255463885713 26317
1195 1791255463902000 21063
1196 1791255463928860 26856
1197 1791255463945492 23602
1198 1791255463962786 26520
1199 1791255463984689 25760
1200 1791255464005077 28201
1201 1791255464028454 28928
1202 1791255464041672 24700
1203 1791255464063630 25051
1204 1791255464079562 21970
1205 1791255464099497 21195
1206 1791255464120589 23849
1207 1791255464142764 25807
1208 1791255464166890 24123
1209 1791255464182172 25888
1210 1791255464203589 21414
1211 1791255464225540 28942
1212 1791255464241909 22915
1213 1791255464267486 25663
1214 1791255464284110 22213
1215 1791255464304550 20422
1216 1791255464320451 21241
1217 1791255464340912 23761
1218 1791255464362078 23776
1219 1791255464383822 26560
1220 1791255464404927 21101
1221 1791255464425165 26995
1222 1791255464443119 23847
1223 1791255464466481 23405
1224 1791255464485241 29050
1225 1791255464509489 24245
1226 1791255464529282 26731
1227 1791255464544998 22282
1228 1791255464562465 23723
1229 1791255464581732 24701
1230 1791255464601488 22653
1231 1791255464622404 26518
1232 1791255464643800 21392
1233 1791255464669357 25554
1234 1791255464689053 26945
1235 1791255464703399 25809
1236 1791255464729029 25627
1237 1791255464745444 22145
1238 1791255464764198 28094
1239 1791255464784515 24989
1240 1791255464805821 26616
1241 1791255464822747 22443
1242 1791255464846567 29941
1243 1791255464864400 23718
1244 1791255464886184 27522
1245 1791255464905945 24969
1246 1791255464918781 21280
1247 1791255464945829 27127
1248 1791255464964080 22616
1249 1791255464978187 21463
1250 1791255465002823 24635
1251 1791255465027981 25155
1252 1791255465043517 21587
1253 1791255465066521 27794
1254 1791255465082625 22292
1255 1791255465104394 21766
1256 1791255465117781 22066
1257 1791255465143086 25634
1258 1791255465164268 26584
1259 1791255465181104 22382
1260 1791255465202572 23951
1261 1791255465232968 36032
1262 1791255465243545 23623
1263 1791255465264646 23513
1264 1791255465284733 24001
1265 1791255465302868 23673
1266 1791255465324472 27157
1267 1791255465343834 24706
1268 1791255465363111 25066
1269 1791255465377359 21419
1270 1791255465405632 28271
1271 1791255465424768 26715
1272 1791255465441270 22653
1273 1791255465464911 26565
1274 1791255465484851 25802
1275 1791255465504417 26299
1276 1791255465524473 24737
1277 1791255465543651 26880
1278 1791255465570809 29760
1279 1791255465583817 20733
1280 1791255465604288 21001
1281 1791255465628306 31727
1282 1791255465642642 21224
1283 1791255465660574 24116
1284 1791255465681966 25901
1285 1791255465702329 20829
1286 1791255465723240 26557
1287 1791255465743267 24055
1288 1791255465763363 25616
1289 1791255465782526 24483
1290 1791255465813210 30679
1291 1791255465823916 24867
1292 1791255465843528 23515
1293 1791255465865919 28467
1294 1791255465882094 24282
1295 1791255465906500 30155
1296 1791255465921394 21056
1297 1791255465947587 29485
1298 1791255465965008 23815
1299 1791255465981112 23579
1300 1791255466002402 25692
1301 1791255466023417 21012
1302 1791255466044120 20748
1303 1791255466070636 26513
1304 1791255466084564 27738
1305 1791255466101972 23194
1306 1791255466123861 21885
1307 1791255466142140 24176
1308 1791255466157899 21575
1309 1791255466178977 21074
1310 1791255466204535 27565
1311 1791255466225258 25136
1312 1791255466244565 26565
1313 1791255466271287 26719
1314 1791255466285139 24616
1315 1791255466303296 25895
1316 1791255466329438 30848
1317 1791255466349730 29449
1318 1791255466362034 24569
1319 1791255466385595 23607
1320 1791255466405644 24891
1321 1791255466424917 26684
1322 1791255466457709 39062
1323 1791255466474297 37605
1324 1791255466495720 38189
1325 1791255466528277 51424
1326 1791255466545842 50119
1327 1791255466584401 68327
1328 1791255466604027 59941
1329 1791255466621965 65698
1330 1791255466640332 63003
1331 1791255466669497 72928
1332 1791255466691631 71342
1333 1791255466714109 75682
1334 1791255466725319 63022
1335 1791255466752860 69436
1336 1791255466774152 70432
1337 1791255466787454 69899
1338 1791255466804681 65774
1339 1791255466835614 74720
1340 1791255466846463 69022
1341 1791255466864717 67789
1342 1791255466883417 67450
1343 1791255466914492 73692
1344 1791255466936925 79961
1345 1791255466955840 79972
1346 1791255466975514 73585
1347 1791255466993146 69940
1348 1791255467013622 76796
1349 1791255467029007 73165
1350 1791255467054855 72801
1351 1791255467083058 80049
1352 1791255467104877 87198
1353 1791255467124081 86981
1354 1791255467144900 83229
1355 1791255467156724 80879
1356 1791255467182467 85131
1357 1791255467204278 85231
1358 1791255467229697 86796
1359 1791255467238418 81971
1360 1791255467265970 89644
1361 1791255467290342 86901
1362 1791255467311918 94806
1363 1791255467337704 100322
1364 1791255467355481 98880
1365 1791255467374216 96859
1366 1791255467400271 97376
1367 1791255467416580 94745
1368 1791255467437623 99916
1369 1791255467452826 89192
1370 1791255467476682 93728
1371 1791255467491505 94519
1372 1791255467514034 97451
1373 1791255467530718 93257
1374 1791255467551992 95548
1375 1791255467574785 98094
1376 1791255467603445 106395
1377 1791255467627760 110918
1378 1791255467655615 118539
1379 1791255467682309 125567
1380 1791255467696950 115670
1381 1791255467720649 123334
1382 1791255467734483 114039
1383 1791255467755375 119311
1384 1791255467775307 112619
1385 1791255467797435 121179
1386 1791255467829855 132902
1387 1791255467844760 124108
1388 1791255467869714 132078
1389 1791255467875012 111947
1390 1791255467902119 118870
1391 1791255467922947 125508
1392 1791255467930517 113819
1393 1791255467948990 111968
1394 1791255467975123 118366
1395 1791255468002061 118644
1396 1791255468023692 121568
1397 1791255468035528 117850
1398 1791255468054853 115842
1399 1791255468076241 115923
1400 1791255468081576 103352
1401 1791255468099026 100372
1402 1791255468115684 94694
1403 1791255468129288 84919
1404 1791255468149924 93481
1405 1791255468163716 87471
1406 1791255468180208 81178
1407 1791255468194805 79117
1408 1791255468207389 64470
1409 1791255468229218 72067
1410 1791255468247837 69144
1411 1791255468259527 60734
1412 1791255468274125 57526
1413 1791255468287383 43808
1414 1791255468299093 41667
1415 1791255468309589 33083
1416 1791255468334272 35498
1417 1791255468349180 30180
1418 1791255468367959 27275
1419 1791255468385347 27342
1420 1791255468404063 27652
1421 1791255468427084 29626
1422 1791255468447435 28106
1423 1791255468469408 30910
1424 1791255468479802 23102
1425 1791255468507754 30302
1426 1791255468534669 37931
1427 1791255468561847 38805
1428 1791255468573286 30052
1429 1791255468593882 36745
1430 1791255468611874 34675
1431 1791255468629190 28571
1432 1791255468648239 25783
1433 1791255468669493 33019
1434 1791255468695182 31510
1435 1791255468704348 27631
1436 1791255468724814 25048
1437 1791255468750798 33019
1438 1791255468767818 31203
1439 1791255468799299 43394
1440 1791255468815003 38966
1441 1791255468838325 39021
1442 1791255468857997 37079
1443 1791255468871672 35039
1444 1791255468890506 32936
1445 1791255468923030 39183
1446 1791255468933421 32611
1447 1791255468952457 33033
1448 1791255468981003 37191
1449 1791255468984240 27553
1450 1791255469017652 41320
1451 1791255469032554 35914
1452 1791255469052364 34901
1453 1791255469075854 37986
1454 1791255469096192 32832
1455 1791255469111330 35473
1456 1791255469128619 32672
1457 1791255469147248 30254
1458 1791255469173318 36195
1459 1791255469199043 39875
1460 1791255469218847 39696
1461 1791255469233979 34933
1462 1791255469247542 28770
1463 1791255469276087 39307
1464 1791255469289095 27053
1465 1791255469306351 30259
1466 1791255469323470 24818
1467 1791255469361191 44102
1468 1791255469384441 41994
1469 1791255469395875 36136
1470 1791255469420812 40823
1471 1791255469435824 39947
1472 1791255469454181 33554
1473 1791255469471609 35781
1474 1791255469492333 29100
1475 1791255469518272 36335
1476 1791255469534854 38034
1477 1791255469547184 28907
1478 1791255469565168 27490
1479 1791255469590263 31558
1480 1791255469616333 35955
1481 1791255469644878 47072
1482 1791255469654267 37931
1483 1791255469677900 36629
1484 1791255469693687 36605
1485 1791255469713701 35798
1486 1791255469735749 39860
1487 1791255469764457 39895
1488 1791255469772933 37181
1489 1791255469793385 36851
1490 1791255469813145 32348
1491 1791255469835351 37590
1492 1791255469863831 40538
1493 1791255469878703 37585
1494 1791255469898503 41627
1495 1791255469923492 44786
1496 1791255469936673 38342
1497 1791255469959171 35677
1498 1791255469976176 39500
1499 1791255469996961 40792
1500 1791255470014310 38132
1501 1791255470036812 40329
1502 1791255470057906 35434
1503 1791255470079671 42857
1504 1791255470100222 43108
1505 1791255470114578 34904
1506 1791255470138985 40892
1507 1791255470167986 43967
1508 1791255470176320 38924
1509 1791255470194563 38131
1510 1791255470215063 38741
1511 1791255470244398 42154
1512 1791255470265633 42467
1513 1791255470279602 42421
1514 1791255470299032 40726
1515 1791255470330065 50459
1516 1791255470351477 53498
1517 1791255470364707 47897
1518 1791255470392813 56360
1519 1791255470402632 44458
1520 1791255470426411 50451
1521 1791255470453548 57102
1522 1791255470466185 48192
1523 1791255470484360 47565
1524 1791255470505362 48086
1525 1791255470522935 46320
1526 1791255470539803 41666
1527 1791255470567475 50691
1528 1791255470584859 47083
1529 1791255470595247 38261
1530 1791255470630960 53914
1531 1791255470645120 47525
1532 1791255470675783 54143
1533 1791255470695545 59450
1534 1791255470716986 60367
1535 1791255470726692 50906
1536 1791255470757774 52306
1537 1791255470765515 48524
1538 1791255470782675 45486
1539 1791255470806795 49017
1540 1791255470838757 61511
1541 1791255470864094 66016
1542 1791255470875467 59018
1543 1791255470899377 61653
1544 1791255470923299 61991
1545 1791255470936153 51642
1546 1791255470958549 60341
1547 1791255470974723 52702
1548 1791255471003750 67595
1549 1791255471014934 57413
1550 1791255471039880 56300
1551 1791255471053676 56840
1552 1791255471071809 55136
1553 1791255471093833 53971
1554 1791255471103162 45367
1555 1791255471134810 58103
1556 1791255471158234 61593
1557 1791255471176420 59445
1558 1791255471193894 51207
1559 1791255471224323 67441
1560 1791255471243780 67356
1561 1791255471256259 55659
1562 1791255471277037 60019
1563 1791255471313888 70964
1564 1791255471332037 75776
1565 1791255471348690 71650
1566 1791255471365159 64303
1567 1791255471373376 51562
1568 1791255471397862 60906
1569 1791255471422680 66068
1570 1791255471442357 65159
1571 1791255471458187 60439
1572 1791255471492354 76054
1573 1791255471506694 70456
1574 1791255471515899 58936
1575 1791255471534203 52327
1576 1791255471557784 60978
1577 1791255471587487 71585
1578 1791255471616656 79556
1579 1791255471616679 60463
1580 1791255471642909 66081
1581 1791255471654644 56468
1582 1791255471674054 57395
1583 1791255471708165 68320
1584 1791255471726108 69497
1585 1791255471753561 69665
1586 1791255471770038 70538
1587 1791255471793347 69838
1588 1791255471801396 64984
1589 1791255471834465 70664
1590 1791255471844377 65261
1591 1791255471864693 64941
1592 1791255471885293 62043
1593 1791255471901348 64803
1594 1791255471916284 58651
1595 1791255471951955 74668
1596 1791255471966173 67110
1597 1791255471985704 69418
1598 1791255472002798 63468
1599 1791255472029706 73190
1600 1791255472054384 76944
1601 1791255472069897 71685
1602 1791255472097529 74282
1603 1791255472113394 76872
1604 1791255472133055 75707
1605 1791255472148898 71544
1606 1791255472165729 68637
1607 1791255472183467 63599
1608 1791255472195071 57444
1609 1791255472222279 65649
1610 1791255472244140 66987
1611 1791255472265416 61621
1612 1791255472273023 50985
1613 1791255472284853 41875
1614 1791255472295800 39047
1615 1791255472316143 38906
1616 1791255472331459 35657
1617 1791255472352442 36427
1618 1791255472369453 32192
1619 1791255472400987 38352
1620 1791255472406499 29787
1621 1791255472434346 33357
1622 1791255472450170 33401
1623 1791255472483951 40319
1624 1791255472495131 37369
1625 1791255472505414 28757
1626 1791255472529299 32569
1627 1791255472547696 30282
1628 1791255472576175 33104
1629 1791255472593674 37233
1630 1791255472609948 33770
1631 1791255472634152 31146
1632 1791255472647588 24171
1633 1791255472664246 27787
1634 1791255472689497 31703
1635 1791255472705010 27101
1636 1791255472729373 32364
1637 1791255472751809 33694
1638 1791255472765712 28969
1639 1791255472791187 34523
1640 1791255472805941 27675
1641 1791255472832699 35054
1642 1791255472846837 30481
1643 1791255472874766 38703
1644 1791255472883389 26173
1645 1791255472910228 31845
1646 1791255472931702 34831
1647 1791255472951611 27669
1648 1791255472966640 26090
1649 1791255473003362 39981
1650 1791255473010468 34379
1651 1791255473033460 35036
1652 1791255473054677 36959
1653 1791255473089230 52230
1654 1791255473095458 34758
1655 1791255473112073 35284
1656 1791255473145549 44474
1657 1791255473155790 31990
1658 1791255473173728 36186
1659 1791255473183784 27980
1660 1791255473213391 34540
1661 1791255473226149 26591
1662 1791255473245421 28735
1663 1791255473264088 26382
1664 1791255473292427 35053
1665 1791255473310811 34033
1666 1791255473333716 29874
1667 1791255473360864 44037
1668 1791255473364796 24795
1669 1791255473404831 47603
1670 1791255473410217 33211
1671 1791255473431053 31300
1672 1791255473453133 36111
1673 1791255473475158 38140
1674 1791255473495847 38928
1675 1791255473519459 40000
1676 1791255473540949 45095
1677 1791255473556868 36765
1678 1791255473574239 34644
1679 1791255473600311 43437
1680 1791255473608376 31268
1681 1791255473632937 32621
1682 1791255473645756 28874
1683 1791255473676050 37921
1684 1791255473693720 35018
1685 1791255473703694 27642
1686 1791255473731550 28433
1687 1791255473753013 36902
1688 1791255473767979 25888
1689 1791255473793882 33525
1690 1791255473813155 36212
1691 1791255473828454 28496
1692 1791255473846947 30265
1693 1791255473873219 29724
1694 1791255473898971 36266
1695 1791255473916083 33233
1696 1791255473934832 35856
1697 1791255473953447 37362
1698 1791255473969615 31649
1699 1791255473993100 29905
1700 1791255474012602 34993
1701 1791255474034581 31111
1702 1791255474060857 37543
1703 1791255474076354 38785
1704 1791255474095299 37690
1705 1791255474113130 36773
1706 1791255474137603 39804
1707 1791255474153599 35626
1708 1791255474176141 38534
1709 1791255474195510 33403
1710 1791255474220384 44239
1711 1791255474245175 46088
1712 1791255474260229 42200
1713 1791255474279921 40832
1714 1791255474295600 35367
1715 1791255474314780 36122
1716 1791255474354610 51862
1717 1791255474355899 39711
1718 1791255474380281 41376
1719 1791255474398288 42386
1720 1791255474413095 34515
1721 1791255474444624 47031
1722 1791255474455183 38695
1723 1791255474478524 39751
1724 1791255474496630 32694
1725 1791255474522357 44672
1726 1791255474536748 40114
1727 1791255474561254 44524
1728 1791255474584883 48131
1729 1791255474603598 47540
1730 1791255474629309 52876
1731 1791255474651493 47892
1732 1791255474657619 38132
1733 1791255474684131 45626
1734 1791255474698679 41683
1735 1791255474727777 44998
1736 1791255474742628 46335
1737 1791255474764850 48098
1738 1791255474775902 38925
1739 1791255474805857 48337
1740 1791255474836282 60376
1741 1791255474861828 65424
1742 1791255474884727 67581
1743 1791255474896147 59861
1744 1791255474918934 57102
1745 1791255474935239 57233
1746 1791255474947398 51248
1747 1791255474963569 44632
1748 1791255474982718 45666
1749 1791255475013597 55057
1750 1791255475028073 50935
1751 1791255475053326 56596
1752 1791255475067336 49814
1753 1791255475084577 42351
1754 1791255475109186 52512
1755 1791255475135357 53284
1756 1791255475143676 46310
1757 1791255475173234 55741
1758 1791255475195449 56928
1759 1791255475211746 55576
1760 1791255475244668 61146
1761 1791255475264419 60649
1762 1791255475274063 51114
1763 1791255475296087 59988
1764 1791255475313564 56571
1765 1791255475325511 48753
1766 1791255475358078 61988
1767 1791255475381628 64073
1768 1791255475389043 45739
1769 1791255475416509 58429
1770 1791255475428975 50699
1771 1791255475461908 59323
1772 1791255475479810 63299
1773 1791255475496026 59317
1774 1791255475515614 54256
1775 1791255475528900 49087
1776 1791255475552665 56637
1777 1791255475570375 52569
1778 1791255475594895 58364
1779 1791255475614298 57447
1780 1791255475636810 55048
1781 1791255475649837 51042
1782 1791255475673786 50541
1783 1791255475693045 56232
1784 1791255475715401 58460
1785 1791255475736466 52786
1786 1791255475750443 46907
1787 1791255475773531 54330
1788 1791255475789679 53210
1789 1791255475812868 56130
1790 1791255475834820 51929
1791 1791255475853354 55175
1792 1791255475874247 56367
1793 1791255475895199 57427
1794 1791255475916147 56460
1795 1791255475942136 64044
1796 1791255475970495 66883
1797 1791255475970503 54353
1798 1791255475999604 59754
1799 1791255476013510 53566
1800 1791255476036525 58933
1801 1791255476057388 58588
1802 1791255476073788 53213
1803 1791255476089526 52997
1804 1791255476112885 55493
1805 1791255476129576 53155
1806 1791255476155845 52866
1807 1791255476172213 55995
1808 1791255476191469 53273
1809 1791255476212946 57098
1810 1791255476234244 56693
1811 1791255476264710 67564
1812 1791255476285132 62285
1813 1791255476318466 73563
1814 1791255476320646 63367
1815 1791255476344136 60991
1816 1791255476367970 67025
1817 1791255476386899 68430
1818 1791255476396316 57647
1819 1791255476422471 60131
1820 1791255476436219 59484
1821 1791255476458609 62291
1822 1791255476475939 60136
1823 1791255476502210 65988
1824 1791255476509101 52651
1825 1791255476546158 70215
1826 1791255476562558 64088
1827 1791255476586555 67278
1828 1791255476609802 70273
1829 1791255476625695 66391
1830 1791255476647513 65904
1831 1791255476657249 60298
1832 1791255476686141 69965
1833 1791255476705580 63091
1834 1791255476726531 69278
1835 1791255476752972 73745
1836 1791255476775381 77879
1837 1791255476800588 75002
1838 1791255476807359 63658
1839 1791255476816378 58426
1840 1791255476843562 66589
1841 1791255476868022 68012
1842 1791255476874538 58157
1843 1791255476910895 73475
1844 1791255476926400 58375
1845 1791255476944369 65627
1846 1791255476961167 64513
1847 1791255476988897 71794
1848 1791255477002726 65628
1849 1791255477025572 64400
1850 1791255477037389 59655
1851 1791255477061502 63691
1852 1791255477087481 68008
1853 1791255477095242 57850
1854 1791255477127070 70482
1855 1791255477138279 59804
1856 1791255477156937 54215
1857 1791255477177460 61025
1858 1791255477203160 66255
1859 1791255477210563 53802
1860 1791255477238182 61721
1861 1791255477244548 43014
1862 1791255477269521 52284
1863 1791255477283547 46272
1864 1791255477314938 50699
1865 1791255477324317 41283
1866 1791255477349403 51944
1867 1791255477370870 52878
1868 1791255477381961 45287
1869 1791255477398130 41492
1870 1791255477408037 31860
1871 1791255477430186 33891
1872 1791255477455342 38921
1873 1791255477484555 40640
1874 1791255477491185 34182
1875 1791255477517261 40680
1876 1791255477525510 27471
1877 1791255477547267 30002
1878 1791255477565849 23313
1879 1791255477586704 29103
1880 1791255477605190 28600
1881 1791255477625712 29366
1882 1791255477654279 33488
1883 1791255477664349 27501
1884 1791255477690608 34141
1885 1791255477713753 35013
1886 1791255477734320 30315
1887 1791255477745254 29296
1888 1791255477781198 44384
1889 1791255477797841 39803
1890 1791255477811972 30771
1891 1791255477825001 27230
1892 1791255477855312 38937
1893 1791255477880095 43125
1894 1791255477894650 37762
1895 1791255477905392 25457
1896 1791255477940518 42777
1897 1791255477952841 32253
1898 1791255477977283 40416
1899 1791255477994204 37445
1900 1791255478014153 36866
1901 1791255478047983 45439
1902 1791255478058517 33971
1903 1791255478079313 42289
1904 1791255478095465 39067
1905 1791255478115978 37444
1906 1791255478142889 39276
1907 1791255478154750 38624
1908 1791255478178943 36051
1909 1791255478189542 33596
1910 1791255478212531 35999
1911 1791255478243836 40584
1912 1791255478272763 49437
1913 1791255478284351 41275
1914 1791255478297817 39807
1915 1791255478332447 49833
1916 1791255478341983 45263
1917 1791255478367268 44510
1918 1791255478388412 46414
1919 1791255478404955 46378
1920 1791255478420770 44129
1921 1791255478447585 49941
1922 1791255478465539 47564
1923 1791255478485491 49311
1924 1791255478512852 55630
1925 1791255478535001 57548
1926 1791255478554768 57954
1927 1791255478574703 50711
1928 1791255478584905 44162
1929 1791255478617451 54144
1930 1791255478633522 57201
1931 1791255478653449 51355
1932 1791255478673536 56074
1933 1791255478691834 54913
1934 1791255478713927 51867
1935 1791255478741240 63638
1936 1791255478752641 56606
1937 1791255478774382 57697
1938 1791255478785486 44464
1939 1791255478814294 57917
1940 1791255478831082 53721
1941 1791255478853577 54845
1942 1791255478882316 60204
1943 1791255478905596 60360
1944 1791255478916153 58125
1945 1791255478935390 55384
1946 1791255478958367 58477
1947 1791255478966753 50596
1948 1791255478989596 52380
1949 1791255479012831 55672
1950 1791255479035582 58144
1951 1791255479063410 64514
1952 1791255479080275 62340
1953 1791255479092824 55901
1954 1791255479111584 55240
1955 1791255479134247 56272
1956 1791255479160874 64170
1957 1791255479180372 57789
1958 1791255479206496 70122
1959 1791255479230526 71206
1960 1791255479244816 66109
1961 1791255479253486 53923
1962 1791255479275954 53422
1963 1791255479299018 61694
1964 1791255479305380 47802
1965 1791255479335334 59377
1966 1791255479366447 67425
1967 1791255479366454 49003
1968 1791255479396072 53747
1969 1791255479412656 55364
1970 1791255479428883 50899
1971 1791255479448800 52724
1972 1791255479467946 51500
1973 1791255479497140 60814
1974 1791255479518699 61018
1975 1791255479535098 51844
1976 1791255479559775 62632
1977 1791255479571318 52615
1978 1791255479598880 54237
1979 1791255479608747 51342
1980 1791255479628543 49660
1981 1791255479660020 61137
1982 1791255479674801 58606
1983 1791255479701011 58286
1984 1791255479714690 55147
1985 1791255479737099 56731
1986 1791255479746220 45206
1987 1791255479767588 48830
1988 1791255479792345 55243
1989 1791255479810285 50835
1990 1791255479826773 41017
1991 1791255479854556 51910
1992 1791255479874711 53164
1993 1791255479894116 53262
1994 1791255479914073 57386
1995 1791255479935881 53365
1996 1791255479959007 56310
1997 1791255479965571 45228
1998 1791255479994592 58708
1999 1791255480018737 62272
2000 1791255480034613 53870
2001 1791255480054706 55791
2002 1791255480077169 59272
2003 1791255480092059 54820
2004 1791255480119530 57033
2005 1791255480134809 57636
2006 1791255480158328 60432
2007 1791255480176626 57093
2008 1791255480200156 64228
2009 1791255480225585 67252
2010 1791255480244918 68288
2011 1791255480258148 57988
2012 1791255480277431 59740
2013 1791255480300734 63169
2014 1791255480314733 56581
2015 1791255480339166 61723
2016 1791255480364992 67190
2017 1791255480382454 66232
2018 1791255480405005 65833
2019 1791255480415917 55825
2020 1791255480436244 54083
2021 1791255480452952 56132
2022 1791255480473637 57716
2023 1791255480494475 58227
2024 1791255480507133 48832
2025 1791255480534110 50932
2026 1791255480563400 60985
2027 1791255480575542 53547
2028 1791255480594927 51384
2029 1791255480615727 58776
2030 1791255480644008 62429
2031 1791255480655572 56343
2032 1791255480686733 71003
2033 1791255480702577 66250
2034 1791255480723768 60461
2035 1791255480747412 66083
2036 1791255480760258 63777
2037 1791255480786441 62670
2038 1791255480793289 56491
2039 1791255480824866 67641
2040 1791255480836084 58261
2041 1791255480856895 57989
2042 1791255480868065 51354
2043 1791255480896414 60326
2044 1791255480923887 66988
2045 1791255480935713 52805
2046 1791255480958980 62562
2047 1791255480982851 66044
2048 1791255480994222 58506
2049 1791255481021765 62782
2050 1791255481034329 57029
2051 1791255481050157 53459
2052 1791255481073615 55525
2053 1791255481107619 65016
2054 1791255481122279 65492
2055 1791255481142452 64463
2056 1791255481161151 63294
2057 1791255481176731 54641
2058 1791255481202083 59627
2059 1791255481218396 57391
2060 1791255481244876 68143
2061 1791255481251139 50736
2062 1791255481276457 59761
2063 1791255481292247 51185
2064 1791255481335130 72570
2065 1791255481342729 66268
2066 1791255481360033 56037
2067 1791255481387034 69859
2068 1791255481407861 71366
2069 1791255481420518 63997
2070 1791255481435386 57791
2071 1791255481460589 63767
2072 1791255481496048 77443
2073 1791255481509482 71056
2074 1791255481527278 66684
2075 1791255481554084 73176
2076 1791255481559896 63845
2077 1791255481579626 62797
2078 1791255481606716 64460
2079 1791255481627598 69314
2080 1791255481636758 58111
2081 1791255481648277 50846
2082 1791255481665973 45568
2083 1791255481678014 41252
2084 1791255481701843 41059
2085 1791255481723265 46912
2086 1791255481734205 37393
2087 1791255481757332 34064
2088 1791255481772687 35700
2089 1791255481789692 32880
2090 1791255481811338 32538
2091 1791255481837361 35285
2092 1791255481852823 36165
2093 1791255481873535 36171
2094 1791255481892310 35228
2095 1791255481915450 35630
2096 1791255481932416 33981
2097 1791255481945899 28724
2098 1791255481980261 43372
2099 1791255481995667 37587
2100 1791255482013937 33673
2101 1791255482025671 30000
2102 1791255482051070 34782
2103 1791255482074280 33461
2104 1791255482094039 37483
2105 1791255482114650 36865
2106 1791255482129675 31352
2107 1791255482146454 28973
2108 1791255482173930 37924
2109 1791255482198821 38691
2110 1791255482213882 37259
2111 1791255482227916 29092
2112 1791255482245323 28156
2113 1791255482275747 39462
2114 1791255482295821 35198
2115 1791255482306484 30734
2116 1791255482336129 40305
2117 1791255482351548 34895
2118 1791255482374951 38820
2119 1791255482391527 28603
2120 1791255482410097 32238
2121 1791255482442922 40331
2122 1791255482452677 36087
2123 1791255482475219 37512
2124 1791255482492996 34535
2125 1791255482513436 37020
2126 1791255482537412 40530
2127 1791255482562962 39222
2128 1791255482582321 44904
2129 1791255482605973 43175
2130 1791255482613698 34019
2131 1791255482652186 46210
2132 1791255482652650 36456
2133 1791255482675920 32984
2134 1791255482704778 48814
2135 1791255482715333 39410
2136 1791255482751251 47538
2137 1791255482765203 42402
2138 1791255482780999 37618
2139 1791255482797640 37589
2140 1791255482824516 43507
2141 1791255482836813 39766
2142 1791255482868632 44992
2143 1791255482876413 39596
2144 1791255482896410 38965
2145 1791255482917974 41558
2146 1791255482935588 39175
2147 1791255482959624 42632
2148 1791255482986533 49140
2149 1791255482994638 36251
2150 1791255483014634 30150
2151 1791255483034614 31551
2152 1791255483057551 40556
2153 1791255483077028 33803
2154 1791255483092841 35826
2155 1791255483113502 36470
2156 1791255483134297 35078
2157 1791255483164055 46204
2158 1791255483182084 44340
2159 1791255483204160 44661
2160 1791255483229171 52744
2161 1791255483244191 44292
2162 1791255483263955 41504
2163 1791255483284398 47442
2164 1791255483312910 50783
2165 1791255483328662 51364
2166 1791255483343008 42532
2167 1791255483354396 34209
2168 1791255483380367 44608
2169 1791255483411927 54936
2170 1791255483416712 36845
2171 1791255483449096 45842
2172 1791255483465378 48662
2173 1791255483485143 48150
2174 1791255483504542 47977
2175 1791255483524763 46477
2176 1791255483550109 53488
2177 1791255483567020 49077
2178 1791255483585487 42969
2179 1791255483610390 53352
2180 1791255483627209 43158
2181 1791255483645516 48678
2182 1791255483666512 49058
2183 1791255483685255 48884
2184 1791255483708505 51677
2185 1791255483730058 51846
2186 1791255483750095 50123
2187 1791255483763086 46391
2188 1791255483792493 50118
2189 1791255483815258 58712
2190 1791255483827743 51486
2191 1791255483846748 43012
2192 1791255483865991 49259
2193 1791255483885460 47462
2194 1791255483913492 56219
2195 1791255483931468 54572
2196 1791255483954123 55520
2197 1791255483970031 51882
2198 1791255483982609 45532
2199 1791255484003638 46831
2200 1791255484039544 61059
2201 1791255484056814 54645
2202 1791255484065038 45347
2203 1791255484089698 50148
2204 1791255484106060 49242
2205 1791255484142362 52658
2206 1791255484157702 58798
2207 1791255484166589 49893
2208 1791255484194504 56602
2209 1791255484205624 47917
2210 1791255484230271 52737
2211 1791255484250993 53620
2212 1791255484281167 56875
2213 1791255484294524 50694
2214 1791255484303710 47231
2215 1791255484333662 53700
2216 1791255484349055 51165
2217 1791255484376310 60106
2218 1791255484385315 47588
2219 1791255484423636 65164
2220 1791255484423650 47336
2221 1791255484452889 53661
2222 1791255484473684 50045
2223 1791255484494783 56639
2224 1791255484514448 55386
2225 1791255484536150 59810
2226 1791255484556476 57928
2227 1791255484573725 55966
2228 1791255484589098 52944
2229 1791255484615606 59126
2230 1791255484625895 49213
2231 1791255484654582 53057
2232 1791255484671324 53818
2233 1791255484696044 59467
2234 1791255484715430 58276
2235 1791255484738231 54969
2236 1791255484754594 58546
2237 1791255484784831 58903
2238 1791255484805311 68789
2239 1791255484814662 57628
2240 1791255484840873 64381
2241 1791255484855742 59008
2242 1791255484877853 57486
2243 1791255484894615 53738
2244 1791255484913980 58234
2245 1791255484944713 66856
2246 1791255484962615 65071
2247 1791255484978706 62384
2248 1791255484998178 59971
2249 1791255485015640 57879
2250 1791255485049612 71682
2251 1791255485067145 71157
2252 1791255485085482 69822
2253 1791255485102532 65645
2254 1791255485125629 63987
2255 1791255485149130 69114
2256 1791255485162059 63422
2257 1791255485182412 65281
2258 1791255485211302 73165
2259 1791255485233949 74873
2260 1791255485251196 70772
2261 1791255485258846 61562
2262 1791255485283004 66569
2263 1791255485309249 72953
2264 1791255485325772 69413
2265 1791255485347418 71352
2266 1791255485378522 76352
2267 1791255485384414 67262
2268 1791255485406304 66189
2269 1791255485425933 66413
2270 1791255485445671 68057
2271 1791255485469653 72741
2272 1791255485490264 69644
2273 1791255485505437 69059
2274 1791255485535414 75490
2275 1791255485566485 90374
2276 1791255485577163 80208
2277 1791255485602855 82444
2278 1791255485614637 76817
2279 1791255485624529 63685
2280 1791255485651773 74608
2281 1791255485665617 63256
2282 1791255485685539 66371
2283 1791255485713307 75916
2284 1791255485733042 76253
2285 1791255485751187 73371
2286 1791255485774377 75866
2287 1791255485806889 83992
2288 1791255485819169 82501
2289 1791255485838838 75781
2290 1791255485856166 72253
2291 1791255485873096 76716
2292 1791255485893735 74564
2293 1791255485914559 75719
2294 1791255485926799 70630
2295 1791255485943443 66608
2296 1791255485965599 67480
2297 1791255485974774 54338
2298 1791255485994235 57342
2299 1791255486018226 61565
2300 1791255486028395 48079
2301 1791255486045130 42346
2302 1791255486066798 48569
2303 1791255486076658 35281
2304 1791255486088574 32120
2305 1791255486106299 29638
2306 1791255486133141 36280
2307 1791255486156129 39548
2308 1791255486172529 33372
2309 1791255486183274 27143
2310 1791255486211089 33568
2311 1791255486247028 44197
2312 1791255486265334 41332
2313 1791255486283481 40128
2314 1791255486298421 35194
2315 1791255486313993 36596
2316 1791255486324950 28100
2317 1791255486345448 28519
2318 1791255486374833 38587
2319 1791255486390391 31106
2320 1791255486407311 30344
2321 1791255486420108 23322
2322 1791255486464484 47913
2323 1791255486474398 32702
2324 1791255486485991 26404
2325 1791255486508833 31011
2326 1791255486524787 27606
2327 1791255486542645 26284
2328 1791255486563912 27682
2329 1791255486582478 25484
2330 1791255486604341 28303
2331 1791255486622462 22894
2332 1791255486642645 25547
2333 1791255486664356 24463
2334 1791255486683535 25570
2335 1791255486698204 21423
2336 1791255486724036 25829
2337 1791255486741454 23755
2338 1791255486765955 24497
2339 1791255486784677 26126
2340 1791255486805692 25297
2341 1791255486822493 23728
2342 1791255486838916 23057
2343 1791255486863701 24780
2344 1791255486883355 26364
2345 1791255486905576 22218
2346 1791255486922157 22437
2347 1791255486943530 26767
2348 1791255486963229 24199
2349 1791255486977751 20925
2350 1791255487003432 25677
2351 1791255487024675 27237
2352 1791255487044191 24924
2353 1791255487063743 24798
2354 1791255487084944 27129
2355 1791255487103818 23523
2356 1791255487128142 31443
2357 1791255487143523 21823
2358 1791255487163399 27046
2359 1791255487184343 25389
2360 1791255487205549 27682
2361 1791255487223620 25822
2362 1791255487244813 25926
2363 1791255487264013 24704
2364 1791255487282279 25179
2365 1791255487306031 23747
2366 1791255487323758 22953
2367 1791255487341423 24944
2368 1791255487357835 21644
2369 1791255487385197 27360
2370 1791255487404389 23220
2371 1791255487423049 26286
2372 1791255487443199 25941
2373 1791255487463220 25781
2374 1791255487483028 24821
2375 1791255487503528 25342
2376 1791255487523261 23835
2377 1791255487540437 23815
2378 1791255487561622 21468
2379 1791255487582292 24409
2380 1791255487606234 29221
2381 1791255487624071 23450
2382 1791255487644750 26221
2383 1791255487669114 25717
2384 1791255487683161 21074
2385 1791255487702478 26251
2386 1791255487717826 20970
2387 1791255487745803 28036
2388 1791255487761469 25442
2389 1791255487784808 28841
2390 1791255487804703 23111
2391 1791255487824060 25789
2392 1791255487843162 23475
2393 1791255487867094 23981
2394 1791255487881220 24863
2395 1791255487908068 26846
2396 1791255487924739 22117
2397 1791255487944491 27873
2398 1791255487957339 20938
2399 1791255487982246 24905
2400 1791255488003067 24645
2401 1791255488022012 24298
2402 1791255488040619 24271
2403 1791255488061388 20891
2404 1791255488082820 21429
2405 1791255488103235 25444
2406 1791255488120238 23427
2407 1791255488144787 24544
2408 1791255488162208 22328
2409 1791255488183553 25313
2410 1791255488211110 27554
2411 1791255488228292 25266
2412 1791255488242029 24848
2413 1791255488264354 22320
2414 1791255488281209 23807
2415 1791255488305856 29203
2416 1791255488325529 24311
2417 1791255488343630 27059
2418 1791255488365130 26615
2419 1791255488385352 25817
2420 1791255488404788 25764
2421 1791255488425784 25733
2422 1791255488443978 25533
2423 1791255488465222 27968
2424 1791255488479960 20598
2425 1791255488502424 22461
2426 1791255488529543 27117
2427 1791255488548184 25442
2428 1791255488563340 26466
2429 1791255488586714 23370
2430 1791255488603500 25565
2431 1791255488629828 26325
2432 1791255488643528 26823
2433 1791255488669843 26587
2434 1791255488685052 22166
2435 1791255488702419 22316
2436 1791255488724978 25635
2437 1791255488746746 28744
2438 1791255488762248 25808
2439 1791255488784390 22138
2440 1791255488803618 26736
2441 1791255488824391 25714
2442 1791255488843615 23881
2443 1791255488863592 26698
2444 1791255488884851 26056
2445 1791255488903959 26827
2446 1791255488923554 25360
2447 1791255488945580 26282
2448 1791255488962481 23524
2449 1791255488986713 25262
2450 1791255489014485 30108
2451 1791255489022544 25972
2452 1791255489045550 28928
2453 1791255489067564 27702
2454 1791255489083021 26111
2455 1791255489106830 23805
2456 1791255489121114 23557
2457 1791255489142962 21871
2458 1791255489161863 25308
2459 1791255489183587 25398
2460 1791255489210175 26586
2461 1791255489225691 24329
2462 1791255489243919 24364
2463 1791255489263717 23999
2464 1791255489284382 27078
2465 1791255489302947 22270
2466 1791255489323233 26683
2467 1791255489343023 25769
2468 1791255489362059 22411
2469 1791255489385258 28036
2470 1791255489404479 25306
2471 1791255489421666 22213
2472 1791255489446148 24471
2473 1791255489463631 22442
2474 1791255489491091 27457
2475 1791255489502243 25388
2476 1791255489522282 25667
2477 1791255489544750 26457
2478 1791255489565255 27637
2479 1791255489584555 24432
2480 1791255489601238 23958
2481 1791255489630257 29017
2482 1791255489648476 25158
2483 1791255489674244 37512
2484 1791255489686110 27294
2485 1791255489715976 34864
2486 1791255489735782 38382
2487 1791255489758611 42632
2488 1791255489773772 37986
2489 1791255489798234 41573
2490 1791255489819519 37469
2491 1791255489844604 46366
2492 1791255489886375 66853
2493 1791255489914875 73171
2494 1791255489930726 73524
2495 1791255489949096 72652
2496 1791255489974330 69312
2497 1791255489984167 66856
2498 1791255490004397 66711
2499 1791255490024741 68475
2500 1791255490054286 73970
2501 1791255490064484 67869
2502 1791255490077113 56938
2503 1791255490097819 59012
2504 1791255490114047 55681
2505 1791255490126207 49091
2506 1791255490144960 47138
2507 1791255490164537 47502
2508 1791255490188604 47536
2509 1791255490206157 48367
2510 1791255490220440 39060
2511 1791255490238908 41955
2512 1791255490255338 38288
2513 1791255490275741 36830
2514 1791255490307045 44287
2515 1791255490314057 38312
2516 1791255490335762 39931
2517 1791255490352331 35435
2518 1791255490376220 40456
2519 1791255490394011 35485
2520 1791255490419454 43230
2521 1791255490443336 41875
2522 1791255490451511 32800
2523 1791255490475847 33099
2524 1791255490495333 35764
2525 1791255490511641 35790
2526 1791255490535617 38946
2527 1791255490560077 39462
2528 1791255490575826 36275
2529 1791255490605643 46306
2530 1791255490610111 34283
2531 1791255490638608 40529
2532 1791255490654211 36035
2533 1791255490672770 34178
2534 1791255490692949 35445
2535 1791255490710167 34014
2536 1791255490736019 38498
2537 1791255490762156 35974
2538 1791255490786545 50522
2539 1791255490806610 47247
2540 1791255490826096 42378
2541 1791255490844807 47050
2542 1791255490866175 47104
2543 1791255490883561 44952
2544 1791255490902435 41598
2545 1791255490922323 45393
2546 1791255490944728 47919
2547 1791255490964764 47051
2548 1791255490979911 41490
2549 1791255490994812 38239
2550 1791255491020952 43120
2551 1791255491049001 52667
2552 1791255491071235 54569
2553 1791255491085626 42753
2554 1791255491105509 44642
2555 1791255491123573 46218
2556 1791255491144475 46860
2557 1791255491163981 47278
2558 1791255491183294 45988
2559 1791255491205983 47916
2560 1791255491225917 49044
2561 1791255491254391 52995
2562 1791255491265731 48836
2563 1791255491296204 53970
2564 1791255491317706 54679
2565 1791255491334492 54117
2566 1791255491343702 47495
2567 1791255491364785 48265
2568 1791255491386349 47772
2569 1791255491406068 48613
2570 1791255491426200 50274
2571 1791255491452812 52265
2572 1791255491474048 55923
2573 1791255491487413 50710
2574 1791255491507530 51226
2575 1791255491527654 50449
2576 1791255491552639 55587
2577 1791255491574047 57113
2578 1791255491592677 52691
2579 1791255491616466 60024
2580 1791255491636257 58679
2581 1791255491661867 65755
2582 1791255491680577 64108
2583 1791255491684687 48427
2584 1791255491718247 56376
2585 1791255491734242 56458
2586 1791255491757167 59783
2587 1791255491767742 49492
2588 1791255491796874 54389
2589 1791255491806651 49888
2590 1791255491838609 55802
2591 1791255491846204 49412
2592 1791255491873350 50239
2593 1791255491884836 46223
2594 1791255491914444 57945
2595 1791255491935697 59028
2596 1791255491956319 60022
2597 1791255491977268 59389
2598 1791255492003190 67491
2599 1791255492018808 62487
2600 1791255492042486 65215
2601 1791255492052730 55187
2602 1791255492074307 55495
2603 1791255492095417 52909
2604 1791255492120616 58517
2605 1791255492134010 57379
2606 1791255492156244 59557
2607 1791255492182840 64360
2608 1791255492196380 57837
2609 1791255492208813 52566
2610 1791255492227239 49972
2611 1791255492251691 55308
2612 1791255492275874 58977
2613 1791255492296046 51854
2614 1791255492316661 60548
2615 1791255492339500 63623
2616 1791255492363520 67471
2617 1791255492393979 77464
2618 1791255492413223 77359
2619 1791255492434624 77171
2620 1791255492452169 73157
2621 1791255492472421 73833
2622 1791255492491712 74348
2623 1791255492505346 69581
2624 1791255492537603 81291
2625 1791255492554297 74860
2626 1791255492578525 81536
2627 1791255492616587 98750
2628 1791255492634347 96740
2629 1791255492636187 76644
2630 1791255492656540 78495
2631 1791255492683320 85183
2632 1791255492698322 81768
2633 1791255492717127 80938
2634 1791255492743396 86852
2635 1791255492765858 88777
2636 1791255492786122 89116
2637 1791255492813641 96512
2638 1791255492828310 89959
2639 1791255492842312 82955
2640 1791255492868604 91939
2641 1791255492884632 88109
2642 1791255492909554 86208
2643 1791255492915221 72905
2644 1791255492952313 83704
2645 1791255492960991 83719
2646 1791255492984567 82271
2647 1791255492996447 72838
2648 1791255493012050 74983
2649 1791255493045572 88672
2650 1791255493066674 89130
2651 1791255493085557 89107
2652 1791255493095652 75339
2653 1791255493124419 85454
2654 1791255493140810 79238
2655 1791255493156769 73112
2656 1791255493167054 71399
2657 1791255493181645 63208
2658 1791255493212740 75721
2659 1791255493223154 67230
2660 1791255493244592 64040
2661 1791255493268956 70855
2662 1791255493286389 68766
2663 1791255493313514 75943
2664 1791255493330495 67489
2665 1791255493357370 79969
2666 1791255493371623 74057
2667 1791255493392338 68502
2668 1791255493404581 62415
2669 1791255493429944 72977
2670 1791255493445806 64323
2671 1791255493476136 73655
2672 1791255493488841 69519
2673 1791255493521051 82680
2674 1791255493527675 66849
2675 1791255493551322 75183
2676 1791255493566832 70483
2677 1791255493588291 67236
2678 1791255493610411 73080
2679 1791255493622461 65044
2680 1791255493653313 75936
2681 1791255493669239 69919
2682 1791255493684799 68157
2683 1791255493706122 68479
2684 1791255493731355 73115
2685 1791255493754751 75871
2686 1791255493771078 74556
2687 1791255493800739 77079
2688 1791255493809385 72465
2689 1791255493826051 69132
2690 1791255493852351 75540
2691 1791255493872513 71877
2692 1791255493887127 70465
2693 1791255493919657 80988
2694 1791255493931879 68386
2695 1791255493963472 85935
2696 1791255493975187 75185
2697 1791255494004536 84869
2698 1791255494018150 81083
2699 1791255494028802 72606
2700 1791255494046346 63276
2701 1791255494068744 70499
2702 1791255494086799 68646
2703 1791255494112079 71186
2704 1791255494125208 67400
2705 1791255494160325 77538
2706 1791255494176737 78799
2707 1791255494205394 82384
2708 1791255494222972 85679
2709 1791255494235617 75768
2710 1791255494259478 82738
2711 1791255494275695 76734
2712 1791255494292718 75558
2713 1791255494315258 77795
2714 1791255494334394 74913
2715 1791255494352914 77215
2716 1791255494373509 76955
2717 1791255494387906 68811
2718 1791255494402205 64805
2719 1791255494426055 69264
2720 1791255494436044 58459
2721 1791255494453728 57067
2722 1791255494465458 46518
2723 1791255494480360 44313
2724 1791255494496155 38004
2725 1791255494513732 34875
2726 1791255494533586 37429
2727 1791255494551128 34820
2728 1791255494574698 32391
2729 1791255494594615 37883
2730 1791255494604525 27920
2731 1791255494635478 37871
2732 1791255494656191 37417
2733 1791255494676161 36541
2734 1791255494693299 37105
2735 1791255494704710 28546
2736 1791255494746153 44030
2737 1791255494755910 39439
2738 1791255494783102 39352
2739 1791255494798018 42105
2740 1791255494811632 33684
2741 1791255494834470 36449
2742 1791255494854814 32296
2743 1791255494888135 47931
2744 1791255494907602 44574
2745 1791255494922285 38891
2746 1791255494939673 36608
2747 1791255494960591 39574
2748 1791255494973661 34698
2749 1791255494991267 32579
2750 1791255495018915 34575
2751 1791255495036702 34197
2752 1791255495050650 32550
2753 1791255495066201 29496
2754 1791255495093217 35370
2755 1791255495106505 30208
2756 1791255495128825 31459
2757 1791255495171101 52162
2758 1791255495183539 47248
2759 1791255495202709 38450
2760 1791255495215693 38991
2761 1791255495236056 39329
2762 1791255495254344 38648
2763 1791255495275351 39292
2764 1791255495299202 41227
2765 1791255495323723 39701
2766 1791255495343219 46945
2767 1791255495368393 48229
2768 1791255495392215 48993
2769 1791255495405633 41868
2770 1791255495422521 39069
2771 1791255495438633 41444
2772 1791255495466160 45018
2773 1791255495487886 49249
2774 1791255495506698 48935
2775 1791255495531046 48176
2776 1791255495542554 44192
2777 1791255495566595 44710
2778 1791255495586178 49080
2779 1791255495609905 49330
2780 1791255495622756 41381
2781 1791255495642513 43667
2782 1791255495664420 47990
2783 1791255495683126 46483
2784 1791255495713635 56463
2785 1791255495731364 50665
2786 1791255495757429 55487
2787 1791255495779375 55277
2788 1791255495795751 57794
2789 1791255495815616 58299
2790 1791255495840552 62376
2791 1791255495864671 68917
2792 1791255495889092 70718
2793 1791255495904841 64286
2794 1791255495924543 66139
2795 1791255495948762 72580
2796 1791255495972690 71216
2797 1791255495984820 68203
2798 1791255496007755 67143
2799 1791255496026393 70126
2800 1791255496052493 74841
2801 1791255496081319 78121
2802 1791255496103645 87163
2803 1791255496118564 81390
2804 1791255496132913 75157
2805 1791255496159281 79783
2806 1791255496180139 82531
2807 1791255496196943 78375
2808 1791255496214879 78550
2809 1791255496236477 77193
2810 1791255496253929 74108
2811 1791255496276360 79414
2812 1791255496299298 80787
2813 1791255496311107 74627
2814 1791255496338084 81127
2815 1791255496372941 96576
2816 1791255496385436 86661
2817 1791255496385442 68721
2818 1791255496421186 83098
2819 1791255496432370 71888
2820 1791255496451449 74298
2821 1791255496472497 74041
2822 1791255496484808 63619
2823 1791255496507496 63606
2824 1791255496524908 63996
2825 1791255496540221 63093
2826 1791255496583090 82366
2827 1791255496590284 72930
2828 1791255496606940 70022
2829 1791255496626004 63810
2830 1791255496649224 66131
2831 1791255496663348 66360
2832 1791255496683821 66576
2833 1791255496699223 59948
2834 1791255496719773 62856
2835 1791255496741079 63834
2836 1791255496759420 63264
2837 1791255496784054 66993
2838 1791255496798918 60601
2839 1791255496818081 59335
2840 1791255496846880 63553
2841 1791255496854046 56980
2842 1791255496870192 52722
2843 1791255496895647 53313
2844 1791255496910342 53961
2845 1791255496926078 43785
2846 1791255496936945 41295
2847 1791255496955635 38250
2848 1791255496977122 40176
2849 1791255497004485 46712
2850 1791255497024645 47961
2851 1791255497054349 52246
2852 1791255497064911 46364
2853 1791255497092019 49933
2854 1791255497106092 48651
2855 1791255497122860 46244
2856 1791255497146026 43888
2857 1791255497166711 45285
2858 1791255497182289 43792
2859 1791255497203894 43709
2860 1791255497218329 41253
2861 1791255497248992 47705
2862 1791255497258514 42441
2863 1791255497283325 45747
2864 1791255497303573 46813
2865 1791255497322929 46197
2866 1791255497344840 48117
2867 1791255497379775 60706
2868 1791255497401667 62158
2869 1791255497418570 57486
2870 1791255497432913 53135
2871 1791255497458831 57160
2872 1791255497468623 50050
2873 1791255497482897 45619
2874 1791255497507224 48391
2875 1791255497526108 46858
2876 1791255497553471 57144
2877 1791255497572133 49217
2878 1791255497585950 49139
2879 1791255497605773 47354
2880 1791255497632430 55217
2881 1791255497653127 55291
2882 1791255497679362 59692
2883 1791255497694154 55959
2884 1791255497714052 56860
2885 1791255497736191 56826
2886 1791255497774692 71751
2887 1791255497787217 70891
2888 1791255497796029 59834
2889 1791255497821909 62270
2890 1791255497843056 62912
2891 1791255497860319 64287
2892 1791255497882661 66205
2893 1791255497906935 70663
2894 1791255497926719 66397
2895 1791255497949000 69707
2896 1791255497956404 59736
2897 1791255497986684 63352
2898 1791255497996228 59292
2899 1791255498015358 58952
2900 1791255498041368 62785
2901 1791255498061690 65458
2902 1791255498087072 63198
2903 1791255498096003 55903
2904 1791255498114796 56730
2905 1791255498135615 59805
2906 1791255498158135 62129
2907 1791255498175330 58245
2908 1791255498195240 51553
2909 1791255498220786 62648
2910 1791255498240305 58012
2911 1791255498254614 54178
2912 1791255498280067 59278
2913 1791255498300041 61548
2914 1791255498324487 61170
2915 1791255498349351 69280
2916 1791255498356971 60174
2917 1791255498386933 63094
2918 1791255498395382 58476
2919 1791255498416857 59883
2920 1791255498454411 72173
2921 1791255498467852 64934
2922 1791255498492343 76097
2923 1791255498512001 72318
2924 1791255498531706 71662
2925 1791255498547822 70758
2926 1791255498572489 69667
2927 1791255498584376 66976
2928 1791255498610236 73692
2929 1791255498626079 69623
2930 1791255498652632 69925
2931 1791255498671053 65298
2932 1791255498684652 66939
2933 1791255498699824 62786
2934 1791255498726469 69181
2935 1791255498748566 71369
2936 1791255498766349 68440
2937 1791255498788884 72855
2938 1791255498811529 68310
2939 1791255498826128 68934
2940 1791255498849223 71664
2941 1791255498889148 84168
2942 1791255498892810 72651
2943 1791255498919574 83038
2944 1791255498944343 83246
2945 1791255498960531 83909
2946 1791255498992684 88942
2947 1791255499002377 82800
2948 1791255499021154 84189
2949 1791255499028535 68282
2950 1791255499073840 94685
2951 1791255499080437 80782
2952 1791255499097832 76676
2953 1791255499119617 75213
2954 1791255499145858 87811
2955 1791255499165476 85036
2956 1791255499174416 77419
2957 1791255499193426 73806
2958 1791255499221539 78283
2959 1791255499240044 83791
2960 1791255499257599 80765
2961 1791255499276624 79305
2962 1791255499301689 81770
2963 1791255499325596 85550
2964 1791255499340016 82526
2965 1791255499364018 87391
2966 1791255499375718 76347
2967 1791255499413351 95319
2968 1791255499430715 91911
2969 1791255499452430 89551
2970 1791255499463731 88010
2971 1791255499469903 73955
2972 1791255499505253 87149
2973 1791255499522714 79370
2974 1791255499545336 88230
2975 1791255499562550 85538
2976 1791255499574852 77419
2977 1791255499597638 77441
2978 1791255499624384 79046
2979 1791255499643480 85601
2980 1791255499656652 76003
2981 1791255499674413 78241
2982 1791255499696009 79058
2983 1791255499708627 71911
2984 1791255499732010 75355
2985 1791255499746014 68733
2986 1791255499774684 78672
2987 1791255499799402 82642
2988 1791255499825802 88576
2989 1791255499846846 90001
2990 1791255499860365 81464
2991 1791255499868529 69124
2992 1791255499895127 77844
2993 1791255499913322 76590
2994 1791255499940033 82632
2995 1791255499965652 87764
2996 1791255499989571 93287
2997 1791255500008882 90743
2998 1791255500027983 87946
2999 1791255500039186 79299
3000 1791255500058627 82061
3001 1791255500096320 93746
3002 1791255500101324 84356
3003 1791255500127329 90662
3004 1791255500146670 88041
3005 1791255500159869 80052
3006 1791255500189966 93642
3007 1791255500211419 89580
3008 1791255500226001 87642
3009 1791255500254451 94847
3010 1791255500272882 89317
3011 1791255500298889 95322
3012 1791255500298910 81775
3013 1791255500318558 82191
3014 1791255500341953 84209
3015 1791255500363169 84485
3016 1791255500394090 95197
3017 1791255500404710 86822
3018 1791255500435385 93428
3019 1791255500449041 92784
3020 1791255500472587 94031
3021 1791255500488785 91786
3022 1791255500503970 84209
3023 1791255500532384 89435
3024 1791255500535925 73035
3025 1791255500557125 77610
3026 1791255500574133 77187
3027 1791255500610947 89432
3028 1791255500614980 79052
3029 1791255500633640 76580
3030 1791255500644623 68298
3031 1791255500667794 65067
3032 1791255500684720 61210
3033 1791255500695447 58443
3034 1791255500713986 56219
3035 1791255500733694 49897
3036 1791255500750900 49958
3037 1791255500762651 42210
3038 1791255500771144 34554
3039 1791255500783720 24877
3040 1791255500814561 37911
3041 1791255500828766 31457
3042 1791255500853105 35093
3043 1791255500871520 31482
3044 1791255500895805 32451
3045 1791255500916619 33768
3046 1791255500933320 37512
3047 1791255500947002 30685
3048 1791255500974671 35225
3049 1791255500997195 36333
3050 1791255501016059 34451
3051 1791255501032333 35136
3052 1791255501062169 46106
3053 1791255501077955 39393
3054 1791255501095716 37780
3055 1791255501113870 36242
3056 1791255501133825 38106
3057 1791255501159981 43743
3058 1791255501174726 33704
3059 1791255501187567 28008
3060 1791255501208560 28957
3061 1791255501246937 43542
3062 1791255501247798 30367
3063 1791255501278654 37239
3064 1791255501294511 34443
3065 1791255501309228 30563
3066 1791255501339145 39572
3067 1791255501351229 32430
3068 1791255501365473 26325
3069 1791255501388308 27822
3070 1791255501421146 38388
3071 1791255501432756 29945
3072 1791255501455810 37490
3073 1791255501473706 33071
3074 1791255501492946 37176
3075 1791255501515615 39479
3076 1791255501532195 34346
3077 1791255501548357 30958
3078 1791255501569080 32054
3079 1791255501583578 26563
3080 1791255501614582 37321
3081 1791255501629865 28943
3082 1791255501648181 31478
3083 1791255501671953 34346
3084 1791255501693436 31808
3085 1791255501704538 27378
3086 1791255501745622 48034
3087 1791255501763753 46114
3088 1791255501772890 31977
3089 1791255501796809 35405
3090 1791255501812869 36217
3091 1791255501826467 29655
3092 1791255501850693 32142
3093 1791255501872844 32745
3094 1791255501884697 28664
3095 1791255501906766 28220
3096 1791255501931893 34006
3097 1791255501949328 28837
3098 1791255501965846 29670
3099 1791255502010996 47618
3100 1791255502013977 38063
3101 1791255502036079 31357
3102 1791255502049419 32960
3103 1791255502072706 36622
3104 1791255502093547 30478
3105 1791255502117630 34445
3106 1791255502133059 31795
3107 1791255502152254 34985
3108 1791255502166487 25572
3109 1791255502189581 33094
3110 1791255502202240 24255
3111 1791255502235529 37849
3112 1791255502256177 34071
3113 1791255502265608 28759
3114 1791255502284578 28428
3115 1791255502314437 35919
3116 1791255502332406 30827
3117 1791255502346789 29176
3118 1791255502369362 25979
3119 1791255502393118 35884
3120 1791255502414378 37104
3121 1791255502426395 29847
3122 1791255502454294 34983
3123 1791255502474002 37354
3124 1791255502501545 44490
3125 1791255502540600 63024
3126 1791255502541696 42065
3127 1791255502560707 43478
3128 1791255502587428 46826
3129 1791255502604331 47333
3130 1791255502629610 47595
3131 1791255502656624 52290
3132 1791255502664323 47393
3133 1791255502695458 53226
3134 1791255502715423 58795
3135 1791255502722469 44283
3136 1791255502737676 40897
3137 1791255502775856 57756
3138 1791255502788113 50434
3139 1791255502824733 65448
3140 1791255502835586 59711
3141 1791255502856232 59871
3142 1791255502876023 53753
3143 1791255502906411 62004
3144 1791255502925178 68943
3145 1791255502942873 66845
3146 1791255502965427 69238
3147 1791255502985880 64780
3148 1791255503003103 63887
3149 1791255503014629 53487
3150 1791255503055624 71261
3151 1791255503056747 60233
3152 1791255503085526 65214
3153 1791255503107021 68893
3154 1791255503125029 68279
3155 1791255503140146 64026
3156 1791255503165404 67926
3157 1791255503186072 68849
3158 1791255503210245 73841
3159 1791255503236241 78204
3160 1791255503255170 78356
3161 1791255503283911 80082
3162 1791255503295278 71838
3163 1791255503310416 74173
3164 1791255503333445 75429
3165 1791255503354557 77680
3166 1791255503373772 76618
3167 1791255503394537 74630
3168 1791255503417306 80281
3169 1791255503437740 76937
3170 1791255503456161 79761
3171 1791255503474967 73583
3172 1791255503489739 72670
3173 1791255503516755 79012
3174 1791255503540815 84687
3175 1791255503554714 77216
3176 1791255503580515 82598
3177 1791255503605166 88407
3178 1791255503616837 80572
3179 1791255503655229 95807
3180 1791255503661780 85403
3181 1791255503685366 86357
3182 1791255503705838 88998
3183 1791255503726864 85007
3184 1791255503751487 90241
3185 1791255503756914 80554
3186 1791255503775475 71121
3187 1791255503804712 78424
3188 1791255503812275 75070
3189 1791255503827003 70087
3190 1791255503844466 67458
3191 1791255503863062 66739
3192 1791255503890103 67414
3193 1791255503902892 65206
3194 1791255503915454 54053
3195 1791255503943892 61742
3196 1791255503960546 57651
3197 1791255503971512 54236
3198 1791255503992096 55294
3199 1791255504012227 51678
3200 1791255504039752 56034
3201 1791255504045434 49169
3202 1791255504058928 42010
3203 1791255504076014 39001
3204 1791255504104418 47212
3205 1791255504130523 54507
3206 1791255504145583 41665
3207 1791255504165642 41659
3208 1791255504191016 53522
3209 1791255504202813 45948
3210 1791255504234127 53672
3211 1791255504241433 44923
3212 1791255504262849 41624
3213 1791255504283143 42825
3214 1791255504304319 47455
3215 1791255504322850 43451
3216 1791255504338571 41932
3217 1791255504373158 55401
3218 1791255504384602 47479
3219 1791255504408305 45072
3220 1791255504433659 55724
3221 1791255504449152 51137
3222 1791255504472459 49200
3223 1791255504493665 50573
3224 1791255504503403 47072
3225 1791255504526169 49316
3226 1791255504546629 50508
3227 1791255504563910 46803
3228 1791255504596237 59098
3229 1791255504620641 58361
3230 1791255504634818 58743
3231 1791255504656868 60627
3232 1791255504669269 52665
3233 1791255504685717 44838
3234 1791255504704330 47459
3235 1791255504729388 52151
3236 1791255504752123 52713
3237 1791255504769774 52976
3238 1791255504796873 54376
3239 1791255504804300 47889
3240 1791255504830821 54725
3241 1791255504861795 64918
3242 1791255504877337 60886
3243 1791255504894556 58231
3244 1791255504918602 58916
3245 1791255504933995 57962
3246 1791255504958479 60824
3247 1791255504973131 54523
3248 1791255504993558 56187
3249 1791255505020871 63370
3250 1791255505032805 55226
3251 1791255505054193 51096
3252 1791255505074005 55366
3253 1791255505097716 61072
3254 1791255505116854 53877
3255 1791255505134002 57071
3256 1791255505164037 66318
3257 1791255505175980 59122
3258 1791255505195925 57563
3259 1791255505214559 57839
3260 1791255505241563 65580
3261 1791255505262421 66494
3262 1791255505283276 65375
3263 1791255505303077 63935
3264 1791255505329908 67630
3265 1791255505342784 65107
3266 1791255505367296 70592
3267 1791255505387680 71063
3268 1791255505413723 70935
3269 1791255505426134 67242
3270 1791255505452819 70426
3271 1791255505470056 70947
3272 1791255505496156 79685
3273 1791255505513404 69053
3274 1791255505525294 68568
3275 1791255505553285 70898
3276 1791255505566143 69984
3277 1791255505583518 66259
3278 1791255505614146 69733
3279 1791255505628471 67464
3280 1791255505647483 68146
3281 1791255505663364 65617
3282 1791255505698037 75080
3283 1791255505705773 62965
3284 1791255505726111 69375
3285 1791255505755408 78843
3286 1791255505766182 68142
3287 1791255505785668 68296
3288 1791255505811239 73604
3289 1791255505834376 75779
3290 1791255505849587 70896
3291 1791255505862707 64542
3292 1791255505895994 74186
3293 1791255505907338 68867
3294 1791255505927988 69958
3295 1791255505943732 66323
3296 1791255505966446 70449
3297 1791255505989585 66013
3298 1791255505998225 61968
3299 1791255506023069 66617
3300 1791255506052111 68290
3301 1791255506062436 64981
3302 1791255506080817 63903
3303 1791255506107542 70318
3304 1791255506128771 72467
3305 1791255506157105 78001
3306 1791255506184519 87034
3307 1791255506210397 93267
3308 1791255506243646 101497
3309 1791255506260205 103441
3310 1791255506273701 96784
3311 1791255506300831 97597
3312 1791255506323428 99828
3313 1791255506335165 94895
3314 1791255506363339 103405
3315 1791255506375142 92815
3316 1791255506396446 96441
3317 1791255506420486 103969
3318 1791255506442945 98570
3319 1791255506456222 99328
3320 1791255506482394 99645
3321 1791255506490070 93977
3322 1791255506515275 97945
3323 1791255506551077 109027
3324 1791255506563114 106890
3325 1791255506592845 115005
3326 1791255506606606 110082
3327 1791255506634789 110542
3328 1791255506648896 111397
3329 1791255506663993 107210
3330 1791255506679626 103177
3331 1791255506703445 107314
3332 1791255506727820 105963
3333 1791255506746164 102504
3334 1791255506755386 98945
3335 1791255506783755 105044
3336 1791255506794536 97095
3337 1791255506807439 85446
3338 1791255506823540 86133
3339 1791255506853819 93956
3340 1791255506867124 83838
3341 1791255506883908 82052
3342 1791255506911299 93324
3343 1791255506916345 73402
3344 1791255506933464 76949
3345 1791255506959794 81018
3346 1791255506984510 81997
3347 1791255507005618 89270
3348 1791255507028976 90493
3349 1791255507045513 85717
3350 1791255507065146 81755
3351 1791255507082229 80534
3352 1791255507102177 83823
3353 1791255507124581 81178
3354 1791255507142928 84272
3355 1791255507148506 70183
3356 1791255507174559 75828
3357 1791255507198840 80033
3358 1791255507215616 77615
3359 1791255507252781 94908
3360 1791255507271843 87897
3361 1791255507282980 84783
3362 1791255507309095 85919
3363 1791255507340126 98644
3364 1791255507341897 85836
3365 1791255507373571 90588
3366 1791255507393441 90679
3367 1791255507404037 87233
3368 1791255507423922 84281
3369 1791255507438729 79062
3370 1791255507464799 85349
3371 1791255507489930 90914
3372 1791255507510360 88013
3373 1791255507531959 93226
3374 1791255507549705 93227
3375 1791255507566808 89931
3376 1791255507589469 93445
3377 1791255507606158 83614
3378 1791255507628457 85267
3379 1791255507638574 81714
3380 1791255507657461 81045
3381 1791255507672643 75257
3382 1791255507690399 67886
3383 1791255507710038 71460
3384 1791255507725580 68115
3385 1791255507743216 67331
3386 1791255507758106 55395
3387 1791255507772325 50686
3388 1791255507775452 32770
3389 1791255507789812 31901
3390 1791255507815473 32722
3391 1791255507829190 32959
3392 1791255507865464 42483
3393 1791255507882078 43427
3394 1791255507897429 39370
3395 1791255507922495 41217
3396 1791255507932998 35565
3397 1791255507959599 39398
3398 1791255507980657 39778
3399 1791255508005250 47353
3400 1791255508012070 31410
3401 1791255508035848 39078
3402 1791255508062126 39797
3403 1791255508072686 36835
3404 1791255508100660 42836
3405 1791255508113412 35441
3406 1791255508133562 32896
3407 1791255508156158 38186
3408 1791255508177415 39950
3409 1791255508202807 46646
3410 1791255508220646 43228
3411 1791255508232052 33080
3412 1791255508252559 33835
3413 1791255508273480 35560
3414 1791255508312947 49324
3415 1791255508312953 35089
3416 1791255508325522 26876
3417 1791255508355379 36737
3418 1791255508373910 37098
3419 1791255508389270 32699
3420 1791255508413918 33726
3421 1791255508434096 37468
3422 1791255508455644 32513
3423 1791255508477746 39466
3424 1791255508489292 33644
3425 1791255508513857 37724
3426 1791255508524376 27640
3427 1791255508553247 36402
3428 1791255508566388 26471
3429 1791255508598304 34657
3430 1791255508607565 30427
3431 1791255508634532 37717
3432 1791255508654569 37393
3433 1791255508678525 38477
3434 1791255508688048 31284
3435 1791255508704745 28594
3436 1791255508732137 33898
3437 1791255508753641 35665
3438 1791255508772461 36020
3439 1791255508787372 29405
3440 1791255508818835 42011
3441 1791255508837097 32626
3442 1791255508854751 35912
3443 1791255508864166 27318
3444 1791255508888657 31119
3445 1791255508905335 28918
3446 1791255508933515 36598
3447 1791255508955739 37518
3448 1791255508972642 33870
3449 1791255508993209 37468
3450 1791255509026917 47782
3451 1791255509033072 36640
3452 1791255509055263 33904
3453 1791255509072884 36524
3454 1791255509095923 33068
3455 1791255509121174 43465
3456 1791255509137111 41185
3457 1791255509155497 34766
3458 1791255509174180 37065
3459 1791255509198350 34470
3460 1791255509211987 34493
3461 1791255509245629 47276
3462 1791255509259242 43156
3463 1791255509274250 29812
3464 1791255509291796 32552
3465 1791255509330610 48301
3466 1791255509333890 37618
3467 1791255509349453 32504
3468 1791255509386714 43200
3469 1791255509396355 34144
3470 1791255509407394 30189
3471 1791255509434482 38117
3472 1791255509453442 35530
3473 1791255509474730 37492
3474 1791255509492552 35843
3475 1791255509503837 27874
3476 1791255509533297 35932
3477 1791255509552317 35192
3478 1791255509566334 28307
3479 1791255509591056 31323
3480 1791255509612181 35232
3481 1791255509631106 33975
3482 1791255509652770 35770
3483 1791255509672994 36670
3484 1791255509701550 38606
3485 1791255509722277 38999
3486 1791255509733352 36768
3487 1791255509765622 43341
3488 1791255509783354 46675
3489 1791255509787577 29275
3490 1791255509818762 35405
3491 1791255509827036 29587
3492 1791255509847837 30577
3493 1791255509872321 35901
3494 1791255509900243 40178
3495 1791255509920650 43296
3496 1791255509941132 40885
3497 1791255509966421 47588
3498 1791255509973848 35444
3499 1791255509986615 26356
3500 1791255510011872 35956
3501 1791255510044774 40887
3502 1791255510055264 32241
3503 1791255510080468 44287
3504 1791255510099329 36517
3505 1791255510114671 34200
3506 1791255510133220 35553
3507 1791255510154145 37719
3508 1791255510181041 38335
3509 1791255510204371 45950
3510 1791255510224227 44260
3511 1791255510253363 50363
3512 1791255510273333 51199
3513 1791255510288332 50573
3514 1791255510310087 52917
3515 1791255510334495 56406
3516 1791255510350510 53372
3517 1791255510371410 54305
3518 1791255510398478 60878
3519 1791255510431885 70564
3520 1791255510436533 58712
3521 1791255510457945 59465
3522 1791255510486564 62640
3523 1791255510495793 59256
3524 1791255510525747 67794
3525 1791255510546607 69936
3526 1791255510570839 75043
3527 1791255510594521 76067
3528 1791255510611880 72780
3529 1791255510636211 76426
3530 1791255510644677 68130
3531 1791255510668934 71438
3532 1791255510685955 68987
3533 1791255510708637 72424
3534 1791255510723174 64655
3535 1791255510754929 74380
3536 1791255510772719 75681
3537 1791255510796647 78948
3538 1791255510815574 79106
3539 1791255510837676 76914
3540 1791255510850152 73277
3541 1791255510883322 86672
3542 1791255510894759 74534
3543 1791255510916944 80812
3544 1791255510938204 80325
3545 1791255510970536 87211
3546 1791255510975698 79232
3547 1791255510996764 79810
3548 1791255511019391 81184
3549 1791255511039831 75771
3550 1791255511065082 89379
3551 1791255511077812 81044
3552 1791255511095668 76273
3553 1791255511124506 85519
3554 1791255511144059 80589
3555 1791255511154668 76853
3556 1791255511168261 72590
3557 1791255511200836 78204
3558 1791255511213523 76294
3559 1791255511237472 80803
3560 1791255511254611 77708
3561 1791255511274797 73958
3562 1791255511292675 70388
3563 1791255511315291 78781
3564 1791255511331698 71769
3565 1791255511345234 64914
3566 1791255511355863 59938
3567 1791255511383385 66670
3568 1791255511399554 63395
3569 1791255511413712 57848
3570 1791255511433746 51803
3571 1791255511454650 55924
3572 1791255511465273 49428
3573 1791255511483914 46274
3574 1791255511497402 40579
3575 1791255511522275 45640
3576 1791255511537201 40275
3577 1791255511562211 43249
3578 1791255511580560 43356
3579 1791255511605504 44215
3580 1791255511618221 40108
3581 1791255511638112 40533
3582 1791255511658521 40283
3583 1791255511675372 37972
3584 1791255511690200 32493
3585 1791255511738601 55429
3586 1791255511747880 44026
3587 1791255511759002 42239
3588 1791255511781411 42805
3589 1791255511802538 46137
3590 1791255511826784 47045
3591 1791255511843899 46723
3592 1791255511864140 46232
3593 1791255511882618 45540
3594 1791255511908181 51860
3595 1791255511929604 53155
3596 1791255511946348 48116
3597 1791255511971335 48384
3598 1791255511993844 53487
3599 1791255512009929 53146
3600 1791255512026926 45151
3601 1791255512063720 63510
3602 1791255512068691 49349
3603 1791255512091008 54414
3604 1791255512107493 49352
3605 1791255512136103 52876
3606 1791255512149486 52772
3607 1791255512167717 51029
3608 1791255512192112 56007
3609 1791255512214751 52515
3610 1791255512234823 56542
3611 1791255512248519 48830
3612 1791255512285252 67870
3613 1791255512304177 60250
3614 1791255512323097 60994
3615 1791255512343674 60498
3616 1791255512348304 51708
3617 1791255512374804 58032
3618 1791255512394116 56762
3619 1791255512415704 55313
3620 1791255512434864 56510
3621 1791255512461194 64589
3622 1791255512481790 66083
3623 1791255512496009 53614
3624 1791255512511528 51438
3625 1791255512544010 67517
3626 1791255512559113 63101
3627 1791255512584513 67369
3628 1791255512599267 61037
3629 1791255512616678 57768
3630 1791255512636414 60191
3631 1791255512657785 60939
3632 1791255512675991 59311
3633 1791255512692133 56118
3634 1791255512723346 65558
3635 1791255512737122 61128
3636 1791255512763786 66724
3637 1791255512783253 63498
3638 1791255512804650 67845
3639 1791255512839772 75983
3640 1791255512861114 77858
3641 1791255512877743 73493
3642 1791255512892030 75776
3643 1791255512912643 73494
3644 1791255512920882 59763
3645 1791255512938809 62272
3646 1791255512959722 62560
3647 1791255512978723 62467
3648 1791255513004542 65730
3649 1791255513023694 63971
3650 1791255513045746 67311
3651 1791255513064416 68303
3652 1791255513084887 67853
3653 1791255513103092 67171
3654 1791255513123249 64650
3655 1791255513144586 67031
3656 1791255513165436 69031
3657 1791255513205308 85243
3658 1791255513217754 73520
3659 1791255513234004 76339
3660 1791255513251772 72855
3661 1791255513273098 75746
3662 1791255513294540 77863
3663 1791255513318415 78324
3664 1791255513327006 70968
3665 1791255513354734 77954
3666 1791255513368350 70284
3667 1791255513394306 75888
3668 1791255513405379 64127
3669 1791255513430820 73204
3670 1791255513454369 76551
3671 1791255513475043 77005
3672 1791255513493913 74337
3673 1791255513505285 69260
3674 1791255513533892 70050
3675 1791255513550363 72641
3676 1791255513581826 83078
3677 1791255513603517 84404
3678 1791255513622566 82646
3679 1791255513646257 83772
3680 1791255513660304 78472
3681 1791255513669457 73197
3682 1791255513692916 70345
3683 1791255513702257 65080
3684 1791255513725664 66975
3685 1791255513747430 70415
3686 1791255513767116 69401
3687 1791255513784406 66014
3688 1791255513804082 67989
3689 1791255513818318 61312
3690 1791255513841286 63952
3691 1791255513861001 61410
3692 1791255513882921 66511
3693 1791255513901867 60579
3694 1791255513916308 56850
3695 1791255513932622 54628
3696 1791255513945543 48037
3697 1791255513960787 44476
3698 1791255513981651 43411
3699 1791255513996116 35819
3700 1791255514014108 36014
3701 1791255514033533 37415
3702 1791255514063688 46322
3703 1791255514088994 46340
3704 1791255514112633 54485
3705 1791255514136017 56743
3706 1791255514158542 61347
3707 1791255514181556 64217
3708 1791255514204219 68050
3709 1791255514226508 68061
3710 1791255514252821 75371
3711 1791255514268656 70792
3712 1791255514292462 69681
3713 1791255514313756 76613
3714 1791255514341048 85005
3715 1791255514358303 81002
3716 1791255514383148 79999
3717 1791255514394404 78152
3718 1791255514420040 78990
3719 1791255514424362 66055
3720 1791255514445165 67070
3721 1791255514471801 72988
3722 1791255514497810 77766
3723 1791255514514375 77172
3724 1791255514541634 82274
3725 1791255514557595 81491
3726 1791255514582273 84460
3727 1791255514597408 77506
3728 1791255514616963 80798
3729 1791255514644351 86752
3730 1791255514664338 83648
3731 1791255514685568 88156
3732 1791255514705884 88908
3733 1791255514728181 91473
3734 1791255514744391 86711
3735 1791255514774049 93828
3736 1791255514785620 86285
3737 1791255514802263 85106
3738 1791255514830046 90568
3739 1791255514830051 73345
3740 1791255514845487 69141
3741 1791255514853785 55839
3742 1791255514864045 40603
3743 1791255514874454 37781
3744 1791255514894409 34639
3745 1791255514913176 30895
3746 1791255514923861 26378
3747 1791255514941136 23833
3748 1791255514962690 24098
3749 1791255514983040 24511
3750 1791255515005253 27163
3751 1791255515022174 21680
3752 1791255515042245 25908
3753 1791255515066378 28456
3754 1791255515083620 24050
3755 1791255515104738 28235
3756 1791255515123399 23678
3757 1791255515140785 23876
3758 1791255515163771 25856
3759 1791255515181561 24329
3760 1791255515202440 25900
3761 1791255515223495 25390
3762 1791255515245497 27511
3763 1791255515264274 25101
3764 1791255515285612 25021
3765 1791255515305693 29048
3766 1791255515323028 23022
3767 1791255515341735 23692
3768 1791255515364766 23027
3769 1791255515383468 26870
3770 1791255515403196 22798
3771 1791255515424138 27556
3772 1791255515441793 22791
3773 1791255515464020 22222
3774 1791255515483707 27459
3775 1791255515503332 22370
3776 1791255515524414 27965
3777 1791255515548330 23958
3778 1791255515560024 22392
3779 1791255515583227 25994
3780 1791255515608333 25102
3781 1791255515624234 23575
3782 1791255515645281 28775
3783 1791255515666444 25135
3784 1791255515677850 21055
3785 1791255515703665 25811
3786 1791255515722114 25958
3787 1791255515740513 24517
3788 1791255515765432 24913
3789 1791255515784198 24998
3790 1791255515805390 26775
3791 1791255515825737 25314
3792 1791255515843735 24718
3793 1791255515861662 22128
3794 1791255515884526 22912
3795 1791255515898107 20915
3796 1791255515927427 29317
3797 1791255515943249 26843
3798 1791255515964664 21411
3799 1791255515982631 21872
3800 1791255516003542 26146
3801 1791255516026540 22993
3802 1791255516036853 20742
3803 1791255516062089 25217
3804 1791255516082437 25919
3805 1791255516104460 22019
3806 1791255516124204 26154
3807 1791255516139492 21640
3808 1791255516163276 25574
3809 1791255516183638 22775
3810 1791255516204838 27119
3811 1791255516223746 24223
3812 1791255516238683 21241
3813 1791255516263501 24815
3814 1791255516284490 26641
3815 1791255516304590 25647
3816 1791255516322118 24502
3817 1791255516345469 23347
3818 1791255516363937 26787
3819 1791255516383133 23883
3820 1791255516403114 26704
3821 1791255516424612 21494
3822 1791255516444303 23486
3823 1791255516464735 27147
3824 1791255516486631 28123
3825 1791255516504104 23564
3826 1791255516524781 25709
3827 1791255516539084 22821
3828 1791255516563051 25853
3829 1791255516577715 21274
3830 1791255516603872 26803
3831 1791255516624369 28259
3832 1791255516643403 27201
3833 1791255516662492 25845
3834 1791255516688027 25530
3835 1791255516701697 24043
3836 1791255516724756 23054
3837 1791255516742751 26799
3838 1791255516761338 25316
3839 1791255516782617 24673
3840 1791255516799181 21657
3841 1791255516823249 24242
3842 1791255516842741 22374
3843 1791255516863865 27508
3844 1791255516883167 23053
3845 1791255516907039 23868
3846 1791255516921572 22739
3847 1791255516943428 21852
3848 1791255516963477 25906
3849 1791255516987544 24064
3850 1791255517000571 22605
3851 1791255517026212 28975
3852 1791255517042433 25231
3853 1791255517063876 25930
3854 1791255517083149 26229
3855 1791255517104094 25419
3856 1791255517122826 23438
3857 1791255517144030 27780
3858 1791255517163684 26606
3859 1791255517183795 25799
3860 1791255517203304 25737
3861 1791255517225123 21816
3862 1791255517242383 25856
3863 1791255517264664 26804
3864 1791255517284180 22897
3865 1791255517298107 21188
3866 1791255517324124 26014
3867 1791255517344337 25246
3868 1791255517365857 26445
3869 1791255517380995 23884
3870 1791255517399841 21697
3871 1791255517424612 27427
3872 1791255517454716 30100
3873 1791255517459288 22199
3874 1791255517483403 27529
3875 1791255517501415 24930
3876 1791255517522282 20864
3877 1791255517541954 23712
3878 1791255517562804 23937
3879 1791255517584344 24652
3880 1791255517605122 25209
3881 1791255517623308 26276
3882 1791255517639981 22655
3883 1791255517670517 30985
3884 1791255517684144 27841
3885 1791255517697822 20804
3886 1791255517723930 26105
3887 1791255517743528 23938
3888 1791255517764012 26610
3889 1791255517785533 28454
3890 1791255517803344 25712
3891 1791255517824272 25760
3892 1791255517842985 23152
3893 1791255517862118 23097
3894 1791255517884663 22542
3895 1791255517902747 24999
3896 1791255517924197 21447
3897 1791255517940217 23413
3898 1791255517961853 21632
3899 1791255517984939 23148
3900 1791255518003878 24323
3901 1791255518022188 24659
3902 1791255518042970 26806
3903 1791255518061636 23037
3904 1791255518084054 22488
3905 1791255518103649 25260
3906 1791255518123371 26003
3907 1791255518139401 21702
3908 1791255518169380 30080
3909 1791255518190098 29885
3910 1791255518201360 24209
3911 1791255518224337 22973
3912 1791255518243264 26683
3913 1791255518263674 25560
3914 1791255518284870 25938
3915 1791255518304007 25044
3916 1791255518325153 26563
3917 1791255518339247 22720
3918 1791255518363381 24131
3919 1791255518380058 23329
3920 1791255518403385 23322
3921 1791255518425299 21957
3922 1791255518442242 25623
3923 1791255518463393 21148
3924 1791255518482286 23544
3925 1791255518504124 21835
3926 1791255518520653 21935
3927 1791255518545586 25896
3928 1791255518563789 22713
3929 1791255518584772 25551
3930 1791255518603162 23817
3931 1791255518623417 25422
3932 1791255518646457 28366
3933 1791255518661620 22314
3934 1791255518685397 23774
3935 1791255518702902 24737
3936 1791255518723868 25639
3937 1791255518751601 27799
3938 1791255518764191 27813
3939 1791255518780330 21609
3940 1791255518805402 25069
3941 1791255518822688 25174
3942 1791255518845623 22930
3943 1791255518862602 26586
3944 1791255518885120 25418
3945 1791255518902686 23296
3946 1791255518924696 22007
3947 1791255518940887 22835
3948 1791255518965143 24312
3949 1791255518983383 26553
3950 1791255519003275 22368
3951 1791255519024102 25421
3952 1791255519043465 26868
3953 1791255519057911 20804
3954 1791255519083426 25512
3955 1791255519106423 22994
3956 1791255519123025 26330
3957 1791255519144613 21585
3958 1791255519166219 26971
3959 1791255519182958 24000
3960 1791255519203634 22997
3961 1791255519223822 27257
3962 1791255519240553 23568
3963 1791255519262461 21905
3964 1791255519285104 27202
3965 1791255519301594 24913
3966 1791255519323233 26868
3967 1791255519347144 23971
3968 1791255519363417 27024
3969 1791255519388561 25139
3970 1791255519404503 22233
3971 1791255519424440 24342
3972 1791255519443405 26380
3973 1791255519458602 21602
3974 1791255519481277 22762
3975 1791255519500437 21089
3976 1791255519523131 22689
3977 1791255519543047 25835
3978 1791255519557735 20806
3979 1791255519581699 23962
3980 1791255519603223 27296
3981 1791255519625130 27269
3982 1791255519643511 25067
3983 1791255519672352 28839
3984 1791255519683055 23395
3985 1791255519703578 25799
3986 1791255519724243 25992
3987 1791255519743195 25434
3988 1791255519759575 22992
3989 1791255519784048 24469
3990 1791255519803968 27658
3991 1791255519822953 25633
3992 1791255519844766 21810
3993 1791255519863253 24404
3994 1791255519881304 21184
3995 1791255519907696 30900
3996 1791255519921093 21097
3997 1791255519944003 25721
3998 1791255519961937 22414
3999 1791255519983885 27652
4000 1791255520003771 25301
4001 1791255520022520 25438
4002 1791255520043711 26521
4003 1791255520064992 28020
4004 1791255520082651 25459
4005 1791255520110152 27500
4006 1791255520121952 22358
4007 1791255520142517 23857
4008 1791255520165477 22956
4009 1791255520184213 27532
4010 1791255520212483 28267
4011 1791255520227067 29048
4012 1791255520243046 20802
4013 1791255520259891 23497
4014 1791255520287787 27890
4015 1791255520304398 27677
4016 1791255520326514 22110
4017 1791255520344686 27750
4018 1791255520363415 23571
4019 1791255520390204 26785
4020 1791255520403574 20651
4021 1791255520424074 26755
4022 1791255520443067 24432
4023 1791255520463430 25070
4024 1791255520482442 24799
4025 1791255520505102 26569
4026 1791255520526994 24398
4027 1791255520543347 25145
4028 1791255520558800 22169
4029 1791255520584527 25724
4030 1791255520603153 21643
4031 1791255520618331 20878
4032 1791255520644814 26580
4033 1791255520664134 25099
4034 1791255520683362 25001
4035 1791255520705965 26215
4036 1791255520725206 24756
4037 1791255520744720 23636
4038 1791255520764586 25463
4039 1791255520785357 25594
4040 1791255520803222 24102
4041 1791255520824281 21113
4042 1791255520843049 26387
4043 1791255520864261 27748
4044 1791255520884254 27677
4045 1791255520911178 26919
4046 1791255520927017 23730
4047 1791255520941895 25047
4048 1791255520964011 22113
4049 1791255520978629 20946
4050 1791255520998348 21402
4051 1791255521026480 29673
4052 1791255521046423 24074
4053 1791255521062356 20873
4054 1791255521084233 27635
4055 1791255521104491 24464
4056 1791255521123615 23512
4057 1791255521146034 22416
4058 1791255521157175 20660
4059 1791255521183949 27375
4060 1791255521204133 23140
4061 1791255521224226 23987
4062 1791255521243808 23611
4063 1791255521273415 29602
4064 1791255521285813 28184
4065 1791255521303569 24156
4066 1791255521323638 23485
4067 1791255521344971 26060
4068 1791255521363865 24490
4069 1791255521385090 26794
4070 1791255521401785 22641
4071 1791255521420699 23771
4072 1791255521443412 22709
4073 1791255521461656 25591
4074 1791255521482722 23654
4075 1791255521508124 31745
4076 1791255521523520 27170
4077 1791255521546543 23019
4078 1791255521564730 24972
4079 1791255521582135 21759
4080 1791255521597137 21032
4081 1791255521618769 21624
4082 1791255521646365 28614
4083 1791255521663519 23584
4084 1791255521685918 28795
4085 1791255521702569 22641
4086 1791255521725595 23088
4087 1791255521745459 28553
4088 1791255521764153 25359
4089 1791255521784583 23620
4090 1791255521803772 26169
4091 1791255521830698 26921
4092 1791255521843489 27159
4093 1791255521865143 21734
4094 1791255521887401 29527
4095 1791255521902760 22824
4096 1791255521923623 24711
4097 1791255521942847 23132
4098 1791255521964304 21454
4099 1791255521977667 21684
4100 1791255522005445 27937
4101 1791255522023154 23105
4102 1791255522044737 21579
4103 1791255522063896 26566
4104 1791255522078413 22177
4105 1791255522104497 26367
4106 1791255522122854 22931
4107 1791255522144764 27742
4108 1791255522159495 22416
4109 1791255522183696 26698
4110 1791255522204407 27067
4111 1791255522223378 24586
4112 1791255522245292 25542
4113 1791255522262586 22819
4114 1791255522283840 27082
4115 1791255522302202 22318
4116 1791255522326133 28891
4117 1791255522344742 27837
4118 1791255522374350 29604
4119 1791255522384982 25496
4120 1791255522400623 23753
4121 1791255522417017 20776
4122 1791255522443611 26707
4123 1791255522469987 26373
4124 1791255522484178 24659
4125 1791255522505950 21768
4126 1791255522518497 20517
4127 1791255522543218 24716
4128 1791255522567488 30233
4129 1791255522582725 22788
4130 1791255522601206 23452
4131 1791255522624201 22992
4132 1791255522644376 24015
4133 1791255522662263 24571
4134 1791255522684746 26068
4135 1791255522701835 22276
4136 1791255522722796 25336
4137 1791255522743764 24285
4138 1791255522762366 24863
4139 1791255522779497 23326
4140 1791255522803499 24130
4141 1791255522825391 28104
4142 1791255522852865 35464
4143 1791255522863248 26565
4144 1791255522881776 21597
# sent 4145 received 4145
