0 1791230584690451 27137
1 1791230584709909 26430
2 1791230584728904 25270
3 1791230584751637 22730
4 1791230584769864 24188
5 1791230584790366 25502
6 1791230584808192 23805
7 1791230584830934 22740
8 1791230584857732 26794
9 1791230584870974 26773
10 1791230584885815 21299
11 1791230584908258 22440
12 1791230584929712 25116
13 1791230584951379 24320
14 1791230584970254 26339
15 1791230584985219 21220
16 1791230585006078 20856
17 1791230585028370 22289
18 1791230585049050 20677
19 1791230585071667 23505
20 1791230585092005 24020
21 1791230585104933 21147
22 1791230585130799 25862
23 1791230585149257 21792
24 1791230585171081 25771
25 1791230585189951 25259
26 1791230585211486 26882
27 1791230585231264 24013
28 1791230585244987 21246
29 1791230585265791 20802
30 1791230585291261 25467
31 1791230585308752 22845
32 1791230585331383 22628
33 1791230585351584 26962
34 1791230585374094 22507
35 1791230585391171 25951
36 1791230585408682 23825
37 1791230585435705 27017
38 1791230585452263 23011
39 1791230585473838 28246
40 1791230585501468 33408
41 1791230585511887 21698
42 1791230585529660 22849
43 1791230585549329 22514
44 1791230585569223 21824
45 1791230585588874 25219
46 1791230585609792 24527
47 1791230585632575 28002
48 1791230585651470 22913
49 1791230585670658 26907
50 1791230585700629 29968
51 1791230585712081 23756
52 1791230585729650 25907
53 1791230585751213 21675
54 1791230585771410 25192
55 1791230585793904 27389
56 1791230585809300 21446
57 1791230585828311 22258
58 1791230585852006 26647
59 1791230585872102 26576
60 1791230585891241 24524
61 1791230585911604 26146
62 1791230585933257 27452
63 1791230585951225 23721
64 1791230585972342 23069
65 1791230585991833 26014
66 1791230586007803 24199
67 1791230586029979 24280
68 1791230586049132 24444
69 1791230586075687 26552
70 1791230586090695 21583
71 1791230586108850 24970
72 1791230586129518 25659
73 1791230586149767 25346
74 1791230586170756 26451
75 1791230586192225 27247
76 1791230586210291 22837
77 1791230586234803 24508
78 1791230586249336 23233
79 1791230586273675 24335
80 1791230586291623 25032
81 1791230586310610 24131
82 1791230586331005 26242
83 1791230586350240 25661
84 1791230586373428 26064
85 1791230586390455 25381
86 1791230586409914 25238
87 1791230586431927 22064
88 1791230586449687 25092
89 1791230586470506 20817
90 1791230586492003 24445
91 1791230586508685 24952
92 1791230586532348 23709
93 1791230586550149 26121
94 1791230586570114 25031
95 1791230586590856 26257
96 1791230586609867 23079
97 1791230586629341 23386
98 1791230586654841 28359
99 1791230586671061 21639
100 1791230586690286 25000
101 1791230586715591 25302
102 1791230586732869 22165
103 1791230586749609 22227
104 1791230586769512 24170
105 1791230586790460 26147
106 1791230586810771 26122
107 1791230586828433 24848
108 1791230586852469 24033
109 1791230586870549 25168
110 1791230586888964 24520
111 1791230586915152 26185
112 1791230586930766 21062
113 1791230586947607 23056
114 1791230586970322 23056
115 1791230586988702 24281
116 1791230587010292 26589
117 1791230587029311 24317
118 1791230587054106 28686
119 1791230587064973 21433
120 1791230587091101 26114
121 1791230587108401 21231
122 1791230587131279 22874
123 1791230587144955 20693
124 1791230587171699 26739
125 1791230587189009 23305
126 1791230587209675 24786
127 1791230587233755 29028
128 1791230587255305 27233
129 1791230587273261 23848
130 1791230587292138 23446
131 1791230587306091 21408
132 1791230587328855 23297
133 1791230587351371 25010
134 1791230587370951 21927
135 1791230587385689 21560
136 1791230587407486 21794
137 1791230587433689 28952
138 1791230587450803 22015
139 1791230587473643 24816
140 1791230587491001 26268
141 1791230587514345 29436
142 1791230587531910 23150
143 1791230587551553 27790
144 1791230587565232 20739
145 1791230587592620 28764
146 1791230587610190 23104
147 1791230587637428 27235
148 1791230587650318 21385
149 1791230587668591 24946
150 1791230587689450 25227
151 1791230587710354 25622
152 1791230587730419 24892
153 1791230587749024 23031
154 1791230587769630 25664
155 1791230587788836 24528
156 1791230587813695 24855
157 1791230587829658 21199
158 1791230587851861 23748
159 1791230587867867 23037
160 1791230587893834 29157
161 1791230587911176 23524
162 1791230587931425 25827
163 1791230587949140 22558
164 1791230587966524 22884
165 1791230587992798 28226
166 1791230588010658 22717
167 1791230588031523 24973
168 1791230588050873 25498
169 1791230588069960 24009
170 1791230588090429 23251
171 1791230588108977 23823
172 1791230588128544 24799
173 1791230588150427 21949
174 1791230588170152 25360
175 1791230588191263 26406
176 1791230588210081 23935
177 1791230588230150 25110
178 1791230588250553 24934
179 1791230588273005 27904
180 1791230588301881 34539
181 1791230588316568 26716
182 1791230588331739 21260
183 1791230588349356 24732
184 1791230588369362 22802
185 1791230588388931 25176
186 1791230588409030 24983
187 1791230588430058 25158
188 1791230588448734 24335
189 1791230588473392 24656
190 1791230588495565 27067
191 1791230588511202 22420
192 1791230588530256 26481
193 1791230588548509 24407
194 1791230588571787 23321
195 1791230588590257 24140
196 1791230588609488 22896
197 1791230588630174 21551
198 1791230588645480 21812
199 1791230588666711 21227
200 1791230588688458 23619
201 1791230588714104 25644
202 1791230588730302 26492
203 1791230588750669 26346
204 1791230588770722 24245
205 1791230588791753 25828
206 1791230588809721 23228
207 1791230588828503 23757
208 1791230588855010 30392
209 1791230588872435 24811
210 1791230588894039 28744
211 1791230588911225 24279
212 1791230588930739 24584
213 1791230588950804 24253
214 1791230588969905 24360
215 1791230588991101 25345
216 1791230589017945 26921
217 1791230589031576 25791
218 1791230589049452 23724
219 1791230589069482 23850
220 1791230589090155 26251
221 1791230589109965 25435
222 1791230589131861 27077
223 1791230589150627 22121
224 1791230589167787 22139
225 1791230589185896 21375
226 1791230589209200 23300
227 1791230589230002 25346
228 1791230589250315 25728
229 1791230589276722 28975
230 1791230589287882 24077
231 1791230589310358 26439
232 1791230589329117 23586
233 1791230589351757 27181
234 1791230589370611 23729
235 1791230589390541 24992
236 1791230589410339 25977
237 1791230589430786 25881
238 1791230589450390 24929
239 1791230589468739 23796
240 1791230589498735 29994
241 1791230589509018 25158
242 1791230589527985 24102
243 1791230589551207 23351
244 1791230589569757 24538
245 1791230589591373 26229
246 1791230589609388 24487
247 1791230589632341 28823
248 1791230589646081 21988
249 1791230589671358 25394
250 1791230589689984 25763
251 1791230589713471 28888
252 1791230589730864 22391
253 1791230589752163 24652
254 1791230589771668 25173
255 1791230589791375 26121
256 1791230589810609 24225
257 1791230589830338 26625
258 1791230589851235 25737
259 1791230589870285 25866
260 1791230589890719 26222
261 1791230589909790 23739
262 1791230589929358 23725
263 1791230589950023 25266
264 1791230589972322 26628
265 1791230589992131 26666
266 1791230590009543 22189
267 1791230590031460 21972
268 1791230590046771 22388
269 1791230590068642 21868
270 1791230590089652 21059
271 1791230590108481 24745
272 1791230590137939 29570
273 1791230590150245 26242
274 1791230590171104 23477
275 1791230590191370 26504
276 1791230590209902 23532
277 1791230590235127 25298
278 1791230590252038 22525
279 1791230590271830 26194
280 1791230590299660 33805
281 1791230590311954 26536
282 1791230590331805 24767
283 1791230590350434 25427
284 1791230590370554 25932
285 1791230590389074 25375
286 1791230590408194 24306
287 1791230590430124 21924
288 1791230590459163 29153
289 1791230590471027 24074
290 1791230590490618 25280
291 1791230590514848 28256
292 1791230590525730 21750
293 1791230590559896 35511
294 1791230590573002 25295
295 1791230590591906 24716
296 1791230590610347 22200
297 1791230590631755 21404
298 1791230590648973 24562
299 1791230590680363 31666
300 1791230590691366 25875
301 1791230590710029 23233
302 1791230590728605 24270
303 1791230590750719 22111
304 1791230590776814 26092
305 1791230590790814 26810
306 1791230590810207 26246
307 1791230590825311 21357
308 1791230590848831 23517
309 1791230590871371 27574
310 1791230590890941 25536
311 1791230590904756 21235
312 1791230590933013 28384
313 1791230590951172 23297
314 1791230590968315 23735
315 1791230590991606 26870
316 1791230591010526 22908
317 1791230591029451 24742
318 1791230591053935 24479
319 1791230591067404 23541
320 1791230591090264 22857
321 1791230591115408 31928
322 1791230591131987 22031
323 1791230591150111 22339
324 1791230591170958 24121
325 1791230591191784 24044
326 1791230591208821 22059
327 1791230591230521 21697
328 1791230591250562 24985
329 1791230591273971 28281
330 1791230591290088 24330
331 1791230591309973 24976
332 1791230591332013 26053
333 1791230591351497 26717
334 1791230591368339 23914
335 1791230591391117 27103
336 1791230591408738 23446
337 1791230591430993 22251
338 1791230591452573 25108
339 1791230591469402 24541
340 1791230591493118 28724
341 1791230591509424 23748
342 1791230591532945 27593
343 1791230591557567 30795
344 1791230591571120 21027
345 1791230591589022 22879
346 1791230591611232 24123
347 1791230591629715 22397
348 1791230591650569 24829
349 1791230591669297 23615
350 1791230591695023 25722
351 1791230591721262 30430
352 1791230591729920 25448
353 1791230591749603 24501
354 1791230591769545 25286
355 1791230591787106 22596
356 1791230591814201 29954
357 1791230591834862 25661
358 1791230591850947 26112
359 1791230591871446 24691
360 1791230591888254 23247
361 1791230591922377 36311
362 1791230591932186 23234
363 1791230591949603 25560
364 1791230591972098 22674
365 1791230591989349 24481
366 1791230592011973 22720
367 1791230592028724 22766
368 1791230592053797 25069
369 1791230592072613 23294
370 1791230592091710 26720
371 1791230592120537 28822
372 1791230592130800 25759
373 1791230592149202 23341
374 1791230592169644 22761
375 1791230592190411 25845
376 1791230592210862 25363
377 1791230592227577 21295
378 1791230592248910 21330
379 1791230592271497 26776
380 1791230592290580 26250
381 1791230592310003 25086
382 1791230592332804 28555
383 1791230592349432 21515
384 1791230592373669 24233
385 1791230592386676 22028
386 1791230592415351 28664
387 1791230592432080 22166
388 1791230592445539 22066
389 1791230592470235 24741
390 1791230592487634 22792
391 1791230592510228 24483
392 1791230592529227 24417
393 1791230592550841 21608
394 1791230592571066 26353
395 1791230592589961 23161
396 1791230592607010 22038
397 1791230592630943 23930
398 1791230592652733 21784
399 1791230592669951 23904
400 1791230592692310 27242
401 1791230592708533 22902
402 1791230592731505 23077
403 1791230592749399 23608
404 1791230592770060 25716
405 1791230592791442 27582
406 1791230592810200 24622
407 1791230592841301 31214
408 1791230592855977 25912
409 1791230592873870 28200
410 1791230592888987 24440
411 1791230592918605 29837
412 1791230592935570 29845
413 1791230592958976 34371
414 1791230592980482 32731
415 1791230592991572 24944
416 1791230593022290 34555
417 1791230593038583 34544
418 1791230593062395 31701
419 1791230593068908 24269
420 1791230593095024 30545
421 1791230593118397 29997
422 1791230593129189 24409
423 1791230593163892 35058
424 1791230593171296 25642
425 1791230593194969 31067
426 1791230593218102 33035
427 1791230593238691 31318
428 1791230593259657 32631
429 1791230593270160 25865
430 1791230593292017 27702
431 1791230593311162 25003
432 1791230593332904 26877
433 1791230593356467 29597
434 1791230593372835 28104
435 1791230593395750 31524
436 1791230593409856 24848
437 1791230593434277 30401
438 1791230593450569 25956
439 1791230593480547 31135
440 1791230593503863 33880
441 1791230593524514 33938
442 1791230593530792 26925
443 1791230593551591 27074
444 1791230593572749 27587
445 1791230593596589 32836
446 1791230593610607 24998
447 1791230593639921 30915
448 1791230593650519 26526
449 1791230593671378 23484
450 1791230593691992 23635
451 1791230593711792 26292
452 1791230593734584 29617
453 1791230593752481 24536
454 1791230593771400 27589
455 1791230593791486 27094
456 1791230593821647 33046
457 1791230593842462 31648
458 1791230593858401 33685
459 1791230593869815 25355
460 1791230593891009 27512
461 1791230593916033 30811
462 1791230593936242 31737
463 1791230593959458 29671
464 1791230593974731 30219
465 1791230593999184 31267
466 1791230594012785 27980
467 1791230594031394 23770
468 1791230594055645 31583
469 1791230594071406 27426
470 1791230594095532 28594
471 1791230594113654 28523
472 1791230594129624 24886
473 1791230594159013 29383
474 1791230594174041 29193
475 1791230594190803 26221
476 1791230594219686 28879
477 1791230594237706 33625
478 1791230594260928 35760
479 1791230594291318 44852
480 1791230594313740 43824
481 1791230594330785 46147
482 1791230594360993 51729
483 1791230594373476 48715
484 1791230594394387 50259
485 1791230594423134 58518
486 1791230594450794 67034
487 1791230594470075 60977
488 1791230594495054 64218
489 1791230594510930 65750
490 1791230594544932 74854
491 1791230594561258 72326
492 1791230594584659 79756
493 1791230594600728 71199
494 1791230594621298 76361
495 1791230594643517 77368
496 1791230594660301 75636
497 1791230594683664 76497
498 1791230594705143 76422
499 1791230594720575 77056
500 1791230594750111 82499
501 1791230594762558 78893
502 1791230594785443 80334
503 1791230594803155 79363
504 1791230594832505 82451
505 1791230594840000 75373
506 1791230594865807 80359
507 1791230594889619 84730
508 1791230594914061 87434
509 1791230594933980 85065
510 1791230594951429 87420
511 1791230594970059 86100
512 1791230594989627 85302
513 1791230595017505 87413
514 1791230595032923 88548
515 1791230595057149 91641
516 1791230595076613 91858
517 1791230595096589 92743
518 1791230595121037 97417
519 1791230595134902 90412
520 1791230595162043 97259
521 1791230595188028 98528
522 1791230595199963 92484
523 1791230595211980 87656
524 1791230595240811 90395
525 1791230595254828 89600
526 1791230595282348 94317
527 1791230595301871 94246
528 1791230595321638 95541
529 1791230595342685 98229
530 1791230595361118 97164
531 1791230595391976 105447
532 1791230595408863 99620
533 1791230595422303 98369
534 1791230595450229 100524
535 1791230595462892 98671
536 1791230595488089 102371
537 1791230595511077 106165
538 1791230595531488 103566
539 1791230595551612 101559
540 1791230595567607 103139
541 1791230595590091 101999
542 1791230595614751 103663
543 1791230595629543 104720
544 1791230595661079 117126
545 1791230595672989 109189
546 1791230595692920 109204
547 1791230595717966 107762
548 1791230595734049 107805
549 1791230595758672 114474
550 1791230595770907 103963
551 1791230595790794 105873
552 1791230595811613 105073
553 1791230595842030 112912
554 1791230595855062 109239
555 1791230595872404 107926
556 1791230595895965 111184
557 1791230595920749 113344
558 1791230595931036 107079
559 1791230595958512 113032
560 1791230595971853 107078
561 1791230596000377 110550
562 1791230596020074 115241
563 1791230596037132 113074
564 1791230596057056 109231
565 1791230596078566 114803
566 1791230596097355 112937
567 1791230596117359 112059
568 1791230596149189 118923
569 1791230596159649 114407
570 1791230596186936 118787
571 1791230596195378 110601
572 1791230596215541 108975
573 1791230596240486 110997
574 1791230596260004 114345
575 1791230596273694 109859
576 1791230596298407 111468
577 1791230596314126 110107
578 1791230596335786 112053
579 1791230596357761 108689
580 1791230596374145 109566
581 1791230596395123 110950
582 1791230596408267 104586
583 1791230596430864 105819
584 1791230596454948 107263
585 1791230596474333 110419
586 1791230596490150 105818
587 1791230596510810 104840
588 1791230596529349 101807
589 1791230596544006 99207
590 1791230596560354 95946
591 1791230596581475 96207
592 1791230596598594 93730
593 1791230596618153 94105
594 1791230596636941 93060
595 1791230596649406 85264
596 1791230596669137 85414
597 1791230596692359 88411
598 1791230596708284 83994
599 1791230596731130 81721
600 1791230596741791 77530
601 1791230596759960 75125
602 1791230596782081 73793
603 1791230596800576 69443
604 1791230596812153 66310
605 1791230596832220 68098
606 1791230596849065 61881
607 1791230596865954 60557
608 1791230596878537 52925
609 1791230596899612 50542
610 1791230596920889 54929
611 1791230596937102 48755
612 1791230596950639 45888
613 1791230596970547 44560
614 1791230596986148 40413
615 1791230596998875 34200
616 1791230597019654 33502
617 1791230597041259 32166
618 1791230597053217 29028
619 1791230597082943 32971
620 1791230597095025 30154
621 1791230597114540 29356
622 1791230597131545 27325
623 1791230597151330 26798
624 1791230597174265 28064
625 1791230597197752 33147
626 1791230597222321 31753
627 1791230597232697 22333
628 1791230597252267 28230
629 1791230597274448 26406
630 1791230597294504 29929
631 1791230597315474 31854
632 1791230597331595 27834
633 1791230597355329 26699
634 1791230597377918 29394
635 1791230597394837 30134
636 1791230597418371 30110
637 1791230597433528 29213
638 1791230597455597 31624
639 1791230597473533 29534
640 1791230597492558 25587
641 1791230597516461 32192
642 1791230597548724 38440
643 1791230597561146 34895
644 1791230597574607 25880
645 1791230597591488 26725
646 1791230597611027 26964
647 1791230597636924 33125
648 1791230597654900 30058
649 1791230597671512 25784
650 1791230597692242 26231
651 1791230597718724 31853
652 1791230597736084 28775
653 1791230597763578 34180
654 1791230597778299 31676
655 1791230597791340 27758
656 1791230597812577 26894
657 1791230597834057 25126
658 1791230597851602 27709
659 1791230597875264 29779
660 1791230597890365 26616
661 1791230597914104 25884
662 1791230597935931 27373
663 1791230597960801 35748
664 1791230597980351 31025
665 1791230597998350 33516
666 1791230598019920 35867
667 1791230598050503 41506
668 1791230598067596 40413
669 1791230598091494 40987
670 1791230598110821 43219
671 1791230598131548 46672
672 1791230598151863 47226
673 1791230598181975 57160
674 1791230598199243 54558
675 1791230598230063 65367
676 1791230598255534 67863
677 1791230598269905 64779
678 1791230598296409 66343
679 1791230598321110 71349
680 1791230598341382 71474
681 1791230598365175 79571
682 1791230598390771 86737
683 1791230598410928 84997
684 1791230598434503 90109
685 1791230598456052 90874
686 1791230598488248 97473
687 1791230598506898 100027
688 1791230598530325 106051
689 1791230598551891 106326
690 1791230598580423 115583
691 1791230598600702 115306
692 1791230598628849 121947
693 1791230598654993 130062
694 1791230598672272 127297
695 1791230598695102 128706
696 1791230598718738 134886
697 1791230598740503 133524
698 1791230598769721 141129
699 1791230598781007 133359
700 1791230598810446 141423
701 1791230598830209 142834
702 1791230598849748 143614
703 1791230598870868 142334
704 1791230598884865 136486
705 1791230598911263 145164
706 1791230598935128 145191
707 1791230598961757 151305
708 1791230598983719 153507
709 1791230598999571 152715
710 1791230599021472 157136
711 1791230599040498 156310
712 1791230599055196 148578
713 1791230599079054 154496
714 1791230599110435 160490
715 1791230599121537 156863
716 1791230599144279 160557
717 1791230599160539 153413
718 1791230599175795 151333
719 1791230599196049 151685
720 1791230599221324 154541
721 1791230599238407 150518
722 1791230599260540 150102
723 1791230599273360 147649
724 1791230599293782 149500
725 1791230599304648 140686
726 1791230599326056 141330
727 1791230599352001 141003
728 1791230599372324 145321
729 1791230599385976 141783
730 1791230599409675 145150
731 1791230599420008 135134
732 1791230599430514 125862
733 1791230599450779 124719
734 1791230599466260 121666
735 1791230599474094 109170
736 1791230599490967 104988
737 1791230599505344 95665
738 1791230599519359 94241
739 1791230599535212 91582
740 1791230599549465 83203
741 1791230599564837 79056
742 1791230599576017 71216
743 1791230599590635 66898
744 1791230599601641 57105
745 1791230599618856 54015
746 1791230599633633 48649
747 1791230599644950 41131
748 1791230599658607 34337
749 1791230599674166 29213
750 1791230599697126 28189
751 1791230599718806 34178
752 1791230599740565 28749
753 1791230599762466 37607
754 1791230599774251 27741
755 1791230599789958 25479
756 1791230599815872 30606
757 1791230599836089 29059
758 1791230599861080 31088
759 1791230599887981 38225
760 1791230599888481 24017
761 1791230599922041 34057
762 1791230599941026 31108
763 1791230599964576 35585
764 1791230599981045 35756
765 1791230599997513 32932
766 1791230600020421 34023
767 1791230600040572 34118
768 1791230600058521 34039
769 1791230600071326 25847
770 1791230600093957 30002
771 1791230600115416 28798
772 1791230600133908 25229
773 1791230600150392 25495
774 1791230600173095 28580
775 1791230600189969 26358
776 1791230600220054 32949
777 1791230600230822 25334
778 1791230600260171 34852
779 1791230600271230 24716
780 1791230600295003 30274
781 1791230600319437 31325
782 1791230600340227 31137
783 1791230600355942 31861
784 1791230600376855 31837
785 1791230600392520 28286
786 1791230600423867 34732
787 1791230600436457 31765
788 1791230600460996 37126
789 1791230600476843 27779
790 1791230600494704 28351
791 1791230600514867 30739
792 1791230600536362 32169
793 1791230600564684 34776
794 1791230600570585 26982
795 1791230600593113 28425
796 1791230600610228 25901
797 1791230600638024 28922
798 1791230600653892 29073
799 1791230600671717 25792
800 1791230600691087 26888
801 1791230600714027 28932
802 1791230600739378 30314
803 1791230600749737 24002
804 1791230600774043 30377
805 1791230600796477 29966
806 1791230600820455 31835
807 1791230600842325 33749
808 1791230600858851 31234
809 1791230600873812 28968
810 1791230600897672 33236
811 1791230600921184 31000
812 1791230600939579 28851
813 1791230600955547 29584
814 1791230600978197 28963
815 1791230600994697 29577
816 1791230601023190 35039
817 1791230601035926 25656
818 1791230601056857 31888
819 1791230601076326 28583
820 1791230601099877 28597
821 1791230601123447 34755
822 1791230601141179 31163
823 1791230601151229 27780
824 1791230601177547 33095
825 1791230601196300 31034
826 1791230601213721 29682
827 1791230601235577 30195
828 1791230601255688 31504
829 1791230601279652 30355
830 1791230601300458 32357
831 1791230601310084 26152
832 1791230601334554 30778
833 1791230601361734 31852
834 1791230601373361 29338
835 1791230601391617 27190
836 1791230601413136 22602
837 1791230601430852 27014
838 1791230601464582 34544
839 1791230601475475 26201
840 1791230601491578 26968
841 1791230601516887 29503
842 1791230601544750 34831
843 1791230601558909 34631
844 1791230601572491 28090
845 1791230601595217 30802
846 1791230601621486 33089
847 1791230601644526 34036
848 1791230601661940 31570
849 1791230601671174 26645
850 1791230601700022 32726
851 1791230601721505 31236
852 1791230601740046 29902
853 1791230601750727 25087
854 1791230601771801 25911
855 1791230601795329 29428
856 1791230601815889 27058
857 1791230601831554 27842
858 1791230601863645 32913
859 1791230601877978 33280
860 1791230601893313 29664
861 1791230601918621 30592
862 1791230601940519 32979
863 1791230601951949 27198
864 1791230601969495 24080
865 1791230601990602 26194
866 1791230602012358 25504
867 1791230602030258 23014
868 1791230602052301 27830
869 1791230602074231 29413
870 1791230602095621 27741
871 1791230602115942 31376
872 1791230602136511 31770
873 1791230602160366 34821
874 1791230602177899 30869
875 1791230602200253 32902
876 1791230602213958 24555
877 1791230602234641 28050
878 1791230602261224 30910
879 1791230602271325 27583
880 1791230602297843 28328
881 1791230602311125 27308
882 1791230602340911 29782
883 1791230602351062 21579
884 1791230602378660 33113
885 1791230602391230 23750
886 1791230602410846 26623
887 1791230602431473 26569
888 1791230602454281 23561
889 1791230602472954 27358
890 1791230602500970 33558
891 1791230602522590 32010
892 1791230602531366 25187
893 1791230602558397 34704
894 1791230602574822 31060
895 1791230602594586 30902
896 1791230602616122 32107
897 1791230602632062 27830
898 1791230602653837 29106
899 1791230602672165 26734
900 1791230602700351 33232
901 1791230602723970 31534
902 1791230602740813 33752
903 1791230602762749 38775
904 1791230602790550 46312
905 1791230602812336 46654
906 1791230602836040 51222
907 1791230602862027 54487
908 1791230602883675 55172
909 1791230602906192 56752
910 1791230602930014 64917
911 1791230602952621 68943
912 1791230602959256 53052
913 1791230602984131 59016
914 1791230603012862 67691
915 1791230603024195 59079
916 1791230603039238 55104
917 1791230603052441 44729
918 1791230603067754 43557
919 1791230603088687 43444
920 1791230603107388 42161
921 1791230603130272 41582
922 1791230603151179 43788
923 1791230603170900 46910
924 1791230603191308 45468
925 1791230603210478 44038
926 1791230603238042 52157
927 1791230603258932 51322
928 1791230603275771 51835
929 1791230603292529 47415
930 1791230603319047 54352
931 1791230603329831 44761
932 1791230603351133 45697
933 1791230603378703 49360
934 1791230603398137 51852
935 1791230603421241 55246
936 1791230603442054 54212
937 1791230603463944 53201
938 1791230603474870 50512
939 1791230603503045 57302
940 1791230603513618 49669
941 1791230603542272 56999
942 1791230603570230 66019
943 1791230603584242 58498
944 1791230603615041 65023
945 1791230603626170 61501
946 1791230603649212 64967
947 1791230603679702 70771
948 1791230603691675 65502
949 1791230603715920 66753
950 1791230603734923 69063
951 1791230603747119 62149
952 1791230603766632 61495
953 1791230603789056 64186
954 1791230603814454 67460
955 1791230603838599 73890
956 1791230603855939 71967
957 1791230603881553 74512
958 1791230603891698 67478
959 1791230603911410 67605
960 1791230603932408 68196
961 1791230603957209 73065
962 1791230603980700 72382
963 1791230603999789 71958
964 1791230604021199 76012
965 1791230604043127 78214
966 1791230604064005 74992
967 1791230604085758 76972
968 1791230604107639 77003
969 1791230604126238 81023
970 1791230604151132 87124
971 1791230604170055 85398
972 1791230604191480 83910
973 1791230604209021 82779
974 1791230604228176 81084
975 1791230604251888 87330
976 1791230604269940 85238
977 1791230604294518 85493
978 1791230604321124 93580
979 1791230604331410 82328
980 1791230604351327 81614
981 1791230604376691 87308
982 1791230604393144 85259
983 1791230604411355 85033
984 1791230604431150 85690
985 1791230604454842 91165
986 1791230604479999 91948
987 1791230604501768 90410
988 1791230604513091 88278
989 1791230604540097 95557
990 1791230604557929 92155
991 1791230604574918 88284
992 1791230604595504 90232
993 1791230604624174 96342
994 1791230604642300 96871
995 1791230604660512 96178
996 1791230604679386 94359
997 1791230604700715 97010
998 1791230604715995 91817
999 1791230604741651 92470
1000 1791230604762596 94883
1001 1791230604790123 104953
1002 1791230604804265 99385
1003 1791230604824641 94986
1004 1791230604840594 96771
1005 1791230604863372 99471
1006 1791230604890651 100524
1007 1791230604901659 97391
1008 1791230604924860 100211
1009 1791230604941386 97130
1010 1791230604961405 98028
1011 1791230604989759 103859
1012 1791230605007857 104041
1013 1791230605027915 103894
1014 1791230605048601 103638
1015 1791230605070699 106643
1016 1791230605101879 112284
1017 1791230605117657 111440
1018 1791230605142661 114742
1019 1791230605151625 103791
1020 1791230605167791 102330
1021 1791230605198759 109445
1022 1791230605211113 103801
1023 1791230605234988 105033
1024 1791230605249980 106038
1025 1791230605271939 107494
1026 1791230605298843 113972
1027 1791230605321807 117140
1028 1791230605332583 108300
1029 1791230605353247 109147
1030 1791230605377809 109671
1031 1791230605398640 114404
1032 1791230605419435 114060
1033 1791230605440437 112767
1034 1791230605455367 111668
1035 1791230605473291 108403
1036 1791230605500582 116461
1037 1791230605513092 108520
1038 1791230605534140 109668
1039 1791230605553103 108230
1040 1791230605585543 115669
1041 1791230605601089 114956
1042 1791230605619920 113629
1043 1791230605640749 111384
1044 1791230605659313 111247
1045 1791230605679862 115325
1046 1791230605700449 114903
1047 1791230605720717 113220
1048 1791230605746201 115828
1049 1791230605759274 113324
1050 1791230605782874 115691
1051 1791230605807389 122204
1052 1791230605820260 116001
1053 1791230605838968 113536
1054 1791230605852782 109035
1055 1791230605874221 109367
1056 1791230605899123 110406
1057 1791230605915708 111809
1058 1791230605941490 116992
1059 1791230605958979 110867
1060 1791230605974237 110387
1061 1791230605995276 109693
1062 1791230606024527 113746
1063 1791230606032150 107043
1064 1791230606051338 105771
1065 1791230606074581 109753
1066 1791230606094361 106327
1067 1791230606108558 103815
1068 1791230606127779 103230
1069 1791230606144299 99679
1070 1791230606164472 100204
1071 1791230606178832 94622
1072 1791230606200129 95868
1073 1791230606212813 88975
1074 1791230606234644 90342
1075 1791230606253982 89504
1076 1791230606265280 81128
1077 1791230606285911 81292
1078 1791230606306960 78294
1079 1791230606320666 76463
1080 1791230606340300 75016
1081 1791230606355254 69663
1082 1791230606379135 72169
1083 1791230606390721 65594
1084 1791230606411129 61072
1085 1791230606423114 58142
1086 1791230606442914 57504
1087 1791230606466795 56375
1088 1791230606481406 56587
1089 1791230606499033 51049
1090 1791230606513067 47065
1091 1791230606532489 43983
1092 1791230606546465 41698
1093 1791230606575649 48585
1094 1791230606582877 39048
1095 1791230606602143 38350
1096 1791230606623460 36070
1097 1791230606645051 36752
1098 1791230606657898 34430
1099 1791230606670597 25542
1100 1791230606697755 33539
1101 1791230606721045 30740
1102 1791230606735062 30994
1103 1791230606762139 32656
1104 1791230606779876 30769
1105 1791230606791931 27551
1106 1791230606818354 32150
1107 1791230606840264 29882
1108 1791230606852741 28892
1109 1791230606875723 30008
1110 1791230606895187 30940
1111 1791230606914194 30273
1112 1791230606931453 26846
1113 1791230606960775 36444
1114 1791230606979979 35655
1115 1791230606990496 26044
1116 1791230607012205 27850
1117 1791230607034409 27153
1118 1791230607056537 28581
1119 1791230607071695 27805
1120 1791230607095104 28042
1121 1791230607112379 27778
1122 1791230607136441 29628
1123 1791230607160046 31207
1124 1791230607170716 21940
1125 1791230607188333 23421
1126 1791230607221127 32791
1127 1791230607231329 26684
1128 1791230607249722 22309
1129 1791230607275827 27798
1130 1791230607300496 32405
1131 1791230607315121 30083
1132 1791230607332864 29234
1133 1791230607355806 27769
1134 1791230607371568 25868
1135 1791230607391450 26308
1136 1791230607412040 25814
1137 1791230607438788 30485
1138 1791230607458916 33471
1139 1791230607471657 26808
1140 1791230607491395 26397
1141 1791230607512526 25785
1142 1791230607530004 24807
1143 1791230607560881 30872
1144 1791230607581167 34079
1145 1791230607592358 27740
1146 1791230607615289 28161
1147 1791230607637117 25772
1148 1791230607650816 25322
1149 1791230607672894 22942
1150 1791230607698070 32168
1151 1791230607713616 27568
1152 1791230607744830 35992
1153 1791230607761674 31803
1154 1791230607772553 27721
1155 1791230607792632 26272
1156 1791230607814727 25137
1157 1791230607836541 31900
1158 1791230607867812 37702
1159 1791230607883947 40349
1160 1791230607889321 25445
1161 1791230607906429 22481
1162 1791230607929044 25089
1163 1791230607954865 25818
1164 1791230607970418 21157
1165 1791230607988221 23354
1166 1791230608010808 22584
1167 1791230608030408 24214
1168 1791230608051254 26650
1169 1791230608073486 26523
1170 1791230608091532 24032
1171 1791230608110662 25346
1172 1791230608125172 20920
1173 1791230608151054 25985
1174 1791230608170822 26486
1175 1791230608191106 26048
1176 1791230608211300 24603
1177 1791230608228350 23448
1178 1791230608251204 22849
1179 1791230608269770 23102
1180 1791230608298687 28913
1181 1791230608311848 21204
1182 1791230608334313 29787
1183 1791230608350523 23607
1184 1791230608365887 21763
1185 1791230608390570 24678
1186 1791230608416009 25520
1187 1791230608431939 21872
1188 1791230608447880 23117
1189 1791230608470918 23034
1190 1791230608489102 24948
1191 1791230608511319 27174
1192 1791230608529184 24118
1193 1791230608552084 22896
1194 1791230608567559 22639
1195 1791230608588503 23842
1196 1791230608605258 21353
1197 1791230608631203 25991
1198 1791230608647665 21899
1199 1791230608671334 26541
1200 1791230608695972 29197
1201 1791230608715792 26682
1202 1791230608727056 22940
1203 1791230608747947 23052
1204 1791230608773868 29339
1205 1791230608795252 29206
1206 1791230608810651 21260
1207 1791230608830630 23593
1208 1791230608850392 24526
1209 1791230608867985 23130
1210 1791230608885031 21386
1211 1791230608907732 22697
1212 1791230608935375 27762
1213 1791230608951324 22564
1214 1791230608970539 26780
1215 1791230608988616 21580
1216 1791230609010268 26531
1217 1791230609029986 25770
1218 1791230609047871 22201
1219 1791230609072247 24372
1220 1791230609091227 24066
1221 1791230609111568 20822
1222 1791230609129839 24109
1223 1791230609146146 21247
1224 1791230609171025 26992
1225 1791230609190506 26136
1226 1791230609210329 26059
1227 1791230609229685 26047
1228 1791230609252531 22843
1229 1791230609271822 24992
1230 1791230609295088 29007
1231 1791230609313782 25371
1232 1791230609334174 25611
1233 1791230609349449 24359
1234 1791230609368486 22137
1235 1791230609387978 21851
1236 1791230609408844 20863
1237 1791230609431335 22487
1238 1791230609457596 30406
1239 1791230609470725 26868
1240 1791230609488534 21724
1241 1791230609511650 23112
1242 1791230609534023 26514
1243 1791230609550417 21941
1244 1791230609569396 23590
1245 1791230609591248 27353
1246 1791230609613769 22514
1247 1791230609630300 22001
1248 1791230609649140 24142
1249 1791230609670695 26224
1250 1791230609688085 22110
1251 1791230609711219 27228
1252 1791230609732434 23808
1253 1791230609749783 24864
1254 1791230609767866 23983
1255 1791230609791417 27429
1256 1791230609812724 24624
1257 1791230609830105 26410
1258 1791230609850922 24914
1259 1791230609869908 25084
1260 1791230609890491 25898
1261 1791230609917012 26516
1262 1791230609931768 21789
1263 1791230609955097 28358
1264 1791230609971987 25267
1265 1791230609990538 25684
1266 1791230610016444 25901
1267 1791230610032842 22661
1268 1791230610055378 27152
1269 1791230610073738 24486
1270 1791230610091915 27975
1271 1791230610112553 20633
1272 1791230610130840 24821
1273 1791230610150999 24882
1274 1791230610169884 24312
1275 1791230610190114 25293
1276 1791230610209762 24816
1277 1791230610241062 31295
1278 1791230610249167 24885
1279 1791230610270442 21272
1280 1791230610299718 33469
1281 1791230610311320 25889
1282 1791230610330281 23670
1283 1791230610351660 25758
1284 1791230610365522 21077
1285 1791230610397519 31995
1286 1791230610411973 24372
1287 1791230610429684 25663
1288 1791230610451120 21431
1289 1791230610469886 25545
1290 1791230610489495 23691
1291 1791230610516870 27368
1292 1791230610541145 30245
1293 1791230610553810 26505
1294 1791230610569398 22245
1295 1791230610590125 25913
1296 1791230610608658 23548
1297 1791230610631218 22556
1298 1791230610645338 20928
1299 1791230610669891 25202
1300 1791230610696349 26453
1301 1791230610719691 29530
1302 1791230610730748 26629
1303 1791230610750397 25428
1304 1791230610772674 27060
1305 1791230610786860 23096
1306 1791230610811188 24325
1307 1791230610836624 26289
1308 1791230610851874 21776
1309 1791230610869979 22823
1310 1791230610891192 26440
1311 1791230610913986 22786
1312 1791230610932993 29302
1313 1791230610964477 31480
1314 1791230610971790 25610
1315 1791230610989756 25273
1316 1791230611015189 31136
1317 1791230611031777 25072
1318 1791230611054145 28017
1319 1791230611069697 24768
1320 1791230611110463 43458
1321 1791230611110481 26326
1322 1791230611140875 32798
1323 1791230611153329 27903
1324 1791230611179116 31447
1325 1791230611199437 34819
1326 1791230611212727 26379
1327 1791230611226278 22564
1328 1791230611260240 34967
1329 1791230611270136 25359
1330 1791230611292887 27313
1331 1791230611319113 32768
1332 1791230611333005 28108
1333 1791230611359099 34603
1334 1791230611374205 27906
1335 1791230611396875 32561
1336 1791230611417316 31009
1337 1791230611435777 26786
1338 1791230611448153 24325
1339 1791230611471776 27091
1340 1791230611497324 30488
1341 1791230611508967 24955
1342 1791230611538197 33795
1343 1791230611553560 27719
1344 1791230611580821 36093
1345 1791230611591987 28061
1346 1791230611609504 25526
1347 1791230611632447 25793
1348 1791230611656833 32046
1349 1791230611679698 34797
1350 1791230611699070 30122
1351 1791230611729756 39146
1352 1791230611743803 34917
1353 1791230611764742 34983
1354 1791230611772487 28679
1355 1791230611800896 36152
1356 1791230611820053 33764
1357 1791230611833988 26675
1358 1791230611852580 26545
1359 1791230611873271 26808
1360 1791230611894382 30284
1361 1791230611911395 24912
1362 1791230611928787 24935
1363 1791230611958373 31344
1364 1791230611976891 31684
1365 1791230611988121 24345
1366 1791230612015345 31272
1367 1791230612043085 32376
1368 1791230612058702 29009
1369 1791230612081392 30485
1370 1791230612092599 28576
1371 1791230612111614 27279
1372 1791230612131985 25091
1373 1791230612150947 26810
1374 1791230612177853 28681
1375 1791230612194505 28223
1376 1791230612207692 23643
1377 1791230612241348 37208
1378 1791230612254912 26829
1379 1791230612271013 25380
1380 1791230612298421 29159
1381 1791230612310753 25435
1382 1791230612337347 33057
1383 1791230612351060 26905
1384 1791230612369917 25991
1385 1791230612391228 26284
1386 1791230612411018 25521
1387 1791230612431102 22145
1388 1791230612452041 27328
1389 1791230612481370 33954
1390 1791230612490953 24959
1391 1791230612514572 30318
1392 1791230612539434 31700
1393 1791230612552417 28371
1394 1791230612575527 29211
1395 1791230612590454 26688
1396 1791230612615623 31617
1397 1791230612635494 31411
1398 1791230612653582 27654
1399 1791230612674135 25647
1400 1791230612695686 29156
1401 1791230612717853 29126
1402 1791230612730368 26541
1403 1791230612759068 29738
1404 1791230612791115 40129
1405 1791230612795902 30954
1406 1791230612814748 29570
1407 1791230612838621 28853
1408 1791230612854586 30253
1409 1791230612872310 27258
1410 1791230612898757 33756
1411 1791230612912555 24487
1412 1791230612944034 34825
1413 1791230612966905 37641
1414 1791230612979397 35357
1415 1791230612999222 32314
1416 1791230613016014 32013
1417 1791230613029165 22657
1418 1791230613049862 21873
1419 1791230613073372 26975
1420 1791230613092635 26870
1421 1791230613127609 37099
1422 1791230613140290 35833
1423 1791230613161268 33649
1424 1791230613180533 33848
1425 1791230613200002 33246
1426 1791230613213993 28515
1427 1791230613234358 27621
1428 1791230613249959 25535
1429 1791230613278595 33241
1430 1791230613301141 31327
1431 1791230613313942 25895
1432 1791230613330913 26275
1433 1791230613350291 26051
1434 1791230613371537 27162
1435 1791230613393034 27254
1436 1791230613418808 30139
1437 1791230613447435 35530
1438 1791230613460285 30907
1439 1791230613474861 27423
1440 1791230613495762 29562
1441 1791230613514738 27878
1442 1791230613531132 24846
1443 1791230613558978 34414
1444 1791230613573254 27658
1445 1791230613597010 32156
1446 1791230613619212 31489
1447 1791230613634457 29416
1448 1791230613660314 32086
1449 1791230613678357 34606
1450 1791230613694457 30488
1451 1791230613717039 33034
1452 1791230613735036 31413
1453 1791230613752923 23010
1454 1791230613773975 27014
1455 1791230613794391 27517
1456 1791230613812000 22120
1457 1791230613831913 24435
1458 1791230613862918 38151
1459 1791230613885878 34873
1460 1791230613899506 34668
1461 1791230613912624 26744
1462 1791230613934657 30449
1463 1791230613952381 27367
1464 1791230613981433 30900
1465 1791230613991550 27728
1466 1791230614020660 29851
1467 1791230614033859 25480
1468 1791230614064683 34344
1469 1791230614073992 29829
1470 1791230614098661 33971
1471 1791230614119191 33509
1472 1791230614140935 30722
1473 1791230614157765 29599
1474 1791230614173250 28089
1475 1791230614195232 31254
1476 1791230614219756 30176
1477 1791230614232351 23533
1478 1791230614256808 30500
1479 1791230614279867 32911
1480 1791230614296832 24621
1481 1791230614310128 24644
1482 1791230614338417 29130
1483 1791230614365737 37140
1484 1791230614371665 27615
1485 1791230614392116 26372
1486 1791230614414339 28269
1487 1791230614433613 23835
1488 1791230614456469 32590
1489 1791230614482382 32520
1490 1791230614490870 23569
1491 1791230614514234 26866
1492 1791230614542197 34205
1493 1791230614565231 34608
1494 1791230614591429 40954
1495 1791230614592377 27142
1496 1791230614620594 29162
1497 1791230614632000 28449
1498 1791230614658071 30283
1499 1791230614673151 25424
1500 1791230614699472 29292
1501 1791230614721081 32455
1502 1791230614731896 25059
1503 1791230614758100 27740
1504 1791230614770738 23787
1505 1791230614799688 33030
1506 1791230614815726 30504
1507 1791230614836094 27148
1508 1791230614857367 28258
1509 1791230614885011 34329
1510 1791230614897238 32635
1511 1791230614911902 28004
1512 1791230614934003 24386
1513 1791230614958502 33335
1514 1791230614980415 34488
1515 1791230614992896 29021
1516 1791230615013087 28727
1517 1791230615039146 31106
1518 1791230615060077 31608
1519 1791230615074018 27147
1520 1791230615095886 29556
1521 1791230615130778 39843
1522 1791230615134228 23090
1523 1791230615147356 23351
1524 1791230615173042 27380
1525 1791230615191926 24697
1526 1791230615221015 36422
1527 1791230615240834 36535
1528 1791230615261493 36523
1529 1791230615279640 33456
1530 1791230615300802 34355
1531 1791230615316672 32688
1532 1791230615342903 32866
1533 1791230615355497 30976
1534 1791230615379404 30505
1535 1791230615397015 29995
1536 1791230615413792 26950
1537 1791230615444416 33611
1538 1791230615456365 30306
1539 1791230615476484 32063
1540 1791230615496958 26401
1541 1791230615516561 31724
1542 1791230615539590 29416
1543 1791230615565858 36520
1544 1791230615576394 31111
1545 1791230615593140 27279
1546 1791230615611501 25811
1547 1791230615641073 30828
1548 1791230615655277 25437
1549 1791230615670937 26073
1550 1791230615700702 31049
1551 1791230615715378 30412
1552 1791230615732645 27555
1553 1791230615751536 27083
1554 1791230615787235 40177
1555 1791230615800083 36380
1556 1791230615815699 28460
1557 1791230615836794 29666
1558 1791230615855473 24982
1559 1791230615871736 26454
1560 1791230615894124 30099
1561 1791230615921489 34742
1562 1791230615930530 25666
1563 1791230615953361 25873
1564 1791230615975570 31062
1565 1791230615992349 28327
1566 1791230616017627 26630
1567 1791230616031060 27216
1568 1791230616051415 27487
1569 1791230616076114 26274
1570 1791230616098718 28323
1571 1791230616113026 23809
1572 1791230616134301 30175
1573 1791230616158286 32322
1574 1791230616176653 28092
1575 1791230616188460 23869
1576 1791230616213710 29372
1577 1791230616229667 24540
1578 1791230616261319 36365
1579 1791230616289064 40331
1580 1791230616303063 32752
1581 1791230616315968 28324
1582 1791230616350641 40183
1583 1791230616352483 22873
1584 1791230616376635 26111
1585 1791230616396452 32624
1586 1791230616416781 32654
1587 1791230616435033 31188
1588 1791230616455096 25080
1589 1791230616481523 35287
1590 1791230616495666 26987
1591 1791230616518982 31623
1592 1791230616535693 24635
1593 1791230616552666 22444
1594 1791230616573305 26947
1595 1791230616586985 22448
1596 1791230616616512 31297
1597 1791230616632347 24682
1598 1791230616650970 25544
1599 1791230616672062 27791
1600 1791230616695076 30094
1601 1791230616714882 29519
1602 1791230616740918 31082
1603 1791230616762515 37005
1604 1791230616773968 27808
1605 1791230616792100 27725
1606 1791230616814309 29857
1607 1791230616840549 33165
1608 1791230616853952 24568
1609 1791230616885552 39683
1610 1791230616896703 31236
1611 1791230616910224 24670
1612 1791230616938152 28703
1613 1791230616952737 23093
1614 1791230616981773 36444
1615 1791230617000178 36310
1616 1791230617019808 35595
1617 1791230617037490 32719
1618 1791230617059530 30584
1619 1791230617075980 32394
1620 1791230617089445 25641
1621 1791230617112396 27148
1622 1791230617133342 26351
1623 1791230617161984 38070
1624 1791230617181414 30805
1625 1791230617196106 31956
1626 1791230617214345 24256
1627 1791230617229617 25257
1628 1791230617251085 24132
1629 1791230617272051 27496
1630 1791230617296194 31437
1631 1791230617315753 27771
1632 1791230617341038 31228
1633 1791230617361361 31582
1634 1791230617372857 26903
1635 1791230617396975 33258
1636 1791230617417196 27434
1637 1791230617442197 31454
1638 1791230617464164 32350
1639 1791230617471252 26512
1640 1791230617485505 21335
1641 1791230617517069 31561
1642 1791230617547515 37586
1643 1791230617552238 21385
1644 1791230617579273 33067
1645 1791230617590954 25423
1646 1791230617615887 30611
1647 1791230617632524 28078
1648 1791230617651303 26974
1649 1791230617673585 28579
1650 1791230617697052 30594
1651 1791230617714523 30237
1652 1791230617735231 26032
1653 1791230617749928 25757
1654 1791230617777869 27888
1655 1791230617795867 30706
1656 1791230617816235 26388
1657 1791230617835908 25926
1658 1791230617853967 24491
1659 1791230617874014 29825
1660 1791230617890774 26158
1661 1791230617914552 29237
1662 1791230617931998 23017
1663 1791230617961050 37107
1664 1791230617980352 34405
1665 1791230617994723 29872
1666 1791230618016138 30184
1667 1791230618030982 26653
1668 1791230618061585 37094
1669 1791230618090917 40409
1670 1791230618097581 33568
1671 1791230618118606 28037
1672 1791230618130846 26772
1673 1791230618159935 31465
1674 1791230618171618 26691
1675 1791230618191323 27043
1676 1791230618213376 26892
1677 1791230618238617 31517
1678 1791230618265316 34782
1679 1791230618275757 31864
1680 1791230618294912 29594
1681 1791230618310302 26428
1682 1791230618334827 24522
1683 1791230618355354 29176
1684 1791230618376414 31232
1685 1791230618391580 25435
1686 1791230618420930 31454
1687 1791230618436370 26749
1688 1791230618459320 34020
1689 1791230618474629 30556
1690 1791230618496102 31120
1691 1791230618511026 27238
1692 1791230618530543 25904
1693 1791230618560717 31351
1694 1791230618580557 32742
1695 1791230618592910 28387
1696 1791230618614862 30370
1697 1791230618630610 25983
1698 1791230618653911 24550
1699 1791230618680909 30468
1700 1791230618698162 27958
1701 1791230618718772 30462
1702 1791230618735534 25565
1703 1791230618754689 30594
1704 1791230618785684 37203
1705 1791230618790173 26258
1706 1791230618817433 32118
1707 1791230618830965 23886
1708 1791230618852059 28242
1709 1791230618867268 23050
1710 1791230618901545 36039
1711 1791230618914516 29025
1712 1791230618931013 23751
1713 1791230618950981 25780
1714 1791230618973681 27750
1715 1791230618992476 28186
1716 1791230619013750 23393
1717 1791230619038815 30406
1718 1791230619053116 28288
1719 1791230619072616 24624
1720 1791230619095217 24489
1721 1791230619114609 30411
1722 1791230619135109 30366
1723 1791230619152771 27364
1724 1791230619181027 31136
1725 1791230619190916 23296
1726 1791230619218789 31663
1727 1791230619228485 24257
1728 1791230619257601 32508
1729 1791230619291760 44602
1730 1791230619301142 30900
1731 1791230619314700 29245
1732 1791230619338990 28438
1733 1791230619356308 32527
1734 1791230619380233 29397
1735 1791230619392162 28222
1736 1791230619413256 28503
1737 1791230619436184 28167
1738 1791230619461303 31196
1739 1791230619474981 24986
1740 1791230619493591 27997
1741 1791230619537924 49560
1742 1791230619550773 38218
1743 1791230619557464 27769
1744 1791230619588252 37634
1745 1791230619598976 34848
1746 1791230619615038 29935
1747 1791230619631179 25663
1748 1791230619653239 25206
1749 1791230619675387 28779
1750 1791230619695063 28582
1751 1791230619719612 29629
1752 1791230619740728 30688
1753 1791230619755415 29662
1754 1791230619772129 22755
1755 1791230619798386 32642
1756 1791230619814799 24878
1757 1791230619836819 33093
1758 1791230619863506 33566
1759 1791230619872771 27531
1760 1791230619899759 36246
1761 1791230619915977 31958
1762 1791230619946280 35752
1763 1791230619954303 29820
1764 1791230619970529 24248
1765 1791230619991604 25991
1766 1791230620008208 24261
1767 1791230620034496 28543
1768 1791230620061447 34233
1769 1791230620074243 24558
1770 1791230620098340 33281
1771 1791230620117349 26423
1772 1791230620134424 23022
1773 1791230620160217 30397
1774 1791230620171619 27585
1775 1791230620192631 26880
1776 1791230620210185 23904
1777 1791230620232943 24651
1778 1791230620261294 34862
1779 1791230620277593 32730
1780 1791230620292060 26027
1781 1791230620312132 21729
1782 1791230620332174 23588
1783 1791230620358998 29790
1784 1791230620382269 37960
1785 1791230620392025 27889
1786 1791230620420031 30942
1787 1791230620432334 22567
1788 1791230620455911 30392
1789 1791230620478661 29110
1790 1791230620496386 28917
1791 1791230620510107 25966
1792 1791230620533198 23721
1793 1791230620560493 35960
1794 1791230620579954 31944
1795 1791230620591731 26460
1796 1791230620620225 29796
1797 1791230620634105 24884
1798 1791230620650588 25086
1799 1791230620671485 26933
1800 1791230620695881 31846
1801 1791230620719360 29006
1802 1791230620732238 27898
1803 1791230620762990 38632
1804 1791230620781467 35060
1805 1791230620791389 25128
1806 1791230620813748 28591
1807 1791230620838336 31849
1808 1791230620865318 36215
1809 1791230620871979 28061
1810 1791230620891302 27108
1811 1791230620910999 26846
1812 1791230620937793 28749
1813 1791230620950097 23199
1814 1791230620978330 31154
1815 1791230620996955 30330
1816 1791230621011514 27272
1817 1791230621040852 31629
1818 1791230621048062 23918
1819 1791230621073856 27195
1820 1791230621090425 23989
1821 1791230621121355 30926
1822 1791230621134330 29284
1823 1791230621150974 23413
1824 1791230621179732 29703
1825 1791230621190015 25093
1826 1791230621216197 31783
1827 1791230621241693 31068
1828 1791230621262910 32556
1829 1791230621272345 26083
1830 1791230621293038 28213
1831 1791230621313031 28261
1832 1791230621341853 37578
1833 1791230621362346 35798
1834 1791230621384719 34090
1835 1791230621386042 22202
1836 1791230621413855 29132
1837 1791230621437451 26614
1838 1791230621460591 30316
1839 1791230621478241 34086
1840 1791230621494918 26680
1841 1791230621517399 28865
1842 1791230621535547 24377
1843 1791230621558241 34100
1844 1791230621581695 31509
1845 1791230621595384 30069
1846 1791230621625654 39274
1847 1791230621640466 36470
1848 1791230621657118 31457
1849 1791230621670396 25767
1850 1791230621702231 34181
1851 1791230621727563 36977
1852 1791230621732723 25123
1853 1791230621763486 35918
1854 1791230621800695 55301
1855 1791230621800900 37407
1856 1791230621842593 41888
1857 1791230621842603 36887
1858 1791230621885882 61021
1859 1791230621885978 41951
1860 1791230621932496 46605
1861 1791230621932576 46631
1862 1791230621932585 28081
1863 1791230621962925 36780
1864 1791230621985939 37804
1865 1791230622016950 49665
1866 1791230622016965 31018
1867 1791230622043293 31814
1868 1791230622066327 37646
1869 1791230622082968 36189
1870 1791230622096405 30071
1871 1791230622115386 30726
1872 1791230622145571 41082
1873 1791230622176018 30435
1874 1791230622182418 36793
1875 1791230622207208 42659
1876 1791230622225937 36144
1877 1791230622256634 49396
1878 1791230622259559 33615
1879 1791230622300209 51925
1880 1791230622303551 39292
1881 1791230622318559 33099
1882 1791230622339060 35506
1883 1791230622365269 39872
1884 1791230622404108 46687
1885 1791230622404130 38857
1886 1791230622427851 36427
1887 1791230622440525 36411
1888 1791230622468919 41645
1889 1791230622486156 42435
1890 1791230622520184 51226
1891 1791230622525818 39657
1892 1791230622542481 38188
1893 1791230622577216 51389
1894 1791230622587827 43826
1895 1791230622637715 60490
1896 1791230622639527 53485
1897 1791230622658653 45838
1898 1791230622670300 36804
1899 1791230622690943 42369
1900 1791230622703275 32971
1901 1791230622716797 32174
1902 1791230622742975 27285
1903 1791230622759200 34930
1904 1791230622791690 44978
1905 1791230622807248 42819
1906 1791230622829157 37460
1907 1791230622841650 37382
1908 1791230622867066 39486
1909 1791230622882711 34550
1910 1791230622898219 31148
1911 1791230622918033 26720
1912 1791230622933344 28578
1913 1791230622956111 29875
1914 1791230622975682 30290
1915 1791230622993258 27900
1916 1791230623021602 30159
1917 1791230623038001 32909
1918 1791230623072068 42298
1919 1791230623089559 41100
1920 1791230623097650 25576
1921 1791230623120259 32096
1922 1791230623142479 30325
1923 1791230623159183 33348
1924 1791230623181869 37918
1925 1791230623190119 25311
1926 1791230623222658 36976
1927 1791230623238424 28396
1928 1791230623263054 37999
1929 1791230623277345 33335
1930 1791230623291701 25061
1931 1791230623313518 29593
1932 1791230623348069 43327
1933 1791230623360836 35844
1934 1791230623382966 35868
1935 1791230623411416 46777
1936 1791230623431035 41323
1937 1791230623433425 22005
1938 1791230623460042 36066
1939 1791230623475857 31950
1940 1791230623503723 33502
1941 1791230623520644 36593
1942 1791230623538098 34372
1943 1791230623563551 33437
1944 1791230623580555 32583
1945 1791230623592441 28888
1946 1791230623620043 35128
1947 1791230623632591 25624
1948 1791230623660883 32157
1949 1791230623678084 30982
1950 1791230623696577 32461
1951 1791230623716621 28149
1952 1791230623736153 29837
1953 1791230623755321 29617
1954 1791230623779064 34252
1955 1791230623799891 36304
1956 1791230623824082 39787
1957 1791230623851068 40510
1958 1791230623862744 38658
1959 1791230623883039 38692
1960 1791230623907066 42915
1961 1791230623932175 43507
1962 1791230623934563 29611
1963 1791230623962348 36329
1964 1791230623990760 41050
1965 1791230624003832 39837
1966 1791230624034476 45326
1967 1791230624054396 50562
1968 1791230624074075 43764
1969 1791230624108937 60784
1970 1791230624109889 39925
1971 1791230624138811 54341
1972 1791230624159350 52106
1973 1791230624165478 38610
1974 1791230624191671 41809
1975 1791230624215136 51667
1976 1791230624229581 39424
1977 1791230624249871 45844
1978 1791230624266255 37155
1979 1791230624300538 51199
1980 1791230624321410 56428
1981 1791230624331934 45946
1982 1791230624360251 55883
1983 1791230624379632 53528
1984 1791230624392069 45073
1985 1791230624414663 49398
1986 1791230624437137 46367
1987 1791230624468337 58569
1988 1791230624476510 45488
1989 1791230624508419 64171
1990 1791230624523094 56749
1991 1791230624542509 57362
1992 1791230624561795 53373
1993 1791230624576596 47051
1994 1791230624588309 38340
1995 1791230624612263 47991
1996 1791230624635780 48902
1997 1791230624657366 52107
1998 1791230624691242 59604
1999 1791230624713184 63477
2000 1791230624713941 43888
2001 1791230624743719 59462
2002 1791230624763893 59443
2003 1791230624779776 47274
2004 1791230624795377 51653
2005 1791230624816989 53092
2006 1791230624830383 45769
2007 1791230624845065 37674
2008 1791230624871849 43389
2009 1791230624890766 46410
2010 1791230624911289 46490
2011 1791230624933715 49178
2012 1791230624953972 47717
2013 1791230624972241 46742
2014 1791230625000797 52611
2015 1791230625013089 48060
2016 1791230625032912 47569
2017 1791230625057466 48590
2018 1791230625078306 48294
2019 1791230625101063 51159
2020 1791230625130623 59644
2021 1791230625137810 47423
2022 1791230625162930 58371
2023 1791230625179236 49257
2024 1791230625211006 62801
2025 1791230625221139 56913
2026 1791230625241296 49734
2027 1791230625256271 51978
2028 1791230625279300 52794
2029 1791230625321611 71016
2030 1791230625329481 59575
2031 1791230625355258 66525
2032 1791230625361384 50972
2033 1791230625385443 57043
2034 1791230625398844 54155
2035 1791230625424868 60908
2036 1791230625448823 63377
2037 1791230625466136 61332
2038 1791230625488673 63801
2039 1791230625500465 54788
2040 1791230625522305 57576
2041 1791230625547909 59233
2042 1791230625565215 61354
2043 1791230625583869 55728
2044 1791230625592176 44264
2045 1791230625626576 61603
2046 1791230625645221 61349
2047 1791230625672338 64144
2048 1791230625688334 61750
2049 1791230625697443 53447
2050 1791230625725966 56843
2051 1791230625743894 55556
2052 1791230625761190 51180
2053 1791230625781971 56515
2054 1791230625801044 57145
2055 1791230625826574 59358
2056 1791230625841823 56064
2057 1791230625866255 55692
2058 1791230625881037 54454
2059 1791230625908844 58176
2060 1791230625925866 62046
2061 1791230625944202 54033
2062 1791230625970942 63946
2063 1791230625995015 69879
2064 1791230626019008 74892
2065 1791230626030262 65209
2066 1791230626056932 66356
2067 1791230626063055 55791
2068 1791230626086889 57693
2069 1791230626109472 58576
2070 1791230626133166 64195
2071 1791230626142100 55960
2072 1791230626171446 62917
2073 1791230626190630 66673
2074 1791230626212373 63385
2075 1791230626231090 66091
2076 1791230626258387 74363
2077 1791230626282130 78217
2078 1791230626300806 76600
2079 1791230626321952 71663
2080 1791230626345075 74657
2081 1791230626360480 69519
2082 1791230626385013 74060
2083 1791230626402217 76329
2084 1791230626402225 57146
2085 1791230626431410 66466
2086 1791230626445341 60875
2087 1791230626465404 53770
2088 1791230626492069 67029
2089 1791230626515482 70135
2090 1791230626540038 74630
2091 1791230626560571 76237
2092 1791230626581405 76683
2093 1791230626591608 67254
2094 1791230626615197 69199
2095 1791230626633161 67955
2096 1791230626650730 64545
2097 1791230626671990 67452
2098 1791230626718428 89176
2099 1791230626728157 78153
2100 1791230626735694 64935
2101 1791230626763304 78484
2102 1791230626782461 71929
2103 1791230626792111 64815
2104 1791230626811785 67794
2105 1791230626832169 67397
2106 1791230626850178 63587
2107 1791230626859346 53059
2108 1791230626882074 57136
2109 1791230626893910 48459
2110 1791230626921996 57079
2111 1791230626941452 50065
2112 1791230626960267 49299
2113 1791230626972089 47302
2114 1791230626992328 46277
2115 1791230627015970 50363
2116 1791230627026589 39604
2117 1791230627043500 39061
2118 1791230627064245 39596
2119 1791230627083396 39892
2120 1791230627099790 35542
2121 1791230627113001 29602
2122 1791230627130918 23664
2123 1791230627163098 38342
2124 1791230627175676 30372
2125 1791230627203212 37498
2126 1791230627218775 34496
2127 1791230627229889 24605
2128 1791230627251463 26543
2129 1791230627273426 29350
2130 1791230627296911 28049
2131 1791230627320082 33804
2132 1791230627340924 36829
2133 1791230627364003 39133
2134 1791230627381551 35479
2135 1791230627399727 35720
2136 1791230627420333 33742
2137 1791230627436259 25496
2138 1791230627452875 28916
2139 1791230627480814 35525
2140 1791230627501345 31628
2141 1791230627519414 30778
2142 1791230627541550 36238
2143 1791230627567173 42819
2144 1791230627582288 38133
2145 1791230627595664 28488
2146 1791230627613390 26378
2147 1791230627650207 41325
2148 1791230627663588 38249
2149 1791230627681829 35949
2150 1791230627701017 37425
2151 1791230627719900 35160
2152 1791230627740896 30610
2153 1791230627777913 48621
2154 1791230627788289 38045
2155 1791230627798794 33617
2156 1791230627829204 44858
2157 1791230627856923 46287
2158 1791230627864382 38861
2159 1791230627888318 43301
2160 1791230627902782 38667
2161 1791230627923909 36576
2162 1791230627943796 38434
2163 1791230627971241 47329
2164 1791230627984200 40399
2165 1791230628002263 38289
2166 1791230628031212 47010
2167 1791230628053565 44128
2168 1791230628062327 37763
2169 1791230628092408 42857
2170 1791230628121218 56789
2171 1791230628133595 44155
2172 1791230628155524 46931
2173 1791230628162121 34341
2174 1791230628190614 41795
2175 1791230628202927 37595
2176 1791230628231907 42278
2177 1791230628250792 45154
2178 1791230628280289 49236
2179 1791230628291795 41734
2180 1791230628316026 52021
2181 1791230628330195 41413
2182 1791230628352044 42414
2183 1791230628380858 55767
2184 1791230628388029 41072
2185 1791230628413220 47928
2186 1791230628435990 51514
2187 1791230628451285 45947
2188 1791230628468788 39254
2189 1791230628508063 61407
2190 1791230628521258 56435
2191 1791230628550024 59051
2192 1791230628562275 54208
2193 1791230628581240 53116
2194 1791230628588824 40729
2195 1791230628615694 51223
2196 1791230628641140 53973
2197 1791230628656786 52393
2198 1791230628679625 55682
2199 1791230628690377 44594
2200 1791230628714257 45676
2201 1791230628740864 50481
2202 1791230628764872 60448
2203 1791230628784138 52275
2204 1791230628804569 60318
2205 1791230628812898 48022
2206 1791230628846442 62302
2207 1791230628866303 61731
2208 1791230628880735 50753
2209 1791230628908571 62652
2210 1791230628914024 48500
2211 1791230628949253 64298
2212 1791230628963989 55414
2213 1791230628984879 59675
2214 1791230629002290 56667
2215 1791230629022164 58170
2216 1791230629043776 58894
2217 1791230629064015 58843
2218 1791230629086730 62021
2219 1791230629105271 61491
2220 1791230629128899 64880
2221 1791230629141071 55637
2222 1791230629171500 66225
2223 1791230629179354 51284
2224 1791230629210870 59560
2225 1791230629231632 66312
2226 1791230629255227 69832
2227 1791230629274329 68657
2228 1791230629289428 63622
2229 1791230629304616 60502
2230 1791230629336370 67161
2231 1791230629350976 61544
2232 1791230629362862 58331
2233 1791230629385924 56369
2234 1791230629410694 60870
2235 1791230629421600 56753
2236 1791230629444379 58452
2237 1791230629462453 51754
2238 1791230629491606 62194
2239 1791230629509670 65675
2240 1791230629532866 63513
2241 1791230629545295 61068
2242 1791230629561880 56648
2243 1791230629588015 63627
2244 1791230629610975 65676
2245 1791230629631069 66998
2246 1791230629649779 64046
2247 1791230629668067 58224
2248 1791230629684176 53779
2249 1791230629703346 58962
2250 1791230629731119 66165
2251 1791230629752446 68268
2252 1791230629771169 67819
2253 1791230629796084 65911
2254 1791230629809579 59217
2255 1791230629826645 62525
2256 1791230629850990 63823
2257 1791230629862597 57173
2258 1791230629884306 59772
2259 1791230629911747 61669
2260 1791230629929201 65402
2261 1791230629954159 69849
2262 1791230629974466 70743
2263 1791230629990684 65082
2264 1791230630010404 64630
2265 1791230630030839 65601
2266 1791230630049926 65276
2267 1791230630065237 55622
2268 1791230630092394 68246
2269 1791230630117848 72747
2270 1791230630138649 73806
2271 1791230630167463 81023
2272 1791230630179992 75648
2273 1791230630206942 76293
2274 1791230630221498 77627
2275 1791230630233044 65579
2276 1791230630249879 65703
2277 1791230630281354 74960
2278 1791230630303220 77948
2279 1791230630319171 73637
2280 1791230630344214 72858
2281 1791230630351491 64169
2282 1791230630389570 79327
2283 1791230630401998 76664
2284 1791230630421494 77277
2285 1791230630432156 65949
2286 1791230630459664 74136
2287 1791230630476787 72581
2288 1791230630488289 63582
2289 1791230630509421 63979
2290 1791230630521941 57714
2291 1791230630532710 48623
2292 1791230630556179 46755
2293 1791230630558955 34708
2294 1791230630573123 28674
2295 1791230630593814 29609
2296 1791230630618463 31561
2297 1791230630636746 32435
2298 1791230630655418 30075
2299 1791230630684133 33704
2300 1791230630695247 26282
2301 1791230630720830 36693
2302 1791230630742859 33582
2303 1791230630752760 27576
2304 1791230630782764 38309
2305 1791230630798736 34417
2306 1791230630826158 41998
2307 1791230630839125 35012
2308 1791230630852682 26521
2309 1791230630886351 35308
2310 1791230630894666 30067
2311 1791230630920568 34214
2312 1791230630938424 34438
2313 1791230630955524 29893
2314 1791230630976050 27755
2315 1791230630990895 26556
2316 1791230631027060 41421
2317 1791230631044009 37855
2318 1791230631063581 36517
2319 1791230631076706 32693
2320 1791230631093561 29977
2321 1791230631121594 32627
2322 1791230631143470 36260
2323 1791230631164931 39933
2324 1791230631172521 29046
2325 1791230631191541 26607
2326 1791230631211804 27512
2327 1791230631231329 22151
2328 1791230631249995 25063
2329 1791230631274086 29908
2330 1791230631289325 22894
2331 1791230631310823 23813
2332 1791230631328894 22781
2333 1791230631348819 22673
2334 1791230631371159 26105
2335 1791230631390358 24920
2336 1791230631409488 24949
2337 1791230631429166 24992
2338 1791230631449905 25076
2339 1791230631471798 25200
2340 1791230631490311 24052
2341 1791230631509505 25089
2342 1791230631529075 23523
2343 1791230631552938 28796
2344 1791230631569607 24650
2345 1791230631589810 24696
2346 1791230631609934 23152
2347 1791230631634319 24379
2348 1791230631651915 24777
2349 1791230631670678 26241
2350 1791230631692385 25709
2351 1791230631710513 26287
2352 1791230631731293 20774
2353 1791230631751080 23910
2354 1791230631771179 26783
2355 1791230631795879 30386
2356 1791230631811044 22078
2357 1791230631831941 26886
2358 1791230631851739 23510
2359 1791230631870225 25863
2360 1791230631886090 21808
2361 1791230631908569 23482
2362 1791230631930397 21824
2363 1791230631949429 25570
2364 1791230631965197 21407
2365 1791230631990125 25134
2366 1791230632011022 23724
2367 1791230632030936 22693
2368 1791230632048633 24437
2369 1791230632069615 24867
2370 1791230632092191 26159
2371 1791230632112593 26214
2372 1791230632127849 23531
2373 1791230632147351 22293
2374 1791230632171715 24362
2375 1791230632187981 23798
2376 1791230632211208 23219
2377 1791230632228938 21372
2378 1791230632255367 26424
2379 1791230632271691 22506
2380 1791230632291391 25001
2381 1791230632309383 21995
2382 1791230632331188 21801
2383 1791230632350246 26637
2384 1791230632371905 24683
2385 1791230632391255 25636
2386 1791230632411641 25171
2387 1791230632429806 25148
2388 1791230632447031 23182
2389 1791230632475523 31447
2390 1791230632495608 27340
2391 1791230632512018 23029
2392 1791230632528357 24040
2393 1791230632549403 21109
2394 1791230632568801 24828
2395 1791230632586552 22293
2396 1791230632610409 25461
2397 1791230632630721 26202
2398 1791230632654405 23679
2399 1791230632674924 26147
2400 1791230632690981 27114
2401 1791230632715231 24245
2402 1791230632731973 25622
2403 1791230632746779 21338
2404 1791230632766351 21528
2405 1791230632791100 26945
2406 1791230632808187 24059
2407 1791230632832443 24254
2408 1791230632850972 24991
2409 1791230632872244 27119
2410 1791230632893814 26433
2411 1791230632910447 22173
2412 1791230632931909 26727
2413 1791230632950982 23349
2414 1791230632968919 23819
2415 1791230632985899 21808
2416 1791230633011711 25893
2417 1791230633030272 23562
2418 1791230633049045 22943
2419 1791230633074762 28541
2420 1791230633090555 22709
2421 1791230633108759 24885
2422 1791230633132285 28245
2423 1791230633151475 24113
2424 1791230633169560 24647
2425 1791230633189119 24918
2426 1791230633206708 22450
2427 1791230633225238 20520
2428 1791230633250097 26008
2429 1791230633268489 23899
2430 1791230633295357 26864
2431 1791230633308512 24481
2432 1791230633331280 22765
2433 1791230633351276 26836
2434 1791230633371880 25482
2435 1791230633389885 23586
2436 1791230633410460 26111
2437 1791230633437180 27087
2438 1791230633450102 24876
2439 1791230633478387 28280
2440 1791230633488909 21259
2441 1791230633506795 22689
2442 1791230633527443 23353
2443 1791230633545645 21681
2444 1791230633571979 26329
2445 1791230633589587 24518
2446 1791230633612556 23060
2447 1791230633627186 22067
2448 1791230633650953 25761
2449 1791230633673875 27556
2450 1791230633690694 22642
2451 1791230633710370 26038
2452 1791230633726200 21592
2453 1791230633754068 27865
2454 1791230633768964 22334
2455 1791230633787853 23428
2456 1791230633808471 24341
2457 1791230633830100 25804
2458 1791230633850389 25704
2459 1791230633871333 24300
2460 1791230633890284 23974
2461 1791230633910479 26026
2462 1791230633937289 26804
2463 1791230633955028 24770
2464 1791230633969077 21686
2465 1791230633992254 28054
2466 1791230634010439 25887
2467 1791230634029835 24530
2468 1791230634045506 21667
2469 1791230634067698 22188
2470 1791230634088410 20708
2471 1791230634111218 23089
2472 1791230634129393 24095
2473 1791230634152231 22833
2474 1791230634171228 27069
2475 1791230634189042 22583
2476 1791230634213026 23982
2477 1791230634231225 22043
2478 1791230634253661 28483
2479 1791230634273313 25246
2480 1791230634289188 23574
2481 1791230634314810 28549
2482 1791230634341040 31158
2483 1791230634351773 27755
2484 1791230634373119 27101
2485 1791230634405459 41148
2486 1791230634417222 28139
2487 1791230634461216 55750
2488 1791230634461223 30533
2489 1791230634495225 46908
2490 1791230634510981 44554
2491 1791230634516406 31452
2492 1791230634568228 58277
2493 1791230634601625 74273
2494 1791230634631196 82858
2495 1791230634643885 78272
2496 1791230634669358 84631
2497 1791230634684550 76876
2498 1791230634709890 84747
2499 1791230634730762 86874
2500 1791230634748860 81246
2501 1791230634762408 78036
2502 1791230634782197 77344
2503 1791230634808207 78206
2504 1791230634825318 81028
2505 1791230634845084 81058
2506 1791230634870541 82699
2507 1791230634892021 83811
2508 1791230634913395 88064
2509 1791230634934788 90540
2510 1791230634960240 93593
2511 1791230634981034 90432
2512 1791230635010558 98976
2513 1791230635027526 95070
2514 1791230635027555 81761
2515 1791230635057377 90249
2516 1791230635090177 100533
2517 1791230635099414 94745
2518 1791230635122918 95385
2519 1791230635152203 104454
2520 1791230635179434 111233
2521 1791230635194363 104182
2522 1791230635203383 99146
2523 1791230635226035 100856
2524 1791230635250482 100828
2525 1791230635275827 110571
2526 1791230635296951 112305
2527 1791230635309683 106297
2528 1791230635332189 106570
2529 1791230635361597 111112
2530 1791230635381049 110931
2531 1791230635384907 94534
2532 1791230635418372 112256
2533 1791230635435703 110597
2534 1791230635456336 109471
2535 1791230635480942 112328
2536 1791230635496814 111904
2537 1791230635511199 106350
2538 1791230635529949 105442
2539 1791230635560834 110535
2540 1791230635581034 113080
2541 1791230635591566 105429
2542 1791230635624770 113958
2543 1791230635641075 111416
2544 1791230635659504 112949
2545 1791230635677959 113678
2546 1791230635709445 120651
2547 1791230635728943 123693
2548 1791230635750471 125698
2549 1791230635769092 123886
2550 1791230635796394 127203
2551 1791230635814672 128275
2552 1791230635831535 122984
2553 1791230635848973 121054
2554 1791230635861312 116652
2555 1791230635890420 126305
2556 1791230635902566 117907
2557 1791230635924996 115119
2558 1791230635938168 113901
2559 1791230635952707 107324
2560 1791230635974904 110724
2561 1791230635992899 102476
2562 1791230635996152 91890
2563 1791230636011597 86598
2564 1791230636019878 75417
2565 1791230636037548 73161
2566 1791230636062674 78515
2567 1791230636071322 66230
2568 1791230636102887 73370
2569 1791230636106103 55330
2570 1791230636133970 63678
2571 1791230636149117 57019
2572 1791230636158497 52910
2573 1791230636175449 46308
2574 1791230636189546 41562
2575 1791230636209313 44688
2576 1791230636218726 33400
2577 1791230636232900 26499
2578 1791230636265094 39986
2579 1791230636290466 44383
2580 1791230636302278 37183
2581 1791230636336455 46341
2582 1791230636351851 40713
2583 1791230636370818 38900
2584 1791230636382002 37575
2585 1791230636399092 31163
2586 1791230636422202 33875
2587 1791230636454042 43174
2588 1791230636463141 32029
2589 1791230636481361 35487
2590 1791230636494229 29898
2591 1791230636522606 38245
2592 1791230636544042 39188
2593 1791230636564581 36830
2594 1791230636582288 38331
2595 1791230636599002 34418
2596 1791230636630996 43752
2597 1791230636651460 40819
2598 1791230636658518 33353
2599 1791230636678411 33835
2600 1791230636698757 34607
2601 1791230636720896 37335
2602 1791230636747158 42985
2603 1791230636764551 36939
2604 1791230636780510 33349
2605 1791230636801051 36496
2606 1791230636814546 25786
2607 1791230636837755 33516
2608 1791230636860987 36718
2609 1791230636885951 36283
2610 1791230636897676 33078
2611 1791230636920705 34753
2612 1791230636945629 35399
2613 1791230636954238 29458
2614 1791230636981999 36898
2615 1791230636999270 34887
2616 1791230637028751 44305
2617 1791230637039941 34372
2618 1791230637074241 45486
2619 1791230637085915 34956
2620 1791230637112961 43851
2621 1791230637125128 40509
2622 1791230637153703 45043
2623 1791230637157082 31950
2624 1791230637191690 43330
2625 1791230637208241 43823
2626 1791230637219965 33815
2627 1791230637249538 41295
2628 1791230637261929 32156
2629 1791230637282672 37481
2630 1791230637304380 39515
2631 1791230637318456 34034
2632 1791230637341007 36624
2633 1791230637366336 41867
2634 1791230637382130 36490
2635 1791230637398716 33312
2636 1791230637422903 37478
2637 1791230637449446 39776
2638 1791230637463011 37938
2639 1791230637481561 35404
2640 1791230637505111 34238
2641 1791230637520309 34939
2642 1791230637547000 41887
2643 1791230637561050 35176
2644 1791230637580675 34544
2645 1791230637600511 35472
2646 1791230637631170 42103
2647 1791230637637739 33243
2648 1791230637672302 41128
2649 1791230637681675 37116
2650 1791230637717728 46468
2651 1791230637737915 47790
2652 1791230637757973 48178
2653 1791230637763945 39636
2654 1791230637785613 41241
2655 1791230637808432 44482
2656 1791230637838245 52629
2657 1791230637851867 47049
2658 1791230637879932 48616
2659 1791230637900549 50172
2660 1791230637921504 56309
2661 1791230637945405 60798
2662 1791230637963055 58837
2663 1791230637980051 56101
2664 1791230638007292 61884
2665 1791230638027887 63551
2666 1791230638050982 59512
2667 1791230638065920 58624
2668 1791230638083458 55562
2669 1791230638107774 62629
2670 1791230638130267 65214
2671 1791230638145182 61721
2672 1791230638173860 66084
2673 1791230638196623 72342
2674 1791230638216270 71085
2675 1791230638232595 67521
2676 1791230638264092 74278
2677 1791230638284909 76167
2678 1791230638292386 61894
2679 1791230638307424 63233
2680 1791230638324888 60793
2681 1791230638357309 72397
2682 1791230638386346 80070
2683 1791230638400980 76087
2684 1791230638421147 75724
2685 1791230638442039 76141
2686 1791230638460732 74384
2687 1791230638482820 76862
2688 1791230638505268 75047
2689 1791230638521482 74759
2690 1791230638550824 86344
2691 1791230638576671 93181
2692 1791230638588351 83784
2693 1791230638606413 79763
2694 1791230638627939 82123
2695 1791230638644970 80685
2696 1791230638666710 80361
2697 1791230638688928 84790
2698 1791230638712578 86229
2699 1791230638727576 82702
2700 1791230638753588 86873
2701 1791230638762265 77952
2702 1791230638789145 84826
2703 1791230638816257 89886
2704 1791230638830365 81479
2705 1791230638859284 94919
2706 1791230638872695 83548
2707 1791230638902667 97427
2708 1791230638922091 94754
2709 1791230638940901 91539
2710 1791230638952712 86836
2711 1791230638979034 92922
2712 1791230639004224 96574
2713 1791230639021224 96120
2714 1791230639043238 99145
2715 1791230639061813 96277
2716 1791230639083160 98568
2717 1791230639110081 105854
2718 1791230639129107 102730
2719 1791230639143506 98182
2720 1791230639164686 100424
2721 1791230639184433 98365
2722 1791230639211440 105824
2723 1791230639233857 104774
2724 1791230639254401 110891
2725 1791230639260187 95493
2726 1791230639284489 100115
2727 1791230639309710 105143
2728 1791230639328925 103219
2729 1791230639354350 106145
2730 1791230639372655 102174
2731 1791230639393324 108683
2732 1791230639420863 116807
2733 1791230639431112 106320
2734 1791230639458213 108104
2735 1791230639470112 104667
2736 1791230639507611 119361
2737 1791230639512218 108462
2738 1791230639530926 106204
2739 1791230639560285 113670
2740 1791230639572363 102325
2741 1791230639590902 105557
2742 1791230639615674 108060
2743 1791230639644888 116348
2744 1791230639657592 112644
2745 1791230639678656 113974
2746 1791230639691401 106141
2747 1791230639711813 105981
2748 1791230639732974 108946
2749 1791230639763103 118211
2750 1791230639771837 101771
2751 1791230639790437 103104
2752 1791230639801806 97729
2753 1791230639839098 114489
2754 1791230639858989 107877
2755 1791230639871566 107031
2756 1791230639895320 109888
2757 1791230639921727 110668
2758 1791230639937577 109849
2759 1791230639957437 111857
2760 1791230639985382 120465
2761 1791230640012273 121125
2762 1791230640023295 118158
2763 1791230640036980 110589
2764 1791230640057500 113561
2765 1791230640079989 113832
2766 1791230640103359 117974
2767 1791230640120610 115732
2768 1791230640155603 129088
2769 1791230640170496 120215
2770 1791230640180772 116744
2771 1791230640203820 113365
2772 1791230640223141 119778
2773 1791230640241883 117334
2774 1791230640274817 128718
2775 1791230640283280 119055
2776 1791230640299931 115490
2777 1791230640320711 117120
2778 1791230640346214 115288
2779 1791230640356934 106090
2780 1791230640381992 112907
2781 1791230640401977 112933
2782 1791230640416696 112496
2783 1791230640431302 107089
2784 1791230640452589 106373
2785 1791230640475909 111525
2786 1791230640495307 109869
2787 1791230640509942 105682
2788 1791230640529993 102006
2789 1791230640541382 96474
2790 1791230640562389 97960
2791 1791230640579709 93608
2792 1791230640600884 96366
2793 1791230640620680 92051
2794 1791230640635368 91041
2795 1791230640640938 76382
2796 1791230640669237 81731
2797 1791230640688681 80668
2798 1791230640707008 79256
2799 1791230640721081 71550
2800 1791230640741999 72760
2801 1791230640753297 65206
2802 1791230640769675 64929
2803 1791230640799187 73731
2804 1791230640811582 61135
2805 1791230640820882 53578
2806 1791230640831444 45352
2807 1791230640855429 48261
2808 1791230640871959 46393
2809 1791230640890478 46302
2810 1791230640904239 38677
2811 1791230640929312 43646
2812 1791230640942123 37881
2813 1791230640965575 37861
2814 1791230640997293 46856
2815 1791230640997725 33636
2816 1791230641028333 39487
2817 1791230641041806 33103
2818 1791230641055805 30291
2819 1791230641076186 30717
2820 1791230641104204 35123
2821 1791230641120382 31763
2822 1791230641141488 37281
2823 1791230641164633 34929
2824 1791230641181037 34949
2825 1791230641195746 31107
2826 1791230641215642 29726
2827 1791230641237586 33344
2828 1791230641268276 37741
2829 1791230641287315 39008
2830 1791230641301193 32914
2831 1791230641322134 34816
2832 1791230641334636 30263
2833 1791230641361136 32579
2834 1791230641371244 26936
2835 1791230641397382 31799
2836 1791230641419332 33068
2837 1791230641435077 24653
2838 1791230641465628 36979
2839 1791230641481352 35761
2840 1791230641503751 38117
2841 1791230641515249 30925
2842 1791230641540776 37022
2843 1791230641553241 28718
2844 1791230641574937 28614
2845 1791230641595395 29817
2846 1791230641620973 36223
2847 1791230641651225 39701
2848 1791230641660829 35666
2849 1791230641682349 33137
2850 1791230641705769 37239
2851 1791230641721679 35863
2852 1791230641745691 39919
2853 1791230641765075 39483
2854 1791230641781406 35711
2855 1791230641795244 30751
2856 1791230641816779 30409
2857 1791230641840433 31830
2858 1791230641854907 30573
2859 1791230641873442 29187
2860 1791230641898864 33420
2861 1791230641921604 36654
2862 1791230641942846 37743
2863 1791230641961513 34582
2864 1791230641975983 31706
2865 1791230641992167 27872
2866 1791230642030285 43159
2867 1791230642037288 32684
2868 1791230642064982 35896
2869 1791230642074271 24568
2870 1791230642101022 36037
2871 1791230642122499 32834
2872 1791230642148528 38995
2873 1791230642153346 25484
2874 1791230642182078 35042
2875 1791230642196839 32902
2876 1791230642229805 38577
2877 1791230642244472 33932
2878 1791230642277141 48204
2879 1791230642297553 53164
2880 1791230642322002 51039
2881 1791230642334966 50090
2882 1791230642361815 51700
2883 1791230642376047 51351
2884 1791230642415670 65315
2885 1791230642423958 58746
2886 1791230642444110 59823
2887 1791230642489126 79026
2888 1791230642491231 67370
2889 1791230642518107 73990
2890 1791230642549313 80317
2891 1791230642560358 71229
2892 1791230642574984 69343
2893 1791230642602346 75389
2894 1791230642628262 82734
2895 1791230642642206 78030
2896 1791230642671122 86847
2897 1791230642687379 82998
2898 1791230642709109 83683
2899 1791230642733500 83208
2900 1791230642745908 77512
2901 1791230642767126 79742
2902 1791230642791129 83234
2903 1791230642812830 87498
2904 1791230642831384 87420
2905 1791230642857511 90380
2906 1791230642870849 83527
2907 1791230642890239 85099
2908 1791230642911666 87724
2909 1791230642932630 88756
2910 1791230642961753 97100
2911 1791230642979064 89605
2912 1791230643007058 101679
2913 1791230643013523 84403
2914 1791230643033744 85523
2915 1791230643062122 95707
2916 1791230643074174 89613
2917 1791230643089436 83983
2918 1791230643115062 88824
2919 1791230643132238 85637
2920 1791230643156679 92482
2921 1791230643181349 93800
2922 1791230643202095 92763
2923 1791230643220402 95828
2924 1791230643258484 112087
2925 1791230643270721 106254
2926 1791230643285056 99685
2927 1791230643310357 101715
2928 1791230643324018 98473
2929 1791230643333713 89477
2930 1791230643368949 98224
2931 1791230643381537 97020
2932 1791230643413054 102691
2933 1791230643424588 100566
2934 1791230643444430 100129
2935 1791230643472150 106001
2936 1791230643487561 102794
2937 1791230643506202 99362
2938 1791230643521527 96935
2939 1791230643544627 100505
2940 1791230643572398 102950
2941 1791230643591448 106525
2942 1791230643612178 107235
2943 1791230643633368 107011
2944 1791230643659454 114940
2945 1791230643670290 106055
2946 1791230643693800 109815
2947 1791230643716818 111309
2948 1791230643734690 107526
2949 1791230643750632 103988
2950 1791230643773912 109516
2951 1791230643794549 109016
2952 1791230643821501 111341
2953 1791230643838209 113270
2954 1791230643856191 107108
2955 1791230643875576 111044
2956 1791230643900679 110543
2957 1791230643914525 109216
2958 1791230643943234 118601
2959 1791230643955381 110514
2960 1791230643972857 107988
2961 1791230644001933 118100
2962 1791230644028749 118739
2963 1791230644045979 117320
2964 1791230644069597 125022
2965 1791230644085950 121540
2966 1791230644103004 112593
2967 1791230644121620 117573
2968 1791230644141597 112840
2969 1791230644163029 117724
2970 1791230644187340 117739
2971 1791230644203829 117875
2972 1791230644225776 117085
2973 1791230644250047 123405
2974 1791230644261398 115133
2975 1791230644285829 120927
2976 1791230644313968 129023
2977 1791230644334016 130370
2978 1791230644344508 118729
2979 1791230644371317 121446
2980 1791230644385926 122188
2981 1791230644409843 124010
2982 1791230644433223 125765
2983 1791230644448277 120656
2984 1791230644460987 116409
2985 1791230644482025 115908
2986 1791230644505351 119422
2987 1791230644520757 111014
2988 1791230644544621 114511
2989 1791230644559701 112775
2990 1791230644574060 104653
2991 1791230644599665 115325
2992 1791230644616153 110799
2993 1791230644636046 110208
2994 1791230644643657 99347
2995 1791230644665163 100322
2996 1791230644688276 103854
2997 1791230644705348 101308
2998 1791230644721532 97157
2999 1791230644741062 97401
3000 1791230644759728 94561
3001 1791230644781580 93301
3002 1791230644790942 86408
3003 1791230644806015 80094
3004 1791230644827647 82409
3005 1791230644837361 73372
3006 1791230644863652 76972
3007 1791230644876361 71651
3008 1791230644893067 68394
3009 1791230644906917 62985
3010 1791230644930723 67066
3011 1791230644954815 68320
3012 1791230644962667 57510
3013 1791230644982381 54320
3014 1791230644992374 48310
3015 1791230645012147 47946
3016 1791230645032386 47886
3017 1791230645051565 42193
3018 1791230645064758 39392
3019 1791230645085726 40526
3020 1791230645100921 36157
3021 1791230645119182 34953
3022 1791230645144441 38650
3023 1791230645161470 35202
3024 1791230645183978 39534
3025 1791230645209990 43959
3026 1791230645217584 33604
3027 1791230645247324 37330
3028 1791230645257345 33261
3029 1791230645276713 32452
3030 1791230645299234 35339
3031 1791230645314962 29983
3032 1791230645336525 30556
3033 1791230645360021 31021
3034 1791230645379374 34808
3035 1791230645401271 37068
3036 1791230645424388 34818
3037 1791230645437852 27680
3038 1791230645451180 26788
3039 1791230645483055 32981
3040 1791230645504235 34034
3041 1791230645512473 28005
3042 1791230645537628 33840
3043 1791230645563001 34283
3044 1791230645578449 34274
3045 1791230645600684 36379
3046 1791230645619701 35248
3047 1791230645637285 32766
3048 1791230645652387 22414
3049 1791230645681359 31990
3050 1791230645697033 27732
3051 1791230645726305 39678
3052 1791230645741364 36866
3053 1791230645757427 31110
3054 1791230645777316 33282
3055 1791230645800484 36367
3056 1791230645812546 28336
3057 1791230645832149 28165
3058 1791230645860855 34636
3059 1791230645871193 25619
3060 1791230645900665 35993
3061 1791230645921627 32623
3062 1791230645943707 35311
3063 1791230645955568 31520
3064 1791230645973480 29767
3065 1791230646001829 37436
3066 1791230646022285 36820
3067 1791230646046085 36311
3068 1791230646059283 33191
3069 1791230646080990 34917
3070 1791230646110901 39513
3071 1791230646115278 29727
3072 1791230646145463 34558
3073 1791230646152857 28320
3074 1791230646175019 30444
3075 1791230646201210 36649
3076 1791230646220400 29683
3077 1791230646231547 26712
3078 1791230646255215 30667
3079 1791230646278583 32172
3080 1791230646295966 31481
3081 1791230646313368 29408
3082 1791230646344788 35664
3083 1791230646362812 34978
3084 1791230646376321 31529
3085 1791230646400390 36091
3086 1791230646416171 31233
3087 1791230646442346 37495
3088 1791230646466774 36143
3089 1791230646481497 33419
3090 1791230646505252 38453
3091 1791230646519551 35923
3092 1791230646551372 46116
3093 1791230646570250 39408
3094 1791230646595642 44465
3095 1791230646606625 42054
3096 1791230646641523 52883
3097 1791230646657401 53090
3098 1791230646685782 56697
3099 1791230646709979 59893
3100 1791230646724006 59196
3101 1791230646755016 69229
3102 1791230646775770 65788
3103 1791230646782076 58067
3104 1791230646811911 65359
3105 1791230646836954 72662
3106 1791230646855025 70577
3107 1791230646873135 68763
3108 1791230646895133 65134
3109 1791230646913084 63086
3110 1791230646942909 76775
3111 1791230646960159 70427
3112 1791230646977829 72422
3113 1791230646998253 71673
3114 1791230647012887 67797
3115 1791230647038507 74034
3116 1791230647061486 70554
3117 1791230647086114 77421
3118 1791230647099295 74029
3119 1791230647115780 70931
3120 1791230647142261 78248
3121 1791230647167610 81490
3122 1791230647183156 78301
3123 1791230647208621 78885
3124 1791230647222261 74237
3125 1791230647242919 76263
3126 1791230647270631 80038
3127 1791230647300819 92194
3128 1791230647312068 84012
3129 1791230647341246 92304
3130 1791230647350262 85684
3131 1791230647373811 89121
3132 1791230647389645 81706
3133 1791230647402127 77769
3134 1791230647437159 90463
3135 1791230647455600 90901
3136 1791230647480176 93246
3137 1791230647502484 92087
3138 1791230647512722 82766
3139 1791230647531904 87600
3140 1791230647552726 88316
3141 1791230647574270 87534
3142 1791230647592998 88322
3143 1791230647612341 87376
3144 1791230647640954 94570
3145 1791230647669929 104712
3146 1791230647683113 97539
3147 1791230647709079 100856
3148 1791230647720508 94092
3149 1791230647741472 91372
3150 1791230647766316 96385
3151 1791230647782854 92180
3152 1791230647803540 94458
3153 1791230647829650 100959
3154 1791230647843113 97380
3155 1791230647872978 107938
3156 1791230647887397 102051
3157 1791230647916081 112537
3158 1791230647929344 105102
3159 1791230647941542 96509
3160 1791230647965541 101318
3161 1791230647992252 107910
3162 1791230648009844 105531
3163 1791230648023345 93998
3164 1791230648050949 106146
3165 1791230648070527 104983
3166 1791230648093228 108873
3167 1791230648116711 110955
3168 1791230648132027 108676
3169 1791230648147523 102679
3170 1791230648174448 110210
3171 1791230648192100 108236
3172 1791230648205498 100644
3173 1791230648231846 107415
3174 1791230648252624 106773
3175 1791230648275034 108205
3176 1791230648291527 104517
3177 1791230648314584 109083
3178 1791230648333183 107369
3179 1791230648367791 123402
3180 1791230648372878 108046
3181 1791230648407084 119985
3182 1791230648421684 114268
3183 1791230648439727 115179
3184 1791230648459316 112844
3185 1791230648481477 113684
3186 1791230648493257 108163
3187 1791230648520827 113972
3188 1791230648533187 106768
3189 1791230648550025 105473
3190 1791230648571286 107088
3191 1791230648598677 112550
3192 1791230648617689 110532
3193 1791230648637370 110967
3194 1791230648652162 107501
3195 1791230648686754 121611
3196 1791230648697192 106752
3197 1791230648714969 110599
3198 1791230648739643 115683
3199 1791230648761280 117102
3200 1791230648781283 115707
3201 1791230648800616 114181
3202 1791230648821788 112061
3203 1791230648846601 115516
3204 1791230648864462 116023
3205 1791230648881095 113063
3206 1791230648893085 107782
3207 1791230648911733 106468
3208 1791230648934757 108443
3209 1791230648954527 109825
3210 1791230648973283 108817
3211 1791230648994976 109137
3212 1791230649017785 107620
3213 1791230649041140 111977
3214 1791230649048124 103663
3215 1791230649070923 106694
3216 1791230649100078 110581
3217 1791230649124176 113622
3218 1791230649126193 96586
3219 1791230649145813 97687
3220 1791230649166610 99158
3221 1791230649181709 96193
3222 1791230649195648 90740
3223 1791230649211505 87324
3224 1791230649234786 90398
3225 1791230649250221 85676
3226 1791230649268431 83811
3227 1791230649286297 82118
3228 1791230649303550 79260
3229 1791230649322561 77833
3230 1791230649345382 77035
3231 1791230649361362 76889
3232 1791230649371346 67792
3233 1791230649408895 79188
3234 1791230649411371 66233
3235 1791230649438674 73976
3236 1791230649451470 60444
3237 1791230649463080 58652
3238 1791230649488980 64251
3239 1791230649504411 60083
3240 1791230649519658 50733
3241 1791230649540717 55836
3242 1791230649552910 48498
3243 1791230649577561 52996
3244 1791230649592070 46066
3245 1791230649613493 48645
3246 1791230649625755 42031
3247 1791230649656966 50443
3248 1791230649663684 39426
3249 1791230649697413 47662
3250 1791230649705240 41551
3251 1791230649727427 40783
3252 1791230649743877 38634
3253 1791230649761261 33831
3254 1791230649779762 35879
3255 1791230649793289 28343
3256 1791230649822351 37870
3257 1791230649840321 35421
3258 1791230649864719 39030
3259 1791230649872392 28946
3260 1791230649904171 39448
3261 1791230649912186 24706
3262 1791230649934595 30421
3263 1791230649975527 46428
3264 1791230649980505 36815
3265 1791230649993283 27657
3266 1791230650012841 27480
3267 1791230650038522 32753
3268 1791230650059281 30912
3269 1791230650075095 30085
3270 1791230650101051 31201
3271 1791230650118778 33966
3272 1791230650133454 28062
3273 1791230650165158 35868
3274 1791230650174414 29059
3275 1791230650206338 41177
3276 1791230650214926 30333
3277 1791230650250188 43847
3278 1791230650263880 34473
3279 1791230650281324 35796
3280 1791230650294502 30616
3281 1791230650319085 33692
3282 1791230650334699 30640
3283 1791230650360804 36384
3284 1791230650385014 39743
3285 1791230650401756 36770
3286 1791230650421925 36907
3287 1791230650444338 35481
3288 1791230650469917 39607
3289 1791230650483289 38948
3290 1791230650504399 37491
3291 1791230650525842 36117
3292 1791230650544245 39841
3293 1791230650570442 44934
3294 1791230650584770 40577
3295 1791230650614097 45462
3296 1791230650638961 54189
3297 1791230650655740 47693
3298 1791230650680658 53152
3299 1791230650709196 58828
3300 1791230650729541 60357
3301 1791230650749514 59733
3302 1791230650762760 54296
3303 1791230650777462 47915
3304 1791230650792455 47908
3305 1791230650822797 58638
3306 1791230650843622 56576
3307 1791230650867778 61356
3308 1791230650897208 67173
3309 1791230650912365 68736
3310 1791230650939370 72896
3311 1791230650953578 65358
3312 1791230650979299 69396
3313 1791230650991654 66233
3314 1791230651017543 73252
3315 1791230651033121 68234
3316 1791230651063941 77974
3317 1791230651080167 70651
3318 1791230651089198 64466
3319 1791230651119426 73787
3320 1791230651144575 80631
3321 1791230651167164 77963
3322 1791230651178081 70743
3323 1791230651191834 67411
3324 1791230651222480 78102
3325 1791230651240815 73648
3326 1791230651261076 73878
3327 1791230651278262 72187
3328 1791230651308115 81103
3329 1791230651323327 77530
3330 1791230651357860 92057
3331 1791230651362509 74486
3332 1791230651388496 80377
3333 1791230651403813 80482
3334 1791230651425614 81845
3335 1791230651437075 73161
3336 1791230651461841 73342
3337 1791230651490534 86718
3338 1791230651502843 77223
3339 1791230651523779 74405
3340 1791230651552893 86008
3341 1791230651573428 82890
3342 1791230651585528 81012
3343 1791230651604220 80435
3344 1791230651627661 82071
3345 1791230651650854 86311
3346 1791230651674317 88786
3347 1791230651690980 86757
3348 1791230651704276 78658
3349 1791230651733070 85296
3350 1791230651753178 85480
3351 1791230651774409 83425
3352 1791230651790644 86365
3353 1791230651817567 91175
3354 1791230651843304 97924
3355 1791230651862952 97252
3356 1791230651884720 98694
3357 1791230651888974 83507
3358 1791230651916334 87194
3359 1791230651932306 87850
3360 1791230651953892 89482
3361 1791230651970753 86031
3362 1791230652001250 96823
3363 1791230652020306 96062
3364 1791230652038747 93976
3365 1791230652062372 97803
3366 1791230652079981 93521
3367 1791230652105770 100814
3368 1791230652126011 98224
3369 1791230652142821 92902
3370 1791230652156893 92164
3371 1791230652186411 94928
3372 1791230652198479 92707
3373 1791230652231568 105720
3374 1791230652246670 102048
3375 1791230652261332 96959
3376 1791230652292385 107681
3377 1791230652308988 105101
3378 1791230652330103 105820
3379 1791230652350508 103835
3380 1791230652368089 98485
3381 1791230652387447 100326
3382 1791230652410092 101101
3383 1791230652440640 110532
3384 1791230652455669 109951
3385 1791230652471325 106474
3386 1791230652494355 110072
3387 1791230652506911 102931
3388 1791230652536743 112160
3389 1791230652553020 107265
3390 1791230652571252 107024
3391 1791230652592259 108840
3392 1791230652612209 107302
3393 1791230652642158 114625
3394 1791230652657693 113534
3395 1791230652674798 110398
3396 1791230652702864 114154
3397 1791230652720358 115833
3398 1791230652740954 116167
3399 1791230652764389 117964
3400 1791230652781148 113092
3401 1791230652796451 112448
3402 1791230652821956 117839
3403 1791230652837017 112709
3404 1791230652860618 110875
3405 1791230652872341 107948
3406 1791230652905701 121148
3407 1791230652923805 119532
3408 1791230652944269 114562
3409 1791230652963411 119065
3410 1791230652986900 120562
3411 1791230653011186 120352
3412 1791230653021916 116656
3413 1791230653030796 106987
3414 1791230653067365 123092
3415 1791230653086940 123524
3416 1791230653101336 114431
3417 1791230653129694 120172
3418 1791230653149427 118626
3419 1791230653160161 114138
3420 1791230653183980 116610
3421 1791230653203353 116898
3422 1791230653224959 116330
3423 1791230653244814 119189
3424 1791230653257974 113618
3425 1791230653284932 120173
3426 1791230653300222 116238
3427 1791230653322073 118718
3428 1791230653341321 116360
3429 1791230653358377 113559
3430 1791230653379519 109526
3431 1791230653401211 116275
3432 1791230653413796 108550
3433 1791230653441713 115237
3434 1791230653453156 103779
3435 1791230653469395 105495
3436 1791230653490819 104899
3437 1791230653513456 108278
3438 1791230653541231 112455
3439 1791230653550033 100990
3440 1791230653566034 100980
3441 1791230653575244 90845
3442 1791230653608637 95566
3443 1791230653610944 82470
3444 1791230653637405 87974
3445 1791230653649628 83588
3446 1791230653663800 79094
3447 1791230653690456 81814
3448 1791230653705766 80177
3449 1791230653728152 82585
3450 1791230653742765 78959
3451 1791230653759284 68823
3452 1791230653770852 66578
3453 1791230653788750 60591
3454 1791230653814542 63988
3455 1791230653827562 61820
3456 1791230653839999 53280
3457 1791230653865411 55004
3458 1791230653871568 44000
3459 1791230653898177 53751
3460 1791230653927341 61927
3461 1791230653934931 48290
3462 1791230653950840 45390
3463 1791230653965270 37922
3464 1791230653986394 36395
3465 1791230654002612 37337
3466 1791230654022177 35779
3467 1791230654042062 33206
3468 1791230654063672 33893
3469 1791230654091429 41201
3470 1791230654100884 37206
3471 1791230654130281 39263
3472 1791230654139484 35175
3473 1791230654154394 28933
3474 1791230654178856 34351
3475 1791230654201506 34477
3476 1791230654221255 34893
3477 1791230654241996 29666
3478 1791230654257870 30893
3479 1791230654280942 34397
3480 1791230654294758 29809
3481 1791230654327335 38895
3482 1791230654341830 36592
3483 1791230654352553 25214
3484 1791230654374350 29114
3485 1791230654400587 34605
3486 1791230654413210 28825
3487 1791230654441589 35724
3488 1791230654460108 34953
3489 1791230654473877 29373
3490 1791230654492933 28152
3491 1791230654521295 34844
3492 1791230654535526 27466
3493 1791230654558655 33975
3494 1791230654584337 34125
3495 1791230654593294 28646
3496 1791230654619990 35649
3497 1791230654643224 35649
3498 1791230654655302 27922
3499 1791230654677313 30837
3500 1791230654699988 34820
3501 1791230654728132 39329
3502 1791230654741712 31301
3503 1791230654758244 32438
3504 1791230654778612 29974
3505 1791230654800777 36303
3506 1791230654817438 33263
3507 1791230654835388 27002
3508 1791230654862837 34366
3509 1791230654879680 33275
3510 1791230654893117 28049
3511 1791230654917386 32875
3512 1791230654931993 27007
3513 1791230654955955 29671
3514 1791230654971747 27444
3515 1791230654996071 31133
3516 1791230655018484 34431
3517 1791230655045244 38713
3518 1791230655062336 37779
3519 1791230655079666 34419
3520 1791230655099411 34783
3521 1791230655122329 32008
3522 1791230655138531 32204
3523 1791230655164884 34988
3524 1791230655172093 28273
3525 1791230655195527 30641
3526 1791230655220717 35603
3527 1791230655242286 37032
3528 1791230655270593 42214
3529 1791230655286958 42324
3530 1791230655309708 45196
3531 1791230655331055 44094
3532 1791230655352809 44887
3533 1791230655380480 49422
3534 1791230655398319 52864
3535 1791230655424338 56688
3536 1791230655441053 55697
3537 1791230655465917 61833
3538 1791230655485778 61437
3539 1791230655511130 66247
3540 1791230655536274 70352
3541 1791230655554539 68758
3542 1791230655571062 66881
3543 1791230655596439 71649
3544 1791230655607058 56994
3545 1791230655630486 66150
3546 1791230655658578 73677
3547 1791230655673471 66409
3548 1791230655695314 66173
3549 1791230655711293 67407
3550 1791230655734493 66927
3551 1791230655761849 78191
3552 1791230655778671 69645
3553 1791230655807997 82128
3554 1791230655821151 75707
3555 1791230655842513 78252
3556 1791230655864880 79864
3557 1791230655879981 71981
3558 1791230655903546 77854
3559 1791230655926243 76506
3560 1791230655949346 84458
3561 1791230655971298 81966
3562 1791230655991793 88244
3563 1791230656009963 83717
3564 1791230656029801 80451
3565 1791230656047591 82561
3566 1791230656067437 82817
3567 1791230656098733 88711
3568 1791230656109557 80037
3569 1791230656126412 78820
3570 1791230656149939 82498
3571 1791230656165102 80937
3572 1791230656197582 88156
3573 1791230656209527 84374
3574 1791230656251126 101184
3575 1791230656255299 90191
3576 1791230656277608 85813
3577 1791230656291787 82679
3578 1791230656319097 88890
3579 1791230656327687 82190
3580 1791230656355405 84582
3581 1791230656373687 89483
3582 1791230656399170 91662
3583 1791230656422138 94445
3584 1791230656444249 96971
3585 1791230656459821 96005
3586 1791230656481033 96337
3587 1791230656497700 91157
3588 1791230656527713 97732
3589 1791230656538845 94593
3590 1791230656561318 96961
3591 1791230656583306 98120
3592 1791230656601355 97484
3593 1791230656625112 99484
3594 1791230656641260 96857
3595 1791230656665079 101209
3596 1791230656684795 95211
3597 1791230656703469 97961
3598 1791230656735017 109898
3599 1791230656761302 113167
3600 1791230656768932 103849
3601 1791230656788928 104225
3602 1791230656814688 111216
3603 1791230656833728 104641
3604 1791230656847490 97412
3605 1791230656861136 96041
3606 1791230656885114 100969
3607 1791230656913702 107956
3608 1791230656924808 99627
3609 1791230656957568 112689
3610 1791230656975634 109827
3611 1791230656996693 111959
3612 1791230657017594 111421
3613 1791230657037002 112168
3614 1791230657061158 116130
3615 1791230657073088 108731
3616 1791230657092619 107869
3617 1791230657121639 114282
3618 1791230657139763 109233
3619 1791230657153429 109295
3620 1791230657180855 113526
3621 1791230657193106 108605
3622 1791230657221751 114134
3623 1791230657242972 119014
3624 1791230657264709 117354
3625 1791230657279657 114949
3626 1791230657304892 120567
3627 1791230657325239 117739
3628 1791230657339470 110434
3629 1791230657360603 112183
3630 1791230657377332 112620
3631 1791230657401944 109363
3632 1791230657425068 120258
3633 1791230657440921 115676
3634 1791230657462328 111743
3635 1791230657484582 120816
3636 1791230657505865 116974
3637 1791230657533644 122383
3638 1791230657542187 117832
3639 1791230657562898 117455
3640 1791230657582809 113988
3641 1791230657597962 113377
3642 1791230657630469 124592
3643 1791230657644328 116806
3644 1791230657671184 122741
3645 1791230657683347 118999
3646 1791230657703769 118948
3647 1791230657729967 119673
3648 1791230657749753 123659
3649 1791230657764356 120025
3650 1791230657781817 115655
3651 1791230657811259 127909
3652 1791230657818590 114817
3653 1791230657841532 111561
3654 1791230657870212 120455
3655 1791230657872070 107976
3656 1791230657905838 115757
3657 1791230657929496 121943
3658 1791230657940917 115280
3659 1791230657958961 108381
3660 1791230657978556 114174
3661 1791230657996274 109560
3662 1791230658011182 105343
3663 1791230658037425 107926
3664 1791230658049492 104257
3665 1791230658068520 103577
3666 1791230658099222 111587
3667 1791230658108395 100744
3668 1791230658126339 101627
3669 1791230658149436 105011
3670 1791230658165805 102133
3671 1791230658186302 101585
3672 1791230658199447 94489
3673 1791230658218648 94881
3674 1791230658231370 86236
3675 1791230658250611 84803
3676 1791230658271195 84881
3677 1791230658287614 78419
3678 1791230658301175 75661
3679 1791230658326414 78007
3680 1791230658342898 75332
3681 1791230658351113 66329
3682 1791230658377686 73176
3683 1791230658391190 64771
3684 1791230658408649 64309
3685 1791230658420991 54486
3686 1791230658446421 57256
3687 1791230658461166 52634
3688 1791230658475472 50830
3689 1791230658490706 44779
3690 1791230658510749 41931
3691 1791230658529021 44786
3692 1791230658546311 37004
3693 1791230658563616 34705
3694 1791230658574812 28498
3695 1791230658590624 27051
3696 1791230658622645 34229
3697 1791230658635917 30784
3698 1791230658661671 33286
3699 1791230658680567 36155
3700 1791230658697330 32658
3701 1791230658725890 39058
3702 1791230658731974 27663
3703 1791230658755893 30170
3704 1791230658778445 33879
3705 1791230658799417 34099
3706 1791230658824342 34671
3707 1791230658844355 34652
3708 1791230658861413 37067
3709 1791230658881710 37349
3710 1791230658899172 35326
3711 1791230658917975 32431
3712 1791230658947585 36278
3713 1791230658962046 37365
3714 1791230658976694 30490
3715 1791230659010115 42287
3716 1791230659032775 43233
3717 1791230659045886 35766
3718 1791230659062741 37039
3719 1791230659082210 36319
3720 1791230659094081 29655
3721 1791230659118730 33666
3722 1791230659143602 35200
3723 1791230659161117 35407
3724 1791230659172592 28987
3725 1791230659197378 32350
3726 1791230659219992 35298
3727 1791230659245451 36010
3728 1791230659262918 37829
3729 1791230659277418 31963
3730 1791230659309590 40235
3731 1791230659328409 37192
3732 1791230659338021 33427
3733 1791230659360908 32496
3734 1791230659375432 31180
3735 1791230659403123 38220
3736 1791230659416631 30590
3737 1791230659430378 25760
3738 1791230659459982 33969
3739 1791230659469286 25350
3740 1791230659491699 26708
3741 1791230659524109 33130
3742 1791230659530094 25778
3743 1791230659551189 27168
3744 1791230659572120 20927
3745 1791230659590396 25688
3746 1791230659613119 26155
3747 1791230659629780 25608
3748 1791230659652381 22596
3749 1791230659670483 24350
3750 1791230659691507 26339
3751 1791230659709932 25336
3752 1791230659731940 27482
3753 1791230659757554 25607
3754 1791230659769157 24533
3755 1791230659790926 27206
3756 1791230659811056 26310
3757 1791230659830439 24912
3758 1791230659852332 21963
3759 1791230659875588 30038
3760 1791230659888943 21182
3761 1791230659906687 21978
3762 1791230659928464 23743
3763 1791230659950751 26342
3764 1791230659969626 23509
3765 1791230659990791 26357
3766 1791230660009583 24806
3767 1791230660030864 26155
3768 1791230660054286 23417
3769 1791230660071807 26605
3770 1791230660088760 22397
3771 1791230660112332 23569
3772 1791230660128639 23347
3773 1791230660148309 24003
3774 1791230660170585 22273
3775 1791230660189220 24421
3776 1791230660211453 22230
3777 1791230660228366 23756
3778 1791230660251911 23542
3779 1791230660270974 21691
3780 1791230660289591 23363
3781 1791230660309077 24330
3782 1791230660329792 25980
3783 1791230660344649 20386
3784 1791230660369411 24783
3785 1791230660392350 27717
3786 1791230660409391 22436
3787 1791230660429279 23797
3788 1791230660450998 26266
3789 1791230660472375 21374
3790 1791230660500918 28683
3791 1791230660514446 25004
3792 1791230660537795 28569
3793 1791230660549204 23349
3794 1791230660565559 21141
3795 1791230660586516 22199
3796 1791230660605165 21007
3797 1791230660641321 36149
3798 1791230660652014 22913
3799 1791230660670042 25137
3800 1791230660690283 25977
3801 1791230660709798 23919
3802 1791230660738052 28250
3803 1791230660760089 29090
3804 1791230660771305 26026
3805 1791230660790736 22985
3806 1791230660811419 25361
3807 1791230660829488 24063
3808 1791230660844829 21186
3809 1791230660867090 22400
3810 1791230660887897 23307
3811 1791230660908909 24332
3812 1791230660936188 27268
3813 1791230660950638 21030
3814 1791230660970276 22753
3815 1791230660989315 24982
3816 1791230661010289 25792
3817 1791230661034103 23813
3818 1791230661051752 22207
3819 1791230661074235 28994
3820 1791230661092068 22749
3821 1791230661106805 22399
3822 1791230661127921 21244
3823 1791230661148514 20588
3824 1791230661171133 22616
3825 1791230661189612 25204
3826 1791230661217500 27883
3827 1791230661230208 24868
3828 1791230661249746 25328
3829 1791230661272479 27714
3830 1791230661291443 23322
3831 1791230661310382 25614
3832 1791230661327090 22558
3833 1791230661347459 22891
3834 1791230661369662 22200
3835 1791230661389110 24704
3836 1791230661411741 27614
3837 1791230661430613 22749
3838 1791230661449971 22579
3839 1791230661475213 25238
3840 1791230661494928 25814
3841 1791230661513988 25010
3842 1791230661530279 21914
3843 1791230661549281 22805
3844 1791230661570936 26086
3845 1791230661589741 24840
3846 1791230661608322 23296
3847 1791230661635025 30421
3848 1791230661653257 24791
3849 1791230661672860 24314
3850 1791230661688835 24412
3851 1791230661712039 23201
3852 1791230661730246 25911
3853 1791230661751193 21756
3854 1791230661768956 21605
3855 1791230661790796 26341
3856 1791230661810645 26031
3857 1791230661830318 24861
3858 1791230661850818 25788
3859 1791230661865289 21794
3860 1791230661899184 34947
3861 1791230661912716 20647
3862 1791230661930514 25488
3863 1791230661951424 27116
3864 1791230661970227 24483
3865 1791230661990528 25252
3866 1791230662010248 25798
3867 1791230662024523 20893
3868 1791230662050192 25661
3869 1791230662066094 20865
3870 1791230662091802 25706
3871 1791230662116545 28787
3872 1791230662127507 21470
3873 1791230662147683 21263
3874 1791230662170506 22820
3875 1791230662192288 28065
3876 1791230662210843 26193
3877 1791230662229516 24984
3878 1791230662250522 24924
3879 1791230662269435 24241
3880 1791230662295478 26040
3881 1791230662310625 21975
3882 1791230662336070 25440
3883 1791230662349801 24463
3884 1791230662372694 22890
3885 1791230662386516 21797
3886 1791230662412454 27864
3887 1791230662430122 22531
3888 1791230662451006 20947
3889 1791230662477411 26401
3890 1791230662489726 24462
3891 1791230662511525 26977
3892 1791230662528524 23971
3893 1791230662549934 21407
3894 1791230662569972 21853
3895 1791230662584864 20616
3896 1791230662607742 22873
3897 1791230662629370 21624
3898 1791230662650631 21257
3899 1791230662671980 25184
3900 1791230662691442 26673
3901 1791230662710232 23283
3902 1791230662737492 27257
3903 1791230662750376 23865
3904 1791230662771610 25246
3905 1791230662788328 23492
3906 1791230662808951 20689
3907 1791230662831379 27035
3908 1791230662849680 25523
3909 1791230662870278 26029
3910 1791230662889092 23503
3911 1791230662908714 23252
3912 1791230662930918 25259
3913 1791230662950387 24755
3914 1791230662965450 21078
3915 1791230662988373 22917
3916 1791230663008508 24783
3917 1791230663031783 27244
3918 1791230663051217 25981
3919 1791230663069936 21937
3920 1791230663089918 24042
3921 1791230663111203 21378
3922 1791230663125488 21109
3923 1791230663152431 26939
3924 1791230663172056 24086
3925 1791230663194064 29330
3926 1791230663210354 23093
3927 1791230663229014 22546
3928 1791230663251919 27471
3929 1791230663271166 23362
3930 1791230663286681 21896
3931 1791230663310153 23518
3932 1791230663332339 22182
3933 1791230663350290 24388
3934 1791230663371375 26907
3935 1791230663391238 26358
3936 1791230663409600 24106
3937 1791230663431124 26589
3938 1791230663451918 26501
3939 1791230663469354 23841
3940 1791230663491911 22602
3941 1791230663509869 25608
3942 1791230663532558 24237
3943 1791230663550078 25640
3944 1791230663579014 28932
3945 1791230663589122 24273
3946 1791230663610332 26161
3947 1791230663631219 21054
3948 1791230663649713 23492
3949 1791230663669003 24377
3950 1791230663689809 22570
3951 1791230663711099 25256
3952 1791230663725644 20992
3953 1791230663751864 26217
3954 1791230663769221 22874
3955 1791230663790118 24079
3956 1791230663813176 26547
3957 1791230663829592 20737
3958 1791230663850623 26075
3959 1791230663871146 22850
3960 1791230663890207 25315
3961 1791230663905635 21280
3962 1791230663929471 23833
3963 1791230663952545 23070
3964 1791230663970111 25875
3965 1791230663992082 27250
3966 1791230664011404 25701
3967 1791230664031295 23886
3968 1791230664048778 23346
3969 1791230664067806 23503
3970 1791230664089703 21928
3971 1791230664113472 27104
3972 1791230664130819 22722
3973 1791230664148447 22923
3974 1791230664170528 23854
3975 1791230664188894 24148
3976 1791230664213792 29264
3977 1791230664231186 22798
3978 1791230664250930 26710
3979 1791230664268464 23033
3980 1791230664297087 28620
3981 1791230664307413 22051
3982 1791230664331095 23742
3983 1791230664349917 26359
3984 1791230664369957 25650
3985 1791230664393358 28940
3986 1791230664411481 22784
3987 1791230664431101 25924
3988 1791230664452917 23924
3989 1791230664469506 24923
3990 1791230664490912 24323
3991 1791230664510922 25774
3992 1791230664529775 22947
3993 1791230664549716 22905
3994 1791230664570161 24827
3995 1791230664588708 21713
3996 1791230664609401 25177
3997 1791230664630102 25780
3998 1791230664651200 25902
3999 1791230664671321 25120
4000 1791230664693018 28018
4001 1791230664710469 23986
4002 1791230664730278 23132
4003 1791230664749153 23726
4004 1791230664770594 25498
4005 1791230664789674 22597
4006 1791230664811396 26668
4007 1791230664832400 26375
4008 1791230664851814 27029
4009 1791230664871221 25758
4010 1791230664892341 24123
4011 1791230664907556 21949
4012 1791230664929499 24630
4013 1791230664949273 23409
4014 1791230664971254 27669
4015 1791230664989593 24682
4016 1791230665009143 23858
4017 1791230665038793 29708
4018 1791230665049593 22081
4019 1791230665074603 25007
4020 1791230665085644 21337
4021 1791230665119122 33474
4022 1791230665131211 24766
4023 1791230665150584 23142
4024 1791230665170758 25721
4025 1791230665188786 22722
4026 1791230665214144 28621
4027 1791230665228844 22057
4028 1791230665247129 21837
4029 1791230665269424 24899
4030 1791230665290329 25997
4031 1791230665309488 24666
4032 1791230665330201 25708
4033 1791230665351423 25698
4034 1791230665371232 25622
4035 1791230665392279 26846
4036 1791230665410266 24596
4037 1791230665436474 26263
4038 1791230665450253 25425
4039 1791230665474663 24407
4040 1791230665490518 21428
4041 1791230665510578 21658
4042 1791230665528990 24167
4043 1791230665548505 23511
4044 1791230665569941 21433
4045 1791230665588814 22859
4046 1791230665618558 29741
4047 1791230665628764 24626
4048 1791230665646992 22527
4049 1791230665676638 29644
4050 1791230665691851 23065
4051 1791230665710970 25382
4052 1791230665728070 22176
4053 1791230665752554 27865
4054 1791230665770990 24408
4055 1791230665791577 27173
4056 1791230665809615 23918
4057 1791230665832378 22760
4058 1791230665850788 24129
4059 1791230665870660 26994
4060 1791230665891022 23417
4061 1791230665909720 25220
4062 1791230665933287 27856
4063 1791230665954493 26547
4064 1791230665973241 24417
4065 1791230665992682 28850
4066 1791230666013820 28881
4067 1791230666030204 21879
4068 1791230666051340 25002
4069 1791230666071422 25949
4070 1791230666095830 27973
4071 1791230666110574 22808
4072 1791230666131518 26940
4073 1791230666147333 21650
4074 1791230666172101 26211
4075 1791230666189699 24247
4076 1791230666209103 24691
4077 1791230666230544 24797
4078 1791230666251153 24482
4079 1791230666271401 27592
4080 1791230666290149 22474
4081 1791230666314220 24067
4082 1791230666330609 25891
4083 1791230666348646 23693
4084 1791230666365326 21027
4085 1791230666391078 26652
4086 1791230666419850 28769
4087 1791230666429936 21229
4088 1791230666449304 22747
4089 1791230666471131 21821
4090 1791230666490421 23037
4091 1791230666512022 26743
4092 1791230666534801 29383
4093 1791230666551288 22668
4094 1791230666573512 24102
4095 1791230666588471 23654
4096 1791230666609659 24229
4097 1791230666627620 23940
4098 1791230666652411 28040
4099 1791230666673154 27469
4100 1791230666690571 21506
4101 1791230666711947 27358
4102 1791230666729072 24680
4103 1791230666749530 23737
4104 1791230666770354 24982
4105 1791230666791007 24547
4106 1791230666811400 26937
4107 1791230666832878 26087
4108 1791230666851125 24949
4109 1791230666870002 24483
4110 1791230666888462 22957
4111 1791230666911924 23459
4112 1791230666930484 25740
4113 1791230666951215 26554
4114 1791230666970207 25897
4115 1791230666991010 26694
4116 1791230667011111 24472
4117 1791230667029866 24500
4118 1791230667051513 21730
4119 1791230667067188 23132
4120 1791230667092484 28881
4121 1791230667114843 22356
4122 1791230667130140 25666
4123 1791230667151087 20943
4124 1791230667170713 24335
4125 1791230667189344 22692
4126 1791230667209614 20267
4127 1791230667230098 24540
4128 1791230667253285 23176
4129 1791230667274335 26138
4130 1791230667290821 26151
4131 1791230667309334 23983
4132 1791230667330381 25997
4133 1791230667351464 26950
4134 1791230667366136 21790
4135 1791230667390328 26183
4136 1791230667412018 21685
4137 1791230667431948 22956
4138 1791230667450621 22758
4139 1791230667474499 23875
4140 1791230667485735 21753
# sent 4141 received 4141
